# xi f m=1.5 c=1.0 xi0=0.0 L2_residual=2.25e-10
-7.000000000000000000e+00 1.111111111111110894e+01
-6.994997498749374820e+00 1.109999722222291751e+01
-6.989994997498749640e+00 1.108888889445000459e+01
-6.984992496248124461e+00 1.107778612779237015e+01
-6.979989994997498393e+00 1.106668892225001599e+01
-6.974987493746873213e+00 1.105559727782294566e+01
-6.969984992496248033e+00 1.104451119451115737e+01
-6.964982491245622853e+00 1.103343067231464403e+01
-6.959979989994997673e+00 1.102235571123341629e+01
-6.954977488744372494e+00 1.101128631126746882e+01
-6.949974987493747314e+00 1.100022247241679807e+01
-6.944972486243121246e+00 1.098916419468140759e+01
-6.939969984992496066e+00 1.097811147806130094e+01
-6.934967483741870886e+00 1.096706432255647634e+01
-6.929964982491245706e+00 1.095602272816692668e+01
-6.924962481240620527e+00 1.094498669489266263e+01
-6.919959979989995347e+00 1.093395622273367884e+01
-6.914957478739369279e+00 1.092293131168997178e+01
-6.909954977488744099e+00 1.091191196176154676e+01
-6.904952476238118919e+00 1.090089817294840380e+01
-6.899949974987493739e+00 1.088988994525054110e+01
-6.894947473736868560e+00 1.087888727866795691e+01
-6.889944972486243380e+00 1.086789017320065653e+01
-6.884942471235618200e+00 1.085689862884863643e+01
-6.879939969984992132e+00 1.084591264561189483e+01
-6.874937468734366952e+00 1.083493222349043172e+01
-6.869934967483741772e+00 1.082395736248425422e+01
-6.864932466233116592e+00 1.081298806259335521e+01
-6.859929964982491413e+00 1.080202432381773470e+01
-6.854927463731866233e+00 1.079106614615739801e+01
-6.849924962481241053e+00 1.078011352961234159e+01
-6.844922461230614985e+00 1.076916647418256368e+01
-6.839919959979989805e+00 1.075822497986806603e+01
-6.834917458729364625e+00 1.074728904666885043e+01
-6.829914957478739446e+00 1.073635867458491688e+01
-6.824912456228114266e+00 1.072543386361626006e+01
-6.819909954977489086e+00 1.071451461376288705e+01
-6.814907453726863018e+00 1.070360092502479255e+01
-6.809904952476237838e+00 1.069269279740198009e+01
-6.804902451225612658e+00 1.068179023089444613e+01
-6.799899949974987479e+00 1.067089322550219421e+01
-6.794897448724362299e+00 1.066000178122522435e+01
-6.789894947473737119e+00 1.064911589806353120e+01
-6.784892446223111939e+00 1.063823557601712366e+01
-6.779889944972485871e+00 1.062736081508599106e+01
-6.774887443721860691e+00 1.061649161527014407e+01
-6.769884942471235512e+00 1.060562797656957379e+01
-6.764882441220610332e+00 1.059476989898428556e+01
-6.759879939969985152e+00 1.058391738251427938e+01
-6.754877438719359972e+00 1.057307042715955170e+01
-6.749874937468733904e+00 1.056222903292010251e+01
-6.744872436218108724e+00 1.055139319979593893e+01
-6.739869934967483545e+00 1.054056292778705384e+01
-6.734867433716858365e+00 1.052973821689344902e+01
-6.729864932466233185e+00 1.051891906711512448e+01
-6.724862431215608005e+00 1.050810547845208376e+01
-6.719859929964982825e+00 1.049729745090431798e+01
-6.714857428714356757e+00 1.048649498447183426e+01
-6.709854927463731578e+00 1.047569807915463258e+01
-6.704852426213106398e+00 1.046490673495271295e+01
-6.699849924962481218e+00 1.045412095186607004e+01
-6.694847423711856038e+00 1.044334072989471096e+01
-6.689844922461230858e+00 1.043256606903863215e+01
-6.684842421210605679e+00 1.042179696929783184e+01
-6.679839919959979611e+00 1.041103343067231179e+01
-6.674837418709354431e+00 1.040027545316207558e+01
-6.669834917458729251e+00 1.038952303676711963e+01
-6.664832416208104071e+00 1.037877618148744041e+01
-6.659829914957478891e+00 1.036803488732304501e+01
-6.654827413706853712e+00 1.035729915427392989e+01
-6.649824912456228532e+00 1.034656898234009326e+01
-6.644822411205602464e+00 1.033584437152153690e+01
-6.639819909954977284e+00 1.032512532181826437e+01
-6.634817408704352104e+00 1.031441183323027211e+01
-6.629814907453726924e+00 1.030370390575755657e+01
-6.624812406203101744e+00 1.029300153940012663e+01
-6.619809904952476565e+00 1.028230473415797519e+01
-6.614807403701851385e+00 1.027161349003110224e+01
-6.609804902451225317e+00 1.026092780701950957e+01
-6.604802401200600137e+00 1.025024768512320072e+01
-6.599799899949974957e+00 1.023957312434217215e+01
-6.594797398699349777e+00 1.022890412467642207e+01
-6.589794897448724598e+00 1.021824068612595404e+01
-6.584792396198099418e+00 1.020758280869076629e+01
-6.579789894947473350e+00 1.019693049237085880e+01
-6.574787393696848170e+00 1.018628373716622981e+01
-6.569784892446222990e+00 1.017564254307688465e+01
-6.564782391195597810e+00 1.016500691010281976e+01
-6.559779889944972631e+00 1.015437683824403337e+01
-6.554777388694347451e+00 1.014375232750052902e+01
-6.549774887443722271e+00 1.013313337787230672e+01
-6.544772386193096203e+00 1.012251998935936115e+01
-6.539769884942471023e+00 1.011191216196169584e+01
-6.534767383691845843e+00 1.010130989567931614e+01
-6.529764882441220664e+00 1.009071319051221494e+01
-6.524762381190595484e+00 1.008012204646039223e+01
-6.519759879939970304e+00 1.006953646352385157e+01
-6.514757378689344236e+00 1.005895644170259118e+01
-6.509754877438719056e+00 1.004838198099661106e+01
-6.504752376188093876e+00 1.003781308140591122e+01
-6.499749874937468697e+00 1.002724974293049343e+01
-6.494747373686843517e+00 1.001669196557035768e+01
-6.489744872436218337e+00 1.000613974932549866e+01
-6.484742371185593157e+00 9.995593094195921680e+00
-6.479739869934967089e+00 9.985052000181624976e+00
-6.474737368684341909e+00 9.974516467282610321e+00
-6.469734867433716730e+00 9.963986495498872387e+00
-6.464732366183091550e+00 9.953462084830420054e+00
-6.459729864932466370e+00 9.942943235277246217e+00
-6.454727363681841190e+00 9.932429946839350876e+00
-6.449724862431216010e+00 9.921922219516739361e+00
-6.444722361180589942e+00 9.911420053309406342e+00
-6.439719859929964763e+00 9.900923448217355372e+00
-6.434717358679339583e+00 9.890432404240581121e+00
-6.429714857428714403e+00 9.879946921379092473e+00
-6.424712356178089223e+00 9.869466999632884097e+00
-6.419709854927464043e+00 9.858992639001952440e+00
-6.414707353676838864e+00 9.848523839486304610e+00
-6.409704852426212796e+00 9.838060601085933499e+00
-6.404702351175587616e+00 9.827602923800847989e+00
-6.399699849924962436e+00 9.817150807631037424e+00
-6.394697348674337256e+00 9.806704252576512459e+00
-6.389694847423712076e+00 9.796263258637267768e+00
-6.384692346173086896e+00 9.785827825813299796e+00
-6.379689844922461717e+00 9.775397954104615650e+00
-6.374687343671835649e+00 9.764973643511210000e+00
-6.369684842421210469e+00 9.754554894033086399e+00
-6.364682341170585289e+00 9.744141705670241294e+00
-6.359679839919960109e+00 9.733734078422680014e+00
-6.354677338669334929e+00 9.723332012290399007e+00
-6.349674837418709750e+00 9.712935507273394720e+00
-6.344672336168083682e+00 9.702544563371672481e+00
-6.339669834917458502e+00 9.692159180585232292e+00
-6.334667333666833322e+00 9.681779358914074152e+00
-6.329664832416208142e+00 9.671405098358192731e+00
-6.324662331165582962e+00 9.661036398917595136e+00
-6.319659829914957783e+00 9.650673260592277813e+00
-6.314657328664331715e+00 9.640315683382238987e+00
-6.309654827413706535e+00 9.629963667287478657e+00
-6.304652326163081355e+00 9.619617212308003928e+00
-6.299649824912456175e+00 9.609276318443807696e+00
-6.294647323661830995e+00 9.598940985694891737e+00
-6.289644822411205816e+00 9.588611214061257826e+00
-6.284642321160580636e+00 9.578287003542904188e+00
-6.279639819909954568e+00 9.567968354139829046e+00
-6.274637318659329388e+00 9.557655265852032400e+00
-6.269634817408704208e+00 9.547347738679521356e+00
-6.264632316158079028e+00 9.537045772622290585e+00
-6.259629814907453849e+00 9.526749367680336533e+00
-6.254627313656828669e+00 9.516458523853666307e+00
-6.249624812406203489e+00 9.506173241142276353e+00
-6.244622311155577421e+00 9.495893519546164896e+00
-6.239619809904952241e+00 9.485619359065333711e+00
-6.234617308654327061e+00 9.475350759699786352e+00
-6.229614807403701882e+00 9.465087721449519265e+00
-6.224612306153076702e+00 9.454830244314528898e+00
-6.219609804902451522e+00 9.444578328294824132e+00
-6.214607303651826342e+00 9.434331973390397863e+00
-6.209604802401200274e+00 9.424091179601250090e+00
-6.204602301150575094e+00 9.413855946927382590e+00
-6.199599799899949915e+00 9.403626275368798915e+00
-6.194597298649324735e+00 9.393402164925495512e+00
-6.189594797398699555e+00 9.383183615597470606e+00
-6.184592296148074375e+00 9.372970627384727749e+00
-6.179589794897449195e+00 9.362763200287265164e+00
-6.174587293646823127e+00 9.352561334305082852e+00
-6.169584792396197948e+00 9.342365029438179036e+00
-6.164582291145572768e+00 9.332174285686559045e+00
-6.159579789894947588e+00 9.321989103050219327e+00
-6.154577288644322408e+00 9.311809481529158106e+00
-6.149574787393697228e+00 9.301635421123378933e+00
-6.144572286143072049e+00 9.291466921832881809e+00
-6.139569784892445981e+00 9.281303983657661405e+00
-6.134567283641820801e+00 9.271146606597721274e+00
-6.129564782391195621e+00 9.260994790653064968e+00
-6.124562281140570441e+00 9.250848535823690710e+00
-6.119559779889945261e+00 9.240707842109593173e+00
-6.114557278639319193e+00 9.230572709510775908e+00
-6.109554777388694013e+00 9.220443138027240693e+00
-6.104552276138068834e+00 9.210319127658987526e+00
-6.099549774887443654e+00 9.200200678406012855e+00
-6.094547273636818474e+00 9.190087790268320234e+00
-6.089544772386193294e+00 9.179980463245907885e+00
-6.084542271135568114e+00 9.169878697338774032e+00
-6.079539769884942046e+00 9.159782492546920452e+00
-6.074537268634316867e+00 9.149691848870350697e+00
-6.069534767383691687e+00 9.139606766309061214e+00
-6.064532266133066507e+00 9.129527244863050228e+00
-6.059529764882441327e+00 9.119453284532321291e+00
-6.054527263631816147e+00 9.109384885316874403e+00
-6.049524762381190968e+00 9.099322047216704235e+00
-6.044522261130564900e+00 9.089264770231814339e+00
-6.039519759879939720e+00 9.079213054362208268e+00
-6.034517258629314540e+00 9.069166899607882470e+00
-6.029514757378689360e+00 9.059126305968835169e+00
-6.024512256128064180e+00 9.049091273445069916e+00
-6.019509754877439001e+00 9.039061802036586712e+00
-6.014507253626813821e+00 9.029037891743380229e+00
-6.009504752376187753e+00 9.019019542565455794e+00
-6.004502251125562573e+00 9.009006754502813408e+00
-5.999499749874937393e+00 8.998999527555451294e+00
-5.994497248624312213e+00 8.988997861723367677e+00
-5.989494747373687034e+00 8.979001757006566109e+00
-5.984492246123061854e+00 8.969011213405046590e+00
-5.979489744872436674e+00 8.959026230918803790e+00
-5.974487243621810606e+00 8.949046809547843040e+00
-5.969484742371185426e+00 8.939072949292164338e+00
-5.964482241120560246e+00 8.929104650151767686e+00
-5.959479739869935067e+00 8.919141912126647753e+00
-5.954477238619309887e+00 8.909184735216809869e+00
-5.949474737368683819e+00 8.899233119422252258e+00
-5.944472236118059527e+00 8.889287064742976696e+00
-5.939469734867433459e+00 8.879346571178977854e+00
-5.934467233616808279e+00 8.869411638730264613e+00
-5.929464732366183100e+00 8.859482267396829869e+00
-5.924462231115557920e+00 8.849558457178673621e+00
-5.919459729864932740e+00 8.839640208075801198e+00
-5.914457228614306672e+00 8.829727520088205495e+00
-5.909454727363682380e+00 8.819820393215895393e+00
-5.904452226113056312e+00 8.809918827458860235e+00
-5.899449724862431133e+00 8.800022822817110679e+00
-5.894447223611805953e+00 8.790132379290639619e+00
-5.889444722361180773e+00 8.780247496879448832e+00
-5.884442221110555593e+00 8.770368175583540093e+00
-5.879439719859929525e+00 8.760494415402908075e+00
-5.874437218609305233e+00 8.750626216337559882e+00
-5.869434717358679165e+00 8.740763578387490185e+00
-5.864432216108053986e+00 8.730906501552704313e+00
-5.859429714857428806e+00 8.721054985833198714e+00
-5.854427213606803626e+00 8.711209031228969835e+00
-5.849424712356178446e+00 8.701368637740024781e+00
-5.844422211105552378e+00 8.691533805366358223e+00
-5.839419709854927198e+00 8.681704534107973714e+00
-5.834417208604302019e+00 8.671880823964867702e+00
-5.829414707353676839e+00 8.662062674937045514e+00
-5.824412206103051659e+00 8.652250087024503600e+00
-5.819409704852426479e+00 8.642443060227238405e+00
-5.814407203601801299e+00 8.632641594545257036e+00
-5.809404702351175231e+00 8.622845689978554162e+00
-5.804402201100550052e+00 8.613055346527135114e+00
-5.799399699849924872e+00 8.603270564190992786e+00
-5.794397198599299692e+00 8.593491342970134284e+00
-5.789394697348674512e+00 8.583717682864556053e+00
-5.784392196098049332e+00 8.573949583874254543e+00
-5.779389694847424153e+00 8.564187045999236858e+00
-5.774387193596798085e+00 8.554430069239497669e+00
-5.769384692346172905e+00 8.544678653595042306e+00
-5.764382191095547725e+00 8.534932799065863662e+00
-5.759379689844922545e+00 8.525192505651968844e+00
-5.754377188594297365e+00 8.515457773353354298e+00
-5.749374687343672186e+00 8.505728602170018249e+00
-5.744372186093047006e+00 8.496004992101964248e+00
-5.739369684842420938e+00 8.486286943149190520e+00
-5.734367183591795758e+00 8.476574455311697065e+00
-5.729364682341170578e+00 8.466867528589483882e+00
-5.724362181090545398e+00 8.457166162982552748e+00
-5.719359679839920219e+00 8.447470358490901887e+00
-5.714357178589294151e+00 8.437780115114529522e+00
-5.709354677338669859e+00 8.428095432853439206e+00
-5.704352176088043791e+00 8.418416311707629163e+00
-5.699349674837418611e+00 8.408742751677099392e+00
-5.694347173586793431e+00 8.399074752761849894e+00
-5.689344672336168252e+00 8.389412314961882444e+00
-5.684342171085543072e+00 8.379755438277195267e+00
-5.679339669834917004e+00 8.370104122707786587e+00
-5.674337168584292712e+00 8.360458368253661732e+00
-5.669334667333666644e+00 8.350818174914813596e+00
-5.664332166083041464e+00 8.341183542691249286e+00
-5.659329664832416285e+00 8.331554471582963473e+00
-5.654327163581791105e+00 8.321930961589959708e+00
-5.649324662331165925e+00 8.312313012712237992e+00
-5.644322161080539857e+00 8.302700624949792996e+00
-5.639319659829914677e+00 8.293093798302628272e+00
-5.634317158579289497e+00 8.283492532770747374e+00
-5.629314657328664318e+00 8.273896828354146749e+00
-5.624312156078039138e+00 8.264306685052824619e+00
-5.619309654827413958e+00 8.254722102866784539e+00
-5.614307153576788778e+00 8.245143081796026507e+00
-5.609304652326162710e+00 8.235569621840545196e+00
-5.604302151075537530e+00 8.226001723000345933e+00
-5.599299649824912350e+00 8.216439385275428720e+00
-5.594297148574287171e+00 8.206882608665791778e+00
-5.589294647323661991e+00 8.197331393171433334e+00
-5.584292146073036811e+00 8.187785738792356938e+00
-5.579289644822411631e+00 8.178245645528562591e+00
-5.574287143571785563e+00 8.168711113380044964e+00
-5.569284642321160383e+00 8.159182142346809385e+00
-5.564282141070535204e+00 8.149658732428855856e+00
-5.559279639819910024e+00 8.140140883626182600e+00
-5.554277138569284844e+00 8.130628595938787839e+00
-5.549274637318659664e+00 8.121121869366676904e+00
-5.544272136068034484e+00 8.111620703909846242e+00
-5.539269634817408416e+00 8.102125099568292299e+00
-5.534267133566783237e+00 8.092635056342020405e+00
-5.529264632316158057e+00 8.083150574231030561e+00
-5.524262131065532877e+00 8.073671653235322765e+00
-5.519259629814907697e+00 8.064198293354891689e+00
-5.514257128564281629e+00 8.054730494589740886e+00
-5.509254627313657338e+00 8.045268256939877460e+00
-5.504252126063031270e+00 8.035811580405287202e+00
-5.499249624812406090e+00 8.026360464985978993e+00
-5.494247123561780910e+00 8.016914910681952833e+00
-5.489244622311155730e+00 8.007474917493208721e+00
-5.484242121060530550e+00 7.998040485419741330e+00
-5.479239619809904482e+00 7.988611614461555099e+00
-5.474237118559280191e+00 7.979188304618654470e+00
-5.469234617308654123e+00 7.969770555891029673e+00
-5.464232116058028943e+00 7.960358368278685148e+00
-5.459229614807403763e+00 7.950951741781623561e+00
-5.454227113556778583e+00 7.941550676399842246e+00
-5.449224612306153404e+00 7.932155172133339427e+00
-5.444222111055527336e+00 7.922765228982116881e+00
-5.439219609804903044e+00 7.913380846946179936e+00
-5.434217108554276976e+00 7.904002026025518823e+00
-5.429214607303651796e+00 7.894628766220137983e+00
-5.424212106053026616e+00 7.885261067530040080e+00
-5.419209604802401437e+00 7.875898929955223338e+00
-5.414207103551776257e+00 7.866542353495684203e+00
-5.409204602301150189e+00 7.857191338151425342e+00
-5.404202101050525009e+00 7.847845883922450305e+00
-5.399199599799899829e+00 7.838505990808755541e+00
-5.394197098549274649e+00 7.829171658810338386e+00
-5.389194597298649470e+00 7.819842887927205055e+00
-5.384192096048024290e+00 7.810519678159351109e+00
-5.379189594797399110e+00 7.801202029506776547e+00
-5.374187093546773042e+00 7.791889941969481370e+00
-5.369184592296147862e+00 7.782583415547470018e+00
-5.364182091045522682e+00 7.773282450240738939e+00
-5.359179589794897502e+00 7.763987046049286356e+00
-5.354177088544272323e+00 7.754697202973116710e+00
-5.349174587293647143e+00 7.745412921012227336e+00
-5.344172086043021963e+00 7.736134200166615571e+00
-5.339169584792395895e+00 7.726861040436284966e+00
-5.334167083541770715e+00 7.717593441821237299e+00
-5.329164582291145535e+00 7.708331404321469904e+00
-5.324162081040520356e+00 7.699074927936981005e+00
-5.319159579789895176e+00 7.689824012667775044e+00
-5.314157078539269996e+00 7.680578658513850243e+00
-5.309154577288644816e+00 7.671338865475202162e+00
-5.304152076038018748e+00 7.662104633551836130e+00
-5.299149574787393568e+00 7.652875962743752147e+00
-5.294147073536768389e+00 7.643652853050948437e+00
-5.289144572286143209e+00 7.634435304473424111e+00
-5.284142071035518029e+00 7.625223317011181834e+00
-5.279139569784891961e+00 7.616016890664218053e+00
-5.274137068534267669e+00 7.606816025432536321e+00
-5.269134567283641601e+00 7.597620721316133974e+00
-5.264132066033016422e+00 7.588430978315013675e+00
-5.259129564782391242e+00 7.579246796429174537e+00
-5.254127063531766062e+00 7.570068175658613008e+00
-5.249124562281140882e+00 7.560895116003335303e+00
-5.244122061030514814e+00 7.551727617463335207e+00
-5.239119559779890523e+00 7.542565680038618048e+00
-5.234117058529264455e+00 7.533409303729179385e+00
-5.229114557278639275e+00 7.524258488535022771e+00
-5.224112056028014095e+00 7.515113234456147318e+00
-5.219109554777388915e+00 7.505973541492550360e+00
-5.214107053526763735e+00 7.496839409644236341e+00
-5.209104552276137667e+00 7.487710838911199929e+00
-5.204102051025512488e+00 7.478587829293446454e+00
-5.199099549774887308e+00 7.469470380790971475e+00
-5.194097048524262128e+00 7.460358493403779434e+00
-5.189094547273636948e+00 7.451252167131867665e+00
-5.184092046023011768e+00 7.442151401975234393e+00
-5.179089544772386589e+00 7.433056197933884057e+00
-5.174087043521760521e+00 7.423966555007812218e+00
-5.169084542271135341e+00 7.414882473197022428e+00
-5.164082041020510161e+00 7.405803952501512022e+00
-5.159079539769884981e+00 7.396730992921283665e+00
-5.154077038519259801e+00 7.387663594456335581e+00
-5.149074537268634622e+00 7.378601757106665993e+00
-5.144072036018009442e+00 7.369545480872280230e+00
-5.139069534767383374e+00 7.360494765753171187e+00
-5.134067033516758194e+00 7.351449611749345969e+00
-5.129064532266133014e+00 7.342410018860799248e+00
-5.124062031015507834e+00 7.333375987087534575e+00
-5.119059529764882654e+00 7.324347516429551064e+00
-5.114057028514257475e+00 7.315324606886845160e+00
-5.109054527263632295e+00 7.306307258459423082e+00
-5.104052026013006227e+00 7.297295471147278612e+00
-5.099049524762381047e+00 7.288289244950417078e+00
-5.094047023511755867e+00 7.279288579868833153e+00
-5.089044522261130687e+00 7.270293475902533054e+00
-5.084042021010505508e+00 7.261303933051513226e+00
-5.079039519759879440e+00 7.252319951315771895e+00
-5.074037018509255148e+00 7.243341530695312613e+00
-5.069034517258629080e+00 7.234368671190131828e+00
-5.064032016008003900e+00 7.225401372800234867e+00
-5.059029514757378720e+00 7.216439635525615515e+00
-5.054027013506753541e+00 7.207483459366279099e+00
-5.049024512256128361e+00 7.198532844322222957e+00
-5.044022011005502293e+00 7.189587790393445310e+00
-5.039019509754878001e+00 7.180648297579950601e+00
-5.034017008504251933e+00 7.171714365881733499e+00
-5.029014507253626753e+00 7.162785995298800223e+00
-5.024012006003001574e+00 7.153863185831144555e+00
-5.019009504752376394e+00 7.144945937478771825e+00
-5.014007003501751214e+00 7.136034250241679366e+00
-5.009004502251125146e+00 7.127128124119866293e+00
-5.004002001000500854e+00 7.118227559113335268e+00
-4.998999499749874786e+00 7.109332555222081851e+00
-4.993996998499249607e+00 7.100443112446112259e+00
-4.988994497248624427e+00 7.091559230785421164e+00
-4.983991995997999247e+00 7.082680910240012118e+00
-4.978989494747374067e+00 7.073808150809884232e+00
-4.973986993496747999e+00 7.064940952495033955e+00
-4.968984492246123708e+00 7.056079315295466614e+00
-4.963981990995497640e+00 7.047223239211177770e+00
-4.958979489744872460e+00 7.038372724242171863e+00
-4.953976988494247280e+00 7.029527770388444452e+00
-4.948974487243621212e+00 7.020688377649997314e+00
-4.943971985992996920e+00 7.011854546026835777e+00
-4.938969484742370852e+00 7.003026275518949184e+00
-4.933966983491746561e+00 6.994203566126346416e+00
-4.928964482241120493e+00 6.985386417849021257e+00
-4.923961980990495313e+00 6.976574830686979034e+00
-4.918959479739870133e+00 6.967768804640215308e+00
-4.913956978489244065e+00 6.958968339708732742e+00
-4.908954477238619774e+00 6.950173435892534002e+00
-4.903951975987993706e+00 6.941384093191611981e+00
-4.898949474737368526e+00 6.932600311605971122e+00
-4.893946973486743346e+00 6.923822091135612311e+00
-4.888944472236118166e+00 6.915049431780533773e+00
-4.883941970985492986e+00 6.906282333540733731e+00
-4.878939469734866918e+00 6.897520796416214850e+00
-4.873936968484242627e+00 6.888764820406980682e+00
-4.868934467233616559e+00 6.880014405513022346e+00
-4.863931965982991379e+00 6.871269551734344283e+00
-4.858929464732366199e+00 6.862530259070950045e+00
-4.853926963481741019e+00 6.853796527522836080e+00
-4.848924462231115839e+00 6.845068357089999722e+00
-4.843921960980489771e+00 6.836345747772444525e+00
-4.838919459729865480e+00 6.827628699570174042e+00
-4.833916958479239412e+00 6.818917212483179391e+00
-4.828914457228614232e+00 6.810211286511465900e+00
-4.823911955977989052e+00 6.801510921655035347e+00
-4.818909454727363872e+00 6.792816117913885066e+00
-4.813906953476738693e+00 6.784126875288012393e+00
-4.808904452226112625e+00 6.775443193777420881e+00
-4.803901950975488333e+00 6.766765073382114970e+00
-4.798899449724862265e+00 6.758092514102084003e+00
-4.793896948474237085e+00 6.749425515937334197e+00
-4.788894447223611905e+00 6.740764078887867328e+00
-4.783891945972986726e+00 6.732108202953680731e+00
-4.778889444722361546e+00 6.723457888134772631e+00
-4.773886943471735478e+00 6.714813134431145691e+00
-4.768884442221111186e+00 6.706173941842802577e+00
-4.763881940970485118e+00 6.697540310369736183e+00
-4.758879439719859938e+00 6.688912240011950061e+00
-4.753876938469234759e+00 6.680289730769447765e+00
-4.748874437218609579e+00 6.671672782642224853e+00
-4.743871935967984399e+00 6.663061395630280437e+00
-4.738869434717358331e+00 6.654455569733617182e+00
-4.733866933466734039e+00 6.645855304952238640e+00
-4.728864432216107971e+00 6.637260601286135930e+00
-4.723861930965482792e+00 6.628671458735313493e+00
-4.718859429714857612e+00 6.620087877299774881e+00
-4.713856928464231544e+00 6.611509856979513877e+00
-4.708854427213607252e+00 6.602937397774535810e+00
-4.703851925962981184e+00 6.594370499684835352e+00
-4.698849424712356893e+00 6.585809162710421383e+00
-4.693846923461730825e+00 6.577253386851282357e+00
-4.688844422211105645e+00 6.568703172107424493e+00
-4.683841920960480465e+00 6.560158518478848677e+00
-4.678839419709854397e+00 6.551619425965552246e+00
-4.673836918459230105e+00 6.543085894567537864e+00
-4.668834417208604037e+00 6.534557924284801977e+00
-4.663831915957978858e+00 6.526035515117349028e+00
-4.658829414707353678e+00 6.517518667065176352e+00
-4.653826913456728498e+00 6.509007380128282172e+00
-4.648824412206103318e+00 6.500501654306670929e+00
-4.643821910955477250e+00 6.492001489600337294e+00
-4.638819409704852958e+00 6.483506886009287484e+00
-4.633816908454226891e+00 6.475017843533515283e+00
-4.628814407203601711e+00 6.466534362173026018e+00
-4.623811905952976531e+00 6.458056441927817026e+00
-4.618809404702351351e+00 6.449584082797887419e+00
-4.613806903451726171e+00 6.441117284783239860e+00
-4.608804402201100103e+00 6.432656047883870798e+00
-4.603801900950475812e+00 6.424200372099783785e+00
-4.598799399699849744e+00 6.415750257430976156e+00
-4.593796898449224564e+00 6.407305703877450576e+00
-4.588794397198599384e+00 6.398866711439206156e+00
-4.583791895947974204e+00 6.390433280116239345e+00
-4.578789394697349024e+00 6.382005409908556359e+00
-4.573786893446722956e+00 6.373583100816150981e+00
-4.568784392196098665e+00 6.365166352839028541e+00
-4.563781890945472597e+00 6.356755165977183708e+00
-4.558779389694847417e+00 6.348349540230622701e+00
-4.553776888444222237e+00 6.339949475599341966e+00
-4.548774387193597057e+00 6.331554972083338839e+00
-4.543771885942971878e+00 6.323166029682619538e+00
-4.538769384692345810e+00 6.314782648397177844e+00
-4.533766883441721518e+00 6.306404828227019976e+00
-4.528764382191095450e+00 6.298032569172139716e+00
-4.523761880940470270e+00 6.289665871232541505e+00
-4.518759379689845090e+00 6.281304734408225343e+00
-4.513756878439219022e+00 6.272949158699185901e+00
-4.508754377188594731e+00 6.264599144105430284e+00
-4.503751875937968663e+00 6.256254690626953163e+00
-4.498749374687344371e+00 6.247915798263758091e+00
-4.493746873436718303e+00 6.239582467015842404e+00
-4.488744372186093123e+00 6.231254696883208766e+00
-4.483741870935467944e+00 6.222932487865855400e+00
-4.478739369684841876e+00 6.214615839963780530e+00
-4.473736868434217584e+00 6.206304753176988598e+00
-4.468734367183591516e+00 6.197999227505475162e+00
-4.463731865932966336e+00 6.189699262949244662e+00
-4.458729364682341156e+00 6.181404859508291771e+00
-4.453726863431715977e+00 6.173116017182621817e+00
-4.448724362181090797e+00 6.164832735972233024e+00
-4.443721860930464729e+00 6.156555015877122727e+00
-4.438719359679840437e+00 6.148282856897294479e+00
-4.433716858429214369e+00 6.140016259032744728e+00
-4.428714357178589189e+00 6.131755222283477913e+00
-4.423711855927964010e+00 6.123499746649489595e+00
-4.418709354677338830e+00 6.115249832130783325e+00
-4.413706853426713650e+00 6.107005478727358216e+00
-4.408704352176087582e+00 6.098766686439211604e+00
-4.403701850925463290e+00 6.090533455266347040e+00
-4.398699349674837222e+00 6.082305785208760973e+00
-4.393696848424212043e+00 6.074083676266458731e+00
-4.388694347173586863e+00 6.065867128439434097e+00
-4.383691845922961683e+00 6.057656141727691512e+00
-4.378689344672336503e+00 6.049450716131230088e+00
-4.373686843421710435e+00 6.041250851650047160e+00
-4.368684342171086143e+00 6.033056548284147169e+00
-4.363681840920460075e+00 6.024867806033525675e+00
-4.358679339669834896e+00 6.016684624898186229e+00
-4.353676838419209716e+00 6.008507004878125279e+00
-4.348674337168584536e+00 6.000334945973347267e+00
-4.343671835917959356e+00 5.992168448183850415e+00
-4.338669334667333288e+00 5.984007511509631172e+00
-4.333666833416708997e+00 5.975852135950694866e+00
-4.328664332166082929e+00 5.967702321507037055e+00
-4.323661830915457749e+00 5.959558068178661294e+00
-4.318659329664832569e+00 5.951419375965564917e+00
-4.313656828414207389e+00 5.943286244867750590e+00
-4.308654327163582209e+00 5.935158674885217422e+00
-4.303651825912956141e+00 5.927036666017961863e+00
-4.298649324662331850e+00 5.918920218265989242e+00
-4.293646823411705782e+00 5.910809331629295116e+00
-4.288644322161080602e+00 5.902704006107883927e+00
-4.283641820910455422e+00 5.894604241701751235e+00
-4.278639319659829354e+00 5.886510038410898815e+00
-4.273636818409205063e+00 5.878421396235331109e+00
-4.268634317158578995e+00 5.870338315175040123e+00
-4.263631815907954703e+00 5.862260795230032073e+00
-4.258629314657328635e+00 5.854188836400301632e+00
-4.253626813406703455e+00 5.846122438685854128e+00
-4.248624312156078275e+00 5.838061602086685120e+00
-4.243621810905452207e+00 5.830006326602796385e+00
-4.238619309654827916e+00 5.821956612234193251e+00
-4.233616808404201848e+00 5.813912458980865949e+00
-4.228614307153576668e+00 5.805873866842818920e+00
-4.223611805902951488e+00 5.797840835820054828e+00
-4.218609304652326308e+00 5.789813365912571008e+00
-4.213606803401701129e+00 5.781791457120366573e+00
-4.208604302151075061e+00 5.773775109443441522e+00
-4.203601800900450769e+00 5.765764322881802073e+00
-4.198599299649824701e+00 5.757759097435438456e+00
-4.193596798399199521e+00 5.749759433104355999e+00
-4.188594297148574341e+00 5.741765329888555591e+00
-4.183591795897949162e+00 5.733776787788035456e+00
-4.178589294647323982e+00 5.725793806802794705e+00
-4.173586793396697914e+00 5.717816386932834227e+00
-4.168584292146073622e+00 5.709844528178158463e+00
-4.163581790895447554e+00 5.701878230538758530e+00
-4.158579289644822374e+00 5.693917494014639757e+00
-4.153576788394197195e+00 5.685962318605803034e+00
-4.148574287143572015e+00 5.678012704312247472e+00
-4.143571785892946835e+00 5.670068651133970405e+00
-4.138569284642320767e+00 5.662130159070973612e+00
-4.133566783391696475e+00 5.654197228123261532e+00
-4.128564282141070407e+00 5.646269858290826171e+00
-4.123561780890445227e+00 5.638348049573671084e+00
-4.118559279639820048e+00 5.630431801971798933e+00
-4.113556778389194868e+00 5.622521115485207055e+00
-4.108554277138569688e+00 5.614615990113893673e+00
-4.103551775887943620e+00 5.606716425857860564e+00
-4.098549274637319328e+00 5.598822422717112168e+00
-4.093546773386693260e+00 5.590933980691640492e+00
-4.088544272136068081e+00 5.583051099781449977e+00
-4.083541770885442901e+00 5.575173779986541511e+00
-4.078539269634816833e+00 5.567302021306910653e+00
-4.073536768384192541e+00 5.559435823742563620e+00
-4.068534267133566473e+00 5.551575187293495084e+00
-4.063531765882942182e+00 5.543720111959710373e+00
-4.058529264632316114e+00 5.535870597741202381e+00
-4.053526763381690934e+00 5.528026644637975551e+00
-4.048524262131065754e+00 5.520188252650030769e+00
-4.043521760880439686e+00 5.512355421777364484e+00
-4.038519259629815394e+00 5.504528152019981135e+00
-4.033516758379189326e+00 5.496706443377876283e+00
-4.028514257128564147e+00 5.488890295851054368e+00
-4.023511755877938967e+00 5.481079709439511838e+00
-4.018509254627313787e+00 5.473274684143248692e+00
-4.013506753376688607e+00 5.465475219962268483e+00
-4.008504252126062539e+00 5.457681316896565882e+00
-4.003501750875438248e+00 5.449892974946146218e+00
-3.998499249624812624e+00 5.442110194111006827e+00
-3.993496748374187000e+00 5.434332974391146820e+00
-3.988494247123561820e+00 5.426561315786568862e+00
-3.983491745872936640e+00 5.418795218297269400e+00
-3.978489244622311460e+00 5.411034681923252876e+00
-3.973486743371685836e+00 5.403279706664516624e+00
-3.968484242121060657e+00 5.395530292521058868e+00
-3.963481740870435477e+00 5.387786439492883162e+00
-3.958479239619809853e+00 5.380048147579986839e+00
-3.953476738369184673e+00 5.372315416782372566e+00
-3.948474237118559493e+00 5.364588247100036789e+00
-3.943471735867933869e+00 5.356866638532983949e+00
-3.938469234617308690e+00 5.349150591081212269e+00
-3.933466733366683510e+00 5.341440104744718198e+00
-3.928464232116058330e+00 5.333735179523507064e+00
-3.923461730865432706e+00 5.326035815417574426e+00
-3.918459229614807526e+00 5.318342012426923837e+00
-3.913456728364182347e+00 5.310653770551552633e+00
-3.908454227113556723e+00 5.302971089791463477e+00
-3.903451725862931543e+00 5.295293970146654594e+00
-3.898449224612306363e+00 5.287622411617125096e+00
-3.893446723361680739e+00 5.279956414202875870e+00
-3.888444222111055559e+00 5.272295977903908692e+00
-3.883441720860430380e+00 5.264641102720222676e+00
-3.878439219609805200e+00 5.256991788651815156e+00
-3.873436718359179576e+00 5.249348035698689685e+00
-3.868434217108554396e+00 5.241709843860845375e+00
-3.863431715857929216e+00 5.234077213138279561e+00
-3.858429214607303592e+00 5.226450143530994019e+00
-3.853426713356678412e+00 5.218828635038990527e+00
-3.848424212106053233e+00 5.211212687662268195e+00
-3.843421710855427609e+00 5.203602301400824359e+00
-3.838419209604802429e+00 5.195997476254663461e+00
-3.833416708354177249e+00 5.188398212223782835e+00
-3.828414207103552069e+00 5.180804509308180705e+00
-3.823411705852926445e+00 5.173216367507858848e+00
-3.818409204602301266e+00 5.165633786822819928e+00
-3.813406703351676086e+00 5.158056767253061281e+00
-3.808404202101050462e+00 5.150485308798582018e+00
-3.803401700850425282e+00 5.142919411459384804e+00
-3.798399199599800102e+00 5.135359075235467863e+00
-3.793396698349174478e+00 5.127804300126829418e+00
-3.788394197098549299e+00 5.120255086133472133e+00
-3.783391695847924119e+00 5.112711433255396898e+00
-3.778389194597298939e+00 5.105173341492601935e+00
-3.773386693346673315e+00 5.097640810845086357e+00
-3.768384192096048135e+00 5.090113841312852827e+00
-3.763381690845422956e+00 5.082592432895899570e+00
-3.758379189594797332e+00 5.075076585594225698e+00
-3.753376688344172152e+00 5.067566299407832098e+00
-3.748374187093546972e+00 5.060061574336720547e+00
-3.743371685842921348e+00 5.052562410380890157e+00
-3.738369184592296168e+00 5.045068807540338263e+00
-3.733366683341670988e+00 5.037580765815068418e+00
-3.728364182091045809e+00 5.030098285205079733e+00
-3.723361680840420185e+00 5.022621365710368657e+00
-3.718359179589795005e+00 5.015150007330938742e+00
-3.713356678339169825e+00 5.007684210066791763e+00
-3.708354177088544201e+00 5.000223973917925058e+00
-3.703351675837919021e+00 4.992769298884336848e+00
-3.698349174587293842e+00 4.985320184966031576e+00
-3.693346673336668218e+00 4.977876632163003912e+00
-3.688344172086043038e+00 4.970438640475259184e+00
-3.683341670835417858e+00 4.963006209902793842e+00
-3.678339169584792678e+00 4.955579340445610548e+00
-3.673336668334167054e+00 4.948158032103707527e+00
-3.668334167083541875e+00 4.940742284877083002e+00
-3.663331665832916695e+00 4.933332098765741414e+00
-3.658329164582291071e+00 4.925927473769678322e+00
-3.653326663331665891e+00 4.918528409888897279e+00
-3.648324162081040711e+00 4.911134907123395621e+00
-3.643321660830415087e+00 4.903746965473176012e+00
-3.638319159579789908e+00 4.896364584938237563e+00
-3.633316658329164728e+00 4.888987765518576722e+00
-3.628314157078539548e+00 4.881616507214198819e+00
-3.623311655827913924e+00 4.874250810025099412e+00
-3.618309154577288744e+00 4.866890673951282942e+00
-3.613306653326663564e+00 4.859536098992744968e+00
-3.608304152076037941e+00 4.852187085149489043e+00
-3.603301650825412761e+00 4.844843632421514279e+00
-3.598299149574787581e+00 4.837505740808818011e+00
-3.593296648324161957e+00 4.830173410311402016e+00
-3.588294147073536777e+00 4.822846640929268069e+00
-3.583291645822911597e+00 4.815525432662415284e+00
-3.578289144572286418e+00 4.808209785510840995e+00
-3.573286643321660794e+00 4.800899699474549642e+00
-3.568284142071035614e+00 4.793595174553538563e+00
-3.563281640820410434e+00 4.786296210747805979e+00
-3.558279139569784810e+00 4.779002808057353668e+00
-3.553276638319159630e+00 4.771714966482184295e+00
-3.548274137068534451e+00 4.764432686022295194e+00
-3.543271635817909271e+00 4.757155966677685477e+00
-3.538269134567283647e+00 4.749884808448356921e+00
-3.533266633316658467e+00 4.742619211334310414e+00
-3.528264132066033287e+00 4.735359175335541515e+00
-3.523261630815407663e+00 4.728104700452053777e+00
-3.518259129564782484e+00 4.720855786683848088e+00
-3.513256628314157304e+00 4.713612434030922671e+00
-3.508254127063531680e+00 4.706374642493276639e+00
-3.503251625812906500e+00 4.699142412070912656e+00
-3.498249124562281320e+00 4.691915742763828945e+00
-3.493246623311656140e+00 4.684694634572024619e+00
-3.488244122061030517e+00 4.677479087495500565e+00
-3.483241620810405337e+00 4.670269101534258560e+00
-3.478239119559780157e+00 4.663064676688297716e+00
-3.473236618309154533e+00 4.655865812957614480e+00
-3.468234117058529353e+00 4.648672510342215070e+00
-3.463231615807904173e+00 4.641484768842095043e+00
-3.458229114557278550e+00 4.634302588457254402e+00
-3.453226613306653370e+00 4.627125969187694032e+00
-3.448224112056028190e+00 4.619954911033416600e+00
-3.443221610805403010e+00 4.612789413994419441e+00
-3.438219109554777386e+00 4.605629478070700777e+00
-3.433216608304152206e+00 4.598475103262264163e+00
-3.428214107053527027e+00 4.591326289569108710e+00
-3.423211605802901403e+00 4.584183036991231752e+00
-3.418209104552276223e+00 4.577045345528635956e+00
-3.413206603301651043e+00 4.569913215181321320e+00
-3.408204102051025419e+00 4.562786645949288733e+00
-3.403201600800400239e+00 4.555665637832533754e+00
-3.398199099549775060e+00 4.548550190831061713e+00
-3.393196598299149880e+00 4.541440304944869943e+00
-3.388194097048524256e+00 4.534335980173956671e+00
-3.383191595797899076e+00 4.527237216518324558e+00
-3.378189094547273896e+00 4.520144013977974495e+00
-3.373186593296648272e+00 4.513056372552904705e+00
-3.368184092046023093e+00 4.505974292243114299e+00
-3.363181590795397913e+00 4.498897773048605941e+00
-3.358179089544772289e+00 4.491826814969376080e+00
-3.353176588294147109e+00 4.484761418005429157e+00
-3.348174087043521929e+00 4.477701582156759841e+00
-3.343171585792896749e+00 4.470647307423374350e+00
-3.338169084542271126e+00 4.463598593805268244e+00
-3.333166583291645946e+00 4.456555441302441523e+00
-3.328164082041020766e+00 4.449517849914896850e+00
-3.323161580790395142e+00 4.442485819642631562e+00
-3.318159079539769962e+00 4.435459350485648322e+00
-3.313156578289144782e+00 4.428438442443943579e+00
-3.308154077038519159e+00 4.421423095517520885e+00
-3.303151575787893979e+00 4.414413309706379351e+00
-3.298149074537268799e+00 4.407409085010516314e+00
-3.293146573286643619e+00 4.400410421429936214e+00
-3.288144072036017995e+00 4.393417318964634610e+00
-3.283141570785392815e+00 4.386429777614615055e+00
-3.278139069534767636e+00 4.379447797379873997e+00
-3.273136568284142012e+00 4.372471378260415875e+00
-3.268134067033516832e+00 4.365500520256238026e+00
-3.263131565782891652e+00 4.358535223367338673e+00
-3.258129064532266028e+00 4.351575487593720482e+00
-3.253126563281640848e+00 4.344621312935384339e+00
-3.248124062031015669e+00 4.337672699392328468e+00
-3.243121560780390489e+00 4.330729646964551982e+00
-3.238119059529764865e+00 4.323792155652057545e+00
-3.233116558279139685e+00 4.316860225454843381e+00
-3.228114057028514505e+00 4.309933856372908600e+00
-3.223111555777888881e+00 4.303013048406254093e+00
-3.218109054527263702e+00 4.296097801554881634e+00
-3.213106553276638522e+00 4.289188115818790337e+00
-3.208104052026012898e+00 4.282283991197977535e+00
-3.203101550775387718e+00 4.275385427692446783e+00
-3.198099049524762538e+00 4.268492425302196303e+00
-3.193096548274137358e+00 4.261604984027225207e+00
-3.188094047023511735e+00 4.254723103867534384e+00
-3.183091545772886555e+00 4.247846784823126498e+00
-3.178089044522261375e+00 4.240976026893998885e+00
-3.173086543271635751e+00 4.234110830080149768e+00
-3.168084042021010571e+00 4.227251194381582700e+00
-3.163081540770385391e+00 4.220397119798296792e+00
-3.158079039519759768e+00 4.213548606330289381e+00
-3.153076538269134588e+00 4.206705653977563131e+00
-3.148074037018509408e+00 4.199868262740118041e+00
-3.143071535767884228e+00 4.193036432617955001e+00
-3.138069034517258604e+00 4.186210163611069568e+00
-3.133066533266633424e+00 4.179389455719467072e+00
-3.128064032016008245e+00 4.172574308943144850e+00
-3.123061530765382621e+00 4.165764723282101123e+00
-3.118059029514757441e+00 4.158960698736338557e+00
-3.113056528264132261e+00 4.152162235305858040e+00
-3.108054027013507081e+00 4.145369332990657796e+00
-3.103051525762881457e+00 4.138581991790736936e+00
-3.098049024512256278e+00 4.131800211706098125e+00
-3.093046523261631098e+00 4.125023992736739586e+00
-3.088044022011005474e+00 4.118253334882660432e+00
-3.083041520760380294e+00 4.111488238143860663e+00
-3.078039019509755114e+00 4.104728702520344719e+00
-3.073036518259129490e+00 4.097974728012108159e+00
-3.068034017008504311e+00 4.091226314619150983e+00
-3.063031515757879131e+00 4.084483462341475857e+00
-3.058029014507253951e+00 4.077746171179081891e+00
-3.053026513256628327e+00 4.071014441131966421e+00
-3.048024012006003147e+00 4.064288272200131225e+00
-3.043021510755377967e+00 4.057567664383578077e+00
-3.038019009504752344e+00 4.050852617682306089e+00
-3.033016508254127164e+00 4.044143132096312598e+00
-3.028014007003501984e+00 4.037439207625602045e+00
-3.023011505752876360e+00 4.030740844270169099e+00
-3.018009004502251180e+00 4.024048042030019978e+00
-3.013006503251626000e+00 4.017360800905148466e+00
-3.008004002001000821e+00 4.010679120895559890e+00
-3.003001500750375197e+00 4.004003002001251588e+00
-2.997998999499749573e+00 3.997332444222221781e+00
-2.992996498249124393e+00 3.990667447558474024e+00
-2.987993996998499213e+00 3.984008012010006539e+00
-2.982991495747874033e+00 3.977354137576820214e+00
-2.977988994497248854e+00 3.970705824258914163e+00
-2.972986493246623674e+00 3.964063072056288384e+00
-2.967983991995998494e+00 3.957425880968943765e+00
-2.962981490745372426e+00 3.950794250996878088e+00
-2.957978989494747246e+00 3.944168182140094014e+00
-2.952976488244122066e+00 3.937547674398590658e+00
-2.947973986993496887e+00 3.930932727772368462e+00
-2.942971485742871707e+00 3.924323342261426095e+00
-2.937968984492246527e+00 3.917719517865764001e+00
-2.932966483241621347e+00 3.911121254585383511e+00
-2.927963981990995279e+00 3.904528552420281962e+00
-2.922961480740370099e+00 3.897941411370461573e+00
-2.917958979489744920e+00 3.891359831435921901e+00
-2.912956478239119740e+00 3.884783812616663834e+00
-2.907953976988494560e+00 3.878213354912685151e+00
-2.902951475737869380e+00 3.871648458323987185e+00
-2.897948974487243312e+00 3.865089122850569048e+00
-2.892946473236618132e+00 3.858535348492432959e+00
-2.887943971985992953e+00 3.851987135249576699e+00
-2.882941470735367773e+00 3.845444483122000712e+00
-2.877938969484742593e+00 3.838907392109706329e+00
-2.872936468234117413e+00 3.832375862212691775e+00
-2.867933966983492233e+00 3.825849893430957493e+00
-2.862931465732866165e+00 3.819329485764503040e+00
-2.857928964482240985e+00 3.812814639213331080e+00
-2.852926463231615806e+00 3.806305353777438505e+00
-2.847923961980990626e+00 3.799801629456826646e+00
-2.842921460730365446e+00 3.793303466251496392e+00
-2.837918959479740266e+00 3.786810864161445522e+00
-2.832916458229115086e+00 3.780323823186675369e+00
-2.827913956978489018e+00 3.773842343327185045e+00
-2.822911455727863839e+00 3.767366424582976769e+00
-2.817908954477238659e+00 3.760896066954048322e+00
-2.812906453226613479e+00 3.754431270440400148e+00
-2.807903951975988299e+00 3.747972035042033578e+00
-2.802901450725363119e+00 3.741518360758946837e+00
-2.797898949474737051e+00 3.735070247591139481e+00
-2.792896448224111872e+00 3.728627695538613729e+00
-2.787893946973486692e+00 3.722190704601369582e+00
-2.782891445722861512e+00 3.715759274779404819e+00
-2.777888944472236332e+00 3.709333406072720773e+00
-2.772886443221611152e+00 3.702913098481318332e+00
-2.767883941970985973e+00 3.696498352005195276e+00
-2.762881440720359905e+00 3.690089166644352048e+00
-2.757878939469734725e+00 3.683685542398790425e+00
-2.752876438219109545e+00 3.677287479268509962e+00
-2.747873936968484365e+00 3.670894977253508884e+00
-2.742871435717859185e+00 3.664508036353788967e+00
-2.737868934467234006e+00 3.658126656569350210e+00
-2.732866433216608826e+00 3.651750837900191282e+00
-2.727863931965982758e+00 3.645380580346311739e+00
-2.722861430715357578e+00 3.639015883907713800e+00
-2.717858929464732398e+00 3.632656748584397466e+00
-2.712856428214107218e+00 3.626303174376360516e+00
-2.707853926963482039e+00 3.619955161283604284e+00
-2.702851425712856859e+00 3.613612709306129211e+00
-2.697848924462231679e+00 3.607275818443934412e+00
-2.692846423211605611e+00 3.600944488697018553e+00
-2.687843921960980431e+00 3.594618720065384743e+00
-2.682841420710355251e+00 3.588298512549032093e+00
-2.677838919459730072e+00 3.581983866147959272e+00
-2.672836418209104892e+00 3.575674780862166724e+00
-2.667833916958479712e+00 3.569371256691655780e+00
-2.662831415707853644e+00 3.563073293636423777e+00
-2.657828914457228464e+00 3.556780891696472935e+00
-2.652826413206603284e+00 3.550494050871802809e+00
-2.647823911955978105e+00 3.544212771162414288e+00
-2.642821410705352925e+00 3.537937052568305152e+00
-2.637818909454727745e+00 3.531666895089476732e+00
-2.632816408204102565e+00 3.525402298725929473e+00
-2.627813906953476497e+00 3.519143263477661598e+00
-2.622811405702851317e+00 3.512889789344674885e+00
-2.617808904452226137e+00 3.506641876326968443e+00
-2.612806403201600958e+00 3.500399524424543607e+00
-2.607803901950975778e+00 3.494162733637398599e+00
-2.602801400700350598e+00 3.487931503965533864e+00
-2.597798899449725418e+00 3.481705835408950733e+00
-2.592796398199099350e+00 3.475485727967646543e+00
-2.587793896948474170e+00 3.469271181641623514e+00
-2.582791395697848991e+00 3.463062196430881201e+00
-2.577788894447223811e+00 3.456858772335420493e+00
-2.572786393196598631e+00 3.450660909355239170e+00
-2.567783891945973451e+00 3.444468607490338563e+00
-2.562781390695347383e+00 3.438281866740717785e+00
-2.557778889444722203e+00 3.432100687106379056e+00
-2.552776388194097024e+00 3.425925068587319711e+00
-2.547773886943471844e+00 3.419755011183541527e+00
-2.542771385692846664e+00 3.413590514895044503e+00
-2.537768884442221484e+00 3.407431579721826864e+00
-2.532766383191596304e+00 3.401278205663890386e+00
-2.527763881940970236e+00 3.395130392721233292e+00
-2.522761380690345057e+00 3.388988140893858692e+00
-2.517758879439719877e+00 3.382851450181763475e+00
-2.512756378189094697e+00 3.376720320584948976e+00
-2.507753876938469517e+00 3.370594752103415637e+00
-2.502751375687844337e+00 3.364474744737162126e+00
-2.497748874437219158e+00 3.358360298486189333e+00
-2.492746373186593090e+00 3.352251413350496367e+00
-2.487743871935967910e+00 3.346148089330085451e+00
-2.482741370685342730e+00 3.340050326424954363e+00
-2.477738869434717550e+00 3.333958124635103548e+00
-2.472736368184092370e+00 3.327871483960534338e+00
-2.467733866933467191e+00 3.321790404401244956e+00
-2.462731365682841123e+00 3.315714885957234959e+00
-2.457728864432215943e+00 3.309644928628506566e+00
-2.452726363181590763e+00 3.303580532415059778e+00
-2.447723861930965583e+00 3.297521697316892375e+00
-2.442721360680340403e+00 3.291468423334005688e+00
-2.437718859429715224e+00 3.285420710466400163e+00
-2.432716358179090044e+00 3.279378558714074909e+00
-2.427713856928463976e+00 3.273341968077029041e+00
-2.422711355677838796e+00 3.267310938555264332e+00
-2.417708854427213616e+00 3.261285470148781229e+00
-2.412706353176588436e+00 3.255265562857577955e+00
-2.407703851925963257e+00 3.249251216681654952e+00
-2.402701350675338077e+00 3.243242431621013555e+00
-2.397698849424712897e+00 3.237239207675651986e+00
-2.392696348174086829e+00 3.231241544845569802e+00
-2.387693846923461649e+00 3.225249443130769222e+00
-2.382691345672836469e+00 3.219262902531250248e+00
-2.377688844422211289e+00 3.213281923047010658e+00
-2.372686343171586110e+00 3.207306504678051784e+00
-2.367683841920960930e+00 3.201336647424374071e+00
-2.362681340670334862e+00 3.195372351285975743e+00
-2.357678839419709682e+00 3.189413616262858131e+00
-2.352676338169084502e+00 3.183460442355021680e+00
-2.347673836918459322e+00 3.177512829562466390e+00
-2.342671335667834143e+00 3.171570777885190928e+00
-2.337668834417208963e+00 3.165634287323195739e+00
-2.332666333166583783e+00 3.159703357876482155e+00
-2.327663831915957715e+00 3.153777989545047511e+00
-2.322661330665332535e+00 3.147858182328894028e+00
-2.317658829414707355e+00 3.141943936228021261e+00
-2.312656328164082176e+00 3.136035251242429656e+00
-2.307653826913456996e+00 3.130132127372118322e+00
-2.302651325662831816e+00 3.124234564617086818e+00
-2.297648824412206636e+00 3.118342562977337362e+00
-2.292646323161580568e+00 3.112456122452866403e+00
-2.287643821910955388e+00 3.106575243043677048e+00
-2.282641320660330209e+00 3.100699924749767966e+00
-2.277638819409705029e+00 3.094830167571140489e+00
-2.272636318159079849e+00 3.088965971507792840e+00
-2.267633816908454669e+00 3.083107336559725464e+00
-2.262631315657829489e+00 3.077254262726939693e+00
-2.257628814407203421e+00 3.071406750009432862e+00
-2.252626313156578242e+00 3.065564798407207192e+00
-2.247623811905953062e+00 3.059728407920262239e+00
-2.242621310655327882e+00 3.053897578548598446e+00
-2.237618809404702702e+00 3.048072310292214926e+00
-2.232616308154077522e+00 3.042252603151111678e+00
-2.227613806903451454e+00 3.036438457125287815e+00
-2.222611305652826275e+00 3.030629872214746445e+00
-2.217608804402201095e+00 3.024826848419484904e+00
-2.212606303151575915e+00 3.019029385739503635e+00
-2.207603801900950735e+00 3.013237484174803971e+00
-2.202601300650325555e+00 3.007451143725384135e+00
-2.197598799399700376e+00 3.001670364391244572e+00
-2.192596298149074308e+00 2.995895146172385282e+00
-2.187593796898449128e+00 2.990125489068807596e+00
-2.182591295647823948e+00 2.984361393080509739e+00
-2.177588794397198768e+00 2.978602858207492599e+00
-2.172586293146573588e+00 2.972849884449756619e+00
-2.167583791895948409e+00 2.967102471807300912e+00
-2.162581290645323229e+00 2.961360620280125033e+00
-2.157578789394697161e+00 2.955624329868229427e+00
-2.152576288144071981e+00 2.949893600571615870e+00
-2.147573786893446801e+00 2.944168432390282142e+00
-2.142571285642821621e+00 2.938448825324228686e+00
-2.137568784392196442e+00 2.932734779373456835e+00
-2.132566283141571262e+00 2.927026294537964812e+00
-2.127563781890945194e+00 2.921323370817752174e+00
-2.122561280640320014e+00 2.915626008212821141e+00
-2.117558779389694834e+00 2.909934206723171268e+00
-2.112556278139069654e+00 2.904247966348801668e+00
-2.107553776888444474e+00 2.898567287089712341e+00
-2.102551275637819295e+00 2.892892168945904174e+00
-2.097548774387194115e+00 2.887222611917375836e+00
-2.092546273136568047e+00 2.881558616004127327e+00
-2.087543771885942867e+00 2.875900181206160422e+00
-2.082541270635317687e+00 2.870247307523474234e+00
-2.077538769384692507e+00 2.864599994956068318e+00
-2.072536268134067328e+00 2.858958243503943120e+00
-2.067533766883442148e+00 2.853322053167098638e+00
-2.062531265632816968e+00 2.847691423945534428e+00
-2.057528764382190900e+00 2.842066355839249603e+00
-2.052526263131565720e+00 2.836446848848246383e+00
-2.047523761880940540e+00 2.830832902972524767e+00
-2.042521260630315361e+00 2.825224518212082536e+00
-2.037518759379690181e+00 2.819621694566921022e+00
-2.032516258129065001e+00 2.814024432037040668e+00
-2.027513756878438933e+00 2.808432730622439255e+00
-2.022511255627813753e+00 2.802846590323119447e+00
-2.017508754377188573e+00 2.797266011139080355e+00
-2.012506253126563394e+00 2.791690993070321980e+00
-2.007503751875938214e+00 2.786121536116843878e+00
-2.002501250625313034e+00 2.780557640278646492e+00
-1.997498749374687854e+00 2.774999305555729823e+00
-1.992496248124061786e+00 2.769446531948092538e+00
-1.987493746873436606e+00 2.763899319455736414e+00
-1.982491245622811427e+00 2.758357668078661007e+00
-1.977488744372186247e+00 2.752821577816867205e+00
-1.972486243121561067e+00 2.747291048670352787e+00
-1.967483741870935887e+00 2.741766080639119085e+00
-1.962481240620310707e+00 2.736246673723166545e+00
-1.957478739369684639e+00 2.730732827922492945e+00
-1.952476238119059460e+00 2.725224543237100949e+00
-1.947473736868434280e+00 2.719721819666989227e+00
-1.942471235617809100e+00 2.714224657212159109e+00
-1.937468734367183920e+00 2.708733055872608819e+00
-1.932466233116558740e+00 2.703247015648338802e+00
-1.927463731865932672e+00 2.697766536539349058e+00
-1.922461230615307493e+00 2.692291618545640919e+00
-1.917458729364682313e+00 2.686822261667212608e+00
-1.912456228114057133e+00 2.681358465904065014e+00
-1.907453726863431953e+00 2.675900231256198580e+00
-1.902451225612806773e+00 2.670447557723611975e+00
-1.897448724362181594e+00 2.665000445306306087e+00
-1.892446223111555526e+00 2.659558894004280027e+00
-1.887443721860930346e+00 2.654122903817536017e+00
-1.882441220610305166e+00 2.648692474746071390e+00
-1.877438719359679986e+00 2.643267606789887925e+00
-1.872436218109054806e+00 2.637848299948985620e+00
-1.867433716858429626e+00 2.632434554223362699e+00
-1.862431215607804447e+00 2.627026369613020940e+00
-1.857428714357178379e+00 2.621623746117958564e+00
-1.852426213106553199e+00 2.616226683738178238e+00
-1.847423711855928019e+00 2.610835182473677740e+00
-1.842421210605302839e+00 2.605449242324457959e+00
-1.837418709354677659e+00 2.600068863290519339e+00
-1.832416208104052480e+00 2.594694045371860547e+00
-1.827413706853427300e+00 2.589324788568482472e+00
-1.822411205602801232e+00 2.583961092880384225e+00
-1.817408704352176052e+00 2.578602958307568027e+00
-1.812406203101550872e+00 2.573250384850031658e+00
-1.807403701850925692e+00 2.567903372507775561e+00
-1.802401200600300513e+00 2.562561921280801069e+00
-1.797398699349675333e+00 2.557226031169105962e+00
-1.792396198099049265e+00 2.551895702172691127e+00
-1.787393696848424085e+00 2.546570934291557453e+00
-1.782391195597798905e+00 2.541251727525704940e+00
-1.777388694347173725e+00 2.535938081875132255e+00
-1.772386193096548546e+00 2.530629997339840287e+00
-1.767383691845923366e+00 2.525327473919829480e+00
-1.762381190595298186e+00 2.520030511615098501e+00
-1.757378689344672118e+00 2.514739110425647795e+00
-1.752376188094046938e+00 2.509453270351477805e+00
-1.747373686843421758e+00 2.504172991392589420e+00
-1.742371185592796579e+00 2.498898273548980420e+00
-1.737368684342171399e+00 2.493629116820652580e+00
-1.732366183091546219e+00 2.488365521207605457e+00
-1.727363681840921039e+00 2.483107486709838607e+00
-1.722361180590294971e+00 2.477855013327351585e+00
-1.717358679339669791e+00 2.472608101060145280e+00
-1.712356178089044612e+00 2.467366749908221024e+00
-1.707353676838419432e+00 2.462130959871576152e+00
-1.702351175587794252e+00 2.456900730950211997e+00
-1.697348674337169072e+00 2.451676063144129003e+00
-1.692346173086543004e+00 2.446456956453324949e+00
-1.687343671835917824e+00 2.441243410877802500e+00
-1.682341170585292645e+00 2.436035426417560323e+00
-1.677338669334667465e+00 2.430833003072599752e+00
-1.672336168084042285e+00 2.425636140842919009e+00
-1.667333666833417105e+00 2.420444839728518538e+00
-1.662331165582791925e+00 2.415259099729399672e+00
-1.657328664332165857e+00 2.410078920845559747e+00
-1.652326163081540678e+00 2.404904303077000982e+00
-1.647323661830915498e+00 2.399735246423722934e+00
-1.642321160580290318e+00 2.394571750885726047e+00
-1.637318659329665138e+00 2.389413816463008988e+00
-1.632316158079039958e+00 2.384261443155572646e+00
-1.627313656828414778e+00 2.379114630963417465e+00
-1.622311155577788711e+00 2.373973379886541224e+00
-1.617308654327163531e+00 2.368837689924946588e+00
-1.612306153076538351e+00 2.363707561078632224e+00
-1.607303651825913171e+00 2.358582993347599466e+00
-1.602301150575287991e+00 2.353463986731846536e+00
-1.597298649324662811e+00 2.348350541231373878e+00
-1.592296148074036743e+00 2.343242656846181049e+00
-1.587293646823411564e+00 2.338140333576270713e+00
-1.582291145572786384e+00 2.333043571421639761e+00
-1.577288644322161204e+00 2.327952370382289526e+00
-1.572286143071536024e+00 2.322866730458220452e+00
-1.567283641820910844e+00 2.317786651649431207e+00
-1.562281140570285665e+00 2.312712133955922678e+00
-1.557278639319659597e+00 2.307643177377693977e+00
-1.552276138069034417e+00 2.302579781914746881e+00
-1.547273636818409237e+00 2.297521947567080058e+00
-1.542271135567784057e+00 2.292469674334693508e+00
-1.537268634317158877e+00 2.287422962217588562e+00
-1.532266133066533698e+00 2.282381811215763001e+00
-1.527263631815908518e+00 2.277346221329218601e+00
-1.522261130565282450e+00 2.272316192557953585e+00
-1.517258629314657270e+00 2.267291724901970618e+00
-1.512256128064032090e+00 2.262272818361267479e+00
-1.507253626813406910e+00 2.257259472935845057e+00
-1.502251125562781731e+00 2.252251688625703796e+00
-1.497248624312156551e+00 2.247249465430842363e+00
-1.492246123061530483e+00 2.242252803351261203e+00
-1.487243621810905303e+00 2.237261702386960760e+00
-1.482241120560280123e+00 2.232276162537941921e+00
-1.477238619309654943e+00 2.227296183804202467e+00
-1.472236118059029764e+00 2.222321766185744174e+00
-1.467233616808404584e+00 2.217352909682566597e+00
-1.462231115557779404e+00 2.212389614294669293e+00
-1.457228614307153336e+00 2.207431880022051374e+00
-1.452226113056528156e+00 2.202479706864715059e+00
-1.447223611805902976e+00 2.197533094822659905e+00
-1.442221110555277797e+00 2.192592043895885023e+00
-1.437218609304652617e+00 2.187656554084389970e+00
-1.432216108054027437e+00 2.182726625388176522e+00
-1.427213606803402257e+00 2.177802257807242903e+00
-1.422211105552776189e+00 2.172883451341589556e+00
-1.417208604302151009e+00 2.167970205991216925e+00
-1.412206103051525830e+00 2.163062521756125900e+00
-1.407203601800900650e+00 2.158160398636314259e+00
-1.402201100550275470e+00 2.153263836631783779e+00
-1.397198599299650290e+00 2.148372835742534015e+00
-1.392196098049025110e+00 2.143487395968564524e+00
-1.387193596798399042e+00 2.138607517309874417e+00
-1.382191095547773863e+00 2.133733199766465916e+00
-1.377188594297148683e+00 2.128864443338338575e+00
-1.372186093046523503e+00 2.124001248025491062e+00
-1.367183591795898323e+00 2.119143613827924266e+00
-1.362181090545273143e+00 2.114291540745638631e+00
-1.357178589294647075e+00 2.109445028778632381e+00
-1.352176088044021895e+00 2.104604077926907291e+00
-1.347173586793396716e+00 2.099768688190462473e+00
-1.342171085542771536e+00 2.094938859569298817e+00
-1.337168584292146356e+00 2.090114592063415433e+00
-1.332166083041521176e+00 2.085295885672812322e+00
-1.327163581790895996e+00 2.080482740397490815e+00
-1.322161080540269928e+00 2.075675156237448249e+00
-1.317158579289644749e+00 2.070873133192686844e+00
-1.312156078039019569e+00 2.066076671263206155e+00
-1.307153576788394389e+00 2.061285770449006627e+00
-1.302151075537769209e+00 2.056500430750086927e+00
-1.297148574287144029e+00 2.051720652166447945e+00
-1.292146073036518850e+00 2.046946434698090123e+00
-1.287143571785892782e+00 2.042177778345011241e+00
-1.282141070535267602e+00 2.037414683107213964e+00
-1.277138569284642422e+00 2.032657148984696960e+00
-1.272136068034017242e+00 2.027905175977461560e+00
-1.267133566783392062e+00 2.023158764085505545e+00
-1.262131065532766883e+00 2.018417913308830691e+00
-1.257128564282140815e+00 2.013682623647435221e+00
-1.252126063031515635e+00 2.008952895101321801e+00
-1.247123561780890455e+00 2.004228727670488208e+00
-1.242121060530265275e+00 1.999510121354935333e+00
-1.237118559279640095e+00 1.994797076154663618e+00
-1.232116058029014916e+00 1.990089592069671731e+00
-1.227113556778389736e+00 1.985387669099960561e+00
-1.222111055527763668e+00 1.980691307245529220e+00
-1.217108554277138488e+00 1.976000506506379706e+00
-1.212106053026513308e+00 1.971315266882510020e+00
-1.207103551775888128e+00 1.966635588373921051e+00
-1.202101050525262949e+00 1.961961470980613242e+00
-1.197098549274637769e+00 1.957292914702585263e+00
-1.192096048024012589e+00 1.952629919539837777e+00
-1.187093546773386521e+00 1.947972485492370343e+00
-1.182091045522761341e+00 1.943320612560184735e+00
-1.177088544272136161e+00 1.938674300743279177e+00
-1.172086043021510982e+00 1.934033550041653893e+00
-1.167083541770885802e+00 1.929398360455309991e+00
-1.162081040520260622e+00 1.924768731984245917e+00
-1.157078539269634554e+00 1.920144664628461895e+00
-1.152076038019009374e+00 1.915526158387959033e+00
-1.147073536768384194e+00 1.910913213262737109e+00
-1.142071035517759015e+00 1.906305829252795458e+00
-1.137068534267133835e+00 1.901704006358134080e+00
-1.132066033016508655e+00 1.897107744578754085e+00
-1.127063531765883475e+00 1.892517043914653918e+00
-1.122061030515257407e+00 1.887931904365833802e+00
-1.117058529264632227e+00 1.883352325932294846e+00
-1.112056028014007047e+00 1.878778308614036829e+00
-1.107053526763381868e+00 1.874209852411059085e+00
-1.102051025512756688e+00 1.869646957323361613e+00
-1.097048524262131508e+00 1.865089623350945525e+00
-1.092046023011506328e+00 1.860537850493809264e+00
-1.087043521760880260e+00 1.855991638751953055e+00
-1.082041020510255080e+00 1.851450988125378005e+00
-1.077038519259629901e+00 1.846915898614083895e+00
-1.072036018009004721e+00 1.842386370218070057e+00
-1.067033516758379541e+00 1.837862402937336492e+00
-1.062031015507754361e+00 1.833343996771884310e+00
-1.057028514257128293e+00 1.828831151721711290e+00
-1.052026013006503113e+00 1.824323867786819653e+00
-1.047023511755877934e+00 1.819822144967208288e+00
-1.042021010505252754e+00 1.815325983262878307e+00
-1.037018509254627574e+00 1.810835382673828153e+00
-1.032016008004002394e+00 1.806350343200058717e+00
-1.027013506753377214e+00 1.801870864841570219e+00
-1.022011005502751146e+00 1.797396947598361328e+00
-1.017008504252125967e+00 1.792928591470433375e+00
-1.012006003001500787e+00 1.788465796457786139e+00
-1.007003501750875607e+00 1.784008562560419842e+00
-1.002001000500250427e+00 1.779556889778333817e+00
-9.969984992496252474e-01 1.775110778111528065e+00
-9.919959979990000676e-01 1.770670227560003696e+00
-9.869934967483739996e-01 1.766235238123758489e+00
-9.819909954977488198e-01 1.761805809802794442e+00
-9.769884942471236400e-01 1.757381942597111113e+00
-9.719859929964984602e-01 1.752963636506708944e+00
-9.669834917458732804e-01 1.748550891531586604e+00
-9.619809904952481006e-01 1.744143707671744759e+00
-9.569784892446229208e-01 1.739742084927184296e+00
-9.519759879939968528e-01 1.735346023297902995e+00
-9.469734867433716730e-01 1.730955522783903078e+00
-9.419709854927464932e-01 1.726570583385183433e+00
-9.369684842421213133e-01 1.722191205101745171e+00
-9.319659829914961335e-01 1.717817387933586737e+00
-9.269634817408709537e-01 1.713449131880709020e+00
-9.219609804902448857e-01 1.709086436943111131e+00
-9.169584792396197059e-01 1.704729303120794848e+00
-9.119559779889945261e-01 1.700377730413758837e+00
-9.069534767383693463e-01 1.696031718822003098e+00
-9.019509754877441665e-01 1.691691268345528743e+00
-8.969484742371189867e-01 1.687356378984334215e+00
-8.919459729864938069e-01 1.683027050738420183e+00
-8.869434717358677389e-01 1.678703283607786423e+00
-8.819409704852425591e-01 1.674385077592434046e+00
-8.769384692346173793e-01 1.670072432692361941e+00
-8.719359679839921995e-01 1.665765348907570109e+00
-8.669334667333670197e-01 1.661463826238059660e+00
-8.619309654827418399e-01 1.657167864683829039e+00
-8.569284642321166601e-01 1.652877464244878913e+00
-8.519259629814905921e-01 1.648592624921208838e+00
-8.469234617308654123e-01 1.644313346712820589e+00
-8.419209604802402325e-01 1.640039629619712169e+00
-8.369184592296150527e-01 1.635771473641884466e+00
-8.319159579789898729e-01 1.631508878779337701e+00
-8.269134567283646930e-01 1.627251845032070987e+00
-8.219109554777386251e-01 1.623000372400084323e+00
-8.169084542271134453e-01 1.618754460883378821e+00
-8.119059529764882654e-01 1.614514110481954257e+00
-8.069034517258630856e-01 1.610279321195809965e+00
-8.019009504752379058e-01 1.606050093024945946e+00
-7.968984492246127260e-01 1.601826425969363310e+00
-7.918959479739875462e-01 1.597608320029060502e+00
-7.868934467233614782e-01 1.593395775204037745e+00
-7.818909454727362984e-01 1.589188791494295927e+00
-7.768884442221111186e-01 1.584987368899835491e+00
-7.718859429714859388e-01 1.580791507420654884e+00
-7.668834417208607590e-01 1.576601207056754994e+00
-7.618809404702355792e-01 1.572416467808136042e+00
-7.568784392196103994e-01 1.568237289674797141e+00
-7.518759379689843314e-01 1.564063672656738291e+00
-7.468734367183591516e-01 1.559895616753961045e+00
-7.418709354677339718e-01 1.555733121966463850e+00
-7.368684342171087920e-01 1.551576188294247149e+00
-7.318659329664836122e-01 1.547424815737311610e+00
-7.268634317158584324e-01 1.543279004295656121e+00
-7.218609304652323644e-01 1.539138753969280682e+00
-7.168584292146071846e-01 1.535004064758186182e+00
-7.118559279639820048e-01 1.530874936662372843e+00
-7.068534267133568250e-01 1.526751369681839554e+00
-7.018509254627316452e-01 1.522633363816586760e+00
-6.968484242121064653e-01 1.518520919066615127e+00
-6.918459229614812855e-01 1.514414035431923544e+00
-6.868434217108552176e-01 1.510312712912511790e+00
-6.818409204602300377e-01 1.506216951508381419e+00
-6.768384192096048579e-01 1.502126751219531986e+00
-6.718359179589796781e-01 1.498042112045962604e+00
-6.668334167083544983e-01 1.493963033987673716e+00
-6.618309154577293185e-01 1.489889517044665990e+00
-6.568284142071041387e-01 1.485821561216938314e+00
-6.518259129564780707e-01 1.481759166504490466e+00
-6.468234117058528909e-01 1.477702332907323779e+00
-6.418209104552277111e-01 1.473651060425438475e+00
-6.368184092046025313e-01 1.469605349058832777e+00
-6.318159079539773515e-01 1.465565198807508018e+00
-6.268134067033521717e-01 1.461530609671463976e+00
-6.218109054527261037e-01 1.457501581650699762e+00
-6.168084042021009239e-01 1.453478114745216487e+00
-6.118059029514757441e-01 1.449460208955013707e+00
-6.068034017008505643e-01 1.445447864280092087e+00
-6.018009004502253845e-01 1.441441080720450518e+00
-5.967983991996002047e-01 1.437439858276089444e+00
-5.917958979489750249e-01 1.433444196947009530e+00
-5.867933966983489569e-01 1.429454096733209001e+00
-5.817908954477237771e-01 1.425469557634689632e+00
-5.767883941970985973e-01 1.421490579651450759e+00
-5.717858929464734175e-01 1.417517162783493045e+00
-5.667833916958482376e-01 1.413549307030815383e+00
-5.617808904452230578e-01 1.409587012393418215e+00
-5.567783891945978780e-01 1.405630278871302208e+00
-5.517758879439718100e-01 1.401679106464465585e+00
-5.467733866933466302e-01 1.397733495172910123e+00
-5.417708854427214504e-01 1.393793444996635378e+00
-5.367683841920962706e-01 1.389858955935641349e+00
-5.317658829414710908e-01 1.385930027989927593e+00
-5.267633816908459110e-01 1.382006661159494332e+00
-5.217608804402207312e-01 1.378088855444342231e+00
-5.167583791895946632e-01 1.374176610844469515e+00
-5.117558779389694834e-01 1.370269927359877959e+00
-5.067533766883443036e-01 1.366368804990567121e+00
-5.017508754377191238e-01 1.362473243736536999e+00
-4.967483741870939440e-01 1.358583243597787149e+00
-4.917458729364687642e-01 1.354698804574317794e+00
-4.867433716858426962e-01 1.350819926666128490e+00
-4.817408704352175164e-01 1.346946609873220790e+00
-4.767383691845923366e-01 1.343078854195593141e+00
-4.717358679339671568e-01 1.339216659633245987e+00
-4.667333666833419770e-01 1.335360026186179994e+00
-4.617308654327167972e-01 1.331508953854394051e+00
-4.567283641820916174e-01 1.327663442637888602e+00
-4.517258629314655494e-01 1.323823492536663204e+00
-4.467233616808403696e-01 1.319989103550719411e+00
-4.417208604302151898e-01 1.316160275680055669e+00
-4.367183591795900099e-01 1.312337008924672421e+00
-4.317158579289648301e-01 1.308519303284570334e+00
-4.267133566783396503e-01 1.304707158759748298e+00
-4.217108554277144705e-01 1.300900575350206756e+00
-4.167083541770884025e-01 1.297099553055945265e+00
-4.117058529264632227e-01 1.293304091876965378e+00
-4.067033516758380429e-01 1.289514191813265320e+00
-4.017008504252128631e-01 1.285729852864846201e+00
-3.966983491745876833e-01 1.281951075031707799e+00
-3.916958479239625035e-01 1.278177858313849669e+00
-3.866933466733364355e-01 1.274410202711271589e+00
-3.816908454227112557e-01 1.270648108223974448e+00
-3.766883441720860759e-01 1.266891574851958469e+00
-3.716858429214608961e-01 1.263140602595222539e+00
-3.666833416708357163e-01 1.259395191453767104e+00
-3.616808404202105365e-01 1.255655341427592830e+00
-3.566783391695853567e-01 1.251921052516698385e+00
-3.516758379189592887e-01 1.248192324721084212e+00
-3.466733366683341089e-01 1.244469158040750978e+00
-3.416708354177089291e-01 1.240751552475698904e+00
-3.366683341670837493e-01 1.237039508025926882e+00
-3.316658329164585695e-01 1.233333024691435353e+00
-3.266633316658333896e-01 1.229632102472224986e+00
-3.216608304152082098e-01 1.225936741368294447e+00
-3.166583291645821419e-01 1.222246941379644181e+00
-3.116558279139569620e-01 1.218562702506274853e+00
-3.066533266633317822e-01 1.214884024748186686e+00
-3.016508254127066024e-01 1.211210908105378570e+00
-2.966483241620814226e-01 1.207543352577850948e+00
-2.916458229114562428e-01 1.203881358165604487e+00
-2.866433216608301748e-01 1.200224924868637411e+00
-2.816408204102049950e-01 1.196574052686951495e+00
-2.766383191595798152e-01 1.192928741620546074e+00
-2.716358179089546354e-01 1.189288991669421813e+00
-2.666333166583294556e-01 1.185654802833577603e+00
-2.616308154077042758e-01 1.182026175113013888e+00
-2.566283141570790960e-01 1.178403108507731112e+00
-2.516258129064530280e-01 1.174785603017728164e+00
-2.466233116558278482e-01 1.171173658643006155e+00
-2.416208104052026684e-01 1.167567275383564640e+00
-2.366183091545774886e-01 1.163966453239404286e+00
-2.316158079039523088e-01 1.160371192210523761e+00
-2.266133066533271290e-01 1.156781492296923952e+00
-2.216108054027019492e-01 1.153197353498605304e+00
-2.166083041520758812e-01 1.149618775815566041e+00
-2.116058029014507014e-01 1.146045759247807938e+00
-2.066033016508255216e-01 1.142478303795330330e+00
-2.016008004002003418e-01 1.138916409458133883e+00
-1.965982991495751619e-01 1.135360076236217486e+00
-1.915957978989499821e-01 1.131809304129581584e+00
-1.865932966483239142e-01 1.128264093138225732e+00
-1.815907953976987343e-01 1.124724443262151485e+00
-1.765882941470735545e-01 1.121190354501357289e+00
-1.715857928964483747e-01 1.117661826855843588e+00
-1.665832916458231949e-01 1.114138860325610825e+00
-1.615807903951980151e-01 1.110621454910658334e+00
-1.565782891445728353e-01 1.107109610610986339e+00
-1.515757878939467673e-01 1.103603327426594394e+00
-1.465732866433215875e-01 1.100102605357484054e+00
-1.415707853926964077e-01 1.096607444403653764e+00
-1.365682841420712279e-01 1.093117844565103969e+00
-1.315657828914460481e-01 1.089633805841835112e+00
-1.265632816408208683e-01 1.086155328233846529e+00
-1.215607803901956885e-01 1.082682411741138440e+00
-1.165582791395696205e-01 1.079215056363710401e+00
-1.115557778889444407e-01 1.075753262101563967e+00
-1.065532766383192609e-01 1.072297028954697584e+00
-1.015507753876940811e-01 1.068846356923111696e+00
-9.654827413706890127e-02 1.065401246006806746e+00
-9.154577288644372146e-02 1.061961696205782069e+00
-8.654327163581854165e-02 1.058527707520037886e+00
-8.154077038519247367e-02 1.055099279949573754e+00
-7.653826913456729386e-02 1.051676413494391227e+00
-7.153576788394211405e-02 1.048259108154488750e+00
-6.653326663331693425e-02 1.044847363929866768e+00
-6.153076538269175444e-02 1.041441180820525725e+00
-5.652826413206657463e-02 1.038040558826464954e+00
-5.152576288144050665e-02 1.034645497947684234e+00
-4.652326163081532684e-02 1.031255998184184453e+00
-4.152076038019014703e-02 1.027872059535965610e+00
-3.651825912956496722e-02 1.024493682003027040e+00
-3.151575787893978742e-02 1.021120865585368964e+00
-2.651325662831460761e-02 1.017753610282992049e+00
-2.151075537768942780e-02 1.014391916095894963e+00
-1.650825412706335982e-02 1.011035783024078150e+00
-1.150575287643818001e-02 1.007685211067542275e+00
-6.503251625813000203e-03 1.004340200226287561e+00
-1.500750375187820396e-03 1.001000750500312897e+00
3.501750875437359412e-03 9.976668618896189500e-01
8.504252126062539219e-03 9.943385343942052756e-01
1.350675337668771903e-02 9.910157680140724290e-01
1.850925462731378701e-02 9.876985627492195219e-01
2.351175587793896682e-02 9.843869185996478866e-01
2.851425712856414663e-02 9.810808355653565238e-01
3.351675837918932643e-02 9.777803136463458777e-01
3.851925962981450624e-02 9.744853528426158373e-01
4.352176088043968605e-02 9.711959531541661805e-01
4.852426213106575403e-02 9.679121145809965743e-01
5.352676338169093384e-02 9.646338371231082398e-01
5.852926463231611365e-02 9.613611207805004000e-01
6.353176588294129346e-02 9.580939655531729437e-01
6.853426713356647326e-02 9.548323714411262042e-01
7.353676838419165307e-02 9.515763384443600703e-01
7.853926963481683288e-02 9.483258665628743200e-01
8.354177088544290086e-02 9.450809557966686203e-01
8.854427213606808067e-02 9.418416061457441923e-01
9.354677338669326048e-02 9.386078176101002590e-01
9.854927463731844028e-02 9.353795901897367093e-01
1.035517758879436201e-01 9.321569238846538763e-01
1.085542771385687999e-01 9.289398186948516489e-01
1.135567783891939797e-01 9.257282746203298052e-01
1.185592796398200477e-01 9.225222916610880119e-01
1.235617808904452275e-01 9.193218698171274905e-01
1.285642821410704073e-01 9.161270090884474637e-01
1.335667833916955871e-01 9.129377094750478205e-01
1.385692846423207669e-01 9.097539709769288940e-01
1.435717858929459467e-01 9.065757935940905732e-01
1.485742871435720147e-01 9.034031773265320808e-01
1.535767883941971945e-01 9.002361221742546382e-01
1.585792896448223743e-01 8.970746281372580233e-01
1.635817908954475541e-01 8.939186952155419030e-01
1.685842921460727339e-01 8.907683234091061664e-01
1.735867933966979137e-01 8.876235127179511464e-01
1.785892946473230936e-01 8.844842631420767320e-01
1.835917958979491615e-01 8.813505746814822572e-01
1.885942971485743413e-01 8.782224473361687211e-01
1.935967983991995212e-01 8.750998811061359017e-01
1.985992996498247010e-01 8.719828759913836880e-01
2.036018009004498808e-01 8.688714319919118578e-01
2.086043021510750606e-01 8.657655491077207444e-01
2.136068034017002404e-01 8.626652273388102365e-01
2.186093046523263084e-01 8.595704666851795572e-01
2.236118059029514882e-01 8.564812671468299277e-01
2.286143071535766680e-01 8.533976287237611258e-01
2.336168084042018478e-01 8.503195514159728186e-01
2.386193096548270276e-01 8.472470352234647839e-01
2.436218109054522074e-01 8.441800801462375770e-01
2.486243121560782754e-01 8.411186861842904205e-01
2.536268134067034552e-01 8.380628533376243139e-01
2.586293146573286350e-01 8.350125816062385908e-01
2.636318159079538148e-01 8.319678709901335845e-01
2.686343171585789946e-01 8.289287214893091837e-01
2.736368184092041744e-01 8.258951331037651666e-01
2.786393196598293542e-01 8.228671058335018662e-01
2.836418209104554222e-01 8.198446396785185053e-01
2.886443221610806020e-01 8.168277346388163052e-01
2.936468234117057818e-01 8.138163907143944886e-01
2.986493246623309616e-01 8.108106079052533888e-01
3.036518259129561415e-01 8.078103862113928946e-01
3.086543271635813213e-01 8.048157256328127840e-01
3.136568284142065011e-01 8.018266261695132791e-01
3.186593296648325691e-01 7.988430878214939357e-01
3.236618309154577489e-01 7.958651105887556421e-01
3.286643321660829287e-01 7.928926944712977321e-01
3.336668334167081085e-01 7.899258394691205387e-01
3.386693346673332883e-01 7.869645455822238400e-01
3.436718359179584681e-01 7.840088128106076359e-01
3.486743371685836479e-01 7.810586411542721486e-01
3.536768384192097159e-01 7.781140306132166007e-01
3.586793396698348957e-01 7.751749811874422136e-01
3.636818409204600755e-01 7.722414928769482101e-01
3.686843421710852553e-01 7.693135656817349233e-01
3.736868434217104351e-01 7.663911996018022421e-01
3.786893446723356149e-01 7.634743946371500556e-01
3.836918459229616829e-01 7.605631507877779196e-01
3.886943471735868627e-01 7.576574680536866113e-01
3.936968484242120425e-01 7.547573464348761307e-01
3.986993496748372223e-01 7.518627859313462558e-01
4.037018509254624021e-01 7.489737865430966535e-01
4.087043521760875819e-01 7.460903482701278788e-01
4.137068534267127617e-01 7.432124711124395988e-01
4.187093546773388297e-01 7.403401550700312583e-01
4.237118559279640095e-01 7.374734001429039676e-01
4.287143571785891893e-01 7.346122063310573935e-01
4.337168584292143692e-01 7.317565736344913141e-01
4.387193596798395490e-01 7.289065020532057293e-01
4.437218609304647288e-01 7.260619915872007502e-01
4.487243621810899086e-01 7.232230422364763767e-01
4.537268634317159766e-01 7.203896540010320537e-01
4.587293646823411564e-01 7.175618268808685585e-01
4.637318659329663362e-01 7.147395608759858909e-01
4.687343671835915160e-01 7.119228559863838290e-01
4.737368684342166958e-01 7.091117122120620397e-01
4.787393696848418756e-01 7.063061295530209671e-01
4.837418709354679436e-01 7.035061080092599450e-01
4.887443721860931234e-01 7.007116475807800837e-01
4.937468734367183032e-01 6.979227482675804950e-01
4.987493746873434830e-01 6.951394100696617340e-01
5.037518759379686628e-01 6.923616329870234676e-01
5.087543771885938426e-01 6.895894170196656958e-01
5.137568784392190224e-01 6.868227621675885297e-01
5.187593796898450904e-01 6.840616684307914142e-01
5.237618809404702702e-01 6.813061358092754594e-01
5.287643821910954500e-01 6.785561643030397772e-01
5.337668834417206298e-01 6.758117539120849226e-01
5.387693846923458096e-01 6.730729046364105628e-01
5.437718859429709894e-01 6.703396164760165865e-01
5.487743871935961693e-01 6.676118894309034379e-01
5.537768884442222372e-01 6.648897235010702289e-01
5.587793896948474170e-01 6.621731186865180696e-01
5.637818909454725969e-01 6.594620749872464049e-01
5.687843921960977767e-01 6.567565924032553459e-01
5.737868934467229565e-01 6.540566709345448926e-01
5.787893946973481363e-01 6.513623105811148228e-01
5.837918959479742043e-01 6.486735113429650257e-01
5.887943971985993841e-01 6.459902732200962783e-01
5.937968984492245639e-01 6.433125962125080255e-01
5.987993996998497437e-01 6.406404803202002674e-01
6.038019009504749235e-01 6.379739255431731149e-01
6.088044022011001033e-01 6.353129318814265680e-01
6.138069034517252831e-01 6.326574993349604048e-01
6.188094047023513511e-01 6.300076279037745142e-01
6.238119059529765309e-01 6.273633175878696733e-01
6.288144072036017107e-01 6.247245683872453270e-01
6.338169084542268905e-01 6.220913803019013644e-01
6.388194097048520703e-01 6.194637533318382294e-01
6.438219109554772501e-01 6.168416874770555891e-01
6.488244122061024299e-01 6.142251827375533324e-01
6.538269134567284979e-01 6.116142391133312373e-01
6.588294147073536777e-01 6.090088566043903029e-01
6.638319159579788575e-01 6.064090352107298632e-01
6.688344172086040373e-01 6.038147749323499180e-01
6.738369184592292171e-01 6.012260757692505786e-01
6.788394197098543970e-01 5.986429377214318448e-01
6.838419209604804649e-01 5.960653607888931615e-01
6.888444222111056447e-01 5.934933449716353060e-01
6.938469234617308246e-01 5.909268902696582781e-01
6.988494247123560044e-01 5.883659966829617449e-01
7.038519259629811842e-01 5.858106642115455953e-01
7.088544272136063640e-01 5.832608928554102734e-01
7.138569284642315438e-01 5.807166826145554461e-01
7.188594297148576118e-01 5.781780334889806694e-01
7.238619309654827916e-01 5.756449454786867204e-01
7.288644322161079714e-01 5.731174185836735990e-01
7.338669334667331512e-01 5.705954528039409723e-01
7.388694347173583310e-01 5.680790481394887292e-01
7.438719359679835108e-01 5.655682045903172028e-01
7.488744372186086906e-01 5.630629221564262821e-01
7.538769384692347586e-01 5.605632008378154119e-01
7.588794397198599384e-01 5.580690406344854804e-01
7.638819409704851182e-01 5.555804415464361545e-01
7.688844422211102980e-01 5.530974035736674344e-01
7.738869434717354778e-01 5.506199267161790978e-01
7.788894447223606576e-01 5.481480109739715889e-01
7.838919459729858374e-01 5.456816563470444637e-01
7.888944472236119054e-01 5.432208628353975000e-01
7.938969484742370852e-01 5.407656304390314750e-01
7.988994497248622650e-01 5.383159591579460557e-01
8.039019509754874449e-01 5.358718489921412420e-01
8.089044522261126247e-01 5.334332999416168120e-01
8.139069534767378045e-01 5.310003120063730986e-01
8.189094547273638725e-01 5.285728851864095468e-01
8.239119559779890523e-01 5.261510194817269337e-01
8.289144572286142321e-01 5.237347148923247042e-01
8.339169584792394119e-01 5.213239714182033024e-01
8.389194597298645917e-01 5.189187890593623953e-01
8.439219609804897715e-01 5.165191678158018718e-01
8.489244622311149513e-01 5.141251076875220649e-01
8.539269634817410193e-01 5.117366086745223086e-01
8.589294647323661991e-01 5.093536707768036020e-01
8.639319659829913789e-01 5.069762939943653901e-01
8.689344672336165587e-01 5.046044783272077838e-01
8.739369684842417385e-01 5.022382237753307832e-01
8.789394697348669183e-01 4.998775303387341662e-01
8.839419709854920981e-01 4.975223980174182659e-01
8.889444722361181661e-01 4.951728268113824716e-01
8.939469734867433459e-01 4.928288167206276715e-01
8.989494747373685257e-01 4.904903677451533106e-01
9.039519759879937055e-01 4.881574798849596108e-01
9.089544772386188853e-01 4.858301531400465167e-01
9.139569784892440651e-01 4.835083875104138063e-01
9.189594797398701331e-01 4.811921829960613128e-01
9.239619809904953129e-01 4.788815395969898692e-01
9.289644822411204927e-01 4.765764573131990312e-01
9.339669834917456726e-01 4.742769361446885212e-01
9.389694847423708524e-01 4.719829760914587280e-01
9.439719859929960322e-01 4.696945771535095404e-01
9.489744872436212120e-01 4.674117393308407364e-01
9.539769884942472800e-01 4.651344626234521495e-01
9.589794897448724598e-01 4.628627470313446124e-01
9.639819909954976396e-01 4.605965925545176254e-01
9.689844922461228194e-01 4.583359991929710775e-01
9.739869934967479992e-01 4.560809669467051908e-01
9.789894947473731790e-01 4.538314958157198542e-01
9.839919959979983588e-01 4.515875858000149567e-01
9.889944972486244268e-01 4.493492368995903319e-01
9.939969984992496066e-01 4.471164491144466457e-01
9.989994997498747864e-01 4.448892224445835653e-01
1.004002001000500854e+00 4.426675568900005908e-01
1.009004502251125146e+00 4.404514524506989437e-01
1.014007003501751214e+00 4.382409091266770695e-01
1.019009504752375506e+00 4.360359269179365227e-01
1.024012006003001574e+00 4.338365058244757488e-01
1.029014507253625865e+00 4.316426458462964688e-01
1.034017008504251933e+00 4.294543469833968508e-01
1.039019509754878001e+00 4.272716092357777828e-01
1.044022011005502293e+00 4.250944326034399867e-01
1.049024512256128361e+00 4.229228170863820191e-01
1.054027013506752652e+00 4.207567626846053788e-01
1.059029514757378720e+00 4.185962693981085114e-01
1.064032016008003012e+00 4.164413372268930824e-01
1.069034517258629080e+00 4.142919661709573709e-01
1.074037018509255148e+00 4.121481562303022095e-01
1.079039519759879440e+00 4.100099074049283199e-01
1.084042021010505508e+00 4.078772196948343143e-01
1.089044522261129799e+00 4.057500931000215250e-01
1.094047023511755867e+00 4.036285276204885641e-01
1.099049524762380159e+00 4.015125232562370416e-01
1.104052026013006227e+00 3.994020800072652366e-01
1.109054527263632295e+00 3.972971978735739818e-01
1.114057028514256587e+00 3.951978768551639987e-01
1.119059529764882654e+00 3.931041169520338441e-01
1.124062031015506946e+00 3.910159181641849613e-01
1.129064532266133014e+00 3.889332804916159625e-01
1.134067033516757306e+00 3.868562039343283465e-01
1.139069534767383374e+00 3.847846884923204480e-01
1.144072036018009442e+00 3.827187341655930997e-01
1.149074537268633733e+00 3.806583409541469676e-01
1.154077038519259801e+00 3.786035088579807195e-01
1.159079539769884093e+00 3.765542378770957432e-01
1.164082041020510161e+00 3.745105280114906510e-01
1.169084542271134453e+00 3.724723792611668860e-01
1.174087043521760521e+00 3.704397916261228940e-01
1.179089544772386589e+00 3.684127651063594522e-01
1.184092046023010880e+00 3.663912997018772266e-01
1.189094547273636948e+00 3.643753954126749406e-01
1.194097048524261240e+00 3.623650522387538153e-01
1.199099549774887308e+00 3.603602701801126296e-01
1.204102051025513376e+00 3.583610492367519940e-01
1.209104552276137667e+00 3.563673894086726857e-01
1.214107053526763735e+00 3.543792906958731503e-01
1.219109554777388027e+00 3.523967530983548313e-01
1.224112056028014095e+00 3.504197766161163963e-01
1.229114557278638387e+00 3.484483612491592330e-01
1.234117058529264455e+00 3.464825069974818983e-01
1.239119559779890523e+00 3.445222138610851692e-01
1.244122061030514814e+00 3.425674818399697674e-01
1.249124562281140882e+00 3.406183109341341386e-01
1.254127063531765174e+00 3.386747011435797261e-01
1.259129564782391242e+00 3.367366524683051976e-01
1.264132066033015533e+00 3.348041649083118854e-01
1.269134567283641601e+00 3.328772384635985127e-01
1.274137068534267669e+00 3.309558731341656901e-01
1.279139569784891961e+00 3.290400689200141393e-01
1.284142071035518029e+00 3.271298258211424725e-01
1.289144572286142321e+00 3.252251438375519110e-01
1.294147073536768389e+00 3.233260229692413446e-01
1.299149574787392680e+00 3.214324632162118833e-01
1.304152076038018748e+00 3.195444645784624171e-01
1.309154577288644816e+00 3.176620270559935011e-01
1.314157078539269108e+00 3.157851506488058568e-01
1.319159579789895176e+00 3.139138353568980411e-01
1.324162081040519467e+00 3.120480811802714416e-01
1.329164582291145535e+00 3.101878881189247261e-01
1.334167083541769827e+00 3.083332561728592269e-01
1.339169584792395895e+00 3.064841853420736117e-01
1.344172086043021963e+00 3.046406756265686022e-01
1.349174587293646255e+00 3.028027270263448645e-01
1.354177088544272323e+00 3.009703395414009552e-01
1.359179589794896614e+00 2.991435131717382068e-01
1.364182091045522682e+00 2.973222479173554533e-01
1.369184592296146974e+00 2.955065437782538051e-01
1.374187093546773042e+00 2.936964007544321520e-01
1.379189594797399110e+00 2.918918188458910490e-01
1.384192096048023402e+00 2.900927980526312178e-01
1.389194597298649470e+00 2.882993383746512150e-01
1.394197098549273761e+00 2.865114398119523731e-01
1.399199599799899829e+00 2.847291023645334707e-01
1.404202101050525897e+00 2.829523260323951184e-01
1.409204602301150189e+00 2.811811108155379824e-01
1.414207103551776257e+00 2.794154567139607859e-01
1.419209604802400548e+00 2.776553637276648057e-01
1.424212106053026616e+00 2.759008318566487095e-01
1.429214607303650908e+00 2.741518611009137740e-01
1.434217108554276976e+00 2.724084514604587781e-01
1.439219609804903044e+00 2.706706029352843879e-01
1.444222111055527336e+00 2.689383155253911029e-01
1.449224612306153404e+00 2.672115892307778129e-01
1.454227113556777695e+00 2.654904240514457392e-01
1.459229614807403763e+00 2.637748199873935495e-01
1.464232116058028055e+00 2.620647770386225206e-01
1.469234617308654123e+00 2.603602952051314312e-01
1.474237118559280191e+00 2.586613744869209475e-01
1.479239619809904482e+00 2.569680148839915135e-01
1.484242121060530550e+00 2.552802163963421300e-01
1.489244622311154842e+00 2.535979790239739629e-01
1.494247123561780910e+00 2.519213027668856797e-01
1.499249624812405202e+00 2.502501876250785573e-01
1.504252126063031270e+00 2.485846335985513744e-01
1.509254627313657338e+00 2.469246406873047694e-01
1.514257128564281629e+00 2.452702088913392975e-01
1.519259629814907697e+00 2.436213382106537928e-01
1.524262131065531989e+00 2.419780286452495321e-01
1.529264632316158057e+00 2.403402801951251555e-01
1.534267133566782348e+00 2.387080928602818841e-01
1.539269634817408416e+00 2.370814666407186355e-01
1.544272136068034484e+00 2.354604015364359371e-01
1.549274637318658776e+00 2.338448975474343439e-01
1.554277138569284844e+00 2.322349546737127457e-01
1.559279639819909136e+00 2.306305729152723638e-01
1.564282141070535204e+00 2.290317522721119214e-01
1.569284642321159495e+00 2.274384927442325288e-01
1.574287143571785563e+00 2.258507943316331867e-01
1.579289644822411631e+00 2.242686570343143948e-01
1.584292146073035923e+00 2.226920808522767081e-01
1.589294647323661991e+00 2.211210657855190165e-01
1.594297148574286282e+00 2.195556118340425411e-01
1.599299649824912350e+00 2.179957189978459775e-01
1.604302151075536642e+00 2.164413872769304914e-01
1.609304652326162710e+00 2.148926166712950558e-01
1.614307153576788778e+00 2.133494071809401704e-01
1.619309654827413070e+00 2.118117588058663625e-01
1.624312156078039138e+00 2.102796715460726051e-01
1.629314657328663429e+00 2.087531454015600085e-01
1.634317158579289497e+00 2.072321803723273514e-01
1.639319659829915565e+00 2.057167764583752445e-01
1.644322161080539857e+00 2.042069336597042151e-01
1.649324662331165925e+00 2.027026519763132362e-01
1.654327163581790217e+00 2.012039314082033348e-01
1.659329664832416285e+00 1.997107719553734839e-01
1.664332166083040576e+00 1.982231736178247661e-01
1.669334667333666644e+00 1.967411363955560155e-01
1.674337168584292712e+00 1.952646602885678428e-01
1.679339669834917004e+00 1.937937452968606922e-01
1.684342171085543072e+00 1.923283914204336476e-01
1.689344672336167363e+00 1.908685986592875972e-01
1.694347173586793431e+00 1.894143670134216528e-01
1.699349674837417723e+00 1.879656964828368415e-01
1.704352176088043791e+00 1.865225870675319975e-01
1.709354677338669859e+00 1.850850387675077313e-01
1.714357178589294151e+00 1.836530515827644872e-01
1.719359679839920219e+00 1.822266255133013213e-01
1.724362181090544510e+00 1.808057605591192052e-01
1.729364682341170578e+00 1.793904567202171396e-01
1.734367183591794870e+00 1.779807139965962348e-01
1.739369684842420938e+00 1.765765323882552973e-01
1.744372186093047006e+00 1.751779118951949377e-01
1.749374687343671297e+00 1.737848525174155723e-01
1.754377188594297365e+00 1.723973542549163129e-01
1.759379689844921657e+00 1.710154171076980756e-01
1.764382191095547725e+00 1.696390410757599443e-01
1.769384692346172017e+00 1.682682261591029182e-01
1.774387193596798085e+00 1.669029723577258872e-01
1.779389694847424153e+00 1.655432796716294341e-01
1.784392196098048444e+00 1.641891481008139753e-01
1.789394697348674512e+00 1.628405776452786224e-01
1.794397198599298804e+00 1.614975683050242916e-01
1.799399699849924872e+00 1.601601200800500668e-01
1.804402201100549163e+00 1.588282329703569196e-01
1.809404702351175231e+00 1.575019069759437951e-01
1.814407203601801299e+00 1.561811420968112485e-01
1.819409704852425591e+00 1.548659383329596684e-01
1.824412206103051659e+00 1.535562956843882498e-01
1.829414707353675951e+00 1.522522141510977978e-01
1.834417208604302019e+00 1.509536937330874795e-01
1.839419709854928087e+00 1.496607344303577114e-01
1.844422211105552378e+00 1.483733362429090208e-01
1.849424712356178446e+00 1.470914991707403530e-01
1.854427213606802738e+00 1.458152232138526794e-01
1.859429714857428806e+00 1.445445083722451673e-01
1.864432216108053098e+00 1.432793546459185940e-01
1.869434717358679165e+00 1.420197620348721823e-01
1.874437218609305233e+00 1.407657305391063207e-01
1.879439719859929525e+00 1.395172601586215366e-01
1.884442221110555593e+00 1.382743508934167753e-01
1.889444722361179885e+00 1.370370027434930082e-01
1.894447223611805953e+00 1.358052157088493750e-01
1.899449724862430244e+00 1.345789897894867082e-01
1.904452226113056312e+00 1.333583249854042030e-01
1.909454727363682380e+00 1.321432212966022479e-01
1.914457228614306672e+00 1.309336787230813426e-01
1.919459729864932740e+00 1.297296972648405156e-01
1.924462231115557032e+00 1.285312769218806273e-01
1.929464732366183100e+00 1.273384176942009005e-01
1.934467233616807391e+00 1.261511195818021402e-01
1.939469734867433459e+00 1.249693825846835415e-01
1.944472236118059527e+00 1.237932067028454930e-01
1.949474737368683819e+00 1.226225919362884803e-01
1.954477238619309887e+00 1.214575382850115459e-01
1.959479739869934178e+00 1.202980457490155641e-01
1.964482241120560246e+00 1.191441143282997578e-01
1.969484742371184538e+00 1.179957440228648763e-01
1.974487243621810606e+00 1.168529348327101841e-01
1.979489744872436674e+00 1.157156867578360421e-01
1.984492246123060966e+00 1.145839997982429220e-01
1.989494747373687034e+00 1.134578739539298942e-01
1.994497248624311325e+00 1.123373092248978050e-01
1.999499749874937393e+00 1.112223056111458913e-01
2.004502251125561685e+00 1.101128631126749163e-01
2.009504752376187753e+00 1.090089817294841307e-01
2.014507253626813821e+00 1.079106614615738952e-01
2.019509754877438112e+00 1.068179023089446539e-01
2.024512256128064180e+00 1.057307042715955464e-01
2.029514757378688472e+00 1.046490673495273499e-01
2.034517258629314540e+00 1.035729915427393427e-01
2.039519759879938832e+00 1.025024768512322604e-01
2.044522261130564900e+00 1.014375232750053812e-01
2.049524762381190968e+00 1.003781308140590522e-01
2.054527263631815259e+00 9.932429946839370360e-02
2.059529764882441327e+00 9.827602923800850265e-02
2.064532266133065619e+00 9.723332012290419879e-02
2.069534767383691687e+00 9.619617212308011200e-02
2.074537268634317755e+00 9.516458523853657536e-02
2.079539769884942046e+00 9.413855946927393581e-02
2.084542271135568114e+00 9.311809481529152721e-02
2.089544772386192406e+00 9.210319127659007121e-02
2.094547273636818474e+00 9.109384885316876290e-02
2.099549774887442766e+00 9.009006754502835168e-02
2.104552276138068834e+00 8.909184735216817141e-02
2.109554777388694902e+00 8.809918827458854129e-02
2.114557278639319193e+00 8.711209031228980826e-02
2.119559779889945261e+00 8.613055346527129230e-02
2.124562281140569553e+00 8.515457773353372894e-02
2.129564782391195621e+00 8.418416311707634103e-02
2.134567283641819913e+00 8.321930961589982245e-02
2.139569784892445981e+00 8.226001723000353483e-02
2.144572286143072049e+00 8.130628595938782510e-02
2.149574787393696340e+00 8.035811580405297083e-02
2.154577288644322408e+00 7.941550676399837527e-02
2.159579789894946700e+00 7.847845883922470456e-02
2.164582291145572768e+00 7.754697202973120929e-02
2.169584792396197059e+00 7.662104633551859723e-02
2.174587293646823127e+00 7.570068175658621612e-02
2.179589794897449195e+00 7.478587829293441291e-02
2.184592296148073487e+00 7.387663594456345129e-02
2.189594797398699555e+00 7.297295471147276225e-02
2.194597298649323847e+00 7.207483459366298417e-02
2.199599799899949915e+00 7.118227559113339542e-02
2.204602301150574206e+00 7.029527770388467600e-02
2.209604802401200274e+00 6.941384093191620142e-02
2.214607303651826342e+00 6.853796527522830473e-02
2.219609804902450634e+00 6.766765073382123574e-02
2.224612306153076702e+00 6.680289730769445322e-02
2.229614807403700993e+00 6.594370499684856779e-02
2.234617308654327061e+00 6.509007380128288556e-02
2.239619809904951353e+00 6.424200372099805878e-02
2.244622311155577421e+00 6.339949475599349071e-02
2.249624812406203489e+00 6.256254690626950055e-02
2.254627313656827781e+00 6.173116017182633114e-02
2.259629814907453849e+00 6.090533455266344820e-02
2.264632316158078140e+00 6.008507004878145541e-02
2.269634817408704208e+00 5.927036666017968664e-02
2.274637318659330276e+00 5.846122438685847494e-02
2.279639819909954568e+00 5.765764322881809095e-02
2.284642321160580636e+00 5.685962318605800037e-02
2.289644822411204927e+00 5.606716425857873054e-02
2.294647323661830995e+00 5.528026644637975412e-02
2.299649824912455287e+00 5.449892974946164703e-02
2.304652326163081355e+00 5.372315416782379172e-02
2.309654827413707423e+00 5.295293970146648654e-02
2.314657328664331715e+00 5.218828635039000213e-02
2.319659829914957783e+00 5.142919411459381113e-02
2.324662331165582074e+00 5.067566299407844088e-02
2.329664832416208142e+00 4.992769298884337098e-02
2.334667333666832434e+00 4.918528409888915653e-02
2.339669834917458502e+00 4.844843632421520080e-02
2.344672336168084570e+00 4.771714966482180215e-02
2.349674837418708861e+00 4.699142412070921038e-02
2.354677338669334929e+00 4.627125969187693283e-02
2.359679839919959221e+00 4.555665637832544829e-02
2.364682341170585289e+00 4.484761418005428490e-02
2.369684842421209581e+00 4.414413309706396310e-02
2.374687343671835649e+00 4.344621312935392082e-02
2.379689844922461717e+00 4.275385427692442869e-02
2.384692346173086008e+00 4.206705653977572956e-02
2.389694847423712076e+00 4.138581991790735853e-02
2.394697348674336368e+00 4.071014441131976663e-02
2.399699849924962436e+00 4.004003002001251671e-02
2.404702351175586728e+00 3.937547674398608061e-02
2.409704852426212796e+00 3.871648458323994485e-02
2.414707353676838864e+00 3.806305353777435924e-02
2.419709854927463155e+00 3.741518360758955275e-02
2.424712356178089223e+00 3.677287479268508824e-02
2.429714857428713515e+00 3.613612709306139592e-02
2.434717358679339583e+00 3.550494050871804558e-02
2.439719859929963874e+00 3.487931503965550212e-02
2.444722361180589942e+00 3.425925068587327288e-02
2.449724862431216010e+00 3.364474744737160072e-02
2.454727363681840302e+00 3.303580532415068688e-02
2.459729864932466370e+00 3.243242431621012889e-02
2.464732366183090662e+00 3.183460442355032921e-02
2.469734867433716730e+00 3.124234564617088539e-02
2.474737368684341021e+00 3.065564798407223457e-02
2.479739869934967089e+00 3.007451143725391185e-02
2.484742371185593157e+00 2.949893600571614274e-02
2.489744872436217449e+00 2.892892168945912501e-02
2.494747373686843517e+00 2.836446848848247354e-02
2.499749874937467808e+00 2.780557640278656650e-02
2.504752376188093876e+00 2.725224543237103267e-02
2.509754877438719944e+00 2.670447557723605592e-02
2.514757378689344236e+00 2.616226683738185482e-02
2.519759879939970304e+00 2.562561921280799571e-02
2.524762381190594596e+00 2.509453270351487061e-02
2.529764882441220664e+00 2.456900730950212566e-02
2.534767383691844955e+00 2.404904303077011127e-02
2.539769884942471023e+00 2.353463986731848395e-02
2.544772386193097091e+00 2.302579781914741719e-02
2.549774887443721383e+00 2.252251688625710527e-02
2.554777388694347451e+00 2.202479706864715267e-02
2.559779889944971742e+00 2.153263836631792022e-02
2.564782391195597810e+00 2.104604077926908526e-02
2.569784892446222102e+00 2.056500430750096350e-02
2.574787393696848170e+00 2.008952895101324271e-02
2.579789894947474238e+00 1.961961470980608246e-02
2.584792396198098530e+00 1.915526158387966318e-02
2.589794897448724598e+00 1.869646957323361711e-02
2.594797398699348889e+00 1.824323867786828077e-02
2.599799899949974957e+00 1.779556889778334886e-02
2.604802401200599249e+00 1.735346023297912321e-02
2.609804902451225317e+00 1.691691268345530894e-02
2.614807403701851385e+00 1.648592624921205521e-02
2.619809904952475677e+00 1.606050093024952857e-02
2.624812406203101744e+00 1.564063672656738901e-02
2.629814907453726036e+00 1.522633363816594532e-02
2.634817408704352104e+00 1.481759166504492166e-02
2.639819909954976396e+00 1.441441080720459039e-02
2.644822411205602464e+00 1.401679106464468264e-02
2.649824912456228532e+00 1.362473243736533543e-02
2.654827413706852823e+00 1.323823492536669796e-02
2.659829914957478891e+00 1.285729852864846666e-02
2.664832416208103183e+00 1.248192324721091734e-02
2.669834917458729251e+00 1.211210908105380020e-02
2.674837418709353543e+00 1.174785603017736331e-02
2.679839919959979611e+00 1.138916409458136207e-02
2.684842421210605679e+00 1.103603327426592139e-02
2.689844922461229970e+00 1.068846356923117656e-02
2.694847423711856038e+00 1.034645497947685004e-02
2.699849924962480330e+00 1.001000750500319510e-02
2.704852426213106398e+00 9.679121145809986212e-03
2.709854927463732466e+00 9.353795901897334411e-03
2.714857428714356757e+00 9.034031773265348980e-03
2.719859929964982825e+00 8.719828759913814814e-03
2.724862431215607117e+00 8.411186861842960896e-03
2.729864932466233185e+00 8.108106079052542631e-03
2.734867433716857477e+00 7.810586411542780327e-03
2.739869934967483545e+00 7.518627859313477962e-03
2.744872436218109613e+00 7.232230422364733548e-03
2.749874937468733904e+00 6.951394100696641626e-03
2.754877438719359972e+00 6.676118894309013979e-03
2.759879939969984264e+00 6.406404803202051836e-03
2.764882441220610332e+00 6.142251827375540089e-03
2.769884942471234623e+00 5.883659966829672162e-03
2.774887443721860691e+00 5.630629221564276317e-03
2.779889944972486759e+00 5.383159591579439289e-03
2.784892446223111051e+00 5.141251076875240876e-03
2.789894947473737119e+00 4.904903677451520616e-03
2.794897448724361411e+00 4.674117393308449379e-03
2.799899949974987479e+00 4.448892224445845020e-03
2.804902451225611770e+00 4.229228170863870602e-03
2.809904952476237838e+00 4.015125232562382143e-03
2.814907453726863906e+00 3.806583409541452068e-03
2.819909954977488198e+00 3.603602701801147598e-03
2.824912456228114266e+00 3.406183109341333858e-03
2.829914957478738557e+00 3.214324632162154395e-03
2.834917458729364625e+00 3.028027270263456121e-03
2.839919959979988917e+00 2.847291023645376080e-03
2.844922461230614985e+00 2.672115892307794140e-03
2.849924962481241053e+00 2.502501876250771019e-03
2.854927463731865345e+00 2.338448975474360491e-03
2.859929964982491413e+00 2.179957189978453704e-03
2.864932466233115704e+00 2.027026519763165582e-03
2.869934967483741772e+00 1.879656964828374261e-03
2.874937468734366064e+00 1.737848525174188162e-03
2.879939969984992132e+00 1.601601200800512959e-03
2.884942471235618200e+00 1.470914991707396790e-03
2.889944972486242492e+00 1.345789897894880205e-03
2.894947473736868560e+00 1.226225919362880154e-03
2.899949974987492851e+00 1.112223056111483373e-03
2.904952476238118919e+00 1.003781308140599005e-03
2.909954977488743211e+00 9.009006754503068488e-04
2.914957478739369279e+00 8.035811580405385988e-04
2.919959979989995347e+00 7.118227559113292748e-04
2.924962481240619638e+00 6.256254690627066324e-04
2.929964982491245706e+00 5.449892974946134259e-04
2.934967483741869998e+00 4.699142412071079852e-04
2.939969984992496066e+00 4.004003002001304623e-04
2.944972486243122134e+00 3.364474744737119198e-04
2.949974987493746426e+00 2.780557640278708432e-04
2.954977488744372494e+00 2.252251688625683910e-04
2.959979989994996785e+00 1.779556889778397184e-04
2.964982491245622853e+00 1.362473243736533565e-04
2.969984992496247145e+00 1.001000750500392834e-04
2.974987493746873213e+00 6.951394100696863237e-05
2.979989994997499281e+00 4.448892224445696837e-05
2.984992496248123572e+00 2.502501876250982086e-05
2.989994997498749640e+00 1.112223056111424209e-05
2.994997498749373932e+00 2.780557640279485906e-06
3.000000000000000000e+00 0.000000000000000000e+00
