# xi f m=4 c=1.0 xi0=0.0 L2_residual=5.04e-03
-8.666666666666666075e+00 1.957433820584431716e+00
-8.661664165416040007e+00 1.957107363970541636e+00
-8.656661664165415715e+00 1.956780798410671762e+00
-8.651659162914789647e+00 1.956454123813881729e+00
-8.646656661664165355e+00 1.956127340089110600e+00
-8.641654160413539287e+00 1.955800447145174870e+00
-8.636651659162914996e+00 1.955473444890769796e+00
-8.631649157912288928e+00 1.955146333234467848e+00
-8.626646656661662860e+00 1.954819112084719146e+00
-8.621644155411038568e+00 1.954491781349851687e+00
-8.616641654160412500e+00 1.954164340938070232e+00
-8.611639152909788208e+00 1.953836790757456310e+00
-8.606636651659162141e+00 1.953509130715968212e+00
-8.601634150408537849e+00 1.953181360721440996e+00
-8.596631649157911781e+00 1.952853480681585596e+00
-8.591629147907285713e+00 1.952525490503989047e+00
-8.586626646656661421e+00 1.952197390096114260e+00
-8.581624145406035353e+00 1.951869179365299578e+00
-8.576621644155411062e+00 1.951540858218758778e+00
-8.571619142904784994e+00 1.951212426563580182e+00
-8.566616641654160702e+00 1.950883884306727767e+00
-8.561614140403534634e+00 1.950555231355039609e+00
-8.556611639152908566e+00 1.950226467615228332e+00
-8.551609137902284274e+00 1.949897592993880879e+00
-8.546606636651658206e+00 1.949568607397457409e+00
-8.541604135401033915e+00 1.949239510732292846e+00
-8.536601634150407847e+00 1.948910302904594438e+00
-8.531599132899781779e+00 1.948580983820443313e+00
-8.526596631649157487e+00 1.948251553385793811e+00
-8.521594130398531419e+00 1.947922011506471929e+00
-8.516591629147907128e+00 1.947592358088177544e+00
-8.511589127897281060e+00 1.947262593036481748e+00
-8.506586626646656768e+00 1.946932716256828177e+00
-8.501584125396030700e+00 1.946602727654532128e+00
-8.496581624145404632e+00 1.946272627134780331e+00
-8.491579122894780340e+00 1.945942414602631176e+00
-8.486576621644154272e+00 1.945612089963013380e+00
-8.481574120393529981e+00 1.945281653120727539e+00
-8.476571619142903913e+00 1.944951103980443907e+00
-8.471569117892279621e+00 1.944620442446703512e+00
-8.466566616641653553e+00 1.944289668423917483e+00
-8.461564115391027485e+00 1.943958781816366610e+00
-8.456561614140403194e+00 1.943627782528201786e+00
-8.451559112889777126e+00 1.943296670463442677e+00
-8.446556611639152834e+00 1.942965445525978163e+00
-8.441554110388526766e+00 1.942634107619566342e+00
-8.436551609137902474e+00 1.942302656647834080e+00
-8.431549107887276406e+00 1.941971092514275687e+00
-8.426546606636650338e+00 1.941639415122254686e+00
-8.421544105386026047e+00 1.941307624375001817e+00
-8.416541604135399979e+00 1.940975720175615704e+00
-8.411539102884775687e+00 1.940643702427062856e+00
-8.406536601634149619e+00 1.940311571032175442e+00
-8.401534100383525328e+00 1.939979325893654627e+00
-8.396531599132899260e+00 1.939646966914066351e+00
-8.391529097882273192e+00 1.939314493995843769e+00
-8.386526596631648900e+00 1.938981907041286368e+00
-8.381524095381022832e+00 1.938649205952559074e+00
-8.376521594130398540e+00 1.938316390631692920e+00
-8.371519092879772472e+00 1.937983460980583494e+00
-8.366516591629148181e+00 1.937650416900992711e+00
-8.361514090378522113e+00 1.937317258294546152e+00
-8.356511589127896045e+00 1.936983985062734615e+00
-8.351509087877271753e+00 1.936650597106913674e+00
-8.346506586626645685e+00 1.936317094328301902e+00
-8.341504085376021393e+00 1.935983476627982869e+00
-8.336501584125395325e+00 1.935649743906902920e+00
-8.331499082874771034e+00 1.935315896065872288e+00
-8.326496581624144966e+00 1.934981933005563537e+00
-8.321494080373518898e+00 1.934647854626512675e+00
-8.316491579122894606e+00 1.934313660829118264e+00
-8.311489077872268538e+00 1.933979351513640976e+00
-8.306486576621644247e+00 1.933644926580203594e+00
-8.301484075371018179e+00 1.933310385928790121e+00
-8.296481574120392111e+00 1.932975729459246672e+00
-8.291479072869767819e+00 1.932640957071280807e+00
-8.286476571619141751e+00 1.932306068664460197e+00
-8.281474070368517459e+00 1.931971064138214178e+00
-8.276471569117891391e+00 1.931635943391831756e+00
-8.271469067867267100e+00 1.931300706324462491e+00
-8.266466566616641032e+00 1.930965352835115389e+00
-8.261464065366014964e+00 1.930629882822660015e+00
-8.256461564115390672e+00 1.930294296185824710e+00
-8.251459062864764604e+00 1.929958592823196595e+00
-8.246456561614140313e+00 1.929622772633222239e+00
-8.241454060363514245e+00 1.929286835514206322e+00
-8.236451559112889953e+00 1.928950781364312528e+00
-8.231449057862263885e+00 1.928614610081561320e+00
-8.226446556611637817e+00 1.928278321563832165e+00
-8.221444055361013525e+00 1.927941915708861309e+00
-8.216441554110387457e+00 1.927605392414242225e+00
-8.211439052859763166e+00 1.927268751577425610e+00
-8.206436551609137098e+00 1.926931993095718498e+00
-8.201434050358512806e+00 1.926595116866284707e+00
-8.196431549107886738e+00 1.926258122786143501e+00
-8.191429047857260670e+00 1.925921010752170481e+00
-8.186426546606636379e+00 1.925583780661096922e+00
-8.181424045356010311e+00 1.925246432409508657e+00
-8.176421544105386019e+00 1.924908965893847412e+00
-8.171419042854759951e+00 1.924571381010408810e+00
-8.166416541604135659e+00 1.924233677655343255e+00
-8.161414040353509591e+00 1.923895855724655268e+00
-8.156411539102883523e+00 1.923557915114203487e+00
-8.151409037852259232e+00 1.923219855719699778e+00
-8.146406536601633164e+00 1.922881677436709458e+00
-8.141404035351008872e+00 1.922543380160650628e+00
-8.136401534100382804e+00 1.922204963786794174e+00
-8.131399032849756736e+00 1.921866428210263988e+00
-8.126396531599132445e+00 1.921527773326035415e+00
-8.121394030348506377e+00 1.921188999028936140e+00
-8.116391529097882085e+00 1.920850105213644854e+00
-8.111389027847256017e+00 1.920511091774692147e+00
-8.106386526596631725e+00 1.920171958606459617e+00
-8.101384025346005657e+00 1.919832705603178757e+00
-8.096381524095381366e+00 1.919493332658932516e+00
-8.091379022844755298e+00 1.919153839667653294e+00
-8.086376521594129230e+00 1.918814226523123612e+00
-8.081374020343504938e+00 1.918474493118975888e+00
-8.076371519092878870e+00 1.918134639348690884e+00
-8.071369017842254578e+00 1.917794665105599039e+00
-8.066366516591628510e+00 1.917454570282879356e+00
-8.061364015341002442e+00 1.917114354773558960e+00
-8.056361514090378151e+00 1.916774018470513319e+00
-8.051359012839752083e+00 1.916433561266465579e+00
-8.046356511589127791e+00 1.916092983053986343e+00
-8.041354010338501723e+00 1.915752283725493443e+00
-8.036351509087877432e+00 1.915411463173251727e+00
-8.031349007837251364e+00 1.915070521289372163e+00
-8.026346506586625296e+00 1.914729457965812287e+00
-8.021344005336001004e+00 1.914388273094376425e+00
-8.016341504085374936e+00 1.914046966566712804e+00
-8.011339002834750644e+00 1.913705538274316664e+00
-8.006336501584124576e+00 1.913363988108527369e+00
-8.001334000333500285e+00 1.913022315960529740e+00
-7.996331499082874217e+00 1.912680521721352278e+00
-7.991328997832249037e+00 1.912338605281868498e+00
-7.986326496581623857e+00 1.911996566532794928e+00
-7.981323995330997789e+00 1.911654405364692222e+00
-7.976321494080372609e+00 1.911312121667964270e+00
-7.971318992829747430e+00 1.910969715332857533e+00
-7.966316491579122250e+00 1.910627186249461484e+00
-7.961313990328497070e+00 1.910284534307707283e+00
-7.956311489077871890e+00 1.909941759397368877e+00
-7.951308987827246710e+00 1.909598861408061676e+00
-7.946306486576620642e+00 1.909255840229241885e+00
-7.941303985325995463e+00 1.908912695750207389e+00
-7.936301484075370283e+00 1.908569427860096646e+00
-7.931298982824745103e+00 1.908226036447888463e+00
-7.926296481574119923e+00 1.907882521402401999e+00
-7.921293980323494743e+00 1.907538882612295872e+00
-7.916291479072869564e+00 1.907195119966068386e+00
-7.911288977822243496e+00 1.906851233352056862e+00
-7.906286476571618316e+00 1.906507222658437861e+00
-7.901283975320993136e+00 1.906163087773225850e+00
-7.896281474070367956e+00 1.905818828584274094e+00
-7.891278972819742776e+00 1.905474444979273319e+00
-7.886276471569117597e+00 1.905129936845751715e+00
-7.881273970318492417e+00 1.904785304071075158e+00
-7.876271469067866349e+00 1.904440546542446322e+00
-7.871268967817241169e+00 1.904095664146904232e+00
-7.866266466566615989e+00 1.903750656771324268e+00
-7.861263965315990809e+00 1.903405524302417717e+00
-7.856261464065365629e+00 1.903060266626731778e+00
-7.851258962814740450e+00 1.902714883630648446e+00
-7.846256461564115270e+00 1.902369375200384960e+00
-7.841253960313489202e+00 1.902023741221993136e+00
-7.836251459062864022e+00 1.901677981581358923e+00
-7.831248957812238842e+00 1.901332096164202623e+00
-7.826246456561613662e+00 1.900986084856077563e+00
-7.821243955310988483e+00 1.900639947542370756e+00
-7.816241454060363303e+00 1.900293684108302461e+00
-7.811238952809738123e+00 1.899947294438924850e+00
-7.806236451559112055e+00 1.899600778419122671e+00
-7.801233950308486875e+00 1.899254135933612808e+00
-7.796231449057861695e+00 1.898907366866943613e+00
-7.791228947807236516e+00 1.898560471103494907e+00
-7.786226446556611336e+00 1.898213448527477087e+00
-7.781223945305985268e+00 1.897866299022931358e+00
-7.776221444055360088e+00 1.897519022473729056e+00
-7.771218942804734908e+00 1.897171618763571432e+00
-7.766216441554109728e+00 1.896824087775989875e+00
-7.761213940303484549e+00 1.896476429394343910e+00
-7.756211439052859369e+00 1.896128643501822975e+00
-7.751208937802234189e+00 1.895780729981444201e+00
-7.746206436551608121e+00 1.895432688716053526e+00
-7.741203935300982941e+00 1.895084519588324579e+00
-7.736201434050357761e+00 1.894736222480758236e+00
-7.731198932799732582e+00 1.894387797275683072e+00
-7.726196431549107402e+00 1.894039243855253574e+00
-7.721193930298482222e+00 1.893690562101451480e+00
-7.716191429047857042e+00 1.893341751896084446e+00
-7.711188927797230974e+00 1.892992813120785378e+00
-7.706186426546605794e+00 1.892643745657013099e+00
-7.701183925295980615e+00 1.892294549386051461e+00
-7.696181424045355435e+00 1.891945224189008457e+00
-7.691178922794730255e+00 1.891595769946817329e+00
-7.686176421544105075e+00 1.891246186540234131e+00
-7.681173920293479895e+00 1.890896473849839277e+00
-7.676171419042853827e+00 1.890546631756036433e+00
-7.671168917792228648e+00 1.890196660139051854e+00
-7.666166416541603468e+00 1.889846558878934601e+00
-7.661163915290978288e+00 1.889496327855555657e+00
-7.656161414040353108e+00 1.889145966948607702e+00
-7.651158912789727928e+00 1.888795476037605114e+00
-7.646156411539102749e+00 1.888444855001883527e+00
-7.641153910288476681e+00 1.888094103720598715e+00
-7.636151409037851501e+00 1.887743222072727267e+00
-7.631148907787226321e+00 1.887392209937065468e+00
-7.626146406536601141e+00 1.887041067192229526e+00
-7.621143905285975961e+00 1.886689793716654462e+00
-7.616141404035349893e+00 1.886338389388594328e+00
-7.611138902784725602e+00 1.885986854086121989e+00
-7.606136401534099534e+00 1.885635187687127790e+00
-7.601133900283474354e+00 1.885283390069320442e+00
-7.596131399032849174e+00 1.884931461110225914e+00
-7.591128897782223994e+00 1.884579400687186546e+00
-7.586126396531598814e+00 1.884227208677362375e+00
-7.581123895280972746e+00 1.883874884957728479e+00
-7.576121394030348455e+00 1.883522429405076970e+00
-7.571118892779722387e+00 1.883169841896014551e+00
-7.566116391529097207e+00 1.882817122306963631e+00
-7.561113890278472027e+00 1.882464270514160987e+00
-7.556111389027846847e+00 1.882111286393657545e+00
-7.551108887777221668e+00 1.881758169821319049e+00
-7.546106386526595600e+00 1.881404920672823611e+00
-7.541103885275971308e+00 1.881051538823663938e+00
-7.536101384025345240e+00 1.880698024149144221e+00
-7.531098882774720060e+00 1.880344376524381689e+00
-7.526096381524094880e+00 1.879990595824305721e+00
-7.521093880273469701e+00 1.879636681923657182e+00
-7.516091379022844521e+00 1.879282634696987975e+00
-7.511088877772218453e+00 1.878928454018661265e+00
-7.506086376521593273e+00 1.878574139762850148e+00
-7.501083875270968093e+00 1.878219691803538538e+00
-7.496081374020342913e+00 1.877865110014519390e+00
-7.491078872769717734e+00 1.877510394269395144e+00
-7.486076371519092554e+00 1.877155544441577284e+00
-7.481073870268467374e+00 1.876800560404285445e+00
-7.476071369017841306e+00 1.876445442030547639e+00
-7.471068867767216126e+00 1.876090189193199365e+00
-7.466066366516590946e+00 1.875734801764883830e+00
-7.461063865265965767e+00 1.875379279618050621e+00
-7.456061364015340587e+00 1.875023622624955921e+00
-7.451058862764715407e+00 1.874667830657662293e+00
-7.446056361514090227e+00 1.874311903588037564e+00
-7.441053860263464159e+00 1.873955841287755053e+00
-7.436051359012838979e+00 1.873599643628293343e+00
-7.431048857762213800e+00 1.873243310480934509e+00
-7.426046356511588620e+00 1.872886841716765671e+00
-7.421043855260963440e+00 1.872530237206676773e+00
-7.416041354010338260e+00 1.872173496821361249e+00
-7.411038852759713080e+00 1.871816620431316025e+00
-7.406036351509087012e+00 1.871459607906839295e+00
-7.401033850258461833e+00 1.871102459118032080e+00
-7.396031349007836653e+00 1.870745173934796668e+00
-7.391028847757211473e+00 1.870387752226836175e+00
-7.386026346506586293e+00 1.870030193863654988e+00
-7.381023845255960225e+00 1.869672498714557651e+00
-7.376021344005335934e+00 1.869314666648648648e+00
-7.371018842754709866e+00 1.868956697534831513e+00
-7.366016341504084686e+00 1.868598591241809048e+00
-7.361013840253459506e+00 1.868240347638083332e+00
-7.356011339002834326e+00 1.867881966591953713e+00
-7.351008837752209146e+00 1.867523447971517481e+00
-7.346006336501583078e+00 1.867164791644669863e+00
-7.341003835250958787e+00 1.866805997479102475e+00
-7.336001334000332719e+00 1.866447065342303313e+00
-7.330998832749707539e+00 1.866087995101557206e+00
-7.325996331499082359e+00 1.865728786623943591e+00
-7.320993830248457179e+00 1.865369439776337623e+00
-7.315991328997831999e+00 1.865009954425409511e+00
-7.310988827747205931e+00 1.864650330437623182e+00
-7.305986326496580752e+00 1.864290567679236732e+00
-7.300983825245955572e+00 1.863930666016301751e+00
-7.295981323995330392e+00 1.863570625314662887e+00
-7.290978822744705212e+00 1.863210445439956953e+00
-7.285976321494080032e+00 1.862850126257613592e+00
-7.280973820243454853e+00 1.862489667632853285e+00
-7.275971318992828785e+00 1.862129069430688455e+00
-7.270968817742203605e+00 1.861768331515921915e+00
-7.265966316491578425e+00 1.861407453753147312e+00
-7.260963815240953245e+00 1.861046436006747795e+00
-7.255961313990328065e+00 1.860685278140895571e+00
-7.250958812739702886e+00 1.860323980019552792e+00
-7.245956311489077706e+00 1.859962541506469558e+00
-7.240953810238451638e+00 1.859600962465184137e+00
-7.235951308987826458e+00 1.859239242759022526e+00
-7.230948807737201278e+00 1.858877382251098220e+00
-7.225946306486576098e+00 1.858515380804310668e+00
-7.220943805235950919e+00 1.858153238281346376e+00
-7.215941303985325739e+00 1.857790954544677575e+00
-7.210938802734700559e+00 1.857428529456560895e+00
-7.205936301484074491e+00 1.857065962879039578e+00
-7.200933800233449311e+00 1.856703254673939485e+00
-7.195931298982824131e+00 1.856340404702872204e+00
-7.190928797732198952e+00 1.855977412827231277e+00
-7.185926296481573772e+00 1.855614278908194192e+00
-7.180923795230947704e+00 1.855251002806720839e+00
-7.175921293980323412e+00 1.854887584383553500e+00
-7.170918792729697344e+00 1.854524023499215080e+00
-7.165916291479072164e+00 1.854160320014010876e+00
-7.160913790228446985e+00 1.853796473788026145e+00
-7.155911288977821805e+00 1.853432484681126979e+00
-7.150908787727196625e+00 1.853068352552958320e+00
-7.145906286476570557e+00 1.852704077262945059e+00
-7.140903785225946265e+00 1.852339658670290934e+00
-7.135901283975320197e+00 1.851975096633977413e+00
-7.130898782724695018e+00 1.851610391012764589e+00
-7.125896281474069838e+00 1.851245541665189176e+00
-7.120893780223444658e+00 1.850880548449565177e+00
-7.115891278972819478e+00 1.850515411223982998e+00
-7.110888777722193410e+00 1.850150129846308555e+00
-7.105886276471569118e+00 1.849784704174183725e+00
-7.100883775220943050e+00 1.849419134065024783e+00
-7.095881273970317871e+00 1.849053419376023077e+00
-7.090878772719692691e+00 1.848687559964143245e+00
-7.085876271469067511e+00 1.848321555686123663e+00
-7.080873770218442331e+00 1.847955406398475775e+00
-7.075871268967816263e+00 1.847589111957483210e+00
-7.070868767717191083e+00 1.847222672219202000e+00
-7.065866266466565904e+00 1.846856087039459471e+00
-7.060863765215940724e+00 1.846489356273853133e+00
-7.055861263965315544e+00 1.846122479777752678e+00
-7.050858762714690364e+00 1.845755457406295985e+00
-7.045856261464065184e+00 1.845388289014391336e+00
-7.040853760213439116e+00 1.845020974456716090e+00
-7.035851258962813937e+00 1.844653513587715565e+00
-7.030848757712188757e+00 1.844285906261603492e+00
-7.025846256461563577e+00 1.843918152332360449e+00
-7.020843755210938397e+00 1.843550251653734540e+00
-7.015841253960313217e+00 1.843182204079239828e+00
-7.010838752709688038e+00 1.842814009462156788e+00
-7.005836251459061970e+00 1.842445667655530750e+00
-7.000833750208436790e+00 1.842077178512172342e+00
-6.995831248957811610e+00 1.841708541884656158e+00
-6.990828747707186430e+00 1.841339757625320983e+00
-6.985826246456561250e+00 1.840970825586268678e+00
-6.980823745205936071e+00 1.840601745619364182e+00
-6.975821243955310891e+00 1.840232517576234184e+00
-6.970818742704684823e+00 1.839863141308267558e+00
-6.965816241454059643e+00 1.839493616666614484e+00
-6.960813740203434463e+00 1.839123943502185332e+00
-6.955811238952809283e+00 1.838754121665651331e+00
-6.950808737702184104e+00 1.838384151007442346e+00
-6.945806236451558036e+00 1.838014031377748436e+00
-6.940803735200933744e+00 1.837643762626517629e+00
-6.935801233950307676e+00 1.837273344603455927e+00
-6.930798732699682496e+00 1.836902777158027078e+00
-6.925796231449057316e+00 1.836532060139451916e+00
-6.920793730198432137e+00 1.836161193396706803e+00
-6.915791228947806957e+00 1.835790176778525407e+00
-6.910788727697180889e+00 1.835419010133395368e+00
-6.905786226446556597e+00 1.835047693309560080e+00
-6.900783725195930529e+00 1.834676226155016465e+00
-6.895781223945305349e+00 1.834304608517515645e+00
-6.890778722694680170e+00 1.833932840244561824e+00
-6.885776221444054990e+00 1.833560921183411407e+00
-6.880773720193429810e+00 1.833188851181072998e+00
-6.875771218942803742e+00 1.832816630084307397e+00
-6.870768717692178562e+00 1.832444257739625160e+00
-6.865766216441553382e+00 1.832071733993287932e+00
-6.860763715190928203e+00 1.831699058691307114e+00
-6.855761213940303023e+00 1.831326231679443195e+00
-6.850758712689677843e+00 1.830953252803205755e+00
-6.845756211439052663e+00 1.830580121907851687e+00
-6.840753710188426595e+00 1.830206838838386307e+00
-6.835751208937801415e+00 1.829833403439561357e+00
-6.830748707687176235e+00 1.829459815555875446e+00
-6.825746206436551056e+00 1.829086075031572722e+00
-6.820743705185925876e+00 1.828712181710642648e+00
-6.815741203935300696e+00 1.828338135436819556e+00
-6.810738702684675516e+00 1.827963936053581984e+00
-6.805736201434049448e+00 1.827589583404151341e+00
-6.800733700183424268e+00 1.827215077331493465e+00
-6.795731198932799089e+00 1.826840417678315065e+00
-6.790728697682173909e+00 1.826465604287065503e+00
-6.785726196431548729e+00 1.826090636999935013e+00
-6.780723695180923549e+00 1.825715515658854926e+00
-6.775721193930298369e+00 1.825340240105496559e+00
-6.770718692679672301e+00 1.824964810181269881e+00
-6.765716191429047122e+00 1.824589225727325292e+00
-6.760713690178421942e+00 1.824213486584550070e+00
-6.755711188927796762e+00 1.823837592593569701e+00
-6.750708687677171582e+00 1.823461543594747214e+00
-6.745706186426545514e+00 1.823085339428181406e+00
-6.740703685175921223e+00 1.822708979933707507e+00
-6.735701183925295155e+00 1.822332464950896291e+00
-6.730698682674669975e+00 1.821955794319052302e+00
-6.725696181424044795e+00 1.821578967877215183e+00
-6.720693680173419615e+00 1.821201985464157680e+00
-6.715691178922794435e+00 1.820824846918384976e+00
-6.710688677672168367e+00 1.820447552078135800e+00
-6.705686176421544076e+00 1.820070100781379097e+00
-6.700683675170918008e+00 1.819692492865815803e+00
-6.695681173920292828e+00 1.819314728168877293e+00
-6.690678672669667648e+00 1.818936806527724048e+00
-6.685676171419042468e+00 1.818558727779246986e+00
-6.680673670168417289e+00 1.818180491760064355e+00
-6.675671168917791221e+00 1.817802098306523062e+00
-6.670668667667166929e+00 1.817423547254697569e+00
-6.665666166416540861e+00 1.817044838440388332e+00
-6.660663665165915681e+00 1.816665971699122695e+00
-6.655661163915290501e+00 1.816286946866152885e+00
-6.650658662664665322e+00 1.815907763776456463e+00
-6.645656161414040142e+00 1.815528422264734987e+00
-6.640653660163414074e+00 1.815148922165413126e+00
-6.635651158912789782e+00 1.814769263312639547e+00
-6.630648657662163714e+00 1.814389445540284251e+00
-6.625646156411538534e+00 1.814009468681939463e+00
-6.620643655160913355e+00 1.813629332570918073e+00
-6.615641153910287287e+00 1.813249037040253420e+00
-6.610638652659662995e+00 1.812868581922699285e+00
-6.605636151409036927e+00 1.812487967050727455e+00
-6.600633650158412635e+00 1.812107192256528609e+00
-6.595631148907786567e+00 1.811726257372011428e+00
-6.590628647657161387e+00 1.811345162228801486e+00
-6.585626146406536208e+00 1.810963906658241251e+00
-6.580623645155910140e+00 1.810582490491388086e+00
-6.575621143905285848e+00 1.810200913559015357e+00
-6.570618642654659780e+00 1.809819175691610882e+00
-6.565616141404034600e+00 1.809437276719375820e+00
-6.560613640153409420e+00 1.809055216472225114e+00
-6.555611138902784241e+00 1.808672994779785714e+00
-6.550608637652159061e+00 1.808290611471396581e+00
-6.545606136401532993e+00 1.807908066376108236e+00
-6.540603635150908701e+00 1.807525359322680769e+00
-6.535601133900282633e+00 1.807142490139585167e+00
-6.530598632649657453e+00 1.806759458655000872e+00
-6.525596131399032274e+00 1.806376264696816003e+00
-6.520593630148407094e+00 1.805992908092626470e+00
-6.515591128897781914e+00 1.805609388669735305e+00
-6.510588627647155846e+00 1.805225706255151996e+00
-6.505586126396531554e+00 1.804841860675591825e+00
-6.500583625145905486e+00 1.804457851757474529e+00
-6.495581123895280307e+00 1.804073679326924973e+00
-6.490578622644655127e+00 1.803689343209771589e+00
-6.485576121394029947e+00 1.803304843231545496e+00
-6.480573620143404767e+00 1.802920179217480046e+00
-6.475571118892778699e+00 1.802535350992509944e+00
-6.470568617642154408e+00 1.802150358381271911e+00
-6.465566116391528340e+00 1.801765201208101352e+00
-6.460563615140903160e+00 1.801379879297034137e+00
-6.455561113890277980e+00 1.800994392471804595e+00
-6.450558612639652800e+00 1.800608740555845078e+00
-6.445556111389027620e+00 1.800222923372285067e+00
-6.440553610138401552e+00 1.799836940743950953e+00
-6.435551108887777261e+00 1.799450792493364926e+00
-6.430548607637151193e+00 1.799064478442744752e+00
-6.425546106386526013e+00 1.798677998414001555e+00
-6.420543605135900833e+00 1.798291352228741813e+00
-6.415541103885275653e+00 1.797904539708263361e+00
-6.410538602634650474e+00 1.797517560673557613e+00
-6.405536101384024406e+00 1.797130414945306898e+00
-6.400533600133400114e+00 1.796743102343884679e+00
-6.395531098882774046e+00 1.796355622689354004e+00
-6.390528597632148866e+00 1.795967975801468164e+00
-6.385526096381523686e+00 1.795580161499667815e+00
-6.380523595130897618e+00 1.795192179603082971e+00
-6.375521093880273327e+00 1.794804029930529898e+00
-6.370518592629647259e+00 1.794415712300511112e+00
-6.365516091379022967e+00 1.794027226531215380e+00
-6.360513590128396899e+00 1.793638572440515722e+00
-6.355511088877771719e+00 1.793249749845970298e+00
-6.350508587627146539e+00 1.792860758564819523e+00
-6.345506086376520472e+00 1.792471598413986955e+00
-6.340503585125896180e+00 1.792082269210078405e+00
-6.335501083875270112e+00 1.791692770769379939e+00
-6.330498582624644932e+00 1.791303102907858769e+00
-6.325496081374019752e+00 1.790913265441161695e+00
-6.320493580123394572e+00 1.790523258184613553e+00
-6.315491078872769393e+00 1.790133080953218325e+00
-6.310488577622143325e+00 1.789742733561655808e+00
-6.305486076371519033e+00 1.789352215824284276e+00
-6.300483575120892965e+00 1.788961527555136044e+00
-6.295481073870267785e+00 1.788570668567919020e+00
-6.290478572619642605e+00 1.788179638676015371e+00
-6.285476071369017426e+00 1.787788437692480414e+00
-6.280473570118392246e+00 1.787397065430042398e+00
-6.275471068867766178e+00 1.787005521701101163e+00
-6.270468567617141886e+00 1.786613806317727482e+00
-6.265466066366515818e+00 1.786221919091662613e+00
-6.260463565115890638e+00 1.785829859834316968e+00
-6.255461063865265459e+00 1.785437628356769668e+00
-6.250458562614640279e+00 1.785045224469767877e+00
-6.245456061364015099e+00 1.784652647983725693e+00
-6.240453560113389031e+00 1.784259898708723036e+00
-6.235451058862764739e+00 1.783866976454505870e+00
-6.230448557612138671e+00 1.783473881030484431e+00
-6.225446056361513492e+00 1.783080612245732555e+00
-6.220443555110888312e+00 1.782687169908987457e+00
-6.215441053860263132e+00 1.782293553828648625e+00
-6.210438552609637952e+00 1.781899763812776039e+00
-6.205436051359011884e+00 1.781505799669090839e+00
-6.200433550108387593e+00 1.781111661204974217e+00
-6.195431048857761525e+00 1.780717348227464969e+00
-6.190428547607136345e+00 1.780322860543261498e+00
-6.185426046356511165e+00 1.779928197958718039e+00
-6.180423545105885097e+00 1.779533360279845766e+00
-6.175421043855260805e+00 1.779138347312311685e+00
-6.170418542604634737e+00 1.778743158861436413e+00
-6.165416041354010446e+00 1.778347794732195952e+00
-6.160413540103384378e+00 1.777952254729217918e+00
-6.155411038852759198e+00 1.777556538656782648e+00
-6.150408537602134018e+00 1.777160646318821646e+00
-6.145406036351507950e+00 1.776764577518916921e+00
-6.140403535100883659e+00 1.776368332060300093e+00
-6.135401033850257591e+00 1.775971909745851285e+00
-6.130398532599632411e+00 1.775575310378098681e+00
-6.125396031349007231e+00 1.775178533759217192e+00
-6.120393530098382051e+00 1.774781579691027789e+00
-6.115391028847756871e+00 1.774384447974997503e+00
-6.110388527597130803e+00 1.773987138412236320e+00
-6.105386026346506512e+00 1.773589650803499174e+00
-6.100383525095880444e+00 1.773191984949182620e+00
-6.095381023845255264e+00 1.772794140649325279e+00
-6.090378522594630084e+00 1.772396117703606500e+00
-6.085376021344004904e+00 1.771997915911345700e+00
-6.080373520093379724e+00 1.771599535071501474e+00
-6.075371018842753656e+00 1.771200974982670262e+00
-6.070368517592129365e+00 1.770802235443086126e+00
-6.065366016341503297e+00 1.770403316250618975e+00
-6.060363515090878117e+00 1.770004217202775010e+00
-6.055361013840252937e+00 1.769604938096694058e+00
-6.050358512589627757e+00 1.769205478729150682e+00
-6.045356011339002578e+00 1.768805838896551075e+00
-6.040353510088376510e+00 1.768406018394934165e+00
-6.035351008837752218e+00 1.768006017019969178e+00
-6.030348507587126150e+00 1.767605834566955636e+00
-6.025346006336500970e+00 1.767205470830822245e+00
-6.020343505085875790e+00 1.766804925606125787e+00
-6.015341003835250611e+00 1.766404198687050009e+00
-6.010338502584625431e+00 1.766003289867405179e+00
-6.005336001333999363e+00 1.765602198940626977e+00
-6.000333500083375071e+00 1.765200925699775603e+00
-5.995330998832749003e+00 1.764799469937534226e+00
-5.990328497582123823e+00 1.764397831446209208e+00
-5.985325996331498644e+00 1.763996010017728322e+00
-5.980323495080873464e+00 1.763594005443639645e+00
-5.975320993830248284e+00 1.763191817515111337e+00
-5.970318492579622216e+00 1.762789446022930084e+00
-5.965315991328997924e+00 1.762386890757500657e+00
-5.960313490078371856e+00 1.761984151508844354e+00
-5.955310988827746677e+00 1.761581228066598337e+00
-5.950308487577121497e+00 1.761178120220014742e+00
-5.945305986326495429e+00 1.760774827757959793e+00
-5.940303485075871137e+00 1.760371350468912688e+00
-5.935300983825245069e+00 1.759967688140964048e+00
-5.930298482574620778e+00 1.759563840561816139e+00
-5.925295981323994710e+00 1.759159807518780871e+00
-5.920293480073369530e+00 1.758755588798779357e+00
-5.915290978822744350e+00 1.758351184188340577e+00
-5.910288477572118282e+00 1.757946593473600938e+00
-5.905285976321493990e+00 1.757541816440302274e+00
-5.900283475070867922e+00 1.757136852873792288e+00
-5.895280973820242743e+00 1.756731702559021890e+00
-5.890278472569617563e+00 1.756326365280545421e+00
-5.885275971318992383e+00 1.755920840822519757e+00
-5.880273470068367203e+00 1.755515128968701877e+00
-5.875270968817741135e+00 1.755109229502449297e+00
-5.870268467567116843e+00 1.754703142206718525e+00
-5.865265966316490776e+00 1.754296866864063720e+00
-5.860263465065865596e+00 1.753890403256636699e+00
-5.855260963815240416e+00 1.753483751166184490e+00
-5.850258462564615236e+00 1.753076910374049113e+00
-5.845255961313990056e+00 1.752669880661166912e+00
-5.840253460063363988e+00 1.752262661808066335e+00
-5.835250958812739697e+00 1.751855253594868378e+00
-5.830248457562113629e+00 1.751447655801284142e+00
-5.825245956311488449e+00 1.751039868206614614e+00
-5.820243455060863269e+00 1.750631890589749773e+00
-5.815240953810238089e+00 1.750223722729166598e+00
-5.810238452559612909e+00 1.749815364402928841e+00
-5.805235951308986841e+00 1.749406815388685921e+00
-5.800233450058362550e+00 1.748998075463671142e+00
-5.795230948807736482e+00 1.748589144404701701e+00
-5.790228447557111302e+00 1.748180021988176680e+00
-5.785225946306486122e+00 1.747770707990076611e+00
-5.780223445055860942e+00 1.747361202185961471e+00
-5.775220943805235763e+00 1.746951504350971129e+00
-5.770218442554609695e+00 1.746541614259822905e+00
-5.765215941303985403e+00 1.746131531686810900e+00
-5.760213440053359335e+00 1.745721256405805111e+00
-5.755210938802734155e+00 1.745310788190250317e+00
-5.750208437552108975e+00 1.744900126813164309e+00
-5.745205936301482907e+00 1.744489272047137884e+00
-5.740203435050858616e+00 1.744078223664333072e+00
-5.735200933800232548e+00 1.743666981436481578e+00
-5.730198432549608256e+00 1.743255545134885232e+00
-5.725195931298982188e+00 1.742843914530412652e+00
-5.720193430048357008e+00 1.742432089393500361e+00
-5.715190928797731829e+00 1.742020069494150114e+00
-5.710188427547105761e+00 1.741607854601928018e+00
-5.705185926296481469e+00 1.741195444485964305e+00
-5.700183425045855401e+00 1.740782838914950892e+00
-5.695180923795230221e+00 1.740370037657141378e+00
-5.690178422544605041e+00 1.739957040480349271e+00
-5.685175921293979862e+00 1.739543847151946876e+00
-5.680173420043354682e+00 1.739130457438863964e+00
-5.675170918792728614e+00 1.738716871107587547e+00
-5.670168417542104322e+00 1.738303087924159662e+00
-5.665165916291478254e+00 1.737889107654176701e+00
-5.660163415040853074e+00 1.737474930062787859e+00
-5.655160913790227895e+00 1.737060554914694910e+00
-5.650158412539602715e+00 1.736645981974149544e+00
-5.645155911288977535e+00 1.736231211004953590e+00
-5.640153410038351467e+00 1.735816241770457236e+00
-5.635150908787727175e+00 1.735401074033557478e+00
-5.630148407537101107e+00 1.734985707556697898e+00
-5.625145906286475928e+00 1.734570142101866219e+00
-5.620143405035850748e+00 1.734154377430594085e+00
-5.615140903785225568e+00 1.733738413303955728e+00
-5.610138402534600388e+00 1.733322249482566191e+00
-5.605135901283974320e+00 1.732905885726580664e+00
-5.600133400033350028e+00 1.732489321795693371e+00
-5.595130898782723960e+00 1.732072557449135353e+00
-5.590128397532098781e+00 1.731655592445674907e+00
-5.585125896281473601e+00 1.731238426543614484e+00
-5.580123395030848421e+00 1.730821059500791348e+00
-5.575120893780223241e+00 1.730403491074574474e+00
-5.570118392529597173e+00 1.729985721021864542e+00
-5.565115891278972882e+00 1.729567749099092833e+00
-5.560113390028346814e+00 1.729149575062218558e+00
-5.555110888777721634e+00 1.728731198666729751e+00
-5.550108387527096454e+00 1.728312619667639716e+00
-5.545105886276471274e+00 1.727893837819487244e+00
-5.540103385025846094e+00 1.727474852876335287e+00
-5.535100883775220026e+00 1.727055664591768736e+00
-5.530098382524595735e+00 1.726636272718894860e+00
-5.525095881273969667e+00 1.726216677010339318e+00
-5.520093380023344487e+00 1.725796877218248149e+00
-5.515090878772719307e+00 1.725376873094283559e+00
-5.510088377522093239e+00 1.724956664389624583e+00
-5.505085876271468948e+00 1.724536250854965092e+00
-5.500083375020842880e+00 1.724115632240512230e+00
-5.495080873770218588e+00 1.723694808295985537e+00
-5.490078372519592520e+00 1.723273778770615605e+00
-5.485075871268967340e+00 1.722852543413142312e+00
-5.480073370018342160e+00 1.722431101971814149e+00
-5.475070868767716092e+00 1.722009454194386224e+00
-5.470068367517091801e+00 1.721587599828119819e+00
-5.465065866266465733e+00 1.721165538619780166e+00
-5.460063365015840553e+00 1.720743270315635343e+00
-5.455060863765215373e+00 1.720320794661455599e+00
-5.450058362514590193e+00 1.719898111402510699e+00
-5.445055861263965014e+00 1.719475220283569916e+00
-5.440053360013338946e+00 1.719052121048900261e+00
-5.435050858762714654e+00 1.718628813442264036e+00
-5.430048357512088586e+00 1.718205297206919502e+00
-5.425045856261463406e+00 1.717781572085617992e+00
-5.420043355010838226e+00 1.717357637820602134e+00
-5.415040853760213047e+00 1.716933494153606965e+00
-5.410038352509587867e+00 1.716509140825855040e+00
-5.405035851258961799e+00 1.716084577578058212e+00
-5.400033350008337507e+00 1.715659804150414525e+00
-5.395030848757711439e+00 1.715234820282606432e+00
-5.390028347507086259e+00 1.714809625713801244e+00
-5.385025846256461080e+00 1.714384220182648244e+00
-5.380023345005835900e+00 1.713958603427277350e+00
-5.375020843755210720e+00 1.713532775185298007e+00
-5.370018342504584652e+00 1.713106735193798080e+00
-5.365015841253960360e+00 1.712680483189342073e+00
-5.360013340003334292e+00 1.712254018907969577e+00
-5.355010838752709112e+00 1.711827342085193715e+00
-5.350008337502083933e+00 1.711400452456000476e+00
-5.345005836251458753e+00 1.710973349754846495e+00
-5.340003335000833573e+00 1.710546033715657721e+00
-5.335000833750207505e+00 1.710118504071828083e+00
-5.329998332499583213e+00 1.709690760556218603e+00
-5.324995831248957145e+00 1.709262802901154732e+00
-5.319993329998331966e+00 1.708834630838425239e+00
-5.314990828747706786e+00 1.708406244099282212e+00
-5.309988327497080718e+00 1.707977642414437058e+00
-5.304985826246456426e+00 1.707548825514060953e+00
-5.299983324995830358e+00 1.707119793127782614e+00
-5.294980823745206067e+00 1.706690544984686975e+00
-5.289978322494579999e+00 1.706261080813312958e+00
-5.284975821243954819e+00 1.705831400341653925e+00
-5.279973319993329639e+00 1.705401503297153232e+00
-5.274970818742703571e+00 1.704971389406705784e+00
-5.269968317492079279e+00 1.704541058396653819e+00
-5.264965816241453211e+00 1.704110509992787348e+00
-5.259963314990828032e+00 1.703679743920341716e+00
-5.254960813740202852e+00 1.703248759903996046e+00
-5.249958312489577672e+00 1.702817557667872128e+00
-5.244955811238952492e+00 1.702386136935532202e+00
-5.239953309988326424e+00 1.701954497429977842e+00
-5.234950808737702133e+00 1.701522638873648852e+00
-5.229948307487076065e+00 1.701090560988420153e+00
-5.224945806236450885e+00 1.700658263495602451e+00
-5.219943304985825705e+00 1.700225746115938685e+00
-5.214940803735200525e+00 1.699793008569603581e+00
-5.209938302484575345e+00 1.699360050576200987e+00
-5.204935801233949277e+00 1.698926871854763210e+00
-5.199933299983324986e+00 1.698493472123750347e+00
-5.194930798732698918e+00 1.698059851101045403e+00
-5.189928297482073738e+00 1.697626008503956507e+00
-5.184925796231448558e+00 1.697191944049212475e+00
-5.179923294980823378e+00 1.696757657452962809e+00
-5.174920793730198199e+00 1.696323148430775252e+00
-5.169918292479572131e+00 1.695888416697634238e+00
-5.164915791228947839e+00 1.695453461967940223e+00
-5.159913289978321771e+00 1.695018283955506133e+00
-5.154910788727696591e+00 1.694582882373557364e+00
-5.149908287477071411e+00 1.694147256934729562e+00
-5.144905786226446232e+00 1.693711407351066622e+00
-5.139903284975821052e+00 1.693275333334019583e+00
-5.134900783725194984e+00 1.692839034594444847e+00
-5.129898282474570692e+00 1.692402510842601959e+00
-5.124895781223944624e+00 1.691965761788152278e+00
-5.119893279973319444e+00 1.691528787140157863e+00
-5.114890778722694265e+00 1.691091586607078590e+00
-5.109888277472069085e+00 1.690654159896771258e+00
-5.104885776221443905e+00 1.690216506716487599e+00
-5.099883274970817837e+00 1.689778626772872716e+00
-5.094880773720193545e+00 1.689340519771963534e+00
-5.089878272469567477e+00 1.688902185419185686e+00
-5.084875771218942297e+00 1.688463623419354187e+00
-5.079873269968317118e+00 1.688024833476669873e+00
-5.074870768717691050e+00 1.687585815294717628e+00
-5.069868267467066758e+00 1.687146568576466166e+00
-5.064865766216440690e+00 1.686707093024263804e+00
-5.059863264965816398e+00 1.686267388339839579e+00
-5.054860763715190330e+00 1.685827454224299027e+00
-5.049858262464565151e+00 1.685387290378123959e+00
-5.044855761213939971e+00 1.684946896501169356e+00
-5.039853259963313903e+00 1.684506272292662699e+00
-5.034850758712689611e+00 1.684065417451202418e+00
-5.029848257462063543e+00 1.683624331674753893e+00
-5.024845756211438363e+00 1.683183014660650567e+00
-5.019843254960813184e+00 1.682741466105589945e+00
-5.014840753710188004e+00 1.682299685705632264e+00
-5.009838252459562824e+00 1.681857673156200050e+00
-5.004835751208936756e+00 1.681415428152073677e+00
-4.999833249958312464e+00 1.680972950387392251e+00
-4.994830748707686396e+00 1.680530239555649397e+00
-4.989828247457061217e+00 1.680087295349693033e+00
-4.984825746206436037e+00 1.679644117461722930e+00
-4.979823244955810857e+00 1.679200705583288267e+00
-4.974820743705185677e+00 1.678757059405286967e+00
-4.969818242454559609e+00 1.678313178617962809e+00
-4.964815741203935318e+00 1.677869062910903875e+00
-4.959813239953309250e+00 1.677424711973040106e+00
-4.954810738702684070e+00 1.676980125492642859e+00
-4.949808237452058890e+00 1.676535303157320911e+00
-4.944805736201433710e+00 1.676090244654020678e+00
-4.939803234950808530e+00 1.675644949669022443e+00
-4.934800733700182462e+00 1.675199417887939246e+00
-4.929798232449558171e+00 1.674753648995715549e+00
-4.924795731198932103e+00 1.674307642676623242e+00
-4.919793229948306923e+00 1.673861398614262530e+00
-4.914790728697681743e+00 1.673414916491557713e+00
-4.909788227447056563e+00 1.672968195990755857e+00
-4.904785726196431384e+00 1.672521236793425015e+00
-4.899783224945805316e+00 1.672074038580452005e+00
-4.894780723695181024e+00 1.671626601032041082e+00
-4.889778222444554956e+00 1.671178923827710161e+00
-4.884775721193929776e+00 1.670731006646291483e+00
-4.879773219943304596e+00 1.670282849165926731e+00
-4.874770718692678528e+00 1.669834451064067027e+00
-4.869768217442054237e+00 1.669385812017470494e+00
-4.864765716191428169e+00 1.668936931702198923e+00
-4.859763214940803877e+00 1.668487809793617993e+00
-4.854760713690177809e+00 1.668038445966392613e+00
-4.849758212439552629e+00 1.667588839894487140e+00
-4.844755711188927449e+00 1.667138991251162050e+00
-4.839753209938301381e+00 1.666688899708971938e+00
-4.834750708687677090e+00 1.666238564939763744e+00
-4.829748207437051022e+00 1.665787986614674754e+00
-4.824745706186425842e+00 1.665337164404129267e+00
-4.819743204935800662e+00 1.664886097977838819e+00
-4.814740703685175482e+00 1.664434787004797744e+00
-4.809738202434550303e+00 1.663983231153282061e+00
-4.804735701183924235e+00 1.663531430090847918e+00
-4.799733199933299943e+00 1.663079383484327600e+00
-4.794730698682673875e+00 1.662627090999829527e+00
-4.789728197432048695e+00 1.662174552302734698e+00
-4.784725696181423515e+00 1.661721767057694699e+00
-4.779723194930798336e+00 1.661268734928630364e+00
-4.774720693680173156e+00 1.660815455578728006e+00
-4.769718192429547088e+00 1.660361928670438969e+00
-4.764715691178922796e+00 1.659908153865476299e+00
-4.759713189928296728e+00 1.659454130824812079e+00
-4.754710688677671548e+00 1.658999859208677430e+00
-4.749708187427046369e+00 1.658545338676557623e+00
-4.744705686176421189e+00 1.658090568887191418e+00
-4.739703184925796009e+00 1.657635549498567951e+00
-4.734700683675169941e+00 1.657180280167924957e+00
-4.729698182424545649e+00 1.656724760551747666e+00
-4.724695681173919581e+00 1.656268990305763467e+00
-4.719693179923294402e+00 1.655812969084942576e+00
-4.714690678672669222e+00 1.655356696543494266e+00
-4.709688177422044042e+00 1.654900172334864639e+00
-4.704685676171418862e+00 1.654443396111735298e+00
-4.699683174920792794e+00 1.653986367526019574e+00
-4.694680673670168503e+00 1.653529086228861411e+00
-4.689678172419542435e+00 1.653071551870632039e+00
-4.684675671168917255e+00 1.652613764100928417e+00
-4.679673169918292075e+00 1.652155722568570573e+00
-4.674670668667666895e+00 1.651697426921599154e+00
-4.669668167417041715e+00 1.651238876807272993e+00
-4.664665666166415647e+00 1.650780071872066879e+00
-4.659663164915790468e+00 1.650321011761669343e+00
-4.654660663665165288e+00 1.649861696120979770e+00
-4.649658162414540108e+00 1.649402124594106400e+00
-4.644655661163914928e+00 1.648942296824363440e+00
-4.639653159913289748e+00 1.648482212454269291e+00
-4.634650658662664569e+00 1.648021871125543436e+00
-4.629648157412038501e+00 1.647561272479104666e+00
-4.624645656161413321e+00 1.647100416155067748e+00
-4.619643154910788141e+00 1.646639301792741872e+00
-4.614640653660162961e+00 1.646177929030627540e+00
-4.609638152409537781e+00 1.645716297506414127e+00
-4.604635651158912601e+00 1.645254406856977658e+00
-4.599633149908287422e+00 1.644792256718378365e+00
-4.594630648657661354e+00 1.644329846725857136e+00
-4.589628147407036174e+00 1.643867176513835071e+00
-4.584625646156410994e+00 1.643404245715908596e+00
-4.579623144905785814e+00 1.642941053964848352e+00
-4.574620643655160634e+00 1.642477600892596312e+00
-4.569618142404535455e+00 1.642013886130263112e+00
-4.564615641153909387e+00 1.641549909308125388e+00
-4.559613139903284207e+00 1.641085670055623558e+00
-4.554610638652659027e+00 1.640621168001358487e+00
-4.549608137402033847e+00 1.640156402773089939e+00
-4.544605636151408667e+00 1.639691373997732793e+00
-4.539603134900783488e+00 1.639226081301355498e+00
-4.534600633650158308e+00 1.638760524309176514e+00
-4.529598132399532240e+00 1.638294702645561873e+00
-4.524595631148907060e+00 1.637828615934023624e+00
-4.519593129898281880e+00 1.637362263797214723e+00
-4.514590628647656700e+00 1.636895645856929482e+00
-4.509588127397031521e+00 1.636428761734097792e+00
-4.504585626146406341e+00 1.635961611048784681e+00
-4.499583124895781161e+00 1.635494193420186537e+00
-4.494580623645155093e+00 1.635026508466628670e+00
-4.489578122394529913e+00 1.634558555805562197e+00
-4.484575621143904733e+00 1.634090335053561827e+00
-4.479573119893279554e+00 1.633621845826322749e+00
-4.474570618642654374e+00 1.633153087738658416e+00
-4.469568117392029194e+00 1.632684060404496540e+00
-4.464565616141403126e+00 1.632214763436877325e+00
-4.459563114890777946e+00 1.631745196447950796e+00
-4.454560613640152766e+00 1.631275359048973028e+00
-4.449558112389527587e+00 1.630805250850304144e+00
-4.444555611138902407e+00 1.630334871461405433e+00
-4.439553109888277227e+00 1.629864220490835569e+00
-4.434550608637652047e+00 1.629393297546249064e+00
-4.429548107387025979e+00 1.628922102234392044e+00
-4.424545606136400799e+00 1.628450634161100918e+00
-4.419543104885775620e+00 1.627978892931298160e+00
-4.414540603635150440e+00 1.627506878148989866e+00
-4.409538102384525260e+00 1.627034589417262866e+00
-4.404535601133900080e+00 1.626562026338281397e+00
-4.399533099883274900e+00 1.626089188513285322e+00
-4.394530598632648832e+00 1.625616075542585470e+00
-4.389528097382023653e+00 1.625142687025562083e+00
-4.384525596131398473e+00 1.624669022560661258e+00
-4.379523094880773293e+00 1.624195081745391400e+00
-4.374520593630148113e+00 1.623720864176321665e+00
-4.369518092379522933e+00 1.623246369449077298e+00
-4.364515591128897753e+00 1.622771597158337853e+00
-4.359513089878271686e+00 1.622296546897833647e+00
-4.354510588627646506e+00 1.621821218260342201e+00
-4.349508087377021326e+00 1.621345610837686246e+00
-4.344505586126396146e+00 1.620869724220729946e+00
-4.339503084875770966e+00 1.620393557999375345e+00
-4.334500583625145786e+00 1.619917111762560813e+00
-4.329498082374519718e+00 1.619440385098255941e+00
-4.324495581123894539e+00 1.618963377593460651e+00
-4.319493079873269359e+00 1.618486088834199421e+00
-4.314490578622644179e+00 1.618008518405520180e+00
-4.309488077372018999e+00 1.617530665891490971e+00
-4.304485576121393819e+00 1.617052530875195293e+00
-4.299483074870768640e+00 1.616574112938730323e+00
-4.294480573620142572e+00 1.616095411663203141e+00
-4.289478072369517392e+00 1.615616426628727842e+00
-4.284475571118892212e+00 1.615137157414421765e+00
-4.279473069868267032e+00 1.614657603598402824e+00
-4.274470568617641852e+00 1.614177764757785516e+00
-4.269468067367016673e+00 1.613697640468678474e+00
-4.264465566116391493e+00 1.613217230306180472e+00
-4.259463064865765425e+00 1.612736533844377540e+00
-4.254460563615140245e+00 1.612255550656339631e+00
-4.249458062364515065e+00 1.611774280314117069e+00
-4.244455561113889885e+00 1.611292722388737220e+00
-4.239453059863264706e+00 1.610810876450200935e+00
-4.234450558612639526e+00 1.610328742067480112e+00
-4.229448057362013458e+00 1.609846318808513255e+00
-4.224445556111388278e+00 1.609363606240202138e+00
-4.219443054860763098e+00 1.608880603928409370e+00
-4.214440553610137918e+00 1.608397311437953503e+00
-4.209438052359512739e+00 1.607913728332607040e+00
-4.204435551108887559e+00 1.607429854175091988e+00
-4.199433049858262379e+00 1.606945688527076310e+00
-4.194430548607636311e+00 1.606461230949171481e+00
-4.189428047357011131e+00 1.605976481000927603e+00
-4.184425546106385951e+00 1.605491438240831625e+00
-4.179423044855760772e+00 1.605006102226301357e+00
-4.174420543605135592e+00 1.604520472513684126e+00
-4.169418042354510412e+00 1.604034548658252346e+00
-4.164415541103885232e+00 1.603548330214199957e+00
-4.159413039853259164e+00 1.603061816734638656e+00
-4.154410538602633984e+00 1.602575007771594784e+00
-4.149408037352008805e+00 1.602087902876004666e+00
-4.144405536101383625e+00 1.601600501597712833e+00
-4.139403034850758445e+00 1.601112803485466474e+00
-4.134400533600133265e+00 1.600624808086912321e+00
-4.129398032349507197e+00 1.600136514948593325e+00
-4.124395531098882017e+00 1.599647923615945100e+00
-4.119393029848256838e+00 1.599159033633291704e+00
-4.114390528597631658e+00 1.598669844543841867e+00
-4.109388027347006478e+00 1.598180355889685433e+00
-4.104385526096381298e+00 1.597690567211789592e+00
-4.099383024845756118e+00 1.597200478049995098e+00
-4.094380523595130050e+00 1.596710087943012502e+00
-4.089378022344504870e+00 1.596219396428418369e+00
-4.084375521093879691e+00 1.595728403042651067e+00
-4.079373019843254511e+00 1.595237107321007430e+00
-4.074370518592629331e+00 1.594745508797638101e+00
-4.069368017342004151e+00 1.594253607005545303e+00
-4.064365516091378971e+00 1.593761401476576856e+00
-4.059363014840752903e+00 1.593268891741423054e+00
-4.054360513590127724e+00 1.592776077329614015e+00
-4.049358012339502544e+00 1.592282957769513452e+00
-4.044355511088877364e+00 1.591789532588316680e+00
-4.039353009838252184e+00 1.591295801312045288e+00
-4.034350508587627004e+00 1.590801763465543806e+00
-4.029348007337000936e+00 1.590307418572475484e+00
-4.024345506086375757e+00 1.589812766155318302e+00
-4.019343004835750577e+00 1.589317805735360967e+00
-4.014340503585125397e+00 1.588822536832698695e+00
-4.009338002334500217e+00 1.588326958966229219e+00
-4.004335501083875037e+00 1.587831071653648785e+00
-3.999332999833249858e+00 1.587334874411447494e+00
-3.994330498582623790e+00 1.586838366754905749e+00
-3.989327997331998610e+00 1.586341548198090035e+00
-3.984325496081373430e+00 1.585844418253848476e+00
-3.979322994830748250e+00 1.585346976433806399e+00
-3.974320493580123070e+00 1.584849222248362999e+00
-3.969317992329497891e+00 1.584351155206686235e+00
-3.964315491078872711e+00 1.583852774816708608e+00
-3.959312989828246643e+00 1.583354080585123835e+00
-3.954310488577621463e+00 1.582855072017381515e+00
-3.949307987326996283e+00 1.582355748617683133e+00
-3.944305486076371103e+00 1.581856109888977624e+00
-3.939302984825745924e+00 1.581356155332957591e+00
-3.934300483575120744e+00 1.580855884450053761e+00
-3.929297982324495564e+00 1.580355296739432314e+00
-3.924295481073869496e+00 1.579854391698988447e+00
-3.919292979823244316e+00 1.579353168825343934e+00
-3.914290478572619136e+00 1.578851627613841346e+00
-3.909287977321993957e+00 1.578349767558539396e+00
-3.904285476071368777e+00 1.577847588152210045e+00
-3.899282974820743597e+00 1.577345088886332070e+00
-3.894280473570117529e+00 1.576842269251087725e+00
-3.889277972319492349e+00 1.576339128735358086e+00
-3.884275471068867169e+00 1.575835666826717940e+00
-3.879272969818241990e+00 1.575331883011432010e+00
-3.874270468567616810e+00 1.574827776774449184e+00
-3.869267967316991630e+00 1.574323347599398959e+00
-3.864265466066366450e+00 1.573818594968586559e+00
-3.859262964815740382e+00 1.573313518362987384e+00
-3.854260463565115202e+00 1.572808117262243677e+00
-3.849257962314490022e+00 1.572302391144659195e+00
-3.844255461063864843e+00 1.571796339487193661e+00
-3.839252959813239663e+00 1.571289961765459431e+00
-3.834250458562614483e+00 1.570783257453715942e+00
-3.829247957311989303e+00 1.570276226024864830e+00
-3.824245456061363235e+00 1.569768866950445263e+00
-3.819242954810738055e+00 1.569261179700629505e+00
-3.814240453560112876e+00 1.568753163744216916e+00
-3.809237952309487696e+00 1.568244818548630626e+00
-3.804235451058862516e+00 1.567736143579911090e+00
-3.799232949808237336e+00 1.567227138302712541e+00
-3.794230448557611268e+00 1.566717802180296326e+00
-3.789227947306986088e+00 1.566208134674528241e+00
-3.784225446056360909e+00 1.565698135245871203e+00
-3.779222944805735729e+00 1.565187803353381923e+00
-3.774220443555110549e+00 1.564677138454704686e+00
-3.769217942304485369e+00 1.564166140006066907e+00
-3.764215441053860189e+00 1.563654807462274032e+00
-3.759212939803234121e+00 1.563143140276704424e+00
-3.754210438552608942e+00 1.562631137901303813e+00
-3.749207937301983762e+00 1.562118799786580414e+00
-3.744205436051358582e+00 1.561606125381600041e+00
-3.739202934800733402e+00 1.561093114133980331e+00
-3.734200433550108222e+00 1.560579765489885640e+00
-3.729197932299483043e+00 1.560066078894022157e+00
-3.724195431048856975e+00 1.559552053789632131e+00
-3.719192929798231795e+00 1.559037689618489431e+00
-3.714190428547606615e+00 1.558522985820892659e+00
-3.709187927296981435e+00 1.558007941835661159e+00
-3.704185426046356255e+00 1.557492557100129238e+00
-3.699182924795731076e+00 1.556976831050140619e+00
-3.694180423545105008e+00 1.556460763120042889e+00
-3.689177922294479828e+00 1.555944352742682613e+00
-3.684175421043854648e+00 1.555427599349399337e+00
-3.679172919793229468e+00 1.554910502370019820e+00
-3.674170418542604288e+00 1.554393061232853590e+00
-3.669167917291979109e+00 1.553875275364686059e+00
-3.664165416041353929e+00 1.553357144190773864e+00
-3.659162914790727861e+00 1.552838667134838868e+00
-3.654160413540102681e+00 1.552319843619062834e+00
-3.649157912289477501e+00 1.551800673064080982e+00
-3.644155411038852321e+00 1.551281154888977554e+00
-3.639152909788227142e+00 1.550761288511278480e+00
-3.634150408537601962e+00 1.550241073346947385e+00
-3.629147907286976782e+00 1.549720508810378483e+00
-3.624145406036350714e+00 1.549199594314391248e+00
-3.619142904785725534e+00 1.548678329270225085e+00
-3.614140403535100354e+00 1.548156713087532443e+00
-3.609137902284475174e+00 1.547634745174373272e+00
-3.604135401033849995e+00 1.547112424937209907e+00
-3.599132899783224815e+00 1.546589751780900412e+00
-3.594130398532598747e+00 1.546066725108692363e+00
-3.589127897281973567e+00 1.545543344322217516e+00
-3.584125396031348387e+00 1.545019608821485368e+00
-3.579122894780723207e+00 1.544495518004877388e+00
-3.574120393530098028e+00 1.543971071269140349e+00
-3.569117892279472848e+00 1.543446268009381228e+00
-3.564115391028847668e+00 1.542921107619060095e+00
-3.559112889778221600e+00 1.542395589489984120e+00
-3.554110388527596420e+00 1.541869713012302023e+00
-3.549107887276971240e+00 1.541343477574497411e+00
-3.544105386026346061e+00 1.540816882563382118e+00
-3.539102884775720881e+00 1.540289927364090428e+00
-3.534100383525095701e+00 1.539762611360072864e+00
-3.529097882274470521e+00 1.539234933933089522e+00
-3.524095381023844453e+00 1.538706894463203412e+00
-3.519092879773219273e+00 1.538178492328775127e+00
-3.514090378522594094e+00 1.537649726906455294e+00
-3.509087877271968914e+00 1.537120597571178138e+00
-3.504085376021343734e+00 1.536591103696156146e+00
-3.499082874770718554e+00 1.536061244652872082e+00
-3.494080373520093374e+00 1.535531019811073206e+00
-3.489077872269467306e+00 1.535000428538765060e+00
-3.484075371018842127e+00 1.534469470202203478e+00
-3.479072869768216947e+00 1.533938144165889472e+00
-3.474070368517591767e+00 1.533406449792561466e+00
-3.469067867266966587e+00 1.532874386443189074e+00
-3.464065366016341407e+00 1.532341953476966223e+00
-3.459062864765715339e+00 1.531809150251304041e+00
-3.454060363515090160e+00 1.531275976121824867e+00
-3.449057862264464980e+00 1.530742430442354696e+00
-3.444055361013839800e+00 1.530208512564916079e+00
-3.439052859763214620e+00 1.529674221839721904e+00
-3.434050358512589440e+00 1.529139557615168288e+00
-3.429047857261964261e+00 1.528604519237826809e+00
-3.424045356011338193e+00 1.528069106052438508e+00
-3.419042854760713013e+00 1.527533317401906565e+00
-3.414040353510087833e+00 1.526997152627288523e+00
-3.409037852259462653e+00 1.526460611067790074e+00
-3.404035351008837473e+00 1.525923692060757508e+00
-3.399032849758212294e+00 1.525386394941669721e+00
-3.394030348507587114e+00 1.524848719044132661e+00
-3.389027847256961046e+00 1.524310663699870894e+00
-3.384025346006335866e+00 1.523772228238720272e+00
-3.379022844755710686e+00 1.523233411988621055e+00
-3.374020343505085506e+00 1.522694214275610358e+00
-3.369017842254460327e+00 1.522154634423814379e+00
-3.364015341003835147e+00 1.521614671755441739e+00
-3.359012839753209079e+00 1.521074325590775045e+00
-3.354010338502583899e+00 1.520533595248164449e+00
-3.349007837251958719e+00 1.519992480044018768e+00
-3.344005336001333539e+00 1.519450979292798820e+00
-3.339002834750708359e+00 1.518909092307009878e+00
-3.334000333500083180e+00 1.518366818397193008e+00
-3.328997832249458000e+00 1.517824156871918628e+00
-3.323995330998831932e+00 1.517281107037777632e+00
-3.318992829748206752e+00 1.516737668199374278e+00
-3.313990328497581572e+00 1.516193839659318199e+00
-3.308987827246956392e+00 1.515649620718216406e+00
-3.303985325996331213e+00 1.515105010674665298e+00
-3.298982824745706033e+00 1.514560008825242887e+00
-3.293980323495080853e+00 1.514014614464501252e+00
-3.288977822244454785e+00 1.513468826884956986e+00
-3.283975320993829605e+00 1.512922645377085207e+00
-3.278972819743204425e+00 1.512376069229309561e+00
-3.273970318492579246e+00 1.511829097727995785e+00
-3.268967817241954066e+00 1.511281730157441494e+00
-3.263965315991328886e+00 1.510733965799870182e+00
-3.258962814740702818e+00 1.510185803935420790e+00
-3.253960313490077638e+00 1.509637243842141041e+00
-3.248957812239452458e+00 1.509088284795978341e+00
-3.243955310988827279e+00 1.508538926070771558e+00
-3.238952809738202099e+00 1.507989166938241921e+00
-3.233950308487576919e+00 1.507439006667985471e+00
-3.228947807236951739e+00 1.506888444527464177e+00
-3.223945305986325671e+00 1.506337479781997279e+00
-3.218942804735700491e+00 1.505786111694752627e+00
-3.213940303485075312e+00 1.505234339526738241e+00
-3.208937802234450132e+00 1.504682162536792767e+00
-3.203935300983824952e+00 1.504129579981578146e+00
-3.198932799733199772e+00 1.503576591115569849e+00
-3.193930298482574592e+00 1.503023195191047767e+00
-3.188927797231948524e+00 1.502469391458087999e+00
-3.183925295981323345e+00 1.501915179164553971e+00
-3.178922794730698165e+00 1.501360557556086883e+00
-3.173920293480072985e+00 1.500805525876097057e+00
-3.168917792229447805e+00 1.500250083365754161e+00
-3.163915290978822625e+00 1.499694229263979439e+00
-3.158912789728196557e+00 1.499137962807435276e+00
-3.153910288477571378e+00 1.498581283230516537e+00
-3.148907787226946198e+00 1.498024189765341241e+00
-3.143905285976321018e+00 1.497466681641741237e+00
-3.138902784725695838e+00 1.496908758087252433e+00
-3.133900283475070658e+00 1.496350418327106357e+00
-3.128897782224445479e+00 1.495791661584219501e+00
-3.123895280973819411e+00 1.495232487079184436e+00
-3.118892779723194231e+00 1.494672894030260712e+00
-3.113890278472569051e+00 1.494112881653364200e+00
-3.108887777221943871e+00 1.493552449162057760e+00
-3.103885275971318691e+00 1.492991595767542146e+00
-3.098882774720693511e+00 1.492430320678645783e+00
-3.093880273470068332e+00 1.491868623101814562e+00
-3.088877772219442264e+00 1.491306502241102727e+00
-3.083875270968817084e+00 1.490743957298162226e+00
-3.078872769718191904e+00 1.490180987472233376e+00
-3.073870268467566724e+00 1.489617591960134435e+00
-3.068867767216941544e+00 1.489053769956251605e+00
-3.063865265966316365e+00 1.488489520652528819e+00
-3.058862764715691185e+00 1.487924843238457751e+00
-3.053860263465065117e+00 1.487359736901067375e+00
-3.048857762214439937e+00 1.486794200824913981e+00
-3.043855260963814757e+00 1.486228234192070286e+00
-3.038852759713189577e+00 1.485661836182115447e+00
-3.033850258462564398e+00 1.485095005972124627e+00
-3.028847757211939218e+00 1.484527742736657885e+00
-3.023845255961313150e+00 1.483960045647750414e+00
-3.018842754710687970e+00 1.483391913874901658e+00
-3.013840253460062790e+00 1.482823346585063984e+00
-3.008837752209437610e+00 1.482254342942632919e+00
-3.003835250958812431e+00 1.481684902109435598e+00
-2.998832749708187251e+00 1.481115023244720108e+00
-2.993830248457562071e+00 1.480544705505144831e+00
-2.988827747206936003e+00 1.479973948044766896e+00
-2.983825245956310823e+00 1.479402750015031964e+00
-2.978822744705685643e+00 1.478831110564762685e+00
-2.973820243455060464e+00 1.478259028840146705e+00
-2.968817742204435284e+00 1.477686503984727118e+00
-2.963815240953810104e+00 1.477113535139389811e+00
-2.958812739703184924e+00 1.476540121442353026e+00
-2.953810238452558856e+00 1.475966262029154707e+00
-2.948807737201933676e+00 1.475391956032642948e+00
-2.943805235951308497e+00 1.474817202582962894e+00
-2.938802734700683317e+00 1.474242000807545416e+00
-2.933800233450058137e+00 1.473666349831095790e+00
-2.928797732199432957e+00 1.473090248775582145e+00
-2.923795230948806889e+00 1.472513696760222812e+00
-2.918792729698181709e+00 1.471936692901475885e+00
-2.913790228447556530e+00 1.471359236313025898e+00
-2.908787727196931350e+00 1.470781326105772280e+00
-2.903785225946306170e+00 1.470202961387817586e+00
-2.898782724695680990e+00 1.469624141264455952e+00
-2.893780223445055810e+00 1.469044864838158881e+00
-2.888777722194429742e+00 1.468465131208565477e+00
-2.883775220943804563e+00 1.467884939472468453e+00
-2.878772719693179383e+00 1.467304288723802363e+00
-2.873770218442554203e+00 1.466723178053630949e+00
-2.868767717191929023e+00 1.466141606550134924e+00
-2.863765215941303843e+00 1.465559573298599094e+00
-2.858762714690678663e+00 1.464977077381399706e+00
-2.853760213440052596e+00 1.464394117877991786e+00
-2.848757712189427416e+00 1.463810693864896706e+00
-2.843755210938802236e+00 1.463226804415688420e+00
-2.838752709688177056e+00 1.462642448600981693e+00
-2.833750208437551876e+00 1.462057625488417667e+00
-2.828747707186926696e+00 1.461472334142652096e+00
-2.823745205936300628e+00 1.460886573625341356e+00
-2.818742704685675449e+00 1.460300342995130007e+00
-2.813740203435050269e+00 1.459713641307636367e+00
-2.808737702184425089e+00 1.459126467615439626e+00
-2.803735200933799909e+00 1.458538820968067196e+00
-2.798732699683174729e+00 1.457950700411979827e+00
-2.793730198432549550e+00 1.457362104990558738e+00
-2.788727697181923482e+00 1.456773033744091617e+00
-2.783725195931298302e+00 1.456183485709759751e+00
-2.778722694680673122e+00 1.455593459921622479e+00
-2.773720193430047942e+00 1.455002955410605203e+00
-2.768717692179422762e+00 1.454411971204483844e+00
-2.763715190928797583e+00 1.453820506327870854e+00
-2.758712689678172403e+00 1.453228559802202779e+00
-2.753710188427546335e+00 1.452636130645723611e+00
-2.748707687176921155e+00 1.452043217873472347e+00
-2.743705185926295975e+00 1.451449820497267673e+00
-2.738702684675670795e+00 1.450855937525693307e+00
-2.733700183425045616e+00 1.450261567964083786e+00
-2.728697682174420436e+00 1.449666710814510484e+00
-2.723695180923794368e+00 1.449071365075764950e+00
-2.718692679673169188e+00 1.448475529743346701e+00
-2.713690178422544008e+00 1.447879203809445681e+00
-2.708687677171918828e+00 1.447282386262929155e+00
-2.703685175921293649e+00 1.446685076089325728e+00
-2.698682674670668469e+00 1.446087272270810242e+00
-2.693680173420043289e+00 1.445488973786188680e+00
-2.688677672169417221e+00 1.444890179610883063e+00
-2.683675170918792041e+00 1.444290888716915688e+00
-2.678672669668166861e+00 1.443691100072893363e+00
-2.673670168417541682e+00 1.443090812643992082e+00
-2.668667667166916502e+00 1.442490025391941710e+00
-2.663665165916291322e+00 1.441888737275009325e+00
-2.658662664665666142e+00 1.441286947247983896e+00
-2.653660163415040074e+00 1.440684654262160080e+00
-2.648657662164414894e+00 1.440081857265322673e+00
-2.643655160913789715e+00 1.439478555201729293e+00
-2.638652659663164535e+00 1.438874747012095279e+00
-2.633650158412539355e+00 1.438270431633576818e+00
-2.628647657161914175e+00 1.437665607999754291e+00
-2.623645155911288995e+00 1.437060275040616064e+00
-2.618642654660662927e+00 1.436454431682541388e+00
-2.613640153410037748e+00 1.435848076848284416e+00
-2.608637652159412568e+00 1.435241209456956879e+00
-2.603635150908787388e+00 1.434633828424010771e+00
-2.598632649658162208e+00 1.434025932661221470e+00
-2.593630148407537028e+00 1.433417521076671530e+00
-2.588627647156910960e+00 1.432808592574732032e+00
-2.583625145906285780e+00 1.432199146056046146e+00
-2.578622644655660601e+00 1.431589180417511153e+00
-2.573620143405035421e+00 1.430978694552261121e+00
-2.568617642154410241e+00 1.430367687349649364e+00
-2.563615140903785061e+00 1.429756157695230234e+00
-2.558612639653159881e+00 1.429144104470741583e+00
-2.553610138402533813e+00 1.428531526554086772e+00
-2.548607637151908634e+00 1.427918422819316469e+00
-2.543605135901283454e+00 1.427304792136610212e+00
-2.538602634650658274e+00 1.426690633372258654e+00
-2.533600133400033094e+00 1.426075945388644461e+00
-2.528597632149407914e+00 1.425460727044224107e+00
-2.523595130898782735e+00 1.424844977193509443e+00
-2.518592629648156667e+00 1.424228694687048602e+00
-2.513590128397531487e+00 1.423611878371407125e+00
-2.508587627146906307e+00 1.422994527089149308e+00
-2.503585125896281127e+00 1.422376639678818222e+00
-2.498582624645655947e+00 1.421758214974917500e+00
-2.493580123395030768e+00 1.421139251807891801e+00
-2.488577622144404700e+00 1.420519749004106824e+00
-2.483575120893779520e+00 1.419899705385829991e+00
-2.478572619643154340e+00 1.419279119771210684e+00
-2.473570118392529160e+00 1.418657990974260930e+00
-2.468567617141903980e+00 1.418036317804834967e+00
-2.463565115891278801e+00 1.417414099068608602e+00
-2.458562614640653621e+00 1.416791333567060329e+00
-2.453560113390027553e+00 1.416168020097450020e+00
-2.448557612139402373e+00 1.415544157452799157e+00
-2.443555110888777193e+00 1.414919744421869519e+00
-2.438552609638152013e+00 1.414294779789143419e+00
-2.433550108387526834e+00 1.413669262334801724e+00
-2.428547607136901654e+00 1.413043190834703644e+00
-2.423545105886276474e+00 1.412416564060366087e+00
-2.418542604635650406e+00 1.411789380778941227e+00
-2.413540103385025226e+00 1.411161639753196306e+00
-2.408537602134400046e+00 1.410533339741491421e+00
-2.403535100883774867e+00 1.409904479497758212e+00
-2.398532599633149687e+00 1.409275057771478101e+00
-2.393530098382524507e+00 1.408645073307660311e+00
-2.388527597131898439e+00 1.408014524846820104e+00
-2.383525095881273259e+00 1.407383411124956130e+00
-2.378522594630648079e+00 1.406751730873528894e+00
-2.373520093380022900e+00 1.406119482819437216e+00
-2.368517592129397720e+00 1.405486665684997138e+00
-2.363515090878772540e+00 1.404853278187917276e+00
-2.358512589628147360e+00 1.404219319041277947e+00
-2.353510088377521292e+00 1.403584786953506747e+00
-2.348507587126896112e+00 1.402949680628356344e+00
-2.343505085876270932e+00 1.402313998764880276e+00
-2.338502584625645753e+00 1.401677740057410082e+00
-2.333500083375020573e+00 1.401040903195531540e+00
-2.328497582124395393e+00 1.400403486864061353e+00
-2.323495080873770213e+00 1.399765489743022062e+00
-2.318492579623144145e+00 1.399126910507619392e+00
-2.313490078372518965e+00 1.398487747828217387e+00
-2.308487577121893786e+00 1.397848000370313759e+00
-2.303485075871268606e+00 1.397207666794515912e+00
-2.298482574620643426e+00 1.396566745756516070e+00
-2.293480073370018246e+00 1.395925235907066186e+00
-2.288477572119392178e+00 1.395283135891953297e+00
-2.283475070868766998e+00 1.394640444351974429e+00
-2.278472569618141819e+00 1.393997159922911067e+00
-2.273470068367516639e+00 1.393353281235503394e+00
-2.268467567116891459e+00 1.392708806915424979e+00
-2.263465065866266279e+00 1.392063735583257467e+00
-2.258462564615641099e+00 1.391418065854463260e+00
-2.253460063365015031e+00 1.390771796339360877e+00
-2.248457562114389852e+00 1.390124925643097642e+00
-2.243455060863764672e+00 1.389477452365623256e+00
-2.238452559613139492e+00 1.388829375101663821e+00
-2.233450058362514312e+00 1.388180692440694086e+00
-2.228447557111889132e+00 1.387531402966911021e+00
-2.223445055861263953e+00 1.386881505259206504e+00
-2.218442554610637885e+00 1.386230997891140015e+00
-2.213440053360012705e+00 1.385579879430910877e+00
-2.208437552109387525e+00 1.384928148441330720e+00
-2.203435050858762345e+00 1.384275803479795508e+00
-2.198432549608137165e+00 1.383622843098256894e+00
-2.193430048357511986e+00 1.382969265843195128e+00
-2.188427547106886806e+00 1.382315070255589751e+00
-2.183425045856260738e+00 1.381660254870890947e+00
-2.178422544605635558e+00 1.381004818218990682e+00
-2.173420043355010378e+00 1.380348758824194277e+00
-2.168417542104385198e+00 1.379692075205190216e+00
-2.163415040853760019e+00 1.379034765875021717e+00
-2.158412539603134839e+00 1.378376829341055876e+00
-2.153410038352508771e+00 1.377718264104955237e+00
-2.148407537101883591e+00 1.377059068662646490e+00
-2.143405035851258411e+00 1.376399241504291382e+00
-2.138402534600633231e+00 1.375738781114255627e+00
-2.133400033350008052e+00 1.375077685971078045e+00
-2.128397532099382872e+00 1.374415954547439922e+00
-2.123395030848757692e+00 1.373753585310134806e+00
-2.118392529598131624e+00 1.373090576720035871e+00
-2.113390028347506444e+00 1.372426927232065497e+00
-2.108387527096881264e+00 1.371762635295162847e+00
-2.103385025846256084e+00 1.371097699352252564e+00
-2.098382524595630905e+00 1.370432117840212127e+00
-2.093380023345005725e+00 1.369765889189840324e+00
-2.088377522094380545e+00 1.369099011825823276e+00
-2.083375020843754477e+00 1.368431484166703349e+00
-2.078372519593129297e+00 1.367763304624844745e+00
-2.073370018342504117e+00 1.367094471606401296e+00
-2.068367517091878938e+00 1.366424983511282498e+00
-2.063365015841253758e+00 1.365754838733119758e+00
-2.058362514590628578e+00 1.365084035659232420e+00
-2.053360013340002510e+00 1.364412572670594237e+00
-2.048357512089377330e+00 1.363740448141798511e+00
-2.043355010838752150e+00 1.363067660441023010e+00
-2.038352509588126971e+00 1.362394207929996437e+00
-2.033350008337501791e+00 1.361720088963961350e+00
-2.028347507086876611e+00 1.361045301891641301e+00
-2.023345005836251431e+00 1.360369845055203086e+00
-2.018342504585625363e+00 1.359693716790221441e+00
-2.013340003335000183e+00 1.359016915425643957e+00
-2.008337502084375004e+00 1.358339439283753780e+00
-2.003335000833749824e+00 1.357661286680132973e+00
-1.998332499583124644e+00 1.356982455923626318e+00
-1.993329998332499464e+00 1.356302945316303132e+00
-1.988327497081874284e+00 1.355622753153421289e+00
-1.983324995831248216e+00 1.354941877723388588e+00
-1.978322494580623037e+00 1.354260317307725003e+00
-1.973319993329997857e+00 1.353578070181024939e+00
-1.968317492079372677e+00 1.352895134610918149e+00
-1.963314990828747497e+00 1.352211508858031763e+00
-1.958312489578122317e+00 1.351527191175950104e+00
-1.953309988327496249e+00 1.350842179811177379e+00
-1.948307487076871070e+00 1.350156473003096380e+00
-1.943304985826245890e+00 1.349470068983928961e+00
-1.938302484575620710e+00 1.348782965978696957e+00
-1.933299983324995530e+00 1.348095162205180442e+00
-1.928297482074370350e+00 1.347406655873877979e+00
-1.923294980823745171e+00 1.346717445187965545e+00
-1.918292479573119103e+00 1.346027528343254565e+00
-1.913289978322493923e+00 1.345336903528151273e+00
-1.908287477071868743e+00 1.344645568923614531e+00
-1.903284975821243563e+00 1.343953522703113190e+00
-1.898282474570618383e+00 1.343260763032584348e+00
-1.893279973319993204e+00 1.342567288070389608e+00
-1.888277472069368024e+00 1.341873095967273555e+00
-1.883274970818741956e+00 1.341178184866318901e+00
-1.878272469568116776e+00 1.340482552902903191e+00
-1.873269968317491596e+00 1.339786198204655276e+00
-1.868267467066866416e+00 1.339089118891410024e+00
-1.863264965816241236e+00 1.338391313075164790e+00
-1.858262464565616057e+00 1.337692778860033682e+00
-1.853259963314989989e+00 1.336993514342201594e+00
-1.848257462064364809e+00 1.336293517609880688e+00
-1.843254960813739629e+00 1.335592786743261762e+00
-1.838252459563114449e+00 1.334891319814470068e+00
-1.833249958312489269e+00 1.334189114887517125e+00
-1.828247457061864090e+00 1.333486170018254979e+00
-1.823244955811238910e+00 1.332782483254327355e+00
-1.818242454560612842e+00 1.332078052635123466e+00
-1.813239953309987662e+00 1.331372876191728949e+00
-1.808237452059362482e+00 1.330666951946877674e+00
-1.803234950808737302e+00 1.329960277914903344e+00
-1.798232449558112123e+00 1.329252852101689530e+00
-1.793229948307486943e+00 1.328544672504621049e+00
-1.788227447056861763e+00 1.327835737112533332e+00
-1.783224945806235695e+00 1.327126043905662689e+00
-1.778222444555610515e+00 1.326415590855595461e+00
-1.773219943304985335e+00 1.325704375925216727e+00
-1.768217442054360156e+00 1.324992397068659677e+00
-1.763214940803734976e+00 1.324279652231252991e+00
-1.758212439553109796e+00 1.323566139349469317e+00
-1.753209938302484616e+00 1.322851856350871547e+00
-1.748207437051858548e+00 1.322136801154061736e+00
-1.743204935801233368e+00 1.321420971668626043e+00
-1.738202434550608189e+00 1.320704365795081880e+00
-1.733199933299983009e+00 1.319986981424823069e+00
-1.728197432049357829e+00 1.319268816440066105e+00
-1.723194930798732649e+00 1.318549868713793760e+00
-1.718192429548106581e+00 1.317830136109701566e+00
-1.713189928297481401e+00 1.317109616482140533e+00
-1.708187427046856222e+00 1.316388307676060743e+00
-1.703184925796231042e+00 1.315666207526955400e+00
-1.698182424545605862e+00 1.314943313860803764e+00
-1.693179923294980682e+00 1.314219624494012750e+00
-1.688177422044355502e+00 1.313495137233359422e+00
-1.683174920793729434e+00 1.312769849875932371e+00
-1.678172419543104255e+00 1.312043760209072651e+00
-1.673169918292479075e+00 1.311316866010314941e+00
-1.668167417041853895e+00 1.310589165047326698e+00
-1.663164915791228715e+00 1.309860655077848657e+00
-1.658162414540603535e+00 1.309131333849633760e+00
-1.653159913289978356e+00 1.308401199100385881e+00
-1.648157412039352288e+00 1.307670248557697867e+00
-1.643154910788727108e+00 1.306938479938990039e+00
-1.638152409538101928e+00 1.306205890951446014e+00
-1.633149908287476748e+00 1.305472479291951204e+00
-1.628147407036851568e+00 1.304738242647027757e+00
-1.623144905786226388e+00 1.304003178692771270e+00
-1.618142404535600321e+00 1.303267285094785510e+00
-1.613139903284975141e+00 1.302530559508117136e+00
-1.608137402034349961e+00 1.301792999577190413e+00
-1.603134900783724781e+00 1.301054602935740379e+00
-1.598132399533099601e+00 1.300315367206746897e+00
-1.593129898282474421e+00 1.299575290002365824e+00
-1.588127397031849242e+00 1.298834368923862392e+00
-1.583124895781223174e+00 1.298092601561543047e+00
-1.578122394530597994e+00 1.297349985494685054e+00
-1.573119893279972814e+00 1.296606518291468335e+00
-1.568117392029347634e+00 1.295862197508904412e+00
-1.563114890778722454e+00 1.295117020692766685e+00
-1.558112389528097275e+00 1.294370985377518268e+00
-1.553109888277472095e+00 1.293624089086240936e+00
-1.548107387026846027e+00 1.292876329330562513e+00
-1.543104885776220847e+00 1.292127703610583822e+00
-1.538102384525595667e+00 1.291378209414805189e+00
-1.533099883274970487e+00 1.290627844220052278e+00
-1.528097382024345308e+00 1.289876605491401929e+00
-1.523094880773720128e+00 1.289124490682105106e+00
-1.518092379523094060e+00 1.288371497233512963e+00
-1.513089878272468880e+00 1.287617622574999343e+00
-1.508087377021843700e+00 1.286862864123883066e+00
-1.503084875771218520e+00 1.286107219285351100e+00
-1.498082374520593341e+00 1.285350685452378849e+00
-1.493079873269968161e+00 1.284593260005652438e+00
-1.488077372019342981e+00 1.283834940313487438e+00
-1.483074870768716913e+00 1.283075723731749607e+00
-1.478072369518091733e+00 1.282315607603772945e+00
-1.473069868267466553e+00 1.281554589260278432e+00
-1.468067367016841374e+00 1.280792666019290760e+00
-1.463064865766216194e+00 1.280029835186056397e+00
-1.458062364515591014e+00 1.279266094052958547e+00
-1.453059863264965834e+00 1.278501439899433212e+00
-1.448057362014339766e+00 1.277735869991883710e+00
-1.443054860763714586e+00 1.276969381583594521e+00
-1.438052359513089407e+00 1.276201971914644906e+00
-1.433049858262464227e+00 1.275433638211821652e+00
-1.428047357011839047e+00 1.274664377688530026e+00
-1.423044855761213867e+00 1.273894187544705181e+00
-1.418042354510587799e+00 1.273123064966722895e+00
-1.413039853259962619e+00 1.272351007127309197e+00
-1.408037352009337440e+00 1.271578011185448220e+00
-1.403034850758712260e+00 1.270804074286291163e+00
-1.398032349508087080e+00 1.270029193561062808e+00
-1.393029848257461900e+00 1.269253366126968263e+00
-1.388027347006836720e+00 1.268476589087099038e+00
-1.383024845756210652e+00 1.267698859530336453e+00
-1.378022344505585473e+00 1.266920174531257937e+00
-1.373019843254960293e+00 1.266140531150037107e+00
-1.368017342004335113e+00 1.265359926432349402e+00
-1.363014840753709933e+00 1.264578357409271270e+00
-1.358012339503084753e+00 1.263795821097181138e+00
-1.353009838252459573e+00 1.263012314497659938e+00
-1.348007337001833505e+00 1.262227834597389631e+00
-1.343004835751208326e+00 1.261442378368051065e+00
-1.338002334500583146e+00 1.260655942766221838e+00
-1.332999833249957966e+00 1.259868524733270823e+00
-1.327997331999332786e+00 1.259080121195255142e+00
-1.322994830748707606e+00 1.258290729062814250e+00
-1.317992329498082427e+00 1.257500345231062910e+00
-1.312989828247456359e+00 1.256708966579483500e+00
-1.307987326996831179e+00 1.255916589971818986e+00
-1.302984825746205999e+00 1.255123212255962128e+00
-1.297982324495580819e+00 1.254328830263845340e+00
-1.292979823244955639e+00 1.253533440811330335e+00
-1.287977321994330460e+00 1.252737040698094440e+00
-1.282974820743704392e+00 1.251939626707518238e+00
-1.277972319493079212e+00 1.251141195606571221e+00
-1.272969818242454032e+00 1.250341744145695877e+00
-1.267967316991828852e+00 1.249541269058691784e+00
-1.262964815741203672e+00 1.248739767062597705e+00
-1.257962314490578493e+00 1.247937234857573685e+00
-1.252959813239953313e+00 1.247133669126781141e+00
-1.247957311989327245e+00 1.246329066536262298e+00
-1.242954810738702065e+00 1.245523423734818502e+00
-1.237952309488076885e+00 1.244716737353887215e+00
-1.232949808237451705e+00 1.243909004007418329e+00
-1.227947306986826526e+00 1.243100220291748714e+00
-1.222944805736201346e+00 1.242290382785476988e+00
-1.217942304485576166e+00 1.241479488049334279e+00
-1.212939803234950098e+00 1.240667532626057667e+00
-1.207937301984324918e+00 1.239854513040259398e+00
-1.202934800733699738e+00 1.239040425798296319e+00
-1.197932299483074559e+00 1.238225267388137318e+00
-1.192929798232449379e+00 1.237409034279230768e+00
-1.187927296981824199e+00 1.236591722922368852e+00
-1.182924795731198131e+00 1.235773329749553229e+00
-1.177922294480572951e+00 1.234953851173856698e+00
-1.172919793229947771e+00 1.234133283589285535e+00
-1.167917291979322592e+00 1.233311623370639154e+00
-1.162914790728697412e+00 1.232488866873370004e+00
-1.157912289478072232e+00 1.231665010433441232e+00
-1.152909788227447052e+00 1.230840050367181915e+00
-1.147907286976820984e+00 1.230013982971144060e+00
-1.142904785726195804e+00 1.229186804521954501e+00
-1.137902284475570625e+00 1.228358511276168130e+00
-1.132899783224945445e+00 1.227529099470118901e+00
-1.127897281974320265e+00 1.226698565319768619e+00
-1.122894780723695085e+00 1.225866905020555730e+00
-1.117892279473069905e+00 1.225034114747241665e+00
-1.112889778222443837e+00 1.224200190653755849e+00
-1.107887276971818658e+00 1.223365128873040053e+00
-1.102884775721193478e+00 1.222528925516889409e+00
-1.097882274470568298e+00 1.221691576675794089e+00
-1.092879773219943118e+00 1.220853078418778326e+00
-1.087877271969317938e+00 1.220013426793237876e+00
-1.082874770718691870e+00 1.219172617824775262e+00
-1.077872269468066690e+00 1.218330647517036125e+00
-1.072869768217441511e+00 1.217487511851540249e+00
-1.067867266966816331e+00 1.216643206787513254e+00
-1.062864765716191151e+00 1.215797728261716948e+00
-1.057862264465565971e+00 1.214951072188276138e+00
-1.052859763214940791e+00 1.214103234458505876e+00
-1.047857261964314723e+00 1.213254210940734934e+00
-1.042854760713689544e+00 1.212403997480129947e+00
-1.037852259463064364e+00 1.211552589898515331e+00
-1.032849758212439184e+00 1.210699983994192985e+00
-1.027847256961814004e+00 1.209846175541759772e+00
-1.022844755711188824e+00 1.208991160291923439e+00
-1.017842254460563645e+00 1.208134933971316549e+00
-1.012839753209937577e+00 1.207277492282307962e+00
-1.007837251959312397e+00 1.206418830902813877e+00
-1.002834750708687217e+00 1.205558945486105094e+00
-9.978322494580620372e-01 1.204697831660614504e+00
-9.928297482074368574e-01 1.203835485029740360e+00
-9.878272469568116776e-01 1.202971901171649760e+00
-9.828247457061856096e-01 1.202107075639077927e+00
-9.778222444555604298e-01 1.201241003959128584e+00
-9.728197432049352500e-01 1.200373681633068346e+00
-9.678172419543100702e-01 1.199505104136121547e+00
-9.628147407036848904e-01 1.198635266917263964e+00
-9.578122394530597106e-01 1.197764165399010983e+00
-9.528097382024345308e-01 1.196891794977206880e+00
-9.478072369518084628e-01 1.196018151020810105e+00
-9.428047357011832830e-01 1.195143228871677454e+00
-9.378022344505581032e-01 1.194267023844345132e+00
-9.327997331999329234e-01 1.193389531225807376e+00
-9.277972319493077435e-01 1.192510746275294631e+00
-9.227947306986825637e-01 1.191630664224047509e+00
-9.177922294480573839e-01 1.190749280275088529e+00
-9.127897281974313159e-01 1.189866589602992963e+00
-9.077872269468061361e-01 1.188982587353656140e+00
-9.027847256961809563e-01 1.188097268644057847e+00
-8.977822244455557765e-01 1.187210628562025416e+00
-8.927797231949305967e-01 1.186322662165994579e+00
-8.877772219443054169e-01 1.185433364484765661e+00
-8.827747206936802371e-01 1.184542730517259779e+00
-8.777722194430541691e-01 1.183650755232271257e+00
-8.727697181924289893e-01 1.182757433568216721e+00
-8.677672169418038095e-01 1.181862760432883519e+00
-8.627647156911786297e-01 1.180966730703173040e+00
-8.577622144405534499e-01 1.180069339224843583e+00
-8.527597131899282701e-01 1.179170580812248570e+00
-8.477572119393022021e-01 1.178270450248073642e+00
-8.427547106886770223e-01 1.177368942283069764e+00
-8.377522094380518425e-01 1.176466051635783883e+00
-8.327497081874266627e-01 1.175561772992286480e+00
-8.277472069368014829e-01 1.174656101005896236e+00
-8.227447056861763031e-01 1.173749030296902474e+00
-8.177422044355511233e-01 1.172840555452283384e+00
-8.127397031849250553e-01 1.171930671025421811e+00
-8.077372019342998755e-01 1.171019371535818587e+00
-8.027347006836746957e-01 1.170106651468800329e+00
-7.977321994330495158e-01 1.169192505275227889e+00
-7.927296981824243360e-01 1.168276927371197704e+00
-7.877271969317991562e-01 1.167359912137743150e+00
-7.827246956811739764e-01 1.166441453920529669e+00
-7.777221944305479084e-01 1.165521547029548355e+00
-7.727196931799227286e-01 1.164600185738807303e+00
-7.677171919292975488e-01 1.163677364286015203e+00
-7.627146906786723690e-01 1.162753076872266034e+00
-7.577121894280471892e-01 1.161827317661718428e+00
-7.527096881774220094e-01 1.160900080781270605e+00
-7.477071869267959414e-01 1.159971360320232847e+00
-7.427046856761707616e-01 1.159041150329995773e+00
-7.377021844255455818e-01 1.158109444823695933e+00
-7.326996831749204020e-01 1.157176237775874972e+00
-7.276971819242952222e-01 1.156241523122138126e+00
-7.226946806736700424e-01 1.155305294758807610e+00
-7.176921794230448626e-01 1.154367546542570011e+00
-7.126896781724187946e-01 1.153428272290123902e+00
-7.076871769217936148e-01 1.152487465777819686e+00
-7.026846756711684350e-01 1.151545120741296779e+00
-6.976821744205432552e-01 1.150601230875116787e+00
-6.926796731699180754e-01 1.149655789832391806e+00
-6.876771719192928956e-01 1.148708791224409831e+00
-6.826746706686677157e-01 1.147760228620254175e+00
-6.776721694180416478e-01 1.146810095546418218e+00
-6.726696681674164680e-01 1.145858385486418829e+00
-6.676671669167912881e-01 1.144905091880401571e+00
-6.626646656661652202e-01 1.143950208124741907e+00
-6.576621644155409285e-01 1.142993727571645968e+00
-6.526596631649148605e-01 1.142035643528738431e+00
-6.476571619142905689e-01 1.141075949258655520e+00
-6.426546606636645009e-01 1.140114637978624001e+00
-6.376521594130402093e-01 1.139151702860042192e+00
-6.326496581624141413e-01 1.138187137028050744e+00
-6.276471569117880733e-01 1.137220933561102321e+00
-6.226446556611637817e-01 1.136253085490524839e+00
-6.176421544105377137e-01 1.135283585800076933e+00
-6.126396531599134221e-01 1.134312427425502756e+00
-6.076371519092873541e-01 1.133339603254077455e+00
-6.026346506586630625e-01 1.132365106124150200e+00
-5.976321494080369945e-01 1.131388928824677897e+00
-5.926296481574109265e-01 1.130411064094758222e+00
-5.876271469067866349e-01 1.129431504623153115e+00
-5.826246456561605669e-01 1.128450243047806723e+00
-5.776221444055362753e-01 1.127467271955361117e+00
-5.726196431549102073e-01 1.126482583880660027e+00
-5.676171419042859156e-01 1.125496171306253679e+00
-5.626146406536598477e-01 1.124508026661889870e+00
-5.576121394030337797e-01 1.123518142324005931e+00
-5.526096381524094880e-01 1.122526510615209583e+00
-5.476071369017834201e-01 1.121533123803754917e+00
-5.426046356511591284e-01 1.120537974103012147e+00
-5.376021344005330604e-01 1.119541053670930486e+00
-5.325996331499087688e-01 1.118542354609494804e+00
-5.275971318992827008e-01 1.117541868964173402e+00
-5.225946306486566328e-01 1.116539588723362453e+00
-5.175921293980323412e-01 1.115535505817820683e+00
-5.125896281474062732e-01 1.114529612120096491e+00
-5.075871268967819816e-01 1.113521899443951302e+00
-5.025846256461559136e-01 1.112512359543770479e+00
-4.975821243955316220e-01 1.111500984113972912e+00
-4.925796231449055540e-01 1.110487764788405940e+00
-4.875771218942794860e-01 1.109472693139739841e+00
-4.825746206436551944e-01 1.108455760678849211e+00
-4.775721193930291264e-01 1.107436958854187470e+00
-4.725696181424048348e-01 1.106416279051155804e+00
-4.675671168917787668e-01 1.105393712591460798e+00
-4.625646156411526988e-01 1.104369250732466057e+00
-4.575621143905284072e-01 1.103342884666534074e+00
-4.525596131399023392e-01 1.102314605520358981e+00
-4.475571118892780476e-01 1.101284404354293089e+00
-4.425546106386519796e-01 1.100252272161661216e+00
-4.375521093880276879e-01 1.099218199868069679e+00
-4.325496081374016200e-01 1.098182178330701975e+00
-4.275471068867755520e-01 1.097144198337609122e+00
-4.225446056361512603e-01 1.096104250606989128e+00
-4.175421043855251924e-01 1.095062325786453572e+00
-4.125396031349009007e-01 1.094018414452291754e+00
-4.075371018842748327e-01 1.092972507108717073e+00
-4.025346006336505411e-01 1.091924594187109188e+00
-3.975320993830244731e-01 1.090874666045241526e+00
-3.925295981323984051e-01 1.089822712966503238e+00
-3.875270968817741135e-01 1.088768725159105610e+00
-3.825245956311480455e-01 1.087712692755280042e+00
-3.775220943805237539e-01 1.086654605810467134e+00
-3.725195931298976859e-01 1.085594454302489575e+00
-3.675170918792733943e-01 1.084532228130719922e+00
-3.625145906286473263e-01 1.083467917115230383e+00
-3.575120893780212583e-01 1.082401510995937288e+00
-3.525095881273969667e-01 1.081332999431729114e+00
-3.475070868767708987e-01 1.080262371999583415e+00
-3.425045856261466071e-01 1.079189618193674427e+00
-3.375020843755205391e-01 1.078114727424462460e+00
-3.324995831248962475e-01 1.077037689017777744e+00
-3.274970818742701795e-01 1.075958492213883844e+00
-3.224945806236441115e-01 1.074877126166535080e+00
-3.174920793730198199e-01 1.073793579942015297e+00
-3.124895781223937519e-01 1.072707842518164423e+00
-3.074870768717694602e-01 1.071619902783394584e+00
-3.024845756211433923e-01 1.070529749535685804e+00
-2.974820743705191006e-01 1.069437371481573917e+00
-2.924795731198930326e-01 1.068342757235118734e+00
-2.874770718692669647e-01 1.067245895316861759e+00
-2.824745706186426730e-01 1.066146774152765264e+00
-2.774720693680166050e-01 1.065045382073137370e+00
-2.724695681173923134e-01 1.063941707311543139e+00
-2.674670668667662454e-01 1.062835738003696795e+00
-2.624645656161401774e-01 1.061727462186340398e+00
-2.574620643655158858e-01 1.060616867796105200e+00
-2.524595631148898178e-01 1.059503942668353904e+00
-2.474570618642655262e-01 1.058388674536011598e+00
-2.424545606136394582e-01 1.057271051028372710e+00
-2.374520593630151666e-01 1.056151059669895753e+00
-2.324495581123890986e-01 1.055028687878975635e+00
-2.274470568617630306e-01 1.053903922966702211e+00
-2.224445556111387390e-01 1.052776752135596627e+00
-2.174420543605126710e-01 1.051647162478328124e+00
-2.124395531098883794e-01 1.050515140976417960e+00
-2.074370518592623114e-01 1.049380674498913812e+00
-2.024345506086380198e-01 1.048243749801053504e+00
-1.974320493580119518e-01 1.047104353522900988e+00
-1.924295481073858838e-01 1.045962472187967895e+00
-1.874270468567615922e-01 1.044818092201808213e+00
-1.824245456061355242e-01 1.043671199850594977e+00
-1.774220443555112325e-01 1.042521781299674766e+00
-1.724195431048851646e-01 1.041369822592096872e+00
-1.674170418542608729e-01 1.040215309647125386e+00
-1.624145406036348049e-01 1.039058228258720407e+00
-1.574120393530087370e-01 1.037898564094003273e+00
-1.524095381023844453e-01 1.036736302691692480e+00
-1.474070368517583773e-01 1.035571429460515835e+00
-1.424045356011340857e-01 1.034403929677601086e+00
-1.374020343505080177e-01 1.033233788486835003e+00
-1.323995330998837261e-01 1.032060990897202934e+00
-1.273970318492576581e-01 1.030885521781095937e+00
-1.223945305986315901e-01 1.029707365872595481e+00
-1.173920293480072985e-01 1.028526507765728848e+00
-1.123895280973812305e-01 1.027342931912693658e+00
-1.073870268467569389e-01 1.026156622622059755e+00
-1.023845255961308709e-01 1.024967564056935787e+00
-9.738202434550657927e-02 1.023775740233110909e+00
-9.237952309488051128e-02 1.022581135017161413e+00
-8.737702184425444329e-02 1.021383732124530930e+00
-8.237452059363015167e-02 1.020183515117576212e+00
-7.737201934300408368e-02 1.018980467403580281e+00
-7.236951809237979205e-02 1.017774572232735153e+00
-6.736701684175372407e-02 1.016565812696088367e+00
-6.236451559112943244e-02 1.015354171723458210e+00
-5.736201434050336445e-02 1.014139632081309417e+00
-5.235951308987729647e-02 1.012922176370598892e+00
-4.735701183925300484e-02 1.011701787024581467e+00
-4.235451058862693685e-02 1.010478446306577016e+00
-3.735200933800264522e-02 1.009252136307705827e+00
-3.234950808737657724e-02 1.008022838944577559e+00
-2.734700683675050925e-02 1.006790535956946897e+00
-2.234450558612621762e-02 1.005555208905326792e+00
-1.734200433550014964e-02 1.004316839168557296e+00
-1.233950308487585801e-02 1.003075407941339758e+00
-7.337001834249790022e-03 1.001830896231719281e+00
-2.334500583625498393e-03 1.000583284858531652e+00
2.668000667000569592e-03 9.993325544487980938e-01
7.670501917626637578e-03 9.980786854350812698e-01
1.267300316825092921e-02 9.968216580527897719e-01
1.767550441887699719e-02 9.955614523374344271e-01
2.267800566950128882e-02 9.942980481218420818e-01
2.768050692012735681e-02 9.930314250333108772e-01
3.268300817075164844e-02 9.917615624907232252e-01
3.768550942137771642e-02 9.904884397015991659e-01
4.268801067200378441e-02 9.892120356591032060e-01
4.769051192262807604e-02 9.879323291389927597e-01
5.269301317325414402e-02 9.866492986965110790e-01
5.769551442387843565e-02 9.853629226632275584e-01
6.269801567450450364e-02 9.840731791438137588e-01
6.770051692512879526e-02 9.827800460127673610e-01
7.270301817575486325e-02 9.814835009110682851e-01
7.770551942638093124e-02 9.801835212427795208e-01
8.270802067700522286e-02 9.788800841715802337e-01
8.771052192763129085e-02 9.775731666172337020e-01
9.271302317825558248e-02 9.762627452519946347e-01
9.771552442888165046e-02 9.749487964969403286e-01
1.027180256795059421e-01 9.736312965182410961e-01
1.077205269301320101e-01 9.723102212233517561e-01
1.127230281807580781e-01 9.709855462571376217e-01
1.177255294313823697e-01 9.696572469979218845e-01
1.227280306820084377e-01 9.683252985534566148e-01
1.277305319326327293e-01 9.669896757568205992e-01
1.327330331832587973e-01 9.656503531622310232e-01
1.377355344338830889e-01 9.643073050407808822e-01
1.427380356845091569e-01 9.629605053760852407e-01
1.477405369351352249e-01 9.616099278598496669e-01
1.527430381857595165e-01 9.602555458873461847e-01
1.577455394363855845e-01 9.588973325527994085e-01
1.627480406870098761e-01 9.575352606446861925e-01
1.677505419376359441e-01 9.561693026409341378e-01
1.727530431882620121e-01 9.547994307040305051e-01
1.777555444388863037e-01 9.534256166760285423e-01
1.827580456895123717e-01 9.520478320734518940e-01
1.877605469401366634e-01 9.506660480821013115e-01
1.927630481907627313e-01 9.492802355517473423e-01
1.977655494413870230e-01 9.478903649907222118e-01
2.027680506920130910e-01 9.464964065603926890e-01
2.077705519426391589e-01 9.450983300695257050e-01
2.127730531932634506e-01 9.436961049685327341e-01
2.177755544438895186e-01 9.422897003435931618e-01
2.227780556945138102e-01 9.408790849106595244e-01
2.277805569451398782e-01 9.394642270093304104e-01
2.327830581957641698e-01 9.380450945965999043e-01
2.377855594463902378e-01 9.366216552404672546e-01
2.427880606970163058e-01 9.351938761134177547e-01
2.477905619476405974e-01 9.337617239857587403e-01
2.527930631982666654e-01 9.323251652188113692e-01
2.577955644488909570e-01 9.308841657579611795e-01
2.627980656995170250e-01 9.294386911255489991e-01
2.678005669501413166e-01 9.279887064136157493e-01
2.728030682007673846e-01 9.265341762764791600e-01
2.778055694513934526e-01 9.250750649231540557e-01
2.828080707020177442e-01 9.236113361096011110e-01
2.878105719526438122e-01 9.221429531308015237e-01
2.928130732032681038e-01 9.206698788126606026e-01
2.978155744538941718e-01 9.191920755037210622e-01
3.028180757045184635e-01 9.177095050666979059e-01
3.078205769551445314e-01 9.162221288698125798e-01
3.128230782057705994e-01 9.147299077779375009e-01
3.178255794563948911e-01 9.132328021435327514e-01
3.228280807070209590e-01 9.117307717973733849e-01
3.278305819576452507e-01 9.102237760390680110e-01
3.328330832082713187e-01 9.087117736273485624e-01
3.378355844588956103e-01 9.071947227701423477e-01
3.428380857095216783e-01 9.056725811144007432e-01
3.478405869601477463e-01 9.041453057356980683e-01
3.528430882107720379e-01 9.026128531275761091e-01
3.578455894613981059e-01 9.010751791906357333e-01
3.628480907120223975e-01 8.995322392213724871e-01
3.678505919626484655e-01 8.979839879007339709e-01
3.728530932132727571e-01 8.964303792824099837e-01
3.778555944638988251e-01 8.948713667808280148e-01
3.828580957145248931e-01 8.933069031588635189e-01
3.878605969651491847e-01 8.917369405152422157e-01
3.928630982157752527e-01 8.901614302716305271e-01
3.978655994663995443e-01 8.885803231594109342e-01
4.028681007170256123e-01 8.869935692061181598e-01
4.078706019676516803e-01 8.854011177215427297e-01
4.128731032182759719e-01 8.838029172834778180e-01
4.178756044689020399e-01 8.821989157231043821e-01
4.228781057195263315e-01 8.805890601100074822e-01
4.278806069701523995e-01 8.789732967368002470e-01
4.328831082207766912e-01 8.773515711033593734e-01
4.378856094714027591e-01 8.757238279006419601e-01
4.428881107220288271e-01 8.740900109940881180e-01
4.478906119726531188e-01 8.724500634065821547e-01
4.528931132232791867e-01 8.708039273009637871e-01
4.578956144739034784e-01 8.691515439620799421e-01
4.628981157245295464e-01 8.674928537783488380e-01
4.679006169751538380e-01 8.658277962228375646e-01
4.729031182257799060e-01 8.641563098338197468e-01
4.779056194764059740e-01 8.624783321948119585e-01
4.829081207270302656e-01 8.607937999140600205e-01
4.879106219776563336e-01 8.591026486034595289e-01
4.929131232282806252e-01 8.574048128569008442e-01
4.979156244789066932e-01 8.557002262280001270e-01
5.029181257295309848e-01 8.539888212072187512e-01
5.079206269801570528e-01 8.522705291983267983e-01
5.129231282307831208e-01 8.505452804942097433e-01
5.179256294814074124e-01 8.488130042519782537e-01
5.229281307320334804e-01 8.470736284673645589e-01
5.279306319826577720e-01 8.453270799483857401e-01
5.329331332332838400e-01 8.435732842882328608e-01
5.379356344839081316e-01 8.418121658373771687e-01
5.429381357345341996e-01 8.400436476748465164e-01
5.479406369851602676e-01 8.382676515786602334e-01
5.529431382357845592e-01 8.364840979953779287e-01
5.579456394864106272e-01 8.346929060087350249e-01
5.629481407370349189e-01 8.328939933073374879e-01
5.679506419876609868e-01 8.310872761513672380e-01
5.729531432382852785e-01 8.292726693382790337e-01
5.779556444889113465e-01 8.274500861674323193e-01
5.829581457395374144e-01 8.256194384036361633e-01
5.879606469901617061e-01 8.237806362395524440e-01
5.929631482407877741e-01 8.219335882569173135e-01
5.979656494914120657e-01 8.200782013865451914e-01
6.029681507420381337e-01 8.182143808670487850e-01
6.079706519926642017e-01 8.163420302022478259e-01
6.129731532432884933e-01 8.144610511171960221e-01
6.179756544939145613e-01 8.125713435127807083e-01
6.229781557445388529e-01 8.106728054188432342e-01
6.279806569951649209e-01 8.087653329457452633e-01
6.329831582457892125e-01 8.068488202343394589e-01
6.379856594964152805e-01 8.049231594042565163e-01
6.429881607470413485e-01 8.029882405004634682e-01
6.479906619976656401e-01 8.010439514380024439e-01
6.529931632482917081e-01 7.990901779448423836e-01
6.579956644989159997e-01 7.971268035027727628e-01
6.629981657495420677e-01 7.951537092862375200e-01
6.680006670001663593e-01 7.931707740990452393e-01
6.730031682507924273e-01 7.911778743088414556e-01
6.780056695014184953e-01 7.891748837792693649e-01
6.830081707520427869e-01 7.871616737996994795e-01
6.880106720026688549e-01 7.851381130124320817e-01
6.930131732532931466e-01 7.831040673372642313e-01
6.980156745039192145e-01 7.810593998932899851e-01
7.030181757545435062e-01 7.790039709178308014e-01
7.080206770051695742e-01 7.769376376823429187e-01
7.130231782557956421e-01 7.748602544051887975e-01
7.180256795064199338e-01 7.727716721611087580e-01
7.230281807570460018e-01 7.706717387872483727e-01
7.280306820076702934e-01 7.685602987855891799e-01
7.330331832582963614e-01 7.664371932215943151e-01
7.380356845089206530e-01 7.643022596189136264e-01
7.430381857595467210e-01 7.621553318499353358e-01
7.480406870101727890e-01 7.599962400220089398e-01
7.530431882607970806e-01 7.578248103591083140e-01
7.580456895114231486e-01 7.556408650787205250e-01
7.630481907620474402e-01 7.534442222637321995e-01
7.680506920126735082e-01 7.512346957290437777e-01
7.730531932632977998e-01 7.490120948826709535e-01
7.780556945139238678e-01 7.467762245810287691e-01
7.830581957645499358e-01 7.445268849781253584e-01
7.880606970151742274e-01 7.422638713683290534e-01
7.930631982658002954e-01 7.399869740223832260e-01
7.980656995164245870e-01 7.376959780163216962e-01
8.030682007670506550e-01 7.353906630528859178e-01
8.080707020176749467e-01 7.330708032750677949e-01
8.130732032683010146e-01 7.307361670713259372e-01
8.180757045189270826e-01 7.283865168720453642e-01
8.230782057695513743e-01 7.260216089367362846e-01
8.280807070201774422e-01 7.236411931314643553e-01
8.330832082708017339e-01 7.212450126959710772e-01
8.380857095214278019e-01 7.188328039998770347e-01
8.430882107720538698e-01 7.164042962873655718e-01
8.480907120226781615e-01 7.139592114096582343e-01
8.530932132733042295e-01 7.114972635445742100e-01
8.580957145239285211e-01 7.090181589024175945e-01
8.630982157745545891e-01 7.065215954173516000e-01
8.681007170251788807e-01 7.040072624234102738e-01
8.731032182758049487e-01 7.014748403141780608e-01
8.781057195264310167e-01 6.989240001851563244e-01
8.831082207770553083e-01 6.963544034577124897e-01
8.881107220276813763e-01 6.937657014834550662e-01
8.931132232783056679e-01 6.911575351277949864e-01
8.981157245289317359e-01 6.885295343313230232e-01
9.031182257795560275e-01 6.858813176475817563e-01
9.081207270301820955e-01 6.832124917556411381e-01
9.131232282808081635e-01 6.805226509458200956e-01
9.181257295314324551e-01 6.778113765767106447e-01
9.231282307820585231e-01 6.750782365015477460e-01
9.281307320326828147e-01 6.723227844618074878e-01
9.331332332833088827e-01 6.695445594457047900e-01
9.381357345339331744e-01 6.667430850091277117e-01
9.431382357845592423e-01 6.639178685562665549e-01
9.481407370351853103e-01 6.610684005770303129e-01
9.531432382858096020e-01 6.581941538380303713e-01
9.581457395364356699e-01 6.552945825236629052e-01
9.631482407870599616e-01 6.523691213235141007e-01
9.681507420376860296e-01 6.494171844619309741e-01
9.731532432883103212e-01 6.464381646652815894e-01
9.781557445389363892e-01 6.434314320619414218e-01
9.831582457895624572e-01 6.403963330096448248e-01
9.881607470401867488e-01 6.373321888442650129e-01
9.931632482908128168e-01 6.342382945435490749e-01
9.981657495414371084e-01 6.311139172986950374e-01
1.003168250792063176e+00 6.279582949859092711e-01
1.008170752042687468e+00 6.247706345293462249e-01
1.013173253293313536e+00 6.215501101458743571e-01
1.018175754543939604e+00 6.182958614611838710e-01
1.023178255794563896e+00 6.150069914855721409e-01
1.028180757045189964e+00 6.116825644365195824e-01
1.033183258295814255e+00 6.083216033937569600e-01
1.038185759546440323e+00 6.049230877708795528e-01
1.043188260797066391e+00 6.014859505858241029e-01
1.048190762047690683e+00 5.980090755104050526e-01
1.053193263298316751e+00 5.944912936768275147e-01
1.058195764548941042e+00 5.909313802164418705e-01
1.063198265799567110e+00 5.873280505029476739e-01
1.068200767050191402e+00 5.836799560688719080e-01
1.073203268300817470e+00 5.799856801601162015e-01
1.078205769551443538e+00 5.762437328889090660e-01
1.083208270802067830e+00 5.724525459402006744e-01
1.088210772052693898e+00 5.686104667805506052e-01
1.093213273303318189e+00 5.647157523115766686e-01
1.098215774553944257e+00 5.607665619018770142e-01
1.103218275804568549e+00 5.567609497219759840e-01
1.108220777055194617e+00 5.526968562957301767e-01
1.113223278305820685e+00 5.485720991688037840e-01
1.118225779556444976e+00 5.443843625795528052e-01
1.123228280807071044e+00 5.401311859997911524e-01
1.128230782057695336e+00 5.358099513916975143e-01
1.133233283308321404e+00 5.314178690018479534e-01
1.138235784558945696e+00 5.269519614833516608e-01
1.143238285809571764e+00 5.224090461009038844e-01
1.148240787060197832e+00 5.177857147302570295e-01
1.153243288310822123e+00 5.130783113110297666e-01
1.158245789561448191e+00 5.082829063480435172e-01
1.163248290812072483e+00 5.033952679784738926e-01
1.168250792062698551e+00 4.984108290263943308e-01
1.173253293313322843e+00 4.933246493482562056e-01
1.178255794563948911e+00 4.881313726259970398e-01
1.183258295814574979e+00 4.828251765811145124e-01
1.188260797065199270e+00 4.773997153520154191e-01
1.193263298315825338e+00 4.718480524842655899e-01
1.198265799566449630e+00 4.661625826094061287e-01
1.203268300817075698e+00 4.603349394063296907e-01
1.208270802067699989e+00 4.543558868136750584e-01
1.213273303318326057e+00 4.482151896412046033e-01
1.218275804568952125e+00 4.419014586417376877e-01
1.223278305819576417e+00 4.354019636504821156e-01
1.228280807070202485e+00 4.287024064284494229e-01
1.233283308320826777e+00 4.217866421441169855e-01
1.238285809571452845e+00 4.146363346691387952e-01
1.243288310822077136e+00 4.072305255585989547e-01
1.248290812072703204e+00 3.995450889724210808e-01
1.253293313323329272e+00 3.915520336686305614e-01
1.258295814573953564e+00 3.832185966107974351e-01
1.263298315824579632e+00 3.745060474413341445e-01
1.268300817075203923e+00 3.653680835356636902e-01
1.273303318325829991e+00 3.557486317722865499e-01
1.278305819576456059e+00 3.455787675638950507e-01
1.283308320827080351e+00 3.347722797228522285e-01
1.288310822077706419e+00 3.232190823326385187e-01
1.293313323328330711e+00 3.107750550729375671e-01
1.298315824578956779e+00 2.972456468384123141e-01
1.303318325829581070e+00 2.823578761557895001e-01
1.308320827080207138e+00 2.657089345009229220e-01
1.313323328330833206e+00 2.466623246741232456e-01
1.318325829581457498e+00 2.241075948206019408e-01
1.323328330832083566e+00 1.957760168343104790e-01
1.328330832082707857e+00 1.553875275364703101e-01
1.333333333333333259e+00 0.000000000000000000e+00
