# xi f m=2 c=1.0 xi0=0.0 L2_residual=1.34e-10
-8.000000000000000000e+00 5.000000000000000000e+00
-7.994997498749374820e+00 4.997498749374686966e+00
-7.989994997498749640e+00 4.994997498749374820e+00
-7.984992496248124461e+00 4.992496248124062674e+00
-7.979989994997498393e+00 4.989994997498749640e+00
-7.974987493746873213e+00 4.987493746873436606e+00
-7.969984992496248033e+00 4.984992496248123572e+00
-7.964982491245622853e+00 4.982491245622811427e+00
-7.959979989994997673e+00 4.979989994997499281e+00
-7.954977488744372494e+00 4.977488744372186247e+00
-7.949974987493747314e+00 4.974987493746873213e+00
-7.944972486243121246e+00 4.972486243121560179e+00
-7.939969984992496066e+00 4.969984992496248033e+00
-7.934967483741870886e+00 4.967483741870935887e+00
-7.929964982491245706e+00 4.964982491245622853e+00
-7.924962481240620527e+00 4.962481240620309819e+00
-7.919959979989995347e+00 4.959979989994997673e+00
-7.914957478739369279e+00 4.957478739369684639e+00
-7.909954977488744099e+00 4.954977488744372494e+00
-7.904952476238118919e+00 4.952476238119059460e+00
-7.899949974987493739e+00 4.949974987493746426e+00
-7.894947473736868560e+00 4.947473736868434280e+00
-7.889944972486243380e+00 4.944972486243122134e+00
-7.884942471235618200e+00 4.942471235617809100e+00
-7.879939969984992132e+00 4.939969984992496066e+00
-7.874937468734366952e+00 4.937468734367183032e+00
-7.869934967483741772e+00 4.934967483741870886e+00
-7.864932466233116592e+00 4.932466233116558740e+00
-7.859929964982491413e+00 4.929964982491245706e+00
-7.854927463731866233e+00 4.927463731865932672e+00
-7.849924962481241053e+00 4.924962481240620527e+00
-7.844922461230614985e+00 4.922461230615307493e+00
-7.839919959979989805e+00 4.919959979989995347e+00
-7.834917458729364625e+00 4.917458729364682313e+00
-7.829914957478739446e+00 4.914957478739369279e+00
-7.824912456228114266e+00 4.912456228114057133e+00
-7.819909954977489086e+00 4.909954977488744987e+00
-7.814907453726863018e+00 4.907453726863431953e+00
-7.809904952476237838e+00 4.904952476238118919e+00
-7.804902451225612658e+00 4.902451225612805885e+00
-7.799899949974987479e+00 4.899949974987493739e+00
-7.794897448724362299e+00 4.897448724362181594e+00
-7.789894947473737119e+00 4.894947473736868560e+00
-7.784892446223111939e+00 4.892446223111555526e+00
-7.779889944972485871e+00 4.889944972486242492e+00
-7.774887443721860691e+00 4.887443721860930346e+00
-7.769884942471235512e+00 4.884942471235618200e+00
-7.764882441220610332e+00 4.882441220610305166e+00
-7.759879939969985152e+00 4.879939969984992132e+00
-7.754877438719359972e+00 4.877438719359679986e+00
-7.749874937468733904e+00 4.874937468734366952e+00
-7.744872436218108724e+00 4.872436218109054806e+00
-7.739869934967483545e+00 4.869934967483741772e+00
-7.734867433716858365e+00 4.867433716858428738e+00
-7.729864932466233185e+00 4.864932466233116592e+00
-7.724862431215608005e+00 4.862431215607804447e+00
-7.719859929964982825e+00 4.859929964982491413e+00
-7.714857428714356757e+00 4.857428714357178379e+00
-7.709854927463731578e+00 4.854927463731865345e+00
-7.704852426213106398e+00 4.852426213106553199e+00
-7.699849924962481218e+00 4.849924962481241053e+00
-7.694847423711856038e+00 4.847423711855928019e+00
-7.689844922461230858e+00 4.844922461230614985e+00
-7.684842421210605679e+00 4.842421210605302839e+00
-7.679839919959979611e+00 4.839919959979989805e+00
-7.674837418709354431e+00 4.837418709354677659e+00
-7.669834917458729251e+00 4.834917458729364625e+00
-7.664832416208104071e+00 4.832416208104051591e+00
-7.659829914957478891e+00 4.829914957478739446e+00
-7.654827413706853712e+00 4.827413706853427300e+00
-7.649824912456228532e+00 4.824912456228114266e+00
-7.644822411205602464e+00 4.822411205602801232e+00
-7.639819909954977284e+00 4.819909954977488198e+00
-7.634817408704352104e+00 4.817408704352176052e+00
-7.629814907453726924e+00 4.814907453726863906e+00
-7.624812406203101744e+00 4.812406203101550872e+00
-7.619809904952476565e+00 4.809904952476237838e+00
-7.614807403701851385e+00 4.807403701850925692e+00
-7.609804902451225317e+00 4.804902451225612658e+00
-7.604802401200600137e+00 4.802401200600300513e+00
-7.599799899949974957e+00 4.799899949974987479e+00
-7.594797398699349777e+00 4.797398699349674445e+00
-7.589794897448724598e+00 4.794897448724362299e+00
-7.584792396198099418e+00 4.792396198099050153e+00
-7.579789894947473350e+00 4.789894947473737119e+00
-7.574787393696848170e+00 4.787393696848424085e+00
-7.569784892446222990e+00 4.784892446223111051e+00
-7.564782391195597810e+00 4.782391195597798905e+00
-7.559779889944972631e+00 4.779889944972486759e+00
-7.554777388694347451e+00 4.777388694347173725e+00
-7.549774887443722271e+00 4.774887443721860691e+00
-7.544772386193096203e+00 4.772386193096547657e+00
-7.539769884942471023e+00 4.769884942471235512e+00
-7.534767383691845843e+00 4.767383691845923366e+00
-7.529764882441220664e+00 4.764882441220610332e+00
-7.524762381190595484e+00 4.762381190595297298e+00
-7.519759879939970304e+00 4.759879939969985152e+00
-7.514757378689344236e+00 4.757378689344672118e+00
-7.509754877438719056e+00 4.754877438719359972e+00
-7.504752376188093876e+00 4.752376188094046938e+00
-7.499749874937468697e+00 4.749874937468733904e+00
-7.494747373686843517e+00 4.747373686843421758e+00
-7.489744872436218337e+00 4.744872436218109613e+00
-7.484742371185593157e+00 4.742371185592796579e+00
-7.479739869934967089e+00 4.739869934967483545e+00
-7.474737368684341909e+00 4.737368684342170511e+00
-7.469734867433716730e+00 4.734867433716858365e+00
-7.464732366183091550e+00 4.732366183091546219e+00
-7.459729864932466370e+00 4.729864932466233185e+00
-7.454727363681841190e+00 4.727363681840920151e+00
-7.449724862431216010e+00 4.724862431215608005e+00
-7.444722361180589942e+00 4.722361180590294971e+00
-7.439719859929964763e+00 4.719859929964982825e+00
-7.434717358679339583e+00 4.717358679339669791e+00
-7.429714857428714403e+00 4.714857428714356757e+00
-7.424712356178089223e+00 4.712356178089044612e+00
-7.419709854927464043e+00 4.709854927463732466e+00
-7.414707353676838864e+00 4.707353676838419432e+00
-7.409704852426212796e+00 4.704852426213106398e+00
-7.404702351175587616e+00 4.702351175587793364e+00
-7.399699849924962436e+00 4.699849924962481218e+00
-7.394697348674337256e+00 4.697348674337169072e+00
-7.389694847423712076e+00 4.694847423711856038e+00
-7.384692346173086896e+00 4.692346173086543004e+00
-7.379689844922461717e+00 4.689844922461230858e+00
-7.374687343671835649e+00 4.687343671835917824e+00
-7.369684842421210469e+00 4.684842421210605679e+00
-7.364682341170585289e+00 4.682341170585292645e+00
-7.359679839919960109e+00 4.679839919959979611e+00
-7.354677338669334929e+00 4.677338669334667465e+00
-7.349674837418709750e+00 4.674837418709355319e+00
-7.344672336168083682e+00 4.672336168084042285e+00
-7.339669834917458502e+00 4.669834917458729251e+00
-7.334667333666833322e+00 4.667333666833416217e+00
-7.329664832416208142e+00 4.664832416208104071e+00
-7.324662331165582962e+00 4.662331165582791925e+00
-7.319659829914957783e+00 4.659829914957478891e+00
-7.314657328664331715e+00 4.657328664332165857e+00
-7.309654827413706535e+00 4.654827413706852823e+00
-7.304652326163081355e+00 4.652326163081540678e+00
-7.299649824912456175e+00 4.649824912456228532e+00
-7.294647323661830995e+00 4.647323661830915498e+00
-7.289644822411205816e+00 4.644822411205602464e+00
-7.284642321160580636e+00 4.642321160580290318e+00
-7.279639819909954568e+00 4.639819909954977284e+00
-7.274637318659329388e+00 4.637318659329665138e+00
-7.269634817408704208e+00 4.634817408704352104e+00
-7.264632316158079028e+00 4.632316158079039070e+00
-7.259629814907453849e+00 4.629814907453726924e+00
-7.254627313656828669e+00 4.627313656828414778e+00
-7.249624812406203489e+00 4.624812406203101744e+00
-7.244622311155577421e+00 4.622311155577788711e+00
-7.239619809904952241e+00 4.619809904952475677e+00
-7.234617308654327061e+00 4.617308654327163531e+00
-7.229614807403701882e+00 4.614807403701851385e+00
-7.224612306153076702e+00 4.612306153076538351e+00
-7.219609804902451522e+00 4.609804902451225317e+00
-7.214607303651826342e+00 4.607303651825913171e+00
-7.209604802401200274e+00 4.604802401200600137e+00
-7.204602301150575094e+00 4.602301150575287991e+00
-7.199599799899949915e+00 4.599799899949974957e+00
-7.194597298649324735e+00 4.597298649324661923e+00
-7.189594797398699555e+00 4.594797398699349777e+00
-7.184592296148074375e+00 4.592296148074037632e+00
-7.179589794897449195e+00 4.589794897448724598e+00
-7.174587293646823127e+00 4.587293646823411564e+00
-7.169584792396197948e+00 4.584792396198098530e+00
-7.164582291145572768e+00 4.582291145572786384e+00
-7.159579789894947588e+00 4.579789894947474238e+00
-7.154577288644322408e+00 4.577288644322161204e+00
-7.149574787393697228e+00 4.574787393696848170e+00
-7.144572286143072049e+00 4.572286143071536024e+00
-7.139569784892445981e+00 4.569784892446222990e+00
-7.134567283641820801e+00 4.567283641820910844e+00
-7.129564782391195621e+00 4.564782391195597810e+00
-7.124562281140570441e+00 4.562281140570284776e+00
-7.119559779889945261e+00 4.559779889944972631e+00
-7.114557278639319193e+00 4.557278639319659597e+00
-7.109554777388694013e+00 4.554777388694347451e+00
-7.104552276138068834e+00 4.552276138069034417e+00
-7.099549774887443654e+00 4.549774887443721383e+00
-7.094547273636818474e+00 4.547273636818409237e+00
-7.089544772386193294e+00 4.544772386193097091e+00
-7.084542271135568114e+00 4.542271135567784057e+00
-7.079539769884942046e+00 4.539769884942471023e+00
-7.074537268634316867e+00 4.537268634317157989e+00
-7.069534767383691687e+00 4.534767383691845843e+00
-7.064532266133066507e+00 4.532266133066533698e+00
-7.059529764882441327e+00 4.529764882441220664e+00
-7.054527263631816147e+00 4.527263631815907630e+00
-7.049524762381190968e+00 4.524762381190595484e+00
-7.044522261130564900e+00 4.522261130565282450e+00
-7.039519759879939720e+00 4.519759879939970304e+00
-7.034517258629314540e+00 4.517258629314657270e+00
-7.029514757378689360e+00 4.514757378689344236e+00
-7.024512256128064180e+00 4.512256128064032090e+00
-7.019509754877439001e+00 4.509754877438719944e+00
-7.014507253626813821e+00 4.507253626813406910e+00
-7.009504752376187753e+00 4.504752376188093876e+00
-7.004502251125562573e+00 4.502251125562780842e+00
-6.999499749874937393e+00 4.499749874937468697e+00
-6.994497248624312213e+00 4.497248624312156551e+00
-6.989494747373687034e+00 4.494747373686843517e+00
-6.984492246123061854e+00 4.492246123061530483e+00
-6.979489744872436674e+00 4.489744872436218337e+00
-6.974487243621810606e+00 4.487243621810905303e+00
-6.969484742371185426e+00 4.484742371185593157e+00
-6.964482241120560246e+00 4.482241120560280123e+00
-6.959479739869935067e+00 4.479739869934967089e+00
-6.954477238619309887e+00 4.477238619309654943e+00
-6.949474737368683819e+00 4.474737368684341909e+00
-6.944472236118059527e+00 4.472236118059029764e+00
-6.939469734867433459e+00 4.469734867433716730e+00
-6.934467233616808279e+00 4.467233616808403696e+00
-6.929464732366183100e+00 4.464732366183091550e+00
-6.924462231115557920e+00 4.462231115557779404e+00
-6.919459729864932740e+00 4.459729864932466370e+00
-6.914457228614306672e+00 4.457228614307153336e+00
-6.909454727363682380e+00 4.454727363681841190e+00
-6.904452226113056312e+00 4.452226113056528156e+00
-6.899449724862431133e+00 4.449724862431216010e+00
-6.894447223611805953e+00 4.447223611805902976e+00
-6.889444722361180773e+00 4.444722361180589942e+00
-6.884442221110555593e+00 4.442221110555277797e+00
-6.879439719859929525e+00 4.439719859929964763e+00
-6.874437218609305233e+00 4.437218609304652617e+00
-6.869434717358679165e+00 4.434717358679339583e+00
-6.864432216108053986e+00 4.432216108054026549e+00
-6.859429714857428806e+00 4.429714857428714403e+00
-6.854427213606803626e+00 4.427213606803402257e+00
-6.849424712356178446e+00 4.424712356178089223e+00
-6.844422211105552378e+00 4.422211105552776189e+00
-6.839419709854927198e+00 4.419709854927463155e+00
-6.834417208604302019e+00 4.417208604302151009e+00
-6.829414707353676839e+00 4.414707353676838864e+00
-6.824412206103051659e+00 4.412206103051525830e+00
-6.819409704852426479e+00 4.409704852426212796e+00
-6.814407203601801299e+00 4.407203601800900650e+00
-6.809404702351175231e+00 4.404702351175587616e+00
-6.804402201100550052e+00 4.402201100550275470e+00
-6.799399699849924872e+00 4.399699849924962436e+00
-6.794397198599299692e+00 4.397198599299649402e+00
-6.789394697348674512e+00 4.394697348674337256e+00
-6.784392196098049332e+00 4.392196098049025110e+00
-6.779389694847424153e+00 4.389694847423712076e+00
-6.774387193596798085e+00 4.387193596798399042e+00
-6.769384692346172905e+00 4.384692346173086008e+00
-6.764382191095547725e+00 4.382191095547773863e+00
-6.759379689844922545e+00 4.379689844922461717e+00
-6.754377188594297365e+00 4.377188594297148683e+00
-6.749374687343672186e+00 4.374687343671835649e+00
-6.744372186093047006e+00 4.372186093046523503e+00
-6.739369684842420938e+00 4.369684842421210469e+00
-6.734367183591795758e+00 4.367183591795898323e+00
-6.729364682341170578e+00 4.364682341170585289e+00
-6.724362181090545398e+00 4.362181090545272255e+00
-6.719359679839920219e+00 4.359679839919960109e+00
-6.714357178589294151e+00 4.357178589294647075e+00
-6.709354677338669859e+00 4.354677338669334929e+00
-6.704352176088043791e+00 4.352176088044021895e+00
-6.699349674837418611e+00 4.349674837418708861e+00
-6.694347173586793431e+00 4.347173586793396716e+00
-6.689344672336168252e+00 4.344672336168084570e+00
-6.684342171085543072e+00 4.342171085542771536e+00
-6.679339669834917004e+00 4.339669834917458502e+00
-6.674337168584292712e+00 4.337168584292146356e+00
-6.669334667333666644e+00 4.334667333666833322e+00
-6.664332166083041464e+00 4.332166083041521176e+00
-6.659329664832416285e+00 4.329664832416208142e+00
-6.654327163581791105e+00 4.327163581790895108e+00
-6.649324662331165925e+00 4.324662331165582962e+00
-6.644322161080539857e+00 4.322161080540269928e+00
-6.639319659829914677e+00 4.319659829914957783e+00
-6.634317158579289497e+00 4.317158579289644749e+00
-6.629314657328664318e+00 4.314657328664331715e+00
-6.624312156078039138e+00 4.312156078039019569e+00
-6.619309654827413958e+00 4.309654827413707423e+00
-6.614307153576788778e+00 4.307153576788394389e+00
-6.609304652326162710e+00 4.304652326163081355e+00
-6.604302151075537530e+00 4.302151075537768321e+00
-6.599299649824912350e+00 4.299649824912456175e+00
-6.594297148574287171e+00 4.297148574287144029e+00
-6.589294647323661991e+00 4.294647323661830995e+00
-6.584292146073036811e+00 4.292146073036517961e+00
-6.579289644822411631e+00 4.289644822411205816e+00
-6.574287143571785563e+00 4.287143571785892782e+00
-6.569284642321160383e+00 4.284642321160580636e+00
-6.564282141070535204e+00 4.282141070535267602e+00
-6.559279639819910024e+00 4.279639819909954568e+00
-6.554277138569284844e+00 4.277138569284642422e+00
-6.549274637318659664e+00 4.274637318659330276e+00
-6.544272136068034484e+00 4.272136068034017242e+00
-6.539269634817408416e+00 4.269634817408704208e+00
-6.534267133566783237e+00 4.267133566783391174e+00
-6.529264632316158057e+00 4.264632316158079028e+00
-6.524262131065532877e+00 4.262131065532766883e+00
-6.519259629814907697e+00 4.259629814907453849e+00
-6.514257128564281629e+00 4.257128564282140815e+00
-6.509254627313657338e+00 4.254627313656828669e+00
-6.504252126063031270e+00 4.252126063031515635e+00
-6.499249624812406090e+00 4.249624812406203489e+00
-6.494247123561780910e+00 4.247123561780890455e+00
-6.489244622311155730e+00 4.244622311155577421e+00
-6.484242121060530550e+00 4.242121060530265275e+00
-6.479239619809904482e+00 4.239619809904952241e+00
-6.474237118559280191e+00 4.237118559279640095e+00
-6.469234617308654123e+00 4.234617308654327061e+00
-6.464232116058028943e+00 4.232116058029014027e+00
-6.459229614807403763e+00 4.229614807403701882e+00
-6.454227113556778583e+00 4.227113556778389736e+00
-6.449224612306153404e+00 4.224612306153076702e+00
-6.444222111055527336e+00 4.222111055527763668e+00
-6.439219609804903044e+00 4.219609804902451522e+00
-6.434217108554276976e+00 4.217108554277138488e+00
-6.429214607303651796e+00 4.214607303651826342e+00
-6.424212106053026616e+00 4.212106053026513308e+00
-6.419209604802401437e+00 4.209604802401200274e+00
-6.414207103551776257e+00 4.207103551775888128e+00
-6.409204602301150189e+00 4.204602301150575094e+00
-6.404202101050525009e+00 4.202101050525262949e+00
-6.399199599799899829e+00 4.199599799899949915e+00
-6.394197098549274649e+00 4.197098549274636881e+00
-6.389194597298649470e+00 4.194597298649324735e+00
-6.384192096048024290e+00 4.192096048024012589e+00
-6.379189594797399110e+00 4.189594797398699555e+00
-6.374187093546773042e+00 4.187093546773386521e+00
-6.369184592296147862e+00 4.184592296148073487e+00
-6.364182091045522682e+00 4.182091045522761341e+00
-6.359179589794897502e+00 4.179589794897449195e+00
-6.354177088544272323e+00 4.177088544272136161e+00
-6.349174587293647143e+00 4.174587293646823127e+00
-6.344172086043021963e+00 4.172086043021510982e+00
-6.339169584792395895e+00 4.169584792396197948e+00
-6.334167083541770715e+00 4.167083541770885802e+00
-6.329164582291145535e+00 4.164582291145572768e+00
-6.324162081040520356e+00 4.162081040520259734e+00
-6.319159579789895176e+00 4.159579789894947588e+00
-6.314157078539269996e+00 4.157078539269635442e+00
-6.309154577288644816e+00 4.154577288644322408e+00
-6.304152076038018748e+00 4.152076038019009374e+00
-6.299149574787393568e+00 4.149574787393696340e+00
-6.294147073536768389e+00 4.147073536768384194e+00
-6.289144572286143209e+00 4.144572286143072049e+00
-6.284142071035518029e+00 4.142071035517759015e+00
-6.279139569784891961e+00 4.139569784892445981e+00
-6.274137068534267669e+00 4.137068534267133835e+00
-6.269134567283641601e+00 4.134567283641820801e+00
-6.264132066033016422e+00 4.132066033016508655e+00
-6.259129564782391242e+00 4.129564782391195621e+00
-6.254127063531766062e+00 4.127063531765882587e+00
-6.249124562281140882e+00 4.124562281140570441e+00
-6.244122061030514814e+00 4.122061030515257407e+00
-6.239119559779890523e+00 4.119559779889945261e+00
-6.234117058529264455e+00 4.117058529264632227e+00
-6.229114557278639275e+00 4.114557278639319193e+00
-6.224112056028014095e+00 4.112056028014007047e+00
-6.219109554777388915e+00 4.109554777388694902e+00
-6.214107053526763735e+00 4.107053526763381868e+00
-6.209104552276137667e+00 4.104552276138068834e+00
-6.204102051025512488e+00 4.102051025512755800e+00
-6.199099549774887308e+00 4.099549774887443654e+00
-6.194097048524262128e+00 4.097048524262131508e+00
-6.189094547273636948e+00 4.094547273636818474e+00
-6.184092046023011768e+00 4.092046023011505440e+00
-6.179089544772386589e+00 4.089544772386193294e+00
-6.174087043521760521e+00 4.087043521760880260e+00
-6.169084542271135341e+00 4.084542271135568114e+00
-6.164082041020510161e+00 4.082041020510255080e+00
-6.159079539769884981e+00 4.079539769884942046e+00
-6.154077038519259801e+00 4.077038519259629901e+00
-6.149074537268634622e+00 4.074537268634317755e+00
-6.144072036018009442e+00 4.072036018009004721e+00
-6.139069534767383374e+00 4.069534767383691687e+00
-6.134067033516758194e+00 4.067033516758378653e+00
-6.129064532266133014e+00 4.064532266133066507e+00
-6.124062031015507834e+00 4.062031015507754361e+00
-6.119059529764882654e+00 4.059529764882441327e+00
-6.114057028514257475e+00 4.057028514257128293e+00
-6.109054527263632295e+00 4.054527263631816147e+00
-6.104052026013006227e+00 4.052026013006503113e+00
-6.099049524762381047e+00 4.049524762381190968e+00
-6.094047023511755867e+00 4.047023511755877934e+00
-6.089044522261130687e+00 4.044522261130564900e+00
-6.084042021010505508e+00 4.042021010505252754e+00
-6.079039519759879440e+00 4.039519759879939720e+00
-6.074037018509255148e+00 4.037018509254627574e+00
-6.069034517258629080e+00 4.034517258629314540e+00
-6.064032016008003900e+00 4.032016008004001506e+00
-6.059029514757378720e+00 4.029514757378689360e+00
-6.054027013506753541e+00 4.027013506753377214e+00
-6.049024512256128361e+00 4.024512256128064180e+00
-6.044022011005502293e+00 4.022011005502751146e+00
-6.039019509754878001e+00 4.019509754877439001e+00
-6.034017008504251933e+00 4.017008504252125967e+00
-6.029014507253626753e+00 4.014507253626813821e+00
-6.024012006003001574e+00 4.012006003001500787e+00
-6.019009504752376394e+00 4.009504752376187753e+00
-6.014007003501751214e+00 4.007003501750875607e+00
-6.009004502251125146e+00 4.004502251125562573e+00
-6.004002001000500854e+00 4.002001000500250427e+00
-5.998999499749874786e+00 3.999499749874937393e+00
-5.993996998499249607e+00 3.996998499249624803e+00
-5.988994497248624427e+00 3.994497248624312213e+00
-5.983991995997999247e+00 3.991995997998999623e+00
-5.978989494747374067e+00 3.989494747373687034e+00
-5.973986993496747999e+00 3.986993496748374000e+00
-5.968984492246123708e+00 3.984492246123061854e+00
-5.963981990995497640e+00 3.981990995497748820e+00
-5.958979489744872460e+00 3.979489744872436230e+00
-5.953976988494247280e+00 3.976988494247123640e+00
-5.948974487243621212e+00 3.974487243621810606e+00
-5.943971985992996920e+00 3.971985992996498460e+00
-5.938969484742370852e+00 3.969484742371185426e+00
-5.933966983491746561e+00 3.966983491745873280e+00
-5.928964482241120493e+00 3.964482241120560246e+00
-5.923961980990495313e+00 3.961980990495247656e+00
-5.918959479739870133e+00 3.959479739869935067e+00
-5.913956978489244065e+00 3.956978489244622033e+00
-5.908954477238619774e+00 3.954477238619309887e+00
-5.903951975987993706e+00 3.951975987993996853e+00
-5.898949474737368526e+00 3.949474737368684263e+00
-5.893946973486743346e+00 3.946973486743371673e+00
-5.888944472236118166e+00 3.944472236118059083e+00
-5.883941970985492986e+00 3.941970985492746493e+00
-5.878939469734866918e+00 3.939469734867433459e+00
-5.873936968484242627e+00 3.936968484242121313e+00
-5.868934467233616559e+00 3.934467233616808279e+00
-5.863931965982991379e+00 3.931965982991495689e+00
-5.858929464732366199e+00 3.929464732366183100e+00
-5.853926963481741019e+00 3.926963481740870510e+00
-5.848924462231115839e+00 3.924462231115557920e+00
-5.843921960980489771e+00 3.921960980490244886e+00
-5.838919459729865480e+00 3.919459729864932740e+00
-5.833916958479239412e+00 3.916958479239619706e+00
-5.828914457228614232e+00 3.914457228614307116e+00
-5.823911955977989052e+00 3.911955977988994526e+00
-5.818909454727363872e+00 3.909454727363681936e+00
-5.813906953476738693e+00 3.906953476738369346e+00
-5.808904452226112625e+00 3.904452226113056312e+00
-5.803901950975488333e+00 3.901950975487744167e+00
-5.798899449724862265e+00 3.899449724862431133e+00
-5.793896948474237085e+00 3.896948474237118543e+00
-5.788894447223611905e+00 3.894447223611805953e+00
-5.783891945972986726e+00 3.891945972986493363e+00
-5.778889444722361546e+00 3.889444722361180773e+00
-5.773886943471735478e+00 3.886943471735867739e+00
-5.768884442221111186e+00 3.884442221110555593e+00
-5.763881940970485118e+00 3.881940970485242559e+00
-5.758879439719859938e+00 3.879439719859929969e+00
-5.753876938469234759e+00 3.876938469234617379e+00
-5.748874437218609579e+00 3.874437218609304789e+00
-5.743871935967984399e+00 3.871935967983992199e+00
-5.738869434717358331e+00 3.869434717358679165e+00
-5.733866933466734039e+00 3.866933466733367020e+00
-5.728864432216107971e+00 3.864432216108053986e+00
-5.723861930965482792e+00 3.861930965482741396e+00
-5.718859429714857612e+00 3.859429714857428806e+00
-5.713856928464231544e+00 3.856928464232115772e+00
-5.708854427213607252e+00 3.854427213606803626e+00
-5.703851925962981184e+00 3.851925962981490592e+00
-5.698849424712356893e+00 3.849424712356178446e+00
-5.693846923461730825e+00 3.846923461730865412e+00
-5.688844422211105645e+00 3.844422211105552822e+00
-5.683841920960480465e+00 3.841920960480240232e+00
-5.678839419709854397e+00 3.839419709854927198e+00
-5.673836918459230105e+00 3.836918459229615053e+00
-5.668834417208604037e+00 3.834417208604302019e+00
-5.663831915957978858e+00 3.831915957978989429e+00
-5.658829414707353678e+00 3.829414707353676839e+00
-5.653826913456728498e+00 3.826913456728364249e+00
-5.648824412206103318e+00 3.824412206103051659e+00
-5.643821910955477250e+00 3.821910955477738625e+00
-5.638819409704852958e+00 3.819409704852426479e+00
-5.633816908454226891e+00 3.816908454227113445e+00
-5.628814407203601711e+00 3.814407203601800855e+00
-5.623811905952976531e+00 3.811905952976488265e+00
-5.618809404702351351e+00 3.809404702351175676e+00
-5.613806903451726171e+00 3.806903451725863086e+00
-5.608804402201100103e+00 3.804402201100550052e+00
-5.603801900950475812e+00 3.801900950475237906e+00
-5.598799399699849744e+00 3.799399699849924872e+00
-5.593796898449224564e+00 3.796898449224612282e+00
-5.588794397198599384e+00 3.794397198599299692e+00
-5.583791895947974204e+00 3.791895947973987102e+00
-5.578789394697349024e+00 3.789394697348674512e+00
-5.573786893446722956e+00 3.786893446723361478e+00
-5.568784392196098665e+00 3.784392196098049332e+00
-5.563781890945472597e+00 3.781890945472736298e+00
-5.558779389694847417e+00 3.779389694847423709e+00
-5.553776888444222237e+00 3.776888444222111119e+00
-5.548774387193597057e+00 3.774387193596798529e+00
-5.543771885942971878e+00 3.771885942971485939e+00
-5.538769384692345810e+00 3.769384692346172905e+00
-5.533766883441721518e+00 3.766883441720860759e+00
-5.528764382191095450e+00 3.764382191095547725e+00
-5.523761880940470270e+00 3.761880940470235135e+00
-5.518759379689845090e+00 3.759379689844922545e+00
-5.513756878439219022e+00 3.756878439219609511e+00
-5.508754377188594731e+00 3.754377188594297365e+00
-5.503751875937968663e+00 3.751875937968984331e+00
-5.498749374687344371e+00 3.749374687343672186e+00
-5.493746873436718303e+00 3.746873436718359152e+00
-5.488744372186093123e+00 3.744372186093046562e+00
-5.483741870935467944e+00 3.741870935467733972e+00
-5.478739369684841876e+00 3.739369684842420938e+00
-5.473736868434217584e+00 3.736868434217108792e+00
-5.468734367183591516e+00 3.734367183591795758e+00
-5.463731865932966336e+00 3.731865932966483168e+00
-5.458729364682341156e+00 3.729364682341170578e+00
-5.453726863431715977e+00 3.726863431715857988e+00
-5.448724362181090797e+00 3.724362181090545398e+00
-5.443721860930464729e+00 3.721860930465232364e+00
-5.438719359679840437e+00 3.719359679839920219e+00
-5.433716858429214369e+00 3.716858429214607185e+00
-5.428714357178589189e+00 3.714357178589294595e+00
-5.423711855927964010e+00 3.711855927963982005e+00
-5.418709354677338830e+00 3.709354677338669415e+00
-5.413706853426713650e+00 3.706853426713356825e+00
-5.408704352176087582e+00 3.704352176088043791e+00
-5.403701850925463290e+00 3.701850925462731645e+00
-5.398699349674837222e+00 3.699349674837418611e+00
-5.393696848424212043e+00 3.696848424212106021e+00
-5.388694347173586863e+00 3.694347173586793431e+00
-5.383691845922961683e+00 3.691845922961480841e+00
-5.378689344672336503e+00 3.689344672336168252e+00
-5.373686843421710435e+00 3.686843421710855218e+00
-5.368684342171086143e+00 3.684342171085543072e+00
-5.363681840920460075e+00 3.681840920460230038e+00
-5.358679339669834896e+00 3.679339669834917448e+00
-5.353676838419209716e+00 3.676838419209604858e+00
-5.348674337168584536e+00 3.674337168584292268e+00
-5.343671835917959356e+00 3.671835917958979678e+00
-5.338669334667333288e+00 3.669334667333666644e+00
-5.333666833416708997e+00 3.666833416708354498e+00
-5.328664332166082929e+00 3.664332166083041464e+00
-5.323661830915457749e+00 3.661830915457728874e+00
-5.318659329664832569e+00 3.659329664832416285e+00
-5.313656828414207389e+00 3.656828414207103695e+00
-5.308654327163582209e+00 3.654327163581791105e+00
-5.303651825912956141e+00 3.651825912956478071e+00
-5.298649324662331850e+00 3.649324662331165925e+00
-5.293646823411705782e+00 3.646823411705852891e+00
-5.288644322161080602e+00 3.644322161080540301e+00
-5.283641820910455422e+00 3.641820910455227711e+00
-5.278639319659829354e+00 3.639319659829914677e+00
-5.273636818409205063e+00 3.636818409204602531e+00
-5.268634317158578995e+00 3.634317158579289497e+00
-5.263631815907954703e+00 3.631815907953977351e+00
-5.258629314657328635e+00 3.629314657328664318e+00
-5.253626813406703455e+00 3.626813406703351728e+00
-5.248624312156078275e+00 3.624312156078039138e+00
-5.243621810905452207e+00 3.621810905452726104e+00
-5.238619309654827916e+00 3.619309654827413958e+00
-5.233616808404201848e+00 3.616808404202100924e+00
-5.228614307153576668e+00 3.614307153576788334e+00
-5.223611805902951488e+00 3.611805902951475744e+00
-5.218609304652326308e+00 3.609304652326163154e+00
-5.213606803401701129e+00 3.606803401700850564e+00
-5.208604302151075061e+00 3.604302151075537530e+00
-5.203601800900450769e+00 3.601800900450225384e+00
-5.198599299649824701e+00 3.599299649824912350e+00
-5.193596798399199521e+00 3.596798399199599761e+00
-5.188594297148574341e+00 3.594297148574287171e+00
-5.183591795897949162e+00 3.591795897948974581e+00
-5.178589294647323982e+00 3.589294647323661991e+00
-5.173586793396697914e+00 3.586793396698348957e+00
-5.168584292146073622e+00 3.584292146073036811e+00
-5.163581790895447554e+00 3.581790895447723777e+00
-5.158579289644822374e+00 3.579289644822411187e+00
-5.153576788394197195e+00 3.576788394197098597e+00
-5.148574287143572015e+00 3.574287143571786007e+00
-5.143571785892946835e+00 3.571785892946473417e+00
-5.138569284642320767e+00 3.569284642321160383e+00
-5.133566783391696475e+00 3.566783391695848238e+00
-5.128564282141070407e+00 3.564282141070535204e+00
-5.123561780890445227e+00 3.561780890445222614e+00
-5.118559279639820048e+00 3.559279639819910024e+00
-5.113556778389194868e+00 3.556778389194597434e+00
-5.108554277138569688e+00 3.554277138569284844e+00
-5.103551775887943620e+00 3.551775887943971810e+00
-5.098549274637319328e+00 3.549274637318659664e+00
-5.093546773386693260e+00 3.546773386693346630e+00
-5.088544272136068081e+00 3.544272136068034040e+00
-5.083541770885442901e+00 3.541770885442721450e+00
-5.078539269634816833e+00 3.539269634817408416e+00
-5.073536768384192541e+00 3.536768384192096271e+00
-5.068534267133566473e+00 3.534267133566783237e+00
-5.063531765882942182e+00 3.531765882941471091e+00
-5.058529264632316114e+00 3.529264632316158057e+00
-5.053526763381690934e+00 3.526763381690845467e+00
-5.048524262131065754e+00 3.524262131065532877e+00
-5.043521760880439686e+00 3.521760880440219843e+00
-5.038519259629815394e+00 3.519259629814907697e+00
-5.033516758379189326e+00 3.516758379189594663e+00
-5.028514257128564147e+00 3.514257128564282073e+00
-5.023511755877938967e+00 3.511755877938969483e+00
-5.018509254627313787e+00 3.509254627313656894e+00
-5.013506753376688607e+00 3.506753376688344304e+00
-5.008504252126062539e+00 3.504252126063031270e+00
-5.003501750875438248e+00 3.501750875437719124e+00
-4.998499249624812180e+00 3.499249624812406090e+00
-4.993496748374187000e+00 3.496748374187093500e+00
-4.988494247123561820e+00 3.494247123561780910e+00
-4.983491745872936640e+00 3.491745872936468320e+00
-4.978489244622311460e+00 3.489244622311155730e+00
-4.973486743371685392e+00 3.486743371685842696e+00
-4.968484242121061101e+00 3.484242121060530550e+00
-4.963481740870435033e+00 3.481740870435217516e+00
-4.958479239619809853e+00 3.479239619809904926e+00
-4.953476738369184673e+00 3.476738369184592337e+00
-4.948474237118559493e+00 3.474237118559279747e+00
-4.943471735867934314e+00 3.471735867933967157e+00
-4.938469234617308246e+00 3.469234617308654123e+00
-4.933466733366683954e+00 3.466733366683341977e+00
-4.928464232116057886e+00 3.464232116058028943e+00
-4.923461730865432706e+00 3.461730865432716353e+00
-4.918459229614807526e+00 3.459229614807403763e+00
-4.913456728364182347e+00 3.456728364182091173e+00
-4.908454227113557167e+00 3.454227113556778583e+00
-4.903451725862931099e+00 3.451725862931465549e+00
-4.898449224612306807e+00 3.449224612306153404e+00
-4.893446723361680739e+00 3.446723361680840370e+00
-4.888444222111055559e+00 3.444222111055527780e+00
-4.883441720860430380e+00 3.441720860430215190e+00
-4.878439219609805200e+00 3.439219609804902600e+00
-4.873436718359180020e+00 3.436718359179590010e+00
-4.868434217108553952e+00 3.434217108554276976e+00
-4.863431715857929660e+00 3.431715857928964830e+00
-4.858429214607303592e+00 3.429214607303651796e+00
-4.853426713356678412e+00 3.426713356678339206e+00
-4.848424212106053233e+00 3.424212106053026616e+00
-4.843421710855427165e+00 3.421710855427713582e+00
-4.838419209604802873e+00 3.419209604802401437e+00
-4.833416708354176805e+00 3.416708354177088403e+00
-4.828414207103552513e+00 3.414207103551776257e+00
-4.823411705852926445e+00 3.411705852926463223e+00
-4.818409204602301266e+00 3.409204602301150633e+00
-4.813406703351676086e+00 3.406703351675838043e+00
-4.808404202101050018e+00 3.404202101050525009e+00
-4.803401700850425726e+00 3.401700850425212863e+00
-4.798399199599799658e+00 3.399199599799899829e+00
-4.793396698349174478e+00 3.396698349174587239e+00
-4.788394197098549299e+00 3.394197098549274649e+00
-4.783391695847924119e+00 3.391695847923962059e+00
-4.778389194597298939e+00 3.389194597298649470e+00
-4.773386693346672871e+00 3.386693346673336436e+00
-4.768384192096048579e+00 3.384192096048024290e+00
-4.763381690845422511e+00 3.381690845422711256e+00
-4.758379189594797332e+00 3.379189594797398666e+00
-4.753376688344172152e+00 3.376688344172086076e+00
-4.748374187093546972e+00 3.374187093546773486e+00
-4.743371685842921792e+00 3.371685842921460896e+00
-4.738369184592295724e+00 3.369184592296147862e+00
-4.733366683341671433e+00 3.366683341670835716e+00
-4.728364182091045365e+00 3.364182091045522682e+00
-4.723361680840420185e+00 3.361680840420210092e+00
-4.718359179589795005e+00 3.359179589794897502e+00
-4.713356678339169825e+00 3.356678339169584913e+00
-4.708354177088544645e+00 3.354177088544272323e+00
-4.703351675837918577e+00 3.351675837918959289e+00
-4.698349174587294286e+00 3.349174587293647143e+00
-4.693346673336668218e+00 3.346673336668334109e+00
-4.688344172086043038e+00 3.344172086043021519e+00
-4.683341670835417858e+00 3.341670835417708929e+00
-4.678339169584792678e+00 3.339169584792396339e+00
-4.673336668334167499e+00 3.336668334167083749e+00
-4.668334167083541431e+00 3.334167083541770715e+00
-4.663331665832917139e+00 3.331665832916458569e+00
-4.658329164582291071e+00 3.329164582291145535e+00
-4.653326663331665891e+00 3.326663331665832946e+00
-4.648324162081040711e+00 3.324162081040520356e+00
-4.643321660830414643e+00 3.321660830415207322e+00
-4.638319159579790352e+00 3.319159579789895176e+00
-4.633316658329164284e+00 3.316658329164582142e+00
-4.628314157078539992e+00 3.314157078539269996e+00
-4.623311655827913924e+00 3.311655827913956962e+00
-4.618309154577288744e+00 3.309154577288644372e+00
-4.613306653326663564e+00 3.306653326663331782e+00
-4.608304152076037496e+00 3.304152076038018748e+00
-4.603301650825413205e+00 3.301650825412706602e+00
-4.598299149574787137e+00 3.299149574787393568e+00
-4.593296648324161957e+00 3.296648324162080979e+00
-4.588294147073536777e+00 3.294147073536768389e+00
-4.583291645822911597e+00 3.291645822911455799e+00
-4.578289144572286418e+00 3.289144572286143209e+00
-4.573286643321660350e+00 3.286643321660830175e+00
-4.568284142071036058e+00 3.284142071035518029e+00
-4.563281640820409990e+00 3.281640820410204995e+00
-4.558279139569784810e+00 3.279139569784892405e+00
-4.553276638319159630e+00 3.276638319159579815e+00
-4.548274137068534451e+00 3.274137068534267225e+00
-4.543271635817909271e+00 3.271635817908954635e+00
-4.538269134567283203e+00 3.269134567283641601e+00
-4.533266633316658911e+00 3.266633316658329456e+00
-4.528264132066032843e+00 3.264132066033016422e+00
-4.523261630815407663e+00 3.261630815407703832e+00
-4.518259129564782484e+00 3.259129564782391242e+00
-4.513256628314157304e+00 3.256628314157078652e+00
-4.508254127063532124e+00 3.254127063531766062e+00
-4.503251625812906056e+00 3.251625812906453028e+00
-4.498249124562281764e+00 3.249124562281140882e+00
-4.493246623311655696e+00 3.246623311655827848e+00
-4.488244122061030517e+00 3.244122061030515258e+00
-4.483241620810405337e+00 3.241620810405202668e+00
-4.478239119559780157e+00 3.239119559779890078e+00
-4.473236618309154977e+00 3.236618309154577489e+00
-4.468234117058528909e+00 3.234117058529264455e+00
-4.463231615807904618e+00 3.231615807903952309e+00
-4.458229114557278550e+00 3.229114557278639275e+00
-4.453226613306653370e+00 3.226613306653326685e+00
-4.448224112056028190e+00 3.224112056028014095e+00
-4.443221610805403010e+00 3.221610805402701505e+00
-4.438219109554777830e+00 3.219109554777388915e+00
-4.433216608304151762e+00 3.216608304152075881e+00
-4.428214107053527471e+00 3.214107053526763735e+00
-4.423211605802901403e+00 3.211605802901450701e+00
-4.418209104552276223e+00 3.209104552276138111e+00
-4.413206603301651043e+00 3.206603301650825522e+00
-4.408204102051024975e+00 3.204102051025512488e+00
-4.403201600800400684e+00 3.201600800400200342e+00
-4.398199099549774616e+00 3.199099549774887308e+00
-4.393196598299150324e+00 3.196598299149575162e+00
-4.388194097048524256e+00 3.194097048524262128e+00
-4.383191595797899076e+00 3.191595797898949538e+00
-4.378189094547273896e+00 3.189094547273636948e+00
-4.373186593296647828e+00 3.186593296648323914e+00
-4.368184092046023537e+00 3.184092046023011768e+00
-4.363181590795397469e+00 3.181590795397698734e+00
-4.358179089544772289e+00 3.179089544772386144e+00
-4.353176588294147109e+00 3.176588294147073555e+00
-4.348174087043521929e+00 3.174087043521760965e+00
-4.343171585792896749e+00 3.171585792896448375e+00
-4.338169084542270681e+00 3.169084542271135341e+00
-4.333166583291646390e+00 3.166583291645823195e+00
-4.328164082041020322e+00 3.164082041020510161e+00
-4.323161580790395142e+00 3.161580790395197571e+00
-4.318159079539769962e+00 3.159079539769884981e+00
-4.313156578289144782e+00 3.156578289144572391e+00
-4.308154077038519603e+00 3.154077038519259801e+00
-4.303151575787893535e+00 3.151575787893946767e+00
-4.298149074537269243e+00 3.149074537268634622e+00
-4.293146573286643175e+00 3.146573286643321588e+00
-4.288144072036017995e+00 3.144072036018008998e+00
-4.283141570785392815e+00 3.141570785392696408e+00
-4.278139069534767636e+00 3.139069534767383818e+00
-4.273136568284142456e+00 3.136568284142071228e+00
-4.268134067033516388e+00 3.134067033516758194e+00
-4.263131565782892096e+00 3.131565782891446048e+00
-4.258129064532266028e+00 3.129064532266133014e+00
-4.253126563281640848e+00 3.126563281640820424e+00
-4.248124062031015669e+00 3.124062031015507834e+00
-4.243121560780390489e+00 3.121560780390195244e+00
-4.238119059529765309e+00 3.119059529764882654e+00
-4.233116558279139241e+00 3.116558279139569620e+00
-4.228114057028514949e+00 3.114057028514257475e+00
-4.223111555777888881e+00 3.111555777888944441e+00
-4.218109054527263702e+00 3.109054527263631851e+00
-4.213106553276638522e+00 3.106553276638319261e+00
-4.208104052026012454e+00 3.104052026013006227e+00
-4.203101550775388162e+00 3.101550775387694081e+00
-4.198099049524762094e+00 3.099049524762381047e+00
-4.193096548274137803e+00 3.096548274137068901e+00
-4.188094047023511735e+00 3.094047023511755867e+00
-4.183091545772886555e+00 3.091545772886443277e+00
-4.178089044522261375e+00 3.089044522261130687e+00
-4.173086543271635307e+00 3.086543271635817653e+00
-4.168084042021011015e+00 3.084042021010505508e+00
-4.163081540770384947e+00 3.081540770385192474e+00
-4.158079039519759768e+00 3.079039519759879884e+00
-4.153076538269134588e+00 3.076538269134567294e+00
-4.148074037018509408e+00 3.074037018509254704e+00
-4.143071535767884228e+00 3.071535767883942114e+00
-4.138069034517258160e+00 3.069034517258629080e+00
-4.133066533266633868e+00 3.066533266633316934e+00
-4.128064032016007801e+00 3.064032016008003900e+00
-4.123061530765382621e+00 3.061530765382691310e+00
-4.118059029514757441e+00 3.059029514757378720e+00
-4.113056528264132261e+00 3.056528264132066131e+00
-4.108054027013507081e+00 3.054027013506753541e+00
-4.103051525762881013e+00 3.051525762881440507e+00
-4.098049024512256722e+00 3.049024512256128361e+00
-4.093046523261630654e+00 3.046523261630815327e+00
-4.088044022011005474e+00 3.044022011005502737e+00
-4.083041520760380294e+00 3.041520760380190147e+00
-4.078039019509755114e+00 3.039019509754877557e+00
-4.073036518259129934e+00 3.036518259129564967e+00
-4.068034017008503866e+00 3.034017008504251933e+00
-4.063031515757879575e+00 3.031515757878939787e+00
-4.058029014507253507e+00 3.029014507253626753e+00
-4.053026513256628327e+00 3.026513256628314164e+00
-4.048024012006003147e+00 3.024012006003001574e+00
-4.043021510755377967e+00 3.021510755377688984e+00
-4.038019009504752788e+00 3.019009504752376394e+00
-4.033016508254126720e+00 3.016508254127063360e+00
-4.028014007003502428e+00 3.014007003501751214e+00
-4.023011505752876360e+00 3.011505752876438180e+00
-4.018009004502251180e+00 3.009004502251125590e+00
-4.013006503251626000e+00 3.006503251625813000e+00
-4.008004002001000821e+00 3.004002001000500410e+00
-4.003001500750375641e+00 3.001500750375187820e+00
-3.997998999499749573e+00 2.998999499749874786e+00
-3.992996498249124393e+00 2.996498249124562196e+00
-3.987993996998499213e+00 2.993996998499249607e+00
-3.982991495747874033e+00 2.991495747873937017e+00
-3.977988994497248854e+00 2.988994497248624427e+00
-3.972986493246623674e+00 2.986493246623311837e+00
-3.967983991995998494e+00 2.983991995997999247e+00
-3.962981490745372426e+00 2.981490745372686213e+00
-3.957978989494747246e+00 2.978989494747373623e+00
-3.952976488244122066e+00 2.976488244122061033e+00
-3.947973986993496887e+00 2.973986993496748443e+00
-3.942971485742871707e+00 2.971485742871435853e+00
-3.937968984492246527e+00 2.968984492246123263e+00
-3.932966483241621347e+00 2.966483241620810674e+00
-3.927963981990995279e+00 2.963981990995497640e+00
-3.922961480740370099e+00 2.961480740370185050e+00
-3.917958979489744920e+00 2.958979489744872460e+00
-3.912956478239119740e+00 2.956478239119559870e+00
-3.907953976988494560e+00 2.953976988494247280e+00
-3.902951475737869380e+00 2.951475737868934690e+00
-3.897948974487243312e+00 2.948974487243621656e+00
-3.892946473236618132e+00 2.946473236618309066e+00
-3.887943971985992953e+00 2.943971985992996476e+00
-3.882941470735367773e+00 2.941470735367683886e+00
-3.877938969484742593e+00 2.938969484742371296e+00
-3.872936468234117413e+00 2.936468234117058707e+00
-3.867933966983492233e+00 2.933966983491746117e+00
-3.862931465732866165e+00 2.931465732866433083e+00
-3.857928964482240985e+00 2.928964482241120493e+00
-3.852926463231615806e+00 2.926463231615807903e+00
-3.847923961980990626e+00 2.923961980990495313e+00
-3.842921460730365446e+00 2.921460730365182723e+00
-3.837918959479740266e+00 2.918959479739870133e+00
-3.832916458229115086e+00 2.916458229114557543e+00
-3.827913956978489018e+00 2.913956978489244509e+00
-3.822911455727863839e+00 2.911455727863931919e+00
-3.817908954477238659e+00 2.908954477238619329e+00
-3.812906453226613479e+00 2.906453226613306740e+00
-3.807903951975988299e+00 2.903951975987994150e+00
-3.802901450725363119e+00 2.901450725362681560e+00
-3.797898949474737051e+00 2.898949474737368526e+00
-3.792896448224111872e+00 2.896448224112055936e+00
-3.787893946973486692e+00 2.893946973486743346e+00
-3.782891445722861512e+00 2.891445722861430756e+00
-3.777888944472236332e+00 2.888944472236118166e+00
-3.772886443221611152e+00 2.886443221610805576e+00
-3.767883941970985973e+00 2.883941970985492986e+00
-3.762881440720359905e+00 2.881440720360179952e+00
-3.757878939469734725e+00 2.878939469734867362e+00
-3.752876438219109545e+00 2.876438219109554773e+00
-3.747873936968484365e+00 2.873936968484242183e+00
-3.742871435717859185e+00 2.871435717858929593e+00
-3.737868934467234006e+00 2.868934467233617003e+00
-3.732866433216608826e+00 2.866433216608304413e+00
-3.727863931965982758e+00 2.863931965982991379e+00
-3.722861430715357578e+00 2.861430715357678789e+00
-3.717858929464732398e+00 2.858929464732366199e+00
-3.712856428214107218e+00 2.856428214107053609e+00
-3.707853926963482039e+00 2.853926963481741019e+00
-3.702851425712856859e+00 2.851425712856428429e+00
-3.697848924462231679e+00 2.848924462231115839e+00
-3.692846423211605611e+00 2.846423211605802805e+00
-3.687843921960980431e+00 2.843921960980490216e+00
-3.682841420710355251e+00 2.841420710355177626e+00
-3.677838919459730072e+00 2.838919459729865036e+00
-3.672836418209104892e+00 2.836418209104552446e+00
-3.667833916958479712e+00 2.833916958479239856e+00
-3.662831415707853644e+00 2.831415707853926822e+00
-3.657828914457228464e+00 2.828914457228614232e+00
-3.652826413206603284e+00 2.826413206603301642e+00
-3.647823911955978105e+00 2.823911955977989052e+00
-3.642821410705352925e+00 2.821410705352676462e+00
-3.637818909454727745e+00 2.818909454727363872e+00
-3.632816408204102565e+00 2.816408204102051283e+00
-3.627813906953476497e+00 2.813906953476738249e+00
-3.622811405702851317e+00 2.811405702851425659e+00
-3.617808904452226137e+00 2.808904452226113069e+00
-3.612806403201600958e+00 2.806403201600800479e+00
-3.607803901950975778e+00 2.803901950975487889e+00
-3.602801400700350598e+00 2.801400700350175299e+00
-3.597798899449725418e+00 2.798899449724862709e+00
-3.592796398199099350e+00 2.796398199099549675e+00
-3.587793896948474170e+00 2.793896948474237085e+00
-3.582791395697848991e+00 2.791395697848924495e+00
-3.577788894447223811e+00 2.788894447223611905e+00
-3.572786393196598631e+00 2.786393196598299316e+00
-3.567783891945973451e+00 2.783891945972986726e+00
-3.562781390695347383e+00 2.781390695347673692e+00
-3.557778889444722203e+00 2.778889444722361102e+00
-3.552776388194097024e+00 2.776388194097048512e+00
-3.547773886943471844e+00 2.773886943471735922e+00
-3.542771385692846664e+00 2.771385692846423332e+00
-3.537768884442221484e+00 2.768884442221110742e+00
-3.532766383191596304e+00 2.766383191595798152e+00
-3.527763881940970236e+00 2.763881940970485118e+00
-3.522761380690345057e+00 2.761380690345172528e+00
-3.517758879439719877e+00 2.758879439719859938e+00
-3.512756378189094697e+00 2.756378189094547349e+00
-3.507753876938469517e+00 2.753876938469234759e+00
-3.502751375687844337e+00 2.751375687843922169e+00
-3.497748874437219158e+00 2.748874437218609579e+00
-3.492746373186593090e+00 2.746373186593296545e+00
-3.487743871935967910e+00 2.743871935967983955e+00
-3.482741370685342730e+00 2.741370685342671365e+00
-3.477738869434717550e+00 2.738869434717358775e+00
-3.472736368184092370e+00 2.736368184092046185e+00
-3.467733866933467191e+00 2.733866933466733595e+00
-3.462731365682841123e+00 2.731365682841420561e+00
-3.457728864432215943e+00 2.728864432216107971e+00
-3.452726363181590763e+00 2.726363181590795381e+00
-3.447723861930965583e+00 2.723861930965482792e+00
-3.442721360680340403e+00 2.721360680340170202e+00
-3.437718859429715224e+00 2.718859429714857612e+00
-3.432716358179090044e+00 2.716358179089545022e+00
-3.427713856928463976e+00 2.713856928464231988e+00
-3.422711355677838796e+00 2.711355677838919398e+00
-3.417708854427213616e+00 2.708854427213606808e+00
-3.412706353176588436e+00 2.706353176588294218e+00
-3.407703851925963257e+00 2.703851925962981628e+00
-3.402701350675338077e+00 2.701350675337669038e+00
-3.397698849424712897e+00 2.698849424712356448e+00
-3.392696348174086829e+00 2.696348174087043414e+00
-3.387693846923461649e+00 2.693846923461730825e+00
-3.382691345672836469e+00 2.691345672836418235e+00
-3.377688844422211289e+00 2.688844422211105645e+00
-3.372686343171586110e+00 2.686343171585793055e+00
-3.367683841920960930e+00 2.683841920960480465e+00
-3.362681340670334862e+00 2.681340670335167431e+00
-3.357678839419709682e+00 2.678839419709854841e+00
-3.352676338169084502e+00 2.676338169084542251e+00
-3.347673836918459322e+00 2.673836918459229661e+00
-3.342671335667834143e+00 2.671335667833917071e+00
-3.337668834417208963e+00 2.668834417208604481e+00
-3.332666333166583783e+00 2.666333166583291892e+00
-3.327663831915957715e+00 2.663831915957978858e+00
-3.322661330665332535e+00 2.661330665332666268e+00
-3.317658829414707355e+00 2.658829414707353678e+00
-3.312656328164082176e+00 2.656328164082041088e+00
-3.307653826913456996e+00 2.653826913456728498e+00
-3.302651325662831816e+00 2.651325662831415908e+00
-3.297648824412206636e+00 2.648824412206103318e+00
-3.292646323161580568e+00 2.646323161580790284e+00
-3.287643821910955388e+00 2.643821910955477694e+00
-3.282641320660330209e+00 2.641320660330165104e+00
-3.277638819409705029e+00 2.638819409704852514e+00
-3.272636318159079849e+00 2.636318159079539925e+00
-3.267633816908454669e+00 2.633816908454227335e+00
-3.262631315657829489e+00 2.631315657828914745e+00
-3.257628814407203421e+00 2.628814407203601711e+00
-3.252626313156578242e+00 2.626313156578289121e+00
-3.247623811905953062e+00 2.623811905952976531e+00
-3.242621310655327882e+00 2.621310655327663941e+00
-3.237618809404702702e+00 2.618809404702351351e+00
-3.232616308154077522e+00 2.616308154077038761e+00
-3.227613806903451454e+00 2.613806903451725727e+00
-3.222611305652826275e+00 2.611305652826413137e+00
-3.217608804402201095e+00 2.608804402201100547e+00
-3.212606303151575915e+00 2.606303151575787957e+00
-3.207603801900950735e+00 2.603801900950475368e+00
-3.202601300650325555e+00 2.601300650325162778e+00
-3.197598799399700376e+00 2.598799399699850188e+00
-3.192596298149074308e+00 2.596298149074537154e+00
-3.187593796898449128e+00 2.593796898449224564e+00
-3.182591295647823948e+00 2.591295647823911974e+00
-3.177588794397198768e+00 2.588794397198599384e+00
-3.172586293146573588e+00 2.586293146573286794e+00
-3.167583791895948409e+00 2.583791895947974204e+00
-3.162581290645323229e+00 2.581290645322661614e+00
-3.157578789394697161e+00 2.578789394697348580e+00
-3.152576288144071981e+00 2.576288144072035990e+00
-3.147573786893446801e+00 2.573786893446723401e+00
-3.142571285642821621e+00 2.571285642821410811e+00
-3.137568784392196442e+00 2.568784392196098221e+00
-3.132566283141571262e+00 2.566283141570785631e+00
-3.127563781890945194e+00 2.563781890945472597e+00
-3.122561280640320014e+00 2.561280640320160007e+00
-3.117558779389694834e+00 2.558779389694847417e+00
-3.112556278139069654e+00 2.556278139069534827e+00
-3.107553776888444474e+00 2.553776888444222237e+00
-3.102551275637819295e+00 2.551275637818909647e+00
-3.097548774387194115e+00 2.548774387193597057e+00
-3.092546273136568047e+00 2.546273136568284023e+00
-3.087543771885942867e+00 2.543771885942971434e+00
-3.082541270635317687e+00 2.541270635317658844e+00
-3.077538769384692507e+00 2.538769384692346254e+00
-3.072536268134067328e+00 2.536268134067033664e+00
-3.067533766883442148e+00 2.533766883441721074e+00
-3.062531265632816968e+00 2.531265632816408484e+00
-3.057528764382190900e+00 2.528764382191095450e+00
-3.052526263131565720e+00 2.526263131565782860e+00
-3.047523761880940540e+00 2.523761880940470270e+00
-3.042521260630315361e+00 2.521260630315157680e+00
-3.037518759379690181e+00 2.518759379689845090e+00
-3.032516258129065001e+00 2.516258129064532501e+00
-3.027513756878438933e+00 2.513756878439219467e+00
-3.022511255627813753e+00 2.511255627813906877e+00
-3.017508754377188573e+00 2.508754377188594287e+00
-3.012506253126563394e+00 2.506253126563281697e+00
-3.007503751875938214e+00 2.503751875937969107e+00
-3.002501250625313034e+00 2.501250625312656517e+00
-2.997498749374687854e+00 2.498749374687343927e+00
-2.992496248124061786e+00 2.496248124062030893e+00
-2.987493746873436606e+00 2.493746873436718303e+00
-2.982491245622811427e+00 2.491245622811405713e+00
-2.977488744372186247e+00 2.488744372186093123e+00
-2.972486243121561067e+00 2.486243121560780533e+00
-2.967483741870935887e+00 2.483741870935467944e+00
-2.962481240620310707e+00 2.481240620310155354e+00
-2.957478739369684639e+00 2.478739369684842320e+00
-2.952476238119059460e+00 2.476238119059529730e+00
-2.947473736868434280e+00 2.473736868434217140e+00
-2.942471235617809100e+00 2.471235617808904550e+00
-2.937468734367183920e+00 2.468734367183591960e+00
-2.932466233116558740e+00 2.466233116558279370e+00
-2.927463731865932672e+00 2.463731865932966336e+00
-2.922461230615307493e+00 2.461230615307653746e+00
-2.917458729364682313e+00 2.458729364682341156e+00
-2.912456228114057133e+00 2.456228114057028566e+00
-2.907453726863431953e+00 2.453726863431715977e+00
-2.902451225612806773e+00 2.451225612806403387e+00
-2.897448724362181594e+00 2.448724362181090797e+00
-2.892446223111555526e+00 2.446223111555777763e+00
-2.887443721860930346e+00 2.443721860930465173e+00
-2.882441220610305166e+00 2.441220610305152583e+00
-2.877438719359679986e+00 2.438719359679839993e+00
-2.872436218109054806e+00 2.436218109054527403e+00
-2.867433716858429626e+00 2.433716858429214813e+00
-2.862431215607804447e+00 2.431215607803902223e+00
-2.857428714357178379e+00 2.428714357178589189e+00
-2.852426213106553199e+00 2.426213106553276599e+00
-2.847423711855928019e+00 2.423711855927964010e+00
-2.842421210605302839e+00 2.421210605302651420e+00
-2.837418709354677659e+00 2.418709354677338830e+00
-2.832416208104052480e+00 2.416208104052026240e+00
-2.827413706853427300e+00 2.413706853426713650e+00
-2.822411205602801232e+00 2.411205602801400616e+00
-2.817408704352176052e+00 2.408704352176088026e+00
-2.812406203101550872e+00 2.406203101550775436e+00
-2.807403701850925692e+00 2.403701850925462846e+00
-2.802401200600300513e+00 2.401200600300150256e+00
-2.797398699349675333e+00 2.398699349674837666e+00
-2.792396198099049265e+00 2.396198099049524632e+00
-2.787393696848424085e+00 2.393696848424212043e+00
-2.782391195597798905e+00 2.391195597798899453e+00
-2.777388694347173725e+00 2.388694347173586863e+00
-2.772386193096548546e+00 2.386193096548274273e+00
-2.767383691845923366e+00 2.383691845922961683e+00
-2.762381190595298186e+00 2.381190595297649093e+00
-2.757378689344672118e+00 2.378689344672336059e+00
-2.752376188094046938e+00 2.376188094047023469e+00
-2.747373686843421758e+00 2.373686843421710879e+00
-2.742371185592796579e+00 2.371185592796398289e+00
-2.737368684342171399e+00 2.368684342171085699e+00
-2.732366183091546219e+00 2.366183091545773109e+00
-2.727363681840921039e+00 2.363681840920460520e+00
-2.722361180590294971e+00 2.361180590295147486e+00
-2.717358679339669791e+00 2.358679339669834896e+00
-2.712356178089044612e+00 2.356178089044522306e+00
-2.707353676838419432e+00 2.353676838419209716e+00
-2.702351175587794252e+00 2.351175587793897126e+00
-2.697348674337169072e+00 2.348674337168584536e+00
-2.692346173086543004e+00 2.346173086543271502e+00
-2.687343671835917824e+00 2.343671835917958912e+00
-2.682341170585292645e+00 2.341170585292646322e+00
-2.677338669334667465e+00 2.338669334667333732e+00
-2.672336168084042285e+00 2.336168084042021142e+00
-2.667333666833417105e+00 2.333666833416708553e+00
-2.662331165582791925e+00 2.331165582791395963e+00
-2.657328664332165857e+00 2.328664332166082929e+00
-2.652326163081540678e+00 2.326163081540770339e+00
-2.647323661830915498e+00 2.323661830915457749e+00
-2.642321160580290318e+00 2.321160580290145159e+00
-2.637318659329665138e+00 2.318659329664832569e+00
-2.632316158079039958e+00 2.316158079039519979e+00
-2.627313656828414778e+00 2.313656828414207389e+00
-2.622311155577788711e+00 2.311155577788894355e+00
-2.617308654327163531e+00 2.308654327163581765e+00
-2.612306153076538351e+00 2.306153076538269175e+00
-2.607303651825913171e+00 2.303651825912956586e+00
-2.602301150575287991e+00 2.301150575287643996e+00
-2.597298649324662811e+00 2.298649324662331406e+00
-2.592296148074036743e+00 2.296148074037018372e+00
-2.587293646823411564e+00 2.293646823411705782e+00
-2.582291145572786384e+00 2.291145572786393192e+00
-2.577288644322161204e+00 2.288644322161080602e+00
-2.572286143071536024e+00 2.286143071535768012e+00
-2.567283641820910844e+00 2.283641820910455422e+00
-2.562281140570285665e+00 2.281140570285142832e+00
-2.557278639319659597e+00 2.278639319659829798e+00
-2.552276138069034417e+00 2.276138069034517208e+00
-2.547273636818409237e+00 2.273636818409204619e+00
-2.542271135567784057e+00 2.271135567783892029e+00
-2.537268634317158877e+00 2.268634317158579439e+00
-2.532266133066533698e+00 2.266133066533266849e+00
-2.527263631815908518e+00 2.263631815907954259e+00
-2.522261130565282450e+00 2.261130565282641225e+00
-2.517258629314657270e+00 2.258629314657328635e+00
-2.512256128064032090e+00 2.256128064032016045e+00
-2.507253626813406910e+00 2.253626813406703455e+00
-2.502251125562781731e+00 2.251125562781390865e+00
-2.497248624312156551e+00 2.248624312156078275e+00
-2.492246123061530483e+00 2.246123061530765241e+00
-2.487243621810905303e+00 2.243621810905452651e+00
-2.482241120560280123e+00 2.241120560280140062e+00
-2.477238619309654943e+00 2.238619309654827472e+00
-2.472236118059029764e+00 2.236118059029514882e+00
-2.467233616808404584e+00 2.233616808404202292e+00
-2.462231115557779404e+00 2.231115557778889702e+00
-2.457228614307153336e+00 2.228614307153576668e+00
-2.452226113056528156e+00 2.226113056528264078e+00
-2.447223611805902976e+00 2.223611805902951488e+00
-2.442221110555277797e+00 2.221110555277638898e+00
-2.437218609304652617e+00 2.218609304652326308e+00
-2.432216108054027437e+00 2.216108054027013718e+00
-2.427213606803402257e+00 2.213606803401701129e+00
-2.422211105552776189e+00 2.211105552776388095e+00
-2.417208604302151009e+00 2.208604302151075505e+00
-2.412206103051525830e+00 2.206103051525762915e+00
-2.407203601800900650e+00 2.203601800900450325e+00
-2.402201100550275470e+00 2.201100550275137735e+00
-2.397198599299650290e+00 2.198599299649825145e+00
-2.392196098049025110e+00 2.196098049024512555e+00
-2.387193596798399042e+00 2.193596798399199521e+00
-2.382191095547773863e+00 2.191095547773886931e+00
-2.377188594297148683e+00 2.188594297148574341e+00
-2.372186093046523503e+00 2.186093046523261751e+00
-2.367183591795898323e+00 2.183591795897949162e+00
-2.362181090545273143e+00 2.181090545272636572e+00
-2.357178589294647075e+00 2.178589294647323538e+00
-2.352176088044021895e+00 2.176088044022010948e+00
-2.347173586793396716e+00 2.173586793396698358e+00
-2.342171085542771536e+00 2.171085542771385768e+00
-2.337168584292146356e+00 2.168584292146073178e+00
-2.332166083041521176e+00 2.166083041520760588e+00
-2.327163581790895996e+00 2.163581790895447998e+00
-2.322161080540269928e+00 2.161080540270134964e+00
-2.317158579289644749e+00 2.158579289644822374e+00
-2.312156078039019569e+00 2.156078039019509784e+00
-2.307153576788394389e+00 2.153576788394197195e+00
-2.302151075537769209e+00 2.151075537768884605e+00
-2.297148574287144029e+00 2.148574287143572015e+00
-2.292146073036518850e+00 2.146073036518259425e+00
-2.287143571785892782e+00 2.143571785892946391e+00
-2.282141070535267602e+00 2.141070535267633801e+00
-2.277138569284642422e+00 2.138569284642321211e+00
-2.272136068034017242e+00 2.136068034017008621e+00
-2.267133566783392062e+00 2.133566783391696031e+00
-2.262131065532766883e+00 2.131065532766383441e+00
-2.257128564282140815e+00 2.128564282141070407e+00
-2.252126063031515635e+00 2.126063031515757817e+00
-2.247123561780890455e+00 2.123561780890445227e+00
-2.242121060530265275e+00 2.121060530265132638e+00
-2.237118559279640095e+00 2.118559279639820048e+00
-2.232116058029014916e+00 2.116058029014507458e+00
-2.227113556778389736e+00 2.113556778389194868e+00
-2.222111055527763668e+00 2.111055527763881834e+00
-2.217108554277138488e+00 2.108554277138569244e+00
-2.212106053026513308e+00 2.106053026513256654e+00
-2.207103551775888128e+00 2.103551775887944064e+00
-2.202101050525262949e+00 2.101050525262631474e+00
-2.197098549274637769e+00 2.098549274637318884e+00
-2.192096048024012589e+00 2.096048024012006294e+00
-2.187093546773386521e+00 2.093546773386693260e+00
-2.182091045522761341e+00 2.091045522761380671e+00
-2.177088544272136161e+00 2.088544272136068081e+00
-2.172086043021510982e+00 2.086043021510755491e+00
-2.167083541770885802e+00 2.083541770885442901e+00
-2.162081040520260622e+00 2.081040520260130311e+00
-2.157078539269634554e+00 2.078539269634817277e+00
-2.152076038019009374e+00 2.076038019009504687e+00
-2.147073536768384194e+00 2.073536768384192097e+00
-2.142071035517759015e+00 2.071035517758879507e+00
-2.137068534267133835e+00 2.068534267133566917e+00
-2.132066033016508655e+00 2.066033016508254327e+00
-2.127063531765883475e+00 2.063531765882941738e+00
-2.122061030515257407e+00 2.061030515257628704e+00
-2.117058529264632227e+00 2.058529264632316114e+00
-2.112056028014007047e+00 2.056028014007003524e+00
-2.107053526763381868e+00 2.053526763381690934e+00
-2.102051025512756688e+00 2.051025512756378344e+00
-2.097048524262131508e+00 2.048524262131065754e+00
-2.092046023011506328e+00 2.046023011505753164e+00
-2.087043521760880260e+00 2.043521760880440130e+00
-2.082041020510255080e+00 2.041020510255127540e+00
-2.077038519259629901e+00 2.038519259629814950e+00
-2.072036018009004721e+00 2.036018009004502360e+00
-2.067033516758379541e+00 2.033516758379189771e+00
-2.062031015507754361e+00 2.031015507753877181e+00
-2.057028514257128293e+00 2.028514257128564147e+00
-2.052026013006503113e+00 2.026013006503251557e+00
-2.047023511755877934e+00 2.023511755877938967e+00
-2.042021010505252754e+00 2.021010505252626377e+00
-2.037018509254627574e+00 2.018509254627313787e+00
-2.032016008004002394e+00 2.016008004002001197e+00
-2.027013506753377214e+00 2.013506753376688607e+00
-2.022011005502751146e+00 2.011005502751375573e+00
-2.017008504252125967e+00 2.008504252126062983e+00
-2.012006003001500787e+00 2.006003001500750393e+00
-2.007003501750875607e+00 2.003501750875437804e+00
-2.002001000500250427e+00 2.001000500250125214e+00
-1.996998499249625247e+00 1.998499249624812624e+00
-1.991995997999000068e+00 1.995997998999500034e+00
-1.986993496748374000e+00 1.993496748374187000e+00
-1.981990995497748820e+00 1.990995497748874410e+00
-1.976988494247123640e+00 1.988494247123561820e+00
-1.971985992996498460e+00 1.985992996498249230e+00
-1.966983491745873280e+00 1.983491745872936640e+00
-1.961980990495248101e+00 1.980990495247624050e+00
-1.956978489244622921e+00 1.978489244622311460e+00
-1.951975987993996853e+00 1.975987993996998426e+00
-1.946973486743371673e+00 1.973486743371685836e+00
-1.941970985492746493e+00 1.970985492746373247e+00
-1.936968484242121313e+00 1.968484242121060657e+00
-1.931965982991496134e+00 1.965982991495748067e+00
-1.926963481740870954e+00 1.963481740870435477e+00
-1.921960980490244886e+00 1.960980490245122443e+00
-1.916958479239619706e+00 1.958479239619809853e+00
-1.911955977988994526e+00 1.955977988994497263e+00
-1.906953476738369346e+00 1.953476738369184673e+00
-1.901950975487744167e+00 1.950975487743872083e+00
-1.896948474237118987e+00 1.948474237118559493e+00
-1.891945972986493807e+00 1.945972986493246903e+00
-1.886943471735867739e+00 1.943471735867933869e+00
-1.881940970485242559e+00 1.940970485242621280e+00
-1.876938469234617379e+00 1.938469234617308690e+00
-1.871935967983992199e+00 1.935967983991996100e+00
-1.866933466733367020e+00 1.933466733366683510e+00
-1.861930965482741840e+00 1.930965482741370920e+00
-1.856928464232116660e+00 1.928464232116058330e+00
-1.851925962981490592e+00 1.925962981490745296e+00
-1.846923461730865412e+00 1.923461730865432706e+00
-1.841920960480240232e+00 1.920960480240120116e+00
-1.836918459229615053e+00 1.918459229614807526e+00
-1.831915957978989873e+00 1.915957978989494936e+00
-1.826913456728364693e+00 1.913456728364182347e+00
-1.821910955477738625e+00 1.910955477738869313e+00
-1.816908454227113445e+00 1.908454227113556723e+00
-1.811905952976488265e+00 1.905952976488244133e+00
-1.806903451725863086e+00 1.903451725862931543e+00
-1.801900950475237906e+00 1.900950475237618953e+00
-1.796898449224612726e+00 1.898449224612306363e+00
-1.791895947973987546e+00 1.895947973986993773e+00
-1.786893446723361478e+00 1.893446723361680739e+00
-1.781890945472736298e+00 1.890945472736368149e+00
-1.776888444222111119e+00 1.888444222111055559e+00
-1.771885942971485939e+00 1.885942971485742969e+00
-1.766883441720860759e+00 1.883441720860430380e+00
-1.761880940470235579e+00 1.880940470235117790e+00
-1.756878439219610399e+00 1.878439219609805200e+00
-1.751875937968984331e+00 1.875937968984492166e+00
-1.746873436718359152e+00 1.873436718359179576e+00
-1.741870935467733972e+00 1.870935467733866986e+00
-1.736868434217108792e+00 1.868434217108554396e+00
-1.731865932966483612e+00 1.865932966483241806e+00
-1.726863431715858432e+00 1.863431715857929216e+00
-1.721860930465232364e+00 1.860930465232616182e+00
-1.716858429214607185e+00 1.858429214607303592e+00
-1.711855927963982005e+00 1.855927963981991002e+00
-1.706853426713356825e+00 1.853426713356678412e+00
-1.701850925462731645e+00 1.850925462731365823e+00
-1.696848424212106465e+00 1.848424212106053233e+00
-1.691845922961481286e+00 1.845922961480740643e+00
-1.686843421710855218e+00 1.843421710855427609e+00
-1.681840920460230038e+00 1.840920460230115019e+00
-1.676838419209604858e+00 1.838419209604802429e+00
-1.671835917958979678e+00 1.835917958979489839e+00
-1.666833416708354498e+00 1.833416708354177249e+00
-1.661830915457729319e+00 1.830915457728864659e+00
-1.656828414207104139e+00 1.828414207103552069e+00
-1.651825912956478071e+00 1.825912956478239035e+00
-1.646823411705852891e+00 1.823411705852926445e+00
-1.641820910455227711e+00 1.820910455227613856e+00
-1.636818409204602531e+00 1.818409204602301266e+00
-1.631815907953977351e+00 1.815907953976988676e+00
-1.626813406703352172e+00 1.813406703351676086e+00
-1.621810905452726104e+00 1.810905452726363052e+00
-1.616808404202100924e+00 1.808404202101050462e+00
-1.611805902951475744e+00 1.805902951475737872e+00
-1.606803401700850564e+00 1.803401700850425282e+00
-1.601800900450225384e+00 1.800900450225112692e+00
-1.596798399199600205e+00 1.798399199599800102e+00
-1.591795897948975025e+00 1.795897948974487512e+00
-1.586793396698348957e+00 1.793396698349174478e+00
-1.581790895447723777e+00 1.790895447723861889e+00
-1.576788394197098597e+00 1.788394197098549299e+00
-1.571785892946473417e+00 1.785892946473236709e+00
-1.566783391695848238e+00 1.783391695847924119e+00
-1.561780890445223058e+00 1.780890445222611529e+00
-1.556778389194597878e+00 1.778389194597298939e+00
-1.551775887943971810e+00 1.775887943971985905e+00
-1.546773386693346630e+00 1.773386693346673315e+00
-1.541770885442721450e+00 1.770885442721360725e+00
-1.536768384192096271e+00 1.768384192096048135e+00
-1.531765882941471091e+00 1.765882941470735545e+00
-1.526763381690845911e+00 1.763381690845422956e+00
-1.521760880440220731e+00 1.760880440220110366e+00
-1.516758379189594663e+00 1.758379189594797332e+00
-1.511755877938969483e+00 1.755877938969484742e+00
-1.506753376688344304e+00 1.753376688344172152e+00
-1.501750875437719124e+00 1.750875437718859562e+00
-1.496748374187093944e+00 1.748374187093546972e+00
-1.491745872936468764e+00 1.745872936468234382e+00
-1.486743371685842696e+00 1.743371685842921348e+00
-1.481740870435217516e+00 1.740870435217608758e+00
-1.476738369184592337e+00 1.738369184592296168e+00
-1.471735867933967157e+00 1.735867933966983578e+00
-1.466733366683341977e+00 1.733366683341670988e+00
-1.461730865432716797e+00 1.730865432716358399e+00
-1.456728364182091617e+00 1.728364182091045809e+00
-1.451725862931465549e+00 1.725862931465732775e+00
-1.446723361680840370e+00 1.723361680840420185e+00
-1.441720860430215190e+00 1.720860430215107595e+00
-1.436718359179590010e+00 1.718359179589795005e+00
-1.431715857928964830e+00 1.715857928964482415e+00
-1.426713356678339650e+00 1.713356678339169825e+00
-1.421710855427714471e+00 1.710855427713857235e+00
-1.416708354177088403e+00 1.708354177088544201e+00
-1.411705852926463223e+00 1.705852926463231611e+00
-1.406703351675838043e+00 1.703351675837919021e+00
-1.401700850425212863e+00 1.700850425212606432e+00
-1.396698349174587683e+00 1.698349174587293842e+00
-1.391695847923962504e+00 1.695847923961981252e+00
-1.386693346673336436e+00 1.693346673336668218e+00
-1.381690845422711256e+00 1.690845422711355628e+00
-1.376688344172086076e+00 1.688344172086043038e+00
-1.371685842921460896e+00 1.685842921460730448e+00
-1.366683341670835716e+00 1.683341670835417858e+00
-1.361680840420210536e+00 1.680840420210105268e+00
-1.356678339169585357e+00 1.678339169584792678e+00
-1.351675837918959289e+00 1.675837918959479644e+00
-1.346673336668334109e+00 1.673336668334167054e+00
-1.341670835417708929e+00 1.670835417708854465e+00
-1.336668334167083749e+00 1.668334167083541875e+00
-1.331665832916458569e+00 1.665832916458229285e+00
-1.326663331665833390e+00 1.663331665832916695e+00
-1.321660830415208210e+00 1.660830415207604105e+00
-1.316658329164582142e+00 1.658329164582291071e+00
-1.311655827913956962e+00 1.655827913956978481e+00
-1.306653326663331782e+00 1.653326663331665891e+00
-1.301650825412706602e+00 1.650825412706353301e+00
-1.296648324162081423e+00 1.648324162081040711e+00
-1.291645822911456243e+00 1.645822911455728121e+00
-1.286643321660830175e+00 1.643321660830415087e+00
-1.281640820410204995e+00 1.640820410205102498e+00
-1.276638319159579815e+00 1.638319159579789908e+00
-1.271635817908954635e+00 1.635817908954477318e+00
-1.266633316658329456e+00 1.633316658329164728e+00
-1.261630815407704276e+00 1.630815407703852138e+00
-1.256628314157079096e+00 1.628314157078539548e+00
-1.251625812906453028e+00 1.625812906453226514e+00
-1.246623311655827848e+00 1.623311655827913924e+00
-1.241620810405202668e+00 1.620810405202601334e+00
-1.236618309154577489e+00 1.618309154577288744e+00
-1.231615807903952309e+00 1.615807903951976154e+00
-1.226613306653327129e+00 1.613306653326663564e+00
-1.221610805402701949e+00 1.610805402701350975e+00
-1.216608304152075881e+00 1.608304152076037941e+00
-1.211605802901450701e+00 1.605802901450725351e+00
-1.206603301650825522e+00 1.603301650825412761e+00
-1.201600800400200342e+00 1.600800400200100171e+00
-1.196598299149575162e+00 1.598299149574787581e+00
-1.191595797898949982e+00 1.595797898949474991e+00
-1.186593296648323914e+00 1.593296648324161957e+00
-1.181590795397698734e+00 1.590795397698849367e+00
-1.176588294147073555e+00 1.588294147073536777e+00
-1.171585792896448375e+00 1.585792896448224187e+00
-1.166583291645823195e+00 1.583291645822911597e+00
-1.161580790395198015e+00 1.580790395197599008e+00
-1.156578289144572835e+00 1.578289144572286418e+00
-1.151575787893946767e+00 1.575787893946973384e+00
-1.146573286643321588e+00 1.573286643321660794e+00
-1.141570785392696408e+00 1.570785392696348204e+00
-1.136568284142071228e+00 1.568284142071035614e+00
-1.131565782891446048e+00 1.565782891445723024e+00
-1.126563281640820868e+00 1.563281640820410434e+00
-1.121560780390195688e+00 1.560780390195097844e+00
-1.116558279139569620e+00 1.558279139569784810e+00
-1.111555777888944441e+00 1.555777888944472220e+00
-1.106553276638319261e+00 1.553276638319159630e+00
-1.101550775387694081e+00 1.550775387693847041e+00
-1.096548274137068901e+00 1.548274137068534451e+00
-1.091545772886443721e+00 1.545772886443221861e+00
-1.086543271635818542e+00 1.543271635817909271e+00
-1.081540770385192474e+00 1.540770385192596237e+00
-1.076538269134567294e+00 1.538269134567283647e+00
-1.071535767883942114e+00 1.535767883941971057e+00
-1.066533266633316934e+00 1.533266633316658467e+00
-1.061530765382691754e+00 1.530765382691345877e+00
-1.056528264132066575e+00 1.528264132066033287e+00
-1.051525762881440507e+00 1.525762881440720253e+00
-1.046523261630815327e+00 1.523261630815407663e+00
-1.041520760380190147e+00 1.520760380190095074e+00
-1.036518259129564967e+00 1.518259129564782484e+00
-1.031515757878939787e+00 1.515757878939469894e+00
-1.026513256628314608e+00 1.513256628314157304e+00
-1.021510755377689428e+00 1.510755377688844714e+00
-1.016508254127063360e+00 1.508254127063531680e+00
-1.011505752876438180e+00 1.505752876438219090e+00
-1.006503251625813000e+00 1.503251625812906500e+00
-1.001500750375187820e+00 1.500750375187593910e+00
-9.964982491245626406e-01 1.498249124562281320e+00
-9.914957478739374608e-01 1.495747873936968730e+00
-9.864932466233122810e-01 1.493246623311656140e+00
-9.814907453726862130e-01 1.490745372686343106e+00
-9.764882441220610332e-01 1.488244122061030517e+00
-9.714857428714358534e-01 1.485742871435717927e+00
-9.664832416208106736e-01 1.483241620810405337e+00
-9.614807403701854938e-01 1.480740370185092747e+00
-9.564782391195603140e-01 1.478239119559780157e+00
-9.514757378689342460e-01 1.475737868934467123e+00
-9.464732366183090662e-01 1.473236618309154533e+00
-9.414707353676838864e-01 1.470735367683841943e+00
-9.364682341170587065e-01 1.468234117058529353e+00
-9.314657328664335267e-01 1.465732866433216763e+00
-9.264632316158083469e-01 1.463231615807904173e+00
-9.214607303651831671e-01 1.460730365182591584e+00
-9.164582291145570991e-01 1.458229114557278550e+00
-9.114557278639319193e-01 1.455727863931965960e+00
-9.064532266133067395e-01 1.453226613306653370e+00
-9.014507253626815597e-01 1.450725362681340780e+00
-8.964482241120563799e-01 1.448224112056028190e+00
-8.914457228614312001e-01 1.445722861430715600e+00
-8.864432216108060203e-01 1.443221610805403010e+00
-8.814407203601799523e-01 1.440720360180089976e+00
-8.764382191095547725e-01 1.438219109554777386e+00
-8.714357178589295927e-01 1.435717858929464796e+00
-8.664332166083044129e-01 1.433216608304152206e+00
-8.614307153576792331e-01 1.430715357678839617e+00
-8.564282141070540533e-01 1.428214107053527027e+00
-8.514257128564279853e-01 1.425712856428213993e+00
-8.464232116058028055e-01 1.423211605802901403e+00
-8.414207103551776257e-01 1.420710355177588813e+00
-8.364182091045524459e-01 1.418209104552276223e+00
-8.314157078539272661e-01 1.415707853926963633e+00
-8.264132066033020863e-01 1.413206603301651043e+00
-8.214107053526769064e-01 1.410705352676338453e+00
-8.164082041020508385e-01 1.408204102051025419e+00
-8.114057028514256587e-01 1.405702851425712829e+00
-8.064032016008004788e-01 1.403201600800400239e+00
-8.014007003501752990e-01 1.400700350175087650e+00
-7.963981990995501192e-01 1.398199099549775060e+00
-7.913956978489249394e-01 1.395697848924462470e+00
-7.863931965982997596e-01 1.393196598299149880e+00
-7.813906953476736916e-01 1.390695347673836846e+00
-7.763881940970485118e-01 1.388194097048524256e+00
-7.713856928464233320e-01 1.385692846423211666e+00
-7.663831915957981522e-01 1.383191595797899076e+00
-7.613806903451729724e-01 1.380690345172586486e+00
-7.563781890945477926e-01 1.378189094547273896e+00
-7.513756878439217246e-01 1.375687843921960862e+00
-7.463731865932965448e-01 1.373186593296648272e+00
-7.413706853426713650e-01 1.370685342671335682e+00
-7.363681840920461852e-01 1.368184092046023093e+00
-7.313656828414210054e-01 1.365682841420710503e+00
-7.263631815907958256e-01 1.363181590795397913e+00
-7.213606803401706458e-01 1.360680340170085323e+00
-7.163581790895445778e-01 1.358179089544772289e+00
-7.113556778389193980e-01 1.355677838919459699e+00
-7.063531765882942182e-01 1.353176588294147109e+00
-7.013506753376690384e-01 1.350675337668834519e+00
-6.963481740870438585e-01 1.348174087043521929e+00
-6.913456728364186787e-01 1.345672836418209339e+00
-6.863431715857934989e-01 1.343171585792896749e+00
-6.813406703351674309e-01 1.340670335167583715e+00
-6.763381690845422511e-01 1.338169084542271126e+00
-6.713356678339170713e-01 1.335667833916958536e+00
-6.663331665832918915e-01 1.333166583291645946e+00
-6.613306653326667117e-01 1.330665332666333356e+00
-6.563281640820415319e-01 1.328164082041020766e+00
-6.513256628314163521e-01 1.325662831415708176e+00
-6.463231615807902841e-01 1.323161580790395142e+00
-6.413206603301651043e-01 1.320660330165082552e+00
-6.363181590795399245e-01 1.318159079539769962e+00
-6.313156578289147447e-01 1.315657828914457372e+00
-6.263131565782895649e-01 1.313156578289144782e+00
-6.213106553276643851e-01 1.310655327663832193e+00
-6.163081540770383171e-01 1.308154077038519159e+00
-6.113056528264131373e-01 1.305652826413206569e+00
-6.063031515757879575e-01 1.303151575787893979e+00
-6.013006503251627777e-01 1.300650325162581389e+00
-5.962981490745375979e-01 1.298149074537268799e+00
-5.912956478239124181e-01 1.295647823911956209e+00
-5.862931465732872383e-01 1.293146573286643619e+00
-5.812906453226611703e-01 1.290645322661330585e+00
-5.762881440720359905e-01 1.288144072036017995e+00
-5.712856428214108107e-01 1.285642821410705405e+00
-5.662831415707856308e-01 1.283141570785392815e+00
-5.612806403201604510e-01 1.280640320160080226e+00
-5.562781390695352712e-01 1.278139069534767636e+00
-5.512756378189100914e-01 1.275637818909455046e+00
-5.462731365682840234e-01 1.273136568284142012e+00
-5.412706353176588436e-01 1.270635317658829422e+00
-5.362681340670336638e-01 1.268134067033516832e+00
-5.312656328164084840e-01 1.265632816408204242e+00
-5.262631315657833042e-01 1.263131565782891652e+00
-5.212606303151581244e-01 1.260630315157579062e+00
-5.162581290645320564e-01 1.258129064532266028e+00
-5.112556278139068766e-01 1.255627813906953438e+00
-5.062531265632816968e-01 1.253126563281640848e+00
-5.012506253126565170e-01 1.250625312656328258e+00
-4.962481240620313372e-01 1.248124062031015669e+00
-4.912456228114061574e-01 1.245622811405703079e+00
-4.862431215607809776e-01 1.243121560780390489e+00
-4.812406203101549096e-01 1.240620310155077455e+00
-4.762381190595297298e-01 1.238119059529764865e+00
-4.712356178089045500e-01 1.235617808904452275e+00
-4.662331165582793702e-01 1.233116558279139685e+00
-4.612306153076541904e-01 1.230615307653827095e+00
-4.562281140570290106e-01 1.228114057028514505e+00
-4.512256128064038307e-01 1.225612806403201915e+00
-4.462231115557777628e-01 1.223111555777888881e+00
-4.412206103051525830e-01 1.220610305152576291e+00
-4.362181090545274031e-01 1.218109054527263702e+00
-4.312156078039022233e-01 1.215607803901951112e+00
-4.262131065532770435e-01 1.213106553276638522e+00
-4.212106053026518637e-01 1.210605302651325932e+00
-4.162081040520257957e-01 1.208104052026012898e+00
-4.112056028014006159e-01 1.205602801400700308e+00
-4.062031015507754361e-01 1.203101550775387718e+00
-4.012006003001502563e-01 1.200600300150075128e+00
-3.961980990495250765e-01 1.198099049524762538e+00
-3.911955977988998967e-01 1.195597798899449948e+00
-3.861930965482747169e-01 1.193096548274137358e+00
-3.811905952976486489e-01 1.190595297648824324e+00
-3.761880940470234691e-01 1.188094047023511735e+00
-3.711855927963982893e-01 1.185592796398199145e+00
-3.661830915457731095e-01 1.183091545772886555e+00
-3.611805902951479297e-01 1.180590295147573965e+00
-3.561780890445227499e-01 1.178089044522261375e+00
-3.511755877938975701e-01 1.175587793896948785e+00
-3.461730865432715021e-01 1.173086543271635751e+00
-3.411705852926463223e-01 1.170585292646323161e+00
-3.361680840420211425e-01 1.168084042021010571e+00
-3.311655827913959627e-01 1.165582791395697981e+00
-3.261630815407707829e-01 1.163081540770385391e+00
-3.211605802901456030e-01 1.160580290145072802e+00
-3.161580790395195351e-01 1.158079039519759768e+00
-3.111555777888943553e-01 1.155577788894447178e+00
-3.061530765382691754e-01 1.153076538269134588e+00
-3.011505752876439956e-01 1.150575287643821998e+00
-2.961480740370188158e-01 1.148074037018509408e+00
-2.911455727863936360e-01 1.145572786393196818e+00
-2.861430715357684562e-01 1.143071535767884228e+00
-2.811405702851423882e-01 1.140570285142571194e+00
-2.761380690345172084e-01 1.138069034517258604e+00
-2.711355677838920286e-01 1.135567783891946014e+00
-2.661330665332668488e-01 1.133066533266633424e+00
-2.611305652826416690e-01 1.130565282641320835e+00
-2.561280640320164892e-01 1.128064032016008245e+00
-2.511255627813913094e-01 1.125562781390695655e+00
-2.461230615307652414e-01 1.123061530765382621e+00
-2.411205602801400616e-01 1.120560280140070031e+00
-2.361180590295148818e-01 1.118059029514757441e+00
-2.311155577788897020e-01 1.115557778889444851e+00
-2.261130565282645222e-01 1.113056528264132261e+00
-2.211105552776393424e-01 1.110555277638819671e+00
-2.161080540270141626e-01 1.108054027013507081e+00
-2.111055527763880946e-01 1.105552776388194047e+00
-2.061030515257629148e-01 1.103051525762881457e+00
-2.011005502751377350e-01 1.100550275137568867e+00
-1.960980490245125551e-01 1.098049024512256278e+00
-1.910955477738873753e-01 1.095547773886943688e+00
-1.860930465232621955e-01 1.093046523261631098e+00
-1.810905452726361275e-01 1.090545272636318064e+00
-1.760880440220109477e-01 1.088044022011005474e+00
-1.710855427713857679e-01 1.085542771385692884e+00
-1.660830415207605881e-01 1.083041520760380294e+00
-1.610805402701354083e-01 1.080540270135067704e+00
-1.560780390195102285e-01 1.078039019509755114e+00
-1.510755377688850487e-01 1.075537768884442524e+00
-1.460730365182589807e-01 1.073036518259129490e+00
-1.410705352676338009e-01 1.070535267633816900e+00
-1.360680340170086211e-01 1.068034017008504311e+00
-1.310655327663834413e-01 1.065532766383191721e+00
-1.260630315157582615e-01 1.063031515757879131e+00
-1.210605302651330817e-01 1.060530265132566541e+00
-1.160580290145079019e-01 1.058029014507253951e+00
-1.110555277638818339e-01 1.055527763881940917e+00
-1.060530265132566541e-01 1.053026513256628327e+00
-1.010505252626314743e-01 1.050525262631315737e+00
-9.604802401200629447e-02 1.048024012006003147e+00
-9.104552276138111466e-02 1.045522761380690557e+00
-8.604302151075593486e-02 1.043021510755377967e+00
-8.104052026012986687e-02 1.040520260130064933e+00
-7.603801900950468706e-02 1.038019009504752344e+00
-7.103551775887950726e-02 1.035517758879439754e+00
-6.603301650825432745e-02 1.033016508254127164e+00
-6.103051525762914764e-02 1.030515257628814574e+00
-5.602801400700396783e-02 1.028014007003501984e+00
-5.102551275637878803e-02 1.025512756378189394e+00
-4.602301150575272004e-02 1.023011505752876360e+00
-4.102051025512754023e-02 1.020510255127563770e+00
-3.601800900450236043e-02 1.018009004502251180e+00
-3.101550775387718062e-02 1.015507753876938590e+00
-2.601300650325200081e-02 1.013006503251626000e+00
-2.101050525262682100e-02 1.010505252626313411e+00
-1.600800400200164120e-02 1.008004002001000821e+00
-1.100550275137557321e-02 1.005502751375687787e+00
-6.003001500750393404e-03 1.003001500750375197e+00
-1.000500250125213597e-03 1.000500250125062607e+00
4.002001000500854389e-03 9.979989994997495728e-01
9.004502251125146017e-03 9.954977488744374270e-01
1.400700350175121400e-02 9.929964982491243930e-01
1.900950475237550563e-02 9.904952476238122472e-01
2.401200600300157362e-02 9.879939969984992132e-01
2.901450725362586525e-02 9.854927463731870674e-01
3.401700850425193323e-02 9.829914957478740334e-01
3.901950975487800122e-02 9.804902451225609994e-01
4.402201100550229285e-02 9.779889944972488536e-01
4.902451225612836083e-02 9.754877438719358196e-01
5.402701350675265246e-02 9.729864932466236738e-01
5.902951475737872045e-02 9.704852426213106398e-01
6.403201600800301208e-02 9.679839919959984940e-01
6.903451725862908006e-02 9.654827413706854600e-01
7.403701850925514805e-02 9.629814907453724260e-01
7.903951975987943968e-02 9.604802401200602802e-01
8.404202101050550766e-02 9.579789894947472462e-01
8.904452226112979929e-02 9.554777388694351004e-01
9.404702351175586728e-02 9.529764882441220664e-01
9.904952476238015890e-02 9.504752376188099205e-01
1.040520260130062269e-01 9.479739869934968866e-01
1.090545272636322949e-01 9.454727363681838526e-01
1.140570285142565865e-01 9.429714857428717067e-01
1.190595297648826545e-01 9.404702351175586728e-01
1.240620310155069461e-01 9.379689844922465269e-01
1.290645322661330141e-01 9.354677338669334929e-01
1.340670335167573057e-01 9.329664832416213471e-01
1.390695347673833737e-01 9.304652326163083131e-01
1.440720360180094417e-01 9.279639819909952791e-01
1.490745372686337333e-01 9.254627313656831333e-01
1.540770385192598013e-01 9.229614807403700993e-01
1.590795397698840929e-01 9.204602301150579535e-01
1.640820410205101609e-01 9.179589794897449195e-01
1.690845422711344526e-01 9.154577288644327737e-01
1.740870435217605205e-01 9.129564782391197397e-01
1.790895447723865885e-01 9.104552276138067057e-01
1.840920460230108802e-01 9.079539769884945599e-01
1.890945472736369481e-01 9.054527263631815259e-01
1.940970485242612398e-01 9.029514757378693801e-01
1.990995497748873078e-01 9.004502251125563461e-01
2.041020510255133757e-01 8.979489744872433121e-01
2.091045522761376674e-01 8.954477238619311663e-01
2.141070535267637354e-01 8.929464732366181323e-01
2.191095547773880270e-01 8.904452226113059865e-01
2.241120560280140950e-01 8.879439719859929525e-01
2.291145572786383866e-01 8.854427213606808067e-01
2.341170585292644546e-01 8.829414707353677727e-01
2.391195597798905226e-01 8.804402201100547387e-01
2.441220610305148142e-01 8.779389694847425929e-01
2.491245622811408822e-01 8.754377188594295589e-01
2.541270635317651738e-01 8.729364682341174131e-01
2.591295647823912418e-01 8.704352176088043791e-01
2.641320660330155334e-01 8.679339669834922333e-01
2.691345672836416014e-01 8.654327163581791993e-01
2.741370685342676694e-01 8.629314657328661653e-01
2.791395697848919610e-01 8.604302151075540195e-01
2.841420710355180290e-01 8.579289644822409855e-01
2.891445722861423206e-01 8.554277138569288397e-01
2.941470735367683886e-01 8.529264632316158057e-01
2.991495747873926803e-01 8.504252126063036599e-01
3.041520760380187482e-01 8.479239619809906259e-01
3.091545772886448162e-01 8.454227113556775919e-01
3.141570785392691079e-01 8.429214607303654461e-01
3.191595797898951758e-01 8.404202101050524121e-01
3.241620810405194675e-01 8.379189594797402663e-01
3.291645822911455355e-01 8.354177088544272323e-01
3.341670835417698271e-01 8.329164582291150865e-01
3.391695847923958951e-01 8.304152076038020525e-01
3.441720860430219631e-01 8.279139569784890185e-01
3.491745872936462547e-01 8.254127063531768727e-01
3.541770885442723227e-01 8.229114557278638387e-01
3.591795897948966143e-01 8.204102051025516928e-01
3.641820910455226823e-01 8.179089544772386589e-01
3.691845922961469739e-01 8.154077038519265130e-01
3.741870935467730419e-01 8.129064532266134790e-01
3.791895947973991099e-01 8.104052026013004451e-01
3.841920960480234015e-01 8.079039519759882992e-01
3.891945972986494695e-01 8.054027013506752652e-01
3.941970985492737611e-01 8.029014507253631194e-01
3.991995997998998291e-01 8.004002001000500854e-01
4.042021010505258971e-01 7.978989494747370514e-01
4.092046023011501887e-01 7.953976988494249056e-01
4.142071035517762567e-01 7.928964482241118716e-01
4.192096048024005484e-01 7.903951975987997258e-01
4.242121060530266163e-01 7.878939469734866918e-01
4.292146073036509080e-01 7.853926963481745460e-01
4.342171085542769760e-01 7.828914457228615120e-01
4.392196098049030439e-01 7.803901950975484780e-01
4.442221110555273356e-01 7.778889444722363322e-01
4.492246123061534036e-01 7.753876938469232982e-01
4.542271135567776952e-01 7.728864432216111524e-01
4.592296148074037632e-01 7.703851925962981184e-01
4.642321160580280548e-01 7.678839419709859726e-01
4.692346173086541228e-01 7.653826913456729386e-01
4.742371185592801908e-01 7.628814407203599046e-01
4.792396198099044824e-01 7.603801900950477588e-01
4.842421210605305504e-01 7.578789394697347248e-01
4.892446223111548420e-01 7.553776888444225790e-01
4.942471235617809100e-01 7.528764382191095450e-01
4.992496248124052016e-01 7.503751875937973992e-01
5.042521260630312696e-01 7.478739369684843652e-01
5.092546273136573376e-01 7.453726863431713312e-01
5.142571285642816292e-01 7.428714357178591854e-01
5.192596298149076972e-01 7.403701850925461514e-01
5.242621310655319888e-01 7.378689344672340056e-01
5.292646323161580568e-01 7.353676838419209716e-01
5.342671335667823485e-01 7.328664332166088258e-01
5.392696348174084164e-01 7.303651825912957918e-01
5.442721360680344844e-01 7.278639319659827578e-01
5.492746373186587761e-01 7.253626813406706120e-01
5.542771385692848440e-01 7.228614307153575780e-01
5.592796398199091357e-01 7.203601800900454322e-01
5.642821410705352037e-01 7.178589294647323982e-01
5.692846423211594953e-01 7.153576788394202524e-01
5.742871435717855633e-01 7.128564282141072184e-01
5.792896448224116313e-01 7.103551775887941844e-01
5.842921460730359229e-01 7.078539269634820386e-01
5.892946473236619909e-01 7.053526763381690046e-01
5.942971485742862825e-01 7.028514257128568588e-01
5.992996498249123505e-01 7.003501750875438248e-01
6.043021510755366421e-01 6.978489244622316789e-01
6.093046523261627101e-01 6.953476738369186450e-01
6.143071535767887781e-01 6.928464232116056110e-01
6.193096548274130697e-01 6.903451725862934651e-01
6.243121560780391377e-01 6.878439219609804312e-01
6.293146573286634293e-01 6.853426713356682853e-01
6.343171585792894973e-01 6.828414207103552513e-01
6.393196598299155653e-01 6.803401700850422174e-01
6.443221610805398569e-01 6.778389194597300715e-01
6.493246623311659249e-01 6.753376688344170375e-01
6.543271635817902165e-01 6.728364182091048917e-01
6.593296648324162845e-01 6.703351675837918577e-01
6.643321660830405762e-01 6.678339169584797119e-01
6.693346673336666441e-01 6.653326663331666779e-01
6.743371685842927121e-01 6.628314157078536439e-01
6.793396698349170038e-01 6.603301650825414981e-01
6.843421710855430717e-01 6.578289144572284641e-01
6.893446723361673634e-01 6.553276638319163183e-01
6.943471735867934314e-01 6.528264132066032843e-01
6.993496748374177230e-01 6.503251625812911385e-01
7.043521760880437910e-01 6.478239119559781045e-01
7.093546773386698590e-01 6.453226613306650705e-01
7.143571785892941506e-01 6.428214107053529247e-01
7.193596798399202186e-01 6.403201600800398907e-01
7.243621810905445102e-01 6.378189094547277449e-01
7.293646823411705782e-01 6.353176588294147109e-01
7.343671835917948698e-01 6.328164082041025651e-01
7.393696848424209378e-01 6.303151575787895311e-01
7.443721860930470058e-01 6.278139069534764971e-01
7.493746873436712974e-01 6.253126563281643513e-01
7.543771885942973654e-01 6.228114057028513173e-01
7.593796898449216570e-01 6.203101550775391715e-01
7.643821910955477250e-01 6.178089044522261375e-01
7.693846923461720166e-01 6.153076538269139917e-01
7.743871935967980846e-01 6.128064032016009577e-01
7.793896948474241526e-01 6.103051525762879237e-01
7.843921960980484442e-01 6.078039019509757779e-01
7.893946973486745122e-01 6.053026513256627439e-01
7.943971985992988039e-01 6.028014007003505981e-01
7.993996998499248718e-01 6.003001500750375641e-01
8.044022011005491635e-01 5.977988994497254183e-01
8.094047023511752315e-01 5.952976488244123843e-01
8.144072036018012994e-01 5.927963981990993503e-01
8.194097048524255911e-01 5.902951475737872045e-01
8.244122061030516591e-01 5.877938969484741705e-01
8.294147073536759507e-01 5.852926463231620247e-01
8.344172086043020187e-01 5.827913956978489907e-01
8.394197098549280867e-01 5.802901450725359567e-01
8.444222111055523783e-01 5.777888944472238109e-01
8.494247123561784463e-01 5.752876438219107769e-01
8.544272136068027379e-01 5.727863931965986311e-01
8.594297148574288059e-01 5.702851425712855971e-01
8.644322161080530975e-01 5.677838919459734512e-01
8.694347173586791655e-01 5.652826413206604173e-01
8.744372186093052335e-01 5.627813906953473833e-01
8.794397198599295251e-01 5.602801400700352374e-01
8.844422211105555931e-01 5.577788894447222035e-01
8.894447223611798847e-01 5.552776388194100576e-01
8.944472236118059527e-01 5.527763881940970236e-01
8.994497248624302443e-01 5.502751375687848778e-01
9.044522261130563123e-01 5.477738869434718438e-01
9.094547273636823803e-01 5.452726363181588098e-01
9.144572286143066719e-01 5.427713856928466640e-01
9.194597298649327399e-01 5.402701350675336300e-01
9.244622311155570316e-01 5.377688844422214842e-01
9.294647323661830995e-01 5.352676338169084502e-01
9.344672336168073912e-01 5.327663831915963044e-01
9.394697348674334592e-01 5.302651325662832704e-01
9.444722361180595271e-01 5.277638819409702364e-01
9.494747373686838188e-01 5.252626313156580906e-01
9.544772386193098868e-01 5.227613806903450566e-01
9.594797398699341784e-01 5.202601300650329108e-01
9.644822411205602464e-01 5.177588794397198768e-01
9.694847423711845380e-01 5.152576288144077310e-01
9.744872436218106060e-01 5.127563781890946970e-01
9.794897448724366740e-01 5.102551275637816630e-01
9.844922461230609656e-01 5.077538769384695172e-01
9.894947473736870336e-01 5.052526263131564832e-01
9.944972486243113252e-01 5.027513756878443374e-01
9.994997498749373932e-01 5.002501250625313034e-01
1.004502251125561685e+00 4.977488744372191576e-01
1.009504752376187753e+00 4.952476238119061236e-01
1.014507253626813821e+00 4.927463731865930896e-01
1.019509754877438112e+00 4.902451225612809438e-01
1.024512256128064180e+00 4.877438719359679098e-01
1.029514757378688472e+00 4.852426213106557640e-01
1.034517258629314540e+00 4.827413706853427300e-01
1.039519759879938832e+00 4.802401200600305842e-01
1.044522261130564900e+00 4.777388694347175502e-01
1.049524762381190968e+00 4.752376188094045162e-01
1.054527263631815259e+00 4.727363681840923704e-01
1.059529764882441327e+00 4.702351175587793364e-01
1.064532266133065619e+00 4.677338669334671906e-01
1.069534767383691687e+00 4.652326163081541566e-01
1.074537268634317755e+00 4.627313656828411226e-01
1.079539769884942046e+00 4.602301150575289768e-01
1.084542271135568114e+00 4.577288644322159428e-01
1.089544772386192406e+00 4.552276138069037970e-01
1.094547273636818474e+00 4.527263631815907630e-01
1.099549774887442766e+00 4.502251125562786171e-01
1.104552276138068834e+00 4.477238619309655832e-01
1.109554777388694902e+00 4.452226113056525492e-01
1.114557278639319193e+00 4.427213606803404033e-01
1.119559779889945261e+00 4.402201100550273694e-01
1.124562281140569553e+00 4.377188594297152235e-01
1.129564782391195621e+00 4.352176088044021895e-01
1.134567283641819913e+00 4.327163581790900437e-01
1.139569784892445981e+00 4.302151075537770097e-01
1.144572286143072049e+00 4.277138569284639757e-01
1.149574787393696340e+00 4.252126063031518299e-01
1.154577288644322408e+00 4.227113556778387959e-01
1.159579789894946700e+00 4.202101050525266501e-01
1.164582291145572768e+00 4.177088544272136161e-01
1.169584792396197059e+00 4.152076038019014703e-01
1.174587293646823127e+00 4.127063531765884363e-01
1.179589794897449195e+00 4.102051025512754023e-01
1.184592296148073487e+00 4.077038519259632565e-01
1.189594797398699555e+00 4.052026013006502225e-01
1.194597298649323847e+00 4.027013506753380767e-01
1.199599799899949915e+00 4.002001000500250427e-01
1.204602301150574206e+00 3.976988494247128969e-01
1.209604802401200274e+00 3.951975987993998629e-01
1.214607303651826342e+00 3.926963481740868289e-01
1.219609804902450634e+00 3.901950975487746831e-01
1.224612306153076702e+00 3.876938469234616491e-01
1.229614807403700993e+00 3.851925962981495033e-01
1.234617308654327061e+00 3.826913456728364693e-01
1.239619809904951353e+00 3.801900950475243235e-01
1.244622311155577421e+00 3.776888444222112895e-01
1.249624812406203489e+00 3.751875937968982555e-01
1.254627313656827781e+00 3.726863431715861097e-01
1.259629814907453849e+00 3.701850925462730757e-01
1.264632316158078140e+00 3.676838419209609299e-01
1.269634817408704208e+00 3.651825912956478959e-01
1.274637318659330276e+00 3.626813406703348619e-01
1.279639819909954568e+00 3.601800900450227161e-01
1.284642321160580636e+00 3.576788394197096821e-01
1.289644822411204927e+00 3.551775887943975363e-01
1.294647323661830995e+00 3.526763381690845023e-01
1.299649824912455287e+00 3.501750875437723565e-01
1.304652326163081355e+00 3.476738369184593225e-01
1.309654827413707423e+00 3.451725862931462885e-01
1.314657328664331715e+00 3.426713356678341427e-01
1.319659829914957783e+00 3.401700850425211087e-01
1.324662331165582074e+00 3.376688344172089629e-01
1.329664832416208142e+00 3.351675837918959289e-01
1.334667333666832434e+00 3.326663331665837831e-01
1.339669834917458502e+00 3.301650825412707491e-01
1.344672336168084570e+00 3.276638319159577151e-01
1.349674837418708861e+00 3.251625812906455693e-01
1.354677338669334929e+00 3.226613306653325353e-01
1.359679839919959221e+00 3.201600800400203894e-01
1.364682341170585289e+00 3.176588294147073555e-01
1.369684842421209581e+00 3.151575787893952096e-01
1.374687343671835649e+00 3.126563281640821756e-01
1.379689844922461717e+00 3.101550775387691417e-01
1.384692346173086008e+00 3.076538269134569958e-01
1.389694847423712076e+00 3.051525762881439618e-01
1.394697348674336368e+00 3.026513256628318160e-01
1.399699849924962436e+00 3.001500750375187820e-01
1.404702351175586728e+00 2.976488244122066362e-01
1.409704852426212796e+00 2.951475737868936022e-01
1.414707353676838864e+00 2.926463231615805682e-01
1.419709854927463155e+00 2.901450725362684224e-01
1.424712356178089223e+00 2.876438219109553884e-01
1.429714857428713515e+00 2.851425712856432426e-01
1.434717358679339583e+00 2.826413206603302086e-01
1.439719859929963874e+00 2.801400700350180628e-01
1.444722361180589942e+00 2.776388194097050288e-01
1.449724862431216010e+00 2.751375687843919948e-01
1.454727363681840302e+00 2.726363181590798490e-01
1.459729864932466370e+00 2.701350675337668150e-01
1.464732366183090662e+00 2.676338169084546692e-01
1.469734867433716730e+00 2.651325662831416352e-01
1.474737368684341021e+00 2.626313156578294894e-01
1.479739869934967089e+00 2.601300650325164554e-01
1.484742371185593157e+00 2.576288144072034214e-01
1.489744872436217449e+00 2.551275637818912756e-01
1.494747373686843517e+00 2.526263131565782416e-01
1.499749874937467808e+00 2.501250625312660958e-01
1.504752376188093876e+00 2.476238119059530618e-01
1.509754877438719944e+00 2.451225612806400278e-01
1.514757378689344236e+00 2.426213106553278820e-01
1.519759879939970304e+00 2.401200600300148480e-01
1.524762381190594596e+00 2.376188094047027022e-01
1.529764882441220664e+00 2.351175587793896682e-01
1.534767383691844955e+00 2.326163081540775224e-01
1.539769884942471023e+00 2.301150575287644884e-01
1.544772386193097091e+00 2.276138069034514544e-01
1.549774887443721383e+00 2.251125562781393086e-01
1.554777388694347451e+00 2.226113056528262746e-01
1.559779889944971742e+00 2.201100550275141288e-01
1.564782391195597810e+00 2.176088044022010948e-01
1.569784892446222102e+00 2.151075537768889490e-01
1.574787393696848170e+00 2.126063031515759150e-01
1.579789894947474238e+00 2.101050525262628810e-01
1.584792396198098530e+00 2.076038019009507352e-01
1.589794897448724598e+00 2.051025512756377012e-01
1.594797398699348889e+00 2.026013006503255554e-01
1.599799899949974957e+00 2.001000500250125214e-01
1.604802401200599249e+00 1.975987993997003755e-01
1.609804902451225317e+00 1.950975487743873416e-01
1.614807403701851385e+00 1.925962981490743076e-01
1.619809904952475677e+00 1.900950475237621617e-01
1.624812406203101744e+00 1.875937968984491278e-01
1.629814907453726036e+00 1.850925462731369819e-01
1.634817408704352104e+00 1.825912956478239479e-01
1.639819909954976396e+00 1.800900450225118021e-01
1.644822411205602464e+00 1.775887943971987681e-01
1.649824912456228532e+00 1.750875437718857341e-01
1.654827413706852823e+00 1.725862931465735883e-01
1.659829914957478891e+00 1.700850425212605543e-01
1.664832416208103183e+00 1.675837918959484085e-01
1.669834917458729251e+00 1.650825412706353745e-01
1.674837418709353543e+00 1.625812906453232287e-01
1.679839919959979611e+00 1.600800400200101947e-01
1.684842421210605679e+00 1.575787893946971607e-01
1.689844922461229970e+00 1.550775387693850149e-01
1.694847423711856038e+00 1.525762881440719809e-01
1.699849924962480330e+00 1.500750375187598351e-01
1.704852426213106398e+00 1.475737868934468011e-01
1.709854927463732466e+00 1.450725362681337671e-01
1.714857428714356757e+00 1.425712856428216213e-01
1.719859929964982825e+00 1.400700350175085873e-01
1.724862431215607117e+00 1.375687843921964415e-01
1.729864932466233185e+00 1.350675337668834075e-01
1.734867433716857477e+00 1.325662831415712617e-01
1.739869934967483545e+00 1.300650325162582277e-01
1.744872436218109613e+00 1.275637818909451937e-01
1.749874937468733904e+00 1.250625312656330479e-01
1.754877438719359972e+00 1.225612806403200139e-01
1.759879939969984264e+00 1.200600300150078681e-01
1.764882441220610332e+00 1.175587793896948341e-01
1.769884942471234623e+00 1.150575287643826883e-01
1.774887443721860691e+00 1.125562781390696543e-01
1.779889944972486759e+00 1.100550275137566203e-01
1.784892446223111051e+00 1.075537768884444745e-01
1.789894947473737119e+00 1.050525262631314405e-01
1.794897448724361411e+00 1.025512756378192947e-01
1.799899949974987479e+00 1.000500250125062607e-01
1.804902451225611770e+00 9.754877438719411487e-02
1.809904952476237838e+00 9.504752376188108087e-02
1.814907453726863906e+00 9.254627313656804688e-02
1.819909954977488198e+00 9.004502251125590107e-02
1.824912456228114266e+00 8.754377188594286707e-02
1.829914957478738557e+00 8.504252126063072126e-02
1.834917458729364625e+00 8.254127063531768727e-02
1.839919959979988917e+00 8.004002001000554145e-02
1.844922461230614985e+00 7.753876938469250746e-02
1.849924962481241053e+00 7.503751875937947347e-02
1.854927463731865345e+00 7.253626813406732765e-02
1.859929964982491413e+00 7.003501750875429366e-02
1.864932466233115704e+00 6.753376688344214784e-02
1.869934967483741772e+00 6.503251625812911385e-02
1.874937468734366064e+00 6.253126563281696804e-02
1.879939969984992132e+00 6.003001500750393404e-02
1.884942471235618200e+00 5.752876438219090005e-02
1.889944972486242492e+00 5.502751375687875424e-02
1.894947473736868560e+00 5.252626313156572024e-02
1.899949974987492851e+00 5.002501250625357443e-02
1.904952476238118919e+00 4.752376188094054044e-02
1.909954977488743211e+00 4.502251125562839462e-02
1.914957478739369279e+00 4.252126063031536063e-02
1.919959979989995347e+00 4.002001000500232664e-02
1.924962481240619638e+00 3.751875937969018082e-02
1.929964982491245706e+00 3.501750875437714683e-02
1.934967483741869998e+00 3.251625812906500101e-02
1.939969984992496066e+00 3.001500750375196702e-02
1.944972486243122134e+00 2.751375687843893303e-02
1.949974987493746426e+00 2.501250625312678721e-02
1.954977488744372494e+00 2.251125562781375322e-02
1.959979989994996785e+00 2.001000500250160741e-02
1.964982491245622853e+00 1.750875437718857341e-02
1.969984992496247145e+00 1.500750375187642760e-02
1.974987493746873213e+00 1.250625312656339361e-02
1.979989994997499281e+00 1.000500250125035961e-02
1.984992496248123572e+00 7.503751875938213800e-03
1.989994997498749640e+00 5.002501250625179807e-03
1.994997498749373932e+00 2.501250625313033993e-03
2.000000000000000000e+00 0.000000000000000000e+00
