# xi f m=3 c=1.0 xi0=0.0 L2_residual=1.84e-03
-8.500000000000000000e+00 2.581988897471611200e+00
-8.494997498749373932e+00 2.581342996549066626e+00
-8.489994997498749640e+00 2.580696933969420126e+00
-8.484992496248123572e+00 2.580050709611230619e+00
-8.479989994997499281e+00 2.579404323352906481e+00
-8.474987493746873213e+00 2.578757775072702429e+00
-8.469984992496248921e+00 2.578111064648721751e+00
-8.464982491245622853e+00 2.577464191958913631e+00
-8.459979989994996785e+00 2.576817156881074489e+00
-8.454977488744372494e+00 2.576169959292847977e+00
-8.449974987493746426e+00 2.575522599071723207e+00
-8.444972486243122134e+00 2.574875076095035631e+00
-8.439969984992496066e+00 2.574227390239965718e+00
-8.434967483741871774e+00 2.573579541383540281e+00
-8.429964982491245706e+00 2.572931529402631146e+00
-8.424962481240619638e+00 2.572283354173955150e+00
-8.419959979989995347e+00 2.571635015574073257e+00
-8.414957478739369279e+00 2.570986513479390556e+00
-8.409954977488744987e+00 2.570337847766157591e+00
-8.404952476238118919e+00 2.569689018310467254e+00
-8.399949974987494627e+00 2.569040024988256565e+00
-8.394947473736868560e+00 2.568390867675306222e+00
-8.389944972486242492e+00 2.567741546247238826e+00
-8.384942471235618200e+00 2.567092060579521107e+00
-8.379939969984992132e+00 2.566442410547460806e+00
-8.374937468734367840e+00 2.565792596026208905e+00
-8.369934967483741772e+00 2.565142616890756955e+00
-8.364932466233115704e+00 2.564492473015939744e+00
-8.359929964982491413e+00 2.563842164276432189e+00
-8.354927463731865345e+00 2.563191690546750667e+00
-8.349924962481241053e+00 2.562541051701252570e+00
-8.344922461230614985e+00 2.561890247614134086e+00
-8.339919959979990693e+00 2.561239278159434196e+00
-8.334917458729364625e+00 2.560588143211029788e+00
-8.329914957478738557e+00 2.559936842642637878e+00
-8.324912456228114266e+00 2.559285376327815609e+00
-8.319909954977488198e+00 2.558633744139957589e+00
-8.314907453726863906e+00 2.557981945952298997e+00
-8.309904952476237838e+00 2.557329981637911143e+00
-8.304902451225613547e+00 2.556677851069705909e+00
-8.299899949974987479e+00 2.556025554120431309e+00
-8.294897448724361411e+00 2.555373090662674151e+00
-8.289894947473737119e+00 2.554720460568857821e+00
-8.284892446223111051e+00 2.554067663711243164e+00
-8.279889944972486759e+00 2.553414699961927159e+00
-8.274887443721860691e+00 2.552761569192843361e+00
-8.269884942471236400e+00 2.552108271275761897e+00
-8.264882441220610332e+00 2.551454806082288140e+00
-8.259879939969984264e+00 2.550801173483863593e+00
-8.254877438719359972e+00 2.550147373351765001e+00
-8.249874937468733904e+00 2.549493405557103021e+00
-8.244872436218109613e+00 2.548839269970824883e+00
-8.239869934967483545e+00 2.548184966463709511e+00
-8.234867433716859253e+00 2.547530494906372400e+00
-8.229864932466233185e+00 2.546875855169261182e+00
-8.224862431215607117e+00 2.546221047122657843e+00
-8.219859929964982825e+00 2.545566070636677392e+00
-8.214857428714356757e+00 2.544910925581267414e+00
-8.209854927463732466e+00 2.544255611826208519e+00
-8.204852426213106398e+00 2.543600129241112562e+00
-8.199849924962482106e+00 2.542944477695424421e+00
-8.194847423711856038e+00 2.542288657058419776e+00
-8.189844922461229970e+00 2.541632667199206441e+00
-8.184842421210605679e+00 2.540976507986723476e+00
-8.179839919959979611e+00 2.540320179289738967e+00
-8.174837418709355319e+00 2.539663680976854021e+00
-8.169834917458729251e+00 2.539007012916496997e+00
-8.164832416208103183e+00 2.538350174976928386e+00
-8.159829914957478891e+00 2.537693167026236818e+00
-8.154827413706852823e+00 2.537035988932340835e+00
-8.149824912456228532e+00 2.536378640562988007e+00
-8.144822411205602464e+00 2.535721121785753596e+00
-8.139819909954978172e+00 2.535063432468042333e+00
-8.134817408704352104e+00 2.534405572477085311e+00
-8.129814907453726036e+00 2.533747541679942206e+00
-8.124812406203101744e+00 2.533089339943500828e+00
-8.119809904952475677e+00 2.532430967134474464e+00
-8.114807403701851385e+00 2.531772423119404536e+00
-8.109804902451225317e+00 2.531113707764657050e+00
-8.104802401200601025e+00 2.530454820936426152e+00
-8.099799899949974957e+00 2.529795762500730127e+00
-8.094797398699348889e+00 2.529136532323413178e+00
-8.089794897448724598e+00 2.528477130270145423e+00
-8.084792396198098530e+00 2.527817556206420235e+00
-8.079789894947474238e+00 2.527157809997556903e+00
-8.074787393696848170e+00 2.526497891508698412e+00
-8.069784892446223878e+00 2.525837800604811001e+00
-8.064782391195597810e+00 2.525177537150685048e+00
-8.059779889944971742e+00 2.524517101010933295e+00
-8.054777388694347451e+00 2.523856492049993516e+00
-8.049774887443721383e+00 2.523195710132122738e+00
-8.044772386193097091e+00 2.522534755121403016e+00
-8.039769884942471023e+00 2.521873626881736996e+00
-8.034767383691846732e+00 2.521212325276849242e+00
-8.029764882441220664e+00 2.520550850170284907e+00
-8.024762381190594596e+00 2.519889201425411063e+00
-8.019759879939970304e+00 2.519227378905414927e+00
-8.014757378689344236e+00 2.518565382473302972e+00
-8.009754877438719944e+00 2.517903211991903589e+00
-8.004752376188093876e+00 2.517240867323863096e+00
-7.999749874937468697e+00 2.516578348331647952e+00
-7.994747373686843517e+00 2.515915654877542984e+00
-7.989744872436218337e+00 2.515252786823651387e+00
-7.984742371185593157e+00 2.514589744031895613e+00
-7.979739869934967089e+00 2.513926526364015146e+00
-7.974737368684341909e+00 2.513263133681567840e+00
-7.969734867433716730e+00 2.512599565845927696e+00
-7.964732366183091550e+00 2.511935822718286193e+00
-7.959729864932466370e+00 2.511271904159651847e+00
-7.954727363681841190e+00 2.510607810030848430e+00
-7.949724862431216010e+00 2.509943540192516753e+00
-7.944722361180589942e+00 2.509279094505111551e+00
-7.939719859929964763e+00 2.508614472828904596e+00
-7.934717358679339583e+00 2.507949675023981140e+00
-7.929714857428714403e+00 2.507284700950241696e+00
-7.924712356178089223e+00 2.506619550467400259e+00
-7.919709854927464043e+00 2.505954223434985639e+00
-7.914707353676838864e+00 2.505288719712339240e+00
-7.909704852426212796e+00 2.504623039158615949e+00
-7.904702351175587616e+00 2.503957181632783247e+00
-7.899699849924962436e+00 2.503291146993621652e+00
-7.894697348674337256e+00 2.502624935099722503e+00
-7.889694847423712076e+00 2.501958545809490619e+00
-7.884692346173086896e+00 2.501291978981140751e+00
-7.879689844922461717e+00 2.500625234472698910e+00
-7.874687343671835649e+00 2.499958312142002370e+00
-7.869684842421210469e+00 2.499291211846698779e+00
-7.864682341170585289e+00 2.498623933444244827e+00
-7.859679839919960109e+00 2.497956476791907576e+00
-7.854677338669334929e+00 2.497288841746763133e+00
-7.849674837418709750e+00 2.496621028165696643e+00
-7.844672336168083682e+00 2.495953035905400963e+00
-7.839669834917458502e+00 2.495284864822378879e+00
-7.834667333666833322e+00 2.494616514772939997e+00
-7.829664832416208142e+00 2.493947985613199858e+00
-7.824662331165582962e+00 2.493279277199084376e+00
-7.819659829914957783e+00 2.492610389386323178e+00
-7.814657328664331715e+00 2.491941322030454042e+00
-7.809654827413706535e+00 2.491272074986820240e+00
-7.804652326163081355e+00 2.490602648110570527e+00
-7.799649824912456175e+00 2.489933041256659596e+00
-7.794647323661830995e+00 2.489263254279845405e+00
-7.789644822411205816e+00 2.488593287034692736e+00
-7.784642321160580636e+00 2.487923139375569193e+00
-7.779639819909954568e+00 2.487252811156645649e+00
-7.774637318659329388e+00 2.486582302231898023e+00
-7.769634817408704208e+00 2.485911612455104169e+00
-7.764632316158079028e+00 2.485240741679845211e+00
-7.759629814907453849e+00 2.484569689759503319e+00
-7.754627313656828669e+00 2.483898456547264821e+00
-7.749624812406203489e+00 2.483227041896116205e+00
-7.744622311155577421e+00 2.482555445658844562e+00
-7.739619809904952241e+00 2.481883667688039363e+00
-7.734617308654327061e+00 2.481211707836089797e+00
-7.729614807403701882e+00 2.480539565955184322e+00
-7.724612306153076702e+00 2.479867241897312446e+00
-7.719609804902451522e+00 2.479194735514262504e+00
-7.714607303651826342e+00 2.478522046657621214e+00
-7.709604802401200274e+00 2.477849175178774566e+00
-7.704602301150575094e+00 2.477176120928906045e+00
-7.699599799899949915e+00 2.476502883758997964e+00
-7.694597298649324735e+00 2.475829463519828799e+00
-7.689594797398699555e+00 2.475155860061974522e+00
-7.684592296148074375e+00 2.474482073235808155e+00
-7.679589794897449195e+00 2.473808102891497995e+00
-7.674587293646823127e+00 2.473133948879009392e+00
-7.669584792396197948e+00 2.472459611048102079e+00
-7.664582291145572768e+00 2.471785089248331513e+00
-7.659579789894947588e+00 2.471110383329047533e+00
-7.654577288644322408e+00 2.470435493139393923e+00
-7.649574787393697228e+00 2.469760418528309742e+00
-7.644572286143072049e+00 2.469085159344525771e+00
-7.639569784892445981e+00 2.468409715436566287e+00
-7.634567283641820801e+00 2.467734086652749514e+00
-7.629564782391195621e+00 2.467058272841184952e+00
-7.624562281140570441e+00 2.466382273849773821e+00
-7.619559779889945261e+00 2.465706089526209066e+00
-7.614557278639319193e+00 2.465029719717974910e+00
-7.609554777388694013e+00 2.464353164272346852e+00
-7.604552276138068834e+00 2.463676423036389451e+00
-7.599549774887443654e+00 2.462999495856957655e+00
-7.594547273636818474e+00 2.462322382580696800e+00
-7.589544772386193294e+00 2.461645083054039507e+00
-7.584542271135568114e+00 2.460967597123208339e+00
-7.579539769884942046e+00 2.460289924634214032e+00
-7.574537268634316867e+00 2.459612065432855488e+00
-7.569534767383691687e+00 2.458934019364718004e+00
-7.564532266133066507e+00 2.458255786275174604e+00
-7.559529764882441327e+00 2.457577366009385145e+00
-7.554527263631816147e+00 2.456898758412294992e+00
-7.549524762381190968e+00 2.456219963328636346e+00
-7.544522261130564900e+00 2.455540980602925138e+00
-7.539519759879939720e+00 2.454861810079464579e+00
-7.534517258629314540e+00 2.454182451602340720e+00
-7.529514757378689360e+00 2.453502905015424229e+00
-7.524512256128064180e+00 2.452823170162369504e+00
-7.519509754877439001e+00 2.452143246886614225e+00
-7.514507253626813821e+00 2.451463135031378471e+00
-7.509504752376187753e+00 2.450782834439666047e+00
-7.504502251125562573e+00 2.450102344954262268e+00
-7.499499749874937393e+00 2.449421666417733068e+00
-7.494497248624312213e+00 2.448740798672426777e+00
-7.489494747373687034e+00 2.448059741560471902e+00
-7.484492246123061854e+00 2.447378494923777570e+00
-7.479489744872436674e+00 2.446697058604032193e+00
-7.474487243621810606e+00 2.446015432442704807e+00
-7.469484742371185426e+00 2.445333616281042843e+00
-7.464482241120560246e+00 2.444651609960072136e+00
-7.459479739869935067e+00 2.443969413320596917e+00
-7.454477238619309887e+00 2.443287026203199375e+00
-7.449474737368683819e+00 2.442604448448238319e+00
-7.444472236118059527e+00 2.441921679895850517e+00
-7.439469734867433459e+00 2.441238720385948024e+00
-7.434467233616808279e+00 2.440555569758220411e+00
-7.429464732366183100e+00 2.439872227852131203e+00
-7.424462231115557920e+00 2.439188694506919663e+00
-7.419459729864932740e+00 2.438504969561600344e+00
-7.414457228614306672e+00 2.437821052854960868e+00
-7.409454727363682380e+00 2.437136944225564150e+00
-7.404452226113056312e+00 2.436452643511744842e+00
-7.399449724862431133e+00 2.435768150551611999e+00
-7.394447223611805953e+00 2.435083465183045970e+00
-7.389444722361180773e+00 2.434398587243699286e+00
-7.384442221110555593e+00 2.433713516570997548e+00
-7.379439719859929525e+00 2.433028253002134544e+00
-7.374437218609305233e+00 2.432342796374078020e+00
-7.369434717358679165e+00 2.431657146523563462e+00
-7.364432216108053986e+00 2.430971303287097207e+00
-7.359429714857428806e+00 2.430285266500955110e+00
-7.354427213606803626e+00 2.429599036001181211e+00
-7.349424712356178446e+00 2.428912611623588180e+00
-7.344422211105552378e+00 2.428225993203755984e+00
-7.339419709854927198e+00 2.427539180577034106e+00
-7.334417208604302019e+00 2.426852173578536664e+00
-7.329414707353676839e+00 2.426164972043145518e+00
-7.324412206103051659e+00 2.425477575805508934e+00
-7.319409704852426479e+00 2.424789984700039369e+00
-7.314407203601801299e+00 2.424102198560916133e+00
-7.309404702351175231e+00 2.423414217222081835e+00
-7.304402201100550052e+00 2.422726040517245050e+00
-7.299399699849924872e+00 2.422037668279875433e+00
-7.294397198599299692e+00 2.421349100343208605e+00
-7.289394697348674512e+00 2.420660336540241708e+00
-7.284392196098049332e+00 2.419971376703733856e+00
-7.279389694847424153e+00 2.419282220666207461e+00
-7.274387193596798085e+00 2.418592868259944684e+00
-7.269384692346172905e+00 2.417903319316989208e+00
-7.264382191095547725e+00 2.417213573669146243e+00
-7.259379689844922545e+00 2.416523631147979412e+00
-7.254377188594297365e+00 2.415833491584812087e+00
-7.249374687343672186e+00 2.415143154810727832e+00
-7.244372186093047006e+00 2.414452620656566850e+00
-7.239369684842420938e+00 2.413761888952929535e+00
-7.234367183591795758e+00 2.413070959530171589e+00
-7.229364682341170578e+00 2.412379832218407572e+00
-7.224362181090545398e+00 2.411688506847508240e+00
-7.219359679839920219e+00 2.410996983247099212e+00
-7.214357178589294151e+00 2.410305261246563191e+00
-7.209354677338669859e+00 2.409613340675037296e+00
-7.204352176088043791e+00 2.408921221361413068e+00
-7.199349674837418611e+00 2.408228903134336907e+00
-7.194347173586793431e+00 2.407536385822208302e+00
-7.189344672336168252e+00 2.406843669253180273e+00
-7.184342171085543072e+00 2.406150753255157593e+00
-7.179339669834917004e+00 2.405457637655797676e+00
-7.174337168584292712e+00 2.404764322282510580e+00
-7.169334667333666644e+00 2.404070806962455453e+00
-7.164332166083041464e+00 2.403377091522543640e+00
-7.159329664832416285e+00 2.402683175789436021e+00
-7.154327163581791105e+00 2.401989059589543896e+00
-7.149324662331165925e+00 2.401294742749025879e+00
-7.144322161080539857e+00 2.400600225093791007e+00
-7.139319659829914677e+00 2.399905506449495629e+00
-7.134317158579289497e+00 2.399210586641543408e+00
-7.129314657328664318e+00 2.398515465495086207e+00
-7.124312156078039138e+00 2.397820142835020540e+00
-7.119309654827413958e+00 2.397124618485991121e+00
-7.114307153576788778e+00 2.396428892272386868e+00
-7.109304652326162710e+00 2.395732964018341793e+00
-7.104302151075537530e+00 2.395036833547734556e+00
-7.099299649824912350e+00 2.394340500684188022e+00
-7.094297148574287171e+00 2.393643965251068373e+00
-7.089294647323661991e+00 2.392947227071484662e+00
-7.084292146073036811e+00 2.392250285968288370e+00
-7.079289644822411631e+00 2.391553141764072965e+00
-7.074287143571785563e+00 2.390855794281172564e+00
-7.069284642321160383e+00 2.390158243341663269e+00
-7.064282141070535204e+00 2.389460488767360946e+00
-7.059279639819910024e+00 2.388762530379821225e+00
-7.054277138569284844e+00 2.388064368000338611e+00
-7.049274637318659664e+00 2.387366001449946484e+00
-7.044272136068034484e+00 2.386667430549417102e+00
-7.039269634817408416e+00 2.385968655119258930e+00
-7.034267133566783237e+00 2.385269674979719312e+00
-7.029264632316158057e+00 2.384570489950780470e+00
-7.024262131065532877e+00 2.383871099852161723e+00
-7.019259629814907697e+00 2.383171504503317273e+00
-7.014257128564281629e+00 2.382471703723436640e+00
-7.009254627313657338e+00 2.381771697331443338e+00
-7.004252126063031270e+00 2.381071485145994870e+00
-6.999249624812406090e+00 2.380371066985482287e+00
-6.994247123561780910e+00 2.379670442668029295e+00
-6.989244622311155730e+00 2.378969612011490931e+00
-6.984242121060530550e+00 2.378268574833454885e+00
-6.979239619809904482e+00 2.377567330951239732e+00
-6.974237118559280191e+00 2.376865880181894930e+00
-6.969234617308654123e+00 2.376164222342198151e+00
-6.964232116058028943e+00 2.375462357248658396e+00
-6.959229614807403763e+00 2.374760284717512882e+00
-6.954227113556778583e+00 2.374058004564726598e+00
-6.949224612306153404e+00 2.373355516605993198e+00
-6.944222111055527336e+00 2.372652820656732775e+00
-6.939219609804903044e+00 2.371949916532092750e+00
-6.934217108554276976e+00 2.371246804046945211e+00
-6.929214607303651796e+00 2.370543483015888686e+00
-6.924212106053026616e+00 2.369839953253246811e+00
-6.919209604802401437e+00 2.369136214573067001e+00
-6.914207103551776257e+00 2.368432266789120000e+00
-6.909204602301150189e+00 2.367728109714901219e+00
-6.904202101050525009e+00 2.367023743163627181e+00
-6.899199599799899829e+00 2.366319166948237296e+00
-6.894197098549274649e+00 2.365614380881391643e+00
-6.889194597298649470e+00 2.364909384775471413e+00
-6.884192096048024290e+00 2.364204178442578907e+00
-6.879189594797399110e+00 2.363498761694534878e+00
-6.874187093546773042e+00 2.362793134342879409e+00
-6.869184592296147862e+00 2.362087296198871922e+00
-6.864182091045522682e+00 2.361381247073489398e+00
-6.859179589794897502e+00 2.360674986777425488e+00
-6.854177088544272323e+00 2.359968515121090959e+00
-6.849174587293647143e+00 2.359261831914613694e+00
-6.844172086043021963e+00 2.358554936967834692e+00
-6.839169584792395895e+00 2.357847830090312957e+00
-6.834167083541770715e+00 2.357140511091319279e+00
-6.829164582291145535e+00 2.356432979779840231e+00
-6.824162081040520356e+00 2.355725235964573727e+00
-6.819159579789895176e+00 2.355017279453931245e+00
-6.814157078539269996e+00 2.354309110056036491e+00
-6.809154577288644816e+00 2.353600727578723184e+00
-6.804152076038018748e+00 2.352892131829537270e+00
-6.799149574787393568e+00 2.352183322615734262e+00
-6.794147073536768389e+00 2.351474299744278795e+00
-6.789144572286143209e+00 2.350765063021844181e+00
-6.784142071035518029e+00 2.350055612254813298e+00
-6.779139569784891961e+00 2.349345947249275035e+00
-6.774137068534267669e+00 2.348636067811027406e+00
-6.769134567283641601e+00 2.347925973745572215e+00
-6.764132066033016422e+00 2.347215664858119499e+00
-6.759129564782391242e+00 2.346505140953583091e+00
-6.754127063531766062e+00 2.345794401836581056e+00
-6.749124562281140882e+00 2.345083447311437030e+00
-6.744122061030514814e+00 2.344372277182176223e+00
-6.739119559779890523e+00 2.343660891252527634e+00
-6.734117058529264455e+00 2.342949289325921836e+00
-6.729114557278639275e+00 2.342237471205490973e+00
-6.724112056028014095e+00 2.341525436694067430e+00
-6.719109554777388915e+00 2.340813185594184276e+00
-6.714107053526763735e+00 2.340100717708073930e+00
-6.709104552276137667e+00 2.339388032837667275e+00
-6.704102051025512488e+00 2.338675130784594991e+00
-6.699099549774887308e+00 2.337962011350182667e+00
-6.694097048524262128e+00 2.337248674335454801e+00
-6.689094547273636948e+00 2.336535119541131689e+00
-6.684092046023011768e+00 2.335821346767628981e+00
-6.679089544772386589e+00 2.335107355815057684e+00
-6.674087043521760521e+00 2.334393146483222381e+00
-6.669084542271135341e+00 2.333678718571622568e+00
-6.664082041020510161e+00 2.332964071879449097e+00
-6.659079539769884981e+00 2.332249206205586844e+00
-6.654077038519259801e+00 2.331534121348611155e+00
-6.649074537268634622e+00 2.330818817106788732e+00
-6.644072036018009442e+00 2.330103293278076748e+00
-6.639069534767383374e+00 2.329387549660122403e+00
-6.634067033516758194e+00 2.328671586050261144e+00
-6.629064532266133014e+00 2.327955402245517114e+00
-6.624062031015507834e+00 2.327238998042602702e+00
-6.619059529764882654e+00 2.326522373237916774e+00
-6.614057028514257475e+00 2.325805527627543778e+00
-6.609054527263632295e+00 2.325088461007255525e+00
-6.604052026013006227e+00 2.324371173172507188e+00
-6.599049524762381047e+00 2.323653663918439527e+00
-6.594047023511755867e+00 2.322935933039875334e+00
-6.589044522261130687e+00 2.322217980331322540e+00
-6.584042021010505508e+00 2.321499805586969334e+00
-6.579039519759879440e+00 2.320781408600686380e+00
-6.574037018509255148e+00 2.320062789166025041e+00
-6.569034517258629080e+00 2.319343947076216939e+00
-6.564032016008003900e+00 2.318624882124173059e+00
-6.559029514757378720e+00 2.317905594102483313e+00
-6.554027013506753541e+00 2.317186082803415204e+00
-6.549024512256128361e+00 2.316466348018914267e+00
-6.544022011005502293e+00 2.315746389540602301e+00
-6.539019509754878001e+00 2.315026207159777361e+00
-6.534017008504251933e+00 2.314305800667412871e+00
-6.529014507253626753e+00 2.313585169854156298e+00
-6.524012006003001574e+00 2.312864314510329145e+00
-6.519009504752376394e+00 2.312143234425926508e+00
-6.514007003501751214e+00 2.311421929390615304e+00
-6.509004502251125146e+00 2.310700399193734267e+00
-6.504002001000500854e+00 2.309978643624293948e+00
-6.498999499749874786e+00 2.309256662470974053e+00
-6.493996998499249607e+00 2.308534455522124773e+00
-6.488994497248624427e+00 2.307812022565764121e+00
-6.483991995997999247e+00 2.307089363389578818e+00
-6.478989494747374067e+00 2.306366477780923407e+00
-6.473986993496747999e+00 2.305643365526818034e+00
-6.468984492246123708e+00 2.304920026413949774e+00
-6.463981990995497640e+00 2.304196460228669530e+00
-6.458979489744872460e+00 2.303472666756994691e+00
-6.453976988494247280e+00 2.302748645784604697e+00
-6.448974487243621212e+00 2.302024397096842367e+00
-6.443971985992996920e+00 2.301299920478713013e+00
-6.438969484742370852e+00 2.300575215714883104e+00
-6.433966983491746561e+00 2.299850282589679829e+00
-6.428964482241120493e+00 2.299125120887090645e+00
-6.423961980990495313e+00 2.298399730390762397e+00
-6.418959479739870133e+00 2.297674110883999976e+00
-6.413956978489244065e+00 2.296948262149765885e+00
-6.408954477238619774e+00 2.296222183970680231e+00
-6.403951975987993706e+00 2.295495876129018065e+00
-6.398949474737368526e+00 2.294769338406712045e+00
-6.393946973486743346e+00 2.294042570585347551e+00
-6.388944472236118166e+00 2.293315572446164463e+00
-6.383941970985492986e+00 2.292588343770055825e+00
-6.378939469734866918e+00 2.291860884337567406e+00
-6.373936968484242627e+00 2.291133193928896805e+00
-6.368934467233616559e+00 2.290405272323891239e+00
-6.363931965982991379e+00 2.289677119302048425e+00
-6.358929464732366199e+00 2.288948734642516580e+00
-6.353926963481741019e+00 2.288220118124090430e+00
-6.348924462231115839e+00 2.287491269525214310e+00
-6.343921960980489771e+00 2.286762188623978176e+00
-6.338919459729865480e+00 2.286032875198118486e+00
-6.333916958479239412e+00 2.285303329025017316e+00
-6.328914457228614232e+00 2.284573549881700583e+00
-6.323911955977989052e+00 2.283843537544839375e+00
-6.318909454727363872e+00 2.283113291790745958e+00
-6.313906953476738693e+00 2.282382812395375993e+00
-6.308904452226112625e+00 2.281652099134325429e+00
-6.303901950975488333e+00 2.280921151782833167e+00
-6.298899449724862265e+00 2.280189970115773956e+00
-6.293896948474237085e+00 2.279458553907665053e+00
-6.288894447223611905e+00 2.278726902932660447e+00
-6.283891945972986726e+00 2.277995016964550867e+00
-6.278889444722361546e+00 2.277262895776764218e+00
-6.273886943471735478e+00 2.276530539142364251e+00
-6.268884442221111186e+00 2.275797946834049235e+00
-6.263881940970485118e+00 2.275065118624151062e+00
-6.258879439719859938e+00 2.274332054284636140e+00
-6.253876938469234759e+00 2.273598753587101839e+00
-6.248874437218609579e+00 2.272865216302777824e+00
-6.243871935967984399e+00 2.272131442202524276e+00
-6.238869434717358331e+00 2.271397431056831007e+00
-6.233866933466734039e+00 2.270663182635817900e+00
-6.228864432216107971e+00 2.269928696709231808e+00
-6.223861930965482792e+00 2.269193973046447432e+00
-6.218859429714857612e+00 2.268459011416466442e+00
-6.213856928464231544e+00 2.267723811587914806e+00
-6.208854427213607252e+00 2.266988373329045459e+00
-6.203851925962981184e+00 2.266252696407732969e+00
-6.198849424712356893e+00 2.265516780591477097e+00
-6.193846923461730825e+00 2.264780625647398349e+00
-6.188844422211105645e+00 2.264044231342238866e+00
-6.183841920960480465e+00 2.263307597442362873e+00
-6.178839419709854397e+00 2.262570723713751342e+00
-6.173836918459230105e+00 2.261833609922007327e+00
-6.168834417208604037e+00 2.261096255832349300e+00
-6.163831915957978858e+00 2.260358661209614262e+00
-6.158829414707353678e+00 2.259620825818254186e+00
-6.153826913456728498e+00 2.258882749422337355e+00
-6.148824412206103318e+00 2.258144431785546580e+00
-6.143821910955477250e+00 2.257405872671176983e+00
-6.138819409704852958e+00 2.256667071842137773e+00
-6.133816908454226891e+00 2.255928029060948692e+00
-6.128814407203601711e+00 2.255188744089741792e+00
-6.123811905952976531e+00 2.254449216690257884e+00
-6.118809404702351351e+00 2.253709446623846979e+00
-6.113806903451726171e+00 2.252969433651468290e+00
-6.108804402201100103e+00 2.252229177533686677e+00
-6.103801900950475812e+00 2.251488678030674873e+00
-6.098799399699849744e+00 2.250747934902210812e+00
-6.093796898449224564e+00 2.250006947907676302e+00
-6.088794397198599384e+00 2.249265716806057025e+00
-6.083791895947974204e+00 2.248524241355942088e+00
-6.078789394697349024e+00 2.247782521315522253e+00
-6.073786893446722956e+00 2.247040556442587711e+00
-6.068784392196098665e+00 2.246298346494531195e+00
-6.063781890945472597e+00 2.245555891228342205e+00
-6.058779389694847417e+00 2.244813190400609670e+00
-6.053776888444222237e+00 2.244070243767519734e+00
-6.048774387193597057e+00 2.243327051084853530e+00
-6.043771885942971878e+00 2.242583612107988955e+00
-6.038769384692345810e+00 2.241839926591897125e+00
-6.033766883441721518e+00 2.241095994291144589e+00
-6.028764382191095450e+00 2.240351814959887555e+00
-6.023761880940470270e+00 2.239607388351876338e+00
-6.018759379689845090e+00 2.238862714220450467e+00
-6.013756878439219022e+00 2.238117792318539578e+00
-6.008754377188594731e+00 2.237372622398661193e+00
-6.003751875937968663e+00 2.236627204212922049e+00
-5.998749374687344371e+00 2.235881537513014550e+00
-5.993746873436718303e+00 2.235135622050217208e+00
-5.988744372186093123e+00 2.234389457575393756e+00
-5.983741870935467944e+00 2.233643043838990927e+00
-5.978739369684841876e+00 2.232896380591038898e+00
-5.973736868434217584e+00 2.232149467581149960e+00
-5.968734367183591516e+00 2.231402304558517180e+00
-5.963731865932966336e+00 2.230654891271913076e+00
-5.958729364682341156e+00 2.229907227469690056e+00
-5.953726863431715977e+00 2.229159312899778200e+00
-5.948724362181090797e+00 2.228411147309683482e+00
-5.943721860930464729e+00 2.227662730446489547e+00
-5.938719359679840437e+00 2.226914062056854604e+00
-5.933716858429214369e+00 2.226165141887009646e+00
-5.928714357178589189e+00 2.225415969682760231e+00
-5.923711855927964010e+00 2.224666545189482925e+00
-5.918709354677338830e+00 2.223916868152125748e+00
-5.913706853426713650e+00 2.223166938315206398e+00
-5.908704352176087582e+00 2.222416755422811807e+00
-5.903701850925463290e+00 2.221666319218596808e+00
-5.898699349674837222e+00 2.220915629445782802e+00
-5.893696848424212043e+00 2.220164685847157759e+00
-5.888694347173586863e+00 2.219413488165073112e+00
-5.883691845922961683e+00 2.218662036141445970e+00
-5.878689344672336503e+00 2.217910329517755130e+00
-5.873686843421710435e+00 2.217158368035041072e+00
-5.868684342171086143e+00 2.216406151433905514e+00
-5.863681840920460075e+00 2.215653679454509639e+00
-5.858679339669834896e+00 2.214900951836572762e+00
-5.853676838419209716e+00 2.214147968319372772e+00
-5.848674337168584536e+00 2.213394728641743026e+00
-5.843671835917959356e+00 2.212641232542073677e+00
-5.838669334667333288e+00 2.211887479758307240e+00
-5.833666833416708997e+00 2.211133470027941694e+00
-5.828664332166082929e+00 2.210379203088025601e+00
-5.823661830915457749e+00 2.209624678675160325e+00
-5.818659329664832569e+00 2.208869896525495591e+00
-5.813656828414207389e+00 2.208114856374732149e+00
-5.808654327163582209e+00 2.207359557958117335e+00
-5.803651825912956141e+00 2.206604001010445071e+00
-5.798649324662331850e+00 2.205848185266056305e+00
-5.793646823411705782e+00 2.205092110458835908e+00
-5.788644322161080602e+00 2.204335776322213114e+00
-5.783641820910455422e+00 2.203579182589158414e+00
-5.778639319659829354e+00 2.202822328992184442e+00
-5.773636818409205063e+00 2.202065215263345532e+00
-5.768634317158578995e+00 2.201307841134231946e+00
-5.763631815907954703e+00 2.200550206335975201e+00
-5.758629314657328635e+00 2.199792310599241851e+00
-5.753626813406703455e+00 2.199034153654236157e+00
-5.748624312156078275e+00 2.198275735230694750e+00
-5.743621810905452207e+00 2.197517055057889745e+00
-5.738619309654827916e+00 2.196758112864625634e+00
-5.733616808404201848e+00 2.195998908379237058e+00
-5.728614307153576668e+00 2.195239441329590147e+00
-5.723611805902951488e+00 2.194479711443079406e+00
-5.718609304652326308e+00 2.193719718446627720e+00
-5.713606803401701129e+00 2.192959462066684129e+00
-5.708604302151075061e+00 2.192198942029224273e+00
-5.703601800900450769e+00 2.191438158059747732e+00
-5.698599299649824701e+00 2.190677109883277573e+00
-5.693596798399199521e+00 2.189915797224359029e+00
-5.688594297148574341e+00 2.189154219807058155e+00
-5.683591795897949162e+00 2.188392377354961393e+00
-5.678589294647323982e+00 2.187630269591172905e+00
-5.673586793396697914e+00 2.186867896238315900e+00
-5.668584292146073622e+00 2.186105257018529091e+00
-5.663581790895447554e+00 2.185342351653465354e+00
-5.658579289644822374e+00 2.184579179864293064e+00
-5.653576788394197195e+00 2.183815741371692987e+00
-5.648574287143572015e+00 2.183052035895857390e+00
-5.643571785892946835e+00 2.182288063156488267e+00
-5.638569284642320767e+00 2.181523822872797780e+00
-5.633566783391696475e+00 2.180759314763506485e+00
-5.628564282141070407e+00 2.179994538546839333e+00
-5.623561780890445227e+00 2.179229493940529672e+00
-5.618559279639820048e+00 2.178464180661813465e+00
-5.613556778389194868e+00 2.177698598427430632e+00
-5.608554277138569688e+00 2.176932746953622821e+00
-5.603551775887943620e+00 2.176166625956132084e+00
-5.598549274637319328e+00 2.175400235150199979e+00
-5.593546773386693260e+00 2.174633574250566692e+00
-5.588544272136068081e+00 2.173866642971469254e+00
-5.583541770885442901e+00 2.173099441026639767e+00
-5.578539269634816833e+00 2.172331968129305846e+00
-5.573536768384192541e+00 2.171564223992187959e+00
-5.568534267133566473e+00 2.170796208327498533e+00
-5.563531765882942182e+00 2.170027920846940184e+00
-5.558529264632316114e+00 2.169259361261705710e+00
-5.553526763381690934e+00 2.168490529282476320e+00
-5.548524262131065754e+00 2.167721424619418968e+00
-5.543521760880439686e+00 2.166952046982187685e+00
-5.538519259629815394e+00 2.166182396079920025e+00
-5.533516758379189326e+00 2.165412471621236623e+00
-5.528514257128564147e+00 2.164642273314240306e+00
-5.523511755877938967e+00 2.163871800866514317e+00
-5.518509254627313787e+00 2.163101053985120981e+00
-5.513506753376688607e+00 2.162330032376600819e+00
-5.508504252126062539e+00 2.161558735746970328e+00
-5.503501750875438248e+00 2.160787163801722421e+00
-5.498499249624812180e+00 2.160015316245822437e+00
-5.493496748374187000e+00 2.159243192783710352e+00
-5.488494247123561820e+00 2.158470793119295461e+00
-5.483491745872936640e+00 2.157698116955958589e+00
-5.478489244622311460e+00 2.156925163996548989e+00
-5.473486743371685392e+00 2.156151933943383003e+00
-5.468484242121061101e+00 2.155378426498242739e+00
-5.463481740870435033e+00 2.154604641362375173e+00
-5.458479239619809853e+00 2.153830578236491711e+00
-5.453476738369184673e+00 2.153056236820764191e+00
-5.448474237118559493e+00 2.152281616814825327e+00
-5.443471735867934314e+00 2.151506717917768707e+00
-5.438469234617308246e+00 2.150731539828143912e+00
-5.433466733366683954e+00 2.149956082243957844e+00
-5.428464232116057886e+00 2.149180344862672953e+00
-5.423461730865432706e+00 2.148404327381205015e+00
-5.418459229614807526e+00 2.147628029495922242e+00
-5.413456728364182347e+00 2.146851450902643954e+00
-5.408454227113557167e+00 2.146074591296639245e+00
-5.403451725862931099e+00 2.145297450372625203e+00
-5.398449224612306807e+00 2.144520027824766473e+00
-5.393446723361680739e+00 2.143742323346671697e+00
-5.388444222111055559e+00 2.142964336631395295e+00
-5.383441720860430380e+00 2.142186067371433467e+00
-5.378439219609805200e+00 2.141407515258722416e+00
-5.373436718359180020e+00 2.140628679984641014e+00
-5.368434217108553952e+00 2.139849561240003695e+00
-5.363431715857929660e+00 2.139070158715063119e+00
-5.358429214607303592e+00 2.138290472099507511e+00
-5.353426713356678412e+00 2.137510501082458880e+00
-5.348424212106053233e+00 2.136730245352472135e+00
-5.343421710855427165e+00 2.135949704597531973e+00
-5.338419209604802873e+00 2.135168878505055101e+00
-5.333416708354176805e+00 2.134387766761884464e+00
-5.328414207103552513e+00 2.133606369054290575e+00
-5.323411705852926445e+00 2.132824685067969739e+00
-5.318409204602301266e+00 2.132042714488040946e+00
-5.313406703351676086e+00 2.131260456999046315e+00
-5.308404202101050018e+00 2.130477912284948427e+00
-5.303401700850425726e+00 2.129695080029130327e+00
-5.298399199599799658e+00 2.128911959914390639e+00
-5.293396698349174478e+00 2.128128551622947118e+00
-5.288394197098549299e+00 2.127344854836429988e+00
-5.283391695847924119e+00 2.126560869235885054e+00
-5.278389194597298939e+00 2.125776594501767480e+00
-5.273386693346672871e+00 2.124992030313944902e+00
-5.268384192096048579e+00 2.124207176351692983e+00
-5.263381690845422511e+00 2.123422032293694084e+00
-5.258379189594797332e+00 2.122636597818037263e+00
-5.253376688344172152e+00 2.121850872602214721e+00
-5.248374187093546972e+00 2.121064856323123138e+00
-5.243371685842921792e+00 2.120278548657058337e+00
-5.238369184592295724e+00 2.119491949279716181e+00
-5.233366683341671433e+00 2.118705057866191233e+00
-5.228364182091045365e+00 2.117917874090973651e+00
-5.223361680840420185e+00 2.117130397627949634e+00
-5.218359179589795005e+00 2.116342628150396976e+00
-5.213356678339169825e+00 2.115554565330986403e+00
-5.208354177088544645e+00 2.114766208841778905e+00
-5.203351675837918577e+00 2.113977558354222186e+00
-5.198349174587294286e+00 2.113188613539153327e+00
-5.193346673336668218e+00 2.112399374066793012e+00
-5.188344172086043038e+00 2.111609839606746419e+00
-5.183341670835417858e+00 2.110820009828000110e+00
-5.178339169584792678e+00 2.110029884398922029e+00
-5.173336668334167499e+00 2.109239462987258396e+00
-5.168334167083541431e+00 2.108448745260132817e+00
-5.163331665832917139e+00 2.107657730884044067e+00
-5.158329164582291071e+00 2.106866419524865641e+00
-5.153326663331665891e+00 2.106074810847843093e+00
-5.148324162081040711e+00 2.105282904517591369e+00
-5.143321660830414643e+00 2.104490700198097031e+00
-5.138319159579790352e+00 2.103698197552711591e+00
-5.133316658329164284e+00 2.102905396244152403e+00
-5.128314157078539992e+00 2.102112295934502662e+00
-5.123311655827913924e+00 2.101318896285205629e+00
-5.118309154577288744e+00 2.100525196957067298e+00
-5.113306653326663564e+00 2.099731197610250177e+00
-5.108304152076037496e+00 2.098936897904275956e+00
-5.103301650825413205e+00 2.098142297498021502e+00
-5.098299149574787137e+00 2.097347396049716206e+00
-5.093296648324161957e+00 2.096552193216942861e+00
-5.088294147073536777e+00 2.095756688656635003e+00
-5.083291645822911597e+00 2.094960882025073801e+00
-5.078289144572286418e+00 2.094164772977886724e+00
-5.073286643321660350e+00 2.093368361170047987e+00
-5.068284142071036058e+00 2.092571646255875439e+00
-5.063281640820409990e+00 2.091774627889026128e+00
-5.058279139569784810e+00 2.090977305722499402e+00
-5.053276638319159630e+00 2.090179679408632474e+00
-5.048274137068534451e+00 2.089381748599097754e+00
-5.043271635817909271e+00 2.088583512944903298e+00
-5.038269134567283203e+00 2.087784972096389247e+00
-5.033266633316658911e+00 2.086986125703228723e+00
-5.028264132066032843e+00 2.086186973414421164e+00
-5.023261630815407663e+00 2.085387514878294990e+00
-5.018259129564782484e+00 2.084587749742505380e+00
-5.013256628314157304e+00 2.083787677654028947e+00
-5.008254127063532124e+00 2.082987298259166398e+00
-5.003251625812906056e+00 2.082186611203537208e+00
-4.998249124562281764e+00 2.081385616132080507e+00
-4.993246623311655696e+00 2.080584312689051085e+00
-4.988244122061030517e+00 2.079782700518018057e+00
-4.983241620810405337e+00 2.078980779261864420e+00
-4.978239119559780157e+00 2.078178548562783945e+00
-4.973236618309154977e+00 2.077376008062278956e+00
-4.968234117058528909e+00 2.076573157401158998e+00
-4.963231615807904618e+00 2.075769996219539948e+00
-4.958229114557278550e+00 2.074966524156840020e+00
-4.953226613306653370e+00 2.074162740851780207e+00
-4.948224112056028190e+00 2.073358645942379841e+00
-4.943221610805403010e+00 2.072554239065957038e+00
-4.938219109554777830e+00 2.071749519859125588e+00
-4.933216608304151762e+00 2.070944487957793623e+00
-4.928214107053527471e+00 2.070139142997160508e+00
-4.923211605802901403e+00 2.069333484611715956e+00
-4.918209104552276223e+00 2.068527512435238691e+00
-4.913206603301651043e+00 2.067721226100792897e+00
-4.908204102051024975e+00 2.066914625240727332e+00
-4.903201600800400684e+00 2.066107709486673105e+00
-4.898199099549774616e+00 2.065300478469541012e+00
-4.893196598299150324e+00 2.064492931819522425e+00
-4.888194097048524256e+00 2.063685069166081743e+00
-4.883191595797899076e+00 2.062876890137961272e+00
-4.878189094547273896e+00 2.062068394363173240e+00
-4.873186593296647828e+00 2.061259581469002011e+00
-4.868184092046023537e+00 2.060450451081999645e+00
-4.863181590795397469e+00 2.059641002827984124e+00
-4.858179089544772289e+00 2.058831236332039349e+00
-4.853176588294147109e+00 2.058021151218510703e+00
-4.848174087043521929e+00 2.057210747111003712e+00
-4.843171585792896749e+00 2.056400023632382723e+00
-4.838169084542270681e+00 2.055588980404767785e+00
-4.833166583291646390e+00 2.054777617049534655e+00
-4.828164082041020322e+00 2.053965933187309023e+00
-4.823161580790395142e+00 2.053153928437968734e+00
-4.818159079539769962e+00 2.052341602420638456e+00
-4.813156578289144782e+00 2.051528954753688794e+00
-4.808154077038519603e+00 2.050715985054734958e+00
-4.803151575787893535e+00 2.049902692940633653e+00
-4.798149074537269243e+00 2.049089078027480859e+00
-4.793146573286643175e+00 2.048275139930610500e+00
-4.788144072036017995e+00 2.047460878264591333e+00
-4.783141570785392815e+00 2.046646292643226062e+00
-4.778139069534767636e+00 2.045831382679547783e+00
-4.773136568284142456e+00 2.045016147985819988e+00
-4.768134067033516388e+00 2.044200588173531230e+00
-4.763131565782892096e+00 2.043384702853396018e+00
-4.758129064532266028e+00 2.042568491635350370e+00
-4.753126563281640848e+00 2.041751954128551816e+00
-4.748124062031015669e+00 2.040935089941375402e+00
-4.743121560780390489e+00 2.040117898681411912e+00
-4.738119059529765309e+00 2.039300379955466536e+00
-4.733116558279139241e+00 2.038482533369554872e+00
-4.728114057028514949e+00 2.037664358528903819e+00
-4.723111555777888881e+00 2.036845855037945352e+00
-4.718109054527263702e+00 2.036027022500317418e+00
-4.713106553276638522e+00 2.035207860518860823e+00
-4.708104052026012454e+00 2.034388368695615679e+00
-4.703101550775388162e+00 2.033568546631821405e+00
-4.698099049524762094e+00 2.032748393927912289e+00
-4.693096548274137803e+00 2.031927910183517927e+00
-4.688094047023511735e+00 2.031107094997456564e+00
-4.683091545772886555e+00 2.030285947967738203e+00
-4.678089044522261375e+00 2.029464468691557943e+00
-4.673086543271635307e+00 2.028642656765295538e+00
-4.668084042021011015e+00 2.027820511784513613e+00
-4.663081540770384947e+00 2.026998033343953676e+00
-4.658079039519759768e+00 2.026175221037535668e+00
-4.653076538269134588e+00 2.025352074458353524e+00
-4.648074037018509408e+00 2.024528593198675175e+00
-4.643071535767884228e+00 2.023704776849937659e+00
-4.638069034517258160e+00 2.022880625002747124e+00
-4.633066533266633868e+00 2.022056137246875718e+00
-4.628064032016007801e+00 2.021231313171257149e+00
-4.623061530765382621e+00 2.020406152363988017e+00
-4.618059029514757441e+00 2.019580654412322485e+00
-4.613056528264132261e+00 2.018754818902670500e+00
-4.608054027013507081e+00 2.017928645420596911e+00
-4.603051525762881013e+00 2.017102133550816134e+00
-4.598049024512256722e+00 2.016275282877193042e+00
-4.593046523261630654e+00 2.015448092982737638e+00
-4.588044022011005474e+00 2.014620563449605051e+00
-4.583041520760380294e+00 2.013792693859090654e+00
-4.578039019509755114e+00 2.012964483791630066e+00
-4.573036518259129934e+00 2.012135932826794260e+00
-4.568034017008503866e+00 2.011307040543288682e+00
-4.563031515757879575e+00 2.010477806518951027e+00
-4.558029014507253507e+00 2.009648230330746799e+00
-4.553026513256628327e+00 2.008818311554768865e+00
-4.548024012006003147e+00 2.007988049766233463e+00
-4.543021510755377967e+00 2.007157444539478863e+00
-4.538019009504752788e+00 2.006326495447962266e+00
-4.533016508254126720e+00 2.005495202064256244e+00
-4.528014007003502428e+00 2.004663563960047856e+00
-4.523011505752876360e+00 2.003831580706135540e+00
-4.518009004502251180e+00 2.002999251872426445e+00
-4.513006503251626000e+00 2.002166577027932881e+00
-4.508004002001000821e+00 2.001333555740771430e+00
-4.503001500750375641e+00 2.000500187578159395e+00
-4.497998999499749573e+00 1.999666472106411019e+00
-4.492996498249124393e+00 1.998832408890937939e+00
-4.487993996998499213e+00 1.997997997496243627e+00
-4.482991495747874033e+00 1.997163237485922060e+00
-4.477988994497248854e+00 1.996328128422654613e+00
-4.472986493246623674e+00 1.995492669868208058e+00
-4.467983991995998494e+00 1.994656861383430790e+00
-4.462981490745372426e+00 1.993820702528251054e+00
-4.457978989494747246e+00 1.992984192861674053e+00
-4.452976488244122066e+00 1.992147331941778843e+00
-4.447973986993496887e+00 1.991310119325716110e+00
-4.442971485742871707e+00 1.990472554569705066e+00
-4.437968984492246527e+00 1.989634637229031000e+00
-4.432966483241621347e+00 1.988796366858041953e+00
-4.427963981990995279e+00 1.987957743010146716e+00
-4.422961480740370099e+00 1.987118765237811946e+00
-4.417958979489744920e+00 1.986279433092558611e+00
-4.412956478239119740e+00 1.985439746124960214e+00
-4.407953976988494560e+00 1.984599703884638799e+00
-4.402951475737869380e+00 1.983759305920263616e+00
-4.397948974487243312e+00 1.982918551779546901e+00
-4.392946473236618132e+00 1.982077441009242103e+00
-4.387943971985992953e+00 1.981235973155140107e+00
-4.382941470735367773e+00 1.980394147762067236e+00
-4.377938969484742593e+00 1.979551964373881923e+00
-4.372936468234117413e+00 1.978709422533471596e+00
-4.367933966983492233e+00 1.977866521782750242e+00
-4.362931465732866165e+00 1.977023261662655296e+00
-4.357928964482240985e+00 1.976179641713144974e+00
-4.352926463231615806e+00 1.975335661473194726e+00
-4.347923961980990626e+00 1.974491320480795009e+00
-4.342921460730365446e+00 1.973646618272947961e+00
-4.337918959479740266e+00 1.972801554385664291e+00
-4.332916458229115086e+00 1.971956128353960835e+00
-4.327913956978489018e+00 1.971110339711857007e+00
-4.322911455727863839e+00 1.970264187992372351e+00
-4.317908954477238659e+00 1.969417672727522772e+00
-4.312906453226613479e+00 1.968570793448318534e+00
-4.307903951975988299e+00 1.967723549684760043e+00
-4.302901450725363119e+00 1.966875940965835845e+00
-4.297898949474737051e+00 1.966027966819518857e+00
-4.292896448224111872e+00 1.965179626772764143e+00
-4.287893946973486692e+00 1.964330920351505139e+00
-4.282891445722861512e+00 1.963481847080649878e+00
-4.277888944472236332e+00 1.962632406484079883e+00
-4.272886443221611152e+00 1.961782598084645279e+00
-4.267883941970985973e+00 1.960932421404162129e+00
-4.262881440720359905e+00 1.960081875963409770e+00
-4.257878939469734725e+00 1.959230961282127481e+00
-4.252876438219109545e+00 1.958379676879010933e+00
-4.247873936968484365e+00 1.957528022271709300e+00
-4.242871435717859185e+00 1.956675996976821708e+00
-4.237868934467234006e+00 1.955823600509895011e+00
-4.232866433216608826e+00 1.954970832385419355e+00
-4.227863931965982758e+00 1.954117692116825511e+00
-4.222861430715357578e+00 1.953264179216482210e+00
-4.217858929464732398e+00 1.952410293195692148e+00
-4.212856428214107218e+00 1.951556033564687986e+00
-4.207853926963482039e+00 1.950701399832631466e+00
-4.202851425712856859e+00 1.949846391507607413e+00
-4.197848924462231679e+00 1.948991008096622179e+00
-4.192846423211605611e+00 1.948135249105599653e+00
-4.187843921960980431e+00 1.947279114039378367e+00
-4.182841420710355251e+00 1.946422602401707946e+00
-4.177838919459730072e+00 1.945565713695244670e+00
-4.172836418209104892e+00 1.944708447421550135e+00
-4.167833916958479712e+00 1.943850803081086820e+00
-4.162831415707853644e+00 1.942992780173214085e+00
-4.157828914457228464e+00 1.942134378196185951e+00
-4.152826413206603284e+00 1.941275596647146662e+00
-4.147823911955978105e+00 1.940416435022128239e+00
-4.142821410705352925e+00 1.939556892816046041e+00
-4.137818909454727745e+00 1.938696969522695879e+00
-4.132816408204102565e+00 1.937836664634750683e+00
-4.127813906953476497e+00 1.936975977643756064e+00
-4.122811405702851317e+00 1.936114908040128091e+00
-4.117808904452226137e+00 1.935253455313149296e+00
-4.112806403201600958e+00 1.934391618950964675e+00
-4.107803901950975778e+00 1.933529398440578140e+00
-4.102801400700350598e+00 1.932666793267849847e+00
-4.097798899449725418e+00 1.931803802917491764e+00
-4.092796398199099350e+00 1.930940426873064553e+00
-4.087793896948474170e+00 1.930076664616973803e+00
-4.082791395697848991e+00 1.929212515630466251e+00
-4.077788894447223811e+00 1.928347979393626677e+00
-4.072786393196598631e+00 1.927483055385372790e+00
-4.067783891945973451e+00 1.926617743083453904e+00
-4.062781390695347383e+00 1.925752041964445382e+00
-4.057778889444722203e+00 1.924885951503745973e+00
-4.052776388194097024e+00 1.924019471175572926e+00
-4.047773886943471844e+00 1.923152600452959549e+00
-4.042771385692846664e+00 1.922285338807751209e+00
-4.037768884442221484e+00 1.921417685710600676e+00
-4.032766383191596304e+00 1.920549640630965449e+00
-4.027763881940970236e+00 1.919681203037103101e+00
-4.022761380690345057e+00 1.918812372396068833e+00
-4.017758879439719877e+00 1.917943148173709478e+00
-4.012756378189094697e+00 1.917073529834661727e+00
-4.007753876938469517e+00 1.916203516842347243e+00
-4.002751375687844337e+00 1.915333108658968886e+00
-3.997748874437219158e+00 1.914462304745507160e+00
-3.992746373186593090e+00 1.913591104561715994e+00
-3.987743871935967910e+00 1.912719507566119415e+00
-3.982741370685342730e+00 1.911847513216006655e+00
-3.977738869434717550e+00 1.910975120967428609e+00
-3.972736368184092370e+00 1.910102330275194493e+00
-3.967733866933467191e+00 1.909229140592867191e+00
-3.962731365682841123e+00 1.908355551372759029e+00
-3.957728864432215943e+00 1.907481562065929115e+00
-3.952726363181590763e+00 1.906607172122177563e+00
-3.947723861930965583e+00 1.905732380990042607e+00
-3.942721360680340403e+00 1.904857188116795941e+00
-3.937718859429715224e+00 1.903981592948439383e+00
-3.932716358179090044e+00 1.903105594929699773e+00
-3.927713856928463976e+00 1.902229193504025639e+00
-3.922711355677838796e+00 1.901352388113583203e+00
-3.917708854427213616e+00 1.900475178199251269e+00
-3.912706353176588436e+00 1.899597563200617900e+00
-3.907703851925963257e+00 1.898719542555976192e+00
-3.902701350675338077e+00 1.897841115702319614e+00
-3.897698849424712897e+00 1.896962282075338235e+00
-3.892696348174086829e+00 1.896083041109414280e+00
-3.887693846923461649e+00 1.895203392237617912e+00
-3.882691345672836469e+00 1.894323334891703237e+00
-3.877688844422211289e+00 1.893442868502103416e+00
-3.872686343171586110e+00 1.892561992497927115e+00
-3.867683841920960930e+00 1.891680706306953397e+00
-3.862681340670334862e+00 1.890799009355627724e+00
-3.857678839419709682e+00 1.889916901069058408e+00
-3.852676338169084502e+00 1.889034380871010610e+00
-3.847673836918459322e+00 1.888151448183903680e+00
-3.842671335667834143e+00 1.887268102428805161e+00
-3.837668834417208963e+00 1.886384343025427235e+00
-3.832666333166583783e+00 1.885500169392122505e+00
-3.827663831915957715e+00 1.884615580945878666e+00
-3.822661330665332535e+00 1.883730577102315173e+00
-3.817658829414707355e+00 1.882845157275677694e+00
-3.812656328164082176e+00 1.881959320878833886e+00
-3.807653826913456996e+00 1.881073067323268955e+00
-3.802651325662831816e+00 1.880186396019081219e+00
-3.797648824412206636e+00 1.879299306374977441e+00
-3.792646323161580568e+00 1.878411797798267724e+00
-3.787643821910955388e+00 1.877523869694862180e+00
-3.782641320660330209e+00 1.876635521469264933e+00
-3.777638819409705029e+00 1.875746752524569905e+00
-3.772636318159079849e+00 1.874857562262456145e+00
-3.767633816908454669e+00 1.873967950083183620e+00
-3.762631315657829489e+00 1.873077915385587877e+00
-3.757628814407203421e+00 1.872187457567075164e+00
-3.752626313156578242e+00 1.871296576023618652e+00
-3.747623811905953062e+00 1.870405270149752441e+00
-3.742621310655327882e+00 1.869513539338567787e+00
-3.737618809404702702e+00 1.868621382981707324e+00
-3.732616308154077522e+00 1.867728800469361072e+00
-3.727613806903451454e+00 1.866835791190260885e+00
-3.722611305652826275e+00 1.865942354531676672e+00
-3.717608804402201095e+00 1.865048489879409965e+00
-3.712606303151575915e+00 1.864154196617789694e+00
-3.707603801900950735e+00 1.863259474129667970e+00
-3.702601300650325555e+00 1.862364321796413869e+00
-3.697598799399700376e+00 1.861468738997909211e+00
-3.692596298149074308e+00 1.860572725112543457e+00
-3.687593796898449128e+00 1.859676279517208375e+00
-3.682591295647823948e+00 1.858779401587293156e+00
-3.677588794397198768e+00 1.857882090696679755e+00
-3.672586293146573588e+00 1.856984346217736892e+00
-3.667583791895948409e+00 1.856086167521315611e+00
-3.662581290645323229e+00 1.855187553976744175e+00
-3.657578789394697161e+00 1.854288504951822292e+00
-3.652576288144071981e+00 1.853389019812817118e+00
-3.647573786893446801e+00 1.852489097924455930e+00
-3.642571285642821621e+00 1.851588738649923238e+00
-3.637568784392196442e+00 1.850687941350854571e+00
-3.632566283141571262e+00 1.849786705387330255e+00
-3.627563781890945194e+00 1.848885030117871642e+00
-3.622561280640320014e+00 1.847982914899435114e+00
-3.617558779389694834e+00 1.847080359087406753e+00
-3.612556278139069654e+00 1.846177362035596126e+00
-3.607553776888444474e+00 1.845273923096233171e+00
-3.602551275637819295e+00 1.844370041619959988e+00
-3.597548774387194115e+00 1.843465716955827283e+00
-3.592546273136568047e+00 1.842560948451288594e+00
-3.587543771885942867e+00 1.841655735452194076e+00
-3.582541270635317687e+00 1.840750077302785837e+00
-3.577538769384692507e+00 1.839843973345691497e+00
-3.572536268134067328e+00 1.838937422921919751e+00
-3.567533766883442148e+00 1.838030425370853704e+00
-3.562531265632816968e+00 1.837122980030245767e+00
-3.557528764382190900e+00 1.836215086236212324e+00
-3.552526263131565720e+00 1.835306743323227296e+00
-3.547523761880940540e+00 1.834397950624117035e+00
-3.542521260630315361e+00 1.833488707470054324e+00
-3.537518759379690181e+00 1.832579013190552608e+00
-3.532516258129065001e+00 1.831668867113461108e+00
-3.527513756878438933e+00 1.830758268564957048e+00
-3.522511255627813753e+00 1.829847216869542104e+00
-3.517508754377188573e+00 1.828935711350035076e+00
-3.512506253126563394e+00 1.828023751327566560e+00
-3.507503751875938214e+00 1.827111336121572727e+00
-3.502501250625313034e+00 1.826198465049789776e+00
-3.497498749374687854e+00 1.825285137428248161e+00
-3.492496248124061786e+00 1.824371352571265259e+00
-3.487493746873436606e+00 1.823457109791441599e+00
-3.482491245622811427e+00 1.822542408399652869e+00
-3.477488744372186247e+00 1.821627247705045027e+00
-3.472486243121561067e+00 1.820711627015027201e+00
-3.467483741870935887e+00 1.819795545635266354e+00
-3.462481240620310707e+00 1.818879002869681516e+00
-3.457478739369684639e+00 1.817961998020436232e+00
-3.452476238119059460e+00 1.817044530387933676e+00
-3.447473736868434280e+00 1.816126599270809550e+00
-3.442471235617809100e+00 1.815208203965926970e+00
-3.437468734367183920e+00 1.814289343768368035e+00
-3.432466233116558740e+00 1.813370017971430270e+00
-3.427463731865932672e+00 1.812450225866617970e+00
-3.422461230615307493e+00 1.811529966743637754e+00
-3.417458729364682313e+00 1.810609239890389688e+00
-3.412456228114057133e+00 1.809688044592963729e+00
-3.407453726863431953e+00 1.808766380135631069e+00
-3.402451225612806773e+00 1.807844245800839023e+00
-3.397448724362181594e+00 1.806921640869203260e+00
-3.392446223111555526e+00 1.805998564619502478e+00
-3.387443721860930346e+00 1.805075016328671511e+00
-3.382441220610305166e+00 1.804150995271793567e+00
-3.377438719359679986e+00 1.803226500722095338e+00
-3.372436218109054806e+00 1.802301531950939451e+00
-3.367433716858429626e+00 1.801376088227817363e+00
-3.362431215607804447e+00 1.800450168820343366e+00
-3.357428714357178379e+00 1.799523772994247484e+00
-3.352426213106553199e+00 1.798596900013369249e+00
-3.347423711855928019e+00 1.797669549139649714e+00
-3.342421210605302839e+00 1.796741719633125678e+00
-3.337418709354677659e+00 1.795813410751922135e+00
-3.332416208104052480e+00 1.794884621752245613e+00
-3.327413706853427300e+00 1.793955351888377292e+00
-3.322411205602801232e+00 1.793025600412665677e+00
-3.317408704352176052e+00 1.792095366575520821e+00
-3.312406203101550872e+00 1.791164649625405225e+00
-3.307403701850925692e+00 1.790233448808827843e+00
-3.302401200600300513e+00 1.789301763370337861e+00
-3.297398699349675333e+00 1.788369592552515375e+00
-3.292396198099049265e+00 1.787436935595966503e+00
-3.287393696848424085e+00 1.786503791739314728e+00
-3.282391195597798905e+00 1.785570160219194236e+00
-3.277388694347173725e+00 1.784636040270242141e+00
-3.272386193096548546e+00 1.783701431125091386e+00
-3.267383691845923366e+00 1.782766332014363853e+00
-3.262381190595298186e+00 1.781830742166662374e+00
-3.257378689344672118e+00 1.780894660808563401e+00
-3.252376188094046938e+00 1.779958087164610125e+00
-3.247373686843421758e+00 1.779021020457304258e+00
-3.242371185592796579e+00 1.778083459907098263e+00
-3.237368684342171399e+00 1.777145404732389133e+00
-3.232366183091546219e+00 1.776206854149509740e+00
-3.227363681840921039e+00 1.775267807372720608e+00
-3.222361180590294971e+00 1.774328263614204149e+00
-3.217358679339669791e+00 1.773388222084055110e+00
-3.212356178089044612e+00 1.772447681990274360e+00
-3.207353676838419432e+00 1.771506642538758891e+00
-3.202351175587794252e+00 1.770565102933296719e+00
-3.197348674337169072e+00 1.769623062375557332e+00
-3.192346173086543004e+00 1.768680520065083916e+00
-3.187343671835917824e+00 1.767737475199285591e+00
-3.182341170585292645e+00 1.766793926973430295e+00
-3.177338669334667465e+00 1.765849874580635248e+00
-3.172336168084042285e+00 1.764905317211859614e+00
-3.167333666833417105e+00 1.763960254055896959e+00
-3.162331165582791925e+00 1.763014684299366364e+00
-3.157328664332165857e+00 1.762068607126704434e+00
-3.152326163081540678e+00 1.761122021720157083e+00
-3.147323661830915498e+00 1.760174927259771982e+00
-3.142321160580290318e+00 1.759227322923388792e+00
-3.137318659329665138e+00 1.758279207886632278e+00
-3.132316158079039958e+00 1.757330581322903207e+00
-3.127313656828414778e+00 1.756381442403370130e+00
-3.122311155577788711e+00 1.755431790296960726e+00
-3.117308654327163531e+00 1.754481624170353582e+00
-3.112306153076538351e+00 1.753530943187969982e+00
-3.107303651825913171e+00 1.752579746511964576e+00
-3.102301150575287991e+00 1.751628033302216725e+00
-3.097298649324662811e+00 1.750675802716322949e+00
-3.092296148074036743e+00 1.749723053909586712e+00
-3.087293646823411564e+00 1.748769786035011764e+00
-3.082291145572786384e+00 1.747815998243290814e+00
-3.077288644322161204e+00 1.746861689682798202e+00
-3.072286143071536024e+00 1.745906859499581243e+00
-3.067283641820910844e+00 1.744951506837350674e+00
-3.062281140570285665e+00 1.743995630837471555e+00
-3.057278639319659597e+00 1.743039230638954828e+00
-3.052276138069034417e+00 1.742082305378448437e+00
-3.047273636818409237e+00 1.741124854190227111e+00
-3.042271135567784057e+00 1.740166876206184154e+00
-3.037268634317158877e+00 1.739208370555822558e+00
-3.032266133066533698e+00 1.738249336366244346e+00
-3.027263631815908518e+00 1.737289772762143025e+00
-3.022261130565282450e+00 1.736329678865793147e+00
-3.017258629314657270e+00 1.735369053797041206e+00
-3.012256128064032090e+00 1.734407896673296312e+00
-3.007253626813406910e+00 1.733446206609520868e+00
-3.002251125562781731e+00 1.732483982718220572e+00
-2.997248624312156551e+00 1.731521224109435320e+00
-2.992246123061530483e+00 1.730557929890729429e+00
-2.987243621810905303e+00 1.729594099167182319e+00
-2.982241120560280123e+00 1.728629731041378070e+00
-2.977238619309654943e+00 1.727664824613396100e+00
-2.972236118059029764e+00 1.726699378980801614e+00
-2.967233616808404584e+00 1.725733393238635838e+00
-2.962231115557779404e+00 1.724766866479405136e+00
-2.957228614307153336e+00 1.723799797793071908e+00
-2.952226113056528156e+00 1.722832186267044818e+00
-2.947223611805902976e+00 1.721864030986167915e+00
-2.942221110555277797e+00 1.720895331032711306e+00
-2.937218609304652617e+00 1.719926085486360279e+00
-2.932216108054027437e+00 1.718956293424205972e+00
-2.927213606803402257e+00 1.717985953920734055e+00
-2.922211105552776189e+00 1.717015066047815397e+00
-2.917208604302151009e+00 1.716043628874695415e+00
-2.912206103051525830e+00 1.715071641467983632e+00
-2.907203601800900650e+00 1.714099102891642579e+00
-2.902201100550275470e+00 1.713126012206978022e+00
-2.897198599299650290e+00 1.712152368472629194e+00
-2.892196098049025110e+00 1.711178170744555471e+00
-2.887193596798399042e+00 1.710203418076028825e+00
-2.882191095547773863e+00 1.709228109517621386e+00
-2.877188594297148683e+00 1.708252244117195007e+00
-2.872186093046523503e+00 1.707275820919889275e+00
-2.867183591795898323e+00 1.706298838968113518e+00
-2.862181090545273143e+00 1.705321297301532590e+00
-2.857178589294647075e+00 1.704343194957057772e+00
-2.852176088044021895e+00 1.703364530968835444e+00
-2.847173586793396716e+00 1.702385304368235763e+00
-2.842171085542771536e+00 1.701405514183841117e+00
-2.837168584292146356e+00 1.700425159441435241e+00
-2.832166083041521176e+00 1.699444239163992343e+00
-2.827163581790895996e+00 1.698462752371664664e+00
-2.822161080540269928e+00 1.697480698081772044e+00
-2.817158579289644749e+00 1.696498075308790154e+00
-2.812156078039019569e+00 1.695514883064339173e+00
-2.807153576788394389e+00 1.694531120357171128e+00
-2.802151075537769209e+00 1.693546786193159459e+00
-2.797148574287144029e+00 1.692561879575287254e+00
-2.792146073036518850e+00 1.691576399503634365e+00
-2.787143571785892782e+00 1.690590344975366532e+00
-2.782141070535267602e+00 1.689603714984723393e+00
-2.777138569284642422e+00 1.688616508523006265e+00
-2.772136068034017242e+00 1.687628724578566164e+00
-2.767133566783392062e+00 1.686640362136791804e+00
-2.762131065532766883e+00 1.685651420180096949e+00
-2.757128564282140815e+00 1.684661897687909082e+00
-2.752126063031515635e+00 1.683671793636656755e+00
-2.747123561780890455e+00 1.682681106999756704e+00
-2.742121060530265275e+00 1.681689836747602085e+00
-2.737118559279640095e+00 1.680697981847549816e+00
-2.732116058029014916e+00 1.679705541263907476e+00
-2.727113556778389736e+00 1.678712513957921981e+00
-2.722111055527763668e+00 1.677718898887765153e+00
-2.717108554277138488e+00 1.676724695008523280e+00
-2.712106053026513308e+00 1.675729901272181577e+00
-2.707103551775888128e+00 1.674734516627613079e+00
-2.702101050525262949e+00 1.673738540020565768e+00
-2.697098549274637769e+00 1.672741970393648359e+00
-2.692096048024012589e+00 1.671744806686318086e+00
-2.687093546773386521e+00 1.670747047834867161e+00
-2.682091045522761341e+00 1.669748692772410559e+00
-2.677088544272136161e+00 1.668749740428870920e+00
-2.672086043021510982e+00 1.667750189730966115e+00
-2.667083541770885802e+00 1.666750039602196587e+00
-2.662081040520260622e+00 1.665749288962830033e+00
-2.657078539269634554e+00 1.664747936729889188e+00
-2.652076038019009374e+00 1.663745981817138064e+00
-2.647073536768384194e+00 1.662743423135067733e+00
-2.642071035517759015e+00 1.661740259590882118e+00
-2.637068534267133835e+00 1.660736490088485562e+00
-2.632066033016508655e+00 1.659732113528467057e+00
-2.627063531765883475e+00 1.658727128808087592e+00
-2.622061030515257407e+00 1.657721534821265275e+00
-2.617058529264632227e+00 1.656715330458561564e+00
-2.612056028014007047e+00 1.655708514607167059e+00
-2.607053526763381868e+00 1.654701086150885736e+00
-2.602051025512756688e+00 1.653693043970122956e+00
-2.597048524262131508e+00 1.652684386941868810e+00
-2.592046023011506328e+00 1.651675113939684802e+00
-2.587043521760880260e+00 1.650665223833688300e+00
-2.582041020510255080e+00 1.649654715490538548e+00
-2.577038519259629901e+00 1.648643587773421570e+00
-2.572036018009004721e+00 1.647631839542034848e+00
-2.567033516758379541e+00 1.646619469652572665e+00
-2.562031015507754361e+00 1.645606476957711006e+00
-2.557028514257128293e+00 1.644592860306592463e+00
-2.552026013006503113e+00 1.643578618544810688e+00
-2.547023511755877934e+00 1.642563750514395737e+00
-2.542021010505252754e+00 1.641548255053797867e+00
-2.537018509254627574e+00 1.640532130997871763e+00
-2.532016008004002394e+00 1.639515377177862332e+00
-2.527013506753377214e+00 1.638497992421387828e+00
-2.522011005502751146e+00 1.637479975552424083e+00
-2.517008504252125967e+00 1.636461325391289856e+00
-2.512006003001500787e+00 1.635442040754629511e+00
-2.507003501750875607e+00 1.634422120455397254e+00
-2.502001000500250427e+00 1.633401563302841586e+00
-2.496998499249625247e+00 1.632380368102488655e+00
-2.491995997999000068e+00 1.631358533656126264e+00
-2.486993496748374000e+00 1.630336058761786777e+00
-2.481990995497748820e+00 1.629312942213731352e+00
-2.476988494247123640e+00 1.628289182802433066e+00
-2.471985992996498460e+00 1.627264779314560705e+00
-2.466983491745873280e+00 1.626239730532960337e+00
-2.461980990495248101e+00 1.625214035236640875e+00
-2.456978489244622921e+00 1.624187692200755206e+00
-2.451975987993996853e+00 1.623160700196583983e+00
-2.446973486743371673e+00 1.622133057991518301e+00
-2.441970985492746493e+00 1.621104764349042382e+00
-2.436968484242121313e+00 1.620075818028716252e+00
-2.431965982991496134e+00 1.619046217786158204e+00
-2.426963481740870954e+00 1.618015962373027250e+00
-2.421960980490244886e+00 1.616985050537005808e+00
-2.416958479239619706e+00 1.615953481021781490e+00
-2.411955977988994526e+00 1.614921252567029342e+00
-2.406953476738369346e+00 1.613888363908393853e+00
-2.401950975487744167e+00 1.612854813777471641e+00
-2.396948474237118987e+00 1.611820600901791689e+00
-2.391945972986493807e+00 1.610785724004798247e+00
-2.386943471735867739e+00 1.609750181805832625e+00
-2.381940970485242559e+00 1.608713973020114540e+00
-2.376938469234617379e+00 1.607677096358721913e+00
-2.371935967983992199e+00 1.606639550528574878e+00
-2.366933466733367020e+00 1.605601334232415134e+00
-2.361930965482741840e+00 1.604562446168786849e+00
-2.356928464232116660e+00 1.603522885032019341e+00
-2.351925962981490592e+00 1.602482649512206203e+00
-2.346923461730865412e+00 1.601441738295187101e+00
-2.341920960480240232e+00 1.600400150062527338e+00
-2.336918459229615053e+00 1.599357883491499877e+00
-2.331915957978989873e+00 1.598314937255064239e+00
-2.326913456728364693e+00 1.597271310021847635e+00
-2.321910955477738625e+00 1.596227000456125200e+00
-2.316908454227113445e+00 1.595182007217799791e+00
-2.311905952976488265e+00 1.594136328962381777e+00
-2.306903451725863086e+00 1.593089964340968612e+00
-2.301900950475237906e+00 1.592042912000225741e+00
-2.296898449224612726e+00 1.590995170582364837e+00
-2.291895947973987546e+00 1.589946738725124264e+00
-2.286893446723361478e+00 1.588897615061747093e+00
-2.281890945472736298e+00 1.587847798220962225e+00
-2.276888444222111119e+00 1.586797286826961750e+00
-2.271885942971485939e+00 1.585746079499380956e+00
-2.266883441720860759e+00 1.584694174853276571e+00
-2.261880940470235579e+00 1.583641571499105671e+00
-2.256878439219610399e+00 1.582588268042704360e+00
-2.251875937968984331e+00 1.581534263085266234e+00
-2.246873436718359152e+00 1.580479555223320842e+00
-2.241870935467733972e+00 1.579424143048711260e+00
-2.236868434217108792e+00 1.578368025148572773e+00
-2.231865932966483612e+00 1.577311200105310673e+00
-2.226863431715858432e+00 1.576253666496578054e+00
-2.221860930465232364e+00 1.575195422895252939e+00
-2.216858429214607185e+00 1.574136467869417189e+00
-2.211855927963982005e+00 1.573076799982332297e+00
-2.206853426713356825e+00 1.572016417792417409e+00
-2.201850925462731645e+00 1.570955319853226895e+00
-2.196848424212106465e+00 1.569893504713426147e+00
-2.191845922961481286e+00 1.568830970916769596e+00
-2.186843421710855218e+00 1.567767717002076733e+00
-2.181840920460230038e+00 1.566703741503208791e+00
-2.176838419209604858e+00 1.565639042949045434e+00
-2.171835917958979678e+00 1.564573619863460774e+00
-2.166833416708354498e+00 1.563507470765299168e+00
-2.161830915457729319e+00 1.562440594168351904e+00
-2.156828414207104139e+00 1.561372988581332777e+00
-2.151825912956478071e+00 1.560304652507852996e+00
-2.146823411705852891e+00 1.559235584446398537e+00
-2.141820910455227711e+00 1.558165782890303275e+00
-2.136818409204602531e+00 1.557095246327725890e+00
-2.131815907953977351e+00 1.556023973241624336e+00
-2.126813406703352172e+00 1.554951962109730523e+00
-2.121810905452726104e+00 1.553879211404525673e+00
-2.116808404202100924e+00 1.552805719593214562e+00
-2.111805902951475744e+00 1.551731485137699540e+00
-2.106803401700850564e+00 1.550656506494555664e+00
-2.101800900450225384e+00 1.549580782115004940e+00
-2.096798399199600205e+00 1.548504310444888565e+00
-2.091795897948975025e+00 1.547427089924643173e+00
-2.086793396698348957e+00 1.546349118989272409e+00
-2.081790895447723777e+00 1.545270396068322061e+00
-2.076788394197098597e+00 1.544190919585851862e+00
-2.071785892946473417e+00 1.543110687960409511e+00
-2.066783391695848238e+00 1.542029699605004023e+00
-2.061780890445223058e+00 1.540947952927076869e+00
-2.056778389194597878e+00 1.539865446328476439e+00
-2.051775887943971810e+00 1.538782178205429840e+00
-2.046773386693346630e+00 1.537698146948515365e+00
-2.041770885442721450e+00 1.536613350942632961e+00
-2.036768384192096271e+00 1.535527788566979135e+00
-2.031765882941471091e+00 1.534441458195016095e+00
-2.026763381690845911e+00 1.533354358194444655e+00
-2.021760880440220731e+00 1.532266486927175153e+00
-2.016758379189594663e+00 1.531177842749298801e+00
-2.011755877938969483e+00 1.530088424011059045e+00
-2.006753376688344304e+00 1.528998229056821367e+00
-2.001750875437719124e+00 1.527907256225045085e+00
-1.996748374187093944e+00 1.526815503848253375e+00
-1.991745872936468764e+00 1.525722970253002853e+00
-1.986743371685842696e+00 1.524629653759854930e+00
-1.981740870435217516e+00 1.523535552683344729e+00
-1.976738369184592337e+00 1.522440665331951326e+00
-1.971735867933967157e+00 1.521344990008066667e+00
-1.966733366683341977e+00 1.520248525007965368e+00
-1.961730865432716797e+00 1.519151268621773632e+00
-1.956728364182091617e+00 1.518053219133438159e+00
-1.951725862931465549e+00 1.516954374820694396e+00
-1.946723361680840370e+00 1.515854733955036115e+00
-1.941720860430215190e+00 1.514754294801682777e+00
-1.936718359179590010e+00 1.513653055619547549e+00
-1.931715857928964830e+00 1.512551014661205784e+00
-1.926713356678339650e+00 1.511448170172862149e+00
-1.921710855427714471e+00 1.510344520394318213e+00
-1.916708354177088403e+00 1.509240063558939582e+00
-1.911705852926463223e+00 1.508134797893623924e+00
-1.906703351675838043e+00 1.507028721618765887e+00
-1.901700850425212863e+00 1.505921832948225125e+00
-1.896698349174587683e+00 1.504814130089291657e+00
-1.891695847923962504e+00 1.503705611242653228e+00
-1.886693346673336436e+00 1.502596274602360005e+00
-1.881690845422711256e+00 1.501486118355791044e+00
-1.876688344172086076e+00 1.500375140683619213e+00
-1.871685842921460896e+00 1.499263339759776992e+00
-1.866683341670835716e+00 1.498150713751420282e+00
-1.861680840420210536e+00 1.497037260818894877e+00
-1.856678339169585357e+00 1.495922979115699825e+00
-1.851675837918959289e+00 1.494807866788451012e+00
-1.846673336668334109e+00 1.493691921976847636e+00
-1.841670835417708929e+00 1.492575142813633793e+00
-1.836668334167083749e+00 1.491457527424562279e+00
-1.831665832916458569e+00 1.490339073928359070e+00
-1.826663331665833390e+00 1.489219780436685125e+00
-1.821660830415208210e+00 1.488099645054100195e+00
-1.816658329164582142e+00 1.486978665878023964e+00
-1.811655827913956962e+00 1.485856840998700523e+00
-1.806653326663331782e+00 1.484734168499158402e+00
-1.801650825412706602e+00 1.483610646455173487e+00
-1.796648324162081423e+00 1.482486272935229499e+00
-1.791645822911456243e+00 1.481361046000480242e+00
-1.786643321660830175e+00 1.480234963704710749e+00
-1.781640820410204995e+00 1.479108024094297313e+00
-1.776638319159579815e+00 1.477980225208167742e+00
-1.771635817908954635e+00 1.476851565077762274e+00
-1.766633316658329456e+00 1.475722041726993394e+00
-1.761630815407704276e+00 1.474591653172204753e+00
-1.756628314157079096e+00 1.473460397422131418e+00
-1.751625812906453028e+00 1.472328272477858579e+00
-1.746623311655827848e+00 1.471195276332780022e+00
-1.741620810405202668e+00 1.470061406972557272e+00
-1.736618309154577489e+00 1.468926662375077408e+00
-1.731615807903952309e+00 1.467791040510410872e+00
-1.726613306653327129e+00 1.466654539340769503e+00
-1.721610805402701949e+00 1.465517156820463240e+00
-1.716608304152075881e+00 1.464378890895858154e+00
-1.711605802901450701e+00 1.463239739505332704e+00
-1.706603301650825522e+00 1.462099700579233330e+00
-1.701600800400200342e+00 1.460958772039831821e+00
-1.696598299149575162e+00 1.459816951801280904e+00
-1.691595797898949982e+00 1.458674237769568949e+00
-1.686593296648323914e+00 1.457530627842476001e+00
-1.681590795397698734e+00 1.456386119909528709e+00
-1.676588294147073555e+00 1.455240711851954138e+00
-1.671585792896448375e+00 1.454094401542634474e+00
-1.666583291645823195e+00 1.452947186846060834e+00
-1.661580790395198015e+00 1.451799065618287310e+00
-1.656578289144572835e+00 1.450650035706883223e+00
-1.651575787893946767e+00 1.449500094950887163e+00
-1.646573286643321588e+00 1.448349241180759028e+00
-1.641570785392696408e+00 1.447197472218332281e+00
-1.636568284142071228e+00 1.446044785876765548e+00
-1.631565782891446048e+00 1.444891179960494654e+00
-1.626563281640820868e+00 1.443736652265183995e+00
-1.621560780390195688e+00 1.442581200577676359e+00
-1.616558279139569620e+00 1.441424822675944961e+00
-1.611555777888944441e+00 1.440267516329042818e+00
-1.606553276638319261e+00 1.439109279297051680e+00
-1.601550775387694081e+00 1.437950109331032733e+00
-1.596548274137068901e+00 1.436790004172975532e+00
-1.591545772886443721e+00 1.435628961555745819e+00
-1.586543271635818542e+00 1.434466979203034454e+00
-1.581540770385192474e+00 1.433304054829305230e+00
-1.576538269134567294e+00 1.432140186139743143e+00
-1.571535767883942114e+00 1.430975370830199989e+00
-1.566533266633316934e+00 1.429809606587141957e+00
-1.561530765382691754e+00 1.428642891087597011e+00
-1.556528264132066575e+00 1.427475221999099153e+00
-1.551525762881440507e+00 1.426306596979635133e+00
-1.546523261630815327e+00 1.425137013677589159e+00
-1.541520760380190147e+00 1.423966469731688056e+00
-1.536518259129564967e+00 1.422794962770945748e+00
-1.531515757878939787e+00 1.421622490414605977e+00
-1.526513256628314608e+00 1.420449050272087677e+00
-1.521510755377689428e+00 1.419274639942927463e+00
-1.516508254127063360e+00 1.418099257016720793e+00
-1.511505752876438180e+00 1.416922899073067121e+00
-1.506503251625813000e+00 1.415745563681509500e+00
-1.501500750375187820e+00 1.414567248401476851e+00
-1.496498249124562641e+00 1.413387950782224234e+00
-1.491495747873937461e+00 1.412207668362774893e+00
-1.486493246623312281e+00 1.411026398671858528e+00
-1.481490745372686213e+00 1.409844139227852455e+00
-1.476488244122061033e+00 1.408660887538719875e+00
-1.471485742871435853e+00 1.407476641101948811e+00
-1.466483241620810674e+00 1.406291397404490162e+00
-1.461480740370185494e+00 1.405105153922696193e+00
-1.456478239119560314e+00 1.403917908122256808e+00
-1.451475737868934246e+00 1.402729657458137158e+00
-1.446473236618309066e+00 1.401540399374514134e+00
-1.441470735367683886e+00 1.400350131304711310e+00
-1.436468234117058707e+00 1.399158850671135434e+00
-1.431465732866433527e+00 1.397966554885209822e+00
-1.426463231615808347e+00 1.396773241347310401e+00
-1.421460730365183167e+00 1.395578907446699102e+00
-1.416458229114557099e+00 1.394383550561455465e+00
-1.411455727863931919e+00 1.393187168058413139e+00
-1.406453226613306740e+00 1.391989757293088381e+00
-1.401450725362681560e+00 1.390791315609614109e+00
-1.396448224112056380e+00 1.389591840340670403e+00
-1.391445722861431200e+00 1.388391328807415448e+00
-1.386443221610806020e+00 1.387189778319416034e+00
-1.381440720360179952e+00 1.385987186174576502e+00
-1.376438219109554773e+00 1.384783549659068580e+00
-1.371435717858929593e+00 1.383578866047259215e+00
-1.366433216608304413e+00 1.382373132601639298e+00
-1.361430715357679233e+00 1.381166346572750614e+00
-1.356428214107054053e+00 1.379958505199112562e+00
-1.351425712856427985e+00 1.378749605707148884e+00
-1.346423211605802805e+00 1.377539645311113503e+00
-1.341420710355177626e+00 1.376328621213014802e+00
-1.336418209104552446e+00 1.375116530602540577e+00
-1.331415707853927266e+00 1.373903370656982537e+00
-1.326413206603302086e+00 1.372689138541158593e+00
-1.321410705352676906e+00 1.371473831407336030e+00
-1.316408204102050838e+00 1.370257446395153567e+00
-1.311405702851425659e+00 1.369039980631543418e+00
-1.306403201600800479e+00 1.367821431230651141e+00
-1.301400700350175299e+00 1.366601795293755917e+00
-1.296398199099550119e+00 1.365381069909190836e+00
-1.291395697848924939e+00 1.364159252152261192e+00
-1.286393196598299760e+00 1.362936339085162984e+00
-1.281390695347673692e+00 1.361712327756900320e+00
-1.276388194097048512e+00 1.360487215203202815e+00
-1.271385692846423332e+00 1.359260998446440993e+00
-1.266383191595798152e+00 1.358033674495542575e+00
-1.261380690345172972e+00 1.356805240345907215e+00
-1.256378189094547793e+00 1.355575692979320568e+00
-1.251375687843921725e+00 1.354345029363867248e+00
-1.246373186593296545e+00 1.353113246453845120e+00
-1.241370685342671365e+00 1.351880341189675816e+00
-1.236368184092046185e+00 1.350646310497816582e+00
-1.231365682841421005e+00 1.349411151290670796e+00
-1.226363181590795826e+00 1.348174860466498926e+00
-1.221360680340170646e+00 1.346937434909325715e+00
-1.216358179089544578e+00 1.345698871488849591e+00
-1.211355677838919398e+00 1.344459167060350957e+00
-1.206353176588294218e+00 1.343218318464598271e+00
-1.201350675337669038e+00 1.341976322527753451e+00
-1.196348174087043859e+00 1.340733176061278176e+00
-1.191345672836418679e+00 1.339488875861838624e+00
-1.186343171585793499e+00 1.338243418711208221e+00
-1.181340670335167431e+00 1.336996801376170607e+00
-1.176338169084542251e+00 1.335749020608423043e+00
-1.171335667833917071e+00 1.334500073144475829e+00
-1.166333166583291892e+00 1.333249955705553935e+00
-1.161330665332666712e+00 1.331998664997495752e+00
-1.156328164082041532e+00 1.330746197710653167e+00
-1.151325662831416352e+00 1.329492550519787875e+00
-1.146323161580790284e+00 1.328237720083969009e+00
-1.141320660330165104e+00 1.326981703046470118e+00
-1.136318159079539925e+00 1.325724496034662581e+00
-1.131315657828914745e+00 1.324466095659911469e+00
-1.126313156578289565e+00 1.323206498517468521e+00
-1.121310655327664385e+00 1.321945701186364674e+00
-1.116308154077038317e+00 1.320683700229301261e+00
-1.111305652826413137e+00 1.319420492192541650e+00
-1.106303151575787957e+00 1.318156073605799783e+00
-1.101300650325162778e+00 1.316890440982129817e+00
-1.096298149074537598e+00 1.315623590817813771e+00
-1.091295647823912418e+00 1.314355519592248056e+00
-1.086293146573287238e+00 1.313086223767829352e+00
-1.081290645322661170e+00 1.311815699789839806e+00
-1.076288144072035990e+00 1.310543944086331347e+00
-1.071285642821410811e+00 1.309270953068006893e+00
-1.066283141570785631e+00 1.307996723128103556e+00
-1.061280640320160451e+00 1.306721250642273402e+00
-1.056278139069535271e+00 1.305444531968461996e+00
-1.051275637818910091e+00 1.304166563446788718e+00
-1.046273136568284023e+00 1.302887341399422638e+00
-1.041270635317658844e+00 1.301606862130461284e+00
-1.036268134067033664e+00 1.300325121925803407e+00
-1.031265632816408484e+00 1.299042117053025081e+00
-1.026263131565783304e+00 1.297757843761252472e+00
-1.021260630315158124e+00 1.296472298281033497e+00
-1.016258129064532056e+00 1.295185476824209259e+00
-1.011255627813906877e+00 1.293897375583784370e+00
-1.006253126563281697e+00 1.292607990733793288e+00
-1.001250625312656517e+00 1.291317318429170635e+00
-9.962481240620313372e-01 1.290025354805615532e+00
-9.912456228114061574e-01 1.288732095979456815e+00
-9.862431215607809776e-01 1.287437538047517815e+00
-9.812406203101549096e-01 1.286141677086977575e+00
-9.762381190595297298e-01 1.284844509155233627e+00
-9.712356178089045500e-01 1.283546030289760553e+00
-9.662331165582793702e-01 1.282246236507969872e+00
-9.612306153076541904e-01 1.280945123807067265e+00
-9.562281140570290106e-01 1.279642688163908026e+00
-9.512256128064038307e-01 1.278338925534852955e+00
-9.462231115557777628e-01 1.277033831855621582e+00
-9.412206103051525830e-01 1.275727403041144070e+00
-9.362181090545274031e-01 1.274419634985412442e+00
-9.312156078039022233e-01 1.273110523561329144e+00
-9.262131065532770435e-01 1.271800064620556281e+00
-9.212106053026518637e-01 1.270488253993361960e+00
-9.162081040520257957e-01 1.269175087488464193e+00
-9.112056028014006159e-01 1.267860560892876798e+00
-9.062031015507754361e-01 1.266544669971750414e+00
-9.012006003001502563e-01 1.265227410468213076e+00
-8.961980990495250765e-01 1.263908778103210118e+00
-8.911955977988998967e-01 1.262588768575342524e+00
-8.861930965482747169e-01 1.261267377560701730e+00
-8.811905952976486489e-01 1.259944600712705531e+00
-8.761880940470234691e-01 1.258620433661931548e+00
-8.711855927963982893e-01 1.257294872015947806e+00
-8.661830915457731095e-01 1.255967911359143319e+00
-8.611805902951479297e-01 1.254639547252555998e+00
-8.561780890445227499e-01 1.253309775233700352e+00
-8.511755877938975701e-01 1.251978590816391845e+00
-8.461730865432715021e-01 1.250645989490570376e+00
-8.411705852926463223e-01 1.249311966722122413e+00
-8.361680840420211425e-01 1.247976517952700704e+00
-8.311655827913959627e-01 1.246639638599542188e+00
-8.261630815407707829e-01 1.245301324055285486e+00
-8.211605802901456030e-01 1.243961569687784596e+00
-8.161580790395195351e-01 1.242620370839922384e+00
-8.111555777888943553e-01 1.241277722829422281e+00
-8.061530765382691754e-01 1.239933620948656223e+00
-8.011505752876439956e-01 1.238588060464453244e+00
-7.961480740370188158e-01 1.237241036617904077e+00
-7.911455727863936360e-01 1.235892544624165756e+00
-7.861430715357684562e-01 1.234542579672262885e+00
-7.811405702851423882e-01 1.233191136924886688e+00
-7.761380690345172084e-01 1.231838211518194726e+00
-7.711355677838920286e-01 1.230483798561604170e+00
-7.661330665332668488e-01 1.229127893137587302e+00
-7.611305652826416690e-01 1.227770490301462791e+00
-7.561280640320164892e-01 1.226411585081184752e+00
-7.511255627813913094e-01 1.225051172477131356e+00
-7.461230615307652414e-01 1.223689247461888785e+00
-7.411205602801400616e-01 1.222325804980036068e+00
-7.361180590295148818e-01 1.220960839947925258e+00
-7.311155577788897020e-01 1.219594347253460054e+00
-7.261130565282645222e-01 1.218226321755872643e+00
-7.211105552776393424e-01 1.216856758285498774e+00
-7.161080540270141626e-01 1.215485651643548826e+00
-7.111055527763880946e-01 1.214112996601877992e+00
-7.061030515257629148e-01 1.212738787902754467e+00
-7.011005502751377350e-01 1.211363020258622525e+00
-6.960980490245125551e-01 1.209985688351867150e+00
-6.910955477738873753e-01 1.208606786834573343e+00
-6.860930465232621955e-01 1.207226310328283647e+00
-6.810905452726361275e-01 1.205844253423753898e+00
-6.760880440220109477e-01 1.204460610680706534e+00
-6.710855427713857679e-01 1.203075376627578796e+00
-6.660830415207605881e-01 1.201688545761271820e+00
-6.610805402701354083e-01 1.200300112546895503e+00
-6.560780390195102285e-01 1.198910071417510492e+00
-6.510755377688850487e-01 1.197518416773867278e+00
-6.460730365182589807e-01 1.196125142984144185e+00
-6.410705352676338009e-01 1.194730244383680473e+00
-6.360680340170086211e-01 1.193333715274708551e+00
-6.310655327663834413e-01 1.191935549926080862e+00
-6.260630315157582615e-01 1.190535742572997657e+00
-6.210605302651330817e-01 1.189134287416727664e+00
-6.160580290145079019e-01 1.187731178624329198e+00
-6.110555277638818339e-01 1.186326410328366388e+00
-6.060530265132566541e-01 1.184919976626623406e+00
-6.010505252626314743e-01 1.183511871581813812e+00
-5.960480240120062945e-01 1.182102089221289454e+00
-5.910455227613811147e-01 1.180690623536744921e+00
-5.860430215107559349e-01 1.179277468483917568e+00
-5.810405202601298669e-01 1.177862617982286864e+00
-5.760380190095046871e-01 1.176446065914768635e+00
-5.710355177588795073e-01 1.175027806127406649e+00
-5.660330165082543274e-01 1.173607832429059750e+00
-5.610305152576291476e-01 1.172186138591088334e+00
-5.560280140070039678e-01 1.170762718347033715e+00
-5.510255127563787880e-01 1.169337565392297495e+00
-5.460230115057527200e-01 1.167910673383814490e+00
-5.410205102551275402e-01 1.166482035939724549e+00
-5.360180090045023604e-01 1.165051646639038374e+00
-5.310155077538771806e-01 1.163619499021301573e+00
-5.260130065032520008e-01 1.162185586586253594e+00
-5.210105052526268210e-01 1.160749902793484889e+00
-5.160080040020016412e-01 1.159312441062086751e+00
-5.110055027513755732e-01 1.157873194770301151e+00
-5.060030015007503934e-01 1.156432157255164572e+00
-5.010005002501252136e-01 1.154989321812146974e+00
-4.959979989994991456e-01 1.153544681694789187e+00
-4.909954977488748540e-01 1.152098230114334987e+00
-4.859929964982487860e-01 1.150649960239356284e+00
-4.809904952476244944e-01 1.149199865195381420e+00
-4.759879939969984264e-01 1.147747938064509032e+00
-4.709854927463741348e-01 1.146294171885028357e+00
-4.659829914957480668e-01 1.144838559651024212e+00
-4.609804902451219988e-01 1.143381094311988866e+00
-4.559779889944977072e-01 1.141921768772419687e+00
-4.509754877438716392e-01 1.140460575891416362e+00
-4.459729864932473475e-01 1.138997508482275656e+00
-4.409704852426212796e-01 1.137532559312075531e+00
-4.359679839919969879e-01 1.136065721101262360e+00
-4.309654827413709199e-01 1.134596986523223716e+00
-4.259629814907448520e-01 1.133126348203866485e+00
-4.209604802401205603e-01 1.131653798721181436e+00
-4.159579789894944923e-01 1.130179330604806909e+00
-4.109554777388702007e-01 1.128702936335588713e+00
-4.059529764882441327e-01 1.127224608345128942e+00
-4.009504752376198411e-01 1.125744339015337880e+00
-3.959479739869937731e-01 1.124262120677971266e+00
-3.909454727363677051e-01 1.122777945614171102e+00
-3.859429714857434135e-01 1.121291806053994478e+00
-3.809404702351173455e-01 1.119803694175938169e+00
-3.759379689844930539e-01 1.118313602106461246e+00
-3.709354677338669859e-01 1.116821521919495463e+00
-3.659329664832426943e-01 1.115327445635956982e+00
-3.609304652326166263e-01 1.113831365223244996e+00
-3.559279639819905583e-01 1.112333272594741240e+00
-3.509254627313662667e-01 1.110833159609298626e+00
-3.459229614807401987e-01 1.109331018070722985e+00
-3.409204602301159071e-01 1.107826839727255042e+00
-3.359179589794898391e-01 1.106320616271036839e+00
-3.309154577288655474e-01 1.104812339337580385e+00
-3.259129564782394795e-01 1.103302000505222535e+00
-3.209104552276134115e-01 1.101789591294578985e+00
-3.159079539769891198e-01 1.100275103167987822e+00
-3.109054527263630519e-01 1.098758527528945095e+00
-3.059029514757387602e-01 1.097239855721539925e+00
-3.009004502251126922e-01 1.095719079029873866e+00
-2.958979489744866243e-01 1.094196188677480475e+00
-2.908954477238623326e-01 1.092671175826732899e+00
-2.858929464732362646e-01 1.091144031578244133e+00
-2.808904452226119730e-01 1.089614746970265058e+00
-2.758879439719859050e-01 1.088083312978066042e+00
-2.708854427213616134e-01 1.086549720513320327e+00
-2.658829414707355454e-01 1.085013960423470092e+00
-2.608804402201094774e-01 1.083476023491093621e+00
-2.558779389694851858e-01 1.081935900433257380e+00
-2.508754377188591178e-01 1.080393581900861211e+00
-2.458729364682348262e-01 1.078849058477979739e+00
-2.408704352176087582e-01 1.077302320681187808e+00
-2.358679339669844666e-01 1.075753358958884576e+00
-2.308654327163583986e-01 1.074202163690602729e+00
-2.258629314657323306e-01 1.072648725186312602e+00
-2.208604302151080390e-01 1.071093033685716733e+00
-2.158579289644819710e-01 1.069535079357531560e+00
-2.108554277138576794e-01 1.067974852298766431e+00
-2.058529264632316114e-01 1.066412342533984869e+00
-2.008504252126073197e-01 1.064847540014565386e+00
-1.958479239619812518e-01 1.063280434617942527e+00
-1.908454227113551838e-01 1.061711016146846820e+00
-1.858429214607308921e-01 1.060139274328529169e+00
-1.808404202101048242e-01 1.058565198813974817e+00
-1.758379189594805325e-01 1.056988779177111537e+00
-1.708354177088544645e-01 1.055410004914000055e+00
-1.658329164582301729e-01 1.053828865442022478e+00
-1.608304152076041049e-01 1.052245350099048515e+00
-1.558279139569780369e-01 1.050659448142602814e+00
-1.508254127063537453e-01 1.049071148749010751e+00
-1.458229114557276773e-01 1.047480441012536678e+00
-1.408204102051033857e-01 1.045887313944513286e+00
-1.358179089544773177e-01 1.044291756472451649e+00
-1.308154077038530261e-01 1.042693757439147939e+00
-1.258129064532269581e-01 1.041093305601768826e+00
-1.208104052026008901e-01 1.039490389630932210e+00
-1.158079039519765985e-01 1.037884998109770196e+00
-1.108054027013505305e-01 1.036277119532978519e+00
-1.058029014507262389e-01 1.034666742305858422e+00
-1.008004002001001709e-01 1.033053854743336553e+00
-9.579789894947410289e-02 1.031438445068980414e+00
-9.079539769884981126e-02 1.029820501413992284e+00
-8.579289644822374328e-02 1.028200011816191362e+00
-8.079039519759945165e-02 1.026576964218984589e+00
-7.578789394697338366e-02 1.024951346470316826e+00
-7.078539269634909203e-02 1.023323146321613475e+00
-6.578289144572302405e-02 1.021692351426698009e+00
-6.078039019509695606e-02 1.020058949340705956e+00
-5.577788894447266443e-02 1.018422927518972898e+00
-5.077538769384659645e-02 1.016784273315910703e+00
-4.577288644322230482e-02 1.015142973983869323e+00
-4.077038519259623683e-02 1.013499016671976838e+00
-3.576788394197194521e-02 1.011852388424969273e+00
-3.076538269134587722e-02 1.010203076181994231e+00
-2.576288144071980923e-02 1.008551066775407845e+00
-2.076038019009551761e-02 1.006896346929545549e+00
-1.575787893946944962e-02 1.005238903259475514e+00
-1.075537768884515799e-02 1.003578722269739654e+00
-5.752876438219090005e-03 1.001915790353067770e+00
-7.503751875947983763e-04 1.000250093789079919e+00
4.252126063031269609e-03 9.985816187429610302e-01
9.254627313657337595e-03 9.969103512641253051e-01
1.425712856428162922e-02 9.952362772848527550e-01
1.925962981490769721e-02 9.935593826189059730e-01
2.426213106553198884e-02 9.918796529601320300e-01
2.926463231615805682e-02 9.901970738810337291e-01
3.426713356678234845e-02 9.885116308313279809e-01
3.926963481740841644e-02 9.868233091364740917e-01
4.427213606803448442e-02 9.851320939961860645e-01
4.927463731865877605e-02 9.834379704829180335e-01
5.427713856928484404e-02 9.817409235403249390e-01
5.927963981990913567e-02 9.800409379817052180e-01
6.428214107053520365e-02 9.783379984884108538e-01
6.928464232115949528e-02 9.766320896082415493e-01
7.428714357178556327e-02 9.749231957538038174e-01
7.928964482241163125e-02 9.732113012008537511e-01
8.429214607303592288e-02 9.714963900866072644e-01
8.929464732366199087e-02 9.697784464080230205e-01
9.429714857428628250e-02 9.680574540200644895e-01
9.929964982491235048e-02 9.663333966339249237e-01
1.043021510755366421e-01 9.646062578152335698e-01
1.093046523261627101e-01 9.628760209822229132e-01
1.143071535767887781e-01 9.611426694038754936e-01
1.193096548274130697e-01 9.594061861980346384e-01
1.243121560780391377e-01 9.576665543294843319e-01
1.293146573286634293e-01 9.559237566080036608e-01
1.343171585792894973e-01 9.541777756863796256e-01
1.393196598299155653e-01 9.524285940583978594e-01
1.443221610805398569e-01 9.506761940567917124e-01
1.493246623311659249e-01 9.489205578511596961e-01
1.543271635817902165e-01 9.471616674458518403e-01
1.593296648324162845e-01 9.453995046778138622e-01
1.643321660830405762e-01 9.436340512144029136e-01
1.693346673336666441e-01 9.418652885511576978e-01
1.743371685842927121e-01 9.400931980095403873e-01
1.793396698349170038e-01 9.383177607346325777e-01
1.843421710855430717e-01 9.365389576927938275e-01
1.893446723361673634e-01 9.347567696692841155e-01
1.943471735867934314e-01 9.329711772658383362e-01
1.993496748374177230e-01 9.311821608982073784e-01
2.043521760880437910e-01 9.293897007936466892e-01
2.093546773386698590e-01 9.275937769883719763e-01
2.143571785892941506e-01 9.257943693249619521e-01
2.193596798399202186e-01 9.239914574497175570e-01
2.243621810905445102e-01 9.221850208099802160e-01
2.293646823411705782e-01 9.203750386513929183e-01
2.343671835917948698e-01 9.185614900151233275e-01
2.393696848424209378e-01 9.167443537350272731e-01
2.443721860930470058e-01 9.149236084347709408e-01
2.493746873436712974e-01 9.130992325248951103e-01
2.543771885942973654e-01 9.112712041998264345e-01
2.593796898449216570e-01 9.094395014348409800e-01
2.643821910955477250e-01 9.076041019829634848e-01
2.693846923461720166e-01 9.057649833718192101e-01
2.743871935967980846e-01 9.039221229004196223e-01
2.793896948474241526e-01 9.020754976358966726e-01
2.843921960980484442e-01 9.002250844101719052e-01
2.893946973486745122e-01 8.983708598165628390e-01
2.943971985992988039e-01 8.965128002063332824e-01
2.993996998499248718e-01 8.946508816851689305e-01
3.044022011005491635e-01 8.927850801095975619e-01
3.094047023511752315e-01 8.909153710833312978e-01
3.144072036018012994e-01 8.890417299535490203e-01
3.194097048524255911e-01 8.871641318071024074e-01
3.244122061030516591e-01 8.852825514666483597e-01
3.294147073536759507e-01 8.833969634867154808e-01
3.344172086043020187e-01 8.815073421496831818e-01
3.394197098549280867e-01 8.796136614616941740e-01
3.444222111055523783e-01 8.777158951484804739e-01
3.494247123561784463e-01 8.758140166511082514e-01
3.544272136068027379e-01 8.739079991216456289e-01
3.594297148574288059e-01 8.719978154187357777e-01
3.644322161080530975e-01 8.700834381030924103e-01
3.694347173586791655e-01 8.681648394328966845e-01
3.744372186093052335e-01 8.662419913591100640e-01
3.794397198599295251e-01 8.643148655206891462e-01
3.844422211105555931e-01 8.623834332397024571e-01
3.894447223611798847e-01 8.604476655163559862e-01
3.944472236118059527e-01 8.585075330239078095e-01
3.994497248624302443e-01 8.565630061034894549e-01
4.044522261130563123e-01 8.546140547588109149e-01
4.094547273636823803e-01 8.526606486507660732e-01
4.144572286143066719e-01 8.507027570919207804e-01
4.194597298649327399e-01 8.487403490408859108e-01
4.244622311155570316e-01 8.467733930965800626e-01
4.294647323661830995e-01 8.448018574923616963e-01
4.344672336168073912e-01 8.428257100900488075e-01
4.394697348674334592e-01 8.408449183738011534e-01
4.444722361180595271e-01 8.388594494438824656e-01
4.494747373686838188e-01 8.368692700102831061e-01
4.544772386193098868e-01 8.348743463862052794e-01
4.594797398699341784e-01 8.328746444814153493e-01
4.644822411205602464e-01 8.308701297954411702e-01
4.694847423711845380e-01 8.288607674106330814e-01
4.744872436218106060e-01 8.268465219850615888e-01
4.794897448724366740e-01 8.248273577452691629e-01
4.844922461230609656e-01 8.228032384788557252e-01
4.894947473736870336e-01 8.207741275268988224e-01
4.944972486243113252e-01 8.187399877762124856e-01
4.994997498749373932e-01 8.167007816514209040e-01
5.045022511255616848e-01 8.146564711068661202e-01
5.095047523761877528e-01 8.126070176183205485e-01
5.145072536268138208e-01 8.105523821745209689e-01
5.195097548774381124e-01 8.084925252685032371e-01
5.245122561280641804e-01 8.064274068887357094e-01
5.295147573786884720e-01 8.043569865100577143e-01
5.345172586293145400e-01 8.022812230843935355e-01
5.395197598799388317e-01 8.002000750312641131e-01
5.445222611305648996e-01 7.981135002280628221e-01
5.495247623811909676e-01 7.960214560001126483e-01
5.545272636318152593e-01 7.939238991104814458e-01
5.595297648824413272e-01 7.918207857495527247e-01
5.645322661330656189e-01 7.897120715243560740e-01
5.695347673836916869e-01 7.875977114476266916e-01
5.745372686343177548e-01 7.854776599266132253e-01
5.795397698849420465e-01 7.833518707516046176e-01
5.845422711355681145e-01 7.812202970841758409e-01
5.895447723861924061e-01 7.790828914451519704e-01
5.945472736368184741e-01 7.769396057022628366e-01
5.995497748874427657e-01 7.747903910575029141e-01
6.045522761380688337e-01 7.726351980341612524e-01
6.095547773886949017e-01 7.704739764635382127e-01
6.145572786393191933e-01 7.683066754713167024e-01
6.195597798899452613e-01 7.661332434635873545e-01
6.245622811405695529e-01 7.639536281125229866e-01
6.295647823911956209e-01 7.617677763416724757e-01
6.345672836418199125e-01 7.595756343108872599e-01
6.395697848924459805e-01 7.573771474008416105e-01
6.445722861430720485e-01 7.551722601971588844e-01
6.495747873936963401e-01 7.529609164741127847e-01
6.545772886443224081e-01 7.507430591778955220e-01
6.595797898949466997e-01 7.485186304094478826e-01
6.645822911455727677e-01 7.462875714068168964e-01
6.695847923961970594e-01 7.440498225270505417e-01
6.745872936468231273e-01 7.418053232275868547e-01
6.795897948974491953e-01 7.395540120471485457e-01
6.845922961480734870e-01 7.372958265861025984e-01
6.895947973986995549e-01 7.350307034862786359e-01
6.945972986493238466e-01 7.327585784102320643e-01
6.995997998999499146e-01 7.304793860199160216e-01
7.046023011505742062e-01 7.281930599547650207e-01
7.096048024012002742e-01 7.258995328091437660e-01
7.146073036518263422e-01 7.235987361091660297e-01
7.196098049024506338e-01 7.212906002888384016e-01
7.246123061530767018e-01 7.189750546655163665e-01
7.296148074037009934e-01 7.166520274146530589e-01
7.346173086543270614e-01 7.143214455437986166e-01
7.396198099049513530e-01 7.119832348658446941e-01
7.446223111555774210e-01 7.096373199714638424e-01
7.496248124062034890e-01 7.072836242007382035e-01
7.546273136568277806e-01 7.049220696139265607e-01
7.596298149074538486e-01 7.025525769613479854e-01
7.646323161580781402e-01 7.001750656523562100e-01
7.696348174087042082e-01 6.977894537233495509e-01
7.746373186593302762e-01 6.953956578048067216e-01
7.796398199099545678e-01 6.929935930872884731e-01
7.846423211605806358e-01 6.905831732863751959e-01
7.896448224112049274e-01 6.881643106065077342e-01
7.946473236618309954e-01 6.857369157036679042e-01
7.996498249124552871e-01 6.833008976468784024e-01
8.046523261630813550e-01 6.808561638784502712e-01
8.096548274137074230e-01 6.784026201729533856e-01
8.146573286643317147e-01 6.759401705948381300e-01
8.196598299149577826e-01 6.734687174546626354e-01
8.246623311655820743e-01 6.709881612638770587e-01
8.296648324162081423e-01 6.684984006880853036e-01
8.346673336668324339e-01 6.659993324987484309e-01
8.396698349174585019e-01 6.634908515232351700e-01
8.446723361680845699e-01 6.609728505931821152e-01
8.496748374187088615e-01 6.584452204910652418e-01
8.546773386693349295e-01 6.559078498949199032e-01
8.596798399199592211e-01 6.533606253211370340e-01
8.646823411705852891e-01 6.508034310652306420e-01
8.696848424212095807e-01 6.482361491405173037e-01
8.746873436718356487e-01 6.456586592145855397e-01
8.796898449224617167e-01 6.430708385434885654e-01
8.846923461730860083e-01 6.404725619035338546e-01
8.896948474237120763e-01 6.378637015205720351e-01
8.946973486743363679e-01 6.352441269966813131e-01
8.996998499249624359e-01 6.326137052341065381e-01
9.047023511755867275e-01 6.299723003563534318e-01
9.097048524262127955e-01 6.273197736262781099e-01
9.147073536768388635e-01 6.246559833610609846e-01
9.197098549274631551e-01 6.219807848438926312e-01
9.247123561780892231e-01 6.192940302322265111e-01
9.297148574287135148e-01 6.165955684624438993e-01
9.347173586793395827e-01 6.138852451507313956e-01
9.397198599299638744e-01 6.111629024900187002e-01
9.447223611805899424e-01 6.084283791427496091e-01
9.497248624312160103e-01 6.056815101293110404e-01
9.547273636818403020e-01 6.029221267118775041e-01
9.597298649324663700e-01 6.001500562734477517e-01
9.647323661830906616e-01 5.973651221918407916e-01
9.697348674337167296e-01 5.945671437083638322e-01
9.747373686843410212e-01 5.917559357909075723e-01
9.797398699349670892e-01 5.889313089911436538e-01
9.847423711855931572e-01 5.860930692955439447e-01
9.897448724362174488e-01 5.832410179698627184e-01
9.947473736868435168e-01 5.803749513967423335e-01
9.997498749374678084e-01 5.774946609060740421e-01
1.004752376188093876e+00 5.745999325976907102e-01
1.009754877438719944e+00 5.716905471559942109e-01
1.014757378689344236e+00 5.687662796560380984e-01
1.019759879939970304e+00 5.658268993605904962e-01
1.024762381190594596e+00 5.628721695076692733e-01
1.029764882441220664e+00 5.599018470879691955e-01
1.034767383691844955e+00 5.569156826116230530e-01
1.039769884942471023e+00 5.539134198636275208e-01
1.044772386193097091e+00 5.508947956472892704e-01
1.049774887443721383e+00 5.478595395149372660e-01
1.054777388694347451e+00 5.448073734851323069e-01
1.059779889944971742e+00 5.417380117455474764e-01
1.064782391195597810e+00 5.386511603405939042e-01
1.069784892446222102e+00 5.355465168428589218e-01
1.074787393696848170e+00 5.324237700072826929e-01
1.079789894947474238e+00 5.292825994069870754e-01
1.084792396198098530e+00 5.261226750495245907e-01
1.089794897448724598e+00 5.229436569722564210e-01
1.094797398699348889e+00 5.197451948154667711e-01
1.099799899949974957e+00 5.165269273716683873e-01
1.104802401200599249e+00 5.132884821094928496e-01
1.109804902451225317e+00 5.100294746703532001e-01
1.114807403701851385e+00 5.067495083359881969e-01
1.119809904952475677e+00 5.034481734647731077e-01
1.124812406203101744e+00 5.001250468945397376e-01
1.129814907453726036e+00 4.967796913094536526e-01
1.134817408704352104e+00 4.934116545682371013e-01
1.139819909954976396e+00 4.900204689908532196e-01
1.144822411205602464e+00 4.866056506004272086e-01
1.149824912456228532e+00 4.831666983169621288e-01
1.154827413706852823e+00 4.797030930990176523e-01
1.159829914957478891e+00 4.762142970291989297e-01
1.164832416208103183e+00 4.726997523389076528e-01
1.169834917458729251e+00 4.691588803673163999e-01
1.174837418709353543e+00 4.655910804491042998e-01
1.179839919959979611e+00 4.619957287248591116e-01
1.184842421210605679e+00 4.583721768675133035e-01
1.189844922461229970e+00 4.547197507174208786e-01
1.194847423711856038e+00 4.510377488179483363e-01
1.199849924962480330e+00 4.473254408425851869e-01
1.204852426213106398e+00 4.435820659035512592e-01
1.209854927463732466e+00 4.398068307308468650e-01
1.214857428714356757e+00 4.359989077093681664e-01
1.219859929964982825e+00 4.321574327603442400e-01
1.224862431215607117e+00 4.282815030517451160e-01
1.229864932466233185e+00 4.243701745204430109e-01
1.234867433716857477e+00 4.204224591869013539e-01
1.239869934967483545e+00 4.164373222407077302e-01
1.244872436218109613e+00 4.124136788726343039e-01
1.249874937468733904e+00 4.083503908257107851e-01
1.254877438719359972e+00 4.042462626342512300e-01
1.259879939969984264e+00 4.001000375156325006e-01
1.264882441220610332e+00 3.959103928747764178e-01
1.269884942471234623e+00 3.916759353758031414e-01
1.274887443721860691e+00 3.873951955287515125e-01
1.279889944972486759e+00 3.830666217317933997e-01
1.284892446223111051e+00 3.786885737004211383e-01
1.289894947473737119e+00 3.742593152047234972e-01
1.294897448724361411e+00 3.697770060235751055e-01
1.299899949974987479e+00 3.652396930099580108e-01
1.304902451225611770e+00 3.606453001444201445e-01
1.309904952476237838e+00 3.559916174329224026e-01
1.314907453726863906e+00 3.512762884806736596e-01
1.319909954977488198e+00 3.464967965436446251e-01
1.324912456228114266e+00 3.416504488234387571e-01
1.329914957478738557e+00 3.367343587273322059e-01
1.334917458729364625e+00 3.317454257616176405e-01
1.339919959979988917e+00 3.266803126605695162e-01
1.344922461230614985e+00 3.215354192717448378e-01
1.349924962481241053e+00 3.163068526170529360e-01
1.354927463731865345e+00 3.109903924219467597e-01
1.359929964982491413e+00 3.055814512450088505e-01
1.364932466233115704e+00 3.000750281367248751e-01
1.369934967483741772e+00 2.944656544955718824e-01
1.374937468734366064e+00 2.887473304530381868e-01
1.379939969984992132e+00 2.829134496802959142e-01
1.384942471235618200e+00 2.769567099318133718e-01
1.389944972486242492e+00 2.708690058727742378e-01
1.394947473736868560e+00 2.646412997034935377e-01
1.399949974987492851e+00 2.582634636858353594e-01
1.404952476238118919e+00 2.517240867323866094e-01
1.409954977488743211e+00 2.450102344954279698e-01
1.414957478739369279e+00 2.381071485146002142e-01
1.419959979989995347e+00 2.309978643624290562e-01
1.424962481240619638e+00 2.236627204212932318e-01
1.429964982491245706e+00 2.160787163801721200e-01
1.434967483741869998e+00 2.082186611203553361e-01
1.439969984992496066e+00 2.000500187578163058e-01
1.444972486243122134e+00 1.915333108658959782e-01
1.449974987493746426e+00 1.826198465049800046e-01
1.454977488744372494e+00 1.732483982718216742e-01
1.459979989994996785e+00 1.633401563302856185e-01
1.464982491245622853e+00 1.527907256225044252e-01
1.469984992496247145e+00 1.414567248401500943e-01
1.474987493746873213e+00 1.291317318429177907e-01
1.479989994997499281e+00 1.154989321812133346e-01
1.484992496248123572e+00 1.000250093789099570e-01
1.489994997498749640e+00 8.167007816514144924e-02
1.494997498749373932e+00 5.774946609061171188e-02
1.500000000000000000e+00 0.000000000000000000e+00
