timestamp_utc,asset_id,zone,vibration_rms_mm_s,peak_accel_g,bearing_temp_c,rpm,load_pct,quality_flag
2023-01-01 00:00:00,Pump_A,Drive_End,2.679,4.779,46.96,1498.6,82.5,OK
2023-01-01 01:00:00,Pump_A,Drive_End,2.483,3.49,46.52,1515.8,78.8,OK
2023-01-01 02:00:00,Pump_A,Drive_End,2.309,2.507,43.59,1495.3,77.7,OK
2023-01-01 03:00:00,Pump_A,Drive_End,2.294,2.987,43.76,1489.9,77.2,OK
2023-01-01 04:00:00,Pump_A,Drive_End,2.853,3.567,48.05,1497.7,87.3,OK
2023-01-01 05:00:00,Pump_A,Drive_End,2.508,3.462,46.09,1488.5,80.6,OK
2023-01-01 06:00:00,Pump_A,Drive_End,2.217,2.796,45.76,1518.5,77.0,OK
2023-01-01 07:00:00,Pump_A,Drive_End,1.642,1.799,43.08,1502.1,73.9,OK
2023-01-01 08:00:00,Pump_A,Drive_End,2.598,3.747,45.76,1501.7,83.7,OK
2023-01-01 09:00:00,Pump_A,Drive_End,2.395,3.765,43.51,1495.4,76.4,OK
2023-01-01 10:00:00,Pump_A,Drive_End,2.362,3.849,47.26,1496.1,81.6,OK
2023-01-01 11:00:00,Pump_A,Drive_End,2.618,4.092,48.45,1491.6,84.7,OK
2023-01-01 12:00:00,Pump_A,Drive_End,2.035,2.454,45.42,1498.1,77.6,OK
2023-01-01 13:00:00,Pump_A,Drive_End,3.008,4.692,48.23,1499.3,86.8,OK
2023-01-01 14:00:00,Pump_A,Drive_End,2.501,4.534,43.99,1515.4,81.8,OK
2023-01-01 15:00:00,Pump_A,Drive_End,2.587,3.926,45.3,1500.9,84.1,OK
2023-01-01 16:00:00,Pump_A,Drive_End,2.63,3.685,45.55,1503.6,78.9,OK
2023-01-01 17:00:00,Pump_A,Drive_End,2.315,3.208,45.8,1509.2,77.5,OK
2023-01-01 18:00:00,Pump_A,Drive_End,2.289,3.269,45.43,1509.7,80.5,OK
2023-01-01 19:00:00,Pump_A,Drive_End,2.013,3.022,43.33,1503.0,72.7,OK
2023-01-01 20:00:00,Pump_A,Drive_End,1.907,2.459,43.19,1495.8,72.9,OK
2023-01-01 21:00:00,Pump_A,Drive_End,2.556,3.963,46.72,1518.9,82.0,OK
2023-01-01 22:00:00,Pump_A,Drive_End,1.836,3.986,42.48,1499.7,70.4,OK
2023-01-01 23:00:00,Pump_A,Drive_End,2.257,3.957,46.7,1499.7,81.5,OK
2023-01-02 00:00:00,Pump_A,Drive_End,2.918,3.676,48.67,1490.9,84.0,OK
2023-01-02 01:00:00,Pump_A,Drive_End,2.944,4.466,49.05,1490.1,91.0,OK
2023-01-02 02:00:00,Pump_A,Drive_End,1.722,2.82,41.84,1500.7,72.2,OK
2023-01-02 03:00:00,Pump_A,Drive_End,2.801,4.608,47.32,1492.2,87.7,OK
2023-01-02 04:00:00,Pump_A,Drive_End,2.147,3.312,45.85,1513.1,81.1,OK
2023-01-02 05:00:00,Pump_A,Drive_End,2.37,3.817,47.0,1487.6,83.9,OK
2023-01-02 06:00:00,Pump_A,Drive_End,2.339,3.625,46.39,1503.5,81.3,OK
2023-01-02 07:00:00,Pump_A,Drive_End,2.28,2.825,45.64,1518.7,76.4,OK
2023-01-02 08:00:00,Pump_A,Drive_End,2.339,3.099,45.84,1507.9,75.1,OK
2023-01-02 09:00:00,Pump_A,Drive_End,2.903,4.232,46.92,1508.2,82.1,OK
2023-01-02 10:00:00,Pump_A,Drive_End,2.118,3.347,44.68,1491.8,75.6,OK
2023-01-02 11:00:00,Pump_A,Drive_End,2.939,4.276,50.89,1500.1,84.1,OK
2023-01-02 12:00:00,Pump_A,Drive_End,2.374,3.802,46.34,1491.4,83.1,OK
2023-01-02 13:00:00,Pump_A,Drive_End,2.6,3.476,45.7,1504.7,83.6,OK
2023-01-02 14:00:00,Pump_A,Drive_End,2.309,2.84,45.5,1508.6,77.8,OK
2023-01-02 15:00:00,Pump_A,Drive_End,2.546,3.849,45.61,1491.2,81.9,OK
2023-01-02 16:00:00,Pump_A,Drive_End,2.724,4.613,45.79,1505.6,81.8,OK
2023-01-02 17:00:00,Pump_A,Drive_End,2.221,3.59,48.47,1505.2,75.3,OK
2023-01-02 18:00:00,Pump_A,Drive_End,2.762,4.469,47.16,1511.4,82.9,OK
2023-01-02 19:00:00,Pump_A,Drive_End,2.58,3.628,47.29,1492.3,83.8,OK
2023-01-02 20:00:00,Pump_A,Drive_End,3.232,4.041,49.92,1481.3,91.6,OK
2023-01-02 21:00:00,Pump_A,Drive_End,2.511,3.409,48.05,1500.6,85.4,OK
2023-01-02 22:00:00,Pump_A,Drive_End,2.19,2.959,46.89,1502.2,76.3,OK
2023-01-02 23:00:00,Pump_A,Drive_End,2.627,3.61,48.06,1479.7,83.2,OK
2023-01-03 00:00:00,Pump_A,Drive_End,2.263,3.828,43.67,1498.9,76.0,OK
2023-01-03 01:00:00,Pump_A,Drive_End,2.169,4.136,45.49,1495.3,78.3,OK
2023-01-03 02:00:00,Pump_A,Drive_End,2.446,4.185,43.34,1509.2,73.7,OK
2023-01-03 03:00:00,Pump_A,Drive_End,2.113,3.392,45.57,1512.7,77.6,OK
2023-01-03 04:00:00,Pump_A,Drive_End,1.474,1.698,42.5,1499.4,75.4,OK
2023-01-03 05:00:00,Pump_A,Drive_End,1.74,2.389,43.23,1516.3,73.8,OK
2023-01-03 06:00:00,Pump_A,Drive_End,3.065,4.603,48.12,1485.6,87.2,OK
2023-01-03 07:00:00,Pump_A,Drive_End,2.419,3.663,46.12,1502.0,82.3,OK
2023-01-03 08:00:00,Pump_A,Drive_End,2.751,3.508,49.12,1506.6,80.6,OK
2023-01-03 09:00:00,Pump_A,Drive_End,1.932,3.039,42.26,1498.5,70.2,OK
2023-01-03 10:00:00,Pump_A,Drive_End,2.22,3.754,45.7,1495.1,79.0,OK
2023-01-03 11:00:00,Pump_A,Drive_End,2.254,3.787,45.57,1509.0,76.5,OK
2023-01-03 12:00:00,Pump_A,Drive_End,2.301,3.756,44.9,1494.4,75.9,OK
2023-01-03 13:00:00,Pump_A,Drive_End,2.317,3.749,45.71,1512.8,80.6,OK
2023-01-03 14:00:00,Pump_A,Drive_End,2.5,4.156,47.34,1511.0,78.9,OK
2023-01-03 15:00:00,Pump_A,Drive_End,2.344,3.678,45.75,1506.8,80.1,OK
2023-01-03 16:00:00,Pump_A,Drive_End,2.265,4.444,44.75,1506.0,80.5,OK
2023-01-03 17:00:00,Pump_A,Drive_End,2.194,3.603,44.9,1511.6,73.9,OK
2023-01-03 18:00:00,Pump_A,Drive_End,2.411,3.279,46.99,1491.0,79.9,OK
2023-01-03 19:00:00,Pump_A,Drive_End,2.292,3.644,45.02,1491.7,79.3,OK
2023-01-03 20:00:00,Pump_A,Drive_End,2.202,3.05,44.21,1502.4,75.9,OK
2023-01-03 21:00:00,Pump_A,Drive_End,2.188,2.923,45.49,1485.5,81.2,OK
2023-01-03 22:00:00,Pump_A,Drive_End,2.665,3.917,46.95,1514.8,81.6,OK
2023-01-03 23:00:00,Pump_A,Drive_End,2.042,3.224,43.27,1499.8,75.0,OK
2023-01-04 00:00:00,Pump_A,Drive_End,2.534,4.002,47.54,1515.3,82.6,OK
2023-01-04 01:00:00,Pump_A,Drive_End,2.282,3.472,44.53,1502.2,78.0,OK
2023-01-04 02:00:00,Pump_A,Drive_End,2.698,4.526,48.92,1505.0,80.1,OK
2023-01-04 03:00:00,Pump_A,Drive_End,2.206,4.405,43.94,1508.7,76.2,OK
2023-01-04 04:00:00,Pump_A,Drive_End,1.723,2.322,42.71,1494.0,75.8,OK
2023-01-04 05:00:00,Pump_A,Drive_End,2.82,4.706,46.62,1503.4,80.8,OK
2023-01-04 06:00:00,Pump_A,Drive_End,1.866,3.715,44.95,1504.9,75.5,OK
2023-01-04 07:00:00,Pump_A,Drive_End,2.53,3.738,47.09,1482.9,77.7,OK
2023-01-04 08:00:00,Pump_A,Drive_End,1.923,2.908,42.76,1494.0,72.0,OK
2023-01-04 09:00:00,Pump_A,Drive_End,2.558,3.898,47.53,1489.3,83.1,OK
2023-01-04 10:00:00,Pump_A,Drive_End,2.307,4.099,46.81,1488.8,83.6,OK
2023-01-04 11:00:00,Pump_A,Drive_End,2.199,3.888,44.82,1515.5,76.3,OK
2023-01-04 12:00:00,Pump_A,Drive_End,2.968,4.938,50.13,1517.6,90.3,OK
2023-01-04 13:00:00,Pump_A,Drive_End,2.948,4.951,46.98,1490.4,86.8,OK
2023-01-04 14:00:00,Pump_A,Drive_End,1.991,3.345,45.3,1479.6,74.1,OK
2023-01-04 15:00:00,Pump_A,Drive_End,2.146,2.368,45.38,1516.3,80.4,OK
2023-01-04 16:00:00,Pump_A,Drive_End,2.102,3.108,44.33,1499.7,81.9,OK
2023-01-04 17:00:00,Pump_A,Drive_End,2.413,3.362,45.64,1503.7,83.3,OK
2023-01-04 18:00:00,Pump_A,Drive_End,2.184,3.528,44.87,1509.6,79.7,OK
2023-01-04 19:00:00,Pump_A,Drive_End,1.955,2.656,42.9,1498.9,76.0,OK
2023-01-04 20:00:00,Pump_A,Drive_End,2.849,4.381,48.98,1500.4,89.8,OK
2023-01-04 21:00:00,Pump_A,Drive_End,2.485,3.463,45.42,1506.1,78.9,OK
2023-01-04 22:00:00,Pump_A,Drive_End,2.014,3.705,46.41,1477.0,78.6,OK
2023-01-04 23:00:00,Pump_A,Drive_End,2.388,5.121,46.84,1505.8,78.8,OK
2023-01-05 00:00:00,Pump_A,Drive_End,2.04,3.162,44.22,1490.4,79.4,OK
2023-01-05 01:00:00,Pump_A,Drive_End,1.757,3.479,43.85,1493.5,72.9,OK
2023-01-05 02:00:00,Pump_A,Drive_End,2.413,3.189,47.55,1514.8,80.0,OK
2023-01-05 03:00:00,Pump_A,Drive_End,2.524,3.348,45.47,1489.6,82.7,OK
2023-01-05 04:00:00,Pump_A,Drive_End,2.398,3.879,46.27,1519.1,84.6,OK
2023-01-05 05:00:00,Pump_A,Drive_End,2.081,3.146,43.88,1494.1,77.6,OK
2023-01-05 06:00:00,Pump_A,Drive_End,2.433,3.196,45.78,1499.5,81.4,OK
2023-01-05 07:00:00,Pump_A,Drive_End,2.431,3.696,47.58,1505.0,83.8,OK
2023-01-05 08:00:00,Pump_A,Drive_End,1.767,2.935,41.98,1505.4,71.7,OK
2023-01-05 09:00:00,Pump_A,Drive_End,1.868,2.932,41.96,1483.7,71.0,OK
2023-01-05 10:00:00,Pump_A,Drive_End,2.578,3.262,46.43,1483.4,83.2,OK
2023-01-05 11:00:00,Pump_A,Drive_End,2.337,4.009,45.31,1491.4,80.2,OK
2023-01-05 12:00:00,Pump_A,Drive_End,2.757,4.856,45.26,1488.7,84.2,OK
2023-01-05 13:00:00,Pump_A,Drive_End,2.12,3.366,43.9,1505.8,76.0,OK
2023-01-05 14:00:00,Pump_A,Drive_End,2.66,4.117,47.07,1498.4,80.4,OK
2023-01-05 15:00:00,Pump_A,Drive_End,2.19,3.482,44.64,1495.1,77.9,OK
2023-01-05 16:00:00,Pump_A,Drive_End,2.661,3.829,48.14,1520.8,81.4,OK
2023-01-05 17:00:00,Pump_A,Drive_End,2.076,2.179,44.43,1479.6,78.0,OK
2023-01-05 18:00:00,Pump_A,Drive_End,2.471,3.597,47.03,1516.8,80.1,OK
2023-01-05 19:00:00,Pump_A,Drive_End,1.891,2.097,43.66,1502.4,68.9,OK
2023-01-05 20:00:00,Pump_A,Drive_End,2.628,5.078,47.09,1495.8,81.7,OK
2023-01-05 21:00:00,Pump_A,Drive_End,2.304,3.872,45.15,1495.4,81.2,OK
2023-01-05 22:00:00,Pump_A,Drive_End,2.517,3.943,47.4,1495.2,80.4,OK
2023-01-05 23:00:00,Pump_A,Drive_End,2.051,2.855,45.0,1497.3,77.4,OK
2023-01-06 00:00:00,Pump_A,Drive_End,2.801,4.879,48.17,1490.8,83.8,OK
2023-01-06 01:00:00,Pump_A,Drive_End,2.714,3.182,50.16,1492.3,89.4,OK
2023-01-06 02:00:00,Pump_A,Drive_End,2.652,3.416,49.73,1499.4,83.3,OK
2023-01-06 03:00:00,Pump_A,Drive_End,2.584,4.116,46.81,1501.1,80.6,OK
2023-01-06 04:00:00,Pump_A,Drive_End,2.539,4.482,47.15,1504.7,76.0,OK
2023-01-06 05:00:00,Pump_A,Drive_End,2.221,3.36,46.14,1490.1,77.4,OK
2023-01-06 06:00:00,Pump_A,Drive_End,1.861,2.578,41.95,1515.3,71.5,OK
2023-01-06 07:00:00,Pump_A,Drive_End,1.918,2.232,41.85,1508.2,71.7,OK
2023-01-06 08:00:00,Pump_A,Drive_End,2.247,2.619,45.04,1516.7,78.3,OK
2023-01-06 09:00:00,Pump_A,Drive_End,2.307,3.346,46.19,1473.0,78.6,OK
2023-01-06 10:00:00,Pump_A,Drive_End,2.901,3.798,51.67,1511.3,89.2,OK
2023-01-06 11:00:00,Pump_A,Drive_End,2.413,3.718,45.95,1500.1,80.3,OK
2023-01-06 12:00:00,Pump_A,Drive_End,2.221,3.06,44.27,1494.5,77.1,OK
2023-01-06 13:00:00,Pump_A,Drive_End,2.733,2.774,48.03,1497.5,80.5,OK
2023-01-06 14:00:00,Pump_A,Drive_End,2.705,3.872,46.6,1479.3,86.2,OK
2023-01-06 15:00:00,Pump_A,Drive_End,2.517,4.244,46.79,1488.9,76.1,OK
2023-01-06 16:00:00,Pump_A,Drive_End,2.512,4.012,45.78,1488.7,83.6,OK
2023-01-06 17:00:00,Pump_A,Drive_End,2.539,4.164,47.5,1497.6,83.6,OK
2023-01-06 18:00:00,Pump_A,Drive_End,2.075,3.421,45.42,1511.6,78.2,OK
2023-01-06 19:00:00,Pump_A,Drive_End,2.057,3.547,44.65,1503.3,78.5,OK
2023-01-06 20:00:00,Pump_A,Drive_End,2.102,2.449,43.18,1510.5,77.4,OK
2023-01-06 21:00:00,Pump_A,Drive_End,2.933,3.358,49.63,1487.2,83.0,OK
2023-01-06 22:00:00,Pump_A,Drive_End,2.354,3.731,46.06,1499.0,81.1,OK
2023-01-06 23:00:00,Pump_A,Drive_End,2.761,3.96,47.95,1501.1,85.5,OK
2023-01-07 00:00:00,Pump_A,Drive_End,2.223,3.706,46.04,1482.9,81.5,OK
2023-01-07 01:00:00,Pump_A,Drive_End,2.414,3.352,45.07,1500.2,79.1,OK
2023-01-07 02:00:00,Pump_A,Drive_End,2.54,2.959,47.58,1490.2,81.0,OK
2023-01-07 03:00:00,Pump_A,Drive_End,2.738,4.94,48.33,1502.6,82.4,OK
2023-01-07 04:00:00,Pump_A,Drive_End,1.723,2.597,42.98,1487.2,70.8,OK
2023-01-07 05:00:00,Pump_A,Drive_End,2.031,2.741,42.95,1501.9,76.4,OK
2023-01-07 06:00:00,Pump_A,Drive_End,1.928,3.419,42.95,1486.5,75.4,OK
2023-01-07 07:00:00,Pump_A,Drive_End,3.227,4.411,51.4,1504.9,93.2,OK
2023-01-07 08:00:00,Pump_A,Drive_End,2.739,4.061,47.42,1501.2,77.1,OK
2023-01-07 09:00:00,Pump_A,Drive_End,2.543,3.501,47.47,1499.7,76.5,OK
2023-01-07 10:00:00,Pump_A,Drive_End,2.739,4.594,48.18,1494.4,83.5,OK
2023-01-07 11:00:00,Pump_A,Drive_End,1.879,2.782,43.75,1492.7,72.1,OK
2023-01-07 12:00:00,Pump_A,Drive_End,2.529,4.099,47.06,1486.6,80.9,OK
2023-01-07 13:00:00,Pump_A,Drive_End,2.816,4.189,46.46,1508.3,85.4,OK
2023-01-07 14:00:00,Pump_A,Drive_End,2.583,3.236,45.81,1502.1,82.1,OK
2023-01-07 15:00:00,Pump_A,Drive_End,2.852,4.293,48.21,1499.6,85.3,OK
2023-01-07 16:00:00,Pump_A,Drive_End,2.701,3.82,47.26,1494.8,84.7,OK
2023-01-07 17:00:00,Pump_A,Drive_End,2.211,3.945,44.32,1502.2,78.5,OK
2023-01-07 18:00:00,Pump_A,Drive_End,2.633,4.048,47.43,1495.6,79.1,OK
2023-01-07 19:00:00,Pump_A,Drive_End,2.132,3.24,44.91,1502.7,72.6,OK
2023-01-07 20:00:00,Pump_A,Drive_End,2.705,3.875,45.8,1514.1,77.4,OK
2023-01-07 21:00:00,Pump_A,Drive_End,2.731,3.887,48.0,1515.8,87.3,OK
2023-01-07 22:00:00,Pump_A,Drive_End,1.796,2.31,43.11,1490.8,73.3,OK
2023-01-07 23:00:00,Pump_A,Drive_End,2.271,3.898,45.7,1515.5,81.2,OK
2023-01-08 00:00:00,Pump_A,Drive_End,2.161,3.432,45.52,1506.7,79.8,OK
2023-01-08 01:00:00,Pump_A,Drive_End,3.039,4.239,47.56,1502.9,82.5,OK
2023-01-08 02:00:00,Pump_A,Drive_End,2.086,3.723,46.01,1494.4,76.9,OK
2023-01-08 03:00:00,Pump_A,Drive_End,2.323,3.208,45.87,1491.7,77.1,OK
2023-01-08 04:00:00,Pump_A,Drive_End,2.77,5.054,46.52,1484.8,81.0,OK
2023-01-08 05:00:00,Pump_A,Drive_End,2.351,3.855,47.5,1502.9,78.1,OK
2023-01-08 06:00:00,Pump_A,Drive_End,2.071,2.741,44.97,1492.0,79.1,OK
2023-01-08 07:00:00,Pump_A,Drive_End,2.983,4.466,50.44,1494.8,89.0,OK
2023-01-08 08:00:00,Pump_A,Drive_End,3.06,5.112,50.86,1494.7,92.6,OK
2023-01-08 09:00:00,Pump_A,Drive_End,2.882,4.619,50.16,1505.8,89.2,OK
2023-01-08 10:00:00,Pump_A,Drive_End,2.859,4.874,49.35,1505.1,84.1,OK
2023-01-08 11:00:00,Pump_A,Drive_End,2.624,4.539,46.39,1498.3,83.2,OK
2023-01-08 12:00:00,Pump_A,Drive_End,2.516,4.414,46.85,1496.1,81.8,OK
2023-01-08 13:00:00,Pump_A,Drive_End,2.563,4.168,48.62,1486.4,80.2,OK
2023-01-08 14:00:00,Pump_A,Drive_End,2.358,4.325,45.49,1502.2,78.5,OK
2023-01-08 15:00:00,Pump_A,Drive_End,2.521,3.558,46.78,1506.1,81.4,OK
2023-01-08 16:00:00,Pump_A,Drive_End,2.749,3.773,49.14,1489.7,85.4,OK
2023-01-08 17:00:00,Pump_A,Drive_End,2.018,3.81,43.46,1494.4,72.4,OK
2023-01-08 18:00:00,Pump_A,Drive_End,1.944,1.816,44.74,1518.8,77.2,OK
2023-01-08 19:00:00,Pump_A,Drive_End,2.391,3.708,44.91,1489.8,77.5,OK
2023-01-08 20:00:00,Pump_A,Drive_End,2.146,3.169,45.93,1508.7,73.6,OK
2023-01-08 21:00:00,Pump_A,Drive_End,1.941,2.888,44.02,1484.7,74.6,OK
2023-01-08 22:00:00,Pump_A,Drive_End,2.077,3.838,44.87,1503.5,78.8,OK
2023-01-08 23:00:00,Pump_A,Drive_End,2.827,4.525,48.63,1503.4,85.6,OK
2023-01-09 00:00:00,Pump_A,Drive_End,2.632,4.303,47.13,1513.3,83.2,OK
2023-01-09 01:00:00,Pump_A,Drive_End,3.192,4.768,47.99,1493.2,87.2,OK
2023-01-09 02:00:00,Pump_A,Drive_End,2.607,3.584,46.2,1493.2,80.6,OK
2023-01-09 03:00:00,Pump_A,Drive_End,1.348,1.231,42.24,1495.5,70.6,OK
2023-01-09 04:00:00,Pump_A,Drive_End,2.442,3.64,46.89,1504.3,83.9,OK
2023-01-09 05:00:00,Pump_A,Drive_End,2.228,3.231,44.44,1515.0,74.2,OK
2023-01-09 06:00:00,Pump_A,Drive_End,2.413,3.279,45.24,1479.6,81.0,OK
2023-01-09 07:00:00,Pump_A,Drive_End,2.444,3.38,46.4,1518.0,78.6,OK
2023-01-09 08:00:00,Pump_A,Drive_End,2.832,3.924,49.18,1509.2,87.0,OK
2023-01-09 09:00:00,Pump_A,Drive_End,2.645,4.492,46.47,1509.0,82.0,OK
2023-01-09 10:00:00,Pump_A,Drive_End,3.21,4.471,51.08,1502.0,86.6,OK
2023-01-09 11:00:00,Pump_A,Drive_End,2.363,3.384,46.53,1493.5,81.0,OK
2023-01-09 12:00:00,Pump_A,Drive_End,2.552,4.899,48.63,1494.3,82.6,OK
2023-01-09 13:00:00,Pump_A,Drive_End,2.555,4.139,45.8,1500.4,82.2,OK
2023-01-09 14:00:00,Pump_A,Drive_End,2.403,3.928,45.27,1483.3,78.7,OK
2023-01-09 15:00:00,Pump_A,Drive_End,2.579,3.981,49.07,1487.7,87.9,OK
2023-01-09 16:00:00,Pump_A,Drive_End,3.121,4.662,49.31,1495.4,88.4,OK
2023-01-09 17:00:00,Pump_A,Drive_End,2.35,4.263,48.14,1506.5,84.4,OK
2023-01-09 18:00:00,Pump_A,Drive_End,2.311,3.597,44.6,1504.0,76.9,OK
2023-01-09 19:00:00,Pump_A,Drive_End,2.433,3.921,45.04,1499.7,76.6,OK
2023-01-09 20:00:00,Pump_A,Drive_End,2.861,3.422,47.56,1471.5,83.9,OK
2023-01-09 21:00:00,Pump_A,Drive_End,2.296,3.211,44.97,1487.1,74.4,OK
2023-01-09 22:00:00,Pump_A,Drive_End,2.401,2.96,46.95,1504.8,79.8,OK
2023-01-09 23:00:00,Pump_A,Drive_End,2.166,4.0,45.77,1484.4,77.5,OK
2023-01-10 00:00:00,Pump_A,Drive_End,2.231,4.385,45.61,1496.5,78.3,OK
2023-01-10 01:00:00,Pump_A,Drive_End,2.577,3.736,46.68,1510.3,82.2,OK
2023-01-10 02:00:00,Pump_A,Drive_End,2.524,3.812,46.97,1499.6,79.6,OK
2023-01-10 03:00:00,Pump_A,Drive_End,1.976,3.422,45.21,1500.8,79.6,OK
2023-01-10 04:00:00,Pump_A,Drive_End,3.117,4.606,49.9,1471.0,85.0,OK
2023-01-10 05:00:00,Pump_A,Drive_End,1.877,2.504,45.57,1506.1,74.8,OK
2023-01-10 06:00:00,Pump_A,Drive_End,2.517,4.023,46.25,1502.2,79.0,OK
2023-01-10 07:00:00,Pump_A,Drive_End,2.498,3.847,47.66,1524.0,81.8,OK
2023-01-10 08:00:00,Pump_A,Drive_End,2.859,3.718,49.89,1511.9,85.5,OK
2023-01-10 09:00:00,Pump_A,Drive_End,1.905,2.826,43.95,1503.0,74.3,OK
2023-01-10 10:00:00,Pump_A,Drive_End,2.819,4.455,47.13,1504.2,81.6,OK
2023-01-10 11:00:00,Pump_A,Drive_End,2.444,3.964,47.77,1511.9,84.8,OK
2023-01-10 12:00:00,Pump_A,Drive_End,2.281,3.484,45.23,1513.8,78.5,OK
2023-01-10 13:00:00,Pump_A,Drive_End,2.117,3.972,44.46,1489.0,80.1,OK
2023-01-10 14:00:00,Pump_A,Drive_End,1.975,2.301,45.59,1478.5,75.0,OK
2023-01-10 15:00:00,Pump_A,Drive_End,3.153,5.221,48.57,1493.1,85.0,OK
2023-01-10 16:00:00,Pump_A,Drive_End,1.372,1.236,41.95,1522.9,67.5,OK
2023-01-10 17:00:00,Pump_A,Drive_End,3.245,5.164,51.4,1513.8,92.2,OK
2023-01-10 18:00:00,Pump_A,Drive_End,2.649,3.941,46.63,1502.8,83.8,OK
2023-01-10 19:00:00,Pump_A,Drive_End,2.296,2.95,44.36,1483.1,78.6,OK
2023-01-10 20:00:00,Pump_A,Drive_End,2.638,3.171,45.78,1513.9,80.9,OK
2023-01-10 21:00:00,Pump_A,Drive_End,2.637,4.231,46.57,1490.2,84.7,OK
2023-01-10 22:00:00,Pump_A,Drive_End,2.311,3.627,44.29,1486.7,80.5,OK
2023-01-10 23:00:00,Pump_A,Drive_End,2.643,4.076,48.41,1499.8,82.2,OK
2023-01-11 00:00:00,Pump_A,Drive_End,2.462,3.965,46.33,1495.7,80.6,OK
2023-01-11 01:00:00,Pump_A,Drive_End,2.28,2.718,47.49,1493.0,80.2,OK
2023-01-11 02:00:00,Pump_A,Drive_End,1.883,3.272,43.17,1493.1,73.8,OK
2023-01-11 03:00:00,Pump_A,Drive_End,2.83,3.828,50.47,1493.3,86.2,OK
2023-01-11 04:00:00,Pump_A,Drive_End,2.17,3.463,44.05,1503.1,74.1,OK
2023-01-11 05:00:00,Pump_A,Drive_End,2.332,3.979,47.91,1500.4,79.4,OK
2023-01-11 06:00:00,Pump_A,Drive_End,2.215,4.612,44.18,1486.3,77.2,OK
2023-01-11 07:00:00,Pump_A,Drive_End,2.781,4.456,50.22,1516.8,88.2,OK
2023-01-11 08:00:00,Pump_A,Drive_End,2.17,2.748,44.4,1498.0,78.1,OK
2023-01-11 09:00:00,Pump_A,Drive_End,1.879,2.935,41.92,1500.3,73.9,OK
2023-01-11 10:00:00,Pump_A,Drive_End,2.101,3.338,46.81,1508.3,81.7,OK
2023-01-11 11:00:00,Pump_A,Drive_End,2.121,2.829,44.04,1516.7,74.0,OK
2023-01-11 12:00:00,Pump_A,Drive_End,2.675,3.553,47.42,1500.8,82.8,OK
2023-01-11 13:00:00,Pump_A,Drive_End,1.795,2.325,44.31,1498.9,72.9,OK
2023-01-11 14:00:00,Pump_A,Drive_End,2.509,3.605,48.58,1506.1,85.5,OK
2023-01-11 15:00:00,Pump_A,Drive_End,2.521,3.878,46.14,1523.2,80.7,OK
2023-01-11 16:00:00,Pump_A,Drive_End,2.582,4.351,45.8,1498.5,80.7,OK
2023-01-11 17:00:00,Pump_A,Drive_End,2.102,2.602,41.77,1481.6,73.3,OK
2023-01-11 18:00:00,Pump_A,Drive_End,2.515,4.192,46.76,1524.9,81.9,OK
2023-01-11 19:00:00,Pump_A,Drive_End,2.312,3.602,46.0,1509.2,79.5,OK
2023-01-11 20:00:00,Pump_A,Drive_End,2.165,2.869,45.28,1509.9,76.7,OK
2023-01-11 21:00:00,Pump_A,Drive_End,2.129,3.736,44.9,1500.3,75.5,OK
2023-01-11 22:00:00,Pump_A,Drive_End,2.671,4.285,46.66,1508.2,79.9,OK
2023-01-11 23:00:00,Pump_A,Drive_End,1.945,2.613,43.36,1489.3,73.4,OK
2023-01-12 00:00:00,Pump_A,Drive_End,2.403,3.848,46.13,1505.3,80.3,OK
2023-01-12 01:00:00,Pump_A,Drive_End,1.779,2.063,43.07,1490.6,70.1,OK
2023-01-12 02:00:00,Pump_A,Drive_End,2.817,4.97,48.72,1512.2,87.7,OK
2023-01-12 03:00:00,Pump_A,Drive_End,2.238,3.163,45.43,1493.9,78.3,OK
2023-01-12 04:00:00,Pump_A,Drive_End,2.536,4.399,47.45,1500.0,80.8,OK
2023-01-12 05:00:00,Pump_A,Drive_End,2.141,2.529,43.64,1474.5,72.6,OK
2023-01-12 06:00:00,Pump_A,Drive_End,2.157,3.615,43.65,1482.0,74.1,OK
2023-01-12 07:00:00,Pump_A,Drive_End,1.701,1.812,41.84,1494.5,67.0,OK
2023-01-12 08:00:00,Pump_A,Drive_End,2.419,3.142,47.23,1505.8,79.9,OK
2023-01-12 09:00:00,Pump_A,Drive_End,2.166,3.027,44.37,1499.7,79.2,OK
2023-01-12 10:00:00,Pump_A,Drive_End,2.074,2.304,46.48,1517.1,79.1,OK
2023-01-12 11:00:00,Pump_A,Drive_End,2.545,3.515,47.98,1493.3,79.0,OK
2023-01-12 12:00:00,Pump_A,Drive_End,3.035,4.249,49.01,1495.1,83.4,OK
2023-01-12 13:00:00,Pump_A,Drive_End,2.802,4.219,46.55,1513.0,81.5,OK
2023-01-12 14:00:00,Pump_A,Drive_End,2.941,4.479,47.45,1493.2,82.3,OK
2023-01-12 15:00:00,Pump_A,Drive_End,2.261,3.992,45.18,1486.5,80.9,OK
2023-01-12 16:00:00,Pump_A,Drive_End,2.323,3.844,45.76,1505.4,74.8,OK
2023-01-12 17:00:00,Pump_A,Drive_End,2.473,3.549,45.18,1485.8,76.2,OK
2023-01-12 18:00:00,Pump_A,Drive_End,2.89,5.417,47.91,1505.6,86.6,OK
2023-01-12 19:00:00,Pump_A,Drive_End,2.732,4.862,48.27,1500.6,84.6,OK
2023-01-12 20:00:00,Pump_A,Drive_End,2.488,3.313,45.71,1510.7,82.7,OK
2023-01-12 21:00:00,Pump_A,Drive_End,1.589,2.274,41.73,1520.6,70.2,OK
2023-01-12 22:00:00,Pump_A,Drive_End,2.664,3.705,46.8,1508.2,81.5,OK
2023-01-12 23:00:00,Pump_A,Drive_End,2.806,4.455,48.03,1497.5,81.4,OK
2023-01-13 00:00:00,Pump_A,Drive_End,2.635,3.304,47.65,1511.7,83.3,OK
2023-01-13 01:00:00,Pump_A,Drive_End,2.322,4.102,45.17,1494.7,76.7,OK
2023-01-13 02:00:00,Pump_A,Drive_End,2.541,5.112,47.23,1517.0,81.5,OK
2023-01-13 03:00:00,Pump_A,Drive_End,1.948,3.567,43.78,1507.5,71.2,OK
2023-01-13 04:00:00,Pump_A,Drive_End,2.317,3.05,45.07,1487.8,79.3,OK
2023-01-13 05:00:00,Pump_A,Drive_End,2.656,3.385,47.67,1516.7,82.9,OK
2023-01-13 06:00:00,Pump_A,Drive_End,2.732,4.106,47.24,1493.9,86.0,OK
2023-01-13 07:00:00,Pump_A,Drive_End,2.678,3.574,46.91,1498.8,83.2,OK
2023-01-13 08:00:00,Pump_A,Drive_End,2.962,4.243,48.35,1496.3,83.6,OK
2023-01-13 09:00:00,Pump_A,Drive_End,2.328,2.729,48.01,1485.8,84.7,OK
2023-01-13 10:00:00,Pump_A,Drive_End,2.122,3.275,46.29,1525.6,77.2,OK
2023-01-13 11:00:00,Pump_A,Drive_End,3.244,5.377,50.71,1520.6,90.0,OK
2023-01-13 12:00:00,Pump_A,Drive_End,2.47,3.703,46.78,1494.5,83.9,OK
2023-01-13 13:00:00,Pump_A,Drive_End,2.455,3.727,47.16,1507.0,77.7,OK
2023-01-13 14:00:00,Pump_A,Drive_End,1.914,1.938,43.56,1498.1,74.3,OK
2023-01-13 15:00:00,Pump_A,Drive_End,2.49,3.222,47.96,1515.1,79.4,OK
2023-01-13 16:00:00,Pump_A,Drive_End,2.721,3.602,47.65,1505.8,86.1,OK
2023-01-13 17:00:00,Pump_A,Drive_End,3.035,4.308,47.56,1518.8,85.4,OK
2023-01-13 18:00:00,Pump_A,Drive_End,2.507,3.687,45.94,1482.3,80.7,OK
2023-01-13 19:00:00,Pump_A,Drive_End,1.815,2.138,40.07,1505.1,72.0,OK
2023-01-13 20:00:00,Pump_A,Drive_End,2.724,3.857,46.18,1517.7,79.9,OK
2023-01-13 21:00:00,Pump_A,Drive_End,2.601,4.285,48.2,1490.0,82.3,OK
2023-01-13 22:00:00,Pump_A,Drive_End,2.194,2.878,45.16,1498.0,79.5,OK
2023-01-13 23:00:00,Pump_A,Drive_End,2.35,4.271,45.97,1509.1,81.8,OK
2023-01-14 00:00:00,Pump_A,Drive_End,1.909,3.305,45.49,1492.5,79.9,OK
2023-01-14 01:00:00,Pump_A,Drive_End,2.419,2.847,45.24,1500.7,78.6,OK
2023-01-14 02:00:00,Pump_A,Drive_End,2.697,3.367,48.0,1487.5,84.0,OK
2023-01-14 03:00:00,Pump_A,Drive_End,2.622,3.566,45.71,1483.8,79.8,OK
2023-01-14 04:00:00,Pump_A,Drive_End,2.257,3.416,46.27,1511.5,81.0,OK
2023-01-14 05:00:00,Pump_A,Drive_End,2.535,3.388,47.12,1501.8,83.5,OK
2023-01-14 06:00:00,Pump_A,Drive_End,2.166,3.7,41.98,1470.8,74.6,OK
2023-01-14 07:00:00,Pump_A,Drive_End,2.509,3.773,44.53,1506.2,75.0,OK
2023-01-14 08:00:00,Pump_A,Drive_End,2.216,2.924,44.87,1513.7,79.1,OK
2023-01-14 09:00:00,Pump_A,Drive_End,2.439,3.82,44.89,1501.2,75.2,OK
2023-01-14 10:00:00,Pump_A,Drive_End,2.489,3.695,45.75,1484.4,78.5,OK
2023-01-14 11:00:00,Pump_A,Drive_End,3.208,4.598,52.36,1503.0,96.0,OK
2023-01-14 12:00:00,Pump_A,Drive_End,2.618,3.593,48.53,1485.6,80.6,OK
2023-01-14 13:00:00,Pump_A,Drive_End,2.98,4.504,49.38,1495.5,85.4,OK
2023-01-14 14:00:00,Pump_A,Drive_End,2.417,4.14,46.19,1491.5,82.4,OK
2023-01-14 15:00:00,Pump_A,Drive_End,2.364,4.577,44.44,1490.4,78.0,OK
2023-01-14 16:00:00,Pump_A,Drive_End,2.391,3.813,44.94,1514.1,80.1,OK
2023-01-14 17:00:00,Pump_A,Drive_End,2.726,4.682,49.83,1498.1,82.1,OK
2023-01-14 18:00:00,Pump_A,Drive_End,2.613,3.743,47.45,1503.3,82.9,OK
2023-01-14 19:00:00,Pump_A,Drive_End,2.575,3.359,47.28,1501.7,78.5,OK
2023-01-14 20:00:00,Pump_A,Drive_End,2.371,3.252,48.54,1498.8,86.6,OK
2023-01-14 21:00:00,Pump_A,Drive_End,2.292,3.859,46.25,1490.0,79.9,OK
2023-01-14 22:00:00,Pump_A,Drive_End,2.25,2.914,47.0,1496.3,78.8,OK
2023-01-14 23:00:00,Pump_A,Drive_End,2.608,4.411,45.76,1512.2,78.4,OK
2023-01-15 00:00:00,Pump_A,Drive_End,2.34,3.673,45.08,1499.8,82.0,OK
2023-01-15 01:00:00,Pump_A,Drive_End,2.797,4.336,47.92,1495.4,85.9,OK
2023-01-15 02:00:00,Pump_A,Drive_End,2.75,3.452,47.59,1495.3,82.9,OK
2023-01-15 03:00:00,Pump_A,Drive_End,2.846,4.526,49.23,1490.0,89.7,OK
2023-01-15 04:00:00,Pump_A,Drive_End,2.632,4.503,47.34,1504.9,81.8,OK
2023-01-15 05:00:00,Pump_A,Drive_End,2.708,3.995,45.55,1506.7,78.8,OK
2023-01-15 06:00:00,Pump_A,Drive_End,2.298,3.87,46.32,1498.8,85.5,OK
2023-01-15 07:00:00,Pump_A,Drive_End,2.411,3.971,45.5,1503.3,79.5,OK
2023-01-15 08:00:00,Pump_A,Drive_End,2.702,4.36,46.33,1497.4,82.6,OK
2023-01-15 09:00:00,Pump_A,Drive_End,2.887,4.515,50.14,1494.6,85.4,OK
2023-01-15 10:00:00,Pump_A,Drive_End,2.329,3.342,46.4,1496.5,78.9,OK
2023-01-15 11:00:00,Pump_A,Drive_End,1.702,3.027,44.35,1489.5,71.9,OK
2023-01-15 12:00:00,Pump_A,Drive_End,2.383,4.155,44.92,1498.3,79.5,OK
2023-01-15 13:00:00,Pump_A,Drive_End,2.572,3.952,47.67,1509.8,81.2,OK
2023-01-15 14:00:00,Pump_A,Drive_End,1.458,1.272,41.45,1506.8,66.5,OK
2023-01-15 15:00:00,Pump_A,Drive_End,3.003,5.31,50.2,1498.6,86.9,OK
2023-01-15 16:00:00,Pump_A,Drive_End,2.907,3.56,48.66,1507.4,88.2,OK
2023-01-15 17:00:00,Pump_A,Drive_End,2.112,3.229,44.99,1521.7,75.8,OK
2023-01-15 18:00:00,Pump_A,Drive_End,2.289,3.53,45.02,1517.0,80.2,OK
2023-01-15 19:00:00,Pump_A,Drive_End,1.997,2.78,42.98,1493.9,73.4,OK
2023-01-15 20:00:00,Pump_A,Drive_End,1.677,2.896,42.87,1499.2,73.0,OK
2023-01-15 21:00:00,Pump_A,Drive_End,1.812,2.878,44.41,1496.9,72.7,OK
2023-01-15 22:00:00,Pump_A,Drive_End,1.805,3.044,42.85,1501.2,70.6,OK
2023-01-15 23:00:00,Pump_A,Drive_End,2.015,3.561,44.31,1496.8,76.2,OK
2023-01-16 00:00:00,Pump_A,Drive_End,2.829,3.486,47.17,1499.4,89.5,OK
2023-01-16 01:00:00,Pump_A,Drive_End,2.027,2.249,44.38,1502.7,72.1,OK
2023-01-16 02:00:00,Pump_A,Drive_End,2.578,4.315,45.69,1501.5,77.6,OK
2023-01-16 03:00:00,Pump_A,Drive_End,1.989,2.878,43.09,1478.5,75.5,OK
2023-01-16 04:00:00,Pump_A,Drive_End,2.316,3.148,45.83,1500.8,79.3,OK
2023-01-16 05:00:00,Pump_A,Drive_End,2.815,4.173,47.5,1489.1,82.2,OK
2023-01-16 06:00:00,Pump_A,Drive_End,2.803,4.348,47.1,1502.3,83.5,OK
2023-01-16 07:00:00,Pump_A,Drive_End,2.53,3.779,46.48,1488.6,81.8,OK
2023-01-16 08:00:00,Pump_A,Drive_End,2.252,3.424,45.66,1481.2,79.4,OK
2023-01-16 09:00:00,Pump_A,Drive_End,1.918,3.362,44.2,1512.7,74.9,OK
2023-01-16 10:00:00,Pump_A,Drive_End,1.967,3.411,45.27,1517.8,76.8,OK
2023-01-16 11:00:00,Pump_A,Drive_End,2.149,3.368,44.96,1513.9,76.6,OK
2023-01-16 12:00:00,Pump_A,Drive_End,2.518,2.903,47.47,1508.1,79.3,OK
2023-01-16 13:00:00,Pump_A,Drive_End,2.127,2.644,43.24,1510.3,71.7,OK
2023-01-16 14:00:00,Pump_A,Drive_End,2.007,3.4,45.22,1497.9,74.5,OK
2023-01-16 15:00:00,Pump_A,Drive_End,2.777,3.324,47.53,1494.4,87.0,OK
2023-01-16 16:00:00,Pump_A,Drive_End,2.443,3.368,47.04,1516.2,84.8,OK
2023-01-16 17:00:00,Pump_A,Drive_End,2.569,3.616,46.69,1491.9,81.4,OK
2023-01-16 18:00:00,Pump_A,Drive_End,2.477,3.66,46.65,1500.1,82.7,OK
2023-01-16 19:00:00,Pump_A,Drive_End,2.609,4.194,45.86,1497.4,78.1,OK
2023-01-16 20:00:00,Pump_A,Drive_End,2.844,4.45,47.7,1496.7,83.5,OK
2023-01-16 21:00:00,Pump_A,Drive_End,2.309,2.866,46.36,1484.3,82.2,OK
2023-01-16 22:00:00,Pump_A,Drive_End,3.047,4.821,47.55,1522.3,88.7,OK
2023-01-16 23:00:00,Pump_A,Drive_End,2.113,3.085,44.27,1492.1,77.3,OK
2023-01-17 00:00:00,Pump_A,Drive_End,1.592,2.507,44.07,1507.5,70.1,OK
2023-01-17 01:00:00,Pump_A,Drive_End,2.067,3.651,46.21,1474.7,75.4,OK
2023-01-17 02:00:00,Pump_A,Drive_End,1.938,2.854,46.26,1505.0,73.9,OK
2023-01-17 03:00:00,Pump_A,Drive_End,2.043,3.607,43.7,1502.5,72.5,OK
2023-01-17 04:00:00,Pump_A,Drive_End,2.546,3.648,47.3,1496.1,81.5,OK
2023-01-17 05:00:00,Pump_A,Drive_End,2.283,3.988,45.29,1503.8,78.2,OK
2023-01-17 06:00:00,Pump_A,Drive_End,1.687,2.204,41.85,1512.6,71.1,OK
2023-01-17 07:00:00,Pump_A,Drive_End,3.44,5.688,50.2,1478.6,86.9,OK
2023-01-17 08:00:00,Pump_A,Drive_End,2.488,4.054,46.72,1502.9,79.7,OK
2023-01-17 09:00:00,Pump_A,Drive_End,2.397,3.497,47.21,1498.0,80.4,OK
2023-01-17 10:00:00,Pump_A,Drive_End,2.709,4.161,47.35,1470.6,83.0,OK
2023-01-17 11:00:00,Pump_A,Drive_End,2.473,3.323,46.2,1511.2,78.1,OK
2023-01-17 12:00:00,Pump_A,Drive_End,1.983,3.406,44.94,1486.2,75.1,OK
2023-01-17 13:00:00,Pump_A,Drive_End,2.657,3.665,47.59,1507.3,82.6,OK
2023-01-17 14:00:00,Pump_A,Drive_End,2.878,4.671,48.35,1507.5,84.0,OK
2023-01-17 15:00:00,Pump_A,Drive_End,2.545,3.735,46.69,1499.7,85.4,OK
2023-01-17 16:00:00,Pump_A,Drive_End,2.039,2.904,42.53,1498.6,76.6,OK
2023-01-17 17:00:00,Pump_A,Drive_End,2.301,3.78,46.9,1500.0,81.1,OK
2023-01-17 18:00:00,Pump_A,Drive_End,1.764,2.176,43.63,1492.4,72.0,OK
2023-01-17 19:00:00,Pump_A,Drive_End,1.941,3.229,43.42,1497.4,79.0,OK
2023-01-17 20:00:00,Pump_A,Drive_End,2.69,3.381,43.77,1502.8,80.3,OK
2023-01-17 21:00:00,Pump_A,Drive_End,2.703,4.159,46.45,1518.0,80.9,OK
2023-01-17 22:00:00,Pump_A,Drive_End,2.737,4.359,48.71,1490.3,84.0,OK
2023-01-17 23:00:00,Pump_A,Drive_End,3.126,4.676,48.81,1503.9,93.8,OK
2023-01-18 00:00:00,Pump_A,Drive_End,2.087,3.206,43.7,1495.9,76.5,OK
2023-01-18 01:00:00,Pump_A,Drive_End,2.734,3.938,48.11,1500.0,85.6,OK
2023-01-18 02:00:00,Pump_A,Drive_End,2.516,3.622,45.77,1491.3,84.1,OK
2023-01-18 03:00:00,Pump_A,Drive_End,2.329,3.625,45.2,1495.2,75.9,OK
2023-01-18 04:00:00,Pump_A,Drive_End,2.733,4.048,47.95,1498.6,84.3,OK
2023-01-18 05:00:00,Pump_A,Drive_End,2.198,4.009,45.84,1475.6,77.1,OK
2023-01-18 06:00:00,Pump_A,Drive_End,2.707,4.16,47.12,1512.4,84.8,OK
2023-01-18 07:00:00,Pump_A,Drive_End,2.546,3.749,45.6,1506.2,78.4,OK
2023-01-18 08:00:00,Pump_A,Drive_End,2.111,2.019,44.73,1506.0,80.0,OK
2023-01-18 09:00:00,Pump_A,Drive_End,2.004,2.78,45.24,1494.9,73.9,OK
2023-01-18 10:00:00,Pump_A,Drive_End,2.622,3.364,47.92,1503.0,81.6,OK
2023-01-18 11:00:00,Pump_A,Drive_End,2.163,2.467,46.15,1506.7,79.6,OK
2023-01-18 12:00:00,Pump_A,Drive_End,2.339,4.071,45.03,1491.0,81.9,OK
2023-01-18 13:00:00,Pump_A,Drive_End,3.02,4.366,49.8,1491.0,88.2,OK
2023-01-18 14:00:00,Pump_A,Drive_End,2.245,2.866,45.81,1498.4,77.3,OK
2023-01-18 15:00:00,Pump_A,Drive_End,2.047,1.79,44.41,1497.7,77.4,OK
2023-01-18 16:00:00,Pump_A,Drive_End,3.12,4.548,50.23,1507.8,92.1,OK
2023-01-18 17:00:00,Pump_A,Drive_End,2.787,4.538,48.23,1488.2,82.7,OK
2023-01-18 18:00:00,Pump_A,Drive_End,2.666,4.295,46.75,1500.2,82.2,OK
2023-01-18 19:00:00,Pump_A,Drive_End,2.538,3.187,44.3,1501.0,77.1,OK
2023-01-18 20:00:00,Pump_A,Drive_End,2.484,3.848,46.15,1500.5,80.8,OK
2023-01-18 21:00:00,Pump_A,Drive_End,2.681,3.97,46.55,1484.0,87.4,OK
2023-01-18 22:00:00,Pump_A,Drive_End,2.351,3.642,44.44,1516.6,79.1,OK
2023-01-18 23:00:00,Pump_A,Drive_End,2.152,3.868,45.32,1496.2,76.9,OK
2023-01-19 00:00:00,Pump_A,Drive_End,2.166,3.819,45.88,1502.5,74.4,OK
2023-01-19 01:00:00,Pump_A,Drive_End,1.844,2.649,44.06,1491.9,74.9,OK
2023-01-19 02:00:00,Pump_A,Drive_End,2.632,4.024,46.73,1499.2,84.9,OK
2023-01-19 03:00:00,Pump_A,Drive_End,3.064,5.608,49.76,1483.9,90.4,OK
2023-01-19 04:00:00,Pump_A,Drive_End,2.307,4.147,43.37,1496.4,79.0,OK
2023-01-19 05:00:00,Pump_A,Drive_End,2.807,3.995,49.14,1485.8,87.7,OK
2023-01-19 06:00:00,Pump_A,Drive_End,2.325,2.807,44.41,1504.6,72.0,OK
2023-01-19 07:00:00,Pump_A,Drive_End,2.205,2.987,45.34,1504.3,76.7,OK
2023-01-19 08:00:00,Pump_A,Drive_End,3.085,3.981,48.56,1498.1,89.0,OK
2023-01-19 09:00:00,Pump_A,Drive_End,2.613,3.763,47.0,1514.8,82.4,OK
2023-01-19 10:00:00,Pump_A,Drive_End,2.201,3.076,43.78,1506.0,73.7,OK
2023-01-19 11:00:00,Pump_A,Drive_End,2.467,4.75,46.19,1495.6,81.3,OK
2023-01-19 12:00:00,Pump_A,Drive_End,2.441,3.571,45.1,1493.5,78.2,OK
2023-01-19 13:00:00,Pump_A,Drive_End,2.676,3.081,49.02,1514.2,86.6,OK
2023-01-19 14:00:00,Pump_A,Drive_End,1.801,3.147,42.61,1507.9,76.6,OK
2023-01-19 15:00:00,Pump_A,Drive_End,2.428,3.439,47.49,1500.1,83.7,OK
2023-01-19 16:00:00,Pump_A,Drive_End,2.827,3.458,48.79,1505.8,80.5,OK
2023-01-19 17:00:00,Pump_A,Drive_End,2.165,3.153,46.44,1491.0,80.5,OK
2023-01-19 18:00:00,Pump_A,Drive_End,2.072,3.101,43.8,1515.1,79.4,OK
2023-01-19 19:00:00,Pump_A,Drive_End,2.425,2.335,46.62,1508.9,81.8,OK
2023-01-19 20:00:00,Pump_A,Drive_End,2.778,3.632,48.06,1504.0,82.2,OK
2023-01-19 21:00:00,Pump_A,Drive_End,2.822,3.98,48.17,1482.2,86.0,OK
2023-01-19 22:00:00,Pump_A,Drive_End,2.369,3.571,45.18,1495.1,81.7,OK
2023-01-19 23:00:00,Pump_A,Drive_End,1.844,3.1,43.99,1506.8,74.6,OK
2023-01-20 00:00:00,Pump_A,Drive_End,2.121,2.691,43.11,1493.2,71.4,OK
2023-01-20 01:00:00,Pump_A,Drive_End,2.488,3.434,48.11,1507.8,82.3,OK
2023-01-20 02:00:00,Pump_A,Drive_End,2.939,4.004,48.26,1509.8,88.7,OK
2023-01-20 03:00:00,Pump_A,Drive_End,2.837,4.581,46.11,1504.2,82.6,OK
2023-01-20 04:00:00,Pump_A,Drive_End,2.639,4.083,49.64,1490.0,85.3,OK
2023-01-20 05:00:00,Pump_A,Drive_End,3.296,5.212,52.24,1506.1,95.5,OK
2023-01-20 06:00:00,Pump_A,Drive_End,2.35,3.774,46.22,1518.0,78.4,OK
2023-01-20 07:00:00,Pump_A,Drive_End,2.403,3.325,45.33,1508.4,82.1,OK
2023-01-20 08:00:00,Pump_A,Drive_End,2.623,4.772,46.99,1507.8,82.2,OK
2023-01-20 09:00:00,Pump_A,Drive_End,2.523,4.133,47.83,1489.1,83.3,OK
2023-01-20 10:00:00,Pump_A,Drive_End,2.008,2.834,45.62,1499.3,78.5,OK
2023-01-20 11:00:00,Pump_A,Drive_End,2.583,3.877,46.37,1505.0,82.9,OK
2023-01-20 12:00:00,Pump_A,Drive_End,2.708,3.799,45.32,1504.2,83.5,OK
2023-01-20 13:00:00,Pump_A,Drive_End,2.557,4.182,47.1,1495.2,85.5,OK
2023-01-20 14:00:00,Pump_A,Drive_End,2.855,3.599,49.41,1506.2,85.3,OK
2023-01-20 15:00:00,Pump_A,Drive_End,2.507,2.872,46.94,1496.3,81.3,OK
2023-01-20 16:00:00,Pump_A,Drive_End,1.787,3.236,42.81,1486.5,74.9,OK
2023-01-20 17:00:00,Pump_A,Drive_End,2.519,3.22,49.07,1494.6,87.7,OK
2023-01-20 18:00:00,Pump_A,Drive_End,2.385,3.829,46.92,1494.5,79.2,OK
2023-01-20 19:00:00,Pump_A,Drive_End,2.569,3.647,48.13,1496.4,87.2,OK
2023-01-20 20:00:00,Pump_A,Drive_End,2.18,3.245,44.52,1490.4,75.2,OK
2023-01-20 21:00:00,Pump_A,Drive_End,1.988,3.427,45.25,1497.7,76.2,OK
2023-01-20 22:00:00,Pump_A,Drive_End,1.547,1.995,41.94,1490.7,70.8,OK
2023-01-20 23:00:00,Pump_A,Drive_End,1.764,2.75,43.03,1490.8,72.8,OK
2023-01-21 00:00:00,Pump_A,Drive_End,2.074,2.975,46.14,1501.8,76.4,OK
2023-01-21 01:00:00,Pump_A,Drive_End,2.968,4.858,47.61,1487.0,86.7,OK
2023-01-21 02:00:00,Pump_A,Drive_End,2.421,3.173,47.89,1515.4,84.1,OK
2023-01-21 03:00:00,Pump_A,Drive_End,2.55,4.02,45.32,1505.5,81.4,OK
2023-01-21 04:00:00,Pump_A,Drive_End,2.668,3.981,46.19,1511.7,85.2,OK
2023-01-21 05:00:00,Pump_A,Drive_End,2.542,4.375,46.53,1505.7,82.6,OK
2023-01-21 06:00:00,Pump_A,Drive_End,2.565,3.76,47.2,1489.8,82.8,OK
2023-01-21 07:00:00,Pump_A,Drive_End,2.454,3.463,44.16,1498.7,78.2,OK
2023-01-21 08:00:00,Pump_A,Drive_End,2.666,4.344,47.91,1513.8,88.7,OK
2023-01-21 09:00:00,Pump_A,Drive_End,2.432,3.256,45.65,1502.9,81.3,OK
2023-01-21 10:00:00,Pump_A,Drive_End,2.112,2.81,45.05,1491.7,75.4,OK
2023-01-21 11:00:00,Pump_A,Drive_End,2.894,4.591,49.19,1494.2,87.4,OK
2023-01-21 12:00:00,Pump_A,Drive_End,2.519,3.16,47.24,1507.4,80.4,OK
2023-01-21 13:00:00,Pump_A,Drive_End,2.674,4.352,47.36,1492.4,84.4,OK
2023-01-21 14:00:00,Pump_A,Drive_End,2.565,3.157,47.79,1523.6,85.4,OK
2023-01-21 15:00:00,Pump_A,Drive_End,2.907,3.691,48.68,1497.7,83.6,OK
2023-01-21 16:00:00,Pump_A,Drive_End,2.617,3.542,45.39,1517.2,77.0,OK
2023-01-21 17:00:00,Pump_A,Drive_End,2.649,3.986,45.56,1496.1,84.3,OK
2023-01-21 18:00:00,Pump_A,Drive_End,2.297,4.168,44.47,1493.1,79.9,OK
2023-01-21 19:00:00,Pump_A,Drive_End,2.588,4.277,47.62,1497.2,84.1,OK
2023-01-21 20:00:00,Pump_A,Drive_End,2.505,3.451,45.75,1509.7,82.9,OK
2023-01-21 21:00:00,Pump_A,Drive_End,2.401,2.926,43.86,1529.5,75.9,OK
2023-01-21 22:00:00,Pump_A,Drive_End,2.654,3.854,46.99,1505.5,82.4,OK
2023-01-21 23:00:00,Pump_A,Drive_End,2.055,2.967,44.61,1500.9,81.6,OK
2023-01-22 00:00:00,Pump_A,Drive_End,2.526,3.632,47.41,1529.9,80.9,OK
2023-01-22 01:00:00,Pump_A,Drive_End,2.666,5.028,46.02,1504.2,82.4,OK
2023-01-22 02:00:00,Pump_A,Drive_End,2.653,3.52,46.69,1490.7,82.4,OK
2023-01-22 03:00:00,Pump_A,Drive_End,2.495,3.12,46.0,1509.8,78.5,OK
2023-01-22 04:00:00,Pump_A,Drive_End,2.144,3.061,47.08,1487.4,76.5,OK
2023-01-22 05:00:00,Pump_A,Drive_End,2.417,4.136,48.56,1486.2,82.2,OK
2023-01-22 06:00:00,Pump_A,Drive_End,2.298,3.642,43.29,1481.2,72.1,OK
2023-01-22 07:00:00,Pump_A,Drive_End,2.561,4.006,47.86,1473.6,82.7,OK
2023-01-22 08:00:00,Pump_A,Drive_End,1.911,2.994,42.87,1500.9,74.9,OK
2023-01-22 09:00:00,Pump_A,Drive_End,2.408,4.041,45.38,1490.0,78.0,OK
2023-01-22 10:00:00,Pump_A,Drive_End,2.352,3.502,48.54,1485.5,80.2,OK
2023-01-22 11:00:00,Pump_A,Drive_End,2.266,3.539,46.31,1514.6,74.4,OK
2023-01-22 12:00:00,Pump_A,Drive_End,2.501,4.363,47.72,1503.9,81.9,OK
2023-01-22 13:00:00,Pump_A,Drive_End,2.172,2.858,44.74,1486.8,76.9,OK
2023-01-22 14:00:00,Pump_A,Drive_End,2.763,4.173,48.99,1495.4,86.2,OK
2023-01-22 15:00:00,Pump_A,Drive_End,1.768,3.252,41.68,1493.9,68.8,OK
2023-01-22 16:00:00,Pump_A,Drive_End,1.71,1.97,41.77,1506.2,70.6,OK
2023-01-22 17:00:00,Pump_A,Drive_End,1.904,3.304,45.85,1494.0,79.1,OK
2023-01-22 18:00:00,Pump_A,Drive_End,2.555,3.829,47.64,1488.6,83.3,OK
2023-01-22 19:00:00,Pump_A,Drive_End,2.617,4.154,48.67,1492.7,83.3,OK
2023-01-22 20:00:00,Pump_A,Drive_End,2.628,4.647,47.68,1507.9,83.5,OK
2023-01-22 21:00:00,Pump_A,Drive_End,2.281,3.2,44.36,1514.0,75.7,OK
2023-01-22 22:00:00,Pump_A,Drive_End,2.528,3.948,48.32,1504.6,81.5,OK
2023-01-22 23:00:00,Pump_A,Drive_End,2.91,3.848,48.74,1501.9,85.4,OK
2023-01-23 00:00:00,Pump_A,Drive_End,2.773,3.834,47.65,1497.8,89.0,OK
2023-01-23 01:00:00,Pump_A,Drive_End,1.883,2.833,44.83,1496.3,76.1,OK
2023-01-23 02:00:00,Pump_A,Drive_End,2.23,3.86,44.01,1515.2,75.5,OK
2023-01-23 03:00:00,Pump_A,Drive_End,2.834,4.338,48.49,1489.1,84.3,OK
2023-01-23 04:00:00,Pump_A,Drive_End,2.167,2.776,44.7,1491.0,74.1,OK
2023-01-23 05:00:00,Pump_A,Drive_End,1.743,2.891,43.62,1508.5,73.2,OK
2023-01-23 06:00:00,Pump_A,Drive_End,2.243,3.095,43.9,1505.8,76.5,OK
2023-01-23 07:00:00,Pump_A,Drive_End,1.498,2.295,41.52,1503.5,70.2,OK
2023-01-23 08:00:00,Pump_A,Drive_End,2.538,4.173,47.36,1497.0,83.4,OK
2023-01-23 09:00:00,Pump_A,Drive_End,2.188,3.66,46.4,1504.7,81.6,OK
2023-01-23 10:00:00,Pump_A,Drive_End,2.087,3.063,44.54,1497.6,74.9,OK
2023-01-23 11:00:00,Pump_A,Drive_End,2.567,4.161,49.18,1510.8,87.2,OK
2023-01-23 12:00:00,Pump_A,Drive_End,2.918,4.89,47.93,1510.9,81.9,OK
2023-01-23 13:00:00,Pump_A,Drive_End,2.718,3.902,49.4,1501.4,85.2,OK
2023-01-23 14:00:00,Pump_A,Drive_End,2.254,2.682,45.19,1515.3,75.9,OK
2023-01-23 15:00:00,Pump_A,Drive_End,1.947,2.624,42.89,1506.3,69.5,OK
2023-01-23 16:00:00,Pump_A,Drive_End,2.774,4.903,50.85,1494.9,89.8,OK
2023-01-23 17:00:00,Pump_A,Drive_End,2.669,3.633,46.19,1510.1,80.0,OK
2023-01-23 18:00:00,Pump_A,Drive_End,2.882,3.883,50.42,1516.9,86.2,OK
2023-01-23 19:00:00,Pump_A,Drive_End,2.309,4.241,46.1,1496.6,77.3,OK
2023-01-23 20:00:00,Pump_A,Drive_End,2.533,4.079,44.22,1504.6,82.1,OK
2023-01-23 21:00:00,Pump_A,Drive_End,2.081,3.314,44.7,1502.4,78.5,OK
2023-01-23 22:00:00,Pump_A,Drive_End,2.833,4.175,48.77,1515.7,88.8,OK
2023-01-23 23:00:00,Pump_A,Drive_End,2.113,2.604,45.45,1502.0,77.7,OK
2023-01-24 00:00:00,Pump_A,Drive_End,2.768,3.836,47.8,1492.0,83.1,OK
2023-01-24 01:00:00,Pump_A,Drive_End,2.737,3.847,47.47,1499.7,84.1,OK
2023-01-24 02:00:00,Pump_A,Drive_End,2.303,2.68,45.06,1492.5,79.0,OK
2023-01-24 03:00:00,Pump_A,Drive_End,2.266,3.368,45.86,1497.4,78.6,OK
2023-01-24 04:00:00,Pump_A,Drive_End,2.422,3.112,46.44,1493.5,84.4,OK
2023-01-24 05:00:00,Pump_A,Drive_End,2.035,2.825,44.92,1492.3,78.2,OK
2023-01-24 06:00:00,Pump_A,Drive_End,2.496,3.281,46.8,1494.4,83.0,OK
2023-01-24 07:00:00,Pump_A,Drive_End,1.788,2.503,43.92,1505.7,75.8,OK
2023-01-24 08:00:00,Pump_A,Drive_End,2.525,3.286,46.4,1526.9,80.9,OK
2023-01-24 09:00:00,Pump_A,Drive_End,1.701,3.008,41.93,1499.2,71.1,OK
2023-01-24 10:00:00,Pump_A,Drive_End,2.713,3.908,48.5,1493.6,79.4,OK
2023-01-24 11:00:00,Pump_A,Drive_End,2.718,4.274,45.68,1504.8,84.1,OK
2023-01-24 12:00:00,Pump_A,Drive_End,2.307,2.757,45.44,1508.5,78.6,OK
2023-01-24 13:00:00,Pump_A,Drive_End,2.899,4.824,48.58,1512.5,88.5,OK
2023-01-24 14:00:00,Pump_A,Drive_End,2.201,3.165,43.56,1490.8,71.5,OK
2023-01-24 15:00:00,Pump_A,Drive_End,2.635,5.062,46.13,1519.0,78.5,OK
2023-01-24 16:00:00,Pump_A,Drive_End,2.784,3.592,47.47,1484.8,81.5,OK
2023-01-24 17:00:00,Pump_A,Drive_End,1.903,2.551,43.12,1494.1,74.5,OK
2023-01-24 18:00:00,Pump_A,Drive_End,2.015,3.132,45.71,1508.3,77.3,OK
2023-01-24 19:00:00,Pump_A,Drive_End,2.2,3.89,45.18,1492.8,77.4,OK
2023-01-24 20:00:00,Pump_A,Drive_End,2.02,3.371,44.93,1504.8,77.3,OK
2023-01-24 21:00:00,Pump_A,Drive_End,2.13,3.463,46.25,1491.6,78.5,OK
2023-01-24 22:00:00,Pump_A,Drive_End,1.791,2.395,43.81,1504.6,76.8,OK
2023-01-24 23:00:00,Pump_A,Drive_End,1.994,3.136,43.89,1490.6,75.5,OK
2023-01-25 00:00:00,Pump_A,Drive_End,1.607,2.64,39.03,1478.8,68.8,OK
2023-01-25 01:00:00,Pump_A,Drive_End,2.528,3.599,46.2,1494.7,77.5,OK
2023-01-25 02:00:00,Pump_A,Drive_End,2.596,4.002,47.14,1478.7,80.7,OK
2023-01-25 03:00:00,Pump_A,Drive_End,3.923,5.74,54.02,1479.2,99.6,OK
2023-01-25 04:00:00,Pump_A,Drive_End,2.272,3.573,44.12,1495.8,79.8,OK
2023-01-25 05:00:00,Pump_A,Drive_End,2.399,3.374,48.01,1495.8,83.8,OK
2023-01-25 06:00:00,Pump_A,Drive_End,2.093,3.519,45.38,1503.6,77.3,OK
2023-01-25 07:00:00,Pump_A,Drive_End,3.088,4.682,50.87,1498.2,89.2,OK
2023-01-25 08:00:00,Pump_A,Drive_End,2.145,3.186,44.74,1507.5,76.4,OK
2023-01-25 09:00:00,Pump_A,Drive_End,2.519,4.567,47.53,1498.8,81.3,OK
2023-01-25 10:00:00,Pump_A,Drive_End,2.483,4.202,47.95,1495.4,84.3,OK
2023-01-25 11:00:00,Pump_A,Drive_End,2.796,3.374,48.07,1494.0,87.4,OK
2023-01-25 12:00:00,Pump_A,Drive_End,2.827,4.145,48.39,1495.3,85.0,OK
2023-01-25 13:00:00,Pump_A,Drive_End,1.457,2.093,40.87,1500.9,74.3,OK
2023-01-25 14:00:00,Pump_A,Drive_End,2.855,5.043,47.39,1507.8,86.0,OK
2023-01-25 15:00:00,Pump_A,Drive_End,2.877,4.883,47.83,1509.3,88.7,OK
2023-01-25 16:00:00,Pump_A,Drive_End,2.047,2.542,45.52,1493.9,75.9,OK
2023-01-25 17:00:00,Pump_A,Drive_End,2.208,2.402,45.53,1503.5,78.7,OK
2023-01-25 18:00:00,Pump_A,Drive_End,1.553,3.323,42.88,1499.3,70.4,OK
2023-01-25 19:00:00,Pump_A,Drive_End,2.262,3.665,45.96,1512.6,80.5,OK
2023-01-25 20:00:00,Pump_A,Drive_End,2.626,4.083,45.17,1512.7,81.3,OK
2023-01-25 21:00:00,Pump_A,Drive_End,2.131,2.631,46.78,1498.8,75.2,OK
2023-01-25 22:00:00,Pump_A,Drive_End,2.869,4.198,47.74,1506.0,87.6,OK
2023-01-25 23:00:00,Pump_A,Drive_End,2.175,3.429,45.36,1502.6,80.4,OK
2023-01-26 00:00:00,Pump_A,Drive_End,1.745,3.561,43.01,1491.4,70.5,OK
2023-01-26 01:00:00,Pump_A,Drive_End,1.69,3.076,42.42,1504.9,73.3,OK
2023-01-26 02:00:00,Pump_A,Drive_End,2.114,2.473,44.61,1513.3,79.5,OK
2023-01-26 03:00:00,Pump_A,Drive_End,2.145,2.992,46.95,1484.8,85.2,OK
2023-01-26 04:00:00,Pump_A,Drive_End,2.678,4.594,46.03,1495.4,86.0,OK
2023-01-26 05:00:00,Pump_A,Drive_End,2.373,3.305,45.58,1501.9,78.1,OK
2023-01-26 06:00:00,Pump_A,Drive_End,1.744,2.125,41.93,1493.4,67.6,OK
2023-01-26 07:00:00,Pump_A,Drive_End,2.568,3.371,46.66,1496.6,82.2,OK
2023-01-26 08:00:00,Pump_A,Drive_End,2.466,3.811,47.49,1501.6,83.1,OK
2023-01-26 09:00:00,Pump_A,Drive_End,1.718,2.789,43.44,1511.6,69.8,OK
2023-01-26 10:00:00,Pump_A,Drive_End,1.931,2.504,45.19,1492.9,73.1,OK
2023-01-26 11:00:00,Pump_A,Drive_End,2.184,2.675,44.21,1494.4,75.7,OK
2023-01-26 12:00:00,Pump_A,Drive_End,2.477,3.45,44.99,1496.7,81.6,OK
2023-01-26 13:00:00,Pump_A,Drive_End,2.5,3.863,47.26,1517.5,81.6,OK
2023-01-26 14:00:00,Pump_A,Drive_End,2.06,3.905,43.15,1517.0,73.7,OK
2023-01-26 15:00:00,Pump_A,Drive_End,3.056,4.701,49.21,1507.8,89.1,OK
2023-01-26 16:00:00,Pump_A,Drive_End,2.367,2.992,46.93,1501.4,86.0,OK
2023-01-26 17:00:00,Pump_A,Drive_End,2.737,3.13,47.3,1499.4,81.5,OK
2023-01-26 18:00:00,Pump_A,Drive_End,1.836,2.963,41.91,1507.6,70.9,OK
2023-01-26 19:00:00,Pump_A,Drive_End,2.901,4.286,49.11,1510.4,86.4,OK
2023-01-26 20:00:00,Pump_A,Drive_End,2.518,4.312,44.86,1508.6,76.5,OK
2023-01-26 21:00:00,Pump_A,Drive_End,2.623,4.16,45.05,1487.1,81.8,OK
2023-01-26 22:00:00,Pump_A,Drive_End,1.991,2.382,44.21,1497.2,74.2,OK
2023-01-26 23:00:00,Pump_A,Drive_End,2.324,4.011,47.72,1498.1,81.3,OK
2023-01-27 00:00:00,Pump_A,Drive_End,2.353,3.351,45.26,1493.9,77.6,OK
2023-01-27 01:00:00,Pump_A,Drive_End,2.886,4.365,47.54,1480.9,83.7,OK
2023-01-27 02:00:00,Pump_A,Drive_End,2.027,3.788,45.02,1499.6,79.6,OK
2023-01-27 03:00:00,Pump_A,Drive_End,2.329,3.73,46.0,1509.5,82.2,OK
2023-01-27 04:00:00,Pump_A,Drive_End,2.634,3.65,47.86,1478.7,84.2,OK
2023-01-27 05:00:00,Pump_A,Drive_End,2.399,3.543,45.57,1492.9,82.4,OK
2023-01-27 06:00:00,Pump_A,Drive_End,2.071,2.919,44.98,1496.3,84.2,OK
2023-01-27 07:00:00,Pump_A,Drive_End,1.932,3.563,43.51,1487.6,71.8,OK
2023-01-27 08:00:00,Pump_A,Drive_End,2.126,2.842,43.55,1504.6,77.0,OK
2023-01-27 09:00:00,Pump_A,Drive_End,1.906,2.811,42.6,1496.1,71.2,OK
2023-01-27 10:00:00,Pump_A,Drive_End,1.853,3.167,42.68,1506.1,75.3,OK
2023-01-27 11:00:00,Pump_A,Drive_End,2.074,3.599,44.95,1485.3,76.2,OK
2023-01-27 12:00:00,Pump_A,Drive_End,2.473,3.544,46.38,1505.2,84.9,OK
2023-01-27 13:00:00,Pump_A,Drive_End,2.978,4.913,50.6,1488.0,86.7,OK
2023-01-27 14:00:00,Pump_A,Drive_End,2.733,3.791,44.89,1507.1,78.0,OK
2023-01-27 15:00:00,Pump_A,Drive_End,1.459,2.003,42.21,1507.1,70.6,OK
2023-01-27 16:00:00,Pump_A,Drive_End,2.5,4.389,45.48,1504.3,80.9,OK
2023-01-27 17:00:00,Pump_A,Drive_End,2.363,3.995,45.68,1492.3,76.6,OK
2023-01-27 18:00:00,Pump_A,Drive_End,3.088,5.394,49.64,1488.2,85.9,OK
2023-01-27 19:00:00,Pump_A,Drive_End,2.83,3.877,49.58,1483.4,88.9,OK
2023-01-27 20:00:00,Pump_A,Drive_End,2.359,3.886,45.13,1507.6,74.7,OK
2023-01-27 21:00:00,Pump_A,Drive_End,2.354,3.92,44.86,1491.5,75.1,OK
2023-01-27 22:00:00,Pump_A,Drive_End,2.06,4.046,43.45,1479.7,77.9,OK
2023-01-27 23:00:00,Pump_A,Drive_End,2.206,3.401,46.64,1510.1,80.9,OK
2023-01-28 00:00:00,Pump_A,Drive_End,2.07,3.634,45.01,1528.7,80.1,OK
2023-01-28 01:00:00,Pump_A,Drive_End,2.485,3.842,45.13,1504.4,83.9,OK
2023-01-28 02:00:00,Pump_A,Drive_End,2.709,4.592,47.74,1503.0,83.0,OK
2023-01-28 03:00:00,Pump_A,Drive_End,2.302,4.046,47.34,1491.2,80.7,OK
2023-01-28 04:00:00,Pump_A,Drive_End,2.148,3.808,45.8,1500.5,78.8,OK
2023-01-28 05:00:00,Pump_A,Drive_End,2.907,4.476,49.85,1491.2,89.7,OK
2023-01-28 06:00:00,Pump_A,Drive_End,2.512,4.128,45.15,1491.3,78.9,OK
2023-01-28 07:00:00,Pump_A,Drive_End,2.833,4.29,48.99,1511.7,86.8,OK
2023-01-28 08:00:00,Pump_A,Drive_End,1.711,3.005,41.85,1500.3,75.7,OK
2023-01-28 09:00:00,Pump_A,Drive_End,2.809,3.899,48.24,1496.7,87.5,OK
2023-01-28 10:00:00,Pump_A,Drive_End,3.081,4.79,47.91,1475.1,87.1,OK
2023-01-28 11:00:00,Pump_A,Drive_End,1.888,2.256,44.78,1516.8,74.6,OK
2023-01-28 12:00:00,Pump_A,Drive_End,2.545,3.304,47.8,1490.6,81.7,OK
2023-01-28 13:00:00,Pump_A,Drive_End,2.791,5.067,48.04,1505.3,85.3,OK
2023-01-28 14:00:00,Pump_A,Drive_End,2.463,3.187,44.61,1504.5,74.1,OK
2023-01-28 15:00:00,Pump_A,Drive_End,2.328,4.054,48.56,1499.5,82.1,OK
2023-01-28 16:00:00,Pump_A,Drive_End,2.149,3.353,46.67,1491.0,81.0,OK
2023-01-28 17:00:00,Pump_A,Drive_End,2.425,3.091,47.37,1500.0,82.4,OK
2023-01-28 18:00:00,Pump_A,Drive_End,2.992,4.775,49.79,1484.5,84.6,OK
2023-01-28 19:00:00,Pump_A,Drive_End,1.968,3.203,45.37,1486.3,73.3,OK
2023-01-28 20:00:00,Pump_A,Drive_End,2.407,4.225,45.76,1497.6,83.5,OK
2023-01-28 21:00:00,Pump_A,Drive_End,3.207,5.149,49.51,1497.2,88.1,OK
2023-01-28 22:00:00,Pump_A,Drive_End,2.33,3.533,44.71,1496.6,77.4,OK
2023-01-28 23:00:00,Pump_A,Drive_End,1.925,3.116,43.67,1500.8,79.2,OK
2023-01-29 00:00:00,Pump_A,Drive_End,1.695,1.865,42.38,1483.1,74.2,OK
2023-01-29 01:00:00,Pump_A,Drive_End,3.022,4.733,49.64,1494.7,89.8,OK
2023-01-29 02:00:00,Pump_A,Drive_End,2.667,4.904,44.91,1488.0,79.6,OK
2023-01-29 03:00:00,Pump_A,Drive_End,1.9,3.103,43.0,1497.2,74.9,OK
2023-01-29 04:00:00,Pump_A,Drive_End,3.092,5.152,51.0,1511.9,90.8,OK
2023-01-29 05:00:00,Pump_A,Drive_End,2.246,3.8,45.19,1491.8,77.2,OK
2023-01-29 06:00:00,Pump_A,Drive_End,1.912,2.83,45.18,1492.0,72.1,OK
2023-01-29 07:00:00,Pump_A,Drive_End,2.282,4.559,43.91,1505.1,73.1,OK
2023-01-29 08:00:00,Pump_A,Drive_End,2.587,3.83,47.39,1505.7,82.5,OK
2023-01-29 09:00:00,Pump_A,Drive_End,1.666,2.387,43.68,1506.8,67.3,OK
2023-01-29 10:00:00,Pump_A,Drive_End,2.596,3.478,45.26,1496.0,76.6,OK
2023-01-29 11:00:00,Pump_A,Drive_End,2.397,2.95,45.31,1508.4,79.3,OK
2023-01-29 12:00:00,Pump_A,Drive_End,2.303,3.664,43.37,1499.2,77.0,OK
2023-01-29 13:00:00,Pump_A,Drive_End,2.996,4.716,49.66,1502.5,85.3,OK
2023-01-29 14:00:00,Pump_A,Drive_End,2.644,3.918,49.35,1513.5,82.3,OK
2023-01-29 15:00:00,Pump_A,Drive_End,2.411,2.973,47.21,1505.7,84.4,OK
2023-01-29 16:00:00,Pump_A,Drive_End,2.472,4.502,47.02,1493.9,80.7,OK
2023-01-29 17:00:00,Pump_A,Drive_End,1.897,2.651,43.19,1498.9,74.3,OK
2023-01-29 18:00:00,Pump_A,Drive_End,2.231,3.066,42.17,1487.4,77.6,OK
2023-01-29 19:00:00,Pump_A,Drive_End,2.941,4.42,48.23,1510.9,90.3,OK
2023-01-29 20:00:00,Pump_A,Drive_End,2.94,4.922,49.22,1519.0,88.5,OK
2023-01-29 21:00:00,Pump_A,Drive_End,2.025,2.811,43.51,1495.9,73.3,OK
2023-01-29 22:00:00,Pump_A,Drive_End,2.383,3.044,45.15,1499.2,79.5,OK
2023-01-29 23:00:00,Pump_A,Drive_End,1.593,2.967,44.09,1509.8,73.6,OK
2023-01-30 00:00:00,Pump_A,Drive_End,2.237,3.324,44.28,1474.0,78.5,OK
2023-01-30 01:00:00,Pump_A,Drive_End,2.378,3.105,43.83,1515.3,77.4,OK
2023-01-30 02:00:00,Pump_A,Drive_End,2.401,3.334,46.19,1497.9,78.4,OK
2023-01-30 03:00:00,Pump_A,Drive_End,2.971,4.365,49.01,1508.2,89.7,OK
2023-01-30 04:00:00,Pump_A,Drive_End,2.763,4.17,47.59,1493.7,85.9,OK
2023-01-30 05:00:00,Pump_A,Drive_End,1.976,3.214,43.03,1503.2,73.1,OK
2023-01-30 06:00:00,Pump_A,Drive_End,3.109,3.789,49.43,1491.2,86.1,OK
2023-01-30 07:00:00,Pump_A,Drive_End,2.628,4.581,44.83,1492.0,82.4,OK
2023-01-30 08:00:00,Pump_A,Drive_End,2.358,4.351,45.82,1475.1,82.5,OK
2023-01-30 09:00:00,Pump_A,Drive_End,2.461,2.776,43.93,1498.0,74.1,OK
2023-01-30 10:00:00,Pump_A,Drive_End,2.829,3.623,50.66,1518.6,87.5,OK
2023-01-30 11:00:00,Pump_A,Drive_End,2.716,4.049,48.22,1506.8,88.0,OK
2023-01-30 12:00:00,Pump_A,Drive_End,2.675,3.474,48.4,1514.5,81.7,OK
2023-01-30 13:00:00,Pump_A,Drive_End,2.787,3.625,47.25,1506.9,81.6,OK
2023-01-30 14:00:00,Pump_A,Drive_End,2.31,4.721,43.4,1484.3,77.3,OK
2023-01-30 15:00:00,Pump_A,Drive_End,2.415,3.566,44.71,1506.4,79.8,OK
2023-01-30 16:00:00,Pump_A,Drive_End,2.032,3.645,46.27,1492.4,81.2,OK
2023-01-30 17:00:00,Pump_A,Drive_End,2.63,4.058,47.53,1502.3,80.3,OK
2023-01-30 18:00:00,Pump_A,Drive_End,2.375,3.659,44.37,1513.1,78.5,OK
2023-01-30 19:00:00,Pump_A,Drive_End,2.358,3.13,45.12,1491.7,81.4,OK
2023-01-30 20:00:00,Pump_A,Drive_End,3.422,4.521,50.75,1513.3,90.6,OK
2023-01-30 21:00:00,Pump_A,Drive_End,1.828,3.362,42.88,1493.0,73.5,OK
2023-01-30 22:00:00,Pump_A,Drive_End,3.181,4.032,50.28,1506.0,85.3,OK
2023-01-30 23:00:00,Pump_A,Drive_End,2.945,4.586,48.28,1490.3,85.7,OK
2023-01-31 00:00:00,Pump_A,Drive_End,2.563,3.845,46.37,1492.8,75.9,OK
2023-01-01 00:00:00,Pump_A,Non_Drive_End,2.019,2.353,43.84,1492.2,76.0,OK
2023-01-01 01:00:00,Pump_A,Non_Drive_End,1.973,3.157,45.66,1501.1,80.2,OK
2023-01-01 02:00:00,Pump_A,Non_Drive_End,2.127,3.788,46.95,1490.1,83.7,OK
2023-01-01 03:00:00,Pump_A,Non_Drive_End,1.261,1.915,43.68,1503.5,73.1,OK
2023-01-01 04:00:00,Pump_A,Non_Drive_End,1.916,2.102,43.21,1491.7,75.3,OK
2023-01-01 05:00:00,Pump_A,Non_Drive_End,2.102,3.525,46.27,1493.7,83.0,OK
2023-01-01 06:00:00,Pump_A,Non_Drive_End,2.141,3.149,46.08,1496.6,81.3,OK
2023-01-01 07:00:00,Pump_A,Non_Drive_End,1.678,2.499,42.89,1498.2,77.5,OK
2023-01-01 08:00:00,Pump_A,Non_Drive_End,1.764,3.037,42.86,1502.6,74.4,OK
2023-01-01 09:00:00,Pump_A,Non_Drive_End,2.191,2.874,46.03,1505.5,82.0,OK
2023-01-01 10:00:00,Pump_A,Non_Drive_End,1.674,2.591,46.76,1500.1,81.8,OK
2023-01-01 11:00:00,Pump_A,Non_Drive_End,1.985,3.133,45.79,1492.7,78.2,OK
2023-01-01 12:00:00,Pump_A,Non_Drive_End,1.804,2.634,43.59,1507.3,73.7,OK
2023-01-01 13:00:00,Pump_A,Non_Drive_End,2.029,3.453,46.04,1508.7,85.1,OK
2023-01-01 14:00:00,Pump_A,Non_Drive_End,1.988,3.578,44.96,1500.7,80.4,OK
2023-01-01 15:00:00,Pump_A,Non_Drive_End,1.756,3.248,43.87,1496.1,74.4,OK
2023-01-01 16:00:00,Pump_A,Non_Drive_End,1.84,3.398,43.6,1524.9,75.7,OK
2023-01-01 17:00:00,Pump_A,Non_Drive_End,2.377,4.094,47.35,1508.4,82.7,OK
2023-01-01 18:00:00,Pump_A,Non_Drive_End,1.988,3.448,44.43,1494.3,78.4,OK
2023-01-01 19:00:00,Pump_A,Non_Drive_End,2.083,2.706,46.13,1514.5,85.3,OK
2023-01-01 20:00:00,Pump_A,Non_Drive_End,2.347,3.733,46.22,1494.8,81.5,OK
2023-01-01 21:00:00,Pump_A,Non_Drive_End,1.697,1.48,43.82,1486.8,72.8,OK
2023-01-01 22:00:00,Pump_A,Non_Drive_End,2.422,3.542,45.79,1532.4,79.2,OK
2023-01-01 23:00:00,Pump_A,Non_Drive_End,1.921,1.989,45.18,1517.0,85.0,OK
2023-01-02 00:00:00,Pump_A,Non_Drive_End,2.36,2.94,44.17,1505.0,82.9,OK
2023-01-02 01:00:00,Pump_A,Non_Drive_End,1.811,2.789,46.18,1491.7,84.3,OK
2023-01-02 02:00:00,Pump_A,Non_Drive_End,1.938,2.721,43.37,1495.4,79.4,OK
2023-01-02 03:00:00,Pump_A,Non_Drive_End,1.886,2.913,43.0,1505.2,76.4,OK
2023-01-02 04:00:00,Pump_A,Non_Drive_End,1.99,3.7,43.32,1478.2,79.1,OK
2023-01-02 05:00:00,Pump_A,Non_Drive_End,2.104,2.932,43.98,1503.3,77.1,OK
2023-01-02 06:00:00,Pump_A,Non_Drive_End,1.916,3.013,42.8,1501.0,70.2,OK
2023-01-02 07:00:00,Pump_A,Non_Drive_End,1.918,3.289,45.34,1499.9,81.6,OK
2023-01-02 08:00:00,Pump_A,Non_Drive_End,2.265,3.73,45.13,1490.2,80.1,OK
2023-01-02 09:00:00,Pump_A,Non_Drive_End,2.094,2.761,44.47,1495.0,85.0,OK
2023-01-02 10:00:00,Pump_A,Non_Drive_End,1.872,1.771,45.07,1481.7,82.4,OK
2023-01-02 11:00:00,Pump_A,Non_Drive_End,1.754,2.045,44.7,1496.7,79.2,OK
2023-01-02 12:00:00,Pump_A,Non_Drive_End,1.685,2.618,44.97,1503.2,77.2,OK
2023-01-02 13:00:00,Pump_A,Non_Drive_End,2.198,3.177,46.09,1495.9,82.9,OK
2023-01-02 14:00:00,Pump_A,Non_Drive_End,1.961,2.445,43.56,1498.4,78.4,OK
2023-01-02 15:00:00,Pump_A,Non_Drive_End,1.409,2.194,41.24,1484.0,73.1,OK
2023-01-02 16:00:00,Pump_A,Non_Drive_End,1.735,2.93,45.66,1500.3,82.6,OK
2023-01-02 17:00:00,Pump_A,Non_Drive_End,1.58,2.419,41.69,1504.2,75.0,OK
2023-01-02 18:00:00,Pump_A,Non_Drive_End,1.527,2.092,40.84,1496.2,71.0,OK
2023-01-02 19:00:00,Pump_A,Non_Drive_End,1.891,2.928,43.66,1502.7,78.0,OK
2023-01-02 20:00:00,Pump_A,Non_Drive_End,2.39,4.177,47.63,1488.2,85.9,OK
2023-01-02 21:00:00,Pump_A,Non_Drive_End,2.157,2.523,44.22,1494.7,79.0,OK
2023-01-02 22:00:00,Pump_A,Non_Drive_End,1.977,2.481,44.23,1512.4,78.0,OK
2023-01-02 23:00:00,Pump_A,Non_Drive_End,2.042,2.377,46.1,1492.9,76.9,OK
2023-01-03 00:00:00,Pump_A,Non_Drive_End,2.114,3.097,44.68,1510.9,84.1,OK
2023-01-03 01:00:00,Pump_A,Non_Drive_End,2.128,2.638,44.43,1504.9,77.4,OK
2023-01-03 02:00:00,Pump_A,Non_Drive_End,2.08,2.759,44.85,1486.0,79.2,OK
2023-01-03 03:00:00,Pump_A,Non_Drive_End,1.886,2.721,43.89,1492.1,77.7,OK
2023-01-03 04:00:00,Pump_A,Non_Drive_End,2.149,3.293,45.64,1503.2,76.4,OK
2023-01-03 05:00:00,Pump_A,Non_Drive_End,1.433,1.411,41.45,1501.6,73.0,OK
2023-01-03 06:00:00,Pump_A,Non_Drive_End,2.347,2.754,46.86,1509.5,86.0,OK
2023-01-03 07:00:00,Pump_A,Non_Drive_End,1.707,2.115,44.5,1501.8,81.5,OK
2023-01-03 08:00:00,Pump_A,Non_Drive_End,2.102,3.224,46.64,1478.0,82.7,OK
2023-01-03 09:00:00,Pump_A,Non_Drive_End,2.013,2.066,45.33,1505.8,83.5,OK
2023-01-03 10:00:00,Pump_A,Non_Drive_End,2.393,3.803,47.36,1513.9,85.0,OK
2023-01-03 11:00:00,Pump_A,Non_Drive_End,2.195,2.821,46.55,1498.7,77.2,OK
2023-01-03 12:00:00,Pump_A,Non_Drive_End,1.638,2.75,43.04,1513.3,78.4,OK
2023-01-03 13:00:00,Pump_A,Non_Drive_End,1.848,2.35,41.71,1502.2,72.9,OK
2023-01-03 14:00:00,Pump_A,Non_Drive_End,2.087,3.605,45.07,1499.1,79.5,OK
2023-01-03 15:00:00,Pump_A,Non_Drive_End,2.395,2.786,47.58,1502.2,89.3,OK
2023-01-03 16:00:00,Pump_A,Non_Drive_End,2.008,2.423,44.86,1509.6,78.3,OK
2023-01-03 17:00:00,Pump_A,Non_Drive_End,2.345,3.898,46.6,1515.3,83.4,OK
2023-01-03 18:00:00,Pump_A,Non_Drive_End,1.831,2.571,44.19,1512.5,81.9,OK
2023-01-03 19:00:00,Pump_A,Non_Drive_End,1.975,1.768,44.91,1512.3,81.9,OK
2023-01-03 20:00:00,Pump_A,Non_Drive_End,2.314,3.331,45.42,1505.4,84.6,OK
2023-01-03 21:00:00,Pump_A,Non_Drive_End,2.566,4.134,46.35,1491.7,82.6,OK
2023-01-03 22:00:00,Pump_A,Non_Drive_End,1.799,3.257,44.07,1499.1,76.9,OK
2023-01-03 23:00:00,Pump_A,Non_Drive_End,1.827,3.125,43.23,1518.9,76.3,OK
2023-01-04 00:00:00,Pump_A,Non_Drive_End,1.713,3.577,45.94,1503.1,81.8,OK
2023-01-04 01:00:00,Pump_A,Non_Drive_End,1.97,2.999,44.88,1489.0,78.0,OK
2023-01-04 02:00:00,Pump_A,Non_Drive_End,2.337,3.79,44.99,1505.1,81.0,OK
2023-01-04 03:00:00,Pump_A,Non_Drive_End,2.971,3.895,49.03,1516.4,86.8,OK
2023-01-04 04:00:00,Pump_A,Non_Drive_End,1.37,3.016,40.57,1505.5,69.6,OK
2023-01-04 05:00:00,Pump_A,Non_Drive_End,1.183,2.149,39.2,1495.3,71.6,OK
2023-01-04 06:00:00,Pump_A,Non_Drive_End,1.943,3.736,45.25,1479.2,80.1,OK
2023-01-04 07:00:00,Pump_A,Non_Drive_End,1.788,2.918,42.24,1499.7,75.7,OK
2023-01-04 08:00:00,Pump_A,Non_Drive_End,2.022,2.789,46.28,1473.0,83.0,OK
2023-01-04 09:00:00,Pump_A,Non_Drive_End,1.809,2.812,44.47,1485.9,80.1,OK
2023-01-04 10:00:00,Pump_A,Non_Drive_End,1.994,2.733,44.32,1495.2,77.1,OK
2023-01-04 11:00:00,Pump_A,Non_Drive_End,2.172,3.65,46.92,1485.8,90.8,OK
2023-01-04 12:00:00,Pump_A,Non_Drive_End,1.868,3.602,45.16,1492.2,78.4,OK
2023-01-04 13:00:00,Pump_A,Non_Drive_End,1.985,1.558,45.02,1485.8,84.3,OK
2023-01-04 14:00:00,Pump_A,Non_Drive_End,2.195,3.281,45.76,1505.2,84.8,OK
2023-01-04 15:00:00,Pump_A,Non_Drive_End,1.728,2.742,45.46,1507.7,81.0,OK
2023-01-04 16:00:00,Pump_A,Non_Drive_End,2.459,3.637,46.13,1507.0,77.9,OK
2023-01-04 17:00:00,Pump_A,Non_Drive_End,1.908,2.959,43.01,1501.8,76.3,OK
2023-01-04 18:00:00,Pump_A,Non_Drive_End,2.141,3.693,45.32,1514.6,81.0,OK
2023-01-04 19:00:00,Pump_A,Non_Drive_End,1.997,3.155,44.75,1502.8,83.7,OK
2023-01-04 20:00:00,Pump_A,Non_Drive_End,1.901,2.257,45.17,1501.9,76.8,OK
2023-01-04 21:00:00,Pump_A,Non_Drive_End,1.835,2.681,44.71,1493.0,82.9,OK
2023-01-04 22:00:00,Pump_A,Non_Drive_End,1.627,2.246,43.87,1496.4,80.6,OK
2023-01-04 23:00:00,Pump_A,Non_Drive_End,2.494,2.785,48.18,1493.0,83.2,OK
2023-01-05 00:00:00,Pump_A,Non_Drive_End,1.96,3.51,44.29,1508.6,78.9,OK
2023-01-05 01:00:00,Pump_A,Non_Drive_End,1.703,2.665,44.39,1514.2,74.5,OK
2023-01-05 02:00:00,Pump_A,Non_Drive_End,1.624,2.37,43.1,1506.0,74.8,OK
2023-01-05 03:00:00,Pump_A,Non_Drive_End,1.895,3.286,43.18,1492.2,72.5,OK
2023-01-05 04:00:00,Pump_A,Non_Drive_End,2.332,3.398,46.31,1497.1,81.2,OK
2023-01-05 05:00:00,Pump_A,Non_Drive_End,2.598,3.132,49.27,1492.2,85.7,OK
2023-01-05 06:00:00,Pump_A,Non_Drive_End,1.529,2.066,42.41,1497.6,78.1,OK
2023-01-05 07:00:00,Pump_A,Non_Drive_End,2.04,3.163,44.8,1498.6,77.0,OK
2023-01-05 08:00:00,Pump_A,Non_Drive_End,2.086,2.761,45.78,1491.2,74.5,OK
2023-01-05 09:00:00,Pump_A,Non_Drive_End,2.153,3.866,45.03,1500.0,78.8,OK
2023-01-05 10:00:00,Pump_A,Non_Drive_End,1.971,3.401,44.54,1499.4,78.1,OK
2023-01-05 11:00:00,Pump_A,Non_Drive_End,2.231,3.502,44.68,1516.4,83.1,OK
2023-01-05 12:00:00,Pump_A,Non_Drive_End,1.323,1.728,40.92,1503.9,66.8,OK
2023-01-05 13:00:00,Pump_A,Non_Drive_End,2.002,2.63,45.94,1511.3,79.7,OK
2023-01-05 14:00:00,Pump_A,Non_Drive_End,1.85,2.45,44.49,1505.3,78.9,OK
2023-01-05 15:00:00,Pump_A,Non_Drive_End,1.949,2.006,44.45,1504.8,80.1,OK
2023-01-05 16:00:00,Pump_A,Non_Drive_End,2.149,3.717,45.45,1497.0,84.0,OK
2023-01-05 17:00:00,Pump_A,Non_Drive_End,1.517,1.793,42.08,1498.4,72.3,OK
2023-01-05 18:00:00,Pump_A,Non_Drive_End,2.184,4.183,45.61,1499.9,82.5,OK
2023-01-05 19:00:00,Pump_A,Non_Drive_End,1.9,2.558,44.55,1494.9,81.4,OK
2023-01-05 20:00:00,Pump_A,Non_Drive_End,1.947,2.712,45.16,1523.5,81.8,OK
2023-01-05 21:00:00,Pump_A,Non_Drive_End,2.356,2.32,43.9,1502.6,82.0,OK
2023-01-05 22:00:00,Pump_A,Non_Drive_End,1.563,0.841,43.98,1511.0,77.5,OK
2023-01-05 23:00:00,Pump_A,Non_Drive_End,1.864,2.311,45.01,1489.1,81.2,OK
2023-01-06 00:00:00,Pump_A,Non_Drive_End,1.272,1.48,41.43,1504.9,76.9,OK
2023-01-06 01:00:00,Pump_A,Non_Drive_End,2.095,2.214,45.03,1494.6,78.7,OK
2023-01-06 02:00:00,Pump_A,Non_Drive_End,2.043,3.227,43.86,1518.6,82.8,OK
2023-01-06 03:00:00,Pump_A,Non_Drive_End,1.401,2.691,39.74,1508.4,68.0,OK
2023-01-06 04:00:00,Pump_A,Non_Drive_End,2.214,3.459,46.06,1518.7,82.6,OK
2023-01-06 05:00:00,Pump_A,Non_Drive_End,1.485,2.48,40.58,1513.6,72.1,OK
2023-01-06 06:00:00,Pump_A,Non_Drive_End,1.636,3.18,42.83,1514.4,74.1,OK
2023-01-06 07:00:00,Pump_A,Non_Drive_End,1.422,2.482,41.74,1508.9,70.8,OK
2023-01-06 08:00:00,Pump_A,Non_Drive_End,2.053,3.327,43.53,1501.6,72.3,OK
2023-01-06 09:00:00,Pump_A,Non_Drive_End,2.311,2.92,47.09,1502.1,85.4,OK
2023-01-06 10:00:00,Pump_A,Non_Drive_End,2.544,3.77,46.51,1491.6,85.2,OK
2023-01-06 11:00:00,Pump_A,Non_Drive_End,2.401,3.456,46.94,1497.1,85.0,OK
2023-01-06 12:00:00,Pump_A,Non_Drive_End,1.724,2.026,45.73,1502.9,82.5,OK
2023-01-06 13:00:00,Pump_A,Non_Drive_End,1.695,2.003,42.08,1494.8,79.3,OK
2023-01-06 14:00:00,Pump_A,Non_Drive_End,1.781,2.638,44.72,1494.0,79.5,OK
2023-01-06 15:00:00,Pump_A,Non_Drive_End,2.755,4.619,48.2,1484.9,90.5,OK
2023-01-06 16:00:00,Pump_A,Non_Drive_End,2.088,3.886,46.03,1495.4,81.0,OK
2023-01-06 17:00:00,Pump_A,Non_Drive_End,1.83,2.641,46.29,1495.7,82.5,OK
2023-01-06 18:00:00,Pump_A,Non_Drive_End,1.643,1.973,41.79,1489.4,72.4,OK
2023-01-06 19:00:00,Pump_A,Non_Drive_End,1.699,2.901,42.52,1486.3,77.9,OK
2023-01-06 20:00:00,Pump_A,Non_Drive_End,1.747,2.522,42.3,1493.7,72.0,OK
2023-01-06 21:00:00,Pump_A,Non_Drive_End,2.11,3.357,44.91,1482.5,80.2,OK
2023-01-06 22:00:00,Pump_A,Non_Drive_End,2.477,3.793,46.86,1488.7,85.0,OK
2023-01-06 23:00:00,Pump_A,Non_Drive_End,2.239,2.82,44.82,1498.9,79.9,OK
2023-01-07 00:00:00,Pump_A,Non_Drive_End,2.439,4.508,46.73,1494.0,85.2,OK
2023-01-07 01:00:00,Pump_A,Non_Drive_End,2.321,3.582,46.96,1488.5,83.4,OK
2023-01-07 02:00:00,Pump_A,Non_Drive_End,1.939,1.877,43.89,1483.4,76.8,OK
2023-01-07 03:00:00,Pump_A,Non_Drive_End,2.625,4.45,46.85,1501.9,84.7,OK
2023-01-07 04:00:00,Pump_A,Non_Drive_End,1.69,2.065,43.69,1499.5,80.1,OK
2023-01-07 05:00:00,Pump_A,Non_Drive_End,1.441,1.325,41.97,1500.5,69.8,OK
2023-01-07 06:00:00,Pump_A,Non_Drive_End,2.114,3.467,46.68,1502.3,83.6,OK
2023-01-07 07:00:00,Pump_A,Non_Drive_End,2.132,3.796,45.04,1491.8,81.5,OK
2023-01-07 08:00:00,Pump_A,Non_Drive_End,2.531,3.46,48.65,1494.7,90.5,OK
2023-01-07 09:00:00,Pump_A,Non_Drive_End,1.346,2.087,42.62,1494.5,71.3,OK
2023-01-07 10:00:00,Pump_A,Non_Drive_End,2.57,4.003,46.29,1476.3,83.2,OK
2023-01-07 11:00:00,Pump_A,Non_Drive_End,1.906,2.958,44.31,1501.8,80.8,OK
2023-01-07 12:00:00,Pump_A,Non_Drive_End,1.612,2.491,44.21,1493.1,78.0,OK
2023-01-07 13:00:00,Pump_A,Non_Drive_End,2.194,3.024,46.84,1508.2,82.6,OK
2023-01-07 14:00:00,Pump_A,Non_Drive_End,1.468,2.742,43.25,1491.0,73.2,OK
2023-01-07 15:00:00,Pump_A,Non_Drive_End,1.946,3.093,45.23,1510.7,82.4,OK
2023-01-07 16:00:00,Pump_A,Non_Drive_End,2.135,3.473,47.06,1498.8,84.2,OK
2023-01-07 17:00:00,Pump_A,Non_Drive_End,1.621,1.183,43.59,1499.4,76.7,OK
2023-01-07 18:00:00,Pump_A,Non_Drive_End,1.762,2.468,42.8,1502.6,83.0,OK
2023-01-07 19:00:00,Pump_A,Non_Drive_End,2.594,4.363,46.95,1489.1,86.8,OK
2023-01-07 20:00:00,Pump_A,Non_Drive_End,1.548,2.373,42.25,1503.5,74.3,OK
2023-01-07 21:00:00,Pump_A,Non_Drive_End,1.6,2.119,41.67,1477.7,71.1,OK
2023-01-07 22:00:00,Pump_A,Non_Drive_End,2.119,3.009,46.49,1511.7,83.5,OK
2023-01-07 23:00:00,Pump_A,Non_Drive_End,1.771,2.997,41.13,1502.2,73.2,OK
2023-01-08 00:00:00,Pump_A,Non_Drive_End,1.83,2.985,45.31,1491.2,76.2,OK
2023-01-08 01:00:00,Pump_A,Non_Drive_End,2.106,3.308,46.04,1495.0,77.5,OK
2023-01-08 02:00:00,Pump_A,Non_Drive_End,1.806,1.933,45.46,1488.4,81.4,OK
2023-01-08 03:00:00,Pump_A,Non_Drive_End,2.466,4.28,46.77,1518.5,85.9,OK
2023-01-08 04:00:00,Pump_A,Non_Drive_End,1.794,2.745,43.72,1508.5,74.2,OK
2023-01-08 05:00:00,Pump_A,Non_Drive_End,2.34,3.782,47.02,1512.8,81.6,OK
2023-01-08 06:00:00,Pump_A,Non_Drive_End,2.28,2.722,47.27,1495.4,82.6,OK
2023-01-08 07:00:00,Pump_A,Non_Drive_End,1.532,2.575,42.6,1502.9,74.0,OK
2023-01-08 08:00:00,Pump_A,Non_Drive_End,1.486,2.669,42.12,1504.2,72.0,OK
2023-01-08 09:00:00,Pump_A,Non_Drive_End,1.981,2.742,46.2,1490.4,82.0,OK
2023-01-08 10:00:00,Pump_A,Non_Drive_End,2.635,2.867,47.07,1491.9,88.4,OK
2023-01-08 11:00:00,Pump_A,Non_Drive_End,1.444,2.372,42.44,1486.5,75.2,OK
2023-01-08 12:00:00,Pump_A,Non_Drive_End,2.148,3.551,45.68,1506.9,81.9,OK
2023-01-08 13:00:00,Pump_A,Non_Drive_End,1.585,1.91,42.6,1510.6,74.1,OK
2023-01-08 14:00:00,Pump_A,Non_Drive_End,1.841,2.935,42.79,1495.8,75.4,OK
2023-01-08 15:00:00,Pump_A,Non_Drive_End,1.977,4.004,45.64,1510.7,77.6,OK
2023-01-08 16:00:00,Pump_A,Non_Drive_End,2.439,3.632,46.69,1486.1,85.7,OK
2023-01-08 17:00:00,Pump_A,Non_Drive_End,2.142,2.774,46.27,1509.5,80.8,OK
2023-01-08 18:00:00,Pump_A,Non_Drive_End,1.78,2.56,44.58,1502.2,76.8,OK
2023-01-08 19:00:00,Pump_A,Non_Drive_End,1.376,1.765,42.77,1519.5,74.8,OK
2023-01-08 20:00:00,Pump_A,Non_Drive_End,2.135,3.407,45.69,1499.0,82.9,OK
2023-01-08 21:00:00,Pump_A,Non_Drive_End,2.523,3.301,47.62,1508.4,87.0,OK
2023-01-08 22:00:00,Pump_A,Non_Drive_End,1.997,2.727,45.35,1489.9,78.5,OK
2023-01-08 23:00:00,Pump_A,Non_Drive_End,1.553,2.439,43.6,1517.2,74.6,OK
2023-01-09 00:00:00,Pump_A,Non_Drive_End,1.612,3.143,43.47,1508.5,77.1,OK
2023-01-09 01:00:00,Pump_A,Non_Drive_End,2.013,2.727,43.69,1497.0,77.0,OK
2023-01-09 02:00:00,Pump_A,Non_Drive_End,2.309,3.18,46.38,1488.2,78.9,OK
2023-01-09 03:00:00,Pump_A,Non_Drive_End,2.051,3.469,45.15,1490.2,81.0,OK
2023-01-09 04:00:00,Pump_A,Non_Drive_End,2.482,3.493,46.32,1510.2,86.0,OK
2023-01-09 05:00:00,Pump_A,Non_Drive_End,1.956,1.848,44.27,1502.0,76.9,OK
2023-01-09 06:00:00,Pump_A,Non_Drive_End,2.298,3.658,47.21,1497.2,80.8,OK
2023-01-09 07:00:00,Pump_A,Non_Drive_End,2.273,4.065,44.37,1509.4,78.9,OK
2023-01-09 08:00:00,Pump_A,Non_Drive_End,2.034,3.395,43.99,1496.5,78.7,OK
2023-01-09 09:00:00,Pump_A,Non_Drive_End,2.305,3.202,45.89,1479.8,80.3,OK
2023-01-09 10:00:00,Pump_A,Non_Drive_End,1.355,2.024,42.97,1511.5,78.5,OK
2023-01-09 11:00:00,Pump_A,Non_Drive_End,1.709,2.95,44.18,1517.3,77.7,OK
2023-01-09 12:00:00,Pump_A,Non_Drive_End,2.169,3.801,47.11,1493.3,86.3,OK
2023-01-09 13:00:00,Pump_A,Non_Drive_End,1.691,2.955,42.0,1494.6,72.3,OK
2023-01-09 14:00:00,Pump_A,Non_Drive_End,1.027,0.532,36.82,1505.2,65.4,OK
2023-01-09 15:00:00,Pump_A,Non_Drive_End,2.158,3.932,46.85,1501.3,84.1,OK
2023-01-09 16:00:00,Pump_A,Non_Drive_End,2.397,2.787,47.38,1486.1,88.1,OK
2023-01-09 17:00:00,Pump_A,Non_Drive_End,1.947,3.232,45.32,1506.3,78.8,OK
2023-01-09 18:00:00,Pump_A,Non_Drive_End,2.351,3.649,47.23,1496.8,90.8,OK
2023-01-09 19:00:00,Pump_A,Non_Drive_End,2.257,3.15,47.84,1497.2,87.4,OK
2023-01-09 20:00:00,Pump_A,Non_Drive_End,2.294,3.012,45.61,1493.6,79.2,OK
2023-01-09 21:00:00,Pump_A,Non_Drive_End,2.259,2.861,47.12,1483.7,83.3,OK
2023-01-09 22:00:00,Pump_A,Non_Drive_End,1.981,3.401,44.24,1506.9,75.2,OK
2023-01-09 23:00:00,Pump_A,Non_Drive_End,2.236,3.005,44.32,1494.2,78.8,OK
2023-01-10 00:00:00,Pump_A,Non_Drive_End,1.976,2.243,45.12,1492.0,83.3,OK
2023-01-10 01:00:00,Pump_A,Non_Drive_End,2.17,3.518,45.15,1502.4,79.6,OK
2023-01-10 02:00:00,Pump_A,Non_Drive_End,2.205,3.371,44.85,1505.1,79.0,OK
2023-01-10 03:00:00,Pump_A,Non_Drive_End,1.885,3.117,44.3,1485.5,75.0,OK
2023-01-10 04:00:00,Pump_A,Non_Drive_End,1.871,3.284,44.51,1514.1,79.4,OK
2023-01-10 05:00:00,Pump_A,Non_Drive_End,1.93,3.073,44.3,1505.9,77.0,OK
2023-01-10 06:00:00,Pump_A,Non_Drive_End,2.227,3.702,45.64,1523.9,79.8,OK
2023-01-10 07:00:00,Pump_A,Non_Drive_End,2.257,3.234,46.57,1505.2,85.0,OK
2023-01-10 08:00:00,Pump_A,Non_Drive_End,1.11,2.461,39.62,1502.1,64.1,OK
2023-01-10 09:00:00,Pump_A,Non_Drive_End,1.494,2.477,42.84,1499.5,74.1,OK
2023-01-10 10:00:00,Pump_A,Non_Drive_End,2.246,2.687,47.27,1492.1,84.8,OK
2023-01-10 11:00:00,Pump_A,Non_Drive_End,2.13,3.402,47.45,1505.0,82.6,OK
2023-01-10 12:00:00,Pump_A,Non_Drive_End,1.712,2.133,44.09,1501.4,78.6,OK
2023-01-10 13:00:00,Pump_A,Non_Drive_End,2.229,3.14,46.14,1497.4,85.5,OK
2023-01-10 14:00:00,Pump_A,Non_Drive_End,2.33,3.162,46.84,1485.0,81.5,OK
2023-01-10 15:00:00,Pump_A,Non_Drive_End,1.817,2.917,42.28,1506.7,73.7,OK
2023-01-10 16:00:00,Pump_A,Non_Drive_End,2.012,3.532,46.08,1488.2,81.2,OK
2023-01-10 17:00:00,Pump_A,Non_Drive_End,2.133,3.209,43.03,1490.3,80.1,OK
2023-01-10 18:00:00,Pump_A,Non_Drive_End,2.436,3.107,43.7,1499.8,83.9,OK
2023-01-10 19:00:00,Pump_A,Non_Drive_End,1.732,2.108,47.36,1502.9,81.4,OK
2023-01-10 20:00:00,Pump_A,Non_Drive_End,1.793,1.645,44.01,1507.3,78.5,OK
2023-01-10 21:00:00,Pump_A,Non_Drive_End,1.911,2.998,44.36,1496.0,78.7,OK
2023-01-10 22:00:00,Pump_A,Non_Drive_End,1.294,0.916,42.71,1504.9,73.7,OK
2023-01-10 23:00:00,Pump_A,Non_Drive_End,1.848,2.418,44.86,1499.4,82.5,OK
2023-01-11 00:00:00,Pump_A,Non_Drive_End,1.731,3.311,42.31,1492.6,72.0,OK
2023-01-11 01:00:00,Pump_A,Non_Drive_End,2.321,3.08,46.87,1480.9,83.8,OK
2023-01-11 02:00:00,Pump_A,Non_Drive_End,1.763,2.959,43.88,1513.2,78.8,OK
2023-01-11 03:00:00,Pump_A,Non_Drive_End,1.791,2.68,44.26,1498.2,79.2,OK
2023-01-11 04:00:00,Pump_A,Non_Drive_End,2.22,3.792,44.74,1500.8,81.2,OK
2023-01-11 05:00:00,Pump_A,Non_Drive_End,2.335,3.812,44.79,1488.1,84.3,OK
2023-01-11 06:00:00,Pump_A,Non_Drive_End,1.871,3.483,44.12,1495.3,80.5,OK
2023-01-11 07:00:00,Pump_A,Non_Drive_End,1.936,2.832,45.2,1500.8,76.0,OK
2023-01-11 08:00:00,Pump_A,Non_Drive_End,2.027,2.759,46.08,1478.2,82.7,OK
2023-01-11 09:00:00,Pump_A,Non_Drive_End,1.45,2.249,42.18,1525.5,66.9,OK
2023-01-11 10:00:00,Pump_A,Non_Drive_End,2.776,4.229,49.14,1508.7,91.7,OK
2023-01-11 11:00:00,Pump_A,Non_Drive_End,1.744,1.94,43.81,1491.7,77.6,OK
2023-01-11 12:00:00,Pump_A,Non_Drive_End,1.572,2.431,41.72,1501.9,71.6,OK
2023-01-11 13:00:00,Pump_A,Non_Drive_End,2.52,3.897,48.77,1513.6,95.4,OK
2023-01-11 14:00:00,Pump_A,Non_Drive_End,1.833,2.409,44.54,1486.6,74.9,OK
2023-01-11 15:00:00,Pump_A,Non_Drive_End,2.078,3.355,46.82,1513.7,85.0,OK
2023-01-11 16:00:00,Pump_A,Non_Drive_End,2.203,3.419,45.67,1492.3,77.6,OK
2023-01-11 17:00:00,Pump_A,Non_Drive_End,1.681,2.459,42.32,1487.8,75.9,OK
2023-01-11 18:00:00,Pump_A,Non_Drive_End,1.774,2.996,45.03,1483.1,80.0,OK
2023-01-11 19:00:00,Pump_A,Non_Drive_End,1.697,2.358,44.49,1489.8,78.0,OK
2023-01-11 20:00:00,Pump_A,Non_Drive_End,2.001,3.136,45.11,1495.0,84.6,OK
2023-01-11 21:00:00,Pump_A,Non_Drive_End,2.036,3.133,43.3,1513.3,77.4,OK
2023-01-11 22:00:00,Pump_A,Non_Drive_End,1.978,3.642,46.45,1510.6,81.1,OK
2023-01-11 23:00:00,Pump_A,Non_Drive_End,2.533,4.507,48.44,1503.1,88.3,OK
2023-01-12 00:00:00,Pump_A,Non_Drive_End,1.922,2.238,44.16,1495.5,77.5,OK
2023-01-12 01:00:00,Pump_A,Non_Drive_End,2.581,4.433,47.09,1478.1,85.5,OK
2023-01-12 02:00:00,Pump_A,Non_Drive_End,2.382,4.064,45.1,1500.0,82.7,OK
2023-01-12 03:00:00,Pump_A,Non_Drive_End,2.163,2.881,47.74,1497.9,82.9,OK
2023-01-12 04:00:00,Pump_A,Non_Drive_End,1.993,2.797,46.46,1492.6,85.2,OK
2023-01-12 05:00:00,Pump_A,Non_Drive_End,2.218,3.812,46.11,1512.5,81.2,OK
2023-01-12 06:00:00,Pump_A,Non_Drive_End,1.865,2.771,43.78,1498.0,73.1,OK
2023-01-12 07:00:00,Pump_A,Non_Drive_End,1.896,2.998,43.76,1489.7,78.4,OK
2023-01-12 08:00:00,Pump_A,Non_Drive_End,2.165,3.1,46.63,1490.6,78.8,OK
2023-01-12 09:00:00,Pump_A,Non_Drive_End,2.18,2.228,45.51,1499.2,87.6,OK
2023-01-12 10:00:00,Pump_A,Non_Drive_End,1.68,2.714,40.61,1513.8,73.1,OK
2023-01-12 11:00:00,Pump_A,Non_Drive_End,1.758,2.563,43.76,1508.9,74.0,OK
2023-01-12 12:00:00,Pump_A,Non_Drive_End,2.423,3.731,50.08,1497.8,88.2,OK
2023-01-12 13:00:00,Pump_A,Non_Drive_End,1.452,2.462,40.87,1506.8,69.5,OK
2023-01-12 14:00:00,Pump_A,Non_Drive_End,2.61,4.32,45.63,1507.1,79.8,OK
2023-01-12 15:00:00,Pump_A,Non_Drive_End,1.535,2.137,44.15,1495.5,77.9,OK
2023-01-12 16:00:00,Pump_A,Non_Drive_End,1.779,2.301,43.03,1510.5,73.6,OK
2023-01-12 17:00:00,Pump_A,Non_Drive_End,2.401,3.483,47.68,1507.3,88.0,OK
2023-01-12 18:00:00,Pump_A,Non_Drive_End,2.28,3.498,45.59,1479.0,77.4,OK
2023-01-12 19:00:00,Pump_A,Non_Drive_End,1.948,2.123,47.09,1492.6,79.7,OK
2023-01-12 20:00:00,Pump_A,Non_Drive_End,1.603,3.049,42.79,1489.7,73.8,OK
2023-01-12 21:00:00,Pump_A,Non_Drive_End,1.837,3.025,44.07,1512.5,73.8,OK
2023-01-12 22:00:00,Pump_A,Non_Drive_End,2.461,4.504,48.93,1521.9,92.0,OK
2023-01-12 23:00:00,Pump_A,Non_Drive_End,2.091,2.73,46.55,1483.1,82.5,OK
2023-01-13 00:00:00,Pump_A,Non_Drive_End,2.263,3.956,46.54,1479.3,85.4,OK
2023-01-13 01:00:00,Pump_A,Non_Drive_End,2.251,3.24,45.14,1503.5,83.6,OK
2023-01-13 02:00:00,Pump_A,Non_Drive_End,1.724,2.516,42.76,1507.1,74.4,OK
2023-01-13 03:00:00,Pump_A,Non_Drive_End,1.857,2.114,45.08,1510.5,78.5,OK
2023-01-13 04:00:00,Pump_A,Non_Drive_End,2.27,3.395,45.76,1500.3,79.0,OK
2023-01-13 05:00:00,Pump_A,Non_Drive_End,1.827,1.963,43.59,1497.8,74.1,OK
2023-01-13 06:00:00,Pump_A,Non_Drive_End,2.233,3.516,47.16,1500.4,80.5,OK
2023-01-13 07:00:00,Pump_A,Non_Drive_End,1.768,2.118,44.38,1501.4,75.0,OK
2023-01-13 08:00:00,Pump_A,Non_Drive_End,2.682,4.066,48.32,1499.8,91.6,OK
2023-01-13 09:00:00,Pump_A,Non_Drive_End,1.266,2.752,41.23,1492.9,70.9,OK
2023-01-13 10:00:00,Pump_A,Non_Drive_End,1.689,2.15,43.95,1508.9,78.3,OK
2023-01-13 11:00:00,Pump_A,Non_Drive_End,2.307,3.499,47.2,1505.0,85.1,OK
2023-01-13 12:00:00,Pump_A,Non_Drive_End,2.06,2.553,45.43,1489.7,81.0,OK
2023-01-13 13:00:00,Pump_A,Non_Drive_End,1.872,2.106,44.06,1525.4,77.6,OK
2023-01-13 14:00:00,Pump_A,Non_Drive_End,2.012,2.227,46.37,1516.7,82.6,OK
2023-01-13 15:00:00,Pump_A,Non_Drive_End,1.603,2.37,43.32,1495.6,73.1,OK
2023-01-13 16:00:00,Pump_A,Non_Drive_End,1.826,2.814,43.98,1497.3,76.6,OK
2023-01-13 17:00:00,Pump_A,Non_Drive_End,2.188,3.508,44.32,1508.4,82.2,OK
2023-01-13 18:00:00,Pump_A,Non_Drive_End,2.158,2.891,44.79,1504.8,80.3,OK
2023-01-13 19:00:00,Pump_A,Non_Drive_End,2.063,2.891,45.49,1505.4,77.1,OK
2023-01-13 20:00:00,Pump_A,Non_Drive_End,1.989,3.356,45.42,1498.8,80.6,OK
2023-01-13 21:00:00,Pump_A,Non_Drive_End,2.673,3.744,48.09,1491.5,91.4,OK
2023-01-13 22:00:00,Pump_A,Non_Drive_End,2.581,3.779,45.31,1501.4,79.9,OK
2023-01-13 23:00:00,Pump_A,Non_Drive_End,2.05,3.083,46.19,1479.3,81.4,OK
2023-01-14 00:00:00,Pump_A,Non_Drive_End,2.213,2.937,45.38,1495.0,84.9,OK
2023-01-14 01:00:00,Pump_A,Non_Drive_End,1.995,2.494,45.85,1487.3,81.5,OK
2023-01-14 02:00:00,Pump_A,Non_Drive_End,2.08,3.057,47.02,1487.0,89.0,OK
2023-01-14 03:00:00,Pump_A,Non_Drive_End,2.015,3.206,46.3,1495.5,81.1,OK
2023-01-14 04:00:00,Pump_A,Non_Drive_End,1.554,1.872,43.66,1496.3,70.2,OK
2023-01-14 05:00:00,Pump_A,Non_Drive_End,1.952,2.633,42.4,1499.6,76.8,OK
2023-01-14 06:00:00,Pump_A,Non_Drive_End,1.825,2.315,45.06,1510.3,77.9,OK
2023-01-14 07:00:00,Pump_A,Non_Drive_End,1.947,3.306,46.92,1494.9,78.3,OK
2023-01-14 08:00:00,Pump_A,Non_Drive_End,2.106,2.645,46.15,1511.6,84.1,OK
2023-01-14 09:00:00,Pump_A,Non_Drive_End,1.992,3.187,45.45,1489.2,80.5,OK
2023-01-14 10:00:00,Pump_A,Non_Drive_End,2.025,2.78,44.37,1502.9,82.5,OK
2023-01-14 11:00:00,Pump_A,Non_Drive_End,2.401,3.137,50.72,1500.1,88.9,OK
2023-01-14 12:00:00,Pump_A,Non_Drive_End,1.815,3.022,44.42,1495.7,74.6,OK
2023-01-14 13:00:00,Pump_A,Non_Drive_End,2.241,3.233,47.72,1505.1,89.0,OK
2023-01-14 14:00:00,Pump_A,Non_Drive_End,2.758,4.226,49.8,1486.0,90.3,OK
2023-01-14 15:00:00,Pump_A,Non_Drive_End,2.125,3.514,46.18,1491.6,79.5,OK
2023-01-14 16:00:00,Pump_A,Non_Drive_End,1.685,2.937,44.62,1494.0,79.9,OK
2023-01-14 17:00:00,Pump_A,Non_Drive_End,1.665,1.756,42.38,1494.6,75.2,OK
2023-01-14 18:00:00,Pump_A,Non_Drive_End,1.569,1.54,44.81,1495.9,74.3,OK
2023-01-14 19:00:00,Pump_A,Non_Drive_End,2.368,3.76,48.36,1492.2,86.3,OK
2023-01-14 20:00:00,Pump_A,Non_Drive_End,1.686,1.861,44.12,1510.9,75.9,OK
2023-01-14 21:00:00,Pump_A,Non_Drive_End,2.083,3.474,46.09,1525.9,86.5,OK
2023-01-14 22:00:00,Pump_A,Non_Drive_End,1.943,2.527,45.72,1485.3,83.9,OK
2023-01-14 23:00:00,Pump_A,Non_Drive_End,2.045,3.367,46.09,1506.6,76.8,OK
2023-01-15 00:00:00,Pump_A,Non_Drive_End,2.377,3.262,47.27,1487.8,82.1,OK
2023-01-15 01:00:00,Pump_A,Non_Drive_End,2.094,2.682,48.13,1504.6,87.9,OK
2023-01-15 02:00:00,Pump_A,Non_Drive_End,2.109,3.512,45.38,1500.8,79.2,OK
2023-01-15 03:00:00,Pump_A,Non_Drive_End,2.119,3.456,44.83,1496.9,79.0,OK
2023-01-15 04:00:00,Pump_A,Non_Drive_End,2.1,2.771,45.35,1498.7,85.4,OK
2023-01-15 05:00:00,Pump_A,Non_Drive_End,1.771,2.751,43.5,1512.3,78.6,OK
2023-01-15 06:00:00,Pump_A,Non_Drive_End,1.891,2.739,45.01,1484.9,78.7,OK
2023-01-15 07:00:00,Pump_A,Non_Drive_End,2.273,3.514,46.1,1488.0,81.1,OK
2023-01-15 08:00:00,Pump_A,Non_Drive_End,2.041,3.3,43.35,1494.8,80.0,OK
2023-01-15 09:00:00,Pump_A,Non_Drive_End,1.917,3.471,43.48,1497.5,77.3,OK
2023-01-15 10:00:00,Pump_A,Non_Drive_End,1.715,2.399,44.56,1494.9,77.5,OK
2023-01-15 11:00:00,Pump_A,Non_Drive_End,1.396,1.814,42.11,1504.3,74.7,OK
2023-01-15 12:00:00,Pump_A,Non_Drive_End,1.978,1.968,46.66,1497.3,88.4,OK
2023-01-15 13:00:00,Pump_A,Non_Drive_End,2.187,3.862,45.54,1503.8,83.1,OK
2023-01-15 14:00:00,Pump_A,Non_Drive_End,2.043,2.161,45.73,1483.7,84.5,OK
2023-01-15 15:00:00,Pump_A,Non_Drive_End,2.001,2.537,44.77,1501.1,79.8,OK
2023-01-15 16:00:00,Pump_A,Non_Drive_End,1.565,2.103,44.0,1513.6,72.5,OK
2023-01-15 17:00:00,Pump_A,Non_Drive_End,1.47,2.171,42.86,1488.7,73.8,OK
2023-01-15 18:00:00,Pump_A,Non_Drive_End,1.735,2.907,44.52,1525.7,83.7,OK
2023-01-15 19:00:00,Pump_A,Non_Drive_End,1.672,3.35,44.43,1493.8,77.1,OK
2023-01-15 20:00:00,Pump_A,Non_Drive_End,1.703,1.89,42.1,1513.5,80.1,OK
2023-01-15 21:00:00,Pump_A,Non_Drive_End,1.846,2.843,42.5,1501.6,76.5,OK
2023-01-15 22:00:00,Pump_A,Non_Drive_End,2.347,2.575,46.98,1502.4,84.0,OK
2023-01-15 23:00:00,Pump_A,Non_Drive_End,1.81,2.76,42.49,1496.0,74.1,OK
2023-01-16 00:00:00,Pump_A,Non_Drive_End,2.232,3.245,46.7,1484.7,80.0,OK
2023-01-16 01:00:00,Pump_A,Non_Drive_End,1.716,3.011,43.05,1494.8,77.4,OK
2023-01-16 02:00:00,Pump_A,Non_Drive_End,1.766,2.364,43.88,1496.2,83.2,OK
2023-01-16 03:00:00,Pump_A,Non_Drive_End,2.194,3.245,45.34,1488.1,80.2,OK
2023-01-16 04:00:00,Pump_A,Non_Drive_End,2.16,2.854,44.28,1509.6,83.3,OK
2023-01-16 05:00:00,Pump_A,Non_Drive_End,1.85,2.602,44.63,1493.8,76.6,OK
2023-01-16 06:00:00,Pump_A,Non_Drive_End,2.084,3.296,44.54,1499.4,76.9,OK
2023-01-16 07:00:00,Pump_A,Non_Drive_End,1.679,2.249,44.35,1493.7,77.0,OK
2023-01-16 08:00:00,Pump_A,Non_Drive_End,2.298,3.607,44.12,1486.5,78.9,OK
2023-01-16 09:00:00,Pump_A,Non_Drive_End,2.23,2.792,46.11,1501.1,77.8,OK
2023-01-16 10:00:00,Pump_A,Non_Drive_End,2.294,2.923,46.93,1493.7,87.0,OK
2023-01-16 11:00:00,Pump_A,Non_Drive_End,2.209,2.939,43.52,1506.6,79.8,OK
2023-01-16 12:00:00,Pump_A,Non_Drive_End,2.045,2.904,45.21,1502.9,79.9,OK
2023-01-16 13:00:00,Pump_A,Non_Drive_End,2.304,3.206,47.11,1503.8,87.6,OK
2023-01-16 14:00:00,Pump_A,Non_Drive_End,2.405,3.367,48.75,1498.2,88.2,OK
2023-01-16 15:00:00,Pump_A,Non_Drive_End,2.507,3.778,45.84,1504.5,89.8,OK
2023-01-16 16:00:00,Pump_A,Non_Drive_End,2.272,3.052,46.04,1501.3,83.7,OK
2023-01-16 17:00:00,Pump_A,Non_Drive_End,1.821,3.774,44.57,1510.2,77.9,OK
2023-01-16 18:00:00,Pump_A,Non_Drive_End,1.551,1.229,44.2,1498.7,73.6,OK
2023-01-16 19:00:00,Pump_A,Non_Drive_End,2.209,2.622,45.74,1505.3,83.5,OK
2023-01-16 20:00:00,Pump_A,Non_Drive_End,1.704,2.443,44.96,1489.5,84.2,OK
2023-01-16 21:00:00,Pump_A,Non_Drive_End,2.161,3.372,46.73,1507.3,80.7,OK
2023-01-16 22:00:00,Pump_A,Non_Drive_End,1.746,1.999,41.34,1505.0,72.4,OK
2023-01-16 23:00:00,Pump_A,Non_Drive_End,1.964,2.639,43.31,1493.4,76.3,OK
2023-01-17 00:00:00,Pump_A,Non_Drive_End,1.85,2.685,43.9,1511.2,76.9,OK
2023-01-17 01:00:00,Pump_A,Non_Drive_End,2.586,3.984,47.6,1492.5,86.5,OK
2023-01-17 02:00:00,Pump_A,Non_Drive_End,2.554,3.216,49.84,1489.4,92.5,OK
2023-01-17 03:00:00,Pump_A,Non_Drive_End,2.667,3.902,47.99,1516.7,88.4,OK
2023-01-17 04:00:00,Pump_A,Non_Drive_End,1.676,2.268,43.85,1520.4,71.6,OK
2023-01-17 05:00:00,Pump_A,Non_Drive_End,1.722,2.903,43.27,1504.1,75.1,OK
2023-01-17 06:00:00,Pump_A,Non_Drive_End,1.847,2.756,43.94,1500.8,72.7,OK
2023-01-17 07:00:00,Pump_A,Non_Drive_End,1.614,2.794,43.02,1499.7,74.8,OK
2023-01-17 08:00:00,Pump_A,Non_Drive_End,2.311,3.603,45.47,1510.9,83.5,OK
2023-01-17 09:00:00,Pump_A,Non_Drive_End,1.93,2.708,43.84,1494.7,80.0,OK
2023-01-17 10:00:00,Pump_A,Non_Drive_End,1.549,1.65,41.93,1493.3,70.2,OK
2023-01-17 11:00:00,Pump_A,Non_Drive_End,2.804,4.401,50.08,1510.2,89.5,OK
2023-01-17 12:00:00,Pump_A,Non_Drive_End,1.271,2.5,43.99,1493.6,76.4,OK
2023-01-17 13:00:00,Pump_A,Non_Drive_End,1.711,2.758,44.85,1497.5,77.2,OK
2023-01-17 14:00:00,Pump_A,Non_Drive_End,1.509,2.32,42.49,1504.1,71.3,OK
2023-01-17 15:00:00,Pump_A,Non_Drive_End,1.91,3.35,45.01,1499.0,79.1,OK
2023-01-17 16:00:00,Pump_A,Non_Drive_End,1.979,3.418,45.21,1487.3,81.1,OK
2023-01-17 17:00:00,Pump_A,Non_Drive_End,2.373,3.605,46.08,1517.7,83.3,OK
2023-01-17 18:00:00,Pump_A,Non_Drive_End,1.296,2.14,40.53,1498.3,67.2,OK
2023-01-17 19:00:00,Pump_A,Non_Drive_End,1.732,2.836,45.73,1482.2,78.4,OK
2023-01-17 20:00:00,Pump_A,Non_Drive_End,2.166,2.844,45.68,1503.3,79.5,OK
2023-01-17 21:00:00,Pump_A,Non_Drive_End,1.845,2.917,43.09,1508.6,76.3,OK
2023-01-17 22:00:00,Pump_A,Non_Drive_End,1.975,2.793,45.88,1520.8,83.5,OK
2023-01-17 23:00:00,Pump_A,Non_Drive_End,1.63,3.125,45.62,1494.4,83.9,OK
2023-01-18 00:00:00,Pump_A,Non_Drive_End,1.878,3.541,43.89,1493.9,71.3,OK
2023-01-18 01:00:00,Pump_A,Non_Drive_End,1.93,3.459,43.77,1500.8,79.1,OK
2023-01-18 02:00:00,Pump_A,Non_Drive_End,1.79,3.374,43.0,1510.1,76.0,OK
2023-01-18 03:00:00,Pump_A,Non_Drive_End,1.988,2.242,44.43,1490.8,79.7,OK
2023-01-18 04:00:00,Pump_A,Non_Drive_End,1.784,1.811,44.36,1506.9,72.8,OK
2023-01-18 05:00:00,Pump_A,Non_Drive_End,2.496,5.156,47.42,1500.5,92.5,OK
2023-01-18 06:00:00,Pump_A,Non_Drive_End,2.274,3.591,45.21,1501.8,80.1,OK
2023-01-18 07:00:00,Pump_A,Non_Drive_End,1.561,2.365,42.39,1496.6,75.2,OK
2023-01-18 08:00:00,Pump_A,Non_Drive_End,1.527,1.656,42.16,1512.6,72.5,OK
2023-01-18 09:00:00,Pump_A,Non_Drive_End,2.083,2.602,46.99,1482.5,80.3,OK
2023-01-18 10:00:00,Pump_A,Non_Drive_End,1.982,2.92,46.09,1496.0,82.6,OK
2023-01-18 11:00:00,Pump_A,Non_Drive_End,2.005,2.706,44.64,1497.8,79.9,OK
2023-01-18 12:00:00,Pump_A,Non_Drive_End,1.538,1.921,43.66,1509.7,69.6,OK
2023-01-18 13:00:00,Pump_A,Non_Drive_End,2.193,3.489,45.96,1489.6,80.4,OK
2023-01-18 14:00:00,Pump_A,Non_Drive_End,1.841,3.04,42.27,1504.5,77.9,OK
2023-01-18 15:00:00,Pump_A,Non_Drive_End,1.738,2.305,43.46,1517.2,77.8,OK
2023-01-18 16:00:00,Pump_A,Non_Drive_End,1.65,2.543,42.86,1477.9,73.9,OK
2023-01-18 17:00:00,Pump_A,Non_Drive_End,2.168,3.157,44.7,1500.4,79.3,OK
2023-01-18 18:00:00,Pump_A,Non_Drive_End,2.212,3.004,45.35,1505.8,78.6,OK
2023-01-18 19:00:00,Pump_A,Non_Drive_End,2.089,2.4,43.79,1490.1,81.7,OK
2023-01-18 20:00:00,Pump_A,Non_Drive_End,2.132,3.189,44.72,1496.2,81.8,OK
2023-01-18 21:00:00,Pump_A,Non_Drive_End,2.267,2.722,45.43,1487.7,79.8,OK
2023-01-18 22:00:00,Pump_A,Non_Drive_End,1.673,2.25,43.99,1505.7,74.8,OK
2023-01-18 23:00:00,Pump_A,Non_Drive_End,1.811,2.014,44.66,1505.2,80.1,OK
2023-01-19 00:00:00,Pump_A,Non_Drive_End,1.904,2.959,42.82,1506.3,78.4,OK
2023-01-19 01:00:00,Pump_A,Non_Drive_End,2.612,3.499,48.73,1498.4,89.4,OK
2023-01-19 02:00:00,Pump_A,Non_Drive_End,1.603,2.419,43.4,1504.5,73.5,OK
2023-01-19 03:00:00,Pump_A,Non_Drive_End,1.783,3.724,43.09,1493.2,73.8,OK
2023-01-19 04:00:00,Pump_A,Non_Drive_End,2.536,2.931,47.03,1498.9,83.0,OK
2023-01-19 05:00:00,Pump_A,Non_Drive_End,1.653,2.549,42.22,1474.9,71.9,OK
2023-01-19 06:00:00,Pump_A,Non_Drive_End,1.922,3.138,44.05,1531.0,79.5,OK
2023-01-19 07:00:00,Pump_A,Non_Drive_End,1.992,3.897,46.45,1497.6,81.5,OK
2023-01-19 08:00:00,Pump_A,Non_Drive_End,1.962,4.294,44.81,1477.0,80.7,OK
2023-01-19 09:00:00,Pump_A,Non_Drive_End,2.32,3.058,44.47,1514.4,85.5,OK
2023-01-19 10:00:00,Pump_A,Non_Drive_End,2.206,2.684,45.93,1491.9,83.4,OK
2023-01-19 11:00:00,Pump_A,Non_Drive_End,1.785,3.277,43.9,1502.7,80.2,OK
2023-01-19 12:00:00,Pump_A,Non_Drive_End,1.588,2.463,43.66,1498.9,71.6,OK
2023-01-19 13:00:00,Pump_A,Non_Drive_End,1.72,2.991,44.25,1498.8,78.8,OK
2023-01-19 14:00:00,Pump_A,Non_Drive_End,2.184,2.662,44.45,1481.0,77.9,OK
2023-01-19 15:00:00,Pump_A,Non_Drive_End,1.791,1.624,45.56,1488.0,81.8,OK
2023-01-19 16:00:00,Pump_A,Non_Drive_End,1.665,2.037,43.05,1529.3,77.3,OK
2023-01-19 17:00:00,Pump_A,Non_Drive_End,2.183,2.786,44.32,1495.3,81.2,OK
2023-01-19 18:00:00,Pump_A,Non_Drive_End,1.447,2.02,41.19,1477.8,71.0,OK
2023-01-19 19:00:00,Pump_A,Non_Drive_End,2.244,2.469,46.29,1512.3,86.2,OK
2023-01-19 20:00:00,Pump_A,Non_Drive_End,1.711,2.239,43.29,1493.4,77.0,OK
2023-01-19 21:00:00,Pump_A,Non_Drive_End,1.913,2.414,45.42,1502.1,76.8,OK
2023-01-19 22:00:00,Pump_A,Non_Drive_End,1.831,2.338,43.92,1483.8,75.1,OK
2023-01-19 23:00:00,Pump_A,Non_Drive_End,1.534,1.55,39.95,1513.9,68.0,OK
2023-01-20 00:00:00,Pump_A,Non_Drive_End,2.251,2.244,46.95,1492.6,88.4,OK
2023-01-20 01:00:00,Pump_A,Non_Drive_End,1.663,1.735,44.38,1507.2,78.9,OK
2023-01-20 02:00:00,Pump_A,Non_Drive_End,2.468,3.721,48.27,1484.3,85.0,OK
2023-01-20 03:00:00,Pump_A,Non_Drive_End,1.952,3.458,43.92,1474.8,79.6,OK
2023-01-20 04:00:00,Pump_A,Non_Drive_End,1.323,2.82,42.02,1498.2,78.1,OK
2023-01-20 05:00:00,Pump_A,Non_Drive_End,2.378,3.77,46.22,1499.1,82.5,OK
2023-01-20 06:00:00,Pump_A,Non_Drive_End,1.402,2.426,41.51,1508.0,75.5,OK
2023-01-20 07:00:00,Pump_A,Non_Drive_End,2.442,3.704,45.6,1501.6,86.3,OK
2023-01-20 08:00:00,Pump_A,Non_Drive_End,1.818,3.318,44.09,1506.7,75.7,OK
2023-01-20 09:00:00,Pump_A,Non_Drive_End,1.779,1.511,45.15,1492.0,75.2,OK
2023-01-20 10:00:00,Pump_A,Non_Drive_End,1.794,3.314,47.16,1512.3,82.2,OK
2023-01-20 11:00:00,Pump_A,Non_Drive_End,1.67,1.733,43.35,1507.7,73.4,OK
2023-01-20 12:00:00,Pump_A,Non_Drive_End,2.442,2.829,45.44,1494.0,84.2,OK
2023-01-20 13:00:00,Pump_A,Non_Drive_End,1.891,3.241,45.39,1500.3,80.7,OK
2023-01-20 14:00:00,Pump_A,Non_Drive_End,2.335,3.28,48.75,1498.8,84.3,OK
2023-01-20 15:00:00,Pump_A,Non_Drive_End,1.804,2.018,45.07,1521.1,75.9,OK
2023-01-20 16:00:00,Pump_A,Non_Drive_End,2.276,3.583,45.22,1508.5,80.6,OK
2023-01-20 17:00:00,Pump_A,Non_Drive_End,2.381,2.495,47.38,1500.0,84.9,OK
2023-01-20 18:00:00,Pump_A,Non_Drive_End,1.965,3.067,44.76,1516.5,76.8,OK
2023-01-20 19:00:00,Pump_A,Non_Drive_End,2.149,3.419,45.96,1516.2,75.0,OK
2023-01-20 20:00:00,Pump_A,Non_Drive_End,1.866,3.016,43.7,1492.0,77.2,OK
2023-01-20 21:00:00,Pump_A,Non_Drive_End,1.935,3.162,46.24,1503.1,82.7,OK
2023-01-20 22:00:00,Pump_A,Non_Drive_End,1.799,2.933,43.5,1511.5,80.9,OK
2023-01-20 23:00:00,Pump_A,Non_Drive_End,1.533,2.026,42.5,1493.7,74.4,OK
2023-01-21 00:00:00,Pump_A,Non_Drive_End,1.892,3.408,44.73,1496.8,84.2,OK
2023-01-21 01:00:00,Pump_A,Non_Drive_End,2.025,3.585,45.48,1504.5,79.7,OK
2023-01-21 02:00:00,Pump_A,Non_Drive_End,1.824,2.662,44.66,1521.8,75.7,OK
2023-01-21 03:00:00,Pump_A,Non_Drive_End,2.561,3.704,46.33,1504.0,81.2,OK
2023-01-21 04:00:00,Pump_A,Non_Drive_End,1.728,1.609,43.85,1510.7,80.6,OK
2023-01-21 05:00:00,Pump_A,Non_Drive_End,1.692,2.093,41.17,1495.8,71.8,OK
2023-01-21 06:00:00,Pump_A,Non_Drive_End,1.678,2.928,45.08,1508.6,80.3,OK
2023-01-21 07:00:00,Pump_A,Non_Drive_End,2.679,3.84,47.76,1512.2,84.8,OK
2023-01-21 08:00:00,Pump_A,Non_Drive_End,2.202,2.631,44.23,1500.0,77.9,OK
2023-01-21 09:00:00,Pump_A,Non_Drive_End,2.272,3.835,47.4,1510.2,86.9,OK
2023-01-21 10:00:00,Pump_A,Non_Drive_End,2.58,5.191,48.55,1500.7,87.5,OK
2023-01-21 11:00:00,Pump_A,Non_Drive_End,1.939,4.103,45.08,1507.2,80.2,OK
2023-01-21 12:00:00,Pump_A,Non_Drive_End,2.151,3.66,44.61,1491.6,78.6,OK
2023-01-21 13:00:00,Pump_A,Non_Drive_End,2.181,3.498,47.74,1484.9,82.9,OK
2023-01-21 14:00:00,Pump_A,Non_Drive_End,1.628,1.774,44.64,1487.2,76.1,OK
2023-01-21 15:00:00,Pump_A,Non_Drive_End,2.631,4.014,48.03,1503.2,87.7,OK
2023-01-21 16:00:00,Pump_A,Non_Drive_End,1.607,2.543,43.64,1496.9,78.3,OK
2023-01-21 17:00:00,Pump_A,Non_Drive_End,2.154,2.795,46.2,1500.9,83.7,OK
2023-01-21 18:00:00,Pump_A,Non_Drive_End,2.202,3.42,45.53,1488.6,83.7,OK
2023-01-21 19:00:00,Pump_A,Non_Drive_End,1.626,2.614,42.58,1502.3,77.1,OK
2023-01-21 20:00:00,Pump_A,Non_Drive_End,2.094,3.407,45.57,1523.4,85.3,OK
2023-01-21 21:00:00,Pump_A,Non_Drive_End,2.356,3.098,46.72,1487.3,85.2,OK
2023-01-21 22:00:00,Pump_A,Non_Drive_End,1.575,2.638,42.56,1508.2,74.8,OK
2023-01-21 23:00:00,Pump_A,Non_Drive_End,1.819,2.834,45.96,1501.5,79.4,OK
2023-01-22 00:00:00,Pump_A,Non_Drive_End,2.105,2.75,43.03,1511.7,76.1,OK
2023-01-22 01:00:00,Pump_A,Non_Drive_End,2.449,3.691,45.62,1494.5,81.5,OK
2023-01-22 02:00:00,Pump_A,Non_Drive_End,1.599,2.42,43.81,1510.9,74.3,OK
2023-01-22 03:00:00,Pump_A,Non_Drive_End,1.876,3.155,44.8,1499.5,77.6,OK
2023-01-22 04:00:00,Pump_A,Non_Drive_End,1.871,2.067,44.71,1500.6,78.9,OK
2023-01-22 05:00:00,Pump_A,Non_Drive_End,2.318,3.042,48.41,1491.2,89.5,OK
2023-01-22 06:00:00,Pump_A,Non_Drive_End,1.929,2.939,43.71,1498.4,82.2,OK
2023-01-22 07:00:00,Pump_A,Non_Drive_End,1.786,1.912,46.19,1508.7,80.7,OK
2023-01-22 08:00:00,Pump_A,Non_Drive_End,1.816,2.643,44.37,1511.4,76.9,OK
2023-01-22 09:00:00,Pump_A,Non_Drive_End,1.703,1.894,43.71,1501.3,75.6,OK
2023-01-22 10:00:00,Pump_A,Non_Drive_End,1.692,3.334,44.84,1498.4,78.7,OK
2023-01-22 11:00:00,Pump_A,Non_Drive_End,1.895,3.819,45.64,1496.9,84.8,OK
2023-01-22 12:00:00,Pump_A,Non_Drive_End,2.046,3.058,45.65,1504.2,76.3,OK
2023-01-22 13:00:00,Pump_A,Non_Drive_End,2.136,3.683,43.71,1489.2,85.4,OK
2023-01-22 14:00:00,Pump_A,Non_Drive_End,1.867,2.652,44.16,1485.7,79.3,OK
2023-01-22 15:00:00,Pump_A,Non_Drive_End,2.32,4.414,44.09,1489.0,77.2,OK
2023-01-22 16:00:00,Pump_A,Non_Drive_End,2.421,3.6,46.98,1496.0,87.9,OK
2023-01-22 17:00:00,Pump_A,Non_Drive_End,2.151,2.574,45.47,1501.3,84.9,OK
2023-01-22 18:00:00,Pump_A,Non_Drive_End,1.35,1.893,43.1,1500.1,71.8,OK
2023-01-22 19:00:00,Pump_A,Non_Drive_End,2.282,4.364,47.43,1499.7,86.0,OK
2023-01-22 20:00:00,Pump_A,Non_Drive_End,1.997,3.41,44.03,1485.7,78.4,OK
2023-01-22 21:00:00,Pump_A,Non_Drive_End,2.036,1.81,45.16,1496.4,81.5,OK
2023-01-22 22:00:00,Pump_A,Non_Drive_End,2.253,3.001,46.96,1493.7,84.8,OK
2023-01-22 23:00:00,Pump_A,Non_Drive_End,2.212,3.783,44.71,1490.6,78.9,OK
2023-01-23 00:00:00,Pump_A,Non_Drive_End,2.253,2.532,47.14,1505.4,82.5,OK
2023-01-23 01:00:00,Pump_A,Non_Drive_End,2.385,3.729,45.01,1496.4,77.2,OK
2023-01-23 02:00:00,Pump_A,Non_Drive_End,1.18,1.268,40.41,1513.9,69.0,OK
2023-01-23 03:00:00,Pump_A,Non_Drive_End,2.323,3.638,46.62,1507.7,87.1,OK
2023-01-23 04:00:00,Pump_A,Non_Drive_End,2.229,3.827,46.21,1500.7,80.7,OK
2023-01-23 05:00:00,Pump_A,Non_Drive_End,1.891,2.296,43.96,1507.4,78.2,OK
2023-01-23 06:00:00,Pump_A,Non_Drive_End,1.984,2.372,45.1,1509.1,80.4,OK
2023-01-23 07:00:00,Pump_A,Non_Drive_End,2.212,3.828,45.05,1501.9,80.6,OK
2023-01-23 08:00:00,Pump_A,Non_Drive_End,1.986,3.703,44.03,1489.6,76.9,OK
2023-01-23 09:00:00,Pump_A,Non_Drive_End,2.041,3.279,43.67,1514.7,78.8,OK
2023-01-23 10:00:00,Pump_A,Non_Drive_End,1.943,2.741,44.95,1490.7,83.4,OK
2023-01-23 11:00:00,Pump_A,Non_Drive_End,2.136,3.768,43.17,1485.6,78.9,OK
2023-01-23 12:00:00,Pump_A,Non_Drive_End,2.416,3.59,47.05,1491.9,84.9,OK
2023-01-23 13:00:00,Pump_A,Non_Drive_End,1.706,2.863,45.18,1512.1,79.1,OK
2023-01-23 14:00:00,Pump_A,Non_Drive_End,2.073,3.589,45.79,1523.2,83.6,OK
2023-01-23 15:00:00,Pump_A,Non_Drive_End,2.231,3.999,46.32,1499.9,86.2,OK
2023-01-23 16:00:00,Pump_A,Non_Drive_End,1.771,3.352,43.12,1494.8,72.9,OK
2023-01-23 17:00:00,Pump_A,Non_Drive_End,2.241,3.217,46.81,1486.4,86.6,OK
2023-01-23 18:00:00,Pump_A,Non_Drive_End,1.932,2.968,44.87,1506.9,80.4,OK
2023-01-23 19:00:00,Pump_A,Non_Drive_End,1.74,2.527,43.46,1498.9,75.4,OK
2023-01-23 20:00:00,Pump_A,Non_Drive_End,2.273,2.825,45.04,1495.7,80.4,OK
2023-01-23 21:00:00,Pump_A,Non_Drive_End,2.424,4.004,46.76,1489.6,93.9,OK
2023-01-23 22:00:00,Pump_A,Non_Drive_End,1.632,1.457,42.35,1521.5,78.8,OK
2023-01-23 23:00:00,Pump_A,Non_Drive_End,2.122,3.525,47.59,1511.2,84.5,OK
2023-01-24 00:00:00,Pump_A,Non_Drive_End,1.987,2.569,46.33,1497.5,88.9,OK
2023-01-24 01:00:00,Pump_A,Non_Drive_End,2.159,3.876,44.97,1498.1,78.7,OK
2023-01-24 02:00:00,Pump_A,Non_Drive_End,2.288,3.885,46.89,1503.6,85.5,OK
2023-01-24 03:00:00,Pump_A,Non_Drive_End,2.411,3.554,48.53,1485.6,90.3,OK
2023-01-24 04:00:00,Pump_A,Non_Drive_End,2.033,3.47,47.1,1499.8,86.3,OK
2023-01-24 05:00:00,Pump_A,Non_Drive_End,1.197,1.462,40.15,1500.0,70.3,OK
2023-01-24 06:00:00,Pump_A,Non_Drive_End,1.945,3.358,44.24,1501.2,84.0,OK
2023-01-24 07:00:00,Pump_A,Non_Drive_End,2.009,3.266,45.88,1491.9,81.7,OK
2023-01-24 08:00:00,Pump_A,Non_Drive_End,2.396,3.374,47.51,1499.2,86.7,OK
2023-01-24 09:00:00,Pump_A,Non_Drive_End,1.749,2.789,45.18,1499.0,82.2,OK
2023-01-24 10:00:00,Pump_A,Non_Drive_End,2.125,3.433,44.4,1487.2,76.6,OK
2023-01-24 11:00:00,Pump_A,Non_Drive_End,1.976,3.033,43.25,1491.8,74.3,OK
2023-01-24 12:00:00,Pump_A,Non_Drive_End,2.428,4.318,46.11,1491.9,82.5,OK
2023-01-24 13:00:00,Pump_A,Non_Drive_End,1.547,1.65,43.37,1473.8,76.9,OK
2023-01-24 14:00:00,Pump_A,Non_Drive_End,1.862,3.046,44.86,1486.5,78.4,OK
2023-01-24 15:00:00,Pump_A,Non_Drive_End,1.248,2.323,42.01,1498.7,70.5,OK
2023-01-24 16:00:00,Pump_A,Non_Drive_End,1.683,1.398,43.65,1492.3,75.5,OK
2023-01-24 17:00:00,Pump_A,Non_Drive_End,1.712,2.259,42.5,1509.7,78.6,OK
2023-01-24 18:00:00,Pump_A,Non_Drive_End,1.948,2.573,43.99,1488.2,75.0,OK
2023-01-24 19:00:00,Pump_A,Non_Drive_End,1.871,3.106,43.09,1487.3,78.1,OK
2023-01-24 20:00:00,Pump_A,Non_Drive_End,2.106,3.424,45.41,1491.5,84.0,OK
2023-01-24 21:00:00,Pump_A,Non_Drive_End,2.035,1.863,43.3,1496.9,80.2,OK
2023-01-24 22:00:00,Pump_A,Non_Drive_End,1.972,2.836,45.84,1510.4,83.1,OK
2023-01-24 23:00:00,Pump_A,Non_Drive_End,1.996,2.828,46.39,1479.7,83.5,OK
2023-01-25 00:00:00,Pump_A,Non_Drive_End,2.343,3.716,49.68,1497.7,92.5,OK
2023-01-25 01:00:00,Pump_A,Non_Drive_End,2.219,3.66,44.63,1490.9,80.5,OK
2023-01-25 02:00:00,Pump_A,Non_Drive_End,2.332,3.464,45.85,1510.0,81.9,OK
2023-01-25 03:00:00,Pump_A,Non_Drive_End,2.395,2.907,48.28,1487.9,86.1,OK
2023-01-25 04:00:00,Pump_A,Non_Drive_End,2.034,2.439,46.25,1512.7,78.7,OK
2023-01-25 05:00:00,Pump_A,Non_Drive_End,2.235,3.2,47.29,1508.8,87.8,OK
2023-01-25 06:00:00,Pump_A,Non_Drive_End,1.853,1.428,44.27,1516.9,76.5,OK
2023-01-25 07:00:00,Pump_A,Non_Drive_End,1.839,3.162,45.37,1499.3,78.3,OK
2023-01-25 08:00:00,Pump_A,Non_Drive_End,2.062,3.104,44.64,1496.6,81.4,OK
2023-01-25 09:00:00,Pump_A,Non_Drive_End,2.453,4.307,46.03,1504.6,82.9,OK
2023-01-25 10:00:00,Pump_A,Non_Drive_End,2.344,3.258,45.66,1490.5,84.1,OK
2023-01-25 11:00:00,Pump_A,Non_Drive_End,1.72,2.491,44.66,1473.3,81.4,OK
2023-01-25 12:00:00,Pump_A,Non_Drive_End,1.744,2.812,44.57,1484.2,78.2,OK
2023-01-25 13:00:00,Pump_A,Non_Drive_End,2.075,2.739,44.89,1511.6,79.9,OK
2023-01-25 14:00:00,Pump_A,Non_Drive_End,1.872,3.15,44.68,1498.9,73.0,OK
2023-01-25 15:00:00,Pump_A,Non_Drive_End,1.886,3.564,44.39,1513.5,78.5,OK
2023-01-25 16:00:00,Pump_A,Non_Drive_End,2.138,3.316,47.34,1514.8,83.5,OK
2023-01-25 17:00:00,Pump_A,Non_Drive_End,2.395,3.358,46.01,1486.8,79.3,OK
2023-01-25 18:00:00,Pump_A,Non_Drive_End,2.087,3.258,44.58,1493.9,85.8,OK
2023-01-25 19:00:00,Pump_A,Non_Drive_End,1.874,2.039,45.99,1502.5,78.6,OK
2023-01-25 20:00:00,Pump_A,Non_Drive_End,1.974,2.521,45.31,1514.3,80.5,OK
2023-01-25 21:00:00,Pump_A,Non_Drive_End,2.24,3.049,43.54,1488.2,78.9,OK
2023-01-25 22:00:00,Pump_A,Non_Drive_End,2.21,2.433,48.6,1495.0,86.6,OK
2023-01-25 23:00:00,Pump_A,Non_Drive_End,1.86,3.001,43.3,1500.6,73.6,OK
2023-01-26 00:00:00,Pump_A,Non_Drive_End,1.612,2.025,42.53,1491.9,71.5,OK
2023-01-26 01:00:00,Pump_A,Non_Drive_End,1.925,3.986,46.26,1509.6,83.4,OK
2023-01-26 02:00:00,Pump_A,Non_Drive_End,2.473,2.99,45.95,1510.9,80.0,OK
2023-01-26 03:00:00,Pump_A,Non_Drive_End,1.478,2.198,40.66,1501.9,68.1,OK
2023-01-26 04:00:00,Pump_A,Non_Drive_End,1.779,2.373,42.84,1503.7,69.8,OK
2023-01-26 05:00:00,Pump_A,Non_Drive_End,1.529,1.913,41.49,1504.6,72.2,OK
2023-01-26 06:00:00,Pump_A,Non_Drive_End,1.639,2.26,43.66,1503.8,78.0,OK
2023-01-26 07:00:00,Pump_A,Non_Drive_End,1.555,1.997,41.81,1518.0,74.5,OK
2023-01-26 08:00:00,Pump_A,Non_Drive_End,2.262,3.947,47.65,1505.5,89.0,OK
2023-01-26 09:00:00,Pump_A,Non_Drive_End,1.914,3.041,44.5,1496.6,81.3,OK
2023-01-26 10:00:00,Pump_A,Non_Drive_End,2.761,4.086,49.02,1487.3,89.1,OK
2023-01-26 11:00:00,Pump_A,Non_Drive_End,2.381,2.218,46.07,1493.7,84.2,OK
2023-01-26 12:00:00,Pump_A,Non_Drive_End,1.726,2.782,44.09,1487.5,75.4,OK
2023-01-26 13:00:00,Pump_A,Non_Drive_End,2.134,3.263,46.51,1493.3,81.2,OK
2023-01-26 14:00:00,Pump_A,Non_Drive_End,2.015,2.696,45.26,1500.3,83.9,OK
2023-01-26 15:00:00,Pump_A,Non_Drive_End,2.064,3.071,44.86,1502.7,78.4,OK
2023-01-26 16:00:00,Pump_A,Non_Drive_End,1.851,1.898,44.08,1494.8,80.7,OK
2023-01-26 17:00:00,Pump_A,Non_Drive_End,2.071,3.339,46.17,1493.0,82.4,OK
2023-01-26 18:00:00,Pump_A,Non_Drive_End,1.956,2.368,42.99,1510.0,74.6,OK
2023-01-26 19:00:00,Pump_A,Non_Drive_End,1.854,2.081,45.58,1498.5,86.0,OK
2023-01-26 20:00:00,Pump_A,Non_Drive_End,1.716,3.305,42.84,1495.9,74.2,OK
2023-01-26 21:00:00,Pump_A,Non_Drive_End,2.555,3.975,45.5,1514.3,85.4,OK
2023-01-26 22:00:00,Pump_A,Non_Drive_End,2.099,4.021,46.57,1510.5,82.3,OK
2023-01-26 23:00:00,Pump_A,Non_Drive_End,2.209,2.067,45.59,1510.9,82.8,OK
2023-01-27 00:00:00,Pump_A,Non_Drive_End,2.255,2.859,48.62,1491.9,86.0,OK
2023-01-27 01:00:00,Pump_A,Non_Drive_End,2.45,3.335,48.42,1491.2,88.4,OK
2023-01-27 02:00:00,Pump_A,Non_Drive_End,2.194,4.758,44.97,1508.1,82.5,OK
2023-01-27 03:00:00,Pump_A,Non_Drive_End,1.259,1.142,40.43,1496.1,71.4,OK
2023-01-27 04:00:00,Pump_A,Non_Drive_End,1.873,2.557,43.58,1490.5,75.4,OK
2023-01-27 05:00:00,Pump_A,Non_Drive_End,2.171,3.439,44.38,1492.3,84.5,OK
2023-01-27 06:00:00,Pump_A,Non_Drive_End,1.502,3.285,41.53,1503.5,68.1,OK
2023-01-27 07:00:00,Pump_A,Non_Drive_End,2.264,4.23,44.36,1498.0,84.1,OK
2023-01-27 08:00:00,Pump_A,Non_Drive_End,2.16,4.065,45.18,1521.4,82.1,OK
2023-01-27 09:00:00,Pump_A,Non_Drive_End,1.548,1.739,42.74,1500.3,79.8,OK
2023-01-27 10:00:00,Pump_A,Non_Drive_End,2.27,3.818,46.33,1508.7,84.1,OK
2023-01-27 11:00:00,Pump_A,Non_Drive_End,2.312,3.335,47.67,1500.1,86.0,OK
2023-01-27 12:00:00,Pump_A,Non_Drive_End,1.668,1.953,44.44,1509.8,77.9,OK
2023-01-27 13:00:00,Pump_A,Non_Drive_End,2.156,2.93,45.1,1495.5,79.6,OK
2023-01-27 14:00:00,Pump_A,Non_Drive_End,2.664,3.855,49.29,1515.4,87.0,OK
2023-01-27 15:00:00,Pump_A,Non_Drive_End,1.293,2.775,41.42,1490.9,75.3,OK
2023-01-27 16:00:00,Pump_A,Non_Drive_End,2.107,2.973,43.84,1490.9,79.4,OK
2023-01-27 17:00:00,Pump_A,Non_Drive_End,1.943,1.861,43.88,1485.7,82.2,OK
2023-01-27 18:00:00,Pump_A,Non_Drive_End,1.748,2.621,44.01,1480.4,80.9,OK
2023-01-27 19:00:00,Pump_A,Non_Drive_End,2.324,3.765,48.55,1518.3,90.0,OK
2023-01-27 20:00:00,Pump_A,Non_Drive_End,1.848,2.686,43.59,1485.0,77.0,OK
2023-01-27 21:00:00,Pump_A,Non_Drive_End,1.88,2.875,45.53,1492.5,82.2,OK
2023-01-27 22:00:00,Pump_A,Non_Drive_End,1.352,1.739,41.94,1509.3,74.1,OK
2023-01-27 23:00:00,Pump_A,Non_Drive_End,2.215,2.897,47.34,1494.3,76.8,OK
2023-01-28 00:00:00,Pump_A,Non_Drive_End,2.205,4.572,44.95,1500.9,82.2,OK
2023-01-28 01:00:00,Pump_A,Non_Drive_End,1.726,1.727,43.22,1492.5,74.4,OK
2023-01-28 02:00:00,Pump_A,Non_Drive_End,2.365,3.238,48.5,1501.5,88.5,OK
2023-01-28 03:00:00,Pump_A,Non_Drive_End,2.18,3.399,44.61,1518.5,75.9,OK
2023-01-28 04:00:00,Pump_A,Non_Drive_End,2.096,2.881,44.95,1510.9,85.2,OK
2023-01-28 05:00:00,Pump_A,Non_Drive_End,1.832,2.521,43.64,1506.7,82.0,OK
2023-01-28 06:00:00,Pump_A,Non_Drive_End,1.629,2.292,41.55,1505.5,75.5,OK
2023-01-28 07:00:00,Pump_A,Non_Drive_End,1.901,2.757,45.12,1499.6,80.9,OK
2023-01-28 08:00:00,Pump_A,Non_Drive_End,2.157,2.919,44.48,1485.2,75.9,OK
2023-01-28 09:00:00,Pump_A,Non_Drive_End,2.004,3.231,45.31,1535.3,85.1,OK
2023-01-28 10:00:00,Pump_A,Non_Drive_End,1.64,2.44,42.09,1492.8,77.3,OK
2023-01-28 11:00:00,Pump_A,Non_Drive_End,2.321,3.249,46.38,1500.6,84.7,OK
2023-01-28 12:00:00,Pump_A,Non_Drive_End,2.0,2.571,44.4,1488.4,81.4,OK
2023-01-28 13:00:00,Pump_A,Non_Drive_End,1.335,2.585,42.3,1513.4,69.5,OK
2023-01-28 14:00:00,Pump_A,Non_Drive_End,2.191,4.161,44.16,1489.1,73.6,OK
2023-01-28 15:00:00,Pump_A,Non_Drive_End,2.151,2.868,43.6,1493.7,81.3,OK
2023-01-28 16:00:00,Pump_A,Non_Drive_End,1.443,2.131,41.21,1500.2,73.4,OK
2023-01-28 17:00:00,Pump_A,Non_Drive_End,1.854,2.776,44.73,1508.5,76.1,OK
2023-01-28 18:00:00,Pump_A,Non_Drive_End,2.028,2.827,44.25,1514.5,82.4,OK
2023-01-28 19:00:00,Pump_A,Non_Drive_End,2.153,3.709,43.16,1509.6,77.9,OK
2023-01-28 20:00:00,Pump_A,Non_Drive_End,2.45,3.492,47.91,1481.6,85.4,OK
2023-01-28 21:00:00,Pump_A,Non_Drive_End,1.374,1.727,41.1,1511.7,73.3,OK
2023-01-28 22:00:00,Pump_A,Non_Drive_End,1.923,4.217,43.15,1500.9,71.2,OK
2023-01-28 23:00:00,Pump_A,Non_Drive_End,2.379,3.397,47.26,1502.3,85.6,OK
2023-01-29 00:00:00,Pump_A,Non_Drive_End,2.119,3.149,46.66,1494.2,82.7,OK
2023-01-29 01:00:00,Pump_A,Non_Drive_End,2.116,3.756,45.57,1499.5,74.7,OK
2023-01-29 02:00:00,Pump_A,Non_Drive_End,2.207,4.09,43.59,1503.2,80.1,OK
2023-01-29 03:00:00,Pump_A,Non_Drive_End,1.616,2.088,41.47,1513.1,73.4,OK
2023-01-29 04:00:00,Pump_A,Non_Drive_End,2.279,3.408,45.09,1486.0,77.2,OK
2023-01-29 05:00:00,Pump_A,Non_Drive_End,2.336,4.041,45.8,1509.6,82.9,OK
2023-01-29 06:00:00,Pump_A,Non_Drive_End,1.82,2.728,44.65,1507.7,78.5,OK
2023-01-29 07:00:00,Pump_A,Non_Drive_End,2.339,3.392,47.34,1482.2,83.9,OK
2023-01-29 08:00:00,Pump_A,Non_Drive_End,2.465,4.371,48.38,1516.1,83.9,OK
2023-01-29 09:00:00,Pump_A,Non_Drive_End,2.247,3.737,45.6,1500.3,81.5,OK
2023-01-29 10:00:00,Pump_A,Non_Drive_End,1.93,3.541,45.29,1499.6,82.0,OK
2023-01-29 11:00:00,Pump_A,Non_Drive_End,2.401,3.618,49.19,1483.7,90.2,OK
2023-01-29 12:00:00,Pump_A,Non_Drive_End,1.874,2.233,45.41,1503.1,82.0,OK
2023-01-29 13:00:00,Pump_A,Non_Drive_End,1.759,2.148,44.64,1494.7,73.2,OK
2023-01-29 14:00:00,Pump_A,Non_Drive_End,2.12,2.036,45.74,1484.3,86.1,OK
2023-01-29 15:00:00,Pump_A,Non_Drive_End,2.284,2.664,47.27,1495.9,83.8,OK
2023-01-29 16:00:00,Pump_A,Non_Drive_End,1.843,2.128,42.9,1500.1,77.2,OK
2023-01-29 17:00:00,Pump_A,Non_Drive_End,2.452,3.84,47.24,1504.0,84.8,OK
2023-01-29 18:00:00,Pump_A,Non_Drive_End,1.563,3.321,42.87,1497.3,71.4,OK
2023-01-29 19:00:00,Pump_A,Non_Drive_End,2.242,3.421,47.38,1506.0,87.7,OK
2023-01-29 20:00:00,Pump_A,Non_Drive_End,1.724,3.389,41.29,1496.2,75.3,OK
2023-01-29 21:00:00,Pump_A,Non_Drive_End,2.027,3.631,47.01,1490.6,86.0,OK
2023-01-29 22:00:00,Pump_A,Non_Drive_End,2.726,4.368,47.91,1508.0,86.3,OK
2023-01-29 23:00:00,Pump_A,Non_Drive_End,1.93,2.569,44.86,1512.4,81.7,OK
2023-01-30 00:00:00,Pump_A,Non_Drive_End,1.097,1.671,41.5,1501.4,69.5,OK
2023-01-30 01:00:00,Pump_A,Non_Drive_End,1.589,2.979,44.17,1516.8,77.6,OK
2023-01-30 02:00:00,Pump_A,Non_Drive_End,1.558,1.899,40.77,1527.1,71.4,OK
2023-01-30 03:00:00,Pump_A,Non_Drive_End,1.966,2.799,45.33,1498.7,78.9,OK
2023-01-30 04:00:00,Pump_A,Non_Drive_End,1.873,1.626,44.65,1480.7,78.1,OK
2023-01-30 05:00:00,Pump_A,Non_Drive_End,2.018,2.553,45.13,1501.6,75.1,OK
2023-01-30 06:00:00,Pump_A,Non_Drive_End,1.819,2.308,44.8,1517.5,77.8,OK
2023-01-30 07:00:00,Pump_A,Non_Drive_End,1.795,2.671,45.4,1491.6,77.8,OK
2023-01-30 08:00:00,Pump_A,Non_Drive_End,1.641,2.559,43.48,1500.2,70.3,OK
2023-01-30 09:00:00,Pump_A,Non_Drive_End,2.1,3.199,44.78,1498.2,79.6,OK
2023-01-30 10:00:00,Pump_A,Non_Drive_End,2.007,2.746,46.89,1493.5,82.6,OK
2023-01-30 11:00:00,Pump_A,Non_Drive_End,1.202,0.962,40.09,1504.0,63.9,OK
2023-01-30 12:00:00,Pump_A,Non_Drive_End,1.589,3.066,43.71,1505.9,82.4,OK
2023-01-30 13:00:00,Pump_A,Non_Drive_End,1.996,3.325,45.29,1507.4,83.4,OK
2023-01-30 14:00:00,Pump_A,Non_Drive_End,1.327,1.563,40.84,1511.7,69.6,OK
2023-01-30 15:00:00,Pump_A,Non_Drive_End,2.178,2.597,44.97,1499.4,81.4,OK
2023-01-30 16:00:00,Pump_A,Non_Drive_End,1.948,3.465,44.79,1519.0,79.4,OK
2023-01-30 17:00:00,Pump_A,Non_Drive_End,1.845,3.07,45.5,1497.5,77.6,OK
2023-01-30 18:00:00,Pump_A,Non_Drive_End,1.897,2.638,44.38,1511.9,81.8,OK
2023-01-30 19:00:00,Pump_A,Non_Drive_End,2.225,2.871,45.92,1496.4,81.6,OK
2023-01-30 20:00:00,Pump_A,Non_Drive_End,2.596,3.752,45.15,1479.3,83.4,OK
2023-01-30 21:00:00,Pump_A,Non_Drive_End,2.023,3.53,45.96,1500.3,80.8,OK
2023-01-30 22:00:00,Pump_A,Non_Drive_End,2.054,3.968,43.95,1504.5,81.5,OK
2023-01-30 23:00:00,Pump_A,Non_Drive_End,2.198,2.874,43.89,1500.7,80.7,OK
2023-01-31 00:00:00,Pump_A,Non_Drive_End,2.337,2.871,47.15,1502.8,80.8,OK
2023-01-01 00:00:00,Pump_B,Drive_End,2.852,4.075,49.51,1496.2,91.8,OK
2023-01-01 01:00:00,Pump_B,Drive_End,2.89,3.778,46.05,1494.1,82.8,OK
2023-01-01 02:00:00,Pump_B,Drive_End,2.711,5.626,47.87,1477.3,85.5,OK
2023-01-01 03:00:00,Pump_B,Drive_End,2.084,3.206,44.75,1499.4,74.4,OK
2023-01-01 04:00:00,Pump_B,Drive_End,2.177,3.629,43.78,1516.9,74.8,OK
2023-01-01 05:00:00,Pump_B,Drive_End,2.891,3.871,47.52,1497.4,86.4,OK
2023-01-01 06:00:00,Pump_B,Drive_End,2.496,3.422,47.63,1495.6,83.4,OK
2023-01-01 07:00:00,Pump_B,Drive_End,2.284,2.468,43.61,1498.8,76.9,OK
2023-01-01 08:00:00,Pump_B,Drive_End,2.792,4.672,48.04,1492.6,81.7,OK
2023-01-01 09:00:00,Pump_B,Drive_End,3.166,4.456,52.19,1499.2,89.1,OK
2023-01-01 10:00:00,Pump_B,Drive_End,3.172,5.438,49.77,1500.1,89.9,OK
2023-01-01 11:00:00,Pump_B,Drive_End,2.329,3.585,44.33,1508.7,76.7,OK
2023-01-01 12:00:00,Pump_B,Drive_End,2.186,3.166,45.18,1502.4,71.4,OK
2023-01-01 13:00:00,Pump_B,Drive_End,2.305,3.417,45.83,1489.5,76.5,OK
2023-01-01 14:00:00,Pump_B,Drive_End,2.701,4.032,47.23,1513.7,76.1,OK
2023-01-01 15:00:00,Pump_B,Drive_End,2.443,4.095,45.03,1510.8,74.7,OK
2023-01-01 16:00:00,Pump_B,Drive_End,1.549,1.834,41.04,1493.6,65.2,OK
2023-01-01 17:00:00,Pump_B,Drive_End,2.233,2.991,46.28,1491.8,77.9,OK
2023-01-01 18:00:00,Pump_B,Drive_End,2.29,3.605,45.52,1494.9,76.7,OK
2023-01-01 19:00:00,Pump_B,Drive_End,1.964,2.421,40.89,1510.2,64.8,OK
2023-01-01 20:00:00,Pump_B,Drive_End,2.51,2.791,44.71,1492.4,77.7,OK
2023-01-01 21:00:00,Pump_B,Drive_End,3.32,5.158,48.03,1490.7,87.7,OK
2023-01-01 22:00:00,Pump_B,Drive_End,2.72,4.202,47.91,1498.8,83.2,OK
2023-01-01 23:00:00,Pump_B,Drive_End,2.924,3.698,47.54,1511.8,83.5,OK
2023-01-02 00:00:00,Pump_B,Drive_End,3.997,6.693,53.18,1507.2,94.7,OK
2023-01-02 01:00:00,Pump_B,Drive_End,2.393,3.598,47.49,1499.6,81.5,OK
2023-01-02 02:00:00,Pump_B,Drive_End,2.65,3.521,45.58,1504.1,77.0,OK
2023-01-02 03:00:00,Pump_B,Drive_End,2.107,2.71,45.67,1491.8,74.9,OK
2023-01-02 04:00:00,Pump_B,Drive_End,2.305,4.047,46.16,1501.3,75.4,OK
2023-01-02 05:00:00,Pump_B,Drive_End,2.903,3.759,50.07,1503.1,84.3,OK
2023-01-02 06:00:00,Pump_B,Drive_End,2.684,3.748,46.99,1506.6,76.2,OK
2023-01-02 07:00:00,Pump_B,Drive_End,2.845,3.625,47.37,1517.3,83.8,OK
2023-01-02 08:00:00,Pump_B,Drive_End,2.704,3.101,47.44,1500.6,81.0,OK
2023-01-02 09:00:00,Pump_B,Drive_End,3.444,5.452,50.98,1504.6,89.9,OK
2023-01-02 10:00:00,Pump_B,Drive_End,2.957,4.037,48.08,1504.0,84.7,OK
2023-01-02 11:00:00,Pump_B,Drive_End,2.907,4.58,48.42,1496.8,81.6,OK
2023-01-02 12:00:00,Pump_B,Drive_End,2.883,4.152,48.54,1500.8,86.4,OK
2023-01-02 13:00:00,Pump_B,Drive_End,2.248,3.562,45.15,1513.9,70.8,OK
2023-01-02 14:00:00,Pump_B,Drive_End,2.569,3.761,45.02,1505.7,76.8,OK
2023-01-02 15:00:00,Pump_B,Drive_End,3.43,4.207,51.42,1496.2,88.3,OK
2023-01-02 16:00:00,Pump_B,Drive_End,3.07,4.805,51.02,1501.0,85.3,OK
2023-01-02 17:00:00,Pump_B,Drive_End,2.099,3.138,43.24,1507.8,71.2,OK
2023-01-02 18:00:00,Pump_B,Drive_End,2.465,4.212,43.94,1499.9,77.9,OK
2023-01-02 19:00:00,Pump_B,Drive_End,2.758,4.238,45.88,1496.7,82.7,OK
2023-01-02 20:00:00,Pump_B,Drive_End,2.944,3.954,46.95,1485.8,80.2,OK
2023-01-02 21:00:00,Pump_B,Drive_End,2.927,3.633,48.24,1492.3,81.5,OK
2023-01-02 22:00:00,Pump_B,Drive_End,3.408,5.506,48.5,1527.9,88.8,OK
2023-01-02 23:00:00,Pump_B,Drive_End,3.224,5.455,49.31,1507.8,87.5,OK
2023-01-03 00:00:00,Pump_B,Drive_End,2.53,4.306,44.81,1504.8,77.7,OK
2023-01-03 01:00:00,Pump_B,Drive_End,2.727,3.782,44.42,1490.9,74.7,OK
2023-01-03 02:00:00,Pump_B,Drive_End,2.482,3.147,47.71,1499.7,77.0,OK
2023-01-03 03:00:00,Pump_B,Drive_End,2.578,3.657,46.21,1496.8,75.7,OK
2023-01-03 04:00:00,Pump_B,Drive_End,2.957,5.073,48.25,1496.9,84.7,OK
2023-01-03 05:00:00,Pump_B,Drive_End,3.488,6.192,50.1,1477.5,88.7,OK
2023-01-03 06:00:00,Pump_B,Drive_End,2.761,3.985,46.34,1503.0,78.9,OK
2023-01-03 07:00:00,Pump_B,Drive_End,2.854,4.406,47.32,1512.3,76.9,OK
2023-01-03 08:00:00,Pump_B,Drive_End,2.76,4.141,45.58,1492.3,78.7,OK
2023-01-03 09:00:00,Pump_B,Drive_End,3.245,3.48,47.43,1494.8,77.5,OK
2023-01-03 10:00:00,Pump_B,Drive_End,3.648,5.523,50.18,1501.2,88.6,OK
2023-01-03 11:00:00,Pump_B,Drive_End,2.162,2.843,42.66,1502.1,68.8,OK
2023-01-03 12:00:00,Pump_B,Drive_End,3.567,5.118,49.48,1524.0,88.7,OK
2023-01-03 13:00:00,Pump_B,Drive_End,3.101,3.462,48.89,1517.8,82.3,OK
2023-01-03 14:00:00,Pump_B,Drive_End,3.351,5.252,49.29,1484.1,84.9,OK
2023-01-03 15:00:00,Pump_B,Drive_End,2.712,3.326,43.94,1510.2,76.0,OK
2023-01-03 16:00:00,Pump_B,Drive_End,3.436,4.934,49.32,1506.2,86.3,OK
2023-01-03 17:00:00,Pump_B,Drive_End,2.303,3.087,44.37,1495.7,74.6,OK
2023-01-03 18:00:00,Pump_B,Drive_End,3.402,5.777,50.17,1499.6,83.0,OK
2023-01-03 19:00:00,Pump_B,Drive_End,3.015,4.892,49.69,1500.1,82.4,OK
2023-01-03 20:00:00,Pump_B,Drive_End,2.878,3.739,48.39,1519.2,81.7,OK
2023-01-03 21:00:00,Pump_B,Drive_End,3.166,4.315,47.97,1513.1,81.3,OK
2023-01-03 22:00:00,Pump_B,Drive_End,2.835,4.688,45.92,1488.7,72.3,OK
2023-01-03 23:00:00,Pump_B,Drive_End,2.349,4.111,43.57,1496.4,71.4,OK
2023-01-04 00:00:00,Pump_B,Drive_End,2.666,4.741,44.85,1500.3,74.6,OK
2023-01-04 01:00:00,Pump_B,Drive_End,2.704,3.775,43.93,1478.5,73.0,OK
2023-01-04 02:00:00,Pump_B,Drive_End,3.491,5.919,50.58,1506.7,85.9,OK
2023-01-04 03:00:00,Pump_B,Drive_End,3.067,4.798,47.01,1489.6,75.9,OK
2023-01-04 04:00:00,Pump_B,Drive_End,2.755,4.081,47.49,1506.1,75.8,OK
2023-01-04 05:00:00,Pump_B,Drive_End,2.761,4.639,46.5,1484.3,76.7,OK
2023-01-04 06:00:00,Pump_B,Drive_End,3.238,4.433,48.27,1494.9,79.4,OK
2023-01-04 07:00:00,Pump_B,Drive_End,2.843,4.077,46.33,1491.0,76.3,OK
2023-01-04 08:00:00,Pump_B,Drive_End,3.109,4.468,49.51,1463.1,81.2,OK
2023-01-04 09:00:00,Pump_B,Drive_End,3.185,4.121,47.28,1501.6,74.6,OK
2023-01-04 10:00:00,Pump_B,Drive_End,2.819,3.862,48.97,1495.0,76.0,OK
2023-01-04 11:00:00,Pump_B,Drive_End,3.582,4.569,50.19,1511.0,84.2,OK
2023-01-04 12:00:00,Pump_B,Drive_End,3.755,5.985,52.31,1491.5,85.4,OK
2023-01-04 13:00:00,Pump_B,Drive_End,3.052,5.296,45.38,1489.0,77.9,OK
2023-01-04 14:00:00,Pump_B,Drive_End,2.551,3.83,45.25,1500.9,69.7,OK
2023-01-04 15:00:00,Pump_B,Drive_End,3.513,4.771,47.17,1481.3,77.2,OK
2023-01-04 16:00:00,Pump_B,Drive_End,3.598,5.639,51.18,1496.2,85.5,OK
2023-01-04 17:00:00,Pump_B,Drive_End,2.763,4.524,45.73,1515.2,78.3,OK
2023-01-04 18:00:00,Pump_B,Drive_End,3.577,5.697,51.21,1501.4,86.9,OK
2023-01-04 19:00:00,Pump_B,Drive_End,3.406,5.107,49.12,1489.7,83.2,OK
2023-01-04 20:00:00,Pump_B,Drive_End,3.612,5.273,48.94,1479.9,83.7,OK
2023-01-04 21:00:00,Pump_B,Drive_End,2.387,3.23,44.35,1497.9,76.3,OK
2023-01-04 22:00:00,Pump_B,Drive_End,3.457,5.956,50.17,1491.9,82.7,OK
2023-01-04 23:00:00,Pump_B,Drive_End,3.729,5.477,50.03,1495.0,84.5,OK
2023-01-05 00:00:00,Pump_B,Drive_End,3.782,5.592,50.48,1494.0,82.0,OK
2023-01-05 01:00:00,Pump_B,Drive_End,3.525,5.51,51.12,1510.3,87.3,OK
2023-01-05 02:00:00,Pump_B,Drive_End,3.516,5.772,48.92,1488.9,84.5,OK
2023-01-05 03:00:00,Pump_B,Drive_End,3.291,4.572,47.05,1515.8,78.5,OK
2023-01-05 04:00:00,Pump_B,Drive_End,3.45,5.342,50.26,1486.7,81.7,OK
2023-01-05 05:00:00,Pump_B,Drive_End,3.846,5.619,49.05,1492.9,83.3,OK
2023-01-05 06:00:00,Pump_B,Drive_End,3.401,5.108,49.97,1514.4,79.1,OK
2023-01-05 07:00:00,Pump_B,Drive_End,2.677,4.202,45.43,1487.1,72.8,OK
2023-01-05 08:00:00,Pump_B,Drive_End,3.822,5.734,51.22,1502.4,87.7,OK
2023-01-05 09:00:00,Pump_B,Drive_End,3.052,4.684,46.57,1527.1,71.6,OK
2023-01-05 10:00:00,Pump_B,Drive_End,3.547,5.62,49.96,1498.6,83.5,OK
2023-01-05 11:00:00,Pump_B,Drive_End,3.286,5.293,48.8,1514.2,76.0,OK
2023-01-05 12:00:00,Pump_B,Drive_End,3.649,5.11,49.2,1503.2,80.1,OK
2023-01-05 13:00:00,Pump_B,Drive_End,3.991,5.283,48.81,1490.4,80.6,OK
2023-01-05 14:00:00,Pump_B,Drive_End,3.689,5.837,52.0,1507.1,86.6,OK
2023-01-05 15:00:00,Pump_B,Drive_End,3.156,5.081,49.03,1526.0,79.8,OK
2023-01-05 16:00:00,Pump_B,Drive_End,3.729,5.816,51.03,1498.0,84.5,OK
2023-01-05 17:00:00,Pump_B,Drive_End,3.507,5.147,48.43,1510.4,83.0,OK
2023-01-05 18:00:00,Pump_B,Drive_End,3.446,6.472,48.42,1510.2,78.1,OK
2023-01-05 19:00:00,Pump_B,Drive_End,3.44,5.132,49.79,1501.1,80.3,OK
2023-01-05 20:00:00,Pump_B,Drive_End,3.409,4.889,48.71,1492.1,80.6,OK
2023-01-05 21:00:00,Pump_B,Drive_End,3.864,5.868,49.02,1486.6,86.0,OK
2023-01-05 22:00:00,Pump_B,Drive_End,3.171,4.852,46.93,1493.2,75.8,OK
2023-01-05 23:00:00,Pump_B,Drive_End,3.768,6.472,46.94,1504.3,77.2,OK
2023-01-06 00:00:00,Pump_B,Drive_End,3.804,5.507,50.21,1498.2,82.9,OK
2023-01-06 01:00:00,Pump_B,Drive_End,3.476,4.99,49.08,1494.2,80.8,OK
2023-01-06 02:00:00,Pump_B,Drive_End,3.701,5.693,50.81,1508.5,83.0,OK
2023-01-06 03:00:00,Pump_B,Drive_End,3.935,5.999,49.85,1499.4,85.8,OK
2023-01-06 04:00:00,Pump_B,Drive_End,3.71,5.43,49.3,1507.4,79.0,OK
2023-01-06 05:00:00,Pump_B,Drive_End,3.387,4.943,47.28,1507.0,75.9,OK
2023-01-06 06:00:00,Pump_B,Drive_End,3.773,5.461,50.96,1495.5,79.7,OK
2023-01-06 07:00:00,Pump_B,Drive_End,4.124,5.86,51.45,1491.1,87.3,OK
2023-01-06 08:00:00,Pump_B,Drive_End,4.353,6.8,51.88,1496.9,90.0,OK
2023-01-06 09:00:00,Pump_B,Drive_End,3.256,3.459,47.83,1487.9,75.7,OK
2023-01-06 10:00:00,Pump_B,Drive_End,4.033,5.728,51.68,1501.5,90.3,OK
2023-01-06 11:00:00,Pump_B,Drive_End,3.567,4.772,48.62,1508.6,74.9,OK
2023-01-06 12:00:00,Pump_B,Drive_End,4.751,6.676,56.23,1519.0,87.6,OK
2023-01-06 13:00:00,Pump_B,Drive_End,3.689,5.243,49.27,1494.1,78.2,OK
2023-01-06 14:00:00,Pump_B,Drive_End,3.601,5.373,47.82,1497.6,73.4,OK
2023-01-06 15:00:00,Pump_B,Drive_End,3.562,5.635,49.11,1511.7,82.4,OK
2023-01-06 16:00:00,Pump_B,Drive_End,3.571,4.85,47.16,1510.6,80.8,OK
2023-01-06 17:00:00,Pump_B,Drive_End,3.581,4.702,47.92,1513.3,77.3,OK
2023-01-06 18:00:00,Pump_B,Drive_End,3.411,4.53,48.15,1488.7,72.6,OK
2023-01-06 19:00:00,Pump_B,Drive_End,3.713,5.956,49.99,1500.9,79.6,OK
2023-01-06 20:00:00,Pump_B,Drive_End,3.858,6.058,49.64,1505.6,81.7,OK
2023-01-06 21:00:00,Pump_B,Drive_End,3.719,5.234,49.77,1497.3,80.0,OK
2023-01-06 22:00:00,Pump_B,Drive_End,3.962,6.587,50.9,1511.7,86.6,OK
2023-01-06 23:00:00,Pump_B,Drive_End,4.039,6.215,49.21,1490.9,83.0,OK
2023-01-07 00:00:00,Pump_B,Drive_End,3.988,6.661,50.39,1513.5,83.0,OK
2023-01-07 01:00:00,Pump_B,Drive_End,4.589,7.631,52.04,1477.8,84.2,OK
2023-01-07 02:00:00,Pump_B,Drive_End,2.98,4.692,45.89,1502.9,70.1,OK
2023-01-07 03:00:00,Pump_B,Drive_End,3.749,6.111,48.44,1511.2,75.3,OK
2023-01-07 04:00:00,Pump_B,Drive_End,3.401,4.407,48.44,1509.8,72.9,OK
2023-01-07 05:00:00,Pump_B,Drive_End,4.952,7.473,54.1,1499.6,90.5,OK
2023-01-07 06:00:00,Pump_B,Drive_End,3.555,5.7,47.7,1516.4,76.8,OK
2023-01-07 07:00:00,Pump_B,Drive_End,3.696,5.341,49.91,1510.3,77.7,OK
2023-01-07 08:00:00,Pump_B,Drive_End,4.268,6.147,52.35,1506.4,88.0,OK
2023-01-07 09:00:00,Pump_B,Drive_End,4.171,6.299,49.03,1490.1,81.6,OK
2023-01-07 10:00:00,Pump_B,Drive_End,3.647,6.415,48.43,1495.0,75.4,OK
2023-01-07 11:00:00,Pump_B,Drive_End,3.627,5.603,48.81,1502.2,75.8,OK
2023-01-07 12:00:00,Pump_B,Drive_End,4.651,7.43,52.13,1499.8,86.0,OK
2023-01-07 13:00:00,Pump_B,Drive_End,4.466,7.525,55.45,1503.3,91.0,OK
2023-01-07 14:00:00,Pump_B,Drive_End,3.936,6.261,51.08,1495.0,79.8,OK
2023-01-07 15:00:00,Pump_B,Drive_End,4.461,6.535,52.75,1501.0,82.9,OK
2023-01-07 16:00:00,Pump_B,Drive_End,3.891,5.808,49.06,1504.3,78.6,OK
2023-01-07 17:00:00,Pump_B,Drive_End,4.265,7.459,52.99,1492.7,86.7,OK
2023-01-07 18:00:00,Pump_B,Drive_End,2.942,3.938,41.83,1494.3,68.1,OK
2023-01-07 19:00:00,Pump_B,Drive_End,4.001,5.189,49.95,1488.6,79.3,OK
2023-01-07 20:00:00,Pump_B,Drive_End,4.198,6.689,49.75,1515.0,77.9,OK
2023-01-07 21:00:00,Pump_B,Drive_End,4.365,6.505,55.15,1484.5,89.9,OK
2023-01-07 22:00:00,Pump_B,Drive_End,3.711,6.039,50.03,1498.2,79.0,OK
2023-01-07 23:00:00,Pump_B,Drive_End,4.165,5.602,51.29,1493.7,83.9,OK
2023-01-08 00:00:00,Pump_B,Drive_End,3.671,5.262,47.56,1488.2,74.6,OK
2023-01-08 01:00:00,Pump_B,Drive_End,4.172,6.35,49.91,1500.8,82.3,OK
2023-01-08 02:00:00,Pump_B,Drive_End,3.831,6.244,48.8,1501.5,80.5,OK
2023-01-08 03:00:00,Pump_B,Drive_End,4.322,6.501,50.53,1511.6,80.5,OK
2023-01-08 04:00:00,Pump_B,Drive_End,4.281,6.023,49.58,1506.7,84.7,OK
2023-01-08 05:00:00,Pump_B,Drive_End,4.403,6.785,52.5,1499.2,80.8,OK
2023-01-08 06:00:00,Pump_B,Drive_End,3.825,6.126,47.41,1511.4,76.5,OK
2023-01-08 07:00:00,Pump_B,Drive_End,4.167,6.471,50.13,1480.2,81.2,OK
2023-01-08 08:00:00,Pump_B,Drive_End,3.824,5.491,48.55,1508.5,74.7,OK
2023-01-08 09:00:00,Pump_B,Drive_End,5.194,8.008,55.79,1511.5,93.2,OK
2023-01-08 10:00:00,Pump_B,Drive_End,3.365,4.11,44.86,1493.2,68.0,OK
2023-01-08 11:00:00,Pump_B,Drive_End,3.76,6.193,47.83,1499.6,70.1,OK
2023-01-08 12:00:00,Pump_B,Drive_End,3.56,4.705,47.05,1480.7,75.2,OK
2023-01-08 13:00:00,Pump_B,Drive_End,4.23,6.229,50.43,1489.9,79.2,OK
2023-01-08 14:00:00,Pump_B,Drive_End,4.646,6.962,52.42,1488.2,85.7,OK
2023-01-08 15:00:00,Pump_B,Drive_End,4.306,6.368,51.93,1508.8,84.4,OK
2023-01-08 16:00:00,Pump_B,Drive_End,4.214,7.238,48.73,1505.9,78.6,OK
2023-01-08 17:00:00,Pump_B,Drive_End,4.334,5.693,51.06,1490.9,79.4,OK
2023-01-08 18:00:00,Pump_B,Drive_End,3.782,5.44,49.91,1492.7,76.8,OK
2023-01-08 19:00:00,Pump_B,Drive_End,4.595,7.025,50.9,1506.3,79.9,OK
2023-01-08 20:00:00,Pump_B,Drive_End,4.319,5.719,52.19,1494.6,82.3,OK
2023-01-08 21:00:00,Pump_B,Drive_End,3.967,6.168,48.77,1501.8,78.1,OK
2023-01-08 22:00:00,Pump_B,Drive_End,4.416,6.612,49.13,1508.8,79.3,OK
2023-01-08 23:00:00,Pump_B,Drive_End,5.352,7.652,56.26,1517.5,95.0,OK
2023-01-09 00:00:00,Pump_B,Drive_End,4.209,5.922,49.51,1512.6,77.3,OK
2023-01-09 01:00:00,Pump_B,Drive_End,4.972,7.837,53.3,1516.0,85.6,OK
2023-01-09 02:00:00,Pump_B,Drive_End,3.367,5.121,45.23,1503.0,63.8,OK
2023-01-09 03:00:00,Pump_B,Drive_End,4.079,6.459,49.82,1505.6,73.4,OK
2023-01-09 04:00:00,Pump_B,Drive_End,4.527,6.836,52.03,1495.9,83.0,OK
2023-01-09 05:00:00,Pump_B,Drive_End,5.085,8.731,53.79,1506.4,85.0,OK
2023-01-09 06:00:00,Pump_B,Drive_End,3.121,4.281,43.57,1512.4,60.8,OK
2023-01-09 07:00:00,Pump_B,Drive_End,3.944,5.377,49.76,1506.1,77.8,OK
2023-01-09 08:00:00,Pump_B,Drive_End,4.429,6.155,51.19,1506.4,83.1,OK
2023-01-09 09:00:00,Pump_B,Drive_End,4.072,5.998,49.09,1514.9,81.2,OK
2023-01-09 10:00:00,Pump_B,Drive_End,4.033,6.275,49.35,1509.7,71.7,OK
2023-01-09 11:00:00,Pump_B,Drive_End,4.723,6.962,52.06,1495.7,77.6,OK
2023-01-09 12:00:00,Pump_B,Drive_End,4.033,5.76,51.14,1481.5,80.0,OK
2023-01-09 13:00:00,Pump_B,Drive_End,4.489,7.542,51.05,1509.1,83.9,OK
2023-01-09 14:00:00,Pump_B,Drive_End,4.489,7.403,50.73,1499.9,81.1,OK
2023-01-09 15:00:00,Pump_B,Drive_End,3.985,7.666,49.29,1500.2,73.3,OK
2023-01-09 16:00:00,Pump_B,Drive_End,3.981,5.459,49.66,1489.4,78.0,OK
2023-01-09 17:00:00,Pump_B,Drive_End,4.964,7.284,54.11,1511.2,87.1,OK
2023-01-09 18:00:00,Pump_B,Drive_End,4.307,6.417,48.03,1517.2,77.4,OK
2023-01-09 19:00:00,Pump_B,Drive_End,4.238,5.981,51.19,1508.4,79.0,OK
2023-01-09 20:00:00,Pump_B,Drive_End,3.971,5.762,47.33,1510.6,72.6,OK
2023-01-09 21:00:00,Pump_B,Drive_End,4.8,6.767,53.51,1524.6,81.9,OK
2023-01-09 22:00:00,Pump_B,Drive_End,4.606,5.438,50.2,1513.7,78.4,OK
2023-01-09 23:00:00,Pump_B,Drive_End,4.629,6.626,50.61,1501.5,84.7,OK
2023-01-10 00:00:00,Pump_B,Drive_End,4.694,8.137,52.53,1522.1,79.6,OK
2023-01-10 01:00:00,Pump_B,Drive_End,4.954,7.337,54.44,1519.7,85.1,OK
2023-01-10 02:00:00,Pump_B,Drive_End,4.872,7.377,54.46,1495.2,87.3,OK
2023-01-10 03:00:00,Pump_B,Drive_End,5.212,7.497,53.56,1485.8,84.0,OK
2023-01-10 04:00:00,Pump_B,Drive_End,4.378,6.141,50.91,1527.0,75.5,OK
2023-01-10 05:00:00,Pump_B,Drive_End,5.009,7.101,52.8,1498.1,83.8,OK
2023-01-10 06:00:00,Pump_B,Drive_End,4.378,7.388,49.0,1486.8,69.9,OK
2023-01-10 07:00:00,Pump_B,Drive_End,5.08,7.649,54.24,1498.4,88.3,OK
2023-01-10 08:00:00,Pump_B,Drive_End,4.605,7.264,52.33,1511.4,78.9,OK
2023-01-10 09:00:00,Pump_B,Drive_End,4.496,6.818,51.46,1490.3,81.9,OK
2023-01-10 10:00:00,Pump_B,Drive_End,5.203,7.139,51.1,1499.8,80.4,OK
2023-01-10 11:00:00,Pump_B,Drive_End,4.833,7.541,53.7,1496.2,81.7,OK
2023-01-10 12:00:00,Pump_B,Drive_End,4.314,6.856,51.47,1494.4,72.5,OK
2023-01-10 13:00:00,Pump_B,Drive_End,4.799,6.916,52.36,1499.4,84.8,OK
2023-01-10 14:00:00,Pump_B,Drive_End,4.632,6.73,53.11,1502.6,83.3,OK
2023-01-10 15:00:00,Pump_B,Drive_End,4.892,8.151,52.82,1505.7,81.8,OK
2023-01-10 16:00:00,Pump_B,Drive_End,4.654,5.761,51.06,1490.8,78.1,OK
2023-01-10 17:00:00,Pump_B,Drive_End,4.483,7.129,51.23,1486.4,79.0,OK
2023-01-10 18:00:00,Pump_B,Drive_End,4.789,7.805,52.2,1503.1,80.5,OK
2023-01-10 19:00:00,Pump_B,Drive_End,4.387,6.285,48.25,1516.3,72.7,OK
2023-01-10 20:00:00,Pump_B,Drive_End,5.194,7.617,52.54,1498.8,82.0,OK
2023-01-10 21:00:00,Pump_B,Drive_End,5.072,7.947,53.54,1509.3,84.5,OK
2023-01-10 22:00:00,Pump_B,Drive_End,4.975,7.378,54.02,1511.6,81.2,OK
2023-01-10 23:00:00,Pump_B,Drive_End,3.739,5.295,46.94,1520.5,68.2,OK
2023-01-11 00:00:00,Pump_B,Drive_End,4.544,6.947,50.64,1510.1,79.3,OK
2023-01-11 01:00:00,Pump_B,Drive_End,4.917,7.101,52.08,1499.4,81.5,OK
2023-01-11 02:00:00,Pump_B,Drive_End,4.787,6.745,52.87,1509.4,81.4,OK
2023-01-11 03:00:00,Pump_B,Drive_End,4.639,6.069,51.03,1508.3,79.8,OK
2023-01-11 04:00:00,Pump_B,Drive_End,4.483,7.095,50.15,1499.2,76.2,OK
2023-01-11 05:00:00,Pump_B,Drive_End,4.934,7.389,53.0,1501.6,80.8,OK
2023-01-11 06:00:00,Pump_B,Drive_End,4.574,6.205,50.83,1514.0,76.0,OK
2023-01-11 07:00:00,Pump_B,Drive_End,5.057,7.192,52.12,1506.7,75.7,OK
2023-01-11 08:00:00,Pump_B,Drive_End,4.176,5.952,47.58,1504.5,71.2,OK
2023-01-11 09:00:00,Pump_B,Drive_End,5.114,7.239,55.11,1510.1,83.7,OK
2023-01-11 10:00:00,Pump_B,Drive_End,4.767,6.597,52.15,1478.4,76.2,OK
2023-01-11 11:00:00,Pump_B,Drive_End,5.076,7.01,51.74,1506.0,78.1,OK
2023-01-11 12:00:00,Pump_B,Drive_End,4.766,6.851,52.32,1515.4,79.6,OK
2023-01-11 13:00:00,Pump_B,Drive_End,4.447,7.777,49.19,1501.5,77.1,OK
2023-01-11 14:00:00,Pump_B,Drive_End,5.226,7.177,54.73,1499.7,78.4,OK
2023-01-11 15:00:00,Pump_B,Drive_End,4.98,7.756,52.48,1504.2,83.8,OK
2023-01-11 16:00:00,Pump_B,Drive_End,5.317,7.698,53.57,1490.3,86.3,OK
2023-01-11 17:00:00,Pump_B,Drive_End,5.434,7.261,55.39,1505.4,83.7,OK
2023-01-11 18:00:00,Pump_B,Drive_End,6.111,9.034,56.41,1495.5,92.5,OK
2023-01-11 19:00:00,Pump_B,Drive_End,4.731,6.796,52.11,1510.5,78.5,OK
2023-01-11 20:00:00,Pump_B,Drive_End,5.048,7.813,52.19,1505.8,80.0,OK
2023-01-11 21:00:00,Pump_B,Drive_End,5.337,7.689,54.7,1490.7,81.2,OK
2023-01-11 22:00:00,Pump_B,Drive_End,4.851,6.768,50.15,1502.0,78.8,OK
2023-01-11 23:00:00,Pump_B,Drive_End,4.756,7.639,50.39,1496.8,74.7,OK
2023-01-12 00:00:00,Pump_B,Drive_End,4.871,7.999,52.56,1485.6,75.6,OK
2023-01-12 01:00:00,Pump_B,Drive_End,5.603,8.57,55.36,1506.4,83.5,OK
2023-01-12 02:00:00,Pump_B,Drive_End,4.827,7.236,51.81,1486.4,78.4,OK
2023-01-12 03:00:00,Pump_B,Drive_End,5.884,8.608,56.32,1500.8,89.6,OK
2023-01-12 04:00:00,Pump_B,Drive_End,4.787,7.184,51.58,1492.6,73.4,OK
2023-01-12 05:00:00,Pump_B,Drive_End,5.574,8.314,55.28,1496.5,80.9,OK
2023-01-12 06:00:00,Pump_B,Drive_End,5.165,7.852,50.16,1507.1,78.0,OK
2023-01-12 07:00:00,Pump_B,Drive_End,5.221,8.054,51.35,1512.3,80.1,OK
2023-01-12 08:00:00,Pump_B,Drive_End,4.986,8.086,51.6,1504.1,76.4,OK
2023-01-12 09:00:00,Pump_B,Drive_End,5.054,6.454,53.47,1500.2,82.0,OK
2023-01-12 10:00:00,Pump_B,Drive_End,4.868,7.617,52.08,1493.8,80.9,OK
2023-01-12 11:00:00,Pump_B,Drive_End,4.889,6.983,52.57,1518.6,82.8,OK
2023-01-12 12:00:00,Pump_B,Drive_End,5.984,9.043,56.32,1483.6,87.3,OK
2023-01-12 13:00:00,Pump_B,Drive_End,5.32,7.446,53.45,1495.6,79.0,OK
2023-01-12 14:00:00,Pump_B,Drive_End,5.582,8.582,54.18,1492.4,78.1,OK
2023-01-12 15:00:00,Pump_B,Drive_End,5.882,7.568,55.07,1485.8,85.7,OK
2023-01-12 16:00:00,Pump_B,Drive_End,5.106,7.576,52.29,1505.8,77.7,OK
2023-01-12 17:00:00,Pump_B,Drive_End,5.062,7.94,53.26,1485.0,75.1,OK
2023-01-12 18:00:00,Pump_B,Drive_End,4.926,7.985,52.55,1506.9,76.0,OK
2023-01-12 19:00:00,Pump_B,Drive_End,5.486,8.552,53.24,1496.6,81.1,OK
2023-01-12 20:00:00,Pump_B,Drive_End,5.145,8.29,50.42,1497.1,73.4,OK
2023-01-12 21:00:00,Pump_B,Drive_End,4.673,7.263,49.9,1512.7,74.2,OK
2023-01-12 22:00:00,Pump_B,Drive_End,5.974,9.053,56.8,1492.3,88.1,OK
2023-01-12 23:00:00,Pump_B,Drive_End,4.635,7.076,48.49,1478.0,70.1,OK
2023-01-13 00:00:00,Pump_B,Drive_End,5.066,7.53,52.36,1505.6,74.6,OK
2023-01-13 01:00:00,Pump_B,Drive_End,5.267,7.935,52.12,1496.4,74.1,OK
2023-01-13 02:00:00,Pump_B,Drive_End,6.151,10.059,57.36,1486.0,91.5,OK
2023-01-13 03:00:00,Pump_B,Drive_End,5.431,8.338,55.23,1490.2,84.3,OK
2023-01-13 04:00:00,Pump_B,Drive_End,5.643,9.061,54.89,1515.7,85.6,OK
2023-01-13 05:00:00,Pump_B,Drive_End,5.69,8.746,53.52,1502.1,84.5,OK
2023-01-13 06:00:00,Pump_B,Drive_End,4.665,7.414,51.41,1501.0,74.4,OK
2023-01-13 07:00:00,Pump_B,Drive_End,5.724,9.605,54.78,1488.8,81.6,OK
2023-01-13 08:00:00,Pump_B,Drive_End,5.619,8.369,54.52,1502.0,82.6,OK
2023-01-13 09:00:00,Pump_B,Drive_End,5.362,7.991,53.13,1523.5,84.5,OK
2023-01-13 10:00:00,Pump_B,Drive_End,5.569,8.673,57.26,1494.1,88.0,OK
2023-01-13 11:00:00,Pump_B,Drive_End,5.671,9.214,53.97,1502.0,83.3,OK
2023-01-13 12:00:00,Pump_B,Drive_End,5.133,7.535,53.83,1495.5,79.4,OK
2023-01-13 13:00:00,Pump_B,Drive_End,5.609,8.676,53.79,1506.4,82.8,OK
2023-01-13 14:00:00,Pump_B,Drive_End,5.383,8.234,53.01,1501.9,78.5,OK
2023-01-13 15:00:00,Pump_B,Drive_End,5.498,8.454,53.13,1531.6,78.1,OK
2023-01-13 16:00:00,Pump_B,Drive_End,5.363,7.105,51.39,1498.7,77.7,OK
2023-01-13 17:00:00,Pump_B,Drive_End,5.211,8.556,50.91,1502.1,76.8,OK
2023-01-13 18:00:00,Pump_B,Drive_End,5.261,8.334,54.45,1515.2,76.2,OK
2023-01-13 19:00:00,Pump_B,Drive_End,5.207,6.834,52.01,1499.0,76.5,OK
2023-01-13 20:00:00,Pump_B,Drive_End,5.868,8.614,54.9,1505.4,84.4,OK
2023-01-13 21:00:00,Pump_B,Drive_End,5.93,8.976,57.55,1495.0,86.3,OK
2023-01-13 22:00:00,Pump_B,Drive_End,5.554,8.62,54.79,1487.0,84.9,OK
2023-01-13 23:00:00,Pump_B,Drive_End,5.411,8.143,53.85,1510.2,77.7,OK
2023-01-14 00:00:00,Pump_B,Drive_End,5.25,8.203,54.18,1515.7,78.1,OK
2023-01-14 01:00:00,Pump_B,Drive_End,5.345,8.597,51.81,1496.6,73.1,OK
2023-01-14 02:00:00,Pump_B,Drive_End,5.556,7.752,51.95,1509.6,76.3,OK
2023-01-14 03:00:00,Pump_B,Drive_End,5.558,8.676,53.41,1506.3,81.1,OK
2023-01-14 04:00:00,Pump_B,Drive_End,4.938,7.269,49.07,1495.8,69.4,OK
2023-01-14 05:00:00,Pump_B,Drive_End,5.205,8.435,52.38,1494.9,70.9,OK
2023-01-14 06:00:00,Pump_B,Drive_End,5.435,8.469,53.17,1488.5,75.9,OK
2023-01-14 07:00:00,Pump_B,Drive_End,4.98,7.713,51.2,1491.3,69.9,OK
2023-01-14 08:00:00,Pump_B,Drive_End,5.66,8.833,54.61,1503.3,80.7,OK
2023-01-14 09:00:00,Pump_B,Drive_End,5.646,8.711,54.45,1497.3,80.3,OK
2023-01-14 10:00:00,Pump_B,Drive_End,5.787,8.356,55.73,1513.4,81.9,OK
2023-01-14 11:00:00,Pump_B,Drive_End,5.287,8.189,50.61,1489.2,73.2,OK
2023-01-14 12:00:00,Pump_B,Drive_End,5.428,8.614,53.89,1493.9,78.1,OK
2023-01-14 13:00:00,Pump_B,Drive_End,5.374,8.772,54.01,1494.5,79.9,OK
2023-01-14 14:00:00,Pump_B,Drive_End,5.434,8.007,53.31,1507.2,76.5,OK
2023-01-14 15:00:00,Pump_B,Drive_End,5.472,7.958,53.61,1496.6,76.3,OK
2023-01-14 16:00:00,Pump_B,Drive_End,5.908,7.861,56.49,1492.5,89.3,OK
2023-01-14 17:00:00,Pump_B,Drive_End,5.518,7.475,51.32,1502.1,76.7,OK
2023-01-14 18:00:00,Pump_B,Drive_End,5.704,7.727,55.03,1501.4,81.5,OK
2023-01-14 19:00:00,Pump_B,Drive_End,5.922,8.905,54.71,1502.8,86.4,OK
2023-01-14 20:00:00,Pump_B,Drive_End,5.684,8.375,55.73,1500.8,85.3,OK
2023-01-14 21:00:00,Pump_B,Drive_End,5.385,8.361,52.48,1497.2,78.3,OK
2023-01-14 22:00:00,Pump_B,Drive_End,5.289,7.74,52.8,1496.3,69.2,OK
2023-01-14 23:00:00,Pump_B,Drive_End,5.853,8.745,54.8,1503.4,82.1,OK
2023-01-15 00:00:00,Pump_B,Drive_End,5.482,7.685,52.28,1505.3,78.5,OK
2023-01-15 01:00:00,Pump_B,Drive_End,6.445,9.138,58.78,1505.3,90.2,OK
2023-01-15 02:00:00,Pump_B,Drive_End,5.55,8.405,53.33,1502.1,79.4,OK
2023-01-15 03:00:00,Pump_B,Drive_End,5.253,8.162,53.05,1507.3,76.2,OK
2023-01-15 04:00:00,Pump_B,Drive_End,5.492,8.378,52.7,1491.8,75.6,OK
2023-01-15 05:00:00,Pump_B,Drive_End,5.839,7.9,55.86,1517.6,82.2,OK
2023-01-15 06:00:00,Pump_B,Drive_End,6.107,9.099,55.83,1503.9,88.4,OK
2023-01-15 07:00:00,Pump_B,Drive_End,5.963,8.442,55.68,1486.5,83.2,OK
2023-01-15 08:00:00,Pump_B,Drive_End,5.735,8.109,54.6,1501.8,78.2,OK
2023-01-15 09:00:00,Pump_B,Drive_End,6.284,9.664,55.51,1490.1,79.8,OK
2023-01-15 10:00:00,Pump_B,Drive_End,6.255,9.557,56.07,1518.4,87.1,OK
2023-01-15 11:00:00,Pump_B,Drive_End,5.863,8.961,55.07,1498.0,79.3,OK
2023-01-15 12:00:00,Pump_B,Drive_End,5.764,8.372,54.36,1487.9,81.2,OK
2023-01-15 13:00:00,Pump_B,Drive_End,6.134,9.677,56.09,1488.4,85.3,OK
2023-01-15 14:00:00,Pump_B,Drive_End,6.089,9.02,56.35,1498.6,82.3,OK
2023-01-15 15:00:00,Pump_B,Drive_End,5.506,8.526,53.71,1496.4,72.3,OK
2023-01-15 16:00:00,Pump_B,Drive_End,5.671,9.171,54.6,1514.8,78.0,OK
2023-01-15 17:00:00,Pump_B,Drive_End,5.646,8.781,52.98,1503.1,75.4,OK
2023-01-15 18:00:00,Pump_B,Drive_End,5.828,9.155,54.04,1513.7,78.5,OK
2023-01-15 19:00:00,Pump_B,Drive_End,6.327,10.253,57.04,1493.2,88.3,OK
2023-01-15 20:00:00,Pump_B,Drive_End,6.409,8.707,57.61,1508.9,88.0,OK
2023-01-15 21:00:00,Pump_B,Drive_End,6.318,9.135,56.7,1511.7,80.5,OK
2023-01-15 22:00:00,Pump_B,Drive_End,6.309,8.493,56.38,1510.7,83.8,OK
2023-01-15 23:00:00,Pump_B,Drive_End,5.839,8.912,54.59,1498.0,74.2,OK
2023-01-16 00:00:00,Pump_B,Drive_End,5.598,8.472,54.12,1487.0,81.7,OK
2023-01-16 01:00:00,Pump_B,Drive_End,5.57,8.258,53.61,1483.0,75.1,OK
2023-01-16 02:00:00,Pump_B,Drive_End,5.869,9.245,54.91,1516.1,80.9,OK
2023-01-16 03:00:00,Pump_B,Drive_End,6.453,9.827,56.15,1495.6,83.5,OK
2023-01-16 04:00:00,Pump_B,Drive_End,6.134,8.611,55.29,1497.6,79.9,OK
2023-01-16 05:00:00,Pump_B,Drive_End,6.438,10.044,56.48,1500.3,82.0,OK
2023-01-16 06:00:00,Pump_B,Drive_End,6.206,8.396,55.43,1503.0,81.1,OK
2023-01-16 07:00:00,Pump_B,Drive_End,5.612,8.322,53.44,1512.8,72.6,OK
2023-01-16 08:00:00,Pump_B,Drive_End,6.193,9.121,54.16,1488.7,82.1,OK
2023-01-16 09:00:00,Pump_B,Drive_End,5.86,8.049,55.11,1498.2,76.5,OK
2023-01-16 10:00:00,Pump_B,Drive_End,6.149,8.83,55.73,1500.4,79.5,OK
2023-01-16 11:00:00,Pump_B,Drive_End,6.115,9.918,55.64,1491.0,78.2,OK
2023-01-16 12:00:00,Pump_B,Drive_End,6.077,9.861,58.17,1494.8,84.6,OK
2023-01-16 13:00:00,Pump_B,Drive_End,6.362,9.01,55.76,1496.6,87.7,OK
2023-01-16 14:00:00,Pump_B,Drive_End,6.079,9.27,56.47,1516.1,79.5,OK
2023-01-16 15:00:00,Pump_B,Drive_End,6.427,9.575,55.09,1520.4,78.0,OK
2023-01-16 16:00:00,Pump_B,Drive_End,6.138,9.847,57.26,1496.5,83.5,OK
2023-01-16 17:00:00,Pump_B,Drive_End,5.971,9.01,54.58,1487.4,80.8,OK
2023-01-16 18:00:00,Pump_B,Drive_End,6.224,10.026,54.23,1510.2,78.3,OK
2023-01-16 19:00:00,Pump_B,Drive_End,6.177,10.031,55.52,1507.6,78.3,OK
2023-01-16 20:00:00,Pump_B,Drive_End,6.967,10.289,59.28,1505.4,89.2,OK
2023-01-16 21:00:00,Pump_B,Drive_End,6.629,9.902,58.86,1516.1,84.6,OK
2023-01-16 22:00:00,Pump_B,Drive_End,5.699,8.555,52.66,1485.8,69.0,OK
2023-01-16 23:00:00,Pump_B,Drive_End,6.086,9.415,56.27,1505.7,80.3,OK
2023-01-17 00:00:00,Pump_B,Drive_End,6.655,10.119,56.33,1520.1,86.1,OK
2023-01-17 01:00:00,Pump_B,Drive_End,6.301,9.145,56.02,1498.1,77.3,OK
2023-01-17 02:00:00,Pump_B,Drive_End,6.309,9.268,55.34,1498.2,80.0,OK
2023-01-17 03:00:00,Pump_B,Drive_End,5.663,8.236,52.87,1497.5,71.5,OK
2023-01-17 04:00:00,Pump_B,Drive_End,6.677,10.303,57.06,1502.3,83.3,OK
2023-01-17 05:00:00,Pump_B,Drive_End,6.266,10.098,56.39,1503.1,77.7,OK
2023-01-17 06:00:00,Pump_B,Drive_End,6.272,9.942,56.08,1499.0,77.3,OK
2023-01-17 07:00:00,Pump_B,Drive_End,6.091,9.273,55.51,1487.5,79.7,OK
2023-01-17 08:00:00,Pump_B,Drive_End,6.117,8.599,55.3,1500.4,74.5,OK
2023-01-17 09:00:00,Pump_B,Drive_End,6.11,8.652,54.44,1512.6,78.1,OK
2023-01-17 10:00:00,Pump_B,Drive_End,6.268,9.569,55.4,1496.1,79.5,OK
2023-01-17 11:00:00,Pump_B,Drive_End,6.409,9.568,57.57,1482.9,79.7,OK
2023-01-17 12:00:00,Pump_B,Drive_End,6.202,9.476,53.56,1481.9,75.3,OK
2023-01-17 13:00:00,Pump_B,Drive_End,6.194,8.047,53.5,1515.4,72.4,OK
2023-01-17 14:00:00,Pump_B,Drive_End,6.781,10.03,57.5,1495.2,88.3,OK
2023-01-17 15:00:00,Pump_B,Drive_End,5.51,8.389,52.96,1510.5,71.5,OK
2023-01-17 16:00:00,Pump_B,Drive_End,6.207,9.577,53.45,1490.8,72.7,OK
2023-01-17 17:00:00,Pump_B,Drive_End,6.824,9.787,57.85,1512.1,86.0,OK
2023-01-17 18:00:00,Pump_B,Drive_End,6.694,9.276,55.53,1498.1,81.4,OK
2023-01-17 19:00:00,Pump_B,Drive_End,6.359,8.654,56.1,1495.1,80.9,OK
2023-01-17 20:00:00,Pump_B,Drive_End,6.438,9.591,57.22,1506.5,79.7,OK
2023-01-17 21:00:00,Pump_B,Drive_End,5.722,8.164,51.78,1505.4,73.4,OK
2023-01-17 22:00:00,Pump_B,Drive_End,6.692,9.484,57.21,1499.3,83.9,OK
2023-01-17 23:00:00,Pump_B,Drive_End,6.043,9.729,52.67,1503.8,76.2,OK
2023-01-18 00:00:00,Pump_B,Drive_End,6.151,8.569,54.79,1516.8,76.0,OK
2023-01-18 01:00:00,Pump_B,Drive_End,6.128,10.576,54.59,1491.6,77.6,OK
2023-01-18 02:00:00,Pump_B,Drive_End,6.045,8.684,52.25,1514.9,70.4,OK
2023-01-18 03:00:00,Pump_B,Drive_End,6.327,10.384,56.06,1497.5,83.4,OK
2023-01-18 04:00:00,Pump_B,Drive_End,6.768,10.669,57.77,1512.8,87.5,OK
2023-01-18 05:00:00,Pump_B,Drive_End,6.05,8.843,52.95,1495.8,70.7,OK
2023-01-18 06:00:00,Pump_B,Drive_End,6.714,10.423,58.13,1501.1,85.7,OK
2023-01-18 07:00:00,Pump_B,Drive_End,5.872,8.818,53.05,1504.3,67.4,OK
2023-01-18 08:00:00,Pump_B,Drive_End,6.045,9.271,56.39,1503.4,76.6,OK
2023-01-18 09:00:00,Pump_B,Drive_End,6.13,9.259,53.27,1492.4,75.0,OK
2023-01-18 10:00:00,Pump_B,Drive_End,6.813,9.336,58.45,1508.5,82.1,OK
2023-01-18 11:00:00,Pump_B,Drive_End,6.946,10.529,59.33,1508.3,84.7,OK
2023-01-18 12:00:00,Pump_B,Drive_End,7.393,11.046,60.28,1490.5,89.6,WARNING
2023-01-18 13:00:00,Pump_B,Drive_End,5.95,8.692,52.24,1497.2,72.3,OK
2023-01-18 14:00:00,Pump_B,Drive_End,6.505,8.95,54.37,1495.9,77.8,OK
2023-01-18 15:00:00,Pump_B,Drive_End,6.953,10.543,58.35,1492.0,81.8,OK
2023-01-18 16:00:00,Pump_B,Drive_End,6.948,10.858,59.29,1496.9,87.1,OK
2023-01-18 17:00:00,Pump_B,Drive_End,6.551,9.843,56.21,1513.9,79.1,OK
2023-01-18 18:00:00,Pump_B,Drive_End,6.659,10.211,55.74,1500.8,75.3,OK
2023-01-18 19:00:00,Pump_B,Drive_End,6.771,10.462,56.43,1503.3,79.2,OK
2023-01-18 20:00:00,Pump_B,Drive_End,6.576,9.948,54.6,1504.8,81.6,OK
2023-01-18 21:00:00,Pump_B,Drive_End,6.984,10.279,58.25,1506.6,82.4,OK
2023-01-18 22:00:00,Pump_B,Drive_End,7.121,10.752,60.34,1514.1,87.1,WARNING
2023-01-18 23:00:00,Pump_B,Drive_End,6.527,10.278,55.19,1496.8,72.5,OK
2023-01-19 00:00:00,Pump_B,Drive_End,6.15,9.391,53.06,1499.5,72.5,OK
2023-01-19 01:00:00,Pump_B,Drive_End,6.667,9.8,55.8,1479.4,74.9,OK
2023-01-19 02:00:00,Pump_B,Drive_End,6.488,9.229,55.49,1489.3,80.0,OK
2023-01-19 03:00:00,Pump_B,Drive_End,7.209,11.327,59.2,1492.0,81.8,WARNING
2023-01-19 04:00:00,Pump_B,Drive_End,6.681,10.005,56.75,1515.1,79.4,OK
2023-01-19 05:00:00,Pump_B,Drive_End,6.886,10.062,58.56,1506.4,83.5,OK
2023-01-19 06:00:00,Pump_B,Drive_End,6.677,9.912,58.03,1496.1,83.6,OK
2023-01-19 07:00:00,Pump_B,Drive_End,7.246,10.675,61.28,1488.0,89.0,WARNING
2023-01-19 08:00:00,Pump_B,Drive_End,6.901,10.15,55.99,1490.9,79.8,OK
2023-01-19 09:00:00,Pump_B,Drive_End,6.619,9.982,55.4,1517.3,75.5,OK
2023-01-19 10:00:00,Pump_B,Drive_End,6.966,10.507,58.58,1502.8,81.5,OK
2023-01-19 11:00:00,Pump_B,Drive_End,6.714,9.082,58.84,1490.2,80.1,OK
2023-01-19 12:00:00,Pump_B,Drive_End,7.042,10.245,60.01,1491.7,84.3,WARNING
2023-01-19 13:00:00,Pump_B,Drive_End,6.402,10.017,54.48,1501.1,72.9,OK
2023-01-19 14:00:00,Pump_B,Drive_End,6.138,9.247,55.02,1497.5,71.2,OK
2023-01-19 15:00:00,Pump_B,Drive_End,6.238,9.166,54.59,1492.0,71.3,OK
2023-01-19 16:00:00,Pump_B,Drive_End,6.703,10.169,57.36,1504.2,79.1,OK
2023-01-19 17:00:00,Pump_B,Drive_End,6.681,10.544,55.77,1507.8,76.3,OK
2023-01-19 18:00:00,Pump_B,Drive_End,6.995,10.622,58.41,1499.6,81.9,OK
2023-01-19 19:00:00,Pump_B,Drive_End,6.163,8.902,54.06,1514.3,73.8,OK
2023-01-19 20:00:00,Pump_B,Drive_End,6.672,9.754,54.97,1515.8,82.1,OK
2023-01-19 21:00:00,Pump_B,Drive_End,7.258,10.947,59.22,1502.7,80.2,WARNING
2023-01-19 22:00:00,Pump_B,Drive_End,6.833,10.388,56.18,1495.6,82.9,OK
2023-01-19 23:00:00,Pump_B,Drive_End,7.578,11.126,60.51,1498.4,86.5,WARNING
2023-01-20 00:00:00,Pump_B,Drive_End,6.936,10.601,56.62,1499.5,81.0,OK
2023-01-20 01:00:00,Pump_B,Drive_End,6.753,10.162,57.34,1512.4,74.0,OK
2023-01-20 02:00:00,Pump_B,Drive_End,6.935,9.89,58.92,1513.2,78.7,OK
2023-01-20 03:00:00,Pump_B,Drive_End,7.433,10.947,60.4,1498.8,85.0,WARNING
2023-01-20 04:00:00,Pump_B,Drive_End,6.479,9.593,54.01,1489.8,68.0,OK
2023-01-20 05:00:00,Pump_B,Drive_End,6.844,10.166,55.36,1518.5,73.3,OK
2023-01-20 06:00:00,Pump_B,Drive_End,7.52,12.365,58.91,1519.8,85.1,WARNING
2023-01-20 07:00:00,Pump_B,Drive_End,6.873,10.397,56.21,1488.1,75.9,OK
2023-01-20 08:00:00,Pump_B,Drive_End,6.978,10.168,59.07,1512.3,84.0,OK
2023-01-20 09:00:00,Pump_B,Drive_End,7.113,10.025,57.01,1492.0,77.7,WARNING
2023-01-20 10:00:00,Pump_B,Drive_End,7.315,10.688,60.03,1494.3,81.6,WARNING
2023-01-20 11:00:00,Pump_B,Drive_End,7.181,10.458,55.77,1506.7,79.4,WARNING
2023-01-20 12:00:00,Pump_B,Drive_End,7.299,10.836,58.18,1500.7,81.8,WARNING
2023-01-20 13:00:00,Pump_B,Drive_End,7.839,11.472,61.27,1485.3,90.0,WARNING
2023-01-20 14:00:00,Pump_B,Drive_End,7.119,11.374,57.95,1492.0,78.4,WARNING
2023-01-20 15:00:00,Pump_B,Drive_End,7.244,11.945,57.83,1490.1,80.5,WARNING
2023-01-20 16:00:00,Pump_B,Drive_End,6.909,8.991,57.3,1494.4,78.1,OK
2023-01-20 17:00:00,Pump_B,Drive_End,7.027,9.999,56.38,1483.9,75.8,WARNING
2023-01-20 18:00:00,Pump_B,Drive_End,7.273,11.045,60.8,1485.9,87.3,WARNING
2023-01-20 19:00:00,Pump_B,Drive_End,6.794,9.161,56.21,1504.1,72.1,OK
2023-01-20 20:00:00,Pump_B,Drive_End,7.673,12.078,60.16,1496.9,84.4,WARNING
2023-01-20 21:00:00,Pump_B,Drive_End,7.027,10.825,56.79,1490.3,77.7,WARNING
2023-01-20 22:00:00,Pump_B,Drive_End,6.559,9.648,55.06,1512.7,69.0,OK
2023-01-20 23:00:00,Pump_B,Drive_End,7.734,10.888,61.36,1472.0,87.6,WARNING
2023-01-21 00:00:00,Pump_B,Drive_End,7.139,9.771,57.52,1506.4,80.6,WARNING
2023-01-21 01:00:00,Pump_B,Drive_End,7.098,11.16,57.5,1510.2,82.0,WARNING
2023-01-21 02:00:00,Pump_B,Drive_End,7.365,11.494,57.55,1494.9,81.8,WARNING
2023-01-21 03:00:00,Pump_B,Drive_End,7.506,10.828,60.13,1501.8,76.6,WARNING
2023-01-21 04:00:00,Pump_B,Drive_End,7.782,11.327,61.39,1499.0,90.0,WARNING
2023-01-21 05:00:00,Pump_B,Drive_End,7.127,10.385,56.17,1499.2,73.0,WARNING
2023-01-21 06:00:00,Pump_B,Drive_End,6.803,10.236,55.09,1503.7,71.5,OK
2023-01-21 07:00:00,Pump_B,Drive_End,7.176,10.922,57.86,1505.0,78.5,WARNING
2023-01-21 08:00:00,Pump_B,Drive_End,7.656,12.243,60.68,1506.8,85.6,WARNING
2023-01-21 09:00:00,Pump_B,Drive_End,7.313,11.622,59.72,1506.1,86.5,WARNING
2023-01-21 10:00:00,Pump_B,Drive_End,7.215,10.937,57.39,1502.8,79.7,WARNING
2023-01-21 11:00:00,Pump_B,Drive_End,7.616,10.961,60.58,1498.9,86.4,WARNING
2023-01-21 12:00:00,Pump_B,Drive_End,7.171,9.955,58.74,1503.9,80.9,WARNING
2023-01-21 13:00:00,Pump_B,Drive_End,8.093,12.282,61.71,1489.7,87.4,WARNING
2023-01-21 14:00:00,Pump_B,Drive_End,7.418,10.74,57.37,1486.2,78.0,WARNING
2023-01-21 15:00:00,Pump_B,Drive_End,7.343,11.005,59.64,1481.2,85.0,WARNING
2023-01-21 16:00:00,Pump_B,Drive_End,8.011,11.903,60.28,1497.0,82.4,WARNING
2023-01-21 17:00:00,Pump_B,Drive_End,7.254,11.483,55.85,1501.2,76.0,WARNING
2023-01-21 18:00:00,Pump_B,Drive_End,7.424,11.139,58.86,1504.5,78.8,WARNING
2023-01-21 19:00:00,Pump_B,Drive_End,7.346,10.346,56.48,1515.6,76.0,WARNING
2023-01-21 20:00:00,Pump_B,Drive_End,6.829,10.078,56.48,1506.8,74.8,OK
2023-01-21 21:00:00,Pump_B,Drive_End,7.177,11.063,57.26,1502.6,79.7,WARNING
2023-01-21 22:00:00,Pump_B,Drive_End,7.343,11.027,57.28,1502.4,78.4,WARNING
2023-01-21 23:00:00,Pump_B,Drive_End,7.065,10.366,57.75,1500.0,78.5,WARNING
2023-01-22 00:00:00,Pump_B,Drive_End,7.311,10.343,58.36,1511.6,73.6,WARNING
2023-01-22 01:00:00,Pump_B,Drive_End,7.308,11.423,58.53,1504.2,79.3,WARNING
2023-01-22 02:00:00,Pump_B,Drive_End,6.924,10.48,57.07,1488.3,75.9,OK
2023-01-22 03:00:00,Pump_B,Drive_End,7.434,10.81,60.39,1498.8,83.3,WARNING
2023-01-22 04:00:00,Pump_B,Drive_End,7.119,10.848,56.86,1501.4,77.6,WARNING
2023-01-22 05:00:00,Pump_B,Drive_End,7.705,11.494,59.76,1507.7,85.2,WARNING
2023-01-22 06:00:00,Pump_B,Drive_End,7.114,10.833,56.51,1491.4,72.9,WARNING
2023-01-22 07:00:00,Pump_B,Drive_End,7.432,11.5,56.5,1509.3,78.5,WARNING
2023-01-22 08:00:00,Pump_B,Drive_End,6.058,8.981,50.92,1502.8,60.4,OK
2023-01-22 09:00:00,Pump_B,Drive_End,8.039,12.478,62.05,1504.0,87.9,WARNING
2023-01-22 10:00:00,Pump_B,Drive_End,7.181,10.933,55.95,1510.7,77.7,WARNING
2023-01-22 11:00:00,Pump_B,Drive_End,7.946,11.137,59.47,1501.9,81.0,WARNING
2023-01-22 12:00:00,Pump_B,Drive_End,7.843,11.286,59.84,1503.4,84.1,WARNING
2023-01-22 13:00:00,Pump_B,Drive_End,8.019,11.97,60.11,1499.5,86.2,WARNING
2023-01-22 14:00:00,Pump_B,Drive_End,8.321,11.974,62.56,1505.0,84.7,WARNING
2023-01-22 15:00:00,Pump_B,Drive_End,7.392,10.052,56.96,1501.6,73.4,WARNING
2023-01-22 16:00:00,Pump_B,Drive_End,7.508,11.822,58.07,1493.0,77.2,WARNING
2023-01-22 17:00:00,Pump_B,Drive_End,7.672,10.963,60.49,1501.1,81.0,WARNING
2023-01-22 18:00:00,Pump_B,Drive_End,7.547,11.091,58.99,1503.9,81.5,WARNING
2023-01-22 19:00:00,Pump_B,Drive_End,7.05,10.836,55.44,1483.1,72.3,WARNING
2023-01-22 20:00:00,Pump_B,Drive_End,7.243,10.688,59.25,1491.9,74.9,WARNING
2023-01-22 21:00:00,Pump_B,Drive_End,8.2,11.801,60.33,1510.2,85.3,WARNING
2023-01-22 22:00:00,Pump_B,Drive_End,7.219,10.202,56.51,1513.3,74.5,WARNING
2023-01-22 23:00:00,Pump_B,Drive_End,7.649,11.059,59.57,1502.7,78.8,WARNING
2023-01-23 00:00:00,Pump_B,Drive_End,7.626,11.117,57.86,1498.4,76.8,WARNING
2023-01-23 01:00:00,Pump_B,Drive_End,7.791,11.964,62.12,1491.4,83.0,WARNING
2023-01-23 02:00:00,Pump_B,Drive_End,7.988,11.445,60.69,1504.7,83.0,WARNING
2023-01-23 03:00:00,Pump_B,Drive_End,7.724,11.776,58.97,1503.2,79.9,WARNING
2023-01-23 04:00:00,Pump_B,Drive_End,7.674,12.206,59.56,1487.7,80.3,WARNING
2023-01-23 05:00:00,Pump_B,Drive_End,7.452,10.623,60.32,1519.0,79.9,WARNING
2023-01-23 06:00:00,Pump_B,Drive_End,7.514,11.495,59.38,1497.6,80.2,WARNING
2023-01-23 07:00:00,Pump_B,Drive_End,7.355,11.16,56.17,1498.6,74.5,WARNING
2023-01-23 08:00:00,Pump_B,Drive_End,8.063,11.986,61.27,1509.2,86.3,WARNING
2023-01-23 09:00:00,Pump_B,Drive_End,7.482,12.03,58.87,1495.6,76.1,WARNING
2023-01-23 10:00:00,Pump_B,Drive_End,7.837,11.735,61.5,1503.7,84.7,WARNING
2023-01-23 11:00:00,Pump_B,Drive_End,7.877,12.346,59.85,1506.4,73.7,WARNING
2023-01-23 12:00:00,Pump_B,Drive_End,7.722,11.981,60.18,1509.7,81.1,WARNING
2023-01-23 13:00:00,Pump_B,Drive_End,7.789,11.59,59.86,1513.2,81.4,WARNING
2023-01-23 14:00:00,Pump_B,Drive_End,7.167,11.274,56.94,1502.3,74.9,WARNING
2023-01-23 15:00:00,Pump_B,Drive_End,7.627,11.784,59.09,1491.7,77.4,WARNING
2023-01-23 16:00:00,Pump_B,Drive_End,7.76,11.278,58.75,1491.5,76.5,WARNING
2023-01-23 17:00:00,Pump_B,Drive_End,8.059,11.457,58.36,1503.1,80.6,WARNING
2023-01-23 18:00:00,Pump_B,Drive_End,8.094,13.057,59.48,1518.0,77.2,WARNING
2023-01-23 19:00:00,Pump_B,Drive_End,7.213,10.72,57.55,1476.6,71.1,WARNING
2023-01-23 20:00:00,Pump_B,Drive_End,7.962,11.463,61.03,1502.3,84.3,WARNING
2023-01-23 21:00:00,Pump_B,Drive_End,7.892,12.164,60.85,1503.9,83.5,WARNING
2023-01-23 22:00:00,Pump_B,Drive_End,7.716,11.457,59.81,1492.2,74.6,WARNING
2023-01-23 23:00:00,Pump_B,Drive_End,8.058,12.119,59.92,1495.1,82.5,WARNING
2023-01-24 00:00:00,Pump_B,Drive_End,7.815,12.025,60.14,1507.0,75.4,WARNING
2023-01-24 01:00:00,Pump_B,Drive_End,7.587,10.875,56.67,1516.7,77.3,WARNING
2023-01-24 02:00:00,Pump_B,Drive_End,7.911,11.989,58.14,1495.0,77.8,WARNING
2023-01-24 03:00:00,Pump_B,Drive_End,7.477,10.725,57.53,1496.3,78.0,WARNING
2023-01-24 04:00:00,Pump_B,Drive_End,8.523,12.034,63.93,1501.9,87.2,WARNING
2023-01-24 05:00:00,Pump_B,Drive_End,8.219,12.577,62.49,1480.0,86.5,WARNING
2023-01-24 06:00:00,Pump_B,Drive_End,7.657,11.541,59.66,1496.9,76.6,WARNING
2023-01-24 07:00:00,Pump_B,Drive_End,7.602,10.98,59.05,1510.0,76.1,WARNING
2023-01-24 08:00:00,Pump_B,Drive_End,8.013,11.787,61.78,1508.5,84.6,WARNING
2023-01-24 09:00:00,Pump_B,Drive_End,8.114,11.814,62.12,1489.3,80.2,WARNING
2023-01-24 10:00:00,Pump_B,Drive_End,8.756,13.166,64.2,1506.0,87.7,WARNING
2023-01-24 11:00:00,Pump_B,Drive_End,8.422,11.781,62.45,1502.5,87.4,WARNING
2023-01-24 12:00:00,Pump_B,Drive_End,8.388,12.311,59.82,1509.5,84.1,WARNING
2023-01-24 13:00:00,Pump_B,Drive_End,7.839,12.068,61.09,1497.0,77.5,WARNING
2023-01-24 14:00:00,Pump_B,Drive_End,8.045,12.13,59.41,1497.8,80.6,WARNING
2023-01-24 15:00:00,Pump_B,Drive_End,8.148,12.451,60.92,1504.5,80.6,WARNING
2023-01-24 16:00:00,Pump_B,Drive_End,7.414,10.573,55.66,1506.4,71.1,WARNING
2023-01-24 17:00:00,Pump_B,Drive_End,7.884,12.065,58.7,1497.8,82.2,WARNING
2023-01-24 18:00:00,Pump_B,Drive_End,8.319,13.369,59.57,1502.4,80.7,WARNING
2023-01-24 19:00:00,Pump_B,Drive_End,8.181,12.379,60.05,1497.2,79.7,WARNING
2023-01-24 20:00:00,Pump_B,Drive_End,8.185,12.508,60.94,1488.8,77.8,WARNING
2023-01-24 21:00:00,Pump_B,Drive_End,7.821,11.911,58.2,1493.4,78.4,WARNING
2023-01-24 22:00:00,Pump_B,Drive_End,8.749,13.907,64.32,1486.9,89.2,WARNING
2023-01-24 23:00:00,Pump_B,Drive_End,7.926,12.275,61.5,1490.3,80.9,WARNING
2023-01-25 00:00:00,Pump_B,Drive_End,7.537,10.815,58.29,1488.6,77.8,WARNING
2023-01-25 01:00:00,Pump_B,Drive_End,8.711,12.866,62.79,1506.7,88.0,WARNING
2023-01-25 02:00:00,Pump_B,Drive_End,8.181,11.935,61.0,1502.0,87.0,WARNING
2023-01-25 03:00:00,Pump_B,Drive_End,8.005,11.969,60.78,1505.6,77.3,WARNING
2023-01-25 04:00:00,Pump_B,Drive_End,7.857,11.83,58.66,1518.6,76.5,WARNING
2023-01-25 05:00:00,Pump_B,Drive_End,8.334,12.124,59.83,1504.4,80.6,WARNING
2023-01-25 06:00:00,Pump_B,Drive_End,9.111,12.862,65.0,1495.2,92.5,ERROR
2023-01-25 07:00:00,Pump_B,Drive_End,7.647,11.554,57.84,1504.7,79.4,WARNING
2023-01-25 08:00:00,Pump_B,Drive_End,8.166,12.112,59.69,1489.6,81.6,WARNING
2023-01-25 09:00:00,Pump_B,Drive_End,7.741,12.12,57.58,1488.1,77.6,WARNING
2023-01-25 10:00:00,Pump_B,Drive_End,8.083,11.713,60.26,1507.5,79.1,WARNING
2023-01-25 11:00:00,Pump_B,Drive_End,8.575,11.997,62.16,1488.3,85.6,WARNING
2023-01-25 12:00:00,Pump_B,Drive_End,8.199,11.594,60.61,1491.5,80.2,WARNING
2023-01-25 13:00:00,Pump_B,Drive_End,8.482,12.975,63.47,1489.0,85.3,WARNING
2023-01-25 14:00:00,Pump_B,Drive_End,7.909,11.812,55.8,1498.3,72.5,WARNING
2023-01-25 15:00:00,Pump_B,Drive_End,8.484,12.21,61.2,1515.2,82.5,WARNING
2023-01-25 16:00:00,Pump_B,Drive_End,8.979,13.647,63.56,1509.1,88.8,WARNING
2023-01-25 17:00:00,Pump_B,Drive_End,8.38,13.324,61.87,1499.2,79.0,WARNING
2023-01-25 18:00:00,Pump_B,Drive_End,8.062,12.402,58.11,1502.2,72.9,WARNING
2023-01-25 19:00:00,Pump_B,Drive_End,9.008,13.628,67.55,1487.2,94.6,ERROR
2023-01-25 20:00:00,Pump_B,Drive_End,8.325,12.478,59.64,1497.3,75.8,WARNING
2023-01-25 21:00:00,Pump_B,Drive_End,8.746,13.764,62.74,1502.7,82.8,WARNING
2023-01-25 22:00:00,Pump_B,Drive_End,8.565,12.876,61.7,1502.1,81.5,WARNING
2023-01-25 23:00:00,Pump_B,Drive_End,8.447,12.676,61.63,1515.2,86.0,WARNING
2023-01-26 00:00:00,Pump_B,Drive_End,8.441,12.605,58.88,1504.0,78.4,WARNING
2023-01-26 01:00:00,Pump_B,Drive_End,7.572,11.952,58.49,1509.0,75.2,WARNING
2023-01-26 02:00:00,Pump_B,Drive_End,8.403,12.819,63.6,1498.0,86.6,WARNING
2023-01-26 03:00:00,Pump_B,Drive_End,8.725,12.821,61.92,1493.4,84.6,WARNING
2023-01-26 04:00:00,Pump_B,Drive_End,8.548,12.27,60.83,1488.0,84.8,WARNING
2023-01-26 05:00:00,Pump_B,Drive_End,8.457,11.933,62.13,1511.6,80.7,WARNING
2023-01-26 06:00:00,Pump_B,Drive_End,8.87,13.563,65.48,1493.5,88.4,WARNING
2023-01-26 07:00:00,Pump_B,Drive_End,8.44,13.06,60.59,1486.7,77.4,WARNING
2023-01-26 08:00:00,Pump_B,Drive_End,8.418,12.243,60.54,1509.9,77.2,WARNING
2023-01-26 09:00:00,Pump_B,Drive_End,8.032,11.83,58.7,1506.9,73.2,WARNING
2023-01-26 10:00:00,Pump_B,Drive_End,8.63,12.867,62.38,1508.9,80.2,WARNING
2023-01-26 11:00:00,Pump_B,Drive_End,8.605,12.834,62.42,1495.7,82.0,WARNING
2023-01-26 12:00:00,Pump_B,Drive_End,8.804,13.675,60.88,1496.1,78.2,WARNING
2023-01-26 13:00:00,Pump_B,Drive_End,8.78,13.238,63.71,1501.2,82.9,WARNING
2023-01-26 14:00:00,Pump_B,Drive_End,8.852,13.395,62.6,1499.4,81.7,WARNING
2023-01-26 15:00:00,Pump_B,Drive_End,8.646,12.676,61.18,1499.1,81.6,WARNING
2023-01-26 16:00:00,Pump_B,Drive_End,8.084,12.04,59.32,1486.1,75.0,WARNING
2023-01-26 17:00:00,Pump_B,Drive_End,8.804,13.749,62.18,1476.4,78.6,WARNING
2023-01-26 18:00:00,Pump_B,Drive_End,9.53,13.812,65.97,1490.2,89.5,ERROR
2023-01-26 19:00:00,Pump_B,Drive_End,8.285,12.35,60.15,1500.1,73.6,WARNING
2023-01-26 20:00:00,Pump_B,Drive_End,8.516,13.18,60.74,1494.8,80.5,WARNING
2023-01-26 21:00:00,Pump_B,Drive_End,8.551,13.393,64.35,1512.2,84.6,WARNING
2023-01-26 22:00:00,Pump_B,Drive_End,8.903,13.217,62.69,1506.0,81.3,WARNING
2023-01-26 23:00:00,Pump_B,Drive_End,8.335,12.761,60.59,1501.4,73.4,WARNING
2023-01-27 00:00:00,Pump_B,Drive_End,8.787,13.105,61.39,1494.7,76.1,WARNING
2023-01-27 01:00:00,Pump_B,Drive_End,8.955,13.168,61.19,1491.8,79.7,WARNING
2023-01-27 02:00:00,Pump_B,Drive_End,8.395,12.108,61.15,1480.0,77.7,WARNING
2023-01-27 03:00:00,Pump_B,Drive_End,8.748,13.512,60.98,1508.9,76.6,WARNING
2023-01-27 04:00:00,Pump_B,Drive_End,8.696,12.613,62.57,1484.8,80.7,WARNING
2023-01-27 05:00:00,Pump_B,Drive_End,9.064,13.415,65.35,1505.0,92.9,ERROR
2023-01-27 06:00:00,Pump_B,Drive_End,8.775,12.542,61.08,1492.7,80.4,WARNING
2023-01-27 07:00:00,Pump_B,Drive_End,9.011,12.832,64.94,1489.8,83.2,ERROR
2023-01-27 08:00:00,Pump_B,Drive_End,8.554,12.548,60.75,1497.8,76.1,WARNING
2023-01-27 09:00:00,Pump_B,Drive_End,9.061,13.505,63.08,1509.6,82.9,ERROR
2023-01-27 10:00:00,Pump_B,Drive_End,9.26,13.941,65.16,1509.5,91.7,ERROR
2023-01-27 11:00:00,Pump_B,Drive_End,8.627,13.846,62.01,1487.7,79.3,WARNING
2023-01-27 12:00:00,Pump_B,Drive_End,8.231,12.166,58.8,1512.2,67.5,WARNING
2023-01-27 13:00:00,Pump_B,Drive_End,8.812,13.082,59.3,1495.3,75.7,WARNING
2023-01-27 14:00:00,Pump_B,Drive_End,9.001,13.508,62.02,1499.2,79.7,ERROR
2023-01-27 15:00:00,Pump_B,Drive_End,8.954,14.008,63.62,1501.2,85.2,WARNING
2023-01-27 16:00:00,Pump_B,Drive_End,8.587,12.616,61.47,1501.8,80.0,WARNING
2023-01-27 17:00:00,Pump_B,Drive_End,8.795,13.62,61.8,1512.7,79.0,WARNING
2023-01-27 18:00:00,Pump_B,Drive_End,9.14,13.703,62.95,1504.0,85.3,ERROR
2023-01-27 19:00:00,Pump_B,Drive_End,8.882,13.876,61.46,1499.6,82.5,WARNING
2023-01-27 20:00:00,Pump_B,Drive_End,8.776,13.141,61.77,1510.3,77.9,WARNING
2023-01-27 21:00:00,Pump_B,Drive_End,8.834,14.059,61.61,1484.8,80.9,WARNING
2023-01-27 22:00:00,Pump_B,Drive_End,8.747,12.829,62.04,1494.6,78.4,WARNING
2023-01-27 23:00:00,Pump_B,Drive_End,8.719,12.908,61.77,1507.7,81.0,WARNING
2023-01-28 00:00:00,Pump_B,Drive_End,9.2,14.393,62.47,1492.1,82.3,ERROR
2023-01-28 01:00:00,Pump_B,Drive_End,9.269,13.689,64.36,1494.7,77.5,ERROR
2023-01-28 02:00:00,Pump_B,Drive_End,8.383,12.151,59.42,1490.1,73.7,WARNING
2023-01-28 03:00:00,Pump_B,Drive_End,8.929,14.005,62.56,1491.8,76.5,WARNING
2023-01-28 04:00:00,Pump_B,Drive_End,8.978,12.99,63.33,1500.9,82.6,WARNING
2023-01-28 05:00:00,Pump_B,Drive_End,8.808,14.163,61.24,1490.1,74.1,WARNING
2023-01-28 06:00:00,Pump_B,Drive_End,9.004,13.813,64.19,1497.5,85.5,ERROR
2023-01-28 07:00:00,Pump_B,Drive_End,9.164,13.253,62.21,1497.6,80.4,ERROR
2023-01-28 08:00:00,Pump_B,Drive_End,8.44,12.318,59.39,1500.8,75.0,WARNING
2023-01-28 09:00:00,Pump_B,Drive_End,8.909,13.988,62.15,1485.1,78.7,WARNING
2023-01-28 10:00:00,Pump_B,Drive_End,9.598,14.434,65.56,1513.3,87.7,ERROR
2023-01-28 11:00:00,Pump_B,Drive_End,8.843,13.51,61.74,1496.1,83.8,WARNING
2023-01-28 12:00:00,Pump_B,Drive_End,8.692,12.332,60.93,1500.0,75.2,WARNING
2023-01-28 13:00:00,Pump_B,Drive_End,9.554,13.551,66.97,1488.7,84.8,ERROR
2023-01-28 14:00:00,Pump_B,Drive_End,8.518,12.746,61.11,1501.5,77.9,WARNING
2023-01-28 15:00:00,Pump_B,Drive_End,8.815,13.788,61.98,1494.4,79.6,WARNING
2023-01-28 16:00:00,Pump_B,Drive_End,9.415,14.531,63.46,1494.7,87.7,ERROR
2023-01-28 17:00:00,Pump_B,Drive_End,8.452,11.768,61.78,1511.0,73.9,WARNING
2023-01-28 18:00:00,Pump_B,Drive_End,8.656,11.578,59.98,1501.8,73.0,WARNING
2023-01-28 19:00:00,Pump_B,Drive_End,9.385,13.884,64.62,1503.5,82.2,ERROR
2023-01-28 20:00:00,Pump_B,Drive_End,8.614,12.189,61.85,1485.9,76.6,WARNING
2023-01-28 21:00:00,Pump_B,Drive_End,8.582,12.822,61.31,1502.7,72.4,WARNING
2023-01-28 22:00:00,Pump_B,Drive_End,8.976,13.388,64.3,1506.1,77.8,WARNING
2023-01-28 23:00:00,Pump_B,Drive_End,8.809,12.974,62.21,1512.9,72.8,WARNING
2023-01-29 00:00:00,Pump_B,Drive_End,8.324,12.692,57.85,1494.8,70.8,WARNING
2023-01-29 01:00:00,Pump_B,Drive_End,9.164,13.94,63.07,1498.1,82.2,ERROR
2023-01-29 02:00:00,Pump_B,Drive_End,8.716,11.965,59.86,1528.0,74.6,WARNING
2023-01-29 03:00:00,Pump_B,Drive_End,8.834,13.451,60.45,1508.3,73.7,WARNING
2023-01-29 04:00:00,Pump_B,Drive_End,9.06,14.008,62.71,1496.3,78.6,ERROR
2023-01-29 05:00:00,Pump_B,Drive_End,9.497,14.389,64.6,1505.0,82.5,ERROR
2023-01-29 06:00:00,Pump_B,Drive_End,9.365,13.455,64.79,1493.3,85.9,ERROR
2023-01-29 07:00:00,Pump_B,Drive_End,8.612,13.485,59.0,1504.6,70.7,WARNING
2023-01-29 08:00:00,Pump_B,Drive_End,9.416,13.783,63.52,1511.2,79.0,ERROR
2023-01-29 09:00:00,Pump_B,Drive_End,9.246,14.509,61.52,1503.7,81.5,ERROR
2023-01-29 10:00:00,Pump_B,Drive_End,9.185,14.454,63.74,1504.5,77.9,ERROR
2023-01-29 11:00:00,Pump_B,Drive_End,9.002,13.968,64.03,1513.0,78.6,ERROR
2023-01-29 12:00:00,Pump_B,Drive_End,9.538,13.543,65.37,1501.1,86.1,ERROR
2023-01-29 13:00:00,Pump_B,Drive_End,8.677,12.786,60.55,1492.1,74.4,WARNING
2023-01-29 14:00:00,Pump_B,Drive_End,9.556,14.23,63.38,1494.0,81.4,ERROR
2023-01-29 15:00:00,Pump_B,Drive_End,9.405,13.926,62.21,1519.6,81.1,ERROR
2023-01-29 16:00:00,Pump_B,Drive_End,9.137,12.872,61.77,1502.3,78.9,ERROR
2023-01-29 17:00:00,Pump_B,Drive_End,9.549,14.66,64.15,1514.3,87.3,ERROR
2023-01-29 18:00:00,Pump_B,Drive_End,9.911,14.009,66.86,1502.5,87.0,ERROR
2023-01-29 19:00:00,Pump_B,Drive_End,9.491,14.269,63.12,1508.5,80.0,ERROR
2023-01-29 20:00:00,Pump_B,Drive_End,9.379,13.609,62.75,1499.4,83.9,ERROR
2023-01-29 21:00:00,Pump_B,Drive_End,9.212,13.554,63.33,1511.0,77.4,ERROR
2023-01-29 22:00:00,Pump_B,Drive_End,9.054,13.971,60.23,1501.0,75.8,ERROR
2023-01-29 23:00:00,Pump_B,Drive_End,9.043,14.17,61.25,1483.6,75.7,ERROR
2023-01-30 00:00:00,Pump_B,Drive_End,9.421,14.086,63.73,1508.7,77.4,ERROR
2023-01-30 01:00:00,Pump_B,Drive_End,9.477,14.476,60.53,1513.8,74.6,ERROR
2023-01-30 02:00:00,Pump_B,Drive_End,9.128,14.328,62.85,1506.1,77.2,ERROR
2023-01-30 03:00:00,Pump_B,Drive_End,8.999,13.408,61.24,1500.3,76.5,WARNING
2023-01-30 04:00:00,Pump_B,Drive_End,9.466,13.238,64.6,1521.2,85.9,ERROR
2023-01-30 05:00:00,Pump_B,Drive_End,9.104,14.403,61.44,1500.5,72.4,ERROR
2023-01-30 06:00:00,Pump_B,Drive_End,9.367,14.087,63.86,1480.2,79.0,ERROR
2023-01-30 07:00:00,Pump_B,Drive_End,8.922,12.237,60.49,1495.6,76.5,WARNING
2023-01-30 08:00:00,Pump_B,Drive_End,8.865,13.029,59.61,1503.4,72.1,WARNING
2023-01-30 09:00:00,Pump_B,Drive_End,8.28,12.214,56.01,1515.1,63.8,WARNING
2023-01-30 10:00:00,Pump_B,Drive_End,9.586,14.183,66.62,1501.4,84.9,ERROR
2023-01-30 11:00:00,Pump_B,Drive_End,9.26,12.942,62.92,1498.2,79.6,ERROR
2023-01-30 12:00:00,Pump_B,Drive_End,9.128,13.129,62.56,1511.0,81.6,ERROR
2023-01-30 13:00:00,Pump_B,Drive_End,9.465,14.401,62.75,1498.5,80.0,ERROR
2023-01-30 14:00:00,Pump_B,Drive_End,9.716,15.375,66.78,1504.3,84.7,ERROR
2023-01-30 15:00:00,Pump_B,Drive_End,10.106,15.556,68.2,1469.8,84.7,ERROR
2023-01-30 16:00:00,Pump_B,Drive_End,10.067,15.775,68.4,1515.8,86.2,ERROR
2023-01-30 17:00:00,Pump_B,Drive_End,9.533,14.495,64.13,1484.3,81.1,ERROR
2023-01-30 18:00:00,Pump_B,Drive_End,9.018,13.931,62.88,1483.7,73.8,ERROR
2023-01-30 19:00:00,Pump_B,Drive_End,9.809,13.842,64.98,1510.6,84.6,ERROR
2023-01-30 20:00:00,Pump_B,Drive_End,9.493,14.461,64.33,1495.0,78.7,ERROR
2023-01-30 21:00:00,Pump_B,Drive_End,9.39,14.107,64.42,1481.0,78.6,ERROR
2023-01-30 22:00:00,Pump_B,Drive_End,9.468,14.223,64.03,1505.1,77.2,ERROR
2023-01-30 23:00:00,Pump_B,Drive_End,9.389,13.764,63.32,1494.2,76.7,ERROR
2023-01-31 00:00:00,Pump_B,Drive_End,9.366,14.156,62.24,1502.3,76.4,ERROR
2023-01-01 00:00:00,Pump_B,Non_Drive_End,1.956,2.931,46.26,1501.0,78.3,OK
2023-01-01 01:00:00,Pump_B,Non_Drive_End,1.446,2.355,41.51,1499.4,75.0,OK
2023-01-01 02:00:00,Pump_B,Non_Drive_End,2.003,2.729,44.13,1496.3,78.6,OK
2023-01-01 03:00:00,Pump_B,Non_Drive_End,2.272,3.282,48.76,1502.8,87.2,OK
2023-01-01 04:00:00,Pump_B,Non_Drive_End,1.838,2.482,43.76,1493.1,78.8,OK
2023-01-01 05:00:00,Pump_B,Non_Drive_End,1.556,2.63,42.23,1488.8,73.6,OK
2023-01-01 06:00:00,Pump_B,Non_Drive_End,2.257,3.245,44.81,1512.7,79.0,OK
2023-01-01 07:00:00,Pump_B,Non_Drive_End,1.801,2.509,42.83,1506.9,75.7,OK
2023-01-01 08:00:00,Pump_B,Non_Drive_End,1.611,2.914,42.72,1503.2,76.2,OK
2023-01-01 09:00:00,Pump_B,Non_Drive_End,2.035,2.889,44.89,1486.6,79.3,OK
2023-01-01 10:00:00,Pump_B,Non_Drive_End,2.292,3.083,47.8,1501.8,87.4,OK
2023-01-01 11:00:00,Pump_B,Non_Drive_End,2.554,4.136,49.1,1502.8,86.5,OK
2023-01-01 12:00:00,Pump_B,Non_Drive_End,1.809,2.045,41.69,1506.7,70.3,OK
2023-01-01 13:00:00,Pump_B,Non_Drive_End,1.799,2.82,44.51,1492.7,75.7,OK
2023-01-01 14:00:00,Pump_B,Non_Drive_End,2.218,3.985,47.27,1491.6,85.4,OK
2023-01-01 15:00:00,Pump_B,Non_Drive_End,2.14,3.472,45.1,1504.7,80.4,OK
2023-01-01 16:00:00,Pump_B,Non_Drive_End,2.063,2.756,45.05,1484.9,81.3,OK
2023-01-01 17:00:00,Pump_B,Non_Drive_End,1.607,2.685,43.01,1494.7,75.4,OK
2023-01-01 18:00:00,Pump_B,Non_Drive_End,1.791,2.415,42.08,1491.7,71.5,OK
2023-01-01 19:00:00,Pump_B,Non_Drive_End,1.852,3.054,43.76,1503.4,79.6,OK
2023-01-01 20:00:00,Pump_B,Non_Drive_End,2.057,2.573,44.84,1499.6,79.9,OK
2023-01-01 21:00:00,Pump_B,Non_Drive_End,2.92,4.25,48.96,1486.4,88.1,OK
2023-01-01 22:00:00,Pump_B,Non_Drive_End,1.811,2.194,43.23,1492.3,74.6,OK
2023-01-01 23:00:00,Pump_B,Non_Drive_End,1.857,2.836,44.48,1518.5,78.0,OK
2023-01-02 00:00:00,Pump_B,Non_Drive_End,1.853,1.533,44.22,1506.9,74.6,OK
2023-01-02 01:00:00,Pump_B,Non_Drive_End,2.067,2.926,44.97,1489.5,74.4,OK
2023-01-02 02:00:00,Pump_B,Non_Drive_End,2.678,3.639,50.14,1493.6,86.1,OK
2023-01-02 03:00:00,Pump_B,Non_Drive_End,2.221,3.489,44.19,1510.3,76.5,OK
2023-01-02 04:00:00,Pump_B,Non_Drive_End,2.24,3.535,45.58,1478.5,79.2,OK
2023-01-02 05:00:00,Pump_B,Non_Drive_End,1.349,2.169,40.69,1487.3,65.1,OK
2023-01-02 06:00:00,Pump_B,Non_Drive_End,2.002,3.308,45.31,1506.4,79.1,OK
2023-01-02 07:00:00,Pump_B,Non_Drive_End,2.719,4.325,46.21,1498.2,81.9,OK
2023-01-02 08:00:00,Pump_B,Non_Drive_End,2.211,3.861,46.16,1507.5,81.2,OK
2023-01-02 09:00:00,Pump_B,Non_Drive_End,1.608,2.681,42.62,1503.0,68.3,OK
2023-01-02 10:00:00,Pump_B,Non_Drive_End,2.296,3.757,46.74,1516.7,81.0,OK
2023-01-02 11:00:00,Pump_B,Non_Drive_End,2.148,3.011,43.96,1507.8,79.5,OK
2023-01-02 12:00:00,Pump_B,Non_Drive_End,2.596,4.29,46.45,1503.3,81.2,OK
2023-01-02 13:00:00,Pump_B,Non_Drive_End,2.236,3.732,45.5,1504.3,74.1,OK
2023-01-02 14:00:00,Pump_B,Non_Drive_End,2.116,3.147,45.0,1495.3,78.9,OK
2023-01-02 15:00:00,Pump_B,Non_Drive_End,2.35,3.137,47.02,1498.7,81.0,OK
2023-01-02 16:00:00,Pump_B,Non_Drive_End,2.203,2.639,46.89,1498.3,80.4,OK
2023-01-02 17:00:00,Pump_B,Non_Drive_End,2.633,4.411,47.26,1483.8,82.8,OK
2023-01-02 18:00:00,Pump_B,Non_Drive_End,2.466,3.882,48.01,1502.2,88.0,OK
2023-01-02 19:00:00,Pump_B,Non_Drive_End,1.874,3.306,43.2,1505.7,77.0,OK
2023-01-02 20:00:00,Pump_B,Non_Drive_End,2.207,3.392,43.79,1498.9,75.1,OK
2023-01-02 21:00:00,Pump_B,Non_Drive_End,2.204,3.843,45.0,1488.7,77.5,OK
2023-01-02 22:00:00,Pump_B,Non_Drive_End,2.481,3.628,49.23,1514.6,84.3,OK
2023-01-02 23:00:00,Pump_B,Non_Drive_End,2.83,4.246,49.35,1483.3,87.2,OK
2023-01-03 00:00:00,Pump_B,Non_Drive_End,2.079,2.832,45.27,1491.6,76.3,OK
2023-01-03 01:00:00,Pump_B,Non_Drive_End,1.755,3.136,44.48,1493.8,74.1,OK
2023-01-03 02:00:00,Pump_B,Non_Drive_End,2.426,4.376,46.15,1497.0,78.4,OK
2023-01-03 03:00:00,Pump_B,Non_Drive_End,2.028,3.078,43.72,1483.8,76.5,OK
2023-01-03 04:00:00,Pump_B,Non_Drive_End,2.27,2.817,47.43,1494.5,81.0,OK
2023-01-03 05:00:00,Pump_B,Non_Drive_End,2.772,3.943,49.14,1517.3,84.4,OK
2023-01-03 06:00:00,Pump_B,Non_Drive_End,2.433,2.176,47.65,1502.2,79.8,OK
2023-01-03 07:00:00,Pump_B,Non_Drive_End,2.569,3.935,46.32,1503.3,82.5,OK
2023-01-03 08:00:00,Pump_B,Non_Drive_End,2.658,4.268,47.06,1486.9,83.1,OK
2023-01-03 09:00:00,Pump_B,Non_Drive_End,2.375,3.68,46.99,1490.1,81.9,OK
2023-01-03 10:00:00,Pump_B,Non_Drive_End,1.906,2.763,41.55,1505.2,70.6,OK
2023-01-03 11:00:00,Pump_B,Non_Drive_End,2.285,3.237,44.75,1509.7,75.7,OK
2023-01-03 12:00:00,Pump_B,Non_Drive_End,2.607,4.457,47.98,1504.4,82.4,OK
2023-01-03 13:00:00,Pump_B,Non_Drive_End,2.743,4.272,48.33,1500.5,82.1,OK
2023-01-03 14:00:00,Pump_B,Non_Drive_End,2.524,3.436,48.19,1489.8,84.5,OK
2023-01-03 15:00:00,Pump_B,Non_Drive_End,2.203,3.886,44.11,1503.9,72.1,OK
2023-01-03 16:00:00,Pump_B,Non_Drive_End,1.961,2.673,43.38,1490.4,73.3,OK
2023-01-03 17:00:00,Pump_B,Non_Drive_End,1.985,3.651,44.98,1514.7,74.2,OK
2023-01-03 18:00:00,Pump_B,Non_Drive_End,2.843,3.626,48.92,1493.1,84.5,OK
2023-01-03 19:00:00,Pump_B,Non_Drive_End,2.295,2.204,44.63,1495.9,79.6,OK
2023-01-03 20:00:00,Pump_B,Non_Drive_End,2.811,4.544,49.95,1496.0,85.6,OK
2023-01-03 21:00:00,Pump_B,Non_Drive_End,2.518,4.956,49.89,1490.3,86.6,OK
2023-01-03 22:00:00,Pump_B,Non_Drive_End,2.823,4.181,47.13,1487.3,80.9,OK
2023-01-03 23:00:00,Pump_B,Non_Drive_End,2.578,3.705,48.0,1503.3,84.5,OK
2023-01-04 00:00:00,Pump_B,Non_Drive_End,2.914,4.191,47.97,1502.6,82.6,OK
2023-01-04 01:00:00,Pump_B,Non_Drive_End,1.917,2.681,40.95,1495.5,63.1,OK
2023-01-04 02:00:00,Pump_B,Non_Drive_End,2.466,4.112,43.4,1510.0,74.8,OK
2023-01-04 03:00:00,Pump_B,Non_Drive_End,2.529,3.485,45.82,1497.2,79.2,OK
2023-01-04 04:00:00,Pump_B,Non_Drive_End,3.201,5.044,48.81,1480.9,84.2,OK
2023-01-04 05:00:00,Pump_B,Non_Drive_End,2.735,4.043,49.11,1485.5,84.5,OK
2023-01-04 06:00:00,Pump_B,Non_Drive_End,2.52,4.024,47.93,1504.5,79.8,OK
2023-01-04 07:00:00,Pump_B,Non_Drive_End,3.042,4.852,49.11,1499.2,85.0,OK
2023-01-04 08:00:00,Pump_B,Non_Drive_End,2.919,4.7,48.03,1511.0,85.6,OK
2023-01-04 09:00:00,Pump_B,Non_Drive_End,2.429,2.813,46.01,1497.3,75.4,OK
2023-01-04 10:00:00,Pump_B,Non_Drive_End,2.292,3.307,42.97,1527.1,66.2,OK
2023-01-04 11:00:00,Pump_B,Non_Drive_End,2.806,4.137,47.22,1494.1,81.5,OK
2023-01-04 12:00:00,Pump_B,Non_Drive_End,2.753,4.212,47.19,1486.9,80.9,OK
2023-01-04 13:00:00,Pump_B,Non_Drive_End,2.584,3.989,47.54,1511.4,78.9,OK
2023-01-04 14:00:00,Pump_B,Non_Drive_End,2.678,4.635,46.36,1502.1,79.6,OK
2023-01-04 15:00:00,Pump_B,Non_Drive_End,2.874,4.651,48.16,1499.0,86.4,OK
2023-01-04 16:00:00,Pump_B,Non_Drive_End,2.889,4.104,46.78,1472.7,83.1,OK
2023-01-04 17:00:00,Pump_B,Non_Drive_End,2.594,3.207,46.25,1494.3,77.2,OK
2023-01-04 18:00:00,Pump_B,Non_Drive_End,3.253,5.427,50.74,1502.8,86.8,OK
2023-01-04 19:00:00,Pump_B,Non_Drive_End,3.082,5.015,50.28,1495.0,89.4,OK
2023-01-04 20:00:00,Pump_B,Non_Drive_End,2.963,4.657,47.2,1518.9,83.9,OK
2023-01-04 21:00:00,Pump_B,Non_Drive_End,3.247,4.697,49.61,1496.6,90.7,OK
2023-01-04 22:00:00,Pump_B,Non_Drive_End,2.328,3.099,47.04,1494.8,76.4,OK
2023-01-04 23:00:00,Pump_B,Non_Drive_End,3.211,5.734,46.99,1509.3,83.7,OK
2023-01-05 00:00:00,Pump_B,Non_Drive_End,2.399,3.448,44.32,1492.0,73.9,OK
2023-01-05 01:00:00,Pump_B,Non_Drive_End,2.719,2.99,46.02,1500.4,81.1,OK
2023-01-05 02:00:00,Pump_B,Non_Drive_End,2.453,3.435,44.45,1497.5,77.3,OK
2023-01-05 03:00:00,Pump_B,Non_Drive_End,2.624,3.281,46.28,1489.3,79.4,OK
2023-01-05 04:00:00,Pump_B,Non_Drive_End,2.698,4.012,45.08,1509.1,75.7,OK
2023-01-05 05:00:00,Pump_B,Non_Drive_End,2.965,5.25,48.25,1506.9,81.9,OK
2023-01-05 06:00:00,Pump_B,Non_Drive_End,3.214,4.422,48.49,1501.3,84.6,OK
2023-01-05 07:00:00,Pump_B,Non_Drive_End,3.047,5.121,46.54,1503.4,81.7,OK
2023-01-05 08:00:00,Pump_B,Non_Drive_End,2.478,5.406,45.74,1502.3,75.1,OK
2023-01-05 09:00:00,Pump_B,Non_Drive_End,2.759,4.154,46.93,1494.8,79.6,OK
2023-01-05 10:00:00,Pump_B,Non_Drive_End,3.038,5.249,47.39,1497.3,77.7,OK
2023-01-05 11:00:00,Pump_B,Non_Drive_End,2.867,4.986,46.56,1505.4,73.3,OK
2023-01-05 12:00:00,Pump_B,Non_Drive_End,3.381,4.731,50.17,1500.5,87.1,OK
2023-01-05 13:00:00,Pump_B,Non_Drive_End,3.068,4.651,48.77,1494.1,86.6,OK
2023-01-05 14:00:00,Pump_B,Non_Drive_End,3.423,4.489,50.46,1495.5,83.2,OK
2023-01-05 15:00:00,Pump_B,Non_Drive_End,2.781,4.045,45.08,1482.0,76.2,OK
2023-01-05 16:00:00,Pump_B,Non_Drive_End,2.708,4.355,45.15,1499.9,71.6,OK
2023-01-05 17:00:00,Pump_B,Non_Drive_End,2.775,3.453,47.21,1499.7,82.4,OK
2023-01-05 18:00:00,Pump_B,Non_Drive_End,3.061,4.895,47.21,1508.5,79.2,OK
2023-01-05 19:00:00,Pump_B,Non_Drive_End,2.718,2.883,44.58,1504.1,73.1,OK
2023-01-05 20:00:00,Pump_B,Non_Drive_End,2.633,3.931,45.68,1501.2,76.5,OK
2023-01-05 21:00:00,Pump_B,Non_Drive_End,2.807,3.671,47.24,1492.8,79.2,OK
2023-01-05 22:00:00,Pump_B,Non_Drive_End,3.43,4.988,50.68,1492.3,82.9,OK
2023-01-05 23:00:00,Pump_B,Non_Drive_End,2.912,4.492,46.67,1479.7,76.8,OK
2023-01-06 00:00:00,Pump_B,Non_Drive_End,2.737,3.955,47.04,1499.7,76.8,OK
2023-01-06 01:00:00,Pump_B,Non_Drive_End,3.008,4.341,46.55,1506.1,80.9,OK
2023-01-06 02:00:00,Pump_B,Non_Drive_End,2.806,4.168,47.21,1466.8,78.1,OK
2023-01-06 03:00:00,Pump_B,Non_Drive_End,2.522,3.754,44.36,1503.5,78.7,OK
2023-01-06 04:00:00,Pump_B,Non_Drive_End,2.987,4.665,46.28,1498.1,74.0,OK
2023-01-06 05:00:00,Pump_B,Non_Drive_End,2.928,4.606,45.92,1492.9,79.9,OK
2023-01-06 06:00:00,Pump_B,Non_Drive_End,3.363,5.526,47.33,1496.1,83.0,OK
2023-01-06 07:00:00,Pump_B,Non_Drive_End,2.55,3.309,48.24,1491.4,77.1,OK
2023-01-06 08:00:00,Pump_B,Non_Drive_End,3.385,4.706,48.69,1519.2,83.0,OK
2023-01-06 09:00:00,Pump_B,Non_Drive_End,3.107,3.905,51.64,1504.4,82.9,OK
2023-01-06 10:00:00,Pump_B,Non_Drive_End,3.071,4.485,47.66,1496.7,79.3,OK
2023-01-06 11:00:00,Pump_B,Non_Drive_End,3.181,4.69,48.77,1498.8,86.4,OK
2023-01-06 12:00:00,Pump_B,Non_Drive_End,3.477,4.577,48.89,1511.7,87.1,OK
2023-01-06 13:00:00,Pump_B,Non_Drive_End,3.037,4.316,47.02,1503.4,80.1,OK
2023-01-06 14:00:00,Pump_B,Non_Drive_End,2.891,4.022,48.41,1476.2,79.9,OK
2023-01-06 15:00:00,Pump_B,Non_Drive_End,2.967,5.099,47.87,1501.8,75.9,OK
2023-01-06 16:00:00,Pump_B,Non_Drive_End,2.986,4.359,46.97,1495.2,79.7,OK
2023-01-06 17:00:00,Pump_B,Non_Drive_End,3.398,5.727,50.91,1504.2,82.8,OK
2023-01-06 18:00:00,Pump_B,Non_Drive_End,3.111,5.259,48.96,1511.0,80.6,OK
2023-01-06 19:00:00,Pump_B,Non_Drive_End,3.277,4.218,49.16,1500.9,85.0,OK
2023-01-06 20:00:00,Pump_B,Non_Drive_End,3.707,5.982,50.52,1496.9,87.7,OK
2023-01-06 21:00:00,Pump_B,Non_Drive_End,3.26,4.431,48.65,1470.9,86.6,OK
2023-01-06 22:00:00,Pump_B,Non_Drive_End,3.346,5.317,47.75,1502.9,81.7,OK
2023-01-06 23:00:00,Pump_B,Non_Drive_End,2.761,3.356,46.66,1504.0,73.9,OK
2023-01-07 00:00:00,Pump_B,Non_Drive_End,3.586,5.692,51.73,1515.6,87.0,OK
2023-01-07 01:00:00,Pump_B,Non_Drive_End,3.103,5.111,47.3,1511.1,76.8,OK
2023-01-07 02:00:00,Pump_B,Non_Drive_End,3.244,5.592,48.46,1502.2,86.5,OK
2023-01-07 03:00:00,Pump_B,Non_Drive_End,3.773,6.228,51.12,1499.1,86.3,OK
2023-01-07 04:00:00,Pump_B,Non_Drive_End,2.958,4.496,46.79,1504.2,82.5,OK
2023-01-07 05:00:00,Pump_B,Non_Drive_End,3.047,5.374,48.86,1488.6,80.9,OK
2023-01-07 06:00:00,Pump_B,Non_Drive_End,3.199,5.084,47.32,1501.8,80.0,OK
2023-01-07 07:00:00,Pump_B,Non_Drive_End,3.423,5.145,48.96,1497.5,85.0,OK
2023-01-07 08:00:00,Pump_B,Non_Drive_End,3.443,5.772,48.22,1494.6,81.6,OK
2023-01-07 09:00:00,Pump_B,Non_Drive_End,3.155,4.965,48.31,1504.6,79.3,OK
2023-01-07 10:00:00,Pump_B,Non_Drive_End,3.366,4.895,48.53,1493.9,85.4,OK
2023-01-07 11:00:00,Pump_B,Non_Drive_End,3.899,6.497,50.33,1488.4,82.8,OK
2023-01-07 12:00:00,Pump_B,Non_Drive_End,4.022,5.737,50.8,1483.6,84.3,OK
2023-01-07 13:00:00,Pump_B,Non_Drive_End,2.623,3.985,44.16,1504.9,70.7,OK
2023-01-07 14:00:00,Pump_B,Non_Drive_End,3.092,3.998,45.9,1492.0,74.6,OK
2023-01-07 15:00:00,Pump_B,Non_Drive_End,3.586,4.921,49.26,1526.0,83.3,OK
2023-01-07 16:00:00,Pump_B,Non_Drive_End,3.522,5.392,49.74,1496.5,80.2,OK
2023-01-07 17:00:00,Pump_B,Non_Drive_End,3.23,4.359,49.94,1513.3,78.4,OK
2023-01-07 18:00:00,Pump_B,Non_Drive_End,2.768,5.407,46.9,1492.6,70.9,OK
2023-01-07 19:00:00,Pump_B,Non_Drive_End,4.217,6.51,53.01,1496.7,87.5,OK
2023-01-07 20:00:00,Pump_B,Non_Drive_End,3.361,4.937,49.19,1499.5,80.9,OK
2023-01-07 21:00:00,Pump_B,Non_Drive_End,3.769,4.17,50.3,1499.7,81.8,OK
2023-01-07 22:00:00,Pump_B,Non_Drive_End,3.55,5.429,50.58,1511.5,83.6,OK
2023-01-07 23:00:00,Pump_B,Non_Drive_End,3.818,6.566,48.91,1497.0,87.5,OK
2023-01-08 00:00:00,Pump_B,Non_Drive_End,3.446,5.43,47.48,1514.7,76.5,OK
2023-01-08 01:00:00,Pump_B,Non_Drive_End,3.497,4.932,47.96,1494.1,75.6,OK
2023-01-08 02:00:00,Pump_B,Non_Drive_End,3.12,4.632,45.36,1508.4,76.2,OK
2023-01-08 03:00:00,Pump_B,Non_Drive_End,2.757,5.187,43.22,1500.1,71.9,OK
2023-01-08 04:00:00,Pump_B,Non_Drive_End,3.16,4.188,46.14,1500.2,76.0,OK
2023-01-08 05:00:00,Pump_B,Non_Drive_End,3.584,5.416,49.15,1497.1,75.0,OK
2023-01-08 06:00:00,Pump_B,Non_Drive_End,3.017,4.373,49.36,1511.1,82.5,OK
2023-01-08 07:00:00,Pump_B,Non_Drive_End,3.612,5.184,47.96,1517.6,77.1,OK
2023-01-08 08:00:00,Pump_B,Non_Drive_End,2.967,4.665,44.95,1493.7,74.9,OK
2023-01-08 09:00:00,Pump_B,Non_Drive_End,3.294,5.715,49.35,1506.3,83.0,OK
2023-01-08 10:00:00,Pump_B,Non_Drive_End,3.795,6.256,50.14,1492.4,83.7,OK
2023-01-08 11:00:00,Pump_B,Non_Drive_End,4.22,6.477,53.14,1500.4,90.0,OK
2023-01-08 12:00:00,Pump_B,Non_Drive_End,2.935,3.98,47.41,1503.7,71.6,OK
2023-01-08 13:00:00,Pump_B,Non_Drive_End,3.383,4.424,49.68,1490.0,78.9,OK
2023-01-08 14:00:00,Pump_B,Non_Drive_End,3.614,5.171,48.87,1505.3,76.5,OK
2023-01-08 15:00:00,Pump_B,Non_Drive_End,3.455,5.086,46.83,1524.5,74.8,OK
2023-01-08 16:00:00,Pump_B,Non_Drive_End,3.895,5.23,49.76,1496.6,79.4,OK
2023-01-08 17:00:00,Pump_B,Non_Drive_End,3.515,5.215,49.64,1498.8,79.9,OK
2023-01-08 18:00:00,Pump_B,Non_Drive_End,3.095,4.793,46.69,1504.2,83.0,OK
2023-01-08 19:00:00,Pump_B,Non_Drive_End,3.535,5.171,48.88,1514.7,83.2,OK
2023-01-08 20:00:00,Pump_B,Non_Drive_End,4.221,6.539,52.03,1501.0,86.2,OK
2023-01-08 21:00:00,Pump_B,Non_Drive_End,3.245,4.909,48.11,1508.2,80.3,OK
2023-01-08 22:00:00,Pump_B,Non_Drive_End,3.557,5.339,48.53,1498.1,83.6,OK
2023-01-08 23:00:00,Pump_B,Non_Drive_End,3.226,5.073,47.44,1507.3,70.4,OK
2023-01-09 00:00:00,Pump_B,Non_Drive_End,3.42,4.956,47.04,1485.7,76.7,OK
2023-01-09 01:00:00,Pump_B,Non_Drive_End,3.221,4.611,46.84,1493.9,79.6,OK
2023-01-09 02:00:00,Pump_B,Non_Drive_End,3.897,6.647,50.65,1493.4,81.2,OK
2023-01-09 03:00:00,Pump_B,Non_Drive_End,3.552,5.338,48.65,1515.1,72.2,OK
2023-01-09 04:00:00,Pump_B,Non_Drive_End,3.343,5.88,46.32,1481.3,77.2,OK
2023-01-09 05:00:00,Pump_B,Non_Drive_End,3.539,5.087,48.92,1500.3,80.0,OK
2023-01-09 06:00:00,Pump_B,Non_Drive_End,3.552,5.865,49.19,1485.8,77.2,OK
2023-01-09 07:00:00,Pump_B,Non_Drive_End,3.399,5.882,48.33,1487.5,76.0,OK
2023-01-09 08:00:00,Pump_B,Non_Drive_End,3.927,5.951,51.18,1508.9,83.5,OK
2023-01-09 09:00:00,Pump_B,Non_Drive_End,3.683,6.143,47.54,1485.9,77.3,OK
2023-01-09 10:00:00,Pump_B,Non_Drive_End,3.888,5.424,50.67,1516.8,84.1,OK
2023-01-09 11:00:00,Pump_B,Non_Drive_End,3.641,4.659,47.11,1493.8,77.2,OK
2023-01-09 12:00:00,Pump_B,Non_Drive_End,3.774,6.598,49.56,1499.8,80.1,OK
2023-01-09 13:00:00,Pump_B,Non_Drive_End,4.011,5.754,50.7,1490.2,83.0,OK
2023-01-09 14:00:00,Pump_B,Non_Drive_End,3.427,4.0,48.25,1510.3,79.5,OK
2023-01-09 15:00:00,Pump_B,Non_Drive_End,4.089,6.352,50.13,1501.5,82.3,OK
2023-01-09 16:00:00,Pump_B,Non_Drive_End,3.358,4.84,46.1,1497.6,68.4,OK
2023-01-09 17:00:00,Pump_B,Non_Drive_End,3.972,6.776,50.18,1489.8,82.1,OK
2023-01-09 18:00:00,Pump_B,Non_Drive_End,3.023,4.703,46.88,1499.3,74.4,OK
2023-01-09 19:00:00,Pump_B,Non_Drive_End,4.259,5.958,51.97,1498.1,88.4,OK
2023-01-09 20:00:00,Pump_B,Non_Drive_End,3.324,5.136,46.16,1498.1,72.4,OK
2023-01-09 21:00:00,Pump_B,Non_Drive_End,3.73,5.634,49.45,1496.7,80.4,OK
2023-01-09 22:00:00,Pump_B,Non_Drive_End,3.904,5.765,49.81,1498.8,83.8,OK
2023-01-09 23:00:00,Pump_B,Non_Drive_End,3.519,5.139,48.05,1520.3,78.2,OK
2023-01-10 00:00:00,Pump_B,Non_Drive_End,3.794,4.836,50.28,1496.7,78.8,OK
2023-01-10 01:00:00,Pump_B,Non_Drive_End,3.513,4.78,49.17,1487.6,83.2,OK
2023-01-10 02:00:00,Pump_B,Non_Drive_End,4.1,5.806,52.78,1505.4,92.9,OK
2023-01-10 03:00:00,Pump_B,Non_Drive_End,3.861,5.433,48.8,1486.9,81.3,OK
2023-01-10 04:00:00,Pump_B,Non_Drive_End,4.066,6.387,49.93,1507.7,81.3,OK
2023-01-10 05:00:00,Pump_B,Non_Drive_End,4.047,5.765,50.34,1503.1,83.6,OK
2023-01-10 06:00:00,Pump_B,Non_Drive_End,3.929,5.587,49.06,1524.4,80.4,OK
2023-01-10 07:00:00,Pump_B,Non_Drive_End,3.656,5.937,48.27,1521.8,77.5,OK
2023-01-10 08:00:00,Pump_B,Non_Drive_End,3.818,5.406,51.46,1507.9,81.3,OK
2023-01-10 09:00:00,Pump_B,Non_Drive_End,4.279,6.648,53.7,1507.9,84.9,OK
2023-01-10 10:00:00,Pump_B,Non_Drive_End,3.604,4.994,47.85,1505.8,80.2,OK
2023-01-10 11:00:00,Pump_B,Non_Drive_End,4.13,4.698,50.77,1474.5,86.4,OK
2023-01-10 12:00:00,Pump_B,Non_Drive_End,3.857,5.368,50.22,1513.8,77.5,OK
2023-01-10 13:00:00,Pump_B,Non_Drive_End,3.672,5.013,48.37,1500.4,80.1,OK
2023-01-10 14:00:00,Pump_B,Non_Drive_End,4.237,6.548,47.93,1500.8,80.2,OK
2023-01-10 15:00:00,Pump_B,Non_Drive_End,3.797,5.29,49.09,1485.5,81.3,OK
2023-01-10 16:00:00,Pump_B,Non_Drive_End,3.307,5.139,49.13,1502.0,73.1,OK
2023-01-10 17:00:00,Pump_B,Non_Drive_End,3.105,4.506,47.07,1497.2,73.4,OK
2023-01-10 18:00:00,Pump_B,Non_Drive_End,4.308,7.735,53.2,1500.8,83.6,OK
2023-01-10 19:00:00,Pump_B,Non_Drive_End,3.746,5.146,49.3,1485.5,77.4,OK
2023-01-10 20:00:00,Pump_B,Non_Drive_End,3.839,5.708,47.47,1499.3,74.1,OK
2023-01-10 21:00:00,Pump_B,Non_Drive_End,4.203,6.284,51.7,1481.2,85.9,OK
2023-01-10 22:00:00,Pump_B,Non_Drive_End,4.021,5.848,49.83,1506.1,80.9,OK
2023-01-10 23:00:00,Pump_B,Non_Drive_End,3.709,5.988,48.68,1507.9,76.9,OK
2023-01-11 00:00:00,Pump_B,Non_Drive_End,3.724,5.905,49.0,1506.2,77.4,OK
2023-01-11 01:00:00,Pump_B,Non_Drive_End,3.969,6.532,50.29,1505.3,77.0,OK
2023-01-11 02:00:00,Pump_B,Non_Drive_End,4.629,6.242,53.01,1488.7,82.5,OK
2023-01-11 03:00:00,Pump_B,Non_Drive_End,4.108,6.123,52.01,1488.3,82.2,OK
2023-01-11 04:00:00,Pump_B,Non_Drive_End,3.388,5.949,46.69,1497.4,76.4,OK
2023-01-11 05:00:00,Pump_B,Non_Drive_End,4.104,6.561,52.26,1499.0,81.6,OK
2023-01-11 06:00:00,Pump_B,Non_Drive_End,4.179,6.777,50.24,1506.6,81.3,OK
2023-01-11 07:00:00,Pump_B,Non_Drive_End,4.544,6.485,52.27,1511.1,85.4,OK
2023-01-11 08:00:00,Pump_B,Non_Drive_End,4.446,6.662,51.64,1486.3,81.2,OK
2023-01-11 09:00:00,Pump_B,Non_Drive_End,3.81,5.825,49.62,1486.7,77.1,OK
2023-01-11 10:00:00,Pump_B,Non_Drive_End,4.056,6.333,51.79,1503.5,80.8,OK
2023-01-11 11:00:00,Pump_B,Non_Drive_End,4.327,5.738,50.48,1508.1,83.5,OK
2023-01-11 12:00:00,Pump_B,Non_Drive_End,4.302,7.291,51.94,1499.9,82.3,OK
2023-01-11 13:00:00,Pump_B,Non_Drive_End,4.262,6.363,51.11,1500.9,86.3,OK
2023-01-11 14:00:00,Pump_B,Non_Drive_End,4.61,7.533,51.06,1507.9,87.8,OK
2023-01-11 15:00:00,Pump_B,Non_Drive_End,4.271,6.25,51.93,1486.9,82.9,OK
2023-01-11 16:00:00,Pump_B,Non_Drive_End,4.07,6.46,50.57,1513.5,81.1,OK
2023-01-11 17:00:00,Pump_B,Non_Drive_End,3.703,6.11,48.09,1490.8,71.8,OK
2023-01-11 18:00:00,Pump_B,Non_Drive_End,4.262,6.448,49.16,1498.6,74.2,OK
2023-01-11 19:00:00,Pump_B,Non_Drive_End,4.19,6.536,50.64,1507.6,82.5,OK
2023-01-11 20:00:00,Pump_B,Non_Drive_End,4.443,6.285,51.01,1501.7,83.6,OK
2023-01-11 21:00:00,Pump_B,Non_Drive_End,4.468,6.549,53.02,1499.2,84.7,OK
2023-01-11 22:00:00,Pump_B,Non_Drive_End,4.189,6.869,49.34,1498.6,77.0,OK
2023-01-11 23:00:00,Pump_B,Non_Drive_End,4.473,6.894,52.76,1503.1,89.8,OK
2023-01-12 00:00:00,Pump_B,Non_Drive_End,4.323,6.029,52.23,1499.6,82.2,OK
2023-01-12 01:00:00,Pump_B,Non_Drive_End,3.993,6.791,48.47,1488.9,74.2,OK
2023-01-12 02:00:00,Pump_B,Non_Drive_End,4.555,6.677,51.0,1510.7,83.5,OK
2023-01-12 03:00:00,Pump_B,Non_Drive_End,3.909,5.301,48.26,1497.4,69.0,OK
2023-01-12 04:00:00,Pump_B,Non_Drive_End,4.137,5.876,49.56,1501.1,75.2,OK
2023-01-12 05:00:00,Pump_B,Non_Drive_End,4.185,6.306,51.61,1507.1,77.9,OK
2023-01-12 06:00:00,Pump_B,Non_Drive_End,4.398,6.56,51.74,1493.1,83.3,OK
2023-01-12 07:00:00,Pump_B,Non_Drive_End,4.482,6.452,51.8,1503.7,92.6,OK
2023-01-12 08:00:00,Pump_B,Non_Drive_End,4.01,5.254,50.08,1480.1,78.4,OK
2023-01-12 09:00:00,Pump_B,Non_Drive_End,4.254,5.684,51.15,1503.0,80.0,OK
2023-01-12 10:00:00,Pump_B,Non_Drive_End,4.679,6.304,52.71,1504.1,89.6,OK
2023-01-12 11:00:00,Pump_B,Non_Drive_End,4.457,7.086,52.3,1510.7,82.3,OK
2023-01-12 12:00:00,Pump_B,Non_Drive_End,4.461,6.268,51.68,1493.4,82.5,OK
2023-01-12 13:00:00,Pump_B,Non_Drive_End,4.129,6.434,52.13,1516.8,81.7,OK
2023-01-12 14:00:00,Pump_B,Non_Drive_End,4.624,7.585,51.23,1508.3,83.8,OK
2023-01-12 15:00:00,Pump_B,Non_Drive_End,3.546,5.935,48.7,1499.9,73.1,OK
2023-01-12 16:00:00,Pump_B,Non_Drive_End,4.211,6.342,50.22,1496.3,77.8,OK
2023-01-12 17:00:00,Pump_B,Non_Drive_End,4.67,7.228,51.63,1498.3,82.8,OK
2023-01-12 18:00:00,Pump_B,Non_Drive_End,4.665,7.481,52.28,1486.4,86.7,OK
2023-01-12 19:00:00,Pump_B,Non_Drive_End,4.264,6.359,50.81,1505.4,81.5,OK
2023-01-12 20:00:00,Pump_B,Non_Drive_End,4.076,6.617,49.25,1523.0,77.2,OK
2023-01-12 21:00:00,Pump_B,Non_Drive_End,4.233,6.81,51.06,1501.0,74.6,OK
2023-01-12 22:00:00,Pump_B,Non_Drive_End,4.987,7.707,55.15,1502.5,94.7,OK
2023-01-12 23:00:00,Pump_B,Non_Drive_End,5.097,8.073,51.98,1487.0,84.6,OK
2023-01-13 00:00:00,Pump_B,Non_Drive_End,4.458,6.051,51.15,1508.2,76.5,OK
2023-01-13 01:00:00,Pump_B,Non_Drive_End,4.144,5.94,46.91,1499.1,70.3,OK
2023-01-13 02:00:00,Pump_B,Non_Drive_End,4.579,6.426,50.82,1494.0,80.7,OK
2023-01-13 03:00:00,Pump_B,Non_Drive_End,3.888,5.237,47.89,1501.7,69.9,OK
2023-01-13 04:00:00,Pump_B,Non_Drive_End,4.744,7.252,51.68,1497.8,85.1,OK
2023-01-13 05:00:00,Pump_B,Non_Drive_End,5.087,8.015,54.63,1495.3,90.3,OK
2023-01-13 06:00:00,Pump_B,Non_Drive_End,4.318,6.311,50.79,1502.5,83.0,OK
2023-01-13 07:00:00,Pump_B,Non_Drive_End,4.568,7.653,51.94,1487.0,77.7,OK
2023-01-13 08:00:00,Pump_B,Non_Drive_End,4.657,6.596,53.56,1496.6,86.4,OK
2023-01-13 09:00:00,Pump_B,Non_Drive_End,4.791,7.389,51.37,1499.2,81.1,OK
2023-01-13 10:00:00,Pump_B,Non_Drive_End,4.521,7.058,52.52,1506.8,76.6,OK
2023-01-13 11:00:00,Pump_B,Non_Drive_End,4.733,6.444,53.08,1504.4,88.2,OK
2023-01-13 12:00:00,Pump_B,Non_Drive_End,4.772,7.742,52.44,1518.3,83.8,OK
2023-01-13 13:00:00,Pump_B,Non_Drive_End,4.268,6.195,52.24,1508.2,83.1,OK
2023-01-13 14:00:00,Pump_B,Non_Drive_End,4.099,5.966,50.45,1488.0,81.4,OK
2023-01-13 15:00:00,Pump_B,Non_Drive_End,4.405,6.943,47.77,1501.4,75.6,OK
2023-01-13 16:00:00,Pump_B,Non_Drive_End,4.319,6.723,49.96,1497.0,73.4,OK
2023-01-13 17:00:00,Pump_B,Non_Drive_End,4.3,6.834,49.45,1496.7,78.1,OK
2023-01-13 18:00:00,Pump_B,Non_Drive_End,4.754,6.802,51.38,1502.1,84.3,OK
2023-01-13 19:00:00,Pump_B,Non_Drive_End,3.923,5.785,50.08,1496.7,76.8,OK
2023-01-13 20:00:00,Pump_B,Non_Drive_End,4.718,6.799,52.51,1495.0,82.8,OK
2023-01-13 21:00:00,Pump_B,Non_Drive_End,5.064,7.35,54.95,1509.7,87.7,OK
2023-01-13 22:00:00,Pump_B,Non_Drive_End,4.278,6.788,49.68,1497.5,71.6,OK
2023-01-13 23:00:00,Pump_B,Non_Drive_End,4.773,6.683,51.38,1498.0,81.5,OK
2023-01-14 00:00:00,Pump_B,Non_Drive_End,4.25,6.603,51.46,1501.7,80.3,OK
2023-01-14 01:00:00,Pump_B,Non_Drive_End,4.452,6.498,50.66,1523.7,79.6,OK
2023-01-14 02:00:00,Pump_B,Non_Drive_End,4.316,6.201,50.62,1496.7,79.6,OK
2023-01-14 03:00:00,Pump_B,Non_Drive_End,5.199,7.411,53.53,1522.0,86.1,OK
2023-01-14 04:00:00,Pump_B,Non_Drive_End,4.56,6.177,50.74,1517.8,79.2,OK
2023-01-14 05:00:00,Pump_B,Non_Drive_End,4.791,7.528,50.46,1506.9,83.8,OK
2023-01-14 06:00:00,Pump_B,Non_Drive_End,4.509,6.346,49.51,1508.6,80.5,OK
2023-01-14 07:00:00,Pump_B,Non_Drive_End,5.104,7.958,55.86,1492.8,87.9,OK
2023-01-14 08:00:00,Pump_B,Non_Drive_End,4.663,7.636,51.33,1494.6,79.2,OK
2023-01-14 09:00:00,Pump_B,Non_Drive_End,4.192,6.72,49.2,1484.6,75.2,OK
2023-01-14 10:00:00,Pump_B,Non_Drive_End,4.548,6.703,50.49,1492.8,77.0,OK
2023-01-14 11:00:00,Pump_B,Non_Drive_End,4.707,7.224,52.34,1515.4,86.7,OK
2023-01-14 12:00:00,Pump_B,Non_Drive_End,4.595,7.008,51.91,1503.1,78.8,OK
2023-01-14 13:00:00,Pump_B,Non_Drive_End,4.656,6.264,51.08,1493.5,81.5,OK
2023-01-14 14:00:00,Pump_B,Non_Drive_End,4.969,7.613,54.27,1492.1,89.8,OK
2023-01-14 15:00:00,Pump_B,Non_Drive_End,4.786,6.914,51.34,1514.1,79.0,OK
2023-01-14 16:00:00,Pump_B,Non_Drive_End,4.546,5.923,50.81,1508.7,77.5,OK
2023-01-14 17:00:00,Pump_B,Non_Drive_End,4.164,6.165,49.13,1521.8,72.3,OK
2023-01-14 18:00:00,Pump_B,Non_Drive_End,4.762,7.906,52.38,1497.1,78.6,OK
2023-01-14 19:00:00,Pump_B,Non_Drive_End,5.191,7.865,54.81,1489.5,87.4,OK
2023-01-14 20:00:00,Pump_B,Non_Drive_End,5.03,7.811,52.17,1497.8,86.9,OK
2023-01-14 21:00:00,Pump_B,Non_Drive_End,4.532,7.326,50.03,1498.7,78.8,OK
2023-01-14 22:00:00,Pump_B,Non_Drive_End,5.02,7.525,53.35,1502.9,79.3,OK
2023-01-14 23:00:00,Pump_B,Non_Drive_End,4.749,6.406,52.68,1501.2,83.5,OK
2023-01-15 00:00:00,Pump_B,Non_Drive_End,4.813,7.128,50.33,1509.2,77.3,OK
2023-01-15 01:00:00,Pump_B,Non_Drive_End,4.784,6.687,52.33,1489.8,82.6,OK
2023-01-15 02:00:00,Pump_B,Non_Drive_End,5.021,6.768,54.27,1499.9,85.9,OK
2023-01-15 03:00:00,Pump_B,Non_Drive_End,4.559,7.258,50.46,1501.2,76.1,OK
2023-01-15 04:00:00,Pump_B,Non_Drive_End,5.24,8.304,52.95,1504.9,79.7,OK
2023-01-15 05:00:00,Pump_B,Non_Drive_End,4.652,6.702,50.86,1494.8,80.0,OK
2023-01-15 06:00:00,Pump_B,Non_Drive_End,5.28,8.296,53.87,1489.3,83.3,OK
2023-01-15 07:00:00,Pump_B,Non_Drive_End,4.912,7.913,51.58,1494.4,80.0,OK
2023-01-15 08:00:00,Pump_B,Non_Drive_End,4.548,6.262,49.1,1507.0,72.3,OK
2023-01-15 09:00:00,Pump_B,Non_Drive_End,4.595,6.76,49.98,1492.8,75.7,OK
2023-01-15 10:00:00,Pump_B,Non_Drive_End,4.727,6.933,52.22,1497.7,76.2,OK
2023-01-15 11:00:00,Pump_B,Non_Drive_End,5.123,7.988,52.88,1484.1,82.5,OK
2023-01-15 12:00:00,Pump_B,Non_Drive_End,4.525,6.226,48.37,1500.1,72.5,OK
2023-01-15 13:00:00,Pump_B,Non_Drive_End,4.803,7.163,50.82,1497.7,79.6,OK
2023-01-15 14:00:00,Pump_B,Non_Drive_End,4.738,6.271,50.94,1505.3,77.8,OK
2023-01-15 15:00:00,Pump_B,Non_Drive_End,4.721,6.252,51.49,1502.7,74.6,OK
2023-01-15 16:00:00,Pump_B,Non_Drive_End,4.646,6.345,49.36,1515.6,74.4,OK
2023-01-15 17:00:00,Pump_B,Non_Drive_End,5.009,8.32,52.17,1496.1,81.7,OK
2023-01-15 18:00:00,Pump_B,Non_Drive_End,5.019,6.725,53.11,1514.2,80.3,OK
2023-01-15 19:00:00,Pump_B,Non_Drive_End,4.503,8.239,51.56,1514.1,74.2,OK
2023-01-15 20:00:00,Pump_B,Non_Drive_End,4.918,7.769,51.94,1500.2,76.0,OK
2023-01-15 21:00:00,Pump_B,Non_Drive_End,5.215,7.649,55.15,1498.8,86.3,OK
2023-01-15 22:00:00,Pump_B,Non_Drive_End,5.234,6.825,53.76,1502.9,81.8,OK
2023-01-15 23:00:00,Pump_B,Non_Drive_End,4.741,7.889,52.15,1516.7,81.1,OK
2023-01-16 00:00:00,Pump_B,Non_Drive_End,5.234,8.052,53.82,1516.8,82.4,OK
2023-01-16 01:00:00,Pump_B,Non_Drive_End,4.744,7.094,49.04,1499.7,77.6,OK
2023-01-16 02:00:00,Pump_B,Non_Drive_End,5.057,7.695,51.64,1498.8,82.1,OK
2023-01-16 03:00:00,Pump_B,Non_Drive_End,5.478,7.735,55.65,1499.0,89.6,OK
2023-01-16 04:00:00,Pump_B,Non_Drive_End,5.551,8.6,54.91,1510.4,86.9,OK
2023-01-16 05:00:00,Pump_B,Non_Drive_End,4.632,7.472,50.44,1498.0,72.7,OK
2023-01-16 06:00:00,Pump_B,Non_Drive_End,5.362,7.145,56.4,1512.0,88.1,OK
2023-01-16 07:00:00,Pump_B,Non_Drive_End,5.7,8.741,55.77,1486.3,86.8,OK
2023-01-16 08:00:00,Pump_B,Non_Drive_End,5.601,8.638,56.23,1513.4,88.1,OK
2023-01-16 09:00:00,Pump_B,Non_Drive_End,4.795,7.025,51.22,1499.4,78.0,OK
2023-01-16 10:00:00,Pump_B,Non_Drive_End,4.86,7.541,49.89,1501.4,76.8,OK
2023-01-16 11:00:00,Pump_B,Non_Drive_End,5.001,7.416,50.8,1501.3,79.4,OK
2023-01-16 12:00:00,Pump_B,Non_Drive_End,5.288,8.451,53.78,1506.5,81.8,OK
2023-01-16 13:00:00,Pump_B,Non_Drive_End,5.366,7.26,53.0,1501.6,82.4,OK
2023-01-16 14:00:00,Pump_B,Non_Drive_End,5.485,8.814,55.21,1475.4,87.9,OK
2023-01-16 15:00:00,Pump_B,Non_Drive_End,4.953,7.445,51.29,1501.3,78.0,OK
2023-01-16 16:00:00,Pump_B,Non_Drive_End,5.384,7.382,54.04,1514.2,85.5,OK
2023-01-16 17:00:00,Pump_B,Non_Drive_End,4.894,6.957,52.56,1505.1,79.1,OK
2023-01-16 18:00:00,Pump_B,Non_Drive_End,5.118,9.319,54.52,1493.8,84.7,OK
2023-01-16 19:00:00,Pump_B,Non_Drive_End,5.067,8.034,52.56,1508.7,78.7,OK
2023-01-16 20:00:00,Pump_B,Non_Drive_End,4.9,8.319,51.4,1498.9,80.5,OK
2023-01-16 21:00:00,Pump_B,Non_Drive_End,4.643,6.938,50.93,1497.9,73.2,OK
2023-01-16 22:00:00,Pump_B,Non_Drive_End,5.371,8.081,54.83,1508.1,85.0,OK
2023-01-16 23:00:00,Pump_B,Non_Drive_End,4.461,7.711,48.99,1505.7,71.2,OK
2023-01-17 00:00:00,Pump_B,Non_Drive_End,5.028,8.679,53.32,1492.3,79.1,OK
2023-01-17 01:00:00,Pump_B,Non_Drive_End,5.06,7.449,51.41,1515.0,72.3,OK
2023-01-17 02:00:00,Pump_B,Non_Drive_End,5.054,7.654,52.19,1519.7,79.9,OK
2023-01-17 03:00:00,Pump_B,Non_Drive_End,4.63,7.056,48.4,1521.9,72.8,OK
2023-01-17 04:00:00,Pump_B,Non_Drive_End,4.969,7.746,51.75,1504.2,78.0,OK
2023-01-17 05:00:00,Pump_B,Non_Drive_End,5.414,8.16,54.88,1513.6,85.8,OK
2023-01-17 06:00:00,Pump_B,Non_Drive_End,5.443,8.043,54.34,1500.1,83.1,OK
2023-01-17 07:00:00,Pump_B,Non_Drive_End,5.723,8.946,55.45,1506.5,86.5,OK
2023-01-17 08:00:00,Pump_B,Non_Drive_End,5.6,7.009,54.23,1489.1,81.6,OK
2023-01-17 09:00:00,Pump_B,Non_Drive_End,5.64,8.12,54.87,1486.4,85.7,OK
2023-01-17 10:00:00,Pump_B,Non_Drive_End,5.113,7.181,54.7,1502.0,84.7,OK
2023-01-17 11:00:00,Pump_B,Non_Drive_End,5.74,8.44,57.3,1517.5,82.2,OK
2023-01-17 12:00:00,Pump_B,Non_Drive_End,5.179,6.641,54.58,1490.4,80.1,OK
2023-01-17 13:00:00,Pump_B,Non_Drive_End,5.661,8.54,54.79,1489.8,88.0,OK
2023-01-17 14:00:00,Pump_B,Non_Drive_End,4.814,7.026,50.5,1497.9,71.2,OK
2023-01-17 15:00:00,Pump_B,Non_Drive_End,5.716,8.938,56.27,1497.0,87.1,OK
2023-01-17 16:00:00,Pump_B,Non_Drive_End,5.289,7.37,53.87,1501.0,76.9,OK
2023-01-17 17:00:00,Pump_B,Non_Drive_End,5.738,8.929,55.23,1492.8,87.2,OK
2023-01-17 18:00:00,Pump_B,Non_Drive_End,5.177,7.995,52.32,1501.6,82.4,OK
2023-01-17 19:00:00,Pump_B,Non_Drive_End,5.561,9.027,55.34,1493.3,84.7,OK
2023-01-17 20:00:00,Pump_B,Non_Drive_End,4.977,7.663,51.72,1489.9,74.6,OK
2023-01-17 21:00:00,Pump_B,Non_Drive_End,5.221,7.74,54.37,1488.3,75.8,OK
2023-01-17 22:00:00,Pump_B,Non_Drive_End,5.158,6.951,51.81,1518.1,80.2,OK
2023-01-17 23:00:00,Pump_B,Non_Drive_End,5.533,8.068,53.85,1517.6,85.9,OK
2023-01-18 00:00:00,Pump_B,Non_Drive_End,4.992,7.493,49.27,1507.2,70.9,OK
2023-01-18 01:00:00,Pump_B,Non_Drive_End,5.925,8.16,56.26,1495.0,88.2,OK
2023-01-18 02:00:00,Pump_B,Non_Drive_End,5.52,8.528,52.96,1503.3,81.5,OK
2023-01-18 03:00:00,Pump_B,Non_Drive_End,5.521,8.317,52.73,1501.1,81.0,OK
2023-01-18 04:00:00,Pump_B,Non_Drive_End,5.267,8.315,52.69,1477.9,73.4,OK
2023-01-18 05:00:00,Pump_B,Non_Drive_End,5.313,8.055,53.72,1478.7,81.5,OK
2023-01-18 06:00:00,Pump_B,Non_Drive_End,5.397,8.155,52.63,1503.7,78.9,OK
2023-01-18 07:00:00,Pump_B,Non_Drive_End,5.438,7.771,54.23,1495.7,84.9,OK
2023-01-18 08:00:00,Pump_B,Non_Drive_End,5.678,7.893,55.97,1499.6,85.0,OK
2023-01-18 09:00:00,Pump_B,Non_Drive_End,5.608,8.666,51.74,1499.0,76.7,OK
2023-01-18 10:00:00,Pump_B,Non_Drive_End,4.798,7.522,50.27,1499.4,71.2,OK
2023-01-18 11:00:00,Pump_B,Non_Drive_End,5.881,10.243,54.59,1492.9,80.8,OK
2023-01-18 12:00:00,Pump_B,Non_Drive_End,5.536,7.888,53.11,1501.0,81.8,OK
2023-01-18 13:00:00,Pump_B,Non_Drive_End,5.12,6.392,52.11,1504.1,74.3,OK
2023-01-18 14:00:00,Pump_B,Non_Drive_End,5.582,7.633,51.69,1513.5,79.8,OK
2023-01-18 15:00:00,Pump_B,Non_Drive_End,5.534,8.296,54.25,1493.7,76.4,OK
2023-01-18 16:00:00,Pump_B,Non_Drive_End,5.346,7.01,53.36,1509.7,73.4,OK
2023-01-18 17:00:00,Pump_B,Non_Drive_End,5.392,8.726,52.39,1503.9,80.5,OK
2023-01-18 18:00:00,Pump_B,Non_Drive_End,5.563,9.336,54.97,1508.2,84.2,OK
2023-01-18 19:00:00,Pump_B,Non_Drive_End,6.145,8.606,57.04,1484.7,83.3,OK
2023-01-18 20:00:00,Pump_B,Non_Drive_End,5.476,8.727,51.42,1493.8,75.0,OK
2023-01-18 21:00:00,Pump_B,Non_Drive_End,5.66,9.289,53.78,1510.4,85.5,OK
2023-01-18 22:00:00,Pump_B,Non_Drive_End,5.256,8.017,52.76,1504.8,76.9,OK
2023-01-18 23:00:00,Pump_B,Non_Drive_End,5.499,8.365,54.71,1508.3,79.1,OK
2023-01-19 00:00:00,Pump_B,Non_Drive_End,5.568,8.614,53.83,1507.9,84.0,OK
2023-01-19 01:00:00,Pump_B,Non_Drive_End,5.107,8.056,52.3,1499.3,73.6,OK
2023-01-19 02:00:00,Pump_B,Non_Drive_End,4.849,7.042,50.68,1491.7,70.5,OK
2023-01-19 03:00:00,Pump_B,Non_Drive_End,5.824,7.584,55.56,1494.1,78.8,OK
2023-01-19 04:00:00,Pump_B,Non_Drive_End,5.392,8.859,51.7,1499.2,77.3,OK
2023-01-19 05:00:00,Pump_B,Non_Drive_End,5.322,7.524,53.17,1505.3,80.1,OK
2023-01-19 06:00:00,Pump_B,Non_Drive_End,5.358,8.362,52.17,1491.8,75.6,OK
2023-01-19 07:00:00,Pump_B,Non_Drive_End,5.678,9.48,54.61,1490.0,85.4,OK
2023-01-19 08:00:00,Pump_B,Non_Drive_End,5.554,8.16,52.32,1482.6,73.4,OK
2023-01-19 09:00:00,Pump_B,Non_Drive_End,5.599,9.571,53.97,1510.1,79.2,OK
2023-01-19 10:00:00,Pump_B,Non_Drive_End,5.941,8.619,56.25,1508.1,85.3,OK
2023-01-19 11:00:00,Pump_B,Non_Drive_End,5.852,9.397,57.21,1494.3,82.6,OK
2023-01-19 12:00:00,Pump_B,Non_Drive_End,5.788,9.033,56.66,1518.6,84.3,OK
2023-01-19 13:00:00,Pump_B,Non_Drive_End,5.832,8.26,52.34,1495.1,75.5,OK
2023-01-19 14:00:00,Pump_B,Non_Drive_End,6.185,9.255,56.55,1512.0,87.6,OK
2023-01-19 15:00:00,Pump_B,Non_Drive_End,5.843,9.848,53.99,1515.8,81.4,OK
2023-01-19 16:00:00,Pump_B,Non_Drive_End,5.511,8.191,54.18,1496.3,79.9,OK
2023-01-19 17:00:00,Pump_B,Non_Drive_End,5.966,9.523,55.5,1521.7,82.6,OK
2023-01-19 18:00:00,Pump_B,Non_Drive_End,6.276,8.917,56.82,1524.0,88.4,OK
2023-01-19 19:00:00,Pump_B,Non_Drive_End,5.969,9.183,55.21,1504.6,81.4,OK
2023-01-19 20:00:00,Pump_B,Non_Drive_End,5.979,9.478,54.85,1504.0,76.8,OK
2023-01-19 21:00:00,Pump_B,Non_Drive_End,5.931,8.522,55.73,1496.3,85.1,OK
2023-01-19 22:00:00,Pump_B,Non_Drive_End,5.583,7.973,55.48,1512.1,77.9,OK
2023-01-19 23:00:00,Pump_B,Non_Drive_End,5.769,8.085,55.21,1501.5,77.7,OK
2023-01-20 00:00:00,Pump_B,Non_Drive_End,5.823,8.785,55.24,1515.6,83.2,OK
2023-01-20 01:00:00,Pump_B,Non_Drive_End,5.896,8.131,55.36,1485.5,81.3,OK
2023-01-20 02:00:00,Pump_B,Non_Drive_End,5.448,7.899,50.5,1481.5,69.4,OK
2023-01-20 03:00:00,Pump_B,Non_Drive_End,6.317,9.393,59.74,1503.3,86.4,OK
2023-01-20 04:00:00,Pump_B,Non_Drive_End,5.67,7.678,54.05,1517.4,77.0,OK
2023-01-20 05:00:00,Pump_B,Non_Drive_End,5.736,8.592,55.0,1489.5,81.6,OK
2023-01-20 06:00:00,Pump_B,Non_Drive_End,5.133,7.034,51.3,1510.5,67.6,OK
2023-01-20 07:00:00,Pump_B,Non_Drive_End,5.94,8.909,54.67,1512.2,79.9,OK
2023-01-20 08:00:00,Pump_B,Non_Drive_End,5.817,9.03,54.88,1495.9,82.4,OK
2023-01-20 09:00:00,Pump_B,Non_Drive_End,5.861,8.798,54.09,1510.9,80.2,OK
2023-01-20 10:00:00,Pump_B,Non_Drive_End,6.171,8.967,55.4,1503.5,82.2,OK
2023-01-20 11:00:00,Pump_B,Non_Drive_End,5.908,9.516,53.86,1502.5,84.0,OK
2023-01-20 12:00:00,Pump_B,Non_Drive_End,6.473,8.938,58.12,1487.3,83.9,OK
2023-01-20 13:00:00,Pump_B,Non_Drive_End,5.925,9.203,53.83,1496.3,79.6,OK
2023-01-20 14:00:00,Pump_B,Non_Drive_End,5.371,7.765,55.65,1506.5,75.9,OK
2023-01-20 15:00:00,Pump_B,Non_Drive_End,5.566,8.603,53.6,1511.5,75.2,OK
2023-01-20 16:00:00,Pump_B,Non_Drive_End,6.613,9.625,57.9,1498.0,85.6,OK
2023-01-20 17:00:00,Pump_B,Non_Drive_End,5.946,8.999,54.68,1488.8,81.2,OK
2023-01-20 18:00:00,Pump_B,Non_Drive_End,6.796,10.622,59.42,1491.6,92.2,OK
2023-01-20 19:00:00,Pump_B,Non_Drive_End,5.638,7.565,52.23,1492.3,75.7,OK
2023-01-20 20:00:00,Pump_B,Non_Drive_End,5.72,8.973,53.41,1513.5,72.6,OK
2023-01-20 21:00:00,Pump_B,Non_Drive_End,5.895,8.895,55.65,1514.6,80.8,OK
2023-01-20 22:00:00,Pump_B,Non_Drive_End,5.659,8.559,54.08,1531.0,73.4,OK
2023-01-20 23:00:00,Pump_B,Non_Drive_End,6.246,8.618,55.97,1500.4,84.6,OK
2023-01-21 00:00:00,Pump_B,Non_Drive_End,6.374,9.5,55.06,1504.4,82.6,OK
2023-01-21 01:00:00,Pump_B,Non_Drive_End,6.452,9.596,58.23,1514.4,85.3,OK
2023-01-21 02:00:00,Pump_B,Non_Drive_End,6.612,9.624,60.58,1501.2,97.1,OK
2023-01-21 03:00:00,Pump_B,Non_Drive_End,5.7,9.317,53.96,1501.7,72.0,OK
2023-01-21 04:00:00,Pump_B,Non_Drive_End,6.434,10.003,57.2,1478.4,84.3,OK
2023-01-21 05:00:00,Pump_B,Non_Drive_End,5.376,7.056,51.71,1492.2,71.3,OK
2023-01-21 06:00:00,Pump_B,Non_Drive_End,5.817,9.372,52.18,1526.3,76.0,OK
2023-01-21 07:00:00,Pump_B,Non_Drive_End,5.744,8.405,53.61,1501.0,77.3,OK
2023-01-21 08:00:00,Pump_B,Non_Drive_End,6.084,9.366,55.52,1518.6,78.8,OK
2023-01-21 09:00:00,Pump_B,Non_Drive_End,6.164,9.329,57.18,1499.2,83.1,OK
2023-01-21 10:00:00,Pump_B,Non_Drive_End,6.518,9.68,57.46,1497.6,85.6,OK
2023-01-21 11:00:00,Pump_B,Non_Drive_End,6.242,9.409,55.27,1498.2,77.6,OK
2023-01-21 12:00:00,Pump_B,Non_Drive_End,5.69,8.12,52.8,1496.9,72.8,OK
2023-01-21 13:00:00,Pump_B,Non_Drive_End,6.025,8.56,54.24,1500.8,77.9,OK
2023-01-21 14:00:00,Pump_B,Non_Drive_End,6.187,8.95,55.94,1511.8,80.4,OK
2023-01-21 15:00:00,Pump_B,Non_Drive_End,6.661,10.355,59.8,1509.2,88.5,OK
2023-01-21 16:00:00,Pump_B,Non_Drive_End,6.616,9.383,56.11,1505.7,85.4,OK
2023-01-21 17:00:00,Pump_B,Non_Drive_End,6.072,9.521,53.47,1500.7,80.8,OK
2023-01-21 18:00:00,Pump_B,Non_Drive_End,5.689,9.281,52.33,1495.2,77.3,OK
2023-01-21 19:00:00,Pump_B,Non_Drive_End,6.14,8.657,55.45,1509.1,77.1,OK
2023-01-21 20:00:00,Pump_B,Non_Drive_End,6.32,9.409,55.23,1523.3,81.4,OK
2023-01-21 21:00:00,Pump_B,Non_Drive_End,6.263,9.404,55.48,1491.7,76.3,OK
2023-01-21 22:00:00,Pump_B,Non_Drive_End,6.818,10.254,58.99,1476.4,87.6,OK
2023-01-21 23:00:00,Pump_B,Non_Drive_End,6.082,10.316,55.38,1492.4,75.9,OK
2023-01-22 00:00:00,Pump_B,Non_Drive_End,6.396,9.204,56.77,1498.1,86.3,OK
2023-01-22 01:00:00,Pump_B,Non_Drive_End,5.583,8.287,52.04,1492.8,69.7,OK
2023-01-22 02:00:00,Pump_B,Non_Drive_End,6.191,8.305,55.26,1499.9,81.8,OK
2023-01-22 03:00:00,Pump_B,Non_Drive_End,6.164,9.715,55.19,1504.7,75.1,OK
2023-01-22 04:00:00,Pump_B,Non_Drive_End,6.051,8.322,55.98,1494.8,79.3,OK
2023-01-22 05:00:00,Pump_B,Non_Drive_End,6.033,8.616,54.95,1487.5,79.1,OK
2023-01-22 06:00:00,Pump_B,Non_Drive_End,6.066,9.005,56.08,1496.5,85.3,OK
2023-01-22 07:00:00,Pump_B,Non_Drive_End,6.246,9.401,55.36,1493.7,78.9,OK
2023-01-22 08:00:00,Pump_B,Non_Drive_End,6.273,10.099,56.65,1495.7,82.1,OK
2023-01-22 09:00:00,Pump_B,Non_Drive_End,6.587,10.345,55.71,1512.3,84.1,OK
2023-01-22 10:00:00,Pump_B,Non_Drive_End,6.67,10.469,56.25,1498.2,81.0,OK
2023-01-22 11:00:00,Pump_B,Non_Drive_End,6.476,9.204,56.92,1501.7,81.9,OK
2023-01-22 12:00:00,Pump_B,Non_Drive_End,6.098,8.855,56.19,1502.8,78.9,OK
2023-01-22 13:00:00,Pump_B,Non_Drive_End,6.035,8.667,53.15,1490.2,74.7,OK
2023-01-22 14:00:00,Pump_B,Non_Drive_End,6.141,10.239,55.92,1484.9,80.5,OK
2023-01-22 15:00:00,Pump_B,Non_Drive_End,6.252,9.875,54.76,1504.2,76.3,OK
2023-01-22 16:00:00,Pump_B,Non_Drive_End,6.366,9.631,57.22,1479.6,84.9,OK
2023-01-22 17:00:00,Pump_B,Non_Drive_End,5.989,8.845,55.09,1502.6,75.4,OK
2023-01-22 18:00:00,Pump_B,Non_Drive_End,6.366,9.343,56.8,1490.0,84.5,OK
2023-01-22 19:00:00,Pump_B,Non_Drive_End,6.263,9.598,53.73,1510.4,76.7,OK
2023-01-22 20:00:00,Pump_B,Non_Drive_End,6.825,10.705,57.8,1471.8,85.8,OK
2023-01-22 21:00:00,Pump_B,Non_Drive_End,6.706,10.228,61.22,1499.4,86.4,OK
2023-01-22 22:00:00,Pump_B,Non_Drive_End,6.537,9.877,56.87,1507.0,86.7,OK
2023-01-22 23:00:00,Pump_B,Non_Drive_End,6.372,9.599,55.9,1501.4,84.1,OK
2023-01-23 00:00:00,Pump_B,Non_Drive_End,6.443,10.04,56.21,1491.4,80.8,OK
2023-01-23 01:00:00,Pump_B,Non_Drive_End,6.45,9.121,55.99,1502.0,78.0,OK
2023-01-23 02:00:00,Pump_B,Non_Drive_End,6.758,10.456,58.66,1505.7,86.6,OK
2023-01-23 03:00:00,Pump_B,Non_Drive_End,6.303,9.956,55.01,1479.8,83.8,OK
2023-01-23 04:00:00,Pump_B,Non_Drive_End,6.334,9.677,56.44,1496.5,82.0,OK
2023-01-23 05:00:00,Pump_B,Non_Drive_End,7.257,11.062,59.59,1493.8,90.6,WARNING
2023-01-23 06:00:00,Pump_B,Non_Drive_End,6.657,10.119,56.84,1505.7,84.0,OK
2023-01-23 07:00:00,Pump_B,Non_Drive_End,6.207,9.271,54.97,1507.6,75.9,OK
2023-01-23 08:00:00,Pump_B,Non_Drive_End,6.79,10.246,57.04,1485.7,81.3,OK
2023-01-23 09:00:00,Pump_B,Non_Drive_End,6.736,10.373,57.99,1502.4,82.2,OK
2023-01-23 10:00:00,Pump_B,Non_Drive_End,6.789,9.622,59.99,1508.8,86.8,OK
2023-01-23 11:00:00,Pump_B,Non_Drive_End,6.085,9.297,55.12,1495.3,78.8,OK
2023-01-23 12:00:00,Pump_B,Non_Drive_End,6.022,10.378,52.97,1504.5,72.4,OK
2023-01-23 13:00:00,Pump_B,Non_Drive_End,6.655,9.796,55.48,1491.3,77.8,OK
2023-01-23 14:00:00,Pump_B,Non_Drive_End,6.818,11.118,58.32,1486.2,83.5,OK
2023-01-23 15:00:00,Pump_B,Non_Drive_End,7.026,11.145,58.64,1508.7,83.2,WARNING
2023-01-23 16:00:00,Pump_B,Non_Drive_End,6.915,9.869,57.82,1491.1,84.5,OK
2023-01-23 17:00:00,Pump_B,Non_Drive_End,5.642,9.019,51.41,1504.0,64.6,OK
2023-01-23 18:00:00,Pump_B,Non_Drive_End,7.039,11.611,59.49,1489.2,85.6,WARNING
2023-01-23 19:00:00,Pump_B,Non_Drive_End,6.651,10.357,55.91,1501.7,84.0,OK
2023-01-23 20:00:00,Pump_B,Non_Drive_End,6.321,9.803,55.89,1482.3,77.9,OK
2023-01-23 21:00:00,Pump_B,Non_Drive_End,6.211,9.13,54.9,1501.7,80.3,OK
2023-01-23 22:00:00,Pump_B,Non_Drive_End,6.246,9.067,52.87,1506.0,76.7,OK
2023-01-23 23:00:00,Pump_B,Non_Drive_End,6.534,9.325,56.15,1489.1,78.5,OK
2023-01-24 00:00:00,Pump_B,Non_Drive_End,6.663,9.075,55.25,1516.7,79.3,OK
2023-01-24 01:00:00,Pump_B,Non_Drive_End,6.028,9.717,55.85,1490.7,80.3,OK
2023-01-24 02:00:00,Pump_B,Non_Drive_End,6.832,9.896,57.81,1493.9,82.6,OK
2023-01-24 03:00:00,Pump_B,Non_Drive_End,6.081,9.737,54.32,1515.2,75.4,OK
2023-01-24 04:00:00,Pump_B,Non_Drive_End,6.658,10.67,56.47,1501.7,77.6,OK
2023-01-24 05:00:00,Pump_B,Non_Drive_End,6.782,10.847,56.97,1500.6,75.5,OK
2023-01-24 06:00:00,Pump_B,Non_Drive_End,7.081,10.393,57.14,1507.0,84.0,WARNING
2023-01-24 07:00:00,Pump_B,Non_Drive_End,6.465,9.337,58.72,1491.8,80.3,OK
2023-01-24 08:00:00,Pump_B,Non_Drive_End,6.456,8.762,55.46,1503.6,80.7,OK
2023-01-24 09:00:00,Pump_B,Non_Drive_End,7.154,11.101,58.73,1503.3,87.2,WARNING
2023-01-24 10:00:00,Pump_B,Non_Drive_End,7.312,11.189,57.88,1493.7,86.9,WARNING
2023-01-24 11:00:00,Pump_B,Non_Drive_End,6.737,10.094,53.87,1482.2,76.3,OK
2023-01-24 12:00:00,Pump_B,Non_Drive_End,6.497,10.585,56.73,1494.6,81.9,OK
2023-01-24 13:00:00,Pump_B,Non_Drive_End,6.332,8.846,56.82,1496.0,78.5,OK
2023-01-24 14:00:00,Pump_B,Non_Drive_End,6.189,8.625,55.61,1500.2,77.6,OK
2023-01-24 15:00:00,Pump_B,Non_Drive_End,7.088,10.517,58.57,1517.5,81.9,WARNING
2023-01-24 16:00:00,Pump_B,Non_Drive_End,6.884,10.411,57.09,1520.5,78.4,OK
2023-01-24 17:00:00,Pump_B,Non_Drive_End,7.415,10.025,60.44,1505.8,87.2,WARNING
2023-01-24 18:00:00,Pump_B,Non_Drive_End,6.93,10.412,58.35,1517.6,77.4,OK
2023-01-24 19:00:00,Pump_B,Non_Drive_End,7.698,11.532,60.81,1500.7,88.9,WARNING
2023-01-24 20:00:00,Pump_B,Non_Drive_End,7.0,11.205,58.39,1496.5,84.3,WARNING
2023-01-24 21:00:00,Pump_B,Non_Drive_End,6.212,9.751,54.53,1503.7,71.5,OK
2023-01-24 22:00:00,Pump_B,Non_Drive_End,7.369,10.719,60.7,1509.1,87.4,WARNING
2023-01-24 23:00:00,Pump_B,Non_Drive_End,7.644,11.191,60.23,1493.1,89.8,WARNING
2023-01-25 00:00:00,Pump_B,Non_Drive_End,7.056,10.104,58.37,1507.2,81.5,WARNING
2023-01-25 01:00:00,Pump_B,Non_Drive_End,6.451,9.301,55.96,1485.1,76.6,OK
2023-01-25 02:00:00,Pump_B,Non_Drive_End,7.175,10.174,59.72,1485.3,85.8,WARNING
2023-01-25 03:00:00,Pump_B,Non_Drive_End,6.829,9.95,56.13,1489.5,76.9,OK
2023-01-25 04:00:00,Pump_B,Non_Drive_End,6.443,9.667,52.36,1509.5,68.9,OK
2023-01-25 05:00:00,Pump_B,Non_Drive_End,7.053,11.736,58.14,1493.3,86.0,WARNING
2023-01-25 06:00:00,Pump_B,Non_Drive_End,7.114,10.811,58.9,1505.6,83.7,WARNING
2023-01-25 07:00:00,Pump_B,Non_Drive_End,7.229,10.187,59.36,1499.5,81.4,WARNING
2023-01-25 08:00:00,Pump_B,Non_Drive_End,7.296,10.897,57.19,1507.0,84.1,WARNING
2023-01-25 09:00:00,Pump_B,Non_Drive_End,6.711,9.445,56.23,1490.1,79.6,OK
2023-01-25 10:00:00,Pump_B,Non_Drive_End,6.874,11.421,57.2,1476.2,77.0,OK
2023-01-25 11:00:00,Pump_B,Non_Drive_End,6.757,10.18,56.65,1499.5,79.0,OK
2023-01-25 12:00:00,Pump_B,Non_Drive_End,6.392,9.948,55.04,1516.8,75.8,OK
2023-01-25 13:00:00,Pump_B,Non_Drive_End,7.312,10.843,60.22,1503.4,89.5,WARNING
2023-01-25 14:00:00,Pump_B,Non_Drive_End,6.274,8.949,54.64,1492.3,74.3,OK
2023-01-25 15:00:00,Pump_B,Non_Drive_End,6.973,10.741,57.57,1480.2,81.5,OK
2023-01-25 16:00:00,Pump_B,Non_Drive_End,6.667,9.682,56.21,1495.9,76.8,OK
2023-01-25 17:00:00,Pump_B,Non_Drive_End,7.455,11.157,60.26,1492.6,91.5,WARNING
2023-01-25 18:00:00,Pump_B,Non_Drive_End,7.118,11.087,58.6,1476.3,85.5,WARNING
2023-01-25 19:00:00,Pump_B,Non_Drive_End,6.934,10.507,55.71,1504.4,75.9,OK
2023-01-25 20:00:00,Pump_B,Non_Drive_End,7.23,11.586,55.93,1496.0,82.3,WARNING
2023-01-25 21:00:00,Pump_B,Non_Drive_End,7.491,11.003,59.59,1482.6,80.6,WARNING
2023-01-25 22:00:00,Pump_B,Non_Drive_End,6.79,10.978,57.9,1492.0,79.8,OK
2023-01-25 23:00:00,Pump_B,Non_Drive_End,7.535,11.169,60.49,1500.6,89.7,WARNING
2023-01-26 00:00:00,Pump_B,Non_Drive_End,6.582,10.093,55.58,1500.8,74.8,OK
2023-01-26 01:00:00,Pump_B,Non_Drive_End,7.073,10.987,60.02,1516.8,81.4,WARNING
2023-01-26 02:00:00,Pump_B,Non_Drive_End,7.282,11.038,58.19,1511.5,86.5,WARNING
2023-01-26 03:00:00,Pump_B,Non_Drive_End,7.154,11.245,57.18,1502.7,82.5,WARNING
2023-01-26 04:00:00,Pump_B,Non_Drive_End,7.428,11.068,60.69,1509.0,88.2,WARNING
2023-01-26 05:00:00,Pump_B,Non_Drive_End,7.451,11.185,61.93,1501.0,87.6,WARNING
2023-01-26 06:00:00,Pump_B,Non_Drive_End,7.25,10.949,58.89,1499.7,78.2,WARNING
2023-01-26 07:00:00,Pump_B,Non_Drive_End,7.127,10.353,56.76,1497.9,75.4,WARNING
2023-01-26 08:00:00,Pump_B,Non_Drive_End,7.048,10.628,57.92,1490.1,81.3,WARNING
2023-01-26 09:00:00,Pump_B,Non_Drive_End,7.224,10.891,60.01,1515.4,86.4,WARNING
2023-01-26 10:00:00,Pump_B,Non_Drive_End,7.521,11.614,60.99,1507.2,87.6,WARNING
2023-01-26 11:00:00,Pump_B,Non_Drive_End,7.152,10.624,57.08,1501.9,75.4,WARNING
2023-01-26 12:00:00,Pump_B,Non_Drive_End,7.043,10.716,56.85,1476.9,78.8,WARNING
2023-01-26 13:00:00,Pump_B,Non_Drive_End,6.973,11.445,57.66,1491.2,74.2,OK
2023-01-26 14:00:00,Pump_B,Non_Drive_End,6.648,9.681,54.81,1508.5,73.3,OK
2023-01-26 15:00:00,Pump_B,Non_Drive_End,7.282,10.882,59.38,1509.6,83.5,WARNING
2023-01-26 16:00:00,Pump_B,Non_Drive_End,7.018,10.538,57.05,1511.8,82.8,WARNING
2023-01-26 17:00:00,Pump_B,Non_Drive_End,7.12,10.28,56.26,1497.7,79.7,WARNING
2023-01-26 18:00:00,Pump_B,Non_Drive_End,6.54,9.472,55.58,1498.7,69.5,OK
2023-01-26 19:00:00,Pump_B,Non_Drive_End,7.268,9.927,57.4,1514.2,75.7,WARNING
2023-01-26 20:00:00,Pump_B,Non_Drive_End,6.778,10.554,58.56,1470.9,78.0,OK
2023-01-26 21:00:00,Pump_B,Non_Drive_End,7.396,11.936,61.54,1503.2,84.5,WARNING
2023-01-26 22:00:00,Pump_B,Non_Drive_End,6.617,10.586,55.91,1480.0,77.1,OK
2023-01-26 23:00:00,Pump_B,Non_Drive_End,7.087,10.483,58.11,1482.1,80.9,WARNING
2023-01-27 00:00:00,Pump_B,Non_Drive_End,6.943,11.019,57.2,1489.6,78.0,OK
2023-01-27 01:00:00,Pump_B,Non_Drive_End,6.771,9.894,56.67,1491.0,83.1,OK
2023-01-27 02:00:00,Pump_B,Non_Drive_End,7.443,12.532,59.53,1532.9,81.7,WARNING
2023-01-27 03:00:00,Pump_B,Non_Drive_End,7.424,12.05,57.35,1503.5,76.9,WARNING
2023-01-27 04:00:00,Pump_B,Non_Drive_End,7.462,11.969,58.95,1485.7,81.3,WARNING
2023-01-27 05:00:00,Pump_B,Non_Drive_End,7.158,10.778,57.41,1503.6,76.7,WARNING
2023-01-27 06:00:00,Pump_B,Non_Drive_End,7.354,10.539,57.2,1510.0,79.1,WARNING
2023-01-27 07:00:00,Pump_B,Non_Drive_End,7.224,10.515,58.07,1507.4,78.7,WARNING
2023-01-27 08:00:00,Pump_B,Non_Drive_End,7.251,10.718,58.03,1508.8,78.3,WARNING
2023-01-27 09:00:00,Pump_B,Non_Drive_End,7.684,11.491,60.95,1494.3,86.6,WARNING
2023-01-27 10:00:00,Pump_B,Non_Drive_End,7.341,10.543,56.37,1501.1,76.7,WARNING
2023-01-27 11:00:00,Pump_B,Non_Drive_End,7.088,9.929,56.13,1488.3,73.5,WARNING
2023-01-27 12:00:00,Pump_B,Non_Drive_End,7.377,11.162,59.17,1504.2,83.1,WARNING
2023-01-27 13:00:00,Pump_B,Non_Drive_End,7.699,11.954,61.5,1497.9,78.9,WARNING
2023-01-27 14:00:00,Pump_B,Non_Drive_End,6.926,9.984,58.72,1499.2,77.5,OK
2023-01-27 15:00:00,Pump_B,Non_Drive_End,6.946,9.892,56.5,1519.2,77.4,OK
2023-01-27 16:00:00,Pump_B,Non_Drive_End,7.408,10.903,58.32,1509.2,79.7,WARNING
2023-01-27 17:00:00,Pump_B,Non_Drive_End,7.084,11.14,55.56,1490.9,78.4,WARNING
2023-01-27 18:00:00,Pump_B,Non_Drive_End,7.6,11.77,62.1,1496.6,88.1,WARNING
2023-01-27 19:00:00,Pump_B,Non_Drive_End,7.855,10.924,60.23,1505.0,85.6,WARNING
2023-01-27 20:00:00,Pump_B,Non_Drive_End,7.062,11.016,57.28,1512.2,75.4,WARNING
2023-01-27 21:00:00,Pump_B,Non_Drive_End,7.418,10.74,57.81,1494.1,75.7,WARNING
2023-01-27 22:00:00,Pump_B,Non_Drive_End,7.178,10.376,56.2,1496.9,76.1,WARNING
2023-01-27 23:00:00,Pump_B,Non_Drive_End,7.301,10.482,58.46,1491.6,81.4,WARNING
2023-01-28 00:00:00,Pump_B,Non_Drive_End,7.491,12.311,58.67,1515.1,84.7,WARNING
2023-01-28 01:00:00,Pump_B,Non_Drive_End,7.505,10.885,59.79,1492.8,85.4,WARNING
2023-01-28 02:00:00,Pump_B,Non_Drive_End,7.373,10.564,58.1,1506.7,82.9,WARNING
2023-01-28 03:00:00,Pump_B,Non_Drive_End,7.207,10.945,60.17,1497.9,79.4,WARNING
2023-01-28 04:00:00,Pump_B,Non_Drive_End,7.419,10.849,58.71,1495.7,77.5,WARNING
2023-01-28 05:00:00,Pump_B,Non_Drive_End,7.331,10.686,57.02,1518.3,76.4,WARNING
2023-01-28 06:00:00,Pump_B,Non_Drive_End,7.068,10.268,56.59,1513.7,77.4,WARNING
2023-01-28 07:00:00,Pump_B,Non_Drive_End,7.156,10.534,57.78,1497.3,79.9,WARNING
2023-01-28 08:00:00,Pump_B,Non_Drive_End,7.494,11.201,58.34,1506.9,76.9,WARNING
2023-01-28 09:00:00,Pump_B,Non_Drive_End,7.136,10.492,54.94,1495.8,69.2,WARNING
2023-01-28 10:00:00,Pump_B,Non_Drive_End,8.146,12.789,60.42,1518.2,91.4,WARNING
2023-01-28 11:00:00,Pump_B,Non_Drive_End,7.248,10.626,54.78,1495.3,76.1,WARNING
2023-01-28 12:00:00,Pump_B,Non_Drive_End,7.917,11.481,59.31,1505.4,81.9,WARNING
2023-01-28 13:00:00,Pump_B,Non_Drive_End,7.019,10.222,57.01,1497.1,66.6,WARNING
2023-01-28 14:00:00,Pump_B,Non_Drive_End,7.18,10.913,55.71,1501.5,78.7,WARNING
2023-01-28 15:00:00,Pump_B,Non_Drive_End,7.97,11.445,60.78,1507.2,83.5,WARNING
2023-01-28 16:00:00,Pump_B,Non_Drive_End,7.501,10.056,59.66,1504.4,82.8,WARNING
2023-01-28 17:00:00,Pump_B,Non_Drive_End,7.656,11.462,57.67,1494.3,79.2,WARNING
2023-01-28 18:00:00,Pump_B,Non_Drive_End,7.546,11.68,57.12,1488.7,70.3,WARNING
2023-01-28 19:00:00,Pump_B,Non_Drive_End,7.746,11.374,59.76,1497.5,79.1,WARNING
2023-01-28 20:00:00,Pump_B,Non_Drive_End,7.628,12.065,58.14,1519.4,78.3,WARNING
2023-01-28 21:00:00,Pump_B,Non_Drive_End,7.862,12.61,59.67,1496.9,85.3,WARNING
2023-01-28 22:00:00,Pump_B,Non_Drive_End,7.738,11.382,61.63,1504.4,81.0,WARNING
2023-01-28 23:00:00,Pump_B,Non_Drive_End,7.511,12.217,55.89,1514.6,73.5,WARNING
2023-01-29 00:00:00,Pump_B,Non_Drive_End,7.007,9.708,56.16,1514.9,75.7,WARNING
2023-01-29 01:00:00,Pump_B,Non_Drive_End,7.619,11.125,59.55,1515.9,81.0,WARNING
2023-01-29 02:00:00,Pump_B,Non_Drive_End,7.698,10.57,58.8,1504.4,82.3,WARNING
2023-01-29 03:00:00,Pump_B,Non_Drive_End,7.916,12.432,60.08,1501.9,87.1,WARNING
2023-01-29 04:00:00,Pump_B,Non_Drive_End,7.489,11.283,58.31,1501.4,78.9,WARNING
2023-01-29 05:00:00,Pump_B,Non_Drive_End,7.026,10.622,57.54,1501.8,73.0,WARNING
2023-01-29 06:00:00,Pump_B,Non_Drive_End,7.554,10.916,59.2,1488.3,78.6,WARNING
2023-01-29 07:00:00,Pump_B,Non_Drive_End,7.854,11.704,60.2,1517.1,79.3,WARNING
2023-01-29 08:00:00,Pump_B,Non_Drive_End,7.496,11.627,59.78,1500.3,78.0,WARNING
2023-01-29 09:00:00,Pump_B,Non_Drive_End,8.059,12.365,59.81,1509.2,84.0,WARNING
2023-01-29 10:00:00,Pump_B,Non_Drive_End,8.062,11.907,62.47,1518.0,88.5,WARNING
2023-01-29 11:00:00,Pump_B,Non_Drive_End,7.579,11.522,60.05,1498.0,82.8,WARNING
2023-01-29 12:00:00,Pump_B,Non_Drive_End,7.827,12.238,60.36,1503.5,83.6,WARNING
2023-01-29 13:00:00,Pump_B,Non_Drive_End,7.243,10.773,58.33,1498.2,77.7,WARNING
2023-01-29 14:00:00,Pump_B,Non_Drive_End,7.749,11.867,60.51,1515.2,81.7,WARNING
2023-01-29 15:00:00,Pump_B,Non_Drive_End,8.102,12.577,64.46,1501.4,91.7,WARNING
2023-01-29 16:00:00,Pump_B,Non_Drive_End,7.898,12.356,59.55,1508.4,78.4,WARNING
2023-01-29 17:00:00,Pump_B,Non_Drive_End,7.659,11.942,58.78,1499.2,76.5,WARNING
2023-01-29 18:00:00,Pump_B,Non_Drive_End,7.827,11.93,58.35,1505.6,78.1,WARNING
2023-01-29 19:00:00,Pump_B,Non_Drive_End,7.436,10.108,59.92,1509.5,79.1,WARNING
2023-01-29 20:00:00,Pump_B,Non_Drive_End,7.679,11.887,59.98,1506.1,82.6,WARNING
2023-01-29 21:00:00,Pump_B,Non_Drive_End,7.411,10.918,56.56,1514.2,72.1,WARNING
2023-01-29 22:00:00,Pump_B,Non_Drive_End,7.332,10.901,57.59,1505.9,69.9,WARNING
2023-01-29 23:00:00,Pump_B,Non_Drive_End,7.276,10.774,56.87,1494.0,73.1,WARNING
2023-01-30 00:00:00,Pump_B,Non_Drive_End,7.732,12.441,62.17,1496.5,82.2,WARNING
2023-01-30 01:00:00,Pump_B,Non_Drive_End,8.139,11.485,60.16,1492.4,80.7,WARNING
2023-01-30 02:00:00,Pump_B,Non_Drive_End,7.587,10.948,58.28,1488.4,76.5,WARNING
2023-01-30 03:00:00,Pump_B,Non_Drive_End,7.758,11.521,60.23,1493.8,80.1,WARNING
2023-01-30 04:00:00,Pump_B,Non_Drive_End,7.913,12.156,61.02,1508.2,79.3,WARNING
2023-01-30 05:00:00,Pump_B,Non_Drive_End,7.914,11.743,55.85,1495.3,74.4,WARNING
2023-01-30 06:00:00,Pump_B,Non_Drive_End,7.276,11.581,57.27,1501.3,79.0,WARNING
2023-01-30 07:00:00,Pump_B,Non_Drive_End,7.683,10.989,58.6,1497.7,81.6,WARNING
2023-01-30 08:00:00,Pump_B,Non_Drive_End,8.034,11.583,62.37,1498.5,85.4,WARNING
2023-01-30 09:00:00,Pump_B,Non_Drive_End,8.34,12.654,61.1,1511.8,87.3,WARNING
2023-01-30 10:00:00,Pump_B,Non_Drive_End,7.457,11.714,57.7,1493.2,78.8,WARNING
2023-01-30 11:00:00,Pump_B,Non_Drive_End,8.302,12.759,61.34,1508.8,86.0,WARNING
2023-01-30 12:00:00,Pump_B,Non_Drive_End,8.425,12.313,61.99,1500.4,89.3,WARNING
2023-01-30 13:00:00,Pump_B,Non_Drive_End,7.87,11.085,58.88,1502.2,82.4,WARNING
2023-01-30 14:00:00,Pump_B,Non_Drive_End,8.148,12.947,60.44,1493.9,86.0,WARNING
2023-01-30 15:00:00,Pump_B,Non_Drive_End,8.067,13.097,60.19,1492.3,76.4,WARNING
2023-01-30 16:00:00,Pump_B,Non_Drive_End,8.519,12.912,62.93,1494.2,83.9,WARNING
2023-01-30 17:00:00,Pump_B,Non_Drive_End,8.248,12.642,61.97,1497.3,79.5,WARNING
2023-01-30 18:00:00,Pump_B,Non_Drive_End,7.897,11.897,59.37,1491.5,81.3,WARNING
2023-01-30 19:00:00,Pump_B,Non_Drive_End,7.572,11.428,58.12,1512.0,74.5,WARNING
2023-01-30 20:00:00,Pump_B,Non_Drive_End,7.596,11.525,58.65,1514.5,77.1,WARNING
2023-01-30 21:00:00,Pump_B,Non_Drive_End,8.136,12.575,59.61,1487.0,79.7,WARNING
2023-01-30 22:00:00,Pump_B,Non_Drive_End,7.904,11.429,61.61,1503.7,83.5,WARNING
2023-01-30 23:00:00,Pump_B,Non_Drive_End,7.897,11.588,59.61,1494.4,81.5,WARNING
2023-01-31 00:00:00,Pump_B,Non_Drive_End,8.017,12.51,57.92,1482.6,75.8,WARNING
2023-01-01 00:00:00,Compressor_C,Drive_End,4.27,6.233,46.91,2991.0,82.0,OK
2023-01-01 01:00:00,Compressor_C,Drive_End,5.238,7.476,54.39,2995.6,100.0,OK
2023-01-01 02:00:00,Compressor_C,Drive_End,3.002,4.626,38.99,2992.4,55.2,OK
2023-01-01 03:00:00,Compressor_C,Drive_End,5.258,7.747,52.26,3002.5,100.0,OK
2023-01-01 04:00:00,Compressor_C,Drive_End,5.555,8.939,53.49,3005.7,98.8,OK
2023-01-01 05:00:00,Compressor_C,Drive_End,3.175,4.845,42.49,2999.5,65.8,OK
2023-01-01 06:00:00,Compressor_C,Drive_End,4.03,6.446,45.15,3001.5,77.5,OK
2023-01-01 07:00:00,Compressor_C,Drive_End,2.421,3.854,35.07,3004.7,47.1,OK
2023-01-01 08:00:00,Compressor_C,Drive_End,3.207,4.747,42.68,3004.9,63.0,OK
2023-01-01 09:00:00,Compressor_C,Drive_End,3.354,4.114,41.62,3017.8,65.8,OK
2023-01-01 10:00:00,Compressor_C,Drive_End,4.769,7.071,50.19,2996.3,94.4,OK
2023-01-01 11:00:00,Compressor_C,Drive_End,4.431,6.294,49.56,3007.7,87.4,OK
2023-01-01 12:00:00,Compressor_C,Drive_End,3.191,4.963,41.96,2989.2,67.1,OK
2023-01-01 13:00:00,Compressor_C,Drive_End,3.89,5.348,41.97,3000.1,69.7,OK
2023-01-01 14:00:00,Compressor_C,Drive_End,4.468,7.027,49.62,2998.9,86.8,OK
2023-01-01 15:00:00,Compressor_C,Drive_End,2.676,4.306,36.99,2993.5,46.9,OK
2023-01-01 16:00:00,Compressor_C,Drive_End,5.415,8.481,53.85,3000.2,97.6,OK
2023-01-01 17:00:00,Compressor_C,Drive_End,3.793,5.695,43.6,3001.7,75.2,OK
2023-01-01 18:00:00,Compressor_C,Drive_End,3.3,4.697,41.96,2997.2,68.1,OK
2023-01-01 19:00:00,Compressor_C,Drive_End,4.469,7.371,49.57,3009.5,86.0,OK
2023-01-01 20:00:00,Compressor_C,Drive_End,4.718,7.67,50.78,3001.5,87.6,OK
2023-01-01 21:00:00,Compressor_C,Drive_End,5.511,8.938,53.4,3000.4,100.0,OK
2023-01-01 22:00:00,Compressor_C,Drive_End,4.093,6.598,45.3,3000.2,75.2,OK
2023-01-01 23:00:00,Compressor_C,Drive_End,2.659,3.243,37.11,3002.5,57.4,OK
2023-01-02 00:00:00,Compressor_C,Drive_End,4.502,6.858,49.67,3013.6,84.9,OK
2023-01-02 01:00:00,Compressor_C,Drive_End,2.808,4.495,38.15,3005.2,56.8,OK
2023-01-02 02:00:00,Compressor_C,Drive_End,3.794,6.121,42.77,3001.4,67.7,OK
2023-01-02 03:00:00,Compressor_C,Drive_End,3.256,4.407,40.04,2983.2,59.9,OK
2023-01-02 04:00:00,Compressor_C,Drive_End,5.688,8.404,53.28,2983.9,99.8,OK
2023-01-02 05:00:00,Compressor_C,Drive_End,4.066,5.774,43.76,2992.8,76.3,OK
2023-01-02 06:00:00,Compressor_C,Drive_End,4.042,5.47,45.21,2986.4,76.7,OK
2023-01-02 07:00:00,Compressor_C,Drive_End,4.414,6.962,46.68,2997.9,82.7,OK
2023-01-02 08:00:00,Compressor_C,Drive_End,4.192,6.137,45.55,2966.7,79.0,OK
2023-01-02 09:00:00,Compressor_C,Drive_End,4.389,6.111,48.33,3011.7,84.7,OK
2023-01-02 10:00:00,Compressor_C,Drive_End,3.242,4.895,38.47,2993.4,60.0,OK
2023-01-02 11:00:00,Compressor_C,Drive_End,2.755,3.324,38.2,3001.6,53.0,OK
2023-01-02 12:00:00,Compressor_C,Drive_End,5.464,8.449,51.77,3018.9,100.0,OK
2023-01-02 13:00:00,Compressor_C,Drive_End,5.213,7.692,54.79,2994.2,100.0,OK
2023-01-02 14:00:00,Compressor_C,Drive_End,5.6,8.421,53.21,3001.3,100.0,OK
2023-01-02 15:00:00,Compressor_C,Drive_End,5.707,9.21,55.13,2993.8,100.0,OK
2023-01-02 16:00:00,Compressor_C,Drive_End,5.365,7.643,51.8,3022.3,100.0,OK
2023-01-02 17:00:00,Compressor_C,Drive_End,5.627,8.07,55.86,2995.6,100.0,OK
2023-01-02 18:00:00,Compressor_C,Drive_End,3.528,5.026,43.57,2988.1,69.5,OK
2023-01-02 19:00:00,Compressor_C,Drive_End,4.096,5.811,45.75,3006.3,79.2,OK
2023-01-02 20:00:00,Compressor_C,Drive_End,5.003,7.245,52.85,3002.3,100.0,OK
2023-01-02 21:00:00,Compressor_C,Drive_End,5.216,9.033,53.26,3010.3,100.0,OK
2023-01-02 22:00:00,Compressor_C,Drive_End,4.842,6.559,48.84,2988.4,98.7,OK
2023-01-02 23:00:00,Compressor_C,Drive_End,5.215,8.049,53.48,3002.1,100.0,OK
2023-01-03 00:00:00,Compressor_C,Drive_End,4.701,6.611,50.69,3012.1,89.3,OK
2023-01-03 01:00:00,Compressor_C,Drive_End,5.358,7.818,51.15,3001.0,92.0,OK
2023-01-03 02:00:00,Compressor_C,Drive_End,4.675,6.597,48.79,2993.3,86.3,OK
2023-01-03 03:00:00,Compressor_C,Drive_End,5.24,8.446,52.3,2995.9,100.0,OK
2023-01-03 04:00:00,Compressor_C,Drive_End,3.764,6.256,42.83,3005.8,69.6,OK
2023-01-03 05:00:00,Compressor_C,Drive_End,4.615,7.525,49.03,2995.3,88.9,OK
2023-01-03 06:00:00,Compressor_C,Drive_End,4.236,6.837,48.24,3001.6,84.2,OK
2023-01-03 07:00:00,Compressor_C,Drive_End,2.258,3.935,34.49,3002.8,50.2,OK
2023-01-03 08:00:00,Compressor_C,Drive_End,3.89,6.217,43.39,3003.6,74.7,OK
2023-01-03 09:00:00,Compressor_C,Drive_End,5.672,8.945,54.42,3005.3,100.0,OK
2023-01-03 10:00:00,Compressor_C,Drive_End,3.362,5.736,40.18,2994.4,60.7,OK
2023-01-03 11:00:00,Compressor_C,Drive_End,1.742,2.489,33.13,2997.9,40.0,OK
2023-01-03 12:00:00,Compressor_C,Drive_End,5.078,6.716,51.23,3009.9,93.1,OK
2023-01-03 13:00:00,Compressor_C,Drive_End,5.474,8.39,54.35,3003.7,100.0,OK
2023-01-03 14:00:00,Compressor_C,Drive_End,2.048,3.712,34.27,2997.6,44.3,OK
2023-01-03 15:00:00,Compressor_C,Drive_End,2.557,3.228,36.87,3004.3,55.3,OK
2023-01-03 16:00:00,Compressor_C,Drive_End,4.785,7.493,50.31,3012.6,88.1,OK
2023-01-03 17:00:00,Compressor_C,Drive_End,3.807,5.767,45.03,3007.0,81.5,OK
2023-01-03 18:00:00,Compressor_C,Drive_End,5.253,7.127,53.89,2998.5,97.4,OK
2023-01-03 19:00:00,Compressor_C,Drive_End,4.602,6.516,49.86,3005.6,89.4,OK
2023-01-03 20:00:00,Compressor_C,Drive_End,3.143,4.47,43.82,3004.3,69.6,OK
2023-01-03 21:00:00,Compressor_C,Drive_End,4.993,6.321,49.23,3001.7,86.6,OK
2023-01-03 22:00:00,Compressor_C,Drive_End,4.014,5.588,46.08,3008.6,74.0,OK
2023-01-03 23:00:00,Compressor_C,Drive_End,3.63,5.384,43.63,3012.1,74.0,OK
2023-01-04 00:00:00,Compressor_C,Drive_End,5.142,7.966,52.82,2994.8,95.8,OK
2023-01-04 01:00:00,Compressor_C,Drive_End,4.915,7.197,51.22,3002.1,93.3,OK
2023-01-04 02:00:00,Compressor_C,Drive_End,4.428,5.884,48.74,2998.5,83.7,OK
2023-01-04 03:00:00,Compressor_C,Drive_End,4.363,5.675,47.34,3010.0,82.7,OK
2023-01-04 04:00:00,Compressor_C,Drive_End,3.606,5.43,45.18,3007.4,77.0,OK
2023-01-04 05:00:00,Compressor_C,Drive_End,3.479,4.854,42.56,3000.7,70.1,OK
2023-01-04 06:00:00,Compressor_C,Drive_End,3.413,4.669,44.42,3006.8,69.3,OK
2023-01-04 07:00:00,Compressor_C,Drive_End,4.912,7.489,51.74,2981.4,94.4,OK
2023-01-04 08:00:00,Compressor_C,Drive_End,3.024,4.776,40.69,3011.6,57.6,OK
2023-01-04 09:00:00,Compressor_C,Drive_End,4.919,7.929,49.06,3004.5,86.8,OK
2023-01-04 10:00:00,Compressor_C,Drive_End,4.871,7.544,48.94,2993.4,89.5,OK
2023-01-04 11:00:00,Compressor_C,Drive_End,4.003,6.162,46.7,3002.7,78.2,OK
2023-01-04 12:00:00,Compressor_C,Drive_End,4.449,6.91,47.48,3002.2,79.5,OK
2023-01-04 13:00:00,Compressor_C,Drive_End,3.404,5.748,41.93,3006.7,65.6,OK
2023-01-04 14:00:00,Compressor_C,Drive_End,2.712,3.784,38.02,2983.0,52.8,OK
2023-01-04 15:00:00,Compressor_C,Drive_End,4.284,5.993,47.29,2998.3,81.7,OK
2023-01-04 16:00:00,Compressor_C,Drive_End,3.609,5.3,44.44,2996.3,71.2,OK
2023-01-04 17:00:00,Compressor_C,Drive_End,4.391,7.014,47.37,3010.2,78.1,OK
2023-01-04 18:00:00,Compressor_C,Drive_End,4.512,7.26,49.12,3008.7,84.9,OK
2023-01-04 19:00:00,Compressor_C,Drive_End,3.894,5.789,44.43,3009.0,74.6,OK
2023-01-04 20:00:00,Compressor_C,Drive_End,4.527,6.968,48.67,3010.0,82.5,OK
2023-01-04 21:00:00,Compressor_C,Drive_End,5.121,8.333,52.34,2998.5,99.1,OK
2023-01-04 22:00:00,Compressor_C,Drive_End,3.693,4.729,42.66,2982.0,69.6,OK
2023-01-04 23:00:00,Compressor_C,Drive_End,4.599,6.832,48.64,3007.2,88.8,OK
2023-01-05 00:00:00,Compressor_C,Drive_End,3.606,5.287,42.16,3002.7,71.8,OK
2023-01-05 01:00:00,Compressor_C,Drive_End,5.378,8.713,52.27,3005.1,97.0,OK
2023-01-05 02:00:00,Compressor_C,Drive_End,4.506,6.684,47.48,2981.1,74.6,OK
2023-01-05 03:00:00,Compressor_C,Drive_End,3.457,5.156,40.17,3010.0,61.4,OK
2023-01-05 04:00:00,Compressor_C,Drive_End,4.068,6.512,45.97,2977.7,77.9,OK
2023-01-05 05:00:00,Compressor_C,Drive_End,4.065,5.268,45.65,3005.3,75.7,OK
2023-01-05 06:00:00,Compressor_C,Drive_End,5.383,9.045,54.81,2986.6,100.0,OK
2023-01-05 07:00:00,Compressor_C,Drive_End,3.738,5.232,43.98,3002.1,72.3,OK
2023-01-05 08:00:00,Compressor_C,Drive_End,3.798,5.059,44.86,3001.1,75.8,OK
2023-01-05 09:00:00,Compressor_C,Drive_End,5.334,8.378,53.43,3000.8,100.0,OK
2023-01-05 10:00:00,Compressor_C,Drive_End,5.54,7.933,54.6,3000.0,100.0,OK
2023-01-05 11:00:00,Compressor_C,Drive_End,4.347,6.202,48.23,2999.4,84.1,OK
2023-01-05 12:00:00,Compressor_C,Drive_End,4.823,7.216,50.29,2998.7,89.4,OK
2023-01-05 13:00:00,Compressor_C,Drive_End,4.559,6.995,47.69,3000.2,77.0,OK
2023-01-05 14:00:00,Compressor_C,Drive_End,4.853,7.134,50.75,2997.4,86.6,OK
2023-01-05 15:00:00,Compressor_C,Drive_End,3.972,5.406,45.71,2990.4,75.0,OK
2023-01-05 16:00:00,Compressor_C,Drive_End,2.839,5.67,38.11,2996.8,62.1,OK
2023-01-05 17:00:00,Compressor_C,Drive_End,4.416,7.05,47.0,3011.4,80.1,OK
2023-01-05 18:00:00,Compressor_C,Drive_End,5.442,8.284,53.55,3009.1,100.0,OK
2023-01-05 19:00:00,Compressor_C,Drive_End,3.644,5.024,42.48,3012.4,66.4,OK
2023-01-05 20:00:00,Compressor_C,Drive_End,4.084,6.599,45.28,2999.7,77.8,OK
2023-01-05 21:00:00,Compressor_C,Drive_End,3.346,4.387,41.59,3012.4,67.3,OK
2023-01-05 22:00:00,Compressor_C,Drive_End,4.088,6.706,46.3,3015.5,75.0,OK
2023-01-05 23:00:00,Compressor_C,Drive_End,5.012,7.023,51.41,2993.1,94.2,OK
2023-01-06 00:00:00,Compressor_C,Drive_End,5.078,7.046,51.5,3001.3,90.3,OK
2023-01-06 01:00:00,Compressor_C,Drive_End,3.225,4.73,41.12,3000.9,61.3,OK
2023-01-06 02:00:00,Compressor_C,Drive_End,3.448,6.043,40.99,2983.4,65.6,OK
2023-01-06 03:00:00,Compressor_C,Drive_End,5.033,6.984,52.51,3000.4,98.3,OK
2023-01-06 04:00:00,Compressor_C,Drive_End,3.497,4.822,43.97,2986.9,73.9,OK
2023-01-06 05:00:00,Compressor_C,Drive_End,4.235,6.872,47.21,2995.0,79.9,OK
2023-01-06 06:00:00,Compressor_C,Drive_End,3.899,5.736,45.43,3009.3,78.2,OK
2023-01-06 07:00:00,Compressor_C,Drive_End,2.672,4.964,38.28,2995.8,61.4,OK
2023-01-06 08:00:00,Compressor_C,Drive_End,5.513,8.025,54.24,3000.4,100.0,OK
2023-01-06 09:00:00,Compressor_C,Drive_End,4.94,7.226,50.07,3006.6,89.8,OK
2023-01-06 10:00:00,Compressor_C,Drive_End,2.982,5.281,39.23,3005.2,56.1,OK
2023-01-06 11:00:00,Compressor_C,Drive_End,3.719,4.68,42.91,2983.0,68.5,OK
2023-01-06 12:00:00,Compressor_C,Drive_End,4.005,6.077,43.17,2999.3,76.6,OK
2023-01-06 13:00:00,Compressor_C,Drive_End,4.36,6.262,45.04,2977.7,80.2,OK
2023-01-06 14:00:00,Compressor_C,Drive_End,3.705,5.656,43.42,2994.3,67.8,OK
2023-01-06 15:00:00,Compressor_C,Drive_End,5.414,8.463,52.04,2999.0,97.7,OK
2023-01-06 16:00:00,Compressor_C,Drive_End,5.583,7.617,54.81,2985.8,100.0,OK
2023-01-06 17:00:00,Compressor_C,Drive_End,5.349,8.328,53.29,2997.9,100.0,OK
2023-01-06 18:00:00,Compressor_C,Drive_End,5.336,7.734,52.66,3001.9,100.0,OK
2023-01-06 19:00:00,Compressor_C,Drive_End,3.537,4.977,45.31,2996.5,70.6,OK
2023-01-06 20:00:00,Compressor_C,Drive_End,3.391,5.402,41.58,3001.5,64.5,OK
2023-01-06 21:00:00,Compressor_C,Drive_End,4.037,5.926,44.06,3004.5,76.4,OK
2023-01-06 22:00:00,Compressor_C,Drive_End,3.645,5.485,44.32,2988.5,73.0,OK
2023-01-06 23:00:00,Compressor_C,Drive_End,5.555,8.485,55.43,2994.6,100.0,OK
2023-01-07 00:00:00,Compressor_C,Drive_End,4.374,6.717,48.39,2989.9,88.6,OK
2023-01-07 01:00:00,Compressor_C,Drive_End,3.35,5.779,41.28,2987.3,65.3,OK
2023-01-07 02:00:00,Compressor_C,Drive_End,4.473,7.077,48.11,2999.0,88.9,OK
2023-01-07 03:00:00,Compressor_C,Drive_End,4.398,6.068,47.7,2996.6,80.3,OK
2023-01-07 04:00:00,Compressor_C,Drive_End,2.717,5.122,41.07,2994.9,67.4,OK
2023-01-07 05:00:00,Compressor_C,Drive_End,3.41,5.474,40.58,2988.8,68.5,OK
2023-01-07 06:00:00,Compressor_C,Drive_End,3.846,5.809,47.64,3017.7,77.9,OK
2023-01-07 07:00:00,Compressor_C,Drive_End,4.87,7.105,51.62,3001.3,89.5,OK
2023-01-07 08:00:00,Compressor_C,Drive_End,3.762,5.16,44.18,2980.4,74.0,OK
2023-01-07 09:00:00,Compressor_C,Drive_End,4.106,6.29,45.73,3012.0,76.1,OK
2023-01-07 10:00:00,Compressor_C,Drive_End,3.27,5.302,41.14,2978.2,64.1,OK
2023-01-07 11:00:00,Compressor_C,Drive_End,3.702,6.396,45.13,3004.6,72.0,OK
2023-01-07 12:00:00,Compressor_C,Drive_End,4.806,7.54,51.52,3007.6,94.4,OK
2023-01-07 13:00:00,Compressor_C,Drive_End,4.836,8.605,50.08,3004.9,89.1,OK
2023-01-07 14:00:00,Compressor_C,Drive_End,5.201,8.271,52.43,2995.3,94.0,OK
2023-01-07 15:00:00,Compressor_C,Drive_End,5.303,8.06,54.39,2991.2,100.0,OK
2023-01-07 16:00:00,Compressor_C,Drive_End,4.229,5.773,47.67,3012.9,82.7,OK
2023-01-07 17:00:00,Compressor_C,Drive_End,4.125,6.018,46.26,3005.4,78.8,OK
2023-01-07 18:00:00,Compressor_C,Drive_End,4.185,6.076,47.66,2997.0,80.4,OK
2023-01-07 19:00:00,Compressor_C,Drive_End,4.407,6.335,50.52,3022.6,82.9,OK
2023-01-07 20:00:00,Compressor_C,Drive_End,4.691,7.348,49.75,3009.9,86.2,OK
2023-01-07 21:00:00,Compressor_C,Drive_End,2.943,4.328,39.58,3003.7,63.5,OK
2023-01-07 22:00:00,Compressor_C,Drive_End,4.618,7.071,48.26,3003.3,85.4,OK
2023-01-07 23:00:00,Compressor_C,Drive_End,4.179,5.695,44.38,3009.2,76.1,OK
2023-01-08 00:00:00,Compressor_C,Drive_End,3.789,5.221,43.85,3010.5,69.1,OK
2023-01-08 01:00:00,Compressor_C,Drive_End,5.684,9.026,53.55,3004.2,100.0,OK
2023-01-08 02:00:00,Compressor_C,Drive_End,4.05,6.533,46.21,3000.3,77.2,OK
2023-01-08 03:00:00,Compressor_C,Drive_End,1.363,2.131,31.9,2986.9,40.0,OK
2023-01-08 04:00:00,Compressor_C,Drive_End,4.59,7.243,47.32,2990.4,84.2,OK
2023-01-08 05:00:00,Compressor_C,Drive_End,3.239,5.708,40.51,3000.0,58.0,OK
2023-01-08 06:00:00,Compressor_C,Drive_End,3.453,4.795,40.55,3008.9,69.1,OK
2023-01-08 07:00:00,Compressor_C,Drive_End,4.311,5.317,47.51,2993.7,81.5,OK
2023-01-08 08:00:00,Compressor_C,Drive_End,2.116,3.035,34.81,3010.9,43.5,OK
2023-01-08 09:00:00,Compressor_C,Drive_End,3.479,3.671,41.57,3000.7,65.3,OK
2023-01-08 10:00:00,Compressor_C,Drive_End,4.471,6.145,46.74,2998.0,79.7,OK
2023-01-08 11:00:00,Compressor_C,Drive_End,2.426,3.42,36.52,3015.1,51.3,OK
2023-01-08 12:00:00,Compressor_C,Drive_End,5.302,8.18,50.95,3003.5,89.5,OK
2023-01-08 13:00:00,Compressor_C,Drive_End,3.394,5.112,43.84,2996.1,71.6,OK
2023-01-08 14:00:00,Compressor_C,Drive_End,3.951,5.214,42.22,2991.9,70.8,OK
2023-01-08 15:00:00,Compressor_C,Drive_End,3.24,4.679,40.67,2984.6,62.7,OK
2023-01-08 16:00:00,Compressor_C,Drive_End,5.393,8.845,52.73,2993.1,97.3,OK
2023-01-08 17:00:00,Compressor_C,Drive_End,5.048,6.786,49.44,2997.6,91.1,OK
2023-01-08 18:00:00,Compressor_C,Drive_End,3.745,5.507,45.16,2991.1,74.1,OK
2023-01-08 19:00:00,Compressor_C,Drive_End,3.763,5.26,43.5,2991.8,73.9,OK
2023-01-08 20:00:00,Compressor_C,Drive_End,2.635,4.435,36.55,3000.7,55.8,OK
2023-01-08 21:00:00,Compressor_C,Drive_End,3.524,5.168,42.22,3018.1,71.9,OK
2023-01-08 22:00:00,Compressor_C,Drive_End,3.021,4.598,38.06,3015.5,59.8,OK
2023-01-08 23:00:00,Compressor_C,Drive_End,4.753,7.463,48.08,3011.6,85.4,OK
2023-01-09 00:00:00,Compressor_C,Drive_End,4.123,5.624,48.38,3006.7,84.7,OK
2023-01-09 01:00:00,Compressor_C,Drive_End,5.147,7.769,52.53,2984.5,93.1,OK
2023-01-09 02:00:00,Compressor_C,Drive_End,3.798,5.521,43.86,3006.5,70.5,OK
2023-01-09 03:00:00,Compressor_C,Drive_End,3.592,4.927,42.57,3016.5,70.3,OK
2023-01-09 04:00:00,Compressor_C,Drive_End,4.047,6.994,47.06,3007.5,81.9,OK
2023-01-09 05:00:00,Compressor_C,Drive_End,4.624,6.861,50.23,2999.0,87.0,OK
2023-01-09 06:00:00,Compressor_C,Drive_End,4.106,6.257,45.69,3007.7,79.9,OK
2023-01-09 07:00:00,Compressor_C,Drive_End,5.23,7.687,52.62,2991.7,98.2,OK
2023-01-09 08:00:00,Compressor_C,Drive_End,5.129,7.284,51.41,2996.8,90.8,OK
2023-01-09 09:00:00,Compressor_C,Drive_End,3.499,5.17,43.86,3004.2,68.4,OK
2023-01-09 10:00:00,Compressor_C,Drive_End,3.457,5.242,41.73,3005.9,70.2,OK
2023-01-09 11:00:00,Compressor_C,Drive_End,3.967,6.0,45.83,2999.2,70.1,OK
2023-01-09 12:00:00,Compressor_C,Drive_End,4.706,7.278,48.03,2996.1,83.3,OK
2023-01-09 13:00:00,Compressor_C,Drive_End,4.226,6.807,49.32,2997.1,87.1,OK
2023-01-09 14:00:00,Compressor_C,Drive_End,5.35,8.443,54.48,3004.2,100.0,OK
2023-01-09 15:00:00,Compressor_C,Drive_End,5.367,7.693,54.2,2999.6,100.0,OK
2023-01-09 16:00:00,Compressor_C,Drive_End,2.924,4.679,39.05,3007.8,56.8,OK
2023-01-09 17:00:00,Compressor_C,Drive_End,5.279,7.623,52.57,3008.7,100.0,OK
2023-01-09 18:00:00,Compressor_C,Drive_End,4.913,8.031,49.31,2990.0,88.3,OK
2023-01-09 19:00:00,Compressor_C,Drive_End,4.21,7.119,44.53,3000.2,77.2,OK
2023-01-09 20:00:00,Compressor_C,Drive_End,3.634,5.208,44.81,2997.3,75.2,OK
2023-01-09 21:00:00,Compressor_C,Drive_End,4.524,6.919,46.84,2984.6,75.8,OK
2023-01-09 22:00:00,Compressor_C,Drive_End,3.179,3.824,39.83,3002.6,63.5,OK
2023-01-09 23:00:00,Compressor_C,Drive_End,4.989,8.035,50.95,3019.4,91.9,OK
2023-01-10 00:00:00,Compressor_C,Drive_End,4.455,7.333,46.06,3010.9,78.7,OK
2023-01-10 01:00:00,Compressor_C,Drive_End,4.088,6.326,47.09,3002.8,79.0,OK
2023-01-10 02:00:00,Compressor_C,Drive_End,5.037,6.873,52.21,3016.9,95.0,OK
2023-01-10 03:00:00,Compressor_C,Drive_End,5.537,8.654,54.28,2995.2,100.0,OK
2023-01-10 04:00:00,Compressor_C,Drive_End,3.75,5.069,45.26,2990.8,80.1,OK
2023-01-10 05:00:00,Compressor_C,Drive_End,5.084,7.18,52.91,2999.0,96.5,OK
2023-01-10 06:00:00,Compressor_C,Drive_End,5.521,7.544,53.7,3010.6,100.0,OK
2023-01-10 07:00:00,Compressor_C,Drive_End,5.092,7.611,53.34,3011.2,100.0,OK
2023-01-10 08:00:00,Compressor_C,Drive_End,3.534,4.907,42.01,2976.9,68.6,OK
2023-01-10 09:00:00,Compressor_C,Drive_End,3.879,5.376,44.66,2998.7,74.7,OK
2023-01-10 10:00:00,Compressor_C,Drive_End,2.047,2.926,37.01,3003.1,53.6,OK
2023-01-10 11:00:00,Compressor_C,Drive_End,3.478,3.563,41.61,3007.2,64.1,OK
2023-01-10 12:00:00,Compressor_C,Drive_End,1.799,1.457,34.67,2998.8,40.0,OK
2023-01-10 13:00:00,Compressor_C,Drive_End,4.75,6.228,47.76,2991.5,84.3,OK
2023-01-10 14:00:00,Compressor_C,Drive_End,2.197,3.625,35.15,3018.0,45.5,OK
2023-01-10 15:00:00,Compressor_C,Drive_End,4.771,7.21,49.29,3000.8,88.6,OK
2023-01-10 16:00:00,Compressor_C,Drive_End,4.18,5.531,45.22,3002.7,79.3,OK
2023-01-10 17:00:00,Compressor_C,Drive_End,5.292,7.391,51.25,2996.9,96.2,OK
2023-01-10 18:00:00,Compressor_C,Drive_End,3.308,5.609,42.17,2997.8,67.3,OK
2023-01-10 19:00:00,Compressor_C,Drive_End,4.917,7.904,51.03,3004.0,100.0,OK
2023-01-10 20:00:00,Compressor_C,Drive_End,4.836,7.974,48.29,2992.3,83.5,OK
2023-01-10 21:00:00,Compressor_C,Drive_End,4.258,6.402,45.49,3002.4,78.1,OK
2023-01-10 22:00:00,Compressor_C,Drive_End,3.801,5.916,42.83,3000.0,69.2,OK
2023-01-10 23:00:00,Compressor_C,Drive_End,4.962,8.706,50.24,2996.1,89.7,OK
2023-01-11 00:00:00,Compressor_C,Drive_End,4.899,7.363,50.71,2992.5,92.0,OK
2023-01-11 01:00:00,Compressor_C,Drive_End,5.517,7.311,54.48,2996.9,100.0,OK
2023-01-11 02:00:00,Compressor_C,Drive_End,4.726,7.069,51.51,2994.7,97.1,OK
2023-01-11 03:00:00,Compressor_C,Drive_End,4.776,6.735,49.19,3020.1,90.9,OK
2023-01-11 04:00:00,Compressor_C,Drive_End,4.269,6.793,47.98,3004.8,83.0,OK
2023-01-11 05:00:00,Compressor_C,Drive_End,4.143,4.999,46.97,2991.0,80.6,OK
2023-01-11 06:00:00,Compressor_C,Drive_End,4.325,6.68,47.03,3001.9,80.4,OK
2023-01-11 07:00:00,Compressor_C,Drive_End,4.127,6.216,45.98,2986.0,80.7,OK
2023-01-11 08:00:00,Compressor_C,Drive_End,5.017,7.584,52.12,2993.4,92.9,OK
2023-01-11 09:00:00,Compressor_C,Drive_End,4.59,7.481,51.95,3006.9,93.5,OK
2023-01-11 10:00:00,Compressor_C,Drive_End,3.588,4.408,43.03,3002.4,72.8,OK
2023-01-11 11:00:00,Compressor_C,Drive_End,3.522,4.916,43.42,2996.5,71.9,OK
2023-01-11 12:00:00,Compressor_C,Drive_End,3.643,6.655,44.17,3005.4,68.4,OK
2023-01-11 13:00:00,Compressor_C,Drive_End,4.478,6.88,47.66,2993.8,83.6,OK
2023-01-11 14:00:00,Compressor_C,Drive_End,4.856,7.563,50.45,2986.0,91.8,OK
2023-01-11 15:00:00,Compressor_C,Drive_End,3.847,6.357,44.23,2998.6,76.9,OK
2023-01-11 16:00:00,Compressor_C,Drive_End,4.297,6.481,47.04,3004.1,84.8,OK
2023-01-11 17:00:00,Compressor_C,Drive_End,5.269,7.292,52.07,2988.6,100.0,OK
2023-01-11 18:00:00,Compressor_C,Drive_End,5.428,7.814,54.73,3005.4,100.0,OK
2023-01-11 19:00:00,Compressor_C,Drive_End,3.284,4.603,42.74,3007.9,67.6,OK
2023-01-11 20:00:00,Compressor_C,Drive_End,4.768,6.928,50.92,3006.0,93.0,OK
2023-01-11 21:00:00,Compressor_C,Drive_End,2.955,4.044,40.58,3013.7,67.3,OK
2023-01-11 22:00:00,Compressor_C,Drive_End,1.925,2.903,34.64,2986.0,40.0,OK
2023-01-11 23:00:00,Compressor_C,Drive_End,5.463,8.227,51.25,3004.3,100.0,OK
2023-01-12 00:00:00,Compressor_C,Drive_End,3.068,4.747,38.84,3001.0,59.1,OK
2023-01-12 01:00:00,Compressor_C,Drive_End,5.231,8.342,51.58,3014.8,94.1,OK
2023-01-12 02:00:00,Compressor_C,Drive_End,5.271,8.089,52.53,3001.5,96.1,OK
2023-01-12 03:00:00,Compressor_C,Drive_End,3.623,5.214,43.62,2999.2,67.1,OK
2023-01-12 04:00:00,Compressor_C,Drive_End,5.141,7.534,52.82,2997.0,91.1,OK
2023-01-12 05:00:00,Compressor_C,Drive_End,4.413,6.576,48.38,2999.8,86.5,OK
2023-01-12 06:00:00,Compressor_C,Drive_End,2.907,4.653,41.05,2997.8,61.1,OK
2023-01-12 07:00:00,Compressor_C,Drive_End,3.07,4.118,41.0,3017.1,61.6,OK
2023-01-12 08:00:00,Compressor_C,Drive_End,3.717,5.168,44.93,2999.2,73.3,OK
2023-01-12 09:00:00,Compressor_C,Drive_End,4.053,5.476,44.37,2985.6,75.7,OK
2023-01-12 10:00:00,Compressor_C,Drive_End,4.81,7.527,51.55,2988.0,97.9,OK
2023-01-12 11:00:00,Compressor_C,Drive_End,4.05,5.699,47.2,2996.9,76.7,OK
2023-01-12 12:00:00,Compressor_C,Drive_End,3.0,4.12,38.3,3004.4,57.9,OK
2023-01-12 13:00:00,Compressor_C,Drive_End,4.994,7.935,51.82,2990.1,95.3,OK
2023-01-12 14:00:00,Compressor_C,Drive_End,2.477,3.513,37.31,3017.5,53.0,OK
2023-01-12 15:00:00,Compressor_C,Drive_End,4.431,7.059,49.94,3019.6,89.4,OK
2023-01-12 16:00:00,Compressor_C,Drive_End,4.263,5.704,48.25,3007.9,77.9,OK
2023-01-12 17:00:00,Compressor_C,Drive_End,2.745,5.08,38.13,2988.6,56.6,OK
2023-01-12 18:00:00,Compressor_C,Drive_End,4.111,5.578,46.01,3014.3,79.5,OK
2023-01-12 19:00:00,Compressor_C,Drive_End,5.786,9.048,54.07,3000.7,100.0,OK
2023-01-12 20:00:00,Compressor_C,Drive_End,4.112,8.408,47.7,2991.5,80.8,OK
2023-01-12 21:00:00,Compressor_C,Drive_End,5.289,8.483,53.94,2993.8,92.9,OK
2023-01-12 22:00:00,Compressor_C,Drive_End,5.178,7.265,52.25,2985.2,100.0,OK
2023-01-12 23:00:00,Compressor_C,Drive_End,4.906,8.311,49.48,2994.3,84.9,OK
2023-01-13 00:00:00,Compressor_C,Drive_End,5.31,6.96,53.31,3014.9,100.0,OK
2023-01-13 01:00:00,Compressor_C,Drive_End,3.638,5.488,43.93,3002.1,70.3,OK
2023-01-13 02:00:00,Compressor_C,Drive_End,3.021,4.631,41.12,3004.1,61.8,OK
2023-01-13 03:00:00,Compressor_C,Drive_End,3.074,4.354,41.16,2997.2,61.6,OK
2023-01-13 04:00:00,Compressor_C,Drive_End,3.41,5.661,42.12,2994.4,69.2,OK
2023-01-13 05:00:00,Compressor_C,Drive_End,4.599,7.455,50.8,3019.8,86.9,OK
2023-01-13 06:00:00,Compressor_C,Drive_End,5.253,7.236,51.68,2999.8,95.4,OK
2023-01-13 07:00:00,Compressor_C,Drive_End,3.493,4.826,42.13,3022.4,70.9,OK
2023-01-13 08:00:00,Compressor_C,Drive_End,4.921,7.717,48.85,3001.4,88.4,OK
2023-01-13 09:00:00,Compressor_C,Drive_End,3.433,5.743,42.26,3013.7,67.9,OK
2023-01-13 10:00:00,Compressor_C,Drive_End,3.135,4.42,41.39,2997.0,65.5,OK
2023-01-13 11:00:00,Compressor_C,Drive_End,4.657,6.692,48.78,2984.1,87.7,OK
2023-01-13 12:00:00,Compressor_C,Drive_End,4.596,7.488,49.32,2994.5,82.0,OK
2023-01-13 13:00:00,Compressor_C,Drive_End,3.771,5.581,43.58,2990.4,72.6,OK
2023-01-13 14:00:00,Compressor_C,Drive_End,3.061,4.936,41.04,2999.6,62.4,OK
2023-01-13 15:00:00,Compressor_C,Drive_End,5.271,7.543,51.51,2987.4,96.5,OK
2023-01-13 16:00:00,Compressor_C,Drive_End,3.74,6.392,44.86,3010.7,73.6,OK
2023-01-13 17:00:00,Compressor_C,Drive_End,3.934,5.435,46.76,3011.6,74.1,OK
2023-01-13 18:00:00,Compressor_C,Drive_End,4.262,6.983,48.2,3000.2,83.9,OK
2023-01-13 19:00:00,Compressor_C,Drive_End,4.933,7.856,49.8,2994.9,89.4,OK
2023-01-13 20:00:00,Compressor_C,Drive_End,2.61,3.991,38.08,3005.8,58.7,OK
2023-01-13 21:00:00,Compressor_C,Drive_End,5.518,8.02,54.7,2996.1,98.3,OK
2023-01-13 22:00:00,Compressor_C,Drive_End,5.458,9.562,53.96,2989.3,100.0,OK
2023-01-13 23:00:00,Compressor_C,Drive_End,4.264,5.542,48.23,3007.9,80.9,OK
2023-01-14 00:00:00,Compressor_C,Drive_End,2.639,3.78,36.14,2995.8,50.0,OK
2023-01-14 01:00:00,Compressor_C,Drive_End,4.747,7.258,50.57,2991.5,93.2,OK
2023-01-14 02:00:00,Compressor_C,Drive_End,3.174,4.581,40.16,3006.4,61.3,OK
2023-01-14 03:00:00,Compressor_C,Drive_End,4.567,7.178,49.64,3011.9,87.1,OK
2023-01-14 04:00:00,Compressor_C,Drive_End,4.809,6.982,51.25,3000.4,93.2,OK
2023-01-14 05:00:00,Compressor_C,Drive_End,5.561,8.177,54.26,2995.2,100.0,OK
2023-01-14 06:00:00,Compressor_C,Drive_End,5.152,7.441,54.39,3007.6,100.0,OK
2023-01-14 07:00:00,Compressor_C,Drive_End,4.164,6.598,48.08,2988.5,82.1,OK
2023-01-14 08:00:00,Compressor_C,Drive_End,4.381,6.45,46.44,3024.8,80.3,OK
2023-01-14 09:00:00,Compressor_C,Drive_End,3.225,5.674,42.85,3003.4,65.4,OK
2023-01-14 10:00:00,Compressor_C,Drive_End,4.635,7.581,49.17,2988.2,89.5,OK
2023-01-14 11:00:00,Compressor_C,Drive_End,5.22,7.479,52.57,3004.7,96.8,OK
2023-01-14 12:00:00,Compressor_C,Drive_End,4.194,6.159,47.35,3010.3,82.8,OK
2023-01-14 13:00:00,Compressor_C,Drive_End,4.533,7.137,48.05,2990.9,89.9,OK
2023-01-14 14:00:00,Compressor_C,Drive_End,5.047,7.33,53.1,2998.4,99.3,OK
2023-01-14 15:00:00,Compressor_C,Drive_End,3.869,5.702,43.39,3000.2,72.0,OK
2023-01-14 16:00:00,Compressor_C,Drive_End,4.268,5.392,47.11,3014.1,75.5,OK
2023-01-14 17:00:00,Compressor_C,Drive_End,4.315,5.588,48.37,3009.2,83.8,OK
2023-01-14 18:00:00,Compressor_C,Drive_End,3.089,4.935,41.29,2986.1,65.9,OK
2023-01-14 19:00:00,Compressor_C,Drive_End,4.82,7.195,50.14,3006.7,91.7,OK
2023-01-14 20:00:00,Compressor_C,Drive_End,4.089,6.671,45.02,2990.3,76.8,OK
2023-01-14 21:00:00,Compressor_C,Drive_End,5.401,7.252,51.79,3001.1,99.2,OK
2023-01-14 22:00:00,Compressor_C,Drive_End,4.195,7.128,47.91,3007.9,82.2,OK
2023-01-14 23:00:00,Compressor_C,Drive_End,3.878,5.196,43.75,3000.3,66.4,OK
2023-01-15 00:00:00,Compressor_C,Drive_End,4.163,6.051,46.81,3007.1,75.2,OK
2023-01-15 01:00:00,Compressor_C,Drive_End,5.557,8.04,54.16,3000.7,100.0,OK
2023-01-15 02:00:00,Compressor_C,Drive_End,4.282,6.368,47.96,3008.0,77.3,OK
2023-01-15 03:00:00,Compressor_C,Drive_End,5.297,7.639,52.68,3008.5,100.0,OK
2023-01-15 04:00:00,Compressor_C,Drive_End,5.19,7.244,52.9,2987.9,94.2,OK
2023-01-15 05:00:00,Compressor_C,Drive_End,4.444,7.383,48.87,3013.3,80.3,OK
2023-01-15 06:00:00,Compressor_C,Drive_End,4.119,5.135,45.89,2988.4,82.2,OK
2023-01-15 07:00:00,Compressor_C,Drive_End,4.226,6.585,46.72,2994.4,81.0,OK
2023-01-15 08:00:00,Compressor_C,Drive_End,3.011,4.381,41.75,2999.5,63.2,OK
2023-01-15 09:00:00,Compressor_C,Drive_End,4.243,6.075,44.93,3017.7,75.9,OK
2023-01-15 10:00:00,Compressor_C,Drive_End,4.055,6.536,47.44,3011.5,79.2,OK
2023-01-15 11:00:00,Compressor_C,Drive_End,3.646,5.545,42.36,2993.2,68.4,OK
2023-01-15 12:00:00,Compressor_C,Drive_End,3.57,5.738,43.64,2999.3,74.7,OK
2023-01-15 13:00:00,Compressor_C,Drive_End,1.652,3.322,31.79,2999.8,40.0,OK
2023-01-15 14:00:00,Compressor_C,Drive_End,3.08,4.23,41.17,3005.1,63.5,OK
2023-01-15 15:00:00,Compressor_C,Drive_End,3.609,5.703,41.89,2985.4,64.4,OK
2023-01-15 16:00:00,Compressor_C,Drive_End,4.392,6.209,47.58,3005.1,79.9,OK
2023-01-15 17:00:00,Compressor_C,Drive_End,3.776,5.661,44.91,2998.1,72.4,OK
2023-01-15 18:00:00,Compressor_C,Drive_End,4.367,6.365,50.46,2984.9,87.3,OK
2023-01-15 19:00:00,Compressor_C,Drive_End,3.326,4.712,42.19,2997.9,67.2,OK
2023-01-15 20:00:00,Compressor_C,Drive_End,5.239,9.236,53.43,3004.6,100.0,OK
2023-01-15 21:00:00,Compressor_C,Drive_End,3.587,6.211,42.61,3014.1,71.3,OK
2023-01-15 22:00:00,Compressor_C,Drive_End,5.658,9.438,53.26,3002.0,100.0,OK
2023-01-15 23:00:00,Compressor_C,Drive_End,5.139,7.306,53.43,2985.9,99.1,OK
2023-01-16 00:00:00,Compressor_C,Drive_End,4.259,6.684,47.66,2998.3,80.5,OK
2023-01-16 01:00:00,Compressor_C,Drive_End,5.18,7.51,53.1,3018.2,96.4,OK
2023-01-16 02:00:00,Compressor_C,Drive_End,3.37,4.993,40.03,2993.2,62.8,OK
2023-01-16 03:00:00,Compressor_C,Drive_End,3.088,5.196,39.61,3000.5,57.7,OK
2023-01-16 04:00:00,Compressor_C,Drive_End,5.372,6.775,53.23,2999.0,100.0,OK
2023-01-16 05:00:00,Compressor_C,Drive_End,4.801,7.432,51.85,3015.6,92.8,OK
2023-01-16 06:00:00,Compressor_C,Drive_End,4.26,6.77,45.99,2977.2,80.2,OK
2023-01-16 07:00:00,Compressor_C,Drive_End,3.457,5.699,44.13,2988.4,76.2,OK
2023-01-16 08:00:00,Compressor_C,Drive_End,5.329,7.952,54.14,3008.6,100.0,OK
2023-01-16 09:00:00,Compressor_C,Drive_End,5.291,7.789,51.38,3003.2,94.5,OK
2023-01-16 10:00:00,Compressor_C,Drive_End,3.901,5.184,46.26,3002.1,79.0,OK
2023-01-16 11:00:00,Compressor_C,Drive_End,3.762,6.404,45.7,2998.3,73.9,OK
2023-01-16 12:00:00,Compressor_C,Drive_End,3.256,5.186,40.64,2994.7,61.4,OK
2023-01-16 13:00:00,Compressor_C,Drive_End,3.073,4.748,42.22,2993.2,62.9,OK
2023-01-16 14:00:00,Compressor_C,Drive_End,3.56,5.856,41.64,2989.7,69.7,OK
2023-01-16 15:00:00,Compressor_C,Drive_End,5.253,7.08,54.09,2998.3,100.0,OK
2023-01-16 16:00:00,Compressor_C,Drive_End,3.866,5.639,44.91,3001.7,77.4,OK
2023-01-16 17:00:00,Compressor_C,Drive_End,3.803,7.068,44.09,2993.3,78.5,OK
2023-01-16 18:00:00,Compressor_C,Drive_End,3.964,5.995,46.88,2982.3,82.7,OK
2023-01-16 19:00:00,Compressor_C,Drive_End,5.305,7.483,54.8,3004.0,98.9,OK
2023-01-16 20:00:00,Compressor_C,Drive_End,5.044,7.637,51.3,2987.5,93.9,OK
2023-01-16 21:00:00,Compressor_C,Drive_End,4.857,7.144,52.21,3008.3,91.6,OK
2023-01-16 22:00:00,Compressor_C,Drive_End,4.714,7.243,51.53,3000.7,94.0,OK
2023-01-16 23:00:00,Compressor_C,Drive_End,1.717,2.465,31.63,3002.5,40.0,OK
2023-01-17 00:00:00,Compressor_C,Drive_End,3.977,6.449,44.94,3013.9,77.8,OK
2023-01-17 01:00:00,Compressor_C,Drive_End,4.953,7.434,51.55,3000.0,91.4,OK
2023-01-17 02:00:00,Compressor_C,Drive_End,1.973,1.937,32.95,2985.8,41.5,OK
2023-01-17 03:00:00,Compressor_C,Drive_End,4.013,6.155,47.13,2991.7,79.2,OK
2023-01-17 04:00:00,Compressor_C,Drive_End,3.191,3.576,41.49,2994.2,65.6,OK
2023-01-17 05:00:00,Compressor_C,Drive_End,4.867,6.675,51.24,3010.2,94.0,OK
2023-01-17 06:00:00,Compressor_C,Drive_End,5.004,8.077,50.51,3001.5,92.4,OK
2023-01-17 07:00:00,Compressor_C,Drive_End,3.963,5.31,44.83,3016.3,76.7,OK
2023-01-17 08:00:00,Compressor_C,Drive_End,3.176,4.9,40.64,3003.6,65.9,OK
2023-01-17 09:00:00,Compressor_C,Drive_End,2.319,3.737,35.0,3003.1,48.1,OK
2023-01-17 10:00:00,Compressor_C,Drive_End,3.802,5.709,43.84,3004.0,68.3,OK
2023-01-17 11:00:00,Compressor_C,Drive_End,4.104,6.61,46.26,2984.6,75.2,OK
2023-01-17 12:00:00,Compressor_C,Drive_End,4.215,7.133,47.23,3006.0,77.3,OK
2023-01-17 13:00:00,Compressor_C,Drive_End,4.289,6.561,47.87,2986.9,81.0,OK
2023-01-17 14:00:00,Compressor_C,Drive_End,5.82,7.851,55.22,2999.0,100.0,OK
2023-01-17 15:00:00,Compressor_C,Drive_End,3.441,4.433,42.3,2980.9,68.0,OK
2023-01-17 16:00:00,Compressor_C,Drive_End,3.93,6.349,46.28,3011.2,80.5,OK
2023-01-17 17:00:00,Compressor_C,Drive_End,4.86,6.681,50.19,2995.7,95.4,OK
2023-01-17 18:00:00,Compressor_C,Drive_End,4.517,7.09,47.45,3014.8,87.2,OK
2023-01-17 19:00:00,Compressor_C,Drive_End,4.073,6.007,47.69,3006.7,82.7,OK
2023-01-17 20:00:00,Compressor_C,Drive_End,1.871,3.164,32.51,3013.4,40.0,OK
2023-01-17 21:00:00,Compressor_C,Drive_End,2.633,3.966,38.75,3005.3,54.2,OK
2023-01-17 22:00:00,Compressor_C,Drive_End,4.917,7.029,50.64,3019.2,91.4,OK
2023-01-17 23:00:00,Compressor_C,Drive_End,4.281,6.425,49.81,3010.2,86.2,OK
2023-01-18 00:00:00,Compressor_C,Drive_End,4.082,6.602,44.93,3009.3,76.4,OK
2023-01-18 01:00:00,Compressor_C,Drive_End,3.169,4.618,42.01,3000.2,67.9,OK
2023-01-18 02:00:00,Compressor_C,Drive_End,5.525,8.87,53.1,3004.0,100.0,OK
2023-01-18 03:00:00,Compressor_C,Drive_End,4.036,6.612,46.81,3024.3,77.5,OK
2023-01-18 04:00:00,Compressor_C,Drive_End,2.899,4.514,38.31,3003.1,57.8,OK
2023-01-18 05:00:00,Compressor_C,Drive_End,3.175,5.355,42.65,2995.2,63.2,OK
2023-01-18 06:00:00,Compressor_C,Drive_End,5.199,7.594,53.46,3008.6,100.0,OK
2023-01-18 07:00:00,Compressor_C,Drive_End,3.775,5.93,44.82,3005.8,70.5,OK
2023-01-18 08:00:00,Compressor_C,Drive_End,3.247,4.4,42.19,3009.3,66.4,OK
2023-01-18 09:00:00,Compressor_C,Drive_End,5.298,8.103,53.28,3004.9,98.2,OK
2023-01-18 10:00:00,Compressor_C,Drive_End,3.171,4.796,40.81,2987.6,63.1,OK
2023-01-18 11:00:00,Compressor_C,Drive_End,4.921,7.309,52.4,2997.8,90.1,OK
2023-01-18 12:00:00,Compressor_C,Drive_End,4.343,6.408,46.45,3023.4,81.2,OK
2023-01-18 13:00:00,Compressor_C,Drive_End,2.725,4.286,38.21,2990.1,58.4,OK
2023-01-18 14:00:00,Compressor_C,Drive_End,4.351,7.566,46.51,3012.8,82.8,OK
2023-01-18 15:00:00,Compressor_C,Drive_End,4.252,5.258,44.98,2994.6,77.7,OK
2023-01-18 16:00:00,Compressor_C,Drive_End,4.149,5.547,45.1,3015.5,78.4,OK
2023-01-18 17:00:00,Compressor_C,Drive_End,5.211,8.556,54.29,2993.8,100.0,OK
2023-01-18 18:00:00,Compressor_C,Drive_End,5.042,7.629,53.01,2990.5,99.1,OK
2023-01-18 19:00:00,Compressor_C,Drive_End,4.181,6.702,46.7,3014.8,85.5,OK
2023-01-18 20:00:00,Compressor_C,Drive_End,4.807,6.906,49.39,2995.3,92.8,OK
2023-01-18 21:00:00,Compressor_C,Drive_End,4.394,6.91,49.04,2992.3,80.6,OK
2023-01-18 22:00:00,Compressor_C,Drive_End,4.81,6.901,47.89,3005.2,85.5,OK
2023-01-18 23:00:00,Compressor_C,Drive_End,4.871,8.034,51.19,2985.8,83.0,OK
2023-01-19 00:00:00,Compressor_C,Drive_End,4.164,6.688,45.63,3005.5,80.9,OK
2023-01-19 01:00:00,Compressor_C,Drive_End,1.62,3.169,34.49,2992.1,41.9,OK
2023-01-19 02:00:00,Compressor_C,Drive_End,3.128,3.907,39.47,3012.9,59.0,OK
2023-01-19 03:00:00,Compressor_C,Drive_End,3.432,5.099,42.4,3007.5,71.3,OK
2023-01-19 04:00:00,Compressor_C,Drive_End,4.519,6.672,51.0,2997.8,87.1,OK
2023-01-19 05:00:00,Compressor_C,Drive_End,3.941,5.84,43.44,2989.6,73.7,OK
2023-01-19 06:00:00,Compressor_C,Drive_End,5.324,8.067,55.29,2996.5,100.0,OK
2023-01-19 07:00:00,Compressor_C,Drive_End,3.106,4.723,37.74,3002.8,54.8,OK
2023-01-19 08:00:00,Compressor_C,Drive_End,3.91,5.695,45.0,3002.1,70.7,OK
2023-01-19 09:00:00,Compressor_C,Drive_End,2.812,4.936,39.04,2985.6,58.5,OK
2023-01-19 10:00:00,Compressor_C,Drive_End,4.683,6.719,49.51,3002.8,84.3,OK
2023-01-19 11:00:00,Compressor_C,Drive_End,3.292,4.497,42.54,3019.8,67.5,OK
2023-01-19 12:00:00,Compressor_C,Drive_End,4.317,5.931,48.9,3003.3,81.2,OK
2023-01-19 13:00:00,Compressor_C,Drive_End,4.899,7.556,51.37,3013.6,93.4,OK
2023-01-19 14:00:00,Compressor_C,Drive_End,5.254,7.122,54.55,3011.6,96.9,OK
2023-01-19 15:00:00,Compressor_C,Drive_End,4.782,6.417,50.93,2993.9,88.3,OK
2023-01-19 16:00:00,Compressor_C,Drive_End,2.925,4.907,39.25,2997.8,57.9,OK
2023-01-19 17:00:00,Compressor_C,Drive_End,4.765,7.19,49.88,2999.7,89.5,OK
2023-01-19 18:00:00,Compressor_C,Drive_End,2.731,3.972,37.86,2992.3,54.7,OK
2023-01-19 19:00:00,Compressor_C,Drive_End,3.81,5.562,44.81,2991.4,75.1,OK
2023-01-19 20:00:00,Compressor_C,Drive_End,4.348,5.823,50.9,2998.2,85.9,OK
2023-01-19 21:00:00,Compressor_C,Drive_End,3.287,5.11,41.6,2994.8,63.1,OK
2023-01-19 22:00:00,Compressor_C,Drive_End,3.814,5.565,44.7,3002.4,73.4,OK
2023-01-19 23:00:00,Compressor_C,Drive_End,5.147,8.254,53.24,2999.8,95.8,OK
2023-01-20 00:00:00,Compressor_C,Drive_End,5.581,8.672,53.32,2982.4,100.0,OK
2023-01-20 01:00:00,Compressor_C,Drive_End,4.261,6.612,48.53,3010.5,83.8,OK
2023-01-20 02:00:00,Compressor_C,Drive_End,3.296,4.546,40.4,2998.6,63.9,OK
2023-01-20 03:00:00,Compressor_C,Drive_End,4.207,5.88,47.02,3008.0,78.0,OK
2023-01-20 04:00:00,Compressor_C,Drive_End,3.374,5.623,42.83,2983.9,67.5,OK
2023-01-20 05:00:00,Compressor_C,Drive_End,4.121,6.235,45.48,2995.8,80.0,OK
2023-01-20 06:00:00,Compressor_C,Drive_End,3.616,5.006,44.66,2997.8,74.8,OK
2023-01-20 07:00:00,Compressor_C,Drive_End,4.026,6.828,45.51,2996.9,80.1,OK
2023-01-20 08:00:00,Compressor_C,Drive_End,4.434,6.879,46.72,2995.1,83.8,OK
2023-01-20 09:00:00,Compressor_C,Drive_End,4.546,6.755,47.64,3011.9,79.9,OK
2023-01-20 10:00:00,Compressor_C,Drive_End,5.277,7.605,54.4,3011.3,100.0,OK
2023-01-20 11:00:00,Compressor_C,Drive_End,3.357,5.294,41.35,3010.9,64.8,OK
2023-01-20 12:00:00,Compressor_C,Drive_End,3.584,5.17,43.24,3014.6,70.6,OK
2023-01-20 13:00:00,Compressor_C,Drive_End,4.261,6.082,48.33,2989.7,82.9,OK
2023-01-20 14:00:00,Compressor_C,Drive_End,3.009,3.779,42.48,2982.4,66.7,OK
2023-01-20 15:00:00,Compressor_C,Drive_End,4.322,6.511,47.03,3005.0,80.2,OK
2023-01-20 16:00:00,Compressor_C,Drive_End,5.42,8.44,52.32,3001.5,95.7,OK
2023-01-20 17:00:00,Compressor_C,Drive_End,3.996,5.792,43.95,2992.7,72.5,OK
2023-01-20 18:00:00,Compressor_C,Drive_End,4.547,7.765,49.49,2999.0,84.8,OK
2023-01-20 19:00:00,Compressor_C,Drive_End,4.124,6.542,45.47,2985.9,80.4,OK
2023-01-20 20:00:00,Compressor_C,Drive_End,5.41,7.781,54.27,3000.1,100.0,OK
2023-01-20 21:00:00,Compressor_C,Drive_End,3.421,5.624,39.94,3021.6,62.6,OK
2023-01-20 22:00:00,Compressor_C,Drive_End,4.503,6.254,47.47,3012.1,83.1,OK
2023-01-20 23:00:00,Compressor_C,Drive_End,4.099,5.188,45.8,2994.0,73.2,OK
2023-01-21 00:00:00,Compressor_C,Drive_End,2.635,3.678,40.47,2990.4,60.6,OK
2023-01-21 01:00:00,Compressor_C,Drive_End,4.642,7.578,48.75,2988.0,84.0,OK
2023-01-21 02:00:00,Compressor_C,Drive_End,5.537,7.903,54.72,3008.2,100.0,OK
2023-01-21 03:00:00,Compressor_C,Drive_End,4.258,6.451,46.73,3005.2,83.3,OK
2023-01-21 04:00:00,Compressor_C,Drive_End,1.967,3.004,35.06,3010.0,47.8,OK
2023-01-21 05:00:00,Compressor_C,Drive_End,4.548,7.058,49.34,2997.2,84.9,OK
2023-01-21 06:00:00,Compressor_C,Drive_End,5.413,7.666,54.22,3002.3,100.0,OK
2023-01-21 07:00:00,Compressor_C,Drive_End,4.91,7.218,51.2,2998.1,90.0,OK
2023-01-21 08:00:00,Compressor_C,Drive_End,5.045,7.047,50.99,3009.0,93.7,OK
2023-01-21 09:00:00,Compressor_C,Drive_End,4.667,7.229,49.15,3024.5,88.9,OK
2023-01-21 10:00:00,Compressor_C,Drive_End,2.907,5.037,38.37,2993.2,65.4,OK
2023-01-21 11:00:00,Compressor_C,Drive_End,3.786,6.367,45.12,2988.2,76.0,OK
2023-01-21 12:00:00,Compressor_C,Drive_End,3.178,4.745,41.47,2994.1,65.5,OK
2023-01-21 13:00:00,Compressor_C,Drive_End,5.393,7.932,54.68,2980.8,100.0,OK
2023-01-21 14:00:00,Compressor_C,Drive_End,4.588,6.417,50.0,3005.9,85.3,OK
2023-01-21 15:00:00,Compressor_C,Drive_End,5.171,7.966,53.06,3009.2,92.0,OK
2023-01-21 16:00:00,Compressor_C,Drive_End,4.539,6.796,48.21,2997.8,85.7,OK
2023-01-21 17:00:00,Compressor_C,Drive_End,5.419,8.323,56.78,3003.0,100.0,OK
2023-01-21 18:00:00,Compressor_C,Drive_End,2.905,4.242,40.36,2991.5,63.0,OK
2023-01-21 19:00:00,Compressor_C,Drive_End,3.81,5.463,44.69,2994.6,73.0,OK
2023-01-21 20:00:00,Compressor_C,Drive_End,5.379,8.611,53.32,3006.8,96.7,OK
2023-01-21 21:00:00,Compressor_C,Drive_End,3.979,5.707,46.45,2992.3,77.6,OK
2023-01-21 22:00:00,Compressor_C,Drive_End,4.28,7.136,47.56,3007.0,85.2,OK
2023-01-21 23:00:00,Compressor_C,Drive_End,3.707,5.366,41.89,2995.6,63.5,OK
2023-01-22 00:00:00,Compressor_C,Drive_End,3.871,5.878,46.43,2998.5,77.1,OK
2023-01-22 01:00:00,Compressor_C,Drive_End,4.414,6.345,48.28,2988.9,84.7,OK
2023-01-22 02:00:00,Compressor_C,Drive_End,5.38,8.958,54.57,2998.5,100.0,OK
2023-01-22 03:00:00,Compressor_C,Drive_End,4.815,6.229,50.84,3019.6,88.6,OK
2023-01-22 04:00:00,Compressor_C,Drive_End,2.424,3.403,37.17,3004.5,56.1,OK
2023-01-22 05:00:00,Compressor_C,Drive_End,3.713,5.213,43.77,2996.5,68.4,OK
2023-01-22 06:00:00,Compressor_C,Drive_End,3.396,4.595,40.53,2998.1,65.5,OK
2023-01-22 07:00:00,Compressor_C,Drive_End,4.627,6.712,49.45,3011.2,87.4,OK
2023-01-22 08:00:00,Compressor_C,Drive_End,3.744,5.082,44.93,3002.4,80.8,OK
2023-01-22 09:00:00,Compressor_C,Drive_End,4.463,6.823,46.56,3001.9,82.3,OK
2023-01-22 10:00:00,Compressor_C,Drive_End,5.148,7.889,52.53,3012.7,100.0,OK
2023-01-22 11:00:00,Compressor_C,Drive_End,4.751,7.502,48.84,3010.5,82.1,OK
2023-01-22 12:00:00,Compressor_C,Drive_End,4.166,6.227,44.76,3001.8,74.9,OK
2023-01-22 13:00:00,Compressor_C,Drive_End,2.792,3.865,39.4,3005.1,55.7,OK
2023-01-22 14:00:00,Compressor_C,Drive_End,3.817,5.55,44.76,2998.7,73.7,OK
2023-01-22 15:00:00,Compressor_C,Drive_End,5.334,8.087,53.19,2988.6,97.3,OK
2023-01-22 16:00:00,Compressor_C,Drive_End,5.081,7.979,51.06,3000.5,93.1,OK
2023-01-22 17:00:00,Compressor_C,Drive_End,4.443,6.503,48.73,2997.5,84.5,OK
2023-01-22 18:00:00,Compressor_C,Drive_End,4.27,5.603,47.2,3003.9,81.2,OK
2023-01-22 19:00:00,Compressor_C,Drive_End,4.138,5.61,47.41,3002.4,81.0,OK
2023-01-22 20:00:00,Compressor_C,Drive_End,3.897,5.843,44.72,3001.7,75.9,OK
2023-01-22 21:00:00,Compressor_C,Drive_End,3.208,4.894,41.78,3004.7,65.5,OK
2023-01-22 22:00:00,Compressor_C,Drive_End,4.157,5.972,45.51,2988.0,71.2,OK
2023-01-22 23:00:00,Compressor_C,Drive_End,5.34,7.976,52.77,3007.9,100.0,OK
2023-01-23 00:00:00,Compressor_C,Drive_End,4.891,6.815,49.8,3005.7,93.2,OK
2023-01-23 01:00:00,Compressor_C,Drive_End,5.131,7.285,50.57,3001.2,94.8,OK
2023-01-23 02:00:00,Compressor_C,Drive_End,5.248,7.679,52.02,3000.4,94.4,OK
2023-01-23 03:00:00,Compressor_C,Drive_End,5.001,7.355,51.51,3007.3,90.7,OK
2023-01-23 04:00:00,Compressor_C,Drive_End,5.095,8.315,51.66,2999.0,96.6,OK
2023-01-23 05:00:00,Compressor_C,Drive_End,4.398,7.162,46.38,2999.4,89.4,OK
2023-01-23 06:00:00,Compressor_C,Drive_End,2.52,3.461,36.74,3005.3,50.2,OK
2023-01-23 07:00:00,Compressor_C,Drive_End,1.972,2.935,33.61,3007.1,42.0,OK
2023-01-23 08:00:00,Compressor_C,Drive_End,4.269,7.502,49.6,2999.7,87.4,OK
2023-01-23 09:00:00,Compressor_C,Drive_End,2.996,5.034,37.73,2996.5,60.7,OK
2023-01-23 10:00:00,Compressor_C,Drive_End,3.694,5.305,44.07,2982.4,72.5,OK
2023-01-23 11:00:00,Compressor_C,Drive_End,3.78,5.897,44.44,2992.5,70.9,OK
2023-01-23 12:00:00,Compressor_C,Drive_End,4.017,6.276,43.59,2994.3,77.3,OK
2023-01-23 13:00:00,Compressor_C,Drive_End,4.567,6.776,46.28,3003.1,85.9,OK
2023-01-23 14:00:00,Compressor_C,Drive_End,3.807,5.556,44.46,3017.9,73.4,OK
2023-01-23 15:00:00,Compressor_C,Drive_End,4.474,6.923,50.17,3006.6,85.3,OK
2023-01-23 16:00:00,Compressor_C,Drive_End,4.974,8.3,50.91,3023.4,95.1,OK
2023-01-23 17:00:00,Compressor_C,Drive_End,4.416,6.668,49.26,3007.3,85.3,OK
2023-01-23 18:00:00,Compressor_C,Drive_End,3.284,5.896,43.33,3016.7,69.3,OK
2023-01-23 19:00:00,Compressor_C,Drive_End,4.018,5.959,45.98,2996.0,78.7,OK
2023-01-23 20:00:00,Compressor_C,Drive_End,5.37,7.632,52.89,3019.7,98.8,OK
2023-01-23 21:00:00,Compressor_C,Drive_End,3.799,6.748,45.5,2989.7,77.3,OK
2023-01-23 22:00:00,Compressor_C,Drive_End,3.215,4.274,40.98,3008.2,67.5,OK
2023-01-23 23:00:00,Compressor_C,Drive_End,4.912,7.973,52.22,2997.5,100.0,OK
2023-01-24 00:00:00,Compressor_C,Drive_End,2.64,4.162,39.1,2996.8,52.3,OK
2023-01-24 01:00:00,Compressor_C,Drive_End,3.293,4.168,42.81,3000.5,67.2,OK
2023-01-24 02:00:00,Compressor_C,Drive_End,4.702,6.711,48.39,3002.8,86.9,OK
2023-01-24 03:00:00,Compressor_C,Drive_End,4.555,7.231,47.78,3011.6,80.6,OK
2023-01-24 04:00:00,Compressor_C,Drive_End,4.238,6.369,46.32,3000.1,84.0,OK
2023-01-24 05:00:00,Compressor_C,Drive_End,4.253,5.918,46.44,3016.4,78.1,OK
2023-01-24 06:00:00,Compressor_C,Drive_End,3.657,5.812,45.37,2999.4,67.5,OK
2023-01-24 07:00:00,Compressor_C,Drive_End,5.409,8.012,52.22,3002.0,97.9,OK
2023-01-24 08:00:00,Compressor_C,Drive_End,5.327,8.127,54.73,3010.1,99.6,OK
2023-01-24 09:00:00,Compressor_C,Drive_End,5.01,7.432,52.43,2985.4,92.7,OK
2023-01-24 10:00:00,Compressor_C,Drive_End,4.904,6.964,52.72,3013.2,95.5,OK
2023-01-24 11:00:00,Compressor_C,Drive_End,3.774,5.387,45.7,2984.8,71.1,OK
2023-01-24 12:00:00,Compressor_C,Drive_End,4.393,7.384,48.48,3001.6,84.4,OK
2023-01-24 13:00:00,Compressor_C,Drive_End,3.818,5.238,45.6,2992.1,73.9,OK
2023-01-24 14:00:00,Compressor_C,Drive_End,2.695,4.213,36.84,2998.6,52.9,OK
2023-01-24 15:00:00,Compressor_C,Drive_End,4.79,7.511,50.67,2991.1,89.9,OK
2023-01-24 16:00:00,Compressor_C,Drive_End,3.61,5.786,44.78,3012.0,69.9,OK
2023-01-24 17:00:00,Compressor_C,Drive_End,5.244,8.263,52.93,3011.2,96.8,OK
2023-01-24 18:00:00,Compressor_C,Drive_End,3.163,5.036,40.4,3003.0,61.9,OK
2023-01-24 19:00:00,Compressor_C,Drive_End,3.252,5.607,41.86,3006.6,68.6,OK
2023-01-24 20:00:00,Compressor_C,Drive_End,4.539,6.104,49.16,3005.6,83.7,OK
2023-01-24 21:00:00,Compressor_C,Drive_End,4.323,6.317,46.67,2993.6,84.5,OK
2023-01-24 22:00:00,Compressor_C,Drive_End,5.49,8.124,53.78,3014.9,100.0,OK
2023-01-24 23:00:00,Compressor_C,Drive_End,4.768,6.593,51.99,3017.6,91.4,OK
2023-01-25 00:00:00,Compressor_C,Drive_End,2.542,3.033,38.36,2989.9,53.2,OK
2023-01-25 01:00:00,Compressor_C,Drive_End,5.227,8.565,51.78,2994.3,92.9,OK
2023-01-25 02:00:00,Compressor_C,Drive_End,3.939,6.036,46.11,3022.6,73.2,OK
2023-01-25 03:00:00,Compressor_C,Drive_End,4.488,7.251,46.38,2994.9,84.5,OK
2023-01-25 04:00:00,Compressor_C,Drive_End,3.838,6.531,46.4,3013.8,75.7,OK
2023-01-25 05:00:00,Compressor_C,Drive_End,4.084,7.458,48.14,2994.3,79.0,OK
2023-01-25 06:00:00,Compressor_C,Drive_End,4.336,6.626,46.22,2993.9,81.9,OK
2023-01-25 07:00:00,Compressor_C,Drive_End,3.912,6.282,47.65,3013.2,81.2,OK
2023-01-25 08:00:00,Compressor_C,Drive_End,3.557,5.557,43.16,3016.9,71.6,OK
2023-01-25 09:00:00,Compressor_C,Drive_End,4.063,6.52,45.42,2993.8,75.4,OK
2023-01-25 10:00:00,Compressor_C,Drive_End,3.06,4.482,41.69,3004.0,59.6,OK
2023-01-25 11:00:00,Compressor_C,Drive_End,2.646,4.325,37.12,2977.8,56.5,OK
2023-01-25 12:00:00,Compressor_C,Drive_End,3.41,5.303,42.61,3009.5,65.3,OK
2023-01-25 13:00:00,Compressor_C,Drive_End,3.979,5.296,42.78,2996.2,73.6,OK
2023-01-25 14:00:00,Compressor_C,Drive_End,3.861,6.22,42.59,3009.3,73.5,OK
2023-01-25 15:00:00,Compressor_C,Drive_End,4.214,6.752,47.62,3006.5,84.7,OK
2023-01-25 16:00:00,Compressor_C,Drive_End,5.674,8.314,52.82,2978.2,100.0,OK
2023-01-25 17:00:00,Compressor_C,Drive_End,3.933,6.761,45.92,3002.8,72.1,OK
2023-01-25 18:00:00,Compressor_C,Drive_End,3.409,4.787,41.67,3011.3,65.5,OK
2023-01-25 19:00:00,Compressor_C,Drive_End,3.415,4.609,43.14,3000.4,69.4,OK
2023-01-25 20:00:00,Compressor_C,Drive_End,5.039,7.429,50.43,2998.1,89.4,OK
2023-01-25 21:00:00,Compressor_C,Drive_End,4.811,5.957,50.28,2998.7,89.9,OK
2023-01-25 22:00:00,Compressor_C,Drive_End,2.288,2.911,35.94,2987.8,52.6,OK
2023-01-25 23:00:00,Compressor_C,Drive_End,3.807,4.759,44.39,3006.6,72.7,OK
2023-01-26 00:00:00,Compressor_C,Drive_End,4.474,6.807,49.15,2996.7,84.8,OK
2023-01-26 01:00:00,Compressor_C,Drive_End,3.084,5.335,40.09,2997.6,56.4,OK
2023-01-26 02:00:00,Compressor_C,Drive_End,5.067,7.536,49.56,3016.5,88.1,OK
2023-01-26 03:00:00,Compressor_C,Drive_End,3.643,5.229,43.13,3031.0,75.9,OK
2023-01-26 04:00:00,Compressor_C,Drive_End,4.291,5.461,47.97,2988.0,81.9,OK
2023-01-26 05:00:00,Compressor_C,Drive_End,5.273,7.828,53.28,2996.2,98.3,OK
2023-01-26 06:00:00,Compressor_C,Drive_End,4.412,6.211,46.86,3007.7,79.4,OK
2023-01-26 07:00:00,Compressor_C,Drive_End,4.617,7.039,50.99,2985.8,93.5,OK
2023-01-26 08:00:00,Compressor_C,Drive_End,3.398,4.663,43.27,2994.2,69.2,OK
2023-01-26 09:00:00,Compressor_C,Drive_End,2.956,3.707,40.97,2997.3,62.3,OK
2023-01-26 10:00:00,Compressor_C,Drive_End,3.431,4.775,44.02,3001.9,72.2,OK
2023-01-26 11:00:00,Compressor_C,Drive_End,5.36,8.246,53.03,2980.2,100.0,OK
2023-01-26 12:00:00,Compressor_C,Drive_End,4.995,7.232,52.51,2991.3,92.7,OK
2023-01-26 13:00:00,Compressor_C,Drive_End,3.78,5.157,43.74,2996.5,69.9,OK
2023-01-26 14:00:00,Compressor_C,Drive_End,2.636,3.459,36.83,2989.1,52.7,OK
2023-01-26 15:00:00,Compressor_C,Drive_End,4.808,7.32,50.19,2994.2,87.4,OK
2023-01-26 16:00:00,Compressor_C,Drive_End,5.625,8.893,53.51,3003.2,98.6,OK
2023-01-26 17:00:00,Compressor_C,Drive_End,5.285,8.067,54.45,3002.6,99.4,OK
2023-01-26 18:00:00,Compressor_C,Drive_End,4.827,7.502,48.66,3018.2,86.8,OK
2023-01-26 19:00:00,Compressor_C,Drive_End,4.178,6.585,46.32,3000.7,77.3,OK
2023-01-26 20:00:00,Compressor_C,Drive_End,4.137,7.053,44.91,3007.2,81.8,OK
2023-01-26 21:00:00,Compressor_C,Drive_End,5.601,8.583,54.6,2999.5,100.0,OK
2023-01-26 22:00:00,Compressor_C,Drive_End,4.633,7.467,48.41,3008.1,88.3,OK
2023-01-26 23:00:00,Compressor_C,Drive_End,4.394,6.822,46.83,3008.4,79.9,OK
2023-01-27 00:00:00,Compressor_C,Drive_End,5.357,7.994,50.79,2993.3,93.5,OK
2023-01-27 01:00:00,Compressor_C,Drive_End,3.153,5.714,39.51,3000.4,62.1,OK
2023-01-27 02:00:00,Compressor_C,Drive_End,4.137,7.047,45.57,2989.4,80.6,OK
2023-01-27 03:00:00,Compressor_C,Drive_End,4.724,7.345,48.66,3003.9,88.8,OK
2023-01-27 04:00:00,Compressor_C,Drive_End,5.409,9.326,53.37,3019.2,100.0,OK
2023-01-27 05:00:00,Compressor_C,Drive_End,4.469,6.012,47.01,3014.3,86.0,OK
2023-01-27 06:00:00,Compressor_C,Drive_End,5.363,7.488,54.61,2994.7,100.0,OK
2023-01-27 07:00:00,Compressor_C,Drive_End,3.557,4.803,42.62,2995.1,68.3,OK
2023-01-27 08:00:00,Compressor_C,Drive_End,5.426,8.247,53.43,3004.3,100.0,OK
2023-01-27 09:00:00,Compressor_C,Drive_End,5.442,8.221,54.86,2991.9,100.0,OK
2023-01-27 10:00:00,Compressor_C,Drive_End,5.251,8.041,50.41,2999.7,96.5,OK
2023-01-27 11:00:00,Compressor_C,Drive_End,2.658,3.387,38.88,2993.9,56.2,OK
2023-01-27 12:00:00,Compressor_C,Drive_End,3.951,5.904,43.51,2997.9,80.0,OK
2023-01-27 13:00:00,Compressor_C,Drive_End,4.102,5.371,46.24,3000.6,77.6,OK
2023-01-27 14:00:00,Compressor_C,Drive_End,3.406,6.117,41.69,2991.9,64.4,OK
2023-01-27 15:00:00,Compressor_C,Drive_End,3.652,5.789,45.67,3001.9,67.7,OK
2023-01-27 16:00:00,Compressor_C,Drive_End,3.866,6.542,41.82,3002.5,69.3,OK
2023-01-27 17:00:00,Compressor_C,Drive_End,4.775,7.515,47.81,3014.8,79.9,OK
2023-01-27 18:00:00,Compressor_C,Drive_End,3.437,4.732,41.61,3022.2,64.9,OK
2023-01-27 19:00:00,Compressor_C,Drive_End,4.299,6.142,46.28,3005.4,84.7,OK
2023-01-27 20:00:00,Compressor_C,Drive_End,5.229,8.555,52.66,2996.6,95.6,OK
2023-01-27 21:00:00,Compressor_C,Drive_End,4.111,6.79,46.5,3001.9,78.3,OK
2023-01-27 22:00:00,Compressor_C,Drive_End,3.956,5.265,46.04,3010.5,71.8,OK
2023-01-27 23:00:00,Compressor_C,Drive_End,4.73,6.811,50.12,3002.8,85.5,OK
2023-01-28 00:00:00,Compressor_C,Drive_End,3.661,5.776,43.33,2985.3,74.3,OK
2023-01-28 01:00:00,Compressor_C,Drive_End,5.667,8.562,54.67,3011.9,100.0,OK
2023-01-28 02:00:00,Compressor_C,Drive_End,3.202,5.086,42.36,3010.0,62.1,OK
2023-01-28 03:00:00,Compressor_C,Drive_End,3.72,5.112,43.54,2998.7,70.9,OK
2023-01-28 04:00:00,Compressor_C,Drive_End,4.905,6.603,51.12,2996.7,87.4,OK
2023-01-28 05:00:00,Compressor_C,Drive_End,4.61,5.875,48.96,2994.3,89.9,OK
2023-01-28 06:00:00,Compressor_C,Drive_End,5.375,7.753,53.54,2999.4,95.7,OK
2023-01-28 07:00:00,Compressor_C,Drive_End,3.533,4.967,41.39,2990.3,69.2,OK
2023-01-28 08:00:00,Compressor_C,Drive_End,4.29,6.903,47.65,3001.1,77.3,OK
2023-01-28 09:00:00,Compressor_C,Drive_End,4.603,6.979,50.51,3003.3,90.8,OK
2023-01-28 10:00:00,Compressor_C,Drive_End,5.648,7.956,54.04,3006.9,100.0,OK
2023-01-28 11:00:00,Compressor_C,Drive_End,4.557,6.795,49.62,3011.6,86.4,OK
2023-01-28 12:00:00,Compressor_C,Drive_End,3.011,3.557,40.41,3016.1,63.1,OK
2023-01-28 13:00:00,Compressor_C,Drive_End,5.55,8.346,53.97,3005.9,100.0,OK
2023-01-28 14:00:00,Compressor_C,Drive_End,2.849,4.93,39.08,2977.4,56.8,OK
2023-01-28 15:00:00,Compressor_C,Drive_End,4.827,7.179,49.37,3015.8,89.4,OK
2023-01-28 16:00:00,Compressor_C,Drive_End,5.211,7.231,54.53,3005.3,100.0,OK
2023-01-28 17:00:00,Compressor_C,Drive_End,2.715,4.784,40.41,3018.5,64.4,OK
2023-01-28 18:00:00,Compressor_C,Drive_End,4.685,7.381,47.41,2998.2,81.8,OK
2023-01-28 19:00:00,Compressor_C,Drive_End,2.653,3.219,37.67,3001.8,54.2,OK
2023-01-28 20:00:00,Compressor_C,Drive_End,3.829,6.489,45.01,3000.1,71.4,OK
2023-01-28 21:00:00,Compressor_C,Drive_End,3.563,4.679,43.39,3003.7,69.2,OK
2023-01-28 22:00:00,Compressor_C,Drive_End,5.081,7.637,51.74,3000.3,100.0,OK
2023-01-28 23:00:00,Compressor_C,Drive_End,4.943,7.249,50.99,3005.2,93.0,OK
2023-01-29 00:00:00,Compressor_C,Drive_End,3.93,6.464,45.71,2992.3,80.1,OK
2023-01-29 01:00:00,Compressor_C,Drive_End,4.415,6.035,46.11,3002.9,82.5,OK
2023-01-29 02:00:00,Compressor_C,Drive_End,3.525,5.109,45.42,3004.0,71.2,OK
2023-01-29 03:00:00,Compressor_C,Drive_End,2.918,4.355,37.3,2992.4,52.3,OK
2023-01-29 04:00:00,Compressor_C,Drive_End,5.182,7.87,52.05,3000.6,97.5,OK
2023-01-29 05:00:00,Compressor_C,Drive_End,3.082,4.628,41.26,2998.9,64.7,OK
2023-01-29 06:00:00,Compressor_C,Drive_End,4.887,7.58,51.52,3011.3,92.8,OK
2023-01-29 07:00:00,Compressor_C,Drive_End,4.289,6.685,46.25,2995.2,84.9,OK
2023-01-29 08:00:00,Compressor_C,Drive_End,3.692,5.099,45.77,2974.5,76.0,OK
2023-01-29 09:00:00,Compressor_C,Drive_End,4.965,7.892,50.57,2994.5,90.3,OK
2023-01-29 10:00:00,Compressor_C,Drive_End,2.934,3.785,39.8,2997.9,59.2,OK
2023-01-29 11:00:00,Compressor_C,Drive_End,4.508,7.126,48.18,3004.5,84.2,OK
2023-01-29 12:00:00,Compressor_C,Drive_End,4.265,7.066,45.47,2996.0,83.0,OK
2023-01-29 13:00:00,Compressor_C,Drive_End,4.839,7.389,49.49,2993.8,93.2,OK
2023-01-29 14:00:00,Compressor_C,Drive_End,3.421,4.73,43.96,2991.5,67.8,OK
2023-01-29 15:00:00,Compressor_C,Drive_End,5.509,8.693,54.57,2979.8,100.0,OK
2023-01-29 16:00:00,Compressor_C,Drive_End,3.458,4.977,41.71,2997.6,70.1,OK
2023-01-29 17:00:00,Compressor_C,Drive_End,4.057,5.461,46.25,2985.0,78.3,OK
2023-01-29 18:00:00,Compressor_C,Drive_End,3.805,6.502,41.2,3002.9,69.8,OK
2023-01-29 19:00:00,Compressor_C,Drive_End,3.541,4.487,41.62,2997.0,67.5,OK
2023-01-29 20:00:00,Compressor_C,Drive_End,4.393,6.811,47.96,3000.8,82.0,OK
2023-01-29 21:00:00,Compressor_C,Drive_End,4.507,5.641,49.64,3000.6,82.9,OK
2023-01-29 22:00:00,Compressor_C,Drive_End,2.171,3.592,32.07,2989.2,46.9,OK
2023-01-29 23:00:00,Compressor_C,Drive_End,4.374,6.212,46.8,3007.9,79.6,OK
2023-01-30 00:00:00,Compressor_C,Drive_End,3.439,4.714,43.43,2996.1,70.8,OK
2023-01-30 01:00:00,Compressor_C,Drive_End,4.361,6.894,48.43,3004.9,82.0,OK
2023-01-30 02:00:00,Compressor_C,Drive_End,2.586,3.868,36.82,2991.5,53.9,OK
2023-01-30 03:00:00,Compressor_C,Drive_End,5.058,7.629,52.48,3019.8,93.7,OK
2023-01-30 04:00:00,Compressor_C,Drive_End,2.717,3.753,36.22,3000.3,52.0,OK
2023-01-30 05:00:00,Compressor_C,Drive_End,3.851,6.825,44.84,2999.4,77.2,OK
2023-01-30 06:00:00,Compressor_C,Drive_End,3.343,5.024,41.63,2999.1,62.7,OK
2023-01-30 07:00:00,Compressor_C,Drive_End,3.528,5.816,42.82,3014.9,66.9,OK
2023-01-30 08:00:00,Compressor_C,Drive_End,4.844,7.939,52.39,2991.3,92.4,OK
2023-01-30 09:00:00,Compressor_C,Drive_End,3.081,4.274,40.8,3002.5,62.8,OK
2023-01-30 10:00:00,Compressor_C,Drive_End,5.163,8.002,52.22,3004.5,97.1,OK
2023-01-30 11:00:00,Compressor_C,Drive_End,4.155,6.632,46.34,3014.0,86.2,OK
2023-01-30 12:00:00,Compressor_C,Drive_End,5.062,7.941,52.95,2993.6,98.4,OK
2023-01-30 13:00:00,Compressor_C,Drive_End,3.263,4.293,40.35,2987.5,65.0,OK
2023-01-30 14:00:00,Compressor_C,Drive_End,4.389,7.329,47.42,2990.3,81.7,OK
2023-01-30 15:00:00,Compressor_C,Drive_End,4.08,6.715,47.91,3020.2,82.0,OK
2023-01-30 16:00:00,Compressor_C,Drive_End,5.025,7.246,52.47,3012.9,92.8,OK
2023-01-30 17:00:00,Compressor_C,Drive_End,5.228,7.485,52.91,3011.1,97.0,OK
2023-01-30 18:00:00,Compressor_C,Drive_End,4.962,7.601,50.17,3010.2,94.1,OK
2023-01-30 19:00:00,Compressor_C,Drive_End,5.244,7.291,53.35,2992.2,94.8,OK
2023-01-30 20:00:00,Compressor_C,Drive_End,4.628,6.647,49.53,2992.2,84.8,OK
2023-01-30 21:00:00,Compressor_C,Drive_End,3.757,5.42,46.19,2982.8,75.9,OK
2023-01-30 22:00:00,Compressor_C,Drive_End,5.342,7.745,52.12,3016.2,93.5,OK
2023-01-30 23:00:00,Compressor_C,Drive_End,3.462,5.185,42.38,2993.3,73.8,OK
2023-01-31 00:00:00,Compressor_C,Drive_End,4.067,6.198,47.22,3021.2,79.5,OK
2023-01-01 00:00:00,Compressor_C,Non_Drive_End,3.638,5.341,45.23,3002.9,84.2,OK
2023-01-01 01:00:00,Compressor_C,Non_Drive_End,4.329,5.791,50.57,2982.6,92.7,OK
2023-01-01 02:00:00,Compressor_C,Non_Drive_End,3.35,5.49,43.13,2987.7,74.7,OK
2023-01-01 03:00:00,Compressor_C,Non_Drive_End,3.776,6.311,47.63,2977.1,90.8,OK
2023-01-01 04:00:00,Compressor_C,Non_Drive_End,1.919,2.795,35.09,2993.0,52.1,OK
2023-01-01 05:00:00,Compressor_C,Non_Drive_End,3.906,6.071,47.01,2999.3,82.7,OK
2023-01-01 06:00:00,Compressor_C,Non_Drive_End,4.121,6.786,50.19,2996.1,97.5,OK
2023-01-01 07:00:00,Compressor_C,Non_Drive_End,3.481,5.645,46.36,2993.7,82.1,OK
2023-01-01 08:00:00,Compressor_C,Non_Drive_End,4.202,6.368,48.93,3007.9,91.8,OK
2023-01-01 09:00:00,Compressor_C,Non_Drive_End,4.482,6.321,50.43,2996.3,98.2,OK
2023-01-01 10:00:00,Compressor_C,Non_Drive_End,3.482,4.55,44.35,2992.0,76.5,OK
2023-01-01 11:00:00,Compressor_C,Non_Drive_End,3.511,5.395,45.85,2981.9,82.0,OK
2023-01-01 12:00:00,Compressor_C,Non_Drive_End,3.325,4.994,44.2,3006.8,76.9,OK
2023-01-01 13:00:00,Compressor_C,Non_Drive_End,4.098,5.812,48.94,2993.2,93.9,OK
2023-01-01 14:00:00,Compressor_C,Non_Drive_End,4.274,6.11,51.31,3005.7,100.0,OK
2023-01-01 15:00:00,Compressor_C,Non_Drive_End,3.089,4.327,42.21,2992.7,66.4,OK
2023-01-01 16:00:00,Compressor_C,Non_Drive_End,4.263,6.257,49.59,2992.7,98.8,OK
2023-01-01 17:00:00,Compressor_C,Non_Drive_End,3.663,6.193,46.59,2997.9,81.8,OK
2023-01-01 18:00:00,Compressor_C,Non_Drive_End,3.956,6.795,44.6,2980.3,87.3,OK
2023-01-01 19:00:00,Compressor_C,Non_Drive_End,3.847,6.171,49.65,2998.4,90.3,OK
2023-01-01 20:00:00,Compressor_C,Non_Drive_End,3.893,5.911,49.18,2996.3,91.6,OK
2023-01-01 21:00:00,Compressor_C,Non_Drive_End,3.774,6.2,45.67,2997.1,74.2,OK
2023-01-01 22:00:00,Compressor_C,Non_Drive_End,2.42,3.129,39.52,2992.9,58.1,OK
2023-01-01 23:00:00,Compressor_C,Non_Drive_End,4.857,7.283,54.98,2994.7,100.0,OK
2023-01-02 00:00:00,Compressor_C,Non_Drive_End,3.888,6.472,46.92,3005.8,82.2,OK
2023-01-02 01:00:00,Compressor_C,Non_Drive_End,3.231,4.922,42.79,3005.1,77.9,OK
2023-01-02 02:00:00,Compressor_C,Non_Drive_End,2.417,4.088,36.87,3000.5,53.3,OK
2023-01-02 03:00:00,Compressor_C,Non_Drive_End,4.116,5.084,49.36,2994.3,100.0,OK
2023-01-02 04:00:00,Compressor_C,Non_Drive_End,4.205,7.13,48.11,2993.7,92.2,OK
2023-01-02 05:00:00,Compressor_C,Non_Drive_End,3.687,6.207,46.61,3005.4,87.2,OK
2023-01-02 06:00:00,Compressor_C,Non_Drive_End,3.317,5.438,44.75,3021.1,74.2,OK
2023-01-02 07:00:00,Compressor_C,Non_Drive_End,2.912,4.095,41.31,3012.5,70.2,OK
2023-01-02 08:00:00,Compressor_C,Non_Drive_End,3.087,4.385,42.78,3008.2,70.7,OK
2023-01-02 09:00:00,Compressor_C,Non_Drive_End,3.303,5.187,44.07,2996.7,75.9,OK
2023-01-02 10:00:00,Compressor_C,Non_Drive_End,3.183,4.447,41.65,3008.5,74.6,OK
2023-01-02 11:00:00,Compressor_C,Non_Drive_End,4.28,6.942,49.42,3000.1,94.7,OK
2023-01-02 12:00:00,Compressor_C,Non_Drive_End,2.531,3.665,39.93,3000.7,59.4,OK
2023-01-02 13:00:00,Compressor_C,Non_Drive_End,1.794,2.919,29.94,3011.2,42.7,OK
2023-01-02 14:00:00,Compressor_C,Non_Drive_End,4.361,6.457,51.41,2989.7,99.3,OK
2023-01-02 15:00:00,Compressor_C,Non_Drive_End,4.143,6.341,48.94,3008.9,89.6,OK
2023-01-02 16:00:00,Compressor_C,Non_Drive_End,2.861,4.71,40.85,2992.5,63.6,OK
2023-01-02 17:00:00,Compressor_C,Non_Drive_End,2.882,4.862,41.65,3009.1,72.3,OK
2023-01-02 18:00:00,Compressor_C,Non_Drive_End,4.853,7.098,52.0,2984.8,100.0,OK
2023-01-02 19:00:00,Compressor_C,Non_Drive_End,3.632,5.079,45.21,2993.0,82.9,OK
2023-01-02 20:00:00,Compressor_C,Non_Drive_End,3.712,4.881,46.49,2991.0,87.3,OK
2023-01-02 21:00:00,Compressor_C,Non_Drive_End,4.337,6.603,50.66,2991.5,99.7,OK
2023-01-02 22:00:00,Compressor_C,Non_Drive_End,4.567,7.322,52.59,2998.4,100.0,OK
2023-01-02 23:00:00,Compressor_C,Non_Drive_End,4.08,6.07,46.71,2998.4,83.5,OK
2023-01-03 00:00:00,Compressor_C,Non_Drive_End,3.18,3.596,42.26,2982.7,70.3,OK
2023-01-03 01:00:00,Compressor_C,Non_Drive_End,2.98,4.019,42.95,3022.4,76.9,OK
2023-01-03 02:00:00,Compressor_C,Non_Drive_End,3.336,4.374,44.35,2994.5,77.0,OK
2023-01-03 03:00:00,Compressor_C,Non_Drive_End,1.639,2.966,35.14,2999.7,45.2,OK
2023-01-03 04:00:00,Compressor_C,Non_Drive_End,3.188,4.3,44.97,3013.9,75.0,OK
2023-01-03 05:00:00,Compressor_C,Non_Drive_End,4.028,6.179,47.81,3000.0,87.8,OK
2023-01-03 06:00:00,Compressor_C,Non_Drive_End,2.63,3.883,39.75,2997.3,60.1,OK
2023-01-03 07:00:00,Compressor_C,Non_Drive_End,3.524,5.207,45.69,2991.2,85.8,OK
2023-01-03 08:00:00,Compressor_C,Non_Drive_End,3.629,5.97,46.48,2992.8,85.0,OK
2023-01-03 09:00:00,Compressor_C,Non_Drive_End,3.249,5.02,42.86,3000.2,69.5,OK
2023-01-03 10:00:00,Compressor_C,Non_Drive_End,3.399,4.703,41.31,3010.3,68.7,OK
2023-01-03 11:00:00,Compressor_C,Non_Drive_End,3.613,4.893,45.7,3008.8,82.6,OK
2023-01-03 12:00:00,Compressor_C,Non_Drive_End,4.07,6.687,48.46,2995.9,89.0,OK
2023-01-03 13:00:00,Compressor_C,Non_Drive_End,3.308,4.484,44.17,3008.3,79.6,OK
2023-01-03 14:00:00,Compressor_C,Non_Drive_End,3.497,6.332,43.16,2992.0,72.6,OK
2023-01-03 15:00:00,Compressor_C,Non_Drive_End,3.79,6.338,44.22,2998.1,81.4,OK
2023-01-03 16:00:00,Compressor_C,Non_Drive_End,4.209,6.533,47.38,2986.9,87.1,OK
2023-01-03 17:00:00,Compressor_C,Non_Drive_End,3.424,5.657,42.94,2997.1,76.4,OK
2023-01-03 18:00:00,Compressor_C,Non_Drive_End,4.325,6.524,52.77,3016.1,100.0,OK
2023-01-03 19:00:00,Compressor_C,Non_Drive_End,4.588,8.38,51.52,2996.6,98.5,OK
2023-01-03 20:00:00,Compressor_C,Non_Drive_End,3.075,4.35,42.48,3001.7,70.5,OK
2023-01-03 21:00:00,Compressor_C,Non_Drive_End,2.711,3.189,40.17,2993.3,61.2,OK
2023-01-03 22:00:00,Compressor_C,Non_Drive_End,1.891,2.98,36.27,2982.7,49.8,OK
2023-01-03 23:00:00,Compressor_C,Non_Drive_End,3.659,5.053,45.71,2997.5,80.9,OK
2023-01-04 00:00:00,Compressor_C,Non_Drive_End,2.574,3.46,39.25,3000.8,62.0,OK
2023-01-04 01:00:00,Compressor_C,Non_Drive_End,3.298,4.909,44.21,3011.8,82.4,OK
2023-01-04 02:00:00,Compressor_C,Non_Drive_End,4.254,6.029,50.38,3007.5,93.0,OK
2023-01-04 03:00:00,Compressor_C,Non_Drive_End,2.097,3.129,37.58,2982.6,57.0,OK
2023-01-04 04:00:00,Compressor_C,Non_Drive_End,1.526,1.505,32.17,3013.2,40.0,OK
2023-01-04 05:00:00,Compressor_C,Non_Drive_End,4.539,6.126,50.46,3006.0,96.4,OK
2023-01-04 06:00:00,Compressor_C,Non_Drive_End,2.934,5.825,40.34,3017.2,66.1,OK
2023-01-04 07:00:00,Compressor_C,Non_Drive_End,3.232,4.665,42.28,2998.6,69.1,OK
2023-01-04 08:00:00,Compressor_C,Non_Drive_End,3.442,5.094,44.97,3000.4,81.5,OK
2023-01-04 09:00:00,Compressor_C,Non_Drive_End,3.846,5.349,45.45,3009.4,79.9,OK
2023-01-04 10:00:00,Compressor_C,Non_Drive_End,2.774,4.28,41.81,3001.9,67.6,OK
2023-01-04 11:00:00,Compressor_C,Non_Drive_End,1.514,2.501,31.56,3004.9,42.1,OK
2023-01-04 12:00:00,Compressor_C,Non_Drive_End,4.511,7.163,50.37,3009.1,97.9,OK
2023-01-04 13:00:00,Compressor_C,Non_Drive_End,2.882,5.045,41.27,3007.5,70.7,OK
2023-01-04 14:00:00,Compressor_C,Non_Drive_End,3.735,5.637,48.15,3021.0,87.5,OK
2023-01-04 15:00:00,Compressor_C,Non_Drive_End,4.11,6.049,50.83,2996.7,94.3,OK
2023-01-04 16:00:00,Compressor_C,Non_Drive_End,3.205,5.161,43.58,3000.8,75.8,OK
2023-01-04 17:00:00,Compressor_C,Non_Drive_End,2.348,3.106,39.9,2990.3,64.9,OK
2023-01-04 18:00:00,Compressor_C,Non_Drive_End,4.604,6.842,52.51,3006.9,99.9,OK
2023-01-04 19:00:00,Compressor_C,Non_Drive_End,3.695,6.214,47.22,3018.0,84.3,OK
2023-01-04 20:00:00,Compressor_C,Non_Drive_End,4.237,6.292,48.61,2979.9,91.0,OK
2023-01-04 21:00:00,Compressor_C,Non_Drive_End,2.395,2.94,36.31,2999.9,57.8,OK
2023-01-04 22:00:00,Compressor_C,Non_Drive_End,3.903,6.43,47.38,3008.7,87.3,OK
2023-01-04 23:00:00,Compressor_C,Non_Drive_End,3.147,5.648,45.09,2990.8,79.2,OK
2023-01-05 00:00:00,Compressor_C,Non_Drive_End,2.436,3.516,37.75,3001.6,59.1,OK
2023-01-05 01:00:00,Compressor_C,Non_Drive_End,3.866,5.739,46.9,3008.2,85.7,OK
2023-01-05 02:00:00,Compressor_C,Non_Drive_End,4.217,6.308,49.95,3004.6,94.1,OK
2023-01-05 03:00:00,Compressor_C,Non_Drive_End,2.934,4.195,42.79,3008.2,73.0,OK
2023-01-05 04:00:00,Compressor_C,Non_Drive_End,2.663,3.146,38.21,2984.3,63.0,OK
2023-01-05 05:00:00,Compressor_C,Non_Drive_End,4.325,5.884,49.24,2998.0,91.3,OK
2023-01-05 06:00:00,Compressor_C,Non_Drive_End,4.006,6.264,45.85,2988.3,86.0,OK
2023-01-05 07:00:00,Compressor_C,Non_Drive_End,3.354,4.291,44.8,3003.9,79.4,OK
2023-01-05 08:00:00,Compressor_C,Non_Drive_End,4.814,6.845,52.5,2996.1,100.0,OK
2023-01-05 09:00:00,Compressor_C,Non_Drive_End,4.019,6.392,50.5,2999.9,91.6,OK
2023-01-05 10:00:00,Compressor_C,Non_Drive_End,3.687,6.791,46.51,2994.8,84.5,OK
2023-01-05 11:00:00,Compressor_C,Non_Drive_End,2.689,4.215,41.84,2988.5,71.1,OK
2023-01-05 12:00:00,Compressor_C,Non_Drive_End,2.968,4.519,42.96,2999.9,74.0,OK
2023-01-05 13:00:00,Compressor_C,Non_Drive_End,2.931,4.539,42.82,3016.9,72.0,OK
2023-01-05 14:00:00,Compressor_C,Non_Drive_End,3.156,5.413,43.74,2998.1,78.8,OK
2023-01-05 15:00:00,Compressor_C,Non_Drive_End,3.777,5.567,48.64,3006.7,88.1,OK
2023-01-05 16:00:00,Compressor_C,Non_Drive_End,2.513,3.18,39.31,3021.3,63.2,OK
2023-01-05 17:00:00,Compressor_C,Non_Drive_End,4.472,6.946,51.46,2980.9,100.0,OK
2023-01-05 18:00:00,Compressor_C,Non_Drive_End,3.666,5.426,45.43,2992.8,85.7,OK
2023-01-05 19:00:00,Compressor_C,Non_Drive_End,3.372,5.219,42.73,2996.1,79.3,OK
2023-01-05 20:00:00,Compressor_C,Non_Drive_End,3.111,5.309,43.39,3023.2,76.6,OK
2023-01-05 21:00:00,Compressor_C,Non_Drive_End,3.076,5.34,41.74,2986.8,71.0,OK
2023-01-05 22:00:00,Compressor_C,Non_Drive_End,3.507,4.475,44.87,3010.1,78.8,OK
2023-01-05 23:00:00,Compressor_C,Non_Drive_End,3.952,6.122,49.93,2999.6,100.0,OK
2023-01-06 00:00:00,Compressor_C,Non_Drive_End,2.323,3.119,35.66,2983.2,52.6,OK
2023-01-06 01:00:00,Compressor_C,Non_Drive_End,3.493,5.139,43.68,2993.6,79.5,OK
2023-01-06 02:00:00,Compressor_C,Non_Drive_End,3.125,4.647,44.47,3004.4,72.3,OK
2023-01-06 03:00:00,Compressor_C,Non_Drive_End,4.015,6.133,48.05,3008.5,91.0,OK
2023-01-06 04:00:00,Compressor_C,Non_Drive_End,4.128,6.272,48.88,2998.9,91.7,OK
2023-01-06 05:00:00,Compressor_C,Non_Drive_End,4.365,6.894,50.57,2993.3,100.0,OK
2023-01-06 06:00:00,Compressor_C,Non_Drive_End,3.38,5.322,43.51,2989.1,75.6,OK
2023-01-06 07:00:00,Compressor_C,Non_Drive_End,3.895,5.757,46.96,2981.4,90.7,OK
2023-01-06 08:00:00,Compressor_C,Non_Drive_End,2.327,4.132,36.27,2996.9,53.8,OK
2023-01-06 09:00:00,Compressor_C,Non_Drive_End,4.294,6.265,47.39,3006.4,91.0,OK
2023-01-06 10:00:00,Compressor_C,Non_Drive_End,3.408,4.961,44.64,2989.9,81.1,OK
2023-01-06 11:00:00,Compressor_C,Non_Drive_End,3.533,5.497,45.52,3007.0,82.1,OK
2023-01-06 12:00:00,Compressor_C,Non_Drive_End,4.186,6.092,49.36,2998.1,94.0,OK
2023-01-06 13:00:00,Compressor_C,Non_Drive_End,3.068,4.06,41.25,2991.2,68.2,OK
2023-01-06 14:00:00,Compressor_C,Non_Drive_End,4.427,6.345,49.31,2996.5,95.2,OK
2023-01-06 15:00:00,Compressor_C,Non_Drive_End,2.077,3.488,35.66,3013.1,56.1,OK
2023-01-06 16:00:00,Compressor_C,Non_Drive_End,4.151,5.684,51.35,3022.1,99.8,OK
2023-01-06 17:00:00,Compressor_C,Non_Drive_End,3.77,6.649,47.33,3007.8,87.7,OK
2023-01-06 18:00:00,Compressor_C,Non_Drive_End,2.347,4.315,37.81,2997.5,61.7,OK
2023-01-06 19:00:00,Compressor_C,Non_Drive_End,3.746,4.664,47.69,2995.3,87.4,OK
2023-01-06 20:00:00,Compressor_C,Non_Drive_End,4.165,6.65,48.91,2990.8,99.5,OK
2023-01-06 21:00:00,Compressor_C,Non_Drive_End,4.194,6.415,49.36,2991.0,98.3,OK
2023-01-06 22:00:00,Compressor_C,Non_Drive_End,2.484,4.547,40.38,3003.5,69.4,OK
2023-01-06 23:00:00,Compressor_C,Non_Drive_End,2.729,4.393,40.58,2989.8,60.6,OK
2023-01-07 00:00:00,Compressor_C,Non_Drive_End,3.073,4.958,43.01,3003.0,69.8,OK
2023-01-07 01:00:00,Compressor_C,Non_Drive_End,2.84,4.234,41.9,2998.9,69.2,OK
2023-01-07 02:00:00,Compressor_C,Non_Drive_End,2.032,2.894,37.61,3011.1,55.2,OK
2023-01-07 03:00:00,Compressor_C,Non_Drive_End,3.51,4.743,46.95,3003.4,84.9,OK
2023-01-07 04:00:00,Compressor_C,Non_Drive_End,3.251,4.351,42.88,2995.1,71.2,OK
2023-01-07 05:00:00,Compressor_C,Non_Drive_End,3.428,4.853,43.87,3000.0,80.6,OK
2023-01-07 06:00:00,Compressor_C,Non_Drive_End,4.056,5.971,46.78,2993.3,87.2,OK
2023-01-07 07:00:00,Compressor_C,Non_Drive_End,3.523,5.101,44.07,2995.9,76.4,OK
2023-01-07 08:00:00,Compressor_C,Non_Drive_End,4.833,7.878,51.44,3005.1,100.0,OK
2023-01-07 09:00:00,Compressor_C,Non_Drive_End,4.549,7.318,51.56,3015.3,94.8,OK
2023-01-07 10:00:00,Compressor_C,Non_Drive_End,3.203,3.971,44.69,2991.6,75.5,OK
2023-01-07 11:00:00,Compressor_C,Non_Drive_End,3.041,5.103,42.51,3012.9,75.8,OK
2023-01-07 12:00:00,Compressor_C,Non_Drive_End,2.758,4.243,39.33,3016.3,60.7,OK
2023-01-07 13:00:00,Compressor_C,Non_Drive_End,3.671,5.301,48.71,3001.9,86.6,OK
2023-01-07 14:00:00,Compressor_C,Non_Drive_End,4.596,6.725,50.94,3015.6,100.0,OK
2023-01-07 15:00:00,Compressor_C,Non_Drive_End,3.381,5.975,43.25,2994.5,69.0,OK
2023-01-07 16:00:00,Compressor_C,Non_Drive_End,2.732,3.021,40.48,3008.9,65.6,OK
2023-01-07 17:00:00,Compressor_C,Non_Drive_End,2.818,3.979,40.74,2991.9,67.4,OK
2023-01-07 18:00:00,Compressor_C,Non_Drive_End,3.742,5.122,44.41,2981.2,78.8,OK
2023-01-07 19:00:00,Compressor_C,Non_Drive_End,3.545,5.453,44.69,2998.9,75.1,OK
2023-01-07 20:00:00,Compressor_C,Non_Drive_End,3.768,4.685,46.24,3002.3,84.1,OK
2023-01-07 21:00:00,Compressor_C,Non_Drive_End,4.131,6.408,49.49,3039.4,97.4,OK
2023-01-07 22:00:00,Compressor_C,Non_Drive_End,4.625,6.234,51.49,2986.5,100.0,OK
2023-01-07 23:00:00,Compressor_C,Non_Drive_End,3.259,5.22,44.31,3010.7,79.5,OK
2023-01-08 00:00:00,Compressor_C,Non_Drive_End,3.448,5.577,45.12,3009.6,84.1,OK
2023-01-08 01:00:00,Compressor_C,Non_Drive_End,4.28,6.125,51.06,3003.3,96.4,OK
2023-01-08 02:00:00,Compressor_C,Non_Drive_End,4.219,6.676,49.13,2994.7,98.9,OK
2023-01-08 03:00:00,Compressor_C,Non_Drive_End,2.438,2.988,36.49,2989.4,60.4,OK
2023-01-08 04:00:00,Compressor_C,Non_Drive_End,2.394,3.421,40.78,3006.4,63.0,OK
2023-01-08 05:00:00,Compressor_C,Non_Drive_End,3.274,5.993,43.75,3003.4,79.3,OK
2023-01-08 06:00:00,Compressor_C,Non_Drive_End,3.293,4.963,43.52,3013.2,76.6,OK
2023-01-08 07:00:00,Compressor_C,Non_Drive_End,3.404,4.785,43.17,3003.7,75.9,OK
2023-01-08 08:00:00,Compressor_C,Non_Drive_End,2.725,4.236,42.17,2986.0,70.9,OK
2023-01-08 09:00:00,Compressor_C,Non_Drive_End,4.104,5.605,49.27,2976.2,93.1,OK
2023-01-08 10:00:00,Compressor_C,Non_Drive_End,3.183,3.826,41.99,3005.9,73.7,OK
2023-01-08 11:00:00,Compressor_C,Non_Drive_End,3.223,4.067,44.38,3000.9,80.1,OK
2023-01-08 12:00:00,Compressor_C,Non_Drive_End,2.358,3.293,37.06,2983.3,58.9,OK
2023-01-08 13:00:00,Compressor_C,Non_Drive_End,2.828,4.278,40.83,3000.1,69.4,OK
2023-01-08 14:00:00,Compressor_C,Non_Drive_End,3.794,6.334,47.08,3008.8,82.5,OK
2023-01-08 15:00:00,Compressor_C,Non_Drive_End,3.601,4.963,45.97,2995.7,83.6,OK
2023-01-08 16:00:00,Compressor_C,Non_Drive_End,4.016,5.685,48.59,2992.7,90.5,OK
2023-01-08 17:00:00,Compressor_C,Non_Drive_End,2.952,4.68,41.89,2992.6,71.8,OK
2023-01-08 18:00:00,Compressor_C,Non_Drive_End,3.096,5.207,41.73,3002.6,73.6,OK
2023-01-08 19:00:00,Compressor_C,Non_Drive_End,3.29,4.096,44.66,2986.0,77.2,OK
2023-01-08 20:00:00,Compressor_C,Non_Drive_End,4.081,5.681,47.95,3007.8,91.5,OK
2023-01-08 21:00:00,Compressor_C,Non_Drive_End,4.525,6.529,52.93,3014.4,100.0,OK
2023-01-08 22:00:00,Compressor_C,Non_Drive_End,3.25,4.456,43.12,3002.3,69.6,OK
2023-01-08 23:00:00,Compressor_C,Non_Drive_End,3.692,5.175,47.33,2999.6,87.8,OK
2023-01-09 00:00:00,Compressor_C,Non_Drive_End,2.541,4.304,36.93,3001.3,58.6,OK
2023-01-09 01:00:00,Compressor_C,Non_Drive_End,4.569,6.335,51.29,3017.0,99.7,OK
2023-01-09 02:00:00,Compressor_C,Non_Drive_End,3.469,5.344,44.69,3002.7,79.3,OK
2023-01-09 03:00:00,Compressor_C,Non_Drive_End,3.631,5.159,48.04,2995.4,84.0,OK
2023-01-09 04:00:00,Compressor_C,Non_Drive_End,4.765,7.547,52.34,3005.6,100.0,OK
2023-01-09 05:00:00,Compressor_C,Non_Drive_End,2.304,2.889,36.01,2997.4,57.4,OK
2023-01-09 06:00:00,Compressor_C,Non_Drive_End,3.636,5.081,47.98,3003.2,87.4,OK
2023-01-09 07:00:00,Compressor_C,Non_Drive_End,2.804,4.459,39.77,3001.7,66.8,OK
2023-01-09 08:00:00,Compressor_C,Non_Drive_End,3.614,5.46,45.9,3001.7,81.4,OK
2023-01-09 09:00:00,Compressor_C,Non_Drive_End,4.372,5.399,51.78,3025.6,100.0,OK
2023-01-09 10:00:00,Compressor_C,Non_Drive_End,3.697,5.574,47.18,3010.6,82.8,OK
2023-01-09 11:00:00,Compressor_C,Non_Drive_End,4.288,6.38,50.88,2986.1,99.0,OK
2023-01-09 12:00:00,Compressor_C,Non_Drive_End,3.53,6.156,44.98,3004.3,76.6,OK
2023-01-09 13:00:00,Compressor_C,Non_Drive_End,2.846,4.526,41.2,2998.5,67.2,OK
2023-01-09 14:00:00,Compressor_C,Non_Drive_End,4.577,8.043,51.11,2995.4,100.0,OK
2023-01-09 15:00:00,Compressor_C,Non_Drive_End,3.625,5.048,46.8,2990.6,82.2,OK
2023-01-09 16:00:00,Compressor_C,Non_Drive_End,3.779,5.758,47.09,2990.6,82.2,OK
2023-01-09 17:00:00,Compressor_C,Non_Drive_End,2.794,3.979,38.53,3003.7,62.8,OK
2023-01-09 18:00:00,Compressor_C,Non_Drive_End,3.694,5.327,44.08,3012.3,79.4,OK
2023-01-09 19:00:00,Compressor_C,Non_Drive_End,3.266,4.846,42.37,2995.3,73.5,OK
2023-01-09 20:00:00,Compressor_C,Non_Drive_End,4.415,5.76,48.18,3001.4,96.6,OK
2023-01-09 21:00:00,Compressor_C,Non_Drive_End,2.537,2.635,39.87,2995.2,58.4,OK
2023-01-09 22:00:00,Compressor_C,Non_Drive_End,3.451,5.428,45.47,3013.6,82.6,OK
2023-01-09 23:00:00,Compressor_C,Non_Drive_End,4.208,6.863,48.57,2997.7,92.3,OK
2023-01-10 00:00:00,Compressor_C,Non_Drive_End,3.822,6.711,45.29,2981.1,83.6,OK
2023-01-10 01:00:00,Compressor_C,Non_Drive_End,3.438,5.239,44.18,3008.8,78.6,OK
2023-01-10 02:00:00,Compressor_C,Non_Drive_End,3.187,4.19,42.87,2999.1,73.6,OK
2023-01-10 03:00:00,Compressor_C,Non_Drive_End,4.253,6.303,50.17,2995.8,100.0,OK
2023-01-10 04:00:00,Compressor_C,Non_Drive_End,2.354,3.219,38.27,3001.4,59.9,OK
2023-01-10 05:00:00,Compressor_C,Non_Drive_End,2.484,2.761,36.88,2982.6,57.0,OK
2023-01-10 06:00:00,Compressor_C,Non_Drive_End,2.236,3.41,38.83,2995.1,53.0,OK
2023-01-10 07:00:00,Compressor_C,Non_Drive_End,4.076,7.467,50.76,2990.7,96.3,OK
2023-01-10 08:00:00,Compressor_C,Non_Drive_End,3.997,5.254,48.17,3000.7,88.8,OK
2023-01-10 09:00:00,Compressor_C,Non_Drive_End,3.446,5.926,44.95,2991.0,81.1,OK
2023-01-10 10:00:00,Compressor_C,Non_Drive_End,4.396,5.82,50.03,2982.6,100.0,OK
2023-01-10 11:00:00,Compressor_C,Non_Drive_End,2.932,4.059,38.87,3003.2,67.6,OK
2023-01-10 12:00:00,Compressor_C,Non_Drive_End,4.277,6.553,51.15,2997.1,100.0,OK
2023-01-10 13:00:00,Compressor_C,Non_Drive_End,3.027,4.92,41.85,3001.5,75.2,OK
2023-01-10 14:00:00,Compressor_C,Non_Drive_End,3.287,5.723,43.71,3006.5,70.9,OK
2023-01-10 15:00:00,Compressor_C,Non_Drive_End,3.538,5.992,43.45,2984.6,75.1,OK
2023-01-10 16:00:00,Compressor_C,Non_Drive_End,4.491,6.479,52.22,2996.7,93.8,OK
2023-01-10 17:00:00,Compressor_C,Non_Drive_End,3.997,6.198,47.63,3018.0,91.8,OK
2023-01-10 18:00:00,Compressor_C,Non_Drive_End,4.612,7.16,51.04,3009.0,92.7,OK
2023-01-10 19:00:00,Compressor_C,Non_Drive_End,3.071,4.664,42.69,3005.4,72.9,OK
2023-01-10 20:00:00,Compressor_C,Non_Drive_End,3.161,4.551,44.17,3000.6,74.7,OK
2023-01-10 21:00:00,Compressor_C,Non_Drive_End,3.34,5.222,45.66,3003.5,82.6,OK
2023-01-10 22:00:00,Compressor_C,Non_Drive_End,2.743,4.507,42.63,3020.9,74.0,OK
2023-01-10 23:00:00,Compressor_C,Non_Drive_End,4.016,6.459,47.19,3001.8,88.1,OK
2023-01-11 00:00:00,Compressor_C,Non_Drive_End,3.506,5.617,45.35,2998.2,84.5,OK
2023-01-11 01:00:00,Compressor_C,Non_Drive_End,2.217,3.839,37.45,2994.6,57.5,OK
2023-01-11 02:00:00,Compressor_C,Non_Drive_End,4.675,8.432,52.29,2993.3,100.0,OK
2023-01-11 03:00:00,Compressor_C,Non_Drive_End,3.862,6.086,48.8,3006.9,92.9,OK
2023-01-11 04:00:00,Compressor_C,Non_Drive_End,3.444,4.68,46.21,2991.2,76.1,OK
2023-01-11 05:00:00,Compressor_C,Non_Drive_End,3.483,5.085,47.71,2987.8,81.7,OK
2023-01-11 06:00:00,Compressor_C,Non_Drive_End,2.729,4.343,39.9,2998.8,66.7,OK
2023-01-11 07:00:00,Compressor_C,Non_Drive_End,2.586,3.583,38.76,2998.0,62.9,OK
2023-01-11 08:00:00,Compressor_C,Non_Drive_End,4.162,6.011,50.26,2996.8,97.8,OK
2023-01-11 09:00:00,Compressor_C,Non_Drive_End,2.671,4.722,39.31,3016.3,60.0,OK
2023-01-11 10:00:00,Compressor_C,Non_Drive_End,1.757,2.244,34.52,3015.4,48.6,OK
2023-01-11 11:00:00,Compressor_C,Non_Drive_End,4.681,6.866,51.63,3010.5,100.0,OK
2023-01-11 12:00:00,Compressor_C,Non_Drive_End,3.937,6.321,47.72,2998.7,85.2,OK
2023-01-11 13:00:00,Compressor_C,Non_Drive_End,1.584,2.46,31.88,3001.3,42.1,OK
2023-01-11 14:00:00,Compressor_C,Non_Drive_End,2.435,3.94,37.69,3004.6,60.1,OK
2023-01-11 15:00:00,Compressor_C,Non_Drive_End,4.559,6.732,52.5,3010.0,100.0,OK
2023-01-11 16:00:00,Compressor_C,Non_Drive_End,4.003,6.718,46.18,3002.4,85.9,OK
2023-01-11 17:00:00,Compressor_C,Non_Drive_End,2.412,3.586,39.73,2992.2,64.2,OK
2023-01-11 18:00:00,Compressor_C,Non_Drive_End,3.709,5.634,45.8,2994.7,79.7,OK
2023-01-11 19:00:00,Compressor_C,Non_Drive_End,4.778,6.943,53.65,2998.8,97.3,OK
2023-01-11 20:00:00,Compressor_C,Non_Drive_End,2.64,4.52,39.45,3005.2,65.4,OK
2023-01-11 21:00:00,Compressor_C,Non_Drive_End,3.906,5.531,48.57,2993.5,84.4,OK
2023-01-11 22:00:00,Compressor_C,Non_Drive_End,2.943,4.119,40.61,2986.5,65.1,OK
2023-01-11 23:00:00,Compressor_C,Non_Drive_End,3.243,5.497,44.39,2986.9,75.2,OK
2023-01-12 00:00:00,Compressor_C,Non_Drive_End,3.462,5.03,46.0,3011.1,83.5,OK
2023-01-12 01:00:00,Compressor_C,Non_Drive_End,3.162,3.702,44.58,2997.5,78.0,OK
2023-01-12 02:00:00,Compressor_C,Non_Drive_End,3.595,5.036,45.97,3009.0,83.6,OK
2023-01-12 03:00:00,Compressor_C,Non_Drive_End,4.301,5.948,49.4,2997.7,92.8,OK
2023-01-12 04:00:00,Compressor_C,Non_Drive_End,3.489,6.106,43.41,3012.3,78.9,OK
2023-01-12 05:00:00,Compressor_C,Non_Drive_End,3.721,5.176,47.63,3001.8,81.9,OK
2023-01-12 06:00:00,Compressor_C,Non_Drive_End,3.507,5.103,47.84,2989.1,80.2,OK
2023-01-12 07:00:00,Compressor_C,Non_Drive_End,4.265,6.873,51.06,3000.5,95.7,OK
2023-01-12 08:00:00,Compressor_C,Non_Drive_End,1.506,1.603,32.89,3006.4,40.0,OK
2023-01-12 09:00:00,Compressor_C,Non_Drive_End,4.72,7.982,51.22,3005.6,100.0,OK
2023-01-12 10:00:00,Compressor_C,Non_Drive_End,2.057,2.399,35.74,3006.6,52.1,OK
2023-01-12 11:00:00,Compressor_C,Non_Drive_End,3.888,5.721,48.13,2998.5,90.9,OK
2023-01-12 12:00:00,Compressor_C,Non_Drive_End,1.784,3.006,33.36,2998.6,51.1,OK
2023-01-12 13:00:00,Compressor_C,Non_Drive_End,4.151,6.374,48.8,2995.9,95.2,OK
2023-01-12 14:00:00,Compressor_C,Non_Drive_End,3.598,5.599,44.94,2992.7,84.2,OK
2023-01-12 15:00:00,Compressor_C,Non_Drive_End,2.546,3.904,39.15,3002.5,61.0,OK
2023-01-12 16:00:00,Compressor_C,Non_Drive_End,3.563,4.34,43.58,3006.1,80.9,OK
2023-01-12 17:00:00,Compressor_C,Non_Drive_End,4.69,6.862,51.92,3000.0,100.0,OK
2023-01-12 18:00:00,Compressor_C,Non_Drive_End,3.211,4.549,41.26,3024.7,73.2,OK
2023-01-12 19:00:00,Compressor_C,Non_Drive_End,4.649,7.401,51.41,2998.4,100.0,OK
2023-01-12 20:00:00,Compressor_C,Non_Drive_End,3.806,6.292,47.62,2994.0,90.1,OK
2023-01-12 21:00:00,Compressor_C,Non_Drive_End,4.016,5.246,47.26,3004.1,87.8,OK
2023-01-12 22:00:00,Compressor_C,Non_Drive_End,3.342,5.607,44.98,2991.7,75.1,OK
2023-01-12 23:00:00,Compressor_C,Non_Drive_End,3.335,5.313,42.69,3002.9,74.9,OK
2023-01-13 00:00:00,Compressor_C,Non_Drive_End,4.691,7.638,52.51,3009.3,100.0,OK
2023-01-13 01:00:00,Compressor_C,Non_Drive_End,2.399,3.806,39.0,2998.6,64.6,OK
2023-01-13 02:00:00,Compressor_C,Non_Drive_End,3.378,4.941,44.6,3012.0,79.4,OK
2023-01-13 03:00:00,Compressor_C,Non_Drive_End,1.623,2.142,35.64,2997.3,52.4,OK
2023-01-13 04:00:00,Compressor_C,Non_Drive_End,3.844,5.228,47.2,2994.1,86.7,OK
2023-01-13 05:00:00,Compressor_C,Non_Drive_End,4.511,6.846,50.55,3018.5,100.0,OK
2023-01-13 06:00:00,Compressor_C,Non_Drive_End,2.794,4.643,42.4,3003.6,68.0,OK
2023-01-13 07:00:00,Compressor_C,Non_Drive_End,3.413,5.494,44.64,3001.0,85.0,OK
2023-01-13 08:00:00,Compressor_C,Non_Drive_End,3.392,4.855,43.07,3009.6,73.7,OK
2023-01-13 09:00:00,Compressor_C,Non_Drive_End,2.849,3.466,41.96,2988.0,69.5,OK
2023-01-13 10:00:00,Compressor_C,Non_Drive_End,3.605,4.81,46.5,3005.6,85.9,OK
2023-01-13 11:00:00,Compressor_C,Non_Drive_End,3.49,6.091,45.59,2998.5,81.0,OK
2023-01-13 12:00:00,Compressor_C,Non_Drive_End,4.841,6.724,52.94,3012.7,100.0,OK
2023-01-13 13:00:00,Compressor_C,Non_Drive_End,3.475,5.066,42.59,2983.4,73.5,OK
2023-01-13 14:00:00,Compressor_C,Non_Drive_End,3.05,4.465,44.36,2992.0,73.8,OK
2023-01-13 15:00:00,Compressor_C,Non_Drive_End,3.17,4.953,42.92,3016.6,70.0,OK
2023-01-13 16:00:00,Compressor_C,Non_Drive_End,3.624,4.603,45.65,3012.9,80.2,OK
2023-01-13 17:00:00,Compressor_C,Non_Drive_End,4.113,5.863,47.51,2997.1,91.8,OK
2023-01-13 18:00:00,Compressor_C,Non_Drive_End,2.471,2.461,37.11,2984.6,56.7,OK
2023-01-13 19:00:00,Compressor_C,Non_Drive_End,2.554,4.034,39.07,2997.2,68.5,OK
2023-01-13 20:00:00,Compressor_C,Non_Drive_End,4.33,6.497,50.72,2993.8,97.0,OK
2023-01-13 21:00:00,Compressor_C,Non_Drive_End,3.596,5.628,44.59,2995.7,80.6,OK
2023-01-13 22:00:00,Compressor_C,Non_Drive_End,3.961,6.408,47.6,3011.9,86.4,OK
2023-01-13 23:00:00,Compressor_C,Non_Drive_End,2.862,4.764,43.38,2991.9,66.0,OK
2023-01-14 00:00:00,Compressor_C,Non_Drive_End,4.083,7.264,49.19,2988.3,94.7,OK
2023-01-14 01:00:00,Compressor_C,Non_Drive_End,3.849,6.023,45.24,2990.4,80.7,OK
2023-01-14 02:00:00,Compressor_C,Non_Drive_End,2.763,4.561,40.72,3003.1,65.1,OK
2023-01-14 03:00:00,Compressor_C,Non_Drive_End,3.27,4.629,43.5,2994.6,76.0,OK
2023-01-14 04:00:00,Compressor_C,Non_Drive_End,3.638,5.272,44.55,2991.0,80.2,OK
2023-01-14 05:00:00,Compressor_C,Non_Drive_End,3.253,5.09,44.23,3002.4,74.7,OK
2023-01-14 06:00:00,Compressor_C,Non_Drive_End,4.265,6.263,49.82,3002.9,99.6,OK
2023-01-14 07:00:00,Compressor_C,Non_Drive_End,4.63,7.374,52.08,3019.9,100.0,OK
2023-01-14 08:00:00,Compressor_C,Non_Drive_End,3.76,5.199,47.03,2984.0,85.5,OK
2023-01-14 09:00:00,Compressor_C,Non_Drive_End,3.639,5.6,44.9,3019.5,79.1,OK
2023-01-14 10:00:00,Compressor_C,Non_Drive_End,4.566,6.871,51.26,2999.7,100.0,OK
2023-01-14 11:00:00,Compressor_C,Non_Drive_End,3.218,5.002,45.97,2980.4,80.5,OK
2023-01-14 12:00:00,Compressor_C,Non_Drive_End,3.473,5.601,45.41,2992.8,85.2,OK
2023-01-14 13:00:00,Compressor_C,Non_Drive_End,4.078,6.134,48.76,3003.9,89.6,OK
2023-01-14 14:00:00,Compressor_C,Non_Drive_End,3.218,3.634,43.75,2993.6,78.2,OK
2023-01-14 15:00:00,Compressor_C,Non_Drive_End,4.546,6.451,52.61,3007.3,100.0,OK
2023-01-14 16:00:00,Compressor_C,Non_Drive_End,3.214,4.446,43.08,3015.7,78.2,OK
2023-01-14 17:00:00,Compressor_C,Non_Drive_End,2.409,3.257,33.97,2990.6,57.8,OK
2023-01-14 18:00:00,Compressor_C,Non_Drive_End,4.424,6.651,52.65,2983.2,96.1,OK
2023-01-14 19:00:00,Compressor_C,Non_Drive_End,4.107,6.912,48.03,2995.0,95.0,OK
2023-01-14 20:00:00,Compressor_C,Non_Drive_End,3.575,5.539,45.95,2998.7,82.9,OK
2023-01-14 21:00:00,Compressor_C,Non_Drive_End,3.927,5.937,46.78,3001.4,86.9,OK
2023-01-14 22:00:00,Compressor_C,Non_Drive_End,3.347,4.852,44.51,2992.9,80.1,OK
2023-01-14 23:00:00,Compressor_C,Non_Drive_End,3.427,5.239,45.04,3009.2,80.5,OK
2023-01-15 00:00:00,Compressor_C,Non_Drive_End,3.244,4.959,42.76,3000.7,70.9,OK
2023-01-15 01:00:00,Compressor_C,Non_Drive_End,2.841,3.428,42.1,3019.7,69.4,OK
2023-01-15 02:00:00,Compressor_C,Non_Drive_End,3.305,5.893,44.52,2997.0,78.3,OK
2023-01-15 03:00:00,Compressor_C,Non_Drive_End,3.966,6.649,47.56,3001.6,88.2,OK
2023-01-15 04:00:00,Compressor_C,Non_Drive_End,2.507,3.814,38.62,3008.7,58.1,OK
2023-01-15 05:00:00,Compressor_C,Non_Drive_End,3.196,4.498,44.32,3000.2,74.4,OK
2023-01-15 06:00:00,Compressor_C,Non_Drive_End,2.616,3.035,38.33,3023.6,58.8,OK
2023-01-15 07:00:00,Compressor_C,Non_Drive_End,3.176,4.78,43.56,3003.9,77.5,OK
2023-01-15 08:00:00,Compressor_C,Non_Drive_End,3.131,3.848,42.34,2991.2,68.9,OK
2023-01-15 09:00:00,Compressor_C,Non_Drive_End,4.109,6.745,48.21,2997.8,92.0,OK
2023-01-15 10:00:00,Compressor_C,Non_Drive_End,3.282,5.569,41.25,2995.0,71.0,OK
2023-01-15 11:00:00,Compressor_C,Non_Drive_End,4.565,7.041,50.64,3008.2,95.1,OK
2023-01-15 12:00:00,Compressor_C,Non_Drive_End,4.808,7.691,51.86,3007.0,97.2,OK
2023-01-15 13:00:00,Compressor_C,Non_Drive_End,2.332,3.391,39.48,2994.2,62.4,OK
2023-01-15 14:00:00,Compressor_C,Non_Drive_End,3.565,5.146,45.24,3010.2,79.9,OK
2023-01-15 15:00:00,Compressor_C,Non_Drive_End,3.884,5.442,46.94,3001.4,87.1,OK
2023-01-15 16:00:00,Compressor_C,Non_Drive_End,4.205,5.124,50.84,3012.3,100.0,OK
2023-01-15 17:00:00,Compressor_C,Non_Drive_End,4.374,6.591,49.7,2994.8,93.4,OK
2023-01-15 18:00:00,Compressor_C,Non_Drive_End,4.01,6.35,48.51,2994.7,91.3,OK
2023-01-15 19:00:00,Compressor_C,Non_Drive_End,4.626,6.914,52.69,3006.9,100.0,OK
2023-01-15 20:00:00,Compressor_C,Non_Drive_End,3.075,5.132,43.26,3002.8,75.2,OK
2023-01-15 21:00:00,Compressor_C,Non_Drive_End,4.653,7.013,50.94,3023.9,100.0,OK
2023-01-15 22:00:00,Compressor_C,Non_Drive_End,4.286,7.294,48.86,3002.1,93.6,OK
2023-01-15 23:00:00,Compressor_C,Non_Drive_End,2.971,4.734,40.01,2997.6,66.1,OK
2023-01-16 00:00:00,Compressor_C,Non_Drive_End,3.9,5.792,47.72,2988.0,91.3,OK
2023-01-16 01:00:00,Compressor_C,Non_Drive_End,4.521,6.657,50.1,3002.9,93.3,OK
2023-01-16 02:00:00,Compressor_C,Non_Drive_End,4.707,7.33,49.29,2999.1,98.2,OK
2023-01-16 03:00:00,Compressor_C,Non_Drive_End,4.573,5.905,50.55,3009.1,97.7,OK
2023-01-16 04:00:00,Compressor_C,Non_Drive_End,3.407,5.104,42.96,2991.6,71.2,OK
2023-01-16 05:00:00,Compressor_C,Non_Drive_End,3.247,4.547,44.61,3005.7,88.3,OK
2023-01-16 06:00:00,Compressor_C,Non_Drive_End,3.803,4.666,46.65,2997.1,86.0,OK
2023-01-16 07:00:00,Compressor_C,Non_Drive_End,4.48,6.052,52.06,3014.1,96.7,OK
2023-01-16 08:00:00,Compressor_C,Non_Drive_End,3.638,5.934,46.92,2998.8,90.9,OK
2023-01-16 09:00:00,Compressor_C,Non_Drive_End,4.067,6.038,47.44,3000.7,85.2,OK
2023-01-16 10:00:00,Compressor_C,Non_Drive_End,4.663,6.895,50.9,2993.4,100.0,OK
2023-01-16 11:00:00,Compressor_C,Non_Drive_End,3.772,6.395,45.39,3006.9,80.0,OK
2023-01-16 12:00:00,Compressor_C,Non_Drive_End,2.523,3.676,39.25,2996.8,65.2,OK
2023-01-16 13:00:00,Compressor_C,Non_Drive_End,3.899,5.486,49.37,2977.9,90.9,OK
2023-01-16 14:00:00,Compressor_C,Non_Drive_End,2.639,4.48,40.1,3002.3,63.3,OK
2023-01-16 15:00:00,Compressor_C,Non_Drive_End,3.22,4.954,45.2,2994.5,81.8,OK
2023-01-16 16:00:00,Compressor_C,Non_Drive_End,2.369,3.724,36.46,2987.7,56.4,OK
2023-01-16 17:00:00,Compressor_C,Non_Drive_End,3.345,4.367,43.43,2981.6,71.4,OK
2023-01-16 18:00:00,Compressor_C,Non_Drive_End,3.315,5.004,42.74,3012.9,79.5,OK
2023-01-16 19:00:00,Compressor_C,Non_Drive_End,1.689,2.42,35.67,3006.0,50.9,OK
2023-01-16 20:00:00,Compressor_C,Non_Drive_End,3.742,5.868,49.19,2993.4,91.2,OK
2023-01-16 21:00:00,Compressor_C,Non_Drive_End,2.898,4.633,42.74,2992.0,70.1,OK
2023-01-16 22:00:00,Compressor_C,Non_Drive_End,3.038,4.469,40.38,2985.0,61.4,OK
2023-01-16 23:00:00,Compressor_C,Non_Drive_End,3.173,4.909,43.85,3004.9,69.6,OK
2023-01-17 00:00:00,Compressor_C,Non_Drive_End,3.301,5.184,43.75,2997.4,75.1,OK
2023-01-17 01:00:00,Compressor_C,Non_Drive_End,2.462,3.402,38.58,3003.1,60.7,OK
2023-01-17 02:00:00,Compressor_C,Non_Drive_End,2.256,4.257,39.56,2988.6,65.6,OK
2023-01-17 03:00:00,Compressor_C,Non_Drive_End,2.837,3.892,43.71,2993.3,78.2,OK
2023-01-17 04:00:00,Compressor_C,Non_Drive_End,4.238,7.009,49.34,3006.4,94.1,OK
2023-01-17 05:00:00,Compressor_C,Non_Drive_End,4.138,5.704,48.79,2996.2,96.3,OK
2023-01-17 06:00:00,Compressor_C,Non_Drive_End,3.788,6.038,48.02,2992.6,89.9,OK
2023-01-17 07:00:00,Compressor_C,Non_Drive_End,4.071,6.145,49.44,3005.1,94.4,OK
2023-01-17 08:00:00,Compressor_C,Non_Drive_End,2.674,5.03,39.77,2989.0,66.2,OK
2023-01-17 09:00:00,Compressor_C,Non_Drive_End,4.602,7.355,52.41,2995.3,98.5,OK
2023-01-17 10:00:00,Compressor_C,Non_Drive_End,3.867,6.657,45.46,3013.8,85.8,OK
2023-01-17 11:00:00,Compressor_C,Non_Drive_End,3.574,5.651,44.74,3002.8,85.2,OK
2023-01-17 12:00:00,Compressor_C,Non_Drive_End,3.321,4.866,44.76,2980.0,70.2,OK
2023-01-17 13:00:00,Compressor_C,Non_Drive_End,3.985,5.454,49.14,3004.5,92.0,OK
2023-01-17 14:00:00,Compressor_C,Non_Drive_End,3.143,4.235,45.71,2986.6,78.9,OK
2023-01-17 15:00:00,Compressor_C,Non_Drive_End,4.53,6.627,50.64,3002.0,100.0,OK
2023-01-17 16:00:00,Compressor_C,Non_Drive_End,4.321,6.441,50.6,3018.7,100.0,OK
2023-01-17 17:00:00,Compressor_C,Non_Drive_End,2.922,4.617,43.02,3011.9,73.7,OK
2023-01-17 18:00:00,Compressor_C,Non_Drive_End,3.423,5.743,42.86,3008.9,77.9,OK
2023-01-17 19:00:00,Compressor_C,Non_Drive_End,2.704,3.513,41.15,2999.3,74.8,OK
2023-01-17 20:00:00,Compressor_C,Non_Drive_End,4.048,6.48,47.6,2992.9,94.2,OK
2023-01-17 21:00:00,Compressor_C,Non_Drive_End,1.657,1.781,34.75,2996.4,48.9,OK
2023-01-17 22:00:00,Compressor_C,Non_Drive_End,4.379,7.189,47.7,3007.9,93.1,OK
2023-01-17 23:00:00,Compressor_C,Non_Drive_End,3.688,5.813,45.09,2994.7,86.8,OK
2023-01-18 00:00:00,Compressor_C,Non_Drive_End,2.284,3.495,35.83,3006.3,53.7,OK
2023-01-18 01:00:00,Compressor_C,Non_Drive_End,4.075,5.524,48.24,3006.8,91.2,OK
2023-01-18 02:00:00,Compressor_C,Non_Drive_End,4.063,5.97,48.76,3013.3,92.6,OK
2023-01-18 03:00:00,Compressor_C,Non_Drive_End,3.127,5.287,46.69,2994.2,84.1,OK
2023-01-18 04:00:00,Compressor_C,Non_Drive_End,3.013,4.426,42.94,2989.3,70.8,OK
2023-01-18 05:00:00,Compressor_C,Non_Drive_End,3.277,5.349,45.21,2992.1,80.8,OK
2023-01-18 06:00:00,Compressor_C,Non_Drive_End,4.663,6.123,51.8,2990.3,95.9,OK
2023-01-18 07:00:00,Compressor_C,Non_Drive_End,2.38,3.986,35.93,2992.1,51.4,OK
2023-01-18 08:00:00,Compressor_C,Non_Drive_End,3.214,5.446,42.27,3001.0,72.2,OK
2023-01-18 09:00:00,Compressor_C,Non_Drive_End,2.2,2.649,37.21,3001.6,55.8,OK
2023-01-18 10:00:00,Compressor_C,Non_Drive_End,3.161,4.985,42.2,3003.1,76.8,OK
2023-01-18 11:00:00,Compressor_C,Non_Drive_End,3.228,5.234,42.91,2997.6,67.6,OK
2023-01-18 12:00:00,Compressor_C,Non_Drive_End,4.508,7.473,52.53,3036.0,100.0,OK
2023-01-18 13:00:00,Compressor_C,Non_Drive_End,4.163,5.995,49.97,3017.7,94.9,OK
2023-01-18 14:00:00,Compressor_C,Non_Drive_End,3.676,5.274,44.59,3003.2,77.3,OK
2023-01-18 15:00:00,Compressor_C,Non_Drive_End,3.248,4.582,45.58,2997.7,82.6,OK
2023-01-18 16:00:00,Compressor_C,Non_Drive_End,4.268,6.417,48.84,2988.5,100.0,OK
2023-01-18 17:00:00,Compressor_C,Non_Drive_End,3.44,4.775,45.17,2982.6,73.3,OK
2023-01-18 18:00:00,Compressor_C,Non_Drive_End,4.121,6.084,49.79,2993.5,96.7,OK
2023-01-18 19:00:00,Compressor_C,Non_Drive_End,3.909,5.996,46.72,2992.2,85.2,OK
2023-01-18 20:00:00,Compressor_C,Non_Drive_End,2.803,4.233,41.21,2998.2,69.3,OK
2023-01-18 21:00:00,Compressor_C,Non_Drive_End,3.67,6.007,46.44,3017.7,83.9,OK
2023-01-18 22:00:00,Compressor_C,Non_Drive_End,3.31,5.104,42.85,2998.8,76.4,OK
2023-01-18 23:00:00,Compressor_C,Non_Drive_End,2.581,4.244,38.46,3006.5,58.0,OK
2023-01-19 00:00:00,Compressor_C,Non_Drive_End,4.233,5.92,48.04,3007.1,91.5,OK
2023-01-19 01:00:00,Compressor_C,Non_Drive_End,3.16,3.802,44.71,2999.8,74.2,OK
2023-01-19 02:00:00,Compressor_C,Non_Drive_End,3.543,4.143,43.77,3001.7,75.9,OK
2023-01-19 03:00:00,Compressor_C,Non_Drive_End,3.175,5.486,43.7,2996.6,74.2,OK
2023-01-19 04:00:00,Compressor_C,Non_Drive_End,3.939,4.868,47.44,3000.5,94.4,OK
2023-01-19 05:00:00,Compressor_C,Non_Drive_End,3.728,5.407,48.66,3000.3,85.4,OK
2023-01-19 06:00:00,Compressor_C,Non_Drive_End,2.883,4.294,42.17,3009.3,67.7,OK
2023-01-19 07:00:00,Compressor_C,Non_Drive_End,4.66,7.172,51.91,2997.6,100.0,OK
2023-01-19 08:00:00,Compressor_C,Non_Drive_End,3.592,5.098,46.74,2993.1,83.1,OK
2023-01-19 09:00:00,Compressor_C,Non_Drive_End,3.284,3.326,43.68,2987.0,78.6,OK
2023-01-19 10:00:00,Compressor_C,Non_Drive_End,3.924,6.174,46.7,2998.6,80.6,OK
2023-01-19 11:00:00,Compressor_C,Non_Drive_End,2.17,2.862,35.95,2996.4,55.4,OK
2023-01-19 12:00:00,Compressor_C,Non_Drive_End,2.319,3.407,36.12,2987.2,52.9,OK
2023-01-19 13:00:00,Compressor_C,Non_Drive_End,3.497,5.515,44.13,3011.7,79.9,OK
2023-01-19 14:00:00,Compressor_C,Non_Drive_End,3.415,5.837,43.51,3003.5,70.7,OK
2023-01-19 15:00:00,Compressor_C,Non_Drive_End,3.773,4.512,45.08,3014.0,82.3,OK
2023-01-19 16:00:00,Compressor_C,Non_Drive_End,3.574,5.011,45.94,2982.1,85.1,OK
2023-01-19 17:00:00,Compressor_C,Non_Drive_End,3.449,5.042,43.63,2997.1,75.7,OK
2023-01-19 18:00:00,Compressor_C,Non_Drive_End,2.354,2.987,38.3,3010.2,59.8,OK
2023-01-19 19:00:00,Compressor_C,Non_Drive_End,2.976,4.301,43.7,2994.7,68.5,OK
2023-01-19 20:00:00,Compressor_C,Non_Drive_End,3.056,4.153,42.58,3006.2,78.9,OK
2023-01-19 21:00:00,Compressor_C,Non_Drive_End,2.991,4.659,40.64,3004.2,65.7,OK
2023-01-19 22:00:00,Compressor_C,Non_Drive_End,3.441,5.229,43.9,3011.1,70.5,OK
2023-01-19 23:00:00,Compressor_C,Non_Drive_End,3.525,5.043,46.49,3007.6,85.2,OK
2023-01-20 00:00:00,Compressor_C,Non_Drive_End,4.003,5.755,50.9,2991.8,98.2,OK
2023-01-20 01:00:00,Compressor_C,Non_Drive_End,2.343,3.457,37.95,2988.2,56.2,OK
2023-01-20 02:00:00,Compressor_C,Non_Drive_End,2.817,3.63,41.08,2996.8,61.6,OK
2023-01-20 03:00:00,Compressor_C,Non_Drive_End,2.625,3.365,39.11,3008.5,64.0,OK
2023-01-20 04:00:00,Compressor_C,Non_Drive_End,4.132,6.916,47.03,2999.9,88.2,OK
2023-01-20 05:00:00,Compressor_C,Non_Drive_End,2.378,4.119,38.99,2987.0,61.2,OK
2023-01-20 06:00:00,Compressor_C,Non_Drive_End,3.372,6.012,43.3,2999.9,71.8,OK
2023-01-20 07:00:00,Compressor_C,Non_Drive_End,1.692,2.651,33.23,3003.0,40.1,OK
2023-01-20 08:00:00,Compressor_C,Non_Drive_End,3.591,5.225,47.36,2987.7,85.4,OK
2023-01-20 09:00:00,Compressor_C,Non_Drive_End,2.986,5.273,41.38,3004.6,68.5,OK
2023-01-20 10:00:00,Compressor_C,Non_Drive_End,2.612,4.274,36.73,3006.5,53.7,OK
2023-01-20 11:00:00,Compressor_C,Non_Drive_End,3.089,4.47,40.06,2990.5,63.8,OK
2023-01-20 12:00:00,Compressor_C,Non_Drive_End,3.695,5.035,46.19,2996.8,77.6,OK
2023-01-20 13:00:00,Compressor_C,Non_Drive_End,3.908,5.905,46.07,3012.1,81.8,OK
2023-01-20 14:00:00,Compressor_C,Non_Drive_End,3.218,5.604,44.74,2999.1,81.0,OK
2023-01-20 15:00:00,Compressor_C,Non_Drive_End,2.162,3.628,37.55,2979.3,62.6,OK
2023-01-20 16:00:00,Compressor_C,Non_Drive_End,3.056,4.857,42.62,3004.9,73.2,OK
2023-01-20 17:00:00,Compressor_C,Non_Drive_End,3.273,5.211,43.5,2984.3,78.7,OK
2023-01-20 18:00:00,Compressor_C,Non_Drive_End,4.535,7.549,51.93,3023.5,98.1,OK
2023-01-20 19:00:00,Compressor_C,Non_Drive_End,3.502,4.991,42.36,3002.0,72.0,OK
2023-01-20 20:00:00,Compressor_C,Non_Drive_End,2.449,4.51,39.19,2997.8,63.0,OK
2023-01-20 21:00:00,Compressor_C,Non_Drive_End,4.001,5.346,48.26,2997.0,94.6,OK
2023-01-20 22:00:00,Compressor_C,Non_Drive_End,3.881,5.078,47.0,3005.2,85.2,OK
2023-01-20 23:00:00,Compressor_C,Non_Drive_End,2.826,3.653,41.21,3004.0,64.6,OK
2023-01-21 00:00:00,Compressor_C,Non_Drive_End,4.467,6.543,51.21,3008.3,100.0,OK
2023-01-21 01:00:00,Compressor_C,Non_Drive_End,2.702,3.108,40.94,3002.5,68.6,OK
2023-01-21 02:00:00,Compressor_C,Non_Drive_End,3.259,5.034,43.47,2994.3,80.3,OK
2023-01-21 03:00:00,Compressor_C,Non_Drive_End,3.526,4.604,43.37,3017.6,77.9,OK
2023-01-21 04:00:00,Compressor_C,Non_Drive_End,3.214,5.086,45.06,2986.2,82.3,OK
2023-01-21 05:00:00,Compressor_C,Non_Drive_End,3.825,5.406,47.68,3002.6,86.8,OK
2023-01-21 06:00:00,Compressor_C,Non_Drive_End,4.296,5.876,50.12,2995.0,100.0,OK
2023-01-21 07:00:00,Compressor_C,Non_Drive_End,3.74,5.932,44.41,2978.6,83.0,OK
2023-01-21 08:00:00,Compressor_C,Non_Drive_End,2.737,4.365,40.01,3000.8,65.3,OK
2023-01-21 09:00:00,Compressor_C,Non_Drive_End,4.252,5.846,51.41,2996.8,99.0,OK
2023-01-21 10:00:00,Compressor_C,Non_Drive_End,3.645,4.457,44.31,3006.3,80.4,OK
2023-01-21 11:00:00,Compressor_C,Non_Drive_End,2.65,4.475,41.01,2991.8,64.7,OK
2023-01-21 12:00:00,Compressor_C,Non_Drive_End,3.139,4.753,43.42,2997.5,75.6,OK
2023-01-21 13:00:00,Compressor_C,Non_Drive_End,3.644,5.39,49.16,3008.0,92.1,OK
2023-01-21 14:00:00,Compressor_C,Non_Drive_End,3.11,4.753,41.57,3011.4,73.4,OK
2023-01-21 15:00:00,Compressor_C,Non_Drive_End,2.852,4.291,38.85,3007.3,63.5,OK
2023-01-21 16:00:00,Compressor_C,Non_Drive_End,3.881,5.664,44.43,3012.6,80.7,OK
2023-01-21 17:00:00,Compressor_C,Non_Drive_End,4.319,6.619,48.68,2997.2,92.6,OK
2023-01-21 18:00:00,Compressor_C,Non_Drive_End,3.514,4.753,43.62,3013.1,80.9,OK
2023-01-21 19:00:00,Compressor_C,Non_Drive_End,3.085,4.067,43.2,2995.9,68.4,OK
2023-01-21 20:00:00,Compressor_C,Non_Drive_End,2.842,4.334,37.7,3023.3,59.9,OK
2023-01-21 21:00:00,Compressor_C,Non_Drive_End,3.204,4.951,43.27,2996.1,79.2,OK
2023-01-21 22:00:00,Compressor_C,Non_Drive_End,2.849,5.312,40.69,2998.0,69.3,OK
2023-01-21 23:00:00,Compressor_C,Non_Drive_End,3.901,6.066,48.21,3001.5,86.6,OK
2023-01-22 00:00:00,Compressor_C,Non_Drive_End,3.712,5.498,45.42,3002.2,84.0,OK
2023-01-22 01:00:00,Compressor_C,Non_Drive_End,3.535,5.392,44.67,3002.4,79.1,OK
2023-01-22 02:00:00,Compressor_C,Non_Drive_End,3.52,5.169,45.06,2994.5,79.1,OK
2023-01-22 03:00:00,Compressor_C,Non_Drive_End,4.37,6.572,52.2,2992.9,95.0,OK
2023-01-22 04:00:00,Compressor_C,Non_Drive_End,3.341,4.317,43.43,3007.0,76.8,OK
2023-01-22 05:00:00,Compressor_C,Non_Drive_End,3.716,5.559,47.09,2995.7,93.2,OK
2023-01-22 06:00:00,Compressor_C,Non_Drive_End,3.753,6.397,45.47,3015.5,82.0,OK
2023-01-22 07:00:00,Compressor_C,Non_Drive_End,3.256,4.42,42.65,2989.6,77.9,OK
2023-01-22 08:00:00,Compressor_C,Non_Drive_End,4.774,7.784,52.68,2979.1,100.0,OK
2023-01-22 09:00:00,Compressor_C,Non_Drive_End,2.554,4.144,39.3,2984.2,63.3,OK
2023-01-22 10:00:00,Compressor_C,Non_Drive_End,3.054,4.468,40.86,3011.5,64.3,OK
2023-01-22 11:00:00,Compressor_C,Non_Drive_End,2.47,3.883,37.39,2995.9,57.4,OK
2023-01-22 12:00:00,Compressor_C,Non_Drive_End,3.239,5.07,41.56,2995.5,75.9,OK
2023-01-22 13:00:00,Compressor_C,Non_Drive_End,3.33,4.756,43.9,3003.5,78.9,OK
2023-01-22 14:00:00,Compressor_C,Non_Drive_End,3.167,3.7,43.38,3000.1,72.8,OK
2023-01-22 15:00:00,Compressor_C,Non_Drive_End,3.044,4.133,42.79,3019.3,75.7,OK
2023-01-22 16:00:00,Compressor_C,Non_Drive_End,3.644,5.762,45.65,2980.5,86.2,OK
2023-01-22 17:00:00,Compressor_C,Non_Drive_End,4.32,6.785,52.66,2995.5,100.0,OK
2023-01-22 18:00:00,Compressor_C,Non_Drive_End,4.148,5.761,48.81,3012.6,86.2,OK
2023-01-22 19:00:00,Compressor_C,Non_Drive_End,2.343,4.136,38.71,3004.2,57.1,OK
2023-01-22 20:00:00,Compressor_C,Non_Drive_End,4.029,6.074,47.97,3003.0,88.5,OK
2023-01-22 21:00:00,Compressor_C,Non_Drive_End,4.472,6.826,51.51,3015.6,100.0,OK
2023-01-22 22:00:00,Compressor_C,Non_Drive_End,2.611,3.542,40.06,2996.6,55.8,OK
2023-01-22 23:00:00,Compressor_C,Non_Drive_End,4.491,6.278,50.73,3004.0,97.6,OK
2023-01-23 00:00:00,Compressor_C,Non_Drive_End,4.712,6.38,50.83,2993.9,100.0,OK
2023-01-23 01:00:00,Compressor_C,Non_Drive_End,4.392,7.27,52.48,2999.9,100.0,OK
2023-01-23 02:00:00,Compressor_C,Non_Drive_End,4.133,6.356,50.04,2994.3,93.8,OK
2023-01-23 03:00:00,Compressor_C,Non_Drive_End,3.172,5.402,43.41,3001.7,72.4,OK
2023-01-23 04:00:00,Compressor_C,Non_Drive_End,2.184,3.56,38.11,2997.9,57.4,OK
2023-01-23 05:00:00,Compressor_C,Non_Drive_End,3.59,5.489,44.89,2997.3,81.5,OK
2023-01-23 06:00:00,Compressor_C,Non_Drive_End,2.839,4.507,40.05,2979.5,61.7,OK
2023-01-23 07:00:00,Compressor_C,Non_Drive_End,4.102,6.345,50.59,2987.4,99.0,OK
2023-01-23 08:00:00,Compressor_C,Non_Drive_End,2.121,2.779,36.03,3003.6,54.0,OK
2023-01-23 09:00:00,Compressor_C,Non_Drive_End,1.528,2.571,32.59,2994.1,43.4,OK
2023-01-23 10:00:00,Compressor_C,Non_Drive_End,3.811,5.995,47.39,2974.5,89.6,OK
2023-01-23 11:00:00,Compressor_C,Non_Drive_End,4.28,6.101,48.75,2982.0,92.7,OK
2023-01-23 12:00:00,Compressor_C,Non_Drive_End,4.45,7.695,51.62,3011.6,94.9,OK
2023-01-23 13:00:00,Compressor_C,Non_Drive_End,2.831,5.262,42.05,3001.4,68.1,OK
2023-01-23 14:00:00,Compressor_C,Non_Drive_End,3.112,4.793,42.53,3008.8,77.2,OK
2023-01-23 15:00:00,Compressor_C,Non_Drive_End,2.415,3.852,37.04,3007.8,54.7,OK
2023-01-23 16:00:00,Compressor_C,Non_Drive_End,2.356,3.418,39.42,2988.4,61.0,OK
2023-01-23 17:00:00,Compressor_C,Non_Drive_End,4.157,5.875,47.29,2983.5,95.9,OK
2023-01-23 18:00:00,Compressor_C,Non_Drive_End,3.902,6.526,47.79,2997.5,88.5,OK
2023-01-23 19:00:00,Compressor_C,Non_Drive_End,3.389,5.231,44.12,3005.7,73.5,OK
2023-01-23 20:00:00,Compressor_C,Non_Drive_End,3.413,4.744,43.78,2999.2,77.8,OK
2023-01-23 21:00:00,Compressor_C,Non_Drive_End,4.818,6.566,50.88,3020.1,100.0,OK
2023-01-23 22:00:00,Compressor_C,Non_Drive_End,2.045,2.773,39.2,3001.3,62.1,OK
2023-01-23 23:00:00,Compressor_C,Non_Drive_End,4.15,6.509,50.51,2994.9,94.7,OK
2023-01-24 00:00:00,Compressor_C,Non_Drive_End,2.987,3.815,41.9,2997.7,72.0,OK
2023-01-24 01:00:00,Compressor_C,Non_Drive_End,3.407,5.353,44.58,2987.4,75.6,OK
2023-01-24 02:00:00,Compressor_C,Non_Drive_End,3.017,4.194,40.6,2980.2,68.5,OK
2023-01-24 03:00:00,Compressor_C,Non_Drive_End,2.873,4.056,38.57,2997.2,61.1,OK
2023-01-24 04:00:00,Compressor_C,Non_Drive_End,3.565,5.679,49.25,3001.7,89.8,OK
2023-01-24 05:00:00,Compressor_C,Non_Drive_End,0.98,1.432,31.89,2987.6,41.0,OK
2023-01-24 06:00:00,Compressor_C,Non_Drive_End,3.745,6.469,47.09,3013.9,81.6,OK
2023-01-24 07:00:00,Compressor_C,Non_Drive_End,3.024,4.421,42.66,3000.7,74.0,OK
2023-01-24 08:00:00,Compressor_C,Non_Drive_End,3.37,4.589,43.55,3013.4,78.7,OK
2023-01-24 09:00:00,Compressor_C,Non_Drive_End,3.951,6.59,48.39,2986.0,89.8,OK
2023-01-24 10:00:00,Compressor_C,Non_Drive_End,3.238,4.429,43.93,2999.6,78.9,OK
2023-01-24 11:00:00,Compressor_C,Non_Drive_End,3.722,6.259,47.97,3009.5,84.1,OK
2023-01-24 12:00:00,Compressor_C,Non_Drive_End,3.898,5.273,48.9,3012.2,91.9,OK
2023-01-24 13:00:00,Compressor_C,Non_Drive_End,2.648,4.679,38.59,2997.1,59.9,OK
2023-01-24 14:00:00,Compressor_C,Non_Drive_End,2.798,4.11,41.29,3003.2,70.3,OK
2023-01-24 15:00:00,Compressor_C,Non_Drive_End,3.312,4.605,43.7,3000.9,79.6,OK
2023-01-24 16:00:00,Compressor_C,Non_Drive_End,2.464,4.094,37.29,3003.4,55.7,OK
2023-01-24 17:00:00,Compressor_C,Non_Drive_End,3.02,4.638,43.11,3007.4,67.8,OK
2023-01-24 18:00:00,Compressor_C,Non_Drive_End,3.4,4.32,45.33,2997.4,79.6,OK
2023-01-24 19:00:00,Compressor_C,Non_Drive_End,3.789,5.489,43.07,3005.1,78.4,OK
2023-01-24 20:00:00,Compressor_C,Non_Drive_End,3.714,5.77,47.77,3001.7,87.2,OK
2023-01-24 21:00:00,Compressor_C,Non_Drive_End,3.085,4.267,41.19,2997.0,65.8,OK
2023-01-24 22:00:00,Compressor_C,Non_Drive_End,1.563,2.959,30.92,2985.2,40.6,OK
2023-01-24 23:00:00,Compressor_C,Non_Drive_End,3.747,5.011,46.27,2996.2,81.1,OK
2023-01-25 00:00:00,Compressor_C,Non_Drive_End,3.024,4.409,42.33,3002.2,70.2,OK
2023-01-25 01:00:00,Compressor_C,Non_Drive_End,3.461,5.231,45.26,2998.7,80.7,OK
2023-01-25 02:00:00,Compressor_C,Non_Drive_End,2.547,3.801,39.06,2996.5,65.2,OK
2023-01-25 03:00:00,Compressor_C,Non_Drive_End,3.894,5.839,48.93,3006.7,91.6,OK
2023-01-25 04:00:00,Compressor_C,Non_Drive_End,3.15,5.152,44.5,2992.7,77.4,OK
2023-01-25 05:00:00,Compressor_C,Non_Drive_End,2.751,4.79,42.35,3007.7,76.9,OK
2023-01-25 06:00:00,Compressor_C,Non_Drive_End,3.885,5.298,47.86,2996.8,82.1,OK
2023-01-25 07:00:00,Compressor_C,Non_Drive_End,3.731,4.943,47.7,3006.2,85.9,OK
2023-01-25 08:00:00,Compressor_C,Non_Drive_End,3.695,5.333,47.81,3013.6,84.7,OK
2023-01-25 09:00:00,Compressor_C,Non_Drive_End,4.349,6.929,50.87,3000.1,100.0,OK
2023-01-25 10:00:00,Compressor_C,Non_Drive_End,4.262,6.044,49.18,2997.4,89.0,OK
2023-01-25 11:00:00,Compressor_C,Non_Drive_End,3.051,4.946,43.33,2997.2,72.7,OK
2023-01-25 12:00:00,Compressor_C,Non_Drive_End,3.946,6.368,48.72,2998.9,88.4,OK
2023-01-25 13:00:00,Compressor_C,Non_Drive_End,1.455,2.517,31.82,2997.3,40.0,OK
2023-01-25 14:00:00,Compressor_C,Non_Drive_End,4.091,6.587,47.16,2989.2,90.8,OK
2023-01-25 15:00:00,Compressor_C,Non_Drive_End,4.5,6.336,51.33,3011.9,100.0,OK
2023-01-25 16:00:00,Compressor_C,Non_Drive_End,3.863,5.556,46.72,3004.4,81.3,OK
2023-01-25 17:00:00,Compressor_C,Non_Drive_End,2.606,4.255,38.13,2995.9,60.6,OK
2023-01-25 18:00:00,Compressor_C,Non_Drive_End,3.402,5.207,41.2,3014.6,73.4,OK
2023-01-25 19:00:00,Compressor_C,Non_Drive_End,4.437,6.395,51.72,2999.8,100.0,OK
2023-01-25 20:00:00,Compressor_C,Non_Drive_End,3.605,5.251,48.45,3009.5,85.8,OK
2023-01-25 21:00:00,Compressor_C,Non_Drive_End,3.48,5.473,46.66,2998.3,83.4,OK
2023-01-25 22:00:00,Compressor_C,Non_Drive_End,4.228,7.178,50.52,2997.4,93.1,OK
2023-01-25 23:00:00,Compressor_C,Non_Drive_End,2.971,4.856,40.24,2974.5,68.2,OK
2023-01-26 00:00:00,Compressor_C,Non_Drive_End,3.514,4.999,46.3,2997.4,79.9,OK
2023-01-26 01:00:00,Compressor_C,Non_Drive_End,3.794,5.06,47.46,2991.2,82.2,OK
2023-01-26 02:00:00,Compressor_C,Non_Drive_End,4.212,6.069,49.84,3013.9,94.9,OK
2023-01-26 03:00:00,Compressor_C,Non_Drive_End,3.326,4.806,43.14,2993.5,78.7,OK
2023-01-26 04:00:00,Compressor_C,Non_Drive_End,3.947,5.365,46.99,2999.5,90.2,OK
2023-01-26 05:00:00,Compressor_C,Non_Drive_End,4.622,7.014,49.03,2993.7,100.0,OK
2023-01-26 06:00:00,Compressor_C,Non_Drive_End,4.346,6.506,49.97,3006.8,100.0,OK
2023-01-26 07:00:00,Compressor_C,Non_Drive_End,4.395,6.228,51.32,2990.9,100.0,OK
2023-01-26 08:00:00,Compressor_C,Non_Drive_End,4.42,6.819,51.38,3017.9,100.0,OK
2023-01-26 09:00:00,Compressor_C,Non_Drive_End,3.036,4.649,42.48,3024.2,65.3,OK
2023-01-26 10:00:00,Compressor_C,Non_Drive_End,4.474,7.467,50.13,3000.8,98.2,OK
2023-01-26 11:00:00,Compressor_C,Non_Drive_End,4.805,7.205,52.6,2997.7,100.0,OK
2023-01-26 12:00:00,Compressor_C,Non_Drive_End,3.42,5.82,42.38,2994.7,79.5,OK
2023-01-26 13:00:00,Compressor_C,Non_Drive_End,2.355,4.288,39.68,2992.7,61.4,OK
2023-01-26 14:00:00,Compressor_C,Non_Drive_End,4.211,5.522,50.7,2993.6,88.9,OK
2023-01-26 15:00:00,Compressor_C,Non_Drive_End,2.901,3.814,43.37,2997.4,69.7,OK
2023-01-26 16:00:00,Compressor_C,Non_Drive_End,3.847,5.861,48.76,3012.2,91.8,OK
2023-01-26 17:00:00,Compressor_C,Non_Drive_End,3.918,5.938,45.9,2988.4,84.1,OK
2023-01-26 18:00:00,Compressor_C,Non_Drive_End,2.599,3.39,37.35,3006.1,52.2,OK
2023-01-26 19:00:00,Compressor_C,Non_Drive_End,4.237,5.925,51.16,2987.3,96.7,OK
2023-01-26 20:00:00,Compressor_C,Non_Drive_End,4.326,6.267,50.41,3001.6,99.9,OK
2023-01-26 21:00:00,Compressor_C,Non_Drive_End,2.882,4.568,40.51,2999.0,65.3,OK
2023-01-26 22:00:00,Compressor_C,Non_Drive_End,3.283,5.005,44.05,2999.2,80.9,OK
2023-01-26 23:00:00,Compressor_C,Non_Drive_End,2.367,3.665,38.97,3003.7,59.8,OK
2023-01-27 00:00:00,Compressor_C,Non_Drive_End,2.425,4.404,38.1,3000.9,65.7,OK
2023-01-27 01:00:00,Compressor_C,Non_Drive_End,3.067,4.002,43.09,3013.4,72.3,OK
2023-01-27 02:00:00,Compressor_C,Non_Drive_End,3.913,5.652,47.9,2993.7,90.4,OK
2023-01-27 03:00:00,Compressor_C,Non_Drive_End,2.437,3.208,36.08,2998.2,51.6,OK
2023-01-27 04:00:00,Compressor_C,Non_Drive_End,2.853,4.87,38.58,3006.1,62.2,OK
2023-01-27 05:00:00,Compressor_C,Non_Drive_End,3.977,6.204,47.22,3014.3,87.5,OK
2023-01-27 06:00:00,Compressor_C,Non_Drive_End,3.731,4.972,45.78,3012.4,83.3,OK
2023-01-27 07:00:00,Compressor_C,Non_Drive_End,4.431,6.369,52.14,3003.2,98.1,OK
2023-01-27 08:00:00,Compressor_C,Non_Drive_End,4.789,7.003,51.72,3012.6,100.0,OK
2023-01-27 09:00:00,Compressor_C,Non_Drive_End,3.669,6.086,45.49,3000.4,77.7,OK
2023-01-27 10:00:00,Compressor_C,Non_Drive_End,2.475,4.152,38.06,2983.1,58.5,OK
2023-01-27 11:00:00,Compressor_C,Non_Drive_End,4.258,6.055,50.19,2989.2,100.0,OK
2023-01-27 12:00:00,Compressor_C,Non_Drive_End,3.585,5.824,45.03,2995.8,87.9,OK
2023-01-27 13:00:00,Compressor_C,Non_Drive_End,2.738,4.2,41.8,2983.8,63.9,OK
2023-01-27 14:00:00,Compressor_C,Non_Drive_End,4.243,5.876,49.73,3014.4,93.7,OK
2023-01-27 15:00:00,Compressor_C,Non_Drive_End,3.85,6.019,46.72,3007.0,88.9,OK
2023-01-27 16:00:00,Compressor_C,Non_Drive_End,2.722,3.495,39.5,2988.8,64.4,OK
2023-01-27 17:00:00,Compressor_C,Non_Drive_End,4.076,6.15,49.4,2989.7,93.5,OK
2023-01-27 18:00:00,Compressor_C,Non_Drive_End,3.244,5.435,42.78,3007.9,72.5,OK
2023-01-27 19:00:00,Compressor_C,Non_Drive_End,3.177,4.577,42.08,2993.2,72.3,OK
2023-01-27 20:00:00,Compressor_C,Non_Drive_End,3.204,4.099,43.22,2993.2,73.3,OK
2023-01-27 21:00:00,Compressor_C,Non_Drive_End,4.392,6.597,47.7,2994.2,90.1,OK
2023-01-27 22:00:00,Compressor_C,Non_Drive_End,3.379,4.94,42.84,3000.6,75.8,OK
2023-01-27 23:00:00,Compressor_C,Non_Drive_End,2.567,3.283,38.65,2993.5,63.6,OK
2023-01-28 00:00:00,Compressor_C,Non_Drive_End,4.146,6.871,49.57,3016.5,89.9,OK
2023-01-28 01:00:00,Compressor_C,Non_Drive_End,4.153,6.019,48.91,2996.6,92.5,OK
2023-01-28 02:00:00,Compressor_C,Non_Drive_End,3.636,5.373,45.6,3007.1,81.0,OK
2023-01-28 03:00:00,Compressor_C,Non_Drive_End,3.521,4.743,47.46,3006.7,86.5,OK
2023-01-28 04:00:00,Compressor_C,Non_Drive_End,3.402,4.971,45.13,2995.8,79.1,OK
2023-01-28 05:00:00,Compressor_C,Non_Drive_End,2.718,4.275,39.94,3000.2,63.4,OK
2023-01-28 06:00:00,Compressor_C,Non_Drive_End,3.699,6.776,46.74,2994.3,87.7,OK
2023-01-28 07:00:00,Compressor_C,Non_Drive_End,3.681,5.249,43.9,3006.8,77.2,OK
2023-01-28 08:00:00,Compressor_C,Non_Drive_End,2.361,3.527,37.45,3015.9,61.4,OK
2023-01-28 09:00:00,Compressor_C,Non_Drive_End,2.226,2.993,39.48,2997.1,58.3,OK
2023-01-28 10:00:00,Compressor_C,Non_Drive_End,3.984,5.925,47.04,3009.3,86.4,OK
2023-01-28 11:00:00,Compressor_C,Non_Drive_End,3.573,5.424,45.22,3001.7,83.7,OK
2023-01-28 12:00:00,Compressor_C,Non_Drive_End,3.118,3.501,42.59,2996.6,77.4,OK
2023-01-28 13:00:00,Compressor_C,Non_Drive_End,4.655,5.921,50.88,2996.9,100.0,OK
2023-01-28 14:00:00,Compressor_C,Non_Drive_End,2.969,4.683,41.3,2998.0,59.7,OK
2023-01-28 15:00:00,Compressor_C,Non_Drive_End,3.724,5.531,44.26,3013.6,76.2,OK
2023-01-28 16:00:00,Compressor_C,Non_Drive_End,2.528,4.808,37.32,2996.9,60.2,OK
2023-01-28 17:00:00,Compressor_C,Non_Drive_End,3.459,5.345,45.59,2981.9,80.9,OK
2023-01-28 18:00:00,Compressor_C,Non_Drive_End,4.058,6.11,47.11,3004.0,88.8,OK
2023-01-28 19:00:00,Compressor_C,Non_Drive_End,2.084,3.753,35.81,2994.5,52.2,OK
2023-01-28 20:00:00,Compressor_C,Non_Drive_End,3.299,5.353,45.89,3003.9,77.1,OK
2023-01-28 21:00:00,Compressor_C,Non_Drive_End,4.567,7.64,51.52,3001.0,100.0,OK
2023-01-28 22:00:00,Compressor_C,Non_Drive_End,3.947,6.499,47.44,2988.6,90.2,OK
2023-01-28 23:00:00,Compressor_C,Non_Drive_End,3.805,6.339,45.57,2984.3,78.1,OK
2023-01-29 00:00:00,Compressor_C,Non_Drive_End,4.157,5.977,48.9,3004.0,87.6,OK
2023-01-29 01:00:00,Compressor_C,Non_Drive_End,3.856,5.485,48.1,3012.2,96.2,OK
2023-01-29 02:00:00,Compressor_C,Non_Drive_End,3.203,5.89,45.32,2979.8,82.2,OK
2023-01-29 03:00:00,Compressor_C,Non_Drive_End,3.62,5.929,45.03,3003.6,81.8,OK
2023-01-29 04:00:00,Compressor_C,Non_Drive_End,3.431,5.784,44.94,3002.3,82.8,OK
2023-01-29 05:00:00,Compressor_C,Non_Drive_End,4.59,6.364,49.69,3001.1,95.3,OK
2023-01-29 06:00:00,Compressor_C,Non_Drive_End,3.129,5.49,39.05,3001.3,66.4,OK
2023-01-29 07:00:00,Compressor_C,Non_Drive_End,3.846,6.329,46.57,2967.9,83.7,OK
2023-01-29 08:00:00,Compressor_C,Non_Drive_End,3.406,5.325,44.79,3000.7,81.3,OK
2023-01-29 09:00:00,Compressor_C,Non_Drive_End,4.026,5.27,47.24,2998.9,94.0,OK
2023-01-29 10:00:00,Compressor_C,Non_Drive_End,4.552,7.72,51.0,2995.4,99.7,OK
2023-01-29 11:00:00,Compressor_C,Non_Drive_End,3.035,5.497,43.52,2998.7,70.6,OK
2023-01-29 12:00:00,Compressor_C,Non_Drive_End,3.93,6.045,47.64,3014.5,89.3,OK
2023-01-29 13:00:00,Compressor_C,Non_Drive_End,2.639,3.967,38.97,3012.0,60.6,OK
2023-01-29 14:00:00,Compressor_C,Non_Drive_End,2.438,3.392,37.61,2990.2,57.4,OK
2023-01-29 15:00:00,Compressor_C,Non_Drive_End,3.228,4.036,43.86,2993.2,78.4,OK
2023-01-29 16:00:00,Compressor_C,Non_Drive_End,3.959,6.079,47.01,2983.6,89.3,OK
2023-01-29 17:00:00,Compressor_C,Non_Drive_End,4.48,6.639,49.68,2996.1,100.0,OK
2023-01-29 18:00:00,Compressor_C,Non_Drive_End,4.209,6.613,51.26,2990.4,95.1,OK
2023-01-29 19:00:00,Compressor_C,Non_Drive_End,2.967,4.682,41.1,2995.5,63.8,OK
2023-01-29 20:00:00,Compressor_C,Non_Drive_End,2.678,3.588,38.12,2996.2,64.2,OK
2023-01-29 21:00:00,Compressor_C,Non_Drive_End,3.129,5.381,42.72,3013.5,72.3,OK
2023-01-29 22:00:00,Compressor_C,Non_Drive_End,2.969,4.934,40.31,3012.8,68.5,OK
2023-01-29 23:00:00,Compressor_C,Non_Drive_End,4.337,6.102,50.16,3010.7,95.6,OK
2023-01-30 00:00:00,Compressor_C,Non_Drive_End,4.079,6.624,47.63,3002.3,89.2,OK
2023-01-30 01:00:00,Compressor_C,Non_Drive_End,2.568,4.245,38.13,2999.6,62.7,OK
2023-01-30 02:00:00,Compressor_C,Non_Drive_End,4.265,6.428,49.21,3013.5,95.3,OK
2023-01-30 03:00:00,Compressor_C,Non_Drive_End,3.382,5.036,41.75,2995.9,71.9,OK
2023-01-30 04:00:00,Compressor_C,Non_Drive_End,3.686,6.264,47.01,3008.3,83.8,OK
2023-01-30 05:00:00,Compressor_C,Non_Drive_End,2.758,3.305,40.33,2994.5,64.3,OK
2023-01-30 06:00:00,Compressor_C,Non_Drive_End,2.36,3.793,36.19,3010.2,53.6,OK
2023-01-30 07:00:00,Compressor_C,Non_Drive_End,3.421,4.963,46.01,2994.9,82.6,OK
2023-01-30 08:00:00,Compressor_C,Non_Drive_End,3.686,5.858,43.99,3014.5,80.7,OK
2023-01-30 09:00:00,Compressor_C,Non_Drive_End,3.25,4.528,43.14,2989.4,75.7,OK
2023-01-30 10:00:00,Compressor_C,Non_Drive_End,4.497,5.946,50.73,3004.8,95.9,OK
2023-01-30 11:00:00,Compressor_C,Non_Drive_End,3.915,5.697,49.97,3015.1,94.5,OK
2023-01-30 12:00:00,Compressor_C,Non_Drive_End,3.046,4.094,41.6,2990.9,77.1,OK
2023-01-30 13:00:00,Compressor_C,Non_Drive_End,3.292,5.066,45.5,3009.0,80.9,OK
2023-01-30 14:00:00,Compressor_C,Non_Drive_End,3.575,5.335,45.02,2983.9,80.0,OK
2023-01-30 15:00:00,Compressor_C,Non_Drive_End,3.192,5.983,42.7,3000.9,71.8,OK
2023-01-30 16:00:00,Compressor_C,Non_Drive_End,4.48,6.794,50.23,3003.6,100.0,OK
2023-01-30 17:00:00,Compressor_C,Non_Drive_End,3.557,5.39,47.25,2980.1,84.6,OK
2023-01-30 18:00:00,Compressor_C,Non_Drive_End,4.531,7.289,50.25,2997.6,100.0,OK
2023-01-30 19:00:00,Compressor_C,Non_Drive_End,3.769,5.424,47.32,2991.7,86.1,OK
2023-01-30 20:00:00,Compressor_C,Non_Drive_End,3.982,6.059,49.71,3008.9,88.3,OK
2023-01-30 21:00:00,Compressor_C,Non_Drive_End,2.299,3.734,37.1,3017.0,57.1,OK
2023-01-30 22:00:00,Compressor_C,Non_Drive_End,3.182,5.009,41.55,3004.8,69.5,OK
2023-01-30 23:00:00,Compressor_C,Non_Drive_End,4.687,6.854,51.34,3012.0,100.0,OK
2023-01-31 00:00:00,Compressor_C,Non_Drive_End,3.092,4.104,43.68,3010.8,75.8,OK
