# Traveling wave profile for m=2, c=1.0
# xi f residual_fo residual_so
-1.000000000000000000e+01 4.472135954999579610e+00 -1.121398465439571446e-04 1.118032015921200661e-01
-9.979959919839679117e+00 4.467652609556763466e+00 -1.128165248720502944e-07 5.590143114825707471e-02
-9.959919839679358233e+00 4.463164760498845141e+00 -1.133848635814782568e-07 -3.401560633164990577e-07
-9.939879759519037350e+00 4.458672394226567803e+00 -1.139572287089940517e-07 -3.418739993321651127e-07
-9.919839679358718243e+00 4.454175497072093926e+00 -1.145336387398110389e-07 -3.435979465393756982e-07
-9.899799599198397360e+00 4.449674055298522113e+00 -1.151141364452712423e-07 -3.453474448633642169e-07
-9.879759519038076476e+00 4.445168055099396831e+00 -1.156987801953501815e-07 -3.471109124575377791e-07
-9.859719438877755593e+00 4.440657482598214578e+00 -1.162875900573290266e-07 -3.488715378807683010e-07
-9.839679358717434710e+00 4.436142323847924729e+00 -1.168805910112258317e-07 -3.506331012204100261e-07
-9.819639278557113826e+00 4.431622564830428601e+00 -1.174778110069052417e-07 -3.524306038116264972e-07
-9.799599198396792943e+00 4.427098191456067866e+00 -1.180793472166374869e-07 -3.542445341508937418e-07
-9.779559118236473836e+00 4.422569189563114733e+00 -1.186851883994144430e-07 -3.560540591251992737e-07
-9.759519038076152952e+00 4.418035544917255031e+00 -1.192953898165871607e-07 -3.578967806561195175e-07
-9.739478957915832069e+00 4.413497243211064180e+00 -1.199100179150036638e-07 -3.597343862793422886e-07
-9.719438877755511186e+00 4.408954270063483172e+00 -1.205290499073363719e-07 -3.615815273860789603e-07
-9.699398797595190302e+00 4.404406611019284767e+00 -1.211525831323889690e-07 -3.634684873077276279e-07
-9.679358717434869419e+00 4.399854251548537043e+00 -1.217806577524793710e-07 -3.653487823385148658e-07
-9.659318637274548536e+00 4.395297177046063375e+00 -1.224132759602980514e-07 -3.672343495964014437e-07
-9.639278557114227652e+00 4.390735372830894434e+00 -1.230505031757367362e-07 -3.691511238912426052e-07
-9.619238476953908545e+00 4.386168824145716627e+00 -1.236923961034364083e-07 -3.710814979740462149e-07
-9.599198396793587662e+00 4.381597516156313432e+00 -1.243389844418629764e-07 -3.730232691623314167e-07
-9.579158316633266779e+00 4.377021433951007623e+00 -1.249903209266101101e-07 -3.749797201635374222e-07
-9.559118236472945895e+00 4.372440562540089282e+00 -1.256464428889270124e-07 -3.769363416950000101e-07
-9.539078156312625012e+00 4.367854886855245589e+00 -1.263073734214525956e-07 -3.789257192465811386e-07
-9.519038076152304129e+00 4.363264391748981730e+00 -1.269732189113081944e-07 -3.809363988693803549e-07
-9.498997995991983245e+00 4.358669061994035587e+00 -1.276439791642047794e-07 -3.829303238944703480e-07
-9.478957915831664138e+00 4.354068882282792430e+00 -1.283196813806064540e-07 -3.849479384143705829e-07
-9.458917835671343255e+00 4.349463837226686280e+00 -1.290004111309528412e-07 -3.870100044878199697e-07
-9.438877755511022372e+00 4.344853911355598619e+00 -1.296862405797405415e-07 -3.890749837864859728e-07
-9.418837675350701488e+00 4.340239089117257976e+00 -1.303771680893905938e-07 -3.911294754743721569e-07
-9.398797595190380605e+00 4.335619354876619980e+00 -1.310732383741353146e-07 -3.932120051786114345e-07
-9.378757515030059722e+00 4.330994692915257183e+00 -1.317745321194330188e-07 -3.953422833546937909e-07
-9.358717434869738838e+00 4.326365087430726675e+00 -1.324811371994361053e-07 -3.974585496280269581e-07
-9.338677354709417955e+00 4.321730522535947472e+00 -1.331930034043082856e-07 -3.995742048346073716e-07
-9.318637274549098848e+00 4.317090982258561915e+00 -1.339102478625786574e-07 -4.017338284256766201e-07
-9.298597194388777964e+00 4.312446450540290854e+00 -1.346329168150361966e-07 -4.038908087977688410e-07
-9.278557114228457081e+00 4.307796911236288828e+00 -1.353610282472939019e-07 -4.060761398250178900e-07
-9.258517034068136198e+00 4.303142348114488591e+00 -1.360946959572117976e-07 -4.083019007339316886e-07
-9.238476953907815314e+00 4.298482744854936755e+00 -1.368339652418892882e-07 -4.105058764025670826e-07
-9.218436873747494431e+00 4.293818085049131206e+00 -1.375788160618007794e-07 -4.127315662572073052e-07
-9.198396793587175324e+00 4.289148352199344316e+00 -1.383293890266923398e-07 -4.149933516828241409e-07
-9.178356713426854441e+00 4.284473529717940821e+00 -1.390856959326836062e-07 -4.172660794665716821e-07
-9.158316633266533557e+00 4.279793600926693031e+00 -1.398478241265710409e-07 -4.195539275997361983e-07
-9.138276553106212674e+00 4.275108549056085394e+00 -1.406157953132147753e-07 -4.218470337491453392e-07
-9.118236472945891791e+00 4.270418357244613716e+00 -1.413896761892630138e-07 -4.241762781020952389e-07
-9.098196392785570907e+00 4.265723008538077288e+00 -1.421695571546255366e-07 -4.265186106522378395e-07
-9.078156312625250024e+00 4.261022485888862121e+00 -1.429554553622480739e-07 -4.288710329092282336e-07
-9.058116232464929141e+00 4.256316772155223305e+00 -1.437474557441920098e-07 -4.312402666073467117e-07
-9.038076152304610034e+00 4.251605850100549588e+00 -1.445455909965254193e-07 -4.336254306736009312e-07
-9.018036072144289150e+00 4.246889702392632415e+00 -1.453499453574202960e-07 -4.360592384955452872e-07
-8.997995991983968267e+00 4.242168311602916297e+00 -1.461606253527758525e-07 -4.385015586194640491e-07
-8.977955911823647384e+00 4.237441660205753635e+00 -1.469776271800782297e-07 -4.409377396541458438e-07
-8.957915831663326500e+00 4.232709730577641771e+00 -1.478010257238704384e-07 -4.434059803770651342e-07
-8.937875751503005617e+00 4.227972504996456493e+00 -1.486309034737232082e-07 -4.458849502952944022e-07
-8.917835671342684734e+00 4.223229965640678429e+00 -1.494672886848125160e-07 -4.483975573066345532e-07
-8.897795591182365627e+00 4.218482094588613229e+00 -1.503103164712804585e-07 -4.509431192900592578e-07
-8.877755511022044743e+00 4.213728873817593978e+00 -1.511600148662584076e-07 -4.534868764949351316e-07
-8.857715430861723860e+00 4.208970285203193384e+00 -1.520164421009440048e-07 -4.560630202377069509e-07
-8.837675350701402976e+00 4.204206310518408429e+00 -1.528797043126584043e-07 -4.586437967191159260e-07
-8.817635270541082093e+00 4.199436931432851239e+00 -1.537497981707325323e-07 -4.612483195387540036e-07
-8.797595190380761210e+00 4.194662129511925741e+00 -1.546268745822310109e-07 -4.638940254153567366e-07
-8.777555110220440326e+00 4.189881886215991891e+00 -1.555109708228918919e-07 -4.665355817223826307e-07
-8.757515030060119443e+00 4.185096182899532558e+00 -1.564021362143730443e-07 -4.692042381293504150e-07
-8.737474949899800336e+00 4.180305000810299987e+00 -1.573004803911981497e-07 -4.719150155096940580e-07
-8.717434869739479453e+00 4.175508321088458707e+00 -1.582060886184954995e-07 -4.746254091969603905e-07
-8.697394789579158569e+00 4.170706124765723111e+00 -1.591189742744525404e-07 -4.773540922542451881e-07
-8.677354709418837686e+00 4.165898392764479929e+00 -1.600392670608741241e-07 -4.801325843573067687e-07
-8.657314629258516803e+00 4.161085105896901837e+00 -1.609670542968011375e-07 -4.829017967722393223e-07
-8.637274549098195919e+00 4.156266244864059267e+00 -1.619023304866296087e-07 -4.856975550637798733e-07
-8.617234468937875036e+00 4.151441790255013586e+00 -1.628452674096170227e-07 -4.885530415776884183e-07
-8.597194388777555929e+00 4.146611722545904044e+00 -1.637959382017051269e-07 -4.913961930697041680e-07
-8.577154308617235046e+00 4.141776022099030286e+00 -1.647543485527869223e-07 -4.942521485418183147e-07
-8.557114228456914162e+00 4.136934669161917988e+00 -1.657206314398251834e-07 -4.971640805706556421e-07
-8.537074148296593279e+00 4.132087643866377391e+00 -1.666948949985425088e-07 -5.001029563800329925e-07
-8.517034068136272396e+00 4.127234926227552059e+00 -1.676772060921205565e-07 -5.030473602118945564e-07
-8.496993987975951512e+00 4.122376496142959645e+00 -1.686676240619799927e-07 -5.060079359964220203e-07
-8.476953907815630629e+00 4.117512333391517565e+00 -1.696662423888994908e-07 -5.090036410138054634e-07
-8.456913827655309746e+00 4.112642417632564218e+00 -1.706731664885552391e-07 -5.120256645341214607e-07
-8.436873747494990639e+00 4.107766728404861567e+00 -1.716884707181343117e-07 -5.150679243115519057e-07
-8.416833667334669755e+00 4.102885245125597713e+00 -1.727122480865705967e-07 -5.181394726605503820e-07
-8.396793587174348872e+00 4.097997947089370818e+00 -1.737445958494010512e-07 -5.212400964182961616e-07
-8.376753507014027988e+00 4.093104813467162373e+00 -1.747856083755827683e-07 -5.243606295834979392e-07
-8.356713426853707105e+00 4.088205823305306019e+00 -1.758353628256159595e-07 -5.275124834724920220e-07
-8.336673346693386222e+00 4.083300955524435949e+00 -1.768939826285453876e-07 -5.306917785219411599e-07
-8.316633266533067115e+00 4.078390188918433523e+00 -1.779615375063769989e-07 -5.338908124485897133e-07
-8.296593186372746231e+00 4.073473502153351689e+00 -1.790381343180769136e-07 -5.371156532874010736e-07
-8.276553106212425348e+00 4.068550873766340281e+00 -1.801238588838849353e-07 -5.403791618618924986e-07
-8.256513026052104465e+00 4.063622282164548238e+00 -1.812188513972134984e-07 -5.436714047846180620e-07
-8.236472945891783581e+00 4.058687705624019593e+00 -1.823231754738419141e-07 -5.469764516874420224e-07
-8.216432865731462698e+00 4.053747122288577920e+00 -1.834369346975783799e-07 -5.503184468125255080e-07
-8.196392785571141815e+00 4.048800510168694800e+00 -1.845602531913570488e-07 -5.536902705216562026e-07
-8.176352705410820931e+00 4.043847847140349394e+00 -1.856932193566862566e-07 -5.570762624529379536e-07
-8.156312625250501824e+00 4.038889110943874705e+00 -1.868359209566960999e-07 -5.605145645404263632e-07
-8.136272545090180941e+00 4.033924279182786066e+00 -1.879885419830973348e-07 -5.639743250185347279e-07
-8.116232464929860058e+00 4.028953329322606969e+00 -1.891510966467446764e-07 -5.674470031635792111e-07
-8.096192384769539174e+00 4.023976238689671803e+00 -1.903237502043353402e-07 -5.709852075597154908e-07
-8.076152304609218291e+00 4.018992984469920593e+00 -1.915066485114191863e-07 -5.745452682504037512e-07
-8.056112224448897408e+00 4.014003543707677757e+00 -1.926998515477951202e-07 -5.781012646366434637e-07
-8.036072144288576524e+00 4.009007893304421088e+00 -1.939034429132568960e-07 -5.817057058266073000e-07
-8.016032064128257417e+00 4.004006010017532091e+00 -1.951176151482325594e-07 -5.853671751765432418e-07
-7.995991983967936534e+00 3.998997870459032100e+00 -1.963424756667997428e-07 -5.890373984129837481e-07
-7.975951903807615651e+00 3.993983451094312187e+00 -1.975780991037012768e-07 -5.927400508198843454e-07
-7.955911823647294767e+00 3.988962728240838196e+00 -1.988246545181482361e-07 -5.964829341564836795e-07
-7.935871743486973884e+00 3.983935678066846897e+00 -2.000822383330103094e-07 -6.002499475243894267e-07
-7.915831663326653000e+00 3.978902276590027931e+00 -2.013509817211378561e-07 -6.040608013790915720e-07
-7.895791583166332117e+00 3.973862499676185767e+00 -2.026310334524161760e-07 -6.079062444541705190e-07
-7.875751503006012122e+00 3.968816323037893223e+00 -2.039225038830139169e-07 -6.117735580346561619e-07
-7.855711422845692127e+00 3.963763722233123232e+00 -2.052255120288393186e-07 -6.156825378411667771e-07
-7.835671342685371243e+00 3.958704672663868163e+00 -2.065402214257439084e-07 -6.196323170115647372e-07
-7.815631262525050360e+00 3.953639149574743605e+00 -2.078667513671916822e-07 -6.236091820710498723e-07
-7.795591182364729477e+00 3.948567128051574393e+00 -2.092052333035887557e-07 -6.276223700751870638e-07
-7.775551102204408593e+00 3.943488583019965521e+00 -2.105558128961959596e-07 -6.316726057775667869e-07
-7.755511022044087710e+00 3.938403489243855304e+00 -2.119186262583561131e-07 -6.357650477184506599e-07
-7.735470941883767715e+00 3.933311821324052548e+00 -2.132938353716085089e-07 -6.398890519676569966e-07
-7.715430861723446831e+00 3.928213553696755511e+00 -2.146815518133671219e-07 -6.440529176643394749e-07
-7.695390781563126836e+00 3.923108660632057099e+00 -2.160819618790554841e-07 -6.482630254822652205e-07
-7.675350701402805953e+00 3.917997116232426524e+00 -2.174951970190797113e-07 -6.524925026951677864e-07
-7.655310621242485070e+00 3.912878894431179422e+00 -2.189213765824149505e-07 -6.567696431147851399e-07
-7.635270541082164186e+00 3.907753968990925308e+00 -2.203607089024117727e-07 -6.610914340399176581e-07
-7.615230460921843303e+00 3.902622313501997731e+00 -2.218133086651086217e-07 -6.654461799371347297e-07
-7.595190380761523308e+00 3.897483901380869753e+00 -2.232793569478808138e-07 -6.698467842625177582e-07
-7.575150300601202424e+00 3.892338705868543247e+00 -2.247590055182158153e-07 -6.742927922687158571e-07
-7.555110220440882429e+00 3.887186700028925301e+00 -2.262524378404684455e-07 -6.787711441802457557e-07
-7.535070140280561546e+00 3.882027856747182426e+00 -2.277597744848591788e-07 -6.832881922491651494e-07
-7.515030060120240663e+00 3.876862148728076995e+00 -2.292812193438464874e-07 -6.878534719589879387e-07
-7.494989979959919779e+00 3.871689548494279709e+00 -2.308169215758937298e-07 -6.924578030975681031e-07
-7.474949899799598896e+00 3.866510028384666953e+00 -2.323670644788222717e-07 -6.971050368065334624e-07
-7.454909819639278012e+00 3.861323560552593293e+00 -2.339318110888832791e-07 -7.018057175400826964e-07
-7.434869739478958017e+00 3.856130116964145760e+00 -2.355113767893435295e-07 -7.065550704510314972e-07
-7.414829659318638022e+00 3.850929669396375044e+00 -2.371059156791588407e-07 -7.113267059821737348e-07
-7.394789579158317139e+00 3.845722189435507588e+00 -2.387155758620806978e-07 -7.161555402035446605e-07
-7.374749498997996255e+00 3.840507648475132374e+00 -2.403406096362914468e-07 -7.210362298337713582e-07
-7.354709418837675372e+00 3.835286017714369944e+00 -2.419811545029126876e-07 -7.259476006993281771e-07
-7.334669338677354489e+00 3.830057268156013883e+00 -2.436374096914661891e-07 -7.309190976911850157e-07
-7.314629258517033605e+00 3.824821370604654547e+00 -2.453095967469565153e-07 -7.359496976278023794e-07
-7.294589178356713610e+00 3.819578295664774803e+00 -2.469979166197511233e-07 -7.410061044765825500e-07
-7.274549098196392727e+00 3.814328013738827128e+00 -2.487025039243917490e-07 -7.461133719743884285e-07
-7.254509018036072732e+00 3.809070495025281833e+00 -2.504236326639208698e-07 -7.512896615935460432e-07
-7.234468937875751848e+00 3.803805709516654865e+00 -2.521614919093195795e-07 -7.564970019302563742e-07
-7.214428857715430965e+00 3.798533626997510293e+00 -2.539162556325358366e-07 -7.617513091418004478e-07
-7.194388777555110082e+00 3.793254217042435261e+00 -2.556881612547634575e-07 -7.670773243262374308e-07
-7.174348697394789198e+00 3.787967449013993182e+00 -2.574774563002257821e-07 -7.724488426674724906e-07
-7.154308617234469203e+00 3.782673292060647618e+00 -2.592843101889563684e-07 -7.778613593245609081e-07
-7.134268537074148320e+00 3.777371715114663964e+00 -2.611089626181062329e-07 -7.833428128378727706e-07
-7.114228456913828325e+00 3.772062686889980032e+00 -2.629516663299469315e-07 -7.888679220968697337e-07
-7.094188376753507441e+00 3.766746175880054448e+00 -2.648125949633595155e-07 -7.944445883367734496e-07
-7.074148296593186558e+00 3.761422150355683502e+00 -2.666920286276130980e-07 -8.000934315077756764e-07
-7.054108216432865675e+00 3.756090578362791810e+00 -2.685902047439014950e-07 -8.057924247850678512e-07
-7.034068136272544791e+00 3.750751427720196318e+00 -2.705073462450080513e-07 -8.115365659477902227e-07
-7.014028056112223908e+00 3.745404666017337902e+00 -2.724436817813646883e-07 -8.173369536734753638e-07
-6.993987975951903913e+00 3.740050260611988975e+00 -2.743994713672037733e-07 -8.232095183302590158e-07
-6.973947895791583917e+00 3.734688178627925126e+00 -2.763749946121940582e-07 -8.291386563996638870e-07
-6.953907815631263034e+00 3.729318386952571007e+00 -2.783704731168512581e-07 -8.351255473826313391e-07
-6.933867735470942151e+00 3.723940852234616905e+00 -2.803861956501840780e-07 -8.411760319404493202e-07
-6.913827655310621267e+00 3.718555540881599342e+00 -2.824224063502356330e-07 -8.472831183325979509e-07
-6.893787575150300384e+00 3.713162419057453700e+00 -2.844793803302714252e-07 -8.534494781997636892e-07
-6.873747494989979501e+00 3.707761452680034431e+00 -2.865573751620331677e-07 -8.596887965950372745e-07
-6.853707414829659506e+00 3.702352607418601949e+00 -2.886567123661087919e-07 -8.659835941671190085e-07
-6.833667334669338622e+00 3.696935848691274895e+00 -2.907776048832744209e-07 -8.723497018081616261e-07
-6.813627254509018627e+00 3.691511141662454420e+00 -2.929204274693120169e-07 -8.787791330178151838e-07
-6.793587174348697744e+00 3.686078451240205833e+00 -2.950853758565408214e-07 -8.852691308902649325e-07
-6.773547094188376860e+00 3.680637742073614493e+00 -2.972728238570532255e-07 -8.918420490999778849e-07
-6.753507014028055977e+00 3.675188978550097740e+00 -2.994830399227765838e-07 -8.984629857877735049e-07
-6.733466933867735094e+00 3.669732124792689731e+00 -3.017163019425339598e-07 -9.051643701241118833e-07
-6.713426853707415098e+00 3.664267144657281872e+00 -3.039729815079716957e-07 -9.119343502561605419e-07
-6.693386773547094215e+00 3.658794001729830825e+00 -3.062533286968260882e-07 -9.187683076561370399e-07
-6.673346693386774220e+00 3.653312659323527889e+00 -3.085577090500279951e-07 -9.256861090989332297e-07
-6.653306613226453337e+00 3.647823080475930624e+00 -3.108864394807397957e-07 -9.326820844535177457e-07
-6.633266533066132453e+00 3.642325227946052735e+00 -3.132398767591304534e-07 -9.397419944434659556e-07
-6.613226452905811570e+00 3.636819064211419317e+00 -3.156183027153147691e-07 -9.468679706969851395e-07
-6.593186372745490686e+00 3.631304551465076802e+00 -3.180220886633833288e-07 -9.540891880988056073e-07
-6.573146292585170691e+00 3.625781651612565160e+00 -3.204516130783652272e-07 -9.613737148583823000e-07
-6.553106212424849808e+00 3.620250326268847907e+00 -3.229071586785536851e-07 -9.687363871080378885e-07
-6.533066132264529813e+00 3.614710536755199044e+00 -3.253891578958167941e-07 -9.761875361391503247e-07
-6.513026052104208929e+00 3.609162244096047356e+00 -3.278979335830101149e-07 -9.837090289011030109e-07
-6.492985971943888046e+00 3.603605409015778527e+00 -3.304338719312127637e-07 -9.913184584320333670e-07
-6.472945891783567163e+00 3.598039991935489290e+00 -3.329973587429257975e-07 -9.990163931661300012e-07
-6.452905811623246279e+00 3.592465952969699838e+00 -3.355887916445254859e-07 -1.006789474899960624e-06
-6.432865731462925396e+00 3.586883251923018712e+00 -3.382085245196009282e-07 -1.014644482211224386e-06
-6.412825651302605401e+00 3.581291848286761947e+00 -3.408569856366838735e-07 -1.022586943122405501e-06
-6.392785571142284518e+00 3.575691701235520270e+00 -3.435345558577829195e-07 -1.030626648912402743e-06
-6.372745490981964522e+00 3.570082769623685870e+00 -3.462417045296817264e-07 -1.038751221926759172e-06
-6.352705410821643639e+00 3.564465011981922338e+00 -3.489787840371683103e-07 -1.046953130412475730e-06
-6.332665330661322756e+00 3.558838386513588858e+00 -3.517462505708834897e-07 -1.055260796078982821e-06
-6.312625250501001872e+00 3.553202851091111558e+00 -3.545445566022209505e-07 -1.063651566823864414e-06
-6.292585170340680989e+00 3.547558363252303337e+00 -3.573740978701778204e-07 -1.072148947400819452e-06
-6.272545090180360994e+00 3.541904880196632632e+00 -3.602354131104767987e-07 -1.080731138358714816e-06
-6.252505010020040110e+00 3.536242358781434003e+00 -3.631288392758058592e-07 -1.089407632548500260e-06
-6.232464929859720115e+00 3.530570755518070758e+00 -3.660549580120076030e-07 -1.098194289284037950e-06
-6.212424849699399232e+00 3.524890026568034518e+00 -3.690141682222147779e-07 -1.107064093730514287e-06
-6.192384769539078349e+00 3.519200127738994599e+00 -3.720069773893719400e-07 -1.116040252213679196e-06
-6.172344689378757465e+00 3.513501014480786555e+00 -3.750338714580969679e-07 -1.125124057921311760e-06
-6.152304609218436582e+00 3.507792641881340323e+00 -3.780953748977466944e-07 -1.134311261807852134e-06
-6.132264529058116587e+00 3.502074964662554635e+00 -3.811919727647605782e-07 -1.143602503361762501e-06
-6.112224448897795703e+00 3.496347937176103038e+00 -3.843242051826400996e-07 -1.153000525278002897e-06
-6.092184368737475708e+00 3.490611513399185295e+00 -3.874925795233075121e-07 -1.162501831686313380e-06
-6.072144288577154825e+00 3.484865646930209948e+00 -3.906976382972437989e-07 -1.172118260228671716e-06
-6.052104208416833941e+00 3.479110290984416043e+00 -3.939399418895206395e-07 -1.181845846076612361e-06
-6.032064128256513058e+00 3.473345398389429572e+00 -3.972200340873754953e-07 -1.191684674495263607e-06
-6.012024048096192175e+00 3.467570921580751975e+00 -4.005384903749131809e-07 -1.201644863613182679e-06
-5.991983967935872180e+00 3.461786812597180241e+00 -4.038959034446953922e-07 -1.211713680504544755e-06
-5.971943887775551296e+00 3.455993023076160853e+00 -4.072928214693405380e-07 -1.221902550696540857e-06
-5.951903807615230413e+00 3.450189504249072669e+00 -4.107298912092716137e-07 -1.232220768088154728e-06
-5.931863727454910418e+00 3.444376206936434759e+00 -4.142077080215855744e-07 -1.242657134525870788e-06
-5.911823647294589534e+00 3.438553081543046286e+00 -4.177268977945125528e-07 -1.253211863172509766e-06
-5.891783567134268651e+00 3.432720078053050017e+00 -4.212880728715617806e-07 -1.263892769998165022e-06
-5.871743486973947768e+00 3.426877146024919440e+00 -4.248919030502840144e-07 -1.274707244647288462e-06
-5.851703406813627772e+00 3.421024234586369506e+00 -4.285390433067526317e-07 -1.285648778548420523e-06
-5.831663326653306889e+00 3.415161292429189643e+00 -4.322301593862043489e-07 -1.296720398613615544e-06
-5.811623246492986006e+00 3.409288267803995964e+00 -4.359659346309108230e-07 -1.307927476545955869e-06
-5.791583166332665122e+00 3.403405108514901745e+00 -4.397470722006247001e-07 -1.319274119282454194e-06
-5.771543086172345127e+00 3.397511761914105755e+00 -4.435742887443083760e-07 -1.330754272999001842e-06
-5.751503006012024244e+00 3.391608174896393990e+00 -4.474482861449580184e-07 -1.342374773116716824e-06
-5.731462925851703361e+00 3.385694293893559248e+00 -4.513698250163677983e-07 -1.354148551513389975e-06
-5.711422845691383365e+00 3.379770064868728330e+00 -4.553396725226477315e-07 -1.366053979268144758e-06
-5.691382765531062482e+00 3.373835433310599985e+00 -4.593585349321749334e-07 -1.378107484129031945e-06
-5.671342685370741599e+00 3.367890344227597144e+00 -4.634272585124499244e-07 -1.390312903026824642e-06
-5.651302605210420715e+00 3.361934742141917454e+00 -4.675465845038750956e-07 -1.402678051931616210e-06
-5.631262525050100720e+00 3.355968571083495888e+00 -4.717174100221654953e-07 -1.415195214349296293e-06
-5.611222444889779837e+00 3.349991774583866100e+00 -4.759404715892756599e-07 -1.427855124802590581e-06
-5.591182364729458953e+00 3.344004295669925853e+00 -4.802166571615806845e-07 -1.440684556541782513e-06
-5.571142284569138070e+00 3.338006076857601645e+00 -4.845468223324544965e-07 -1.453681989005417563e-06
-5.551102204408818075e+00 3.331997060145407197e+00 -4.889318748202420295e-07 -1.466836806685023475e-06
-5.531062124248497192e+00 3.325977187007901570e+00 -4.933726571731966715e-07 -1.480154068644878862e-06
-5.511022044088176308e+00 3.319946398389038933e+00 -4.978701214630731897e-07 -1.493650628958675952e-06
-5.490981963927856313e+00 3.313904634695409079e+00 -5.024251971685878004e-07 -1.507314081550248375e-06
-5.470941883767535430e+00 3.307851835789364703e+00 -5.070388185979268769e-07 -1.521158836226277344e-06
-5.450901803607214546e+00 3.301787940982041647e+00 -5.117119957764870719e-07 -1.535178967060346622e-06
-5.430861723446893663e+00 3.295712889026255255e+00 -5.164456695627706040e-07 -1.549377145693142666e-06
-5.410821643286573668e+00 3.289626618109287470e+00 -5.212408889510022902e-07 -1.563772855206480017e-06
-5.390781563126252784e+00 3.283529065845543382e+00 -5.260986963295799512e-07 -1.578343301389395492e-06
-5.370741482965931901e+00 3.277420169269094963e+00 -5.310200869579340122e-07 -1.593097692875744542e-06
-5.350701402805611018e+00 3.271299864826094250e+00 -5.360061685610872928e-07 -1.608064849278889596e-06
-5.330661322645291023e+00 3.265168088367057297e+00 -5.410580757314598088e-07 -1.623225955427187728e-06
-5.310621242484970139e+00 3.259024775139020225e+00 -5.461768790571142063e-07 -1.638579405494056118e-06
-5.290581162324649256e+00 3.252869859777562489e+00 -5.513637407750238140e-07 -1.654142437246264308e-06
-5.270541082164329261e+00 3.246703276298691598e+00 -5.566198303386116208e-07 -1.669905515200298396e-06
-5.250501002004008377e+00 3.240524958090589269e+00 -5.619463094297394434e-07 -1.685883248114805610e-06
-5.230460921843687494e+00 3.234334837905218141e+00 -5.673444392617632559e-07 -1.702080666632355133e-06
-5.210420841683366611e+00 3.228132847849780163e+00 -5.728154374162741647e-07 -1.718501906111669086e-06
-5.190380761523046615e+00 3.221918919378030211e+00 -5.783606199516455604e-07 -1.735139534275731421e-06
-5.170340681362725732e+00 3.215692983281434270e+00 -5.839812141639200149e-07 -1.751997530163862393e-06
-5.150300601202404849e+00 3.209454969680180625e+00 -5.896785917891556039e-07 -1.769094296832918189e-06
-5.130260521042083965e+00 3.203204808014024962e+00 -5.954540920893869327e-07 -1.786415580795619462e-06
-5.110220440881763970e+00 3.196942427032980927e+00 -6.013090732004400252e-07 -1.803978761927282903e-06
-5.090180360721443087e+00 3.190667754787841481e+00 -6.072449855176742517e-07 -1.821792508849284786e-06
-5.070140280561122204e+00 3.184380718620536399e+00 -6.132632655586611747e-07 -1.839850952478627732e-06
-5.050100200400802208e+00 3.178081245154315670e+00 -6.193653859787318083e-07 -1.858157560263862251e-06
-5.030060120240481325e+00 3.171769260283755720e+00 -6.255528435805679521e-07 -1.876721455573715502e-06
-5.010020040080160442e+00 3.165444689164591985e+00 -6.318271948968501306e-07 -1.895544031071949576e-06
-4.989979959919839558e+00 3.159107456203362307e+00 -6.381899910201660475e-07 -1.914627929977541498e-06
-4.969939879759519563e+00 3.152757485046866037e+00 -6.446428493789291281e-07 -1.933990446900679672e-06
-4.949899799599198680e+00 3.146394698571429505e+00 -6.511874421910590627e-07 -1.953628398609907890e-06
-4.929859719438877796e+00 3.140019018871980538e+00 -6.578254270195316167e-07 -1.973543533040356124e-06
-4.909819639278556913e+00 3.133630367250916482e+00 -6.645585378106666496e-07 -1.993744049855195044e-06
-4.889779559118236918e+00 3.127228664206772368e+00 -6.713885208897707457e-07 -2.014235889191695605e-06
-4.869739478957916035e+00 3.120813829422676822e+00 -6.783171920266006794e-07 -2.035025445934479649e-06
-4.849699398797595151e+00 3.114385781754596572e+00 -6.853463823119909648e-07 -2.056111753745426540e-06
-4.829659318637275156e+00 3.107944439219361144e+00 -6.924779643036060861e-07 -2.077500099062490335e-06
-4.809619238476954273e+00 3.101489718982461508e+00 -6.997138525255408581e-07 -2.099211712902615545e-06
-4.789579158316633389e+00 3.095021537345623575e+00 -7.070560716915252897e-07 -2.121249636388711224e-06
-4.769539078156312506e+00 3.088539809734144548e+00 -7.145066145963774318e-07 -2.143601903981107171e-06
-4.749498997995992511e+00 3.082044450683991244e+00 -7.220675233288176287e-07 -2.166282030202637543e-06
-4.729458917835671627e+00 3.075535373828651498e+00 -7.297409164719326213e-07 -2.189301113730834913e-06
-4.709418837675350744e+00 3.069012491885736882e+00 -7.375289537980833643e-07 -2.212666785794681346e-06
-4.689378757515029861e+00 3.062475716643326962e+00 -7.454338593060327867e-07 -2.236385142850849661e-06
-4.669338677354709866e+00 3.055924958946050207e+00 -7.534578939094593864e-07 -2.260455318037202233e-06
-4.649298597194388982e+00 3.049360128680897120e+00 -7.616033551594014739e-07 -2.284893227511020086e-06
-4.629258517034068099e+00 3.042781134762758022e+00 -7.698726515181775198e-07 -2.309711106818213011e-06
-4.609218436873748104e+00 3.036187885119677077e+00 -7.782682152068787218e-07 -2.334896564093469351e-06
-4.589178356713427220e+00 3.029580286677818535e+00 -7.867924850524232738e-07 -2.360469210316296085e-06
-4.569138276553106337e+00 3.022958245346139883e+00 -7.954480645278039219e-07 -2.386437344625846890e-06
-4.549098196392785454e+00 3.016321666000755020e+00 -8.042375171934956768e-07 -2.412808782992215129e-06
-4.529058116232465458e+00 3.009670452468995894e+00 -8.131635729768937892e-07 -2.439588016045490804e-06
-4.509018036072144575e+00 3.003004507513148624e+00 -8.222289085701994793e-07 -2.466783257659699302e-06
-4.488977955911823692e+00 2.996323732813870766e+00 -8.314363872385932552e-07 -2.494409244491180289e-06
-4.468937875751502808e+00 2.989628028953268402e+00 -8.407888505979066451e-07 -2.522471490351563261e-06
-4.448897795591182813e+00 2.982917295397638835e+00 -8.502892894779456867e-07 -2.550974500081792939e-06
-4.428857715430861930e+00 2.976191430479854905e+00 -8.599406704501433296e-07 -2.579926544399313570e-06
-4.408817635270541047e+00 2.969450331381395802e+00 -8.697461308937448621e-07 -2.609349365911839413e-06
-4.388777555110221051e+00 2.962693894114011073e+00 -8.797088471568237367e-07 -2.639243035673644044e-06
-4.368737474949900168e+00 2.955922013500999146e+00 -8.898320726924424662e-07 -2.669611731676013733e-06
-4.348697394789579285e+00 2.949134583158109724e+00 -9.001191211277514981e-07 -2.700469991623322130e-06
-4.328657314629258401e+00 2.942331495474042935e+00 -9.105734344316829265e-07 -2.731842187131405808e-06
-4.308617234468938406e+00 2.935512641590541261e+00 -9.211985649848486446e-07 -2.763722335430429666e-06
-4.288577154308617523e+00 2.928677911382068455e+00 -9.319980569522101632e-07 -2.796119147774334124e-06
-4.268537074148296639e+00 2.921827193435059034e+00 -9.429756366308161830e-07 -2.829053485697841097e-06
-4.248496993987975756e+00 2.914960375026725892e+00 -9.541350833863759817e-07 -2.862533833081215562e-06
-4.228456913827655761e+00 2.908077342103423391e+00 -9.654803053704696936e-07 -2.896572894428572909e-06
-4.208416833667334878e+00 2.901177979258540596e+00 -9.770152882837557229e-07 -2.931178087806074473e-06
-4.188376753507013994e+00 2.894262169709929555e+00 -9.887441269063046434e-07 -2.966373401136479515e-06
-4.168336673346693999e+00 2.887329795276837974e+00 -1.000671076778480995e-06 -3.002156105935682717e-06
-4.148296593186373116e+00 2.880380736356349392e+00 -1.012800379840417264e-06 -3.038543013644812163e-06
-4.128256513026052232e+00 2.873414871899306000e+00 -1.025136538768123273e-06 -3.075557998499789392e-06
-4.108216432865731349e+00 2.866432079385706100e+00 -1.037684081106604594e-06 -3.113204130045232887e-06
-4.088176352705411354e+00 2.859432234799562877e+00 -1.050447701544943158e-06 -3.151500578724153456e-06
-4.068136272545090470e+00 2.852415212603204075e+00 -1.063432202963454642e-06 -3.190453696788608795e-06
-4.048096192384769587e+00 2.845380885711004115e+00 -1.076642499153734889e-06 -3.230085624750245188e-06
-4.028056112224448704e+00 2.838329125462531355e+00 -1.090083695698407240e-06 -3.270417295198058127e-06
-4.008016032064128709e+00 2.831259801595088277e+00 -1.103761010479153981e-06 -3.311455699872567493e-06
-3.987975951903807825e+00 2.824172782215637501e+00 -1.117679791551307034e-06 -3.353210928480621078e-06
-3.967935871743486942e+00 2.817067933772093635e+00 -1.131845520363494728e-06 -3.395712155906949192e-06
-3.947895791583166947e+00 2.809945121023955661e+00 -1.146263912066292079e-06 -3.438975539893363020e-06
-3.927855711422846063e+00 2.802804207012272286e+00 -1.160940757971573589e-06 -3.483008555349442759e-06
-3.907815631262525180e+00 2.795645053028915861e+00 -1.175882047343979053e-06 -3.527829903759993613e-06
-3.887775551102204297e+00 2.788467518585147076e+00 -1.191093909613805124e-06 -3.573472753259920864e-06
-3.867735470941884302e+00 2.781271461379447807e+00 -1.206582756430041314e-06 -3.619950845745734114e-06
-3.847695390781563418e+00 2.774056737264601669e+00 -1.222355048513534825e-06 -3.667271457175047544e-06
-3.827655310621242535e+00 2.766823200214008072e+00 -1.238417504989541840e-06 -3.715459129693954310e-06
-3.807615230460921651e+00 2.759570702287195143e+00 -1.254776991754802395e-06 -3.764544388218382664e-06
-3.787575150300601656e+00 2.752299093594517743e+00 -1.271440676353652321e-06 -3.814541415181338380e-06
-3.767535070140280773e+00 2.745008222261012154e+00 -1.288415796996122964e-06 -3.865466254637794918e-06
-3.747494989979959890e+00 2.737697934389387466e+00 -1.305709914967145835e-06 -3.917357943805654941e-06
-3.727454909819639894e+00 2.730368074022123448e+00 -1.323330794611443650e-06 -3.970228448224588647e-06
-3.707414829659319011e+00 2.723018483102646492e+00 -1.341286392175788933e-06 -4.024097691512906749e-06
-3.687374749498998128e+00 2.715649001435567644e+00 -1.359584921201140162e-06 -4.078999154444318265e-06
-3.667334669338677244e+00 2.708259466645940527e+00 -1.378234872728700822e-06 -4.134961400836800749e-06
-3.647294589178357249e+00 2.700849714137518287e+00 -1.397244982992429385e-06 -4.191994676716603863e-06
-3.627254509018036366e+00 2.693419577049976255e+00 -1.416624178962599956e-06 -4.250132690231112065e-06
-3.607214428857715482e+00 2.685968886215071461e+00 -1.436381775410389139e-06 -4.309416894443529600e-06
-3.587174348697395487e+00 2.678497470111702583e+00 -1.456527336796131777e-06 -4.369862509179256449e-06
-3.567134268537074604e+00 2.671005154819838356e+00 -1.477070685984571696e-06 -4.431497430346098554e-06
-3.547094188376753721e+00 2.663491763973282467e+00 -1.498021981516384216e-06 -4.494356915074604331e-06
-3.527054108216432837e+00 2.655957118711231413e+00 -1.519391698900918186e-06 -4.558477257887716405e-06
-3.507014028056112842e+00 2.648401037628596466e+00 -1.541190674136938554e-06 -4.623882944088109070e-06
-3.486973947895791959e+00 2.640823336725041770e+00 -1.563430011231048411e-06 -4.690605408086412353e-06
-3.466933867735471075e+00 2.633223829352708378e+00 -1.586121233410064946e-06 -4.758684866601470276e-06
-3.446893787575150192e+00 2.625602326162570499e+00 -1.609276202463316707e-06 -4.828164080095120880e-06
-3.426853707414830197e+00 2.617958635049389304e+00 -1.632907236648328819e-06 -4.899066624375336687e-06
-3.406813627254509314e+00 2.610292561095215458e+00 -1.657026902579517014e-06 -4.971430328737369564e-06
-3.386773547094188430e+00 2.602603906511395504e+00 -1.681648330142948566e-06 -5.045307531759135600e-06
-3.366733466933868435e+00 2.594892470579028831e+00 -1.706785005772815111e-06 -5.120723002960403392e-06
-3.346693386773547552e+00 2.587158049587828135e+00 -1.732450843117128159e-06 -5.197729265660200326e-06
-3.326653306613226668e+00 2.579400436773331418e+00 -1.758660302664249997e-06 -5.276371396689683024e-06
-3.306613226452905785e+00 2.571619422252408693e+00 -1.785428255740573178e-06 -5.356690849112055730e-06
-3.286573146292585790e+00 2.563814792957005206e+00 -1.812770128672980263e-06 -5.438725551698553318e-06
-3.266533066132264906e+00 2.555986332566066110e+00 -1.840701765343233376e-06 -5.522526336676492065e-06
-3.246492985971944023e+00 2.548133821435579094e+00 -1.869239675489353658e-06 -5.608155284164695331e-06
-3.226452905811623140e+00 2.540257036526667456e+00 -1.898400888433737776e-06 -5.695653527482136269e-06
-3.206412825651303145e+00 2.532355751331673677e+00 -1.928203006040796197e-06 -5.785068410091298574e-06
-3.186372745490982261e+00 2.524429735798159324e+00 -1.958664222923012233e-06 -5.876463681886434642e-06
-3.166332665330661378e+00 2.516478756250750237e+00 -1.989803447177695972e-06 -5.969900861657606583e-06
-3.146292585170341383e+00 2.508502575310753713e+00 -2.021640205740471430e-06 -6.065425282031355891e-06
-3.126252505010020499e+00 2.500500951813464212e+00 -2.054194679190768369e-06 -6.163100145784028427e-06
-3.106212424849699616e+00 2.492473640723086969e+00 -2.087487822266531623e-06 -6.262995661643344647e-06
-3.086172344689378733e+00 2.484420393045178255e+00 -2.121541334998422457e-06 -6.365172694700049760e-06
-3.066132264529058737e+00 2.476340955736531235e+00 -2.156377680695431565e-06 -6.469695790656260215e-06
-3.046092184368737854e+00 2.468235071612401299e+00 -2.192020140789896487e-06 -6.576642398670173861e-06
-3.026052104208416971e+00 2.460102479250983354e+00 -2.228492897660139249e-06 -6.686078521056515456e-06
-3.006012024048096087e+00 2.451942912895035409e+00 -2.265820932767503848e-06 -6.798078587166855868e-06
-2.985971943887776092e+00 2.443756102350550297e+00 -2.304030242483712243e-06 -6.912727400276708067e-06
-2.965931863727455209e+00 2.435541772882352074e+00 -2.343147752104091097e-06 -7.030098075233581767e-06
-2.945891783567134325e+00 2.427299645106526516e+00 -2.383201389122291403e-06 -7.150281135182012804e-06
-2.925851703406814330e+00 2.419029434879540474e+00 -2.424220194863213607e-06 -7.273357745418707054e-06
-2.905811623246493447e+00 2.410730853183943978e+00 -2.466234220288576751e-06 -7.399417505382643867e-06
-2.885771543086172564e+00 2.402403606010519166e+00 -2.509274763529134589e-06 -7.528564978542817698e-06
-2.865731462925851680e+00 2.394047394236735737e+00 -2.553374314262502054e-06 -7.660890169347567280e-06
-2.845691382765531685e+00 2.385661913501379683e+00 -2.598566592404427666e-06 -7.796490933742461493e-06
-2.825651302605210802e+00 2.377246854075197202e+00 -2.644886651581579429e-06 -7.935474293674360524e-06
-2.805611222444889918e+00 2.368801900727407705e+00 -2.692370931423049285e-06 -8.077953616236754897e-06
-2.785571142284569035e+00 2.360326732587914034e+00 -2.741057348876196897e-06 -8.224042133520015341e-06
-2.765531062124249040e+00 2.351821023005045141e+00 -2.790985308254168018e-06 -8.373852345755494753e-06
-2.745490981963928157e+00 2.343284439398652275e+00 -2.842195794383606255e-06 -8.527513855938195775e-06
-2.725450901803607273e+00 2.334716643108369905e+00 -2.894731517544268939e-06 -8.685155933108035242e-06
-2.705410821643287278e+00 2.326117289236846464e+00 -2.948636887156741437e-06 -8.846902353809582564e-06
-2.685370741482966395e+00 2.317486026487739714e+00 -3.003958124969674515e-06 -9.012896811100290506e-06
-2.665330661322645511e+00 2.308822496998262253e+00 -3.060743432814483356e-06 -9.183289165548558231e-06
-2.645290581162324628e+00 2.300126336166048446e+00 -3.119043014421229998e-06 -9.358227380573680421e-06
-2.625250501002004633e+00 2.291397172470108767e+00 -3.178909190493239834e-06 -9.537862418085296667e-06
-2.605210420841683749e+00 2.282634627285621498e+00 -3.240396463988215459e-06 -9.722362577235799108e-06
-2.585170340681362866e+00 2.273838314692301577e+00 -3.303561756096140556e-06 -9.911901663883782021e-06
-2.565130260521041983e+00 2.265007841276070355e+00 -3.368464390585135249e-06 -1.010665420864143016e-05
-2.545090180360721988e+00 2.256142805923739392e+00 -3.435166305021386535e-06 -1.030680400049277523e-05
-2.525050100200401104e+00 2.247242799610403186e+00 -3.503732110943236222e-06 -1.051254723449801531e-05
-2.505010020040080221e+00 2.238307405179225995e+00 -3.574229343883406074e-06 -1.072408932856205865e-05
-2.484969939879760226e+00 2.229336197113284346e+00 -3.646728510664498657e-06 -1.094163864934216690e-05
-2.464929859719439342e+00 2.220328741299107289e+00 -3.721303306059020599e-06 -1.116541633905399067e-05
-2.444889779559118459e+00 2.211284594781557367e+00 -3.798030751345216061e-06 -1.139565491570238009e-05
-2.424849699398797576e+00 2.202203305509642384e+00 -3.876991417794961592e-06 -1.163259742753552928e-05
-2.404809619238477580e+00 2.193084412072858314e+00 -3.958269575665696038e-06 -1.187649171896509870e-05
-2.384769539078156697e+00 2.183927443427622794e+00 -4.041953388822516757e-06 -1.212760709279336879e-05
-2.364729458917835814e+00 2.174731918613343140e+00 -4.128135221881379380e-06 -1.238622317600857059e-05
-2.344689378757514930e+00 2.165497346457628591e+00 -4.216911764554076569e-06 -1.265262417149415342e-05
-2.324649298597194935e+00 2.156223225270145871e+00 -4.308384313422841672e-06 -1.292711452549610840e-05
-2.304609218436874052e+00 2.146909042524566047e+00 -4.402659051994106676e-06 -1.321001568044266605e-05
-2.284569138276553169e+00 2.137554274528042697e+00 -4.499847333583328890e-06 -1.350166353120130225e-05
-2.264529058116233173e+00 2.128158386077612096e+00 -4.600065969195821225e-06 -1.380240540527211124e-05
-2.244488977955912290e+00 2.118720830102877262e+00 -4.703437512909580676e-06 -1.411260999617525158e-05
-2.224448897795591407e+00 2.109241047294306615e+00 -4.810090671214517499e-06 -1.443266432943346445e-05
-2.204408817635270523e+00 2.099718465716425619e+00 -4.920160597943201708e-06 -1.476297232727574738e-05
-2.184368737474950528e+00 2.090152500405149993e+00 -5.033789328867666057e-06 -1.510396328541219191e-05
-2.164328657314629645e+00 2.080542552948451362e+00 -5.151126194924415813e-06 -1.545608418496158265e-05
-2.144288577154308761e+00 2.070888011049515143e+00 -5.272328233885126281e-06 -1.581980544784755693e-05
-2.124248496993987878e+00 2.061188248071479823e+00 -5.397560702780079822e-06 -1.619562522137130145e-05
-2.104208416833667883e+00 2.051442622562799301e+00 -5.526997583327197816e-06 -1.658406410598445291e-05
-2.084168336673347000e+00 2.041650477762218419e+00 -5.660822101960505393e-06 -1.698567325547628570e-05
-2.064128256513026116e+00 2.031811141082274119e+00 -5.799227373703974564e-06 -1.740103341774101864e-05
-2.044088176352706121e+00 2.021923923570175141e+00 -5.942416980597720055e-06 -1.783074930017392035e-05
-2.024048096192385238e+00 2.011988119344835901e+00 -6.090605631614565141e-06 -1.827547234256599040e-05
-2.004008016032064354e+00 2.002003005008766046e+00 -6.244020043622011684e-06 -1.873588703205086858e-05
-1.983967935871744359e+00 1.991967839033423893e+00 -6.402899553781260522e-06 -1.921270210658576616e-05
-1.963927855711423476e+00 1.981881861116561838e+00 -6.567497004783540149e-06 -1.970668005668585465e-05
-1.943887775551102592e+00 1.971744291509982983e+00 -6.738079751378300841e-06 -2.021862730572365763e-05
-1.923847695390781709e+00 1.961554330316028549e+00 -6.914930560153464967e-06 -2.074938885954225043e-05
-1.903807615230460826e+00 1.951311156750998865e+00 -7.098348681400246107e-06 -2.129986421550711384e-05
-1.883767535070139942e+00 1.941013928373590991e+00 -7.288651042491878229e-06 -2.187100636064087666e-05
-1.863727454909820835e+00 1.930661780276297312e+00 -7.486173452586619703e-06 -2.246382403114921544e-05
-1.843687374749499952e+00 1.920253824237566853e+00 -7.691271978527147724e-06 -2.307938455459179750e-05
-1.823647294589179069e+00 1.909789147832387846e+00 -7.904324347718372223e-06 -2.371882177953921200e-05
-1.803607214428858185e+00 1.899266813498755369e+00 -8.125731597918850468e-06 -2.438334064436276094e-05
-1.783567134268537302e+00 1.888685857557331982e+00 -8.355919733360472890e-06 -2.507422215813903676e-05
-1.763527054108216419e+00 1.878045289181395905e+00 -8.595341658867994283e-06 -2.579282654835424182e-05
-1.743486973947895535e+00 1.867344089313962341e+00 -8.844479112979364288e-06 -2.654059807838393681e-05
-1.723446893787574652e+00 1.856581209528726628e+00 -9.103844930802296176e-06 -2.731907704145442040e-05
-1.703406813627255545e+00 1.845755570831227654e+00 -9.373985410232599236e-06 -2.812990484102328992e-05
-1.683366733466934662e+00 1.834866062396345310e+00 -9.655482963055739276e-06 -2.897483354047380999e-05
-1.663326653306613778e+00 1.823911540237965534e+00 -9.948958956784714758e-06 -2.985572732683294817e-05
-1.643286573146292895e+00 1.812890825806282802e+00 -1.025507678309445225e-05 -3.077457611766476475e-05
-1.623246492985972012e+00 1.801802704507889263e+00 -1.057454530273282955e-05 -3.173351160512538627e-05
-1.603206412825651128e+00 1.790645924143380752e+00 -1.090812259774143200e-05 -3.273481188870164260e-05
-1.583166332665330245e+00 1.779419193256794207e+00 -1.125662001788541033e-05 -3.378091158623419688e-05
-1.563126252505011138e+00 1.768121179390717668e+00 -1.162090665907111742e-05 -3.487442472049906428e-05
-1.543086172344690254e+00 1.756750507240393722e+00 -1.200191436545594570e-05 -3.601814857745466725e-05
-1.523046092184369371e+00 1.745305756699592870e+00 -1.240064299989906971e-05 -3.721508493725877997e-05
-1.503006012024048488e+00 1.733785460790376209e+00 -1.281816654774559083e-05 -3.846846457378205741e-05
-1.482965931863727604e+00 1.722188103468217379e+00 -1.325563962928377748e-05 -3.978175317342902417e-05
-1.462925851703406721e+00 1.710512117293184531e+00 -1.371430471575063592e-05 -4.115868464538152693e-05
-1.442885771543085838e+00 1.698755880957052655e+00 -1.419550023906701597e-05 -4.260328287131187608e-05
-1.422845691382766731e+00 1.686917716655300659e+00 -1.470066939623926316e-05 -4.411987989527688114e-05
-1.402805611222445847e+00 1.674995887291933494e+00 -1.523136995862373055e-05 -4.571315962920152742e-05
-1.382765531062124964e+00 1.662988593503951229e+00 -1.578928531542622693e-05 -4.738818169869318808e-05
-1.362725450901804081e+00 1.650893970491021046e+00 -1.637623645300845254e-05 -4.915041522934870954e-05
-1.342685370741483197e+00 1.638710084634547703e+00 -1.699419555212244859e-05 -5.100578864158933357e-05
-1.322645290581162314e+00 1.626434929888781245e+00 -1.764530102188466287e-05 -5.296073031502146478e-05
-1.302605210420841431e+00 1.614066423924890081e+00 -1.833187434319150100e-05 -5.502221711850552310e-05
-1.282565130260520547e+00 1.601602404007012259e+00 -1.905643882116336840e-05 -5.719783209912066013e-05
-1.262525050100201440e+00 1.589040622577158279e+00 -1.982174070480624550e-05 -5.949583314190931560e-05
-1.242484969939880557e+00 1.576378742523433463e+00 -2.063077286629244611e-05 -6.192521643555437549e-05
-1.222444889779559674e+00 1.563614332103386406e+00 -2.148680132507685414e-05 -6.449579947798156354e-05
-1.202404809619238790e+00 1.550744859491230976e+00 -2.239339528642414479e-05 -6.721831540801304072e-05
-1.182364729458917907e+00 1.537767686914325749e+00 -2.335446095336202177e-05 -7.010450962496861393e-05
-1.162324649298597024e+00 1.524680064340448560e+00 -2.437427977253214806e-05 -7.316725693584658075e-05
-1.142284569138276140e+00 1.511479122673069719e+00 -2.545755181015962876e-05 -7.642069039093257743e-05
-1.122244488977957033e+00 1.498161866406936049e+00 -2.660944494992101284e-05 -7.988035319073105711e-05
-1.102204408817636150e+00 1.484725165690698567e+00 -2.783565102493223975e-05 -8.356336736881075922e-05
-1.082164328657315266e+00 1.471165747737021912e+00 -2.914244971408130880e-05 -8.748862240537391699e-05
-1.062124248496994383e+00 1.457480187513363390e+00 -3.053678167508344643e-05 -9.167699795398220886e-05
-1.042084168336673500e+00 1.443664897638418987e+00 -3.202633235610541362e-05 -9.615161812348560488e-05
-1.022044088176352616e+00 1.429716117399781217e+00 -3.361962837056253761e-05 -1.009381412586662918e-04
-1.002004008016031733e+00 1.415629900797543694e+00 -3.532614847534532032e-05 -1.060650931634654626e-04
-9.819639278557126261e-01 1.401402103506136809e+00 -3.715645183788307548e-05 -1.115642545883588355e-04
-9.619238476953917427e-01 1.387028368632301500e+00 -3.912232663239034736e-05 -1.174711120697224942e-04
-9.418837675350708594e-01 1.372504111130506521e+00 -4.123696281144173525e-05 -1.238253758018004191e-04
-9.218436873747499760e-01 1.357824500717784266e+00 -4.351515335132560836e-05 -1.306715891615795044e-04
-9.018036072144290927e-01 1.342984443107535952e+00 -4.597352980650892817e-05 -1.380598410776201490e-04
-8.817635270541082093e-01 1.327978559355615706e+00 -4.863083852812977170e-05 -1.460465973792679506e-04
-8.617234468937873260e-01 1.312801163081285027e+00 -5.150826601574287622e-05 -1.546956874420857275e-04
-8.416833667334664426e-01 1.297446235289513972e+00 -5.462982339721200731e-05 -1.640794637083331509e-04
-8.216432865731473356e-01 1.281907396478503269e+00 -5.802280249722624461e-05 -1.742801814970107444e-04
-8.016032064128264523e-01 1.266177875665837504e+00 -6.171831910439795621e-05 -1.853916436544977842e-04
-7.815631262525055689e-01 1.250250475906732550e+00 -6.575196271907390866e-05 -1.975211649565267180e-04
-7.615230460921846856e-01 1.234117535806200872e+00 -7.016457708242107572e-05 -2.107919354159548675e-04
-7.414829659318638022e-01 1.217770886441176037e+00 -7.500320220155121120e-05 -2.253458751582115838e-04
-7.214428857715429189e-01 1.201201803005259361e+00 -8.032221678599960057e-05 -2.413470950024532158e-04
-7.014028056112220355e-01 1.184400950363703409e+00 -8.618473075594490496e-05 -2.589861192952014335e-04
-6.813627254509029285e-01 1.167358321554185840e+00 -9.266429187049229910e-05 -2.784850639869773659e-04
-6.613226452905820452e-01 1.150063168083024889e+00 -9.984698910459055554e-05 -3.001040209369421063e-04
-6.412825651302611618e-01 1.132503920638035622e+00 -1.078340607665317918e-04 -3.241489835552613386e-04
-6.212424849699402785e-01 1.114668098556642395e+00 -1.167451491613791248e-04 -3.509817411107007956e-04
-6.012024048096193951e-01 1.096542206036429157e+00 -1.267223895213831497e-04 -3.810323208064403389e-04
-5.811623246492985118e-01 1.078111612635072714e+00 -1.379355843038609919e-04 -4.148147487654796350e-04
-5.611222444889776284e-01 1.059360415051438187e+00 -1.505888012285350186e-04 -4.529471655843053668e-04
-5.410821643286585214e-01 1.040271276474226791e+00 -1.649288559405492904e-04 -4.961777187908467113e-04
-5.210420841683376381e-01 1.020825238881110097e+00 -1.812563135845657314e-04 -5.454181856627826619e-04
-5.010020040080167547e-01 1.001001502504383689e+00 -1.999398918425265848e-04 -6.017880515578610812e-04
-4.809619238476958714e-01 9.807771651580147187e-01 -2.214355085317087912e-04 -6.666728947202216204e-04
-4.609218436873749880e-01 9.601269121187834266e-01 -2.463117474251763639e-04 -7.418025804923900068e-04
-4.408817635270541047e-01 9.390226445906979524e-01 -2.752843084206091362e-04 -8.293572488327072278e-04
-4.208416833667332213e-01 9.174330311981722108e-01 -3.092632114101157015e-04 -9.321128657227006897e-04
-4.008016032064123380e-01 8.953229620716899317e-01 -3.494183825487606754e-04 -1.053643972440454490e-03
-3.807615230460932310e-01 8.726528783497975450e-01 -3.972721795819644797e-04 -1.198610544612677131e-03
-3.607214428857723476e-01 8.493779404785273268e-01 -4.548321219770556922e-04 -1.373170892254194086e-03
-3.406813627254514643e-01 8.254469852455110779e-01 -5.247848414302591635e-04 -1.585587375060981685e-03
-3.206412825651305809e-01 8.008012020035066847e-01 -6.107853481651659422e-04 -1.847133957017632611e-03
-3.006012024048096976e-01 7.753724297456154879e-01 -7.178984174218694392e-04 -2.173488596401540462e-03
-2.805611222444888142e-01 7.490809332034674695e-01 -8.532895833606168878e-04 -2.586927300821884046e-03
-2.605210420841679309e-01 7.218324488192089383e-01 -1.027338735549720994e-03 -3.119888080661326057e-03
-2.404809619238488239e-01 6.935141843161519715e-01 -1.255495187308941496e-03 -3.820965799551601094e-03
-2.204408817635279405e-01 6.639892796778091855e-01 -1.561488123791088256e-03 -4.765413527886508405e-03
-2.004008016032070572e-01 6.330889378329194184e-01 -1.983135577559247409e-03 -6.074438894131617417e-03
-1.803607214428861738e-01 6.006009015026304576e-01 -2.583423139537188717e-03 -7.952752056263889813e-03
-1.603206412825652905e-01 5.662519603190178108e-01 -3.473013478981989977e-03 -1.076693627029534639e-02
-1.402805611222444071e-01 5.296802075257190934e-01 -4.859677789446958940e-03 -1.522411235604970159e-02
-1.202404809619235238e-01 4.903885825790064712e-01 -7.168036697984270234e-03 -2.282900539195686918e-02
-1.002004008016044168e-01 4.476614810358479080e-01 -1.136934998361738280e-02 -3.725479481980364937e-02
-8.016032064128353340e-02 4.004006010017555628e-01 -2.006575375192687360e-02 -6.956917077992486043e-02
-6.012024048096265005e-02 3.467570921580772625e-01 -4.213864023266999936e-02 -1.689276837067570369e-01
-4.008016032064176670e-02 2.831259801595105152e-01 -1.245953493572327098e-01 -1.942579786784851770e+00
-2.004008016032088335e-02 2.002003005008777814e-01 -2.068995707482860880e+00 2.491906987144663077e-01
0.000000000000000000e+00 0.000000000000000000e+00 0.000000000000000000e+00 0.000000000000000000e+00
2.004008016032064049e-02 0.000000000000000000e+00 0.000000000000000000e+00 0.000000000000000000e+00
4.008016032064128098e-02 0.000000000000000000e+00 0.000000000000000000e+00 0.000000000000000000e+00
6.012024048096192147e-02 0.000000000000000000e+00 0.000000000000000000e+00 0.000000000000000000e+00
8.016032064128256196e-02 0.000000000000000000e+00 0.000000000000000000e+00 0.000000000000000000e+00
1.002004008016031955e-01 0.000000000000000000e+00 0.000000000000000000e+00 0.000000000000000000e+00
1.202404809619238429e-01 0.000000000000000000e+00 0.000000000000000000e+00 0.000000000000000000e+00
1.402805611222444904e-01 0.000000000000000000e+00 0.000000000000000000e+00 0.000000000000000000e+00
1.603206412825651239e-01 0.000000000000000000e+00 0.000000000000000000e+00 0.000000000000000000e+00
1.803607214428857575e-01 0.000000000000000000e+00 0.000000000000000000e+00 0.000000000000000000e+00
2.004008016032063910e-01 0.000000000000000000e+00 0.000000000000000000e+00 0.000000000000000000e+00
2.204408817635270523e-01 0.000000000000000000e+00 0.000000000000000000e+00 0.000000000000000000e+00
2.404809619238476859e-01 0.000000000000000000e+00 0.000000000000000000e+00 0.000000000000000000e+00
2.605210420841683194e-01 0.000000000000000000e+00 0.000000000000000000e+00 0.000000000000000000e+00
2.805611222444889807e-01 0.000000000000000000e+00 0.000000000000000000e+00 0.000000000000000000e+00
3.006012024048095865e-01 0.000000000000000000e+00 0.000000000000000000e+00 0.000000000000000000e+00
3.206412825651302478e-01 0.000000000000000000e+00 0.000000000000000000e+00 0.000000000000000000e+00
3.406813627254509091e-01 0.000000000000000000e+00 0.000000000000000000e+00 0.000000000000000000e+00
3.607214428857715149e-01 0.000000000000000000e+00 0.000000000000000000e+00 0.000000000000000000e+00
3.807615230460921762e-01 0.000000000000000000e+00 0.000000000000000000e+00 0.000000000000000000e+00
4.008016032064127820e-01 0.000000000000000000e+00 0.000000000000000000e+00 0.000000000000000000e+00
4.208416833667334433e-01 0.000000000000000000e+00 0.000000000000000000e+00 0.000000000000000000e+00
4.408817635270541047e-01 0.000000000000000000e+00 0.000000000000000000e+00 0.000000000000000000e+00
4.609218436873747105e-01 0.000000000000000000e+00 0.000000000000000000e+00 0.000000000000000000e+00
4.809619238476953718e-01 0.000000000000000000e+00 0.000000000000000000e+00 0.000000000000000000e+00
5.010020040080159776e-01 0.000000000000000000e+00 0.000000000000000000e+00 0.000000000000000000e+00
5.210420841683366389e-01 0.000000000000000000e+00 0.000000000000000000e+00 0.000000000000000000e+00
5.410821643286573002e-01 0.000000000000000000e+00 0.000000000000000000e+00 0.000000000000000000e+00
5.611222444889779615e-01 0.000000000000000000e+00 0.000000000000000000e+00 0.000000000000000000e+00
5.811623246492986228e-01 0.000000000000000000e+00 0.000000000000000000e+00 0.000000000000000000e+00
6.012024048096191731e-01 0.000000000000000000e+00 0.000000000000000000e+00 0.000000000000000000e+00
6.212424849699398344e-01 0.000000000000000000e+00 0.000000000000000000e+00 0.000000000000000000e+00
6.412825651302604957e-01 0.000000000000000000e+00 0.000000000000000000e+00 0.000000000000000000e+00
6.613226452905811570e-01 0.000000000000000000e+00 0.000000000000000000e+00 0.000000000000000000e+00
6.813627254509018183e-01 0.000000000000000000e+00 0.000000000000000000e+00 0.000000000000000000e+00
7.014028056112223686e-01 0.000000000000000000e+00 0.000000000000000000e+00 0.000000000000000000e+00
7.214428857715430299e-01 0.000000000000000000e+00 0.000000000000000000e+00 0.000000000000000000e+00
7.414829659318636912e-01 0.000000000000000000e+00 0.000000000000000000e+00 0.000000000000000000e+00
7.615230460921843525e-01 0.000000000000000000e+00 0.000000000000000000e+00 0.000000000000000000e+00
7.815631262525050138e-01 0.000000000000000000e+00 0.000000000000000000e+00 0.000000000000000000e+00
8.016032064128255641e-01 0.000000000000000000e+00 0.000000000000000000e+00 0.000000000000000000e+00
8.216432865731462254e-01 0.000000000000000000e+00 0.000000000000000000e+00 0.000000000000000000e+00
8.416833667334668867e-01 0.000000000000000000e+00 0.000000000000000000e+00 0.000000000000000000e+00
8.617234468937875480e-01 0.000000000000000000e+00 0.000000000000000000e+00 0.000000000000000000e+00
8.817635270541082093e-01 0.000000000000000000e+00 0.000000000000000000e+00 0.000000000000000000e+00
9.018036072144288706e-01 0.000000000000000000e+00 0.000000000000000000e+00 0.000000000000000000e+00
9.218436873747494209e-01 0.000000000000000000e+00 0.000000000000000000e+00 0.000000000000000000e+00
9.418837675350700822e-01 0.000000000000000000e+00 0.000000000000000000e+00 0.000000000000000000e+00
9.619238476953907435e-01 0.000000000000000000e+00 0.000000000000000000e+00 0.000000000000000000e+00
9.819639278557114048e-01 0.000000000000000000e+00 0.000000000000000000e+00 0.000000000000000000e+00
1.002004008016031955e+00 0.000000000000000000e+00 0.000000000000000000e+00 0.000000000000000000e+00
1.022044088176352616e+00 0.000000000000000000e+00 0.000000000000000000e+00 0.000000000000000000e+00
1.042084168336673278e+00 0.000000000000000000e+00 0.000000000000000000e+00 0.000000000000000000e+00
1.062124248496993939e+00 0.000000000000000000e+00 0.000000000000000000e+00 0.000000000000000000e+00
1.082164328657314600e+00 0.000000000000000000e+00 0.000000000000000000e+00 0.000000000000000000e+00
1.102204408817635262e+00 0.000000000000000000e+00 0.000000000000000000e+00 0.000000000000000000e+00
1.122244488977955923e+00 0.000000000000000000e+00 0.000000000000000000e+00 0.000000000000000000e+00
1.142284569138276584e+00 0.000000000000000000e+00 0.000000000000000000e+00 0.000000000000000000e+00
1.162324649298597246e+00 0.000000000000000000e+00 0.000000000000000000e+00 0.000000000000000000e+00
1.182364729458917685e+00 0.000000000000000000e+00 0.000000000000000000e+00 0.000000000000000000e+00
1.202404809619238346e+00 0.000000000000000000e+00 0.000000000000000000e+00 0.000000000000000000e+00
1.222444889779559007e+00 0.000000000000000000e+00 0.000000000000000000e+00 0.000000000000000000e+00
1.242484969939879669e+00 0.000000000000000000e+00 0.000000000000000000e+00 0.000000000000000000e+00
1.262525050100200330e+00 0.000000000000000000e+00 0.000000000000000000e+00 0.000000000000000000e+00
1.282565130260520991e+00 0.000000000000000000e+00 0.000000000000000000e+00 0.000000000000000000e+00
1.302605210420841653e+00 0.000000000000000000e+00 0.000000000000000000e+00 0.000000000000000000e+00
1.322645290581162314e+00 0.000000000000000000e+00 0.000000000000000000e+00 0.000000000000000000e+00
1.342685370741482975e+00 0.000000000000000000e+00 0.000000000000000000e+00 0.000000000000000000e+00
1.362725450901803637e+00 0.000000000000000000e+00 0.000000000000000000e+00 0.000000000000000000e+00
1.382765531062124298e+00 0.000000000000000000e+00 0.000000000000000000e+00 0.000000000000000000e+00
1.402805611222444737e+00 0.000000000000000000e+00 0.000000000000000000e+00 0.000000000000000000e+00
1.422845691382765398e+00 0.000000000000000000e+00 0.000000000000000000e+00 0.000000000000000000e+00
1.442885771543086060e+00 0.000000000000000000e+00 0.000000000000000000e+00 0.000000000000000000e+00
1.462925851703406721e+00 0.000000000000000000e+00 0.000000000000000000e+00 0.000000000000000000e+00
1.482965931863727382e+00 0.000000000000000000e+00 0.000000000000000000e+00 0.000000000000000000e+00
1.503006012024048044e+00 0.000000000000000000e+00 0.000000000000000000e+00 0.000000000000000000e+00
1.523046092184368705e+00 0.000000000000000000e+00 0.000000000000000000e+00 0.000000000000000000e+00
1.543086172344689366e+00 0.000000000000000000e+00 0.000000000000000000e+00 0.000000000000000000e+00
1.563126252505010028e+00 0.000000000000000000e+00 0.000000000000000000e+00 0.000000000000000000e+00
1.583166332665330689e+00 0.000000000000000000e+00 0.000000000000000000e+00 0.000000000000000000e+00
1.603206412825651128e+00 0.000000000000000000e+00 0.000000000000000000e+00 0.000000000000000000e+00
1.623246492985971789e+00 0.000000000000000000e+00 0.000000000000000000e+00 0.000000000000000000e+00
1.643286573146292451e+00 0.000000000000000000e+00 0.000000000000000000e+00 0.000000000000000000e+00
1.663326653306613112e+00 0.000000000000000000e+00 0.000000000000000000e+00 0.000000000000000000e+00
1.683366733466933773e+00 0.000000000000000000e+00 0.000000000000000000e+00 0.000000000000000000e+00
1.703406813627254435e+00 0.000000000000000000e+00 0.000000000000000000e+00 0.000000000000000000e+00
1.723446893787575096e+00 0.000000000000000000e+00 0.000000000000000000e+00 0.000000000000000000e+00
1.743486973947895757e+00 0.000000000000000000e+00 0.000000000000000000e+00 0.000000000000000000e+00
1.763527054108216419e+00 0.000000000000000000e+00 0.000000000000000000e+00 0.000000000000000000e+00
1.783567134268537080e+00 0.000000000000000000e+00 0.000000000000000000e+00 0.000000000000000000e+00
1.803607214428857741e+00 0.000000000000000000e+00 0.000000000000000000e+00 0.000000000000000000e+00
1.823647294589178181e+00 0.000000000000000000e+00 0.000000000000000000e+00 0.000000000000000000e+00
1.843687374749498842e+00 0.000000000000000000e+00 0.000000000000000000e+00 0.000000000000000000e+00
1.863727454909819503e+00 0.000000000000000000e+00 0.000000000000000000e+00 0.000000000000000000e+00
1.883767535070140164e+00 0.000000000000000000e+00 0.000000000000000000e+00 0.000000000000000000e+00
1.903807615230460826e+00 0.000000000000000000e+00 0.000000000000000000e+00 0.000000000000000000e+00
1.923847695390781487e+00 0.000000000000000000e+00 0.000000000000000000e+00 0.000000000000000000e+00
1.943887775551102148e+00 0.000000000000000000e+00 0.000000000000000000e+00 0.000000000000000000e+00
1.963927855711422810e+00 0.000000000000000000e+00 0.000000000000000000e+00 0.000000000000000000e+00
1.983967935871743471e+00 0.000000000000000000e+00 0.000000000000000000e+00 0.000000000000000000e+00
2.004008016032063910e+00 0.000000000000000000e+00 0.000000000000000000e+00 0.000000000000000000e+00
2.024048096192384794e+00 0.000000000000000000e+00 0.000000000000000000e+00 0.000000000000000000e+00
2.044088176352705233e+00 0.000000000000000000e+00 0.000000000000000000e+00 0.000000000000000000e+00
2.064128256513026116e+00 0.000000000000000000e+00 0.000000000000000000e+00 0.000000000000000000e+00
2.084168336673346555e+00 0.000000000000000000e+00 0.000000000000000000e+00 0.000000000000000000e+00
2.104208416833667439e+00 0.000000000000000000e+00 0.000000000000000000e+00 0.000000000000000000e+00
2.124248496993987878e+00 0.000000000000000000e+00 0.000000000000000000e+00 0.000000000000000000e+00
2.144288577154308317e+00 0.000000000000000000e+00 0.000000000000000000e+00 0.000000000000000000e+00
2.164328657314629201e+00 0.000000000000000000e+00 0.000000000000000000e+00 0.000000000000000000e+00
2.184368737474949640e+00 0.000000000000000000e+00 0.000000000000000000e+00 0.000000000000000000e+00
2.204408817635270523e+00 0.000000000000000000e+00 0.000000000000000000e+00 0.000000000000000000e+00
2.224448897795590963e+00 0.000000000000000000e+00 0.000000000000000000e+00 0.000000000000000000e+00
2.244488977955911846e+00 0.000000000000000000e+00 0.000000000000000000e+00 0.000000000000000000e+00
2.264529058116232285e+00 0.000000000000000000e+00 0.000000000000000000e+00 0.000000000000000000e+00
2.284569138276553169e+00 0.000000000000000000e+00 0.000000000000000000e+00 0.000000000000000000e+00
2.304609218436873608e+00 0.000000000000000000e+00 0.000000000000000000e+00 0.000000000000000000e+00
2.324649298597194491e+00 0.000000000000000000e+00 0.000000000000000000e+00 0.000000000000000000e+00
2.344689378757514930e+00 0.000000000000000000e+00 0.000000000000000000e+00 0.000000000000000000e+00
2.364729458917835370e+00 0.000000000000000000e+00 0.000000000000000000e+00 0.000000000000000000e+00
2.384769539078156253e+00 0.000000000000000000e+00 0.000000000000000000e+00 0.000000000000000000e+00
2.404809619238476692e+00 0.000000000000000000e+00 0.000000000000000000e+00 0.000000000000000000e+00
2.424849699398797576e+00 0.000000000000000000e+00 0.000000000000000000e+00 0.000000000000000000e+00
2.444889779559118015e+00 0.000000000000000000e+00 0.000000000000000000e+00 0.000000000000000000e+00
2.464929859719438898e+00 0.000000000000000000e+00 0.000000000000000000e+00 0.000000000000000000e+00
2.484969939879759337e+00 0.000000000000000000e+00 0.000000000000000000e+00 0.000000000000000000e+00
2.505010020040080221e+00 0.000000000000000000e+00 0.000000000000000000e+00 0.000000000000000000e+00
2.525050100200400660e+00 0.000000000000000000e+00 0.000000000000000000e+00 0.000000000000000000e+00
2.545090180360721543e+00 0.000000000000000000e+00 0.000000000000000000e+00 0.000000000000000000e+00
2.565130260521041983e+00 0.000000000000000000e+00 0.000000000000000000e+00 0.000000000000000000e+00
2.585170340681362422e+00 0.000000000000000000e+00 0.000000000000000000e+00 0.000000000000000000e+00
2.605210420841683305e+00 0.000000000000000000e+00 0.000000000000000000e+00 0.000000000000000000e+00
2.625250501002003745e+00 0.000000000000000000e+00 0.000000000000000000e+00 0.000000000000000000e+00
2.645290581162324628e+00 0.000000000000000000e+00 0.000000000000000000e+00 0.000000000000000000e+00
2.665330661322645067e+00 0.000000000000000000e+00 0.000000000000000000e+00 0.000000000000000000e+00
2.685370741482965951e+00 0.000000000000000000e+00 0.000000000000000000e+00 0.000000000000000000e+00
2.705410821643286390e+00 0.000000000000000000e+00 0.000000000000000000e+00 0.000000000000000000e+00
2.725450901803607273e+00 0.000000000000000000e+00 0.000000000000000000e+00 0.000000000000000000e+00
2.745490981963927712e+00 0.000000000000000000e+00 0.000000000000000000e+00 0.000000000000000000e+00
2.765531062124248596e+00 0.000000000000000000e+00 0.000000000000000000e+00 0.000000000000000000e+00
2.785571142284569035e+00 0.000000000000000000e+00 0.000000000000000000e+00 0.000000000000000000e+00
2.805611222444889474e+00 0.000000000000000000e+00 0.000000000000000000e+00 0.000000000000000000e+00
2.825651302605210358e+00 0.000000000000000000e+00 0.000000000000000000e+00 0.000000000000000000e+00
2.845691382765530797e+00 0.000000000000000000e+00 0.000000000000000000e+00 0.000000000000000000e+00
2.865731462925851680e+00 0.000000000000000000e+00 0.000000000000000000e+00 0.000000000000000000e+00
2.885771543086172120e+00 0.000000000000000000e+00 0.000000000000000000e+00 0.000000000000000000e+00
2.905811623246493003e+00 0.000000000000000000e+00 0.000000000000000000e+00 0.000000000000000000e+00
2.925851703406813442e+00 0.000000000000000000e+00 0.000000000000000000e+00 0.000000000000000000e+00
2.945891783567134325e+00 0.000000000000000000e+00 0.000000000000000000e+00 0.000000000000000000e+00
2.965931863727454765e+00 0.000000000000000000e+00 0.000000000000000000e+00 0.000000000000000000e+00
2.985971943887775648e+00 0.000000000000000000e+00 0.000000000000000000e+00 0.000000000000000000e+00
3.006012024048096087e+00 0.000000000000000000e+00 0.000000000000000000e+00 0.000000000000000000e+00
3.026052104208416527e+00 0.000000000000000000e+00 0.000000000000000000e+00 0.000000000000000000e+00
3.046092184368737410e+00 0.000000000000000000e+00 0.000000000000000000e+00 0.000000000000000000e+00
3.066132264529057849e+00 0.000000000000000000e+00 0.000000000000000000e+00 0.000000000000000000e+00
3.086172344689378733e+00 0.000000000000000000e+00 0.000000000000000000e+00 0.000000000000000000e+00
3.106212424849699172e+00 0.000000000000000000e+00 0.000000000000000000e+00 0.000000000000000000e+00
3.126252505010020055e+00 0.000000000000000000e+00 0.000000000000000000e+00 0.000000000000000000e+00
3.146292585170340494e+00 0.000000000000000000e+00 0.000000000000000000e+00 0.000000000000000000e+00
3.166332665330661378e+00 0.000000000000000000e+00 0.000000000000000000e+00 0.000000000000000000e+00
3.186372745490981817e+00 0.000000000000000000e+00 0.000000000000000000e+00 0.000000000000000000e+00
3.206412825651302256e+00 0.000000000000000000e+00 0.000000000000000000e+00 0.000000000000000000e+00
3.226452905811623140e+00 0.000000000000000000e+00 0.000000000000000000e+00 0.000000000000000000e+00
3.246492985971943579e+00 0.000000000000000000e+00 0.000000000000000000e+00 0.000000000000000000e+00
3.266533066132264462e+00 0.000000000000000000e+00 0.000000000000000000e+00 0.000000000000000000e+00
3.286573146292584902e+00 0.000000000000000000e+00 0.000000000000000000e+00 0.000000000000000000e+00
3.306613226452905785e+00 0.000000000000000000e+00 0.000000000000000000e+00 0.000000000000000000e+00
3.326653306613226224e+00 0.000000000000000000e+00 0.000000000000000000e+00 0.000000000000000000e+00
3.346693386773547108e+00 0.000000000000000000e+00 0.000000000000000000e+00 0.000000000000000000e+00
3.366733466933867547e+00 0.000000000000000000e+00 0.000000000000000000e+00 0.000000000000000000e+00
3.386773547094188430e+00 0.000000000000000000e+00 0.000000000000000000e+00 0.000000000000000000e+00
3.406813627254508869e+00 0.000000000000000000e+00 0.000000000000000000e+00 0.000000000000000000e+00
3.426853707414829309e+00 0.000000000000000000e+00 0.000000000000000000e+00 0.000000000000000000e+00
3.446893787575150192e+00 0.000000000000000000e+00 0.000000000000000000e+00 0.000000000000000000e+00
3.466933867735470631e+00 0.000000000000000000e+00 0.000000000000000000e+00 0.000000000000000000e+00
3.486973947895791515e+00 0.000000000000000000e+00 0.000000000000000000e+00 0.000000000000000000e+00
3.507014028056111954e+00 0.000000000000000000e+00 0.000000000000000000e+00 0.000000000000000000e+00
3.527054108216432837e+00 0.000000000000000000e+00 0.000000000000000000e+00 0.000000000000000000e+00
3.547094188376753277e+00 0.000000000000000000e+00 0.000000000000000000e+00 0.000000000000000000e+00
3.567134268537074160e+00 0.000000000000000000e+00 0.000000000000000000e+00 0.000000000000000000e+00
3.587174348697394599e+00 0.000000000000000000e+00 0.000000000000000000e+00 0.000000000000000000e+00
3.607214428857715482e+00 0.000000000000000000e+00 0.000000000000000000e+00 0.000000000000000000e+00
3.627254509018035922e+00 0.000000000000000000e+00 0.000000000000000000e+00 0.000000000000000000e+00
3.647294589178356361e+00 0.000000000000000000e+00 0.000000000000000000e+00 0.000000000000000000e+00
3.667334669338677244e+00 0.000000000000000000e+00 0.000000000000000000e+00 0.000000000000000000e+00
3.687374749498997684e+00 0.000000000000000000e+00 0.000000000000000000e+00 0.000000000000000000e+00
3.707414829659318567e+00 0.000000000000000000e+00 0.000000000000000000e+00 0.000000000000000000e+00
3.727454909819639006e+00 0.000000000000000000e+00 0.000000000000000000e+00 0.000000000000000000e+00
3.747494989979959890e+00 0.000000000000000000e+00 0.000000000000000000e+00 0.000000000000000000e+00
3.767535070140280329e+00 0.000000000000000000e+00 0.000000000000000000e+00 0.000000000000000000e+00
3.787575150300601212e+00 0.000000000000000000e+00 0.000000000000000000e+00 0.000000000000000000e+00
3.807615230460921651e+00 0.000000000000000000e+00 0.000000000000000000e+00 0.000000000000000000e+00
3.827655310621242535e+00 0.000000000000000000e+00 0.000000000000000000e+00 0.000000000000000000e+00
3.847695390781562974e+00 0.000000000000000000e+00 0.000000000000000000e+00 0.000000000000000000e+00
3.867735470941883413e+00 0.000000000000000000e+00 0.000000000000000000e+00 0.000000000000000000e+00
3.887775551102204297e+00 0.000000000000000000e+00 0.000000000000000000e+00 0.000000000000000000e+00
3.907815631262524736e+00 0.000000000000000000e+00 0.000000000000000000e+00 0.000000000000000000e+00
3.927855711422845619e+00 0.000000000000000000e+00 0.000000000000000000e+00 0.000000000000000000e+00
3.947895791583166059e+00 0.000000000000000000e+00 0.000000000000000000e+00 0.000000000000000000e+00
3.967935871743486942e+00 0.000000000000000000e+00 0.000000000000000000e+00 0.000000000000000000e+00
3.987975951903807381e+00 0.000000000000000000e+00 0.000000000000000000e+00 0.000000000000000000e+00
4.008016032064127820e+00 0.000000000000000000e+00 0.000000000000000000e+00 0.000000000000000000e+00
4.028056112224448704e+00 0.000000000000000000e+00 0.000000000000000000e+00 0.000000000000000000e+00
4.048096192384769587e+00 0.000000000000000000e+00 0.000000000000000000e+00 0.000000000000000000e+00
4.068136272545089582e+00 0.000000000000000000e+00 0.000000000000000000e+00 0.000000000000000000e+00
4.088176352705410466e+00 0.000000000000000000e+00 0.000000000000000000e+00 0.000000000000000000e+00
4.108216432865731349e+00 0.000000000000000000e+00 0.000000000000000000e+00 0.000000000000000000e+00
4.128256513026052232e+00 0.000000000000000000e+00 0.000000000000000000e+00 0.000000000000000000e+00
4.148296593186372228e+00 0.000000000000000000e+00 0.000000000000000000e+00 0.000000000000000000e+00
4.168336673346693111e+00 0.000000000000000000e+00 0.000000000000000000e+00 0.000000000000000000e+00
4.188376753507013994e+00 0.000000000000000000e+00 0.000000000000000000e+00 0.000000000000000000e+00
4.208416833667334878e+00 0.000000000000000000e+00 0.000000000000000000e+00 0.000000000000000000e+00
4.228456913827654873e+00 0.000000000000000000e+00 0.000000000000000000e+00 0.000000000000000000e+00
4.248496993987975756e+00 0.000000000000000000e+00 0.000000000000000000e+00 0.000000000000000000e+00
4.268537074148296639e+00 0.000000000000000000e+00 0.000000000000000000e+00 0.000000000000000000e+00
4.288577154308616635e+00 0.000000000000000000e+00 0.000000000000000000e+00 0.000000000000000000e+00
4.308617234468937518e+00 0.000000000000000000e+00 0.000000000000000000e+00 0.000000000000000000e+00
4.328657314629258401e+00 0.000000000000000000e+00 0.000000000000000000e+00 0.000000000000000000e+00
4.348697394789579285e+00 0.000000000000000000e+00 0.000000000000000000e+00 0.000000000000000000e+00
4.368737474949899280e+00 0.000000000000000000e+00 0.000000000000000000e+00 0.000000000000000000e+00
4.388777555110220163e+00 0.000000000000000000e+00 0.000000000000000000e+00 0.000000000000000000e+00
4.408817635270541047e+00 0.000000000000000000e+00 0.000000000000000000e+00 0.000000000000000000e+00
4.428857715430861930e+00 0.000000000000000000e+00 0.000000000000000000e+00 0.000000000000000000e+00
4.448897795591181925e+00 0.000000000000000000e+00 0.000000000000000000e+00 0.000000000000000000e+00
4.468937875751502808e+00 0.000000000000000000e+00 0.000000000000000000e+00 0.000000000000000000e+00
4.488977955911823692e+00 0.000000000000000000e+00 0.000000000000000000e+00 0.000000000000000000e+00
4.509018036072143687e+00 0.000000000000000000e+00 0.000000000000000000e+00 0.000000000000000000e+00
4.529058116232464570e+00 0.000000000000000000e+00 0.000000000000000000e+00 0.000000000000000000e+00
4.549098196392785454e+00 0.000000000000000000e+00 0.000000000000000000e+00 0.000000000000000000e+00
4.569138276553106337e+00 0.000000000000000000e+00 0.000000000000000000e+00 0.000000000000000000e+00
4.589178356713426332e+00 0.000000000000000000e+00 0.000000000000000000e+00 0.000000000000000000e+00
4.609218436873747216e+00 0.000000000000000000e+00 0.000000000000000000e+00 0.000000000000000000e+00
4.629258517034068099e+00 0.000000000000000000e+00 0.000000000000000000e+00 0.000000000000000000e+00
4.649298597194388982e+00 0.000000000000000000e+00 0.000000000000000000e+00 0.000000000000000000e+00
4.669338677354708977e+00 0.000000000000000000e+00 0.000000000000000000e+00 0.000000000000000000e+00
4.689378757515029861e+00 0.000000000000000000e+00 0.000000000000000000e+00 0.000000000000000000e+00
4.709418837675350744e+00 0.000000000000000000e+00 0.000000000000000000e+00 0.000000000000000000e+00
4.729458917835670739e+00 0.000000000000000000e+00 0.000000000000000000e+00 0.000000000000000000e+00
4.749498997995991623e+00 0.000000000000000000e+00 0.000000000000000000e+00 0.000000000000000000e+00
4.769539078156312506e+00 0.000000000000000000e+00 0.000000000000000000e+00 0.000000000000000000e+00
4.789579158316633389e+00 0.000000000000000000e+00 0.000000000000000000e+00 0.000000000000000000e+00
4.809619238476953385e+00 0.000000000000000000e+00 0.000000000000000000e+00 0.000000000000000000e+00
4.829659318637274268e+00 0.000000000000000000e+00 0.000000000000000000e+00 0.000000000000000000e+00
4.849699398797595151e+00 0.000000000000000000e+00 0.000000000000000000e+00 0.000000000000000000e+00
4.869739478957916035e+00 0.000000000000000000e+00 0.000000000000000000e+00 0.000000000000000000e+00
4.889779559118236030e+00 0.000000000000000000e+00 0.000000000000000000e+00 0.000000000000000000e+00
4.909819639278556913e+00 0.000000000000000000e+00 0.000000000000000000e+00 0.000000000000000000e+00
4.929859719438877796e+00 0.000000000000000000e+00 0.000000000000000000e+00 0.000000000000000000e+00
4.949899799599197792e+00 0.000000000000000000e+00 0.000000000000000000e+00 0.000000000000000000e+00
4.969939879759518675e+00 0.000000000000000000e+00 0.000000000000000000e+00 0.000000000000000000e+00
4.989979959919839558e+00 0.000000000000000000e+00 0.000000000000000000e+00 0.000000000000000000e+00
5.010020040080160442e+00 0.000000000000000000e+00 0.000000000000000000e+00 0.000000000000000000e+00
5.030060120240480437e+00 0.000000000000000000e+00 0.000000000000000000e+00 0.000000000000000000e+00
5.050100200400801320e+00 0.000000000000000000e+00 0.000000000000000000e+00 0.000000000000000000e+00
5.070140280561122204e+00 0.000000000000000000e+00 0.000000000000000000e+00 0.000000000000000000e+00
5.090180360721443087e+00 0.000000000000000000e+00 0.000000000000000000e+00 0.000000000000000000e+00
5.110220440881763082e+00 0.000000000000000000e+00 0.000000000000000000e+00 0.000000000000000000e+00
5.130260521042083965e+00 0.000000000000000000e+00 0.000000000000000000e+00 0.000000000000000000e+00
5.150300601202404849e+00 0.000000000000000000e+00 0.000000000000000000e+00 0.000000000000000000e+00
5.170340681362724844e+00 0.000000000000000000e+00 0.000000000000000000e+00 0.000000000000000000e+00
5.190380761523045727e+00 0.000000000000000000e+00 0.000000000000000000e+00 0.000000000000000000e+00
5.210420841683366611e+00 0.000000000000000000e+00 0.000000000000000000e+00 0.000000000000000000e+00
5.230460921843687494e+00 0.000000000000000000e+00 0.000000000000000000e+00 0.000000000000000000e+00
5.250501002004007489e+00 0.000000000000000000e+00 0.000000000000000000e+00 0.000000000000000000e+00
5.270541082164328373e+00 0.000000000000000000e+00 0.000000000000000000e+00 0.000000000000000000e+00
5.290581162324649256e+00 0.000000000000000000e+00 0.000000000000000000e+00 0.000000000000000000e+00
5.310621242484970139e+00 0.000000000000000000e+00 0.000000000000000000e+00 0.000000000000000000e+00
5.330661322645290134e+00 0.000000000000000000e+00 0.000000000000000000e+00 0.000000000000000000e+00
5.350701402805611018e+00 0.000000000000000000e+00 0.000000000000000000e+00 0.000000000000000000e+00
5.370741482965931901e+00 0.000000000000000000e+00 0.000000000000000000e+00 0.000000000000000000e+00
5.390781563126251896e+00 0.000000000000000000e+00 0.000000000000000000e+00 0.000000000000000000e+00
5.410821643286572780e+00 0.000000000000000000e+00 0.000000000000000000e+00 0.000000000000000000e+00
5.430861723446893663e+00 0.000000000000000000e+00 0.000000000000000000e+00 0.000000000000000000e+00
5.450901803607214546e+00 0.000000000000000000e+00 0.000000000000000000e+00 0.000000000000000000e+00
5.470941883767534542e+00 0.000000000000000000e+00 0.000000000000000000e+00 0.000000000000000000e+00
5.490981963927855425e+00 0.000000000000000000e+00 0.000000000000000000e+00 0.000000000000000000e+00
5.511022044088176308e+00 0.000000000000000000e+00 0.000000000000000000e+00 0.000000000000000000e+00
5.531062124248497192e+00 0.000000000000000000e+00 0.000000000000000000e+00 0.000000000000000000e+00
5.551102204408817187e+00 0.000000000000000000e+00 0.000000000000000000e+00 0.000000000000000000e+00
5.571142284569138070e+00 0.000000000000000000e+00 0.000000000000000000e+00 0.000000000000000000e+00
5.591182364729458953e+00 0.000000000000000000e+00 0.000000000000000000e+00 0.000000000000000000e+00
5.611222444889778949e+00 0.000000000000000000e+00 0.000000000000000000e+00 0.000000000000000000e+00
5.631262525050099832e+00 0.000000000000000000e+00 0.000000000000000000e+00 0.000000000000000000e+00
5.651302605210420715e+00 0.000000000000000000e+00 0.000000000000000000e+00 0.000000000000000000e+00
5.671342685370741599e+00 0.000000000000000000e+00 0.000000000000000000e+00 0.000000000000000000e+00
5.691382765531061594e+00 0.000000000000000000e+00 0.000000000000000000e+00 0.000000000000000000e+00
5.711422845691382477e+00 0.000000000000000000e+00 0.000000000000000000e+00 0.000000000000000000e+00
5.731462925851703361e+00 0.000000000000000000e+00 0.000000000000000000e+00 0.000000000000000000e+00
5.751503006012024244e+00 0.000000000000000000e+00 0.000000000000000000e+00 0.000000000000000000e+00
5.771543086172344239e+00 0.000000000000000000e+00 0.000000000000000000e+00 0.000000000000000000e+00
5.791583166332665122e+00 0.000000000000000000e+00 0.000000000000000000e+00 0.000000000000000000e+00
5.811623246492986006e+00 0.000000000000000000e+00 0.000000000000000000e+00 0.000000000000000000e+00
5.831663326653306001e+00 0.000000000000000000e+00 0.000000000000000000e+00 0.000000000000000000e+00
5.851703406813626884e+00 0.000000000000000000e+00 0.000000000000000000e+00 0.000000000000000000e+00
5.871743486973947768e+00 0.000000000000000000e+00 0.000000000000000000e+00 0.000000000000000000e+00
5.891783567134268651e+00 0.000000000000000000e+00 0.000000000000000000e+00 0.000000000000000000e+00
5.911823647294588646e+00 0.000000000000000000e+00 0.000000000000000000e+00 0.000000000000000000e+00
5.931863727454909530e+00 0.000000000000000000e+00 0.000000000000000000e+00 0.000000000000000000e+00
5.951903807615230413e+00 0.000000000000000000e+00 0.000000000000000000e+00 0.000000000000000000e+00
5.971943887775551296e+00 0.000000000000000000e+00 0.000000000000000000e+00 0.000000000000000000e+00
5.991983967935871291e+00 0.000000000000000000e+00 0.000000000000000000e+00 0.000000000000000000e+00
6.012024048096192175e+00 0.000000000000000000e+00 0.000000000000000000e+00 0.000000000000000000e+00
6.032064128256513058e+00 0.000000000000000000e+00 0.000000000000000000e+00 0.000000000000000000e+00
6.052104208416833053e+00 0.000000000000000000e+00 0.000000000000000000e+00 0.000000000000000000e+00
6.072144288577153937e+00 0.000000000000000000e+00 0.000000000000000000e+00 0.000000000000000000e+00
6.092184368737474820e+00 0.000000000000000000e+00 0.000000000000000000e+00 0.000000000000000000e+00
6.112224448897795703e+00 0.000000000000000000e+00 0.000000000000000000e+00 0.000000000000000000e+00
6.132264529058115698e+00 0.000000000000000000e+00 0.000000000000000000e+00 0.000000000000000000e+00
6.152304609218436582e+00 0.000000000000000000e+00 0.000000000000000000e+00 0.000000000000000000e+00
6.172344689378757465e+00 0.000000000000000000e+00 0.000000000000000000e+00 0.000000000000000000e+00
6.192384769539078349e+00 0.000000000000000000e+00 0.000000000000000000e+00 0.000000000000000000e+00
6.212424849699398344e+00 0.000000000000000000e+00 0.000000000000000000e+00 0.000000000000000000e+00
6.232464929859719227e+00 0.000000000000000000e+00 0.000000000000000000e+00 0.000000000000000000e+00
6.252505010020040110e+00 0.000000000000000000e+00 0.000000000000000000e+00 0.000000000000000000e+00
6.272545090180360106e+00 0.000000000000000000e+00 0.000000000000000000e+00 0.000000000000000000e+00
6.292585170340680989e+00 0.000000000000000000e+00 0.000000000000000000e+00 0.000000000000000000e+00
6.312625250501001872e+00 0.000000000000000000e+00 0.000000000000000000e+00 0.000000000000000000e+00
6.332665330661322756e+00 0.000000000000000000e+00 0.000000000000000000e+00 0.000000000000000000e+00
6.352705410821642751e+00 0.000000000000000000e+00 0.000000000000000000e+00 0.000000000000000000e+00
6.372745490981963634e+00 0.000000000000000000e+00 0.000000000000000000e+00 0.000000000000000000e+00
6.392785571142284518e+00 0.000000000000000000e+00 0.000000000000000000e+00 0.000000000000000000e+00
6.412825651302604513e+00 0.000000000000000000e+00 0.000000000000000000e+00 0.000000000000000000e+00
6.432865731462925396e+00 0.000000000000000000e+00 0.000000000000000000e+00 0.000000000000000000e+00
6.452905811623246279e+00 0.000000000000000000e+00 0.000000000000000000e+00 0.000000000000000000e+00
6.472945891783567163e+00 0.000000000000000000e+00 0.000000000000000000e+00 0.000000000000000000e+00
6.492985971943887158e+00 0.000000000000000000e+00 0.000000000000000000e+00 0.000000000000000000e+00
6.513026052104208041e+00 0.000000000000000000e+00 0.000000000000000000e+00 0.000000000000000000e+00
6.533066132264528925e+00 0.000000000000000000e+00 0.000000000000000000e+00 0.000000000000000000e+00
6.553106212424849808e+00 0.000000000000000000e+00 0.000000000000000000e+00 0.000000000000000000e+00
6.573146292585169803e+00 0.000000000000000000e+00 0.000000000000000000e+00 0.000000000000000000e+00
6.593186372745490686e+00 0.000000000000000000e+00 0.000000000000000000e+00 0.000000000000000000e+00
6.613226452905811570e+00 0.000000000000000000e+00 0.000000000000000000e+00 0.000000000000000000e+00
6.633266533066131565e+00 0.000000000000000000e+00 0.000000000000000000e+00 0.000000000000000000e+00
6.653306613226452448e+00 0.000000000000000000e+00 0.000000000000000000e+00 0.000000000000000000e+00
6.673346693386773332e+00 0.000000000000000000e+00 0.000000000000000000e+00 0.000000000000000000e+00
6.693386773547094215e+00 0.000000000000000000e+00 0.000000000000000000e+00 0.000000000000000000e+00
6.713426853707414210e+00 0.000000000000000000e+00 0.000000000000000000e+00 0.000000000000000000e+00
6.733466933867735094e+00 0.000000000000000000e+00 0.000000000000000000e+00 0.000000000000000000e+00
6.753507014028055977e+00 0.000000000000000000e+00 0.000000000000000000e+00 0.000000000000000000e+00
6.773547094188376860e+00 0.000000000000000000e+00 0.000000000000000000e+00 0.000000000000000000e+00
6.793587174348696855e+00 0.000000000000000000e+00 0.000000000000000000e+00 0.000000000000000000e+00
6.813627254509017739e+00 0.000000000000000000e+00 0.000000000000000000e+00 0.000000000000000000e+00
6.833667334669338622e+00 0.000000000000000000e+00 0.000000000000000000e+00 0.000000000000000000e+00
6.853707414829658617e+00 0.000000000000000000e+00 0.000000000000000000e+00 0.000000000000000000e+00
6.873747494989979501e+00 0.000000000000000000e+00 0.000000000000000000e+00 0.000000000000000000e+00
6.893787575150300384e+00 0.000000000000000000e+00 0.000000000000000000e+00 0.000000000000000000e+00
6.913827655310621267e+00 0.000000000000000000e+00 0.000000000000000000e+00 0.000000000000000000e+00
6.933867735470941263e+00 0.000000000000000000e+00 0.000000000000000000e+00 0.000000000000000000e+00
6.953907815631262146e+00 0.000000000000000000e+00 0.000000000000000000e+00 0.000000000000000000e+00
6.973947895791583029e+00 0.000000000000000000e+00 0.000000000000000000e+00 0.000000000000000000e+00
6.993987975951903913e+00 0.000000000000000000e+00 0.000000000000000000e+00 0.000000000000000000e+00
7.014028056112223908e+00 0.000000000000000000e+00 0.000000000000000000e+00 0.000000000000000000e+00
7.034068136272544791e+00 0.000000000000000000e+00 0.000000000000000000e+00 0.000000000000000000e+00
7.054108216432865675e+00 0.000000000000000000e+00 0.000000000000000000e+00 0.000000000000000000e+00
7.074148296593185670e+00 0.000000000000000000e+00 0.000000000000000000e+00 0.000000000000000000e+00
7.094188376753506553e+00 0.000000000000000000e+00 0.000000000000000000e+00 0.000000000000000000e+00
7.114228456913827436e+00 0.000000000000000000e+00 0.000000000000000000e+00 0.000000000000000000e+00
7.134268537074148320e+00 0.000000000000000000e+00 0.000000000000000000e+00 0.000000000000000000e+00
7.154308617234468315e+00 0.000000000000000000e+00 0.000000000000000000e+00 0.000000000000000000e+00
7.174348697394789198e+00 0.000000000000000000e+00 0.000000000000000000e+00 0.000000000000000000e+00
7.194388777555110082e+00 0.000000000000000000e+00 0.000000000000000000e+00 0.000000000000000000e+00
7.214428857715430965e+00 0.000000000000000000e+00 0.000000000000000000e+00 0.000000000000000000e+00
7.234468937875750960e+00 0.000000000000000000e+00 0.000000000000000000e+00 0.000000000000000000e+00
7.254509018036071843e+00 0.000000000000000000e+00 0.000000000000000000e+00 0.000000000000000000e+00
7.274549098196392727e+00 0.000000000000000000e+00 0.000000000000000000e+00 0.000000000000000000e+00
7.294589178356712722e+00 0.000000000000000000e+00 0.000000000000000000e+00 0.000000000000000000e+00
7.314629258517033605e+00 0.000000000000000000e+00 0.000000000000000000e+00 0.000000000000000000e+00
7.334669338677354489e+00 0.000000000000000000e+00 0.000000000000000000e+00 0.000000000000000000e+00
7.354709418837675372e+00 0.000000000000000000e+00 0.000000000000000000e+00 0.000000000000000000e+00
7.374749498997995367e+00 0.000000000000000000e+00 0.000000000000000000e+00 0.000000000000000000e+00
7.394789579158316251e+00 0.000000000000000000e+00 0.000000000000000000e+00 0.000000000000000000e+00
7.414829659318637134e+00 0.000000000000000000e+00 0.000000000000000000e+00 0.000000000000000000e+00
7.434869739478958017e+00 0.000000000000000000e+00 0.000000000000000000e+00 0.000000000000000000e+00
7.454909819639278012e+00 0.000000000000000000e+00 0.000000000000000000e+00 0.000000000000000000e+00
7.474949899799598896e+00 0.000000000000000000e+00 0.000000000000000000e+00 0.000000000000000000e+00
7.494989979959919779e+00 0.000000000000000000e+00 0.000000000000000000e+00 0.000000000000000000e+00
7.515030060120239774e+00 0.000000000000000000e+00 0.000000000000000000e+00 0.000000000000000000e+00
7.535070140280560658e+00 0.000000000000000000e+00 0.000000000000000000e+00 0.000000000000000000e+00
7.555110220440881541e+00 0.000000000000000000e+00 0.000000000000000000e+00 0.000000000000000000e+00
7.575150300601202424e+00 0.000000000000000000e+00 0.000000000000000000e+00 0.000000000000000000e+00
7.595190380761522420e+00 0.000000000000000000e+00 0.000000000000000000e+00 0.000000000000000000e+00
7.615230460921843303e+00 0.000000000000000000e+00 0.000000000000000000e+00 0.000000000000000000e+00
7.635270541082164186e+00 0.000000000000000000e+00 0.000000000000000000e+00 0.000000000000000000e+00
7.655310621242485070e+00 0.000000000000000000e+00 0.000000000000000000e+00 0.000000000000000000e+00
7.675350701402805065e+00 0.000000000000000000e+00 0.000000000000000000e+00 0.000000000000000000e+00
7.695390781563125948e+00 0.000000000000000000e+00 0.000000000000000000e+00 0.000000000000000000e+00
7.715430861723446831e+00 0.000000000000000000e+00 0.000000000000000000e+00 0.000000000000000000e+00
7.735470941883766827e+00 0.000000000000000000e+00 0.000000000000000000e+00 0.000000000000000000e+00
7.755511022044087710e+00 0.000000000000000000e+00 0.000000000000000000e+00 0.000000000000000000e+00
7.775551102204408593e+00 0.000000000000000000e+00 0.000000000000000000e+00 0.000000000000000000e+00
7.795591182364729477e+00 0.000000000000000000e+00 0.000000000000000000e+00 0.000000000000000000e+00
7.815631262525049472e+00 0.000000000000000000e+00 0.000000000000000000e+00 0.000000000000000000e+00
7.835671342685370355e+00 0.000000000000000000e+00 0.000000000000000000e+00 0.000000000000000000e+00
7.855711422845691239e+00 0.000000000000000000e+00 0.000000000000000000e+00 0.000000000000000000e+00
7.875751503006012122e+00 0.000000000000000000e+00 0.000000000000000000e+00 0.000000000000000000e+00
7.895791583166332117e+00 0.000000000000000000e+00 0.000000000000000000e+00 0.000000000000000000e+00
7.915831663326653000e+00 0.000000000000000000e+00 0.000000000000000000e+00 0.000000000000000000e+00
7.935871743486973884e+00 0.000000000000000000e+00 0.000000000000000000e+00 0.000000000000000000e+00
7.955911823647293879e+00 0.000000000000000000e+00 0.000000000000000000e+00 0.000000000000000000e+00
7.975951903807614762e+00 0.000000000000000000e+00 0.000000000000000000e+00 0.000000000000000000e+00
7.995991983967935646e+00 0.000000000000000000e+00 0.000000000000000000e+00 0.000000000000000000e+00
8.016032064128255641e+00 0.000000000000000000e+00 0.000000000000000000e+00 0.000000000000000000e+00
8.036072144288576524e+00 0.000000000000000000e+00 0.000000000000000000e+00 0.000000000000000000e+00
8.056112224448897408e+00 0.000000000000000000e+00 0.000000000000000000e+00 0.000000000000000000e+00
8.076152304609218291e+00 0.000000000000000000e+00 0.000000000000000000e+00 0.000000000000000000e+00
8.096192384769539174e+00 0.000000000000000000e+00 0.000000000000000000e+00 0.000000000000000000e+00
8.116232464929860058e+00 0.000000000000000000e+00 0.000000000000000000e+00 0.000000000000000000e+00
8.136272545090179165e+00 0.000000000000000000e+00 0.000000000000000000e+00 0.000000000000000000e+00
8.156312625250500048e+00 0.000000000000000000e+00 0.000000000000000000e+00 0.000000000000000000e+00
8.176352705410820931e+00 0.000000000000000000e+00 0.000000000000000000e+00 0.000000000000000000e+00
8.196392785571141815e+00 0.000000000000000000e+00 0.000000000000000000e+00 0.000000000000000000e+00
8.216432865731462698e+00 0.000000000000000000e+00 0.000000000000000000e+00 0.000000000000000000e+00
8.236472945891783581e+00 0.000000000000000000e+00 0.000000000000000000e+00 0.000000000000000000e+00
8.256513026052104465e+00 0.000000000000000000e+00 0.000000000000000000e+00 0.000000000000000000e+00
8.276553106212425348e+00 0.000000000000000000e+00 0.000000000000000000e+00 0.000000000000000000e+00
8.296593186372744455e+00 0.000000000000000000e+00 0.000000000000000000e+00 0.000000000000000000e+00
8.316633266533065338e+00 0.000000000000000000e+00 0.000000000000000000e+00 0.000000000000000000e+00
8.336673346693386222e+00 0.000000000000000000e+00 0.000000000000000000e+00 0.000000000000000000e+00
8.356713426853707105e+00 0.000000000000000000e+00 0.000000000000000000e+00 0.000000000000000000e+00
8.376753507014027988e+00 0.000000000000000000e+00 0.000000000000000000e+00 0.000000000000000000e+00
8.396793587174348872e+00 0.000000000000000000e+00 0.000000000000000000e+00 0.000000000000000000e+00
8.416833667334669755e+00 0.000000000000000000e+00 0.000000000000000000e+00 0.000000000000000000e+00
8.436873747494988862e+00 0.000000000000000000e+00 0.000000000000000000e+00 0.000000000000000000e+00
8.456913827655309746e+00 0.000000000000000000e+00 0.000000000000000000e+00 0.000000000000000000e+00
8.476953907815630629e+00 0.000000000000000000e+00 0.000000000000000000e+00 0.000000000000000000e+00
8.496993987975951512e+00 0.000000000000000000e+00 0.000000000000000000e+00 0.000000000000000000e+00
8.517034068136272396e+00 0.000000000000000000e+00 0.000000000000000000e+00 0.000000000000000000e+00
8.537074148296593279e+00 0.000000000000000000e+00 0.000000000000000000e+00 0.000000000000000000e+00
8.557114228456914162e+00 0.000000000000000000e+00 0.000000000000000000e+00 0.000000000000000000e+00
8.577154308617233269e+00 0.000000000000000000e+00 0.000000000000000000e+00 0.000000000000000000e+00
8.597194388777554153e+00 0.000000000000000000e+00 0.000000000000000000e+00 0.000000000000000000e+00
8.617234468937875036e+00 0.000000000000000000e+00 0.000000000000000000e+00 0.000000000000000000e+00
8.637274549098195919e+00 0.000000000000000000e+00 0.000000000000000000e+00 0.000000000000000000e+00
8.657314629258516803e+00 0.000000000000000000e+00 0.000000000000000000e+00 0.000000000000000000e+00
8.677354709418837686e+00 0.000000000000000000e+00 0.000000000000000000e+00 0.000000000000000000e+00
8.697394789579158569e+00 0.000000000000000000e+00 0.000000000000000000e+00 0.000000000000000000e+00
8.717434869739479453e+00 0.000000000000000000e+00 0.000000000000000000e+00 0.000000000000000000e+00
8.737474949899798560e+00 0.000000000000000000e+00 0.000000000000000000e+00 0.000000000000000000e+00
8.757515030060119443e+00 0.000000000000000000e+00 0.000000000000000000e+00 0.000000000000000000e+00
8.777555110220440326e+00 0.000000000000000000e+00 0.000000000000000000e+00 0.000000000000000000e+00
8.797595190380761210e+00 0.000000000000000000e+00 0.000000000000000000e+00 0.000000000000000000e+00
8.817635270541082093e+00 0.000000000000000000e+00 0.000000000000000000e+00 0.000000000000000000e+00
8.837675350701402976e+00 0.000000000000000000e+00 0.000000000000000000e+00 0.000000000000000000e+00
8.857715430861723860e+00 0.000000000000000000e+00 0.000000000000000000e+00 0.000000000000000000e+00
8.877755511022042967e+00 0.000000000000000000e+00 0.000000000000000000e+00 0.000000000000000000e+00
8.897795591182363850e+00 0.000000000000000000e+00 0.000000000000000000e+00 0.000000000000000000e+00
8.917835671342684734e+00 0.000000000000000000e+00 0.000000000000000000e+00 0.000000000000000000e+00
8.937875751503005617e+00 0.000000000000000000e+00 0.000000000000000000e+00 0.000000000000000000e+00
8.957915831663326500e+00 0.000000000000000000e+00 0.000000000000000000e+00 0.000000000000000000e+00
8.977955911823647384e+00 0.000000000000000000e+00 0.000000000000000000e+00 0.000000000000000000e+00
8.997995991983968267e+00 0.000000000000000000e+00 0.000000000000000000e+00 0.000000000000000000e+00
9.018036072144287374e+00 0.000000000000000000e+00 0.000000000000000000e+00 0.000000000000000000e+00
9.038076152304608257e+00 0.000000000000000000e+00 0.000000000000000000e+00 0.000000000000000000e+00
9.058116232464929141e+00 0.000000000000000000e+00 0.000000000000000000e+00 0.000000000000000000e+00
9.078156312625250024e+00 0.000000000000000000e+00 0.000000000000000000e+00 0.000000000000000000e+00
9.098196392785570907e+00 0.000000000000000000e+00 0.000000000000000000e+00 0.000000000000000000e+00
9.118236472945891791e+00 0.000000000000000000e+00 0.000000000000000000e+00 0.000000000000000000e+00
9.138276553106212674e+00 0.000000000000000000e+00 0.000000000000000000e+00 0.000000000000000000e+00
9.158316633266533557e+00 0.000000000000000000e+00 0.000000000000000000e+00 0.000000000000000000e+00
9.178356713426852664e+00 0.000000000000000000e+00 0.000000000000000000e+00 0.000000000000000000e+00
9.198396793587173548e+00 0.000000000000000000e+00 0.000000000000000000e+00 0.000000000000000000e+00
9.218436873747494431e+00 0.000000000000000000e+00 0.000000000000000000e+00 0.000000000000000000e+00
9.238476953907815314e+00 0.000000000000000000e+00 0.000000000000000000e+00 0.000000000000000000e+00
9.258517034068136198e+00 0.000000000000000000e+00 0.000000000000000000e+00 0.000000000000000000e+00
9.278557114228457081e+00 0.000000000000000000e+00 0.000000000000000000e+00 0.000000000000000000e+00
9.298597194388777964e+00 0.000000000000000000e+00 0.000000000000000000e+00 0.000000000000000000e+00
9.318637274549097071e+00 0.000000000000000000e+00 0.000000000000000000e+00 0.000000000000000000e+00
9.338677354709417955e+00 0.000000000000000000e+00 0.000000000000000000e+00 0.000000000000000000e+00
9.358717434869738838e+00 0.000000000000000000e+00 0.000000000000000000e+00 0.000000000000000000e+00
9.378757515030059722e+00 0.000000000000000000e+00 0.000000000000000000e+00 0.000000000000000000e+00
9.398797595190380605e+00 0.000000000000000000e+00 0.000000000000000000e+00 0.000000000000000000e+00
9.418837675350701488e+00 0.000000000000000000e+00 0.000000000000000000e+00 0.000000000000000000e+00
9.438877755511022372e+00 0.000000000000000000e+00 0.000000000000000000e+00 0.000000000000000000e+00
9.458917835671341479e+00 0.000000000000000000e+00 0.000000000000000000e+00 0.000000000000000000e+00
9.478957915831662362e+00 0.000000000000000000e+00 0.000000000000000000e+00 0.000000000000000000e+00
9.498997995991983245e+00 0.000000000000000000e+00 0.000000000000000000e+00 0.000000000000000000e+00
9.519038076152304129e+00 0.000000000000000000e+00 0.000000000000000000e+00 0.000000000000000000e+00
9.539078156312625012e+00 0.000000000000000000e+00 0.000000000000000000e+00 0.000000000000000000e+00
9.559118236472945895e+00 0.000000000000000000e+00 0.000000000000000000e+00 0.000000000000000000e+00
9.579158316633266779e+00 0.000000000000000000e+00 0.000000000000000000e+00 0.000000000000000000e+00
9.599198396793587662e+00 0.000000000000000000e+00 0.000000000000000000e+00 0.000000000000000000e+00
9.619238476953906769e+00 0.000000000000000000e+00 0.000000000000000000e+00 0.000000000000000000e+00
9.639278557114227652e+00 0.000000000000000000e+00 0.000000000000000000e+00 0.000000000000000000e+00
9.659318637274548536e+00 0.000000000000000000e+00 0.000000000000000000e+00 0.000000000000000000e+00
9.679358717434869419e+00 0.000000000000000000e+00 0.000000000000000000e+00 0.000000000000000000e+00
9.699398797595190302e+00 0.000000000000000000e+00 0.000000000000000000e+00 0.000000000000000000e+00
9.719438877755511186e+00 0.000000000000000000e+00 0.000000000000000000e+00 0.000000000000000000e+00
9.739478957915832069e+00 0.000000000000000000e+00 0.000000000000000000e+00 0.000000000000000000e+00
9.759519038076151176e+00 0.000000000000000000e+00 0.000000000000000000e+00 0.000000000000000000e+00
9.779559118236472059e+00 0.000000000000000000e+00 0.000000000000000000e+00 0.000000000000000000e+00
9.799599198396792943e+00 0.000000000000000000e+00 0.000000000000000000e+00 0.000000000000000000e+00
9.819639278557113826e+00 0.000000000000000000e+00 0.000000000000000000e+00 0.000000000000000000e+00
9.839679358717434710e+00 0.000000000000000000e+00 0.000000000000000000e+00 0.000000000000000000e+00
9.859719438877755593e+00 0.000000000000000000e+00 0.000000000000000000e+00 0.000000000000000000e+00
9.879759519038076476e+00 0.000000000000000000e+00 0.000000000000000000e+00 0.000000000000000000e+00
9.899799599198395583e+00 0.000000000000000000e+00 0.000000000000000000e+00 0.000000000000000000e+00
9.919839679358716467e+00 0.000000000000000000e+00 0.000000000000000000e+00 0.000000000000000000e+00
9.939879759519037350e+00 0.000000000000000000e+00 0.000000000000000000e+00 0.000000000000000000e+00
9.959919839679358233e+00 0.000000000000000000e+00 0.000000000000000000e+00 0.000000000000000000e+00
9.979959919839679117e+00 0.000000000000000000e+00 0.000000000000000000e+00 0.000000000000000000e+00
1.000000000000000000e+01 0.000000000000000000e+00 0.000000000000000000e+00 0.000000000000000000e+00
