# Traveling wave profile for m=3, c=1.0
# xi f residual_fo residual_so
-1.000000000000000000e+01 3.107232505953858581e+00 -6.926511986636574303e-05 1.035741847304836316e-01
-9.979959919839679117e+00 3.105155478258768476e+00 -7.744291130595826189e-08 5.178689823610227450e-02
-9.959919839679358233e+00 3.103075668207017301e+00 -7.785913332114535734e-08 -3.892944846484169830e-07
-9.939879759519037350e+00 3.100993066461827485e+00 -7.827842637975201967e-08 -3.913864219384777243e-07
-9.919839679358718243e+00 3.098907663636188747e+00 -7.870083545968853400e-08 -3.935111720920758671e-07
-9.899799599198397360e+00 3.096819450292486842e+00 -7.912639730933701543e-08 -3.956514689207324409e-07
-9.879759519038076476e+00 3.094728416942127858e+00 -7.955513428581362234e-08 -3.977902309770797729e-07
-9.859719438877755593e+00 3.092634554045158968e+00 -7.998706047507297967e-08 -3.999284103883837815e-07
-9.839679358717434710e+00 3.090537852009885178e+00 -8.042219988568799494e-08 -4.021026711598096881e-07
-9.819639278557113826e+00 3.088438301192482527e+00 -8.086061675793843051e-08 -4.043193229108510423e-07
-9.799599198396792943e+00 3.086335891896607730e+00 -8.130234430137051049e-08 -4.065305887479553348e-07
-9.779559118236473836e+00 3.084230614373003831e+00 -8.174738237720635681e-08 -4.087361133997546858e-07
-9.759519038076152952e+00 3.082122458819103628e+00 -8.219576408396989109e-08 -4.109688944708977942e-07
-9.739478957915832069e+00 3.080011415378626882e+00 -8.264753469100494243e-08 -4.132396895784040680e-07
-9.719438877755511186e+00 3.077897474141174428e+00 -8.310274274281326257e-08 -4.155341883915752987e-07
-9.699398797595190302e+00 3.075780625141819602e+00 -8.356141457943611073e-08 -4.178100141416507540e-07
-9.679358717434869419e+00 3.073660858360694803e+00 -8.402354086112229226e-08 -4.201066730047386955e-07
-9.659318637274548536e+00 3.071538163722574932e+00 -8.448920284231942190e-08 -4.224490481874454417e-07
-9.639278557114227652e+00 3.069412531096452845e+00 -8.495842604427927824e-08 -4.248028204756337800e-07
-9.619238476953908545e+00 3.067283950295117467e+00 -8.543124513371580520e-08 -4.271642382036588970e-07
-9.599198396793587662e+00 3.065152411074722583e+00 -8.590768077465504859e-08 -4.295352766803262057e-07
-9.579158316633266779e+00 3.063017903134352959e+00 -8.638777095060223843e-08 -4.319406770036948728e-07
-9.559118236472945895e+00 3.060880416115586033e+00 -8.687157138087542307e-08 -4.343632014069953584e-07
-9.539078156312625012e+00 3.058739939602050484e+00 -8.735909659551843731e-08 -4.368009882682599709e-07
-9.519038076152304129e+00 3.056596463118978146e+00 -8.785040044034797546e-08 -4.392640988726270734e-07
-9.498997995991983245e+00 3.054449976132755040e+00 -8.834551204484064613e-08 -4.417299805936636403e-07
-9.478957915831664138e+00 3.052300468050463511e+00 -8.884445425183518097e-08 -4.442307357521713129e-07
-9.458917835671343255e+00 3.050147928219423044e+00 -8.934730198750795438e-08 -4.467384400186347193e-07
-9.438877755511022372e+00 3.047992345926726632e+00 -8.985403923689183614e-08 -4.492617478035754175e-07
-9.418837675350701488e+00 3.045833710398770933e+00 -9.036475399903931560e-08 -4.518321077284781495e-07
-9.398797595190380605e+00 3.043672010800781091e+00 -9.087947523689354767e-08 -4.544091467550970265e-07
-9.378757515030059722e+00 3.041507236236334233e+00 -9.139823461956630979e-08 -4.569974549895050586e-07
-9.358717434869738838e+00 3.039339375746874961e+00 -9.192106822930590226e-08 -4.596022051828185795e-07
-9.338677354709417955e+00 3.037168418311228191e+00 -9.244801560392978956e-08 -4.622446283519821009e-07
-9.318637274549098848e+00 3.034994352845103993e+00 -9.297914399519768835e-08 -4.649085099117655773e-07
-9.298597194388777964e+00 3.032817168200601987e+00 -9.351447041727745102e-08 -4.675756173355694045e-07
-9.278557114228457081e+00 3.030636853165706412e+00 -9.405403676721046935e-08 -4.702710612036753446e-07
-9.258517034068136198e+00 3.028453396463779868e+00 -9.459789676591334739e-08 -4.729993037244639709e-07
-9.238476953907815314e+00 3.026266786753047722e+00 -9.514609955463271262e-08 -4.757400517974019749e-07
-9.218436873747494431e+00 3.024077012626081640e+00 -9.569867030767564842e-08 -4.784931917356516351e-07
-9.198396793587175324e+00 3.021884062609276000e+00 -9.625565872140029455e-08 -4.812837346435117070e-07
-9.178356713426854441e+00 3.019687925162316322e+00 -9.681712699605160566e-08 -4.840985781129347743e-07
-9.158316633266533557e+00 3.017488588677647687e+00 -9.738310664808569328e-08 -4.869115883820995805e-07
-9.138276553106212674e+00 3.015286041479933399e+00 -9.795362256037609683e-08 -4.897567151829207432e-07
-9.118236472945891791e+00 3.013080271825510081e+00 -9.852875651472636775e-08 -4.926549053152484703e-07
-9.098196392785570907e+00 3.010871267901836124e+00 -9.910856497985509606e-08 -4.955610251045072800e-07
-9.078156312625250024e+00 3.008659017826935234e+00 -9.969306455359649988e-08 -4.984756571957404958e-07
-9.058116232464929141e+00 3.006443509648834667e+00 -1.002823132728591915e-07 -5.014204447206793702e-07
-9.038076152304610034e+00 3.004224731344995458e+00 -1.008763603760343130e-07 -5.043753077416113229e-07
-9.018036072144289150e+00 3.002002670821739994e+00 -1.014752351313763512e-07 -5.073697906254892587e-07
-8.997995991983968267e+00 2.999777315913671139e+00 -1.020790312972197356e-07 -5.104103593112085946e-07
-8.977955911823647384e+00 2.997548654383085154e+00 -1.026877888138377770e-07 -5.134471052770095412e-07
-8.957915831663326500e+00 2.995316673919381945e+00 -1.033015282342342189e-07 -5.165118466265994357e-07
-8.937875751503005617e+00 2.993081362138463764e+00 -1.039203377101172165e-07 -5.196076529045967618e-07
-8.917835671342684734e+00 2.990842706582132582e+00 -1.045442432207055461e-07 -5.227226580473143258e-07
-8.897795591182365627e+00 2.988600694717479023e+00 -1.051733162088508422e-07 -5.258721813561351155e-07
-8.877755511022044743e+00 2.986355313936262856e+00 -1.058076065096891227e-07 -5.290550575409724843e-07
-8.857715430861723860e+00 2.984106551554290832e+00 -1.064471849970827222e-07 -5.322487339753934066e-07
-8.837675350701402976e+00 2.981854394810786513e+00 -1.070920683937659490e-07 -5.354597902851310209e-07
-8.817635270541082093e+00 2.979598830867751680e+00 -1.077423385648090814e-07 -5.387183676930362708e-07
-8.797595190380761210e+00 2.977339846809323287e+00 -1.083980586263910695e-07 -5.419969397735258099e-07
-8.777555110220440326e+00 2.975077429641121540e+00 -1.090592699620751560e-07 -5.452986613363464130e-07
-8.757515030060119443e+00 2.972811566289593532e+00 -1.097260416277334727e-07 -5.486327836479176767e-07
-8.737474949899800336e+00 2.970542243601347554e+00 -1.103984298839177924e-07 -5.519894727967766812e-07
-8.717434869739479453e+00 2.968269448342480743e+00 -1.110764900197347416e-07 -5.553899455890132231e-07
-8.697394789579158569e+00 2.965993167197900959e+00 -1.117603119632493147e-07 -5.588153584312749445e-07
-8.677354709418837686e+00 2.963713386770639335e+00 -1.124499231924813714e-07 -5.622561900509026600e-07
-8.657314629258516803e+00 2.961430093581158385e+00 -1.131454001324083691e-07 -5.657427237792944652e-07
-8.637274549098195919e+00 2.959143274066646789e+00 -1.138468180006402264e-07 -5.692464526418916648e-07
-8.617234468937875036e+00 2.956852914580315073e+00 -1.145542104369345893e-07 -5.727750362893857528e-07
-8.597194388777555929e+00 2.954559001390675288e+00 -1.152676656623885521e-07 -5.763288726257087546e-07
-8.577154308617235046e+00 2.952261520680818485e+00 -1.159872189820942978e-07 -5.799398934414057294e-07
-8.557114228456914162e+00 2.949960458547681519e+00 -1.167130097706747804e-07 -5.835921825791956508e-07
-8.537074148296593279e+00 2.947655801001306752e+00 -1.174450497271051219e-07 -5.872333161960341386e-07
-8.517034068136272396e+00 2.945347533964093767e+00 -1.181833977764723542e-07 -5.909223972366817179e-07
-8.496993987975951512e+00 2.943035643270043522e+00 -1.189281590846524850e-07 -5.946497907416414819e-07
-8.476953907815630629e+00 2.940720114663990969e+00 -1.196793788099670408e-07 -5.984028064176527550e-07
-8.456913827655309746e+00 2.938400933800833670e+00 -1.204371437163453962e-07 -6.021860627924979781e-07
-8.436873747494990639e+00 2.936078086244748864e+00 -1.212015073859262770e-07 -6.060045478761821869e-07
-8.416833667334669755e+00 2.933751557468402549e+00 -1.219725659085124647e-07 -6.098744478322259965e-07
-8.396793587174348872e+00 2.931421332852150563e+00 -1.227503999279289104e-07 -6.137707231346212211e-07
-8.376753507014027988e+00 2.929087397683229010e+00 -1.235350673700619240e-07 -6.176825451120748767e-07
-8.356713426853707105e+00 2.926749737154938913e+00 -1.243266329470360532e-07 -6.216320826979426784e-07
-8.336673346693386222e+00 2.924408336365817096e+00 -1.251251912359752083e-07 -6.256396289927579346e-07
-8.316633266533067115e+00 2.922063180318802189e+00 -1.259308410050952176e-07 -6.296715469034097623e-07
-8.296593186372746231e+00 2.919714253920386859e+00 -1.267436246094044705e-07 -6.337125029176604585e-07
-8.276553106212425348e+00 2.917361541979766493e+00 -1.275636174885574903e-07 -6.378186299116350710e-07
-8.256513026052104465e+00 2.915005029207971887e+00 -1.283909539101513175e-07 -6.419767260013031773e-07
-8.236472945891783581e+00 2.912644700216994842e+00 -1.292256898016708178e-07 -6.461406343305498012e-07
-8.216432865731462698e+00 2.910280539518906640e+00 -1.300678864196713747e-07 -6.503455693973592133e-07
-8.196392785571141815e+00 2.907912531524960542e+00 -1.309176582281468271e-07 -6.545852073713831487e-07
-8.176352705410820931e+00 2.905540660544688958e+00 -1.317750577545240276e-07 -6.588729775103274733e-07
-8.156312625250501824e+00 2.903164910784988617e+00 -1.326402232770806933e-07 -6.632245685977977701e-07
-8.136272545090180941e+00 2.900785266349192426e+00 -1.335132347179968093e-07 -6.675797266098015825e-07
-8.116232464929860058e+00 2.898401711236139100e+00 -1.343941334053244674e-07 -6.719752008166324231e-07
-8.096192384769539174e+00 2.896014229339219703e+00 -1.352830612671995780e-07 -6.764313695839518914e-07
-8.076152304609218291e+00 2.893622804445425523e+00 -1.361800949645219916e-07 -6.809085562053951435e-07
-8.056112224448897408e+00 2.891227420234374623e+00 -1.370853129067928222e-07 -6.854354950291963178e-07
-8.036072144288576524e+00 2.888828060277335297e+00 -1.379988410626920015e-07 -6.900136071408269345e-07
-8.016032064128257417e+00 2.886424708036231745e+00 -1.389207621299570761e-07 -6.946073227709348430e-07
-7.995991983967936534e+00 2.884017346862642217e+00 -1.398511449285377850e-07 -6.992626708779425826e-07
-7.975951903807615651e+00 2.881605959996785149e+00 -1.407901506905728795e-07 -7.039688796339760302e-07
-7.955911823647294767e+00 2.879190530566489770e+00 -1.417378322349227560e-07 -7.086909477038716432e-07
-7.935871743486973884e+00 2.876771041586159594e+00 -1.426942944499076660e-07 -7.134784851814401918e-07
-7.915831663326653000e+00 2.874347475955719933e+00 -1.436596752668606314e-07 -7.183108010622163420e-07
-7.895791583166332117e+00 2.871919816459555186e+00 -1.446340468502782528e-07 -7.231793546225162572e-07
-7.875751503006012122e+00 2.869488045765431927e+00 -1.456175350855737349e-07 -7.281024636540678330e-07
-7.855711422845692127e+00 2.867052146423409553e+00 -1.466102451802564488e-07 -7.330638709390768781e-07
-7.835671342685371243e+00 2.864612100864740274e+00 -1.476122775956323352e-07 -7.380686781743861502e-07
-7.815631262525050360e+00 2.862167891400752229e+00 -1.486237484471519821e-07 -7.431319488659937633e-07
-7.795591182364729477e+00 2.859719500221721500e+00 -1.496447862292527020e-07 -7.482424848603841383e-07
-7.775551102204408593e+00 2.857266909395729915e+00 -1.506754902652618355e-07 -7.533764545541998814e-07
-7.755511022044087710e+00 2.854810100867510858e+00 -1.517159503999776504e-07 -7.585846049096289789e-07
-7.735470941883767715e+00 2.852349056457277321e+00 -1.527663556766256647e-07 -7.638564056833274662e-07
-7.715430861723446831e+00 2.849883757859537958e+00 -1.538267802719817112e-07 -7.691414509736205218e-07
-7.695390781563126836e+00 2.847414186641902489e+00 -1.548973287690547096e-07 -7.744933157027844572e-07
-7.675350701402805953e+00 2.844940324243864005e+00 -1.559781704768559152e-07 -7.799089871696196496e-07
-7.655310621242485070e+00 2.842462151975574614e+00 -1.570694072444700495e-07 -7.853575709759752499e-07
-7.635270541082164186e+00 2.839979651016602435e+00 -1.581711574771826889e-07 -7.908654993116215337e-07
-7.615230460921843303e+00 2.837492802414672610e+00 -1.592835716796026091e-07 -7.964380728253672714e-07
-7.595190380761523308e+00 2.835001587084395425e+00 -1.604067802613018401e-07 -8.020465287472688942e-07
-7.575150300601202424e+00 2.832505985805975790e+00 -1.615408860289324622e-07 -8.077117570337577490e-07
-7.555110220440882429e+00 2.830005979223909840e+00 -1.626860589437617577e-07 -8.134422273542440962e-07
-7.535070140280561546e+00 2.827501547845662877e+00 -1.638424195204990497e-07 -8.192200766643509269e-07
-7.515030060120240663e+00 2.824992672040331776e+00 -1.650101091599243119e-07 -8.250596721381953103e-07
-7.494989979959919779e+00 2.822479332037292732e+00 -1.661892768123340858e-07 -8.309690429086913355e-07
-7.474949899799598896e+00 2.819961507924826805e+00 -1.673800812396208926e-07 -8.369118233986228006e-07
-7.454909819639278012e+00 2.817439179648735248e+00 -1.685826095387810142e-07 -8.429199738202441949e-07
-7.434869739478958017e+00 2.814912327010931747e+00 -1.697970807013060579e-07 -8.490072076483556884e-07
-7.414829659318638022e+00 2.812380929668019558e+00 -1.710236095797679212e-07 -8.551379266918957001e-07
-7.394789579158317139e+00 2.809844967129849547e+00 -1.722623547140145206e-07 -8.613233575260892394e-07
-7.374749498997996255e+00 2.807304418758062248e+00 -1.735134540770122413e-07 -8.675736040686388151e-07
-7.354709418837675372e+00 2.804759263764609045e+00 -1.747770879967358582e-07 -8.739055203932366567e-07
-7.334669338677354489e+00 2.802209481210253372e+00 -1.760534283634651587e-07 -8.802721822576131672e-07
-7.314629258517033605e+00 2.799655050003058587e+00 -1.773425737372491540e-07 -8.867260987699410180e-07
-7.294589178356713610e+00 2.797095948896849205e+00 -1.786447954288394868e-07 -8.932468773537038942e-07
-7.274549098196392727e+00 2.794532156489656138e+00 -1.799601579421938879e-07 -8.998096348022954771e-07
-7.254509018036072732e+00 2.791963651222144183e+00 -1.812888912600119085e-07 -9.064694808103013202e-07
-7.234468937875751848e+00 2.789390411376013734e+00 -1.826311643304823207e-07 -9.131729967748469790e-07
-7.214428857715430965e+00 2.786812415072385640e+00 -1.839871128228587338e-07 -9.199420389904844342e-07
-7.194388777555110082e+00 2.784229640270165174e+00 -1.853569498999618759e-07 -9.268015048746747198e-07
-7.174348697394789198e+00 2.781642064764381583e+00 -1.867408611633258886e-07 -9.337303765732940519e-07
-7.154308617234469203e+00 2.779049666184510325e+00 -1.881390250257908292e-07 -9.407050640675151953e-07
-7.134268537074148320e+00 2.776452421992769537e+00 -1.895515870931063773e-07 -9.477640503519069171e-07
-7.114228456913828325e+00 2.773850309482396970e+00 -1.909788018006342014e-07 -9.549277706355496775e-07
-7.094188376753507441e+00 2.771243305775900279e+00 -1.924208573866881267e-07 -9.621266627846125630e-07
-7.074148296593186558e+00 2.768631387823291323e+00 -1.938778821375386485e-07 -9.693933975540858228e-07
-7.054108216432865675e+00 2.766014532400289383e+00 -1.953501300722138012e-07 -9.767594093545994838e-07
-7.034068136272544791e+00 2.763392716106504832e+00 -1.968377929817410887e-07 -9.842042629770730855e-07
-7.014028056112223908e+00 2.760765915363597944e+00 -1.983410913286576260e-07 -9.917332022268965375e-07
-6.993987975951903913e+00 2.758134106413412390e+00 -1.998602315589348422e-07 -9.993186580459223478e-07
-6.973947895791583917e+00 2.755497265316084299e+00 -2.013953862012307638e-07 -1.006990615337599593e-06
-6.953907815631263034e+00 2.752855367948126908e+00 -2.029468239017617748e-07 -1.014755383721421822e-06
-6.933867735470942151e+00 2.750208390000486336e+00 -2.045147340645758760e-07 -1.022595725430619495e-06
-6.913827655310621267e+00 2.747556306976576046e+00 -2.060993576080694112e-07 -1.030522852829562908e-06
-6.893787575150300384e+00 2.744899094190277999e+00 -2.077009105261318211e-07 -1.038516529661137611e-06
-6.873747494989979501e+00 2.742236726763924715e+00 -2.093195997643348960e-07 -1.046619445332908072e-06
-6.853707414829659506e+00 2.739569179626246243e+00 -2.109557295792985343e-07 -1.054803888678179646e-06
-6.833667334669338622e+00 2.736896427510294050e+00 -2.126094583998483500e-07 -1.063064743789254862e-06
-6.813627254509018627e+00 2.734218444951334703e+00 -2.142810863192678994e-07 -1.071424676979404467e-06
-6.793587174348697744e+00 2.731535206284714690e+00 -2.159708213100852703e-07 -1.079872262721437437e-06
-6.773547094188376860e+00 2.728846685643695480e+00 -2.176789473118390106e-07 -1.088417519667927991e-06
-6.753507014028055977e+00 2.726152856957260173e+00 -2.194056976101421697e-07 -1.097051153919892386e-06
-6.733466933867735094e+00 2.723453693947887277e+00 -2.211513441263690538e-07 -1.105783951516059460e-06
-6.713426853707415098e+00 2.720749170129296512e+00 -2.229161474576191182e-07 -1.114598603635386098e-06
-6.693386773547094215e+00 2.718039258804160418e+00 -2.247003513811129949e-07 -1.123522920920549950e-06
-6.673346693386774220e+00 2.715323933061784878e+00 -2.265042783056170350e-07 -1.132545619952907145e-06
-6.653306613226453337e+00 2.712603165775758995e+00 -2.283281559101180136e-07 -1.141652532510306628e-06
-6.633266533066132453e+00 2.709876929601569007e+00 -2.301722850928111797e-07 -1.150883562672788685e-06
-6.613226452905811570e+00 2.707145196974179768e+00 -2.320369802133459558e-07 -1.160218602080931305e-06
-6.593186372745490686e+00 2.704407940105582053e+00 -2.339225088909824279e-07 -1.169647703136433847e-06
-6.573146292585170691e+00 2.701665130982306096e+00 -2.358291725790273574e-07 -1.179162467224159627e-06
-6.553106212424849808e+00 2.698916741362897387e+00 -2.377572285716667011e-07 -1.188802130513977318e-06
-6.533066132264529813e+00 2.696162742775357835e+00 -2.397070655579813803e-07 -1.198560354964683938e-06
-6.513026052104208929e+00 2.693403106514550505e+00 -2.416789353087978043e-07 -1.208423270782077452e-06
-6.492985971943888046e+00 2.690637803639566616e+00 -2.436732064181601487e-07 -1.218400853986167931e-06
-6.472945891783567163e+00 2.687866804971053458e+00 -2.456901585234927410e-07 -1.228466260272398358e-06
-6.452905811623246279e+00 2.685090081088507219e+00 -2.477301129788500589e-07 -1.238661042179955984e-06
-6.432865731462925396e+00 2.682307602327521412e+00 -2.497934431244797082e-07 -1.249005919135015574e-06
-6.412825651302605401e+00 2.679519338776999771e+00 -2.518805218842956606e-07 -1.259446761991966923e-06
-6.392785571142284518e+00 2.676725260276324736e+00 -2.539916188204482950e-07 -1.269977332185590058e-06
-6.372745490981964522e+00 2.673925336412489973e+00 -2.561271023604483332e-07 -1.280657940583296295e-06
-6.352705410821643639e+00 2.671119536517182258e+00 -2.582873765699655877e-07 -1.291470184128229448e-06
-6.332665330661322756e+00 2.668307829663829178e+00 -2.604727806221340813e-07 -1.302396299251995515e-06
-6.312625250501001872e+00 2.665490184664598416e+00 -2.626836907160257084e-07 -1.313442538730669185e-06
-6.292585170340680989e+00 2.662666570067351746e+00 -2.649204682569905600e-07 -1.324627547205636802e-06
-6.272545090180360994e+00 2.659836954152557276e+00 -2.671835387102472481e-07 -1.335944247671250196e-06
-6.252505010020040110e+00 2.657001304930152852e+00 -2.694732580688086188e-07 -1.347406623608549125e-06
-6.232464929859720115e+00 2.654159590136362823e+00 -2.717900922932781071e-07 -1.358990758149047906e-06
-6.212424849699399232e+00 2.651311777230468625e+00 -2.741343559375941652e-07 -1.370692885416247009e-06
-6.192384769539078349e+00 2.648457833391529181e+00 -2.765065176268954872e-07 -1.382560981255664956e-06
-6.172344689378757465e+00 2.645597725515051568e+00 -2.789070054076692173e-07 -1.394565941836845013e-06
-6.152304609218436582e+00 2.642731420209611937e+00 -2.813362364184612829e-07 -1.406710808282696235e-06
-6.132264529058116587e+00 2.639858883793426259e+00 -2.837946564138160710e-07 -1.419005826619468280e-06
-6.112224448897795703e+00 2.636980082290864225e+00 -2.862827163108150330e-07 -1.431456624345628370e-06
-6.092184368737475708e+00 2.634094981428915183e+00 -2.888008857893087367e-07 -1.444038389308843762e-06
-6.072144288577154825e+00 2.631203546633597679e+00 -2.913495733558590928e-07 -1.456779031627775112e-06
-6.052104208416833941e+00 2.628305743026310815e+00 -2.939293221870808992e-07 -1.469692577416026324e-06
-6.032064128256513058e+00 2.625401535420134103e+00 -2.965405840049673003e-07 -1.482737388869281858e-06
-6.012024048096192175e+00 2.622490888316066027e+00 -2.991838229660093162e-07 -1.495947529406294052e-06
-5.991983967935872180e+00 2.619573765899207096e+00 -3.018595790826861247e-07 -1.509337266725196969e-06
-5.971943887775551296e+00 2.616650132034878506e+00 -3.045683615310323944e-07 -1.522882271842718183e-06
-5.951903807615230413e+00 2.613719950264687064e+00 -3.073106699946759335e-07 -1.536595348738956091e-06
-5.931863727454910418e+00 2.610783183802520835e+00 -3.100870561989488294e-07 -1.550473271549890342e-06
-5.911823647294589534e+00 2.607839795530487059e+00 -3.128980265720837650e-07 -1.564531203257502057e-06
-5.891783567134268651e+00 2.604889747994782123e+00 -3.157441817724926381e-07 -1.578760674192380975e-06
-5.871743486973947768e+00 2.601933003401498912e+00 -3.186260237320048816e-07 -1.593167340274703747e-06
-5.851703406813627772e+00 2.598969523612364885e+00 -3.215441814752306726e-07 -1.607770542477737763e-06
-5.831663326653306889e+00 2.595999270140412651e+00 -3.244992164419535641e-07 -1.622538619017177552e-06
-5.811623246492986006e+00 2.593022204145581711e+00 -3.274917013684763845e-07 -1.637491592987316835e-06
-5.791583166332665122e+00 2.590038286430250025e+00 -3.305222596727830364e-07 -1.652652358075101802e-06
-5.771543086172345127e+00 2.587047477434689213e+00 -3.335915335078709631e-07 -1.668009872446418740e-06
-5.751503006012024244e+00 2.584049737232452681e+00 -3.367001380760736851e-07 -1.683548816799884662e-06
-5.731462925851703361e+00 2.581045025525681158e+00 -3.398486976557979489e-07 -1.699289626344580029e-06
-5.711422845691383365e+00 2.578033301640339836e+00 -3.430378925639576693e-07 -1.715241026545299974e-06
-5.691382765531062482e+00 2.575014524521368919e+00 -3.462683857147208499e-07 -1.731388039161174675e-06
-5.671342685370741599e+00 2.571988652727760005e+00 -3.495408412435008216e-07 -1.747739759139221860e-06
-5.651302605210420715e+00 2.568955644427551643e+00 -3.528559623378058063e-07 -1.764331571507682384e-06
-5.631262525050100720e+00 2.565915457392736077e+00 -3.562145164393015762e-07 -1.781133569522808102e-06
-5.611222444889779837e+00 2.562868048994087822e+00 -3.596171563036154595e-07 -1.798131869179542264e-06
-5.591182364729458953e+00 2.559813376195903434e+00 -3.630646369101597770e-07 -1.815368150914764556e-06
-5.571142284569138070e+00 2.556751395550652450e+00 -3.665577308908929410e-07 -1.832842762894415500e-06
-5.551102204408818075e+00 2.553682063193537743e+00 -3.700972161513327308e-07 -1.850542822978695767e-06
-5.531062124248497192e+00 2.550605334836967941e+00 -3.736838565526756639e-07 -1.868473162858208525e-06
-5.511022044088176308e+00 2.547521165764931705e+00 -3.773184641675531026e-07 -1.886652732707716495e-06
-5.490981963927856313e+00 2.544429510827280527e+00 -3.810018718852781205e-07 -1.905065346363699064e-06
-5.470941883767535430e+00 2.541330324433908938e+00 -3.847348762353597351e-07 -1.923722848573561350e-06
-5.450901803607214546e+00 2.538223560548842350e+00 -3.885183632312827484e-07 -1.942649795694251225e-06
-5.430861723446893663e+00 2.535109172684214762e+00 -3.923532143068619860e-07 -1.961831294750027155e-06
-5.410821643286573668e+00 2.531987113894150099e+00 -3.962403049284635159e-07 -1.981261121386523882e-06
-5.390781563126252784e+00 2.528857336768533415e+00 -4.001805272435543515e-07 -2.000960328985001979e-06
-5.370741482965931901e+00 2.525719793426675519e+00 -4.041748353778018554e-07 -2.020936342717050138e-06
-5.350701402805611018e+00 2.522574435510865687e+00 -4.082241675251729873e-07 -2.041186114354331949e-06
-5.330661322645291023e+00 2.519421214179814683e+00 -4.123294985725056705e-07 -2.061713843204415753e-06
-5.310621242484970139e+00 2.516260080101977437e+00 -4.164918061266842386e-07 -2.082523373303502012e-06
-5.290581162324649256e+00 2.513090983448763804e+00 -4.207121043486861112e-07 -2.103625327265490341e-06
-5.270541082164329261e+00 2.509913873887625435e+00 -4.249914277998367851e-07 -2.125024224142180174e-06
-5.250501002004008377e+00 2.506728700575020063e+00 -4.293308334402112791e-07 -2.146726146179389616e-06
-5.230460921843687494e+00 2.503535412149251460e+00 -4.337314033209249686e-07 -2.168726780382712604e-06
-5.210420841683366611e+00 2.500333956723181483e+00 -4.381942162179353062e-07 -2.191043925847679930e-06
-5.190380761523046615e+00 2.497124281876810237e+00 -4.427204333135037473e-07 -2.213680382112670486e-06
-5.170340681362725732e+00 2.493906334649720780e+00 -4.473111749614400168e-07 -2.236628603213830502e-06
-5.150300601202404849e+00 2.490680061533391054e+00 -4.519676185255061540e-07 -2.259908420398915041e-06
-5.130260521042083965e+00 2.487445408463363705e+00 -4.566909716785527706e-07 -2.283537313019223802e-06
-5.110220440881763970e+00 2.484202320811270237e+00 -4.614824947457574211e-07 -2.307490959196911717e-06
-5.090180360721443087e+00 2.480950743376715284e+00 -4.663433703089303606e-07 -2.331788145681912283e-06
-5.070140280561122204e+00 2.477690620379006781e+00 -4.712749470114907524e-07 -2.356462921682123124e-06
-5.050100200400802208e+00 2.474421895448732922e+00 -4.762785370260314011e-07 -2.381482758551101142e-06
-5.030060120240481325e+00 2.471144511619187689e+00 -4.813554452809398754e-07 -2.406858172321335587e-06
-5.010020040080160442e+00 2.467858411317631617e+00 -4.865070537818372287e-07 -2.432615303860075073e-06
-4.989979959919839558e+00 2.464563536356393136e+00 -4.917347803390370586e-07 -2.458760391732539574e-06
-4.969939879759519563e+00 2.461259827923798937e+00 -4.970400687143161633e-07 -2.485288867148938152e-06
-4.949899799599198680e+00 2.457947226574937361e+00 -5.024243706630571182e-07 -2.512214251737532322e-06
-4.929859719438877796e+00 2.454625672222244592e+00 -5.078892136023416271e-07 -2.539539977419735806e-06
-4.909819639278556913e+00 2.451295104125912783e+00 -5.134361069636383945e-07 -2.567277192611072678e-06
-4.889779559118236918e+00 2.447955460884116530e+00 -5.190666585164205316e-07 -2.595432420093857218e-06
-4.869739478957916035e+00 2.444606680423047518e+00 -5.247824464427175428e-07 -2.624011507634804730e-06
-4.849699398797595151e+00 2.441248699986765303e+00 -5.305851474568523685e-07 -2.653030030330683076e-06
-4.829659318637275156e+00 2.437881456126843371e+00 -5.364764363857688068e-07 -2.682479696147765935e-06
-4.809619238476954273e+00 2.434504884691822024e+00 -5.424580228341469024e-07 -2.712388791792363918e-06
-4.789579158316633389e+00 2.431118920816450313e+00 -5.485317170206283066e-07 -2.742766596952606051e-06
-4.769539078156312506e+00 2.427723498910721034e+00 -5.546993132043986918e-07 -2.773610013662164420e-06
-4.749498997995992511e+00 2.424318552648688563e+00 -5.609626738678485935e-07 -2.804925870236729679e-06
-4.729458917835671627e+00 2.420904014957068195e+00 -5.673236742609333305e-07 -2.836729208866017871e-06
-4.709418837675350744e+00 2.417479818003606340e+00 -5.737842830311201681e-07 -2.869029259500166518e-06
-4.689378757515029861e+00 2.414045893185223779e+00 -5.803464670772751077e-07 -2.901847381053812569e-06
-4.669338677354709866e+00 2.410602171115918235e+00 -5.870123237772251201e-07 -2.935187218611190474e-06
-4.649298597194388982e+00 2.407148581614425797e+00 -5.937838999381384042e-07 -2.969043713108021620e-06
-4.629258517034068099e+00 2.403685053691635432e+00 -6.006633503086167281e-07 -3.003446089167027822e-06
-4.609218436873748104e+00 2.400211515537746365e+00 -6.076528789866753044e-07 -3.038392321741412161e-06
-4.589178356713427220e+00 2.396727894509165235e+00 -6.147547109425222089e-07 -3.073899300432003656e-06
-4.569138276553106337e+00 2.393234117115137227e+00 -6.219711770616420665e-07 -3.109988952587627864e-06
-4.549098196392785454e+00 2.389730109004100544e+00 -6.293046465599694272e-07 -3.146658414721059671e-06
-4.529058116232465458e+00 2.386215794949762881e+00 -6.367575249577317464e-07 -3.183923787730691402e-06
-4.509018036072144575e+00 2.382691098836887456e+00 -6.443323139204704120e-07 -3.221802906239190634e-06
-4.488977955911823692e+00 2.379155943646785065e+00 -6.520315591340697381e-07 -3.260295947882241308e-06
-4.468937875751502808e+00 2.375610251442504595e+00 -6.598578531635812539e-07 -3.299442113302575308e-06
-4.448897795591182813e+00 2.372053943353709116e+00 -6.678139519433745619e-07 -3.339228300092145219e-06
-4.428857715430861930e+00 2.368486939561238458e+00 -6.759025043545641154e-07 -3.379653556123685121e-06
-4.408817635270541047e+00 2.364909159281343154e+00 -6.841263622825444202e-07 -3.420784778995766828e-06
-4.388777555110221051e+00 2.361320520749582208e+00 -6.924884778658491058e-07 -3.462610337123805948e-06
-4.368737474949900168e+00 2.357720941204377585e+00 -7.009917733502568638e-07 -3.505123949310018361e-06
-4.348697394789579285e+00 2.354110336870219644e+00 -7.096392900807213522e-07 -3.548362947469740902e-06
-4.328657314629258401e+00 2.350488622940507089e+00 -7.184341753729839297e-07 -3.592343382763374393e-06
-4.308617234468938406e+00 2.346855713560014323e+00 -7.273796350792949283e-07 -3.637070705053702113e-06
-4.288577154308617523e+00 2.343211521806983999e+00 -7.364789517960712573e-07 -3.682569492013954005e-06
-4.268537074148296639e+00 2.339555959674819885e+00 -7.457355298834400514e-07 -3.728861699414665054e-06
-4.248496993987975756e+00 2.335888938053387154e+00 -7.551528466709367393e-07 -3.775957530649520777e-06
-4.228456913827655761e+00 2.332210366709891680e+00 -7.647344686390056268e-07 -3.823862726903826115e-06
-4.208416833667334878e+00 2.328520154269342779e+00 -7.744840252732476671e-07 -3.872606114896370855e-06
-4.188376753507013994e+00 2.324818208194576741e+00 -7.844053123984284781e-07 -3.922225815244928526e-06
-4.168336673346693999e+00 2.321104434765835389e+00 -7.945022236222065715e-07 -3.972717387057400629e-06
-4.148296593186373116e+00 2.317378739059884563e+00 -8.047786886344887591e-07 -4.024099311550344282e-06
-4.128256513026052232e+00 2.313641024928663192e+00 -8.152388125681753195e-07 -4.076407165598538995e-06
-4.108216432865731349e+00 2.309891194977446105e+00 -8.258867967292360390e-07 -4.129654698203921726e-06
-4.088176352705411354e+00 2.306129150542508555e+00 -8.367269535292098936e-07 -4.183859317663518596e-06
-4.068136272545090470e+00 2.302354791668280942e+00 -8.477637087334066734e-07 -4.239044088194532378e-06
-4.048096192384769587e+00 2.298568017083975956e+00 -8.590016233045449923e-07 -4.295238142049129237e-06
-4.028056112224448704e+00 2.294768724179674813e+00 -8.704453978436443862e-07 -4.352466888235539955e-06
-4.008016032064128709e+00 2.290956808981858384e+00 -8.820998625147513650e-07 -4.410744018912282627e-06
-3.987975951903807825e+00 2.287132166128365007e+00 -8.939699547294566173e-07 -4.470098971864899795e-06
-3.967935871743486942e+00 2.283294688842761211e+00 -9.060608004707315644e-07 -4.530564275739834557e-06
-3.947895791583166947e+00 2.279444268908108473e+00 -9.183776505661267464e-07 -4.592152066607013694e-06
-3.927855711422846063e+00 2.275580796640102044e+00 -9.309258836576184137e-07 -4.654894077305016253e-06
-3.907815631262525180e+00 2.271704160859578714e+00 -9.437110763399481073e-07 -4.718830702188370196e-06
-3.887775551102204297e+00 2.267814248864354010e+00 -9.567389707698659151e-07 -4.783979619560341234e-06
-3.867735470941884302e+00 2.263910946400391477e+00 -9.700154384728598700e-07 -4.850364618391722615e-06
-3.847695390781563418e+00 2.259994137632265421e+00 -9.835465455132474943e-07 -4.918025318545460323e-06
-3.827655310621242535e+00 2.256063705112909545e+00 -9.973385506623078101e-07 -4.986995996603127423e-06
-3.807615230460921651e+00 2.252119529752623084e+00 -1.011397898598165312e-06 -5.057303880562358245e-06
-3.787575150300601656e+00 2.248161490787313976e+00 -1.025731212161984374e-06 -5.128969959855567140e-06
-3.767535070140280773e+00 2.244189465745958678e+00 -1.040345287389721207e-06 -5.202046430952123046e-06
-3.747494989979959890e+00 2.240203330417249727e+00 -1.055247219522437163e-06 -5.276576118262710224e-06
-3.727454909819639894e+00 2.236202958815411979e+00 -1.070444255124591848e-06 -5.352567640670713445e-06
-3.707414829659319011e+00 2.232188223145158634e+00 -1.085943829637336933e-06 -5.430072327783364017e-06
-3.687374749498998128e+00 2.228158993765761764e+00 -1.101753693832918657e-06 -5.509128619962666562e-06
-3.667334669338677244e+00 2.224115139154209331e+00 -1.117881753470717499e-06 -5.589777877901269676e-06
-3.647294589178357249e+00 2.220056525867423858e+00 -1.134336254149381773e-06 -5.672061760719770973e-06
-3.627254509018036366e+00 2.215983018503503210e+00 -1.151125609916148207e-06 -5.756010807544953423e-06
-3.607214428857715482e+00 2.211894479661971946e+00 -1.168258548817080467e-06 -5.841695617903042148e-06
-3.587174348697395487e+00 2.207790769902987282e+00 -1.185744129300614347e-06 -5.929135802773544128e-06
-3.567134268537074604e+00 2.203671747705489015e+00 -1.203591550508198438e-06 -6.018374392624536995e-06
-3.547094188376753721e+00 2.199537269424247654e+00 -1.221810444818061114e-06 -6.109482285410194891e-06
-3.527054108216432837e+00 2.195387189245773474e+00 -1.240410705566352689e-06 -6.202496692253589572e-06
-3.507014028056112842e+00 2.191221359143062486e+00 -1.259402551634369871e-06 -6.297467351146224246e-06
-3.486973947895791959e+00 2.187039628829124727e+00 -1.278796527309777886e-06 -6.394453343716577365e-06
-3.466933867735471075e+00 2.182841845709270423e+00 -1.298603557409183651e-06 -6.493499618898113113e-06
-3.446893787575150192e+00 2.178627854832102528e+00 -1.318834857488848655e-06 -6.594666082548883423e-06
-3.426853707414830197e+00 2.174397498839180543e+00 -1.339502102293277375e-06 -6.698021181250624068e-06
-3.406813627254509314e+00 2.170150617913301883e+00 -1.360617311430001308e-06 -6.803610546057825559e-06
-3.386773547094188430e+00 2.165887049725368385e+00 -1.382192898552458971e-06 -6.911500413764315454e-06
-3.366733466933868435e+00 2.161606629379777544e+00 -1.404241725538879493e-06 -7.021756879055374156e-06
-3.346693386773547552e+00 2.157309189358294521e+00 -1.426777072544016534e-06 -7.134450939361158817e-06
-3.326653306613226668e+00 2.152994559462354296e+00 -1.449812713938403164e-06 -7.249649108587163937e-06
-3.306613226452905785e+00 2.148662566753735792e+00 -1.473362851583948085e-06 -7.367415378212172072e-06
-3.286573146292585790e+00 2.144313035493558228e+00 -1.497442199765997017e-06 -7.487825563146088825e-06
-3.266533066132264906e+00 2.139945787079534867e+00 -1.522065976811148857e-06 -7.610964132709341357e-06
-3.246492985971944023e+00 2.135560639981426867e+00 -1.547249980554665783e-06 -7.736902610133711278e-06
-3.226452905811623140e+00 2.131157409674637293e+00 -1.573010492500470647e-06 -7.865726466604883171e-06
-3.206412825651303145e+00 2.126735908571872002e+00 -1.599364465559860449e-06 -7.997518046920504275e-06
-3.186372745490982261e+00 2.122295945952803908e+00 -1.626329358489497778e-06 -8.132354274437147978e-06
-3.166332665330661378e+00 2.117837327891673116e+00 -1.653923316524696929e-06 -8.270352736872155219e-06
-3.146292585170341383e+00 2.113359857182736334e+00 -1.682165200522778292e-06 -8.411586463807907421e-06
-3.126252505010020499e+00 2.108863333263501616e+00 -1.711074412324986582e-06 -8.556148735294755170e-06
-3.106212424849699616e+00 2.104347552135661381e+00 -1.740671197736354259e-06 -8.704159526473631558e-06
-3.086172344689378733e+00 2.099812306283634022e+00 -1.770976502224463900e-06 -8.855709836552705383e-06
-3.066132264529058737e+00 2.095257384590640815e+00 -1.802012040558187422e-06 -9.010914631346622627e-06
-3.046092184368737854e+00 2.090682572252207549e+00 -1.833800380046657352e-06 -9.169883085746732831e-06
-3.026052104208416971e+00 2.086087650687012740e+00 -1.866364884695048687e-06 -9.332727394451012515e-06
-3.006012024048096087e+00 2.081472397444970479e+00 -1.899729840187935892e-06 -9.499583278227419214e-06
-2.985971943887776092e+00 2.076836586112447591e+00 -1.933920490609919440e-06 -9.670572325148896198e-06
-2.965931863727455209e+00 2.072179986214503611e+00 -1.968963001669488122e-06 -9.845811504760604294e-06
-2.945891783567134325e+00 2.067502363114047448e+00 -2.004884540385276637e-06 -1.002544718886611008e-05
-2.925851703406814330e+00 2.062803477907779293e+00 -2.041713395212196858e-06 -1.020962887565701749e-05
-2.905811623246493447e+00 2.058083087318798299e+00 -2.079478942623724791e-06 -1.039849372119761028e-05
-2.885771543086172564e+00 2.053340943585751255e+00 -2.118211700374850182e-06 -1.059219006549483311e-05
-2.865731462925851680e+00 2.048576794348377472e+00 -2.157943403663376003e-06 -1.079088738009659210e-05
-2.845691382765531685e+00 2.043790382529306893e+00 -2.198707111100706157e-06 -1.099474342680650807e-05
-2.825651302605210802e+00 2.038981446211969750e+00 -2.240537132464082148e-06 -1.120393398679198071e-05
-2.805611222444889918e+00 2.034149718514451255e+00 -2.283469279218408587e-06 -1.141863843656665267e-05
-2.785571142284569035e+00 2.029294927459133646e+00 -2.327540728819244009e-06 -1.163903861112203231e-05
-2.765531062124249040e+00 2.024416795837952421e+00 -2.372790276566894008e-06 -1.186533381059007297e-05
-2.745490981963928157e+00 2.019515041073077999e+00 -2.419258276181723843e-06 -1.209771727417319198e-05
-2.725450901803607273e+00 2.014589375072850519e+00 -2.466986786964220357e-06 -1.233641096121118608e-05
-2.705410821643287278e+00 2.009639504082749717e+00 -2.516019687454074116e-06 -1.258162993167388777e-05
-2.685370741482966395e+00 2.004665128531204044e+00 -2.566402659082145377e-06 -1.283359601700340136e-05
-2.665330661322645511e+00 1.999665942870018087e+00 -2.618183372049553981e-06 -1.309255655002061758e-05
-2.645290581162324628e+00 1.994641635409182490e+00 -2.671411570842607830e-06 -1.335876060437612978e-05
-2.625250501002004633e+00 1.989591888145832321e+00 -2.726139151809636729e-06 -1.363245701924142850e-05
-2.605210420841683749e+00 1.984516376587094566e+00 -2.782420246372208084e-06 -1.391392347471764879e-05
-2.585170340681362866e+00 1.979414769566561594e+00 -2.840311456364652543e-06 -1.420344715086230281e-05
-2.565130260521041983e+00 1.974286729054105516e+00 -2.899871849981749961e-06 -1.450132202052145658e-05
-2.545090180360721988e+00 1.969131909958742543e+00 -2.961163195980276441e-06 -1.480785283547447762e-05
-2.525050100200401104e+00 1.963949959924232491e+00 -3.024249989602711963e-06 -1.512336099551703228e-05
-2.505010020040080221e+00 1.958740519117089240e+00 -3.089199732408953736e-06 -1.544819058096891240e-05
-2.484969939879760226e+00 1.953503220006654217e+00 -3.156083003330589776e-06 -1.578269025515055546e-05
-2.464929859719439342e+00 1.948237687136869845e+00 -3.224973658955132549e-06 -1.612723088584289144e-05
-2.444889779559118459e+00 1.942943536889372380e+00 -3.295949013659704718e-06 -1.648219700456365899e-05
-2.424849699398797576e+00 1.937620377237495362e+00 -3.369090011473563351e-06 -1.684800148638032624e-05
-2.404809619238477580e+00 1.932267807490759548e+00 -3.444481505521235221e-06 -1.722506139145707493e-05
-2.384769539078156697e+00 1.926885418029398389e+00 -3.522212316364736751e-06 -1.761381760445601685e-05
-2.364729458917835814e+00 1.921472790028443844e+00 -3.602375641786892402e-06 -1.801474424212301528e-05
-2.344689378757514930e+00 1.916029495170868069e+00 -3.685069189185430361e-06 -1.842833046339364955e-05
-2.324649298597194935e+00 1.910555095349249388e+00 -3.770395511804025546e-06 -1.885508422105885984e-05
-2.304609218436874052e+00 1.905049142355402347e+00 -3.858462185035715919e-06 -1.929554188961901673e-05
-2.284569138276553169e+00 1.899511177557376973e+00 -3.949382227808051482e-06 -1.975028084189034416e-05
-2.264529058116233173e+00 1.893940731563193758e+00 -4.043274382081740725e-06 -2.021988277078889951e-05
-2.244488977955912290e+00 1.888337323870650675e+00 -4.140263355489892660e-06 -2.070497332340437424e-05
-2.224448897795591407e+00 1.882700462502496785e+00 -4.240480366901611120e-06 -2.120621648060705411e-05
-2.204408817635270523e+00 1.877029643626217270e+00 -4.344063395167463426e-06 -2.172429716296164770e-05
-2.184368737474950528e+00 1.871324351157641175e+00 -4.451157665175120570e-06 -2.225994069249281893e-05
-2.164328657314629645e+00 1.865584056347522779e+00 -4.561916054912629193e-06 -2.281391493852424901e-05
-2.144288577154308761e+00 1.859808217350205961e+00 -4.676499646083520645e-06 -2.338702640969358981e-05
-2.124248496993987878e+00 1.853996278773413442e+00 -4.795078159203214341e-06 -2.398012228610468810e-05
-2.104208416833667883e+00 1.848147671208154819e+00 -4.917830574435733126e-06 -2.459409651578425837e-05
-2.084168336673347000e+00 1.842261810737670258e+00 -5.044945665555466974e-06 -2.522989800723962617e-05
-2.064128256513026116e+00 1.836338098424271648e+00 -5.176622740965530767e-06 -2.588852402141128550e-05
-2.044088176352706121e+00 1.830375919772854187e+00 -5.313072208135150021e-06 -2.657102068326366862e-05
-2.024048096192385238e+00 1.824374644169781012e+00 -5.454516397107589398e-06 -2.727850672101794771e-05
-2.004008016032064354e+00 1.818333624295755957e+00 -5.601190363802022176e-06 -2.801216316328236644e-05
-1.983967935871744359e+00 1.812252195511201425e+00 -5.753342742942368915e-06 -2.877322223326927997e-05
-1.963927855711423476e+00 1.806129675212565955e+00 -5.911236576894296491e-06 -2.956300367173980703e-05
-1.943887775551102592e+00 1.799965362157874171e+00 -6.075150522366623562e-06 -3.038291080059707383e-05
-1.923847695390781709e+00 1.793758535759711004e+00 -6.245379775005055478e-06 -3.123441042163221937e-05
-1.903807615230460826e+00 1.787508455343720160e+00 -6.422237273151498727e-06 -3.211907357325571866e-05
-1.883767535070139942e+00 1.781214359370542955e+00 -6.606055043822944839e-06 -3.303856340153288329e-05
-1.863727454909820835e+00 1.774875464618992815e+00 -6.797185482576573179e-06 -3.399464003450702876e-05
-1.843687374749499952e+00 1.768490965328087583e+00 -6.996002907322385056e-06 -3.498917626387765267e-05
-1.823647294589179069e+00 1.762060032295407419e+00 -7.202905136061144020e-06 -3.602416686732112794e-05
-1.803607214428858185e+00 1.755581811929033842e+00 -7.418315319196455704e-06 -3.710173044169096102e-05
-1.783567134268537302e+00 1.749055425250147122e+00 -7.642683756747814527e-06 -3.822411471787745540e-05
-1.763527054108216419e+00 1.742479966843124783e+00 -7.876490021208049086e-06 -3.939372496830628734e-05
-1.743486973947895535e+00 1.735854503749746369e+00 -8.120245260534453280e-06 -4.061312003500461287e-05
-1.723446893787574652e+00 1.729178074303850732e+00 -8.374494595619896842e-06 -4.188502671098603969e-05
-1.703406813627255545e+00 1.722449686902506993e+00 -8.639819868205833586e-06 -4.321235676485457589e-05
-1.683366733466934662e+00 1.715668318709446583e+00 -8.916842536454971935e-06 -4.459822131508417442e-05
-1.663326653306613778e+00 1.708832914286175786e+00 -9.206226943891948622e-06 -4.604594884938251198e-05
-1.643286573146292895e+00 1.701942384145798792e+00 -9.508683808501228185e-06 -4.755909662179647057e-05
-1.623246492985972012e+00 1.694995603224199066e+00 -9.824974083416648796e-06 -4.914147253032297158e-05
-1.603206412825651128e+00 1.687991409262766807e+00 -1.015591317482522626e-05 -5.079715916878058124e-05
-1.583166332665330245e+00 1.680928601096380870e+00 -1.050237561439626433e-05 -5.253053554099551548e-05
-1.563126252505011138e+00 1.673805936839823483e+00 -1.086530014116071641e-05 -5.434629989764516722e-05
-1.543086172344690254e+00 1.666622131965206366e+00 -1.124569532640062874e-05 -5.624950545524143308e-05
-1.523046092184369371e+00 1.659375857262368026e+00 -1.164464580677426753e-05 -5.824558186162676066e-05
-1.503006012024048488e+00 1.652065736673458574e+00 -1.206331904046731296e-05 -6.034037281210657966e-05
-1.482965931863727604e+00 1.644690344992175923e+00 -1.250297292598734344e-05 -6.254017900886310599e-05
-1.462925851703406721e+00 1.637248205417234370e+00 -1.296496411928860226e-05 -6.485179543602725971e-05
-1.442885771543085838e+00 1.629737786948698419e+00 -1.345075731690181797e-05 -6.728255689836259990e-05
-1.422845691382766731e+00 1.622157501614755803e+00 -1.396193547381630040e-05 -6.984038794399793915e-05
-1.402805611222445847e+00 1.614505701515328573e+00 -1.450021122056943668e-05 -7.253386710459608366e-05
-1.382765531062124964e+00 1.606780675667628833e+00 -1.506743956580791632e-05 -7.537229035392556398e-05
-1.362725450901804081e+00 1.598980646637300662e+00 -1.566563204424831213e-05 -7.836572849839740229e-05
-1.342685370741483197e+00 1.591103766937199682e+00 -1.629697237365279605e-05 -8.152511771442050303e-05
-1.322645290581162314e+00 1.583148115174052961e+00 -1.696383420435321199e-05 -8.486235478954995415e-05
-1.302605210420841431e+00 1.575111691921236678e+00 -1.766880080356081351e-05 -8.839037865016052820e-05
-1.282565130260520547e+00 1.566992415293671170e+00 -1.841468713420502112e-05 -9.212329241847783123e-05
-1.262525050100201440e+00 1.558788116198315254e+00 -1.920456477016996288e-05 -9.607648382115030472e-05
-1.242484969939880557e+00 1.550496533230914187e+00 -2.004178977099702053e-05 -1.002667693228431745e-04
-1.222444889779559674e+00 1.542115307186502138e+00 -2.093003431813400539e-05 -1.047125525417413883e-04
-1.202404809619238790e+00 1.533641975147558956e+00 -2.187332223607674209e-05 -1.094339959450962851e-04
-1.182364729458917907e+00 1.525073964109711522e+00 -2.287606933387698049e-05 -1.144532328467562365e-04
-1.162324649298597024e+00 1.516408584100300994e+00 -2.394312912745721889e-05 -1.197945881372675103e-04
-1.142284569138276140e+00 1.507643020739966699e+00 -2.507984472727153857e-05 -1.254848423926091527e-04
-1.122244488977957033e+00 1.498774327191543243e+00 -2.629210805327186762e-05 -1.315535336985362846e-04
-1.102204408817636150e+00 1.489799415433876284e+00 -2.758642736827576769e-05 -1.380332924867389011e-04
-1.082164328657315266e+00 1.480715046790579414e+00 -2.897000455526210771e-05 -1.449602278142947398e-04
-1.062124248496994383e+00 1.471517821635021983e+00 -3.045082371955221134e-05 -1.523743732434468257e-04
-1.042084168336673500e+00 1.462204168182908770e+00 -3.203775310539613841e-05 -1.603202053104268998e-04
-1.022044088176352616e+00 1.452770330272344701e+00 -3.374066262756825196e-05 -1.688472278118524628e-04
-1.002004008016031733e+00 1.443212354018115651e+00 -3.557055960035082620e-05 -1.780106552544680198e-04
-9.819639278557126261e-01 1.433526073211705443e+00 -3.753974620762656755e-05 -1.878722048900272057e-04
-9.619238476953917427e-01 1.423707093320951689e+00 -3.966200242944140086e-05 -1.985010176710488849e-04
-9.418837675350708594e-01 1.413750773922831661e+00 -4.195279948837615791e-05 -2.099747354549208467e-04
-9.218436873747499760e-01 1.403652209379031568e+00 -4.442954942573962285e-05 -2.223807498467067489e-04
-9.018036072144290927e-01 1.393406207536193042e+00 -4.711189798189963085e-05 -2.358176793748611999e-04
-8.817635270541082093e-01 1.383007266200144914e+00 -5.002206954174415188e-05 -2.503971076421862563e-04
-8.617234468937873260e-01 1.372449547095139000e+00 -5.318527475073331345e-05 -2.662456359203702050e-04
-8.416833667334664426e-01 1.361726846973943417e+00 -5.663019405832692144e-05 -2.835073189615400224e-04
-8.216432865731473356e-01 1.350832565491153714e+00 -6.038955350218255802e-05 -3.023465682403525534e-04
-8.016032064128264523e-01 1.339759669388500329e+00 -6.450081323172707215e-05 -3.229516213423266890e-04
-7.815631262525055689e-01 1.328500652465076648e+00 -6.900699421741318673e-05 -3.455387107109686440e-04
-7.615230460921846856e-01 1.317047490714457814e+00 -7.395767551954257613e-05 -3.703571039324060621e-04
-7.414829659318638022e-01 1.305391591901260639e+00 -7.941020298474210648e-05 -3.976951987141319478e-04
-7.214428857715429189e-01 1.293523738717344607e+00 -8.543116117287752331e-05 -4.278879577448435612e-04
-7.014028056112220355e-01 1.281434024497043689e+00 -9.209817568389677689e-05 -4.613260233767846330e-04
-6.813627254509029285e-01 1.269111780274421841e+00 -9.950213189624523835e-05 -4.984669371772554314e-04
-6.613226452905820452e-01 1.256545491724382568e+00 -1.077499224361178065e-04 -5.398490418855317330e-04
-6.412825651302611618e-01 1.243722704231682297e+00 -1.169678701792298270e-04 -5.861088140974857197e-04
-6.212424849699402785e-01 1.230629913961899691e+00 -1.273060209610044069e-04 -6.380026253829385041e-04
-6.012024048096193951e-01 1.217252442345911234e+00 -1.389435643106562424e-04 -6.964342376605259233e-04
-5.811623246492985118e-01 1.203574290807212677e+00 -1.520957290194191458e-04 -7.624898118017142679e-04
-5.611222444889776284e-01 1.189577971823392533e+00 -1.670226239471883645e-04 -8.374828440018688980e-04
-5.410821643286585214e-01 1.175244311470254432e+00 -1.840406680579942389e-04 -9.230123218699759491e-04
-5.210420841683376381e-01 1.160552217382918361e+00 -2.035375007090056698e-04 -1.021038692982756402e-03
-5.010020040080167547e-01 1.145478404490929858e+00 -2.259916199821576654e-04 -1.133984058952819396e-03
-4.809619238476958714e-01 1.129997068816133154e+00 -2.519985162945381774e-04 -1.264865714137641817e-03
-4.609218436873749880e-01 1.114079496882881104e+00 -2.823058395206023974e-04 -1.417476172370868426e-03
-4.408817635270541047e-01 1.097693594622886737e+00 -3.178612957265292138e-04 -1.596628842026603934e-03
-4.208416833667332213e-01 1.080803314689888550e+00 -3.598787398568781271e-04 -1.808497800094954755e-03
-4.008016032064123380e-01 1.063367954285935335e+00 -4.099306853023731989e-04 -2.061094600936286270e-03
-3.807615230460932310e-01 1.045341286126104663e+00 -4.700798212784462748e-04 -2.364948145523015910e-03
-3.607214428857723476e-01 1.026670471792876516e+00 -5.430692112809998306e-04 -2.734091258027149252e-03
-3.406813627254514643e-01 1.007294687536425926e+00 -6.326025946847835257e-04 -3.187520423587386631e-03
-3.206412825651305809e-01 9.871433645270530910e-01 -7.437662136737799301e-04 -3.751402819268889743e-03
-3.006012024048096976e-01 9.661339037453797740e-01 -8.836786214991843025e-04 -4.462494976063879903e-03
-2.805611222444888142e-01 9.441686619353252263e-01 -1.062518290677827437e-03 -5.373584901345651588e-03
-2.605210420841679309e-01 9.211309053688345738e-01 -1.295197635132083747e-03 -6.562428813523979443e-03
-2.404809619238488239e-01 8.968792678798569451e-01 -1.604184050986390275e-03 -8.146960061711894241e-03
-2.204408817635279405e-01 8.712399834215636130e-01 -2.024443269502240739e-03 -1.031226927376138747e-02
-2.004008016032070572e-01 8.439957046313842914e-01 -2.612505479434368283e-03 -1.336086568847960621e-02
-1.803607214428861738e-01 8.148688934743498757e-01 -3.464013306316182650e-03 -1.781196266611573265e-02
-1.603206412825652905e-01 7.834962076468359182e-01 -4.749962071469271407e-03 -2.461220055191759570e-02
-1.402805611222444071e-01 7.493871635957712884e-01 -6.797750494017540390e-03 -3.562517080013094528e-02
-1.202404809619235238e-01 7.118535466604749562e-01 -1.029163507308483716e-02 -5.491114835601607069e-02
-1.002004008016044168e-01 6.698798346942526072e-01 -1.683833713909343999e-02 -9.266520189368598892e-02
-8.016032064128353340e-02 6.218613521158434798e-01 -3.088165292524136518e-02 -1.807217206441631419e-01
-6.012024048096265005e-02 5.649985344080686867e-01 -6.822427759719085216e-02 -4.678913392345052102e-01
-4.008016032064176670e-02 4.935716822635283774e-01 -2.177270855953175044e-01 -8.390795769130772186e+00
-2.004008016032088335e-02 3.917481038234194579e-01 -5.798536678878753570e+00 6.531812567859525132e-01
0.000000000000000000e+00 0.000000000000000000e+00 0.000000000000000000e+00 0.000000000000000000e+00
2.004008016032064049e-02 0.000000000000000000e+00 0.000000000000000000e+00 0.000000000000000000e+00
4.008016032064128098e-02 0.000000000000000000e+00 0.000000000000000000e+00 0.000000000000000000e+00
6.012024048096192147e-02 0.000000000000000000e+00 0.000000000000000000e+00 0.000000000000000000e+00
8.016032064128256196e-02 0.000000000000000000e+00 0.000000000000000000e+00 0.000000000000000000e+00
1.002004008016031955e-01 0.000000000000000000e+00 0.000000000000000000e+00 0.000000000000000000e+00
1.202404809619238429e-01 0.000000000000000000e+00 0.000000000000000000e+00 0.000000000000000000e+00
1.402805611222444904e-01 0.000000000000000000e+00 0.000000000000000000e+00 0.000000000000000000e+00
1.603206412825651239e-01 0.000000000000000000e+00 0.000000000000000000e+00 0.000000000000000000e+00
1.803607214428857575e-01 0.000000000000000000e+00 0.000000000000000000e+00 0.000000000000000000e+00
2.004008016032063910e-01 0.000000000000000000e+00 0.000000000000000000e+00 0.000000000000000000e+00
2.204408817635270523e-01 0.000000000000000000e+00 0.000000000000000000e+00 0.000000000000000000e+00
2.404809619238476859e-01 0.000000000000000000e+00 0.000000000000000000e+00 0.000000000000000000e+00
2.605210420841683194e-01 0.000000000000000000e+00 0.000000000000000000e+00 0.000000000000000000e+00
2.805611222444889807e-01 0.000000000000000000e+00 0.000000000000000000e+00 0.000000000000000000e+00
3.006012024048095865e-01 0.000000000000000000e+00 0.000000000000000000e+00 0.000000000000000000e+00
3.206412825651302478e-01 0.000000000000000000e+00 0.000000000000000000e+00 0.000000000000000000e+00
3.406813627254509091e-01 0.000000000000000000e+00 0.000000000000000000e+00 0.000000000000000000e+00
3.607214428857715149e-01 0.000000000000000000e+00 0.000000000000000000e+00 0.000000000000000000e+00
3.807615230460921762e-01 0.000000000000000000e+00 0.000000000000000000e+00 0.000000000000000000e+00
4.008016032064127820e-01 0.000000000000000000e+00 0.000000000000000000e+00 0.000000000000000000e+00
4.208416833667334433e-01 0.000000000000000000e+00 0.000000000000000000e+00 0.000000000000000000e+00
4.408817635270541047e-01 0.000000000000000000e+00 0.000000000000000000e+00 0.000000000000000000e+00
4.609218436873747105e-01 0.000000000000000000e+00 0.000000000000000000e+00 0.000000000000000000e+00
4.809619238476953718e-01 0.000000000000000000e+00 0.000000000000000000e+00 0.000000000000000000e+00
5.010020040080159776e-01 0.000000000000000000e+00 0.000000000000000000e+00 0.000000000000000000e+00
5.210420841683366389e-01 0.000000000000000000e+00 0.000000000000000000e+00 0.000000000000000000e+00
5.410821643286573002e-01 0.000000000000000000e+00 0.000000000000000000e+00 0.000000000000000000e+00
5.611222444889779615e-01 0.000000000000000000e+00 0.000000000000000000e+00 0.000000000000000000e+00
5.811623246492986228e-01 0.000000000000000000e+00 0.000000000000000000e+00 0.000000000000000000e+00
6.012024048096191731e-01 0.000000000000000000e+00 0.000000000000000000e+00 0.000000000000000000e+00
6.212424849699398344e-01 0.000000000000000000e+00 0.000000000000000000e+00 0.000000000000000000e+00
6.412825651302604957e-01 0.000000000000000000e+00 0.000000000000000000e+00 0.000000000000000000e+00
6.613226452905811570e-01 0.000000000000000000e+00 0.000000000000000000e+00 0.000000000000000000e+00
6.813627254509018183e-01 0.000000000000000000e+00 0.000000000000000000e+00 0.000000000000000000e+00
7.014028056112223686e-01 0.000000000000000000e+00 0.000000000000000000e+00 0.000000000000000000e+00
7.214428857715430299e-01 0.000000000000000000e+00 0.000000000000000000e+00 0.000000000000000000e+00
7.414829659318636912e-01 0.000000000000000000e+00 0.000000000000000000e+00 0.000000000000000000e+00
7.615230460921843525e-01 0.000000000000000000e+00 0.000000000000000000e+00 0.000000000000000000e+00
7.815631262525050138e-01 0.000000000000000000e+00 0.000000000000000000e+00 0.000000000000000000e+00
8.016032064128255641e-01 0.000000000000000000e+00 0.000000000000000000e+00 0.000000000000000000e+00
8.216432865731462254e-01 0.000000000000000000e+00 0.000000000000000000e+00 0.000000000000000000e+00
8.416833667334668867e-01 0.000000000000000000e+00 0.000000000000000000e+00 0.000000000000000000e+00
8.617234468937875480e-01 0.000000000000000000e+00 0.000000000000000000e+00 0.000000000000000000e+00
8.817635270541082093e-01 0.000000000000000000e+00 0.000000000000000000e+00 0.000000000000000000e+00
9.018036072144288706e-01 0.000000000000000000e+00 0.000000000000000000e+00 0.000000000000000000e+00
9.218436873747494209e-01 0.000000000000000000e+00 0.000000000000000000e+00 0.000000000000000000e+00
9.418837675350700822e-01 0.000000000000000000e+00 0.000000000000000000e+00 0.000000000000000000e+00
9.619238476953907435e-01 0.000000000000000000e+00 0.000000000000000000e+00 0.000000000000000000e+00
9.819639278557114048e-01 0.000000000000000000e+00 0.000000000000000000e+00 0.000000000000000000e+00
1.002004008016031955e+00 0.000000000000000000e+00 0.000000000000000000e+00 0.000000000000000000e+00
1.022044088176352616e+00 0.000000000000000000e+00 0.000000000000000000e+00 0.000000000000000000e+00
1.042084168336673278e+00 0.000000000000000000e+00 0.000000000000000000e+00 0.000000000000000000e+00
1.062124248496993939e+00 0.000000000000000000e+00 0.000000000000000000e+00 0.000000000000000000e+00
1.082164328657314600e+00 0.000000000000000000e+00 0.000000000000000000e+00 0.000000000000000000e+00
1.102204408817635262e+00 0.000000000000000000e+00 0.000000000000000000e+00 0.000000000000000000e+00
1.122244488977955923e+00 0.000000000000000000e+00 0.000000000000000000e+00 0.000000000000000000e+00
1.142284569138276584e+00 0.000000000000000000e+00 0.000000000000000000e+00 0.000000000000000000e+00
1.162324649298597246e+00 0.000000000000000000e+00 0.000000000000000000e+00 0.000000000000000000e+00
1.182364729458917685e+00 0.000000000000000000e+00 0.000000000000000000e+00 0.000000000000000000e+00
1.202404809619238346e+00 0.000000000000000000e+00 0.000000000000000000e+00 0.000000000000000000e+00
1.222444889779559007e+00 0.000000000000000000e+00 0.000000000000000000e+00 0.000000000000000000e+00
1.242484969939879669e+00 0.000000000000000000e+00 0.000000000000000000e+00 0.000000000000000000e+00
1.262525050100200330e+00 0.000000000000000000e+00 0.000000000000000000e+00 0.000000000000000000e+00
1.282565130260520991e+00 0.000000000000000000e+00 0.000000000000000000e+00 0.000000000000000000e+00
1.302605210420841653e+00 0.000000000000000000e+00 0.000000000000000000e+00 0.000000000000000000e+00
1.322645290581162314e+00 0.000000000000000000e+00 0.000000000000000000e+00 0.000000000000000000e+00
1.342685370741482975e+00 0.000000000000000000e+00 0.000000000000000000e+00 0.000000000000000000e+00
1.362725450901803637e+00 0.000000000000000000e+00 0.000000000000000000e+00 0.000000000000000000e+00
1.382765531062124298e+00 0.000000000000000000e+00 0.000000000000000000e+00 0.000000000000000000e+00
1.402805611222444737e+00 0.000000000000000000e+00 0.000000000000000000e+00 0.000000000000000000e+00
1.422845691382765398e+00 0.000000000000000000e+00 0.000000000000000000e+00 0.000000000000000000e+00
1.442885771543086060e+00 0.000000000000000000e+00 0.000000000000000000e+00 0.000000000000000000e+00
1.462925851703406721e+00 0.000000000000000000e+00 0.000000000000000000e+00 0.000000000000000000e+00
1.482965931863727382e+00 0.000000000000000000e+00 0.000000000000000000e+00 0.000000000000000000e+00
1.503006012024048044e+00 0.000000000000000000e+00 0.000000000000000000e+00 0.000000000000000000e+00
1.523046092184368705e+00 0.000000000000000000e+00 0.000000000000000000e+00 0.000000000000000000e+00
1.543086172344689366e+00 0.000000000000000000e+00 0.000000000000000000e+00 0.000000000000000000e+00
1.563126252505010028e+00 0.000000000000000000e+00 0.000000000000000000e+00 0.000000000000000000e+00
1.583166332665330689e+00 0.000000000000000000e+00 0.000000000000000000e+00 0.000000000000000000e+00
1.603206412825651128e+00 0.000000000000000000e+00 0.000000000000000000e+00 0.000000000000000000e+00
1.623246492985971789e+00 0.000000000000000000e+00 0.000000000000000000e+00 0.000000000000000000e+00
1.643286573146292451e+00 0.000000000000000000e+00 0.000000000000000000e+00 0.000000000000000000e+00
1.663326653306613112e+00 0.000000000000000000e+00 0.000000000000000000e+00 0.000000000000000000e+00
1.683366733466933773e+00 0.000000000000000000e+00 0.000000000000000000e+00 0.000000000000000000e+00
1.703406813627254435e+00 0.000000000000000000e+00 0.000000000000000000e+00 0.000000000000000000e+00
1.723446893787575096e+00 0.000000000000000000e+00 0.000000000000000000e+00 0.000000000000000000e+00
1.743486973947895757e+00 0.000000000000000000e+00 0.000000000000000000e+00 0.000000000000000000e+00
1.763527054108216419e+00 0.000000000000000000e+00 0.000000000000000000e+00 0.000000000000000000e+00
1.783567134268537080e+00 0.000000000000000000e+00 0.000000000000000000e+00 0.000000000000000000e+00
1.803607214428857741e+00 0.000000000000000000e+00 0.000000000000000000e+00 0.000000000000000000e+00
1.823647294589178181e+00 0.000000000000000000e+00 0.000000000000000000e+00 0.000000000000000000e+00
1.843687374749498842e+00 0.000000000000000000e+00 0.000000000000000000e+00 0.000000000000000000e+00
1.863727454909819503e+00 0.000000000000000000e+00 0.000000000000000000e+00 0.000000000000000000e+00
1.883767535070140164e+00 0.000000000000000000e+00 0.000000000000000000e+00 0.000000000000000000e+00
1.903807615230460826e+00 0.000000000000000000e+00 0.000000000000000000e+00 0.000000000000000000e+00
1.923847695390781487e+00 0.000000000000000000e+00 0.000000000000000000e+00 0.000000000000000000e+00
1.943887775551102148e+00 0.000000000000000000e+00 0.000000000000000000e+00 0.000000000000000000e+00
1.963927855711422810e+00 0.000000000000000000e+00 0.000000000000000000e+00 0.000000000000000000e+00
1.983967935871743471e+00 0.000000000000000000e+00 0.000000000000000000e+00 0.000000000000000000e+00
2.004008016032063910e+00 0.000000000000000000e+00 0.000000000000000000e+00 0.000000000000000000e+00
2.024048096192384794e+00 0.000000000000000000e+00 0.000000000000000000e+00 0.000000000000000000e+00
2.044088176352705233e+00 0.000000000000000000e+00 0.000000000000000000e+00 0.000000000000000000e+00
2.064128256513026116e+00 0.000000000000000000e+00 0.000000000000000000e+00 0.000000000000000000e+00
2.084168336673346555e+00 0.000000000000000000e+00 0.000000000000000000e+00 0.000000000000000000e+00
2.104208416833667439e+00 0.000000000000000000e+00 0.000000000000000000e+00 0.000000000000000000e+00
2.124248496993987878e+00 0.000000000000000000e+00 0.000000000000000000e+00 0.000000000000000000e+00
2.144288577154308317e+00 0.000000000000000000e+00 0.000000000000000000e+00 0.000000000000000000e+00
2.164328657314629201e+00 0.000000000000000000e+00 0.000000000000000000e+00 0.000000000000000000e+00
2.184368737474949640e+00 0.000000000000000000e+00 0.000000000000000000e+00 0.000000000000000000e+00
2.204408817635270523e+00 0.000000000000000000e+00 0.000000000000000000e+00 0.000000000000000000e+00
2.224448897795590963e+00 0.000000000000000000e+00 0.000000000000000000e+00 0.000000000000000000e+00
2.244488977955911846e+00 0.000000000000000000e+00 0.000000000000000000e+00 0.000000000000000000e+00
2.264529058116232285e+00 0.000000000000000000e+00 0.000000000000000000e+00 0.000000000000000000e+00
2.284569138276553169e+00 0.000000000000000000e+00 0.000000000000000000e+00 0.000000000000000000e+00
2.304609218436873608e+00 0.000000000000000000e+00 0.000000000000000000e+00 0.000000000000000000e+00
2.324649298597194491e+00 0.000000000000000000e+00 0.000000000000000000e+00 0.000000000000000000e+00
2.344689378757514930e+00 0.000000000000000000e+00 0.000000000000000000e+00 0.000000000000000000e+00
2.364729458917835370e+00 0.000000000000000000e+00 0.000000000000000000e+00 0.000000000000000000e+00
2.384769539078156253e+00 0.000000000000000000e+00 0.000000000000000000e+00 0.000000000000000000e+00
2.404809619238476692e+00 0.000000000000000000e+00 0.000000000000000000e+00 0.000000000000000000e+00
2.424849699398797576e+00 0.000000000000000000e+00 0.000000000000000000e+00 0.000000000000000000e+00
2.444889779559118015e+00 0.000000000000000000e+00 0.000000000000000000e+00 0.000000000000000000e+00
2.464929859719438898e+00 0.000000000000000000e+00 0.000000000000000000e+00 0.000000000000000000e+00
2.484969939879759337e+00 0.000000000000000000e+00 0.000000000000000000e+00 0.000000000000000000e+00
2.505010020040080221e+00 0.000000000000000000e+00 0.000000000000000000e+00 0.000000000000000000e+00
2.525050100200400660e+00 0.000000000000000000e+00 0.000000000000000000e+00 0.000000000000000000e+00
2.545090180360721543e+00 0.000000000000000000e+00 0.000000000000000000e+00 0.000000000000000000e+00
2.565130260521041983e+00 0.000000000000000000e+00 0.000000000000000000e+00 0.000000000000000000e+00
2.585170340681362422e+00 0.000000000000000000e+00 0.000000000000000000e+00 0.000000000000000000e+00
2.605210420841683305e+00 0.000000000000000000e+00 0.000000000000000000e+00 0.000000000000000000e+00
2.625250501002003745e+00 0.000000000000000000e+00 0.000000000000000000e+00 0.000000000000000000e+00
2.645290581162324628e+00 0.000000000000000000e+00 0.000000000000000000e+00 0.000000000000000000e+00
2.665330661322645067e+00 0.000000000000000000e+00 0.000000000000000000e+00 0.000000000000000000e+00
2.685370741482965951e+00 0.000000000000000000e+00 0.000000000000000000e+00 0.000000000000000000e+00
2.705410821643286390e+00 0.000000000000000000e+00 0.000000000000000000e+00 0.000000000000000000e+00
2.725450901803607273e+00 0.000000000000000000e+00 0.000000000000000000e+00 0.000000000000000000e+00
2.745490981963927712e+00 0.000000000000000000e+00 0.000000000000000000e+00 0.000000000000000000e+00
2.765531062124248596e+00 0.000000000000000000e+00 0.000000000000000000e+00 0.000000000000000000e+00
2.785571142284569035e+00 0.000000000000000000e+00 0.000000000000000000e+00 0.000000000000000000e+00
2.805611222444889474e+00 0.000000000000000000e+00 0.000000000000000000e+00 0.000000000000000000e+00
2.825651302605210358e+00 0.000000000000000000e+00 0.000000000000000000e+00 0.000000000000000000e+00
2.845691382765530797e+00 0.000000000000000000e+00 0.000000000000000000e+00 0.000000000000000000e+00
2.865731462925851680e+00 0.000000000000000000e+00 0.000000000000000000e+00 0.000000000000000000e+00
2.885771543086172120e+00 0.000000000000000000e+00 0.000000000000000000e+00 0.000000000000000000e+00
2.905811623246493003e+00 0.000000000000000000e+00 0.000000000000000000e+00 0.000000000000000000e+00
2.925851703406813442e+00 0.000000000000000000e+00 0.000000000000000000e+00 0.000000000000000000e+00
2.945891783567134325e+00 0.000000000000000000e+00 0.000000000000000000e+00 0.000000000000000000e+00
2.965931863727454765e+00 0.000000000000000000e+00 0.000000000000000000e+00 0.000000000000000000e+00
2.985971943887775648e+00 0.000000000000000000e+00 0.000000000000000000e+00 0.000000000000000000e+00
3.006012024048096087e+00 0.000000000000000000e+00 0.000000000000000000e+00 0.000000000000000000e+00
3.026052104208416527e+00 0.000000000000000000e+00 0.000000000000000000e+00 0.000000000000000000e+00
3.046092184368737410e+00 0.000000000000000000e+00 0.000000000000000000e+00 0.000000000000000000e+00
3.066132264529057849e+00 0.000000000000000000e+00 0.000000000000000000e+00 0.000000000000000000e+00
3.086172344689378733e+00 0.000000000000000000e+00 0.000000000000000000e+00 0.000000000000000000e+00
3.106212424849699172e+00 0.000000000000000000e+00 0.000000000000000000e+00 0.000000000000000000e+00
3.126252505010020055e+00 0.000000000000000000e+00 0.000000000000000000e+00 0.000000000000000000e+00
3.146292585170340494e+00 0.000000000000000000e+00 0.000000000000000000e+00 0.000000000000000000e+00
3.166332665330661378e+00 0.000000000000000000e+00 0.000000000000000000e+00 0.000000000000000000e+00
3.186372745490981817e+00 0.000000000000000000e+00 0.000000000000000000e+00 0.000000000000000000e+00
3.206412825651302256e+00 0.000000000000000000e+00 0.000000000000000000e+00 0.000000000000000000e+00
3.226452905811623140e+00 0.000000000000000000e+00 0.000000000000000000e+00 0.000000000000000000e+00
3.246492985971943579e+00 0.000000000000000000e+00 0.000000000000000000e+00 0.000000000000000000e+00
3.266533066132264462e+00 0.000000000000000000e+00 0.000000000000000000e+00 0.000000000000000000e+00
3.286573146292584902e+00 0.000000000000000000e+00 0.000000000000000000e+00 0.000000000000000000e+00
3.306613226452905785e+00 0.000000000000000000e+00 0.000000000000000000e+00 0.000000000000000000e+00
3.326653306613226224e+00 0.000000000000000000e+00 0.000000000000000000e+00 0.000000000000000000e+00
3.346693386773547108e+00 0.000000000000000000e+00 0.000000000000000000e+00 0.000000000000000000e+00
3.366733466933867547e+00 0.000000000000000000e+00 0.000000000000000000e+00 0.000000000000000000e+00
3.386773547094188430e+00 0.000000000000000000e+00 0.000000000000000000e+00 0.000000000000000000e+00
3.406813627254508869e+00 0.000000000000000000e+00 0.000000000000000000e+00 0.000000000000000000e+00
3.426853707414829309e+00 0.000000000000000000e+00 0.000000000000000000e+00 0.000000000000000000e+00
3.446893787575150192e+00 0.000000000000000000e+00 0.000000000000000000e+00 0.000000000000000000e+00
3.466933867735470631e+00 0.000000000000000000e+00 0.000000000000000000e+00 0.000000000000000000e+00
3.486973947895791515e+00 0.000000000000000000e+00 0.000000000000000000e+00 0.000000000000000000e+00
3.507014028056111954e+00 0.000000000000000000e+00 0.000000000000000000e+00 0.000000000000000000e+00
3.527054108216432837e+00 0.000000000000000000e+00 0.000000000000000000e+00 0.000000000000000000e+00
3.547094188376753277e+00 0.000000000000000000e+00 0.000000000000000000e+00 0.000000000000000000e+00
3.567134268537074160e+00 0.000000000000000000e+00 0.000000000000000000e+00 0.000000000000000000e+00
3.587174348697394599e+00 0.000000000000000000e+00 0.000000000000000000e+00 0.000000000000000000e+00
3.607214428857715482e+00 0.000000000000000000e+00 0.000000000000000000e+00 0.000000000000000000e+00
3.627254509018035922e+00 0.000000000000000000e+00 0.000000000000000000e+00 0.000000000000000000e+00
3.647294589178356361e+00 0.000000000000000000e+00 0.000000000000000000e+00 0.000000000000000000e+00
3.667334669338677244e+00 0.000000000000000000e+00 0.000000000000000000e+00 0.000000000000000000e+00
3.687374749498997684e+00 0.000000000000000000e+00 0.000000000000000000e+00 0.000000000000000000e+00
3.707414829659318567e+00 0.000000000000000000e+00 0.000000000000000000e+00 0.000000000000000000e+00
3.727454909819639006e+00 0.000000000000000000e+00 0.000000000000000000e+00 0.000000000000000000e+00
3.747494989979959890e+00 0.000000000000000000e+00 0.000000000000000000e+00 0.000000000000000000e+00
3.767535070140280329e+00 0.000000000000000000e+00 0.000000000000000000e+00 0.000000000000000000e+00
3.787575150300601212e+00 0.000000000000000000e+00 0.000000000000000000e+00 0.000000000000000000e+00
3.807615230460921651e+00 0.000000000000000000e+00 0.000000000000000000e+00 0.000000000000000000e+00
3.827655310621242535e+00 0.000000000000000000e+00 0.000000000000000000e+00 0.000000000000000000e+00
3.847695390781562974e+00 0.000000000000000000e+00 0.000000000000000000e+00 0.000000000000000000e+00
3.867735470941883413e+00 0.000000000000000000e+00 0.000000000000000000e+00 0.000000000000000000e+00
3.887775551102204297e+00 0.000000000000000000e+00 0.000000000000000000e+00 0.000000000000000000e+00
3.907815631262524736e+00 0.000000000000000000e+00 0.000000000000000000e+00 0.000000000000000000e+00
3.927855711422845619e+00 0.000000000000000000e+00 0.000000000000000000e+00 0.000000000000000000e+00
3.947895791583166059e+00 0.000000000000000000e+00 0.000000000000000000e+00 0.000000000000000000e+00
3.967935871743486942e+00 0.000000000000000000e+00 0.000000000000000000e+00 0.000000000000000000e+00
3.987975951903807381e+00 0.000000000000000000e+00 0.000000000000000000e+00 0.000000000000000000e+00
4.008016032064127820e+00 0.000000000000000000e+00 0.000000000000000000e+00 0.000000000000000000e+00
4.028056112224448704e+00 0.000000000000000000e+00 0.000000000000000000e+00 0.000000000000000000e+00
4.048096192384769587e+00 0.000000000000000000e+00 0.000000000000000000e+00 0.000000000000000000e+00
4.068136272545089582e+00 0.000000000000000000e+00 0.000000000000000000e+00 0.000000000000000000e+00
4.088176352705410466e+00 0.000000000000000000e+00 0.000000000000000000e+00 0.000000000000000000e+00
4.108216432865731349e+00 0.000000000000000000e+00 0.000000000000000000e+00 0.000000000000000000e+00
4.128256513026052232e+00 0.000000000000000000e+00 0.000000000000000000e+00 0.000000000000000000e+00
4.148296593186372228e+00 0.000000000000000000e+00 0.000000000000000000e+00 0.000000000000000000e+00
4.168336673346693111e+00 0.000000000000000000e+00 0.000000000000000000e+00 0.000000000000000000e+00
4.188376753507013994e+00 0.000000000000000000e+00 0.000000000000000000e+00 0.000000000000000000e+00
4.208416833667334878e+00 0.000000000000000000e+00 0.000000000000000000e+00 0.000000000000000000e+00
4.228456913827654873e+00 0.000000000000000000e+00 0.000000000000000000e+00 0.000000000000000000e+00
4.248496993987975756e+00 0.000000000000000000e+00 0.000000000000000000e+00 0.000000000000000000e+00
4.268537074148296639e+00 0.000000000000000000e+00 0.000000000000000000e+00 0.000000000000000000e+00
4.288577154308616635e+00 0.000000000000000000e+00 0.000000000000000000e+00 0.000000000000000000e+00
4.308617234468937518e+00 0.000000000000000000e+00 0.000000000000000000e+00 0.000000000000000000e+00
4.328657314629258401e+00 0.000000000000000000e+00 0.000000000000000000e+00 0.000000000000000000e+00
4.348697394789579285e+00 0.000000000000000000e+00 0.000000000000000000e+00 0.000000000000000000e+00
4.368737474949899280e+00 0.000000000000000000e+00 0.000000000000000000e+00 0.000000000000000000e+00
4.388777555110220163e+00 0.000000000000000000e+00 0.000000000000000000e+00 0.000000000000000000e+00
4.408817635270541047e+00 0.000000000000000000e+00 0.000000000000000000e+00 0.000000000000000000e+00
4.428857715430861930e+00 0.000000000000000000e+00 0.000000000000000000e+00 0.000000000000000000e+00
4.448897795591181925e+00 0.000000000000000000e+00 0.000000000000000000e+00 0.000000000000000000e+00
4.468937875751502808e+00 0.000000000000000000e+00 0.000000000000000000e+00 0.000000000000000000e+00
4.488977955911823692e+00 0.000000000000000000e+00 0.000000000000000000e+00 0.000000000000000000e+00
4.509018036072143687e+00 0.000000000000000000e+00 0.000000000000000000e+00 0.000000000000000000e+00
4.529058116232464570e+00 0.000000000000000000e+00 0.000000000000000000e+00 0.000000000000000000e+00
4.549098196392785454e+00 0.000000000000000000e+00 0.000000000000000000e+00 0.000000000000000000e+00
4.569138276553106337e+00 0.000000000000000000e+00 0.000000000000000000e+00 0.000000000000000000e+00
4.589178356713426332e+00 0.000000000000000000e+00 0.000000000000000000e+00 0.000000000000000000e+00
4.609218436873747216e+00 0.000000000000000000e+00 0.000000000000000000e+00 0.000000000000000000e+00
4.629258517034068099e+00 0.000000000000000000e+00 0.000000000000000000e+00 0.000000000000000000e+00
4.649298597194388982e+00 0.000000000000000000e+00 0.000000000000000000e+00 0.000000000000000000e+00
4.669338677354708977e+00 0.000000000000000000e+00 0.000000000000000000e+00 0.000000000000000000e+00
4.689378757515029861e+00 0.000000000000000000e+00 0.000000000000000000e+00 0.000000000000000000e+00
4.709418837675350744e+00 0.000000000000000000e+00 0.000000000000000000e+00 0.000000000000000000e+00
4.729458917835670739e+00 0.000000000000000000e+00 0.000000000000000000e+00 0.000000000000000000e+00
4.749498997995991623e+00 0.000000000000000000e+00 0.000000000000000000e+00 0.000000000000000000e+00
4.769539078156312506e+00 0.000000000000000000e+00 0.000000000000000000e+00 0.000000000000000000e+00
4.789579158316633389e+00 0.000000000000000000e+00 0.000000000000000000e+00 0.000000000000000000e+00
4.809619238476953385e+00 0.000000000000000000e+00 0.000000000000000000e+00 0.000000000000000000e+00
4.829659318637274268e+00 0.000000000000000000e+00 0.000000000000000000e+00 0.000000000000000000e+00
4.849699398797595151e+00 0.000000000000000000e+00 0.000000000000000000e+00 0.000000000000000000e+00
4.869739478957916035e+00 0.000000000000000000e+00 0.000000000000000000e+00 0.000000000000000000e+00
4.889779559118236030e+00 0.000000000000000000e+00 0.000000000000000000e+00 0.000000000000000000e+00
4.909819639278556913e+00 0.000000000000000000e+00 0.000000000000000000e+00 0.000000000000000000e+00
4.929859719438877796e+00 0.000000000000000000e+00 0.000000000000000000e+00 0.000000000000000000e+00
4.949899799599197792e+00 0.000000000000000000e+00 0.000000000000000000e+00 0.000000000000000000e+00
4.969939879759518675e+00 0.000000000000000000e+00 0.000000000000000000e+00 0.000000000000000000e+00
4.989979959919839558e+00 0.000000000000000000e+00 0.000000000000000000e+00 0.000000000000000000e+00
5.010020040080160442e+00 0.000000000000000000e+00 0.000000000000000000e+00 0.000000000000000000e+00
5.030060120240480437e+00 0.000000000000000000e+00 0.000000000000000000e+00 0.000000000000000000e+00
5.050100200400801320e+00 0.000000000000000000e+00 0.000000000000000000e+00 0.000000000000000000e+00
5.070140280561122204e+00 0.000000000000000000e+00 0.000000000000000000e+00 0.000000000000000000e+00
5.090180360721443087e+00 0.000000000000000000e+00 0.000000000000000000e+00 0.000000000000000000e+00
5.110220440881763082e+00 0.000000000000000000e+00 0.000000000000000000e+00 0.000000000000000000e+00
5.130260521042083965e+00 0.000000000000000000e+00 0.000000000000000000e+00 0.000000000000000000e+00
5.150300601202404849e+00 0.000000000000000000e+00 0.000000000000000000e+00 0.000000000000000000e+00
5.170340681362724844e+00 0.000000000000000000e+00 0.000000000000000000e+00 0.000000000000000000e+00
5.190380761523045727e+00 0.000000000000000000e+00 0.000000000000000000e+00 0.000000000000000000e+00
5.210420841683366611e+00 0.000000000000000000e+00 0.000000000000000000e+00 0.000000000000000000e+00
5.230460921843687494e+00 0.000000000000000000e+00 0.000000000000000000e+00 0.000000000000000000e+00
5.250501002004007489e+00 0.000000000000000000e+00 0.000000000000000000e+00 0.000000000000000000e+00
5.270541082164328373e+00 0.000000000000000000e+00 0.000000000000000000e+00 0.000000000000000000e+00
5.290581162324649256e+00 0.000000000000000000e+00 0.000000000000000000e+00 0.000000000000000000e+00
5.310621242484970139e+00 0.000000000000000000e+00 0.000000000000000000e+00 0.000000000000000000e+00
5.330661322645290134e+00 0.000000000000000000e+00 0.000000000000000000e+00 0.000000000000000000e+00
5.350701402805611018e+00 0.000000000000000000e+00 0.000000000000000000e+00 0.000000000000000000e+00
5.370741482965931901e+00 0.000000000000000000e+00 0.000000000000000000e+00 0.000000000000000000e+00
5.390781563126251896e+00 0.000000000000000000e+00 0.000000000000000000e+00 0.000000000000000000e+00
5.410821643286572780e+00 0.000000000000000000e+00 0.000000000000000000e+00 0.000000000000000000e+00
5.430861723446893663e+00 0.000000000000000000e+00 0.000000000000000000e+00 0.000000000000000000e+00
5.450901803607214546e+00 0.000000000000000000e+00 0.000000000000000000e+00 0.000000000000000000e+00
5.470941883767534542e+00 0.000000000000000000e+00 0.000000000000000000e+00 0.000000000000000000e+00
5.490981963927855425e+00 0.000000000000000000e+00 0.000000000000000000e+00 0.000000000000000000e+00
5.511022044088176308e+00 0.000000000000000000e+00 0.000000000000000000e+00 0.000000000000000000e+00
5.531062124248497192e+00 0.000000000000000000e+00 0.000000000000000000e+00 0.000000000000000000e+00
5.551102204408817187e+00 0.000000000000000000e+00 0.000000000000000000e+00 0.000000000000000000e+00
5.571142284569138070e+00 0.000000000000000000e+00 0.000000000000000000e+00 0.000000000000000000e+00
5.591182364729458953e+00 0.000000000000000000e+00 0.000000000000000000e+00 0.000000000000000000e+00
5.611222444889778949e+00 0.000000000000000000e+00 0.000000000000000000e+00 0.000000000000000000e+00
5.631262525050099832e+00 0.000000000000000000e+00 0.000000000000000000e+00 0.000000000000000000e+00
5.651302605210420715e+00 0.000000000000000000e+00 0.000000000000000000e+00 0.000000000000000000e+00
5.671342685370741599e+00 0.000000000000000000e+00 0.000000000000000000e+00 0.000000000000000000e+00
5.691382765531061594e+00 0.000000000000000000e+00 0.000000000000000000e+00 0.000000000000000000e+00
5.711422845691382477e+00 0.000000000000000000e+00 0.000000000000000000e+00 0.000000000000000000e+00
5.731462925851703361e+00 0.000000000000000000e+00 0.000000000000000000e+00 0.000000000000000000e+00
5.751503006012024244e+00 0.000000000000000000e+00 0.000000000000000000e+00 0.000000000000000000e+00
5.771543086172344239e+00 0.000000000000000000e+00 0.000000000000000000e+00 0.000000000000000000e+00
5.791583166332665122e+00 0.000000000000000000e+00 0.000000000000000000e+00 0.000000000000000000e+00
5.811623246492986006e+00 0.000000000000000000e+00 0.000000000000000000e+00 0.000000000000000000e+00
5.831663326653306001e+00 0.000000000000000000e+00 0.000000000000000000e+00 0.000000000000000000e+00
5.851703406813626884e+00 0.000000000000000000e+00 0.000000000000000000e+00 0.000000000000000000e+00
5.871743486973947768e+00 0.000000000000000000e+00 0.000000000000000000e+00 0.000000000000000000e+00
5.891783567134268651e+00 0.000000000000000000e+00 0.000000000000000000e+00 0.000000000000000000e+00
5.911823647294588646e+00 0.000000000000000000e+00 0.000000000000000000e+00 0.000000000000000000e+00
5.931863727454909530e+00 0.000000000000000000e+00 0.000000000000000000e+00 0.000000000000000000e+00
5.951903807615230413e+00 0.000000000000000000e+00 0.000000000000000000e+00 0.000000000000000000e+00
5.971943887775551296e+00 0.000000000000000000e+00 0.000000000000000000e+00 0.000000000000000000e+00
5.991983967935871291e+00 0.000000000000000000e+00 0.000000000000000000e+00 0.000000000000000000e+00
6.012024048096192175e+00 0.000000000000000000e+00 0.000000000000000000e+00 0.000000000000000000e+00
6.032064128256513058e+00 0.000000000000000000e+00 0.000000000000000000e+00 0.000000000000000000e+00
6.052104208416833053e+00 0.000000000000000000e+00 0.000000000000000000e+00 0.000000000000000000e+00
6.072144288577153937e+00 0.000000000000000000e+00 0.000000000000000000e+00 0.000000000000000000e+00
6.092184368737474820e+00 0.000000000000000000e+00 0.000000000000000000e+00 0.000000000000000000e+00
6.112224448897795703e+00 0.000000000000000000e+00 0.000000000000000000e+00 0.000000000000000000e+00
6.132264529058115698e+00 0.000000000000000000e+00 0.000000000000000000e+00 0.000000000000000000e+00
6.152304609218436582e+00 0.000000000000000000e+00 0.000000000000000000e+00 0.000000000000000000e+00
6.172344689378757465e+00 0.000000000000000000e+00 0.000000000000000000e+00 0.000000000000000000e+00
6.192384769539078349e+00 0.000000000000000000e+00 0.000000000000000000e+00 0.000000000000000000e+00
6.212424849699398344e+00 0.000000000000000000e+00 0.000000000000000000e+00 0.000000000000000000e+00
6.232464929859719227e+00 0.000000000000000000e+00 0.000000000000000000e+00 0.000000000000000000e+00
6.252505010020040110e+00 0.000000000000000000e+00 0.000000000000000000e+00 0.000000000000000000e+00
6.272545090180360106e+00 0.000000000000000000e+00 0.000000000000000000e+00 0.000000000000000000e+00
6.292585170340680989e+00 0.000000000000000000e+00 0.000000000000000000e+00 0.000000000000000000e+00
6.312625250501001872e+00 0.000000000000000000e+00 0.000000000000000000e+00 0.000000000000000000e+00
6.332665330661322756e+00 0.000000000000000000e+00 0.000000000000000000e+00 0.000000000000000000e+00
6.352705410821642751e+00 0.000000000000000000e+00 0.000000000000000000e+00 0.000000000000000000e+00
6.372745490981963634e+00 0.000000000000000000e+00 0.000000000000000000e+00 0.000000000000000000e+00
6.392785571142284518e+00 0.000000000000000000e+00 0.000000000000000000e+00 0.000000000000000000e+00
6.412825651302604513e+00 0.000000000000000000e+00 0.000000000000000000e+00 0.000000000000000000e+00
6.432865731462925396e+00 0.000000000000000000e+00 0.000000000000000000e+00 0.000000000000000000e+00
6.452905811623246279e+00 0.000000000000000000e+00 0.000000000000000000e+00 0.000000000000000000e+00
6.472945891783567163e+00 0.000000000000000000e+00 0.000000000000000000e+00 0.000000000000000000e+00
6.492985971943887158e+00 0.000000000000000000e+00 0.000000000000000000e+00 0.000000000000000000e+00
6.513026052104208041e+00 0.000000000000000000e+00 0.000000000000000000e+00 0.000000000000000000e+00
6.533066132264528925e+00 0.000000000000000000e+00 0.000000000000000000e+00 0.000000000000000000e+00
6.553106212424849808e+00 0.000000000000000000e+00 0.000000000000000000e+00 0.000000000000000000e+00
6.573146292585169803e+00 0.000000000000000000e+00 0.000000000000000000e+00 0.000000000000000000e+00
6.593186372745490686e+00 0.000000000000000000e+00 0.000000000000000000e+00 0.000000000000000000e+00
6.613226452905811570e+00 0.000000000000000000e+00 0.000000000000000000e+00 0.000000000000000000e+00
6.633266533066131565e+00 0.000000000000000000e+00 0.000000000000000000e+00 0.000000000000000000e+00
6.653306613226452448e+00 0.000000000000000000e+00 0.000000000000000000e+00 0.000000000000000000e+00
6.673346693386773332e+00 0.000000000000000000e+00 0.000000000000000000e+00 0.000000000000000000e+00
6.693386773547094215e+00 0.000000000000000000e+00 0.000000000000000000e+00 0.000000000000000000e+00
6.713426853707414210e+00 0.000000000000000000e+00 0.000000000000000000e+00 0.000000000000000000e+00
6.733466933867735094e+00 0.000000000000000000e+00 0.000000000000000000e+00 0.000000000000000000e+00
6.753507014028055977e+00 0.000000000000000000e+00 0.000000000000000000e+00 0.000000000000000000e+00
6.773547094188376860e+00 0.000000000000000000e+00 0.000000000000000000e+00 0.000000000000000000e+00
6.793587174348696855e+00 0.000000000000000000e+00 0.000000000000000000e+00 0.000000000000000000e+00
6.813627254509017739e+00 0.000000000000000000e+00 0.000000000000000000e+00 0.000000000000000000e+00
6.833667334669338622e+00 0.000000000000000000e+00 0.000000000000000000e+00 0.000000000000000000e+00
6.853707414829658617e+00 0.000000000000000000e+00 0.000000000000000000e+00 0.000000000000000000e+00
6.873747494989979501e+00 0.000000000000000000e+00 0.000000000000000000e+00 0.000000000000000000e+00
6.893787575150300384e+00 0.000000000000000000e+00 0.000000000000000000e+00 0.000000000000000000e+00
6.913827655310621267e+00 0.000000000000000000e+00 0.000000000000000000e+00 0.000000000000000000e+00
6.933867735470941263e+00 0.000000000000000000e+00 0.000000000000000000e+00 0.000000000000000000e+00
6.953907815631262146e+00 0.000000000000000000e+00 0.000000000000000000e+00 0.000000000000000000e+00
6.973947895791583029e+00 0.000000000000000000e+00 0.000000000000000000e+00 0.000000000000000000e+00
6.993987975951903913e+00 0.000000000000000000e+00 0.000000000000000000e+00 0.000000000000000000e+00
7.014028056112223908e+00 0.000000000000000000e+00 0.000000000000000000e+00 0.000000000000000000e+00
7.034068136272544791e+00 0.000000000000000000e+00 0.000000000000000000e+00 0.000000000000000000e+00
7.054108216432865675e+00 0.000000000000000000e+00 0.000000000000000000e+00 0.000000000000000000e+00
7.074148296593185670e+00 0.000000000000000000e+00 0.000000000000000000e+00 0.000000000000000000e+00
7.094188376753506553e+00 0.000000000000000000e+00 0.000000000000000000e+00 0.000000000000000000e+00
7.114228456913827436e+00 0.000000000000000000e+00 0.000000000000000000e+00 0.000000000000000000e+00
7.134268537074148320e+00 0.000000000000000000e+00 0.000000000000000000e+00 0.000000000000000000e+00
7.154308617234468315e+00 0.000000000000000000e+00 0.000000000000000000e+00 0.000000000000000000e+00
7.174348697394789198e+00 0.000000000000000000e+00 0.000000000000000000e+00 0.000000000000000000e+00
7.194388777555110082e+00 0.000000000000000000e+00 0.000000000000000000e+00 0.000000000000000000e+00
7.214428857715430965e+00 0.000000000000000000e+00 0.000000000000000000e+00 0.000000000000000000e+00
7.234468937875750960e+00 0.000000000000000000e+00 0.000000000000000000e+00 0.000000000000000000e+00
7.254509018036071843e+00 0.000000000000000000e+00 0.000000000000000000e+00 0.000000000000000000e+00
7.274549098196392727e+00 0.000000000000000000e+00 0.000000000000000000e+00 0.000000000000000000e+00
7.294589178356712722e+00 0.000000000000000000e+00 0.000000000000000000e+00 0.000000000000000000e+00
7.314629258517033605e+00 0.000000000000000000e+00 0.000000000000000000e+00 0.000000000000000000e+00
7.334669338677354489e+00 0.000000000000000000e+00 0.000000000000000000e+00 0.000000000000000000e+00
7.354709418837675372e+00 0.000000000000000000e+00 0.000000000000000000e+00 0.000000000000000000e+00
7.374749498997995367e+00 0.000000000000000000e+00 0.000000000000000000e+00 0.000000000000000000e+00
7.394789579158316251e+00 0.000000000000000000e+00 0.000000000000000000e+00 0.000000000000000000e+00
7.414829659318637134e+00 0.000000000000000000e+00 0.000000000000000000e+00 0.000000000000000000e+00
7.434869739478958017e+00 0.000000000000000000e+00 0.000000000000000000e+00 0.000000000000000000e+00
7.454909819639278012e+00 0.000000000000000000e+00 0.000000000000000000e+00 0.000000000000000000e+00
7.474949899799598896e+00 0.000000000000000000e+00 0.000000000000000000e+00 0.000000000000000000e+00
7.494989979959919779e+00 0.000000000000000000e+00 0.000000000000000000e+00 0.000000000000000000e+00
7.515030060120239774e+00 0.000000000000000000e+00 0.000000000000000000e+00 0.000000000000000000e+00
7.535070140280560658e+00 0.000000000000000000e+00 0.000000000000000000e+00 0.000000000000000000e+00
7.555110220440881541e+00 0.000000000000000000e+00 0.000000000000000000e+00 0.000000000000000000e+00
7.575150300601202424e+00 0.000000000000000000e+00 0.000000000000000000e+00 0.000000000000000000e+00
7.595190380761522420e+00 0.000000000000000000e+00 0.000000000000000000e+00 0.000000000000000000e+00
7.615230460921843303e+00 0.000000000000000000e+00 0.000000000000000000e+00 0.000000000000000000e+00
7.635270541082164186e+00 0.000000000000000000e+00 0.000000000000000000e+00 0.000000000000000000e+00
7.655310621242485070e+00 0.000000000000000000e+00 0.000000000000000000e+00 0.000000000000000000e+00
7.675350701402805065e+00 0.000000000000000000e+00 0.000000000000000000e+00 0.000000000000000000e+00
7.695390781563125948e+00 0.000000000000000000e+00 0.000000000000000000e+00 0.000000000000000000e+00
7.715430861723446831e+00 0.000000000000000000e+00 0.000000000000000000e+00 0.000000000000000000e+00
7.735470941883766827e+00 0.000000000000000000e+00 0.000000000000000000e+00 0.000000000000000000e+00
7.755511022044087710e+00 0.000000000000000000e+00 0.000000000000000000e+00 0.000000000000000000e+00
7.775551102204408593e+00 0.000000000000000000e+00 0.000000000000000000e+00 0.000000000000000000e+00
7.795591182364729477e+00 0.000000000000000000e+00 0.000000000000000000e+00 0.000000000000000000e+00
7.815631262525049472e+00 0.000000000000000000e+00 0.000000000000000000e+00 0.000000000000000000e+00
7.835671342685370355e+00 0.000000000000000000e+00 0.000000000000000000e+00 0.000000000000000000e+00
7.855711422845691239e+00 0.000000000000000000e+00 0.000000000000000000e+00 0.000000000000000000e+00
7.875751503006012122e+00 0.000000000000000000e+00 0.000000000000000000e+00 0.000000000000000000e+00
7.895791583166332117e+00 0.000000000000000000e+00 0.000000000000000000e+00 0.000000000000000000e+00
7.915831663326653000e+00 0.000000000000000000e+00 0.000000000000000000e+00 0.000000000000000000e+00
7.935871743486973884e+00 0.000000000000000000e+00 0.000000000000000000e+00 0.000000000000000000e+00
7.955911823647293879e+00 0.000000000000000000e+00 0.000000000000000000e+00 0.000000000000000000e+00
7.975951903807614762e+00 0.000000000000000000e+00 0.000000000000000000e+00 0.000000000000000000e+00
7.995991983967935646e+00 0.000000000000000000e+00 0.000000000000000000e+00 0.000000000000000000e+00
8.016032064128255641e+00 0.000000000000000000e+00 0.000000000000000000e+00 0.000000000000000000e+00
8.036072144288576524e+00 0.000000000000000000e+00 0.000000000000000000e+00 0.000000000000000000e+00
8.056112224448897408e+00 0.000000000000000000e+00 0.000000000000000000e+00 0.000000000000000000e+00
8.076152304609218291e+00 0.000000000000000000e+00 0.000000000000000000e+00 0.000000000000000000e+00
8.096192384769539174e+00 0.000000000000000000e+00 0.000000000000000000e+00 0.000000000000000000e+00
8.116232464929860058e+00 0.000000000000000000e+00 0.000000000000000000e+00 0.000000000000000000e+00
8.136272545090179165e+00 0.000000000000000000e+00 0.000000000000000000e+00 0.000000000000000000e+00
8.156312625250500048e+00 0.000000000000000000e+00 0.000000000000000000e+00 0.000000000000000000e+00
8.176352705410820931e+00 0.000000000000000000e+00 0.000000000000000000e+00 0.000000000000000000e+00
8.196392785571141815e+00 0.000000000000000000e+00 0.000000000000000000e+00 0.000000000000000000e+00
8.216432865731462698e+00 0.000000000000000000e+00 0.000000000000000000e+00 0.000000000000000000e+00
8.236472945891783581e+00 0.000000000000000000e+00 0.000000000000000000e+00 0.000000000000000000e+00
8.256513026052104465e+00 0.000000000000000000e+00 0.000000000000000000e+00 0.000000000000000000e+00
8.276553106212425348e+00 0.000000000000000000e+00 0.000000000000000000e+00 0.000000000000000000e+00
8.296593186372744455e+00 0.000000000000000000e+00 0.000000000000000000e+00 0.000000000000000000e+00
8.316633266533065338e+00 0.000000000000000000e+00 0.000000000000000000e+00 0.000000000000000000e+00
8.336673346693386222e+00 0.000000000000000000e+00 0.000000000000000000e+00 0.000000000000000000e+00
8.356713426853707105e+00 0.000000000000000000e+00 0.000000000000000000e+00 0.000000000000000000e+00
8.376753507014027988e+00 0.000000000000000000e+00 0.000000000000000000e+00 0.000000000000000000e+00
8.396793587174348872e+00 0.000000000000000000e+00 0.000000000000000000e+00 0.000000000000000000e+00
8.416833667334669755e+00 0.000000000000000000e+00 0.000000000000000000e+00 0.000000000000000000e+00
8.436873747494988862e+00 0.000000000000000000e+00 0.000000000000000000e+00 0.000000000000000000e+00
8.456913827655309746e+00 0.000000000000000000e+00 0.000000000000000000e+00 0.000000000000000000e+00
8.476953907815630629e+00 0.000000000000000000e+00 0.000000000000000000e+00 0.000000000000000000e+00
8.496993987975951512e+00 0.000000000000000000e+00 0.000000000000000000e+00 0.000000000000000000e+00
8.517034068136272396e+00 0.000000000000000000e+00 0.000000000000000000e+00 0.000000000000000000e+00
8.537074148296593279e+00 0.000000000000000000e+00 0.000000000000000000e+00 0.000000000000000000e+00
8.557114228456914162e+00 0.000000000000000000e+00 0.000000000000000000e+00 0.000000000000000000e+00
8.577154308617233269e+00 0.000000000000000000e+00 0.000000000000000000e+00 0.000000000000000000e+00
8.597194388777554153e+00 0.000000000000000000e+00 0.000000000000000000e+00 0.000000000000000000e+00
8.617234468937875036e+00 0.000000000000000000e+00 0.000000000000000000e+00 0.000000000000000000e+00
8.637274549098195919e+00 0.000000000000000000e+00 0.000000000000000000e+00 0.000000000000000000e+00
8.657314629258516803e+00 0.000000000000000000e+00 0.000000000000000000e+00 0.000000000000000000e+00
8.677354709418837686e+00 0.000000000000000000e+00 0.000000000000000000e+00 0.000000000000000000e+00
8.697394789579158569e+00 0.000000000000000000e+00 0.000000000000000000e+00 0.000000000000000000e+00
8.717434869739479453e+00 0.000000000000000000e+00 0.000000000000000000e+00 0.000000000000000000e+00
8.737474949899798560e+00 0.000000000000000000e+00 0.000000000000000000e+00 0.000000000000000000e+00
8.757515030060119443e+00 0.000000000000000000e+00 0.000000000000000000e+00 0.000000000000000000e+00
8.777555110220440326e+00 0.000000000000000000e+00 0.000000000000000000e+00 0.000000000000000000e+00
8.797595190380761210e+00 0.000000000000000000e+00 0.000000000000000000e+00 0.000000000000000000e+00
8.817635270541082093e+00 0.000000000000000000e+00 0.000000000000000000e+00 0.000000000000000000e+00
8.837675350701402976e+00 0.000000000000000000e+00 0.000000000000000000e+00 0.000000000000000000e+00
8.857715430861723860e+00 0.000000000000000000e+00 0.000000000000000000e+00 0.000000000000000000e+00
8.877755511022042967e+00 0.000000000000000000e+00 0.000000000000000000e+00 0.000000000000000000e+00
8.897795591182363850e+00 0.000000000000000000e+00 0.000000000000000000e+00 0.000000000000000000e+00
8.917835671342684734e+00 0.000000000000000000e+00 0.000000000000000000e+00 0.000000000000000000e+00
8.937875751503005617e+00 0.000000000000000000e+00 0.000000000000000000e+00 0.000000000000000000e+00
8.957915831663326500e+00 0.000000000000000000e+00 0.000000000000000000e+00 0.000000000000000000e+00
8.977955911823647384e+00 0.000000000000000000e+00 0.000000000000000000e+00 0.000000000000000000e+00
8.997995991983968267e+00 0.000000000000000000e+00 0.000000000000000000e+00 0.000000000000000000e+00
9.018036072144287374e+00 0.000000000000000000e+00 0.000000000000000000e+00 0.000000000000000000e+00
9.038076152304608257e+00 0.000000000000000000e+00 0.000000000000000000e+00 0.000000000000000000e+00
9.058116232464929141e+00 0.000000000000000000e+00 0.000000000000000000e+00 0.000000000000000000e+00
9.078156312625250024e+00 0.000000000000000000e+00 0.000000000000000000e+00 0.000000000000000000e+00
9.098196392785570907e+00 0.000000000000000000e+00 0.000000000000000000e+00 0.000000000000000000e+00
9.118236472945891791e+00 0.000000000000000000e+00 0.000000000000000000e+00 0.000000000000000000e+00
9.138276553106212674e+00 0.000000000000000000e+00 0.000000000000000000e+00 0.000000000000000000e+00
9.158316633266533557e+00 0.000000000000000000e+00 0.000000000000000000e+00 0.000000000000000000e+00
9.178356713426852664e+00 0.000000000000000000e+00 0.000000000000000000e+00 0.000000000000000000e+00
9.198396793587173548e+00 0.000000000000000000e+00 0.000000000000000000e+00 0.000000000000000000e+00
9.218436873747494431e+00 0.000000000000000000e+00 0.000000000000000000e+00 0.000000000000000000e+00
9.238476953907815314e+00 0.000000000000000000e+00 0.000000000000000000e+00 0.000000000000000000e+00
9.258517034068136198e+00 0.000000000000000000e+00 0.000000000000000000e+00 0.000000000000000000e+00
9.278557114228457081e+00 0.000000000000000000e+00 0.000000000000000000e+00 0.000000000000000000e+00
9.298597194388777964e+00 0.000000000000000000e+00 0.000000000000000000e+00 0.000000000000000000e+00
9.318637274549097071e+00 0.000000000000000000e+00 0.000000000000000000e+00 0.000000000000000000e+00
9.338677354709417955e+00 0.000000000000000000e+00 0.000000000000000000e+00 0.000000000000000000e+00
9.358717434869738838e+00 0.000000000000000000e+00 0.000000000000000000e+00 0.000000000000000000e+00
9.378757515030059722e+00 0.000000000000000000e+00 0.000000000000000000e+00 0.000000000000000000e+00
9.398797595190380605e+00 0.000000000000000000e+00 0.000000000000000000e+00 0.000000000000000000e+00
9.418837675350701488e+00 0.000000000000000000e+00 0.000000000000000000e+00 0.000000000000000000e+00
9.438877755511022372e+00 0.000000000000000000e+00 0.000000000000000000e+00 0.000000000000000000e+00
9.458917835671341479e+00 0.000000000000000000e+00 0.000000000000000000e+00 0.000000000000000000e+00
9.478957915831662362e+00 0.000000000000000000e+00 0.000000000000000000e+00 0.000000000000000000e+00
9.498997995991983245e+00 0.000000000000000000e+00 0.000000000000000000e+00 0.000000000000000000e+00
9.519038076152304129e+00 0.000000000000000000e+00 0.000000000000000000e+00 0.000000000000000000e+00
9.539078156312625012e+00 0.000000000000000000e+00 0.000000000000000000e+00 0.000000000000000000e+00
9.559118236472945895e+00 0.000000000000000000e+00 0.000000000000000000e+00 0.000000000000000000e+00
9.579158316633266779e+00 0.000000000000000000e+00 0.000000000000000000e+00 0.000000000000000000e+00
9.599198396793587662e+00 0.000000000000000000e+00 0.000000000000000000e+00 0.000000000000000000e+00
9.619238476953906769e+00 0.000000000000000000e+00 0.000000000000000000e+00 0.000000000000000000e+00
9.639278557114227652e+00 0.000000000000000000e+00 0.000000000000000000e+00 0.000000000000000000e+00
9.659318637274548536e+00 0.000000000000000000e+00 0.000000000000000000e+00 0.000000000000000000e+00
9.679358717434869419e+00 0.000000000000000000e+00 0.000000000000000000e+00 0.000000000000000000e+00
9.699398797595190302e+00 0.000000000000000000e+00 0.000000000000000000e+00 0.000000000000000000e+00
9.719438877755511186e+00 0.000000000000000000e+00 0.000000000000000000e+00 0.000000000000000000e+00
9.739478957915832069e+00 0.000000000000000000e+00 0.000000000000000000e+00 0.000000000000000000e+00
9.759519038076151176e+00 0.000000000000000000e+00 0.000000000000000000e+00 0.000000000000000000e+00
9.779559118236472059e+00 0.000000000000000000e+00 0.000000000000000000e+00 0.000000000000000000e+00
9.799599198396792943e+00 0.000000000000000000e+00 0.000000000000000000e+00 0.000000000000000000e+00
9.819639278557113826e+00 0.000000000000000000e+00 0.000000000000000000e+00 0.000000000000000000e+00
9.839679358717434710e+00 0.000000000000000000e+00 0.000000000000000000e+00 0.000000000000000000e+00
9.859719438877755593e+00 0.000000000000000000e+00 0.000000000000000000e+00 0.000000000000000000e+00
9.879759519038076476e+00 0.000000000000000000e+00 0.000000000000000000e+00 0.000000000000000000e+00
9.899799599198395583e+00 0.000000000000000000e+00 0.000000000000000000e+00 0.000000000000000000e+00
9.919839679358716467e+00 0.000000000000000000e+00 0.000000000000000000e+00 0.000000000000000000e+00
9.939879759519037350e+00 0.000000000000000000e+00 0.000000000000000000e+00 0.000000000000000000e+00
9.959919839679358233e+00 0.000000000000000000e+00 0.000000000000000000e+00 0.000000000000000000e+00
9.979959919839679117e+00 0.000000000000000000e+00 0.000000000000000000e+00 0.000000000000000000e+00
1.000000000000000000e+01 0.000000000000000000e+00 0.000000000000000000e+00 0.000000000000000000e+00
