# Traveling wave profile for m=4, c=1.0
# xi f residual_fo residual_so
-1.000000000000000000e+01 2.514866859365870955e+00 -4.730355975378353062e-05 9.430727140356773286e-02
-9.979959919839679117e+00 2.513605958062385959e+00 -5.553908882793834323e-08 4.715344078056915578e-02
-9.959919839679358233e+00 2.512343156378748610e+00 -5.584693531235362940e-08 -3.909176484739873558e-07
-9.939879759519037350e+00 2.511078447618419585e+00 -5.615710699236053927e-08 -3.931019136871327646e-07
-9.919839679358718243e+00 2.509811825047702172e+00 -5.646965213490506841e-08 -3.952987484012737696e-07
-9.899799599198397360e+00 2.508543281895462940e+00 -5.678456363455985922e-08 -3.974954410068676225e-07
-9.879759519038076476e+00 2.507272811352845299e+00 -5.710187732377303149e-08 -3.997108706244034693e-07
-9.859719438877755593e+00 2.506000406572983952e+00 -5.742160544275343170e-08 -4.019569672664147220e-07
-9.839679358717434710e+00 2.504726060670714460e+00 -5.774379634171378228e-08 -4.042215806521198829e-07
-9.819639278557113826e+00 2.503449766722278813e+00 -5.806845033984320281e-08 -4.064864924657740630e-07
-9.799599198396792943e+00 2.502171517765033659e+00 -5.839559766296353871e-08 -4.087729550406038470e-07
-9.779559118236473836e+00 2.500891306797147440e+00 -5.872526054329085810e-08 -4.110614213459484745e-07
-9.759519038076152952e+00 2.499609126777302404e+00 -5.905744962508840956e-08 -4.133926836402679328e-07
-9.739478957915832069e+00 2.498324970624389074e+00 -5.939222938455834822e-08 -4.157601338761196530e-07
-9.719438877755511186e+00 2.497038831217197608e+00 -5.972960417932604571e-08 -4.181275130576977972e-07
-9.699398797595190302e+00 2.495750701394110482e+00 -6.006960173721154206e-08 -4.204948140795750078e-07
-9.679358717434869419e+00 2.494460573952786309e+00 -6.041222656849587480e-08 -4.228734340472328768e-07
-9.659318637274548536e+00 2.493168441649846301e+00 -6.075751858569677921e-08 -4.253100414075561275e-07
-9.639278557114227652e+00 2.491874297200550981e+00 -6.110553110727501291e-08 -4.277596730162258609e-07
-9.619238476953908545e+00 2.490578133278480877e+00 -6.145625790210385020e-08 -4.301853664401278365e-07
-9.599198396793587662e+00 2.489279942515209676e+00 -6.180971427738324309e-08 -4.326766855911046150e-07
-9.579158316633266779e+00 2.487979717499973376e+00 -6.216598773256531985e-08 -4.351802829205553280e-07
-9.559118236472945895e+00 2.486677450779340326e+00 -6.252503831349898178e-08 -4.376597146915628400e-07
-9.539078156312625012e+00 2.485373134856874611e+00 -6.288691595246476140e-08 -4.402069464504165808e-07
-9.519038076152304129e+00 2.484066762192796318e+00 -6.325167736798142926e-08 -4.427803119710915780e-07
-9.498997995991983245e+00 2.482758325203639593e+00 -6.361932942955395021e-08 -4.453436233120555698e-07
-9.478957915831664138e+00 2.481447816261907136e+00 -6.398989126077392342e-08 -4.479227513343175815e-07
-9.458917835671343255e+00 2.480135227695720257e+00 -6.436339730631068790e-08 -4.505404049837125058e-07
-9.438877755511022372e+00 2.478820551788466275e+00 -6.473989122568468702e-08 -4.531921575789965573e-07
-9.418837675350701488e+00 2.477503780778441911e+00 -6.511940341125121989e-08 -4.558493031936450279e-07
-9.398797595190380605e+00 2.476184906858493129e+00 -6.550194758814242846e-08 -4.585083743791074085e-07
-9.378757515030059722e+00 2.474863922175652320e+00 -6.588755084580011356e-08 -4.612065325204639521e-07
-9.358717434869738838e+00 2.473540818830769705e+00 -6.627626698840760611e-08 -4.639504425085760886e-07
-9.338677354709417955e+00 2.472215588878142523e+00 -6.666813093247903055e-08 -4.666926329832676856e-07
-9.318637274549098848e+00 2.470888224325140214e+00 -6.706314623072806569e-08 -4.694268298521819816e-07
-9.298597194388777964e+00 2.469558717131826953e+00 -6.746134144364202001e-08 -4.722290398717632343e-07
-9.278557114228457081e+00 2.468227059210576169e+00 -6.786280241921627265e-08 -4.750616824367170921e-07
-9.258517034068136198e+00 2.466893242425686417e+00 -6.826751790256491148e-08 -4.778816773409744201e-07
-9.238476953907815314e+00 2.465557258592990131e+00 -6.867552788947239861e-08 -4.807409794693739968e-07
-9.218436873747494431e+00 2.464219099479458386e+00 -6.908687773254928999e-08 -4.836173772559959616e-07
-9.198396793587175324e+00 2.462878756802803881e+00 -6.950158398799644033e-08 -4.865018894406603067e-07
-9.178356713426854441e+00 2.461536222231075932e+00 -6.991968273806214995e-08 -4.894328995419527928e-07
-9.158316633266533557e+00 2.460191487382255460e+00 -7.034123304661132892e-08 -4.924001544281964016e-07
-9.138276553106212674e+00 2.458844543823842432e+00 -7.076626047652911922e-08 -4.953725962764110591e-07
-9.118236472945891791e+00 2.457495383072441530e+00 -7.119479075723411654e-08 -4.983648409506713506e-07
-9.098196392785570907e+00 2.456143996593341150e+00 -7.162686606332346884e-08 -5.013866299918845471e-07
-9.078156312625250024e+00 2.454790375800090629e+00 -7.206252342073504735e-08 -5.044441380164244038e-07
-9.058116232464929141e+00 2.453434512054069927e+00 -7.250181253970477968e-08 -5.075350060224081972e-07
-9.038076152304610034e+00 2.452076396664057967e+00 -7.294476855879139521e-08 -5.106239839847148687e-07
-9.018036072144289150e+00 2.450716020885793434e+00 -7.339140278839195730e-08 -5.137339300631538208e-07
-8.997995991983968267e+00 2.449353375921534681e+00 -7.384177634628397158e-08 -5.168888819184758177e-07
-8.977955911823647384e+00 2.447988452919608982e+00 -7.429592792373984622e-08 -5.200831552087947784e-07
-8.957915831663326500e+00 2.446621242973965327e+00 -7.475391310129975153e-08 -5.232952986489181058e-07
-8.937875751503005617e+00 2.445251737123713021e+00 -7.521574742208603226e-08 -5.265080531557941868e-07
-8.917835671342684734e+00 2.443879926352665155e+00 -7.568146782876983281e-08 -5.297724570141326694e-07
-8.897795591182365627e+00 2.442505801588867875e+00 -7.615114769321529309e-08 -5.330686079219049134e-07
-8.877755511022044743e+00 2.441129353704131422e+00 -7.662480246140024320e-08 -5.363827568771739607e-07
-8.857715430861723860e+00 2.439750573513552734e+00 -7.710249085024489801e-08 -5.397329516654281178e-07
-8.837675350701402976e+00 2.438369451775034946e+00 -7.758424935833119207e-08 -5.430998868405367830e-07
-8.817635270541082093e+00 2.436985979188799334e+00 -7.807011566385302359e-08 -5.464777430574940809e-07
-8.797595190380761210e+00 2.435600146396894150e+00 -7.856012036733250881e-08 -5.499178428181039635e-07
-8.777555110220440326e+00 2.434211943982697246e+00 -7.905436032185075845e-08 -5.533975340199503989e-07
-8.757515030060119443e+00 2.432821362470411586e+00 -7.955284118954519812e-08 -5.568704608549523982e-07
-8.737474949899800336e+00 2.431428392324560761e+00 -8.005560792057053732e-08 -5.604034143402714108e-07
-8.717434869739479453e+00 2.430033023949471183e+00 -8.056274324041989843e-08 -5.639644058419435169e-07
-8.697394789579158569e+00 2.428635247688754717e+00 -8.107425633618881022e-08 -5.675222709555782785e-07
-8.677354709418837686e+00 2.427235053824784661e+00 -8.159019501685627063e-08 -5.711201964686551946e-07
-8.657314629258516803e+00 2.425832432578162390e+00 -8.211061885976533858e-08 -5.747759672658503405e-07
-8.637274549098195919e+00 2.424427374107182676e+00 -8.263559728161062878e-08 -5.784695673582973541e-07
-8.617234468937875036e+00 2.423019868507289232e+00 -8.316516775241922232e-08 -5.821673880745947827e-07
-8.597194388777555929e+00 2.421609905810528929e+00 -8.369936158048041364e-08 -5.858947247361356858e-07
-8.577154308617235046e+00 2.420197475984994462e+00 -8.423824647552091704e-08 -5.896792814041873498e-07
-8.557114228456914162e+00 2.418782568934263910e+00 -8.478188702476519012e-08 -5.934776936555863358e-07
-8.537074148296593279e+00 2.417365174496835856e+00 -8.533030126933738302e-08 -5.973140346782201959e-07
-8.517034068136272396e+00 2.415945282445553399e+00 -8.588358300920528876e-08 -6.012056203985594038e-07
-8.496993987975951512e+00 2.414522882487025068e+00 -8.644177158789734250e-08 -6.051014338481763843e-07
-8.476953907815630629e+00 2.413097964261039508e+00 -8.700490186641651746e-08 -6.090256690072237689e-07
-8.456913827655309746e+00 2.411670517339971731e+00 -8.757304260920140138e-08 -6.130272822701954283e-07
-8.436873747494990639e+00 2.410240531228183158e+00 -8.814628771336430191e-08 -6.170465383092960110e-07
-8.416833667334669755e+00 2.408807995361415433e+00 -8.872463630460458717e-08 -6.210694678543404734e-07
-8.396793587174348872e+00 2.407372899106178910e+00 -8.930816675079000788e-08 -6.251614408370187448e-07
-8.376753507014027988e+00 2.405935231759130044e+00 -8.989695686467680247e-08 -6.292913852234960359e-07
-8.356713426853707105e+00 2.404494982546444781e+00 -9.049104930658469215e-08 -6.334379278882806830e-07
-8.336673346693386222e+00 2.403052140623185728e+00 -9.109049743660779797e-08 -6.376340451197393122e-07
-8.316633266533067115e+00 2.401606695072658670e+00 -9.169538453535075462e-08 -6.418813427444547415e-07
-8.296593186372746231e+00 2.400158634905763755e+00 -9.230576716867666676e-08 -6.461539356905632303e-07
-8.276553106212425348e+00 2.398707949060340461e+00 -9.292169868280186762e-08 -6.504664682438487944e-07
-8.256513026052104465e+00 2.397254626400502353e+00 -9.354325446186972925e-08 -6.548121689320396399e-07
-8.236472945891783581e+00 2.395798655715965619e+00 -9.417048085769152976e-08 -6.592010066697184811e-07
-8.216432865731462698e+00 2.394340025721370502e+00 -9.480346668810923916e-08 -6.636390921244128549e-07
-8.196392785571141815e+00 2.392878725055591627e+00 -9.544226693691815200e-08 -6.681078588144373498e-07
-8.176352705410820931e+00 2.391414742281046557e+00 -9.608694918894489234e-08 -6.726075625351768394e-07
-8.156312625250501824e+00 2.389948065882988804e+00 -9.673756994066362580e-08 -6.771647704795213940e-07
-8.136272545090180941e+00 2.388478684268797725e+00 -9.739423069421437873e-08 -6.817653357416020299e-07
-8.116232464929860058e+00 2.387006585767258660e+00 -9.805697191722639872e-08 -6.864081356638962461e-07
-8.096192384769539174e+00 2.385531758627834620e+00 -9.872589538939546827e-08 -6.911072176762900199e-07
-8.076152304609218291e+00 2.384054191019927771e+00 -9.940106014683092184e-08 -6.958184215477558610e-07
-8.056112224448897408e+00 2.382573871032136914e+00 -1.000825147756678746e-07 -7.005786741842712217e-07
-8.036072144288576524e+00 2.381090786671499870e+00 -1.007703655242497831e-07 -7.054037780562794069e-07
-8.016032064128257417e+00 2.379604925862731424e+00 -1.014646820868270183e-07 -7.102612897824656102e-07
-7.995991983967936534e+00 2.378116276447451050e+00 -1.021655318816927505e-07 -7.151740106792203733e-07
-7.975951903807615651e+00 2.376624826183399986e+00 -1.028730146623857422e-07 -7.201297265169159800e-07
-7.955911823647294767e+00 2.375130562743651641e+00 -1.035871840943114464e-07 -7.251159956922492711e-07
-7.935871743486973884e+00 2.373633473715810904e+00 -1.043081258450540005e-07 -7.301598188291791303e-07
-7.915831663326653000e+00 2.372133546601202791e+00 -1.050359290932778578e-07 -7.352655444492484094e-07
-7.895791583166332117e+00 2.370630768814053546e+00 -1.057706868201613304e-07 -7.404042250414022419e-07
-7.875751503006012122e+00 2.369125127680660636e+00 -1.065124531907102323e-07 -7.455916630760839325e-07
-7.855711422845692127e+00 2.367616610438553426e+00 -1.072613429603519464e-07 -7.508487698260069010e-07
-7.835671342685371243e+00 2.366105204235641413e+00 -1.080174386047794144e-07 -7.561451411675079726e-07
-7.815631262525050360e+00 2.364590896129356246e+00 -1.087808179645044504e-07 -7.614766772690018115e-07
-7.795591182364729477e+00 2.363073673085779536e+00 -1.095515599486285296e-07 -7.668640762403811095e-07
-7.775551102204408593e+00 2.361553521978761783e+00 -1.103297707361061697e-07 -7.723184083374690090e-07
-7.755511022044087710e+00 2.360030429589029755e+00 -1.111155452926393394e-07 -7.778341100106445083e-07
-7.735470941883767715e+00 2.358504382603283211e+00 -1.119089847040344310e-07 -7.833659481093491195e-07
-7.715430861723446831e+00 2.356975367613281414e+00 -1.127101272729857939e-07 -7.889695083918013552e-07
-7.695390781563126836e+00 2.355443371114916751e+00 -1.135191480677866238e-07 -7.946619575704971794e-07
-7.675350701402805953e+00 2.353908379507276827e+00 -1.143361096078709949e-07 -8.003706497561324795e-07
-7.655310621242485070e+00 2.352370379091697217e+00 -1.151610947158765441e-07 -8.061332579245572560e-07
-7.635270541082164186e+00 2.350829356070800902e+00 -1.159942168149630248e-07 -8.119578609466771013e-07
-7.615230460921843303e+00 2.349285296547524382e+00 -1.168355713426771914e-07 -8.178581012430186092e-07
-7.595190380761523308e+00 2.347738186524134019e+00 -1.176852919698712086e-07 -8.238232354074170871e-07
-7.575150300601202424e+00 2.346188011901227721e+00 -1.185434622408276795e-07 -8.298309381871149526e-07
-7.555110220440882429e+00 2.344634758476727310e+00 -1.194101886536902413e-07 -8.358814795883517945e-07
-7.535070140280561546e+00 2.343078411944854889e+00 -1.202855571119654243e-07 -8.420039208090202010e-07
-7.515030060120240663e+00 2.341518957895098119e+00 -1.211697148728596574e-07 -8.482088986738745007e-07
-7.494989979959919779e+00 2.339956381811159947e+00 -1.220627644932248401e-07 -8.544527290155201626e-07
-7.474949899799598896e+00 2.338390669069900341e+00 -1.229647974276826261e-07 -8.607500063817496994e-07
-7.454909819639278012e+00 2.336821804940258041e+00 -1.238759379657006221e-07 -8.671412174976467213e-07
-7.434869739478958017e+00 2.335249774582163429e+00 -1.247963343636859790e-07 -8.736081937854578428e-07
-7.414829659318638022e+00 2.333674563045433192e+00 -1.257260892201239599e-07 -8.801009201420129102e-07
-7.394789579158317139e+00 2.332096155268656101e+00 -1.266652859405192899e-07 -8.866633933735101891e-07
-7.374749498997996255e+00 2.330514536078060139e+00 -1.276140889072685525e-07 -8.933214914463860623e-07
-7.354709418837675372e+00 2.328929690186365420e+00 -1.285726192318259464e-07 -9.000246876667006291e-07
-7.334669338677354489e+00 2.327341602191625114e+00 -1.295409755713849975e-07 -9.067965436315716943e-07
-7.314629258517033605e+00 2.325750256576047725e+00 -1.305193138012583631e-07 -9.136542260534952220e-07
-7.294589178356713610e+00 2.324155637704806487e+00 -1.315077587243917989e-07 -9.205649433852158836e-07
-7.274549098196392727e+00 2.322557729824832329e+00 -1.325064242496676314e-07 -9.275679602183117822e-07
-7.254509018036072732e+00 2.320956517063590407e+00 -1.335154921344727796e-07 -9.346273159849260992e-07
-7.234468937875751848e+00 2.319351983427842434e+00 -1.345350295195446577e-07 -9.417522264243416430e-07
-7.214428857715430965e+00 2.317744112802391232e+00 -1.355652340662150124e-07 -9.489834482678816130e-07
-7.194388777555110082e+00 2.316132888948807089e+00 -1.366062322427641362e-07 -9.562509646343642089e-07
-7.174348697394789198e+00 2.314518295504143008e+00 -1.376581277856558927e-07 -9.636208133656509744e-07
-7.154308617234469203e+00 2.312900315979625532e+00 -1.387211422537726335e-07 -9.710707615795399761e-07
-7.134268537074148320e+00 2.311278933759332244e+00 -1.397953514753469406e-07 -9.785773826820332033e-07
-7.114228456913828325e+00 2.309654132098853285e+00 -1.408809478242734059e-07 -9.861922762866015546e-07
-7.094188376753507441e+00 2.308025894123929778e+00 -1.419780826517058614e-07 -9.938737335346559121e-07
-7.074148296593186558e+00 2.306394202829078033e+00 -1.430868933199880288e-07 -1.001623218144231942e-06
-7.054108216432865675e+00 2.304759041076195114e+00 -1.442075365787331975e-07 -1.009468171275784698e-06
-7.034068136272544791e+00 2.303120391593142635e+00 -1.453401921175379030e-07 -1.017395035773915879e-06
-7.014028056112223908e+00 2.301478236972314129e+00 -1.464850011151375142e-07 -1.025407456722859934e-06
-6.993987975951903913e+00 2.299832559669182430e+00 -1.476421523094462174e-07 -1.033528540972383780e-06
-6.973947895791583917e+00 2.298183342000825746e+00 -1.488118237247260112e-07 -1.041713446170433599e-06
-6.953907815631263034e+00 2.296530566144435070e+00 -1.499941437443919057e-07 -1.049970315136761201e-06
-6.933867735470942151e+00 2.294874214135802504e+00 -1.511893058248059418e-07 -1.058340913573374564e-06
-6.913827655310621267e+00 2.293214267867784262e+00 -1.523975024231294384e-07 -1.066802546745293512e-06
-6.893787575150300384e+00 2.291550709088747251e+00 -1.536188985046260669e-07 -1.075352408008711791e-06
-6.873747494989979501e+00 2.289883519400992107e+00 -1.548536866929905997e-07 -1.084002072104794934e-06
-6.853707414829659506e+00 2.288212680259153142e+00 -1.561020529783352373e-07 -1.092737541341648466e-06
-6.833667334669338622e+00 2.286538172968579641e+00 -1.573641739277542584e-07 -1.101576422968264524e-06
-6.813627254509018627e+00 2.284859978683689619e+00 -1.586402656739149819e-07 -1.110507831469931261e-06
-6.793587174348697744e+00 2.283178078406306266e+00 -1.599304932792255940e-07 -1.119528739934594341e-06
-6.773547094188376860e+00 2.281492452983965080e+00 -1.612350730706424429e-07 -1.128655817694834695e-06
-6.753507014028055977e+00 2.279803083108203676e+00 -1.625541991984169599e-07 -1.137902110315280879e-06
-6.733466933867735094e+00 2.278109949312819626e+00 -1.638881123727786715e-07 -1.147249790278692672e-06
-6.713426853707415098e+00 2.276413031972111867e+00 -1.652369851501411802e-07 -1.156674485969233501e-06
-6.693386773547094215e+00 2.274712311299091905e+00 -1.666010269463225058e-07 -1.166235186644826172e-06
-6.673346693386774220e+00 2.273007767343669272e+00 -1.679805033405479264e-07 -1.175892677451884083e-06
-6.653306613226453337e+00 2.271299379990815659e+00 -1.693755702775190386e-07 -1.185645892576303595e-06
-6.633266533066132453e+00 2.269587128958697519e+00 -1.707864971806083432e-07 -1.195534579778723128e-06
-6.613226452905811570e+00 2.267870993796785140e+00 -1.722135049286865893e-07 -1.205518309177477931e-06
-6.593186372745490686e+00 2.266150953883933283e+00 -1.736568076421418638e-07 -1.215624166661655181e-06
-6.573146292585170691e+00 2.264426988426434306e+00 -1.751166728847231013e-07 -1.225848791364114732e-06
-6.553106212424849808e+00 2.262699076456042402e+00 -1.765933153041743253e-07 -1.236177190833132045e-06
-6.533066132264529813e+00 2.260967196827970760e+00 -1.780869856027322840e-07 -1.246633658524842758e-06
-6.513026052104208929e+00 2.259231328218858081e+00 -1.795979413521386903e-07 -1.257214911731807661e-06
-6.492985971943888046e+00 2.257491449124704452e+00 -1.811264344342422561e-07 -1.267907137503243575e-06
-6.472945891783567163e+00 2.255747537858780571e+00 -1.826727074882850133e-07 -1.278738608334606397e-06
-6.452905811623246279e+00 2.253999572549501451e+00 -1.842370623145184183e-07 -1.289697863171568315e-06
-6.432865731462925396e+00 2.252247531138272585e+00 -1.858197303528097422e-07 -1.300766484746418428e-06
-6.412825651302605401e+00 2.250491391377302364e+00 -1.874209916014057953e-07 -1.311964823003108904e-06
-6.392785571142284518e+00 2.248731130827382518e+00 -1.890411155391902298e-07 -1.323326955571246799e-06
-6.372745490981964522e+00 2.246966726855633478e+00 -1.906804427270758495e-07 -1.334799939911590627e-06
-6.352705410821643639e+00 2.245198156633220421e+00 -1.923391666491802710e-07 -1.346395002599365398e-06
-6.332665330661322756e+00 2.243425397133031574e+00 -1.940176528048009885e-07 -1.358156723085812700e-06
-6.312625250501001872e+00 2.241648425127320987e+00 -1.957161720050892839e-07 -1.370036578407507477e-06
-6.292585170340680989e+00 2.239867217185319337e+00 -1.974350209710262760e-07 -1.382081784129240987e-06
-6.272545090180360994e+00 2.238081749670804754e+00 -1.991745529617006127e-07 -1.394262866938333900e-06
-6.252505010020040110e+00 2.236291998739638576e+00 -2.009350256737540974e-07 -1.406578661544699571e-06
-6.232464929859720115e+00 2.234497940337265121e+00 -2.027167987361799817e-07 -1.419048530237887462e-06
-6.212424849699399232e+00 2.232699550196168392e+00 -2.045201686479147796e-07 -1.431667463691610465e-06
-6.192384769539078349e+00 2.230896803833295916e+00 -2.063454955791854672e-07 -1.444458732180464722e-06
-6.172344689378757465e+00 2.229089676547436838e+00 -2.081931222142063831e-07 -1.457392563963821885e-06
-6.152304609218436582e+00 2.227278143416564937e+00 -2.100633694351872194e-07 -1.470471623576941056e-06
-6.132264529058116587e+00 2.225462179295137233e+00 -2.119565929853406416e-07 -1.483722073203352920e-06
-6.112224448897795703e+00 2.223641758811351288e+00 -2.138731654277581384e-07 -1.497153583329691173e-06
-6.092184368737475708e+00 2.221816856364358994e+00 -2.158134679297596392e-07 -1.510745299526661256e-06
-6.072144288577154825e+00 2.219987446121439945e+00 -2.177778485462633640e-07 -1.524486442860961688e-06
-6.052104208416833941e+00 2.218153502015125511e+00 -2.197666803538389502e-07 -1.538398194611545478e-06
-6.032064128256513058e+00 2.216314997740283399e+00 -2.217803561632702980e-07 -1.552498169132832118e-06
-6.012024048096192175e+00 2.214471906751149355e+00 -2.238192885195555704e-07 -1.566777399375496316e-06
-5.991983967935872180e+00 2.212624202258318462e+00 -2.258838658897310836e-07 -1.581227451197264600e-06
-5.971943887775551296e+00 2.210771857225684034e+00 -2.279744975852704414e-07 -1.595865825265718740e-06
-5.951903807615230413e+00 2.208914844367329433e+00 -2.300916121800167247e-07 -1.610683796116063604e-06
-5.931863727454910418e+00 2.207053136144371042e+00 -2.322356154743632217e-07 -1.625690231321641477e-06
-5.911823647294589534e+00 2.205186704761747496e+00 -2.344069624932165752e-07 -1.640891085230578028e-06
-5.891783567134268651e+00 2.203315522164960516e+00 -2.366060806724412657e-07 -1.656279827955131623e-06
-5.871743486973947768e+00 2.201439560036760668e+00 -2.388334261194113850e-07 -1.671885463849775988e-06
-5.851703406813627772e+00 2.199558789793780722e+00 -2.410894878457359169e-07 -1.687681070450253173e-06
-5.831663326653306889e+00 2.197673182583112617e+00 -2.433746886243426388e-07 -1.703662242391601467e-06
-5.811623246492986006e+00 2.195782709278832012e+00 -2.456895226571331747e-07 -1.719869011651553592e-06
-5.791583166332665122e+00 2.193887340478459791e+00 -2.480344944433277021e-07 -1.736294798604376410e-06
-5.771543086172345127e+00 2.191987046499371594e+00 -2.504101005856851359e-07 -1.752922806019796553e-06
-5.751503006012024244e+00 2.190081797375143857e+00 -2.528168303178590648e-07 -1.769759869318932033e-06
-5.731462925851703361e+00 2.188171562851841667e+00 -2.552552059581492117e-07 -1.786839668227457878e-06
-5.711422845691383365e+00 2.186256312384243561e+00 -2.577257899316620637e-07 -1.804139131422743958e-06
-5.691382765531062482e+00 2.184336015132003261e+00 -2.602290790909567164e-07 -1.821652155342690094e-06
-5.671342685370741599e+00 2.182410639955748355e+00 -2.627656403159095433e-07 -1.839412433923826029e-06
-5.651302605210420715e+00 2.180480155413113241e+00 -2.653360449550445921e-07 -1.857408712169217324e-06
-5.631262525050100720e+00 2.178544529754701919e+00 -2.679408560996021649e-07 -1.875632911207958387e-06
-5.611222444889779837e+00 2.176603730919989044e+00 -2.705806469299743000e-07 -1.894116820722047123e-06
-5.591182364729458953e+00 2.174657726533143265e+00 -2.732560536733430467e-07 -1.912851296026474301e-06
-5.571142284569138070e+00 2.172706483898786622e+00 -2.759676503150121363e-07 -1.931835534207948513e-06
-5.551102204408818075e+00 2.170749969997677109e+00 -2.787160893330531408e-07 -1.951076377793015126e-06
-5.531062124248497192e+00 2.168788151482317961e+00 -2.815019745500135784e-07 -1.970565342901409167e-06
-5.511022044088176308e+00 2.166820994672492340e+00 -2.843259615248339145e-07 -1.990344699720481003e-06
-5.490981963927856313e+00 2.164848465550719414e+00 -2.871887493510749678e-07 -2.010390318218924222e-06
-5.470941883767535430e+00 2.162870529757631832e+00 -2.900909691350150865e-07 -2.030696769850237615e-06
-5.450901803607214546e+00 2.160887152587274596e+00 -2.930333298095666450e-07 -2.051289030191583151e-06
-5.430861723446893663e+00 2.158898298982317776e+00 -2.960165280119220199e-07 -2.072177103684680333e-06
-5.410821643286573668e+00 2.156903933529190187e+00 -2.990413120879109599e-07 -2.093363647759360902e-06
-5.390781563126252784e+00 2.154904020453121571e+00 -3.021084048898670105e-07 -2.114833193900267361e-06
-5.370741482965931901e+00 2.152898523613103077e+00 -3.052185479773816823e-07 -2.136593032275868609e-06
-5.350701402805611018e+00 2.150887406496754473e+00 -3.083724997576808846e-07 -2.158675783903163392e-06
-5.330661322645291023e+00 2.148870632215100329e+00 -3.115710855150499725e-07 -2.181075572593726974e-06
-5.310621242484970139e+00 2.146848163497252937e+00 -3.148150762993795482e-07 -2.203769476238903735e-06
-5.290581162324649256e+00 2.144819962685002857e+00 -3.181052783546300944e-07 -2.226806849137119571e-06
-5.270541082164329261e+00 2.142785991727305550e+00 -3.214425804143328236e-07 -2.250181097451786627e-06
-5.250501002004008377e+00 2.140746212174674756e+00 -3.248278016565464554e-07 -2.273872311775448907e-06
-5.230460921843687494e+00 2.138700585173470614e+00 -3.282618191574604438e-07 -2.297905069781336351e-06
-5.210420841683366611e+00 2.136649071460084759e+00 -3.317455252727086190e-07 -2.322301583035368822e-06
-5.190380761523046615e+00 2.134591631355017949e+00 -3.352798671613088644e-07 -2.347044272710263613e-06
-5.170340681362725732e+00 2.132528224756850221e+00 -3.388657314196130699e-07 -2.372134595418629033e-06
-5.150300601202404849e+00 2.130458811136099584e+00 -3.425040968341175329e-07 -2.397611240212427219e-06
-5.130260521042083965e+00 2.128383349528966129e+00 -3.461959543760162461e-07 -2.423465794265666773e-06
-5.110220440881763970e+00 2.126301798530961129e+00 -3.499422971953158878e-07 -2.449680607696791412e-06
-5.090180360721443087e+00 2.124214116290417120e+00 -3.537441127243745598e-07 -2.476286908859037794e-06
-5.070140280561122204e+00 2.122120260501874967e+00 -3.576024871082550405e-07 -2.503314206592222035e-06
-5.050100200400802208e+00 2.120020188399347916e+00 -3.615184989286257533e-07 -2.530733297589904396e-06
-5.030060120240481325e+00 2.117913856749458645e+00 -3.654932107105546280e-07 -2.558539669905712799e-06
-5.010020040080160442e+00 2.115801221844446189e+00 -3.695277262655283224e-07 -2.586777377189264371e-06
-4.989979959919839558e+00 2.113682239495039195e+00 -3.736232312284704093e-07 -2.615469938405112771e-06
-4.969939879759519563e+00 2.111556865023191509e+00 -3.777809134269949354e-07 -2.644573683596718183e-06
-4.949899799599198680e+00 2.109425053254682769e+00 -3.820019085776227286e-07 -2.674106724498415133e-06
-4.929859719438877796e+00 2.107286758511573321e+00 -3.862874792398551804e-07 -2.704109633100415522e-06
-4.909819639278556913e+00 2.105141934604512155e+00 -3.906388826024898009e-07 -2.734578082197458571e-06
-4.889779559118236918e+00 2.102990534824899171e+00 -3.950574136435403005e-07 -2.765514153679760057e-06
-4.869739478957916035e+00 2.100832511936890246e+00 -3.995443757648375893e-07 -2.796916220404455089e-06
-4.849699398797595151e+00 2.098667818169250854e+00 -4.041011034822128423e-07 -2.828815865996148204e-06
-4.829659318637275156e+00 2.096496405207045388e+00 -4.087290093185425022e-07 -2.861222903050020250e-06
-4.809619238476954273e+00 2.094318224183162602e+00 -4.134294937230276190e-07 -2.894121564622764708e-06
-4.789579158316633389e+00 2.092133225669676744e+00 -4.182039833600104117e-07 -2.927536137065089861e-06
-4.769539078156312506e+00 2.089941359669032828e+00 -4.230539771554742146e-07 -2.961504669940495660e-06
-4.749498997995992511e+00 2.087742575605056938e+00 -4.279810310453546762e-07 -2.996000894484041055e-06
-4.729458917835671627e+00 2.085536822313786232e+00 -4.329866398616877277e-07 -3.031026480471155082e-06
-4.709418837675350744e+00 2.083324048034116416e+00 -4.380724153152382172e-07 -3.066628551096073352e-06
-4.689378757515029861e+00 2.081104200398254278e+00 -4.432400055043306253e-07 -3.102813529665127135e-06
-4.669338677354709866e+00 2.078877226421981028e+00 -4.484910917090800808e-07 -3.139576996602500003e-06
-4.649298597194388982e+00 2.076643072494715359e+00 -4.538273697535233353e-07 -3.176928913717347314e-06
-4.629258517034068099e+00 2.074401684369372223e+00 -4.592506009648555931e-07 -3.214892210223752045e-06
-4.609218436873748104e+00 2.072153007152013338e+00 -4.647625908155150753e-07 -3.253474673670098127e-06
-4.589178356713427220e+00 2.069896985291282743e+00 -4.703651797638430665e-07 -3.292699766177520360e-06
-4.569138276553106337e+00 2.067633562567624317e+00 -4.760602884679165925e-07 -3.332577527714875032e-06
-4.549098196392785454e+00 2.065362682082272361e+00 -4.818498454822739419e-07 -3.373100881276513974e-06
-4.529058116232465458e+00 2.063084286246013477e+00 -4.877358239646634175e-07 -3.414298880954902415e-06
-4.509018036072144575e+00 2.060798316767711302e+00 -4.937202860988421094e-07 -3.456196971285407926e-06
-4.488977955911823692e+00 2.058504714642585665e+00 -4.998053334814844817e-07 -3.498795969392176630e-06
-4.468937875751502808e+00 2.056203420140248816e+00 -5.059931047352028699e-07 -3.542119216604078247e-06
-4.448897795591182813e+00 2.053894372792479661e+00 -5.122858302286648069e-07 -3.586173988878726959e-06
-4.428857715430861930e+00 2.051577511380740848e+00 -5.186857436750846873e-07 -3.630970844881176163e-06
-4.408817635270541047e+00 2.049252773923424975e+00 -5.251951805812504759e-07 -3.676542938535476424e-06
-4.388777555110221051e+00 2.046920097662825899e+00 -5.318165334500246644e-07 -3.722895861812958174e-06
-4.368737474949900168e+00 2.044579419051825386e+00 -5.385522369866224679e-07 -3.770048195406161540e-06
-4.348697394789579285e+00 2.042230673740291103e+00 -5.454048152830903717e-07 -3.818017958678865398e-06
-4.328657314629258401e+00 2.039873796561174846e+00 -5.523768363130399095e-07 -3.866829558774043107e-06
-4.308617234468938406e+00 2.037508721516306576e+00 -5.594709753115045814e-07 -3.916494364375466830e-06
-4.288577154308617523e+00 2.035135381761869589e+00 -5.666899244166634375e-07 -3.967026572126997053e-06
-4.268537074148296639e+00 2.032753709593559499e+00 -5.740364928535912625e-07 -4.018459463850376778e-06
-4.248496993987975756e+00 2.030363636431405272e+00 -5.815135545317318133e-07 -4.070809708878186939e-06
-4.228456913827655761e+00 2.027965092804253633e+00 -5.891240655586660324e-07 -4.124088015089455439e-06
-4.208416833667334878e+00 2.025558008333900428e+00 -5.968710360265694348e-07 -4.178308671498598414e-06
-4.188376753507013994e+00 2.023142311718867159e+00 -6.047575702022855992e-07 -4.233518495766475098e-06
-4.168336673346693999e+00 2.020717930717802258e+00 -6.127869077859893210e-07 -4.289740495266869402e-06
-4.148296593186373116e+00 2.018284792132505778e+00 -6.209623305136746652e-07 -4.346976226088372641e-06
-4.128256513026052232e+00 2.015842821790565065e+00 -6.292872083701883668e-07 -4.405249441674641275e-06
-4.108216432865731349e+00 2.013391944527586741e+00 -6.377650104277821086e-07 -4.464598490017124277e-06
-4.088176352705411354e+00 2.010932084169017919e+00 -6.463993341560003714e-07 -4.525042214709174004e-06
-4.068136272545090470e+00 2.008463163511540639e+00 -6.551938337012730429e-07 -4.586611936474582762e-06
-4.048096192384769587e+00 2.005985104304035538e+00 -6.641523274536487165e-07 -4.649332211670298420e-06
-4.028056112224448704e+00 2.003497827228089889e+00 -6.732786783369970607e-07 -4.713221514407450741e-06
-4.008016032064128709e+00 2.001001251878052223e+00 -6.825769044843665867e-07 -4.778316395004367223e-06
-3.987975951903807825e+00 1.998495296740603333e+00 -6.920511183283739598e-07 -4.844636663392520859e-06
-3.967935871743486942e+00 1.995979879173847449e+00 -7.017055516644887803e-07 -4.912229101705634093e-06
-3.947895791583166947e+00 1.993454915385895143e+00 -7.115446045702356059e-07 -4.981112070367998967e-06
-3.927855711422846063e+00 1.990920320412929767e+00 -7.215727309550779012e-07 -5.051307795156390057e-06
-3.907815631262525180e+00 1.988376008096744085e+00 -7.317945692197902474e-07 -5.122867328566371725e-06
-3.887775551102204297e+00 1.985821891061725131e+00 -7.422148914082438154e-07 -5.195828769899435429e-06
-3.867735470941884302e+00 1.983257880691276398e+00 -7.528386289090693850e-07 -5.270202088070163882e-06
-3.847695390781563418e+00 1.980683887103658281e+00 -7.636707811398135703e-07 -5.346026526353853114e-06
-3.827655310621242535e+00 1.978099819127229875e+00 -7.747165897686869585e-07 -5.423357201550516038e-06
-3.807615230460921651e+00 1.975505584275073057e+00 -7.859814135924292344e-07 -5.502221497977188847e-06
-3.787575150300601656e+00 1.972901088718981732e+00 -7.974707904589983798e-07 -5.582657074398866826e-06
-3.767535070140280773e+00 1.970286237262794948e+00 -8.091904102058844472e-07 -5.664700609031569911e-06
-3.747494989979959890e+00 1.967660933315056537e+00 -8.211461481610893287e-07 -5.748403410166247340e-06
-3.727454909819639894e+00 1.965025078860978214e+00 -8.333440796870483780e-07 -5.833799406218531658e-06
-3.707414829659319011e+00 1.962378574433683243e+00 -8.457904292213935804e-07 -5.920932068192996667e-06
-3.687374749498998128e+00 1.959721319084714253e+00 -8.584916568465938980e-07 -6.009847993482253514e-06
-3.667334669338677244e+00 1.957053210353774109e+00 -8.714543901777727086e-07 -6.100602817582512216e-06
-3.647294589178357249e+00 1.954374144237682964e+00 -8.846855289457167260e-07 -6.193232827911288041e-06
-3.627254509018036366e+00 1.951684015158519969e+00 -8.981920984196811730e-07 -6.287785531355893909e-06
-3.607214428857715482e+00 1.948982715930931642e+00 -9.119814390612379640e-07 -6.384328187891696871e-06
-3.587174348697395487e+00 1.946270137728571825e+00 -9.260610832895199707e-07 -6.482895678061595390e-06
-3.567134268537074604e+00 1.943546170049650357e+00 -9.404388026101884179e-07 -6.583550195671250549e-06
-3.547094188376753721e+00 1.940810700681561807e+00 -9.551226497761522438e-07 -6.686351902374099154e-06
-3.527054108216432837e+00 1.938063615664561201e+00 -9.701209251200548778e-07 -6.791354728363785398e-06
-3.507014028056112842e+00 1.935304799254458086e+00 -9.854422078348079594e-07 -6.898612895156475133e-06
-3.486973947895791959e+00 1.932534133884295624e+00 -1.001095340597002448e-06 -7.008197648872283025e-06
-3.466933867735471075e+00 1.929751500124981645e+00 -1.017089509808277725e-06 -7.120175609998113941e-06
-3.446893787575150192e+00 1.926956776644835223e+00 -1.033434169045444051e-06 -7.234606485440053802e-06
-3.426853707414830197e+00 1.924149840168016157e+00 -1.050139113695225390e-06 -7.351557584911461163e-06
-3.406813627254509314e+00 1.921330565431793147e+00 -1.067214446287545471e-06 -7.471090931687740522e-06
-3.386773547094188430e+00 1.918498825142620268e+00 -1.084670614825977708e-06 -7.593305923592197360e-06
-3.366733466933868435e+00 1.915654489930971538e+00 -1.102518504936256249e-06 -7.718265798928314325e-06
-3.346693386773547552e+00 1.912797428304897851e+00 -1.120769262313858761e-06 -7.846032758607179858e-06
-3.326653306613226668e+00 1.909927506602261182e+00 -1.139434489233481784e-06 -7.976708879198213253e-06
-3.306613226452905785e+00 1.907044588941595675e+00 -1.158526189343200841e-06 -8.110370380620679498e-06
-3.286573146292585790e+00 1.904148537171553190e+00 -1.178056770717583746e-06 -8.247105775183172227e-06
-3.266533066132264906e+00 1.901239210818880476e+00 -1.198039105143600125e-06 -8.387006076304714952e-06
-3.246492985971944023e+00 1.898316467034877331e+00 -1.218486502724269727e-06 -8.530156215158513078e-06
-3.226452905811623140e+00 1.895380160540280468e+00 -1.239412746850687697e-06 -8.676659341233516898e-06
-3.206412825651303145e+00 1.892430143568518019e+00 -1.260832144411860867e-06 -8.826618113744189031e-06
-3.186372745490982261e+00 1.889466265807274503e+00 -1.282759505033537195e-06 -8.980136740888156055e-06
-3.166332665330661378e+00 1.886488374338307183e+00 -1.305210199226136680e-06 -9.137318976115693658e-06
-3.146292585170341383e+00 1.883496313575448333e+00 -1.328200132405532585e-06 -9.298271059776652692e-06
-3.126252505010020499e+00 1.880489925200726553e+00 -1.351745814143212598e-06 -9.463116938945859147e-06
-3.106212424849699616e+00 1.877469048098538984e+00 -1.375864382313629619e-06 -9.631976105595185800e-06
-3.086172344689378733e+00 1.874433518287801581e+00 -1.400573604315447085e-06 -9.804971199400824844e-06
-3.066132264529058737e+00 1.871383168852000400e+00 -1.425891927170352957e-06 -9.982226579552389012e-06
-3.046092184368737854e+00 1.868317829867066626e+00 -1.451838475996503064e-06 -1.016388326036121725e-05
-3.026052104208416971e+00 1.865237328326992294e+00 -1.478433155538416699e-06 -1.035008124716796374e-05
-3.006012024048096087e+00 1.862141488067099449e+00 -1.505696593184779886e-06 -1.054095773156404903e-05
-2.985971943887776092e+00 1.859030129684874577e+00 -1.533650237250938630e-06 -1.073666787476668105e-05
-2.965931863727455209e+00 1.855903070458270188e+00 -1.562316371050975761e-06 -1.093736771906606009e-05
-2.945891783567134325e+00 1.852760124261381591e+00 -1.591718157889498997e-06 -1.114321717921029631e-05
-2.925851703406814330e+00 1.849601101477388765e+00 -1.621879667818015847e-06 -1.135438841259883702e-05
-2.905811623246493447e+00 1.846425808908659150e+00 -1.652825954601144787e-06 -1.157105230475963253e-05
-2.885771543086172564e+00 1.843234049683898812e+00 -1.684583039257558923e-06 -1.179339232493248346e-05
-2.865731462925851680e+00 1.840025623162231838e+00 -1.717178039040145876e-06 -1.202160494528925483e-05
-2.845691382765531685e+00 1.836800324834084952e+00 -1.750639155806421599e-06 -1.225587749331680243e-05
-2.825651302605210802e+00 1.833557946218749235e+00 -1.784995732806438085e-06 -1.249641822198555019e-05
-2.805611222444889918e+00 1.830298274758479282e+00 -1.820278351633008995e-06 -1.274344866430965340e-05
-2.785571142284569035e+00 1.827021093708992128e+00 -1.856518868054157778e-06 -1.299718528713356136e-05
-2.765531062124249040e+00 1.823726182026211395e+00 -1.893750448372921724e-06 -1.325785898842468669e-05
-2.745490981963928157e+00 1.820413314249104575e+00 -1.932007679950054069e-06 -1.352571884893905008e-05
-2.725450901803607273e+00 1.817082260378445779e+00 -1.971326627187020009e-06 -1.380100813719309372e-05
-2.705410821643287278e+00 1.813732785751332122e+00 -2.011744860863640127e-06 -1.408399559466033679e-05
-2.685370741482966395e+00 1.810364650911272966e+00 -2.053301635024373795e-06 -1.437496059253362546e-05
-2.665330661322645511e+00 1.806977611473661094e+00 -2.096037868548616956e-06 -1.467417948930460625e-05
-2.645290581162324628e+00 1.803571417986424619e+00 -2.139996279099110055e-06 -1.498195946680880297e-05
-2.625250501002004633e+00 1.800145815785651804e+00 -2.185221498085532232e-06 -1.529860944771144204e-05
-2.605210420841683749e+00 1.796700544845963199e+00 -2.231760104332014549e-06 -1.562445265079759338e-05
-2.585170340681362866e+00 1.793235339625403046e+00 -2.279660795134752505e-06 -1.595983757596286523e-05
-2.565130260521041983e+00 1.789749928904601273e+00 -2.328974471527134327e-06 -1.630512217332125147e-05
-2.545090180360721988e+00 1.786244035619949155e+00 -2.379754359516095263e-06 -1.666066712147085127e-05
-2.525050100200401104e+00 1.782717376690515998e+00 -2.432056078666144927e-06 -1.702686299864808461e-05
-2.505010020040080221e+00 1.779169662838424149e+00 -2.485937881269162375e-06 -1.740413470940893603e-05
-2.484969939879760226e+00 1.775600598402373276e+00 -2.541460752181201599e-06 -1.779289816994378270e-05
-2.464929859719439342e+00 1.772009881144002152e+00 -2.598688489729994444e-06 -1.819359547994281456e-05
-2.444889779559118459e+00 1.768397202046749550e+00 -2.657687959067844830e-06 -1.860670062825420246e-05
-2.424849699398797576e+00 1.764762245106857641e+00 -2.718529211159781411e-06 -1.903270544545421217e-05
-2.404809619238477580e+00 1.761104687116146872e+00 -2.781285697722735151e-06 -1.947212205521964279e-05
-2.384769539078156697e+00 1.757424197436163960e+00 -2.846034416636999964e-06 -1.992548903473334576e-05
-2.364729458917835814e+00 1.753720437763286011e+00 -2.912856171544131456e-06 -2.039337371684268874e-05
-2.344689378757514930e+00 1.749993061884339784e+00 -2.981835747317695962e-06 -2.087636953262972384e-05
-2.324649298597194935e+00 1.746241715422265806e+00 -3.053062181096466432e-06 -2.137510025335132013e-05
-2.304609218436874052e+00 1.742466035571332617e+00 -3.126628978805667813e-06 -2.189022118415095974e-05
-2.284569138276553169e+00 1.738665650821382025e+00 -3.202634417553973378e-06 -2.242242545236194928e-05
-2.264529058116233173e+00 1.734840180670541354e+00 -3.281181816722211764e-06 -2.297242728843684745e-05
-2.244488977955912290e+00 1.730989235325821163e+00 -3.362379796811865162e-06 -2.354099035528633976e-05
-2.224448897795591407e+00 1.727112415390972489e+00 -3.446342706908689379e-06 -2.412891758041268986e-05
-2.204408817635270523e+00 1.723209311540938593e+00 -3.533190873039604440e-06 -2.473705433203576831e-05
-2.184368737474950528e+00 1.719279504182202212e+00 -3.623051079204575586e-06 -2.536628565508181055e-05
-2.164328657314629645e+00 1.715322563098277131e+00 -3.716056841324144600e-06 -2.601754572140180244e-05
-2.144288577154308761e+00 1.711338047079556057e+00 -3.812348976617307983e-06 -2.669182549652759917e-05
-2.124248496993987878e+00 1.707325503536664790e+00 -3.912075958595329084e-06 -2.739016047570430601e-05
-2.104208416833667883e+00 1.703284468096430748e+00 -4.015394483164458350e-06 -2.811364748112055167e-05
-2.084168336673347000e+00 1.699214464179503725e+00 -4.122469955292196175e-06 -2.886344760355541439e-05
-2.064128256513026116e+00 1.695115002558618800e+00 -4.233477131382334946e-06 -2.964078993983321197e-05
-2.044088176352706121e+00 1.690985580896408269e+00 -4.348600689402237762e-06 -3.044695825593635163e-05
-2.024048096192385238e+00 1.686825683261612197e+00 -4.468035877808196332e-06 -3.128332814128498285e-05
-2.004008016032064354e+00 1.682634779622449228e+00 -4.591989343882829644e-06 -3.215134905332206472e-05
-1.983967935871744359e+00 1.678412325315830955e+00 -4.720679779662839692e-06 -3.305254239194255206e-05
-1.963927855711423476e+00 1.674157760491009617e+00 -4.854338832488425126e-06 -3.398853974800886135e-05
-1.943887775551102592e+00 1.669870509526157010e+00 -4.993212041864980577e-06 -3.496106138101140459e-05
-1.923847695390781709e+00 1.665549980416259235e+00 -5.137559752843579020e-06 -3.597192618087774463e-05
-1.903807615230460826e+00 1.661195564130603763e+00 -5.287658222635771565e-06 -3.702307694908313351e-05
-1.883767535070139942e+00 1.656806633938013862e+00 -5.443800795201791942e-06 -3.811656264929297322e-05
-1.863727454909820835e+00 1.652382544697844402e+00 -5.606299058852348693e-06 -3.925456901754387218e-05
-1.843687374749499952e+00 1.647922632114617425e+00 -5.775484339776149056e-06 -4.043942000464539888e-05
-1.823647294589179069e+00 1.643426211954013727e+00 -5.951709038165553523e-06 -4.167357904805157887e-05
-1.803607214428858185e+00 1.638892579217769097e+00 -6.135348319835642883e-06 -4.295968061995836251e-05
-1.783567134268537302e+00 1.634321007274837090e+00 -6.326801829048545045e-06 -4.430052328530109662e-05
-1.763527054108216419e+00 1.629710746945982169e+00 -6.526495573061508182e-06 -4.569908939799915970e-05
-1.743486973947895535e+00 1.625061025538746096e+00 -6.734883994080620440e-06 -4.715856881887248164e-05
-1.723446893787574652e+00 1.620371045829494649e+00 -6.952452265562847344e-06 -4.868236030119987845e-05
-1.703406813627255545e+00 1.615639984988987532e+00 -7.179718678029800571e-06 -5.027409193303356005e-05
-1.683366733466934662e+00 1.610866993447636952e+00 -7.417237390477948722e-06 -5.193765170474762272e-05
-1.663326653306613778e+00 1.606051193696306667e+00 -7.665601367334851091e-06 -5.367719461446540663e-05
-1.643286573146292895e+00 1.601191679018163505e+00 -7.925445586670631926e-06 -5.549717135266973855e-05
-1.623246492985972012e+00 1.596287512146724596e+00 -8.197450606983736066e-06 -5.740235104667590349e-05
-1.603206412825651128e+00 1.591337723844839180e+00 -8.482346420368713780e-06 -5.939784827546645829e-05
-1.583166332665330245e+00 1.586341311398890008e+00 -8.780916750605882726e-06 -6.148915859682801965e-05
-1.563126252505011138e+00 1.581297237022017077e+00 -9.094003755483193174e-06 -6.368218684826842946e-05
-1.543086172344690254e+00 1.576204426159620642e+00 -9.422513204238036622e-06 -6.598328195650537964e-05
-1.523046092184369371e+00 1.571061765689815815e+00 -9.767420182993369338e-06 -6.839927739576978638e-05
-1.503006012024048488e+00 1.565868102010841811e+00 -1.012977540559845124e-05 -7.093753800546664934e-05
-1.482965931863727604e+00 1.560622239006721257e+00 -1.051071220148358520e-05 -7.360601153294510368e-05
-1.462925851703406721e+00 1.555322935881658042e+00 -1.091145426285189401e-05 -7.641327986362966840e-05
-1.442885771543085838e+00 1.549968904852777607e+00 -1.133332420610866365e-05 -7.936861268120765089e-05
-1.422845691382766731e+00 1.544558808689840745e+00 -1.177775306382411458e-05 -8.248204163407990563e-05
-1.402805611222445847e+00 1.539091258089463787e+00 -1.224629090934570286e-05 -8.576443899954711014e-05
-1.382765531062124964e+00 1.533564808870184537e+00 -1.274061865258468984e-05 -8.922759150920001048e-05
-1.362725450901804081e+00 1.527977958973351758e+00 -1.326256116773727456e-05 -9.288429743747883549e-05
-1.342685370741483197e+00 1.522329145253331850e+00 -1.381410202605515281e-05 -9.674846599949660231e-05
-1.322645290581162314e+00 1.516616740038843281e+00 -1.439739988490229550e-05 -1.008352351234975686e-04
-1.302605210420841431e+00 1.510839047445366123e+00 -1.501480697391199826e-05 -1.051611063118684797e-04
-1.282565130260520547e+00 1.504994299416469561e+00 -1.566888977438951613e-05 -1.097440793316195595e-04
-1.262525050100201440e+00 1.499080651469561154e+00 -1.636245226949162301e-05 -1.146038207409105780e-04
-1.242484969939880557e+00 1.493096178118906270e+00 -1.709856219239691555e-05 -1.197618548118839499e-04
-1.222444889779559674e+00 1.487038867945810638e+00 -1.788058066198860985e-05 -1.252417639392433557e-04
-1.202404809619238790e+00 1.480906618282482601e+00 -1.871219563170933853e-05 -1.310694190124195302e-04
-1.182364729458917907e+00 1.474697229472322180e+00 -1.959745982860194857e-05 -1.372732554187905407e-04
-1.162324649298597024e+00 1.468408398665080217e+00 -2.054083388980387781e-05 -1.438845768291230343e-04
-1.142284569138276140e+00 1.462037713100466485e+00 -2.154723540881420263e-05 -1.509378937356586903e-04
-1.122244488977957033e+00 1.455582642828251672e+00 -2.262209486564303873e-05 -1.584713213986788105e-04
-1.102204408817636150e+00 1.449040532806596948e+00 -2.377141961823481253e-05 -1.665270255486461792e-04
-1.082164328657315266e+00 1.442408594313155046e+00 -2.500186713416674422e-05 -1.751517375083722072e-04
-1.062124248496994383e+00 1.435683895595224691e+00 -2.632082920284162242e-05 -1.843973531521214682e-04
-1.042084168336673500e+00 1.428863351675806026e+00 -2.773652888127253746e-05 -1.943216111257584089e-04
-1.022044088176352616e+00 1.421943713221509586e+00 -2.925813241805297338e-05 -2.049888763551166448e-04
-1.002004008016031733e+00 1.414921554365741407e+00 -3.089587880000799203e-05 -2.164710577119421941e-04
-9.819639278557126261e-01 1.407793259366077132e+00 -3.266123024847633616e-05 -2.288486643422515954e-04
-9.619238476953917427e-01 1.400555007957927200e+00 -3.456704733689752729e-05 -2.422120415630502066e-04
-9.418837675350708594e-01 1.393202759247049505e+00 -3.662779367996638058e-05 -2.566628108056079327e-04
-9.218436873747499760e-01 1.385732233960647486e+00 -3.885977559942022097e-05 -2.723155569626101169e-04
-9.018036072144290927e-01 1.378138894850136520e+00 -4.128142403203582944e-05 -2.892998194070628415e-04
-8.817635270541082093e-01 1.370417925007330062e+00 -4.391362698358269867e-05 -3.077624275462653713e-04
-8.617234468937873260e-01 1.362564203818934283e+00 -4.678012314446311493e-05 -3.278702848490411270e-04
-8.416833667334664426e-01 1.354572280240646354e+00 -4.990796975479216968e-05 -3.498136711499455487e-04
-8.216432865731473356e-01 1.346436343020450233e+00 -5.332810075092675461e-05 -3.738101673249616397e-04
-8.016032064128264523e-01 1.338150187439131056e+00 -5.707599533411045201e-05 -4.001093876837558128e-04
-7.815631262525055689e-01 1.329707178062417450e+00 -6.119248268282584391e-05 -4.289986629402164908e-04
-7.615230460921846856e-01 1.321100206910737374e+00 -6.572471433774484950e-05 -4.608099014120625725e-04
-7.414829659318638022e-01 1.312321646345977699e+00 -7.072734527929780413e-05 -4.959279466731913999e-04
-7.214428857715429189e-01 1.303363295845426428e+00 -7.626397550480890075e-05 -5.348007696994727667e-04
-7.014028056112220355e-01 1.294216321675759396e+00 -8.240891886240886421e-05 -5.779519851287773236e-04
-6.813627254509029285e-01 1.284871188287379340e+00 -8.924938560983530778e-05 -6.259963076580277175e-04
-6.613226452905820452e-01 1.275317580012438334e+00 -9.688819133368831160e-05 -6.796587463249181837e-04
-6.412825651302611618e-01 1.265544311356585183e+00 -1.054471401218948223e-04 -7.397985921144822896e-04
-6.212424849699402785e-01 1.255539223809210014e+00 -1.150712777442386425e-04 -8.074395977430981475e-04
-6.012024048096193951e-01 1.245289066639240660e+00 -1.259342760923098936e-04 -8.838082223547871763e-04
-5.811623246492985118e-01 1.234779358565913476e+00 -1.382453007326978067e-04 -9.703824524827098230e-04
-5.611222444889776284e-01 1.223994226459804269e+00 -1.522578396075946472e-04 -1.068954630348173396e-03
-5.410821643286585214e-01 1.212916216289081861e+00 -1.682811494970737343e-04 -1.181713007785134550e-03
-5.210420841683376381e-01 1.201526070311593530e+00 -1.866952312653546997e-04 -1.311348572667014878e-03
-5.010020040080167547e-01 1.189802462931366156e+00 -2.079706129102243395e-04 -1.461196376926210405e-03
-4.809619238476958714e-01 1.177721685557458597e+00 -2.326947583901617378e-04 -1.635424501010618314e-03
-4.609218436873749880e-01 1.165257268039030070e+00 -2.616077205765954261e-04 -1.839289612195926793e-03
-4.408817635270541047e-01 1.152379520538097557e+00 -2.956508639755384138e-04 -2.079486910751882078e-03
-4.208416833667332213e-01 1.139054974656409591e+00 -3.360343346968663880e-04 -2.364635835139239362e-03
-4.008016032064123380e-01 1.125245695688650960e+00 -3.843318462516398526e-04 -2.705964180464093261e-03
-3.807615230460932310e-01 1.110908428182180163e+00 -4.426159536244922421e-04 -3.118287358685023491e-03
-3.607214428857723476e-01 1.095993523249686463e+00 -5.136544780207641381e-04 -3.621435233661429720e-03
-3.406813627254514643e-01 1.080443576293637742e+00 -6.012012197470495423e-04 -4.242372338886468697e-03
-3.206412825651305809e-01 1.064191674764483286e+00 -7.104354233636867022e-04 -5.018418071305319472e-03
-3.006012024048096976e-01 1.047159112091581523e+00 -8.486419847567594488e-04 -6.002258736526044913e-03
-2.805611222444888142e-01 1.029252357321292832e+00 -1.026292581577381569e-03 -7.269967003924904247e-03
-2.605210420841679309e-01 1.010358965358900685e+00 -1.258816405639628933e-03 -8.934243038076772336e-03
-2.404809619238488239e-01 9.903419435518302505e-01 -1.569601471759884959e-03 -1.116708125711696198e-02
-2.204408817635279405e-01 9.690318078322814888e-01 -1.995286718352140554e-03 -1.424023583568967410e-02
-2.004008016032070572e-01 9.462150717842597869e-01 -2.595533557896656518e-03 -1.860112517217515915e-02
-1.803607214428861738e-01 9.216170248419499611e-01 -3.472079609773581765e-03 -2.502391162952122272e-02
-1.603206412825652905e-01 8.948749644523008584e-01 -4.808411424215730534e-03 -3.493285982338889539e-02
-1.402805611222444071e-01 8.654946176629103594e-01 -6.959306628522510252e-03 -5.116068022265096715e-02
-1.202404809619235238e-01 8.327749902081290623e-01 -1.067460525084240608e-02 -7.995280696006190624e-02
-1.002004008016044168e-01 7.956688619224220327e-01 -1.773830997593650594e-02 -1.372158972832977497e-01
-8.016032064128353340e-02 7.524971497082371119e-01 -3.316389503667505068e-02 -2.735247822478577007e-01
-6.012024048096265005e-02 7.002775039789654876e-01 -7.515131366787031197e-02 -7.315538818860378711e-01
-4.008016032064176670e-02 6.327721556782943679e-01 -2.492162605448591250e-01 -1.784863154365247340e+01
-2.004008016032088335e-02 5.320958373822430865e-01 -9.149769712829849411e+00 9.968650421794382765e-01
0.000000000000000000e+00 0.000000000000000000e+00 0.000000000000000000e+00 0.000000000000000000e+00
2.004008016032064049e-02 0.000000000000000000e+00 0.000000000000000000e+00 0.000000000000000000e+00
4.008016032064128098e-02 0.000000000000000000e+00 0.000000000000000000e+00 0.000000000000000000e+00
6.012024048096192147e-02 0.000000000000000000e+00 0.000000000000000000e+00 0.000000000000000000e+00
8.016032064128256196e-02 0.000000000000000000e+00 0.000000000000000000e+00 0.000000000000000000e+00
1.002004008016031955e-01 0.000000000000000000e+00 0.000000000000000000e+00 0.000000000000000000e+00
1.202404809619238429e-01 0.000000000000000000e+00 0.000000000000000000e+00 0.000000000000000000e+00
1.402805611222444904e-01 0.000000000000000000e+00 0.000000000000000000e+00 0.000000000000000000e+00
1.603206412825651239e-01 0.000000000000000000e+00 0.000000000000000000e+00 0.000000000000000000e+00
1.803607214428857575e-01 0.000000000000000000e+00 0.000000000000000000e+00 0.000000000000000000e+00
2.004008016032063910e-01 0.000000000000000000e+00 0.000000000000000000e+00 0.000000000000000000e+00
2.204408817635270523e-01 0.000000000000000000e+00 0.000000000000000000e+00 0.000000000000000000e+00
2.404809619238476859e-01 0.000000000000000000e+00 0.000000000000000000e+00 0.000000000000000000e+00
2.605210420841683194e-01 0.000000000000000000e+00 0.000000000000000000e+00 0.000000000000000000e+00
2.805611222444889807e-01 0.000000000000000000e+00 0.000000000000000000e+00 0.000000000000000000e+00
3.006012024048095865e-01 0.000000000000000000e+00 0.000000000000000000e+00 0.000000000000000000e+00
3.206412825651302478e-01 0.000000000000000000e+00 0.000000000000000000e+00 0.000000000000000000e+00
3.406813627254509091e-01 0.000000000000000000e+00 0.000000000000000000e+00 0.000000000000000000e+00
3.607214428857715149e-01 0.000000000000000000e+00 0.000000000000000000e+00 0.000000000000000000e+00
3.807615230460921762e-01 0.000000000000000000e+00 0.000000000000000000e+00 0.000000000000000000e+00
4.008016032064127820e-01 0.000000000000000000e+00 0.000000000000000000e+00 0.000000000000000000e+00
4.208416833667334433e-01 0.000000000000000000e+00 0.000000000000000000e+00 0.000000000000000000e+00
4.408817635270541047e-01 0.000000000000000000e+00 0.000000000000000000e+00 0.000000000000000000e+00
4.609218436873747105e-01 0.000000000000000000e+00 0.000000000000000000e+00 0.000000000000000000e+00
4.809619238476953718e-01 0.000000000000000000e+00 0.000000000000000000e+00 0.000000000000000000e+00
5.010020040080159776e-01 0.000000000000000000e+00 0.000000000000000000e+00 0.000000000000000000e+00
5.210420841683366389e-01 0.000000000000000000e+00 0.000000000000000000e+00 0.000000000000000000e+00
5.410821643286573002e-01 0.000000000000000000e+00 0.000000000000000000e+00 0.000000000000000000e+00
5.611222444889779615e-01 0.000000000000000000e+00 0.000000000000000000e+00 0.000000000000000000e+00
5.811623246492986228e-01 0.000000000000000000e+00 0.000000000000000000e+00 0.000000000000000000e+00
6.012024048096191731e-01 0.000000000000000000e+00 0.000000000000000000e+00 0.000000000000000000e+00
6.212424849699398344e-01 0.000000000000000000e+00 0.000000000000000000e+00 0.000000000000000000e+00
6.412825651302604957e-01 0.000000000000000000e+00 0.000000000000000000e+00 0.000000000000000000e+00
6.613226452905811570e-01 0.000000000000000000e+00 0.000000000000000000e+00 0.000000000000000000e+00
6.813627254509018183e-01 0.000000000000000000e+00 0.000000000000000000e+00 0.000000000000000000e+00
7.014028056112223686e-01 0.000000000000000000e+00 0.000000000000000000e+00 0.000000000000000000e+00
7.214428857715430299e-01 0.000000000000000000e+00 0.000000000000000000e+00 0.000000000000000000e+00
7.414829659318636912e-01 0.000000000000000000e+00 0.000000000000000000e+00 0.000000000000000000e+00
7.615230460921843525e-01 0.000000000000000000e+00 0.000000000000000000e+00 0.000000000000000000e+00
7.815631262525050138e-01 0.000000000000000000e+00 0.000000000000000000e+00 0.000000000000000000e+00
8.016032064128255641e-01 0.000000000000000000e+00 0.000000000000000000e+00 0.000000000000000000e+00
8.216432865731462254e-01 0.000000000000000000e+00 0.000000000000000000e+00 0.000000000000000000e+00
8.416833667334668867e-01 0.000000000000000000e+00 0.000000000000000000e+00 0.000000000000000000e+00
8.617234468937875480e-01 0.000000000000000000e+00 0.000000000000000000e+00 0.000000000000000000e+00
8.817635270541082093e-01 0.000000000000000000e+00 0.000000000000000000e+00 0.000000000000000000e+00
9.018036072144288706e-01 0.000000000000000000e+00 0.000000000000000000e+00 0.000000000000000000e+00
9.218436873747494209e-01 0.000000000000000000e+00 0.000000000000000000e+00 0.000000000000000000e+00
9.418837675350700822e-01 0.000000000000000000e+00 0.000000000000000000e+00 0.000000000000000000e+00
9.619238476953907435e-01 0.000000000000000000e+00 0.000000000000000000e+00 0.000000000000000000e+00
9.819639278557114048e-01 0.000000000000000000e+00 0.000000000000000000e+00 0.000000000000000000e+00
1.002004008016031955e+00 0.000000000000000000e+00 0.000000000000000000e+00 0.000000000000000000e+00
1.022044088176352616e+00 0.000000000000000000e+00 0.000000000000000000e+00 0.000000000000000000e+00
1.042084168336673278e+00 0.000000000000000000e+00 0.000000000000000000e+00 0.000000000000000000e+00
1.062124248496993939e+00 0.000000000000000000e+00 0.000000000000000000e+00 0.000000000000000000e+00
1.082164328657314600e+00 0.000000000000000000e+00 0.000000000000000000e+00 0.000000000000000000e+00
1.102204408817635262e+00 0.000000000000000000e+00 0.000000000000000000e+00 0.000000000000000000e+00
1.122244488977955923e+00 0.000000000000000000e+00 0.000000000000000000e+00 0.000000000000000000e+00
1.142284569138276584e+00 0.000000000000000000e+00 0.000000000000000000e+00 0.000000000000000000e+00
1.162324649298597246e+00 0.000000000000000000e+00 0.000000000000000000e+00 0.000000000000000000e+00
1.182364729458917685e+00 0.000000000000000000e+00 0.000000000000000000e+00 0.000000000000000000e+00
1.202404809619238346e+00 0.000000000000000000e+00 0.000000000000000000e+00 0.000000000000000000e+00
1.222444889779559007e+00 0.000000000000000000e+00 0.000000000000000000e+00 0.000000000000000000e+00
1.242484969939879669e+00 0.000000000000000000e+00 0.000000000000000000e+00 0.000000000000000000e+00
1.262525050100200330e+00 0.000000000000000000e+00 0.000000000000000000e+00 0.000000000000000000e+00
1.282565130260520991e+00 0.000000000000000000e+00 0.000000000000000000e+00 0.000000000000000000e+00
1.302605210420841653e+00 0.000000000000000000e+00 0.000000000000000000e+00 0.000000000000000000e+00
1.322645290581162314e+00 0.000000000000000000e+00 0.000000000000000000e+00 0.000000000000000000e+00
1.342685370741482975e+00 0.000000000000000000e+00 0.000000000000000000e+00 0.000000000000000000e+00
1.362725450901803637e+00 0.000000000000000000e+00 0.000000000000000000e+00 0.000000000000000000e+00
1.382765531062124298e+00 0.000000000000000000e+00 0.000000000000000000e+00 0.000000000000000000e+00
1.402805611222444737e+00 0.000000000000000000e+00 0.000000000000000000e+00 0.000000000000000000e+00
1.422845691382765398e+00 0.000000000000000000e+00 0.000000000000000000e+00 0.000000000000000000e+00
1.442885771543086060e+00 0.000000000000000000e+00 0.000000000000000000e+00 0.000000000000000000e+00
1.462925851703406721e+00 0.000000000000000000e+00 0.000000000000000000e+00 0.000000000000000000e+00
1.482965931863727382e+00 0.000000000000000000e+00 0.000000000000000000e+00 0.000000000000000000e+00
1.503006012024048044e+00 0.000000000000000000e+00 0.000000000000000000e+00 0.000000000000000000e+00
1.523046092184368705e+00 0.000000000000000000e+00 0.000000000000000000e+00 0.000000000000000000e+00
1.543086172344689366e+00 0.000000000000000000e+00 0.000000000000000000e+00 0.000000000000000000e+00
1.563126252505010028e+00 0.000000000000000000e+00 0.000000000000000000e+00 0.000000000000000000e+00
1.583166332665330689e+00 0.000000000000000000e+00 0.000000000000000000e+00 0.000000000000000000e+00
1.603206412825651128e+00 0.000000000000000000e+00 0.000000000000000000e+00 0.000000000000000000e+00
1.623246492985971789e+00 0.000000000000000000e+00 0.000000000000000000e+00 0.000000000000000000e+00
1.643286573146292451e+00 0.000000000000000000e+00 0.000000000000000000e+00 0.000000000000000000e+00
1.663326653306613112e+00 0.000000000000000000e+00 0.000000000000000000e+00 0.000000000000000000e+00
1.683366733466933773e+00 0.000000000000000000e+00 0.000000000000000000e+00 0.000000000000000000e+00
1.703406813627254435e+00 0.000000000000000000e+00 0.000000000000000000e+00 0.000000000000000000e+00
1.723446893787575096e+00 0.000000000000000000e+00 0.000000000000000000e+00 0.000000000000000000e+00
1.743486973947895757e+00 0.000000000000000000e+00 0.000000000000000000e+00 0.000000000000000000e+00
1.763527054108216419e+00 0.000000000000000000e+00 0.000000000000000000e+00 0.000000000000000000e+00
1.783567134268537080e+00 0.000000000000000000e+00 0.000000000000000000e+00 0.000000000000000000e+00
1.803607214428857741e+00 0.000000000000000000e+00 0.000000000000000000e+00 0.000000000000000000e+00
1.823647294589178181e+00 0.000000000000000000e+00 0.000000000000000000e+00 0.000000000000000000e+00
1.843687374749498842e+00 0.000000000000000000e+00 0.000000000000000000e+00 0.000000000000000000e+00
1.863727454909819503e+00 0.000000000000000000e+00 0.000000000000000000e+00 0.000000000000000000e+00
1.883767535070140164e+00 0.000000000000000000e+00 0.000000000000000000e+00 0.000000000000000000e+00
1.903807615230460826e+00 0.000000000000000000e+00 0.000000000000000000e+00 0.000000000000000000e+00
1.923847695390781487e+00 0.000000000000000000e+00 0.000000000000000000e+00 0.000000000000000000e+00
1.943887775551102148e+00 0.000000000000000000e+00 0.000000000000000000e+00 0.000000000000000000e+00
1.963927855711422810e+00 0.000000000000000000e+00 0.000000000000000000e+00 0.000000000000000000e+00
1.983967935871743471e+00 0.000000000000000000e+00 0.000000000000000000e+00 0.000000000000000000e+00
2.004008016032063910e+00 0.000000000000000000e+00 0.000000000000000000e+00 0.000000000000000000e+00
2.024048096192384794e+00 0.000000000000000000e+00 0.000000000000000000e+00 0.000000000000000000e+00
2.044088176352705233e+00 0.000000000000000000e+00 0.000000000000000000e+00 0.000000000000000000e+00
2.064128256513026116e+00 0.000000000000000000e+00 0.000000000000000000e+00 0.000000000000000000e+00
2.084168336673346555e+00 0.000000000000000000e+00 0.000000000000000000e+00 0.000000000000000000e+00
2.104208416833667439e+00 0.000000000000000000e+00 0.000000000000000000e+00 0.000000000000000000e+00
2.124248496993987878e+00 0.000000000000000000e+00 0.000000000000000000e+00 0.000000000000000000e+00
2.144288577154308317e+00 0.000000000000000000e+00 0.000000000000000000e+00 0.000000000000000000e+00
2.164328657314629201e+00 0.000000000000000000e+00 0.000000000000000000e+00 0.000000000000000000e+00
2.184368737474949640e+00 0.000000000000000000e+00 0.000000000000000000e+00 0.000000000000000000e+00
2.204408817635270523e+00 0.000000000000000000e+00 0.000000000000000000e+00 0.000000000000000000e+00
2.224448897795590963e+00 0.000000000000000000e+00 0.000000000000000000e+00 0.000000000000000000e+00
2.244488977955911846e+00 0.000000000000000000e+00 0.000000000000000000e+00 0.000000000000000000e+00
2.264529058116232285e+00 0.000000000000000000e+00 0.000000000000000000e+00 0.000000000000000000e+00
2.284569138276553169e+00 0.000000000000000000e+00 0.000000000000000000e+00 0.000000000000000000e+00
2.304609218436873608e+00 0.000000000000000000e+00 0.000000000000000000e+00 0.000000000000000000e+00
2.324649298597194491e+00 0.000000000000000000e+00 0.000000000000000000e+00 0.000000000000000000e+00
2.344689378757514930e+00 0.000000000000000000e+00 0.000000000000000000e+00 0.000000000000000000e+00
2.364729458917835370e+00 0.000000000000000000e+00 0.000000000000000000e+00 0.000000000000000000e+00
2.384769539078156253e+00 0.000000000000000000e+00 0.000000000000000000e+00 0.000000000000000000e+00
2.404809619238476692e+00 0.000000000000000000e+00 0.000000000000000000e+00 0.000000000000000000e+00
2.424849699398797576e+00 0.000000000000000000e+00 0.000000000000000000e+00 0.000000000000000000e+00
2.444889779559118015e+00 0.000000000000000000e+00 0.000000000000000000e+00 0.000000000000000000e+00
2.464929859719438898e+00 0.000000000000000000e+00 0.000000000000000000e+00 0.000000000000000000e+00
2.484969939879759337e+00 0.000000000000000000e+00 0.000000000000000000e+00 0.000000000000000000e+00
2.505010020040080221e+00 0.000000000000000000e+00 0.000000000000000000e+00 0.000000000000000000e+00
2.525050100200400660e+00 0.000000000000000000e+00 0.000000000000000000e+00 0.000000000000000000e+00
2.545090180360721543e+00 0.000000000000000000e+00 0.000000000000000000e+00 0.000000000000000000e+00
2.565130260521041983e+00 0.000000000000000000e+00 0.000000000000000000e+00 0.000000000000000000e+00
2.585170340681362422e+00 0.000000000000000000e+00 0.000000000000000000e+00 0.000000000000000000e+00
2.605210420841683305e+00 0.000000000000000000e+00 0.000000000000000000e+00 0.000000000000000000e+00
2.625250501002003745e+00 0.000000000000000000e+00 0.000000000000000000e+00 0.000000000000000000e+00
2.645290581162324628e+00 0.000000000000000000e+00 0.000000000000000000e+00 0.000000000000000000e+00
2.665330661322645067e+00 0.000000000000000000e+00 0.000000000000000000e+00 0.000000000000000000e+00
2.685370741482965951e+00 0.000000000000000000e+00 0.000000000000000000e+00 0.000000000000000000e+00
2.705410821643286390e+00 0.000000000000000000e+00 0.000000000000000000e+00 0.000000000000000000e+00
2.725450901803607273e+00 0.000000000000000000e+00 0.000000000000000000e+00 0.000000000000000000e+00
2.745490981963927712e+00 0.000000000000000000e+00 0.000000000000000000e+00 0.000000000000000000e+00
2.765531062124248596e+00 0.000000000000000000e+00 0.000000000000000000e+00 0.000000000000000000e+00
2.785571142284569035e+00 0.000000000000000000e+00 0.000000000000000000e+00 0.000000000000000000e+00
2.805611222444889474e+00 0.000000000000000000e+00 0.000000000000000000e+00 0.000000000000000000e+00
2.825651302605210358e+00 0.000000000000000000e+00 0.000000000000000000e+00 0.000000000000000000e+00
2.845691382765530797e+00 0.000000000000000000e+00 0.000000000000000000e+00 0.000000000000000000e+00
2.865731462925851680e+00 0.000000000000000000e+00 0.000000000000000000e+00 0.000000000000000000e+00
2.885771543086172120e+00 0.000000000000000000e+00 0.000000000000000000e+00 0.000000000000000000e+00
2.905811623246493003e+00 0.000000000000000000e+00 0.000000000000000000e+00 0.000000000000000000e+00
2.925851703406813442e+00 0.000000000000000000e+00 0.000000000000000000e+00 0.000000000000000000e+00
2.945891783567134325e+00 0.000000000000000000e+00 0.000000000000000000e+00 0.000000000000000000e+00
2.965931863727454765e+00 0.000000000000000000e+00 0.000000000000000000e+00 0.000000000000000000e+00
2.985971943887775648e+00 0.000000000000000000e+00 0.000000000000000000e+00 0.000000000000000000e+00
3.006012024048096087e+00 0.000000000000000000e+00 0.000000000000000000e+00 0.000000000000000000e+00
3.026052104208416527e+00 0.000000000000000000e+00 0.000000000000000000e+00 0.000000000000000000e+00
3.046092184368737410e+00 0.000000000000000000e+00 0.000000000000000000e+00 0.000000000000000000e+00
3.066132264529057849e+00 0.000000000000000000e+00 0.000000000000000000e+00 0.000000000000000000e+00
3.086172344689378733e+00 0.000000000000000000e+00 0.000000000000000000e+00 0.000000000000000000e+00
3.106212424849699172e+00 0.000000000000000000e+00 0.000000000000000000e+00 0.000000000000000000e+00
3.126252505010020055e+00 0.000000000000000000e+00 0.000000000000000000e+00 0.000000000000000000e+00
3.146292585170340494e+00 0.000000000000000000e+00 0.000000000000000000e+00 0.000000000000000000e+00
3.166332665330661378e+00 0.000000000000000000e+00 0.000000000000000000e+00 0.000000000000000000e+00
3.186372745490981817e+00 0.000000000000000000e+00 0.000000000000000000e+00 0.000000000000000000e+00
3.206412825651302256e+00 0.000000000000000000e+00 0.000000000000000000e+00 0.000000000000000000e+00
3.226452905811623140e+00 0.000000000000000000e+00 0.000000000000000000e+00 0.000000000000000000e+00
3.246492985971943579e+00 0.000000000000000000e+00 0.000000000000000000e+00 0.000000000000000000e+00
3.266533066132264462e+00 0.000000000000000000e+00 0.000000000000000000e+00 0.000000000000000000e+00
3.286573146292584902e+00 0.000000000000000000e+00 0.000000000000000000e+00 0.000000000000000000e+00
3.306613226452905785e+00 0.000000000000000000e+00 0.000000000000000000e+00 0.000000000000000000e+00
3.326653306613226224e+00 0.000000000000000000e+00 0.000000000000000000e+00 0.000000000000000000e+00
3.346693386773547108e+00 0.000000000000000000e+00 0.000000000000000000e+00 0.000000000000000000e+00
3.366733466933867547e+00 0.000000000000000000e+00 0.000000000000000000e+00 0.000000000000000000e+00
3.386773547094188430e+00 0.000000000000000000e+00 0.000000000000000000e+00 0.000000000000000000e+00
3.406813627254508869e+00 0.000000000000000000e+00 0.000000000000000000e+00 0.000000000000000000e+00
3.426853707414829309e+00 0.000000000000000000e+00 0.000000000000000000e+00 0.000000000000000000e+00
3.446893787575150192e+00 0.000000000000000000e+00 0.000000000000000000e+00 0.000000000000000000e+00
3.466933867735470631e+00 0.000000000000000000e+00 0.000000000000000000e+00 0.000000000000000000e+00
3.486973947895791515e+00 0.000000000000000000e+00 0.000000000000000000e+00 0.000000000000000000e+00
3.507014028056111954e+00 0.000000000000000000e+00 0.000000000000000000e+00 0.000000000000000000e+00
3.527054108216432837e+00 0.000000000000000000e+00 0.000000000000000000e+00 0.000000000000000000e+00
3.547094188376753277e+00 0.000000000000000000e+00 0.000000000000000000e+00 0.000000000000000000e+00
3.567134268537074160e+00 0.000000000000000000e+00 0.000000000000000000e+00 0.000000000000000000e+00
3.587174348697394599e+00 0.000000000000000000e+00 0.000000000000000000e+00 0.000000000000000000e+00
3.607214428857715482e+00 0.000000000000000000e+00 0.000000000000000000e+00 0.000000000000000000e+00
3.627254509018035922e+00 0.000000000000000000e+00 0.000000000000000000e+00 0.000000000000000000e+00
3.647294589178356361e+00 0.000000000000000000e+00 0.000000000000000000e+00 0.000000000000000000e+00
3.667334669338677244e+00 0.000000000000000000e+00 0.000000000000000000e+00 0.000000000000000000e+00
3.687374749498997684e+00 0.000000000000000000e+00 0.000000000000000000e+00 0.000000000000000000e+00
3.707414829659318567e+00 0.000000000000000000e+00 0.000000000000000000e+00 0.000000000000000000e+00
3.727454909819639006e+00 0.000000000000000000e+00 0.000000000000000000e+00 0.000000000000000000e+00
3.747494989979959890e+00 0.000000000000000000e+00 0.000000000000000000e+00 0.000000000000000000e+00
3.767535070140280329e+00 0.000000000000000000e+00 0.000000000000000000e+00 0.000000000000000000e+00
3.787575150300601212e+00 0.000000000000000000e+00 0.000000000000000000e+00 0.000000000000000000e+00
3.807615230460921651e+00 0.000000000000000000e+00 0.000000000000000000e+00 0.000000000000000000e+00
3.827655310621242535e+00 0.000000000000000000e+00 0.000000000000000000e+00 0.000000000000000000e+00
3.847695390781562974e+00 0.000000000000000000e+00 0.000000000000000000e+00 0.000000000000000000e+00
3.867735470941883413e+00 0.000000000000000000e+00 0.000000000000000000e+00 0.000000000000000000e+00
3.887775551102204297e+00 0.000000000000000000e+00 0.000000000000000000e+00 0.000000000000000000e+00
3.907815631262524736e+00 0.000000000000000000e+00 0.000000000000000000e+00 0.000000000000000000e+00
3.927855711422845619e+00 0.000000000000000000e+00 0.000000000000000000e+00 0.000000000000000000e+00
3.947895791583166059e+00 0.000000000000000000e+00 0.000000000000000000e+00 0.000000000000000000e+00
3.967935871743486942e+00 0.000000000000000000e+00 0.000000000000000000e+00 0.000000000000000000e+00
3.987975951903807381e+00 0.000000000000000000e+00 0.000000000000000000e+00 0.000000000000000000e+00
4.008016032064127820e+00 0.000000000000000000e+00 0.000000000000000000e+00 0.000000000000000000e+00
4.028056112224448704e+00 0.000000000000000000e+00 0.000000000000000000e+00 0.000000000000000000e+00
4.048096192384769587e+00 0.000000000000000000e+00 0.000000000000000000e+00 0.000000000000000000e+00
4.068136272545089582e+00 0.000000000000000000e+00 0.000000000000000000e+00 0.000000000000000000e+00
4.088176352705410466e+00 0.000000000000000000e+00 0.000000000000000000e+00 0.000000000000000000e+00
4.108216432865731349e+00 0.000000000000000000e+00 0.000000000000000000e+00 0.000000000000000000e+00
4.128256513026052232e+00 0.000000000000000000e+00 0.000000000000000000e+00 0.000000000000000000e+00
4.148296593186372228e+00 0.000000000000000000e+00 0.000000000000000000e+00 0.000000000000000000e+00
4.168336673346693111e+00 0.000000000000000000e+00 0.000000000000000000e+00 0.000000000000000000e+00
4.188376753507013994e+00 0.000000000000000000e+00 0.000000000000000000e+00 0.000000000000000000e+00
4.208416833667334878e+00 0.000000000000000000e+00 0.000000000000000000e+00 0.000000000000000000e+00
4.228456913827654873e+00 0.000000000000000000e+00 0.000000000000000000e+00 0.000000000000000000e+00
4.248496993987975756e+00 0.000000000000000000e+00 0.000000000000000000e+00 0.000000000000000000e+00
4.268537074148296639e+00 0.000000000000000000e+00 0.000000000000000000e+00 0.000000000000000000e+00
4.288577154308616635e+00 0.000000000000000000e+00 0.000000000000000000e+00 0.000000000000000000e+00
4.308617234468937518e+00 0.000000000000000000e+00 0.000000000000000000e+00 0.000000000000000000e+00
4.328657314629258401e+00 0.000000000000000000e+00 0.000000000000000000e+00 0.000000000000000000e+00
4.348697394789579285e+00 0.000000000000000000e+00 0.000000000000000000e+00 0.000000000000000000e+00
4.368737474949899280e+00 0.000000000000000000e+00 0.000000000000000000e+00 0.000000000000000000e+00
4.388777555110220163e+00 0.000000000000000000e+00 0.000000000000000000e+00 0.000000000000000000e+00
4.408817635270541047e+00 0.000000000000000000e+00 0.000000000000000000e+00 0.000000000000000000e+00
4.428857715430861930e+00 0.000000000000000000e+00 0.000000000000000000e+00 0.000000000000000000e+00
4.448897795591181925e+00 0.000000000000000000e+00 0.000000000000000000e+00 0.000000000000000000e+00
4.468937875751502808e+00 0.000000000000000000e+00 0.000000000000000000e+00 0.000000000000000000e+00
4.488977955911823692e+00 0.000000000000000000e+00 0.000000000000000000e+00 0.000000000000000000e+00
4.509018036072143687e+00 0.000000000000000000e+00 0.000000000000000000e+00 0.000000000000000000e+00
4.529058116232464570e+00 0.000000000000000000e+00 0.000000000000000000e+00 0.000000000000000000e+00
4.549098196392785454e+00 0.000000000000000000e+00 0.000000000000000000e+00 0.000000000000000000e+00
4.569138276553106337e+00 0.000000000000000000e+00 0.000000000000000000e+00 0.000000000000000000e+00
4.589178356713426332e+00 0.000000000000000000e+00 0.000000000000000000e+00 0.000000000000000000e+00
4.609218436873747216e+00 0.000000000000000000e+00 0.000000000000000000e+00 0.000000000000000000e+00
4.629258517034068099e+00 0.000000000000000000e+00 0.000000000000000000e+00 0.000000000000000000e+00
4.649298597194388982e+00 0.000000000000000000e+00 0.000000000000000000e+00 0.000000000000000000e+00
4.669338677354708977e+00 0.000000000000000000e+00 0.000000000000000000e+00 0.000000000000000000e+00
4.689378757515029861e+00 0.000000000000000000e+00 0.000000000000000000e+00 0.000000000000000000e+00
4.709418837675350744e+00 0.000000000000000000e+00 0.000000000000000000e+00 0.000000000000000000e+00
4.729458917835670739e+00 0.000000000000000000e+00 0.000000000000000000e+00 0.000000000000000000e+00
4.749498997995991623e+00 0.000000000000000000e+00 0.000000000000000000e+00 0.000000000000000000e+00
4.769539078156312506e+00 0.000000000000000000e+00 0.000000000000000000e+00 0.000000000000000000e+00
4.789579158316633389e+00 0.000000000000000000e+00 0.000000000000000000e+00 0.000000000000000000e+00
4.809619238476953385e+00 0.000000000000000000e+00 0.000000000000000000e+00 0.000000000000000000e+00
4.829659318637274268e+00 0.000000000000000000e+00 0.000000000000000000e+00 0.000000000000000000e+00
4.849699398797595151e+00 0.000000000000000000e+00 0.000000000000000000e+00 0.000000000000000000e+00
4.869739478957916035e+00 0.000000000000000000e+00 0.000000000000000000e+00 0.000000000000000000e+00
4.889779559118236030e+00 0.000000000000000000e+00 0.000000000000000000e+00 0.000000000000000000e+00
4.909819639278556913e+00 0.000000000000000000e+00 0.000000000000000000e+00 0.000000000000000000e+00
4.929859719438877796e+00 0.000000000000000000e+00 0.000000000000000000e+00 0.000000000000000000e+00
4.949899799599197792e+00 0.000000000000000000e+00 0.000000000000000000e+00 0.000000000000000000e+00
4.969939879759518675e+00 0.000000000000000000e+00 0.000000000000000000e+00 0.000000000000000000e+00
4.989979959919839558e+00 0.000000000000000000e+00 0.000000000000000000e+00 0.000000000000000000e+00
5.010020040080160442e+00 0.000000000000000000e+00 0.000000000000000000e+00 0.000000000000000000e+00
5.030060120240480437e+00 0.000000000000000000e+00 0.000000000000000000e+00 0.000000000000000000e+00
5.050100200400801320e+00 0.000000000000000000e+00 0.000000000000000000e+00 0.000000000000000000e+00
5.070140280561122204e+00 0.000000000000000000e+00 0.000000000000000000e+00 0.000000000000000000e+00
5.090180360721443087e+00 0.000000000000000000e+00 0.000000000000000000e+00 0.000000000000000000e+00
5.110220440881763082e+00 0.000000000000000000e+00 0.000000000000000000e+00 0.000000000000000000e+00
5.130260521042083965e+00 0.000000000000000000e+00 0.000000000000000000e+00 0.000000000000000000e+00
5.150300601202404849e+00 0.000000000000000000e+00 0.000000000000000000e+00 0.000000000000000000e+00
5.170340681362724844e+00 0.000000000000000000e+00 0.000000000000000000e+00 0.000000000000000000e+00
5.190380761523045727e+00 0.000000000000000000e+00 0.000000000000000000e+00 0.000000000000000000e+00
5.210420841683366611e+00 0.000000000000000000e+00 0.000000000000000000e+00 0.000000000000000000e+00
5.230460921843687494e+00 0.000000000000000000e+00 0.000000000000000000e+00 0.000000000000000000e+00
5.250501002004007489e+00 0.000000000000000000e+00 0.000000000000000000e+00 0.000000000000000000e+00
5.270541082164328373e+00 0.000000000000000000e+00 0.000000000000000000e+00 0.000000000000000000e+00
5.290581162324649256e+00 0.000000000000000000e+00 0.000000000000000000e+00 0.000000000000000000e+00
5.310621242484970139e+00 0.000000000000000000e+00 0.000000000000000000e+00 0.000000000000000000e+00
5.330661322645290134e+00 0.000000000000000000e+00 0.000000000000000000e+00 0.000000000000000000e+00
5.350701402805611018e+00 0.000000000000000000e+00 0.000000000000000000e+00 0.000000000000000000e+00
5.370741482965931901e+00 0.000000000000000000e+00 0.000000000000000000e+00 0.000000000000000000e+00
5.390781563126251896e+00 0.000000000000000000e+00 0.000000000000000000e+00 0.000000000000000000e+00
5.410821643286572780e+00 0.000000000000000000e+00 0.000000000000000000e+00 0.000000000000000000e+00
5.430861723446893663e+00 0.000000000000000000e+00 0.000000000000000000e+00 0.000000000000000000e+00
5.450901803607214546e+00 0.000000000000000000e+00 0.000000000000000000e+00 0.000000000000000000e+00
5.470941883767534542e+00 0.000000000000000000e+00 0.000000000000000000e+00 0.000000000000000000e+00
5.490981963927855425e+00 0.000000000000000000e+00 0.000000000000000000e+00 0.000000000000000000e+00
5.511022044088176308e+00 0.000000000000000000e+00 0.000000000000000000e+00 0.000000000000000000e+00
5.531062124248497192e+00 0.000000000000000000e+00 0.000000000000000000e+00 0.000000000000000000e+00
5.551102204408817187e+00 0.000000000000000000e+00 0.000000000000000000e+00 0.000000000000000000e+00
5.571142284569138070e+00 0.000000000000000000e+00 0.000000000000000000e+00 0.000000000000000000e+00
5.591182364729458953e+00 0.000000000000000000e+00 0.000000000000000000e+00 0.000000000000000000e+00
5.611222444889778949e+00 0.000000000000000000e+00 0.000000000000000000e+00 0.000000000000000000e+00
5.631262525050099832e+00 0.000000000000000000e+00 0.000000000000000000e+00 0.000000000000000000e+00
5.651302605210420715e+00 0.000000000000000000e+00 0.000000000000000000e+00 0.000000000000000000e+00
5.671342685370741599e+00 0.000000000000000000e+00 0.000000000000000000e+00 0.000000000000000000e+00
5.691382765531061594e+00 0.000000000000000000e+00 0.000000000000000000e+00 0.000000000000000000e+00
5.711422845691382477e+00 0.000000000000000000e+00 0.000000000000000000e+00 0.000000000000000000e+00
5.731462925851703361e+00 0.000000000000000000e+00 0.000000000000000000e+00 0.000000000000000000e+00
5.751503006012024244e+00 0.000000000000000000e+00 0.000000000000000000e+00 0.000000000000000000e+00
5.771543086172344239e+00 0.000000000000000000e+00 0.000000000000000000e+00 0.000000000000000000e+00
5.791583166332665122e+00 0.000000000000000000e+00 0.000000000000000000e+00 0.000000000000000000e+00
5.811623246492986006e+00 0.000000000000000000e+00 0.000000000000000000e+00 0.000000000000000000e+00
5.831663326653306001e+00 0.000000000000000000e+00 0.000000000000000000e+00 0.000000000000000000e+00
5.851703406813626884e+00 0.000000000000000000e+00 0.000000000000000000e+00 0.000000000000000000e+00
5.871743486973947768e+00 0.000000000000000000e+00 0.000000000000000000e+00 0.000000000000000000e+00
5.891783567134268651e+00 0.000000000000000000e+00 0.000000000000000000e+00 0.000000000000000000e+00
5.911823647294588646e+00 0.000000000000000000e+00 0.000000000000000000e+00 0.000000000000000000e+00
5.931863727454909530e+00 0.000000000000000000e+00 0.000000000000000000e+00 0.000000000000000000e+00
5.951903807615230413e+00 0.000000000000000000e+00 0.000000000000000000e+00 0.000000000000000000e+00
5.971943887775551296e+00 0.000000000000000000e+00 0.000000000000000000e+00 0.000000000000000000e+00
5.991983967935871291e+00 0.000000000000000000e+00 0.000000000000000000e+00 0.000000000000000000e+00
6.012024048096192175e+00 0.000000000000000000e+00 0.000000000000000000e+00 0.000000000000000000e+00
6.032064128256513058e+00 0.000000000000000000e+00 0.000000000000000000e+00 0.000000000000000000e+00
6.052104208416833053e+00 0.000000000000000000e+00 0.000000000000000000e+00 0.000000000000000000e+00
6.072144288577153937e+00 0.000000000000000000e+00 0.000000000000000000e+00 0.000000000000000000e+00
6.092184368737474820e+00 0.000000000000000000e+00 0.000000000000000000e+00 0.000000000000000000e+00
6.112224448897795703e+00 0.000000000000000000e+00 0.000000000000000000e+00 0.000000000000000000e+00
6.132264529058115698e+00 0.000000000000000000e+00 0.000000000000000000e+00 0.000000000000000000e+00
6.152304609218436582e+00 0.000000000000000000e+00 0.000000000000000000e+00 0.000000000000000000e+00
6.172344689378757465e+00 0.000000000000000000e+00 0.000000000000000000e+00 0.000000000000000000e+00
6.192384769539078349e+00 0.000000000000000000e+00 0.000000000000000000e+00 0.000000000000000000e+00
6.212424849699398344e+00 0.000000000000000000e+00 0.000000000000000000e+00 0.000000000000000000e+00
6.232464929859719227e+00 0.000000000000000000e+00 0.000000000000000000e+00 0.000000000000000000e+00
6.252505010020040110e+00 0.000000000000000000e+00 0.000000000000000000e+00 0.000000000000000000e+00
6.272545090180360106e+00 0.000000000000000000e+00 0.000000000000000000e+00 0.000000000000000000e+00
6.292585170340680989e+00 0.000000000000000000e+00 0.000000000000000000e+00 0.000000000000000000e+00
6.312625250501001872e+00 0.000000000000000000e+00 0.000000000000000000e+00 0.000000000000000000e+00
6.332665330661322756e+00 0.000000000000000000e+00 0.000000000000000000e+00 0.000000000000000000e+00
6.352705410821642751e+00 0.000000000000000000e+00 0.000000000000000000e+00 0.000000000000000000e+00
6.372745490981963634e+00 0.000000000000000000e+00 0.000000000000000000e+00 0.000000000000000000e+00
6.392785571142284518e+00 0.000000000000000000e+00 0.000000000000000000e+00 0.000000000000000000e+00
6.412825651302604513e+00 0.000000000000000000e+00 0.000000000000000000e+00 0.000000000000000000e+00
6.432865731462925396e+00 0.000000000000000000e+00 0.000000000000000000e+00 0.000000000000000000e+00
6.452905811623246279e+00 0.000000000000000000e+00 0.000000000000000000e+00 0.000000000000000000e+00
6.472945891783567163e+00 0.000000000000000000e+00 0.000000000000000000e+00 0.000000000000000000e+00
6.492985971943887158e+00 0.000000000000000000e+00 0.000000000000000000e+00 0.000000000000000000e+00
6.513026052104208041e+00 0.000000000000000000e+00 0.000000000000000000e+00 0.000000000000000000e+00
6.533066132264528925e+00 0.000000000000000000e+00 0.000000000000000000e+00 0.000000000000000000e+00
6.553106212424849808e+00 0.000000000000000000e+00 0.000000000000000000e+00 0.000000000000000000e+00
6.573146292585169803e+00 0.000000000000000000e+00 0.000000000000000000e+00 0.000000000000000000e+00
6.593186372745490686e+00 0.000000000000000000e+00 0.000000000000000000e+00 0.000000000000000000e+00
6.613226452905811570e+00 0.000000000000000000e+00 0.000000000000000000e+00 0.000000000000000000e+00
6.633266533066131565e+00 0.000000000000000000e+00 0.000000000000000000e+00 0.000000000000000000e+00
6.653306613226452448e+00 0.000000000000000000e+00 0.000000000000000000e+00 0.000000000000000000e+00
6.673346693386773332e+00 0.000000000000000000e+00 0.000000000000000000e+00 0.000000000000000000e+00
6.693386773547094215e+00 0.000000000000000000e+00 0.000000000000000000e+00 0.000000000000000000e+00
6.713426853707414210e+00 0.000000000000000000e+00 0.000000000000000000e+00 0.000000000000000000e+00
6.733466933867735094e+00 0.000000000000000000e+00 0.000000000000000000e+00 0.000000000000000000e+00
6.753507014028055977e+00 0.000000000000000000e+00 0.000000000000000000e+00 0.000000000000000000e+00
6.773547094188376860e+00 0.000000000000000000e+00 0.000000000000000000e+00 0.000000000000000000e+00
6.793587174348696855e+00 0.000000000000000000e+00 0.000000000000000000e+00 0.000000000000000000e+00
6.813627254509017739e+00 0.000000000000000000e+00 0.000000000000000000e+00 0.000000000000000000e+00
6.833667334669338622e+00 0.000000000000000000e+00 0.000000000000000000e+00 0.000000000000000000e+00
6.853707414829658617e+00 0.000000000000000000e+00 0.000000000000000000e+00 0.000000000000000000e+00
6.873747494989979501e+00 0.000000000000000000e+00 0.000000000000000000e+00 0.000000000000000000e+00
6.893787575150300384e+00 0.000000000000000000e+00 0.000000000000000000e+00 0.000000000000000000e+00
6.913827655310621267e+00 0.000000000000000000e+00 0.000000000000000000e+00 0.000000000000000000e+00
6.933867735470941263e+00 0.000000000000000000e+00 0.000000000000000000e+00 0.000000000000000000e+00
6.953907815631262146e+00 0.000000000000000000e+00 0.000000000000000000e+00 0.000000000000000000e+00
6.973947895791583029e+00 0.000000000000000000e+00 0.000000000000000000e+00 0.000000000000000000e+00
6.993987975951903913e+00 0.000000000000000000e+00 0.000000000000000000e+00 0.000000000000000000e+00
7.014028056112223908e+00 0.000000000000000000e+00 0.000000000000000000e+00 0.000000000000000000e+00
7.034068136272544791e+00 0.000000000000000000e+00 0.000000000000000000e+00 0.000000000000000000e+00
7.054108216432865675e+00 0.000000000000000000e+00 0.000000000000000000e+00 0.000000000000000000e+00
7.074148296593185670e+00 0.000000000000000000e+00 0.000000000000000000e+00 0.000000000000000000e+00
7.094188376753506553e+00 0.000000000000000000e+00 0.000000000000000000e+00 0.000000000000000000e+00
7.114228456913827436e+00 0.000000000000000000e+00 0.000000000000000000e+00 0.000000000000000000e+00
7.134268537074148320e+00 0.000000000000000000e+00 0.000000000000000000e+00 0.000000000000000000e+00
7.154308617234468315e+00 0.000000000000000000e+00 0.000000000000000000e+00 0.000000000000000000e+00
7.174348697394789198e+00 0.000000000000000000e+00 0.000000000000000000e+00 0.000000000000000000e+00
7.194388777555110082e+00 0.000000000000000000e+00 0.000000000000000000e+00 0.000000000000000000e+00
7.214428857715430965e+00 0.000000000000000000e+00 0.000000000000000000e+00 0.000000000000000000e+00
7.234468937875750960e+00 0.000000000000000000e+00 0.000000000000000000e+00 0.000000000000000000e+00
7.254509018036071843e+00 0.000000000000000000e+00 0.000000000000000000e+00 0.000000000000000000e+00
7.274549098196392727e+00 0.000000000000000000e+00 0.000000000000000000e+00 0.000000000000000000e+00
7.294589178356712722e+00 0.000000000000000000e+00 0.000000000000000000e+00 0.000000000000000000e+00
7.314629258517033605e+00 0.000000000000000000e+00 0.000000000000000000e+00 0.000000000000000000e+00
7.334669338677354489e+00 0.000000000000000000e+00 0.000000000000000000e+00 0.000000000000000000e+00
7.354709418837675372e+00 0.000000000000000000e+00 0.000000000000000000e+00 0.000000000000000000e+00
7.374749498997995367e+00 0.000000000000000000e+00 0.000000000000000000e+00 0.000000000000000000e+00
7.394789579158316251e+00 0.000000000000000000e+00 0.000000000000000000e+00 0.000000000000000000e+00
7.414829659318637134e+00 0.000000000000000000e+00 0.000000000000000000e+00 0.000000000000000000e+00
7.434869739478958017e+00 0.000000000000000000e+00 0.000000000000000000e+00 0.000000000000000000e+00
7.454909819639278012e+00 0.000000000000000000e+00 0.000000000000000000e+00 0.000000000000000000e+00
7.474949899799598896e+00 0.000000000000000000e+00 0.000000000000000000e+00 0.000000000000000000e+00
7.494989979959919779e+00 0.000000000000000000e+00 0.000000000000000000e+00 0.000000000000000000e+00
7.515030060120239774e+00 0.000000000000000000e+00 0.000000000000000000e+00 0.000000000000000000e+00
7.535070140280560658e+00 0.000000000000000000e+00 0.000000000000000000e+00 0.000000000000000000e+00
7.555110220440881541e+00 0.000000000000000000e+00 0.000000000000000000e+00 0.000000000000000000e+00
7.575150300601202424e+00 0.000000000000000000e+00 0.000000000000000000e+00 0.000000000000000000e+00
7.595190380761522420e+00 0.000000000000000000e+00 0.000000000000000000e+00 0.000000000000000000e+00
7.615230460921843303e+00 0.000000000000000000e+00 0.000000000000000000e+00 0.000000000000000000e+00
7.635270541082164186e+00 0.000000000000000000e+00 0.000000000000000000e+00 0.000000000000000000e+00
7.655310621242485070e+00 0.000000000000000000e+00 0.000000000000000000e+00 0.000000000000000000e+00
7.675350701402805065e+00 0.000000000000000000e+00 0.000000000000000000e+00 0.000000000000000000e+00
7.695390781563125948e+00 0.000000000000000000e+00 0.000000000000000000e+00 0.000000000000000000e+00
7.715430861723446831e+00 0.000000000000000000e+00 0.000000000000000000e+00 0.000000000000000000e+00
7.735470941883766827e+00 0.000000000000000000e+00 0.000000000000000000e+00 0.000000000000000000e+00
7.755511022044087710e+00 0.000000000000000000e+00 0.000000000000000000e+00 0.000000000000000000e+00
7.775551102204408593e+00 0.000000000000000000e+00 0.000000000000000000e+00 0.000000000000000000e+00
7.795591182364729477e+00 0.000000000000000000e+00 0.000000000000000000e+00 0.000000000000000000e+00
7.815631262525049472e+00 0.000000000000000000e+00 0.000000000000000000e+00 0.000000000000000000e+00
7.835671342685370355e+00 0.000000000000000000e+00 0.000000000000000000e+00 0.000000000000000000e+00
7.855711422845691239e+00 0.000000000000000000e+00 0.000000000000000000e+00 0.000000000000000000e+00
7.875751503006012122e+00 0.000000000000000000e+00 0.000000000000000000e+00 0.000000000000000000e+00
7.895791583166332117e+00 0.000000000000000000e+00 0.000000000000000000e+00 0.000000000000000000e+00
7.915831663326653000e+00 0.000000000000000000e+00 0.000000000000000000e+00 0.000000000000000000e+00
7.935871743486973884e+00 0.000000000000000000e+00 0.000000000000000000e+00 0.000000000000000000e+00
7.955911823647293879e+00 0.000000000000000000e+00 0.000000000000000000e+00 0.000000000000000000e+00
7.975951903807614762e+00 0.000000000000000000e+00 0.000000000000000000e+00 0.000000000000000000e+00
7.995991983967935646e+00 0.000000000000000000e+00 0.000000000000000000e+00 0.000000000000000000e+00
8.016032064128255641e+00 0.000000000000000000e+00 0.000000000000000000e+00 0.000000000000000000e+00
8.036072144288576524e+00 0.000000000000000000e+00 0.000000000000000000e+00 0.000000000000000000e+00
8.056112224448897408e+00 0.000000000000000000e+00 0.000000000000000000e+00 0.000000000000000000e+00
8.076152304609218291e+00 0.000000000000000000e+00 0.000000000000000000e+00 0.000000000000000000e+00
8.096192384769539174e+00 0.000000000000000000e+00 0.000000000000000000e+00 0.000000000000000000e+00
8.116232464929860058e+00 0.000000000000000000e+00 0.000000000000000000e+00 0.000000000000000000e+00
8.136272545090179165e+00 0.000000000000000000e+00 0.000000000000000000e+00 0.000000000000000000e+00
8.156312625250500048e+00 0.000000000000000000e+00 0.000000000000000000e+00 0.000000000000000000e+00
8.176352705410820931e+00 0.000000000000000000e+00 0.000000000000000000e+00 0.000000000000000000e+00
8.196392785571141815e+00 0.000000000000000000e+00 0.000000000000000000e+00 0.000000000000000000e+00
8.216432865731462698e+00 0.000000000000000000e+00 0.000000000000000000e+00 0.000000000000000000e+00
8.236472945891783581e+00 0.000000000000000000e+00 0.000000000000000000e+00 0.000000000000000000e+00
8.256513026052104465e+00 0.000000000000000000e+00 0.000000000000000000e+00 0.000000000000000000e+00
8.276553106212425348e+00 0.000000000000000000e+00 0.000000000000000000e+00 0.000000000000000000e+00
8.296593186372744455e+00 0.000000000000000000e+00 0.000000000000000000e+00 0.000000000000000000e+00
8.316633266533065338e+00 0.000000000000000000e+00 0.000000000000000000e+00 0.000000000000000000e+00
8.336673346693386222e+00 0.000000000000000000e+00 0.000000000000000000e+00 0.000000000000000000e+00
8.356713426853707105e+00 0.000000000000000000e+00 0.000000000000000000e+00 0.000000000000000000e+00
8.376753507014027988e+00 0.000000000000000000e+00 0.000000000000000000e+00 0.000000000000000000e+00
8.396793587174348872e+00 0.000000000000000000e+00 0.000000000000000000e+00 0.000000000000000000e+00
8.416833667334669755e+00 0.000000000000000000e+00 0.000000000000000000e+00 0.000000000000000000e+00
8.436873747494988862e+00 0.000000000000000000e+00 0.000000000000000000e+00 0.000000000000000000e+00
8.456913827655309746e+00 0.000000000000000000e+00 0.000000000000000000e+00 0.000000000000000000e+00
8.476953907815630629e+00 0.000000000000000000e+00 0.000000000000000000e+00 0.000000000000000000e+00
8.496993987975951512e+00 0.000000000000000000e+00 0.000000000000000000e+00 0.000000000000000000e+00
8.517034068136272396e+00 0.000000000000000000e+00 0.000000000000000000e+00 0.000000000000000000e+00
8.537074148296593279e+00 0.000000000000000000e+00 0.000000000000000000e+00 0.000000000000000000e+00
8.557114228456914162e+00 0.000000000000000000e+00 0.000000000000000000e+00 0.000000000000000000e+00
8.577154308617233269e+00 0.000000000000000000e+00 0.000000000000000000e+00 0.000000000000000000e+00
8.597194388777554153e+00 0.000000000000000000e+00 0.000000000000000000e+00 0.000000000000000000e+00
8.617234468937875036e+00 0.000000000000000000e+00 0.000000000000000000e+00 0.000000000000000000e+00
8.637274549098195919e+00 0.000000000000000000e+00 0.000000000000000000e+00 0.000000000000000000e+00
8.657314629258516803e+00 0.000000000000000000e+00 0.000000000000000000e+00 0.000000000000000000e+00
8.677354709418837686e+00 0.000000000000000000e+00 0.000000000000000000e+00 0.000000000000000000e+00
8.697394789579158569e+00 0.000000000000000000e+00 0.000000000000000000e+00 0.000000000000000000e+00
8.717434869739479453e+00 0.000000000000000000e+00 0.000000000000000000e+00 0.000000000000000000e+00
8.737474949899798560e+00 0.000000000000000000e+00 0.000000000000000000e+00 0.000000000000000000e+00
8.757515030060119443e+00 0.000000000000000000e+00 0.000000000000000000e+00 0.000000000000000000e+00
8.777555110220440326e+00 0.000000000000000000e+00 0.000000000000000000e+00 0.000000000000000000e+00
8.797595190380761210e+00 0.000000000000000000e+00 0.000000000000000000e+00 0.000000000000000000e+00
8.817635270541082093e+00 0.000000000000000000e+00 0.000000000000000000e+00 0.000000000000000000e+00
8.837675350701402976e+00 0.000000000000000000e+00 0.000000000000000000e+00 0.000000000000000000e+00
8.857715430861723860e+00 0.000000000000000000e+00 0.000000000000000000e+00 0.000000000000000000e+00
8.877755511022042967e+00 0.000000000000000000e+00 0.000000000000000000e+00 0.000000000000000000e+00
8.897795591182363850e+00 0.000000000000000000e+00 0.000000000000000000e+00 0.000000000000000000e+00
8.917835671342684734e+00 0.000000000000000000e+00 0.000000000000000000e+00 0.000000000000000000e+00
8.937875751503005617e+00 0.000000000000000000e+00 0.000000000000000000e+00 0.000000000000000000e+00
8.957915831663326500e+00 0.000000000000000000e+00 0.000000000000000000e+00 0.000000000000000000e+00
8.977955911823647384e+00 0.000000000000000000e+00 0.000000000000000000e+00 0.000000000000000000e+00
8.997995991983968267e+00 0.000000000000000000e+00 0.000000000000000000e+00 0.000000000000000000e+00
9.018036072144287374e+00 0.000000000000000000e+00 0.000000000000000000e+00 0.000000000000000000e+00
9.038076152304608257e+00 0.000000000000000000e+00 0.000000000000000000e+00 0.000000000000000000e+00
9.058116232464929141e+00 0.000000000000000000e+00 0.000000000000000000e+00 0.000000000000000000e+00
9.078156312625250024e+00 0.000000000000000000e+00 0.000000000000000000e+00 0.000000000000000000e+00
9.098196392785570907e+00 0.000000000000000000e+00 0.000000000000000000e+00 0.000000000000000000e+00
9.118236472945891791e+00 0.000000000000000000e+00 0.000000000000000000e+00 0.000000000000000000e+00
9.138276553106212674e+00 0.000000000000000000e+00 0.000000000000000000e+00 0.000000000000000000e+00
9.158316633266533557e+00 0.000000000000000000e+00 0.000000000000000000e+00 0.000000000000000000e+00
9.178356713426852664e+00 0.000000000000000000e+00 0.000000000000000000e+00 0.000000000000000000e+00
9.198396793587173548e+00 0.000000000000000000e+00 0.000000000000000000e+00 0.000000000000000000e+00
9.218436873747494431e+00 0.000000000000000000e+00 0.000000000000000000e+00 0.000000000000000000e+00
9.238476953907815314e+00 0.000000000000000000e+00 0.000000000000000000e+00 0.000000000000000000e+00
9.258517034068136198e+00 0.000000000000000000e+00 0.000000000000000000e+00 0.000000000000000000e+00
9.278557114228457081e+00 0.000000000000000000e+00 0.000000000000000000e+00 0.000000000000000000e+00
9.298597194388777964e+00 0.000000000000000000e+00 0.000000000000000000e+00 0.000000000000000000e+00
9.318637274549097071e+00 0.000000000000000000e+00 0.000000000000000000e+00 0.000000000000000000e+00
9.338677354709417955e+00 0.000000000000000000e+00 0.000000000000000000e+00 0.000000000000000000e+00
9.358717434869738838e+00 0.000000000000000000e+00 0.000000000000000000e+00 0.000000000000000000e+00
9.378757515030059722e+00 0.000000000000000000e+00 0.000000000000000000e+00 0.000000000000000000e+00
9.398797595190380605e+00 0.000000000000000000e+00 0.000000000000000000e+00 0.000000000000000000e+00
9.418837675350701488e+00 0.000000000000000000e+00 0.000000000000000000e+00 0.000000000000000000e+00
9.438877755511022372e+00 0.000000000000000000e+00 0.000000000000000000e+00 0.000000000000000000e+00
9.458917835671341479e+00 0.000000000000000000e+00 0.000000000000000000e+00 0.000000000000000000e+00
9.478957915831662362e+00 0.000000000000000000e+00 0.000000000000000000e+00 0.000000000000000000e+00
9.498997995991983245e+00 0.000000000000000000e+00 0.000000000000000000e+00 0.000000000000000000e+00
9.519038076152304129e+00 0.000000000000000000e+00 0.000000000000000000e+00 0.000000000000000000e+00
9.539078156312625012e+00 0.000000000000000000e+00 0.000000000000000000e+00 0.000000000000000000e+00
9.559118236472945895e+00 0.000000000000000000e+00 0.000000000000000000e+00 0.000000000000000000e+00
9.579158316633266779e+00 0.000000000000000000e+00 0.000000000000000000e+00 0.000000000000000000e+00
9.599198396793587662e+00 0.000000000000000000e+00 0.000000000000000000e+00 0.000000000000000000e+00
9.619238476953906769e+00 0.000000000000000000e+00 0.000000000000000000e+00 0.000000000000000000e+00
9.639278557114227652e+00 0.000000000000000000e+00 0.000000000000000000e+00 0.000000000000000000e+00
9.659318637274548536e+00 0.000000000000000000e+00 0.000000000000000000e+00 0.000000000000000000e+00
9.679358717434869419e+00 0.000000000000000000e+00 0.000000000000000000e+00 0.000000000000000000e+00
9.699398797595190302e+00 0.000000000000000000e+00 0.000000000000000000e+00 0.000000000000000000e+00
9.719438877755511186e+00 0.000000000000000000e+00 0.000000000000000000e+00 0.000000000000000000e+00
9.739478957915832069e+00 0.000000000000000000e+00 0.000000000000000000e+00 0.000000000000000000e+00
9.759519038076151176e+00 0.000000000000000000e+00 0.000000000000000000e+00 0.000000000000000000e+00
9.779559118236472059e+00 0.000000000000000000e+00 0.000000000000000000e+00 0.000000000000000000e+00
9.799599198396792943e+00 0.000000000000000000e+00 0.000000000000000000e+00 0.000000000000000000e+00
9.819639278557113826e+00 0.000000000000000000e+00 0.000000000000000000e+00 0.000000000000000000e+00
9.839679358717434710e+00 0.000000000000000000e+00 0.000000000000000000e+00 0.000000000000000000e+00
9.859719438877755593e+00 0.000000000000000000e+00 0.000000000000000000e+00 0.000000000000000000e+00
9.879759519038076476e+00 0.000000000000000000e+00 0.000000000000000000e+00 0.000000000000000000e+00
9.899799599198395583e+00 0.000000000000000000e+00 0.000000000000000000e+00 0.000000000000000000e+00
9.919839679358716467e+00 0.000000000000000000e+00 0.000000000000000000e+00 0.000000000000000000e+00
9.939879759519037350e+00 0.000000000000000000e+00 0.000000000000000000e+00 0.000000000000000000e+00
9.959919839679358233e+00 0.000000000000000000e+00 0.000000000000000000e+00 0.000000000000000000e+00
9.979959919839679117e+00 0.000000000000000000e+00 0.000000000000000000e+00 0.000000000000000000e+00
1.000000000000000000e+01 0.000000000000000000e+00 0.000000000000000000e+00 0.000000000000000000e+00
