store_id,month,year,ad_spend_usd,sales_revenue_usd,is_holiday_month,foot_traffic,local_population,competitor_count,date,roas,ad_spend_pct,sales_per_capita,conversion_rate
1,1,1,19862.28,509917.05,1,5121,36680,5,2021-01-01,25.672634259510993,3.8951982484209933,13.901773446019629,99.57372583479788
1,2,1,4540.95,215378.98,0,2279,46022,8,2021-02-01,47.430379105693746,2.1083533778458787,4.679913519621051,94.50591487494516
1,3,1,5119.94,234701.17,0,2458,52035,3,2021-03-01,45.84060946026712,2.1814718691006094,4.5104481598923805,95.48460943856794
1,4,1,5205.0,228554.95,0,2987,38125,8,2021-04-01,43.91065321805956,2.2773516828228835,5.9948839344262295,76.51655507197857
1,5,1,4074.88,235396.95,0,3151,44600,3,2021-05-01,57.767823837757184,1.7310674586055599,5.277958520179372,74.70547445255475
1,6,1,4408.9,226449.27,0,2738,41573,7,2021-06-01,51.361852162670964,1.9469702861042562,5.447027397589782,82.70608838568297
1,7,1,7536.0,260208.65,0,2946,48301,7,2021-07-01,34.52874867303609,2.896137388207502,5.387231113227469,88.32608621860149
1,8,1,5508.96,241849.24,0,2595,38489,6,2021-08-01,43.901070256454936,2.277848795390054,6.283593754059601,93.19816570327552
1,9,1,5546.27,242073.29,0,2754,38278,4,2021-09-01,43.64614236234442,2.291153228842389,6.324084069178118,87.89879811183734
1,10,1,5072.09,236104.61,0,3017,39675,3,2021-10-01,46.54976745286459,2.1482384439676974,5.950966855702583,78.25807424593967
1,11,1,19854.12,525356.03,1,5087,51971,6,2021-11-01,26.4608066235119,3.7791742868165037,10.108638086625234,103.27423432278357
1,12,1,17252.41,491541.59,1,5115,50050,2,2021-12-01,28.49118413021717,3.509857629748075,9.82101078921079,96.09806256109482
1,1,2,20591.69,521771.63,1,4811,39888,2,2022-01-01,25.338941582745274,3.94649475288643,13.080917318491776,108.45388276865516
1,2,2,4228.88,229414.56,0,3187,31537,2,2022-02-01,54.24948449707724,1.8433354883839979,7.274457304118972,71.98448697834955
1,3,2,4595.31,226056.9,0,3034,50689,7,2022-03-01,49.192959778556826,2.032811208151576,4.459683560535816,74.5078773895847
1,4,2,3338.56,207570.38,0,3143,43469,4,2022-04-01,62.17362575481645,1.6083990403640442,4.775135843934758,66.04211899459116
1,5,2,5808.12,230055.45,0,2432,48977,8,2022-05-01,39.60927976694697,2.524660902404181,4.697213998407416,94.59516858552632
1,6,2,4628.86,230734.57,0,2863,50004,4,2022-06-01,49.846953677579364,2.006140648971673,4.614322254219663,80.59188613342648
1,7,2,3406.89,210408.49,0,2535,42095,2,2022-07-01,61.75969579293725,1.619178959936455,4.998420002375579,83.00137672583826
1,8,2,5478.88,236334.76,0,2612,45099,2,2022-08-01,43.135597056332685,2.3182709136819315,5.240354775050445,90.48038284839204
1,9,2,4788.58,219152.26,0,3066,44212,3,2022-09-01,45.76560483483622,2.185047053587309,4.956850176422691,71.4782322243966
1,10,2,3491.66,205076.16,0,2221,34418,4,2022-10-01,58.73314125659429,1.7026162377918523,5.9583985124062995,92.33505628095453
1,11,2,18411.96,505309.68,1,4637,41974,7,2022-11-01,27.444643590361917,3.643698256483034,12.038635345690189,108.97340521889153
1,12,2,17727.09,488280.86,1,4626,43356,8,2022-12-01,27.544332431324033,3.6305109317616915,11.262128886428638,105.55141807176827
1,1,3,18908.9,513201.63,1,5336,31181,7,2023-01-01,27.140744834443037,3.6844972608524253,16.45879317533113,96.17721701649175
1,2,3,4276.15,213153.19,0,2221,45577,4,2023-02-01,49.84698619084925,2.0061393404433683,4.676770959036356,95.97171994597028
1,3,3,3928.08,219115.2,0,2808,57814,2,2023-03-01,55.78175597238346,1.792700825866941,3.790002421558792,78.03247863247864
1,4,3,6119.59,248256.09,0,2887,55873,6,2023-04-01,40.56743834145752,2.4650311700309144,4.443221054892345,85.99102528576377
1,5,3,3597.89,220986.19,0,3385,35489,7,2023-05-01,61.42105233900981,1.6281062631108303,6.2268925582574886,65.28395568685377
1,6,3,4734.95,205534.98,0,2249,50081,3,2023-06-01,43.40805710725562,2.303719785313429,4.104051037319542,91.38949755446866
1,7,3,7346.24,274539.74,0,2393,47508,2,2023-07-01,37.3714634969726,2.67583847788302,5.778810726614465,114.72617634768073
1,8,3,2183.2,201710.15,0,2965,37083,2,2023-08-01,92.3919705020154,1.0823451373170858,5.43942372515708,68.0304047217538
1,9,3,4664.59,229034.93,0,2474,41677,7,2023-09-01,49.10076341114653,2.0366282121246746,5.4954754420903615,92.57677041228779
1,10,3,3631.82,201700.32,0,2862,43730,5,2023-10-01,55.536981458332185,1.80060200201963,4.61240155499657,70.47530398322851
1,11,3,19047.71,517924.43,1,4805,44569,7,2023-11-01,27.190902738439426,3.677700625166494,11.620732571967062,107.78864308012487
1,12,3,17552.26,486225.31,1,4800,35520,7,2023-12-01,27.701578600134685,3.609902577881024,13.68877561936937,101.29693958333333
2,1,1,17685.05,519991.15,1,5851,38428,5,2021-01-01,29.402865697298004,3.4010290367441827,13.531569428541689,88.87218424200992
2,2,1,4826.0,225827.76,0,2953,43746,7,2021-02-01,46.79398259428098,2.137026909357822,5.162249348511864,76.47401286826955
2,3,1,3293.67,214508.8,0,2978,41360,4,2021-03-01,65.12759323186597,1.5354474967926726,5.186382978723404,72.031161853593
2,4,1,4783.21,241443.18,0,3431,46279,5,2021-04-01,50.47722763583451,1.9810913689920753,5.217121804706238,70.37108131740017
2,5,1,6262.65,258377.81,0,3322,46755,4,2021-05-01,41.256945542222546,2.423834306823794,5.526207036680569,77.77778747742323
2,6,1,3459.94,212025.97,0,3414,46465,6,2021-06-01,61.28024474412851,1.6318472685209269,4.563132895727967,62.10485354422964
2,7,1,4715.96,250563.02,0,3460,58789,8,2021-07-01,53.13086200900771,1.882145258306673,4.262073176954872,72.41705780346821
2,8,1,5528.83,225615.14,0,2357,37842,3,2021-08-01,40.80703150576162,2.450558060952824,5.962030019554992,95.72131523122614
2,9,1,6562.82,249824.5,0,2797,43692,8,2021-09-01,38.06663903626795,2.626972134438376,5.717854527144557,89.31873435824097
2,10,1,4513.5,222442.13,0,3057,28598,2,2021-10-01,49.28373324471031,2.0290670656678214,7.778240786068956,72.76484461890743
2,11,1,19858.56,503907.61,1,4512,37974,8,2021-11-01,25.374831307003124,3.9409128986958546,13.26980591983989,111.68165115248226
2,12,1,18429.31,514389.81,1,5012,41126,7,2021-12-01,27.91150672488552,3.5827517656308165,12.507654768273111,102.63164604948125
2,1,2,18278.85,506425.32,1,5215,55699,5,2022-01-01,27.70553508563176,3.609387066191714,9.092179751880645,97.10936145733461
2,2,2,3626.97,216375.61,0,2896,46412,4,2022-02-01,59.657402735616785,1.6762379086995987,4.662061751271223,74.71533494475138
2,3,2,4278.89,221085.59,0,2891,65139,3,2022-03-01,51.668911797218435,1.9353997698357457,3.3940587052303535,76.47374264960222
2,4,2,5184.21,231709.3,0,2214,40274,6,2022-04-01,44.69519946144157,2.23737674750215,5.75332224263793,104.65641373080398
2,5,2,4600.12,211846.14,0,2508,39766,5,2022-05-01,46.052307331113106,2.171443860152467,5.327318312125937,84.46815789473685
2,6,2,4646.58,208281.19,0,2588,37985,3,2022-06-01,44.824621549612836,2.2309167716969545,5.48324838752139,80.4795942812983
2,7,2,3924.52,221623.52,0,2213,62033,3,2022-07-01,56.47149715124397,1.7708048315449552,3.5726713201038156,100.14619069136917
2,8,2,4270.64,245296.14,0,3962,35627,3,2022-08-01,57.43779386696139,1.7410139433910374,6.885119151205547,61.91220090863201
2,9,2,5674.91,254414.99,0,3491,37105,8,2022-09-01,44.831546227164836,2.2305721844455784,6.856622827112249,72.8773961615583
2,10,2,3228.71,204521.07,0,2649,43929,3,2022-10-01,63.34451530177687,1.5786686427955807,4.655718773475381,77.20689694224235
2,11,2,19502.99,525211.56,1,4893,46857,7,2022-11-01,26.92979691831868,3.7133588605703953,11.20881746590691,107.33937461679952
2,12,2,19020.07,514357.47,1,5062,47814,2,2022-12-01,27.04287996837025,3.697831004573531,10.757465804994352,101.61151126037139
2,1,3,22327.52,564473.59,1,4711,47531,5,2023-01-01,25.281517606971125,3.955458748743232,11.875903936378363,119.82033326257694
2,2,3,4046.05,221375.32,0,3429,48086,3,2023-02-01,54.713935813941994,1.8276879283562413,4.603737470365595,64.55973170020414
2,3,3,2848.52,220569.71,0,3276,47101,4,2023-03-01,77.43309157035934,1.2914375233117912,4.682909280057748,67.3289713064713
2,4,3,4156.49,225645.62,0,2981,36116,8,2023-04-01,54.287540689379746,1.8420432889413054,6.247802082179644,75.69460583696745
2,5,3,4550.87,226590.91,0,2820,42662,7,2023-05-01,49.790679584343216,2.008408016014411,5.311305377150626,80.3513865248227
2,6,3,4205.1,232857.3,0,3388,24466,2,2023-06-01,55.374973246771766,1.8058699469589317,9.517587672688629,68.73001770956316
2,7,3,5234.07,249151.7,0,2918,42024,5,2023-07-01,47.60190444529783,2.100756286230437,5.928795450218923,85.38440712816998
2,8,3,4643.97,214585.04,0,2186,51910,5,2023-08-01,46.20724078751585,2.164162981725101,4.1337900211905225,98.16333028362305
2,9,3,5545.67,243210.49,0,2378,42324,7,2023-09-01,43.855925433716756,2.28019358868937,5.74639660712598,102.27522708158115
2,10,3,7062.96,267127.48,0,3270,48512,8,2023-10-01,37.82089662124661,2.6440409650104137,5.5064206794195245,81.69036085626911
2,11,3,18015.63,515062.25,1,5331,42627,7,2023-11-01,28.589744016723255,3.4977577952956174,12.083004902995754,96.61644156818608
2,12,3,18796.38,511430.52,1,4528,51258,6,2023-12-01,27.208990241738036,3.675255829472203,9.977574622497952,112.94843639575973
3,1,1,17304.85,497522.59,1,5300,59565,6,2021-01-01,28.750471110700182,3.478203874119565,8.35259951313691,93.87218679245284
3,2,1,6630.53,246624.68,0,2331,40853,2,2021-02-01,37.1953192278747,2.6885103307584624,6.036880522850219,105.80209352209351
3,3,1,3277.93,199326.01,0,2520,36890,2,2021-03-01,60.80850109672873,1.6445069060480364,5.403253185145026,79.09762301587303
3,4,1,5815.35,224085.93,0,2924,54242,3,2021-04-01,38.53352420748536,2.595142854350561,4.131225434165406,76.63677496580027
3,5,1,6850.97,238283.75,0,2921,45576,8,2021-05-01,34.78102370905142,2.875131015018859,5.2282725557310865,81.57608695652173
3,6,1,3096.63,215101.11,0,2563,49727,7,2021-06-01,69.46296780693851,1.4396160019815798,4.325640195467251,83.9255208739758
3,7,1,6011.96,253737.25,0,2947,51772,8,2021-07-01,42.20541221165809,2.3693643720029285,4.901051726802132,86.10018663047167
3,8,1,5261.91,228310.18,0,2893,46875,7,2021-08-01,43.3892217844851,2.3047198333425167,4.870617173333333,78.9181403387487
3,9,1,6075.37,233756.14,0,2740,43779,8,2021-09-01,38.47603355844994,2.5990205005951927,5.339458187715572,85.3124598540146
3,10,1,4244.71,213840.57,0,2749,56851,3,2021-10-01,50.378134195268935,1.984988161975064,3.761421434979156,77.7884939978174
3,11,1,20629.85,540852.58,1,5080,51755,2,2021-11-01,26.21699042891732,3.8143203458509896,10.450247898753743,106.46704330708661
3,12,1,21781.82,550788.59,1,5336,49432,4,2021-12-01,25.286619299948303,3.9546607165555123,11.142348883314451,103.22125
3,1,2,19286.14,512474.04,1,4198,57834,2,2022-01-01,26.572141444581444,3.763339895226693,8.861120448179271,122.07575988565983
3,2,2,2778.19,185847.15,0,2159,34986,6,2022-02-01,66.89504677505857,1.4948789906113706,5.312043388784085,86.08019916628068
3,3,2,3288.54,194531.66,0,2975,49193,7,2022-03-01,59.15441502916188,1.690490894901118,3.954458154615494,65.38879327731092
3,4,2,5375.76,240902.78,0,2821,41225,7,2022-04-01,44.81278554102118,2.2315060042063446,5.843608975136446,85.3962353775257
3,5,2,5657.7,233644.99,0,2855,51081,6,2022-05-01,41.29681496014281,2.4214942507434034,4.574009710068323,81.83712434325744
3,6,2,5916.11,236947.44,0,2728,46574,8,2022-06-01,40.051222847445366,2.4968026664478837,5.0875475587237515,86.8575659824047
3,7,2,5852.88,228434.11,0,3008,42873,2,2022-07-01,39.02935136206448,2.5621742742360154,5.328157814941805,75.94219082446808
3,8,2,1862.5,177981.89,0,2281,33142,2,2022-08-01,95.56074630872484,1.046454782562428,5.370282119365156,78.02800964489259
3,9,2,6161.46,260341.02,0,3099,42720,2,2022-09-01,42.25313805494152,2.3666881231394115,6.094125,84.00807357212004
3,10,2,5227.11,225922.16,0,2772,55828,7,2022-10-01,43.22123697415972,2.3136774188065483,4.046753600343913,81.50150072150072
3,11,2,18233.48,505946.44,1,4762,33155,2,2022-11-01,27.74821043487036,3.6038360107840663,15.260034383954155,106.24662746745065
3,12,2,19150.23,518862.44,1,5688,33942,3,2022-12-01,27.094318971625928,3.6908106125392313,15.286737375522952,91.22054149085794
3,1,3,19992.98,523477.71,1,5189,43951,5,2023-01-01,26.183075759591617,3.8192609958502337,11.910484630611363,100.88219502794374
3,2,3,3943.68,217295.28,0,2586,36441,6,2023-02-01,55.099622687439144,1.8148944606620077,5.962934057792047,84.0275638051044
3,3,3,6537.37,244738.2,0,2724,47629,5,2023-03-01,37.43679797839192,2.6711686201827094,5.138428268491886,89.84515418502203
3,4,3,4672.95,224754.19,0,2209,53537,3,2023-04-01,48.09685316555923,2.079138101941503,4.198109531725723,101.74476686283386
3,5,3,7220.22,276412.43,0,2953,43950,6,2023-05-01,38.283103561941324,2.6121184202895655,6.28924755403868,93.6039383677616
3,6,3,6217.11,238726.01,0,2827,46281,4,2023-06-01,38.398228437328605,2.604286813992325,5.158186080681057,84.44499823134065
3,7,3,3895.82,206827.27,0,2933,44793,8,2023-07-01,53.089534424075026,1.883610415589782,4.617401602929029,70.517309921582
3,8,3,4170.79,203163.94,0,1970,36060,4,2023-08-01,48.71114105481216,2.0529184460588823,5.634052689961176,103.1289035532995
3,9,3,5494.19,247005.66,0,3574,53847,2,2023-09-01,44.957611586057276,2.2243174508632717,4.587175887236058,69.11182428651371
3,10,3,5672.65,233705.68,0,2686,46482,6,2023-10-01,41.19867786660556,2.4272623583645894,5.027874876296201,87.00881608339539
3,11,3,21834.49,556448.5,1,5425,35864,5,2023-11-01,25.484840726758442,3.9239013134189418,15.515516952933304,102.57115207373272
3,12,3,19611.57,530198.6,1,5573,45732,6,2023-12-01,27.0349900594394,3.698910181958232,11.593601854281465,95.13701776422035
4,1,1,17753.44,502123.91,1,4931,38764,3,2021-01-01,28.28318962409539,3.535669114024066,12.953356464761118,101.83003650375177
4,2,1,4615.14,237225.42,0,3234,47932,4,2021-02-01,51.40156528295999,1.9454660465982103,4.949207627472252,73.35356215213359
4,3,1,4646.95,208004.92,0,2676,52484,2,2021-03-01,44.76160061976135,2.234057732865165,3.9632063104946273,77.72979073243647
4,4,1,6192.42,228171.22,0,2201,55910,7,2021-04-01,36.84685793276296,2.7139356137903805,4.081044893578966,103.66706951385734
4,5,1,7330.16,251004.97,0,2198,21283,5,2021-05-01,34.24276823425409,2.920324645364592,11.793683691208946,114.19698362147406
4,6,1,3101.25,201204.41,0,2576,48720,8,2021-06-01,64.87848770656993,1.5413429556539042,4.129811371100164,78.10730201863355
4,7,1,5299.79,240046.14,0,2839,44311,6,2021-07-01,45.29351917717495,2.207821379673091,5.417303604071225,84.55306093694963
4,8,1,6998.36,241651.18,0,2524,52182,3,2021-08-01,34.529686955229515,2.8960586908783146,4.630929822544172,95.74135499207607
4,9,1,6798.31,242031.38,0,2444,55686,6,2021-09-01,35.60169806907893,2.80885478568936,4.3463595876881085,99.03084288052374
4,10,1,5230.89,256164.48,0,3382,46051,2,2021-10-01,48.97149051117496,2.042004418411171,5.562625784456364,75.74348905972798
4,11,1,19292.22,501370.58,1,4855,37471,3,2021-11-01,25.98822634201766,3.8478963005767115,13.380229510821703,103.26891452111226
4,12,1,20191.16,512711.78,1,5254,40689,8,2021-12-01,25.392883816482065,3.9381111937783055,12.6007466391408,97.58503616292349
4,1,2,18927.36,505024.5,1,4685,31508,7,2022-01-01,26.68224728646784,3.747810254750017,16.028453091278404,107.79605122732124
4,2,2,5118.59,221918.74,0,2698,43726,7,2022-02-01,43.355443588957115,2.3065154389394964,5.075212459406303,82.25305411415863
4,3,2,5673.86,245933.67,0,3082,50301,8,2022-03-01,43.34503671222061,2.30706921911099,4.889240174151608,79.79677806619078
4,4,2,4517.56,233234.5,0,3614,44303,7,2022-04-01,51.628423308157494,1.9369175657975128,5.2645306186939935,64.53638627559491
4,5,2,4084.35,204867.88,0,2387,35044,6,2022-05-01,50.15923708790873,1.9936507372458774,5.846018719324278,85.82651026392962
4,6,2,5014.85,223931.92,0,2771,47674,5,2022-06-01,44.6537623258921,2.2394529551660165,4.697149809120275,80.81267412486467
4,7,2,4234.8,232085.03,0,3160,50915,3,2022-07-01,54.804248134504576,1.8246760680772904,4.558284002749681,73.44462974683545
4,8,2,4586.7,228886.73,0,2875,33414,2,2022-08-01,49.902267425382085,2.0039169592750086,6.850024839887473,79.61277565217392
4,9,2,6533.78,252309.0,0,2440,46518,6,2022-09-01,38.61608441055561,2.5895945051504303,5.423900425641687,103.40532786885245
4,10,2,2066.23,184108.02,0,2698,47907,8,2022-10-01,89.10335248254066,1.1222922282255818,3.843029619888534,68.23870274277242
4,11,2,21125.2,526965.43,1,4882,36422,2,2022-11-01,24.944872947948422,4.008839820858837,14.468327659107134,107.94048136009833
4,12,2,20871.0,519643.0,1,4665,46883,2,2022-12-01,24.89784868956926,4.016411266965974,11.083825693748267,111.39185423365488
4,1,3,18682.7,497760.37,1,5099,59570,8,2023-01-01,26.642849802223445,3.7533522405570374,8.355890045324827,97.61921357128848
4,2,3,4207.51,218156.98,0,2287,41611,7,2023-02-01,51.849426382824994,1.9286616453894807,5.2427718632092475,95.39002186270224
4,3,3,3922.95,229399.02,0,2896,30800,3,2023-03-01,58.476151875501856,1.7100988487221958,7.448020129870129,79.21236878453038
4,4,3,5447.5,237337.39,0,2548,39907,4,2023-04-01,43.568130335016065,2.295255711710658,5.947262134462626,93.14654238618525
4,5,3,3389.13,216173.77,0,2979,31515,8,2023-05-01,63.784443205188346,1.5677804018498636,6.859392987466285,72.56588452500839
4,6,3,4003.48,197920.7,0,2230,48570,2,2023-06-01,49.43716466673994,2.0227697254506474,4.074957792876261,88.75367713004485
4,7,3,6680.07,252165.68,0,3085,46933,8,2023-07-01,37.74895772050293,2.6490797637489765,5.372886455159483,81.73928038897893
4,8,3,4199.42,224778.14,0,2812,47151,3,2023-08-01,53.52599644712841,1.8682510674747996,4.76719772645331,79.93532716927454
4,9,3,3585.42,190270.76,0,2586,41706,6,2023-09-01,53.067913940347296,1.8843778203229966,4.562191531194553,73.57724671307038
4,10,3,4821.56,224355.98,0,3444,65394,6,2023-10-01,46.53182372510142,2.1490668534888173,3.430834327308316,65.14401277584204
4,11,3,17518.13,497604.1,1,4875,42710,5,2023-11-01,28.40509232435197,3.520495510386671,11.650763287286349,102.07263589743589
4,12,3,19499.92,539182.47,1,5209,33044,8,2023-12-01,27.650496514857497,3.616571584754972,16.31710658515918,103.5097849875216
5,1,1,19584.33,507390.56,1,5068,42301,5,2021-01-01,25.907986640339494,3.859813631534651,11.99476513557599,100.11652722967641
5,2,1,7054.91,254835.54,0,2865,41876,2,2021-02-01,36.12172798802536,2.7684168385618424,6.085479510937052,88.94783246073298
5,3,1,5106.68,236733.79,0,3467,36170,4,2021-03-01,46.35767073715212,2.157140305150355,6.545031517832458,68.28202768964523
5,4,1,4705.45,214589.7,0,2870,54700,3,2021-04-01,45.604501163544406,2.1927660088065735,3.9230292504570388,74.76993031358886
5,5,1,4657.69,212503.12,0,2792,37780,8,2021-05-01,45.62414415729686,2.191821936543802,5.62475172048703,76.11143266475645
5,6,1,4349.86,190434.34,0,2153,48856,3,2021-06-01,43.779418188171576,2.28417836825018,3.8978700671360733,88.45069205759405
5,7,1,3363.36,223080.83,0,3113,47178,2,2021-07-01,66.32677738927738,1.50768669813538,4.72849272966213,71.66104400899454
5,8,1,5785.43,245428.74,0,2939,64060,4,2021-08-01,42.42186665468253,2.3572748652011986,3.8312322822354044,83.5075671997278
5,9,1,6532.75,243416.42,0,2733,51534,8,2021-09-01,37.26094217595959,2.6837754001969136,4.72341405673924,89.0656494694475
5,10,1,5772.3,248504.62,0,2625,41167,5,2021-10-01,43.05123087850597,2.322813958146935,6.036500595136881,94.66842666666666
5,11,1,18537.11,511749.7,1,4816,41601,7,2021-11-01,27.60676826107198,3.622300120547213,12.301379774524651,106.26031976744186
5,12,1,17828.82,464165.0,1,4099,38386,5,2021-12-01,26.034532851865688,3.8410522120366677,12.092038764132758,113.23859477921444
5,1,2,20089.12,517160.94,1,4614,37678,3,2022-01-01,25.74333470057424,3.884500635334138,13.72580657147407,112.08516254876463
5,2,2,6149.89,228956.99,0,2387,44544,5,2022-02-01,37.229444754296416,2.686045968721025,5.140018633261494,95.91830330959363
5,3,2,5766.34,232916.93,0,2435,49468,5,2022-03-01,40.39250720561049,2.4757066822063987,4.70843636290127,95.65377002053388
5,4,2,4719.88,230393.02,0,3080,36719,4,2022-04-01,48.81332152512352,2.0486210910382616,6.274490590702361,74.80292857142857
5,5,2,4228.7,204200.12,0,2313,32492,4,2022-05-01,48.28910066923641,2.0708606831376986,6.284627600640158,88.28366623432771
5,6,2,2343.59,185848.03,0,2761,54024,5,2022-06-01,79.30057305245371,1.2610249352656577,3.4401012512957205,67.3118544005795
5,7,2,6054.56,227273.44,0,2430,56689,7,2022-07-01,37.53756507491874,2.663998045702129,4.009127696731288,93.5281646090535
5,8,2,5041.57,227224.74,0,2352,48582,4,2022-08-01,45.07023407390952,2.2187592777089327,4.67713844633815,96.6091581632653
5,9,2,5877.82,246021.92,0,2724,47225,2,2022-09-01,41.855980618664745,2.389144837175484,5.20956950767602,90.31641703377386
5,10,2,5742.51,237147.97,0,2152,27021,2,2022-10-01,41.29691894311024,2.421488153577701,8.776432034343658,110.19887081784387
5,11,2,19719.43,528651.87,1,4591,30121,5,2022-11-01,26.80867905411059,3.7301352967880357,17.550940207828425,115.14961228490525
5,12,2,17768.76,502024.77,1,5206,42026,2,2022-12-01,28.2532247607599,3.539418981258634,11.945575834007519,96.4319573568959
5,1,3,20879.78,542485.77,1,4880,36879,8,2023-01-01,25.981393003182987,3.848908331733752,14.709882860164322,111.16511680327869
5,2,3,5804.35,236950.59,0,2431,51840,6,2023-02-01,40.8229328003997,2.4496035228272697,4.570806134259259,97.47041958041957
5,3,3,5765.93,251299.46,0,3299,50082,6,2023-03-01,43.58350864474594,2.2944458376472436,5.017760073479494,76.1744346771749
5,4,3,4245.93,198260.43,0,2086,45668,4,2023-04-01,46.69422953275254,2.141592248135445,4.341342515546991,95.04335091083414
5,5,3,5482.88,259095.51,0,3472,58831,7,2023-05-01,47.25536761701879,2.11616171966855,4.4040643538270645,74.62428283410138
5,6,3,3620.27,217091.22,0,2804,46622,4,2023-06-01,59.96547771298826,1.6676261711551486,4.656411565355412,77.4219757489301
5,7,3,4595.88,240363.1,0,2824,34578,3,2023-07-01,52.29969015727129,1.9120572167691297,6.951330325640581,85.11441218130312
5,8,3,5200.36,239584.08,0,3157,45091,2,2023-08-01,46.070672030397894,2.1705782788238683,5.313345900512297,75.88979410833069
5,9,3,3831.48,204899.26,0,2718,36340,3,2023-09-01,53.477836240826,1.8699335468561475,5.638394606494222,75.38604120676969
5,10,3,2818.55,206913.13,0,3004,48130,3,2023-10-01,73.4111972468113,1.362190016650949,4.2990469561603994,68.87920439414114
5,11,3,19116.16,514797.51,1,5398,53473,7,2023-11-01,26.929964490776392,3.713335754090963,9.627241972584295,95.36819377547239
5,12,3,19410.26,520409.72,1,4566,47756,8,2023-12-01,26.811063839433373,3.7298035094348347,10.897263589915402,113.97497152869032
6,1,1,18495.91,516590.79,1,5439,43942,7,2021-01-01,27.930001281364365,3.580379355969548,11.756196577306449,94.97900165471593
6,2,1,5110.98,226242.12,0,2719,40376,8,2021-02-01,44.26589812521278,2.259075365807216,5.603381216564295,83.20784111805811
6,3,1,5242.75,230962.58,0,2548,47491,6,2021-03-01,44.05370845453245,2.269956457881619,4.8632915710345115,90.6446546310832
6,4,1,6548.33,231475.35,0,2344,41150,4,2021-04-01,35.34876067638619,2.828953493320131,5.625160388821385,98.7522824232082
6,5,1,4639.2,209883.52,0,1953,30105,6,2021-05-01,45.241317468529054,2.2103688750789012,6.971716326191662,107.46724014336917
6,6,1,4947.46,250991.03,0,3285,23617,8,2021-06-01,50.73129039951814,1.9711700453996304,10.627557691493415,76.40518417047184
6,7,1,3766.0,204845.96,0,2348,41961,6,2021-07-01,54.39351035581519,1.8384546124317023,4.881817878506232,87.24274275979556
6,8,1,4790.85,253390.72,0,3370,59699,8,2021-08-01,52.89055595562374,1.8906967074405885,4.244471766696259,75.19012462908012
6,9,1,5337.85,237629.99,0,2814,59029,8,2021-09-01,44.51792200979795,2.246286337848182,4.025648240695252,84.44562544420754
6,10,1,4187.48,251279.77,0,4071,51810,8,2021-10-01,60.00739585621902,1.6664612515364847,4.850024512642347,61.724335544092355
6,11,1,18858.92,510925.68,1,4855,41081,2,2021-11-01,27.09199042150876,3.691127836831376,12.437031230982692,105.23700926879505
6,12,1,19463.8,503159.85,1,5005,47692,3,2021-12-01,25.851059402583257,3.8683134196816376,10.55019395286421,100.53143856143856
6,1,2,18672.77,514533.05,1,5266,37143,3,2022-01-01,27.555260949500262,3.629071057728945,13.85275960477075,97.70851690087352
6,2,2,3422.35,203208.65,0,2522,51648,2,2022-02-01,59.37693397811445,1.6841556695544209,3.934492139095415,80.57440523394132
6,3,2,3683.07,216179.08,0,2566,44627,2,2022-03-01,58.69534926026385,1.7037124961397747,4.844132027696237,84.24749805144192
6,4,2,2246.97,197715.09,0,2825,29864,2,2022-04-01,87.9918690503211,1.1364686428334831,6.620516005893383,69.98764247787611
6,5,2,5154.11,238228.54,0,2711,44172,4,2022-05-01,46.221081816259264,2.16351491723032,5.3932024812098165,87.87478421246773
6,6,2,3400.49,205507.23,0,2355,35624,8,2022-06-01,60.43459324979636,1.6546814435677029,5.768785930833147,87.26421656050955
6,7,2,2786.19,206115.97,0,3297,41549,4,2022-07-01,73.97771508762862,1.3517584299751253,4.960792558184313,62.5162177737337
6,8,2,4880.94,222445.28,0,2576,41732,2,2022-08-01,45.57427052985696,2.1942205292016084,5.330328764497268,86.35298136645963
6,9,2,5366.47,230054.51,0,3219,39591,5,2022-09-01,42.868870971048004,2.3326949773773182,5.810777954585638,71.46769493631562
6,10,2,4739.47,242769.84,0,2955,45820,7,2022-10-01,51.22299328827906,1.952248269389641,5.29833784373636,82.15561421319796
6,11,2,17697.22,493444.0,1,4751,61482,3,2022-11-01,27.882571386918396,3.5864697919115445,8.02582869783026,103.86108187749947
6,12,2,19256.14,512760.34,1,4569,38985,8,2022-12-01,26.628407354745033,3.7553879459554143,13.152759779402334,112.22594440796674
6,1,3,20781.54,534131.81,1,4751,52899,2,2023-01-01,25.70222466669939,3.890713792163024,10.097200514187415,112.42513365607242
6,2,3,4217.57,223884.82,0,3345,29953,7,2023-02-01,53.08384211761749,1.883812399607977,7.474537441992455,66.93118684603887
6,3,3,7067.17,254694.28,0,2847,40428,4,2023-03-01,36.03907646200671,2.774765887950055,6.29994756109627,89.46058306989814
6,4,3,4953.68,232862.24,0,2965,43141,5,2023-04-01,47.007929458503575,2.127300673565624,5.39770149046151,78.53701180438448
6,5,3,5457.98,243834.18,0,2979,54322,7,2023-05-01,44.67480276585843,2.238398242608973,4.488681933654872,81.85101711983887
6,6,3,6014.27,241200.96,0,2339,44296,8,2023-06-01,40.104777470915,2.4934685168748913,5.445208596713021,103.12140230867892
6,7,3,6482.19,252013.12,0,2884,52091,8,2023-07-01,38.87777433244012,2.57216370322307,4.837939759267436,87.38319001386962
6,8,3,1437.01,188133.17,0,2657,47686,6,2023-08-01,130.91987529662285,0.7638259643421731,3.945249549133918,70.80661272111405
6,9,3,5197.28,197187.87,0,1340,31212,7,2023-09-01,37.940590077886895,2.6356996502878194,6.31769415609381,147.15512686567163
6,10,3,4538.44,237674.69,0,2515,55964,3,2023-10-01,52.36924802354995,1.9095175847289418,4.246921056393396,94.50285884691849
6,11,3,19122.51,506433.4,1,4999,48264,7,2023-11-01,26.483625842005054,3.7759180180454126,10.492984419028677,101.30694138827766
6,12,3,17256.61,489240.66,1,4956,44715,3,2023-12-01,28.350913649899947,3.527223187050725,10.941309627641731,98.7168401937046
7,1,1,18708.53,503306.85,1,4703,52394,7,2021-01-01,26.902533229494782,3.7171220697671807,9.606192502958354,107.01825430576227
7,2,1,3799.03,209257.6,0,2889,49934,2,2021-02-01,55.08184984061721,1.8154800590277247,4.190683702487283,72.4325372101073
7,3,1,5366.6,246444.1,0,3241,41701,6,2021-03-01,45.92183132709723,2.177613503427349,5.909788734083116,76.03952483801297
7,4,1,5819.4,232193.89,0,2187,46835,6,2021-04-01,39.8999707873664,2.5062674991146405,4.95770022419131,106.1700457247371
7,5,1,4312.16,222819.55,0,3052,33765,4,2021-05-01,51.672375329301325,1.935270042507491,6.5991277950540495,73.00771625163827
7,6,1,7289.92,274661.55,0,3148,56834,8,2021-06-01,37.67689494534919,2.6541465305209266,4.832697856916634,87.24953939008894
7,7,1,5101.83,231876.12,0,2756,47821,3,2021-07-01,45.44959749736859,2.2002395071989302,4.8488346124087744,84.13502177068214
7,8,1,4015.36,221190.48,0,3129,44525,7,2021-08-01,55.0860894166401,1.81534033471965,4.967781695676586,70.69046979865772
7,9,1,5704.56,240409.93,0,3053,45023,7,2021-09-01,42.14346592901117,2.3728470783215987,5.339713701885703,78.74547330494595
7,10,1,3478.82,229120.33,0,3102,48030,2,2021-10-01,65.86150763764724,1.5183375477854804,4.770358734124505,73.86213088330109
7,11,1,17409.93,490718.5,1,4799,31759,7,2021-11-01,28.186127112515674,3.5478446400533095,15.451320885418307,102.25432381746197
7,12,1,19589.74,520815.91,1,4890,42305,3,2021-12-01,26.586157345630923,3.761355907886916,12.310977662214867,106.50632106339468
7,1,2,16436.02,481584.69,1,5126,48278,8,2022-01-01,29.30056607378185,3.4129033462421745,9.975241103608269,93.94941279750293
7,2,2,4900.2,221852.66,0,1927,45288,5,2022-02-01,45.27420513448431,2.208763239530236,4.898707383854442,115.12852101712507
7,3,2,5514.63,240902.26,0,3275,46622,5,2022-03-01,43.68421090807543,2.2891566065009106,5.167136973960791,73.55794198473282
7,4,2,4388.45,229488.88,0,2799,52889,6,2022-04-01,52.29383495311557,1.9122713048231357,4.339066346499272,81.98959628438729
7,5,2,5585.5,243101.4,0,3070,37361,7,2022-05-01,43.52365947542744,2.297600918793557,6.506822622520811,79.18612377850162
7,6,2,4117.32,218658.65,0,2495,38126,5,2022-06-01,53.107033215781144,1.8829897650973333,5.735158422074175,87.63873747494989
7,7,2,4725.12,221084.59,0,2417,48500,2,2022-07-01,46.7892011208181,2.137245296019953,4.558445154639175,91.47066197765825
7,8,2,6446.04,266555.19,0,3778,33981,7,2022-08-01,41.35177411247836,2.4182759300240972,7.844242076454489,70.55457649550027
7,9,2,4734.5,241798.38,0,2964,45946,5,2022-09-01,51.07157672404689,1.95803627799326,5.262664432159491,81.5784008097166
7,10,2,4307.9,218318.78,0,2617,54057,6,2022-10-01,50.67870191972887,1.9732154970818359,4.038677322085946,83.42330149025602
7,11,2,18879.97,502262.59,1,4571,48640,2,2022-11-01,26.602933691102262,3.758983921139737,10.326122327302633,109.88024283526582
7,12,2,16951.95,473092.34,1,4554,43165,7,2022-12-01,27.90784187069924,3.5832222521294677,10.960091277655508,103.88501097935881
7,1,3,18407.14,518988.06,1,5090,55552,4,2023-01-01,28.194931966617304,3.5467367014185256,9.34238299251152,101.96229076620826
7,2,3,5394.91,237380.29,0,2897,43790,6,2023-02-01,44.00078777959225,2.272686582361155,5.420878967800868,81.94003797031412
7,3,3,2982.31,212205.68,0,2844,41733,5,2023-03-01,71.15480282063233,1.4053865099181135,5.084841252725661,74.61521800281294
7,4,3,4814.83,232539.38,0,2689,40231,2,2023-04-01,48.296488141845096,2.0705439224960522,5.780104397106709,86.47801413164746
7,5,3,4714.53,240903.79,0,2872,39751,2,2023-05-01,51.09815612584924,1.9570177787572374,6.0603202435158865,83.88014972144848
7,6,3,6546.13,261540.38,0,2997,52789,8,2023-06-01,39.95343508301852,2.5029136992153944,4.9544484646422555,87.2673940607274
7,7,3,3678.91,224562.76,0,3045,49786,4,2023-07-01,61.04056908160298,1.6382547132926222,4.510560398505604,73.7480328407225
7,8,3,6337.14,243393.42,0,2257,38643,6,2023-08-01,38.40745509804107,2.6036611836096473,6.298512537846441,107.83935312361542
7,9,3,4568.0,236724.19,0,3394,42826,3,2023-09-01,51.82228327495622,1.9296718261027739,5.527581142296736,69.74784619917502
7,10,3,4647.86,229548.54,0,2831,54069,5,2023-10-01,49.388006523432296,2.0247830807375204,4.245474116406814,81.08390674673261
7,11,3,18072.26,492852.53,1,4604,48602,3,2023-11-01,27.27121732423062,3.6668696820933424,10.140581251800338,107.04876846220678
7,12,3,20982.37,534668.87,1,4926,42838,2,2023-12-01,25.481814971330696,3.924367244346954,12.48118189457958,108.54016849370686
8,1,1,18248.71,496733.72,1,4902,28220,3,2021-01-01,27.220210086082798,3.6737409330697344,17.602187101346562,101.33286821705425
8,2,1,6419.73,257866.43,0,3352,43680,7,2021-02-01,40.16779989189577,2.4895563179743867,5.903535485347986,76.92912589498806
8,3,1,6948.33,235475.12,0,2814,44289,5,2021-03-01,33.88945545188556,2.9507703404079377,5.316785657838289,83.6798578535892
8,4,1,4830.51,219469.0,0,1999,40654,7,2021-04-01,45.43391898577997,2.200998774314368,5.398460176120431,109.78939469734867
8,5,1,6074.75,248171.52,0,2989,41926,3,2021-05-01,40.852960204123626,2.4478030355779747,5.91927491294185,83.02827701572431
8,6,1,4269.84,234150.62,0,3185,47181,3,2021-06-01,54.83826560245817,1.823544178529188,4.962815964053326,73.51667817896389
8,7,1,1959.15,183360.37,0,2844,45010,8,2021-07-01,93.59179746318556,1.0684697025862242,4.0737696067540545,64.47270393811533
8,8,1,4536.33,204227.36,0,2325,42093,8,2021-08-01,45.02039313718358,2.221215609896735,4.851812890504359,87.83972473118278
8,9,1,6924.35,243088.21,0,2405,38113,4,2021-09-01,35.10628578855777,2.848492734386419,6.378091727232178,101.07617879417879
8,10,1,2426.36,195953.32,0,2654,35806,7,2021-10-01,80.76020046489391,1.2382336772859985,5.47263922247668,73.8332027128862
8,11,1,17972.05,494653.62,1,4600,44321,2,2021-11-01,27.523494537351056,3.6332595726278116,11.160705308995736,107.53339565217391
8,12,1,17382.19,503051.8,1,5146,48339,7,2021-12-01,28.940645568826483,3.4553479383236474,10.406748174351971,97.75588806840264
8,1,2,17349.58,484887.32,1,4679,50062,4,2022-01-01,27.948072518181995,3.578064280996253,9.685736087251808,103.63054498824535
8,2,2,4828.87,243228.73,0,2946,49903,2,2022-02-01,50.369699329242664,1.985320566365659,4.874030218624131,82.56236591989138
8,3,2,7179.47,279491.54,0,3203,42946,5,2022-03-01,38.9292719379007,2.5687611152738294,6.50797606296279,87.25930065563533
8,4,2,6533.64,231481.46,0,2308,37587,2,2022-04-01,35.42917271230126,2.8225327419310386,6.158551094793412,100.29525996533795
8,5,2,4699.32,212047.38,0,2270,41110,5,2022-05-01,45.122992262710355,2.2161650853691284,5.158048649963512,93.41294273127754
8,6,2,3730.61,228560.36,0,2530,39301,3,2022-06-01,61.26621651686989,1.6322209152978235,5.815637261138393,90.34006324110672
8,7,2,4818.73,224658.35,0,2919,52094,4,2022-07-01,46.62190037624022,2.144914711605422,4.31255710830422,76.96414868105516
8,8,2,2506.76,163384.82,0,1739,33975,3,2022-08-01,65.17768753291101,1.534267381755539,4.808971891096395,93.95331799884991
8,9,2,6660.66,244993.74,0,2321,55599,8,2022-09-01,36.782201763789175,2.718706200411488,4.406441482760481,105.55525204653166
8,10,2,5384.58,246478.69,0,3113,37792,7,2022-10-01,45.774914663724935,2.184602652667458,6.521980577900084,79.17722132990684
8,11,2,18330.06,491820.53,1,4769,49476,8,2022-11-01,26.83136498189313,3.726981466186456,9.940587961840084,103.12864961207801
8,12,2,19306.25,501802.82,1,4526,45692,7,2022-12-01,25.991729103269666,3.847377740922221,10.982290554145147,110.87114891736633
8,1,3,20853.54,545638.28,1,5010,49564,3,2023-01-01,26.165259231765926,3.8218616186532954,11.008762004680817,108.90983632734532
8,2,3,4532.19,225927.24,0,2399,58468,3,2023-02-01,49.849463504398535,2.0060396435595815,3.8641178080317435,94.17558982909546
8,3,3,4628.16,213948.89,0,2827,41702,7,2023-03-01,46.22763474037199,2.163208231648222,5.13042276149825,75.680541209763
8,4,3,4186.39,230000.41,0,3186,57134,8,2023-04-01,54.94003425385594,1.8201663205730807,4.025631147827913,72.19096359070936
8,5,3,4753.19,236117.51,0,2509,39972,8,2023-05-01,49.67558839432045,2.013061208378828,5.907072700890624,94.10821442805899
8,6,3,5176.78,235413.54,0,2607,52994,4,2023-06-01,45.474897523170775,2.1990154007284373,4.442267803902329,90.30055235903338
8,7,3,3888.79,219140.15,0,2621,44603,5,2023-07-01,56.35175723039814,1.7745675541428627,4.913125798713091,83.60936665394887
8,8,3,6839.32,268746.58,0,3060,49748,3,2023-08-01,39.29434212757994,2.5448956410905765,5.402158478732813,87.8256797385621
8,9,3,4987.71,222754.48,0,2650,47984,8,2023-09-01,44.660671931607894,2.239106481719245,4.642265755251751,84.05829433962265
8,10,3,4696.55,247971.49,0,3448,47909,6,2023-10-01,52.79864794370335,1.8939878935275989,5.175885324260578,71.91748549883991
8,11,3,18650.3,495165.2,1,4131,28887,3,2023-11-01,26.549985791113283,3.7664803584743027,17.141454633572195,119.86569837811668
8,12,3,21300.49,537641.49,1,4469,44814,5,2023-12-01,25.240803850052274,3.9618389570343617,11.997176998259473,120.3046520474379
9,1,1,16274.7,483563.55,1,5067,41487,5,2021-01-01,29.712593780530515,3.3655762515599035,11.655784944681466,95.43389579632918
9,2,1,3854.2,213474.68,0,3138,32395,7,2021-02-01,55.387546053655754,1.805460019895568,6.589741626794258,68.02889738687061
9,3,1,1853.14,190585.82,0,2413,45427,6,2021-03-01,102.84480395436934,0.9723388655042646,4.195430470865345,78.98293410692085
9,4,1,1882.97,190442.29,0,3101,42991,4,2021-04-01,101.13931183184013,0.9887352226230843,4.429817636249448,61.41318606901
9,5,1,3039.52,222184.79,0,3293,22776,2,2021-05-01,73.09864386482076,1.3680144351915358,9.755215577801195,67.47184634072275
9,6,1,5643.17,247929.88,0,2529,48231,4,2021-06-01,43.93450489707026,2.276115327446615,5.140467334287077,98.03474891261368
9,7,1,6388.66,239503.8,0,2718,48008,5,2021-07-01,37.488894384737954,2.6674566332559233,4.9888310281619725,88.1176600441501
9,8,1,3020.98,204431.91,0,2575,44822,5,2021-08-01,67.67072605578322,1.477743861024436,4.560972513497836,79.39103300970874
9,9,1,4798.29,240863.7,0,3186,47343,8,2021-09-01,50.1978204735437,1.9921183640374203,5.087630695139725,75.60065913370998
9,10,1,5779.87,228383.23,0,2048,36401,3,2021-10-01,39.51355826342115,2.530776887602474,6.274092195269361,111.5152490234375
9,11,1,19986.97,549481.55,1,5164,59875,3,2021-11-01,27.49198853052764,3.637423312939261,9.177144885177453,106.40618706429126
9,12,1,19285.68,518392.04,1,4914,38616,2,2021-12-01,26.879635045277116,3.720288606283384,13.424281126993991,105.49288563288563
9,1,2,19127.01,504867.86,1,4789,36740,5,2022-01-01,26.395545357063128,3.788518049059411,13.74164017419706,105.4223971601587
9,2,2,4579.06,236434.93,0,3166,44126,8,2022-02-01,51.63394452136464,1.9367104513702778,5.358177265104473,74.67938408085912
9,3,2,5515.83,224274.3,0,2283,47821,2,2022-03-01,40.66011824149765,2.4594124248743614,4.689870558959453,98.23666228646518
9,4,2,4529.58,218078.57,0,2597,41717,7,2022-04-01,48.1454284944741,2.0770403987883816,5.227570774504398,83.97326530612246
9,5,2,4167.06,230008.26,0,3166,31134,4,2022-05-01,55.19677182473974,1.8117001537249142,7.38768741568703,72.64948199620973
9,6,2,6607.34,249246.83,0,2349,55629,4,2022-06-01,37.72271897616893,2.6509223808383044,4.480519692965899,106.10763303533417
9,7,2,3106.31,196573.39,0,2194,51632,6,2022-07-01,63.28196155567217,1.5802291449519181,3.807200766966223,89.5958933454877
9,8,2,5201.67,237759.94,0,2945,49448,7,2022-08-01,45.70838596066263,2.1877823488683585,4.808282235884161,80.73342614601019
9,9,2,4715.23,236267.6,0,3389,54808,7,2022-09-01,50.10733304632012,1.9957158747115555,4.3108232374835795,69.71602242549424
9,10,2,6413.57,226052.29,0,2099,45753,5,2022-10-01,35.245937909775684,2.8372063826471297,4.940709680239547,107.69523106241067
9,11,2,20526.33,529387.53,1,5134,37673,3,2022-11-01,25.790656683391525,3.8773731598853494,14.052173439864095,103.11404947409427
9,12,2,20835.38,543157.79,1,5184,30030,8,2022-12-01,26.069012900172687,3.8359718637193807,18.087172494172496,104.77580825617285
9,1,3,20411.12,526027.52,1,4927,49604,8,2023-01-01,25.771614688463938,3.880238052944454,10.604538343681961,106.76426222853664
9,2,3,4124.54,223975.82,0,2718,41066,8,2023-02-01,54.303224117113665,1.8415112845663428,5.454045195538889,82.40464311994114
9,3,3,5620.1,236326.41,0,2902,50213,6,2023-03-01,42.05021440899628,2.3781091584304948,4.706478601159063,81.43570296347347
9,4,3,6162.24,271328.2,0,3691,32456,6,2023-04-01,44.03077452354988,2.2711387905864555,8.359877988661573,73.51075589271201
9,5,3,6422.05,241550.74,0,2459,62834,4,2023-05-01,37.61271556590185,2.658675357401099,3.844268071426298,98.2312891419276
9,6,3,5335.12,244064.89,0,2713,43324,5,2023-06-01,45.74684168303619,2.1859432546811624,5.633480057243099,89.96125691116845
9,7,3,5859.54,247247.77,0,2872,37708,3,2023-07-01,42.19576451393795,2.3699061067365745,6.556904900816803,86.08905640668523
9,8,3,3741.85,213720.69,0,3098,42832,5,2023-08-01,57.11631679516817,1.7508131758324381,4.989743416137467,68.98666559070368
9,9,3,4409.91,187884.03,0,2145,46895,2,2023-09-01,42.60495792431138,2.347144672168252,4.006483207164943,87.59162237762237
9,10,3,4281.77,215683.96,0,2301,53966,5,2023-10-01,50.37261693178288,1.9852055757878337,3.99666382537153,93.73488048674488
9,11,3,19478.23,527318.98,1,4443,56509,7,2023-11-01,27.07222268142434,3.693823044260611,9.33159284361783,118.68534323655187
9,12,3,18139.08,510972.55,1,5606,42547,6,2023-12-01,28.16970596083153,3.5499128084277722,12.009602322137871,91.14744024259721
10,1,1,20643.78,535465.65,1,5203,44158,7,2021-01-01,25.93835285979603,3.8552949194780277,12.126130033063092,102.91478954449357
10,2,1,7056.88,274483.14,0,3719,45725,7,2021-02-01,38.89582081599801,2.57097029711916,6.002911755057409,73.80563054584566
10,3,1,5335.71,249266.91,0,3185,39203,6,2021-03-01,46.716727483315246,2.140560895146492,6.358363135474326,78.2627660910518
10,4,1,3061.85,196013.11,0,2816,34708,4,2021-04-01,64.01786828224766,1.5620638844003853,5.647490780223579,69.60692826704545
10,5,1,4901.4,198389.49,0,2092,45875,4,2021-05-01,40.47608642428694,2.4705945864370134,4.3245665395095365,94.83245219885276
10,6,1,7389.14,246026.56,0,2723,43697,3,2021-06-01,33.29569611619214,3.003391178578443,5.630284916584663,90.35128901946382
10,7,1,5848.9,238677.42,0,2643,58646,4,2021-07-01,40.8072321291183,2.4505460131084034,4.069798792756539,90.30549375709421
10,8,1,4053.02,228418.67,0,2931,51220,4,2021-08-01,56.35764689046687,1.774382102828985,4.4595601327606404,77.93199249402934
10,9,1,4212.97,210874.14,0,2250,47626,4,2021-09-01,50.05355841603429,1.9978599557062806,4.427710494267838,93.72184
10,10,1,4304.18,208718.28,0,2550,36426,3,2021-10-01,48.49199615257726,2.062195989733147,5.7299258771207375,81.85030588235294
10,11,1,17298.21,490370.1,1,5129,35799,2,2021-11-01,28.34802560496144,3.527582534090068,13.697871448923154,95.60735036069408
10,12,1,19508.37,512906.54,1,4750,55601,7,2021-12-01,26.291614317341736,3.8034941024538313,9.224771856621283,107.9803242105263
10,1,2,20959.86,541159.06,1,5199,28142,8,2022-01-01,25.81882989676458,3.873142214416589,19.229587804704714,104.08906712829392
10,2,2,6062.43,227655.38,0,2827,49385,7,2022-02-01,37.5518364748129,2.662985605699281,4.609808241368837,80.52896356561726
10,3,2,6508.07,233861.45,0,2127,46682,2,2022-03-01,35.93407108405411,2.7828742189018327,5.009670751038945,109.94896567936061
10,4,2,1397.49,171364.86,0,2026,34855,8,2022-04-01,122.62331751926668,0.8155055826497918,4.916507244297804,84.58285291214214
10,5,2,6270.3,242912.54,0,2724,41604,4,2022-05-01,38.740178300878746,2.581299425710999,5.838682338236708,89.17494126284876
10,6,2,5665.19,225485.44,0,1946,49938,5,2022-06-01,39.80192014742666,2.5124416015508584,4.515307781649245,115.87124357656732
10,7,2,3562.31,226197.46,0,3192,35681,8,2022-07-01,63.49741038820316,1.574867374726489,6.339437235503489,70.86386591478697
10,8,2,6570.78,235012.19,0,2125,37557,2,2022-08-01,35.76625453903494,2.7959315642307745,6.257480363181298,110.59397176470588
10,9,2,6574.52,253430.97,0,3135,46895,7,2022-09-01,38.547448330828715,2.594205435902329,5.404221558801578,80.83922488038277
10,10,2,5432.91,225924.99,0,2087,38574,3,2022-10-01,41.584526524459264,2.404740617671379,5.856924093949292,108.25346909439386
10,11,2,18345.54,482853.13,1,4373,39205,6,2022-11-01,26.319919173815542,3.799403764867383,12.316110955235303,110.41690601417791
10,12,2,19709.26,523448.09,1,4748,39171,8,2022-12-01,26.55848519934285,3.7652749864843327,13.363153608536928,110.24601727042966
10,1,3,17857.37,489051.78,1,4941,41863,7,2023-01-01,27.386551323067174,3.651427257866232,11.682196211451641,98.97829993928354
10,2,3,3402.25,205737.49,0,2423,39921,2,2023-02-01,60.471008891174954,1.6536849944071934,5.153615640890759,84.9102311184482
10,3,3,4382.14,230955.71,0,3091,32303,6,2023-03-01,52.70386386559991,1.8973940934389544,7.149667523140265,74.71876738919443
10,4,3,3152.55,208358.02,0,2794,33371,3,2023-04-01,66.0919002077683,1.5130447102540139,6.243685235683677,74.57337866857551
10,5,3,5973.27,248252.99,0,3211,27286,8,2023-05-01,41.56065103368841,2.406122077321204,9.098181851498937,77.31329492369979
10,6,3,4644.26,217123.82,0,3020,39375,2,2023-06-01,46.75100446572758,2.1389914750026042,5.514255746031746,71.89530463576159
10,7,3,4504.21,196474.94,0,1862,52542,3,2023-07-01,43.620288574467,2.2925111976112578,3.739388298884702,105.51822771213749
10,8,3,3996.69,211232.02,0,2236,43609,3,2023-08-01,52.85173981469666,1.8920853003252067,4.843771239881676,94.46870304114489
10,9,3,6844.64,247252.95,0,2981,47566,3,2023-09-01,36.123587215689945,2.7682743522372535,5.19810263633688,82.94295538409929
10,10,3,6598.67,237813.9,0,2778,54061,8,2023-10-01,36.039671630798324,2.774720064722878,4.398991879543479,85.6061555075594
10,11,3,19351.6,513227.67,1,4875,55864,3,2023-11-01,26.521200830939044,3.7705683327635082,9.187091328941715,105.27747076923076
10,12,3,18643.25,505606.38,1,4846,47305,4,2023-12-01,27.12007723975165,3.6873051325024817,10.68822280942818,104.33478745356996
11,1,1,22288.59,538805.23,1,5031,39575,5,2021-01-01,24.174038375689086,4.1366692004827055,13.614787871130764,107.09704432518386
11,2,1,5471.24,238749.38,0,2929,38918,4,2021-02-01,43.63716086298536,2.2916247991931957,6.134677527108279,81.51224991464665
11,3,1,6446.54,234476.13,0,3104,54404,4,2021-03-01,36.37239976793753,2.7493374272255346,4.309906073082861,75.53999033505154
11,4,1,6253.41,247129.94,0,3436,48000,8,2021-04-01,39.51922870881647,2.5304137572323286,5.148540416666667,71.92373108265426
11,5,1,5263.02,236238.39,0,2467,46167,6,2021-05-01,44.886470125517285,2.227842815894572,5.117040093573332,95.75937981353871
11,6,1,5065.74,216832.6,0,2093,52790,2,2021-06-01,42.80373647285491,2.336244642180189,4.107455957567721,103.59894887720975
11,7,1,4427.45,218114.51,0,2211,49024,3,2021-07-01,49.2641384995878,2.0298741243762275,4.449137361292428,98.649710538218
11,8,1,4765.54,226196.75,0,2203,45427,7,2021-08-01,47.46508265590049,2.106811879481027,4.979345983666102,102.67669087607807
11,9,1,6316.38,249190.93,0,2728,39446,8,2021-09-01,39.45154186416903,2.5347551774857937,6.317267403539015,91.34564882697947
11,10,1,2981.55,206496.36,0,2645,43108,8,2021-10-01,69.2580570508628,1.4438753302963794,4.7902097058550615,78.07045746691871
11,11,1,21884.62,526142.38,1,4296,51014,7,2021-11-01,24.041650254836505,4.159448246689423,10.313686046967499,122.47262104283054
11,12,1,20617.39,526082.95,1,4958,59386,8,2021-12-01,25.51646692428091,3.9190378627552938,8.858703229717442,106.10789632916497
11,1,2,18061.88,502630.04,1,5089,45015,2,2022-01-01,27.828223861524933,3.5934740390765345,11.16583449961124,98.76793869129494
11,2,2,5461.62,222600.14,0,2160,46080,3,2022-02-01,40.75716362544447,2.453556408365242,4.830732204861111,103.05562037037038
11,3,2,4186.94,206752.5,0,2153,52908,4,2022-03-01,49.38033504182052,2.0250976408991423,3.907773871626219,96.02995819786345
11,4,2,4090.55,218495.92,0,2199,36796,6,2022-04-01,53.41480241043381,1.8721402211995537,5.938034568974889,99.36149158708504
11,5,2,5299.96,228260.32,0,2544,50121,7,2022-05-01,43.06830994950906,2.321892828328638,4.554185271642625,89.72496855345912
11,6,2,2927.39,200755.04,0,3149,40721,8,2022-06-01,68.57816689952485,1.4581900409573776,4.930012524250387,63.75199745951096
11,7,2,4141.22,235257.47,0,2587,35007,5,2022-07-01,56.80873510704575,1.760292669984082,6.720297940411918,90.93833397758021
11,8,2,3579.04,196873.23,0,2104,46629,5,2022-08-01,55.007272899995534,1.8179414235241629,4.222119925368333,93.57092680608366
11,9,2,6811.43,249517.64,0,2856,26397,8,2022-09-01,36.632196176133355,2.7298390606772327,9.45249990529227,87.36612044817927
11,10,2,4867.24,226013.15,0,2903,53199,5,2022-10-01,46.43558772528168,2.15352071328593,4.2484473392357,77.85502928005512
11,11,2,17787.32,483062.61,1,4089,50127,2,2022-11-01,27.157694919751822,3.6821976347952083,9.636774792028248,118.13710198092443
11,12,2,19542.99,504596.81,1,4766,40772,2,2022-12-01,25.819836678010887,3.8729911907290893,12.376062248601981,105.87427822073018
11,1,3,20983.9,553349.58,1,5418,33818,4,2023-01-01,26.37019715114921,3.792159741044712,16.36257555148146,102.13170542635658
11,2,3,4114.37,221060.68,0,2839,37475,2,2023-02-01,53.72892569214728,1.8611948538292744,5.898884056037358,77.86568510038745
11,3,3,4628.21,214672.69,0,2815,44273,4,2023-03-01,46.383524083825066,2.1559379537285346,4.848839925010729,76.26028063943161
11,4,3,3404.32,206009.38,0,2593,52316,6,2023-04-01,60.51410560699347,1.6525072790374886,3.9377892040675895,79.44827612803702
11,5,3,6690.67,248836.73,0,2472,45890,4,2023-05-01,37.19160114009509,2.6887791042745177,5.422460884724341,100.662107605178
11,6,3,4077.8,205267.6,0,2275,50369,3,2023-06-01,50.33782922163912,1.9865775212454375,4.075276459727213,90.22751648351648
11,7,3,3891.91,214401.32,0,2925,41066,7,2023-07-01,55.088971738812056,1.8152453538998734,5.2208961184434814,73.29959658119658
11,8,3,6128.51,244238.49,0,2537,40474,3,2023-08-01,39.852833723041975,2.5092318577632873,6.034453970450166,96.27059124950729
11,9,3,5347.32,237452.27,0,3483,63141,3,2023-09-01,44.40584629309635,2.2519557298820514,3.7606669200677847,68.17463967843813
11,10,3,3530.59,198736.03,0,2488,39959,6,2023-10-01,56.289750438312005,1.7765223548040083,4.9734985860507015,79.87782556270096
11,11,3,17604.02,517680.74,1,4942,35266,8,2023-11-01,29.40696159172734,3.4005553306850858,14.679315488005445,104.75126264670173
11,12,3,17357.11,503676.06,1,4819,45576,3,2023-12-01,29.018428759165552,3.4460859624735787,11.051344128488678,104.51879228055613
12,1,1,19200.3,514478.15,1,5447,47375,8,2021-01-01,26.795318302318194,3.731995226619439,10.85969709762533,94.45165228566184
12,2,1,5143.99,223148.84,0,3384,51473,5,2021-02-01,43.38049646286249,2.305183392394063,4.335260039243876,65.94232860520094
12,3,1,6341.04,226664.42,0,2406,50502,5,2021-03-01,35.74562216923407,2.797545375670341,4.488226604886935,94.20798836242727
12,4,1,3072.48,209366.49,0,2920,53124,5,2021-04-01,68.14250703015153,1.4675127810567967,3.941090467585272,71.70085273972603
12,5,1,4461.02,223275.82,0,2909,42593,5,2021-05-01,50.05039654608139,1.9979861679603281,5.242077806212288,76.75346167067721
12,6,1,4278.23,220341.05,0,2740,40492,7,2021-06-01,51.50285281529979,1.941640016692305,5.441594635977477,80.41644160583941
12,7,1,4962.1,217745.93,0,2976,42564,4,2021-07-01,43.881810120715016,2.2788485644714465,5.115729959590264,73.16731518817204
12,8,1,4947.53,240876.26,0,2990,44995,4,2021-08-01,48.686164611432375,2.053971611814298,5.353400600066674,80.5606220735786
12,9,1,4575.64,212593.09,0,2018,29209,7,2021-09-01,46.4619353795316,2.1522994938358533,7.278341949399158,105.3484093161546
12,10,1,6125.45,244447.22,0,2615,50314,4,2021-10-01,39.90681827457575,2.505837456445608,4.8584334380093015,93.4788604206501
12,11,1,20028.83,528612.48,1,4895,28138,4,2021-11-01,26.392579097231337,3.7889438402967714,18.786426896012507,107.99029213483146
12,12,1,20040.44,531619.76,1,4648,50390,8,2021-12-01,26.527349698908807,3.769694339427864,10.550104385790831,114.37602409638555
12,1,2,18932.65,496935.2,1,4649,43188,6,2022-01-01,26.24752477862317,3.80988305919967,11.506325831249422,106.89077220907723
12,2,2,5098.14,236304.31,0,2965,49629,7,2022-02-01,46.35108294397564,2.1574468954882797,4.761415906022688,79.69791231028668
12,3,2,4431.74,221796.71,0,2696,56826,7,2022-03-01,50.04732001426076,1.9981089890828407,3.9030850314996655,82.268809347181
12,4,2,3088.06,197472.94,0,3151,33021,4,2022-04-01,63.947248434292085,1.5637889424242126,5.980222888464916,62.66992700729927
12,5,2,5514.71,231678.22,0,2813,36053,3,2022-05-01,42.010952525155446,2.380331651374048,6.426045544060134,82.35983647351581
12,6,2,5658.64,243760.67,0,2892,42605,2,2022-06-01,43.07760698683783,2.3213917158990416,5.721409928412158,84.28792185338867
12,7,2,5345.05,218378.93,0,2523,43650,2,2022-07-01,40.856293205863366,2.4476033470811496,5.00295372279496,86.555263575109
12,8,2,6421.48,260366.5,0,3062,36323,7,2022-08-01,40.54618249998443,2.4663234325460457,7.16808908955758,85.0315153494448
12,9,2,5739.37,238376.2,0,2915,46257,5,2022-09-01,41.53351326016619,2.407694224507312,5.153300041074864,81.77571183533448
12,10,2,4365.33,219546.44,0,2894,51975,3,2022-10-01,50.29320578283887,1.9883401434338903,4.22407772967773,75.86262612301313
12,11,2,19605.47,526133.01,1,4522,36484,8,2022-11-01,26.836031474889406,3.7263333847842013,14.420924514855827,116.34962627156126
12,12,2,19509.65,540752.6,1,5570,31991,5,2022-12-01,27.71718611046328,3.607869846580489,16.903272795473725,97.08305206463196
12,1,3,19236.3,504033.16,1,4817,45811,4,2023-01-01,26.202188570567106,3.816475090646814,11.002448320272423,104.63632136184347
12,2,3,5301.63,243637.66,0,2879,32510,5,2023-02-01,45.955236408425336,2.176030585747704,7.494237465395263,84.62579367836054
12,3,3,4398.38,212875.85,0,2486,35904,6,2023-03-01,48.39869451934576,2.066171432785823,5.929028799019608,85.62986725663717
12,4,3,4432.52,203806.3,0,2179,48624,3,2023-04-01,45.97978125310207,2.1748689809883213,4.191475403093123,93.53203304268013
12,5,3,4915.37,230341.26,0,2578,53570,6,2023-05-01,46.861428539458885,2.133951164459203,4.299818181818182,89.3488207913111
12,6,3,5081.95,219254.67,0,2335,45258,8,2023-06-01,43.143807003217276,2.3178297638996694,4.844550576693623,93.89921627408994
12,7,3,5437.35,215442.93,0,2974,38756,3,2023-07-01,39.622781318105325,2.5238006185675252,5.558956806687997,72.44214189643577
12,8,3,3673.1,231248.0,0,3276,20618,5,2023-08-01,62.957175138166676,1.5883813049193938,11.21583082743234,70.5885225885226
12,9,3,5897.69,223514.21,0,2673,33270,6,2023-09-01,37.89860267325004,2.638619710129392,6.718190862639013,83.61923307145528
12,10,3,3460.31,215376.75,0,3251,44559,2,2023-10-01,62.24203900806575,1.6066311707275738,4.833518481114926,66.24938480467549
12,11,3,16975.59,478152.3,1,4593,51929,8,2023-11-01,28.167050453032854,3.55024748390837,9.207808738854975,104.10457217504899
12,12,3,17486.84,501447.93,1,4654,55348,3,2023-12-01,28.675731578718626,3.487269356162264,9.059910565874105,107.74558014611087
13,1,1,17752.14,487576.7,1,4986,35704,7,2021-01-01,27.465798489646883,3.640891781744288,13.656080551198746,97.78914961893301
13,2,1,2087.08,193073.55,0,2837,35176,3,2021-02-01,92.50893592962416,1.0809766537156436,5.488786388446668,68.05553401480437
13,3,1,3734.18,218221.87,0,2078,38982,8,2021-03-01,58.43903346919538,1.7111850430023352,5.598016263916679,105.01533686236766
13,4,1,2807.56,199255.04,0,2822,46962,4,2021-04-01,70.97089287495191,1.4090283487935862,4.242899365444402,70.60773919206237
13,5,1,3292.82,209170.96,0,2886,36803,2,2021-05-01,63.52335080569238,1.5742242613410582,5.683530146998886,72.47781011781011
13,6,1,4157.69,213895.15,0,2565,46314,5,2021-06-01,51.44567055263861,1.9437981646615174,4.61836917562724,83.38992202729045
13,7,1,5068.55,228803.64,0,2705,39124,2,2021-07-01,45.141833463219264,2.2152401071940986,5.848165831714549,84.58544916820703
13,8,1,4744.44,221765.69,0,2627,51372,2,2021-08-01,46.74222669061049,2.1393931586080788,4.316859183991279,84.41784925770841
13,9,1,6095.27,229135.85,0,2841,58572,4,2021-09-01,37.592403617887314,2.6601118943194617,3.9120373215871065,80.65323829637452
13,10,1,5738.4,242173.83,0,2886,57600,4,2021-10-01,42.20232643245504,2.3695376168432403,4.204406770833333,83.913316008316
13,11,1,17961.79,494172.45,1,4775,45248,7,2021-11-01,27.512427770283473,3.634721037160206,10.921420836280056,103.49161256544502
13,12,1,17809.7,489256.47,1,5079,38862,5,2021-12-01,27.47134819789216,3.640156255879458,12.589585456229734,96.32929119905492
13,1,2,20145.44,530256.28,1,5156,49362,4,2022-01-01,26.32140474469657,3.7991893278472815,10.742196021230907,102.84256788207914
13,2,2,4838.75,227026.45,0,2956,47430,2,2022-02-01,46.91840867992767,2.1313595838722756,4.7865580855998315,76.80191136671178
13,3,2,5348.49,252526.74,0,3685,41384,4,2022-03-01,47.21458579898252,2.117989564194271,6.102037985694954,68.52828765264586
13,4,2,4966.59,210995.59,0,2238,53981,5,2022-04-01,42.4829893347347,2.353883320499732,3.908701024434523,94.27863717605004
13,5,2,7132.72,269813.01,0,3275,50005,2,2022-05-01,37.82750619679449,2.6435789734527626,5.395720627937206,82.38565190839695
13,6,2,5345.58,234232.26,0,2795,57721,5,2022-06-01,43.81793182404903,2.282170696726403,4.058007657524991,83.80402862254026
13,7,2,5010.7,219438.46,0,2535,49654,2,2022-07-01,43.79397289799828,2.28341923289108,4.419351109678979,86.56349506903352
13,8,2,3288.65,199007.31,0,2851,44441,8,2022-08-01,60.51337478904718,1.6525272363110681,4.478011520892869,69.80263416345142
13,9,2,3909.98,231853.74,0,3026,24184,8,2022-09-01,59.29793502780065,1.6863993653930276,9.587071617598411,76.62053536021149
13,10,2,4529.2,222096.43,0,2602,50275,4,2022-10-01,49.03656937207454,2.039294373169348,4.417631626056688,85.35604534973098
13,11,2,17633.54,504251.25,1,5294,41299,5,2022-11-01,28.596144052754013,3.4969749703148976,12.209769001670743,95.24957499055535
13,12,2,21305.33,541198.49,1,5369,50280,3,2022-12-01,25.402023343454427,3.936694280133709,10.763693118536198,100.80061277705346
13,1,3,19338.41,507942.94,1,4448,37045,2,2023-01-01,26.266013596774503,3.807201257684574,13.711511405047915,114.1958048561151
13,2,3,3553.03,214208.01,0,2350,51134,6,2023-02-01,60.28882671972936,1.6586821379835421,4.189150271834787,91.15234468085107
13,3,3,4367.19,228880.55,0,3942,47931,4,2023-03-01,52.40911203771762,1.9080651457714517,4.7752091548267295,58.06203703703704
13,4,3,2988.71,215687.45,0,2558,36256,7,2023-04-01,72.16740667378234,1.385667084478026,5.94901395631068,84.31878420641127
13,5,3,4753.29,237117.94,0,2909,48037,7,2023-05-01,49.88501437951398,2.004610026554718,4.93615213273102,81.5118391199725
13,6,3,4749.69,224425.11,0,2787,49245,5,2023-06-01,47.25047529417709,2.1163808274394964,4.557317697228145,80.52569429494079
13,7,3,4651.36,205793.23,0,2237,29178,4,2023-07-01,44.243668518454825,2.2602104063384396,7.053027280828021,91.9951855163165
13,8,3,2321.39,190683.69,0,2786,45430,3,2023-08-01,82.14203128298132,1.217403544057701,4.197307726172133,68.44353553481695
13,9,3,5152.06,243319.95,0,2962,48096,3,2023-09-01,47.22770115254869,2.1174013885832217,5.05904752994012,82.14718095881162
13,10,3,4323.17,222823.27,0,3110,44237,3,2023-10-01,51.54163958391643,1.940178869110035,5.037033930872346,71.6473536977492
13,11,3,19089.45,523989.49,1,5187,46560,7,2023-11-01,27.44916642438624,3.6430978796922053,11.254069802405498,101.01975901291691
13,12,3,20070.53,520076.11,1,5037,51277,7,2023-12-01,25.91242533206647,3.8591524613580113,10.14248317959319,103.25116339090728
14,1,1,17089.56,471332.13,1,4276,57347,5,2021-01-01,27.58012084570931,3.625799921596688,8.218950075854012,110.22734565014032
14,2,1,4240.77,238040.25,0,3108,42762,7,2021-02-01,56.131374726759525,1.781534845472562,5.56663041953136,76.58952702702703
14,3,1,5240.83,229718.66,0,2381,38614,7,2021-03-01,43.832495997771346,2.2814124024578586,5.949102916040815,96.47990760184797
14,4,1,5519.02,241106.57,0,3164,46588,3,2021-04-01,43.686482382741865,2.289037582011971,5.175293423199107,76.20308786346398
14,5,1,5844.25,245422.14,0,2825,45860,8,2021-05-01,41.99377850023528,2.381305125935256,5.351551242913215,86.87509380530975
14,6,1,4851.73,228702.56,0,2817,38526,8,2021-06-01,47.13835271130092,2.121414819318157,5.936317292218242,81.18656727014555
14,7,1,5759.79,249451.14,0,2877,62652,6,2021-07-01,43.30906855979124,2.308985238552127,3.9815351465236546,86.70529718456726
14,8,1,4820.39,231539.43,0,2839,63702,5,2021-08-01,48.03333962604685,2.0818873053285136,3.6347277950456816,81.55668545262417
14,9,1,5859.3,237504.42,0,2480,42187,8,2021-09-01,40.53460652296349,2.4670277715252626,5.629801123568872,95.76791129032259
14,10,1,4486.2,254920.25,0,3303,44240,5,2021-10-01,56.82320226472293,1.7598445003878662,5.762211799276673,77.17839842567363
14,11,1,17653.66,507162.52,1,5157,39244,3,2021-11-01,28.728463106234063,3.4808684206396006,12.923313627560901,98.34448710490595
14,12,1,18844.15,514353.73,1,4854,46018,2,2021-12-01,27.295140932331783,3.663655749128134,11.177229127732627,105.96492171405026
14,1,2,19449.05,514946.87,1,4661,36395,3,2022-01-01,26.47671068766855,3.776904207612719,14.148835554334386,110.47991203604377
14,2,2,4115.75,209784.65,0,2476,50419,8,2022-02-01,50.97118386685294,1.961892826763064,4.160825284119082,84.72724151857835
14,3,2,5834.17,243583.76,0,2422,55409,3,2022-03-01,41.75122768105832,2.395139150491806,4.396104603945208,100.57132947976879
14,4,2,3740.47,230606.22,0,3925,31326,5,2022-04-01,61.65166944261016,1.6220160930611498,7.36149588201494,58.75317707006369
14,5,2,3267.66,206154.21,0,2459,36379,7,2022-05-01,63.08924735131562,1.58505615771805,5.666846532340086,83.8366043106954
14,6,2,5586.23,242618.86,0,2820,48848,4,2022-06-01,43.431591610084084,2.3024714566707636,4.966812561415002,86.03505673758865
14,7,2,3004.4,195733.77,0,2650,61969,6,2022-07-01,65.14903807748635,1.5349420797443387,3.1585755781116363,73.8618
14,8,2,4756.59,211185.72,0,2103,45138,6,2022-08-01,44.398554426595524,2.2523255833775124,4.678668084540742,100.4211697574893
14,9,2,3870.53,223325.22,0,3604,49391,5,2022-09-01,57.69887328092018,1.7331360963172904,4.521577210422952,61.96593229744728
14,10,2,2700.11,201610.82,0,2814,46384,4,2022-10-01,74.66763205943461,1.3392683983925069,4.3465595895136255,71.64563610518834
14,11,2,18218.12,502292.54,1,5005,43278,3,2022-11-01,27.571041358822974,3.626993942613601,11.606186515088497,100.35814985014984
14,12,2,20293.79,526818.67,1,5036,49838,4,2022-12-01,25.959599956439877,3.8521394847301065,10.570622215979775,104.61053812549643
14,1,3,18448.98,509416.9,1,4817,48501,4,2023-01-01,27.612198614774368,3.6215877408071853,10.503224675779881,105.75397550342538
14,2,3,7240.65,257394.41,0,3191,55333,2,2023-02-01,35.548522577392916,2.81305642962487,4.6517342273146225,80.66261673456597
14,3,3,4122.68,208077.72,0,2805,45090,2,2023-03-01,50.47147001465066,1.9813173654536393,4.614719893546241,74.18100534759358
14,4,3,4880.25,223276.68,0,2837,38853,5,2023-04-01,45.75107422775472,2.185741027679201,5.746703729441742,78.70168487839267
14,5,3,5632.62,247558.33,0,2360,46874,2,2023-05-01,43.950831051979364,2.275269832366376,5.2813570422835685,104.89759745762711
14,6,3,3684.53,206299.06,0,2910,48880,5,2023-06-01,55.990603957628245,1.786013954692765,4.220520867430442,70.89314776632303
14,7,3,4705.32,237536.32,0,3433,37612,6,2023-07-01,50.482500658828734,1.9808844390617821,6.315439753270233,69.19205359743664
14,8,3,6326.45,233353.46,0,2438,42560,2,2023-08-01,36.885371732962405,2.7111018623850702,5.482929041353383,95.71511894995898
14,9,3,4306.18,199372.8,0,2242,52540,6,2023-09-01,46.29922576390211,2.1598633314072937,3.794685953559193,88.92631578947368
14,10,3,6290.05,232223.9,0,2502,44562,4,2023-10-01,36.919245474996224,2.7086144018768095,5.211253983214398,92.81530775379696
14,11,3,20248.56,517911.16,1,4966,50401,3,2023-11-01,25.577678610232034,3.909658946140493,10.275811194222337,104.29141361256544
14,12,3,20240.96,534674.96,1,5132,46973,5,2023-12-01,26.415494126760784,3.785656990557403,11.382601920252059,104.1845206547155
15,1,1,18540.44,494188.22,1,4049,38721,4,2021-01-01,26.654611217425263,3.7516960643052153,12.762795898866248,122.05191899234379
15,2,1,4740.21,218181.82,0,3115,49867,4,2021-02-01,46.02788062132269,2.172596231895031,4.3752746305171755,70.04231781701445
15,3,1,5724.13,243062.7,0,2617,48330,8,2021-03-01,42.46281967740076,2.3550014049872727,5.029230291744258,92.87837218188766
15,4,1,2876.07,220902.4,0,2850,20489,2,2021-04-01,76.80703181772348,1.301964125333179,10.78151203084582,77.50961403508772
15,5,1,4598.55,230480.08,0,2581,29126,7,2021-05-01,50.12016396472801,1.9952049652186863,7.9132074435212525,89.29875242154203
15,6,1,5408.97,242867.56,0,2910,48668,6,2021-06-01,44.90088870894088,2.2271274105113092,4.9902925947234325,83.45964261168385
15,7,1,5591.35,263008.09,0,3710,52768,6,2021-07-01,47.038387866973096,2.1259231987882954,4.984234573984233,70.89166846361186
15,8,1,6229.67,261236.02,0,3281,41587,2,2021-08-01,41.934166657302875,2.384690288881296,6.281675042681607,79.62085339835416
15,9,1,4412.64,237951.87,0,3829,38999,2,2021-09-01,53.92505846839986,1.8544254348578981,6.101486448370471,62.14465134499869
15,10,1,3936.32,214164.71,0,2443,22898,2,2021-10-01,54.407342390862524,1.8379872202100898,9.352987597170058,87.66463774048302
15,11,1,20758.89,532634.1,1,4802,60483,2,2021-11-01,25.658120448636705,3.8974016121010653,8.806343931352611,110.91922115785088
15,12,1,20587.2,538433.93,1,5330,47233,5,2021-12-01,26.153820334965417,3.823533186327986,11.399528507611205,101.0194990619137
15,1,2,19444.58,539774.04,1,5198,47930,7,2022-01-01,27.759614247260675,3.602355533808184,11.261715835593575,103.84263947672183
15,2,2,6476.43,255277.24,0,2691,48355,3,2022-02-01,39.416351292301464,2.537018184621551,5.279231516906214,94.863337049424
15,3,2,1855.27,204494.75,0,2804,25932,2,2022-03-01,110.22371406857224,0.9072457850384913,7.885807110905445,72.92965406562054
15,4,2,3977.41,206914.82,0,2867,52997,3,2022-04-01,52.02250208049963,1.9222451054980014,3.904274204200238,72.17119637251483
15,5,2,4996.21,254366.05,0,2904,44731,2,2022-05-01,50.91180114526811,1.9641811476020485,5.686571952337305,87.5916150137741
15,6,2,6080.62,261197.19,0,3133,53395,2,2022-06-01,42.95568379540244,2.3279806340948768,4.89179117894934,83.36967443345037
15,7,2,5545.3,227799.23,0,2723,28561,5,2022-07-01,41.07969451607668,2.434292688346664,7.97588424775043,83.65744766801322
15,8,2,6591.74,254218.48,0,2729,39465,2,2022-08-01,38.56621772096594,2.592942889124347,6.44161864943621,93.154444851594
15,9,2,5236.51,228436.61,0,3060,49972,6,2022-09-01,43.623827702038184,2.292325210044047,4.57129212358921,74.65248692810457
15,10,2,5312.79,228077.58,0,1925,46200,7,2022-10-01,42.92990688508298,2.329378450963922,4.936744155844155,118.48185974025974
15,11,2,18728.46,524888.22,1,5628,57559,8,2022-11-01,28.026234938697577,3.568085410642289,9.11913375840442,93.26372068230276
15,12,2,20480.08,545874.62,1,6012,56840,8,2022-12-01,26.65393006277319,3.7517919407940234,9.603705489092189,90.79750831669993
15,1,3,18740.1,502590.93,1,4646,51311,7,2023-01-01,26.819010037299694,3.728698406873359,9.794993860965485,108.17712656048214
15,2,3,1916.14,208895.24,0,3437,42162,2,2023-02-01,109.01877733359774,0.9172731748219827,4.9545856458422275,60.77836485306953
15,3,3,4578.38,226623.23,0,2520,45341,3,2023-03-01,49.4985628104264,2.0202606767187987,4.998196554994376,89.92985317460318
15,4,3,5638.11,222092.59,0,2186,40863,7,2023-04-01,39.39131907678282,2.5386303973491415,5.435053471355505,101.59770814272643
15,5,3,4952.97,202556.82,0,2156,50348,4,2023-05-01,40.89603207772306,2.4452249990891444,4.023135377770716,93.95028756957329
15,6,3,5004.96,228435.8,0,3082,31720,5,2023-06-01,45.6418832518142,2.190970066863425,7.201633039092055,74.11933809214796
15,7,3,4056.23,215432.39,0,2336,41464,5,2023-07-01,53.111482830115655,1.8828320105440042,5.195648996720046,92.22276969178083
15,8,3,5394.23,226328.28,0,2621,52841,4,2023-08-01,41.95747678537994,2.383365437142897,4.2831944891277605,86.35188096146508
15,9,3,4210.89,195707.18,0,2453,31820,2,2023-09-01,46.4764408474218,2.1516277532587207,6.150445631678189,79.78278842233999
15,10,3,6646.63,232667.37,0,2585,37791,3,2023-10-01,35.00531397114026,2.856709129432288,6.1566873065015475,90.00671953578336
15,11,3,18183.6,487760.52,1,4423,53879,4,2023-11-01,26.82419982841682,3.727976999860505,9.0528873958314,110.27820936016279
15,12,3,16294.23,482712.86,1,5246,26383,6,2023-12-01,29.624772695610655,3.375553325842614,18.29635977712921,92.01541364849409
16,1,1,20190.83,555287.0,1,5619,41514,7,2021-01-01,27.5019402372265,3.636107094169322,13.375897287661994,98.82310019576437
16,2,1,7083.77,239069.6,0,2569,44865,3,2021-02-01,33.74892183117182,2.9630576200403564,5.328643708904491,93.05940054495913
16,3,1,4445.92,223484.91,0,3211,36853,7,2021-03-01,50.26741596789866,1.9893602659794796,6.06422570754077,69.59978511367176
16,4,1,6138.87,235936.52,0,2406,47211,4,2021-04-01,38.43321653659387,2.6019159729913794,4.997490415369299,98.06172901080632
16,5,1,5879.01,248006.88,0,2828,49569,8,2021-05-01,42.185143417003886,2.3705027860517416,5.003265750771652,87.69691654879774
16,6,1,4290.12,246771.19,0,3841,41991,5,2021-06-01,57.52081293763345,1.7385011597180366,5.876763830344598,64.24659984379068
16,7,1,5463.74,235230.17,0,3127,40719,7,2021-07-01,43.05295823007684,2.322720763242232,5.776914216950319,75.22551007355293
16,8,1,6109.45,235906.57,0,2635,45716,2,2021-08-01,38.613389093944626,2.5897752656909896,5.160262708898417,89.528110056926
16,9,1,3017.54,192107.58,0,2063,29667,6,2021-09-01,63.66363991860919,1.5707553028360466,6.475463646475882,93.12049442559379
16,10,1,3858.64,204611.58,0,2324,39377,3,2021-10-01,53.02686438745257,1.8858365689762038,5.196220636412119,88.04284853700516
16,11,1,18452.67,512488.16,1,5529,50295,7,2021-11-01,27.773116844337434,3.6006041583477755,10.189644298638035,92.69093145234218
16,12,1,17904.32,502501.67,1,5131,49673,6,2021-12-01,28.06594553716645,3.563036914882293,10.11619330420953,97.93445137400117
16,1,2,18597.78,508071.55,1,4187,46693,5,2022-01-01,27.318935378308595,3.6604647514705357,10.881107446512324,121.34500835920707
16,2,2,4891.79,221945.1,0,2447,46739,6,2022-02-01,45.37093783666102,2.2040540656225347,4.748606089133272,90.70089906007357
16,3,2,6570.4,248398.84,0,2754,45856,2,2022-03-01,37.80574089857543,2.64510091915083,5.416932135380321,90.19565722585331
16,4,2,5706.85,238654.23,0,3126,39385,5,2022-04-01,41.818907102867605,2.3912628743265936,6.0595208835851215,76.34492322456815
16,5,2,2622.65,205335.19,0,3236,62685,2,2022-05-01,78.29302041827923,1.2772530612020276,3.275667065486161,63.453396168108775
16,6,2,5287.18,250771.46,0,3292,49424,6,2022-06-01,47.43009695149399,2.1083659201090907,5.073880301068307,76.17602065613609
16,7,2,6920.86,259794.7,0,2993,54741,6,2022-07-01,37.53792158777956,2.6639727446325883,4.745888821906798,86.8007684597394
16,8,2,4129.09,240119.19,0,3162,42542,6,2022-08-01,58.153053094023136,1.7196001702321253,5.644285412063373,75.93902277039848
16,9,2,4324.96,223935.4,0,2886,51439,4,2022-09-01,51.777449964855165,1.93134269972501,4.353416668286709,77.5936936936937
16,10,2,2935.05,214230.67,0,3374,49441,2,2022-10-01,72.99046694264152,1.3700419272366557,4.333056977002893,63.49456727919384
16,11,2,21137.44,556924.4,1,5712,43289,4,2022-11-01,26.34776964476304,3.7953876684160357,12.865263692854999,97.50077030812325
16,12,2,20139.38,521814.72,1,4971,42028,7,2022-12-01,25.910168038936646,3.859488670614735,12.415882744836775,104.97178032589015
16,1,3,19161.36,521798.55,1,5459,49337,7,2023-01-01,27.231811833815552,3.672175785080277,10.576211565356628,95.58500641143067
16,2,3,2815.23,216622.28,0,3218,38077,7,2023-02-01,76.9465656447253,1.299603161780035,5.689058486750532,67.31581106277191
16,3,3,4592.17,236341.92,0,3052,48841,5,2023-03-01,51.46628282489542,1.9430196725151425,4.839006572347004,77.43837483617301
16,4,3,4447.79,239596.6,0,2781,41103,4,2023-04-01,53.86868534710497,1.856366075311586,5.82917548597426,86.15483638978785
16,5,3,4850.08,212639.94,0,2106,48998,2,2023-05-01,43.84256342163428,2.2808885292198635,4.339767745622271,100.96863247863249
16,6,3,4506.19,192650.68,0,1965,48112,4,2023-06-01,42.7524538468196,2.3390470254244624,4.00421267043565,98.04105852417302
16,7,3,5560.35,243522.64,0,3135,56480,5,2023-07-01,43.79627901121332,2.2832989984011345,4.311661473087819,77.678673046252
16,8,3,6529.46,250779.25,0,3331,58459,7,2023-08-01,38.40734915291617,2.6036683657041,4.289831334781642,75.28647553287301
16,9,3,5533.55,256426.57,0,2880,48516,4,2023-09-01,46.34033667356399,2.157947204924981,5.285402135378019,89.03700347222222
16,10,3,5355.24,238667.11,0,3055,56787,4,2023-10-01,44.56702407361762,2.2438114744842723,4.202847658795147,78.1234402618658
16,11,3,20289.03,542183.04,1,5152,38473,3,2023-11-01,26.722965070286754,3.742099715992591,14.09255945728173,105.23739130434784
16,12,3,18950.51,507978.56,1,4603,52743,5,2023-12-01,26.805535048924806,3.7305728021277114,9.631203382439375,110.35814903323919
17,1,1,20751.27,539802.6,1,5184,52954,7,2021-01-01,26.012991012116366,3.8442330585291735,10.193802167919326,104.12858796296295
17,2,1,7357.05,266925.21,0,3049,38333,8,2021-02-01,36.28155442738598,2.756221489907229,6.9633268984947705,87.54516562807478
17,3,1,6128.14,251362.81,0,3085,32134,2,2021-03-01,41.01779822262546,2.4379660618848114,7.822331798095475,81.47903079416531
17,4,1,4413.58,220865.5,0,2034,53306,5,2021-04-01,50.042255946419914,1.998311189389017,4.143351592691254,108.58677482792527
17,5,1,3855.75,208078.21,0,2764,46637,5,2021-05-01,53.965690202943655,1.8530292047398909,4.461655123614298,75.2815520984081
17,6,1,3435.29,196857.17,0,2721,51617,3,2021-06-01,57.3043818716906,1.7450672485030645,3.8138049479822542,72.34736126424109
17,7,1,2575.35,201794.34,0,3129,40176,3,2021-07-01,78.35608363911702,1.2762250913479536,5.022758363201912,64.49163950143816
17,8,1,4123.38,233067.61,0,2796,52443,4,2021-08-01,56.523437083169625,1.7691776218926345,4.444208187937379,83.35751430615164
17,9,1,5044.45,221585.23,0,2526,39535,6,2021-09-01,43.92653906768825,2.2765280880860153,5.60478639180473,87.72178543151227
17,10,1,6875.92,245242.74,0,2737,55824,7,2021-10-01,35.6668983932332,2.8037201019691755,4.39314165950129,89.60275484106685
17,11,1,18847.6,510907.76,1,4983,45721,3,2021-11-01,27.107311275706195,3.689041638357577,11.174466000306206,102.53015452538631
17,12,1,18698.13,515873.92,1,5456,54659,8,2021-12-01,27.589599601671395,3.6245542321658752,9.438041676576592,94.5516715542522
17,1,2,18700.87,506425.28,1,5265,40318,6,2022-01-01,27.080305889512097,3.6927204739858164,12.560773847909124,96.18713770180437
17,2,2,4943.81,235954.6,0,2417,56576,5,2022-02-01,47.727279163236446,2.0952378126978664,4.170577630090498,97.62292097641705
17,3,2,3677.72,195642.07,0,2594,47329,7,2022-03-01,53.196564719445746,1.8798206336704573,4.1336616028227935,75.42099845797996
17,4,2,4742.85,231878.88,0,3314,38385,8,2022-04-01,48.89019893102248,2.045399736276111,6.040872215709261,69.96948702474351
17,5,2,5287.68,227711.67,0,2907,37395,5,2022-05-01,43.064570851488746,2.3220944275714985,6.08936141195347,78.33218782249743
17,6,2,3129.82,199519.37,0,2519,42220,5,2022-06-01,63.74787367963653,1.568679772795995,4.7257074846044524,79.20578404128622
17,7,2,4812.18,223746.19,0,2847,41803,5,2022-07-01,46.49580647440453,2.1507315945804484,5.352395521852499,78.59016157358623
17,8,2,4572.48,234119.39,0,3076,56487,8,2022-08-01,51.20184013926798,1.9530548067804205,4.144659656204083,76.11163524057217
17,9,2,5568.85,221310.9,0,2704,47923,3,2022-09-01,39.740862116954126,2.516301727569677,4.6180518748826245,81.84574704142011
17,10,2,4831.32,239598.97,0,2981,54862,6,2022-10-01,49.59285868044344,2.0164193527209235,4.367302869016806,80.37536732640054
17,11,2,16554.53,476750.17,1,4723,33115,7,2022-11-01,28.798774111980226,3.4723700255838397,14.396804167295787,100.94223374973534
17,12,2,17059.02,490704.03,1,5514,29721,3,2022-12-01,28.765077360833157,3.476437721532468,16.510347229231858,88.99238846572362
17,1,3,19986.7,528334.56,1,4974,42074,8,2023-01-01,26.434306814031334,3.782962825676215,12.557269572657699,106.2192521109771
17,2,3,3928.52,225443.94,0,2858,48145,8,2023-02-01,57.38648142302954,1.7425706807643622,4.682603385605982,78.8817144856543
17,3,3,5286.7,224420.67,0,2355,51683,6,2023-03-01,42.450048234248214,2.3557099263628434,4.3422531586788695,95.29540127388536
17,4,3,4804.85,230031.37,0,2960,22107,8,2023-04-01,47.87482855864386,2.0887803259181563,10.405363459537703,77.71330067567567
17,5,3,3644.79,212628.28,0,2779,50652,3,2023-05-01,58.337594209817304,1.7141605058367588,4.197825949616995,76.51251529327097
17,6,3,5112.68,240553.15,0,2827,45919,7,2023-06-01,47.05030434136304,2.1253847642402524,5.238640867614713,85.09131588256102
17,7,3,2846.57,198165.97,0,2365,46405,3,2023-07-01,69.6157024067562,1.436457531028158,4.270358151061308,83.79110782241015
17,8,3,3754.91,209872.53,0,2565,42034,4,2023-08-01,55.89282566026883,1.789138387953869,4.992923109863444,81.82164912280702
17,9,3,3135.36,235091.65,0,3536,34884,5,2023-09-01,74.9807518115942,1.333675611192486,6.739240052746244,66.48519513574661
17,10,3,4412.54,212465.1,0,2615,44794,7,2023-10-01,48.15029438826617,2.07683050063281,4.743159798187257,81.24860420650096
17,11,3,18269.77,507707.89,1,4905,64665,2,2023-11-01,27.78950638130639,3.5984806145124115,7.851355292662182,103.50823445463813
17,12,3,19839.19,526357.06,1,4667,30789,5,2023-12-01,26.531176928090314,3.769150545829099,17.095620513819874,112.7827426612385
18,1,1,19724.54,532350.43,1,5418,41241,2,2021-01-01,26.989244362606176,3.705179687748162,12.908281321985404,98.25589331856774
18,2,1,4777.59,233519.16,0,2642,32047,2,2021-02-01,48.87802427583782,2.0459092093342575,7.286771304646301,88.38726722180166
18,3,1,5902.38,239564.34,0,2320,50110,7,2021-03-01,40.5877527370315,2.463797408245317,4.780769107962483,103.26049137931034
18,4,1,4001.06,220521.7,0,2522,32064,4,2021-04-01,55.11581930788341,1.8143611263653416,6.877548028942116,87.43921490880254
18,5,1,6892.12,255805.11,0,2583,39447,5,2021-05-01,37.11559142905231,2.694285505086275,6.484779831165868,99.03411149825783
18,6,1,5746.87,242933.81,0,3107,52741,7,2021-06-01,42.27236913311072,2.3656114395933607,4.606166170531465,78.18918892822659
18,7,1,5498.67,231485.69,0,2734,41579,5,2021-07-01,42.098487452420315,2.3753822536503226,5.567370307126193,84.66923555230431
18,8,1,6543.67,246983.46,0,2986,36913,4,2021-08-01,37.74387461470398,2.6494365250207443,6.690961449895701,82.71381781647689
18,9,1,5183.9,236293.26,0,3000,53527,6,2021-09-01,45.58214085919868,2.1938416694576897,4.414468585947279,78.76442
18,10,1,4268.34,233042.8,0,2777,40386,2,2021-10-01,54.597993599385234,1.8315691366564426,5.770385777249541,83.91890529348217
18,11,1,20094.7,530749.31,1,4956,38713,5,2021-11-01,26.41240277287046,3.7861000704833696,13.709847079792318,107.09227401129945
18,12,1,19546.81,518445.29,1,5224,42939,6,2021-12-01,26.523268502635467,3.7702743909583982,12.073995435385081,99.24297281776416
18,1,2,17876.87,490806.21,1,4896,52758,7,2022-01-01,27.45481787359868,3.6423479645866745,9.30297225065393,100.24636642156864
18,2,2,2877.5,207930.69,0,2843,58809,4,2022-02-01,72.26088271068636,1.3838745978287283,3.5356950466765293,73.13777347871967
18,3,2,4293.89,207738.31,0,2249,39925,2,2022-03-01,48.37997945918502,2.066970699819403,5.20321377582968,92.36919075144509
18,4,2,3059.39,213387.65,0,2802,40717,3,2022-04-01,69.74843024263006,1.4337240229226011,5.240750792052459,76.15547822983584
18,5,2,5393.6,245949.05,0,3101,51745,4,2022-05-01,45.60016501038267,2.1929745205358593,4.7530978838535125,79.31281844566269
18,6,2,4761.94,234846.49,0,2387,45073,3,2022-06-01,49.31739795125516,2.027681997716891,5.210358529496594,98.3856263091747
18,7,2,3535.43,234512.54,0,3569,31685,5,2022-07-01,66.33211235974126,1.507565437652076,7.4013741518068485,65.70819277108434
18,8,2,5332.6,240514.95,0,3188,37034,8,2022-08-01,45.10275475377864,2.2171594738705434,6.494436193767889,75.44383626097867
18,9,2,5027.38,233363.56,0,3021,46845,4,2022-09-01,46.418524161690584,2.1543123527940695,4.981610844273669,77.24712346904998
18,10,2,5871.04,243419.74,0,3238,49643,8,2022-10-01,41.46109377554914,2.411899708708916,4.903405112503274,75.17595429277331
18,11,2,19752.6,522297.06,1,4581,40458,5,2022-11-01,26.44193979526746,3.781870799732244,12.909611448909981,114.01376555337262
18,12,2,20771.1,535066.43,1,4937,56447,5,2022-12-01,25.760139328201205,3.8819665812336606,9.479094194554184,108.37885963135508
18,1,3,19303.46,508002.66,1,4671,57603,5,2023-01-01,26.316663437539177,3.7998738038103976,8.819031300453101,108.75672447013487
18,2,3,5424.44,222818.1,0,2444,33250,2,2023-02-01,41.076701005080714,2.434470090176695,6.701296240601504,91.16943535188216
18,3,3,5338.39,268709.15,0,4023,36311,5,2023-03-01,50.335241524129934,1.986679649725363,7.400213433945637,66.79322644792444
18,4,3,2779.28,198781.3,0,2825,49577,6,2023-04-01,71.52258858409371,1.3981596860469272,4.009546765637292,70.36506194690266
18,5,3,1905.39,174947.07,0,2370,29839,6,2023-05-01,91.81693511564562,1.08912369895649,5.8630339488588765,73.81732911392406
18,6,3,5242.67,231886.68,0,2585,38349,2,2023-06-01,44.23064583504207,2.26087587264607,6.046746460142376,89.70471179883945
18,7,3,5018.08,239470.67,0,3157,51019,2,2023-07-01,47.72157279278131,2.0954883535424194,4.693754679629158,75.85387076338296
18,8,3,4446.03,224764.78,0,3004,46133,8,2023-08-01,50.55404034610653,1.9780812634434985,4.872104133700388,74.82183089214381
18,9,3,4171.63,209257.62,0,2472,48372,5,2023-09-01,50.16207573538401,1.9935379175200405,4.326007194244604,84.65114077669902
18,10,3,5150.94,216578.89,0,2315,52830,2,2023-10-01,42.0464788951143,2.3783204355696896,4.099543630512966,93.55459611231102
18,11,3,20035.79,526946.67,1,5323,40516,3,2023-11-01,26.300269168323286,3.8022424546301807,13.00589075920624,98.99430208529026
18,12,3,20277.69,525540.54,1,4836,45329,6,2023-12-01,25.91717991546375,3.858444488411873,11.593914271217102,108.6725682382134
19,1,1,21252.53,531381.39,1,4520,49351,6,2021-01-01,25.00320620650812,3.9994870727407297,10.767388502765902,117.56225442477876
19,2,1,7290.68,254385.49,0,1905,47858,6,2021-02-01,34.891874283331596,2.865996798795403,5.315422499895524,133.5356902887139
19,3,1,3870.43,231815.43,0,3532,36841,5,2021-03-01,59.893973021085515,1.6696170742387595,6.29232186965609,65.63290770101925
19,4,1,3985.38,216233.05,0,2290,39844,2,2021-04-01,54.25657026431607,1.8430947535540938,5.426991516915972,94.42491266375545
19,5,1,4570.31,225034.82,0,3120,47214,2,2021-05-01,49.238414899645754,2.0309345904780427,4.766273139323082,72.12654487179488
19,6,1,6356.16,246878.2,0,3147,54425,5,2021-06-01,38.840778079846956,2.5746137163994227,4.536117593017915,78.44874483635209
19,7,1,4135.77,194295.49,0,1704,30864,2,2021-07-01,46.97927834478222,2.128598044144,6.295214165370658,114.0231748826291
19,8,1,5131.76,241459.88,0,3457,55121,2,2021-08-01,47.05206011193041,2.1253054544713597,4.380542442989061,69.84665316748627
19,9,1,5443.3,240573.84,0,2747,46817,5,2021-09-01,44.19632208402991,2.262631714237924,5.138600081167097,87.5769348380051
19,10,1,5618.67,243873.54,0,3267,35642,6,2021-10-01,43.40414012568811,2.3039276831754685,6.842307951293418,74.64754820936639
19,11,1,19196.95,498147.77,1,3993,27974,2,2021-11-01,25.949318511534383,3.853665750626566,17.80752734682205,124.75526421237166
19,12,1,17689.23,498365.32,1,5073,60607,5,2021-12-01,28.173375551112176,3.5494504312619504,8.222900325044963,98.23877784348512
19,1,2,16862.24,500804.14,1,5121,39109,4,2022-01-01,29.69973977360066,3.3670328683784447,12.805342504282901,97.79420816246827
19,2,2,5186.05,235943.04,0,2527,61251,3,2022-02-01,45.49571253651623,2.198009316146812,3.8520683743938875,93.36883260783539
19,3,2,5038.03,233004.33,0,2778,44754,3,2022-03-01,46.24909538053564,2.162204453453719,5.206335299638021,83.87484881209502
19,4,2,4147.86,232919.65,0,2486,43999,8,2022-04-01,56.15417347740763,1.780811537369217,5.293748721561854,93.69253821399839
19,5,2,5458.37,224681.47,0,2764,57361,7,2022-05-01,41.16274089151157,2.4293814705769905,3.916972681787277,81.28852026049204
19,6,2,6836.88,250996.48,0,2621,46684,6,2022-06-01,36.712137700237534,2.7238947733450285,5.376499014651701,95.76363220144984
19,7,2,4931.65,258655.57,0,3353,50125,2,2022-07-01,52.44807924325531,1.9066475158451062,5.160210872817955,77.141535937966
19,8,2,3325.3,225441.76,0,2605,38868,3,2022-08-01,67.79591615794064,1.47501509924337,5.800189358855614,86.5419424184261
19,9,2,5671.77,260076.27,0,3127,42327,5,2022-09-01,45.854516315012766,2.1808102676957035,6.144453185909703,83.17117684681803
19,10,2,4302.51,195080.71,0,2180,42877,8,2022-10-01,45.3411404040897,2.205502532772205,4.549775170837512,89.48656422018348
19,11,2,21688.45,550067.41,1,5424,42836,3,2022-11-01,25.36222782172078,3.942871292811185,12.841241245681204,101.41360803834809
19,12,2,20103.68,518668.42,1,4831,45949,3,2022-12-01,25.799675482299758,3.876017745595539,11.287915297394937,107.36253777685779
19,1,3,16615.47,470028.46,1,4747,53457,7,2023-01-01,28.288604535411878,3.534992327911378,8.792645677834521,99.01589635559301
19,2,3,4049.66,228432.7,0,3400,48215,8,2023-02-01,56.40787127808261,1.7728022301535635,4.737793217878254,67.18608823529412
19,3,3,4008.56,220776.38,0,2805,50885,3,2023-03-01,55.076231863811444,1.8156652446244474,4.338732042841702,78.7081568627451
19,4,3,3516.07,214729.88,0,2760,49574,3,2023-04-01,61.07099119187047,1.6374386275445223,4.3315019970145645,77.8006811594203
19,5,3,4862.82,229923.03,0,3236,48894,3,2023-05-01,47.28183029600109,2.114977346984336,4.702479445330716,71.05161619283065
19,6,3,4958.71,222264.04,0,2771,55077,4,2023-06-01,44.82295597040359,2.2309996704820088,4.035514643135974,80.21076867556839
19,7,3,5514.48,237210.56,0,2603,46606,8,2023-07-01,43.0159434797116,2.324719439134581,5.089700038621636,91.12968113714945
19,8,3,6322.79,245189.57,0,3155,56388,3,2023-08-01,38.77869896042728,2.5787353026476616,4.3482579626870965,77.71460221870048
19,9,3,3521.87,202612.88,0,2438,44393,6,2023-09-01,57.529914505646154,1.738226118694922,4.564072714166648,83.10618539786711
19,10,3,4413.55,229370.24,0,2610,39625,6,2023-10-01,51.96955738577788,1.9242034188916575,5.788523406940063,87.88131800766283
19,11,3,18947.4,513823.88,1,5079,64774,5,2023-11-01,27.118437358159955,3.6875281078800772,7.932563682959212,101.16634770624138
19,12,3,21461.69,537613.76,1,5102,48482,2,2023-12-01,25.04992663671873,3.992027659411098,11.088935274947403,105.37313994511956
20,1,1,19858.08,539611.93,1,5343,46662,2,2021-01-01,27.173419081804486,3.6800668954817213,11.56426921263555,100.99418491484185
20,2,1,2828.13,188093.17,0,2457,44928,7,2021-02-01,66.50796462680287,1.5035793165695488,4.186546696937322,76.55399674399675
20,3,1,5100.71,234971.25,0,3219,41268,5,2021-03-01,46.06638095480825,2.1707804678231915,5.693788165164292,72.99510717614166
20,4,1,3624.2,203245.48,0,2611,50914,4,2021-04-01,56.08009491749904,1.7831638863506336,3.9919369917900775,77.84200689391038
20,5,1,4257.03,230081.33,0,2861,52755,2,2021-05-01,54.047382799745364,1.8502283518614917,4.361317979338451,80.41989863684026
20,6,1,3831.65,221355.69,0,2486,59609,6,2021-06-01,57.77033131940548,1.7309923228085982,3.7134608867788423,89.04090506838294
20,7,1,4002.88,209522.65,0,2537,61105,5,2021-07-01,52.34297555759853,1.9104760272934693,3.4288953440798626,82.58677571935357
20,8,1,4983.56,236176.0,0,3112,53421,8,2021-08-01,47.39102167928147,2.110104328975002,4.421032927126037,75.89203084832904
20,9,1,3945.51,225081.09,0,3103,46054,7,2021-09-01,57.04740071625721,1.7529282446606245,4.887329873626612,72.5366065098292
20,10,1,6093.98,254574.03,0,3286,57927,5,2021-10-01,41.77467435075271,2.39379484230972,4.394738722875343,77.47231588557517
20,11,1,17804.34,494044.18,1,5299,39665,6,2021-11-01,27.748525359547166,3.6037951099838885,12.455418631034917,93.23347424042272
20,12,1,19754.86,528821.25,1,5133,46484,2,2021-12-01,26.769172244197122,3.7356403510638048,11.376414465192324,103.02381648158972
20,1,2,19484.51,514750.96,1,5097,49452,5,2022-01-01,26.418470877635624,3.7852304345386742,10.409102968535146,100.9909672356288
20,2,2,4203.32,223900.52,0,2947,50347,7,2022-02-01,53.26754089624392,1.877315872245406,4.447147198442806,75.97574482524601
20,3,2,6334.67,250441.52,0,2550,40787,8,2022-03-01,39.53505391756792,2.5294008757014415,6.140228994532571,98.21236078431372
20,4,2,4988.45,258367.44,0,3014,60777,2,2022-04-01,51.79313013060169,1.9307579933446721,4.2510726097043285,85.72244193762442
20,5,2,5387.61,240080.25,0,2708,47041,2,2022-05-01,44.56154955536871,2.244087133364781,5.103638315512,88.65592688330871
20,6,2,5471.24,237390.75,0,2754,59213,4,2022-06-01,43.388838727601055,2.304740180483022,4.009098508773412,86.19852941176471
20,7,2,4237.05,208480.83,0,2436,48347,4,2022-07-01,49.20424115835309,2.0323451321639503,4.312177177487745,85.58326354679802
20,8,2,3109.46,221351.72,0,3868,42892,6,2022-08-01,71.18654686022653,1.4047598094110134,5.16067611675837,57.2264012409514
20,9,2,5799.4,234455.89,0,2779,49373,3,2022-09-01,40.42761147704935,2.4735569663018486,4.748666072549774,84.366998920475
20,10,2,4016.25,213701.31,0,2936,37991,3,2022-10-01,53.20916526610644,1.8793754703703032,5.6250509331157375,72.78654972752044
20,11,2,20242.26,519653.61,1,4524,53513,4,2022-11-01,25.671718968138933,3.8953371265909227,9.710791957094537,114.86596153846153
20,12,2,19653.89,527843.58,1,5310,30909,4,2022-12-01,26.856951982533737,3.723430717865319,17.07734252159565,99.40557062146893
20,1,3,17163.15,489761.39,1,5250,48040,3,2023-01-01,28.535635358311264,3.504390168445087,10.194866569525395,93.2878838095238
20,2,3,3368.87,207027.64,0,3025,50520,7,2023-02-01,61.45314007367456,1.6272561480196555,4.097934283452099,68.43888925619835
20,3,3,3136.36,196241.61,0,2510,42141,7,2023-03-01,62.569861240418824,1.5982135491040865,4.656785790560262,78.18390836653386
20,4,3,4572.14,234346.05,0,2834,35555,4,2023-04-01,51.25522184360058,1.9510207234130896,6.591085641963155,82.69091390261114
20,5,3,4365.04,208813.1,0,2279,43348,6,2023-05-01,47.837614317394575,2.090405247563491,4.817133431761558,91.62487933304081
20,6,3,6176.39,256318.45,0,3265,42550,6,2023-06-01,41.499719091572906,2.4096548648760945,6.023935370152762,78.50488514548239
20,7,3,6201.8,237950.83,0,2662,48837,2,2023-07-01,38.368027024412264,2.606336779745631,4.872347400536478,89.38799023290758
20,8,3,5735.12,231307.98,0,2816,44507,3,2023-08-01,40.331846587342554,2.4794302384206546,5.197114611184758,82.14061789772728
20,9,3,6424.52,272674.93,0,3206,48730,6,2023-09-01,42.44284864861499,2.3561095257272098,5.595627539503385,85.05144416718652
20,10,3,5230.75,227076.91,0,3200,56415,7,2023-10-01,43.411921808536064,2.3035146990506434,4.025115837986351,70.961534375
20,11,3,17843.31,485333.73,1,4262,47040,2,2023-11-01,27.19975890123525,3.6765031764843545,10.31746875,113.87464335992492
20,12,3,18128.89,519053.61,1,5246,33377,8,2023-12-01,28.631295683298866,3.4926816133693785,15.551236180603409,98.94273922988944
21,1,1,19694.11,522349.97,1,4569,51958,7,2021-01-01,26.5231569235675,3.770290251955026,10.0533117133069,114.32479098270956
21,2,1,3663.55,228599.85,0,3096,52273,8,2021-02-01,62.39845232083635,1.602603851227374,4.373191705086756,73.83716085271318
21,3,1,5523.67,233223.66,0,2458,47076,4,2021-03-01,42.22259113958654,2.3684003586943105,4.954194494009687,94.88350691619203
21,4,1,5730.84,234572.74,0,2462,34201,2,2021-04-01,40.93165050847694,2.4430971817100318,6.858651501418087,95.27731112916328
21,5,1,6052.2,248325.38,0,3259,44642,6,2021-05-01,41.030597138230725,2.43720557278519,5.562595313830026,76.19680270021479
21,6,1,6769.56,247070.23,0,2936,39820,3,2021-06-01,36.49723615715054,2.739933499879771,6.204676795580111,84.1519856948229
21,7,1,5313.8,244630.93,0,2665,45859,7,2021-07-01,46.03690955624976,2.172170134005541,5.334414836782311,91.79396998123828
21,8,1,1663.9,186509.34,0,2603,48161,4,2021-08-01,112.09167618246288,0.8921269036714194,3.8726218309420486,71.65168651555896
21,9,1,4377.55,219242.75,0,2674,38452,2,2021-09-01,50.08343708238626,1.9966680768235212,5.701725527930927,81.99055721765146
21,10,1,3234.92,214189.74,0,2649,29665,6,2021-10-01,66.21175794146377,1.5103057690811894,7.220284510365751,80.85682899207248
21,11,1,20869.73,526393.55,1,4156,38869,5,2021-11-01,25.22282511561003,3.9646629408738003,13.542760297409247,126.65869826756497
21,12,1,18220.1,507700.01,1,4777,55436,5,2021-12-01,27.864831148017853,3.588753130022589,9.158308860668159,106.28009420138162
21,1,2,17837.51,487521.03,1,4456,53586,6,2022-01-01,27.33122672390934,3.6588185744520594,9.09791792632404,109.40777154398565
21,2,2,5485.58,233543.06,0,2910,41042,4,2022-02-01,42.57399582177272,2.3488516421768217,5.690343063203548,80.2553470790378
21,3,2,4441.08,229369.3,0,3048,48537,4,2022-03-01,51.64718942239275,1.9362137827512227,4.725658775779302,75.25239501312336
21,4,2,6357.18,258454.13,0,3020,61494,5,2022-04-01,40.655468305129006,2.4596937181851186,4.202916219468566,85.58083774834438
21,5,2,5827.36,254486.57,0,4035,49127,6,2022-05-01,43.67098823480959,2.2898497158415863,5.180177295580842,63.06978190830235
21,6,2,5596.14,232956.24,0,2622,40950,5,2022-06-01,41.628022172425986,2.4022279892566947,5.6887970695970695,88.84677345537757
21,7,2,4879.91,224589.02,0,2855,53699,3,2022-07-01,46.02318895225527,2.1728177094320995,4.1823687591947705,78.66515586690016
21,8,2,3096.31,213222.51,0,3254,51191,8,2022-08-01,68.8634245279058,1.4521496815697366,4.165234318532555,65.52627842655194
21,9,2,5365.29,240653.43,0,2866,51230,5,2022-09-01,44.853760001789276,2.2294674960585437,4.697509857505368,83.96839846475925
21,10,2,4478.66,224745.88,0,2825,39609,7,2022-10-01,50.18150071673224,1.9927662300194333,5.674111439319347,79.55606371681417
21,11,2,18665.75,506486.0,1,4986,29915,7,2022-11-01,27.134511069740032,3.685343721247971,16.930837372555573,101.58162855996791
21,12,2,17683.31,482393.4,1,4901,48903,6,2022-12-01,27.27958736232074,3.6657445976665515,9.864290534323048,98.42754539889819
21,1,3,19960.79,510263.42,1,4860,51112,2,2023-01-01,25.563287825782446,3.9118598781782166,9.98324111754578,104.9924732510288
21,2,3,5154.17,234890.47,0,2707,47053,7,2023-02-01,45.572899225287486,2.1942865540692225,4.992040252481244,86.77150720354636
21,3,3,5901.19,228162.48,0,2433,45519,6,2023-03-01,38.66380848608502,2.586398079123263,5.012466881961379,93.77824907521578
21,4,3,3721.63,208362.19,0,2661,23369,8,2023-04-01,55.98680954313029,1.7861349988690367,8.91617912619282,78.30221345358888
21,5,3,2215.42,191365.14,0,2392,46324,5,2023-05-01,86.37871825658341,1.1576925661591237,4.131015024609274,80.00214882943145
21,6,3,3439.48,205217.79,0,2428,48885,2,2023-06-01,59.66535348366614,1.6760145404548017,4.197970543111384,84.52133031301483
21,7,3,4642.28,211765.22,0,2686,47424,6,2023-07-01,45.61664096090714,2.192182455645927,4.465359733468286,78.84036485480269
21,8,3,4796.62,212455.51,0,2209,40328,7,2023-08-01,44.29275406432029,2.257705625050628,5.268188603451696,96.1772340425532
21,9,3,4521.6,230966.13,0,3050,42766,4,2023-09-01,51.08061969214437,1.9576896404680637,5.400695178412758,75.7266
21,10,3,4397.85,224908.36,0,2929,60027,8,2023-10-01,51.14052548404333,1.955396411231668,3.7467866126909555,76.78673950153636
21,11,3,17037.13,488418.9,1,5170,44812,2,2023-11-01,28.66790944249413,3.4882208694217196,10.899288137106133,94.47174081237911
21,12,3,17668.93,480910.37,1,4570,31187,7,2023-12-01,27.217854731441008,3.6740588480136123,15.420219001507038,105.23202844638949
22,1,1,18683.89,498534.69,1,5233,49808,4,2021-01-01,26.6825960760848,3.747761264115843,10.00912885480244,95.26747372444105
22,2,1,5953.75,232576.57,0,2602,48191,5,2021-02-01,39.063879067814405,2.5599096246023403,4.826141188188666,89.3837701767871
22,3,1,5509.07,257437.86,0,3220,32874,8,2021-03-01,46.72982191186534,2.139961076432192,7.8310476364300055,79.94964596273292
22,4,1,2259.32,184878.26,0,2997,44677,5,2021-04-01,81.82916098649152,1.2220582344295106,4.13810819884952,61.68777444110778
22,5,1,4921.34,231295.12,0,2851,42135,3,2021-05-01,46.99840287401398,2.1277318777845378,5.489382223804438,81.12771659066993
22,6,1,6395.91,254000.91,0,3177,46092,7,2021-06-01,39.71302129016825,2.518065781732829,5.510737438167144,79.94992445703494
22,7,1,8447.62,273927.46,0,2753,53514,2,2021-07-01,32.4265840556275,3.0838894355461846,5.118799940202564,99.50143843080276
22,8,1,7236.56,266314.82,0,2952,49200,5,2021-08-01,36.801300617973176,2.717295267308068,5.412902845528455,90.21504742547425
22,9,1,5253.13,211629.48,0,2157,56227,5,2021-09-01,40.28635879942054,2.482229791426034,3.7638408593736106,98.11287899860919
22,10,1,4915.98,230899.01,0,3010,39789,8,2021-10-01,46.96907025659178,2.129060665959546,5.803086531453417,76.71063455149502
22,11,1,19293.93,527399.66,1,5770,60858,6,2021-11-01,27.335004325194504,3.6583129386166076,8.666069538926683,91.40375389948008
22,12,1,18341.76,520885.81,1,5442,42368,4,2021-12-01,28.398900105551487,3.521263134428638,12.294321421827794,95.71587835354649
22,1,2,19738.97,533506.56,1,4784,44697,2,2022-01-01,27.028085052056923,3.699855162043368,11.936070877240084,111.5189297658863
22,2,2,4118.56,226897.28,0,3088,56694,5,2022-02-01,55.091410590109156,1.8151649944856105,4.002139203443045,73.47709844559586
22,3,2,4985.72,212123.57,0,2422,43177,7,2022-03-01,42.546226021517455,2.3503847309377264,4.912883479630359,87.58198596201487
22,4,2,5268.74,240650.07,0,2273,33950,5,2022-04-01,45.675070320418165,2.189378128998674,7.088367304860088,105.8733260008799
22,5,2,5720.32,236473.45,0,3344,29832,5,2022-05-01,41.33919955526964,2.419011521166541,7.926838629659427,70.71574461722489
22,6,2,5735.8,226560.84,0,2678,53764,8,2022-06-01,39.499431639875866,2.531681997647961,4.213987798526896,84.60076176250934
22,7,2,5923.53,246021.49,0,3044,27899,4,2022-07-01,41.532918715698244,2.4077286906928332,8.818290619735475,80.82177726675427
22,8,2,6211.98,251824.1,0,2600,52114,5,2022-08-01,40.53845955717823,2.4667932894429088,4.832177533868059,96.85542307692307
22,9,2,5391.63,242097.68,0,3149,53650,5,2022-09-01,44.902502582706894,2.227047363692209,4.512538303821063,76.88081295649413
22,10,2,3559.65,209149.64,0,2705,35301,7,2022-10-01,58.75567541752701,1.701963245071806,5.92475114019433,77.3196451016636
22,11,2,20334.69,539378.82,1,5096,56526,4,2022-11-01,26.525057426496296,3.770020113136812,9.542136715847574,105.84356750392463
22,12,2,18702.91,518337.96,1,4907,49757,3,2022-12-01,27.714294727398038,3.6082462492231904,10.41738770424262,105.63235378031384
22,1,3,20687.25,536369.21,1,5254,35476,8,2023-01-01,25.927525891551557,3.856904836129576,15.119213270943735,102.08778264179672
22,2,3,3743.39,222628.37,0,2979,49367,4,2023-02-01,59.472395342189834,1.6814523683571863,4.509659691696882,74.73258475998657
22,3,3,5228.01,220656.27,0,2242,39995,5,2023-03-01,42.206550867347225,2.3693004508777387,5.5170963870483805,98.41938893844781
22,4,3,4905.47,237724.24,0,2978,44519,8,2023-04-01,48.46105266162059,2.0635127490574794,5.339837822053505,79.82680993955675
22,5,3,3003.72,193842.95,0,2509,45322,5,2023-05-01,64.53429414193069,1.5495637060826817,4.277016680640749,77.2590474292547
22,6,3,3373.23,209841.97,0,3427,48077,3,2023-06-01,62.208023170670245,1.60750968931525,4.364705992470412,61.2319725707616
22,7,3,6718.18,253023.6,0,2755,57489,6,2023-07-01,37.662521694863784,2.655159439672821,4.401252413505192,91.84159709618875
22,8,3,5811.31,240840.23,0,2988,34314,6,2023-08-01,41.443363028301704,2.4129315936959537,7.018716267412718,80.60248661311914
22,9,3,5192.12,237683.22,0,3145,38486,4,2023-09-01,45.77768233399844,2.1844705739008417,6.175835888374993,75.57495071542131
22,10,3,4078.49,235083.73,0,2961,42868,6,2023-10-01,57.63989368614365,1.7349095150055682,5.483897779229262,79.39335697399528
22,11,3,17887.05,497709.07,1,5419,38913,7,2023-11-01,27.82510643174811,3.5938766396200093,12.790303240562281,91.84518730393062
22,12,3,19739.57,527287.03,1,5413,31367,4,2023-12-01,26.712184206646853,3.7436100030755544,16.810247393757773,97.41123776094588
23,1,1,17973.95,504899.18,1,4915,48278,2,2021-01-01,28.090607796282953,3.5599087326701544,10.458162724222213,102.72618107833163
23,2,1,4495.17,236202.28,0,2845,34951,7,2021-02-01,52.54579470854272,1.9031018667559008,6.758097908500472,83.02364850615115
23,3,1,5603.49,256508.75,0,3470,50738,8,2021-03-01,45.77660529420058,2.184521970498082,5.055555008080728,73.92182997118155
23,4,1,5461.5,240578.65,0,3090,51279,3,2021-04-01,44.04992218255058,2.270151569975141,4.691562822987968,77.85716828478964
23,5,1,4819.58,228303.61,0,2556,29816,8,2021-05-01,47.37002186912552,2.1110397684907394,7.657083780520526,89.32066118935836
23,6,1,7468.65,251003.45,0,2264,50160,8,2021-06-01,33.607606461676475,2.9755168703856456,5.004056020733652,110.86724823321555
23,7,1,3721.06,216228.41,0,2775,47472,8,2021-07-01,58.109358623618,1.7208931980769777,4.554862023929895,77.92014774774775
23,8,1,4752.95,232454.01,0,2480,40623,4,2021-08-01,48.907312300781626,2.044684021583452,5.722226571154272,93.73145564516129
23,9,1,7962.99,275495.4,0,3520,48585,8,2021-09-01,34.596979275372696,2.8904257566551017,5.670379746835444,78.26573863636364
23,10,1,6291.31,249519.68,0,2571,30800,2,2021-10-01,39.66100541858531,2.5213682543998135,8.101288311688311,97.05160637884092
23,11,1,18761.82,533996.67,1,5967,33883,6,2021-11-01,28.461880030828567,3.5134713480516644,15.760017412861908,89.49164906988437
23,12,1,20078.7,513753.12,1,4340,56744,6,2021-12-01,25.586971268060182,3.9082390390154718,9.053875652051318,118.37629493087557
23,1,2,18221.39,493478.81,1,5258,38876,6,2022-01-01,27.082391079934077,3.6924361554653173,12.693662156600473,93.85294979079498
23,2,2,4249.03,230365.95,0,3144,54532,2,2022-02-01,54.216126974862505,1.844469636246155,4.224417773050686,73.27161259541985
23,3,2,3892.41,223599.52,0,2693,47626,7,2022-03-01,57.4450070778772,1.7407953290776295,4.694904463948263,83.02989974006684
23,4,2,5279.09,225872.48,0,2774,61176,5,2022-04-01,42.786252933744265,2.3371992905023222,3.6921747090362236,81.42483056957462
23,5,2,6429.64,251153.32,0,3290,50046,4,2022-05-01,39.06180128280899,2.560045791948918,5.018449426527595,76.33839513677812
23,6,2,3323.66,207257.25,0,2749,43628,7,2022-06-01,62.35813831739709,1.6036399209195333,4.750555835701843,75.39368861404147
23,7,2,3070.95,230181.64,0,3334,46898,7,2022-07-01,74.95453849785898,1.3341420280088367,4.908133395880422,69.04068386322736
23,8,2,4467.61,211526.86,0,2763,39820,8,2022-08-01,47.34676034837419,2.112076924887931,5.312075841285786,76.55695258776692
23,9,2,4899.08,250867.24,0,3369,41855,7,2022-09-01,51.20701029581064,1.9528576150477044,5.993722135945526,74.46341347580885
23,10,2,5899.41,248015.27,0,2902,51825,8,2022-10-01,42.04069050972894,2.3786478953493466,4.785629908345393,85.46356650585803
23,11,2,17774.42,500829.45,1,5139,43137,2,2022-11-01,28.176978489312173,3.548996569590705,11.610205855761874,97.45659661412726
23,12,2,18449.01,508996.12,1,5005,48219,2,2022-12-01,27.589345986586817,3.6245875508834917,10.55592442812999,101.69752647352647
23,1,3,17326.2,477815.33,1,4932,32344,3,2023-01-01,27.577618289065114,3.6261289481859027,14.772920170665348,96.88064274128143
23,2,3,5610.1,243230.54,0,2854,48903,7,2023-02-01,43.355829664355355,2.306494899859204,4.973734535713556,85.22443587946742
23,3,3,3425.57,202461.56,0,2026,34111,4,2023-03-01,59.10302810919058,1.6919606862655805,5.935374512620562,99.93166831194472
23,4,3,4152.83,219776.35,0,2525,45637,2,2023-04-01,52.92206760209303,1.8895709206199849,4.815749282380525,87.04013861386139
23,5,3,5149.59,223465.32,0,2854,41413,4,2023-05-01,43.394779001823444,2.3044246865688156,5.396018641489388,78.29899088997898
23,6,3,6940.42,262491.87,0,2970,66011,8,2023-06-01,37.82074715939381,2.644051413859027,3.9764867976549363,88.381101010101
23,7,3,6129.13,237001.53,0,2765,29489,6,2023-07-01,38.668054030506774,2.5861141065207467,8.03694699718539,85.7148390596745
23,8,3,3599.02,198734.14,0,2520,43674,2,2023-08-01,55.218959605670435,1.8109721862584856,4.550399322251225,78.86275396825397
23,9,3,3819.91,220039.81,0,2779,37867,6,2023-09-01,57.60340165082424,1.736008588627667,5.8108593234214485,79.17949262324576
23,10,3,5587.76,234642.74,0,2707,43571,6,2023-10-01,41.992272395378464,2.3813905343928394,5.385296183241146,86.67999261174732
23,11,3,18798.77,509214.12,1,4888,48763,6,2023-11-01,27.087629669387944,3.691722059867468,10.442633143982118,104.17637479541735
23,12,3,19685.26,519148.62,1,4687,38114,4,2023-12-01,26.372454313532057,3.7918351781422435,13.620942960591908,110.76352037550672
24,1,1,19780.61,533124.24,1,5182,47246,7,2021-01-01,26.951860433020013,3.7103190055661326,11.28400795834568,102.8800154380548
24,2,1,6548.25,257358.7,0,3164,44193,6,2021-02-01,39.301905089145954,2.544405920608085,5.823517299119771,81.33966498103666
24,3,1,4062.22,229293.42,0,3052,47256,8,2021-03-01,56.44534761780505,1.7716251953501325,4.852154647028949,75.12890563564876
24,4,1,4925.21,246416.92,0,3938,42001,4,2021-04-01,50.0317590518983,1.9987304443217617,5.866929835003929,62.57412899949213
24,5,1,4578.2,209110.5,0,2604,57355,4,2021-05-01,45.67526538814381,2.189368778707908,3.6458983523668382,80.30357142857143
24,6,1,5384.81,251943.25,0,2496,31332,5,2021-06-01,46.78776967061047,2.1373106840528573,8.04108419507213,100.93880208333333
24,7,1,3760.99,223280.66,0,2653,31665,3,2021-07-01,59.36752291285008,1.6844226454722948,7.05133933364914,84.16157557482096
24,8,1,4585.35,229452.43,0,2687,39945,4,2021-08-01,50.04033061816437,1.9983880754716785,5.744209037426462,85.39353554149609
24,9,1,4646.74,214348.02,0,2709,41026,2,2021-09-01,46.12868806948527,2.167848343082432,5.224687271486374,79.12440753045404
24,10,1,4081.17,228293.17,0,2958,30706,6,2021-10-01,55.9381672412568,1.7876881730627334,7.434806552465317,77.1782183908046
24,11,1,20398.14,539353.22,1,5121,49722,7,2021-11-01,26.441294157212372,3.7819631446716864,10.847375809500823,105.32185510642452
24,12,1,19948.91,524075.19,1,5178,52420,4,2021-12-01,26.270868433413153,3.8064976897685234,9.99761903853491,101.2118945538818
24,1,2,20275.81,511135.11,1,4462,48362,8,2022-01-01,25.209109278494914,3.966820044899675,10.568940697241636,114.55291573285521
24,2,2,4888.18,207438.06,0,2437,48679,6,2022-02-01,42.43666558923771,2.356452812950526,4.261345960270343,85.12025441116127
24,3,2,6225.62,262406.44,0,2950,30180,7,2022-03-01,42.14944696271215,2.3725103697912293,8.694713055003314,88.95133559322034
24,4,2,4898.43,234664.94,0,2313,42364,3,2022-04-01,47.90615360431811,2.0874145068283316,5.539253611556982,101.45479463899697
24,5,2,4373.93,225100.81,0,2602,41184,4,2022-05-01,51.46420038729472,1.9430982944930322,5.465734508547008,86.51068793235972
24,6,2,2881.08,185891.54,0,2209,43630,7,2022-06-01,64.5214780568398,1.5498715003383154,4.26063580105432,84.15189678587596
24,7,2,3993.5,222586.76,0,3135,44600,5,2022-07-01,55.73726305246025,1.7941318701974907,4.990734529147982,71.00056140350877
24,8,2,1907.08,188790.92,0,2920,52863,2,2022-08-01,98.99475638148374,1.0101545137869978,3.5713243667593595,64.65442465753425
24,9,2,5205.23,231557.8,0,2863,44209,5,2022-09-01,44.48560390222911,2.247918230351126,5.23779773349318,80.8794271742927
24,10,2,6239.19,235616.23,0,2589,43035,3,2022-10-01,37.763913264382076,2.6480306556131548,5.474990821424422,91.00665507918116
24,11,2,18568.95,515029.85,1,4974,46466,6,2022-11-01,27.736078238134088,3.605412385320968,11.08401519390522,103.54440088459991
24,12,2,18636.92,514866.58,1,5492,44489,7,2022-12-01,27.62616247749092,3.6197571805884157,11.572896221537908,93.74846686088857
24,1,3,19319.01,505972.3,1,4897,51833,4,2023-01-01,26.190384496928157,3.8181951857838854,9.761586248143075,103.32291198693078
24,2,3,5029.55,217590.41,0,2413,62147,6,2023-02-01,43.262401208855664,2.311475951536651,3.5012214587992987,90.17422710319104
24,3,3,4779.42,235499.7,0,3372,47254,7,2023-03-01,49.273698482242615,2.0294802923315824,4.983698734498667,69.83976868327403
24,4,3,4573.25,226423.23,0,2732,33938,7,2023-04-01,49.51035478051714,2.0197795076061764,6.671672756202487,82.87819546120059
24,5,3,4800.96,263247.52,0,3540,45687,5,2023-05-01,54.832266879957345,1.823743676673573,5.761978681025237,74.36370621468927
24,6,3,5479.57,236446.71,0,3146,38512,4,2023-06-01,43.1505957584263,2.3174651066195846,6.139559358122144,75.15788620470438
24,7,3,2597.67,182622.81,0,2258,42213,3,2023-07-01,70.30254420307429,1.4224236282422773,4.326222016914221,80.87812666076174
24,8,3,5308.45,224456.1,0,2804,41734,8,2023-08-01,42.28279441268167,2.365028172546881,5.378255139694255,80.04853780313837
24,9,3,2651.67,198609.61,0,3085,35529,2,2023-09-01,74.89982162184585,1.335116664294341,5.590070365053899,64.37912803889789
24,10,3,5544.31,244422.6,0,2966,58313,2,2023-10-01,44.08530547534319,2.2683295243565857,4.1915627733095535,82.40815913688469
24,11,3,17281.47,482273.94,1,5007,36788,8,2023-11-01,27.906997495004763,3.5833306688725504,13.109544960313146,96.31994008388257
24,12,3,19103.74,506710.36,1,5160,36014,3,2023-12-01,26.524144486891046,3.7701498741805874,14.069816182595657,98.19968217054263
25,1,1,19210.26,527533.42,1,5118,41090,7,2021-01-01,27.461024473380377,3.6415247397975277,12.838486736432223,103.07413442751076
25,2,1,3731.68,206417.26,0,2497,45449,3,2021-02-01,55.31483406937358,1.807833317814605,4.541733811525006,82.66610332398879
25,3,1,3087.64,186843.69,0,2695,39193,2,2021-03-01,60.51343096993173,1.6525257020989041,4.767271961829919,69.32975510204082
25,4,1,3082.18,188827.2,0,2377,50019,6,2021-04-01,61.26417016527264,1.6322754348949724,3.775109458405806,79.43929322675642
25,5,1,5568.94,255415.5,0,3516,39908,5,2021-05-01,45.86429374351313,2.1803453588368753,6.400107747819986,72.64377133105802
25,6,1,2921.15,214062.31,0,2191,43151,4,2021-06-01,73.28014994094791,1.3646260287483585,4.9607728673727145,97.70073482428116
25,7,1,2936.35,204972.92,0,2162,36617,6,2021-07-01,69.80534336846766,1.4325550906919802,5.597752956277139,94.80708603145237
25,8,1,3239.37,208801.06,0,3768,41194,7,2021-08-01,64.45730496979351,1.5514145378380741,5.068725057047143,55.4142940552017
25,9,1,5115.03,233177.75,0,2702,42469,3,2021-09-01,45.586780527191436,2.19361838768922,5.490540158703996,86.29820503330866
25,10,1,3527.47,220378.35,0,2929,42471,6,2021-10-01,62.47490410974438,1.6006427128617668,5.188913611640885,75.24013315124616
25,11,1,17336.01,481648.29,1,5005,52106,8,2021-11-01,27.783110992667865,3.599308948029276,9.243624342686063,96.23342457542456
25,12,1,19637.28,518003.86,1,4697,36549,2,2021-12-01,26.37859520259425,3.7909524457983768,14.172859996169526,110.283981264637
25,1,2,20403.1,541496.97,1,5439,48171,6,2022-01-01,26.53993608814347,3.767906586808787,11.241140312636233,99.55818532818532
25,2,2,5275.08,231752.2,0,2827,56843,6,2022-02-01,43.93340006217915,2.276172567078112,4.07705786112626,81.97813937035727
25,3,2,4951.78,234236.63,0,2464,50624,7,2022-03-01,47.30352115804822,2.1140075316145044,4.6269877923514535,95.06356737012987
25,4,2,4843.01,208498.12,0,2011,44556,7,2022-04-01,43.05135029661305,2.322807515003013,4.6794622497531195,103.67882645450025
25,5,2,4920.55,230578.14,0,3753,44470,6,2022-05-01,46.8602371686092,2.134005417859646,5.185026759613223,61.43835331734613
25,6,2,4302.57,209927.79,0,2496,52865,3,2022-06-01,48.79125499410818,2.0495476087277438,3.9710165515936824,84.10568509615385
25,7,2,4568.3,232717.82,0,3323,55722,3,2022-07-01,50.941886478558764,1.963021138647655,4.176408240910233,70.03244658441167
25,8,2,3487.52,201509.81,0,2478,37041,4,2022-08-01,57.78025932467771,1.7306948976826486,5.440182770443562,81.31953591606134
25,9,2,4931.31,235730.12,0,2386,32490,2,2022-09-01,47.802738014847975,2.091930382082697,7.255466912896275,98.79720033528919
25,10,2,5322.62,227416.68,0,2532,47368,7,2022-10-01,42.726454265004826,2.3404703647947023,4.80106147610201,89.81701421800948
25,11,2,18717.25,512092.79,1,5297,51201,2,2022-11-01,27.35940322429844,3.6550504841124596,10.001616960606238,96.67600339814989
25,12,2,18024.63,482439.8,1,4452,38552,2,2022-12-01,26.765586866415564,3.736140757872796,12.514001867607387,108.36473495058401
25,1,3,19431.59,513056.19,1,5175,54573,2,2023-01-01,26.403201693736847,3.787419463743338,9.40128250233632,99.14129275362319
25,2,3,5511.81,228915.47,0,2678,39477,4,2023-02-01,41.531814413051244,2.4077927105581813,5.798704815462168,85.48001120238985
25,3,3,3356.71,219978.2,0,3204,43034,6,2023-03-01,65.53387096293693,1.5259284783674019,5.111730259794581,68.65736579275905
25,4,3,7630.32,279846.12,0,3158,47186,7,2023-04-01,36.67554178592772,2.7266127541807617,5.930702326961387,88.61498416719442
25,5,3,3843.48,223620.03,0,2676,42455,6,2023-05-01,58.181655687033626,1.718754800274376,5.267224826286657,83.565033632287
25,6,3,5765.36,255959.01,0,2944,47051,6,2023-06-01,44.39601516644234,2.252454406664567,5.440033368047438,86.94259850543479
25,7,3,6042.96,241571.69,0,2868,44095,4,2023-07-01,39.975722162648765,2.5015182863521797,5.478437237782061,84.23001743375174
25,8,3,5365.44,223968.43,0,2802,46563,4,2023-08-01,41.742789035009245,2.3956233474512456,4.81000859051178,79.93163097787294
25,9,3,3985.41,212196.62,0,2183,37900,5,2023-09-01,53.24336015616963,1.878168464700333,5.5988554089709766,97.2041319285387
25,10,3,3462.26,207029.93,0,2732,46571,5,2023-10-01,59.796182262452845,1.6723475682960434,4.445468854007859,75.77962298682284
25,11,3,19189.17,537072.88,1,5234,49759,5,2023-11-01,27.988333002417512,3.572917329208654,10.793482184127495,102.61231944975162
25,12,3,18580.57,508560.2,1,4992,39454,7,2023-12-01,27.37053814818383,3.653563530925149,12.889952856491103,101.87504006410256
26,1,1,17739.82,495585.2,1,4939,44749,2,2021-01-01,27.936315024616935,3.5795701727977343,11.074777089990839,100.34120267260579
26,2,1,4596.98,224845.92,0,2733,40470,7,2021-02-01,48.91165939377592,2.0445022973954785,5.555866567828021,82.27073545554336
26,3,1,4234.2,232177.16,0,3155,44206,2,2021-03-01,54.83377261348071,1.8236935967344936,5.252163959643488,73.59022503961965
26,4,1,5894.67,248545.96,0,2950,51926,2,2021-04-01,42.16452490130915,2.3716619654570126,4.786541616916381,84.25286779661016
26,5,1,4156.69,214533.02,0,2760,46959,2,2021-05-01,51.61150338370194,1.9375525501855146,4.5685176430503205,77.72935507246376
26,6,1,3977.51,218828.05,0,2872,48322,2,2021-06-01,55.01634188223285,1.81764175113748,4.52853876081288,76.19361072423398
26,7,1,4356.76,220714.76,0,2762,27277,6,2021-07-01,50.660298019629266,1.9739323278606287,8.09160684826044,79.91120926864592
26,8,1,3715.91,204281.39,0,3366,35273,2,2021-08-01,54.97479486855172,1.819015427690207,5.791437927026338,60.68965834818776
26,9,1,6165.89,247801.65,0,2607,41834,2,2021-09-01,40.18911300720577,2.4882360549253812,5.923451020700865,95.052416570771
26,10,1,6072.13,243665.47,0,2831,42035,5,2021-10-01,40.128500213269476,2.4919944545281694,5.796728202688236,86.07045920169551
26,11,1,19530.97,531679.98,1,4672,31270,5,2021-11-01,27.222405236401467,3.673444691297197,17.00287751838823,113.80136558219178
26,12,1,17355.58,498114.62,1,5024,38877,8,2021-12-01,28.70054587631182,3.4842542866940946,12.812578645471616,99.1470183121019
26,1,2,19511.58,504673.61,1,4294,49402,6,2022-01-01,25.865337917277838,3.866177983826022,10.215651390631958,117.52995109455053
26,2,2,3993.59,237176.4,0,3025,46367,7,2022-02-01,59.389271307269894,1.6838058086723637,5.1151983091422775,78.4054214876033
26,3,2,6555.89,258282.73,0,2659,51206,7,2022-03-01,39.39705059114781,2.5382610753727124,5.043993477326876,97.13528770214367
26,4,2,5659.62,233371.15,0,2811,49470,2,2022-04-01,41.2344203321071,2.4251583796883205,4.71742773398019,83.0206865884027
26,5,2,6122.93,255596.44,0,3018,38530,3,2022-05-01,41.74413883549216,2.3955458847548896,6.633699454970153,84.69066931742876
26,6,2,4007.9,219261.97,0,2517,39131,4,2022-06-01,54.707445295541305,1.8279047661571224,5.603280519281388,87.11242352006357
26,7,2,4851.17,229494.5,0,2400,47853,5,2022-07-01,47.30704139413791,2.1138502229900933,4.795822623450985,95.62270833333334
26,8,2,3693.08,220658.43,0,2678,43289,3,2022-08-01,59.74916059224279,1.6736636801050384,5.097332578715147,82.39672516803584
26,9,2,3692.62,204312.62,0,2493,47798,4,2022-09-01,55.32998792185494,1.8073381859622768,4.274501443575045,81.95452065784195
26,10,2,3721.28,227451.98,0,3353,46613,3,2022-10-01,61.121974159429016,1.6360728097420827,4.879582519897883,67.83536534446765
26,11,2,18995.89,523248.91,1,4941,72632,6,2022-11-01,27.54537481528899,3.630373544399739,7.204109896464368,105.8993948593402
26,12,2,21308.39,526505.14,1,4263,45754,6,2022-12-01,24.708818451323634,4.047138077322473,11.50730296804651,123.50577996715928
26,1,3,19287.92,497252.23,1,4306,41832,8,2023-01-01,25.780500437579583,3.878900653698426,11.886886354943583,115.47892011147236
26,2,3,5243.88,239082.1,0,2525,40522,3,2023-02-01,45.59259555901355,2.193338606277927,5.90005675929125,94.6859801980198
26,3,3,3379.44,222779.31,0,3220,48648,5,2023-03-01,65.92196044315034,1.5169451777187029,4.579413542180562,69.18612111801242
26,4,3,5228.88,214343.81,0,2261,43195,5,2023-04-01,40.992298541943974,2.4394826237342704,4.962236601458502,94.80044670499778
26,5,3,6158.76,241781.58,0,2390,44247,4,2023-05-01,39.258159109950704,2.5472411918228013,5.46436097362533,101.16384100418409
26,6,3,3495.51,208781.12,0,2829,39030,4,2023-06-01,59.728371539489224,1.6742462153666002,5.34924724570843,73.80032520325203
26,7,3,4011.03,231102.39,0,2963,47692,8,2023-07-01,57.6167193962648,1.7356073210666494,4.8457265369454,77.99608167397908
26,8,3,7500.25,260729.41,0,2831,33663,7,2023-08-01,34.76276257458085,2.876641342455383,7.74528146629831,92.09799010950195
26,9,3,4090.83,239217.38,0,2953,48196,8,2023-09-01,58.47649010103085,1.7100889575832656,4.9634280853182835,81.00825601083643
26,10,3,5723.05,238268.03,0,3201,51575,8,2023-10-01,41.633050558705584,2.4019378512509633,4.619835773145904,74.43549828178693
26,11,3,16797.81,479444.87,1,5511,38254,4,2023-11-01,28.54210578640906,3.5035957314550057,12.533195744235897,86.99779894755943
26,12,3,16383.54,488213.34,1,5127,38527,4,2023-12-01,29.799014132476863,3.355815717776167,12.671979131518157,95.22397893504974
27,1,1,19132.93,536960.86,1,5848,56116,7,2021-01-01,28.064748054793487,3.5631889445349887,9.568765770903129,91.81957250341998
27,2,1,4886.03,239501.32,0,3248,42251,2,2021-02-01,49.01757050202312,2.040084789511807,5.6685361293223835,73.73809113300493
27,3,1,4939.92,244695.75,0,3021,43935,7,2021-03-01,49.534354807365304,2.018800898667018,5.569494708091499,80.99826216484608
27,4,1,7039.31,260474.16,0,3283,48819,7,2021-04-01,37.0027971491524,2.7024983975377825,5.335507896515701,79.34028632348462
27,5,1,3555.82,219237.1,0,3449,49340,2,2021-05-01,61.65584872125135,1.6219061463593525,4.443394811511958,63.5654102638446
27,6,1,7303.71,255703.48,0,2967,48177,6,2021-06-01,35.010081177921904,2.856320140813101,5.307584116902256,86.18250084260195
27,7,1,3932.78,235353.48,0,3161,54299,6,2021-07-01,59.844049247606016,1.6710099209070544,4.334398055212803,74.45538753559
27,8,1,5241.14,243940.51,0,3291,49796,8,2021-08-01,46.54340658711654,2.148532033486361,4.8987972929552575,74.12352172591918
27,9,1,3984.29,209246.75,0,2768,50126,8,2021-09-01,52.5179517555198,1.9041108165359797,4.17441547300802,75.59492413294798
27,10,1,4903.19,225543.07,0,2499,46777,2,2021-10-01,45.99925150769194,2.1739484170362666,4.8216659896957905,90.2533293317327
27,11,1,18478.37,506872.99,1,5200,39981,8,2021-11-01,27.43061157450576,3.6455621752502534,12.677846727195417,97.47557499999999
27,12,1,17657.5,508194.57,1,5192,30307,2,2021-12-01,28.780663740620135,3.474555031156669,16.768224172633385,97.88031009244992
27,1,2,18635.45,498449.95,1,4305,53940,6,2022-01-01,26.747406153326054,3.7386802827445367,9.240822209862811,115.78396051103368
27,2,2,5866.63,243476.38,0,3247,41265,3,2022-02-01,41.50191506878736,2.4095273635988836,5.900312128922816,74.98502617801047
27,3,2,6161.66,239411.05,0,2608,38605,2,2022-03-01,38.85495954012393,2.573674022147265,6.201555497992488,91.79871549079755
27,4,2,5200.28,238394.28,0,2291,36338,3,2022-04-01,45.84258539924773,2.181377841783788,6.560467829820023,104.05686599738105
27,5,2,4550.68,224807.9,0,2957,41904,3,2022-05-01,49.4009466717062,2.024252706421794,5.364831519663994,76.02566790666215
27,6,2,2078.29,194810.36,0,2416,56267,2,2022-06-01,93.73588863921782,1.0668272467644946,3.462248920326301,80.63342715231788
27,7,2,3977.38,209340.04,0,2614,41717,7,2022-07-01,52.632647622304134,1.899961421618148,5.01809909629168,80.08417750573834
27,8,2,4435.97,210086.81,0,2747,48310,7,2022-08-01,47.359835616561874,2.111493815342334,4.348723038708342,76.47863487440844
27,9,2,5646.3,229818.29,0,2453,55250,5,2022-09-01,40.70245824699361,2.4568540650093604,4.159607058823529,93.68866286180187
27,10,2,4942.57,221411.88,0,2536,58420,7,2022-10-01,44.7969133467002,2.2322966590591253,3.790001369394043,87.307523659306
27,11,2,18796.72,518446.75,1,5438,39221,5,2022-11-01,27.581766925293348,3.625583533892343,13.218601004563881,95.33776204486944
27,12,2,19638.16,503487.46,1,5103,61733,8,2022-12-01,25.63821967027461,3.9004268348609914,8.155888422723665,98.66499314128944
27,1,3,19350.69,521515.85,1,5130,45303,8,2023-01-01,26.950762479270765,3.7104701611657633,11.511728803831975,101.66000974658868
27,2,3,5627.23,233374.15,0,2788,44579,7,2023-02-01,41.47229631630483,2.41124820379635,5.235069202987954,83.70665351506456
27,3,3,5503.97,217642.38,0,2420,69190,4,2023-03-01,39.54279910682653,2.5289054457132845,3.14557566122272,89.93486776859504
27,4,3,4219.71,230225.07,0,2846,37534,6,2023-04-01,54.559453137774874,1.8328629458121133,6.133773911653434,80.89426212227688
27,5,3,7195.21,250591.52,0,2988,49547,2,2023-05-01,34.82754777136456,2.8712902974530023,5.057652733767937,83.86597054886211
27,6,3,5756.24,243632.99,0,3411,53172,4,2023-06-01,42.32502293163593,2.362668536802015,4.581979049123599,71.42567868660217
27,7,3,4524.79,209468.64,0,2860,41232,3,2023-07-01,46.293560585132134,2.160127644882785,5.0802444703143195,73.24078321678323
27,8,3,4305.26,225644.5,0,3248,44351,8,2023-08-01,52.41135262446402,1.9079835759347117,5.08769813532953,69.47182881773399
27,9,3,5245.54,240073.25,0,2943,37849,5,2023-09-01,45.76711835197139,2.184974794151368,6.342921873761526,81.57432891607203
27,10,3,4823.04,215120.25,0,2720,35816,8,2023-10-01,44.60262614450637,2.242020451352209,6.006261168192986,79.08832720588235
27,11,3,18344.75,494156.03,1,4589,38994,7,2023-11-01,26.93719074939697,3.7123396025340414,12.672617069292713,107.6827260841142
27,12,3,19363.17,528458.47,1,5781,47819,4,2023-12-01,27.29193980117925,3.664085467302662,11.051223781342143,91.41298564262237
28,1,1,19088.13,508322.25,1,4761,27508,8,2021-01-01,26.630280179357538,3.755123841224735,18.47906972517086,106.7679584120983
28,2,1,3152.13,202516.48,0,2745,50889,3,2021-02-01,64.24750248244838,1.55648073677757,3.979572795692586,73.77649544626594
28,3,1,2540.21,180582.41,0,2345,59172,6,2021-03-01,71.08955952460623,1.406676320246252,3.051821976610559,77.00742430703625
28,4,1,3235.14,223825.79,0,2747,41220,7,2021-04-01,69.18581266962173,1.445383036512459,5.430028869480835,81.48008372770295
28,5,1,5842.69,239718.81,0,2925,48798,3,2021-05-01,41.02884287887942,2.4373097797373515,4.912472027542113,81.95514871794872
28,6,1,3042.96,217639.78,0,2686,49888,2,2021-06-01,71.5223926702947,1.3981635158793122,4.362567751763951,81.02746835443038
28,7,1,3997.14,210366.5,0,2872,55247,8,2021-07-01,52.62925491726585,1.9000839011914918,3.807745216934856,73.24738857938719
28,8,1,4353.25,216326.4,0,2900,45527,5,2021-08-01,49.69307988284615,2.0123526300997012,4.75160673885826,74.59531034482758
28,9,1,4069.51,222484.86,0,2293,44612,5,2021-09-01,54.67116679895122,1.829117720639508,4.987107953017125,97.0278499781945
28,10,1,4463.3,225323.78,0,2767,55160,4,2021-10-01,50.48367351511214,1.9808384183861998,4.084912617839014,81.43251897361763
28,11,1,18466.2,512151.69,1,4977,31419,6,2021-11-01,27.73454690190727,3.6056114546844515,16.300699894968012,102.90369499698613
28,12,1,17833.4,503470.75,1,4699,43681,2,2021-12-01,28.23189913308735,3.542092564463775,11.52608113367368,107.14423281549266
28,1,2,20346.33,537510.69,1,5124,47936,8,2022-01-01,26.418066059087803,3.7852884377053044,11.213090161882509,104.90060304449648
28,2,2,3584.01,208986.44,0,2231,39434,7,2022-02-01,58.31078596320881,1.7149485870949333,5.299651062534869,93.67388614970865
28,3,2,2884.57,205813.53,0,2868,33875,6,2022-03-01,71.34981297039073,1.4015453697334672,6.075676162361623,71.76203974895398
28,4,2,5438.16,238987.45,0,2137,49230,6,2022-04-01,43.9463807611398,2.275500240703016,4.854508429819216,111.83315395414132
28,5,2,3155.12,206663.7,0,3139,41616,4,2022-05-01,65.50105859682041,1.5266928831720326,4.965967416378317,65.8374323032813
28,6,2,4510.09,218752.94,0,2933,27734,8,2022-06-01,48.50300991776217,2.061727718950886,7.887536597677941,74.58334128878282
28,7,2,4750.75,239331.96,0,2840,36378,5,2022-07-01,50.37772141240857,1.9850044264877953,6.579030183077684,84.27181690140844
28,8,2,4480.74,213450.95,0,2802,38850,6,2022-08-01,47.63743265621304,2.0991895327708776,5.494232947232947,76.17806923625982
28,9,2,4248.16,222151.53,0,2962,49718,6,2022-09-01,52.293588282927196,1.9122803250556049,4.468231425238344,75.00051654287644
28,10,2,5391.95,230518.38,0,2569,46696,8,2022-10-01,42.75232151633454,2.339054265434279,4.936576580435156,89.7307824056053
28,11,2,19447.48,526085.49,1,5434,40064,8,2022-11-01,27.051602058467214,3.6966387345144227,13.131127446086262,96.81367132867133
28,12,2,18307.85,504809.66,1,4874,64413,6,2022-12-01,27.57339938878678,3.626683768293974,7.83707729806095,103.57194501436192
28,1,3,18371.66,504142.68,1,4699,59284,7,2023-01-01,27.44132430058035,3.6441389965237616,8.5038573645503,107.28722706958928
28,2,3,5727.14,244094.09,0,2903,40867,5,2023-02-01,42.62059073115027,2.3462837629538678,5.972889862236034,84.08339304168102
28,3,3,5168.55,234443.29,0,2886,44664,4,2023-03-01,45.35958634433255,2.204605642584183,5.24904374888053,81.23468121968122
28,4,3,3910.5,216121.04,0,2543,58550,8,2023-04-01,55.26685590077995,1.8094027309881535,3.691221861656704,84.98664569406213
28,5,3,4299.2,211909.9,0,2671,59076,8,2023-05-01,49.29054242649796,2.0287867626760243,3.5870725844674656,79.33728940471734
28,6,3,4106.07,204775.86,0,2929,34015,5,2023-06-01,49.871497563363505,2.005153341805035,6.02016345729825,69.9132331853875
28,7,3,6122.69,235138.96,0,2896,40998,7,2023-07-01,38.40451827546389,2.6038602875508166,5.73537635982243,81.19439226519337
28,8,3,6709.71,262636.87,0,3118,39391,4,2023-08-01,39.14280497964889,2.5547479300983142,6.667433423878551,84.2324791533034
28,9,3,4438.41,215034.13,0,2396,37663,7,2023-09-01,48.44846014676427,2.064049088393549,5.709426492844436,89.74713272120201
28,10,3,4889.75,245858.05,0,3308,39010,4,2023-10-01,50.28029040339485,1.9888508836704757,6.302436554729557,74.32226420798065
28,11,3,16787.88,483818.62,1,5323,43723,8,2023-11-01,28.819518605088906,3.469870589106306,11.065540333462938,90.89209468344919
28,12,3,18967.83,523214.02,1,5127,43896,8,2023-12-01,27.58428454915507,3.6252526260668625,11.919400856570075,102.05071581821728
29,1,1,18017.21,504108.31,1,4525,43110,6,2021-01-01,27.979265935180866,3.574075182374994,11.693535374623057,111.40515138121548
29,2,1,7099.5,250136.82,0,3163,47321,6,2021-02-01,35.233019226706105,2.838246684354586,5.285958031318019,79.08214353461904
29,3,1,5319.46,225308.83,0,2796,47930,5,2021-03-01,42.35558308550116,2.3609638379463425,4.70078927602754,80.58255722460657
29,4,1,5396.04,225298.1,0,3076,53462,2,2021-04-01,41.752488862202654,2.395066802605082,4.214172683401294,73.24385565669701
29,5,1,1757.54,194467.09,0,2413,49517,5,2021-05-01,110.64731954891496,0.9037724583630063,3.9272793182139467,80.59141732283464
29,6,1,5962.89,237506.32,0,2854,38447,2,2021-06-01,39.83073979228193,2.510623717297291,6.1774994147787865,83.21875262789068
29,7,1,6905.62,251177.19,0,2524,47866,4,2021-07-01,36.37286586866929,2.7493021957925396,5.247507416537835,99.51552694136292
29,8,1,3518.24,221084.06,0,2984,51331,5,2021-08-01,62.83939128655237,1.5913585086143254,4.307028111667414,74.08983243967829
29,9,1,5552.39,232681.51,0,2506,47547,7,2021-09-01,41.906550152276765,2.3862618048163777,4.893715902159968,92.8497645650439
29,10,1,5699.2,220217.87,0,1570,46431,3,2021-10-01,38.64013721224031,2.5879825283933586,4.742906032607525,140.2661592356688
29,11,1,17549.37,497327.39,1,4958,58137,7,2021-11-01,28.33876030877462,3.5287358695446067,8.554404080017889,100.3080657523195
29,12,1,19502.21,514992.4,1,5175,53355,8,2021-12-01,26.406873887626073,3.7868927774468126,9.652186299315904,99.51543961352658
29,1,2,18399.94,494640.76,1,4024,41183,7,2022-01-01,26.88273766110107,3.719859236832807,12.010799601777432,122.92265407554672
29,2,2,4751.82,232224.76,0,2859,55304,7,2022-02-01,48.870697964148476,2.046215915994487,4.199059019239115,81.22586918502974
29,3,2,4590.15,235905.93,0,3002,57012,7,2022-03-01,51.39394791019902,1.945754394558882,4.137829404335929,78.58292138574284
29,4,2,4587.16,242626.81,0,3418,46920,4,2022-04-01,52.89259803451373,1.890623711369737,5.171074381926684,70.98502340550029
29,5,2,6259.07,266878.54,0,3147,42122,5,2022-05-01,42.63868913432826,2.3452878601629044,6.335846825886709,84.80411185255798
29,6,2,4842.17,238311.21,0,3097,45353,5,2022-06-01,49.215787549796886,2.031868328812564,5.254585363702511,76.9490506942202
29,7,2,6486.81,238274.23,0,2753,46517,8,2022-07-01,36.73211177759176,2.722413582031091,5.122304318851173,86.55075553941155
29,8,2,7304.78,251561.95,0,2627,45780,6,2022-08-01,34.43799128789642,2.903769826875646,5.4950185670598515,95.76016368481157
29,9,2,1437.04,174816.62,0,2533,40593,2,2022-09-01,121.65048989589712,0.8220271047455328,4.306570590988594,69.01564153178049
29,10,2,3667.36,233728.95,0,3892,49727,4,2022-10-01,63.73220790977706,1.5690653639611183,4.700242323084039,60.05368705035971
29,11,2,19501.64,515169.4,1,5026,51769,2,2022-11-01,26.416721875698663,3.7854810475932767,9.951310629913655,102.50087544767212
29,12,2,17548.26,487151.79,1,5314,39413,3,2022-12-01,27.760689093961453,3.6022160567243318,12.36018039733083,91.67327625141137
29,1,3,19132.44,493708.11,1,4373,37828,8,2023-01-01,25.80476457785834,3.875253335417156,13.051393412287194,112.8991790532815
29,2,3,4166.73,192913.15,0,1542,36648,3,2023-02-01,46.2984522635256,2.159899415877041,5.263947555118969,125.10580415045395
29,3,3,4779.04,238336.05,0,3407,40091,8,2023-03-01,49.87111428236633,2.0051687522722643,5.94487665560849,69.95481361901966
29,4,3,3972.46,213399.77,0,2465,44529,8,2023-04-01,53.719803346037466,1.861510909782143,4.792377327135125,86.57191480730222
29,5,3,5261.05,228238.08,0,2705,37442,7,2023-05-01,43.38260993527908,2.3050710906786462,6.095776934992789,84.37636968576709
29,6,3,3845.47,218153.62,0,2858,44329,3,2023-06-01,56.73002779894265,1.762734902129976,4.921239369261657,76.3308677396781
29,7,3,4318.47,222275.42,0,2551,37440,5,2023-07-01,51.47087278596355,1.9428464019998253,5.936843482905983,87.13266170129361
29,8,3,6366.12,252224.11,0,2522,65165,2,2023-08-01,39.61975426162246,2.5239934437671323,3.87054569170567,100.00955987311657
29,9,3,2123.56,198037.66,0,3118,59822,3,2023-09-01,93.25738853623162,1.072301096670199,3.310448664370967,63.51432328415651
29,10,3,5254.81,248038.97,0,3023,46212,4,2023-10-01,47.202271823339,2.1185420984452565,5.367414740759976,82.05060205094277
29,11,3,17713.35,513209.08,1,5152,51391,8,2023-11-01,28.97301075177762,3.4514880368055842,9.986361035979062,99.61356366459627
29,12,3,18054.61,497182.29,1,5040,40014,3,2023-12-01,27.53769203544136,3.631386387475709,12.425208427050531,98.64727976190476
30,1,1,18460.67,496672.69,1,4716,34734,8,2021-01-01,26.90436966805647,3.716868346435557,14.299323141590373,105.31651611535199
30,2,1,5265.26,235594.17,0,3242,47344,7,2021-02-01,44.74502113855726,2.2348855236952594,4.976220217979047,72.669392350401
30,3,1,4845.09,236292.07,0,2751,47888,6,2021-03-01,48.76938715276703,2.0504666110885568,4.934264742733044,85.893155216285
30,4,1,4439.02,209221.5,0,2803,51342,4,2021-04-01,47.13236254849043,2.1216844349170616,4.075055510108683,74.64199072422404
30,5,1,5522.66,235809.27,0,2907,50802,4,2021-05-01,42.69849492816867,2.342002924651775,4.641732018424471,81.11773993808049
30,6,1,5500.0,226098.77,0,2477,49413,6,2021-06-01,41.108867272727274,2.4325652014825203,4.575694048124987,91.27927735163505
30,7,1,6722.45,265992.06,0,3243,37937,2,2021-07-01,39.56772605225773,2.5273122814267466,7.011415241057542,82.02037002775208
30,8,1,5131.73,207423.86,0,2656,47299,6,2021-08-01,40.419870102285195,2.474030711799501,4.385375166494006,78.0963328313253
30,9,1,5188.38,235162.46,0,2437,44593,5,2021-09-01,45.32483357040155,2.2062960219075785,5.2735285807189465,96.49670086171523
30,10,1,5120.58,226912.0,0,2671,36538,4,2021-10-01,44.31373008526378,2.25663693414187,6.210301603809732,84.95394983152377
30,11,1,16164.45,474732.79,1,4937,42665,2,2021-11-01,29.368941720875128,3.404957555175407,11.12698441345365,96.15815069880493
30,12,1,19854.79,529727.55,1,4998,38750,3,2021-12-01,26.68008828096394,3.748113534967173,13.670388387096775,105.98790516206483
30,1,2,18730.94,508784.25,1,4980,42834,5,2022-01-01,27.162771863024496,3.681509402069737,11.878046645188402,102.16551204819277
30,2,2,5844.23,229320.73,0,2724,47019,3,2022-02-01,39.23882701399501,2.548496160813721,4.877192836938259,84.1852900146843
30,3,2,4920.61,225911.44,0,2379,31011,3,2022-03-01,45.91126709899789,2.178114574454485,7.284880848731095,94.96067255149222
30,4,2,4454.96,214909.15,0,2228,59279,5,2022-04-01,48.24042191175678,2.0729503606523965,3.625384200138329,96.45832585278276
30,5,2,4957.09,258882.82,0,3141,37104,6,2022-05-01,52.224756863401716,1.9148006808640297,6.977221323846486,82.4205093919134
30,6,2,6603.81,254749.77,0,2920,57850,6,2022-06-01,38.57618102277321,2.59227319420151,4.4036261019879,87.24307191780821
30,7,2,6990.61,248759.36,0,2404,53478,7,2022-07-01,35.584785877055076,2.810189735172176,4.651620479449493,103.47727121464226
30,8,2,5630.24,216968.66,0,1739,42275,2,2022-08-01,38.536307510869875,2.594955418907044,5.132316026020106,124.76633697527315
30,9,2,4678.25,231939.47,0,3086,38199,2,2022-09-01,49.57825468925346,2.0170133181730563,6.071872823895913,75.15860985093973
30,10,2,4076.11,219298.66,0,2660,54818,3,2022-10-01,53.80096709853267,1.858702647795477,4.000486336604765,82.44310526315789
30,11,2,18665.21,525318.16,1,5027,32546,8,2022-11-01,28.144240541627983,3.553124833910177,16.140790266084927,104.49933558782574
30,12,2,14891.29,473717.96,1,5231,31194,6,2022-12-01,31.811747672632794,3.14349280740802,15.186188369558248,90.55973236474861
30,1,3,19502.85,525101.65,1,4961,54130,8,2023-01-01,26.92435464560308,3.714109449094284,9.70075096988731,105.84592824027415
30,2,3,4862.14,229865.04,0,2621,41591,4,2023-02-01,47.27651610196333,2.115215084468695,5.526797624486067,87.70127432277756
30,3,3,3461.75,227648.75,0,2794,52791,3,2023-03-01,65.76117570592908,1.5206540778282331,4.312264401128981,81.47772011453114
30,4,3,4730.08,223342.36,0,2558,40452,4,2023-04-01,47.21745932415519,2.11786066915385,5.521169781469395,87.31132134480062
30,5,3,5106.98,210033.9,0,2645,44860,5,2023-05-01,41.12683033808631,2.4315027240840648,4.681986179224253,79.40790170132325
30,6,3,5573.17,239789.19,0,3552,43821,6,2023-06-01,43.025637114963295,2.3241956820488863,5.472015472033957,67.5082179054054
30,7,3,4089.44,222135.96,0,2611,39621,6,2023-07-01,54.31940803630815,1.840962624871723,5.606520784432497,85.07696667943317
30,8,3,4532.92,230367.8,0,2539,41379,8,2023-08-01,50.82106015548476,1.9676881925338525,5.567263587810242,90.73170539582512
30,9,3,3384.48,190912.93,0,2044,34474,6,2023-09-01,56.408349288516995,1.7727872072363042,5.537881591924348,93.40162915851272
30,10,3,2364.86,179006.44,0,2154,39126,3,2023-10-01,75.69430748543253,1.3211033077916081,4.575127536676379,83.10419684308263
30,11,3,17761.23,494486.03,1,5480,48228,6,2023-11-01,27.84075370906182,3.591856781070235,10.25309011362694,90.23467700729927
30,12,3,19934.89,523229.64,1,4544,44654,3,2023-12-01,26.24692887695894,3.809969557535005,11.71741926815067,115.14736795774648
31,1,1,18396.37,508682.91,1,5252,39099,6,2021-01-01,27.65126543986667,3.6164710153128596,13.010125834420316,96.85508568164508
31,2,1,4336.45,246783.37,0,3614,30903,6,2021-02-01,56.90907770180678,1.7571889062054709,7.98574151376889,68.28538184836746
31,3,1,4529.05,201414.97,0,2213,39850,4,2021-03-01,44.47179209768053,2.24861637642922,5.054327979924718,91.01444645277904
31,4,1,5616.65,235120.82,0,3038,50330,8,2021-04-01,41.86139780830211,2.388835663298554,4.671583945956686,77.39329163923634
31,5,1,7340.24,259860.46,0,2834,37804,3,2021-05-01,35.402174860767495,2.8246852175971675,6.873887948365252,91.69388143966125
31,6,1,3306.68,191920.14,0,2324,46442,8,2021-06-01,58.04013088656901,1.7229458044371995,4.132469316566901,82.58181583476765
31,7,1,5522.98,233353.7,0,2383,41445,8,2021-07-01,42.25141137574281,2.366784842065928,5.630442755459042,97.92433906840118
31,8,1,5139.78,219130.82,0,2360,40669,5,2021-08-01,42.63428006646199,2.3455304005160023,5.388153630529396,92.85204237288136
31,9,1,5241.87,244028.29,0,2688,48530,6,2021-09-01,46.55367073200976,2.148058325532667,5.028400783020812,90.78433407738096
31,10,1,5759.92,226539.15,0,2731,54434,7,2021-10-01,39.330259795274934,2.5425715599268384,4.161721534335158,82.95098864884658
31,11,1,18658.27,505878.42,1,4559,38331,2,2021-11-01,27.1128255727889,3.6882913487394857,13.197631681928465,110.96258389997806
31,12,1,18414.48,498351.88,1,5502,47465,4,2021-12-01,27.063043865479777,3.695075856842358,10.499354893079111,90.57649581970193
31,1,2,21431.61,552608.07,1,5028,45206,4,2022-01-01,25.784720326657677,3.87826583857163,12.224219572623102,109.90613961813841
31,2,2,4130.47,224858.84,0,3114,37303,6,2022-02-01,54.43904446709454,1.8369168852778925,6.027902313486851,72.2090044958253
31,3,2,3674.09,218465.62,0,2489,49003,7,2022-03-01,59.46115092444659,1.681770339882312,4.458209089239435,87.77244676576939
31,4,2,4561.73,228110.39,0,2840,31167,5,2022-04-01,50.00523704822513,1.999790540010036,7.318971668752206,80.32055985915494
31,5,2,5070.57,227728.41,0,3189,42300,3,2022-05-01,44.911796898573535,2.2265864851908463,5.383650354609929,71.4106020696143
31,6,2,6514.78,240954.65,0,2233,53980,4,2022-06-01,36.98584603010386,2.703736989512342,4.463776398666172,107.90624720107479
31,7,2,3975.47,242721.02,0,3398,53452,8,2022-07-01,61.05467278082843,1.6378762745805864,4.540915587817107,71.43055326662743
31,8,2,4036.34,224742.3,0,3014,41913,4,2022-08-01,55.679724701090585,1.7959858913965017,5.362114379786701,74.56612475116124
31,9,2,5456.67,219665.07,0,2131,50597,5,2022-09-01,40.256249690745456,2.484086341082813,4.34146431606617,103.08074612857814
31,10,2,4585.4,238631.89,0,2694,38944,3,2022-10-01,52.04167357264362,1.9215369747941062,6.1275649650780615,88.57902375649593
31,11,2,19969.74,543648.66,1,5554,47835,3,2022-11-01,27.22362234060133,3.6732804602148748,11.365081216682347,97.88416636658265
31,12,2,16701.25,488423.82,1,4668,44380,5,2022-12-01,29.24474635132101,3.4194175869637156,11.005493916178459,104.63235218508997
31,1,3,19643.47,528356.91,1,5826,45640,2,2023-01-01,26.897330766916436,3.717841032873025,11.576619412795793,90.68947991761071
31,2,3,5305.7,225375.59,0,2534,50012,4,2023-02-01,42.478012326365985,2.3541591172318173,4.5064302567383825,88.94064325177585
31,3,3,3589.04,206127.92,0,2540,46006,8,2023-03-01,57.43260593362014,1.7411712105764225,4.480457331652393,81.15272440944882
31,4,3,3175.29,218845.99,0,2935,43575,4,2023-04-01,68.92157566710442,1.4509244606218281,5.022283189902467,74.56422146507666
31,5,3,5006.39,215242.03,0,1704,41429,2,2023-05-01,42.993460357662904,2.3259351345088133,5.1954435298945185,126.31574530516431
31,6,3,5489.9,245945.33,0,3250,39300,6,2023-06-01,44.79960108562997,2.23216273307568,6.258150890585242,75.67548615384615
31,7,3,5707.48,229679.4,0,2115,60204,3,2023-07-01,40.24182301120635,2.4849768851712426,3.8150189356188955,108.5954609929078
31,8,3,5813.56,229659.82,0,2910,41043,5,2023-08-01,39.5041626817303,2.531378801916678,5.595590478278878,78.92090034364261
31,9,3,5324.28,242425.16,0,2773,40489,2,2023-09-01,45.53200808372212,2.1962571871665464,5.987432636024599,87.42342589253516
31,10,3,5084.59,221789.21,0,2662,51245,2,2023-10-01,43.61988085568354,2.2925326259108822,4.328016586984096,83.3167580766341
31,11,3,19366.26,517400.28,1,4896,42604,3,2023-11-01,26.71658234475836,3.7429937223845333,12.144406159046099,105.67816176470589
31,12,3,19145.36,496756.04,1,4363,31787,5,2023-12-01,25.946549973466155,3.8540769428792454,15.627647780539213,113.85652991061195
32,1,1,17331.1,508528.6,1,5120,51247,6,2021-01-01,29.341969061398295,3.4080875687227814,9.923090132105294,99.3219921875
32,2,1,3712.19,213382.77,0,2940,41646,3,2021-02-01,57.48164021776902,1.7396859174712187,5.12372784901311,72.57917346938775
32,3,1,6353.58,234851.95,0,2323,52067,5,2021-03-01,36.96371966670759,2.705355437755573,4.510571955365203,101.09855789926819
32,4,1,1682.78,182103.21,0,2382,41589,4,2021-04-01,108.2156966448377,0.924080360801987,4.378638822765635,76.44971032745592
32,5,1,6426.18,252836.95,0,2731,51597,3,2021-05-01,39.34482849842364,2.5416300900639723,4.900225788321027,92.58035518125229
32,6,1,6108.24,240928.88,0,3300,44578,2,2021-06-01,39.44325697745996,2.5352875919233924,5.404658800305083,73.00875151515152
32,7,1,3427.63,216705.83,0,3085,38830,8,2021-07-01,63.22322712778217,1.5816971790745087,5.580886685552407,70.24500162074554
32,8,1,2790.27,180926.52,0,2470,48008,8,2021-08-01,64.84194002730918,1.542211722195287,3.7686743876020663,73.2496032388664
32,9,1,5041.0,248912.06,0,3348,52230,6,2021-09-01,49.37751636580044,2.02521324197791,4.765691365115834,74.34649342891278
32,10,1,6237.88,242414.92,0,2967,46185,7,2021-10-01,38.86174790153065,2.5732244533463535,5.248780339937209,81.70371418941693
32,11,1,18429.37,506951.43,1,5012,44857,8,2021-11-01,27.507800320900824,3.635332481456852,11.301500992041376,101.14753192338388
32,12,1,19694.4,513755.66,1,5013,36612,5,2021-12-01,26.08638293118856,3.833417621131415,14.032439091008412,102.48467185318172
32,1,2,16309.82,486261.06,1,4912,42637,5,2022-01-01,29.814005304779574,3.3541283359189813,11.40467340572742,98.9945154723127
32,2,2,4521.38,219387.84,0,2529,54759,8,2022-02-01,48.522318407211955,2.0609072955000607,4.006425245165178,86.74884934756821
32,3,2,4902.47,246323.04,0,3565,42781,3,2022-03-01,50.24468074256446,1.9902604319920703,5.757767233117506,69.09482187938289
32,4,2,4213.0,213569.64,0,2827,51782,4,2022-04-01,50.69300735817708,1.9726586606598202,4.124399212081419,75.54638839759463
32,5,2,5768.27,245449.09,0,2544,45797,8,2022-05-01,42.551595192319354,2.350088158811263,5.359501495731162,96.4815605345912
32,6,2,3059.07,216313.86,0,2409,39128,2,2022-06-01,70.71229491315988,1.4141812272223335,5.528364853813126,89.79404732254046
32,7,2,4975.36,236356.26,0,2921,48838,6,2022-07-01,47.50535840622589,2.1050256929941265,4.839597444612802,80.91621362547073
32,8,2,7846.3,255143.07,0,2698,53605,5,2022-08-01,32.517628691230264,3.07525499320832,4.759687902247925,94.56748332097851
32,9,2,6010.37,234078.17,0,2391,37977,5,2022-09-01,38.945717152188635,2.567676430484739,6.163682492034653,97.8996946884149
32,10,2,5837.37,237661.26,0,2814,38467,5,2022-10-01,40.7137563663088,2.456172284873016,6.1783154392076325,84.45673773987207
32,11,2,18715.44,507779.89,1,4895,49870,4,2022-11-01,27.13160310417495,3.6857387164347917,10.182071185081211,103.73440040858019
32,12,2,19866.0,535542.56,1,5318,58171,4,2022-12-01,26.95774489076815,3.709509100453192,9.206349555620498,100.70375329071081
32,1,3,18992.23,500085.72,1,4920,39337,2,2023-01-01,26.331069074037117,3.7977949060413083,12.712858631822456,101.64343902439023
32,2,3,4274.17,231167.93,0,2668,44336,4,2023-02-01,54.08487027890795,1.8489459156380388,5.214000586430891,86.64465142428786
32,3,3,5217.37,228953.6,0,2991,55985,6,2023-03-01,43.88295252205614,2.278789239391737,4.089552558721086,76.54750919424941
32,4,3,3261.54,205294.3,0,2804,45104,2,2023-04-01,62.94397738491632,1.5887143481333872,4.551576356864136,73.2148002853067
32,5,3,4268.56,223033.65,0,2670,48307,8,2023-05-01,52.250325636748684,1.9138636703475016,4.617004781915664,83.53320224719101
32,6,3,3859.22,224028.52,0,2727,22043,6,2023-06-01,58.050207036655074,1.722646741584509,10.163250011341468,82.1520058672534
32,7,3,4005.28,206366.61,0,2127,45901,2,2023-07-01,51.52364129349258,1.9408566143524868,4.495906625127993,97.02238363892806
32,8,3,5060.34,222101.1,0,2278,58017,5,2023-08-01,43.890548856400954,2.2783948391070554,3.8282072495992554,97.49828797190519
32,9,3,4229.09,234846.49,0,3341,50291,7,2023-09-01,55.53121120619329,1.8007891027027914,4.6697518442663695,70.29227476803352
32,10,3,4497.35,208026.51,0,2550,28062,3,2023-10-01,46.255352596529065,2.1619119601631542,7.413103485140048,81.57902352941177
32,11,3,18089.92,498591.87,1,5646,46414,6,2023-11-01,27.561861522881255,3.628201960052016,10.742273236523463,88.30886822529224
32,12,3,21740.74,543780.09,1,4560,53130,5,2023-12-01,25.01203224913227,3.99807576625323,10.23489723320158,119.25001973684209
33,1,1,21302.6,538455.2,1,4963,41544,3,2021-01-01,25.27650145991569,3.9562437134974275,12.96108222607356,108.49389482168043
33,2,1,3034.0,216708.43,0,3646,56148,8,2021-02-01,71.42664139749505,1.40003782963127,3.859593039823324,59.43730938014262
33,3,1,8482.71,258750.66,0,2532,44361,4,2021-03-01,30.503301421361808,3.278333666859052,5.832841008994387,102.1922037914692
33,4,1,4996.75,232880.49,0,2891,49932,6,2021-04-01,46.60639215490068,2.1456284294145895,4.663952775775054,80.55361120719473
33,5,1,5310.14,231159.3,0,2382,45851,5,2021-05-01,43.5316771309231,2.297177747120709,5.041532354801422,97.04420654911839
33,6,1,5135.45,232821.38,0,3365,52495,2,2021-06-01,45.336120495769606,2.2057467402692996,4.435115344318507,69.18911738484398
33,7,1,4290.84,210066.22,0,2559,43242,5,2021-07-01,48.95689888227014,2.042613038878883,4.857921002728829,82.08918327471669
33,8,1,4353.86,202320.99,0,2324,31790,3,2021-08-01,46.46933755334347,2.1519566506668437,6.364296634161685,87.05722461273666
33,9,1,5292.66,232615.74,0,2399,41848,4,2021-09-01,43.95062974005509,2.27528025403612,5.558586790288664,96.96362651104627
33,10,1,5474.98,226427.75,0,2580,41503,4,2021-10-01,41.35681774179997,2.4179810116030387,5.455695973785027,87.76269379844962
33,11,1,19813.28,524512.52,1,4686,54571,6,2021-11-01,26.472775835197407,3.777465597961322,9.611561452053289,111.93182244985063
33,12,1,19587.07,513893.15,1,4209,55830,6,2021-12-01,26.23634622227827,3.8115063413474184,9.20460594662368,122.09388215728202
33,1,2,19348.39,517458.74,1,5154,45391,5,2022-01-01,26.744278981351936,3.7391174415181387,11.400029521270737,100.39944509119131
33,2,2,3996.27,240959.81,0,3147,32308,6,2022-02-01,60.296178686625275,1.6584798933896903,7.4582088027733064,76.56809977756593
33,3,2,5264.81,223169.66,0,2549,43090,2,2022-03-01,42.38892951502523,2.3591065201246444,5.179152007426317,87.55184778344449
33,4,2,4197.28,225726.3,0,2725,51790,2,2022-04-01,53.77918556779629,1.8594554555672067,4.358491986870052,82.83533944954128
33,5,2,8958.29,292239.76,0,3128,53439,6,2022-05-01,32.62227054493659,3.06539055465964,5.468660715956512,93.42703324808184
33,6,2,4643.37,239853.04,0,2929,37992,3,2022-06-01,51.65494888410788,1.9359229301408896,6.3132512107812175,81.88905428473882
33,7,2,3629.73,230148.03,0,3483,56826,3,2022-07-01,63.406377333851275,1.5771284246925772,4.050048041389505,66.07752799310938
33,8,2,4948.99,225027.48,0,2303,33100,3,2022-08-01,45.46937455925351,2.199282505407784,6.79841329305136,97.71058619192358
33,9,2,3797.96,221633.67,0,3161,48977,4,2022-09-01,58.355977946055255,1.713620498185136,4.525260224186863,70.11504903511548
33,10,2,5468.23,219139.78,0,2197,28973,8,2022-10-01,40.075084625189504,2.4953160033290165,7.5635860974010285,99.74500682749203
33,11,2,19785.69,523403.07,1,5348,53866,4,2022-11-01,26.453617235486863,3.780201365651141,9.716761407938217,97.86893605086014
33,12,2,18354.67,488433.34,1,4261,45986,6,2022-12-01,26.610848356303876,3.7578659147223643,10.621348671334754,114.62880544473128
33,1,3,17462.09,516031.19,1,5790,32793,3,2023-01-01,29.551513593160955,3.3839214253696563,15.736016527917544,89.1245578583765
33,2,3,3826.81,212339.05,0,2919,48034,3,2023-02-01,55.4872204264126,1.802216784901317,4.420598950743224,72.74376498800959
33,3,3,4106.42,229048.49,0,3170,59166,4,2023-03-01,55.77814495351181,1.7928168834468197,3.8712857046276574,72.25504416403786
33,4,3,6670.59,261984.43,0,3770,45819,2,2023-04-01,39.27455142648551,2.546178030503569,5.717812043038914,69.49189124668435
33,5,3,4079.45,212571.3,0,2783,49956,2,2023-05-01,52.107833163784335,1.9190972628948497,4.255170550084074,76.38206970894717
33,6,3,6905.21,274803.99,0,3195,54532,6,2023-06-01,39.79661588858268,2.5127764702397517,5.039316181324726,86.01063849765258
33,7,3,5705.88,231964.96,0,2853,42510,4,2023-07-01,40.65366954790497,2.459802549488509,5.456715125852741,81.30562916228531
33,8,3,4765.97,219928.21,0,2386,48935,7,2023-08-01,46.14552966132812,2.167057150149133,4.494292633084704,92.1744383906119
33,9,3,2703.6,212592.34,0,3229,51072,2,2023-09-01,78.63305962420476,1.2717297340064087,4.162600642230577,65.83844533911427
33,10,3,3869.87,215100.5,0,3077,32787,7,2023-10-01,55.583391690160134,1.799098560905251,6.560542288101992,69.9059148521287
33,11,3,18183.29,507556.0,1,5008,58022,5,2023-11-01,27.913320416712267,3.582518973275856,8.747647444072937,101.34904153354633
33,12,3,19440.8,524733.49,1,5223,48101,7,2023-12-01,26.9913527221102,3.704890267247855,10.908993368121244,100.4659180547578
34,1,1,20031.25,544663.93,1,5675,53819,6,2021-01-01,27.190711014040563,3.6777265569981834,10.120290789498133,95.976022907489
34,2,1,5306.71,237934.25,0,2925,54051,2,2021-02-01,44.83649002866183,2.2303262350838517,4.4020323398272,81.34504273504274
34,3,1,3775.18,207074.57,0,2848,28854,4,2021-03-01,54.85157528912529,1.8231016971325835,7.176633049143966,72.70876755617978
34,4,1,4944.86,235533.93,0,3373,49033,6,2021-04-01,47.63207249548016,2.0994257600168265,4.803579833989354,69.82921138452416
34,5,1,4819.17,230315.41,0,2918,52931,6,2021-05-01,47.791509741304,2.0924218661703966,4.351238593640778,78.92920150788211
34,6,1,4521.14,227465.3,0,3147,29511,8,2021-06-01,50.3114922342595,1.9876174519805878,7.70781403544441,72.28004448681284
34,7,1,7128.07,252373.49,0,2746,40986,6,2021-07-01,35.40558524256917,2.8244131346759125,6.157553554872395,91.90585943190095
34,8,1,4559.12,241714.86,0,2916,60957,4,2021-08-01,53.01787625682149,1.886156275207904,3.9653339239135783,82.89261316872428
34,9,1,5553.63,236554.51,0,2802,59255,4,2021-09-01,42.59457507972263,2.3477168116557996,3.9921442916209604,84.42345110635262
34,10,1,5988.95,237662.55,0,2550,45606,4,2021-10-01,39.683508795364794,2.5199384589620872,5.211212340481516,93.201
34,11,1,20330.05,521337.44,1,4873,42993,8,2021-11-01,25.643687054385012,3.899595241040045,12.126100527992929,106.9849045762364
34,12,1,20793.72,538868.54,1,4732,48034,7,2021-12-01,25.91496567232799,3.8587741641031776,11.218481492276306,113.87754437869823
34,1,2,18536.72,511257.98,1,4499,42887,5,2022-01-01,27.58082228139606,3.6257077102248854,11.92104786998391,113.63813736385863
34,2,2,3646.72,206199.07,0,2230,32049,3,2022-02-01,56.543707770270274,1.7685433789783822,6.433869075478174,92.46595067264575
34,3,2,5671.88,252332.06,0,3048,48499,2,2022-03-01,44.48825786159087,2.247784130165624,5.202830161446628,82.78610892388451
34,4,2,4715.61,220131.22,0,2094,54506,3,2022-04-01,46.681387985859736,2.1421813770895377,4.038660330972737,105.12474689589303
34,5,2,6287.68,223630.14,0,2270,45039,5,2022-05-01,35.56639968955163,2.811642473595017,4.965255445280757,98.51548017621145
34,6,2,5332.96,240829.2,0,2812,36318,4,2022-06-01,45.15863610452732,2.214415859870813,6.631125061952751,85.64338549075391
34,7,2,6447.46,243875.57,0,3314,40719,6,2022-07-01,37.82506134198584,2.6437498434139997,5.98923279058916,73.58949004224502
34,8,2,4742.89,222020.47,0,3044,52668,4,2022-08-01,46.811220584917635,2.136239960216281,4.215471823498139,72.93707950065703
34,9,2,4659.91,238829.24,0,3177,35403,3,2022-09-01,51.25189971480136,1.951147187840149,6.746017004208682,75.17445388731507
34,10,2,4909.16,232843.03,0,2549,39523,6,2022-10-01,47.43032005475479,2.108356002754302,5.891329858563368,91.34681443703413
34,11,2,17354.96,517861.99,1,5914,32940,3,2022-11-01,29.839422850873756,3.351271252790729,15.721371888281723,87.56543625295907
34,12,2,18084.91,494641.39,1,4624,39602,3,2022-12-01,27.351056212057458,3.6561659346784543,12.490313368011718,106.97261894463668
34,1,3,17381.51,501722.42,1,5129,48869,6,2023-01-01,28.865295362715898,3.4643678072030344,10.266680717837483,97.82070968999805
34,2,3,4236.57,208024.68,0,2778,54293,5,2023-02-01,49.10214631175692,2.0365708530353226,3.8315193487189876,74.88289416846652
34,3,3,4867.74,221598.06,0,2786,55367,5,2023-03-01,45.52380776294543,2.196652804631954,4.002349052684812,79.53986360373295
34,4,3,3864.79,233991.72,0,3503,36763,4,2023-04-01,60.544484952610624,1.6516781021140408,6.364870113973288,66.7975221238938
34,5,3,6183.0,235686.9,0,2057,55196,4,2023-05-01,38.11853469189714,2.6233956999731425,4.2699996376549025,114.57797763733592
34,6,3,4561.79,216169.58,0,2735,36494,4,2023-06-01,47.38700817003851,2.1102830472261638,5.923427960760673,79.03823765996343
34,7,3,5475.2,246991.02,0,2994,51454,5,2023-07-01,45.11086718293396,2.216760755107615,4.800229719749679,82.49533066132264
34,8,3,5391.87,229868.61,0,2681,41173,5,2023-08-01,42.63244662797879,2.345631271707781,5.582993952347412,85.73987691160015
34,9,3,5492.69,245331.81,0,2907,36510,5,2023-09-01,44.6651476780958,2.238882108276134,6.7195784716516025,84.39346749226006
34,10,3,4368.0,215838.01,0,2405,50364,5,2023-10-01,49.41346382783883,2.0237399334806687,4.285561313636725,89.74553430353431
34,11,3,21319.73,545393.71,1,5566,51459,2,2023-11-01,25.58164245044379,3.9090531498795613,10.598606852056976,97.98665289256198
34,12,3,18479.06,480802.3,1,4605,39223,7,2023-12-01,26.018763941455894,3.8433801169420363,12.258172500828595,104.40875135722041
35,1,1,19235.76,509529.59,1,4917,40643,4,2021-01-01,26.488664341830013,3.7751997877100716,12.536712102945158,103.62611145007119
35,2,1,4093.47,219807.39,0,3035,50786,7,2021-02-01,53.697080960651974,1.8622986242637245,4.328109912180523,72.42418121911038
35,3,1,4814.48,204572.69,0,1909,36274,4,2021-03-01,42.49112884465197,2.3534324156367106,5.639650714010035,107.16222629649032
35,4,1,4909.28,229009.04,0,2594,35197,6,2021-04-01,46.64819281035101,2.1437057681216425,6.506493167031281,88.28413261372398
35,5,1,6467.25,238558.37,0,2960,45098,3,2021-05-01,36.88714213924002,2.710971742471245,5.289777151980132,80.59404391891891
35,6,1,4350.87,218746.24,0,2552,41741,6,2021-06-01,50.27643666668965,1.989003330982969,5.240560599889796,85.71561128526645
35,7,1,5844.0,255910.46,0,3370,51496,3,2021-07-01,43.790290896646134,2.2836112287086663,4.96952112785459,75.93782195845696
35,8,1,4843.35,211426.55,0,2477,51790,4,2021-08-01,43.65295714742894,2.290795550511514,4.082381733925468,85.35589422688736
35,9,1,4889.76,226600.39,0,2982,46735,4,2021-09-01,46.34182250253591,2.15787801600871,4.848622873649299,75.98939973172368
35,10,1,5092.78,238762.48,0,3044,44652,5,2021-10-01,46.88254352239838,2.1329900744874153,5.347184448624922,78.43708278580814
35,11,1,19434.59,500201.41,1,4538,37845,6,2021-11-01,25.73768780303572,3.8853529021439583,13.21710688333994,110.22507933010137
35,12,1,19682.16,512507.83,1,5053,47967,8,2021-12-01,26.039206570823527,3.8403627901645914,10.68459211541268,101.42644567583613
35,1,2,20352.03,531438.28,1,4973,58362,7,2022-01-01,26.11229838006332,3.829613102014405,9.10589561701107,106.8647255177961
35,2,2,4825.33,225534.24,0,2397,50748,8,2022-02-01,46.73965096687687,2.1395110560596033,4.444199574367462,94.09021276595745
35,3,2,5167.85,231792.03,0,2546,43616,2,2022-03-01,44.85270083303501,2.229520143552822,5.314380731841526,91.04164571877455
35,4,2,6634.8,265755.66,0,2568,34253,8,2022-04-01,40.05481099656357,2.496579000424676,7.758609756809622,103.48740654205606
35,5,2,5299.1,247922.14,0,2978,34408,6,2022-05-01,46.78570700685022,2.1374049126875074,7.2053632876075335,83.25122229684352
35,6,2,5115.22,229951.25,0,2314,44005,2,2022-06-01,44.954322590230724,2.2244801887356562,5.225570957845699,99.37391961970614
35,7,2,5999.54,239249.69,0,2662,32489,7,2022-07-01,39.87800564709961,2.5076479722920433,7.364021361076056,89.8759166040571
35,8,2,3809.15,227237.24,0,2962,41204,2,2022-08-01,59.65562920861609,1.6762877422732296,5.514931560042714,76.71750168804861
35,9,2,3712.63,213307.34,0,2954,48922,3,2022-09-01,57.45451068380097,1.74050738244638,4.3601516700053145,72.2096614759648
35,10,2,5749.46,239028.37,0,2863,40485,8,2022-10-01,41.57405565044369,2.4053462775150916,5.904121773496357,83.48877750611247
35,11,2,20032.14,521366.79,1,4602,45526,7,2022-11-01,26.02651489057085,3.84223552098514,11.452066731098713,113.29134941329856
35,12,2,18725.37,507286.72,1,5184,47562,6,2022-12-01,27.090878311082772,3.691279361699041,10.665798746898783,97.85623456790123
35,1,3,20457.32,537620.54,1,5115,42335,5,2023-01-01,26.280106094053377,3.805159676376948,12.699197826857212,105.1066549364614
35,2,3,3372.57,211859.48,0,2951,44296,8,2023-02-01,62.8184085133889,1.591890058448175,4.782812895069532,71.7924364622162
35,3,3,6042.3,238090.32,0,2840,46835,4,2023-03-01,39.403922347450475,2.537818421177308,5.083598163766414,83.83461971830987
35,4,3,6057.3,235029.41,0,2526,56606,6,2023-04-01,38.80101860564938,2.577251927748106,4.152022930431403,93.04410530482977
35,5,3,5450.78,255315.3,0,2757,44178,4,2023-05-01,46.84014031019414,2.1349210172676685,5.779240798587532,92.60620239390641
35,6,3,2982.23,203657.54,0,2875,50300,7,2023-06-01,68.29035319207439,1.4643356685934634,4.0488576540755465,70.83740521739131
35,7,3,6134.53,238638.79,0,3291,48218,4,2023-07-01,38.900908464055114,2.5706340532484258,4.949164005143308,72.51254633849894
35,8,3,2811.81,221138.83,0,3069,60345,7,2023-08-01,78.64643414739972,1.2715134650933986,3.6645758554975556,72.05566308243728
35,9,3,2230.09,180768.24,0,1691,52503,3,2023-09-01,81.0587196032447,1.2336735700917374,3.443007828124107,106.9002010644589
35,10,3,5660.01,243306.75,0,3260,47911,8,2023-10-01,42.98698235515485,2.326285645589364,5.078306651917096,74.63397239263804
35,11,3,20366.18,500081.12,1,4255,50534,4,2023-11-01,24.554487881379817,4.072575265388943,9.895933826730518,117.52787779083431
35,12,3,16853.07,476682.35,1,4394,38232,8,2023-12-01,28.28460037251373,3.5354927657799795,12.468151025319104,108.48483158852981
36,1,1,19392.46,516150.3,1,5157,33557,8,2021-01-01,26.616030147799712,3.757134307584438,15.381300473820662,100.08731820826061
36,2,1,4189.31,219470.74,0,2730,29401,5,2021-02-01,52.38827873802607,1.9088239279641563,7.464737253834903,80.39221245421245
36,3,1,4643.41,229616.45,0,2867,48031,5,2021-03-01,49.449962419859546,2.0222462284387723,4.7805885782099065,80.08944890129055
36,4,1,5265.83,239300.64,0,3200,44236,6,2021-04-01,45.44404965598966,2.2005081139774636,5.409635590921422,74.78145
36,5,1,5447.04,231328.48,0,2541,49183,7,2021-05-01,42.4686582070262,2.3546776428047247,4.703423540654291,91.03836284927195
36,6,1,4237.73,205890.41,0,2678,42374,7,2021-06-01,48.5850703088682,2.05824545203441,4.858885401425402,76.88215459297983
36,7,1,4299.29,239908.57,0,2953,46852,3,2021-07-01,55.80190450051055,1.7920535310597698,5.1205619824127035,81.24231967490688
36,8,1,3567.56,196603.32,0,2648,37999,4,2021-08-01,55.10862326071601,1.8145980444277339,5.173907734414064,74.2459667673716
36,9,1,4044.05,244452.78,0,3413,55968,5,2021-09-01,60.447516722097895,1.6543276783352596,4.367724056603773,71.62401992382068
36,10,1,6581.65,252113.1,0,2659,42847,3,2021-10-01,38.30545531895498,2.6105942134700655,5.884031554134479,94.8150056412185
36,11,1,18205.61,504531.4,1,5880,46989,6,2021-11-01,27.71296320200202,3.6084196147157543,10.737223605524697,85.80465986394559
36,12,1,19801.72,520767.12,1,4888,54156,5,2021-12-01,26.299085129978607,3.8024136393250023,9.616055838688235,106.53991816693944
36,1,2,19453.14,512607.6,1,4602,46814,6,2022-01-01,26.35089245232389,3.7949378823099775,10.949878241551673,111.38800521512385
36,2,2,1280.45,183086.22,0,2481,51937,5,2022-02-01,142.9858409153032,0.6993699471210886,3.525159712728883,73.79533252720677
36,3,2,4649.17,240993.34,0,3828,32933,2,2022-03-01,51.83577713871508,1.9291694948914355,7.317685604105304,62.95541797283177
36,4,2,5158.34,246130.27,0,3214,48779,2,2022-04-01,47.71501490789672,2.095776354529656,5.045824432645196,76.58066894835096
36,5,2,5643.1,224541.44,0,2806,70438,5,2022-05-01,39.790441424039976,2.513166389242004,3.1877884096652376,80.02189593727726
36,6,2,3481.03,190987.92,0,2582,54179,2,2022-06-01,54.865347325360595,1.8226440708920228,3.5251281861976045,73.96898528272658
36,7,2,4715.95,212339.5,0,2812,55965,6,2022-07-01,45.025816643518276,2.2209480572385263,3.7941481282944696,75.51191322901849
36,8,2,2867.72,217128.91,0,2980,50290,6,2022-08-01,75.71482222811154,1.320745358137707,4.317536488367469,72.86205033557047
36,9,2,5865.58,250460.72,0,3106,54058,8,2022-09-01,42.70007740070036,2.341916129603077,4.633185097487884,80.63770766258854
36,10,2,2807.71,204450.44,0,3147,30449,3,2022-10-01,72.81750608146852,1.3732961396414702,6.714520673913757,64.96677470606927
36,11,2,20302.63,536883.49,1,4948,48105,7,2022-11-01,26.444036560780546,3.781570932643133,11.160658767279909,108.5051515763945
36,12,2,17920.76,492261.17,1,4651,46908,7,2022-12-01,27.46876639160393,3.640498396410182,10.494183721326852,105.83985594495807
36,1,3,19034.29,510949.86,1,5128,17730,2,2023-01-01,26.843652166694948,3.7252755094208263,28.81837901861252,99.63920826833073
36,2,3,5003.42,240404.15,0,3570,42220,7,2023-02-01,48.0479651918088,2.0812535890083432,5.694082188536239,67.34009803921569
36,3,3,6327.74,262893.98,0,3460,44160,5,2023-03-01,41.54626770379314,2.406955077480283,5.953215126811593,75.9809190751445
36,4,3,8123.84,270029.36,0,2778,53883,6,2023-04-01,33.239128294008744,3.0085024828411253,5.011401740808789,97.20279337652987
36,5,3,4208.26,219500.61,0,2846,46365,5,2023-05-01,52.15946970957117,1.9171974055106271,4.734187641539954,77.12600491918482
36,6,3,4089.22,207953.14,0,2185,35529,6,2023-06-01,50.853986823893074,1.9664141642679691,5.853053561879029,95.17306178489703
36,7,3,4112.16,243469.95,0,3507,49287,4,2023-07-01,59.20731440410879,1.6889805086828988,4.9398411345790985,69.42399486740804
36,8,3,4373.47,239981.08,0,3250,45225,5,2023-08-01,54.87200781073152,1.82242283433344,5.306380983969043,73.84033230769231
36,9,3,4663.72,220843.44,0,2402,48136,6,2023-09-01,47.35349463518393,2.1117765599014398,4.587905933189297,91.94148209825146
36,10,3,4401.63,206468.63,0,2489,48282,3,2023-10-01,46.90731160956282,2.1318638090445026,4.276306491031854,82.9524427480916
36,11,3,18626.16,505861.36,1,5280,53942,7,2023-11-01,27.15864998475263,3.6820681461023232,9.377875495903007,95.80707575757576
36,12,3,17596.78,510218.72,1,4940,40501,3,2023-12-01,28.995004767917766,3.448869927783128,12.597682032542405,103.28314170040485
37,1,1,19916.82,524045.0,1,5186,49579,3,2021-01-01,26.311680278277358,3.800593460485264,10.56989854575526,101.04994215194755
37,2,1,5383.1,239692.68,0,2909,42847,5,2021-02-01,44.526885995058606,2.2458341239290247,5.594153149578734,82.39693365417669
37,3,1,4442.18,205811.14,0,2646,34365,8,2021-03-01,46.33111220166675,2.158376849766247,5.9889754110286635,77.78198790627363
37,4,1,8088.47,267986.03,0,3003,52722,2,2021-04-01,33.13185682830004,3.018243152450894,5.083001972611055,89.23943722943724
37,5,1,4965.26,219604.77,0,2584,36124,6,2021-05-01,44.22825189416062,2.260998246987076,6.0791930572472594,84.9863660990712
37,6,1,5695.05,231315.19,0,2730,29170,7,2021-06-01,40.61688483858789,2.462030271336699,7.929900239972574,84.73083882783882
37,7,1,4336.21,222092.2,0,2786,33586,7,2021-07-01,51.21804525149843,1.9524368708131128,6.612642172333711,79.71722900215363
37,8,1,6009.49,253649.23,0,2991,56512,3,2021-08-01,42.208112502059244,2.369212790435043,4.488413611268403,84.80415580073554
37,9,1,6202.07,263812.97,0,3378,49557,4,2021-09-01,42.536277404157,2.350934451782261,5.323424945012813,78.09738602723505
37,10,1,3657.49,216753.02,0,3059,33362,4,2021-10-01,59.26277857219022,1.6873997880167944,6.497003177267549,70.85747629944426
37,11,1,20474.86,545889.73,1,5311,44829,7,2021-11-01,26.661463375085347,3.750731855680817,12.17715608200049,102.78473545471662
37,12,1,19313.24,520574.68,1,5482,36704,6,2021-12-01,26.954290424599908,3.709984511732303,14.183050348735833,94.96072236410069
37,1,2,19406.89,522145.16,1,4340,42700,8,2022-01-01,26.905143482546663,3.7167614461848117,12.228223887587822,120.30994470046082
37,2,2,5504.67,237895.83,0,2870,64582,7,2022-02-01,43.2170920327649,2.3138993230776683,3.683624384503422,82.89053310104529
37,3,2,4301.22,223048.52,0,2288,53884,8,2022-03-01,51.8570359107416,1.9283786325952759,4.139420236062653,97.48624125874126
37,4,2,4646.49,234084.08,0,3263,54056,3,2022-04-01,50.37869015106026,1.9849662565690072,4.330399585614917,71.73891510879558
37,5,2,5466.98,251370.84,0,2776,51260,2,2022-05-01,45.97983530212293,2.174866424442867,4.903840031213422,90.5514553314121
37,6,2,5856.87,260774.01,0,3158,43121,8,2022-06-01,44.52446613976407,2.245956182519876,6.047494492242759,82.57568397720077
37,7,2,4829.87,247348.97,0,3599,54495,4,2022-07-01,51.212345259810306,1.9526541792351106,4.538929626571245,68.72713809391497
37,8,2,5514.84,249031.24,0,3469,48470,8,2022-08-01,45.15656664563251,2.214517343285927,5.13784278935424,71.78761602767368
37,9,2,6935.76,249335.41,0,2668,43702,7,2022-09-01,35.94925574125979,2.7816987567068794,5.705354674843257,93.45405172413793
37,10,2,5621.48,249169.16,0,2821,38076,4,2022-10-01,44.324476828166254,2.256089798593052,6.5439951675596175,88.32653668911733
37,11,2,18748.26,525885.26,1,5649,46626,4,2022-11-01,28.04981688967403,3.5650856614615893,11.278798524428431,93.09351389626482
37,12,2,19074.62,519760.87,1,5125,45466,2,2022-12-01,27.24881911146854,3.6698838063742656,11.43185831170545,101.41675512195121
37,1,3,22113.86,538607.34,1,4882,43060,7,2023-01-01,24.356097940386707,4.105747983308212,12.508298653042266,110.32514133551823
37,2,3,4622.89,223968.97,0,2296,37342,4,2023-02-01,48.44782592707159,2.064076108400195,5.997776498312891,97.54746080139373
37,3,3,4097.02,221859.22,0,3036,46376,2,2023-03-01,54.15136367408506,1.8466755629989144,4.783923149905124,73.07615942028986
37,4,3,3252.95,200300.84,0,2791,32326,3,2023-04-01,61.575136414639026,1.624032130868747,6.196276681309163,71.766692941598
37,5,3,2731.65,196801.31,0,3105,46962,2,2023-05-01,72.0448483517288,1.3880242971959893,4.190650100080917,63.38206441223832
37,6,3,5924.96,231682.93,0,3065,22770,6,2023-06-01,39.102868205017415,2.557357160495165,10.174920070267897,75.5898629690049
37,7,3,8607.61,261571.94,0,3137,37891,2,2023-07-01,30.38845161432732,3.2907237680004977,6.903273600591169,83.38283072999681
37,8,3,5122.8,235223.46,0,3078,30534,2,2023-08-01,45.91697118763176,2.177843995662678,7.703656907054431,76.42087719298246
37,9,3,3016.09,217444.19,0,2851,37706,7,2023-09-01,72.09472860557874,1.3870639634013675,5.766832599586273,76.26944580848826
37,10,3,6589.48,245983.07,0,2636,33778,3,2023-10-01,37.329663342175714,2.678834766961807,7.282345609568359,93.31679438543247
37,11,3,18993.41,527623.25,1,5763,54770,6,2023-11-01,27.779279760717007,3.59980535353588,9.633435274785466,91.553574527156
37,12,3,19181.55,524559.58,1,5610,48500,2,2023-12-01,27.347090302921295,3.6566961564213547,10.815661443298968,93.50438146167558
38,1,1,18634.72,503722.62,1,4979,55436,5,2021-01-01,27.03140267200151,3.699401071168891,9.086561440219352,101.16943562964451
38,2,1,3775.21,223693.88,0,2578,33783,2,2021-02-01,59.25336074019724,1.687667986267662,6.6214924666252255,86.77031807602793
38,3,1,5694.67,235951.26,0,2717,50635,2,2021-03-01,41.433702040680146,2.413494210626381,4.659845166386886,86.84256900993743
38,4,1,4333.95,201942.4,0,2607,46447,2,2021-04-01,46.595461415106314,2.146131768266595,4.34780287209077,77.46160337552742
38,5,1,3779.46,210618.63,0,3168,46944,8,2021-05-01,55.72717531075868,1.7944566442199346,4.486593174846626,66.48315340909092
38,6,1,5401.94,225763.18,0,2889,57907,3,2021-06-01,41.792981780619556,2.3927462396658306,3.8987200165783067,78.1457874697127
38,7,1,5619.54,215567.9,0,2890,44573,7,2021-07-01,38.360417400712514,2.6068538033723945,4.836288784690283,74.59096885813149
38,8,1,3033.37,209216.6,0,3018,36972,4,2021-08-01,68.97167177100057,1.4498706125613359,5.658785026506545,69.32292909211398
38,9,1,5553.49,240369.65,0,2964,31874,5,2021-09-01,43.28262948164127,2.3103956759932047,7.541245215536174,81.09637314439946
38,10,1,5974.4,223739.0,0,2452,37164,5,2021-10-01,37.44961837171934,2.6702541800937696,6.020315358949521,91.24755301794454
38,11,1,16823.85,493362.52,1,5425,43678,7,2021-11-01,29.32518537671223,3.4100381196366514,11.295446677961445,90.9424
38,12,1,19284.52,521536.37,1,5245,34308,6,2021-12-01,27.044301335993843,3.697636657631375,15.201596420659904,99.43496091515729
38,1,2,19452.76,526744.56,1,4742,51837,3,2022-01-01,27.07814006855583,3.6930158329494653,10.161555645581343,111.08067482075074
38,2,2,4600.34,230867.7,0,3375,48118,8,2022-02-01,50.18492111452632,1.9926304112701778,4.797948792551644,68.40524444444445
38,3,2,5895.91,256020.19,0,2678,49350,6,2022-03-01,43.42335449489561,2.302908219855629,5.187845795339412,95.60126587005227
38,4,2,3071.19,213016.76,0,2775,34244,3,2022-04-01,69.35968142641778,1.4417597939241962,6.220557177899778,76.7627963963964
38,5,2,6037.03,241145.95,0,2776,52014,5,2022-05-01,39.94446772668017,2.5034755922709877,4.636173914715269,86.86813760806916
38,6,2,3399.37,221815.37,0,2506,41792,5,2022-06-01,65.25190550013679,1.5325222954568027,5.307603608346095,88.51371508379889
38,7,2,3740.81,212716.64,0,2761,50156,4,2022-07-01,56.86379153178056,1.7585883267054236,4.241100566233352,77.04333212604129
38,8,2,3772.04,224828.21,0,3240,40834,3,2022-08-01,59.60387747743926,1.67774319779533,5.505907087231229,69.39142283950618
38,9,2,5935.63,250963.78,0,2999,58142,3,2022-09-01,42.28090025827081,2.3651341241353636,4.316394000894362,83.68248749583195
38,10,2,3445.18,192769.05,0,2338,37293,3,2022-10-01,55.953259336232065,1.787205985608167,5.169041106910144,82.45040633019674
38,11,2,15835.14,497189.5,1,5318,47320,5,2022-11-01,31.397859444248677,3.1849304943085075,10.506963229078615,93.49182023317036
38,12,2,17489.19,481927.07,1,4642,61414,5,2022-12-01,27.555711270790702,3.6290117506783752,7.847185820822614,103.81884317104696
38,1,3,17670.32,470187.72,1,4118,47896,7,2023-01-01,26.60889672626189,3.758141535470131,9.816847335894437,114.1786595434677
38,2,3,7188.26,256753.48,0,3110,50691,3,2023-02-01,35.718446466877936,2.799673834995343,5.065070328066127,82.55738906752411
38,3,3,4071.09,224534.63,0,2887,34685,4,2023-03-01,55.15344293543007,1.8131234366832412,6.4735369756378836,77.77437824731555
38,4,3,4047.19,234261.97,0,3206,52928,2,2023-04-01,57.88262226384232,1.7276342378577285,4.426049916868198,73.06985963817841
38,5,3,4176.14,234128.16,0,2782,42403,3,2023-05-01,56.06329289726877,1.7836982958393386,5.521499893875434,84.15821710999282
38,6,3,4613.22,247522.51,0,2922,46396,3,2023-06-01,53.65504138107439,1.863757764899847,5.33499676696267,84.70996235455168
38,7,3,4527.53,235293.29,0,3322,39231,2,2023-07-01,51.969460169231354,1.9242070183981872,5.997636817822641,70.82880493678508
38,8,3,6712.71,235385.44,0,2519,48510,8,2023-08-01,35.06563519055642,2.8517949113590033,4.852307565450423,93.44400158793172
38,9,3,7220.84,256927.74,0,2348,41134,3,2023-09-01,35.581419890206675,2.8104555778990625,6.246116108328876,109.4240800681431
38,10,3,4514.12,219741.84,0,3177,42885,2,2023-10-01,48.678776815857795,2.0542833353902923,5.123979013641133,69.16645892351275
38,11,3,19470.56,522576.08,1,5312,48928,3,2023-11-01,26.8392937850786,3.725880449790201,10.680511772400262,98.37652108433736
38,12,3,19997.48,512182.0,1,4943,46360,7,2023-12-01,25.612327153221308,3.9043699310010895,11.04792924935289,103.61764110863848
39,1,1,16395.19,485942.53,1,5294,44836,3,2021-01-01,29.639335073274545,3.373894851310915,10.83822218752788,91.79118435965245
39,2,1,5594.39,263650.74,0,3379,58397,8,2021-02-01,47.127701143466936,2.1218942909092537,4.514799390379642,78.02626220775377
39,3,1,4435.0,217875.94,0,2782,52626,4,2021-03-01,49.12648027057497,2.035562072618023,4.140081708661118,78.31629762760603
39,4,1,4335.96,201170.02,0,1975,55296,7,2021-04-01,46.39572782036734,2.15537086490323,3.6380573640046294,101.85823797468353
39,5,1,7379.83,237175.08,0,2328,43365,5,2021-05-01,32.1382850282459,3.1115537096055794,5.469274299550328,101.87932989690721
39,6,1,5920.51,241182.81,0,2658,36725,7,2021-06-01,40.736830104163325,2.4547810849371894,6.567265078284548,90.73845372460497
39,7,1,6848.7,252370.02,0,2545,45580,2,2021-07-01,36.8493319900127,2.7137534006614574,5.536858709960509,99.16307269155206
39,8,1,4393.13,244589.29,0,3067,23664,5,2021-08-01,55.675404552107494,1.7961252514368067,10.335923343475322,79.74870883599608
39,9,1,3162.64,231580.45,0,3330,30223,4,2021-09-01,73.22377823590419,1.365676593166651,7.6623912252258215,69.54367867867869
39,10,1,4818.13,209104.63,0,2897,38857,3,2021-10-01,43.3995409007229,2.3041718397148836,5.3813889389299225,72.17971349672075
39,11,1,16576.24,473053.67,1,4566,45291,3,2021-11-01,28.538056278142687,3.504092886542874,10.444760990042171,103.60351949189662
39,12,1,18942.78,520095.15,1,5403,33388,4,2021-12-01,27.45611520589903,3.6421758595518527,15.577307715346832,96.26043864519711
39,1,2,19889.11,525388.55,1,5685,43158,8,2022-01-01,26.415890404346904,3.7856002000804927,12.173607442420874,92.41663148636765
39,2,2,4660.39,231509.88,0,2711,41354,6,2022-02-01,49.67607431996034,2.0130415168458473,5.598246360690623,85.39648838067134
39,3,2,6568.73,246551.83,0,3021,39010,2,2022-03-01,37.53417022773048,2.6642389959141655,6.320221225326839,81.61265475008275
39,4,2,4793.47,215920.43,0,2858,43454,5,2022-04-01,45.0447024806664,2.2200168830712315,4.968942559948451,75.54948565430371
39,5,2,4030.45,223913.34,0,3364,38805,3,2022-05-01,55.55541937004553,1.800004412421341,5.770218786238886,66.56163495838288
39,6,2,5309.42,248932.23,0,3285,52951,3,2022-06-01,46.88501380565109,2.132877691249542,4.701180903099091,75.77845662100457
39,7,2,5983.54,234567.15,0,2684,44933,3,2022-07-01,39.202069343565846,2.5508857484946206,5.2203758929962385,87.39461624441132
39,8,2,4874.07,245650.67,0,3394,42473,4,2022-08-01,50.39949569866662,1.9841468374582487,5.78369010901043,72.37792280494992
39,9,2,5924.9,236358.01,0,2809,42616,3,2022-09-01,39.89232054549444,2.506748131785337,5.546227003942182,84.14311498754006
39,10,2,5939.14,239952.94,0,2749,45082,2,2022-10-01,40.40196728819324,2.4751269978188226,5.322588616299188,87.28735540196435
39,11,2,18669.7,511517.29,1,5723,43747,5,2022-11-01,27.39825974707681,3.6498668500531037,11.692625551466385,89.37922243578542
39,12,2,20178.08,519401.9,1,4585,40754,7,2022-12-01,25.740898043817843,3.8848683456876074,12.744807871619964,113.28285714285715
39,1,3,20602.7,521915.67,1,4806,54812,2,2023-01-01,25.332391870968365,3.9475151225101173,9.521923483908633,108.59668539325843
39,2,3,5479.55,230431.56,0,2601,59509,7,2023-02-01,42.05300800248195,2.3779511799512187,3.872213614747349,88.59344867358708
39,3,3,5324.49,246872.34,0,3087,53058,5,2023-03-01,46.36544345092206,2.1567786816457444,4.652876851747145,79.97160349854228
39,4,3,3564.69,196937.67,0,2335,45098,5,2023-04-01,55.24678723816096,1.810060005279843,4.3668825668544065,84.34161456102784
39,5,3,4198.22,217123.06,0,2574,48816,4,2023-05-01,51.71788519896527,1.9335670748192293,4.447784742707309,84.35239316239316
39,6,3,6326.26,237419.54,0,2341,48430,7,2023-06-01,37.52920999136931,2.6645911284302883,4.902323766260582,101.41800085433576
39,7,3,5603.92,260986.14,0,2718,47987,4,2023-07-01,46.57206740995589,2.1472098096856786,5.438684226978141,96.02139072847683
39,8,3,5773.25,251941.64,0,2750,44046,2,2023-08-01,43.63948209414109,2.2915029051966163,5.719966398764928,91.61514181818183
39,9,3,7641.42,274078.52,0,3189,27755,6,2023-09-01,35.8674853626682,2.788040449138444,9.874924157809405,85.94497334587646
39,10,3,3408.26,212845.49,0,2338,47254,8,2023-10-01,62.449898188518475,1.6012836353732467,4.504285139882338,91.03742087254062
39,11,3,18256.12,509068.67,1,4617,45593,2,2023-11-01,27.884822733417618,3.5861802298695773,11.165500625095957,110.25962096599523
39,12,3,17436.25,479999.35,1,5041,40526,4,2023-12-01,27.52881783640404,3.6325570024209406,11.844232097912451,95.21907359650862
40,1,1,18245.48,507492.09,1,4499,45895,2,2021-01-01,27.81467464818684,3.5952245088194377,11.057677089007518,112.80108690820182
40,2,1,3566.41,215938.99,0,2512,43095,6,2021-02-01,60.54799924854405,1.6515822362603436,5.010766678268941,85.96297372611464
40,3,1,6135.84,247556.47,0,3639,30905,7,2021-03-01,40.34597870870166,2.478561760070339,8.010240090600227,68.02870843638362
40,4,1,5189.29,241141.64,0,3026,54771,4,2021-04-01,46.46910078257334,2.1519676153815657,4.402724799620238,79.6899008592201
40,5,1,4572.89,230586.8,0,3504,60587,6,2021-05-01,50.424742340183116,1.9831534155467705,3.805879148992358,65.80673515981735
40,6,1,4377.41,230770.45,0,3190,34025,7,2021-06-01,52.71849107120421,1.8968676448826094,6.782379132990449,72.34183385579938
40,7,1,4798.84,220866.86,0,2598,47238,3,2021-07-01,46.02505188753948,2.172729761268848,4.675618358101528,85.01418783679753
40,8,1,6665.52,259011.78,0,3206,46916,8,2021-08-01,38.8584506535124,2.5734427986248347,5.520755818910393,80.78970056144729
40,9,1,2411.76,200575.85,0,2700,30730,3,2021-09-01,83.16575861611437,1.2024179381515772,6.527037097299057,74.28735185185185
40,10,1,5137.18,220282.62,0,2255,55044,4,2021-10-01,42.880066495626004,2.332085935785583,4.001936995857859,97.68630598669623
40,11,1,17817.11,502228.08,1,4662,49978,3,2021-11-01,28.187965388326166,3.5476132676611787,10.04898315258714,107.72803088803089
40,12,1,19632.12,523194.89,1,5141,43120,2,2021-12-01,26.64994356187717,3.7523531623177737,12.13346219851577,101.76908967127018
40,1,2,18073.76,517087.2,1,5153,38465,6,2022-01-01,28.60982994130718,3.4953021463304443,13.443057324840765,100.34682709101494
40,2,2,5910.19,249129.07,0,2724,51456,7,2022-02-01,42.15246379558018,2.3723405702915357,4.8415941775497515,91.45707415565346
40,3,2,5489.17,228134.5,0,2463,53605,3,2022-03-01,41.560837066441735,2.4061113071455655,4.255843671299319,92.62464474218433
40,4,2,4400.52,237131.58,0,2813,40812,8,2022-04-01,53.887172425077026,1.8557292116047979,5.8103396059982355,84.29846427301813
40,5,2,5498.72,246111.58,0,2398,37463,5,2022-05-01,44.75797640178077,2.2342386327372328,6.569457331233483,102.63201834862384
40,6,2,4127.39,217817.06,0,2619,46010,5,2022-06-01,52.77355907728612,1.8948883067285915,4.734124320799826,83.16802596410844
40,7,2,4940.51,213783.26,0,2090,50479,7,2022-07-01,43.2714962625316,2.310990112135066,4.235093008974029,102.28864114832537
40,8,2,3611.11,211384.51,0,2442,50821,5,2022-08-01,58.53726693454367,1.708313442645348,4.1593929674740755,86.5620434070434
40,9,2,4493.59,242616.74,0,3629,56884,2,2022-09-01,53.99173934426594,1.8521351824280552,4.26511391603966,66.85498484430973
40,10,2,5138.46,231459.37,0,2771,33804,7,2022-10-01,45.044501660030434,2.2200267805101173,6.8471000473316765,83.52918440996031
40,11,2,17338.97,498613.61,1,5765,42974,5,2022-11-01,28.75681831158367,3.477436165450839,11.602680923349002,86.48978490893322
40,12,2,17924.51,505470.72,1,5288,53669,4,2022-12-01,28.19997422523684,3.5461025319132236,9.418299577037022,95.5882602118003
40,1,3,18349.05,493242.32,1,4447,43550,4,2023-01-01,26.881082126867604,3.7200883330530115,11.325885648679678,110.91574544636833
40,2,3,6905.99,245719.32,0,2348,39813,6,2023-02-01,35.58060755952442,2.8105197426071338,6.171836334865496,104.65047700170358
40,3,3,3632.63,217656.26,0,2399,42481,4,2023-03-01,59.91699127078728,1.6689756591425398,5.123614321696759,90.72791162984578
40,4,3,5088.08,230143.16,0,2743,60125,7,2023-04-01,45.231828115910126,2.2108325965455586,3.827744864864865,83.90199052132702
40,5,3,4413.6,239859.47,0,3056,23619,4,2023-05-01,54.34553878919702,1.8400774420121917,10.155360938227698,78.48804646596858
40,6,3,6209.17,249741.48,0,3185,35930,5,2023-06-01,40.22139513010596,2.4862389699940914,6.9507787364319515,78.41176766091053
40,7,3,6777.68,247941.12,0,2438,46576,5,2023-07-01,36.582004461703704,2.7335844897369186,5.323366540707661,101.6985726004922
40,8,3,6355.55,254411.39,0,2882,52205,2,2023-08-01,40.02979915192234,2.498138939455502,4.873314625035916,88.27598542678696
40,9,3,6484.39,257691.47,0,3367,49869,4,2023-09-01,39.74027934778753,2.516338627739599,5.167367903908239,76.53444312444313
40,10,3,7121.75,256029.58,0,2813,58772,2,2023-10-01,35.95037455681539,2.7816121871543125,4.356318995440005,91.01655883398506
40,11,3,19512.8,513302.59,1,4818,56705,8,2023-11-01,26.30594225329015,3.801422470905514,9.052157481703555,106.5385201328352
40,12,3,18099.31,505600.11,1,5132,44826,3,2023-12-01,27.934772651554116,3.579767812946085,11.279170793735778,98.51911730319563
41,1,1,20386.52,539305.41,1,5106,41996,5,2021-01-01,26.454020107404304,3.780143796443651,12.841828031241072,105.62189776733256
41,2,1,5114.47,219889.72,0,2689,51046,6,2021-02-01,42.99364743560916,2.3259250136841323,4.307677780825138,81.77378951283005
41,3,1,6672.11,260996.46,0,3069,46169,5,2021-03-01,39.11752953713293,2.5563986576676174,5.653067209599515,85.042834799609
41,4,1,3721.75,202931.13,0,2899,46309,2,2021-04-01,54.5257284879425,1.8339965879064488,4.382109957027792,70.00038978958261
41,5,1,4239.17,212989.18,0,2450,44618,2,2021-05-01,50.2431324999941,1.9903217618848057,4.773615581155587,86.93435918367346
41,6,1,4384.3,235236.79,0,2713,39706,2,2021-06-01,53.654355313276916,1.8637815964076025,5.924464564549439,86.70725764835976
41,7,1,4776.36,226324.72,0,3064,40517,4,2021-07-01,47.38435126330511,2.1104013737430005,5.585919984204161,73.86577023498694
41,8,1,4557.94,210793.69,0,2492,53084,5,2021-08-01,46.24757895013976,2.162275350841859,3.9709458593926605,84.588158105939
41,9,1,4869.98,235459.65,0,2782,45944,7,2021-09-01,48.34920266613005,2.0682864346396506,5.124927085147135,84.63682602444284
41,10,1,6758.09,266328.57,0,2980,62838,7,2021-10-01,39.408852205282855,2.5375009523011367,4.23833619784207,89.3720033557047
41,11,1,20189.79,542963.57,1,6120,51065,6,2021-11-01,26.89297758916759,3.7184428413862096,10.63279291099579,88.71953758169934
41,12,1,19273.94,511846.02,1,5043,39818,5,2021-12-01,26.55637716004097,3.765573873173811,12.854639107941132,101.49633551457467
41,1,2,16653.11,468242.92,1,4725,48307,2,2022-01-01,28.11744593051988,3.5565107957211612,9.693065601258617,99.09903068783069
41,2,2,5256.03,226961.85,0,2341,37936,8,2022-02-01,43.18123184228401,2.3158209188019923,5.982756484605652,96.95081161896626
41,3,2,5750.52,248751.62,0,3226,51022,6,2022-03-01,43.257239345311376,2.311751778742185,4.875379640155227,77.10837569745816
41,4,2,5498.41,254451.55,0,3239,52355,5,2022-04-01,46.277296527541594,2.1608868171563507,4.860119377327858,78.55867551713492
41,5,2,6236.74,240910.03,0,1861,42676,6,2022-05-01,38.627557024984206,2.5888253801637067,5.645093963820414,129.45192369693714
41,6,2,3720.05,195452.83,0,2219,56289,5,2022-06-01,52.54037714546847,1.903298100109372,3.4723095098509478,88.08149166291122
41,7,2,5628.93,241690.42,0,2706,42454,6,2022-07-01,42.93718699646291,2.3289834988081033,5.69299524190889,89.31648928307466
41,8,2,4783.14,235132.27,0,3221,41532,6,2022-08-01,49.158559021897744,2.034233752772429,5.661472358663199,72.99977336230984
41,9,2,4453.17,227303.47,0,3475,22326,4,2022-09-01,51.04307044195483,1.9591297924312374,10.18111036459733,65.41107050359712
41,10,2,4090.6,218130.91,0,2696,43991,7,2022-10-01,53.32491810492348,1.8752958945616647,4.958534927598827,80.9090912462908
41,11,2,18663.26,513417.65,1,5251,43109,4,2022-11-01,27.509537454871232,3.63510292254269,11.909755503491152,97.77521424490574
41,12,2,18432.64,503737.94,1,4303,48692,2,2022-12-01,27.328583425922712,3.659172465746773,10.345394315287932,117.0666837090402
41,1,3,18641.54,503006.76,1,5236,54360,6,2023-01-01,26.98311191028209,3.7060217640017408,9.253251655629139,96.06699006875478
41,2,3,6885.31,238744.64,0,2517,55016,8,2023-02-01,34.67449395887767,2.883964222191543,4.3395492220444964,94.85285657528804
41,3,3,2776.03,187576.33,0,2616,44390,8,2023-03-01,67.5699938401242,1.4799468568342289,4.2256438387024104,71.70349006116207
41,4,3,4051.98,223830.53,0,2995,29407,2,2023-04-01,55.239791410619006,1.8102892398101367,7.611471078314687,74.734734557596
41,5,3,5890.81,246359.31,0,2966,43866,6,2023-05-01,41.82095671053726,2.3911456806726727,5.616179045274245,83.06112946729603
41,6,3,5365.82,243873.77,0,2541,45301,8,2023-06-01,45.44948768315001,2.200244823377274,5.383408092536588,95.97550964187327
41,7,3,4465.3,227752.57,0,3114,54716,6,2023-07-01,51.00498734687479,1.9605925851901473,4.162449192192412,73.13826910725754
41,8,3,6257.82,251516.66,0,2742,36935,8,2023-08-01,40.192376898025195,2.488033993453952,6.809710572627589,91.72744711889132
41,9,3,5866.45,227828.99,0,2677,50133,2,2023-09-01,38.835921212999345,2.574935700676196,4.5444914527357225,85.10608516996638
41,10,3,5639.07,231979.35,0,2741,44535,6,2023-10-01,41.13787379833909,2.4308499872941276,5.208922196025598,84.6331083546151
41,11,3,18803.58,506112.96,1,4000,36346,3,2023-11-01,26.915776676569035,3.715293123495593,13.924859957079184,126.52824000000001
41,12,3,18874.17,524517.51,1,5233,45652,4,2023-12-01,27.790229186237067,3.598387020482881,11.489474940856917,100.23266004204089
42,1,1,20580.23,530836.72,1,4763,43877,3,2021-01-01,25.793527088861495,3.876941670500865,12.09829113202817,111.4500776821331
42,2,1,5493.26,229201.38,0,2516,44084,7,2021-02-01,41.72410918106917,2.396695866316337,5.199196533889847,91.0975278219396
42,3,1,4365.63,215305.56,0,2586,39765,8,2021-03-01,49.31832519017873,2.0276438750583123,5.414448887212373,83.25814385150812
42,4,1,4694.95,214536.24,0,2265,45621,3,2021-04-01,45.695106444158085,2.1884181432470338,4.702576445058197,94.71798675496689
42,5,1,5682.95,238092.09,0,2879,50984,6,2021-05-01,41.8958621842529,2.386870559202534,4.669937431351012,82.69957971517888
42,6,1,4021.17,214725.27,0,2573,36648,4,2021-06-01,53.39870485455725,1.8727045959704698,5.859126555337262,83.45327244461717
42,7,1,2922.17,206351.29,0,2485,45768,6,2021-07-01,70.61577184078955,1.4161142389756807,4.508636820485929,83.03874849094568
42,8,1,3453.44,211805.61,0,2610,38303,3,2021-08-01,61.33177643161601,1.630476171051371,5.529739445996396,81.15157471264368
42,9,1,6121.46,239255.93,0,3349,41775,7,2021-09-01,39.084782061795714,2.5585405552957456,5.727251466187911,71.44100627052852
42,10,1,2043.43,208289.19,0,3586,64552,2,2021-10-01,101.93115986356273,0.9810542736279305,3.226688406246127,58.08399051868377
42,11,1,19831.73,516896.21,1,4712,42881,8,2021-11-01,26.064100812183305,3.836694797975013,12.05420139455703,109.69783743633278
42,12,1,19490.18,502842.4,1,4635,43622,3,2021-12-01,25.79978224931735,3.8760017055045477,11.527266058410895,108.48811218985976
42,1,2,19054.0,498603.59,1,4341,60941,3,2022-01-01,26.167922221055946,3.8214726853450856,8.181742833232143,114.85915457267912
42,2,2,5879.56,232749.81,0,3019,59182,6,2022-02-01,39.5862632577948,2.5261288075809816,3.9327804062045892,77.09500165617754
42,3,2,2769.82,200220.55,0,2246,41808,4,2022-03-01,72.28648432028074,1.3833844727726503,4.789048746651359,89.14539180765806
42,4,2,7323.68,248468.12,0,2365,56946,2,2022-04-01,33.92667620649728,2.9475330678237515,4.363223404628947,105.06051585623679
42,5,2,4105.05,214112.71,0,2975,35144,2,2022-05-01,52.1583683511772,1.917237888399993,6.092439961302071,71.9706588235294
42,6,2,4435.29,229132.9,0,2684,41274,4,2022-06-01,51.66131188715958,1.9356844870378718,5.551507001986723,85.36993293591654
42,7,2,7116.12,241991.31,0,2485,58880,4,2022-07-01,34.00607493971434,2.9406510506513643,4.10990675951087,97.38080885311871
42,8,2,4409.09,229701.89,0,2799,41078,5,2022-08-01,52.09734661800962,1.9194835532263144,5.5918469740493695,82.06569846373705
42,9,2,5311.59,238664.41,0,3399,54524,8,2022-09-01,44.93276212960714,2.2255475795490414,4.37723589611914,70.21606649014416
42,10,2,4191.49,215548.75,0,2403,35829,6,2022-10-01,51.425328463147956,1.9445670642952,6.016041474782997,89.69985434873075
42,11,2,20238.87,509415.01,1,4235,44629,3,2022-11-01,25.170131039924662,3.9729630267470917,11.41443926594815,120.28689728453365
42,12,2,16192.65,478130.99,1,4441,48678,6,2022-12-01,29.52765544861403,3.386655610840034,9.82232199350836,107.66291150641747
42,1,3,20294.78,526185.23,1,4914,59650,5,2023-01-01,25.927121653942542,3.8569649703014277,8.821210896898574,107.07880138380138
42,2,3,5395.72,238163.71,0,2667,34041,8,2023-02-01,44.13937528263141,2.2655508683501786,6.996378191004965,89.30022872140982
42,3,3,3856.64,218583.81,0,3514,53064,7,2023-03-01,56.67726570278792,1.7643758702897527,4.1192486431478965,62.20370233352305
42,4,3,6551.76,263823.65,0,3389,38774,8,2023-04-01,40.267599851032394,2.483386155865859,6.804138082220045,77.84704927707288
42,5,3,4832.34,227792.31,0,2931,42545,6,2023-05-01,47.13913135251244,2.121379777921388,5.354149958867082,77.71829068577277
42,6,3,3918.96,227230.11,0,3078,43848,6,2023-06-01,57.982247841264005,1.7246658024326091,5.182222906403941,73.82394736842105
42,7,3,3527.27,226139.88,0,2774,48911,2,2023-07-01,64.11187122051899,1.5597735348581594,4.62349737277913,81.521225666907
42,8,3,4576.03,234033.78,0,3418,52070,4,2023-08-01,51.14341033603364,1.9552861129705292,4.494599193393508,68.47097132826214
42,9,3,7090.06,265035.32,0,3352,42169,8,2023-09-01,37.381252062747,2.6751377891822115,6.2850748179942615,79.06781622911694
42,10,3,5298.06,263271.4,0,3507,33812,5,2023-10-01,49.69203821776273,2.012394813868882,7.786330296936,75.07025948103794
42,11,3,20156.55,520915.6,1,5011,42887,7,2023-11-01,25.843490081387937,3.869446413200142,12.146235455965677,103.95442027539413
42,12,3,20570.73,540403.88,1,4962,35123,7,2023-12-01,26.27052515880574,3.8065474289340777,15.386039916863593,108.90848045143088
43,1,1,18276.2,495238.78,1,4987,35766,2,2021-01-01,27.097469933574814,3.6903814357995146,13.846635911200583,99.30595147383197
43,2,1,3051.07,189340.32,0,2095,39832,5,2021-02-01,62.05702261829457,1.6114211700920331,4.7534725848563975,90.37724105011934
43,3,1,3971.92,223930.37,0,3097,41996,6,2021-03-01,56.37836864790832,1.7737299322106241,5.332183303171731,72.30557636422344
43,4,1,5305.56,235366.45,0,3568,42212,2,2021-04-01,44.36222566515127,2.254170039952593,5.575818487633849,65.96593329596413
43,5,1,4675.82,242346.52,0,3408,41182,4,2021-05-01,51.8297368162162,1.9293943234670752,5.884768102569083,71.11106807511737
43,6,1,6137.89,242806.77,0,3068,41380,5,2021-06-01,39.55867081358577,2.527890799749941,5.867732479458676,79.1417112125163
43,7,1,4283.17,227795.83,0,3111,41878,4,2021-07-01,53.183933862069445,1.880267079515898,5.439510721619944,73.22270331083253
43,8,1,4992.63,218250.28,0,2370,46980,7,2021-08-01,43.714491159969796,2.2875709483625863,4.645599829714772,92.08872573839662
43,9,1,4766.93,219144.74,0,2777,46072,7,2021-09-01,45.97188127369187,2.1752427185795105,4.75657101927418,78.91420237666546
43,10,1,5397.15,261426.74,0,3738,53472,8,2021-10-01,48.43792371899984,2.0644980693252726,4.88903987133453,69.9375976457999
43,11,1,16836.48,470888.95,1,4208,24538,2,2021-11-01,27.96837284277949,3.5754672094131745,19.190192762246312,111.90326758555133
43,12,1,17681.34,501849.16,1,5082,52363,8,2021-12-01,28.382982285279283,3.5232379386666706,9.584041403280942,98.75032664305391
43,1,2,20615.36,531646.28,1,5005,47780,5,2022-01-01,25.788842882200456,3.8776458663455706,11.126962745918796,106.22303296703298
43,2,2,5664.91,250663.61,0,3509,38676,2,2022-02-01,44.248471732119306,2.259965058350512,6.481115161857482,71.43448560843545
43,3,2,1806.8,165202.67,0,2668,50058,2,2022-03-01,91.43384436572947,1.0936869240672684,3.300225138838947,61.92004122938531
43,4,2,7361.65,267743.56,0,3308,54842,5,2022-04-01,36.3700474757697,2.7495152451099103,4.882089639327523,80.93819830713421
43,5,2,3624.41,217757.57,0,2282,41643,7,2022-05-01,60.08083246652559,1.6644243412525221,5.229151838244123,95.42400087642419
43,6,2,4963.48,235712.07,0,3695,48826,2,2022-06-01,47.48927566948996,2.105738581821457,4.827593290460001,63.79217050067659
43,7,2,5489.61,242713.61,0,3418,45610,3,2022-07-01,44.213270159446665,2.2617643897266415,5.321499890374917,71.01041837331772
43,8,2,5973.7,242293.17,0,2858,33460,8,2022-08-01,40.55998292515527,2.4654842726272475,7.241278242677825,84.77717634709587
43,9,2,3413.02,225768.28,0,3263,43390,5,2022-09-01,66.14912306403127,1.511735838178862,5.203233002996082,69.19040147103892
43,10,2,4823.42,222932.79,0,2449,41108,4,2022-10-01,46.21882191474099,2.1636207038004596,5.423099883234407,91.03013066557779
43,11,2,18409.05,491816.8,1,4317,43153,8,2022-11-01,26.71603368995141,3.743070590512565,11.397047713948044,113.92559647903637
43,12,2,17643.22,497579.89,1,5064,43992,6,2022-12-01,28.202328713239417,3.54580648345736,11.310690352791417,98.25827211690364
43,1,3,17073.84,504563.16,1,5397,36590,5,2023-01-01,29.551826654109444,3.3838855773774683,13.789646351462148,93.48956086714841
43,2,3,4874.68,218601.34,0,2763,38198,8,2023-02-01,44.84424413499963,2.2299405849936695,5.722847793078172,79.11738689829895
43,3,3,6295.17,232625.03,0,2386,33318,5,2023-03-01,36.95293852270868,2.706144734296219,6.981962602797287,97.49582145850796
43,4,3,5677.62,233670.79,0,2986,38309,8,2023-04-01,41.15646873161642,2.4297517032402722,6.099631679239866,78.25545545880777
43,5,3,5664.95,233906.17,0,2815,45422,3,2023-05-01,41.290067873502856,2.421889939884869,5.149622869974903,83.09277797513322
43,6,3,3286.54,208030.58,0,3074,62105,7,2023-06-01,63.29774778338313,1.5798350415597553,3.349659125674261,67.67422901756669
43,7,3,3268.18,219139.82,0,2705,41663,2,2023-07-01,67.05255524481517,1.4913674748842998,5.259818544031875,81.01287245841036
43,8,3,6122.96,233374.0,0,2230,43398,3,2023-08-01,38.114572037053975,2.623668446356492,5.3775289183833355,104.65201793721972
43,9,3,3775.76,210295.02,0,2408,34210,7,2023-09-01,55.69607708117041,1.7954585895567095,6.147179771996492,87.33181893687707
43,10,3,5168.74,223845.56,0,2239,51504,3,2023-10-01,43.30756818876554,2.3090652322967675,4.34617816091954,99.97568557391692
43,11,3,18172.62,511899.27,1,5576,41497,2,2023-11-01,28.16871040059166,3.5500382721780395,12.335813914258862,91.80402977044477
43,12,3,16339.38,475919.1,1,4963,38354,5,2023-12-01,29.127121102514295,3.433226361371082,12.408591020493299,95.89343139230304
44,1,1,21268.38,548869.28,1,5143,46090,4,2021-01-01,25.806821205940462,3.8749445040902994,11.908641353872857,106.72161773284076
44,2,1,7074.56,280055.54,0,3353,51134,8,2021-02-01,39.58628381129002,2.526127495995973,5.476894825360816,83.52387116015508
44,3,1,4963.42,234098.28,0,3180,50651,5,2021-03-01,47.164713040605065,2.120229161871672,4.621789895559811,73.61581132075472
44,4,1,4555.41,210687.59,0,3048,39237,6,2021-04-01,46.249973108896896,2.162163419307231,5.369615159160996,69.1232250656168
44,5,1,6614.06,264573.12,0,3489,43236,6,2021-05-01,40.001620789651135,2.4998987047512617,6.119278379128504,75.8306448839209
44,6,1,7578.17,280420.94,0,3377,35066,4,2021-06-01,37.00378059610698,2.7024265734220845,7.9969469001311815,83.03847793899911
44,7,1,4781.66,240827.95,0,2883,56400,4,2021-07-01,50.36492556978121,1.9855087418217028,4.269999113475177,83.53380159556018
44,8,1,5628.27,240247.06,0,2053,49483,6,2021-08-01,42.68577378128625,2.342700884664312,4.855143382575834,117.02243546030199
44,9,1,4621.13,204665.51,0,2166,57877,5,2021-09-01,44.28906133348337,2.257893867901827,3.5362149040205955,94.4900784856879
44,10,1,3629.76,212031.42,0,2364,48228,3,2021-10-01,58.41472163448823,1.7118972273071602,4.3964381686986815,89.69180203045686
44,11,1,19109.95,507312.56,1,4734,35295,6,2021-11-01,26.547037538036466,3.766898655140728,14.373496529253435,107.16361639205746
44,12,1,20310.29,526476.67,1,5013,50569,3,2021-12-01,25.921671724037424,3.857775882072799,10.411055587415216,105.02227608218632
44,1,2,17159.29,476262.61,1,4582,45608,4,2022-01-01,27.75537973890528,3.602905128328256,10.442523460796352,103.94207987778262
44,2,2,3953.5,218314.32,0,2512,43337,2,2022-02-01,55.22051852788668,1.8109210609730044,5.037596511064448,86.90856687898089
44,3,2,4436.46,200426.33,0,2157,32362,2,2022-03-01,45.17708488299229,2.2135115680659325,6.193261541313886,92.91902178952247
44,4,2,4363.86,219607.4,0,2557,41791,4,2022-04-01,50.32411672235131,1.9871188311504986,5.254896987389629,85.88478685960109
44,5,2,4167.9,216400.94,0,2535,56822,4,2022-05-01,51.92085702632021,1.926008269649845,3.808400619478371,85.36526232741618
44,6,2,4373.88,229907.28,0,2849,54717,7,2022-06-01,52.56369173365524,1.902453893587015,4.201752289050935,80.69753597753598
44,7,2,5375.02,233089.92,0,2816,56932,8,2022-07-01,43.36540515198083,2.305985604182283,4.094181128363662,82.7734090909091
44,8,2,6887.49,257313.62,0,3002,43556,6,2022-08-01,37.3595634984588,2.6766908024534417,5.90765038111856,85.71406395736176
44,9,2,5494.33,226837.88,0,2637,41323,8,2022-09-01,41.28581282886176,2.4221395474159784,5.4893855721995015,86.02119074706106
44,10,2,4845.81,245653.51,0,3239,34656,6,2022-10-01,50.69400368565833,1.9726198905116399,7.088339969990766,75.84239271380056
44,11,2,19392.23,506780.41,1,4139,61146,3,2022-11-01,26.133168284410818,3.8265547794161976,8.288038628855526,122.44030200531529
44,12,2,20140.68,536060.74,1,5290,47191,5,2022-12-01,26.615821312885164,3.7571637870738304,11.359385052234536,101.33473345935728
44,1,3,20064.85,524004.25,1,5704,49178,2,2023-01-01,26.115532884621615,3.8291387903819483,10.655257432185124,91.86610273492286
44,2,3,6602.75,268639.38,0,3844,40405,3,2023-02-01,40.68598387035705,2.4578488827661826,6.648666749164708,69.88537460978148
44,3,3,4486.01,244496.16,0,3224,39492,8,2023-03-01,54.50192041480068,1.8347977326106064,6.191030082041933,75.83627791563275
44,4,3,2452.85,202299.59,0,2975,52487,5,2023-04-01,82.4753205454879,1.2124839205062155,3.854279916931812,67.99986218487395
44,5,3,4496.67,227702.4,0,2964,46788,8,2023-05-01,50.63800545737178,1.9748013196171847,4.866683765067966,76.82267206477732
44,6,3,5242.62,239136.37,0,3272,26770,6,2023-06-01,45.61390487962126,2.1923139504041145,8.932998505790064,73.08568765281173
44,7,3,6200.81,237158.85,0,2435,47692,8,2023-07-01,38.24643070824618,2.6146230680406823,4.972717646565462,97.39583162217659
44,8,3,4934.03,230363.77,0,3150,51944,6,2023-08-01,46.688765572969764,2.1418428774628926,4.434848490682273,73.13135555555556
44,9,3,3778.62,197674.55,0,2545,51702,4,2023-09-01,52.313953242188944,1.9115359058614274,3.8233443580519126,77.67172888015716
44,10,3,5208.97,248801.24,0,3132,40625,6,2023-10-01,47.76399940871227,2.093627025331546,6.124338215384615,79.43845466155811
44,11,3,19348.45,517662.7,1,4476,44638,2,2023-11-01,26.754737459589787,3.7376558133317315,11.596906223397106,115.65297140303844
44,12,3,20228.99,516680.85,1,4468,49558,4,2023-12-01,25.541603906077363,3.915180909066013,10.425780903184148,115.64029767233662
45,1,1,19665.76,524489.4,1,4945,48347,3,2021-01-01,26.67018208297061,3.7495057097436093,10.848437338407761,106.06459049544995
45,2,1,6458.58,242317.62,0,2407,52922,8,2021-02-01,37.518714640060196,2.6653365116412084,4.57876913193001,100.67204819277109
45,3,1,3508.12,198852.33,0,2202,44082,5,2021-03-01,56.683445834236,1.7641835024010029,4.510964339186062,90.30532697547683
45,4,1,5196.31,209437.41,0,2236,49858,6,2021-04-01,40.305026066574165,2.481080147047273,4.200678125877492,93.6661046511628
45,5,1,4421.1,219561.38,0,2940,44547,8,2021-05-01,49.66216100065594,2.013605489271383,4.928757941051025,74.68074149659864
45,6,1,4836.47,224059.31,0,2491,40694,5,2021-06-01,46.327033973125026,2.1585668544636687,5.505954440458053,89.94753512645524
45,7,1,7841.53,256946.56,0,2723,41613,2,2021-07-01,32.76740125970314,3.0518135755543874,6.174670415495157,94.36157179581345
45,8,1,5932.22,226514.75,0,2576,71350,4,2021-08-01,38.18380808533736,2.6189111305113686,3.174698668535389,87.93274456521739
45,9,1,4501.23,226962.34,0,3137,37719,7,2021-09-01,50.42229346200928,1.983249732092117,6.017188684747739,72.3501243226012
45,10,1,6158.21,259351.85,0,3443,49531,2,2021-10-01,42.114810959678216,2.3744615664010107,5.2361521067614225,75.32728724949172
45,11,1,19159.49,526122.97,1,4822,49890,6,2021-11-01,27.460176132036914,3.6416372392940763,10.545659851673681,109.10886976358357
45,12,1,19235.68,523046.1,1,5340,46695,3,2021-12-01,27.19145359041115,3.677626121292177,11.201329906842274,97.94870786516853
45,1,2,18386.28,499318.75,1,4499,44279,6,2022-01-01,27.15713836621655,3.6822730970947917,11.276649201653154,110.984385418982
45,2,2,5819.51,241715.4,0,2808,51189,8,2022-02-01,41.535352632781795,2.407587600955504,4.7220184023911385,86.0809829059829
45,3,2,5089.44,218887.07,0,2253,59325,5,2022-03-01,43.00808536892075,2.325144194218507,3.6896261272650652,97.15360408344429
45,4,2,6810.29,252150.67,0,2604,57352,3,2022-04-01,37.02495341608067,2.7008811834606665,4.396545368949645,96.83205453149002
45,5,2,4770.77,229562.12,0,2756,49952,3,2022-05-01,48.11846305732617,2.0782043657725415,4.595654228058937,83.29539912917271
45,6,2,5185.43,234262.59,0,2623,47018,2,2022-06-01,45.1770807821145,2.213511768993931,4.982402271470501,89.31093785741517
45,7,2,4326.54,213623.08,0,2552,50681,8,2022-07-01,49.37503871453863,2.025314867663176,4.215052583808528,83.70810344827586
45,8,2,3899.64,203882.31,0,2371,53125,3,2022-08-01,52.28234144690279,1.9126916896321215,3.837784658823529,85.99000843525938
45,9,2,3594.27,229230.79,0,3302,40435,6,2022-09-01,63.776730740873674,1.5679699921637928,5.669118090762953,69.42180193821926
45,10,2,5663.26,245031.78,0,3138,50911,3,2022-10-01,43.26691340323418,2.3112348936941975,4.812943764608828,78.08533460803059
45,11,2,19687.37,511921.95,1,4790,38480,5,2022-11-01,26.002556461325206,3.845775708582138,13.30358497920998,106.87305845511483
45,12,2,17498.13,496668.74,1,5015,42599,2,2022-12-01,28.38410390138832,3.5230987156550264,11.659164299631447,99.03663808574277
45,1,3,16871.02,481474.78,1,4833,37379,3,2023-01-01,28.538569689325247,3.5040298476277405,12.880889804435647,99.62234223049866
45,2,3,5540.83,235735.56,0,2765,37997,7,2023-02-01,42.545171030333,2.350443013349365,6.204057162407558,85.25698372513563
45,3,3,5007.66,224530.54,0,3030,43536,3,2023-03-01,44.83741707703798,2.230280121358992,5.1573534546122755,74.10248844884488
45,4,3,5851.92,241785.38,0,3015,37502,5,2023-04-01,41.31727364693981,2.420295222151149,6.44726627913178,80.19415588723052
45,5,3,5177.5,249544.0,0,3225,36019,3,2023-05-01,48.197778850796716,2.074784406757926,6.9281212693300755,77.37798449612403
45,6,3,7111.89,265413.42,0,3466,45330,6,2023-06-01,37.31967451690057,2.679551772476313,5.855138318994043,76.57628967109059
45,7,3,1939.21,192599.77,0,3239,37462,2,2023-07-01,99.31867616194222,1.0068599770394326,5.14120361966793,59.46272615004631
45,8,3,5202.34,243427.74,0,2986,34500,3,2023-08-01,46.79197053633557,2.137118801661635,7.055876521739131,81.5230207635633
45,9,3,3585.99,209004.11,0,2599,37248,6,2023-09-01,58.28351724349482,1.7157509486296705,5.611149860395189,80.41712581762215
45,10,3,6860.25,247687.78,0,2840,42551,6,2023-10-01,36.10477460733938,2.7697167781147702,5.820962609574393,87.21400704225353
45,11,3,20153.13,545896.38,1,5556,36670,4,2023-11-01,27.087424137094334,3.6917500716894294,14.886729751840742,98.25348812095032
45,12,3,19494.21,511569.07,1,4831,49440,8,2023-12-01,26.24210316806888,3.810670179884018,10.347270833333333,105.89299730904575
46,1,1,19877.61,533336.53,1,5246,59899,6,2021-01-01,26.83101892028267,3.727029536116718,8.903930449590144,101.66536980556616
46,2,1,3753.51,200193.01,0,2215,48681,4,2021-02-01,53.334881217846764,1.8749455837643882,4.1123438302417785,90.3805914221219
46,3,1,6242.56,253281.29,0,3664,42973,5,2021-03-01,40.573304862107854,2.4646747495640127,5.893963418890932,69.12698962882097
46,4,1,5151.16,216499.16,0,2621,54992,5,2021-04-01,42.02920507225557,2.3792979150588853,3.9369210066918825,82.60173979397177
46,5,1,4109.14,232025.44,0,3017,41828,3,2021-05-01,56.465693551448716,1.7709868366158472,5.547132064645692,76.90601259529333
46,6,1,4531.98,240672.81,0,3510,38192,6,2021-06-01,53.10544397812877,1.8830461155956917,6.3016550586510265,68.56775213675213
46,7,1,4649.16,220407.41,0,2457,47162,4,2021-07-01,47.408007037830494,2.1093483200043046,4.673411008863067,89.70590557590558
46,8,1,4207.63,216954.17,0,2828,46311,4,2021-08-01,51.56208364328613,1.939409599732515,4.6847222042279375,76.7164674681754
46,9,1,5281.55,218396.48,0,2752,44641,5,2021-09-01,41.35083072204183,2.4183311013071274,4.892284671042316,79.35918604651164
46,10,1,3827.86,224093.93,0,2507,42760,3,2021-10-01,58.54287513127439,1.708149792366085,5.240737371375117,89.38728759473474
46,11,1,18909.35,502316.12,1,5007,46414,5,2021-11-01,26.56443082390458,3.7644322463710695,10.82251303486017,100.32277211903335
46,12,1,18417.18,484302.78,1,4932,37503,2,2021-12-01,26.296250566047572,3.802823514661634,12.91370770338373,98.19602189781023
46,1,2,20717.07,536570.58,1,4548,56711,7,2022-01-01,25.899926003049657,3.861014892020356,9.461490363421557,117.97945910290237
46,2,2,3582.84,227410.02,0,3069,41377,6,2022-02-01,63.471999866028064,1.5754978606483567,5.4960490127365444,74.09906158357771
46,3,2,7666.52,261593.85,0,2825,64952,5,2022-03-01,34.12158971736851,2.930695809553627,4.02749491932504,92.59959292035398
46,4,2,3943.92,223459.06,0,3334,58573,6,2022-04-01,56.65912594575955,1.7649407457455517,3.8150523278643744,67.02431313737253
46,5,2,4467.25,216973.88,0,2386,35160,6,2022-05-01,48.56989870725838,2.0588883786380183,6.171043230944255,90.93624476110645
46,6,2,6146.92,245366.28,0,3022,30140,7,2022-06-01,39.91694702387537,2.505201611240143,8.140885202388851,81.19334215751158
46,7,2,4873.47,215708.55,0,3012,49965,7,2022-07-01,44.261799087713676,2.25928457634155,4.317193035124587,71.61638446215139
46,8,2,3690.99,216267.77,0,2822,46605,8,2022-08-01,58.593431572559126,1.7066759415885222,4.640441368951829,76.63634656272147
46,9,2,4008.67,212643.0,0,2655,34257,5,2022-09-01,53.045773286401726,1.885164336470046,6.207286102110517,80.09152542372881
46,10,2,5048.56,228267.53,0,2614,54883,5,2022-10-01,45.214383903528926,2.2116855603598116,4.159166408541807,87.32499234889059
46,11,2,19751.47,524326.61,1,4823,48702,6,2022-11-01,26.5462069405467,3.7670165166707834,10.766018028007062,108.71379017209206
46,12,2,17627.82,499249.91,1,5242,33958,3,2022-12-01,28.32170455563989,3.5308609269453854,14.701982154426055,95.24034910339564
46,1,3,17113.82,483075.69,1,4709,36483,2,2023-01-01,28.227227468794226,3.5426787880797725,13.241117506783981,102.58562115098748
46,2,3,4867.81,224839.05,0,2772,38655,2,2023-02-01,46.188953554062294,2.1650198219570846,5.816558013193636,81.11076839826839
46,3,3,5117.98,228447.15,0,3236,43706,2,2023-03-01,44.63619435793028,2.240334361798779,5.226905916807761,70.59553461063041
46,4,3,4572.55,218643.61,0,2763,35115,8,2023-04-01,47.816559687701606,2.091325696643959,6.226501779866154,79.13268548678971
46,5,3,1755.95,198786.75,0,2952,34261,2,2023-05-01,113.20752299325152,0.8833335219776972,5.80212924316278,67.3396849593496
46,6,3,4799.02,235995.43,0,3163,38886,3,2023-06-01,49.17575463323762,2.0335224288029647,6.068904747209793,74.61126462219411
46,7,3,8028.33,275679.24,0,3418,33149,4,2023-07-01,34.33830447926281,2.9121996999121156,8.316366707894657,80.65513165593914
46,8,3,1484.13,176510.95,0,2043,40339,5,2023-08-01,118.93227008415705,0.8408146916664376,4.375689779121942,86.3979197258933
46,9,3,5862.5,232562.34,0,3123,37706,5,2023-09-01,39.669482302771854,2.520829468778135,6.167780724553121,74.46760806916427
46,10,3,3960.7,206055.44,0,2271,43175,4,2023-10-01,52.025005680814,1.9221526012610974,4.772563752171395,90.73335094671951
46,11,3,19593.31,512614.9,1,4494,46714,2,2023-11-01,26.162751469761872,3.8222279531866903,10.973474761313526,114.0665109034268
46,12,3,19259.69,514945.35,1,5082,33429,2,2023-12-01,26.736949037082113,3.7401425219200446,15.404150587812977,101.32730224321134
47,1,1,20689.14,543619.5,1,4933,53386,4,2021-01-01,26.275596762359385,3.805812705394122,10.182810100026224,110.2005878775593
47,2,1,2119.55,209883.26,0,3101,37155,4,2021-02-01,99.02255667476587,1.0098709158605599,5.648856412326739,67.68244437278298
47,3,1,3746.89,212761.43,0,2844,39038,4,2021-03-01,56.783473760905714,1.7610757739313934,5.450110917567498,74.810629395218
47,4,1,4590.44,237960.41,0,3009,36091,2,2021-04-01,51.838257334808866,1.9290771939752496,6.593344878224488,79.08288800265869
47,5,1,5108.87,214524.46,0,2884,54979,4,2021-05-01,41.99058891692292,2.381486008635099,3.9019345568307897,74.38434812760055
47,6,1,3161.82,197754.28,0,2357,51106,2,2021-06-01,62.54444592038762,1.598862993003236,3.8694924275036198,83.90084005091218
47,7,1,4362.93,224765.65,0,2935,56756,6,2021-07-01,51.51713412775359,1.941101765327576,3.960209493269434,76.58114139693356
47,8,1,6134.44,240140.15,0,2940,43766,6,2021-08-01,39.146221986032955,2.5545249305457665,5.486911072522049,81.6803231292517
47,9,1,5978.87,244202.13,0,2848,48561,8,2021-09-01,40.84419463878626,2.448328358151503,5.02877061839748,85.74512991573035
47,10,1,5382.73,235603.57,0,3115,46552,2,2021-10-01,43.77027456327923,2.2846555338698815,5.061083734318611,75.63517495987159
47,11,1,17868.34,496313.01,1,4747,54795,8,2021-11-01,27.776111826840097,3.6002159201911716,9.057633178209691,104.55298293659153
47,12,1,19961.39,506435.55,1,4050,40408,6,2021-12-01,25.370755743963723,3.9415459676951983,12.533051623440903,125.04581481481482
47,1,2,18823.29,515447.76,1,5047,20868,3,2022-01-01,27.383510534024605,3.6518327288879866,24.7003910293272,102.12953437685753
47,2,2,4667.55,222665.7,0,3184,43317,3,2022-02-01,47.70504868721278,2.096214190151424,5.140376757393171,69.9326947236181
47,3,2,3395.92,221744.58,0,2718,34907,4,2022-03-01,65.29735093877358,1.5314556955574745,6.35243876586358,81.58373068432671
47,4,2,4318.98,205941.41,0,2691,46759,8,2022-04-01,47.6828811432329,2.0971887101287687,4.404315960563742,76.52969528056485
47,5,2,4486.9,232818.74,0,3174,27622,4,2022-05-01,51.88855111546948,1.9272074060704907,8.428743030917385,73.35183994959041
47,6,2,3644.61,202907.23,0,2509,30296,4,2022-06-01,55.67323527071484,1.796195236611332,6.697492408238712,80.87175368672779
47,7,2,5416.38,231082.88,0,2490,52760,3,2022-07-01,42.66371266417792,2.343912279438442,4.379887793783169,92.80436947791165
47,8,2,5828.04,245870.68,0,3184,43934,6,2022-08-01,42.187541609185935,2.370368032495782,5.59636454682023,77.22069095477387
47,9,2,5112.58,238314.38,0,2973,32976,6,2022-09-01,46.613330255956875,2.1453090661167824,7.226903808830665,80.1595627312479
47,10,2,6603.67,249384.98,0,2990,40800,4,2022-10-01,37.76460362192538,2.647982248169076,6.112376960784314,83.40634782608696
47,11,2,18614.7,506174.91,1,5168,49757,3,2022-11-01,27.19221421779561,3.677523249818922,10.172938681994493,97.94406153250773
47,12,2,19654.05,513673.13,1,4400,57418,7,2022-12-01,26.135739453191583,3.8261783325127396,8.946203803685256,116.74389318181818
47,1,3,18716.92,524232.73,1,6246,47600,8,2023-01-01,28.00849338459533,3.570345560072145,11.013292647058822,83.93095260967019
47,2,3,4131.15,205965.55,0,2641,41779,2,2023-02-01,49.85671060116432,2.0057480486421153,4.929882237487733,77.98771298750472
47,3,3,5856.97,255918.12,0,3437,47390,5,2023-03-01,43.69462708533593,2.2886109041438725,5.400255750158261,74.45973814373
47,4,3,5170.3,239785.39,0,2910,50479,4,2023-04-01,46.377461655996754,2.156219776359185,4.7502008756116405,82.40047766323025
47,5,3,6762.5,253144.76,0,3101,46301,3,2023-05-01,37.433605914972276,2.6713963978555197,5.467371331072763,81.63326668816511
47,6,3,4234.75,217562.43,0,2956,48311,7,2023-06-01,51.37550740893795,1.9464527951815944,4.503372523855851,73.60028078484439
47,7,3,4039.45,218447.13,0,2658,41062,6,2023-07-01,54.078433945215316,1.8491659743938955,5.319934002240514,82.1847742663657
47,8,3,1869.26,207069.53,0,3306,49435,7,2023-08-01,110.77620555727935,0.902720936296132,4.188723171841812,62.63446158499698
47,9,3,4741.25,222445.17,0,2576,48624,7,2023-09-01,46.916988136040075,2.131424116783475,4.574801949654492,86.35293866459628
47,10,3,5091.51,240020.38,0,2791,55755,3,2023-10-01,47.14129600059707,2.12128236777227,4.304912205183392,85.99798638480831
47,11,3,20346.68,532246.94,1,5375,50336,3,2023-11-01,26.15890848040073,3.822789474374433,10.573882310870946,99.0226865116279
47,12,3,17322.29,513826.6,1,5286,37219,2,2023-12-01,29.662740896267177,3.3712326298404953,13.805491818694753,97.2051835035944
48,1,1,18579.22,500697.96,1,4617,54168,2,2021-01-01,26.94935309447867,3.710664209616512,9.24342711564023,108.44660168940871
48,2,1,3598.49,201040.35,0,2279,44889,7,2021-02-01,55.86797517847764,1.7899342097245652,4.478610572746107,88.21428258007899
48,3,1,5962.45,248552.55,0,3170,47033,8,2021-03-01,41.68631183490008,2.398868971571605,5.284641634596984,78.40774447949526
48,4,1,4818.81,214994.45,0,2583,50973,3,2021-04-01,44.615672749081206,2.2413648352317934,4.2178104094324445,83.23439798683701
48,5,1,4411.09,246074.85,0,3539,44861,2,2021-05-01,55.78549746207853,1.792580590824296,5.485273400057957,69.53231138739757
48,6,1,3838.39,223294.84,0,2590,32640,4,2021-06-01,58.174088615278805,1.7189783695852532,6.841140931372549,86.21422393822394
48,7,1,5756.71,243323.81,0,3132,42959,6,2021-07-01,42.2678595934136,2.3658638256568483,5.664093903489373,77.6895945083014
48,8,1,3954.42,216683.03,0,2733,47634,4,2021-08-01,54.795148213897356,1.8249790950403453,4.54891527060503,79.2839480424442
48,9,1,4266.41,232035.5,0,2923,31504,2,2021-09-01,54.38659200592536,1.8386884765477693,7.365271076688675,79.38265480670545
48,10,1,4260.83,215926.58,0,2062,41947,5,2021-10-01,50.677116899758964,1.9732772130230565,5.147604834672324,104.71706110572259
48,11,1,18695.09,510934.38,1,4982,59368,6,2021-11-01,27.329870035394322,3.65900020272662,8.606225239186093,102.55607788036933
48,12,1,17438.86,485120.79,1,4858,51875,3,2021-12-01,27.81837746274699,3.5947459600731606,9.351726072289157,99.86018731988472
48,1,2,20745.49,536100.74,1,5182,54806,4,2022-01-01,25.841796939961405,3.86969993736625,9.781789220158377,103.45440756464686
48,2,2,2584.46,187683.84,0,2046,20986,6,2022-02-01,72.62013728206279,1.3770285177455874,8.943287906223196,91.73208211143695
48,3,2,3671.65,210669.13,0,2773,50065,5,2022-03-01,57.37723639235766,1.742851456214776,4.207912313991811,75.97155787955283
48,4,2,3989.92,225724.64,0,2813,46846,6,2022-04-01,56.573725788988256,1.7676049898673003,4.81843999487683,80.24338428723783
48,5,2,6050.65,237463.41,0,2551,38042,3,2022-05-01,39.24593390792725,2.5480346635298465,6.2421379002155515,93.08640141121128
48,6,2,7619.46,258506.96,0,2522,52408,6,2022-06-01,33.927202190181454,2.947487371326482,4.932585864753473,102.50077716098335
48,7,2,5097.72,230186.3,0,3293,53288,8,2022-07-01,45.154755459303374,2.2146061690031074,4.319664840114097,69.90170057698147
48,8,2,4316.34,214720.88,0,2718,39990,2,2022-08-01,49.74605336928972,2.0102097197068116,5.369364341085271,78.99958793230317
48,9,2,2747.89,195335.74,0,2685,49257,8,2022-09-01,71.08572031631543,1.40675229223285,3.965644273910307,72.75074115456238
48,10,2,5543.02,228024.64,0,2192,46952,3,2022-10-01,41.13725730738839,2.430886416485517,4.856547963878003,104.0258394160584
48,11,2,17573.61,496148.75,1,4685,46974,5,2022-11-01,28.232602749235927,3.54200428802854,10.562199301741389,105.90154749199573
48,12,2,18321.8,520182.52,1,5327,52591,2,2022-12-01,28.39145280485542,3.5221867893600116,9.891093913407238,97.65018209123335
48,1,3,18735.78,486895.95,1,4802,50228,2,2023-01-01,25.987492914626454,3.848004897144862,9.693715656605878,101.39440857975843
48,2,3,4422.5,235341.51,0,2679,45728,5,2023-02-01,53.21458677218768,1.8791839994567894,5.146551565780266,87.84677491601344
48,3,3,4133.29,219880.76,0,2335,40491,8,2023-03-01,53.19751578040738,1.879787026386483,5.430361314860092,94.16734903640257
48,4,3,3920.25,218823.98,0,3391,39393,4,2023-04-01,55.81888399974492,1.7915084078079557,5.554895032112304,64.53081097021528
48,5,3,3404.04,210191.19,0,3322,53968,2,2023-05-01,61.74756759615046,1.619496992238352,3.8947374369997037,63.27248344370861
48,6,3,2508.51,199155.6,0,2868,49394,5,2023-06-01,79.39198966717294,1.2595729168549616,4.031979592663077,69.44058577405858
48,7,3,5644.04,241100.19,0,3447,43259,5,2023-07-01,42.71766146235675,2.340952116213596,5.573411082086965,69.94493472584857
48,8,3,3736.39,205353.69,0,2682,43970,2,2023-08-01,54.96045380701693,1.819490071008707,4.670313622924722,76.56737136465324
48,9,3,4219.84,231668.95,0,3402,37181,3,2023-09-01,54.89993696443467,1.821495716193301,6.230842365724429,68.09786890064669
48,10,3,5485.71,223889.02,0,3024,40211,3,2023-10-01,40.81313448942799,2.4501916172575147,5.56785506453458,74.03737433862433
48,11,3,19530.11,527489.7,1,5175,25251,2,2023-11-01,27.00904910417811,3.702462815861618,20.889853867173574,101.9303768115942
48,12,3,17886.43,491766.93,1,4480,35642,4,2023-12-01,27.4938559567225,3.637176253393046,13.797399977554571,109.76940401785714
49,1,1,18558.24,497267.39,1,4187,44894,7,2021-01-01,26.794964932019415,3.7320444439358877,11.076477703033813,118.76460234057798
49,2,1,2489.89,202948.02,0,2889,40666,8,2021-02-01,81.50882970733647,1.2268609469557772,4.990606895195003,70.24853582554516
49,3,1,6508.26,241318.64,0,2418,40373,7,2021-03-01,37.07882598421084,2.6969570191511107,5.977228345676567,99.80092638544252
49,4,1,4963.51,233460.85,0,3021,33444,6,2021-04-01,47.035434601723374,2.126056681452158,6.980649742853726,77.27932803707382
49,5,1,6084.1,251510.9,0,3291,40676,5,2021-05-01,41.33904768166203,2.419020408260636,6.183275149965581,76.42385293223944
49,6,1,4013.95,210057.78,0,2356,65413,3,2021-06-01,52.33193736842761,1.9108789971978186,3.2112543378227567,89.15865025466893
49,7,1,4721.09,227657.6,0,2938,47140,6,2021-07-01,48.221406497228394,2.073767798659039,4.8293932965634285,77.48727025187202
49,8,1,4980.03,226889.82,0,2353,62201,2,2021-08-01,45.55993036186529,2.1949111687778675,3.6476876577546986,96.42576285592861
49,9,1,2983.41,202503.89,0,2666,42161,5,2021-09-01,67.87665456641898,1.4732605877348823,4.803109271601717,75.95794823705927
49,10,1,3651.4,206665.62,0,2637,54372,8,2021-10-01,56.599008599441305,1.766815399677992,3.8009567424409623,78.37149032992036
49,11,1,19805.56,523948.01,1,4640,56540,4,2021-11-01,26.45459204385031,3.7800620714257507,9.266855500530598,112.91982974137932
49,12,1,17042.72,495328.7,1,4941,33985,8,2021-12-01,29.063946365368906,3.440688980872701,14.574921288803884,100.24867435741753
49,1,2,19415.28,512666.03,1,4495,48136,8,2022-01-01,26.40528645479231,3.787120437841376,10.65036625394715,114.05250945494996
49,2,2,5601.81,225854.99,0,2426,37195,3,2022-02-01,40.31821679064445,2.4802684235579653,6.072186853071649,93.09768755152514
49,3,2,5564.36,228496.93,0,1699,50190,5,2022-03-01,41.06436858866069,2.4352012081737815,4.552638573421,134.4890700412007
49,4,2,5243.88,246133.96,0,2806,52966,7,2022-04-01,46.93737461574254,2.1304983676368754,4.647018087074727,87.71702066999286
49,5,2,4670.19,228009.98,0,2375,44934,6,2022-05-01,48.82242050109311,2.048239291981868,5.074330796278987,96.00420210526316
49,6,2,7777.72,262875.18,0,2627,61554,3,2022-06-01,33.79848850305745,2.9587121918470967,4.270643337557266,100.06668443090977
49,7,2,3516.26,226624.47,0,3021,54533,8,2022-07-01,64.4504302867251,1.5515800213454443,4.155730841875561,75.01637537239324
49,8,2,4877.09,211798.72,0,2909,43187,6,2022-08-01,43.42727323055347,2.3027004129203426,4.904223956283141,72.80808525266414
49,9,2,5973.54,245309.89,0,2723,38975,8,2022-09-01,41.066083093107274,2.4350995387915257,6.294031815266196,90.08809768637532
49,10,2,5369.19,242709.48,0,2958,33021,2,2022-10-01,45.2041145871165,2.2121880035341013,7.350155355682747,82.05188640973631
49,11,2,18772.73,513298.6,1,5498,61945,3,2022-11-01,27.342778594269454,3.6572727843013797,8.286360481071918,93.36096762459076
49,12,2,18621.24,517917.73,1,5069,45107,8,2022-12-01,27.813278277923487,3.5954050076640556,11.481981288935199,102.17355099625172
49,1,3,18301.03,486845.6,1,4559,36671,2,2023-01-01,26.602087423494744,3.759103502219184,13.276038286384336,106.78780434305769
49,2,3,3929.7,224186.55,0,2780,43676,6,2023-02-01,57.049278570883274,1.7528705446423973,5.132946011539518,80.64264388489208
49,3,3,5040.99,225957.57,0,2776,53501,4,2023-03-01,44.82404646706302,2.2309453938631045,4.223427038746939,81.39681916426514
49,4,3,4520.34,228737.36,0,2797,50697,3,2023-04-01,50.601804289057895,1.9762141173615015,4.511851983352072,81.77953521630317
49,5,3,6043.46,237541.28,0,2474,51072,7,2023-05-01,39.305510419527884,2.544172532875128,4.6511058897243105,96.01506871463218
49,6,3,2943.93,211741.4,0,3408,35767,8,2023-06-01,71.92474005835737,1.3903421815478691,5.920021248637012,62.13069248826291
49,7,3,4673.75,212675.5,0,2246,33938,6,2023-07-01,45.50425247392351,2.1975968082830413,6.266589074194119,94.69078361531612
49,8,3,6784.88,243144.55,0,2645,40222,6,2023-08-01,35.83623439176522,2.7904717584663117,6.045063646760479,91.92610586011342
49,9,3,7473.89,246355.02,0,2271,51368,2,2023-09-01,32.96208801574548,3.033788392053063,4.795884986762187,108.47865257595772
49,10,3,4447.54,223911.08,0,3138,53657,3,2023-10-01,50.34492775781668,1.986297417707065,4.173007808859981,71.35471000637348
49,11,3,17637.86,481690.85,1,5296,49599,7,2023-11-01,27.310050652403408,3.6616556033812975,9.711704873082118,90.95371034743202
49,12,3,18663.52,499714.68,1,5238,42905,3,2023-12-01,26.774942776067963,3.734835246384997,11.647003379559491,95.4018098510882
50,1,1,18964.92,509326.82,1,4560,41176,5,2021-01-01,26.856259873492746,3.723526673894769,12.36950699436565,111.69447807017544
50,2,1,6235.26,254909.38,0,3707,44839,4,2021-02-01,40.88191671237446,2.446069265870091,5.684992528825353,68.76433234421366
50,3,1,4861.23,210431.1,0,2130,42181,4,2021-03-01,43.2876247369493,2.3101290636222496,4.988765083805505,98.79394366197184
50,4,1,4532.69,197615.28,0,2018,58888,7,2021-04-01,43.5977929220838,2.2936940908617998,3.3557818231218586,97.92630327056492
50,5,1,3903.35,219374.98,0,3159,39171,3,2021-05-01,56.20171903621249,1.779305005520684,5.600443695591126,69.44443811332701
50,6,1,5917.08,243153.04,0,2937,49745,6,2021-06-01,41.09341769927059,2.4334797541498965,4.887989546688109,82.789594824651
50,7,1,4848.11,220812.96,0,3011,50965,2,2021-07-01,45.54619429014606,2.1955731221573225,4.332639262238791,73.33542344735967
50,8,1,4410.4,237848.94,0,3039,45337,2,2021-08-01,53.929108470887,1.8542861700371671,5.246243465602047,78.2655281342547
50,9,1,5544.06,223472.39,0,2228,58152,8,2021-09-01,40.3084364166333,2.4808702318886016,3.8429011899848673,100.30179084380612
50,10,1,5279.35,227156.05,0,2133,43883,3,2021-10-01,43.02727608512411,2.324107150128733,5.176402023562655,106.49603844350679
50,11,1,21011.6,526958.95,1,4920,27459,4,2021-11-01,25.079429933941253,3.9873314610179786,19.190755307913616,107.10547764227641
50,12,1,18531.59,522640.78,1,5570,37527,8,2021-12-01,28.20269496573149,3.545760436068536,13.927059983478562,93.8313788150808
50,1,2,19707.76,513430.28,1,4671,57737,8,2022-01-01,26.052188579524007,3.838449107442591,8.892569409564059,109.9187069150075
50,2,2,4995.06,248912.38,0,3063,57630,4,2022-02-01,49.831709729212456,2.006754344641275,4.319145930938747,81.26424420502775
50,3,2,3739.94,212579.78,0,2555,51112,3,2022-03-01,56.84042524746386,1.7593112571666034,4.159097276569103,83.2014794520548
50,4,2,5193.08,233923.31,0,2802,38174,5,2022-04-01,45.045196684819025,2.2199925266105374,6.12781762456122,83.48440756602427
50,5,2,4447.78,224352.04,0,2770,44451,8,2022-05-01,50.44135276475006,1.9825003597025457,5.047176441474883,80.99351624548737
50,6,2,3633.88,204684.67,0,2542,66254,5,2022-06-01,56.326755423954566,1.7753552330030384,3.0893933951157666,80.52111329661685
50,7,2,5737.57,237583.95,0,2597,61323,2,2022-07-01,41.40846211898069,2.4149653206792796,3.874304094711609,91.48400077011938
50,8,2,6556.8,247867.89,0,2933,54890,2,2022-08-01,37.80317990483162,2.6452801127245644,4.515720349790491,84.51002045687011
50,9,2,3648.95,214082.37,0,2877,30087,7,2022-09-01,58.669581660477675,1.7044607643310377,7.115444211785821,74.41166840458811
50,10,2,2928.88,194582.81,0,2125,48238,3,2022-10-01,66.43591065526753,1.5052100439910392,4.033807579087027,91.56838117647058
50,11,2,19469.54,518990.12,1,4509,38202,2,2022-11-01,26.656516794952523,3.751427869185641,13.585417517407466,115.10093590596584
50,12,2,20575.11,531391.23,1,5623,38817,8,2022-12-01,25.82689618670325,3.8719325495831014,13.68965221423603,94.50315312110972
50,1,3,19558.42,532624.7,1,5298,41053,8,2023-01-01,27.232501398374716,3.6720828005160104,12.974074976250211,100.53316345790864
50,2,3,5092.71,242315.44,0,3166,46718,4,2023-02-01,47.580843990724,2.101686132753241,5.1867682691896055,76.53677826910929
50,3,3,5997.94,231535.62,0,2921,49330,5,2023-03-01,38.60252353307969,2.5905042170185304,4.693606730184472,79.26587470044505
50,4,3,5010.62,242708.91,0,2747,33929,6,2023-04-01,48.43889778111292,2.0644565541495776,7.153435409236936,88.35417182380779
50,5,3,2439.09,192072.23,0,2610,46018,6,2023-05-01,78.7474959923578,1.2698816481695454,4.173850015211439,73.59089272030651
50,6,3,3264.31,220988.58,0,2945,21824,6,2023-06-01,67.69840486963554,1.4771396784394923,10.125942998533723,75.03856706281833
50,7,3,5218.01,244677.22,0,3201,47994,7,2023-07-01,46.89090668664874,2.1326096479271754,5.09807934325124,76.43774445485786
50,8,3,4159.68,228137.97,0,2673,45926,2,2023-08-01,54.845077025155774,1.8233177055095213,4.967512302399513,85.34903479236813
50,9,3,3976.25,239274.8,0,3408,56039,5,2023-09-01,60.17599497013517,1.6617922154777687,4.269790681489677,70.20974178403756
50,10,3,4192.2,228017.73,0,3017,47628,7,2023-10-01,54.39094747388007,1.8385412397535927,4.787472285210381,75.57763672522374
50,11,3,20958.69,534342.53,1,4565,50072,8,2023-11-01,25.495034756466175,3.9223323660948344,10.671483663524524,117.05203285870756
50,12,3,21499.18,526087.24,1,4447,46578,3,2023-12-01,24.470107231996753,4.086618789689711,11.294758040276525,118.30160557679334
51,1,1,22102.35,543933.22,1,4976,56308,7,2021-01-01,24.609746022481772,4.063430801303145,9.659963415500462,109.3113384244373
51,2,1,3660.81,205627.52,0,2404,54793,4,2021-02-01,56.16995145883015,1.7803113124157701,3.7528063803770553,85.53557404326122
51,3,1,5614.22,234065.17,0,2773,53287,6,2021-03-01,41.691485192956456,2.3985713038808805,4.392537954848275,84.40864406779662
51,4,1,6373.66,256429.28,0,3286,77206,3,2021-04-01,40.232657531151645,2.4855429925942936,3.3213646607776597,78.03690809494826
51,5,1,4156.48,210789.13,0,2280,39900,8,2021-05-01,50.71337525983525,1.9718663860892636,5.282935588972431,92.45137280701755
51,6,1,4908.94,232439.05,0,3511,54977,6,2021-06-01,47.350150949084735,2.1119256854646413,4.227932589992179,66.20309028766732
51,7,1,5747.06,257182.17,0,3334,44607,7,2021-07-01,44.75021489248416,2.234626140684636,5.765511466810143,77.13922315536892
51,8,1,4635.52,214424.27,0,1829,38403,2,2021-08-01,46.25678888236918,2.1618448322104586,5.583529151368382,117.23579551667578
51,9,1,4204.85,221468.68,0,2593,38342,8,2021-09-01,52.66981699703913,1.8986206085664123,5.776137916644933,85.41021210952565
51,10,1,5589.94,231489.48,0,2355,34181,3,2021-10-01,41.4118004844417,2.4147706409811796,6.7724607237939205,98.29701910828025
51,11,1,20447.64,524812.04,1,5368,40739,7,2021-11-01,25.66614240078562,3.896183479327189,12.882300498294018,97.76677347242922
51,12,1,20143.39,530218.19,1,5500,55564,8,2021-12-01,26.322192540580307,3.799075622056648,9.542476963501548,96.40330727272726
51,1,2,17712.35,496820.04,1,4673,43319,8,2022-01-01,28.04935765158209,3.5651440308245212,11.468871395923266,106.31714958270918
51,2,2,5543.41,245217.3,0,3059,36603,2,2022-02-01,44.23582235483213,2.2606113027098824,6.699377100237685,80.16256946714613
51,3,2,5563.55,255856.07,0,3403,49553,3,2022-03-01,45.987915988891984,2.1744842715672137,5.163281133331988,75.18544519541581
51,4,2,4833.74,217184.89,0,2285,44026,5,2022-04-01,44.93102442415191,2.225633652506857,4.9331052105573985,95.04809190371992
51,5,2,4789.17,225170.17,0,2977,50075,6,2022-05-01,47.01653313622194,2.126911393280913,4.496658412381428,75.63660396372187
51,6,2,3733.6,221537.74,0,3238,47797,8,2022-06-01,59.33622776944504,1.6853110445199992,4.634971650940435,68.41807906114886
51,7,2,4216.28,221108.16,0,2102,45282,7,2022-07-01,52.44152665382755,1.906885752203808,4.882915065588976,105.18941960038059
51,8,2,7637.07,262328.98,0,2337,50651,3,2022-08-01,34.349427201793354,2.9112566976016145,5.179147104696846,112.25031236628155
51,9,2,4224.68,215366.13,0,2787,35927,4,2022-09-01,50.978093015328966,1.961626928059672,5.994548111448214,77.27525296017222
51,10,2,4725.08,225798.7,0,2512,42389,2,2022-10-01,47.78727555935561,2.09260726478939,5.32682299653212,89.88801751592356
51,11,2,18556.26,513438.48,1,4504,39542,4,2022-11-01,27.669286806716443,3.614115560641267,12.984636083152092,113.99611012433392
51,12,2,19143.64,520744.96,1,5092,32091,4,2022-12-01,27.201982486089378,3.6762026463011757,16.227134087438845,102.2672741555381
51,1,3,17421.98,498431.93,1,4949,35292,4,2023-01-01,28.60937333184862,3.4953579318243118,14.123085401790775,100.71366538694686
51,2,3,7044.35,260865.31,0,2880,49806,6,2023-02-01,37.03184963836266,2.700378214335973,5.237628197405935,90.57823263888889
51,3,3,5273.21,219301.85,0,2576,53847,6,2023-03-01,41.58792272638488,2.4045442389108893,4.0726846435270305,85.13270574534161
51,4,3,5349.92,213527.96,0,2386,45411,5,2023-04-01,39.912365044710945,2.5054892108743045,4.702119750721191,89.49202011735122
51,5,3,4346.52,217133.29,0,2998,38444,8,2023-05-01,49.955663381279734,2.0017750387331215,5.648041046717303,72.42604736490995
51,6,3,6276.13,246257.85,0,2830,37670,7,2023-06-01,39.237213059640254,2.548600988760358,6.537240509689408,87.01690812720848
51,7,3,3447.7,213941.16,0,2739,49734,4,2023-07-01,62.05329930098327,1.6115178584616443,4.301708288092653,78.10922234392115
51,8,3,5728.09,235417.56,0,2360,36199,2,2023-08-01,41.09878860143608,2.433161740356157,6.503427166496312,99.7532033898305
51,9,3,6932.5,251802.12,0,2298,40046,6,2023-09-01,36.32197908402452,2.7531539448516162,6.287822004694601,109.57446475195822
51,10,3,3364.76,202353.91,0,2631,49609,8,2023-10-01,60.13918080338568,1.6628094806767018,4.078975790683142,76.91140630938807
51,11,3,19269.96,517604.17,1,5041,48617,5,2023-11-01,26.860676929272298,3.7229143652378225,10.646567455828208,102.67886728823646
51,12,3,18341.08,505760.49,1,4934,42630,8,2023-12-01,27.575284007266745,3.626435904473282,11.863957072484165,102.5051661937576
52,1,1,17733.01,503939.13,1,5164,46586,6,2021-01-01,28.41813826304728,3.5188793535441474,10.81739428154381,97.58697327652982
52,2,1,4430.38,235943.26,0,3388,46219,4,2021-02-01,53.255761356813636,1.8777311121326374,5.104897552954413,69.64086776859504
52,3,1,4306.07,212548.49,0,2345,55471,8,2021-03-01,49.36020315508109,2.025923590424002,3.831704674514611,90.63901492537313
52,4,1,4867.17,226250.99,0,2589,55493,3,2021-04-01,46.48512174425795,2.1512259460168552,4.077108644333519,87.38933565083043
52,5,1,5110.78,223418.76,0,3029,39073,5,2021-05-01,43.71519807152725,2.2875339564144026,5.717983262099148,73.75990756025091
52,6,1,5048.62,233086.47,0,2901,44633,6,2021-06-01,46.16835293604985,2.165985867819784,5.222290009634127,80.34693898655637
52,7,1,4703.38,234027.48,0,2903,55698,4,2021-07-01,49.757297943181285,2.0097554355582514,4.201721426263061,80.61573544609026
52,8,1,8277.79,278102.6,0,2992,48675,5,2021-08-01,33.59623764313904,2.9765237721617854,5.71345865434001,92.94872994652405
52,9,1,4473.68,237915.83,0,3252,42543,7,2021-09-01,53.18123558233937,1.8803624794533431,5.5923613755494435,73.15984932349323
52,10,1,4707.31,226813.26,0,2962,48226,7,2021-10-01,48.183200171647925,2.075412169464872,4.703132335254842,76.57436191762324
52,11,1,17808.41,503503.66,1,4928,50795,4,2021-11-01,28.27336410156774,3.5368978251319962,9.912465006398268,102.17200892857143
52,12,1,18744.66,517764.24,1,4739,48751,7,2021-12-01,27.621959534075305,3.6203079610132987,10.62058706488072,109.25601181683899
52,1,2,17879.81,495950.86,1,4832,46428,3,2022-01-01,27.73803860331849,3.6051575754904435,10.682149995692255,102.6388369205298
52,2,2,4290.11,228851.47,0,2693,40889,8,2022-02-01,53.343963208402585,1.8746263679232644,5.596895742131135,84.98012253991831
52,3,2,3314.24,210004.28,0,2560,49531,4,2022-03-01,63.36423433426668,1.5781773590519201,4.239855444065332,82.032921875
52,4,2,4391.85,212981.14,0,2234,50024,5,2022-04-01,48.494629825699874,2.062083994855131,4.257579162002239,95.33623097582812
52,5,2,3951.22,203633.32,0,2282,45979,2,2022-05-01,51.536821538664014,1.9403602514559009,4.428833162965702,89.23458369851008
52,6,2,2055.7,214449.71,0,2981,48836,5,2022-06-01,104.31955538259474,0.9585930426299014,4.391221844540913,71.93884937940288
52,7,2,2785.08,213016.69,0,3011,50575,4,2022-07-01,76.48494477716977,1.3074468484136148,4.2118969846762235,70.74616074393889
52,8,2,4724.46,224911.82,0,2573,49351,2,2022-08-01,47.60582585099673,2.1005832419123194,4.55739133958785,87.41228915662651
52,9,2,7732.98,275519.39,0,2490,51915,2,2022-09-01,35.629135210488066,2.8066917540721903,5.307124915727632,110.65035742971888
52,10,2,5002.6,251517.6,0,3453,55203,7,2022-10-01,50.277375764602404,1.9889661797027325,4.55623063963915,72.84031277150304
52,11,2,20006.01,524119.4,1,4961,32571,8,2022-11-01,26.198097471709755,3.8170710719732943,16.091596819256395,105.64793388429753
52,12,2,16620.83,483172.55,1,4509,40310,8,2022-12-01,29.07030214495906,3.439936726537963,11.986419002728852,107.15736305167442
52,1,3,17233.84,482156.87,1,4358,47294,3,2023-01-01,27.977332387906582,3.5743221910329726,10.194884551951622,110.63718907755852
52,2,3,3512.97,204085.17,0,2666,51705,7,2023-02-01,58.09476596725848,1.7213254642657276,3.947107049608355,76.5510765191298
52,3,3,7050.82,238543.62,0,1844,27525,8,2023-03-01,33.832039393999565,2.9557780669212614,8.666434877384196,129.36204989154012
52,4,3,5900.53,231151.24,0,2470,42612,8,2023-04-01,39.17465719181158,2.552670710310704,5.42455740167089,93.5834979757085
52,5,3,4266.51,225654.67,0,2895,44897,7,2023-05-01,52.88975532695341,1.8907253282194427,5.026052297480901,77.94634542314336
52,6,3,4406.37,217257.32,0,2409,48613,8,2023-06-01,49.30528303342661,2.0281802242612583,4.469119782774155,90.18568700705687
52,7,3,2722.64,209262.78,0,3353,43654,5,2023-07-01,76.8602459377663,1.3010627116776332,4.793667934209924,62.410611392782585
52,8,3,2855.78,204097.65,0,2811,60386,6,2023-08-01,71.46826786377102,1.3992223820313465,3.379883582287285,72.60677694770544
52,9,3,5172.47,244421.67,0,3382,38719,8,2023-09-01,47.254342702809296,2.116207617761551,6.312706164931946,72.27133944411591
52,10,3,6565.07,257568.74,0,3426,48587,6,2023-10-01,39.23320543421472,2.5488613253300847,5.301186325560335,75.18060128429656
52,11,3,19444.09,509896.1,1,4703,43194,6,2023-11-01,26.22370602069832,3.8133435419490365,11.804790017132008,108.41932808845418
52,12,3,17607.32,497609.87,1,4731,48989,4,2023-12-01,28.261533839335005,3.538378368580189,10.15758374328931,105.18069541323187
53,1,1,19261.68,517739.43,1,4808,54272,2,2021-01-01,26.879245735574465,3.720342489657394,9.539715322818395,107.68290973377704
53,2,1,5150.96,220182.3,0,2871,50951,7,2021-02-01,42.74587649680836,2.339406936888206,4.321451983278052,76.69184952978055
53,3,1,5714.26,240038.7,0,3203,44298,7,2021-03-01,42.006961531326894,2.380557801721139,5.418725450358933,74.94183577895723
53,4,1,4640.94,226994.73,0,2434,50242,5,2021-04-01,48.911369248471225,2.0445144255111116,4.518027347637435,93.25995480690223
53,5,1,5409.31,231023.63,0,2728,53187,7,2021-05-01,42.70852104981966,2.3414531232151448,4.343610844755298,84.68608137829912
53,6,1,5025.78,236614.77,0,2892,54542,2,2021-06-01,47.08020844525626,2.124034776020111,4.338212203439551,81.81700207468879
53,7,1,6362.0,247703.18,0,2818,45996,5,2021-07-01,38.93479723357434,2.568396578517886,5.385320027828507,87.90034776437189
53,8,1,4580.13,229366.79,0,2885,39385,2,2021-08-01,50.07866370605201,1.996858394364764,5.823709280182811,79.50322010398614
53,9,1,6192.24,250116.68,0,3140,50993,3,2021-09-01,40.39195509217989,2.4757405223833935,4.904921852018904,79.65499363057324
53,10,1,6869.75,247837.03,0,2405,55691,4,2021-10-01,36.076571927653845,2.77188199035471,4.450216911170566,103.05074012474013
53,11,1,19896.46,518230.04,1,5283,51139,8,2021-11-01,26.046343922486713,3.8393104344163453,10.133753886466298,98.09389362104864
53,12,1,18459.07,512725.85,1,5803,53525,8,2021-12-01,27.77636413968851,3.600183216820451,9.579184493227464,88.35530759951749
53,1,2,19747.55,521057.04,1,5201,42773,4,2022-01-01,26.385908125311747,3.7899017735179243,12.18191475931078,100.18401076716016
53,2,2,4321.65,215382.62,0,2353,48086,3,2022-02-01,49.83805259565213,2.0064989459223774,4.479112839495903,91.53532511687207
53,3,2,5586.76,221450.24,0,2262,42982,2,2022-03-01,39.63840222239724,2.522806026310922,5.152162300497882,97.90019451812555
53,4,2,5575.76,232126.51,0,2332,45126,2,2022-04-01,41.63136684505789,2.4020349937626686,5.143963790276116,99.53966981132076
53,5,2,5193.81,215970.58,0,2595,47382,6,2022-05-01,41.58230277965501,2.4048692187611853,4.5580722637288416,83.2256570327553
53,6,2,3682.15,216281.61,0,2881,61351,6,2022-06-01,58.737859674375024,1.7024794664696645,3.5253151537872243,75.07171468240193
53,7,2,6283.31,244839.94,0,2709,45767,3,2022-07-01,38.96671340424076,2.5662929013950913,5.349704809141958,90.3801919527501
53,8,2,4461.0,227758.49,0,3310,44058,2,2022-08-01,51.05547859224389,1.9586536598482016,5.169514957555949,68.80921148036253
53,9,2,5494.0,228736.01,0,2073,47206,5,2022-09-01,41.63378412813979,2.4018955301353726,4.84548595517519,110.34057404727449
53,10,2,6042.47,255991.19,0,2634,43045,4,2022-10-01,42.36532245919301,2.3604210754284165,5.947059821117436,97.18723993925589
53,11,2,19280.48,521047.73,1,5595,51441,6,2022-11-01,27.024624386944723,3.7003289506702197,10.129035788573317,93.12738695263629
53,12,2,18779.46,497577.58,1,4420,35985,2,2022-12-01,26.495840668475026,3.7741772850778363,13.827360844796443,112.57411312217195
53,1,3,17486.6,481293.78,1,4412,44701,6,2023-01-01,27.523576910319907,3.6332486989547212,10.766957786179281,109.08743880326384
53,2,3,5913.32,223814.68,0,2671,40066,2,2023-02-01,37.84924205015118,2.6420608335431797,5.586149852742974,83.79433919880195
53,3,3,5385.58,216405.15,0,2005,45026,6,2023-03-01,40.182329479833186,2.488656115623866,4.806226402522986,107.93274314214463
53,4,3,4368.93,228611.69,0,2432,44941,5,2023-04-01,52.32670013023784,1.9110702519193137,5.086929307314034,94.00151726973684
53,5,3,4657.77,228402.47,0,2670,44574,7,2023-05-01,49.036871721875485,2.0392817993605763,5.12411876878898,85.54399625468164
53,6,3,5364.4,240967.58,0,3058,50851,5,2023-06-01,44.91976362687346,2.226191589756597,4.73869894397357,78.79907782864618
53,7,3,7242.22,267712.04,0,2840,40392,6,2023-07-01,36.96546639014004,2.7052276020159574,6.627848088730441,94.2648028169014
53,8,3,3993.91,218420.81,0,2921,51846,3,2023-08-01,54.68846568901152,1.8285391396543214,4.212876788951896,74.77603902773023
53,9,3,4557.63,249364.61,0,3179,56897,5,2023-09-01,54.713658195158445,1.8276972021009716,4.3827374026750086,78.44121107266436
53,10,3,5439.95,238332.83,0,2838,59586,4,2023-10-01,43.81158466530023,2.2825013238839147,3.9998125398583557,83.97915081042987
53,11,3,17808.8,493671.96,1,4877,52540,8,2023-11-01,27.720675171825167,3.6074157422268827,9.396116482679863,101.22451507074021
53,12,3,18287.2,519110.71,1,5366,43963,6,2023-12-01,28.386560545080712,3.5227938179121754,11.807900052316722,96.74072120760343
54,1,1,17377.87,494308.6,1,5441,41402,6,2021-01-01,28.444717333021828,3.515591272334732,11.93924448094295,90.84885131409666
54,2,1,3744.77,210491.43,0,2849,45251,2,2021-02-01,56.2094414343204,1.7790605536766986,4.651641510684847,73.88256581256582
54,3,1,3758.91,192917.36,0,2373,48640,4,2021-03-01,51.32268662990069,1.9484560642961317,3.9662286184210522,81.29682258744205
54,4,1,4649.64,242317.81,0,2967,30578,8,2021-04-01,52.11539172925215,1.918818926268771,7.924580090260972,81.67098415908325
54,5,1,3424.27,213988.21,0,3469,30552,2,2021-05-01,62.49162887272323,1.6002143295651663,7.004065527625032,61.68584894782358
54,6,1,5816.11,233644.2,0,2754,54826,6,2021-06-01,40.17190183817019,2.4893021097891577,4.261558384707985,84.83812636165578
54,7,1,3552.33,218730.53,0,3082,27050,5,2021-07-01,61.57382056284185,1.6240668369431555,8.086156377079483,70.97032121998703
54,8,1,4667.7,225115.62,0,2718,43868,5,2021-08-01,48.22838228677936,2.0734678473221893,5.131659068113431,82.82399558498896
54,9,1,5405.98,245768.72,0,3016,46194,3,2021-09-01,45.46238054894765,2.1996208467863605,5.320360219941984,81.48830238726791
54,10,1,6284.77,232981.13,0,2577,44524,5,2021-10-01,37.07074881021899,2.6975446466415542,5.23270887611176,90.40788901823827
54,11,1,17545.49,526027.32,1,5721,34286,6,2021-11-01,29.980771126939167,3.3354712451056727,15.342335647202939,91.94674357629783
54,12,1,18374.96,502628.36,1,4798,40993,8,2021-12-01,27.353983899828897,3.6557746164581717,12.261321689068865,104.75789078782826
54,1,2,18947.31,510134.19,1,4868,43936,7,2022-01-01,26.923831931815123,3.714181556817433,11.610847368900219,104.79338331963845
54,2,2,4884.19,243010.12,0,3215,55472,7,2022-02-01,49.75443625247994,2.0098710292394406,4.380770839342371,75.58635147744945
54,3,2,3601.12,204190.77,0,2359,51138,5,2022-03-01,56.7020177056027,1.7636056713043395,3.9929361727091397,86.55818991097922
54,4,2,6724.75,255187.09,0,3360,46448,2,2022-04-01,37.94744637347113,2.6352234354802198,5.494038279366173,75.94853869047618
54,5,2,5055.66,243901.85,0,3219,39782,4,2022-05-01,48.243325302730014,2.072825605873838,6.130959981901363,75.76944703324014
54,6,2,5838.09,256110.31,0,2900,39086,2,2022-06-01,43.86885265557742,2.279521663926767,6.552481962851148,88.3139
54,7,2,4208.94,215646.5,0,2566,30318,3,2022-07-01,51.23534666685674,1.951777561889481,7.112820766541328,84.03994544037413
54,8,2,4504.34,227647.1,0,3022,41348,4,2022-08-01,50.53950190260948,1.978650288099431,5.505637515720228,75.32994705493051
54,9,2,3469.75,223716.79,0,3387,45240,4,2022-09-01,64.47634267598531,1.5509564570455352,4.945110300618921,66.05160614112785
54,10,2,5412.66,232691.95,0,2348,32501,3,2022-10-01,42.99031345031833,2.3261053938479606,7.1595320143995576,99.1021933560477
54,11,2,19669.88,523212.6,1,4852,47349,5,2022-11-01,26.599684390550422,3.7594431020965478,11.050129886586834,107.83441879637263
54,12,2,19483.01,496738.41,1,3957,43076,4,2022-12-01,25.49597880409649,3.9221871326600253,11.531674482310335,125.5340940106141
54,1,3,17462.74,506868.22,1,5014,51005,6,2023-01-01,29.02569814359029,3.4452229023157153,9.93761827271836,101.09059034702831
54,2,3,4643.36,211417.78,0,3250,44051,3,2023-02-01,45.531205850935535,2.196295883912885,4.799386620054028,65.05162461538461
54,3,3,4866.9,232011.7,0,2669,34173,7,2023-03-01,47.671351373564285,2.0976959351618905,6.789327831914084,86.9283252154365
54,4,3,7632.28,273890.97,0,3358,44789,7,2023-04-01,35.88586503639803,2.7866124976664985,6.115139208287749,81.56371947587849
54,5,3,5520.61,219619.35,0,2275,40503,5,2023-05-01,39.78171796232663,2.513717484365562,5.422298348270498,96.53597802197802
54,6,3,4336.48,226769.02,0,2680,43711,4,2023-06-01,52.293339298232674,1.9122894300112068,5.1879165427466765,84.61530597014925
54,7,3,6529.67,242452.1,0,3056,54332,8,2023-07-01,37.13083509580117,2.6931793950227694,4.462418096149599,79.33642015706806
54,8,3,4716.83,226613.03,0,2244,35289,4,2023-08-01,48.04350167379363,2.0814469494538774,6.421633653546431,100.98619875222816
54,9,3,5511.11,228374.36,0,2559,41186,8,2023-09-01,41.43890432235974,2.4131912181384987,5.544951197008692,89.24359515435717
54,10,3,3998.65,223951.55,0,2586,34236,3,2023-10-01,56.006789791554645,1.7854978007519933,6.541405245939946,86.60152745552978
54,11,3,18079.36,513960.01,1,5036,39081,6,2023-11-01,28.427998004354137,3.51765889334464,13.151147872367646,102.05719023034155
54,12,3,17110.7,518742.41,1,5561,45448,5,2023-12-01,30.316843261818626,3.29849645414571,11.4139766326351,93.28221722711741
55,1,1,19690.92,534550.59,1,5154,42408,5,2021-01-01,27.147060167833704,3.6836401209472056,12.604946943972834,103.71567520372525
55,2,1,3527.9,213295.42,0,2535,47547,8,2021-02-01,60.45959919498852,1.6539970712920138,4.485991124571477,84.14020512820514
55,3,1,4643.77,218999.43,0,2790,47248,3,2021-03-01,47.15983565077512,2.120448441349825,4.635104766339316,78.49441935483871
55,4,1,4470.34,234160.38,0,3116,56917,7,2021-04-01,52.38088825458466,1.9090932462613872,4.114067501800868,75.14774711168164
55,5,1,3339.36,207320.5,0,2972,45064,5,2021-05-01,62.08390230463322,1.6107234933351984,4.60057917628262,69.7579071332436
55,6,1,5566.52,221550.6,0,1944,56264,4,2021-06-01,39.80055761948219,2.5125276122023594,3.93769728423148,113.96635802469136
55,7,1,6972.77,232698.06,0,1923,30409,8,2021-07-01,33.37239863067332,2.9964882388791727,7.652275970929659,121.00783151326053
55,8,1,4889.49,245001.32,0,3145,41160,4,2021-08-01,50.107745388578365,1.9956994517417292,5.952413022351798,77.90185055643879
55,9,1,4844.25,234758.63,0,2661,39479,5,2021-09-01,48.46129535015741,2.0635024152253743,5.946417842397224,88.22195791055994
55,10,1,5453.41,234369.25,0,2525,56253,8,2021-10-01,42.97664213767166,2.326845351939301,4.166342239525003,92.81950495049504
55,11,1,18288.01,513068.51,1,5052,40956,4,2021-11-01,28.054911934103277,3.5644382072873655,12.527310040042973,101.55750395882819
55,12,1,16645.23,469453.03,1,4918,33027,6,2021-12-01,28.203457086504663,3.545664621655546,14.214219577921096,95.45608580723872
55,1,2,18879.63,515483.88,1,5247,35787,2,2022-01-01,27.30370669340448,3.662506381382867,14.404221644731328,98.24354488279016
55,2,2,1673.64,191044.73,0,2975,46266,2,2022-02-01,114.14923758992376,0.8760461489830156,4.12926836121558,64.21671596638656
55,3,2,3526.66,212982.11,0,2970,58122,4,2022-03-01,60.3920168091055,1.6558479958715782,3.664397474278242,71.71114814814814
55,4,2,6358.61,238221.99,0,2173,57159,5,2022-04-01,37.46447572661321,2.6691952325643826,4.167707447646039,109.62815922687528
55,5,2,6510.55,253368.08,0,2866,56045,7,2022-05-01,38.916540077259214,2.5696015062355135,4.520797216522437,88.40477320307048
55,6,2,6001.97,238378.54,0,2660,51136,2,2022-06-01,39.716716344800126,2.5178315128534643,4.661657931789738,89.61599248120301
55,7,2,4182.05,215939.53,0,2659,54066,3,2022-07-01,51.634851328893724,1.9366764390012332,3.9939986313024822,81.21080481383979
55,8,2,4351.0,240200.17,0,2940,48892,7,2022-08-01,55.205738910595265,1.8114058786885954,4.912872658103575,81.7007380952381
55,9,2,4446.15,226070.3,0,2968,49251,7,2022-09-01,50.84630523036785,1.9667112398223032,4.590166697122901,76.1692385444744
55,10,2,3085.71,204375.28,0,2298,43621,7,2022-10-01,66.23282161965966,1.5098254544287353,4.685249765021434,88.93615317667538
55,11,2,19769.42,516152.67,1,5167,42783,2,2022-11-01,26.108640010683168,3.830149711324752,12.06443377042283,99.89407199535513
55,12,2,16873.19,494415.8,1,5081,50596,8,2022-12-01,29.30185696954755,3.4127529904990896,9.771835718238595,97.30679000196811
55,1,3,20598.68,510867.14,1,4330,44059,6,2023-01-01,24.800964916198513,4.032101183881195,11.595068884904332,117.98317321016167
55,2,3,4424.88,199563.68,0,2139,46066,4,2023-02-01,45.10035978376814,2.2172772119656243,4.332125211652846,93.29765310892941
55,3,3,3891.1,227290.96,0,3010,29068,4,2023-03-01,58.4130348744571,1.7119466607910847,7.819284436493739,75.51194684385382
55,4,3,4892.51,219015.67,0,3318,53822,6,2023-04-01,44.76550277873729,2.233862992542954,4.069259224852291,66.00833936106089
55,5,3,5690.82,231981.8,0,2956,56764,8,2023-05-01,40.76421324167695,2.4531320991560546,4.086776830385455,78.47828146143436
55,6,3,3509.32,199531.16,0,2589,60470,7,2023-06-01,56.85749945858457,1.7587829389655232,3.299671903423185,77.06881421398224
55,7,3,6664.57,260849.23,0,3177,41550,2,2023-07-01,39.139693933742166,2.554950996021725,6.277959807460891,82.10551778407303
55,8,3,7173.55,253532.96,0,2647,35833,4,2023-08-01,35.342746617783384,2.829434878999559,7.0754042363184775,95.78124669437098
55,9,3,4427.45,245143.93,0,3358,52149,7,2023-09-01,55.36910185321122,1.806061443169325,4.700836641162822,73.00295711733175
55,10,3,5259.42,243073.28,0,3385,29984,2,2023-10-01,46.21674633324587,2.1637178714172123,8.106766275346851,71.80894534711965
55,11,3,18382.11,491745.57,1,4586,47093,6,2023-11-01,26.751312553346704,3.73813433642117,10.442009852844372,107.22755560401221
55,12,3,17669.88,506023.99,1,4800,44428,7,2023-12-01,28.637658546634157,3.491905591274438,11.389753983974071,105.42166458333332
56,1,1,18528.57,524956.19,1,5197,59356,2,2021-01-01,28.332256078045955,3.529545960778175,8.844197553743513,101.01138926303635
56,2,1,5735.52,225148.4,0,2568,43573,4,2021-02-01,39.25509805562529,2.547439821913014,5.16715397149611,87.6746105919003
56,3,1,6061.37,258648.31,0,3084,49666,4,2021-03-01,42.67159239577851,2.343479452852408,5.207753996697942,83.86780479896238
56,4,1,7293.94,244903.75,0,2755,38098,3,2021-04-01,33.576331859050114,2.97828840922199,6.4282573888393095,88.8942831215971
56,5,1,5217.88,230731.0,0,2229,49521,4,2021-05-01,44.21929979225279,2.2614559812075536,4.659255669312009,103.51323463436519
56,6,1,2571.32,193117.16,0,2001,41003,7,2021-06-01,75.10428884775135,1.3314818838470905,4.709830012438115,96.51032483758121
56,7,1,5969.73,229623.01,0,2181,34777,3,2021-07-01,38.464555348399344,2.599796074443933,6.602726227104121,105.2833608436497
56,8,1,4727.53,222476.69,0,3028,49302,8,2021-08-01,47.05981559080535,2.1249552031720715,4.512528700661231,73.47314729194187
56,9,1,5372.56,229572.72,0,3025,49904,2,2021-09-01,42.73060142650803,2.34024321356649,4.600286950945816,75.89180826446281
56,10,1,4320.48,224856.61,0,3076,44988,6,2021-10-01,52.044358497204016,1.9214378443222107,4.998146394594114,73.10032834850455
56,11,1,17850.02,491584.02,1,4723,52110,6,2021-11-01,27.539690151607672,3.6311229156716687,9.433583189407024,104.08300232902816
56,12,1,17099.67,512616.83,1,5645,53434,3,2021-12-01,29.97817092376637,3.3357605523798344,9.593457910693566,90.80900442869796
56,1,2,18625.47,527187.08,1,5539,35607,4,2022-01-01,28.304632312634254,3.5329906036392247,14.80571460667846,95.17730276223145
56,2,2,6863.03,246380.96,0,3436,38033,4,2022-02-01,35.899735248133844,2.7855358628361544,6.4780837693581885,71.70575087310826
56,3,2,6391.2,252064.22,0,2652,41662,2,2022-03-01,39.43926336212292,2.535544314857539,6.050218904517306,95.04684012066365
56,4,2,5648.85,215078.33,0,2259,51900,4,2022-04-01,38.074710781840544,2.626415222770235,4.144091136801541,95.20953076582558
56,5,2,3523.84,196134.72,0,1973,53303,3,2022-05-01,55.65937159462405,1.7966426342057134,3.6796187831829354,99.40938672072986
56,6,2,3024.36,224386.73,0,2945,44337,3,2022-06-01,74.1931284635427,1.3478337154786293,5.060936238356226,76.19243803056027
56,7,2,5277.7,231913.49,0,3201,42316,4,2022-07-01,43.94215093696118,2.275719277908327,5.4805154078835425,72.45032489846922
56,8,2,4602.44,218602.7,0,2929,34354,2,2022-08-01,47.497131956092865,2.105390281089849,6.363238633055831,74.63390235575282
56,9,2,5412.19,211191.21,0,2352,58165,4,2022-09-01,39.02139614462907,2.562696619807235,3.6308984784664315,89.79218112244898
56,10,2,5206.74,211346.68,0,2561,48689,7,2022-10-01,40.5909801526483,2.4636015100875963,4.340748012898191,82.52506052323311
56,11,2,18172.36,486607.8,1,5082,47932,3,2022-11-01,26.777358581934323,3.7344982961637694,10.152044563131103,95.75123966942148
56,12,2,19608.51,491386.24,1,4601,36223,3,2022-12-01,25.059845954639083,3.990447514362632,13.565586505811225,106.79987828732884
56,1,3,20203.7,511070.02,1,4820,56406,8,2023-01-01,25.295862639021564,3.9532156474371165,9.060561287806262,106.03112448132781
56,2,3,5251.4,222704.98,0,2159,56497,6,2023-02-01,42.408687207220936,2.3580074410549776,3.9418903658601345,103.15191292264937
56,3,3,6340.36,260243.02,0,2352,45806,7,2023-03-01,41.04546429540279,2.4363227878311586,5.681417718202855,110.6475425170068
56,4,3,1758.01,181494.41,0,2993,39920,7,2023-04-01,103.23855381937531,0.9686303837126443,4.546453156312626,60.639629134647514
56,5,3,5521.71,259696.85,0,3421,36766,4,2023-05-01,47.03196111349564,2.1262136987799427,7.063505684599902,75.91255480853552
56,6,3,4921.19,222993.12,0,2720,41762,2,2023-06-01,45.31284506389715,2.2068797458863303,5.339617834394905,81.98276470588235
56,7,3,7523.83,260056.71,0,2570,48295,7,2023-07-01,34.564405362694266,2.89314972876493,5.384754322393622,101.18938132295719
56,8,3,5358.77,237201.37,0,3260,36429,8,2023-08-01,44.264144570489115,2.259164860641404,6.511333552938593,72.76115644171779
56,9,3,5053.23,253141.37,0,2958,50508,5,2023-09-01,50.09496302365022,1.996208679758666,5.011906430664449,85.57855645706559
56,10,3,6005.48,266850.69,0,3371,54417,2,2023-10-01,44.43453146126538,2.2505019567309343,4.903811125199845,79.160691189558
56,11,3,18442.03,500445.54,1,4425,55962,2,2023-11-01,27.13614173710812,3.6851222612554406,8.942595689932453,113.09503728813559
56,12,3,18100.37,511858.65,1,5493,35771,4,2023-12-01,28.27890534834371,3.5362047705943818,14.309319001425736,93.18380666302568
57,1,1,19539.82,512246.33,1,4925,51832,4,2021-01-01,26.215509150033114,3.8145358698811958,9.88282007254206,104.00940710659899
57,2,1,3719.64,209434.08,0,2281,42397,8,2021-02-01,56.30493273542601,1.7760433258999682,4.939832535320895,91.81678211310827
57,3,1,3943.34,220004.67,0,2980,41294,4,2021-03-01,55.79145343794854,1.7923892251923563,5.327763597617087,73.82707046979866
57,4,1,6575.81,257327.71,0,3055,52136,8,2021-04-01,39.13247341392163,2.555422422249046,4.935701051097131,84.23165630114566
57,5,1,5879.25,260614.15,0,3220,39679,4,2021-05-01,44.32778840838542,2.255921253700154,6.568062451170644,80.93607142857142
57,6,1,5742.61,206076.39,0,2132,37742,4,2021-06-01,35.88549283339806,2.7866414003079147,5.460134333103705,96.65871951219513
57,7,1,4553.33,219974.89,0,2996,53478,2,2021-07-01,48.31077255547039,2.069931709023698,4.113371666853659,73.42286048064086
57,8,1,4001.77,208757.82,0,2591,41059,5,2021-08-01,52.16637138066406,1.9169437580829305,5.084337660439855,80.57036665380163
57,9,1,4381.68,223771.34,0,2691,42735,7,2021-09-01,51.069758631392524,1.9581059844392943,5.236254592254592,83.15545893719806
57,10,1,2760.42,186796.05,0,2569,40283,2,2021-10-01,67.66943073880061,1.4777721477515184,4.637093811285157,72.71158038147138
57,11,1,16785.38,473337.98,1,4517,46469,7,2021-11-01,28.199419971427513,3.546172229830364,10.186102132604532,104.79034314810714
57,12,1,20148.62,513362.42,1,4453,42885,5,2021-12-01,25.478788125439856,3.92483345391741,11.970675527573743,115.28462160341343
57,1,2,18220.71,504559.84,1,4980,56641,7,2022-01-01,27.691557573771828,3.6112089301439445,8.908031990960612,101.31723694779117
57,2,2,5585.67,220514.74,0,2468,48363,3,2022-02-01,39.47865520161413,2.533014346342562,4.559575295163658,89.34957050243112
57,3,2,5878.8,246025.15,0,2870,44059,4,2022-03-01,41.84955262978839,2.3895118039761387,5.583993054767471,85.7230487804878
57,4,2,4001.64,205659.56,0,2678,52466,6,2022-04-01,51.3938185344009,1.9457592926873906,3.91986353066748,76.79595220313666
57,5,2,5366.07,196000.97,0,1521,44438,2,2022-05-01,36.525980838863454,2.7377772671227087,4.41066137089878,128.863228139382
57,6,2,3739.44,213885.29,0,2541,48762,6,2022-06-01,57.19714449222344,1.7483390278966824,4.386310856814733,84.17366784730422
57,7,2,6038.1,239583.1,0,2577,44737,6,2022-07-01,39.67855782448121,2.5202528892897704,5.355368039877506,92.96977105161041
57,8,2,5591.05,223454.53,0,2474,41335,7,2022-08-01,39.96646962556228,2.502097406573051,5.405940002419257,90.32115198059822
57,9,2,3627.1,197813.66,0,2728,41912,4,2022-09-01,54.53769126850652,1.8335943028403598,4.719738022523383,72.51233870967742
57,10,2,2903.65,211939.21,0,3008,52713,5,2022-10-01,72.9906187040449,1.3700390786584513,4.020625082996604,70.45851396276595
57,11,2,17863.14,507799.56,1,5433,49767,7,2022-11-01,28.427228359627705,3.51775413117727,10.2035396949786,93.46577581446715
57,12,2,18699.16,502510.69,1,5099,45766,3,2022-12-01,26.87343656078669,3.7211467083416676,10.980000218502818,98.55083153559522
57,1,3,19108.51,530778.14,1,5169,48766,2,2023-01-01,27.77705535387113,3.600093628573324,10.884184472788418,102.684879086864
57,2,3,4224.19,225461.89,0,2550,55251,7,2023-02-01,53.373993594038154,1.8735716266726938,4.080684331505313,88.4164274509804
57,3,3,5415.94,237247.14,0,3293,42655,3,2023-03-01,43.80534865600432,2.282826254512488,5.562000703317314,72.04589735803219
57,4,3,6188.92,233502.69,0,2650,54062,4,2023-04-01,37.729149835512494,2.6504705363351486,4.319164847767378,88.11422264150943
57,5,3,7761.92,264404.35,0,2744,46628,4,2023-05-01,34.06429723573549,2.93562492447647,5.670505919190186,96.35727040816326
57,6,3,4652.26,233836.59,0,2775,54526,7,2023-06-01,50.26300980598676,1.9895346575144635,4.288533727029307,84.26543783783784
57,7,3,6711.64,232729.28,0,2132,41370,4,2023-07-01,34.67547127080714,2.883882939009651,5.62555668358714,109.16007504690431
57,8,3,4243.14,212761.05,0,2444,49539,5,2023-08-01,50.1423591962556,1.9943217990322948,4.294819233331315,87.05443944353519
57,9,3,3251.64,215799.31,0,3150,40647,4,2023-09-01,66.36629823719723,1.5067888771284763,5.309107929244471,68.50771746031747
57,10,3,3181.92,208274.6,0,2054,42622,6,2023-10-01,65.45563684819228,1.5277523039295238,4.886551546149875,101.39951314508276
57,11,3,17578.2,509051.82,1,5866,36534,7,2023-11-01,28.959268867119498,3.4531258526882396,13.933645918870093,86.78005796113194
57,12,3,18482.08,512222.67,1,5721,41266,4,2023-12-01,27.71455756062088,3.60821203013135,12.41270464789415,89.53376507603565
58,1,1,18322.8,507828.94,1,5458,18893,8,2021-01-01,27.71568428406139,3.608065345783562,26.87921134811835,93.04304507145474
58,2,1,3397.87,234132.36,0,3145,54616,7,2021-02-01,68.9056261716899,1.451260304214249,4.286882232312875,74.4459014308426
58,3,1,4501.74,210885.93,0,2230,55309,8,2021-03-01,46.845426435111754,2.1346801088152256,3.8128682492903505,94.56768161434977
58,4,1,3829.15,214226.34,0,2786,46667,7,2021-04-01,55.94618649047438,1.7874319283053615,4.590531639059721,76.89387652548456
58,5,1,3325.61,201384.09,0,2491,35279,4,2021-05-01,60.555534172678094,1.651376729909498,5.7083276169959465,80.8446768366118
58,6,1,7288.51,243274.54,0,2972,45965,4,2021-06-01,33.37781521874842,2.996001965515997,5.292603937778745,81.85549798115747
58,7,1,5760.78,241575.4,0,2987,45051,6,2021-07-01,41.934494981582354,2.384671618053825,5.362264988568511,80.8755942417141
58,8,1,5517.36,222819.26,0,2869,39047,7,2021-08-01,40.385122594864214,2.476159376886899,5.706437370348555,77.66443360055769
58,9,1,4617.24,230113.31,0,3110,44814,4,2021-09-01,49.83784901802809,2.006507142068401,5.1348531708840985,73.99141800643086
58,10,1,6881.18,257775.61,0,3318,70867,2,2021-10-01,37.46096018415446,2.6694457245198646,3.637456220807992,77.69005726341169
58,11,1,17494.76,498948.88,1,5251,50386,6,2021-11-01,28.519904245614118,3.5063231327425766,9.902530067875997,95.01978289849552
58,12,1,17777.02,508719.48,1,5323,32105,6,2021-12-01,28.616690536434113,3.494464178961655,15.845490733530601,95.570069509675
58,1,2,21949.2,536374.44,1,5016,56330,8,2022-01-01,24.437083811710675,4.092141303377543,9.522003195455351,106.93270334928229
58,2,2,3529.21,197824.47,0,1988,44528,7,2022-02-01,56.05347089008588,1.784010845574362,4.4426983021918796,99.5092907444668
58,3,2,5387.85,231975.47,0,2770,43433,2,2022-03-01,43.05529478363354,2.3225947122771213,5.340995786613865,83.74565703971119
58,4,2,3713.56,209399.07,0,3241,43557,8,2022-04-01,56.38768997942675,1.7734367206119872,4.8074722777050765,64.60940141931503
58,5,2,5329.87,218895.06,0,2731,34846,6,2022-05-01,41.069493252180635,2.434897343046481,6.2817844228892845,80.15198095935554
58,6,2,4872.93,230749.02,0,3364,46277,2,2022-06-01,47.353239221577155,2.1117879503886954,4.986257103960931,68.59364447086801
58,7,2,5139.31,224099.43,0,3105,44976,5,2022-07-01,43.6049644796675,2.2933168549335448,4.982644743863394,72.17372946859903
58,8,2,5140.19,220266.25,0,2145,36038,5,2022-08-01,42.85177201620952,2.333625782433759,6.1120553304844885,102.68822843822844
58,9,2,4616.16,225791.5,0,3219,37640,5,2022-09-01,48.91327423659492,2.0444347993613574,5.998711477151966,70.14336750543647
58,10,2,4134.48,223121.72,0,2954,44471,8,2022-10-01,53.966090052437075,1.853015475140654,5.0172408985631085,75.53206499661476
58,11,2,17309.46,492375.66,1,4948,43770,8,2022-11-01,28.445466236381723,3.5154987149446018,11.249158327621657,99.51003637833468
58,12,2,18447.9,506451.01,1,4678,36837,2,2022-12-01,27.45304397790534,3.642583317189949,13.74843255422537,108.26229371526294
58,1,3,19577.98,502093.82,1,5074,40750,4,2023-01-01,25.645843953257693,3.8992672723994093,12.32132073619632,98.95424122979898
58,2,3,2901.65,206829.68,0,3118,30007,5,2023-02-01,71.28002343494218,1.4029176083432513,6.892714366647782,66.33408595253367
58,3,3,5596.23,238280.55,0,3668,58419,3,2023-03-01,42.57876284570148,2.348588669952289,4.0788193909515735,64.96198200654307
58,4,3,3832.12,218739.83,0,2862,40606,5,2023-04-01,57.08063160861351,1.7519077344075837,5.386884450573807,76.4290111809923
58,5,3,5129.09,221514.35,0,2611,51954,3,2023-05-01,43.18784618714041,2.3154662440604863,4.2636630480809945,84.83889314438912
58,6,3,3607.97,212057.5,0,2636,47437,2,2023-06-01,58.77474036646647,1.7014111738561475,4.4702974471404175,80.4466995447648
58,7,3,4608.84,218033.36,0,2715,39715,6,2023-07-01,47.30764357191831,2.1138233158448783,5.489949892987536,80.30694659300184
58,8,3,4121.94,232618.03,0,2802,42774,6,2023-08-01,56.434113548474755,1.7719778643125812,5.438304343760228,83.01856887937188
58,9,3,3606.58,213172.74,0,2966,41938,2,2023-09-01,59.106616240316306,1.6918579739604607,5.083044971147885,71.87213081591368
58,10,3,5165.32,226017.0,0,2671,35025,6,2023-10-01,43.75663076053372,2.285367914802869,6.453019271948608,84.61886933732684
58,11,3,18013.86,482042.93,1,4857,40450,5,2023-11-01,26.75955791818078,3.736982513155001,11.917006922126081,99.24705167799053
58,12,3,20625.22,515528.3,1,4360,51074,2,2023-12-01,24.99504490133923,4.000792972956092,10.093752202686298,118.24043577981651
59,1,1,18706.1,520118.22,1,5511,50932,3,2021-01-01,27.804738561218,3.5965092705269965,10.212012487237885,94.3781927054981
59,2,1,4151.39,225123.02,0,3150,48178,5,2021-02-01,54.22834761369083,1.844053975466392,4.672734858234048,71.4676253968254
59,3,1,5588.04,253899.37,0,3592,47009,7,2021-03-01,45.436211981302925,2.200887698145923,5.401080005956306,70.684679844098
59,4,1,5905.95,244156.56,0,2843,52179,4,2021-04-01,41.340776674370765,2.4189192377218944,4.679211176910251,85.87990151248681
59,5,1,4591.77,241927.48,0,2522,48084,5,2021-05-01,52.687194698340726,1.8979943907157633,5.0313509691373435,95.9268358445678
59,6,1,4018.15,208579.42,0,2184,52668,5,2021-06-01,51.90931647648794,1.926436462427597,3.9602684742158427,95.50339743589744
59,7,1,4725.0,238808.31,0,3827,37301,3,2021-07-01,50.54144126984127,1.978574363681063,6.402195919680437,62.40091716749412
59,8,1,5599.27,233311.75,0,3153,40723,5,2021-08-01,41.668244253268725,2.3999091344520798,5.7292377771775165,73.99674912781478
59,9,1,6685.28,225370.96,0,2077,43168,3,2021-09-01,33.711521432161405,2.9663449097434738,5.2207876204596,108.50792489167067
59,10,1,4262.52,201915.18,0,2384,48308,6,2021-10-01,47.36990794178091,2.1110448456624216,4.179746211807568,84.69596476510067
59,11,1,18488.69,527216.74,1,5815,36986,4,2021-11-01,28.515635234297292,3.5068480564558704,14.254494673660304,90.66495958727428
59,12,1,18376.71,507017.11,1,5184,38385,6,2021-12-01,27.590200313331387,3.6244753160302614,13.208730233163996,97.80422646604939
59,1,2,17802.04,503936.48,1,5299,35653,7,2022-01-01,28.307793938222808,3.532596012894324,14.134476201161192,95.10029816946593
59,2,2,3642.97,197999.41,0,2336,34614,5,2022-02-01,54.35109539743671,1.8398893208823197,5.720211764026117,84.7600214041096
59,3,2,3803.78,205906.83,0,2634,37168,2,2022-03-01,54.132160640205264,1.8473306592112562,5.539895340077486,78.17267653758542
59,4,2,5316.69,230558.78,0,2642,52942,4,2022-04-01,43.36509745725254,2.3060019661797306,4.3549314343999095,87.2667600302801
59,5,2,6285.38,239737.08,0,2226,35858,7,2022-05-01,38.14201846189093,2.621780493864362,6.685734842991801,107.69859838274932
59,6,2,3819.35,202935.33,0,2455,40485,7,2022-06-01,53.13347297314988,1.882052770210096,5.0126054094108925,82.66204887983706
59,7,2,6354.41,260440.78,0,2984,42699,5,2022-07-01,40.98583188683135,2.439867519979014,6.099458535328696,87.279081769437
59,8,2,5549.71,239029.85,0,3068,41618,2,2022-08-01,43.07069198210357,2.3217644156158737,5.743424720073046,77.91064211212516
59,9,2,5117.17,257464.14,0,3452,48234,6,2022-09-01,50.31377499672671,1.9875272727300972,5.337814404776714,74.58404982618772
59,10,2,4970.74,208467.63,0,2226,59706,2,2022-10-01,41.938952751501795,2.3844181468365133,3.4915691890262286,93.65122641509434
59,11,2,17389.91,489610.24,1,4699,31793,6,2022-11-01,28.154846114787254,3.551786416885398,15.399938351209386,104.19456054479676
59,12,2,18470.74,504375.89,1,5453,39623,2,2022-12-01,27.306750568737364,3.6620981228900535,12.729371577114303,92.4951201173666
59,1,3,18994.16,505228.46,1,4844,65592,3,2023-01-01,26.5991473168595,3.7595190104690457,7.702592694231004,104.29984723369117
59,2,3,4417.92,227331.47,0,2782,46040,8,2023-02-01,51.45667418151528,1.9433824978125556,4.937694830582102,81.71512221423437
59,3,3,3344.27,209487.38,0,2418,37332,5,2023-03-01,62.64068989644975,1.596406427919429,5.611469516768456,86.6366335814723
59,4,3,4738.92,213677.85,0,2794,30376,4,2023-04-01,45.08998885822086,2.217787196941564,7.03443014221754,76.47739799570509
59,5,3,6145.78,240649.76,0,3077,43010,2,2023-05-01,39.15691092098969,2.55382760406659,5.595204836084632,78.20921676958076
59,6,3,3313.67,210207.94,0,1991,38959,7,2023-06-01,63.43659447078315,1.5763771815660248,5.395619497420365,105.57907584128579
59,7,3,4833.74,228053.85,0,2795,52467,7,2023-07-01,47.17958557969606,2.119560796715337,4.3466150151523815,81.59350626118068
59,8,3,3681.04,235508.59,0,3242,47492,8,2023-08-01,63.97881848608002,1.5630172980102341,4.958910763918134,72.64299506477482
59,9,3,5588.38,236144.66,0,2682,41355,4,2023-09-01,42.25637125607063,2.366507038524606,5.710184016442994,88.04797166293811
59,10,3,4145.28,217888.7,0,2839,41777,6,2023-10-01,52.56308379651074,1.9024758970979216,5.215518108049884,76.74839732300106
59,11,3,20140.96,529389.79,1,5185,50112,8,2023-11-01,26.284238189242224,3.8045614744477785,10.564132143997446,102.10024879459982
59,12,3,17300.48,490831.46,1,4798,46587,8,2023-12-01,28.370973522121933,3.524729242090554,10.53580312104235,102.29917882451022
60,1,1,18471.47,494150.65,1,4383,36778,8,2021-01-01,26.752102025447893,3.7380240216217464,13.436039208222308,112.7425621720283
60,2,1,5653.56,268635.26,0,3443,44063,7,2021-02-01,47.51612435350469,2.104548747621589,6.096617570297075,78.02360151031078
60,3,1,4778.35,225575.04,0,2961,38878,2,2021-03-01,47.20772651647535,2.118297308070964,5.802125623746078,76.1820466058764
60,4,1,6289.03,228661.19,0,2576,52882,5,2021-04-01,36.3587373569533,2.7503705373001863,4.323989070004917,88.7659899068323
60,5,1,6197.43,260480.91,0,2472,41287,5,2021-05-01,42.03047230868279,2.3792261782254984,6.309029718797684,105.37253640776699
60,6,1,5539.76,228053.43,0,2613,41674,7,2021-06-01,41.16666245469118,2.429150046109809,5.472319191822239,87.27647531572904
60,7,1,4981.46,227692.63,0,2743,41679,7,2021-07-01,45.70801130592236,2.1878002814583852,5.46300607020322,83.0086146554867
60,8,1,3395.16,218221.17,0,3308,45043,3,2021-08-01,64.27419326335136,1.5558343858205874,4.8447299247385835,65.96770556227328
60,9,1,4409.43,215627.24,0,1963,35312,4,2021-09-01,48.901386346988154,2.0449317998968963,6.106344585410058,109.84576668364747
60,10,1,4290.59,215367.81,0,2013,43060,2,2021-10-01,50.195383385501756,1.9922150854391845,5.001574779377613,106.98847988077496
60,11,1,18561.06,523255.31,1,5269,50138,5,2021-11-01,28.191025189294145,3.547228216374909,10.436302006462164,99.30827671284874
60,12,1,19630.34,501002.1,1,4582,36352,6,2021-12-01,25.521824889431358,3.918215113269984,13.78196797975352,109.34135748581404
60,1,2,18844.87,515708.8,1,5229,45810,7,2022-01-01,27.366004647418634,3.654168786726152,11.25755948482864,98.6247466054695
60,2,2,3946.51,225207.58,0,3003,39698,4,2022-02-01,57.06499666794205,1.752387730466266,5.673020807093556,74.99419913419914
60,3,2,6748.29,247619.35,0,2788,41741,2,2022-03-01,36.6936438712622,2.725267633567409,5.932281210320788,88.81612266857962
60,4,2,4575.98,227164.79,0,2611,31340,8,2022-04-01,49.64287212793763,2.014387881150067,7.248397894065093,87.0029835312141
60,5,2,5794.78,254852.92,0,3134,45865,3,2022-05-01,43.97974038703799,2.273774222402474,5.556588248119481,81.31873643905553
60,6,2,4947.55,226228.11,0,3193,57559,7,2022-06-01,45.72528018918454,2.1869740236967017,3.930369012665265,70.85127153147509
60,7,2,6562.43,269482.92,0,3065,51244,5,2022-07-01,41.06450202135489,2.435193295367291,5.258818983685894,87.92264926590538
60,8,2,3274.62,216606.22,0,3047,46830,8,2022-08-01,66.14697888609976,1.511784841635665,4.625373051462738,71.0883557597637
60,9,2,5499.92,231624.4,0,2578,46692,4,2022-09-01,42.114139842034064,2.3744994050713135,4.960687055598389,89.84654771140418
60,10,2,4692.27,243059.19,0,3174,23214,4,2022-10-01,51.799915605879455,1.930505075738959,10.470370896872577,76.57819470699432
60,11,2,19219.82,529124.78,1,5748,50855,3,2022-11-01,27.530163133681796,3.632379492791851,10.404577327696392,92.0537195546277
60,12,2,17960.65,500203.89,1,5211,44974,6,2022-12-01,27.849988168579642,3.590665798300769,11.122068083781741,95.99000000000001
60,1,3,18552.2,495082.89,1,4555,49227,6,2023-01-01,26.68593967292289,3.747291690892408,10.057141202998356,108.68998682766191
60,2,3,3668.24,207753.44,0,3002,51243,2,2023-02-01,56.635727215231285,1.7656699210371676,4.054279413773589,69.20500999333778
60,3,3,6620.25,269654.89,0,3181,33998,5,2023-03-01,40.7318288584268,2.455082494517344,7.931492734866757,84.77047783715813
60,4,3,7715.69,249623.1,0,3095,50670,3,2023-04-01,32.352660617520925,3.0909358949552344,4.9264476021314385,80.65366720516963
60,5,3,6523.47,245018.86,0,2614,51787,2,2023-05-01,37.55959021808945,2.6624358631004976,4.7312812095699694,93.7333052792655
60,6,3,4229.03,217707.44,0,2852,42802,8,2023-06-01,51.479284847825625,1.9425289278124807,5.086384748376244,76.33500701262273
60,7,3,5559.93,247858.5,0,2908,38803,4,2023-07-01,44.57942815826818,2.243187141050236,6.38761178259413,85.23332187070152
60,8,3,4623.06,240931.09,0,2348,31404,6,2023-08-01,52.11506880724022,1.9188308158984382,7.671987326455229,102.61119676320273
60,9,3,5684.38,236773.51,0,3306,40564,8,2023-09-01,41.6533570943533,2.4007668763283525,5.83703554876245,71.6193315184513
60,10,3,4764.38,237608.87,0,3347,43660,7,2023-10-01,49.871939265969544,2.005135582691,5.442255382501145,70.99159545861966
60,11,3,19166.71,506877.21,1,5457,38958,4,2023-11-01,26.44570768796523,3.781331971899072,13.010863237332513,92.88568993952721
60,12,3,19784.79,528578.36,1,4879,54494,5,2023-12-01,26.71639982026597,3.7430192942442817,9.699753367343193,108.33743799959008
61,1,1,19763.4,523119.81,1,5248,64282,3,2021-01-01,26.469120191869816,3.77798730275575,8.137889455835227,99.6798418445122
61,2,1,6952.75,256462.52,0,3182,44507,8,2021-02-01,36.8864866419762,2.7110199182321066,5.762296268002786,80.59790069138906
61,3,1,5645.83,250356.08,0,3362,49745,3,2021-03-01,44.34353850541019,2.255119987499405,5.0327888229972855,74.46641284949435
61,4,1,4024.99,218575.36,0,2942,43345,8,2021-04-01,54.30457218527251,1.8414655705016338,5.042689122159418,74.29481985044187
61,5,1,4773.52,220734.64,0,2126,51735,4,2021-05-01,46.24148217667465,2.162560439086498,4.266640378853774,103.82626528692381
61,6,1,4505.82,234177.83,0,3135,30802,6,2021-06-01,51.97230026942932,1.9241018673714756,7.602682618011817,74.69787240829346
61,7,1,2656.19,209116.9,0,2820,55752,4,2021-07-01,78.72814068270718,1.2701938485124828,3.7508412254268904,74.15492907801418
61,8,1,4428.41,229515.33,0,2585,30931,7,2021-08-01,51.827931469760024,1.9294615309574312,7.420236332481975,88.78736170212765
61,9,1,5378.15,216076.78,0,2294,63687,7,2021-09-01,40.17678569768415,2.4889995121178683,3.3927925636315104,94.19214472537053
61,10,1,3091.21,230389.1,0,2816,43930,5,2021-10-01,74.53039424691302,1.3417344830983757,5.244459367175051,81.81431107954546
61,11,1,20997.99,542405.33,1,4801,41044,8,2021-11-01,25.831297662300056,3.8712727988863977,13.215216109540979,112.9775734222037
61,12,1,16676.57,483674.52,1,4519,46711,7,2021-12-01,29.003237476291588,3.4478909494756924,10.354617113741945,107.03131666297854
61,1,2,19305.49,502788.38,1,4345,38574,7,2022-01-01,26.043803083993204,3.8396849982889427,13.034385337273811,115.71654315304949
61,2,2,5789.37,240963.23,0,3407,50785,2,2022-02-01,41.62166695167177,2.4025947859347667,4.744771684552526,70.72592603463458
61,3,2,7198.13,273100.86,0,3479,38575,6,2022-03-01,37.94052899850377,2.6357038934260406,7.079737135450421,78.49981603909168
61,4,2,4172.72,236705.93,0,3212,20336,4,2022-04-01,56.72701019958204,1.7628286710011871,11.63974872147915,73.6942496886675
61,5,2,1661.2,200280.36,0,3169,35242,7,2022-05-01,120.56366482061159,0.8294372948001493,5.6830020997673225,63.19986115493846
61,6,2,6500.13,231034.62,0,2046,54043,3,2022-06-01,35.54307683077108,2.813487433182092,4.275014710508299,112.92014662756598
61,7,2,3488.55,220986.53,0,3008,43263,4,2022-07-01,63.346241275028305,1.5786256293539702,5.107979797979798,73.46626662234043
61,8,2,4460.89,210414.69,0,2143,30360,4,2022-08-01,47.16876901246164,2.1200468465390894,6.930655138339921,98.18697620158656
61,9,2,4988.79,234072.49,0,2908,39803,8,2022-09-01,46.919691949350444,2.131301290467752,5.880775067205989,80.49260316368638
61,10,2,5751.68,244360.31,0,2878,53023,2,2022-10-01,42.48503219928786,2.3537701355838028,4.60857194047866,84.90629256428075
61,11,2,18516.79,510912.08,1,5294,30403,6,2022-11-01,27.591827741201364,3.6242615363488766,16.804660066440814,96.50775972799396
61,12,2,19601.44,514410.49,1,5231,45160,3,2022-12-01,26.243505069015338,3.810466617817222,11.390843445527015,98.33884343337793
61,1,3,16431.48,484874.22,1,4995,34271,8,2023-01-01,29.508858605554703,3.388812876048555,14.148236701584429,97.07191591591591
61,2,3,5912.53,232585.44,0,2212,41931,2,2023-02-01,39.33771837098501,2.5420894790318775,5.546861272089862,105.14712477396021
61,3,3,2758.69,192583.58,0,2141,39620,2,2023-03-01,69.8097937789313,1.4324637645639364,4.860766784452297,89.950294255021
61,4,3,5693.63,242660.3,0,3024,48524,4,2023-04-01,42.61961174154274,2.3463376580347095,5.000830516857637,80.24480820105819
61,5,3,3142.68,199370.86,0,2690,36415,7,2023-05-01,63.43975842274746,1.576298562387703,5.474965261568035,74.11556133828996
61,6,3,8558.81,262969.4,0,2835,44057,4,2023-06-01,30.72499564775945,3.2546790615181833,5.968844905463378,92.75816578483246
61,7,3,4255.69,227309.3,0,2749,33610,8,2023-07-01,53.413030554387184,1.8722023252018285,6.763144897351978,82.68799563477627
61,8,3,4353.0,208187.57,0,2620,43469,7,2023-08-01,47.82622788881231,2.090902929507271,4.789334238192735,79.46090458015267
61,9,3,5509.62,229940.63,0,2539,41944,5,2023-09-01,41.734390030528424,2.3961054642670154,5.482086353232882,90.56346199291059
61,10,3,5272.34,226282.91,0,2699,31233,8,2023-10-01,42.918876627835076,2.3299771069763953,7.244994396951942,83.83953686550575
61,11,3,17882.65,504822.17,1,5298,55531,4,2023-11-01,28.229718190536634,3.542366215810213,9.090817201202931,95.285422801057
61,12,3,18172.65,510082.1,1,5139,42475,5,2023-12-01,28.068669126406988,3.5626911824586673,12.008995879929369,99.25707336057599
62,1,1,19392.23,515150.19,1,5199,42229,3,2021-01-01,26.564773107579686,3.7643837421471202,12.198967297354898,99.08639930755915
62,2,1,2657.44,204467.97,0,2885,46209,5,2021-02-01,76.9417070564152,1.299685226982006,4.424851652275531,70.87277989601387
62,3,1,2629.32,215858.45,0,3005,50097,8,2021-03-01,82.09668279250909,1.2180760123126986,4.308809908776973,71.83309484193012
62,4,1,3762.14,220347.53,0,2964,35373,2,2021-04-01,58.56973158893609,1.707366540482664,6.229257625872841,74.34127192982456
62,5,1,2670.6,198985.53,0,3071,41096,3,2021-05-01,74.50967198382386,1.342107639686162,4.8419683180844855,64.79502767828069
62,6,1,6566.09,250787.53,0,1974,37820,8,2021-06-01,38.194348539237204,2.618188392381392,6.63108223162348,127.04535460992908
62,7,1,5365.85,223960.33,0,2893,39892,6,2021-07-01,41.7380899577886,2.3958930583822595,5.614166499548781,77.41456273764258
62,8,1,3874.73,206782.54,0,2571,56479,8,2021-08-01,53.366954600707665,1.8738187469793146,3.661228775297013,80.42883702839363
62,9,1,5037.66,235805.4,0,2805,47265,3,2021-09-01,46.80851824061171,2.136363289390319,4.989006664550936,84.06609625668449
62,10,1,4830.24,254694.54,0,3584,43990,4,2021-10-01,52.72916873695717,1.8964835288577446,5.789828142759719,71.06432477678571
62,11,1,19979.51,523682.5,1,4780,34405,4,2021-11-01,26.210978147111717,3.8151952757634633,15.221116116843483,109.55700836820084
62,12,1,18598.2,517341.6,1,4961,33412,5,2021-12-01,27.816756460302607,3.594955441433668,15.48370645277146,104.28171739568634
62,1,2,18023.59,494374.52,1,4506,43042,6,2022-01-01,27.429303485043768,3.645736030246866,11.485863110450259,109.71471815357302
62,2,2,3797.07,205982.95,0,2977,48462,5,2022-02-01,54.247867434627224,1.8433904359559854,4.250401345384012,69.19145112529392
62,3,2,7080.45,273162.94,0,2904,40952,3,2022-03-01,38.579884046917925,2.592024379295376,6.67031988669662,94.06437327823691
62,4,2,6036.22,242115.51,0,2423,49554,4,2022-04-01,40.1104515739983,2.493115785932095,4.885892359849861,99.923858852662
62,5,2,5258.39,218641.98,0,2658,55233,4,2022-05-01,41.579643198773766,2.405023042692899,3.9585389169518224,82.25808126410836
62,6,2,5416.05,241899.57,0,3057,42916,4,2022-06-01,44.663466917772176,2.2389663611225106,5.636582393512909,79.12972522080472
62,7,2,4654.01,215902.53,0,2872,44634,8,2022-07-01,46.39064591610246,2.155606976907589,4.83717636779137,75.17497562674095
62,8,2,3181.43,204485.16,0,3027,38527,4,2022-08-01,64.27460607336953,1.555824393320278,5.3075806577205595,67.55373637264618
62,9,2,4424.15,234877.68,0,2913,44227,6,2022-09-01,53.08989975475515,1.883597453789564,5.310730549212019,80.63085478887744
62,10,2,6125.11,247007.23,0,2619,43676,8,2022-10-01,40.326986780645576,2.4797290346521432,5.655445324663431,94.31356624665904
62,11,2,19220.06,542676.54,1,5408,22819,5,2022-11-01,28.2349035330795,3.5417156599398973,23.78178447784741,100.34699334319528
62,12,2,18626.5,500681.05,1,4687,30892,3,2022-12-01,26.880039191474513,3.7202326710787235,16.20746633432604,106.82335182419457
62,1,3,18783.13,519277.32,1,5261,53599,8,2023-01-01,27.645941863789474,3.6171674125879405,9.68819045131439,98.70315909522904
62,2,3,6090.16,251706.17,0,2697,42280,6,2023-02-01,41.32997655234017,2.4195513363855956,5.953315279091769,93.32820541342232
62,3,3,4695.23,228472.95,0,3233,43654,4,2023-03-01,48.660651341893804,2.055048529815017,5.2337231410638205,70.66902257964739
62,4,3,4767.73,218362.58,0,2748,39631,3,2023-04-01,45.8001145199078,2.183400654086428,5.509893265373067,79.462365356623
62,5,3,5096.02,229954.33,0,2287,54781,2,2023-05-01,45.12429896271992,2.2161009101241977,4.197702305543893,100.548460865763
62,6,3,5390.6,247449.22,0,3165,51358,6,2023-06-01,45.90383630764664,2.1784671618686047,4.81812414813661,78.18300789889416
62,7,3,4333.76,237858.08,0,3349,48400,5,2023-07-01,54.88492209997784,1.8219940226541813,4.914423140495868,71.02361301881159
62,8,3,5083.38,227564.6,0,2549,57960,7,2023-08-01,44.76639558718805,2.2338184410053232,3.9262353347135956,89.27602981561397
62,9,3,5949.69,238100.09,0,3249,43537,8,2023-09-01,40.018906867416625,2.498818879068882,5.468913567769943,73.28411511234226
62,10,3,5111.38,241405.23,0,2685,51633,7,2023-10-01,47.22897338879129,2.117344350824545,4.675405845099065,89.90883798882682
62,11,3,19668.55,508118.58,1,4369,31479,5,2023-11-01,25.83406402607208,3.8708582551734283,16.141509577813782,116.3008880750744
62,12,3,18042.58,498736.22,1,5160,50961,7,2023-12-01,27.642178668460936,3.617659852336372,9.78662545868409,96.65430620155038
63,1,1,18807.1,510081.34,1,5075,52232,4,2021-01-01,27.12174338414748,3.6870786137755984,9.7656865523051,100.50863842364532
63,2,1,4243.54,234317.0,0,2967,44930,6,2021-02-01,55.21734212473548,1.8110252350448324,5.215156910750055,78.97438490057297
63,3,1,3996.91,218603.52,0,2584,42663,2,2021-03-01,54.69313044326742,1.82838318431469,5.123960340341748,84.5988854489164
63,4,1,5657.1,257290.9,0,2928,49796,3,2021-04-01,45.48105919994343,2.1987174828180867,5.166898947706643,87.87257513661201
63,5,1,3796.5,202763.36,0,2500,32044,7,2021-05-01,53.40797049914394,1.8723797041043315,6.327654475096741,81.10534399999999
63,6,1,6948.01,258476.6,0,2837,55021,6,2021-06-01,37.20152964661824,2.6880615111774144,4.697780847312845,91.10912936200212
63,7,1,6106.79,244380.77,0,3656,42149,3,2021-07-01,40.017876822356754,2.4988831977246004,5.798020593608389,66.84375547045951
63,8,1,4860.34,221742.48,0,2497,49160,7,2021-08-01,45.622832970532926,2.1918849288598197,4.510628152969894,88.80355626752103
63,9,1,4922.22,214310.85,0,2327,44913,3,2021-09-01,43.539469995246044,2.296766589279078,4.771688597956048,92.09748603351956
63,10,1,5241.26,227043.94,0,2300,38523,4,2021-10-01,43.31857988346314,2.308478261961099,5.893724268618747,98.71475652173913
63,11,1,16888.51,474702.43,1,4679,27313,7,2021-11-01,28.1080113047273,3.5577045603073905,17.380091165379124,101.45382132934388
63,12,1,17593.54,502297.85,1,5275,38951,3,2021-12-01,28.550129763538205,3.5026110503956964,12.895634258427254,95.22234123222748
63,1,2,19450.46,521370.62,1,5943,50992,3,2022-01-01,26.805053453748652,3.730639827767817,10.224557185440853,87.72852431431937
63,2,2,6574.09,253426.15,0,2351,24912,2,2022-02-01,38.549236472272206,2.594085101320444,10.172854447655748,107.79504466184602
63,3,2,4658.44,243466.42,0,2957,46080,4,2022-03-01,52.26350881410945,1.9133809089565614,5.283559461805556,82.3356171795739
63,4,2,2699.96,214777.91,0,2852,40482,8,2022-04-01,79.5485525711492,1.257093897598687,5.305516278839979,75.30782258064517
63,5,2,3085.87,205854.54,0,2771,30946,4,2022-05-01,66.70875312310629,1.4990536521565179,6.6520564854908555,74.28889931432695
63,6,2,5751.94,241529.65,0,2882,40974,3,2022-06-01,41.99098912714667,2.381463311026203,5.894705178893933,83.80626301179736
63,7,2,4165.45,220790.8,0,3224,42142,5,2022-07-01,53.0052695387053,1.886604876652469,5.239210289022827,68.4834987593052
63,8,2,2802.8,198992.06,0,2389,43312,6,2022-08-01,70.99759526188097,1.4084984094340247,4.594386313261913,83.29512766848053
63,9,2,4468.31,215122.02,0,2037,46293,8,2022-09-01,48.14393361248435,2.0771048914471892,4.646966496014516,105.60727540500736
63,10,2,4547.12,235753.36,0,3721,36375,7,2022-10-01,51.84674255352839,1.9287614819148282,6.481192027491408,63.357527546358504
63,11,2,18199.93,515129.7,1,4652,39280,3,2022-11-01,28.303938531631715,3.5330772036634657,13.114299898167006,110.7329535683577
63,12,2,18298.33,501153.23,1,5166,36919,5,2022-12-01,27.38792173930626,3.651244550494068,13.574398819036269,97.00991676345335
63,1,3,17927.92,511358.67,1,5320,31889,7,2023-01-01,28.52303390465821,3.5059384052293465,16.035581862084104,96.1200507518797
63,2,3,5756.64,247690.59,0,3293,56044,3,2023-02-01,43.02693758859334,2.324125434074827,4.419573727785312,75.21730640753113
63,3,3,5240.83,230950.47,0,3117,35843,4,2023-03-01,44.067537012267145,2.269244137065406,6.44339117819379,74.09383060635226
63,4,3,5216.88,240018.93,0,2773,45957,7,2023-04-01,46.008137047430644,2.1735285629345986,5.222684901103205,86.55569058781103
63,5,3,5060.51,232332.49,0,3132,46560,8,2023-05-01,45.91088447607059,2.1781327269380193,4.98995897766323,74.18023307790548
63,6,3,5537.53,239030.29,0,2721,65945,7,2023-06-01,43.165507004025265,2.31666455326645,3.6246916369702027,87.84648658581405
63,7,3,5984.02,238833.41,0,2517,53160,6,2023-07-01,39.91186693894739,2.5055204797352264,4.492727802859293,94.88812475168852
63,8,3,5443.18,242235.25,0,3213,55173,6,2023-08-01,44.50252425971583,2.247063546696858,4.390467257535389,75.39223467164643
63,9,3,4691.36,219191.46,0,3157,37766,8,2023-09-01,46.72237048531769,2.140302363969837,5.803936344860456,69.4303009185936
63,10,3,4180.13,224813.33,0,3131,37296,3,2023-10-01,53.78142067351972,1.8593781783313297,6.0278134384384385,71.80240498243373
63,11,3,18773.45,506975.11,1,5015,42250,3,2023-11-01,27.004898407058903,3.7030318904610526,11.999410887573964,101.09174675972083
63,12,3,16547.73,476347.08,1,4690,53651,2,2023-12-01,28.786249231767744,3.473880851752046,8.878624443160426,101.56654157782516
64,1,1,18367.26,501204.21,1,4812,48350,6,2021-01-01,27.28791392945927,3.6646260413494924,10.366167735263703,104.15715087281797
64,2,1,3532.95,216599.64,0,3228,47657,3,2021-02-01,61.30843629261666,1.6310968937898511,4.544970098831231,67.10026022304834
64,3,1,4696.92,230048.72,0,3154,35393,4,2021-03-01,48.97863280617937,2.041706643705733,6.499836690871076,72.93871908687382
64,4,1,5373.68,248157.73,0,3878,41698,2,2021-04-01,46.18022100311146,2.165429221165103,5.951310134778646,63.991162970603405
64,5,1,4973.68,226719.9,0,3011,51966,2,2021-05-01,45.583933827668844,2.1937553783324715,4.362850710079667,75.29721022915975
64,6,1,4401.08,195660.05,0,2342,53294,4,2021-06-01,44.457280940132875,2.2493503400413113,3.6713335459901675,83.54400085397096
64,7,1,6740.75,262863.04,0,3506,38583,8,2021-07-01,38.99611170863776,2.5643582300501433,6.812923826555736,74.97519680547632
64,8,1,2741.68,200781.06,0,2734,35174,3,2021-08-01,73.23285722622626,1.365507284402224,5.708223687951327,73.43857351865398
64,9,1,4973.19,217990.59,0,2945,47444,8,2021-09-01,43.83315135757935,2.281378292521709,4.594692479554843,74.02057385398982
64,10,1,7294.21,261302.39,0,2984,46291,4,2021-10-01,35.8232611893543,2.7914823128866137,5.644777386533019,87.56782506702413
64,11,1,19413.53,511373.49,1,4622,44594,8,2021-11-01,26.341087375660173,3.7963504913013773,11.467316006637665,110.63900692340978
64,12,1,18953.77,514438.15,1,4496,31914,3,2021-12-01,27.14173222530399,3.6843632222843503,16.119513379707964,114.42129670818505
64,1,2,19350.27,511245.31,1,5031,51506,5,2022-01-01,26.42057759400773,3.7849286089294396,9.92593697821613,101.61902405088452
64,2,2,5728.99,246537.83,0,2878,54656,5,2022-02-01,43.03338459309582,2.3237772474917944,4.510718493852459,85.66290132036136
64,3,2,4806.01,234067.84,0,2614,43381,8,2022-03-01,48.703152927272306,2.0532551588462558,5.3956303450819485,89.54393267023718
64,4,2,4809.48,200239.8,0,1861,45244,6,2022-04-01,41.634397065795056,2.401860169656582,4.425775793475378,107.59795808704996
64,5,2,7002.6,267334.97,0,3068,39203,7,2022-05-01,38.17653014594578,2.6194103973752485,6.819247761650893,87.13656127770534
64,6,2,4763.3,247676.67,0,3029,48046,8,2022-06-01,51.99686561837382,1.9231928465446504,5.154990425841902,81.76846153846154
64,7,2,5460.27,241236.23,0,3120,39003,7,2022-07-01,44.18027496808766,2.2634535450997557,6.185068584467862,77.3193044871795
64,8,2,4645.73,220098.05,0,2228,48428,6,2022-08-01,47.37641877595125,2.110754729539857,4.544851119187247,98.78727558348294
64,9,2,4205.17,220567.03,0,2976,40133,3,2022-09-01,52.45139435504391,1.9065270090457311,5.4959018762614305,74.11526545698925
64,10,2,4744.25,234476.58,0,2587,54047,3,2022-10-01,49.423318754281496,2.023336403149517,4.3383828889670095,90.6364824120603
64,11,2,18495.69,528138.31,1,5713,39090,6,2022-11-01,28.55466922293789,3.5020542251517406,13.510829112304938,92.44500437598461
64,12,2,18054.94,495874.75,1,4863,38070,7,2022-12-01,27.464768645035655,3.641028304022336,13.025341476228,101.96889779971211
64,1,3,19518.64,526073.88,1,5518,46279,2,2023-01-01,26.952383977572207,3.7102469333774946,11.367442684586962,95.33778180500181
64,2,3,5974.35,247240.55,0,2643,49492,6,2023-02-01,41.383673537707026,2.416411870949163,4.995565950052534,93.54542186908816
64,3,3,4467.26,213037.62,0,2695,46401,4,2023-03-01,47.688654790632285,2.096934804284802,4.591229068339044,79.04920964749536
64,4,3,5656.07,242530.64,0,2477,43071,8,2023-04-01,42.87970976313943,2.332105337288517,5.630949827029788,97.91305611626969
64,5,3,5758.08,225498.08,0,2257,40221,3,2023-05-01,39.16202623096588,2.553494025314983,5.606476218890629,99.91053610988037
64,6,3,5254.17,229062.83,0,2628,33704,5,2023-06-01,43.59638725050769,2.293768046085871,6.796309933539045,87.16241628614915
64,7,3,3652.6,202781.87,0,2538,42923,5,2023-07-01,55.517130263374035,1.8012458411592713,4.7243172658015515,79.8982939322301
64,8,3,5715.82,251203.91,0,3300,45606,2,2023-08-01,43.94888397465281,2.2753706341593167,5.508132921106872,76.12239696969696
64,9,3,6239.06,253672.27,0,2785,42213,7,2023-09-01,40.65873224492151,2.4594962626384036,6.009340013739843,91.08519569120287
64,10,3,4679.26,211960.86,0,2325,55439,3,2023-10-01,45.297944546787306,2.20760568720093,3.823316798643554,91.16596129032257
64,11,3,18726.52,515195.52,1,4932,51649,5,2023-11-01,27.51154619224501,3.634837507903795,9.974936978450696,104.45975669099757
64,12,3,17958.68,504776.01,1,5055,40416,6,2023-12-01,28.107634302743854,3.5577522790752276,12.489509352731591,99.85677744807121
65,1,1,18103.57,514367.8,1,4966,33995,3,2021-01-01,28.412506483527835,3.519576847539834,15.130689807324606,103.57788964961739
65,2,1,4031.11,200853.9,0,2238,43554,5,2021-02-01,49.82595364552195,2.0069861725363562,4.611606281857005,89.7470509383378
65,3,1,4233.23,203059.74,0,2605,59164,8,2021-03-01,47.968038589918336,2.084721471622095,3.432150294097762,77.9499961612284
65,4,1,4053.73,204850.41,0,2111,40708,4,2021-04-01,50.53380713565038,1.9788732665948776,5.032190478530019,97.03951207958313
65,5,1,4385.39,214884.49,0,1891,44266,4,2021-05-01,49.00008665135825,2.040812717567471,4.8543914064970854,113.63537281861448
65,6,1,3635.21,218870.63,0,3449,29844,8,2021-06-01,60.20852440436729,1.6608943831340002,7.333823549122101,63.45915627718179
65,7,1,4757.05,227543.39,0,2858,35241,7,2021-07-01,47.83287751863025,2.0906122564140404,6.456780170823757,79.61630160951715
65,8,1,5377.78,240393.02,0,3437,44871,3,2021-08-01,44.701162933403744,2.23707826458522,5.357425062958258,69.9426883910387
65,9,1,5561.97,229457.86,0,2251,40117,8,2021-09-01,41.254782028669695,2.4239614193211776,5.719716329735523,101.93596623722789
65,10,1,3416.57,191824.37,0,2409,52290,5,2021-10-01,56.14530655013654,1.7810927777320473,3.6684714094473128,79.62821502698215
65,11,1,18671.22,499629.0,1,4776,60635,6,2021-11-01,26.75931192498401,3.737016866514954,8.239943926774965,104.61243718592965
65,12,1,19106.9,508773.19,1,4343,45624,6,2021-12-01,26.627720352333448,3.755484835983595,11.151437620550588,117.14786783329495
65,1,2,18027.63,512179.94,1,5364,43420,7,2022-01-01,28.410830486314616,3.5197844726210876,11.795945186549977,95.48470171513796
65,2,2,5427.7,232428.85,0,2597,48675,5,2022-02-01,42.82271496213866,2.335209247905327,4.775117616846431,89.49897959183674
65,3,2,4324.65,216455.67,0,3117,32436,5,2022-03-01,50.0516041760605,1.9979379611538932,6.673315760266371,69.44358999037536
65,4,2,6411.66,245546.2,0,2637,42002,7,2022-04-01,38.296821727914455,2.611182742799522,5.8460597114423125,93.115737580584
65,5,2,5108.72,244938.05,0,3211,47413,8,2022-05-01,47.94509192126403,2.0857192257389165,5.16605255942463,76.28092494549983
65,6,2,2901.81,200065.27,0,3277,43941,6,2022-06-01,68.94499295267437,1.4504316516304905,4.553043171525454,61.051348794629234
65,7,2,5242.24,225863.54,0,2669,26296,8,2022-07-01,43.08531085947992,2.3209766392574913,8.589273653787648,84.62478081678532
65,8,2,3728.12,198999.57,0,2356,53224,6,2022-08-01,53.37799480703411,1.8734311837960254,3.738906696227266,84.46501273344653
65,9,2,6349.45,249427.13,0,2493,45912,5,2022-09-01,39.283265479687216,2.5456132217854566,5.432721946332114,100.05099478539913
65,10,2,4258.08,206930.04,0,2800,53164,8,2022-10-01,48.59702964716492,2.0577389343760815,3.8922962907230456,73.90358571428571
65,11,2,17619.73,487905.89,1,4731,38549,8,2022-11-01,27.690883458486596,3.611296842511985,12.656771641287712,103.12954766434159
65,12,2,17104.02,484410.41,1,5248,58722,7,2022-12-01,28.321436130219677,3.5308943918030167,8.249215115288989,92.30381288109756
65,1,3,18153.57,502870.69,1,4683,51125,2,2023-01-01,27.700925492892033,3.609987688882802,9.836101515892421,107.38216741405083
65,2,3,3917.52,226448.44,0,3182,44849,7,2023-02-01,57.804029079621806,1.7299832138388764,5.0491301924234655,71.16544311753614
65,3,3,5971.4,242363.84,0,2706,43071,4,2023-03-01,40.587440131292496,2.4638163844903596,5.627077151679784,89.56535107169253
65,4,3,5664.58,241775.11,0,3214,55690,6,2023-04-01,42.681912869091796,2.342912800246477,4.341445681450889,75.22560983198507
65,5,3,5346.62,247628.99,0,3216,48725,5,2023-05-01,46.31505324859444,2.1591252300467727,5.082175269368907,76.99906405472636
65,6,3,4573.59,229725.03,0,2916,44207,5,2023-06-01,50.228601601805146,1.9908975526088735,5.196575881647703,78.78087448559671
65,7,3,4529.23,225879.96,0,3008,54235,4,2023-07-01,49.87160289938908,2.0051491066316816,4.164837466580622,75.09307180851063
65,8,3,4516.37,222795.98,0,2270,58289,3,2023-08-01,49.33076342283737,2.0271326260016003,3.822264578222306,98.14800881057269
65,9,3,4003.22,212670.37,0,2910,47429,5,2023-09-01,53.124827014253526,1.8823590705183801,4.483973307470113,73.08260137457044
65,10,3,6268.54,269139.75,0,3491,45911,5,2023-10-01,42.93499762305098,2.3291022600712084,5.86220622508767,77.0953165282154
65,11,3,17579.1,491495.4,1,4835,48388,6,2023-11-01,27.95907640322884,3.57665605822557,10.157381995536085,101.65365046535678
65,12,3,18430.33,509007.0,1,5235,41007,4,2023-12-01,27.61789940820376,3.620840184909049,12.412685639037237,97.23151862464184
66,1,1,18302.53,514697.16,1,5844,30327,7,2021-01-01,28.121640013703026,3.5559803749451424,16.971581758828766,88.07275154004107
66,2,1,5876.21,240386.64,0,2688,50339,4,2021-02-01,40.90844949380639,2.4444827715883046,4.77535588708556,89.42955357142857
66,3,1,4447.57,235592.36,0,3237,55150,7,2021-03-01,52.97102912376871,1.8878243759687285,4.271846962828649,72.7810812480692
66,4,1,2886.15,192433.63,0,2999,38474,5,2021-04-01,66.6748540443151,1.4998158066238214,5.001653844154494,64.16593197732578
66,5,1,6202.92,246538.77,0,2827,47384,5,2021-05-01,39.74559884699464,2.516001844253543,5.202996159041026,87.20862044570215
66,6,1,3679.68,227924.41,0,3339,47964,3,2021-06-01,61.94136718410297,1.6144299770261554,4.751989200233509,68.2612788259958
66,7,1,4932.74,226410.07,0,3068,40619,2,2021-07-01,45.899453447779536,2.1786751799511386,5.573994189911126,73.79728487614081
66,8,1,6904.36,244323.07,0,3248,41742,4,2021-08-01,35.3867802374152,2.8259140653397976,5.853171146567007,75.22262007389163
66,9,1,4937.66,227381.62,0,2853,56435,7,2021-09-01,46.050481402121655,2.1715299591937116,4.029088686099052,79.69913073957238
66,10,1,3384.61,205195.62,0,2526,46956,7,2021-10-01,60.62607508693763,1.6494552856440112,4.369955277280859,81.23342042755344
66,11,1,20101.8,535771.69,1,5206,43279,4,2021-11-01,26.652921131440962,3.7519339627668646,12.379484045379975,102.9142700729927
66,12,1,17550.63,492463.75,1,4583,34647,5,2021-12-01,28.05960526773113,3.563842008675765,14.21374866510809,107.45445123281694
66,1,2,17916.72,509331.4,1,5110,51320,2,2022-01-01,28.427714447733738,3.5176939807755816,9.924618082618862,99.6734637964775
66,2,2,3069.93,198684.68,0,2578,46492,4,2022-02-01,64.7196124993078,1.545126680124507,4.273524047147896,77.06930954228083
66,3,2,1988.16,197036.74,0,3203,39269,6,2022-03-01,99.10507202639626,1.0090300925604028,5.017615421834017,61.5163097096472
66,4,2,3775.92,219837.04,0,2731,58940,2,2022-04-01,58.22078857602916,1.7175995455542887,3.7298445877163218,80.49690223361407
66,5,2,4954.51,225598.29,0,3222,39228,7,2022-05-01,45.53392565561478,2.1961646961065173,5.750950596512695,70.01809124767226
66,6,2,5731.35,234628.14,0,2617,55208,3,2022-06-01,40.93767436991285,2.442737686962868,4.249893855962904,89.65538402751243
66,7,2,4325.24,235390.68,0,2845,49647,3,2022-07-01,54.42257077063932,1.837472919488571,4.741287086833041,82.73837609841827
66,8,2,3996.81,219667.91,0,3326,50418,6,2022-08-01,54.960808744974116,1.8194783207069254,4.35693422983855,66.04567348165965
66,9,2,5503.35,244381.92,0,2669,45486,2,2022-09-01,44.40602905503012,2.2519464615058267,5.3726843424350355,91.5631022855002
66,10,2,3838.54,223001.25,0,3030,39591,3,2022-10-01,58.09533051629005,1.7213087370586486,5.632624838978556,73.59777227722772
66,11,2,20281.15,518200.8,1,4938,48544,3,2022-11-01,25.550858802385463,3.9137627730408755,10.67486816084377,104.94143377885783
66,12,2,18723.48,518181.01,1,5088,42092,4,2022-12-01,27.675464710620034,3.6133087933886268,12.310676850707972,101.84375196540881
66,1,3,18991.72,517879.61,1,5389,56187,5,2023-01-01,27.268704993544553,3.6672075195236977,9.217071742573905,96.09938949712377
66,2,3,4728.06,218691.92,0,2106,55717,4,2023-02-01,46.2540492294937,2.1619728794735535,3.925048369438412,103.84231718898386
66,3,3,6557.16,256287.45,0,3071,35037,7,2023-03-01,39.0851298427978,2.558517789302597,7.3147658189913525,83.45407033539564
66,4,3,6183.26,247879.69,0,2567,43989,8,2023-04-01,40.08883501583307,2.4944601149049364,5.635038077701243,96.56396182313985
66,5,3,4978.51,210042.34,0,2213,58074,3,2023-05-01,42.189799759365755,2.3702411618533676,3.6168051107208044,94.91294170808857
66,6,3,3226.86,214843.72,0,3221,48811,4,2023-06-01,66.57980823463056,1.5019568642732495,4.4015430947942065,66.70093759701956
66,7,3,3692.44,251386.12,0,4050,45132,7,2023-07-01,68.08130125337175,1.4688320898544438,5.570019498360365,62.07064691358025
66,8,3,5423.0,251610.18,0,3139,56259,2,2023-08-01,46.39686151576618,2.155318198969533,4.472354289980269,80.15615801210576
66,9,3,6584.94,245849.98,0,2460,46300,5,2023-09-01,37.33518908296811,2.67843828988719,5.309934773218143,99.9390162601626
66,10,3,2898.54,182096.78,0,2549,45512,2,2023-10-01,62.823621547399725,1.5917579651875229,4.001071805238179,71.43851706551588
66,11,3,19837.18,540198.2,1,5332,42002,6,2023-11-01,27.23160247575512,3.6722040169700683,12.861249464311221,101.31249062265566
66,12,3,19811.71,528992.19,1,5213,60424,2,2023-12-01,26.700985932057353,3.7451800564390187,8.754670164173175,101.47557836178783
67,1,1,15759.76,471155.11,1,5096,34716,7,2021-01-01,29.896084077422497,3.344919680484841,13.571699216499596,92.45586930926217
67,2,1,4231.51,236055.16,0,2809,38681,4,2021-02-01,55.78508853813414,1.7925937310584525,6.10261265220651,84.03530081879673
67,3,1,3257.86,223072.21,0,3241,39513,6,2021-03-01,68.4720061635552,1.460450855801357,5.64553969579632,68.82820425794507
67,4,1,4706.3,228587.43,0,2700,29268,3,2021-04-01,48.570518241506065,2.0588621167839367,7.8101486264862645,84.66201111111111
67,5,1,7271.78,264644.02,0,3185,44413,8,2021-05-01,36.39329297641018,2.7477590462841364,5.958706234661023,83.09074411302983
67,6,1,5641.55,231619.59,0,3087,40683,4,2021-06-01,41.05602006540755,2.4356963933836515,5.693277044465748,75.03064139941691
67,7,1,6207.22,236658.08,0,2615,35333,4,2021-07-01,38.126259420481304,2.6228641760298235,6.697933376729969,90.50022179732314
67,8,1,5109.67,244832.14,0,3087,57138,8,2021-08-01,47.91545050854556,2.0870094914826134,4.284926668766845,79.31070294784581
67,9,1,7126.55,254636.4,0,3012,45931,2,2021-09-01,35.73066911759547,2.7987161301369325,5.543889747664975,84.5406374501992
67,10,1,5930.43,243688.14,0,2416,36856,8,2021-10-01,41.09114178904397,2.4336145370061915,6.611898741046234,100.8642963576159
67,11,1,19215.65,511183.96,1,4785,27911,4,2021-11-01,26.602480790397408,3.759047916918207,18.314784851850526,106.83050365726228
67,12,1,20033.17,529439.54,1,5072,40813,6,2021-12-01,26.4281459199917,3.7838447049119144,12.972325974566928,104.38476735015773
67,1,2,19475.73,515496.12,1,5234,46272,7,2022-01-01,26.46864174025826,3.778055594288469,11.140562759336099,98.4898968284295
67,2,2,6412.81,253364.57,0,2949,51332,8,2022-02-01,39.50913406135532,2.531060282027594,4.935801644198551,85.91541878602916
67,3,2,4997.54,222426.55,0,2413,38509,8,2022-03-01,44.50720754611269,2.246827098653466,5.775962761951751,92.1784293410692
67,4,2,2201.01,163756.37,0,2350,35962,3,2022-04-01,74.40055701700582,1.344075958694004,4.553594627662533,69.68356170212766
67,5,2,4097.34,219813.33,0,2747,63561,7,2022-05-01,53.647812971342375,1.8640088842655722,3.4583050927455514,80.01941390607935
67,6,2,3253.09,197085.13,0,2214,34503,7,2022-06-01,60.58397708025293,1.6506014431428695,5.712115758050024,89.0176738934056
67,7,2,4536.16,223809.57,0,2727,47021,3,2022-07-01,49.33899377447004,2.02679447532114,4.7597790348993,82.07171617161717
67,8,2,2886.11,202343.34,0,2362,34244,7,2022-08-01,70.10936520091056,1.4263429673543988,5.908869875014601,85.6661049957663
67,9,2,3102.03,218459.44,0,2664,30031,2,2022-09-01,70.42467029654775,1.4199569494456272,7.2744643868003065,82.0042942942943
67,10,2,6315.8,234374.12,0,2568,50452,8,2022-10-01,37.10917381804364,2.6947514512267823,4.645487195750416,91.26718068535826
67,11,2,19421.86,507965.3,1,5030,49427,3,2022-11-01,26.15430756889402,3.8234619569486346,10.277081352297326,100.98713717693836
67,12,2,19241.54,527236.41,1,5221,41110,2,2022-12-01,27.40094659782949,3.649508955574597,12.82501605448796,100.98379812296496
67,1,3,19781.87,539152.49,1,5267,47789,8,2023-01-01,27.25487984705187,3.6690677251625043,11.281937056644834,102.36424719954434
67,2,3,6044.7,238761.3,0,2786,46311,7,2023-02-01,39.49928036130825,2.53169169375439,5.155606659324998,85.70039483129935
67,3,3,3529.87,207132.74,0,2265,48945,4,2023-03-01,58.679991047828956,1.7041584058608987,4.231948922259679,91.44933333333333
67,4,3,5866.03,230791.82,0,3372,31962,5,2023-04-01,39.34378446751892,2.5416975350339537,7.220819097678493,68.44360023724792
67,5,3,5302.41,237233.8,0,2639,59724,5,2023-05-01,44.74074996086685,2.2350988771414526,3.972168642421807,89.895339143615
67,6,3,4988.58,232795.48,0,2113,45576,7,2023-06-01,46.665680414065726,2.142902430923487,5.107852378444796,110.17296734500711
67,7,3,3597.65,213680.97,0,2305,41947,4,2023-07-01,59.39459647269745,1.683654843011991,5.094070374520228,92.70324078091106
67,8,3,4189.68,216350.4,0,2810,40555,4,2023-08-01,51.63888411525462,1.936525192465556,5.33474047589693,76.99302491103202
67,9,3,4266.63,212117.21,0,2610,34884,5,2023-09-01,49.715398335454445,2.0114492360143714,6.080644708175668,81.27096168582375
67,10,3,4270.4,221607.77,0,2862,46919,3,2023-10-01,51.89391391907081,1.9270082452433865,4.723198917282977,77.43108665269042
67,11,3,18141.92,509761.85,1,5863,61963,2,2023-11-01,28.09856123276919,3.558901082927253,8.226874909220019,86.94556541019955
67,12,3,19123.83,538057.69,1,5422,41811,8,2023-12-01,28.135456652773,3.554234119393406,12.868807012508668,99.23601807451124
68,1,1,18307.12,513068.72,1,4995,50649,8,2021-01-01,28.02563811238469,3.5681613956118783,10.129888447945664,102.71646046046045
68,2,1,4409.44,213369.52,0,2460,55719,6,2021-02-01,48.38925577851156,2.066574457307679,3.8293853084226206,86.73557723577235
68,3,1,1834.48,182699.12,0,2364,37605,6,2021-03-01,99.59177532597793,1.0040989797870947,4.858373088685015,77.28389170896784
68,4,1,5533.98,227474.62,0,2596,51320,5,2021-04-01,41.10506723912989,2.4327900844498607,4.432475058456742,87.62504622496148
68,5,1,3875.69,207838.25,0,2616,43123,7,2021-05-01,53.626128508730055,1.8647626218946705,4.819661201678919,79.44887232415903
68,6,1,5031.26,224262.4,0,2348,33143,8,2021-06-01,44.57380457380457,2.2434701492537314,6.766508765048426,95.51209540034071
68,7,1,4977.97,237285.44,0,3313,53331,2,2021-07-01,47.667109283503116,2.0978826176608223,4.449296656728732,71.62252942952007
68,8,1,5153.68,228076.3,0,2279,50572,4,2021-08-01,44.25503717731795,2.259629781787937,4.509932373645495,100.07735849056603
68,9,1,5123.08,218202.86,0,2344,47812,8,2021-09-01,42.59212426899443,2.3478519025827618,4.563767673387434,93.08995733788396
68,10,1,3895.63,231461.08,0,3275,61402,6,2021-10-01,59.41557078059261,1.683060495526937,3.769601641640337,70.67513893129771
68,11,1,18377.0,474283.79,1,3848,50348,3,2021-11-01,25.808553626816128,3.8746843951803625,9.420111821720823,123.25462318087318
68,12,1,16805.42,482223.25,1,4913,51710,2,2021-12-01,28.694507486275263,3.484987503194837,9.325531812028622,98.15250356197842
68,1,2,17740.3,490405.24,1,4794,57648,5,2022-01-01,27.643570852804068,3.6174776599042864,8.506890785456564,102.29562786816854
68,2,2,3912.4,226408.23,0,3422,50714,8,2022-02-01,57.86939730088948,1.7280290561875775,4.464412785424144,66.16254529514904
68,3,2,4000.77,227812.88,0,2705,40696,5,2022-03-01,56.94225861521657,1.7561649718839427,5.597918222921172,84.21917929759704
68,4,2,5052.09,246016.22,0,2647,44173,2,2022-04-01,48.69592980330913,2.0535597205745217,5.569379937971159,92.94152625613903
68,5,2,4763.74,227719.31,0,2803,53751,2,2022-05-01,47.802631965640444,2.091935022989486,4.236559505869658,81.24128077060293
68,6,2,5933.06,229613.82,0,2490,43370,2,2022-06-01,38.70074127010345,2.583929834885374,5.294300668664976,92.21438554216867
68,7,2,6327.88,246917.59,0,2800,50669,5,2022-07-01,39.02058667357788,2.5627497822249117,4.873149065503562,88.18485357142858
68,8,2,4130.35,221730.88,0,2733,28934,7,2022-08-01,53.68331497330734,1.862776172628729,7.663333102923896,81.13094767654592
68,9,2,3539.93,224428.63,0,3498,49543,8,2022-09-01,63.399171735034315,1.5773076723767372,4.529976585996003,64.15912807318468
68,10,2,5916.23,256045.27,0,3288,37898,8,2022-10-01,43.27845097300139,2.31061874331832,6.75616839938783,77.87264902676398
68,11,2,20977.86,543751.16,1,5109,42370,5,2022-11-01,25.920239719399405,3.8579890110027533,12.833400047203211,106.43005676257586
68,12,2,18879.39,515318.37,1,5136,41697,6,2022-12-01,27.295287082898337,3.6636361323583317,12.358643787322828,100.33457359813085
68,1,3,17257.56,495627.01,1,5159,50874,7,2023-01-01,28.719413984363953,3.4819651979822486,9.742245744388097,96.0703644117077
68,2,3,4237.17,212598.05,0,2101,42410,6,2023-02-01,50.174538666138005,1.9930427395735757,5.012922659750059,101.18898143741075
68,3,3,4309.17,239166.51,0,3593,29443,3,2023-03-01,55.50175787912754,1.8017447342439374,8.123034677172843,66.56457278040635
68,4,3,5109.25,221031.23,0,2234,52974,2,2023-04-01,43.26099329647209,2.3115511776322286,4.17244742703968,98.93967323187108
68,5,3,4628.27,221382.78,0,2025,45590,3,2023-05-01,47.83272799555773,2.090618791579002,4.855950427725379,109.32482962962963
68,6,3,6711.56,259455.04,0,3253,39871,6,2023-06-01,38.6579334759728,2.58679114500917,6.507362243234431,79.75869658776514
68,7,3,1759.66,190373.87,0,2819,45791,7,2023-07-01,108.18787152063466,0.9243180274687908,4.157451682645061,67.53241220290883
68,8,3,7063.5,252149.5,0,2254,58010,7,2023-08-01,35.69752955333758,2.8013142996515956,4.346655749008791,111.86756876663709
68,9,3,7069.87,247972.86,0,2704,36935,3,2023-09-01,35.07459967439288,2.8510660400497057,6.713763638824962,91.70593934911243
68,10,3,6865.42,249084.81,0,1857,53241,6,2023-10-01,36.281073845445725,2.7562579990325387,4.678439736293458,134.13290791599354
68,11,3,16600.69,491901.27,1,5415,54612,2,2023-11-01,29.631374960920304,3.3748012075675264,9.007201164579214,90.84049307479225
68,12,3,18661.34,505687.1,1,5248,43917,7,2023-12-01,27.09811299724457,3.6902938595823387,11.514609376778923,96.35806021341463
69,1,1,19190.92,510325.27,1,4599,59705,7,2021-01-01,26.592016953851097,3.760527085009919,8.547446110041035,110.96439878234399
69,2,1,7114.38,236464.7,0,2407,50140,5,2021-02-01,33.237569542251045,3.008643573438234,4.716088950937376,98.24042376402161
69,3,1,6957.62,273509.6,0,2985,49312,7,2021-03-01,39.31079880763824,2.5438302714054646,5.546512005191434,91.62800670016749
69,4,1,5108.78,224956.44,0,2706,50385,3,2021-04-01,44.0332995353098,2.271008556145359,4.464750223280738,83.13246119733925
69,5,1,3950.0,216035.55,0,2908,50371,4,2021-05-01,54.69254430379747,1.8284027790796469,4.288887455083282,74.29007909215956
69,6,1,5141.45,232148.27,0,2617,38260,2,2021-06-01,45.1522955586459,2.214726820923542,6.067649503397805,88.70778372181887
69,7,1,6628.26,255661.19,0,3191,38139,4,2021-07-01,38.57138826781086,2.5925953016177385,6.703405700201893,80.1194578502037
69,8,1,6231.62,254769.87,0,2812,43599,2,2021-08-01,40.883409129568236,2.4459799740055606,5.843479666964838,90.60094950213372
69,9,1,7214.5,271834.42,0,3245,45212,6,2021-09-01,37.67889943863053,2.6540053316279817,6.012439617800584,83.77023728813559
69,10,1,4485.07,232212.46,0,2617,56390,2,2021-10-01,51.774545324822135,1.9314510513346268,4.1179723355204825,88.73231180741307
69,11,1,19691.19,552851.54,1,5591,37628,7,2021-11-01,28.076085802838737,3.561750049570269,14.692557138301266,98.88240744052943
69,12,1,19150.02,499523.27,1,4703,56460,3,2021-12-01,26.084738814894187,3.8336592407396757,8.847383457314914,106.21375079736339
69,1,2,19274.99,523098.33,1,4952,45019,5,2022-01-01,27.138708243168995,3.6847737594574235,11.619501321664186,105.63375
69,2,2,4635.13,227695.26,0,2895,40665,8,2022-02-01,49.12381314008453,2.035672591515519,5.59929324972335,78.65121243523316
69,3,2,3394.32,208181.32,0,2886,53878,8,2022-03-01,61.332260953593064,1.6304632903663019,3.8639392702030513,72.13489951489952
69,4,2,6637.26,265432.55,0,2866,53992,4,2022-04-01,39.991284053962026,2.500544865352799,4.91614591050526,92.61428820655966
69,5,2,5537.98,229189.62,0,2852,51106,7,2022-05-01,41.38505736748779,2.4163310711890005,4.48459319845028,80.36101683029453
69,6,2,5749.03,232009.8,0,2774,69238,3,2022-06-01,40.3563383736039,2.477925501422785,3.3509026834975013,83.63727469358327
69,7,2,7341.03,269960.83,0,2963,40863,4,2022-07-01,36.774244213686636,2.719294499131596,6.606485818466584,91.11064124198448
69,8,2,4464.35,238796.09,0,2938,41865,7,2022-08-01,53.48955391042369,1.8695239105464418,5.7039553326167445,81.27845132743363
69,9,2,4626.41,230859.93,0,2922,20337,5,2022-09-01,49.90044764731185,2.00399003846185,11.351720017701725,79.00750513347022
69,10,2,5870.75,245271.22,0,3234,48723,5,2022-10-01,41.77851552186688,2.3935747536951135,5.033992570244033,75.84144094001238
69,11,2,18167.46,488329.29,1,4508,47241,2,2022-11-01,26.879337562873403,3.720329779931898,10.336980377214708,108.3250421472937
69,12,2,18334.17,510808.86,1,5488,41342,7,2022-12-01,27.861029978450077,3.5892427551080455,12.355688162159547,93.07741618075802
69,1,3,18924.64,513413.6,1,4974,32410,7,2023-01-01,27.129372077883648,3.6860418189155877,15.84120950323974,103.21946119823079
69,2,3,7009.28,270162.58,0,3263,59715,3,2023-02-01,38.54355654218408,2.594467375903798,4.524199614837143,82.7957646337726
69,3,3,5502.99,241931.44,0,2740,40015,5,2023-03-01,43.96363431516321,2.274607219301468,6.046018742971386,88.29614598540147
69,4,3,5824.83,254867.0,0,3049,44030,6,2023-04-01,43.755268394099055,2.28543907214351,5.788485123779242,83.59035749426042
69,5,3,3865.78,217675.61,0,3152,44743,3,2023-05-01,56.308328461526514,1.7759362199559245,4.865020450126276,69.05952093908628
69,6,3,3285.72,207632.69,0,2902,49158,8,2023-06-01,63.19244792617752,1.5824675777210226,4.223782293828065,71.54813576843556
69,7,3,4387.13,219004.15,0,2897,37802,5,2023-07-01,49.91968553473455,2.003217747243603,5.793454050050261,75.59687607870211
69,8,3,3944.53,216171.4,0,2821,48138,5,2023-08-01,54.80282822034564,1.8247233445312379,4.490660185300594,76.62935129386742
69,9,3,2934.17,205631.65,0,2987,38903,4,2023-09-01,70.0817096487252,1.4269058289421888,5.2857530267588615,68.84219953130231
69,10,3,6842.29,231974.71,0,2272,42218,5,2023-10-01,33.90308069374434,2.9495844611682025,5.494687337154768,102.1015448943662
69,11,3,18799.89,507291.64,1,4886,62058,8,2023-11-01,26.98375575601772,3.705933336492594,8.174476135228335,103.82555055259927
69,12,3,18534.3,504428.67,1,5171,58566,7,2023-12-01,27.215954743367703,3.674315339768455,8.612995082471057,97.5495397408625
70,1,1,18359.94,488113.82,1,4448,45824,2,2021-01-01,26.585806925294964,3.7614054853025873,10.651925192039107,109.73781924460432
70,2,1,5294.96,228828.74,0,3229,40932,3,2021-02-01,43.21633024612084,2.3139401108444684,5.590460764194273,70.86675131619697
70,3,1,7360.92,267124.47,0,2852,35374,4,2021-03-01,36.28954940415056,2.7556142647657853,7.5514352349183005,93.66215638148667
70,4,1,4313.61,230549.06,0,2748,70591,8,2021-04-01,53.44689482822972,1.8710160865544192,3.2659837656358457,83.89703784570597
70,5,1,5169.69,221832.06,0,2186,43048,3,2021-05-01,42.91012807344348,2.330452144744091,5.153132782010778,101.47852698993596
70,6,1,4394.2,223513.23,0,2676,53736,2,2021-06-01,50.865511355878205,1.9659686363979436,4.159469071013846,83.52512331838565
70,7,1,4727.31,238072.99,0,3128,33134,5,2021-07-01,50.3611969597932,1.9856557436439979,7.185156938492183,76.11029092071611
70,8,1,4485.67,227471.33,0,3368,43272,3,2021-08-01,50.71066975501987,1.971971588683286,5.256778748382326,67.5389934679335
70,9,1,4739.79,234048.55,0,2931,42623,4,2021-09-01,49.379518923834176,2.025131110617861,5.491132721769936,79.8527976799727
70,10,1,5294.51,205660.31,0,2574,38822,7,2021-10-01,38.84406866735543,2.574395613815811,5.297519705321725,79.89911033411033
70,11,1,18186.66,494398.2,1,4758,35789,7,2021-11-01,27.184661724582746,3.6785449461587842,13.814250188605438,103.90882723833543
70,12,1,18321.56,505275.63,1,4980,40237,3,2021-12-01,27.57819912714856,3.626052576491766,12.557487635758132,101.46096987951807
70,1,2,17446.78,491804.45,1,4831,41566,7,2022-01-01,28.18883771102748,3.5475034843625344,11.8318926526488,101.80179051956117
70,2,2,5583.41,245709.3,0,2922,33574,4,2022-02-01,44.00703154523848,2.2723641311094047,7.318439864180616,84.0894250513347
70,3,2,7570.01,265829.96,0,3189,47399,7,2022-03-01,35.11619667609422,2.8476888007657224,5.608345323741007,83.3584070241455
70,4,2,6761.35,258144.48,0,2381,32727,3,2022-04-01,38.179428664393946,2.6192115361134203,7.887813731781098,108.41851322973541
70,5,2,6252.73,228474.32,0,2430,39181,7,2022-05-01,36.539930558332124,2.736732075622328,5.831252903192874,94.02235390946502
70,6,2,5621.65,227329.08,0,2013,62340,5,2022-06-01,40.4381418266879,2.4729128363164095,3.6466005774783445,112.93049180327868
70,7,2,3965.42,217332.25,0,2717,48726,4,2022-07-01,54.80686787276001,1.8245888495609832,4.460293272585478,79.98978652926021
70,8,2,4414.58,204591.47,0,1891,42579,6,2022-08-01,46.3444925678094,2.1577536932502612,4.80498532140257,108.19221047065045
70,9,2,4914.34,222993.05,0,2579,37032,7,2022-09-01,45.375991486140556,2.2038085940346575,6.021631291855692,86.46492826677006
70,10,2,4556.06,211466.53,0,2249,45500,6,2022-10-01,46.41434265571568,2.1545064365505033,4.647616043956044,94.02691418408182
70,11,2,19085.16,492021.82,1,4137,50462,3,2022-11-01,25.780335087575896,3.8789255322050553,9.750343228568031,118.93203287406334
70,12,2,19722.3,527899.94,1,4844,54218,2,2022-12-01,26.7666519624993,3.7359920897130623,9.736617728429671,108.98016928158546
70,1,3,18582.35,508564.93,1,5132,48169,8,2023-01-01,27.36817087182192,3.6538795547699285,10.55792999647076,99.09682969602494
70,2,3,5136.83,242650.04,0,3289,40950,8,2023-02-01,47.23731172727149,2.1169705968315524,5.925519902319903,73.77623593797507
70,3,3,2832.76,199814.99,0,3263,43930,3,2023-03-01,70.53721105917903,1.4176914354623746,4.548486000455269,61.23658902850138
70,4,3,5834.14,231132.3,0,1886,51287,2,2023-04-01,39.6172015069916,2.524156078574912,4.50664495876148,122.55159066808059
70,5,3,6542.26,257579.73,0,2529,40491,4,2023-05-01,39.371674314380655,2.5398970641051606,6.3614069793287396,101.85042704626335
70,6,3,6555.42,252724.29,0,3117,47648,4,2023-06-01,38.55196005747916,2.5939018366616042,5.30398526695769,81.07933589990375
70,7,3,4669.33,214666.68,0,2643,43967,2,2023-07-01,45.97376497270486,2.175153591605367,4.882450019332681,81.22083995459704
70,8,3,6702.45,245175.2,0,3210,49349,8,2023-08-01,36.57993718714798,2.7337389752307737,4.96818983160753,76.37856697819315
70,9,3,3903.41,241382.74,0,3560,32420,4,2023-09-01,61.83894082353634,1.6171040232619782,7.445488587291795,67.8041404494382
70,10,3,3909.83,207930.44,0,2890,43049,7,2023-10-01,53.181452902044335,1.8803547955749047,4.830087574624265,71.9482491349481
70,11,3,19503.96,506064.72,1,5453,51389,7,2023-11-01,25.94676773332185,3.854044597299729,9.847724610325166,92.80482670089859
70,12,3,18530.7,493933.66,1,4502,48718,6,2023-12-01,26.65488405726713,3.7516576618811524,10.138627611970934,109.71427365615281
71,1,1,19653.03,507811.54,1,4558,52580,2,2021-01-01,25.838842153092934,3.8701424548169974,9.65788398630658,111.41104431768319
71,2,1,4530.15,205798.32,0,2870,34297,6,2021-02-01,45.428588457335856,2.2012570365005892,6.000475843368225,71.70673170731708
71,3,1,2687.53,181397.7,0,2172,42421,6,2021-03-01,67.49606516020286,1.4815678478834076,4.276129747059239,83.5164364640884
71,4,1,5425.71,242673.62,0,2886,59155,3,2021-04-01,44.72661089516395,2.2358054410693673,4.102334882934663,84.08649341649341
71,5,1,4028.35,222086.39,0,2664,40915,8,2021-05-01,55.13085754713469,1.8138662166555994,5.4279943785897595,83.36576201201201
71,6,1,5089.56,218182.9,0,2157,52119,4,2021-06-01,42.868715566768046,2.3327034336788084,4.186244939465454,101.15108947612424
71,7,1,4492.9,214698.0,0,2142,37161,7,2021-07-01,47.78606245409424,2.0926603880800005,5.777508678453217,100.23249299719888
71,8,1,3248.76,203848.15,0,2448,44767,2,2021-08-01,62.746447875497104,1.5937157143687593,4.553536086849689,83.27130310457517
71,9,1,4540.82,231851.38,0,2948,47564,2,2021-09-01,51.05936372725631,1.9585046248161213,4.874513918089312,78.64700814111262
71,10,1,7138.18,246920.26,0,2715,42701,8,2021-10-01,34.59148690562581,2.8908846928964027,5.782540455727032,90.94668876611418
71,11,1,19565.02,523473.36,1,5432,35762,8,2021-11-01,26.755575000690005,3.737538811908213,14.637698115317935,96.36843888070692
71,12,1,17846.58,494602.75,1,4513,29236,6,2021-12-01,27.714147472512938,3.608265421087934,16.917593035983035,109.59511411477952
71,1,2,18634.83,491665.66,1,4568,45775,3,2022-01-01,26.384231034036798,3.7901426754107668,10.740921026761333,107.63258756567426
71,2,2,3391.38,205249.58,0,2768,40991,3,2022-02-01,60.52096196828429,1.6523200680849142,5.007186455563416,74.1508598265896
71,3,2,4257.55,197140.8,0,2426,34488,5,2022-03-01,46.30381322591631,2.159649347065651,5.716214335421015,81.26166529266281
71,4,2,4132.71,227474.47,0,2550,52317,2,2022-04-01,55.04244672382045,1.8167797027947796,4.348002943593861,89.20567450980393
71,5,2,5520.77,219479.32,0,2457,49027,6,2022-05-01,39.75520081437915,2.5153941610535338,4.47670304118139,89.32817256817258
71,6,2,4121.67,220879.41,0,2423,54360,4,2022-06-01,53.589785208422796,1.8660272589464086,4.063270971302428,91.15947585637639
71,7,2,4192.7,210595.94,0,2627,46131,4,2022-07-01,50.22919359839722,1.990874088075962,4.565171793371052,80.16594594594595
71,8,2,5470.08,233736.78,0,2890,45745,8,2022-08-01,42.730047823797825,2.3402735333309543,5.109559077494808,80.8777785467128
71,9,2,6223.33,237449.75,0,2427,46461,4,2022-09-01,38.15477405183399,2.620904001794064,5.110732657497686,97.83673259167696
71,10,2,4882.3,213365.22,0,2669,48697,5,2022-10-01,43.70178399524814,2.2882361052096494,4.381485923157484,79.94200824278757
71,11,2,17051.34,484782.96,1,4575,53461,3,2022-11-01,28.430783738990602,3.5173142224305907,9.067974037148575,105.96348852459016
71,12,2,17386.23,497602.23,1,4776,38004,5,2022-12-01,28.620478965250086,3.4940016245505974,13.09341727186612,104.1880716080402
71,1,3,20660.02,523185.05,1,4213,38299,4,2023-01-01,25.32355002560501,3.9488934173482213,13.660540745189168,124.18349157370045
71,2,3,3518.53,208643.07,0,2461,57234,3,2023-02-01,59.29836323691996,1.6863871874584668,3.6454392493972114,84.77979276716782
71,3,3,4142.35,229179.36,0,2995,37951,8,2023-03-01,55.325928518835916,1.8074707949267337,6.0388226924191715,76.52065442404006
71,4,3,4459.05,219858.25,0,2064,47679,7,2023-04-01,49.30607416377928,2.0281476815175234,4.611217726881856,106.52046996124031
71,5,3,4946.85,235739.55,0,2782,54993,7,2023-05-01,47.654477091482455,2.098438721886082,4.286719218809666,84.73743709561467
71,6,3,2224.74,194942.38,0,3117,48775,4,2023-06-01,87.62479211053876,1.141229526386207,3.9967684264479755,62.54166827077318
71,7,3,5546.78,241109.38,0,3353,34952,7,2023-07-01,43.46835100725106,2.3005243512301345,6.898299954222934,71.90855353414852
71,8,3,7302.58,236742.72,0,2001,40448,7,2023-08-01,32.41905189672691,3.084605938463493,5.8530142405063295,118.31220389805098
71,9,3,4448.88,213055.32,0,2482,37019,3,2023-09-01,47.88965312618007,2.088133729774971,5.755296469380588,85.84017727639001
71,10,3,3889.55,217455.95,0,3365,49635,4,2023-10-01,55.9077399699194,1.7886611058469541,4.381101037574292,64.62286775631502
71,11,3,16762.94,485560.98,1,5463,45134,3,2023-11-01,28.96633764721463,3.452283171518436,10.758208445960916,88.88174629324547
71,12,3,17253.21,475757.89,1,4504,28631,8,2023-12-01,27.57503618167286,3.626468496402655,16.616879955293214,105.63008214920072
72,1,1,18969.77,513363.29,1,4814,58543,4,2021-01-01,27.062177875641083,3.695194099289803,8.768995268435168,106.63965309513917
72,2,1,5300.76,233279.8,0,2705,48201,4,2021-02-01,44.00874591568001,2.272275610661532,4.839729466193647,86.24022181146026
72,3,1,5490.05,249854.67,0,3906,52289,7,2021-03-01,45.51045436744656,2.1972973328855527,4.778340951251698,63.966889400921666
72,4,1,3350.62,216562.76,0,2978,33998,6,2021-04-01,64.63363795357277,1.547181980872427,6.369867639272899,72.72087306917395
72,5,1,5429.0,244110.0,0,3199,49021,8,2021-05-01,44.96408178301713,2.2239973782311253,4.979702576446829,76.30822131916224
72,6,1,6259.94,241378.3,0,2598,51504,5,2021-06-01,38.5592034428445,2.593414569578127,4.686593274308791,92.90927636643572
72,7,1,5245.44,236373.12,0,2753,57731,7,2021-07-01,45.06259150805271,2.219135576837163,4.094388110373976,85.86019614965493
72,8,1,5222.3,232037.54,0,2760,38437,4,2021-08-01,44.43205867146659,2.2506272045462987,6.036827535967948,84.07157246376812
72,9,1,5901.01,256923.07,0,3536,51307,2,2021-09-01,43.53882979354382,2.296800361291028,5.007563685267118,72.65923925339366
72,10,1,5042.49,239531.15,0,3323,40804,8,2021-10-01,47.502553302039274,2.1051499982361372,5.870286001372414,72.0828016852242
72,11,1,19259.92,526814.79,1,5023,37918,2,2021-11-01,27.3529064502864,3.655918619900553,13.893527875942825,104.8805076647422
72,12,1,19781.25,515931.4,1,4995,41705,7,2021-12-01,26.081840126382307,3.834085306689998,12.37097230547896,103.28956956956958
72,1,2,19525.19,523204.28,1,5433,53662,2,2022-01-01,26.796373300336644,3.731848294513187,9.74999590026462,96.3011743051721
72,2,2,4288.63,233302.49,0,2843,48040,4,2022-02-01,54.40023737184136,1.8382272730994,4.856421523730225,82.06207879001055
72,3,2,4874.11,224312.46,0,3032,37862,6,2022-03-01,46.02121412934874,2.1729109475238246,5.924474671174265,73.9816820580475
72,4,2,7328.02,260418.14,0,2467,56902,6,2022-04-01,35.53731294401489,2.8139437598317842,4.576607852096587,105.56065666801784
72,5,2,5489.49,250078.79,0,3327,54732,8,2022-05-01,45.55592413867227,2.195104190963176,4.569151319155156,75.16645326119628
72,6,2,5659.69,255277.22,0,3094,39067,7,2022-06-01,45.10445271737498,2.217076008583923,6.534344075562495,82.50718164188753
72,7,2,4070.29,207214.94,0,2717,42494,2,2022-07-01,50.90913423859234,1.9642840424536956,4.876334070692333,76.26608023555391
72,8,2,4849.98,231980.74,0,3259,41392,6,2022-08-01,47.831277654753215,2.0906821833571185,5.604482508697332,71.18157103405953
72,9,2,3620.62,220252.04,0,3310,51825,5,2022-09-01,60.832686114532876,1.6438531057419488,4.249918765074771,66.54140181268882
72,10,2,5061.1,236930.76,0,3028,46509,3,2022-10-01,46.81408389480548,2.1361093004555425,5.094299167902987,78.24661822985469
72,11,2,17709.0,523392.77,1,5303,44665,6,2022-11-01,29.555184934214243,3.3835010751103805,11.718185827829396,98.69748632849331
72,12,2,19612.32,515009.5,1,4886,46628,5,2022-12-01,26.259488933486708,3.808147228352098,11.045069486145664,105.40513712648384
72,1,3,19425.61,504967.51,1,5003,44965,3,2023-01-01,25.99493709592646,3.846902942329894,11.230234849327255,100.93294223465921
72,2,3,5793.81,238650.55,0,3501,51343,4,2023-02-01,41.19060687181664,2.4277379624727455,4.648161385193697,68.1663953156241
72,3,3,6016.61,245198.85,0,2482,56114,8,2023-03-01,40.75365529758452,2.4537676257453898,4.369655522685961,98.7908340048348
72,4,3,5695.87,240556.45,0,3277,53295,8,2023-04-01,42.23348671932471,2.367789348404501,4.513677643306126,73.40752212389381
72,5,3,3195.56,223716.56,0,3198,36190,8,2023-05-01,70.00856187960795,1.428396717703866,6.181723127935894,69.95514696685429
72,6,3,4897.64,219751.89,0,2777,45806,2,2023-06-01,44.86893483392001,2.228713482282223,4.79744771427324,79.13283759452648
72,7,3,4195.67,207255.56,0,2531,40036,6,2023-07-01,49.39748836300281,2.0243944239662377,5.176729943051254,81.88682734097195
72,8,3,3453.37,213625.42,0,3031,50287,6,2023-08-01,61.85998604261924,1.6165538726617832,4.248124167279814,70.48017815902342
72,9,3,4869.69,250935.34,0,3542,37153,3,2023-09-01,51.53004400690804,1.9406154589465157,6.754107070761446,70.84566346696782
72,10,3,4911.1,232108.12,0,2918,41549,7,2023-10-01,47.26194131660931,2.115867381115318,5.586370791114106,79.54356408498971
72,11,3,19968.66,515604.41,1,4963,34447,5,2023-11-01,25.820681507922913,3.8728644698752674,14.96804975759863,103.88966552488414
72,12,3,17476.16,477601.52,1,4879,43199,2,2023-12-01,27.3287449874572,3.65915083352331,11.055846663117203,97.88922320147572
73,1,1,19055.33,518124.85,1,4731,42148,2,2021-01-01,27.19054721172501,3.6777487124966117,12.292987804878049,109.51698372437116
73,2,1,2671.23,214228.33,0,3136,43986,6,2021-02-01,80.19838426492664,1.2469079136265497,4.8703753467012225,68.31260522959184
73,3,1,3978.11,196182.75,0,2858,48394,7,2021-03-01,49.315566940079584,2.027757282431814,4.053865148572137,68.64336948915326
73,4,1,5010.07,213199.76,0,2378,48888,8,2021-04-01,42.55424774504149,2.3499416697279583,4.3609834724267715,89.65507148864593
73,5,1,5468.02,222500.83,0,2232,42163,5,2021-05-01,40.6912977640901,2.457527911244197,5.277158409031615,99.68675179211469
73,6,1,5094.41,227355.76,0,2549,38933,7,2021-06-01,44.62847709548309,2.2407217657472147,5.839667120437675,89.19409964692036
73,7,1,3689.06,210265.72,0,2880,46441,3,2021-07-01,56.997099532130136,1.754475242088915,4.527588122564113,73.00893055555555
73,8,1,3611.82,207545.98,0,2642,61521,8,2021-08-01,57.462990957467426,1.7402505218361735,3.373579428162741,78.5563890991673
73,9,1,4481.26,223000.82,0,2839,42573,7,2021-09-01,49.762972913867976,2.0095262429976715,5.238080943320885,78.54907361747094
73,10,1,6878.7,257701.15,0,3125,59485,5,2021-10-01,37.46364138572695,2.669254677365623,4.332203916953854,82.464368
73,11,1,17890.64,506820.46,1,4980,45373,3,2021-11-01,28.328805453577964,3.5299758813998947,11.170089260132679,101.77117670682732
73,12,1,17367.45,495383.64,1,5082,44641,7,2021-12-01,28.523683096827686,3.5058586109141596,11.097055173495217,97.47808736717828
73,1,2,19151.31,516210.57,1,4242,40346,8,2022-01-01,26.954321662591227,3.7099802121448233,12.794591037525405,121.6903748231966
73,2,2,5905.99,254376.36,0,3028,56587,4,2022-02-01,43.07090936489902,2.3217526974597797,4.495314471521727,84.00804491413474
73,3,2,5585.47,250752.25,0,3542,39145,3,2022-03-01,44.893670541601686,2.2274854961421084,6.405728700983523,70.79397233201581
73,4,2,4144.69,234686.39,0,2888,43010,2,2022-04-01,56.62338799765484,1.7660546911135322,5.456554057196001,81.26260041551247
73,5,2,3115.0,193213.81,0,2360,50491,5,2022-05-01,62.02690529695024,1.612203599732338,3.8266980253906637,81.87025847457627
73,6,2,4549.88,219525.82,0,2534,49516,4,2022-06-01,48.24870546036379,2.072594467475398,4.4334320219726955,86.63213101815312
73,7,2,5870.94,226014.29,0,2216,63607,3,2022-07-01,38.49712141496933,2.597596815670372,3.553292719354788,101.99200812274368
73,8,2,2905.95,202784.63,0,2538,60301,3,2022-08-01,69.7825599201638,1.433022808484055,3.3628734183512714,79.89938140267928
73,9,2,3652.01,205777.62,0,2315,41759,3,2022-09-01,56.346401022998286,1.774736241968393,4.927743001508657,88.88882073434125
73,10,2,4741.17,197915.85,0,1772,42476,8,2022-10-01,41.74409481204007,2.3955484111050227,4.6594747622186645,111.69066027088036
73,11,2,18094.22,512368.08,1,5605,40244,7,2022-11-01,28.316671290611033,3.531488534570694,12.731539608388829,91.41268153434434
73,12,2,20190.45,545403.31,1,5523,64784,8,2022-12-01,27.012934828099425,3.701930228476244,8.418796462089405,98.751278290784
73,1,3,19890.68,537188.08,1,5686,46990,4,2023-01-01,27.007024395344953,3.702740388431553,11.43196595020217,94.47556806190643
73,2,3,4959.1,220079.26,0,2940,30428,5,2023-02-01,44.378871166139014,2.2533245522544925,7.232787564085711,74.8568911564626
73,3,3,4922.32,218857.36,0,2149,46543,6,2023-03-01,44.462237318987796,2.249099596193612,4.702261564574694,101.84148906468124
73,4,3,5833.76,241005.22,0,2873,37767,3,2023-04-01,41.31215888209319,2.4205948734222438,6.381370508645113,83.88625826662026
73,5,3,6025.31,253633.18,0,2976,35428,8,2023-05-01,42.094627496344586,2.3756000693600106,7.1591165180083545,85.22620295698924
73,6,3,3626.28,202922.01,0,2481,40635,6,2023-06-01,55.95872629802442,1.7870313821551445,4.993774086378738,81.79041112454655
73,7,3,3935.82,206824.95,0,2240,43894,6,2023-07-01,52.54939250270592,1.9029715708863946,4.711918485442202,92.33256696428572
73,8,3,4334.89,216214.95,0,2711,53440,5,2023-08-01,49.877840037463464,2.004898366186057,4.0459384356287424,79.75468461822206
73,9,3,4555.85,219406.64,0,2461,35899,7,2023-09-01,48.15932043416706,2.076441259936345,6.111775815482326,89.1534498171475
73,10,3,3137.64,222396.34,0,3309,55656,8,2023-10-01,70.88013283869405,1.4108325703561488,3.9959095155958027,67.20953158053793
73,11,3,16754.48,499374.9,1,5090,41307,5,2023-11-01,29.805455018598014,3.355090534185839,12.089352894182584,98.10901768172889
73,12,3,18059.07,491773.64,1,5205,38078,3,2023-12-01,27.231393421698904,3.6722322082981105,12.914902043174537,94.48100672430355
74,1,1,19754.8,530004.01,1,4874,41138,8,2021-01-01,26.82912557960597,3.7272925538808654,12.883562885896252,108.74107714402955
74,2,1,5373.06,234521.63,0,2789,42554,8,2021-02-01,43.64768493186378,2.291072256320238,5.5111535930817315,84.08807099318753
74,3,1,5093.38,223801.3,0,2367,39778,8,2021-03-01,43.93964322316418,2.2758491572658426,5.6262582331942275,94.55061258977608
74,4,1,5454.28,237390.7,0,2884,32801,8,2021-04-01,43.523746488995805,2.2975963253825866,7.237300692052072,82.3130027739251
74,5,1,8233.02,289127.01,0,3821,41898,3,2021-05-01,35.117977364320744,2.847544406176372,6.900735357296291,75.66789060455379
74,6,1,6576.0,239535.18,0,2772,37104,4,2021-06-01,36.42566605839416,2.745316992685584,6.455777813712807,86.41240259740259
74,7,1,3115.5,221591.03,0,2970,41211,8,2021-07-01,71.12535066602472,1.4059684636151564,5.3769874548057555,74.6097744107744
74,8,1,6208.81,238856.61,0,2688,35279,4,2021-08-01,38.470594204042314,2.5993879759073866,6.7705039825391875,88.86034598214285
74,9,1,2398.66,207140.74,0,2933,51731,3,2021-09-01,86.35685757881484,1.1579856285151826,4.004189750826391,70.62418683941357
74,10,1,4716.45,213379.14,0,2759,42367,5,2021-10-01,45.241471869732536,2.2103613314778565,5.036446762810678,77.33930409568684
74,11,1,18869.2,521390.66,1,5076,34084,6,2021-11-01,27.631837067814214,3.619013812023407,15.297226264522942,102.71683609141056
74,12,1,20268.46,518882.29,1,4672,56612,4,2021-12-01,25.60047926680172,3.906176871058752,9.165588391153818,111.06213398972602
74,1,2,17784.24,500013.72,1,4556,33449,2,2022-01-01,28.115551746939982,3.556750402768948,14.94854016562528,109.74840210711149
74,2,2,5036.23,220450.4,0,2528,37794,5,2022-02-01,43.77290155533008,2.284518422284559,5.832947028628883,87.20348101265823
74,3,2,5202.9,234529.94,0,2803,52887,6,2022-03-01,45.07677256914413,2.2184374412921435,4.434547998562974,83.67104530859793
74,4,2,5154.6,227194.35,0,2122,48134,7,2022-04-01,44.07603887789547,2.268806420582202,4.720038849877426,107.06614043355326
74,5,2,4516.52,230931.53,0,3042,43384,8,2022-05-01,51.13041235287345,1.955783170881863,5.322965378941546,75.91437541091388
74,6,2,4522.09,235595.52,0,2675,48694,3,2022-06-01,52.09881271712858,1.9194295375395933,4.83828644186142,88.07309158878505
74,7,2,3192.76,211850.13,0,3606,51991,2,2022-07-01,66.35328994349716,1.5070842769839226,4.074746206074129,58.74934276206323
74,8,2,4668.73,210965.69,0,2671,45329,7,2022-08-01,45.1869544822682,2.2130280994980747,4.654099803657703,78.98378509921378
74,9,2,6547.29,259056.41,0,3260,62233,2,2022-09-01,39.566967401779976,2.5273607396937217,4.162685552681054,79.4651564417178
74,10,2,7438.31,250759.76,0,2462,45580,5,2022-10-01,33.71192649943334,2.966309267483746,5.501530495831505,101.85205523964257
74,11,2,18059.68,496348.26,1,4818,53858,8,2022-11-01,27.483779336067972,3.638509783433108,9.215868766014335,103.01956413449564
74,12,2,20235.56,517776.55,1,4799,45557,4,2022-12-01,25.587458414790593,3.908164632021285,11.365466338872181,107.89259220670972
74,1,3,19298.86,523640.94,1,5435,45813,5,2023-01-01,27.13325761210766,3.6855139706990827,11.429963984022002,96.34607911683533
74,2,3,2691.71,204898.38,0,3029,42302,6,2023-02-01,76.12201165801665,1.3136804693136177,4.8437043165807765,67.64555298778475
74,3,3,2164.69,191740.76,0,2697,32261,7,2023-03-01,88.57654444747286,1.1289670490510206,5.943422708533523,71.09408972932889
74,4,3,4422.22,224528.36,0,2897,45775,4,2023-04-01,50.77277023757298,1.9695596582988448,4.905043364281813,77.50374870555747
74,5,3,3821.42,212746.63,0,2486,45086,4,2023-05-01,55.672140199192974,1.7962305677885475,4.718684957636517,85.57788817377313
74,6,3,7778.66,264490.26,0,2904,43670,6,2023-06-01,34.002033769312455,2.9410005495098384,6.05656652163957,91.0779132231405
74,7,3,5655.48,230759.75,0,2688,41620,2,2023-07-01,40.80285846647853,2.45080868739024,5.544443777030274,85.8481212797619
74,8,3,3631.95,195870.71,0,2572,40694,6,2023-08-01,53.92990266936494,1.85425886289992,4.813257728412051,76.15501944012442
74,9,3,6912.41,256008.57,0,2614,51986,4,2023-09-01,37.03608003576177,2.700069767195684,4.924567575885815,97.93747895944912
74,10,3,5084.65,235682.35,0,3009,60061,5,2023-10-01,46.35173512434485,2.1574165396772393,3.9240497161219428,78.32580591558657
74,11,3,18369.07,510040.21,1,4995,57350,3,2023-11-01,27.766251094911176,3.6014944782490774,8.893464864864866,102.11015215215215
74,12,3,19481.95,511382.17,1,4673,49267,5,2023-12-01,26.24902384001601,3.809665479733093,10.379811435646578,109.43337684570939
75,1,1,18106.62,529245.57,1,5226,33097,2,2021-01-01,29.229396209784046,3.4212133320265674,15.99074145692963,101.27163605051663
75,2,1,3150.6,219766.42,0,2862,40228,7,2021-02-01,69.75383101631436,1.4336130151276067,5.463021278711346,76.78770789657582
75,3,1,5553.04,239570.13,0,2659,38669,5,2021-03-01,43.14215816921902,2.317918348168029,6.195405363469446,90.09783001128244
75,4,1,5203.9,235664.02,0,2807,46273,5,2021-04-01,45.28603931666635,2.2081860438432646,5.092905582088907,83.95583184894905
75,5,1,4094.94,221426.9,0,2969,53755,7,2021-05-01,54.07329533521858,1.8493417014825209,4.119187052367222,74.57962276860896
75,6,1,2477.24,212891.06,0,3101,30707,2,2021-06-01,85.93881093474997,1.163618613200573,6.932981404891393,68.6523895517575
75,7,1,4218.11,229874.63,0,3408,34878,3,2021-07-01,54.497068592331644,1.8349610829172402,6.590820287860542,67.45147593896714
75,8,1,3364.48,210559.74,0,2922,34657,5,2021-08-01,62.583145092257936,1.5978743134846196,6.075532792797992,72.06014373716633
75,9,1,4218.77,216588.66,0,2741,35992,4,2021-09-01,51.33929083595455,1.94782589263907,6.017688930873527,79.01811747537396
75,10,1,5884.33,235578.61,0,2913,43968,5,2021-10-01,40.03490796743215,2.4978201543849847,5.357956013464338,80.87147614143494
75,11,1,17361.51,472174.13,1,4441,42521,6,2021-11-01,27.19660501880309,3.676929525978054,11.104492603654665,106.32157847331682
75,12,1,17035.73,498447.44,1,5072,38937,6,2021-12-01,29.25894223493798,3.4177585504301113,12.801382746487917,98.27433753943218
75,1,2,19437.67,512006.05,1,4747,54198,8,2022-01-01,26.3409168897301,3.796375062364985,9.446954684674711,107.85886875921635
75,2,2,4567.25,208990.82,0,1737,35905,6,2022-02-01,45.75856806612294,2.185383070892779,5.820660632223924,120.31710995970063
75,3,2,5172.96,219432.36,0,2084,44571,6,2022-03-01,42.41911014196901,2.357428047531367,4.923209261627515,105.29383877159309
75,4,2,5621.47,250086.76,0,3097,53534,5,2022-04-01,44.48778700233213,2.2478079207391866,4.671550042963351,80.75129480142073
75,5,2,4718.37,231693.35,0,2659,67584,2,2022-05-01,49.10453186163866,2.0364719142780747,3.42822783499053,87.13552087250847
75,6,2,5788.36,228609.89,0,3101,48899,5,2022-06-01,39.494760173866176,2.5319814466469492,4.675144481482239,73.72134472750726
75,7,2,2427.13,213008.09,0,3435,43368,2,2022-07-01,87.76130244362683,1.1394543747141248,4.91164199409703,62.011088791848614
75,8,2,5372.0,233724.44,0,2574,49576,2,2022-08-01,43.50790022338049,2.298433146315379,4.714467484266581,90.80203574203574
75,9,2,5485.25,236505.4,0,2376,44544,4,2022-09-01,43.11661273415068,2.3192916525373204,5.309478268678161,99.53930976430976
75,10,2,4824.89,250267.34,0,2860,34790,6,2022-10-01,51.87006128637129,1.9278943868584693,7.193657372808278,87.50606293706294
75,11,2,19542.62,529896.87,1,5658,21204,6,2022-11-01,27.114934947310033,3.688004422445447,24.990420203735145,93.65444856839872
75,12,2,19519.91,506721.13,1,4815,42864,8,2022-12-01,25.959193971693516,3.8521997296619546,11.821601577081001,105.23803322949118
75,1,3,20240.26,524072.08,1,5475,44552,3,2023-01-01,25.89255671616867,3.862113776410298,11.763154964984738,95.72092785388128
75,2,3,7381.25,249480.84,0,2577,40426,5,2023-02-01,33.799267061812024,2.9586440385562276,6.17129669024885,96.8105704307334
75,3,3,5747.8,242069.94,0,1938,40345,4,2023-03-01,42.11523365461568,2.3744377348133354,5.999998512826869,124.90708978328173
75,4,3,3860.36,239832.56,0,3362,46503,5,2023-04-01,62.12699333740894,1.609606301996693,5.157356729673355,71.3362760261749
75,5,3,3291.93,203519.05,0,2652,39734,3,2023-05-01,61.82362626179779,1.6175046021490371,5.122037801379172,76.74172322775263
75,6,3,4551.19,213182.65,0,2706,50845,8,2023-06-01,46.84107892661041,2.134878237042273,4.1927947684138065,78.78146711012565
75,7,3,4268.34,206324.49,0,2158,46676,5,2023-07-01,48.33834464920788,2.0687510241755596,4.4203550004284855,95.60912418906395
75,8,3,4186.31,224136.9,0,2955,56124,3,2023-08-01,53.54044492643879,1.8677468993280446,3.993601667735728,75.85005076142131
75,9,3,4730.23,223566.34,0,3183,38791,7,2023-09-01,47.263312777602785,2.1158059840314065,5.76335593307726,70.23761859880615
75,10,3,5571.14,228964.6,0,2867,45252,7,2023-10-01,41.09833893960661,2.43318836186904,5.059767524087333,79.86208580397629
75,11,3,19559.77,530012.32,1,5003,56053,5,2023-11-01,27.097063002274563,3.690436856260247,9.455556705261092,105.93890065960423
75,12,3,18392.38,499501.81,1,4529,48608,4,2023-12-01,27.15808448933743,3.6821448154512195,10.276123477616853,110.2896467211305
76,1,1,19492.96,515657.56,1,4691,31292,5,2021-01-01,26.45352783774245,3.7802141405625855,16.47889428607951,109.92486889788958
76,2,1,5420.03,242574.49,0,2961,46730,5,2021-02-01,44.75519323693781,2.2343775720192176,5.190979884442542,81.92316447146234
76,3,1,5083.7,229764.87,0,2690,45663,8,2021-03-01,45.19638649015481,2.2125662639375636,5.031751527494908,85.41444981412639
76,4,1,4342.69,224919.74,0,2841,43256,8,2021-04-01,51.79272294361329,1.9307731726881776,5.199735065655632,79.16921506511791
76,5,1,5006.31,231495.33,0,2597,43835,8,2021-05-01,46.24071022369769,2.1625965413643553,5.28106148055207,89.13951867539468
76,6,1,5287.09,233276.5,0,2715,28932,3,2021-06-01,44.121908270901386,2.2664477562034753,8.062923406608599,85.92136279926335
76,7,1,6278.21,238115.58,0,2402,51186,2,2021-07-01,37.92730412012341,2.6366229374827133,4.651966944086273,99.13221482098251
76,8,1,4441.09,202894.28,0,1892,46426,8,2021-08-01,45.685694277756134,2.188869001136947,4.3702726920260195,107.23799154334039
76,9,1,2651.61,207067.88,0,2504,43982,5,2021-09-01,78.09137844554817,1.280551092714138,4.708014187622209,82.69484025559106
76,10,1,3428.77,215947.12,0,2702,39144,5,2021-10-01,62.980929021194186,1.5877822311313992,5.516736153688943,79.92121391561805
76,11,1,18290.92,486302.52,1,4480,46071,5,2021-11-01,26.587100047455245,3.761222541063533,10.555501725597448,108.54966964285715
76,12,1,19183.77,504438.56,1,4751,45070,7,2021-12-01,26.29506921736447,3.802994362683138,11.192335478145107,106.1752388970743
76,1,2,19034.62,505143.14,1,4963,52107,7,2022-01-01,26.538125793948083,3.7681636139807817,9.694343178459707,101.78181341930285
76,2,2,4287.46,204519.07,0,2378,47088,4,2022-02-01,47.701685846631804,2.0963619676150493,4.3433373683316345,86.00465517241379
76,3,2,3277.89,224004.29,0,3329,52360,3,2022-03-01,68.33795215824814,1.4633157248908044,4.27815679908327,67.28876239110845
76,4,2,5879.68,241299.93,0,2686,57004,7,2022-04-01,41.03963651083052,2.436668754939133,4.233035050171917,89.83616157855548
76,5,2,6544.91,244954.07,0,2391,48931,4,2022-05-01,37.42665216175624,2.67189273482984,5.006112076188919,102.44837724801339
76,6,2,7718.57,255341.9,0,2470,51437,5,2022-06-01,33.08150343910854,3.022837223346423,4.964167816941113,103.37728744939271
76,7,2,3022.22,210622.39,0,3020,41545,8,2022-07-01,69.69128322888474,1.4348996799438083,5.069741003730894,69.74251324503312
76,8,2,3033.82,204864.73,0,2817,59391,8,2022-08-01,67.52698907647785,1.48088936538759,3.449423818423667,72.72443379481719
76,9,2,3861.39,218545.83,0,3315,43065,4,2022-09-01,56.597709633059594,1.7668559496193545,5.074789968652038,65.92634389140271
76,10,2,3612.09,201531.44,0,2069,39966,4,2022-10-01,55.79358210897292,1.792320840857387,5.042572186358405,97.40523924601257
76,11,2,18765.46,500269.36,1,4684,41163,6,2022-11-01,26.659051256936948,3.7510712229107934,12.153374632558366,106.80387702818103
76,12,2,20194.7,520714.13,1,4575,45686,6,2022-12-01,25.78469251833402,3.8782700212110623,11.397673904478395,113.81729617486339
76,1,3,18713.0,501961.13,1,4756,44014,5,2023-01-01,26.82419334152728,3.727977901396469,11.40457877039124,105.5427102607233
76,2,3,4287.38,223056.21,0,2426,38983,7,2023-02-01,52.026228139329845,1.9221074365066995,5.721884154631506,91.94402720527617
76,3,3,4160.37,234648.83,0,3236,37574,3,2023-03-01,56.40095231914469,1.7730197077905736,6.2449787086815345,72.51199938195302
76,4,3,5558.36,233372.95,0,2858,45742,6,2023-04-01,41.98593649925518,2.381749898606501,5.101940229985572,81.65603568929322
76,5,3,4624.15,245555.25,0,3345,44986,2,2023-05-01,53.10278645805175,1.8831403523239678,5.45848152758636,73.40964125560538
76,6,3,4301.51,212814.75,0,2629,52596,5,2023-06-01,49.47442874711438,2.0212461777202946,4.0462154916723705,80.94893495625713
76,7,3,5182.11,230330.58,0,3063,38008,2,2023-07-01,44.447257970209044,2.249857574274332,6.060055251525994,75.197708129285
76,8,3,5230.95,247751.81,0,2771,40609,2,2023-08-01,47.36267981915331,2.1113670168544885,6.100908911817577,89.40880909418982
76,9,3,5014.27,226567.59,0,2651,49270,2,2023-09-01,45.1845612621578,2.213145313502254,4.598489750355186,85.46495284798189
76,10,3,4607.13,212273.16,0,2457,47681,4,2023-10-01,46.074922999785116,2.17037801670263,4.45194438036115,86.39526251526252
76,11,3,20523.91,523888.24,1,5405,45792,5,2023-11-01,25.525752159310773,3.917612275473105,11.440606219426973,96.9265938945421
76,12,3,19013.0,517613.48,1,5509,37958,3,2023-12-01,27.224187661074,3.6732041831677185,13.636479266557775,93.95779270284987
77,1,1,18844.75,507160.79,1,4630,55511,8,2021-01-01,26.91257724299871,3.715734806706962,9.136221469618635,109.53796760259179
77,2,1,2641.1,205506.18,0,2822,58844,5,2021-02-01,77.81082882132445,1.285168163799259,3.492389708381483,72.82288447909283
77,3,1,6740.7,240801.99,0,2509,26152,4,2021-03-01,35.72358805465308,2.799270886424153,9.207784873049862,95.97528497409326
77,4,1,5076.54,237970.17,0,3116,54589,3,2021-04-01,46.87644931390278,2.1332673754865996,4.359306270494056,76.37040115532734
77,5,1,4858.21,219271.31,0,2113,39270,4,2021-05-01,45.13417699111401,2.2156158961243038,5.583685001273237,103.77250828206341
77,6,1,4734.1,241006.43,0,2853,62536,5,2021-06-01,50.90860564838089,1.9643044378525505,3.8538830433670204,84.47473887136347
77,7,1,5392.64,232916.22,0,2853,58553,7,2021-07-01,43.19150175053406,2.3152702718599847,3.9778699639642716,81.63905362776025
77,8,1,5550.15,247754.88,0,2855,54779,8,2021-08-01,44.63931245101484,2.2401778725811576,4.522807645265521,86.77929246935201
77,9,1,4721.96,220734.61,0,2531,38417,8,2021-09-01,46.7463955645537,2.139202366135515,5.745753442486399,87.21241011457921
77,10,1,4656.38,230773.13,0,2416,54589,7,2021-10-01,49.56063079044236,2.017730573745739,4.227465789811134,95.51867963576159
77,11,1,18014.61,504202.95,1,5005,50187,7,2021-11-01,27.98855762073117,3.57288865525281,10.046485145555621,100.73985014985016
77,12,1,20021.77,544685.44,1,5771,47012,3,2021-12-01,27.20465972788619,3.675840866978196,11.586093763294476,94.3831987523826
77,1,2,19845.76,514527.8,1,5122,46491,4,2022-01-01,25.926333886936053,3.8570821634904857,11.067256028048439,100.45447090980086
77,2,2,4400.71,235340.21,0,2898,43527,6,2022-02-01,53.4777819942691,1.8699354436711009,5.406763847726698,81.20780193236715
77,3,2,2972.35,185352.62,0,2506,33841,7,2022-03-01,62.358948306895215,1.603619091006105,5.477161431399781,73.96353551476456
77,4,2,5492.64,239306.3,0,3163,46269,8,2022-04-01,43.568538990358,2.295234183136842,5.172065529836392,75.65801454315523
77,5,2,3183.38,201084.94,0,2246,35513,6,2022-05-01,63.16711796895124,1.5831021457897345,5.662290992031087,89.53024933214604
77,6,2,5115.78,231553.73,0,2615,46480,5,2022-06-01,45.26264421065801,2.209327398871959,4.981792814113597,88.54827151051626
77,7,2,5128.17,216088.91,0,2999,42248,3,2022-07-01,42.137626092738735,2.3731759302224256,5.114772533611059,72.05365455151717
77,8,2,5600.84,231959.31,0,3058,46199,2,2022-08-01,41.41509309317888,2.4145786603693553,5.020872962618238,75.85327338129497
77,9,2,3039.2,197155.16,0,2673,36267,4,2022-09-01,64.87074230060543,1.541526988185346,5.4362136377423,73.75800972689862
77,10,2,3685.23,225710.53,0,3013,39965,3,2022-10-01,61.24733870070525,1.6327240027304,5.647704991867885,74.91222369731165
77,11,2,18737.62,515036.75,1,5379,50776,3,2022-11-01,27.486775268150385,3.638113202601562,10.143310816133607,95.74953522959657
77,12,2,18293.34,496375.57,1,4740,46341,4,2022-12-01,27.134223165370567,3.6853828241385855,10.711369413694138,104.72058438818566
77,1,3,21242.7,538570.26,1,5239,54476,2,2023-01-01,25.35319239079778,3.9442764626476037,9.886376753065571,102.80020232868868
77,2,3,4088.14,204020.14,0,2064,50717,6,2023-02-01,49.90537016834062,2.0037923706943834,4.022717037679674,98.84696705426357
77,3,3,4234.96,205319.06,0,2092,37806,6,2023-03-01,48.48193607495703,2.0626238986287975,5.4308591228905465,98.14486615678776
77,4,3,5910.63,228980.17,0,2835,54917,7,2023-04-01,38.74039992352761,2.581284658841855,4.169568075459329,80.76901940035273
77,5,3,5879.62,245147.87,0,3043,45894,2,2023-05-01,41.6945091689599,2.398397342795595,5.341610450167778,80.56124548143279
77,6,3,4570.46,236175.02,0,2881,39464,7,2023-06-01,51.67423410335064,1.9352004289022606,5.984568720859517,81.97675112808052
77,7,3,3378.52,192083.98,0,2518,36760,4,2023-07-01,56.85447474041889,1.7588765080773523,5.225353101196953,76.28434471803018
77,8,3,5085.44,230369.84,0,2662,56588,4,2023-08-01,45.299883589227285,2.207511191569174,4.071001625786386,86.54013523666416
77,9,3,4172.2,206552.83,0,1947,48505,4,2023-09-01,49.506933991659075,2.0199190686469897,4.258382228636223,106.08774011299434
77,10,3,5128.7,242745.54,0,2868,36524,5,2023-10-01,47.33081287655742,2.112788560399503,6.646192640455591,84.63930962343096
77,11,3,19786.72,510974.04,1,4908,38059,6,2023-11-01,25.82409009679219,3.8723532804132286,13.425839880186027,104.11044009779951
77,12,3,19081.98,513627.06,1,5231,39575,2,2023-12-01,26.916863973235483,3.7151430456175727,12.97857384712571,98.18907665838272
78,1,1,19726.12,531478.03,1,4773,57184,6,2021-01-01,26.942856983532497,3.7115588766670182,9.294173719921657,111.35093861303164
78,2,1,3149.12,207108.48,0,3074,34351,8,2021-02-01,65.76709683975206,1.520517170518561,6.0291834298855935,67.37426154847105
78,3,1,3888.83,211708.11,0,2863,46807,3,2021-03-01,54.44005266365462,1.8368828666979267,4.523001046851967,73.94624869018512
78,4,1,4097.72,210442.92,0,2727,60877,3,2021-04-01,51.356100465624785,1.9471883397170122,3.456854312794652,77.17012101210122
78,5,1,3926.21,206440.13,0,2346,50084,3,2021-05-01,52.580002088528126,1.9018637510061633,4.12187784522003,87.9966453537937
78,6,1,8168.59,267124.02,0,2483,47367,2,2021-06-01,32.701362168991224,3.057976590798536,5.639454050288176,107.5811598872332
78,7,1,5674.03,243239.17,0,2762,39680,5,2021-07-01,42.8688551170861,2.3326958400655613,6.130019405241936,88.06631788559015
78,8,1,5119.45,234665.47,0,2613,54706,7,2021-08-01,45.83802361581811,2.181594931712791,4.289574635323365,89.80691542288557
78,9,1,4697.0,235624.36,0,2918,43582,5,2021-09-01,50.1648626783053,1.993427165170868,5.406460465329723,80.7485812200137
78,10,1,3671.06,217021.15,0,2596,48517,5,2021-10-01,59.11675374415019,1.6915678494930104,4.473094997629697,83.59828582434514
78,11,1,19825.39,515082.41,1,5125,35383,6,2021-11-01,25.980947159173162,3.8489743806238694,14.557341378628154,100.50388487804878
78,12,1,21448.88,529283.9,1,4571,44444,7,2021-12-01,24.676528564661652,4.05243386394334,11.9090068400684,115.79170859768104
78,1,2,19134.98,514601.08,1,5198,47081,6,2022-01-01,26.893212326325923,3.7184103849918078,10.930122129946263,98.99982300884956
78,2,2,4604.86,230259.03,0,2656,31709,7,2022-02-01,50.00348110474586,1.9998607655039629,7.261630136554291,86.69391189759035
78,3,2,5003.03,225808.96,0,2822,53724,5,2022-03-01,45.1344405290394,2.2156029592448414,4.203130072220981,80.01734939759037
78,4,2,4344.21,220188.45,0,2605,33235,5,2022-04-01,50.68549862920992,1.972950897288209,6.625197833609147,84.52531669865644
78,5,2,3257.28,220182.92,0,3486,49226,3,2022-05-01,67.59717310148345,1.4793518043997236,4.472898874578475,63.16205393000574
78,6,2,5515.08,240963.97,0,3124,43235,8,2022-06-01,43.691835839190006,2.2887571116959933,5.573354226899503,77.13315300896286
78,7,2,3309.44,221611.14,0,3086,32221,8,2022-07-01,66.96333518661768,1.493354530823676,6.877847987337451,71.81177576150357
78,8,2,4592.14,225588.49,0,2691,44073,8,2022-08-01,49.124915616684156,2.035626906319556,5.118519047943185,83.83072835377183
78,9,2,5467.51,253013.46,0,2983,53466,5,2022-09-01,46.2758111096276,2.160956179959754,4.732230950510605,84.81845792826014
78,10,2,5586.84,233714.49,0,2837,53619,8,2022-10-01,41.83303799643448,2.3904551232574414,4.3587998657192415,82.3808565385971
78,11,2,19475.93,526930.04,1,5072,49025,6,2022-11-01,27.055449470192183,3.6961130551600356,10.748190515043346,103.88999211356467
78,12,2,20442.88,527753.88,1,4990,21448,2,2022-12-01,25.816023965312127,3.8735631844146745,24.606204774337932,105.76230060120241
78,1,3,18044.84,489702.04,1,4670,36007,5,2023-01-01,27.13806495374855,3.6848611045198014,13.600189963062737,104.8612505353319
78,2,3,7421.18,261104.69,0,2527,49237,3,2023-02-01,35.18371606671715,2.8422239370729034,5.303017852428052,103.32595567867035
78,3,3,4681.79,235500.77,0,3249,41980,3,2023-03-01,50.301438125161525,1.9880147313318763,5.60983253930443,72.48407817790088
78,4,3,4283.58,231699.42,0,2970,39723,3,2023-04-01,54.09013488717382,1.848765957204381,5.8328781814062385,78.01327272727274
78,5,3,4556.07,221390.19,0,3236,45539,7,2023-05-01,48.59235920431425,2.0579367134560025,4.861551417466347,68.41476823238567
78,6,3,4616.01,228265.78,0,2830,47043,3,2023-06-01,49.45088507173944,2.022208497480437,4.852279403949578,80.65928621908127
78,7,3,4637.16,232312.7,0,2966,47054,3,2023-07-01,50.098055706510024,1.9960854486216206,4.93715093297063,78.32525286581254
78,8,3,5517.49,254993.07,0,3431,42824,2,2023-08-01,46.215411355525795,2.1637803725411042,5.954443069306931,74.32033517924803
78,9,3,6740.2,253527.88,0,2721,54187,5,2023-09-01,37.614296311682146,2.658563626217361,4.678758373779689,93.17452407203234
78,10,3,7350.43,281743.59,0,3744,40077,2,2023-10-01,38.33021877631649,2.6089076241273137,7.030056890485816,75.25202724358975
78,11,3,20561.15,532682.92,1,5536,42439,5,2023-11-01,25.90725324215815,3.859922897471539,12.551731190650111,96.22162572254337
78,12,3,18343.38,497404.5,1,4934,27869,5,2023-12-01,27.116294815895433,3.687819470873303,17.847949334385877,100.8116132955006
79,1,1,17640.44,499547.22,1,4912,68389,2,2021-01-01,28.318297049279952,3.531285791161044,7.304496629574931,101.69935260586318
79,2,1,5059.89,239068.53,0,3119,42296,3,2021-02-01,47.24777218477081,2.116501908469509,5.652272791753357,76.64909586405899
79,3,1,4854.26,213280.65,0,2261,36749,5,2021-03-01,43.93679984178845,2.2759964394332073,5.803713026204795,94.33022998673154
79,4,1,5949.0,235452.13,0,2482,44281,2,2021-04-01,39.57843839300723,2.526628236491214,5.317227027393239,94.86387187751814
79,5,1,4363.51,239147.75,0,3449,39433,5,2021-05-01,54.806279806852736,1.8246084272170657,6.064660309892729,69.33828645984343
79,6,1,3179.65,216645.58,0,2487,60419,6,2021-06-01,68.135040020128,1.4676736077421937,3.585719392906205,87.11121029352633
79,7,1,6017.57,237400.67,0,2835,49419,8,2021-07-01,39.45125191730217,2.5347738066619607,4.803833950504867,83.73921340388007
79,8,1,4134.03,241275.79,0,3040,59939,2,2021-08-01,58.363337953522354,1.7134043991732448,4.025355611538398,79.36703618421053
79,9,1,4562.74,212282.6,0,2954,41534,4,2021-09-01,46.52524579528968,2.149370697362855,5.11105600231136,71.86276235612729
79,10,1,3568.62,216200.25,0,2633,42896,4,2021-10-01,60.58371303192831,1.650608637131548,5.040102806788512,82.11175465248766
79,11,1,19224.39,514694.44,1,4912,39913,5,2021-11-01,26.77299201691185,3.735107377495665,12.8954085135169,104.78307003257329
79,12,1,18859.29,497137.75,1,4719,46005,3,2021-12-01,26.36036404339718,3.793574316172932,10.806167807846974,105.34811400720491
79,1,2,18716.72,512926.86,1,4884,49634,7,2022-01-01,27.40474078791583,3.649003680563736,10.334183422653826,105.02187960687961
79,2,2,4446.65,228684.38,0,2408,37408,4,2022-02-01,51.428464124678136,1.9444485014673933,6.113247968349016,94.96859634551495
79,3,2,4511.61,243587.23,0,2865,42797,8,2022-03-01,53.99119826403435,1.852153743855948,5.691689370750287,85.02172076788831
79,4,2,4538.49,219179.15,0,2595,36906,5,2022-04-01,48.293408159982725,2.070675974425487,5.938848696688885,84.46210019267822
79,5,2,5873.4,231353.76,0,2476,65815,7,2022-05-01,39.39009091837777,2.5387095502575794,3.5152132492592876,93.43851373182552
79,6,2,3053.07,193717.92,0,2568,53204,2,2022-06-01,63.450205858365514,1.5760390159051882,3.6410405232689276,75.43532710280374
79,7,2,5615.54,236226.33,0,2701,55808,2,2022-07-01,42.06653856975464,2.3771863195775,4.232839915424312,87.45884116993706
79,8,2,5529.6,244487.96,0,3318,32322,8,2022-08-01,44.21440248842592,2.261706466036201,7.564134645133345,73.68534056660638
79,9,2,4645.89,224773.22,0,3169,38445,4,2022-09-01,48.38108952213677,2.066923274934621,5.846617765639225,70.92875355001578
79,10,2,4963.04,214667.15,0,2287,40356,4,2022-10-01,43.25315733905026,2.311969949757101,5.319336653781346,93.86407958023611
79,11,2,19826.56,526166.21,1,4867,29913,8,2022-11-01,26.53845195535685,3.7681173027055466,17.589884331227225,108.10893979864392
79,12,2,17945.07,512706.32,1,4965,46949,4,2022-12-01,28.5708732259055,3.500068031148904,10.920495005218429,103.26411278952669
79,1,3,18110.14,507199.06,1,5827,46318,7,2023-01-01,28.00635776421386,3.570617816208098,10.950366164342157,87.04291402093702
79,2,3,7639.36,254711.05,0,2516,43244,3,2023-02-01,33.3419357118921,2.9992259856806367,5.890089954675793,101.23650635930048
79,3,3,5953.0,231760.2,0,2456,37812,6,2023-03-01,38.931664706870485,2.5686032373116694,6.129276420184069,94.3649022801303
79,4,3,6784.91,243811.41,0,2049,35971,2,2023-04-01,35.93436169381761,2.7828517131335238,6.777999221595174,118.990439238653
79,5,3,5155.87,232597.9,0,2826,59950,7,2023-05-01,45.11322046521732,2.216645120183802,3.8798648874061716,82.30640481245577
79,6,3,3070.87,191133.35,0,2567,42723,2,2023-06-01,62.24078192824835,1.606663619928181,4.473781101514407,74.45786910790807
79,7,3,7413.43,241098.19,0,2110,53674,5,2023-07-01,32.52181378929861,3.074859251328266,4.491899057271677,114.26454502369668
79,8,3,2962.16,228708.1,0,3494,42079,5,2023-08-01,77.20990763496908,1.2951705689479296,5.4352075857316,65.4573840870063
79,9,3,3668.06,223532.56,0,3360,37751,2,2023-09-01,60.94026815264745,1.6409510990255738,5.92123546396122,66.52754761904762
79,10,3,2661.09,198460.05,0,2843,42188,3,2023-10-01,74.57848099838787,1.340869358845773,4.704182468948516,69.80655997186071
79,11,3,17749.63,498173.13,1,5281,43328,2,2023-11-01,28.066676882842064,3.562944071270966,11.497718103766617,94.3331054724484
79,12,3,19582.61,530501.73,1,5563,35881,5,2023-12-01,27.09045066004991,3.6913376323956566,14.785031911039269,95.362525615675
80,1,1,18775.96,507892.13,1,5097,39141,2,2021-01-01,27.050128462139888,3.696840114455012,12.975962034695076,99.64530704335884
80,2,1,7580.43,265966.66,0,2932,48659,2,2021-02-01,35.08595950361654,2.850142946488105,5.465929427238537,90.71168485675307
80,3,1,7500.39,258402.08,0,2035,54304,7,2021-03-01,34.45181917206972,2.902604344361315,4.758435474366529,126.97890909090908
80,4,1,4302.75,218400.57,0,2597,50775,7,2021-04-01,50.75836848527105,1.9701184845808781,4.301340620384047,84.09725452445129
80,5,1,5168.07,257144.2,0,3070,53904,5,2021-05-01,49.75633069985508,2.009794504406477,4.77041035915702,83.76032573289902
80,6,1,2945.2,214888.47,0,2653,32142,4,2021-06-01,72.96226741817195,1.3705714410829022,6.685597349262647,80.99829249905767
80,7,1,4382.2,216131.6,0,2769,46272,5,2021-07-01,49.32034138104149,2.027560985991868,4.670893845089903,78.05402672444926
80,8,1,5406.41,241376.38,0,2988,44220,5,2021-08-01,44.64633277905301,2.239825620054456,5.458534147444595,80.78192101740295
80,9,1,8298.58,278730.37,0,2629,33330,3,2021-09-01,33.5877186217401,2.9772787228029727,8.362747374737474,106.02144161278052
80,10,1,4803.47,231166.76,0,3336,39603,4,2021-10-01,48.12495133726244,2.0779241790644987,5.8371022397293135,69.2945923261391
80,11,1,19814.67,505565.71,1,4475,40289,8,2021-11-01,25.514717630926988,3.91930655265366,12.548479982129118,112.97557765363129
80,12,1,18334.67,503384.78,1,4874,50992,2,2021-12-01,27.45534989176244,3.6422773847075782,9.871838327580798,103.2796019696348
80,1,2,18178.1,501609.44,1,5160,48127,3,2022-01-01,27.594162206171163,3.6239549239743174,10.422620150850873,97.21113178294574
80,2,2,4512.48,222907.86,0,2346,32509,4,2022-02-01,49.39808265078183,2.0243700693192244,6.856804577194008,95.01613810741688
80,3,2,2739.58,191156.3,0,2247,47183,5,2022-03-01,69.77576854846363,1.4331622865686353,4.051380793930017,85.07178460169114
80,4,2,2743.75,220435.73,0,3458,49415,7,2022-04-01,80.34104054669704,1.2446938615622793,4.46090721440858,63.746596298438405
80,5,2,4946.96,220063.19,0,2500,50530,4,2022-05-01,44.48452989310607,2.2479725028070345,4.355099742727093,88.025276
80,6,2,4540.97,215504.85,0,2801,40461,6,2022-06-01,47.457888953241266,2.107131231617293,5.326236375769259,76.93853980721171
80,7,2,6119.54,245952.18,0,2996,46402,5,2022-07-01,40.19128561950735,2.4881015488457963,5.300465066160942,82.09351802403204
80,8,2,5416.21,245868.15,0,2864,51116,3,2022-08-01,45.3948702136734,2.202892078538843,4.8100037170357615,85.84781773743016
80,9,2,5674.66,239600.95,0,2682,53275,5,2022-09-01,42.222961375659516,2.3683795911493672,4.497436884091976,89.33667039522744
80,10,2,4483.89,228004.49,0,3296,50771,8,2022-10-01,50.84970639333257,1.9665796932332342,4.490841031297394,69.17611953883495
80,11,2,16224.72,466942.5,1,4980,38919,5,2022-11-01,28.779695427717705,3.4746719349812873,11.997803129576813,93.76355421686748
80,12,2,21079.09,555466.35,1,5794,39747,4,2022-12-01,26.35153367626401,3.794845538348093,13.9750509472413,95.86923541594753
80,1,3,20930.52,548267.34,1,4980,32995,2,2023-01-01,26.194635393673924,3.8175755645047182,16.616679496893468,110.09384337349397
80,2,3,3567.6,208352.48,0,2909,35810,5,2023-02-01,58.40130059423703,1.712290633641606,5.81827645908964,71.62340323135098
80,3,3,4797.36,249556.05,0,3311,58053,2,2023-03-01,52.019454449947474,1.9223577228442268,4.298762337863676,75.37180610087586
80,4,3,5463.84,222007.67,0,2408,45414,3,2023-04-01,40.63216895077455,2.461104159149096,4.888529308142863,92.19587624584719
80,5,3,4788.26,234602.88,0,2545,39290,6,2023-05-01,48.99543466729041,2.0410064872178895,5.971058284550776,92.18187819253438
80,6,3,4596.5,234529.24,0,3565,45918,4,2023-06-01,51.0234395735886,1.9598835522598377,5.107566531643364,65.78660308555399
80,7,3,5307.84,230851.57,0,2800,40598,7,2023-07-01,43.49256383010792,2.2992436222114496,5.686279373368146,82.4469892857143
80,8,3,4489.24,219371.34,0,2724,43516,3,2023-08-01,48.86603077581061,2.046411349814429,5.041165088703005,80.5327973568282
80,9,3,4779.32,238103.92,0,3104,30834,7,2023-09-01,49.81962287522075,2.007241207956593,7.722122332490109,76.70873711340207
80,10,3,3689.47,211635.48,0,3090,39335,5,2023-10-01,57.36202760830147,1.743313550261043,5.380335070547859,68.49044660194176
80,11,3,19741.38,501171.17,1,4901,50593,8,2023-11-01,25.38683567207561,3.9390494070119795,9.905938963888284,102.25896143644154
80,12,3,18881.57,502155.74,1,4845,54337,6,2023-12-01,26.595020435271007,3.7601023937314744,9.2415065240996,103.64411558307533
81,1,1,19684.19,511815.45,1,4737,20775,7,2021-01-01,26.001346766110267,3.8459546307169896,24.63612274368231,108.04632678910703
81,2,1,2569.89,207411.13,0,2614,26345,5,2021-02-01,80.70817427983299,1.2390318687333701,7.872884038717024,79.3462624330528
81,3,1,4657.39,221147.7,0,3046,34620,4,2021-03-01,47.4831826409212,2.1060087896007964,6.3878596187175045,72.6026592252134
81,4,1,5561.65,227438.66,0,1998,43726,2,2021-04-01,40.894097974521955,2.4453406470122534,5.201451310433152,113.83316316316316
81,5,1,4329.28,227953.57,0,3150,32571,5,2021-05-01,52.65392166826817,1.899193770029572,6.9986666052623505,72.3662126984127
81,6,1,1172.97,192240.29,0,2715,39716,8,2021-06-01,163.89190686888838,0.6101582555873173,4.8403739047235375,70.80673664825046
81,7,1,4125.73,218915.03,0,2931,33125,5,2021-07-01,53.06092012807431,1.8846261949213807,6.608755622641509,74.68953599454112
81,8,1,4026.11,204394.66,0,2492,49295,6,2021-08-01,50.76728156955473,1.9697725958202628,4.1463568313216355,82.0203290529695
81,9,1,5702.32,241623.11,0,3252,43568,8,2021-09-01,42.37277283631925,2.360006044123842,5.545884823723834,74.29984932349323
81,10,1,3099.25,205975.75,0,2612,47445,6,2021-10-01,66.45986932322336,1.5046674183732793,4.34135841500685,78.85748468606432
81,11,1,19534.32,501102.15,1,4697,51843,8,2021-11-01,25.652397933483226,3.898271041144006,9.665762976679591,106.68557589951033
81,12,1,18667.38,489730.36,1,4958,35581,8,2021-12-01,26.2345524653165,3.811766948653133,13.76381664371434,98.77578862444534
81,1,2,18665.66,490611.99,1,4383,54512,6,2022-01-01,26.28420264807138,3.804566618928331,9.000073194892867,111.93520191649554
81,2,2,4519.66,229197.11,0,2366,46601,6,2022-02-01,50.71113977600085,1.9719533112786631,4.9182873758073855,96.87113693998309
81,3,2,4476.54,224202.42,0,2726,45469,7,2022-03-01,50.08386387701216,1.9966510620179745,4.930885218500517,82.24593543653705
81,4,2,5214.57,242393.44,0,2650,41114,5,2022-04-01,46.483878824140824,2.151283467077327,5.895642360266576,91.46922264150943
81,5,2,6384.28,243159.65,0,2857,54153,6,2022-05-01,38.08724711322185,2.6255507441304506,4.490234151385888,85.11013300665033
81,6,2,5523.07,241522.17,0,2717,43377,3,2022-06-01,43.72969562218115,2.2867755784075636,5.567977730133481,88.89295914611705
81,7,2,6102.71,252659.03,0,2850,52013,5,2022-07-01,41.4011201580937,2.4153935839934157,4.857613096725818,88.65229122807017
81,8,2,5777.45,237437.34,0,3070,46073,3,2022-08-01,41.09725570969891,2.433252495163566,5.153502919280273,77.34115309446254
81,9,2,5517.58,228042.42,0,2879,47404,6,2022-09-01,41.330151986921805,2.4195410660876164,4.810615559868366,79.20889892323724
81,10,2,4029.48,216318.15,0,2628,45318,8,2022-10-01,53.68388725096042,1.8627563151774367,4.773338408579372,82.31284246575342
81,11,2,17851.77,517993.06,1,5026,38438,4,2022-11-01,29.016341796919857,3.4463338176770173,13.476066912950726,103.06268603263032
81,12,2,17531.37,503765.08,1,4956,35629,5,2022-12-01,28.73506634107888,3.4800685271793745,14.139186617642931,101.64751412429379
81,1,3,18183.09,505472.45,1,4836,34089,7,2023-01-01,27.799040207137512,3.597246496816988,14.828022235911877,104.52283912324235
81,2,3,7818.99,257161.93,0,3174,47195,2,2023-02-01,32.88940515335101,3.0404928132247258,5.448923191015997,81.0214020163831
81,3,3,7016.64,259005.24,0,2472,42952,7,2023-03-01,36.913001094540974,2.7090726040909443,6.030108958837772,104.77558252427184
81,4,3,3797.31,203976.28,0,2482,39579,7,2023-04-01,53.71599369027022,1.8616429322076078,5.15364915738144,82.18222401289283
81,5,3,5790.24,237320.71,0,3397,43049,7,2023-05-01,40.98633389980381,2.43983763574616,5.512804246323956,69.86185163379452
81,6,3,4371.2,218541.06,0,2821,36225,2,2023-06-01,49.99566709370425,2.0001733312723933,6.03287950310559,77.46935838355193
81,7,3,4672.3,224825.02,0,2544,46804,6,2023-07-01,48.11870385035207,2.0781939661341964,4.803542859584651,88.37461477987421
81,8,3,4761.6,217405.91,0,2452,50452,2,2023-08-01,45.658163222446234,2.190188849971926,4.309163363196702,88.66472675367048
81,9,3,4785.38,212945.37,0,2482,43068,5,2023-09-01,44.49915576192486,2.2472336449484676,4.944398857620507,85.79587832393231
81,10,3,5164.99,234140.61,0,3167,41224,8,2023-10-01,45.332248465147075,2.2059351429895053,5.67971594216961,73.9313577518156
81,11,3,17546.35,502428.92,1,5512,40273,8,2023-11-01,28.634383789221122,3.4923049413636456,12.475577185707545,91.15183599419449
81,12,3,21652.66,552740.79,1,5559,46345,5,2023-12-01,25.527616006532224,3.9173262389410413,11.926654223756609,99.43169454937939
82,1,1,17239.52,487346.17,1,5102,60241,8,2021-01-01,28.269126402591255,3.5374280257501565,8.089941568035059,95.52061348490787
82,2,1,5358.88,244770.2,0,3125,32121,3,2021-02-01,45.67562625026125,2.1893514815120465,7.620254662059089,78.326464
82,3,1,6698.22,269579.87,0,3605,53363,8,2021-03-01,40.24649384463335,2.4846884895374424,5.051812491801435,74.77943689320388
82,4,1,4033.62,215152.86,0,2615,35843,7,2021-04-01,53.339893197673554,1.8747694081315027,6.0026465418631245,82.27642829827916
82,5,1,4592.66,231152.2,0,2870,27918,3,2021-05-01,50.33078869326273,1.9868554138788206,8.279683358406762,80.5408362369338
82,6,1,3838.22,213614.06,0,3450,46485,5,2021-06-01,55.6544596193027,1.7968012030668767,4.595333118210175,61.91711884057971
82,7,1,6437.84,240233.53,0,3074,38047,3,2021-07-01,37.315859045891166,2.679825751217992,6.314125423817909,78.15013988288874
82,8,1,6329.65,233562.73,0,3021,55340,3,2021-08-01,36.89978592813189,2.7100428223287163,4.220504698229129,77.3130519695465
82,9,1,5191.15,204954.69,0,2458,34758,8,2021-09-01,39.48155803627328,2.532828109471415,5.8966191955808736,83.38270545158666
82,10,1,5205.67,231860.19,0,2679,51405,4,2021-10-01,44.53993241984221,2.24517628489824,4.510459877443829,86.54729003359462
82,11,1,18793.07,512810.9,1,4854,36528,8,2021-11-01,27.28723407085697,3.6647173451266344,14.03884417433202,105.64707457766791
82,12,1,20227.61,529735.92,1,5278,45686,2,2021-12-01,26.18875487514343,3.818432776844734,11.595147747668872,100.36679045092839
82,1,2,19572.64,499352.04,1,4422,48816,5,2022-01-01,25.51275862632736,3.919607497748482,10.229269911504424,112.92447761194029
82,2,2,4668.08,231821.38,0,3516,50684,2,2022-02-01,49.66096982056863,2.013653788101857,4.573857233051851,65.93327076222981
82,3,2,3987.85,239758.29,0,3230,36185,2,2022-03-01,60.12219366325213,1.6632792968284849,6.625902722122427,74.22857275541796
82,4,2,4271.06,220471.38,0,2726,57645,7,2022-04-01,51.61982739647769,1.937240107990434,3.82464012490242,80.8772487160675
82,5,2,4420.95,229907.91,0,3121,50296,2,2022-05-01,52.004186882909785,1.9229220951988992,4.571097303960554,73.66482217238065
82,6,2,5474.19,243318.99,0,3299,39357,5,2022-06-01,44.44840058529207,2.249799738195527,6.182356124704627,73.755377387087
82,7,2,4600.69,228243.72,0,2882,45676,6,2022-07-01,49.61075838624207,2.0156918227585847,4.99701637621508,79.19629424011103
82,8,2,6363.57,248326.64,0,2758,57581,8,2022-08-01,39.02316467014585,2.56258047867921,4.312648964068009,90.03866569978246
82,9,2,3556.28,208478.21,0,2494,38407,3,2022-09-01,58.62255221748568,1.705828153455462,5.4281305491186504,83.59190457097033
82,10,2,3647.54,210483.25,0,2944,42509,6,2022-10-01,57.70553578576246,1.7329359937192153,4.951498506198687,71.4956691576087
82,11,2,18775.53,502173.94,1,4781,39324,8,2022-11-01,26.74619251760137,3.73884992916996,12.770164276268945,105.03533570382766
82,12,2,18593.32,516091.65,1,5042,50343,3,2022-12-01,27.756831485716376,3.602716688014619,10.251507657469759,102.35851844506149
82,1,3,19029.79,498651.31,1,4491,54370,4,2023-01-01,26.203721113054847,3.816251881500121,9.171442155600515,111.0334691605433
82,2,3,3717.99,210861.24,0,2308,31666,7,2023-02-01,56.713772764316204,1.7632401289113162,6.658916187709215,91.36102253032928
82,3,3,4190.44,210991.27,0,2415,32612,8,2023-03-01,50.350624278118765,1.9860726939081412,6.469743346007604,87.36698550724637
82,4,3,6564.31,264279.36,0,2748,53260,7,2023-04-01,40.26003646994124,2.4838526928474476,4.962060833646263,96.17152838427947
82,5,3,4218.2,216204.72,0,2150,38152,2,2023-05-01,51.25520838272249,1.9510212357991072,5.6669301740406794,100.56033488372093
82,6,3,6403.92,257211.17,0,2882,57633,7,2023-06-01,40.164644467763495,2.489751903076371,4.462914823104819,89.24745662734213
82,7,3,3077.33,216132.11,0,2635,44220,8,2023-07-01,70.23364735013794,1.4238189781240742,4.88765513342379,82.02357115749525
82,8,3,6410.29,247644.55,0,3098,42239,8,2023-08-01,38.6323473664998,2.5885043704777675,5.862935912308529,79.93691091026469
82,9,3,4826.23,216715.74,0,2064,53058,2,2023-09-01,44.90373231279902,2.2269863739477347,4.084506389234423,104.99793604651163
82,10,3,5732.76,246364.28,0,2954,51787,4,2023-10-01,42.97481143463183,2.3269444742557646,4.757261088690212,83.40023019634394
82,11,3,20821.63,517932.98,1,4683,47353,3,2023-11-01,24.874756683314416,4.020139825812985,10.937701518383207,110.5985436685885
82,12,3,17812.78,496358.79,1,4861,34449,8,2023-12-01,27.865318608325033,3.5886903503814245,14.40851084211443,102.11042789549475
83,1,1,18527.57,502446.16,1,4788,54153,4,2021-01-01,27.118837494609384,3.687473698674501,9.278270086606467,104.9386299081036
83,2,1,3678.87,217867.29,0,3287,52270,4,2021-02-01,59.22125272162376,1.6885829901312859,4.16811344939736,66.28149984788561
83,3,1,5855.47,236940.67,0,2989,47826,8,2021-03-01,40.464842275684106,2.471281101720528,4.954223016769122,79.27088323854132
83,4,1,3626.39,219062.07,0,3321,49235,7,2021-04-01,60.407752613480625,1.6554166588492476,4.449315933786941,65.96268292682927
83,5,1,3550.99,197915.85,0,2581,46279,6,2021-05-01,55.735400550269084,1.794191824454686,4.276580090321744,76.68184812088339
83,6,1,5072.43,237376.96,0,3019,47289,5,2021-06-01,46.79748365181973,2.136867032082642,5.019707754446065,78.6276780390858
83,7,1,4615.05,241624.62,0,2552,46471,8,2021-07-01,52.35579679526765,1.9100081771468487,5.199471067977878,94.68049373040752
83,8,1,4225.79,206668.01,0,3269,42692,2,2021-08-01,48.90636070415236,2.044723806069454,4.840907195727537,63.22055980422148
83,9,1,3307.79,208537.35,0,3227,51292,8,2021-09-01,63.04431357492465,1.5861858798915398,4.0656895812212435,64.62266811279827
83,10,1,5715.61,242864.87,0,2977,44285,4,2021-10-01,42.49150484375246,2.353411590568862,5.484133905385571,81.58040644944575
83,11,1,16451.5,479491.23,1,5386,47956,3,2021-11-01,29.14574537276236,3.4310325133579607,9.998565977145716,89.02547901968065
83,12,1,21329.36,537010.38,1,4854,53636,5,2021-12-01,25.177050788209304,3.9718710837581948,10.012125811022448,110.63254635352287
83,1,2,17926.97,519380.33,1,4755,29360,6,2022-01-01,28.972008655115726,3.4516074184018484,17.690065735694823,109.22825026288118
83,2,2,6134.88,230464.46,0,2504,61842,5,2022-02-01,37.56625394465743,2.661963584320116,3.7266656964522493,92.03852236421724
83,3,2,6029.0,250931.65,0,2892,51171,8,2022-03-01,41.62077458948416,2.4026462983047376,4.90378632428524,86.76751383125864
83,4,2,3487.43,215918.9,0,3038,44868,3,2022-04-01,61.9134720983647,1.6151573576930967,4.812313898546848,71.07271231073074
83,5,2,4483.66,215090.89,0,2870,29991,5,2022-05-01,47.97216782717691,2.084542027791135,7.171847887699644,74.94456097560976
83,6,2,7166.21,255743.51,0,2666,42505,2,2022-06-01,35.687414965511756,2.802108252913241,6.016786495706388,95.9277981995499
83,7,2,5687.95,240841.91,0,3214,44057,8,2022-07-01,42.342480155416276,2.361694440971673,5.466598043443721,74.93525513378967
83,8,2,4818.84,234317.52,0,2665,36576,2,2022-08-01,48.62529571432128,2.0565427629995403,6.406318897637795,87.9240225140713
83,9,2,2698.73,199949.81,0,3173,57689,4,2022-09-01,74.09033508353929,1.3497037081455592,3.4659954237376276,63.01601323668452
83,10,2,4169.4,203487.38,0,2076,50055,5,2022-10-01,48.804955149421986,2.048972275332259,4.065275796623714,98.01896917148362
83,11,2,17450.56,492851.14,1,4913,48060,7,2022-11-01,28.242711981735827,3.540736458477097,10.25491344153142,100.31572155505802
83,12,2,17945.93,491787.47,1,5479,44796,6,2022-12-01,27.403844214259163,3.649123065294852,10.978379096347888,89.75861836101478
83,1,3,16723.85,481031.39,1,5381,39112,8,2023-01-01,28.763196871533772,3.4766650051673342,12.298818521169974,89.39442296970823
83,2,3,3411.29,205891.14,0,2415,43089,8,2023-02-01,60.35580088470931,1.6568415717160045,4.778276126157488,85.25513043478261
83,3,3,5449.28,235401.34,0,2701,62775,3,2023-03-01,43.198613394797114,2.314889116604009,3.749921784149741,87.15340244353943
83,4,3,5838.75,233802.97,0,2387,45762,4,2023-04-01,40.04332605437808,2.4972950514700476,5.109107337965998,97.94845831587767
83,5,3,6321.63,263509.74,0,3353,27578,5,2023-05-01,41.683828379705865,2.3990118923118366,9.555070708535789,78.58924545183417
83,6,3,2797.43,214222.05,0,3016,54865,3,2023-06-01,76.57816281372546,1.305855302943838,3.9045302105167226,71.02853116710875
83,7,3,5030.22,220870.47,0,3225,39730,6,2023-07-01,43.908709758221306,2.2774524815381616,5.559286936823559,68.48696744186047
83,8,3,6182.81,251713.32,0,2952,39241,2,2023-08-01,40.71179932749025,2.456290354439725,6.4145490685762345,85.26873983739837
83,9,3,4146.88,214626.15,0,2560,57019,7,2023-09-01,51.75605515471872,1.9321410741421772,3.764116347182518,83.83833984374999
83,10,3,4440.42,227686.85,0,3006,42085,6,2023-10-01,51.275971642322126,1.950231205710826,5.4101663300463345,75.74412840984698
83,11,3,16156.06,463242.41,1,4573,27137,6,2023-11-01,28.67298153138822,3.4876038228019755,17.070509267789365,101.29945549967198
83,12,3,19147.87,500233.93,1,4291,31812,5,2023-12-01,26.124782025363658,3.8277831333832153,15.724692883188734,116.57747145187602
84,1,1,19141.19,512405.54,1,4896,34472,4,2021-01-01,26.769784950674435,3.7355548497777753,14.864398352285912,104.65799428104575
84,2,1,4751.74,218524.84,0,3129,52720,4,2021-02-01,45.98838320278467,2.174462180134762,4.145008345978756,69.83855544902525
84,3,1,3618.81,208929.75,0,2497,44218,8,2021-03-01,57.73437953360359,1.7320702293474242,4.7249932154326295,83.67230676812174
84,4,1,4818.51,235221.87,0,3772,41094,5,2021-04-01,48.81630836088334,2.048495745739969,5.723995473791795,62.35998674443266
84,5,1,6671.69,255987.61,0,3297,51997,6,2021-05-01,38.36923028498027,2.6062550449219004,4.923122680154624,77.64258720048528
84,6,1,5932.85,221662.47,0,2679,58679,6,2021-06-01,37.36188678291209,2.6765243570551207,3.7775434141686124,82.74075027995521
84,7,1,5296.75,223294.64,0,2981,40346,7,2021-07-01,42.15691508944164,2.3720900779346965,5.534492638675458,74.9059510231466
84,8,1,5369.85,241368.49,0,2907,46685,3,2021-08-01,44.94883283518161,2.2247518721271367,5.170150797900824,83.03009631922944
84,9,1,6343.78,275231.3,0,3398,48311,2,2021-09-01,43.3860096031073,2.304890468489594,5.697073130342986,80.99802825191288
84,10,1,5452.02,244460.55,0,3166,46649,4,2021-10-01,44.83852773834285,2.2302248767745962,5.240424232030697,77.21432406822488
84,11,1,20632.31,531706.83,1,5007,62321,3,2021-11-01,25.77059136858645,3.880392132634445,8.531744195375556,106.19269622528459
84,12,1,18213.73,497511.37,1,4407,43493,5,2021-12-01,27.315183106370853,3.660967587534733,11.438883728416068,112.89116632629907
84,1,2,20044.62,538871.89,1,5036,36823,5,2022-01-01,26.883617150138043,3.7197375428137476,14.63411156070934,107.00394956314535
84,2,2,5738.55,236334.83,0,2894,44714,6,2022-02-01,41.183718883690126,2.42814400230385,5.285477255445722,81.66372840359364
84,3,2,5024.83,228106.18,0,2852,43594,4,2022-03-01,45.39580045494076,2.2028469373341837,5.232513189888516,79.98112903225807
84,4,2,6485.24,239668.72,0,2702,47910,3,2022-04-01,36.95602938364656,2.7059184027018626,5.00247797954498,88.70048852701703
84,5,2,4064.1,215167.56,0,2665,38879,2,2022-05-01,52.94347087916144,1.888807030204739,5.534287404511433,80.73829643527205
84,6,2,3683.03,229161.66,0,3034,47563,5,2022-06-01,62.22095937312484,1.6071754760373091,4.818065723356391,75.53119973632168
84,7,2,5148.13,237711.87,0,3177,37790,8,2022-07-01,46.17441090259958,2.1657016959228836,6.290337920084679,74.82274787535411
84,8,2,5549.95,241071.98,0,2943,44793,6,2022-08-01,43.43678411517221,2.302196215420805,5.381911905878151,81.91368671423717
84,9,2,4127.47,223723.26,0,2665,28793,2,2022-09-01,54.20348542811941,1.844899810596359,7.7700573055951105,83.94869043151971
84,10,2,6071.95,248358.08,0,2992,42218,8,2022-10-01,40.90252390088851,2.4448369064537783,5.882753327964375,83.00737967914438
84,11,2,18021.98,499852.36,1,5065,43895,8,2022-11-01,27.735707175349212,3.6054606204119954,11.387455518851805,98.68753405725568
84,12,2,18317.68,492141.89,1,4505,50813,3,2022-12-01,26.867042660424246,3.7220322781301953,9.685353944856631,109.24348279689235
84,1,3,16218.13,479553.14,1,4793,45501,8,2023-01-01,29.56895400394497,3.3819255150743044,10.539397815432627,100.05281452117671
84,2,3,6906.89,236740.93,0,1954,51833,2,2023-02-01,34.27605333225228,2.9174887502553952,4.567378504041827,121.15707778915046
84,3,3,4348.64,213006.61,0,3319,44805,4,2023-03-01,48.9823508039295,2.0415516682792147,4.754081240932932,64.1779481771618
84,4,3,5815.22,235484.08,0,2768,58663,3,2023-04-01,40.49444045109213,2.469474794219635,4.014184068322452,85.07372832369941
84,5,3,8207.03,267102.99,0,2931,52768,4,2023-05-01,32.545633438649546,3.072608809059008,5.061836529714979,91.13032753326509
84,6,3,4182.11,224407.76,0,3201,51095,5,2023-06-01,53.65898075373437,1.8636209371725825,4.391971034347784,70.1055170259294
84,7,3,2960.0,218493.98,0,3207,46158,7,2023-07-01,73.81553378378379,1.3547284002973445,4.733610208414576,68.13033364515124
84,8,3,5322.83,233052.22,0,2914,44488,8,2023-08-01,43.7835174146084,2.2839645123311847,5.238541179643949,79.97673987645848
84,9,3,7477.92,263163.95,0,2563,43064,3,2023-09-01,35.192132304170144,2.841544216067588,6.110996423927179,102.67809207959424
84,10,3,4706.37,220128.11,0,2412,61290,7,2023-10-01,46.772376587476124,2.1380140864335773,3.5915828030673844,91.2637271973466
84,11,3,17896.8,507846.23,1,5358,29240,5,2023-11-01,28.37637063609137,3.524058847497992,17.368202120383035,94.78279768570361
84,12,3,18739.24,521055.97,1,5148,44381,8,2023-12-01,27.805608445166396,3.5963967556114946,11.740518915752236,101.21522338772338
85,1,1,21109.69,541857.63,1,5120,45331,5,2021-01-01,25.66866827509073,3.8958000831325377,11.953357084555822,105.831568359375
85,2,1,2873.84,197441.81,0,2594,29728,4,2021-02-01,68.70313239428778,1.4555377100726539,6.641610939181916,76.11480724749421
85,3,1,4128.89,211838.77,0,2756,40555,2,2021-03-01,51.30646977759155,1.949071928618166,5.223493280729873,76.8645754716981
85,4,1,3790.5,222245.71,0,3045,55955,8,2021-04-01,58.6322938926263,1.7055447324495039,3.9718650701456526,72.98709688013136
85,5,1,4722.92,208630.96,0,2037,33203,8,2021-05-01,44.17414650258738,2.263767563548574,6.28349727434268,102.42069710358369
85,6,1,3796.08,224395.65,0,3253,38770,8,2021-06-01,59.112466017576025,1.6916905474771906,5.787868197059582,68.9811404857055
85,7,1,4455.92,225031.77,0,2814,38718,6,2021-07-01,50.501752724465426,1.980129294632487,5.812071129707113,79.96864605543709
85,8,1,6452.33,258239.26,0,2639,48519,8,2021-08-01,40.02263678392147,2.4985860012145324,5.322435746820833,97.85496779082986
85,9,1,6245.56,239121.73,0,2495,53806,2,2021-09-01,38.28667565438487,2.6118747133520652,4.444146191874513,95.84037274549098
85,10,1,6195.33,255919.74,0,2725,52485,6,2021-10-01,41.30849204158616,2.4208097429295607,4.876054872820806,93.91550091743119
85,11,1,16949.37,486660.4,1,5079,44144,5,2021-11-01,28.712595217403365,3.4827921071860377,11.024383834722727,95.8181531797598
85,12,1,17458.23,482550.38,1,4559,51513,4,2021-12-01,27.640280830301812,3.6179082482537885,9.367545668083785,105.84566352270235
85,1,2,19635.63,518863.26,1,4815,54637,3,2022-01-01,26.424579196083855,3.784355438849149,9.49655471566887,107.7597632398754
85,2,2,4995.89,223278.35,0,3161,51801,8,2022-02-01,44.69240715868444,2.2375165348543646,4.310309646531921,70.6353527364758
85,3,2,4011.73,225994.01,0,2707,44840,8,2022-03-01,56.33330508284456,1.7751488192098541,5.040009143621766,83.4850424824529
85,4,2,4202.85,236352.5,0,2805,37636,3,2022-04-01,56.23624445316868,1.7782126273257106,6.279958018918057,84.26114081996435
85,5,2,4241.14,220612.35,0,3065,53387,2,2022-05-01,52.01722885827867,1.9224399721955732,4.132323412066608,71.97792822185971
85,6,2,4284.75,220218.4,0,2873,43607,3,2022-06-01,51.39585740124861,1.945682104674269,5.050069942899076,76.65102680125304
85,7,2,3055.45,204113.27,0,2482,43561,5,2022-07-01,66.80301428594807,1.4969384401121986,4.685688345079313,82.23741740531828
85,8,2,4236.03,238562.2,0,3352,43534,8,2022-08-01,56.317400962693846,1.7756501239509024,5.47990536132678,71.17010739856802
85,9,2,2652.24,193918.99,0,2406,44818,5,2022-09-01,73.1151743431967,1.3677051432662681,4.3268104333080455,80.59808395677473
85,10,2,6236.16,250959.91,0,2294,44906,2,2022-10-01,40.242699032738095,2.4849227910545553,5.588560771389124,109.3983914559721
85,11,2,18603.32,493507.67,1,5037,53153,6,2022-11-01,26.52793533627331,3.7696111187086516,9.284662577841326,97.97650784196942
85,12,2,20391.47,545692.04,1,5650,36607,3,2022-12-01,26.760799491159784,3.7368091350572015,14.9067675581173,96.58266194690266
85,1,3,20792.68,523372.49,1,4609,47495,7,2023-01-01,25.170997197090514,3.9728263134350073,11.019528160859037,113.55445649815579
85,2,3,4717.4,231476.74,0,2515,45801,7,2023-02-01,49.068711578411836,2.0379585439124464,5.0539669439531885,92.03846520874751
85,3,3,4414.33,228978.84,0,3095,31462,6,2023-03-01,51.871708730430214,1.9278331569851606,7.277949272137817,73.98347011308562
85,4,3,6265.13,241365.64,0,2899,54589,7,2023-04-01,38.52524049780292,2.59570086280715,4.4215068969939,83.25824077268024
85,5,3,4696.98,241089.74,0,2776,41411,8,2023-05-01,51.32867076291575,1.9482289043075827,5.821876796020381,86.84788904899135
85,6,3,4828.77,218317.17,0,2115,44807,4,2023-06-01,45.21175578874123,2.211814123460835,4.872389805164372,103.22324822695036
85,7,3,6269.1,230819.72,0,2414,33599,7,2023-07-01,36.81863744397122,2.7160157719626383,6.869838983303074,95.61711681855842
85,8,3,4355.63,221806.8,0,2600,61837,6,2023-08-01,50.92416022481248,1.9637044490971423,3.5869592638711447,85.31030769230769
85,9,3,4206.48,230946.64,0,3225,53125,5,2023-09-01,54.90258838744034,1.8214077502924482,4.347230870588236,71.61136124031009
85,10,3,4185.8,237864.25,0,3571,38907,8,2023-10-01,56.826472836733714,1.7597432148799157,6.113662065952142,66.60998319798375
85,11,3,18370.38,511614.6,1,5247,50442,5,2023-11-01,27.84997370767507,3.5906676627289373,10.14263114071607,97.50611778158948
85,12,3,18835.08,511885.51,1,5504,43092,8,2023-12-01,27.177241084189713,3.679549358605599,11.878898867539219,93.00245457848837
86,1,1,18960.56,526618.82,1,5745,46234,8,2021-01-01,27.77443387748041,3.600433421654016,11.3902932906519,91.66559094865099
86,2,1,6058.15,232904.22,0,2199,27793,3,2021-02-01,38.44477604549244,2.6011336333880077,8.379959702083259,105.9136971350614
86,3,1,5974.9,257495.98,0,2882,35007,5,2021-03-01,43.09628278297545,2.320385739614265,7.355556888622276,89.34628036086052
86,4,1,5235.45,227779.17,0,2551,50371,7,2021-04-01,43.50708535082945,2.298476195167451,4.522029937861071,89.29014896119169
86,5,1,5285.19,247007.14,0,3540,41374,4,2021-05-01,46.73571621833842,2.139691184635391,5.970105380190458,69.77602824858758
86,6,1,4830.71,249268.02,0,3348,47321,6,2021-06-01,51.60070051814329,1.9379581865335154,5.267598317871558,74.45281362007168
86,7,1,5740.55,244702.1,0,3299,54615,4,2021-07-01,42.6269434113456,2.3459340970102014,4.48049253867985,74.17462867535617
86,8,1,4892.08,237151.25,0,2976,46696,5,2021-08-01,48.476568249088324,2.0628522936311744,5.078620224430358,79.68792002688173
86,9,1,6806.26,260178.63,0,2904,50422,5,2021-09-01,38.22637248650507,2.6159950184994054,5.160022014200151,89.59319214876034
86,10,1,6367.72,258892.11,0,3017,48949,5,2021-10-01,40.65695570785147,2.459603732226525,5.289017344583137,85.81110705999336
86,11,1,21358.75,549258.85,1,4954,52922,3,2021-11-01,25.715870544858664,3.888649222493183,10.378648766108613,110.87179047234558
86,12,1,16750.45,486586.26,1,4749,63645,4,2021-12-01,29.049145545343556,3.4424420451165227,7.64531793542305,102.4607833228048
86,1,2,18248.59,496829.07,1,4721,60057,5,2022-01-01,27.225614143339293,3.6730117261455737,8.272625505769518,105.23809997881804
86,2,2,4456.68,212722.95,0,2514,42553,2,2022-02-01,47.73125959234228,2.095063085576803,4.999011820553193,84.61533412887829
86,3,2,2972.66,210503.54,0,2908,48129,7,2022-03-01,70.81319087954897,1.4121662752084834,4.3737360011635396,72.38773727647869
86,4,2,5678.23,254936.49,0,3012,50841,4,2022-04-01,44.897175704400844,2.2273115943504203,5.014387797250251,84.64026892430279
86,5,2,3219.04,198615.33,0,3198,66438,6,2022-05-01,61.700174586212036,1.6207409569039815,2.989483879707396,62.10610694183865
86,6,2,4889.6,234649.82,0,2797,49033,5,2022-06-01,47.98957378926701,2.083785958156712,4.785548916036139,83.89339292098677
86,7,2,4548.76,229771.19,0,2691,39448,4,2022-07-01,50.51292879817796,1.9796911875679453,5.8246600588116,85.38505759940543
86,8,2,5538.02,231755.87,0,2605,42688,5,2022-08-01,41.84814608831315,2.389592116911645,5.429063671289355,88.96578502879079
86,9,2,5118.41,243083.29,0,3246,37643,8,2022-09-01,47.49195355588943,2.1056198474193764,6.457596100204554,74.8870271102896
86,10,2,7424.88,248247.78,0,2454,55748,2,2022-10-01,33.43458480137053,2.990914964073395,4.453034727703236,101.16046454767726
86,11,2,17489.52,513374.88,1,5594,25942,5,2022-11-01,29.353285853471107,3.4067736232049373,19.789333127746513,91.77241329996424
86,12,2,17916.9,491361.77,1,4615,44452,6,2022-12-01,27.424485820649778,3.6463764773559815,11.053760685683434,106.47058938244854
86,1,3,18419.74,531129.06,1,5731,44136,7,2023-01-01,28.834775083687394,3.4680346806857076,12.03391924959217,92.6765067178503
86,2,3,4210.81,221513.34,0,2149,42707,6,2023-02-01,52.60587392924401,1.900928404582767,5.186815744491535,103.07740344346207
86,3,3,3350.71,219412.87,0,2874,28295,7,2023-03-01,65.48250072372721,1.5271255510216881,7.7544749955822585,76.34407446068198
86,4,3,4193.71,232251.6,0,3122,42596,7,2023-04-01,55.38093954994504,1.8056753968541013,5.452427457977275,74.39192825112107
86,5,3,4643.71,221169.97,0,2348,48661,4,2023-05-01,47.627860051553604,2.099611443633148,4.545117650685354,94.19504684838161
86,6,3,3378.66,216579.9,0,2840,48979,7,2023-06-01,64.1023068317025,1.5600062609688157,4.421893056207763,76.26052816901408
86,7,3,4819.44,242743.9,0,3210,47567,6,2023-07-01,50.367656823199376,1.985401074960071,5.103199697269115,75.62115264797508
86,8,3,5700.58,226201.78,0,2826,35816,8,2023-08-01,39.68048514361696,2.520130478195176,6.315662832253741,80.04309271054494
86,9,3,5044.91,227298.57,0,2913,41926,8,2023-09-01,45.055029723027765,2.2195080241815863,5.42142274483614,78.02903192584964
86,10,3,4168.33,234797.36,0,3004,45454,2,2023-10-01,56.328879911139474,1.7752882741100668,5.1656039072468865,78.16157123834887
86,11,3,20681.13,539269.89,1,5081,50046,5,2023-11-01,26.0754557415383,3.835024054467421,10.775484354393958,106.1345975201732
86,12,3,18919.27,518591.9,1,4878,33562,4,2023-12-01,27.410777477143675,3.648200058658841,15.451757940527978,106.31240262402625
87,1,1,19466.66,518728.13,1,5141,17443,7,2021-01-01,26.64700210513771,3.7527673696816866,29.73846987330161,100.9002392530636
87,2,1,4177.85,237814.63,0,3195,50023,8,2021-02-01,56.922730591093504,1.756767445299728,4.754105711372769,74.43337402190923
87,3,1,3900.31,210508.12,0,2293,44542,8,2021-03-01,53.972150931592616,1.852807388142557,4.726059000493915,91.80467509812472
87,4,1,5968.02,237880.82,0,3324,54981,2,2021-04-01,39.85925315263689,2.50882773987411,4.326600461977774,71.56462695547533
87,5,1,4328.88,227959.2,0,2265,46329,3,2021-05-01,52.66008759771581,1.8989713948811893,4.920442919121933,100.64423841059603
87,6,1,6172.25,245662.7,0,2842,49339,2,2021-06-01,39.80115841062822,2.5124896860614165,4.979077403271246,86.44007741027445
87,7,1,3618.15,244967.06,0,3836,37477,7,2021-07-01,67.70505921534486,1.4769944987705694,6.536463964564933,63.86002606882169
87,8,1,3776.27,232554.34,0,3120,40646,7,2021-08-01,61.583080658957115,1.6238226300141292,5.721456969935541,74.53664743589744
87,9,1,5739.5,244267.85,0,2944,56283,4,2021-09-01,42.55908180155066,2.3496747525308797,4.339993426078923,82.9714164402174
87,10,1,3455.76,211321.93,0,2550,43846,6,2021-10-01,61.15063835451535,1.6353059050709977,4.819639875929389,82.87134509803921
87,11,1,18904.57,529742.58,1,5304,52921,6,2021-11-01,28.021932262939593,3.568633278450073,10.010063679824643,99.87605203619908
87,12,1,20863.7,540767.65,1,5356,56108,3,2021-12-01,25.919067567114176,3.8581634829672224,9.637977650245954,100.96483383121733
87,1,2,17671.55,489454.13,1,5155,51196,4,2022-01-01,27.697294804360684,3.6104609026386187,9.560397882647083,94.94745489815713
87,2,2,3123.86,208289.13,0,2756,42333,2,2022-02-01,66.67684531317025,1.4997710154149668,4.920254411452059,75.57660740203193
87,3,2,5636.88,231767.52,0,2761,54457,7,2022-03-01,41.11627708945374,2.4321268139728986,4.25597296949887,83.94332488228902
87,4,2,4613.33,223511.15,0,3058,45074,2,2022-04-01,48.44898370591308,2.0640267834512955,4.958760039046901,73.09063113145847
87,5,2,5484.77,247473.86,0,2614,43577,3,2022-05-01,45.12018917839763,2.216302764259628,5.679001766987172,94.67247895944911
87,6,2,4600.4,222147.14,0,3069,48394,8,2022-06-01,48.28865750804279,2.070879688120225,4.590385998264248,72.38420984033888
87,7,2,3577.66,222045.62,0,2572,39401,4,2022-07-01,62.06448348920803,1.6112274585736028,5.635532600695414,86.33188958009332
87,8,2,5317.92,221233.75,0,2947,41987,6,2022-08-01,41.601556623642324,2.4037562080830797,5.269101150356063,75.07083474720055
87,9,2,2977.99,204840.39,0,2912,55219,7,2022-09-01,68.78478101001012,1.4538099639431459,3.7095997754396133,70.34354052197803
87,10,2,3239.41,237411.93,0,3311,47069,6,2022-10-01,73.28863280659132,1.364468078752403,5.043912766364274,71.7039957716702
87,11,2,17617.92,483761.8,1,4498,43056,7,2022-11-01,27.458508155332755,3.6418584518248442,11.235641954663693,107.55042240995998
87,12,2,18643.08,505207.79,1,5254,55324,2,2022-12-01,27.0989444877134,3.69018062844993,9.13180156893934,96.15679291968024
87,1,3,19312.15,519283.24,1,5191,49063,3,2023-01-01,26.888939864282328,3.719001214058055,10.584009131117135,100.03529955692545
87,2,3,6155.21,262792.23,0,2839,43546,4,2023-02-01,42.69427525624633,2.3422343955907676,6.034819041932669,92.56506868615709
87,3,3,4109.43,227111.03,0,2871,44947,6,2023-03-01,55.265822754007246,1.8094365562077723,5.052862927447883,79.10520027864855
87,4,3,5915.2,244702.32,0,2976,41636,6,2023-04-01,41.36839329185827,2.417304421143208,5.877181285426074,82.22524193548388
87,5,3,6108.74,243355.28,0,2411,47812,8,2023-05-01,39.83722993612431,2.5102146951568094,5.089836861039069,100.93541269182911
87,6,3,4826.55,230433.1,0,2756,41223,3,2023-06-01,47.74281836922854,2.094555860247508,5.589915823690658,83.61142960812772
87,7,3,6144.4,242212.39,0,2993,47411,8,2023-07-01,39.42002311047458,2.5367818714806454,5.108780451793888,80.92629134647511
87,8,3,3669.1,233749.0,0,3791,51104,6,2023-08-01,63.70744869314001,1.5696751643857298,4.573986380713839,61.658929042469005
87,9,3,3597.22,223465.42,0,3109,42205,2,2023-09-01,62.12169953464065,1.6097434672442832,5.294761758085535,71.8769443550981
87,10,3,5312.3,219731.23,0,2098,33405,5,2023-10-01,41.36272989100766,2.4176353993922484,6.577794641520731,104.73366539561488
87,11,3,19402.18,506351.86,1,4721,41042,8,2023-11-01,26.097678714453735,3.831758414000889,12.337407046440232,107.2552128786274
87,12,3,18647.53,499263.1,1,4785,47774,4,2023-12-01,26.7736853084564,3.735010658708805,10.450519110813413,104.33920585161964
88,1,1,18337.92,482427.79,1,4204,47939,6,2021-01-01,26.307661392349843,3.8011740575724295,10.063367821606624,114.75446955280684
88,2,1,5094.17,244724.57,0,2805,48843,2,2021-02-01,48.04012626198183,2.081593196792623,5.010432815347133,87.24583600713012
88,3,1,4941.21,235114.12,0,3081,44141,7,2021-03-01,47.582296643939436,2.10162196979067,5.326433927640968,76.31097695553392
88,4,1,4784.27,246652.94,0,3318,37815,4,2021-04-01,51.554979129522366,1.939676859314955,6.522621710961259,74.33783604581073
88,5,1,2116.52,214621.73,0,2923,42047,8,2021-05-01,101.4031192712566,0.9861629574973605,5.104329203034699,73.42515566199111
88,6,1,5225.89,227743.27,0,2923,40327,6,2021-06-01,43.579805545084184,2.29464080321671,5.64741413941032,77.91422169004447
88,7,1,2223.46,181906.24,0,2667,37472,8,2021-07-01,81.8122385831092,1.2223110103314763,4.854457728437233,68.20631421072366
88,8,1,5383.95,250004.59,0,3208,37104,3,2021-08-01,46.43516191643682,2.153540460997136,6.73794173134972,77.93160536159601
88,9,1,4352.28,232366.58,0,2806,42611,8,2021-09-01,53.38962107217367,1.8730232204648363,5.45320644903898,82.81061297220242
88,10,1,2550.08,211004.8,0,3550,56598,7,2021-10-01,82.74438448989835,1.2085412274981424,3.728131736103749,59.437971830985916
88,11,1,16881.95,498055.69,1,5001,48704,3,2021-11-01,29.502260698556743,3.389570752620054,10.226176289421813,99.59121975604879
88,12,1,17337.63,492143.37,1,4776,33100,6,2021-12-01,28.385850315181486,3.522881960189772,14.868379758308157,103.04509422110553
88,1,2,16845.62,492602.48,1,4670,46933,5,2022-01-01,29.242169774695142,3.4197188775825893,10.495866021775722,105.48232976445395
88,2,2,4220.95,235632.55,0,2959,42329,6,2022-02-01,55.82453002286215,1.7913272168891776,5.566693047319804,79.63249408583981
88,3,2,5144.28,239596.95,0,3036,54174,8,2022-03-01,46.57540996990833,2.147055711685812,4.422729538154835,78.91862648221344
88,4,2,4184.37,219826.88,0,2579,44235,6,2022-04-01,52.53523947452066,1.9034842326834642,4.969523680343619,85.23725474990306
88,5,2,4747.53,221444.49,0,2271,49575,8,2022-05-01,46.64414758832488,2.14389168138706,4.466858093797277,97.50968295904887
88,6,2,5445.23,237810.89,0,2654,39638,2,2022-06-01,43.67324979844746,2.289731138889392,5.999568343508755,89.60470610399398
88,7,2,4142.69,228659.27,0,2597,40255,7,2022-07-01,55.19584376335183,1.8117306156011082,5.68027002856788,88.04746630727763
88,8,2,3783.05,223976.52,0,2926,45116,7,2022-08-01,59.205276166056485,1.6890386545875435,4.964458728610692,76.54699931647299
88,9,2,5260.35,209086.59,0,2555,39778,7,2022-09-01,39.74765747526305,2.515871534372434,5.256337422695963,81.8342818003914
88,10,2,4512.56,224681.68,0,2736,46004,2,2022-10-01,49.790291985037314,2.008423650740016,4.883959655682115,82.12049707602338
88,11,2,18785.72,471596.95,1,4276,22351,5,2022-11-01,25.10401251588973,3.9834269496441825,21.09959062234352,110.28927736202058
88,12,2,18301.19,514193.49,1,4662,29617,5,2022-12-01,28.096177898814233,3.5592029762959463,17.361430597292095,110.29461389961389
88,1,3,18908.35,508614.24,1,4913,44139,5,2023-01-01,26.898922433739592,3.717621040260296,11.52301230204581,103.52416853246488
88,2,3,5321.85,239811.97,0,3170,48775,2,2023-02-01,45.06176799421254,2.2191761320337764,4.916698513582778,75.65046372239748
88,3,3,4506.34,231824.13,0,2661,52337,4,2023-03-01,51.443994461136974,1.943861495349945,4.4294501022221375,87.1191770011274
88,4,3,5695.85,223459.9,0,2381,56470,6,2023-04-01,39.23205491717654,2.548936073094099,3.957143616079334,93.85128097438051
88,5,3,4211.99,223534.55,0,3003,39797,5,2023-05-01,53.0710068162555,1.884268002418418,5.616869362012212,74.43707958707958
88,6,3,3632.52,212213.49,0,3176,49148,6,2023-06-01,58.42046017640646,1.7117290705694534,4.317845894034345,66.81784949622165
88,7,3,6864.48,261225.7,0,2908,47745,8,2023-07-01,38.05469605855069,2.627796575911175,5.471268195622579,89.83002063273727
88,8,3,4511.04,217359.69,0,2549,39221,8,2023-08-01,48.18394206214088,2.0753802142430366,5.5419211646821855,85.27253432718713
88,9,3,5871.01,256471.88,0,3302,52876,6,2023-09-01,43.684456337154934,2.289143745505355,4.850440275361223,77.67167777104785
88,10,3,5677.43,242843.95,0,2823,48220,8,2023-10-01,42.773570083647,2.3378922966785876,5.036166528411448,86.02336167198017
88,11,3,17943.56,482921.95,1,4688,39578,2,2023-11-01,26.913385638078505,3.715623197495993,12.20177750265299,103.01236134812287
88,12,3,17348.18,496110.83,1,5270,47771,4,2023-12-01,28.597283980221558,3.496835576034492,10.385188294153357,94.13867741935483
89,1,1,17304.31,495477.48,1,4926,46455,6,2021-01-01,28.63318329364187,3.492451362269785,10.66575137229577,100.5841412911084
89,2,1,4471.47,212019.33,0,2186,43138,8,2021-02-01,47.41602426047809,2.1089916659957373,4.914908665213964,96.98962946020127
89,3,1,6207.66,226612.63,0,2901,57788,2,2021-03-01,36.50532245644897,2.7393265768108335,3.9214478784522737,78.11534987935195
89,4,1,7496.81,267269.62,0,3357,28657,8,2021-04-01,35.65111294003716,2.804961521627486,9.326503821055937,79.61561513255883
89,5,1,4641.76,228691.86,0,3316,53673,8,2021-05-01,49.26835079797318,2.0297005761376905,4.260836174612933,68.96618214716526
89,6,1,3849.46,226543.73,0,3114,41612,3,2021-06-01,58.85078166807812,1.6992127745049486,5.444192300297991,72.75007385998715
89,7,1,4076.44,208922.95,0,2441,42368,4,2021-07-01,51.2513246852646,1.951169079318476,4.931149688444109,85.58908234330192
89,8,1,4435.77,233262.21,0,3413,43366,6,2021-08-01,52.586633211370284,1.9016239278535518,5.37891919937278,68.34521242308819
89,9,1,5041.56,219847.53,0,2981,36729,8,2021-09-01,43.60704424820889,2.29320747883772,5.985666094911378,73.74959074136196
89,10,1,4173.04,224403.12,0,3517,56686,3,2021-10-01,53.774495331940265,1.8596176381148355,3.958704442013901,63.80526585157805
89,11,1,18109.72,516929.04,1,5091,33593,7,2021-11-01,28.544286714537826,3.5033280389896455,15.387998690203316,101.53781968179139
89,12,1,20402.7,521306.43,1,4670,44102,3,2021-12-01,25.55085503389257,3.913763350281331,11.820471407192418,111.62878586723768
89,1,2,17560.73,486003.11,1,5108,53741,4,2022-01-01,27.675564170737776,3.6132958079218875,9.043432574756704,95.14547963978073
89,2,2,6236.2,247235.99,0,3033,48110,2,2022-02-01,39.645295211827715,2.5223673948117344,5.138972978590729,81.51532805802835
89,3,2,5155.85,223050.51,0,2227,26177,8,2022-03-01,43.26163678152002,2.3115167950075524,8.520858387133744,100.15739110911541
89,4,2,3717.13,230950.24,0,2911,33549,8,2022-04-01,62.13133250653057,1.6094938892464457,6.883967927509016,79.33708004122295
89,5,2,4158.99,222518.4,0,3063,38891,6,2022-05-01,53.50298990860762,1.8690544242633416,5.72159111362526,72.64720861900098
89,6,2,3442.4,225981.96,0,3619,43493,7,2022-06-01,65.64663025795956,1.5233074356908844,5.195823695767134,62.44320530533296
89,7,2,6145.8,247148.96,0,2905,34755,5,2022-07-01,40.214286179179275,2.4866784792458767,7.111177096820601,85.07709466437177
89,8,2,2824.78,197484.64,0,2481,40769,6,2022-08-01,69.911511692946,1.4303795981297585,4.843990286737473,79.59880693268843
89,9,2,5707.26,226776.85,0,2924,37826,6,2022-09-01,39.73480268990724,2.5166854553275613,5.995263839686988,77.55706224350206
89,10,2,6630.36,244329.72,0,2091,37127,2,2022-10-01,36.850143883590036,2.7136936104211964,6.580917391655668,116.84826398852223
89,11,2,17404.61,508334.77,1,5649,45081,5,2022-11-01,29.206903803072866,3.4238480283377033,11.276031365763847,89.98668259869004
89,12,2,20804.1,532216.45,1,4921,43122,6,2022-12-01,25.58228666464783,3.908954711940978,12.342109596029868,108.15209307051411
89,1,3,18197.98,518609.18,1,5532,32295,2,2023-01-01,28.498172874132184,3.5089968904908315,16.058497600247716,93.747140274765
89,2,3,5803.26,253235.1,0,3146,41021,3,2023-02-01,43.63669730461844,2.2916491434244306,6.173303917505668,80.49431023521933
89,3,3,4649.19,232187.29,0,2514,39389,8,2023-03-01,49.941450016024305,2.0023447450547356,5.894724161567951,92.35771280827367
89,4,3,5616.01,226476.94,0,3081,44436,2,2023-04-01,40.32701864847107,2.479727075083229,5.096699522909353,73.50760791950665
89,5,3,5185.76,239849.07,0,2553,47302,3,2023-05-01,46.25147905032242,2.162093019581022,5.070590461291277,93.94793184488837
89,6,3,4653.82,235759.25,0,3147,41093,8,2023-06-01,50.659297093570444,1.9739713288025813,5.737211933906018,74.91555449634572
89,7,3,5524.33,239335.51,0,2620,57250,8,2023-07-01,43.32389810167025,2.3081948850799447,4.180532925764192,91.34943129770993
89,8,3,4722.48,231297.78,0,2674,40689,5,2023-08-01,48.97803272856635,2.0417316586436756,5.684528496645285,86.49879581151832
89,9,3,5208.12,237360.25,0,2600,36448,5,2023-09-01,45.5750347534235,2.194183735482247,6.5122983428446,91.29240384615385
89,10,3,6586.75,249102.32,0,3103,62439,4,2023-10-01,37.81869966220063,2.644194562298737,3.9895309021605088,80.27789880760554
89,11,3,17115.8,491484.69,1,5188,40540,6,2023-11-01,28.71526250598862,3.482468599377938,12.12345066600888,94.73490555127216
89,12,3,17570.18,487581.98,1,5218,44471,5,2023-12-01,27.75053983510698,3.60353350220203,10.964043533988441,93.44231123035645
90,1,1,19506.16,551779.41,1,5844,47601,7,2021-01-01,28.287444068950528,3.5351373477310433,11.591760887376317,94.41810574948666
90,2,1,7636.81,251711.75,0,3048,22703,7,2021-02-01,32.960326366637375,3.033950540648182,11.087158084834604,82.58259514435696
90,3,1,5059.93,213056.99,0,2717,35932,3,2021-03-01,42.10670700978076,2.3749185605222345,5.929449794055437,78.41626426205373
90,4,1,4071.67,207471.78,0,2763,54178,6,2021-04-01,50.954959512927125,1.9625175047902903,3.8294470080106318,75.08931596091205
90,5,1,3419.84,214583.61,0,2744,42293,4,2021-05-01,62.74668113128099,1.5937097898576693,5.073738207268342,78.20102405247813
90,6,1,3616.78,219177.24,0,3038,36474,5,2021-06-01,60.60010285391978,1.6501622157483142,6.009136371113669,72.14524028966424
90,7,1,4856.79,212024.58,0,2414,46429,6,2021-07-01,43.65529084024633,2.290673090827488,4.566641107928234,87.83122618061309
90,8,1,4691.37,233307.04,0,2956,43578,4,2021-08-01,49.731110528481025,2.010813732838923,5.353780347881959,78.92660351826794
90,9,1,5290.38,255360.86,0,3076,45284,8,2021-09-01,48.26890695942446,2.0717270454054706,5.639096811235756,83.01718465539662
90,10,1,5190.81,233283.74,0,3280,51668,5,2021-10-01,44.941683475218696,2.2251057874843743,4.515052643802741,71.12309146341462
90,11,1,18631.31,508946.28,1,5450,46154,8,2021-11-01,27.316720080337884,3.6607616033660766,11.02713264289119,93.3846385321101
90,12,1,19227.24,522980.58,1,5422,50464,6,2021-12-01,27.19998190067841,3.6764730346201384,10.363438887127458,96.45528956104759
90,1,2,17668.01,484958.34,1,4727,27959,6,2022-01-01,27.448384962426445,3.643201599543581,17.345339246754175,102.59325999576899
90,2,2,4875.69,242249.65,0,2915,51491,6,2022-02-01,49.685203530167016,2.012671638534875,4.70469887941582,83.10451114922813
90,3,2,4665.39,229470.13,0,2486,43915,2,2022-03-01,49.185626496391514,2.033114288121073,5.225324604349312,92.30495977473853
90,4,2,2935.55,199183.33,0,2842,46068,7,2022-04-01,67.85213333106232,1.4737930126984022,4.3236808630719805,70.08561928219564
90,5,2,5167.54,234314.28,0,3238,28397,4,2022-05-01,45.34348645583779,2.2053884210556864,8.251374440962074,72.36389129092032
90,6,2,6897.03,246214.8,0,2467,60167,2,2022-06-01,35.69867029721489,2.8012247842128093,4.092190070969136,99.803323875152
90,7,2,3987.92,218580.64,0,2853,39830,4,2022-07-01,54.810688278601376,1.82446167236037,5.487839317097666,76.61431475639678
90,8,2,3627.07,216025.91,0,3524,44235,2,2022-08-01,59.55934404353928,1.6789976720847977,4.883596925511473,61.30133654937571
90,9,2,2834.84,210840.04,0,2850,38912,3,2022-09-01,74.37458198699045,1.3445453719322005,5.418380962171053,73.97896140350878
90,10,2,4501.44,230514.35,0,2375,45370,5,2022-10-01,51.20902422335964,1.952780813862564,5.080765924619793,97.05867368421053
90,11,2,20921.75,535614.58,1,5068,60563,2,2022-11-01,25.600849833307443,3.9061203300328384,8.84392417812856,105.68559194948696
90,12,2,20180.93,533903.13,1,5138,54749,2,2022-12-01,26.455823889186476,3.7798860628518884,9.751833458145354,103.91263721292331
90,1,3,20489.67,523757.18,1,4868,43729,2,2023-01-01,25.562011491644327,3.912055200847079,11.977341809782981,107.59186113393591
90,2,3,5750.96,226611.73,0,2502,37766,6,2023-02-01,39.404156871200634,2.5378033167126874,6.000416512206747,90.5722342126299
90,3,3,6863.93,246955.1,0,3127,49365,2,2023-03-01,35.97867402493907,2.779424275910884,5.002635470475033,78.97508794371602
90,4,3,2462.86,224623.36,0,3463,47551,3,2023-04-01,91.20427470501774,1.0964398359992478,4.7238409286870935,64.86380594859948
90,5,3,2948.6,232090.77,0,3188,41574,5,2023-05-01,78.71219222681951,1.2704512118254423,5.582594169432818,72.80137076537014
90,6,3,5019.32,210868.73,0,2430,34891,7,2023-06-01,42.01141389670315,2.3803055104471866,6.043642486601129,86.77725514403292
90,7,3,4595.54,218618.89,0,2407,52959,8,2023-07-01,47.571969779394806,2.1020781872966237,4.128078135916464,90.82629414208559
90,8,3,3975.91,210282.96,0,2623,44504,3,2023-08-01,52.88926560208858,1.8907428352730054,4.725035053028941,80.1688753335875
90,9,3,5708.0,227027.1,0,2555,39193,4,2023-09-01,39.77349334267694,2.5142372870903955,5.792542035567576,88.85600782778866
90,10,3,7461.17,243108.34,0,2322,43741,8,2023-10-01,32.58313910552903,3.069072003041936,5.557905397681809,104.69782084409991
90,11,3,18364.33,513442.58,1,4935,45709,4,2023-11-01,27.958688392116674,3.5767056951139504,11.232855236386708,104.04104964539007
90,12,3,19742.58,532320.5,1,5181,51766,7,2023-12-01,26.963066630602484,3.7087769492251383,10.283207124367346,102.74474039760663
91,1,1,20573.77,537923.66,1,5633,55648,8,2021-01-01,26.14609087201811,3.824663521957744,9.666540756181714,95.49505769572164
91,2,1,7318.01,256562.9,0,3138,50683,8,2021-02-01,35.05910759892375,2.8523258818792585,5.062109583094923,81.76000637348629
91,3,1,4533.32,232649.64,0,3023,39551,6,2021-03-01,51.3199244703661,1.9485609348030797,5.88226947485525,76.95985444922263
91,4,1,5274.17,224737.6,0,2235,51345,7,2021-04-01,42.61098902765743,2.34681246039826,4.377010419709807,100.5537360178971
91,5,1,4959.12,245533.81,0,3580,41940,8,2021-05-01,49.51156858474891,2.0197299915640947,5.854406533142584,68.58486312849162
91,6,1,4229.46,252104.79,0,3688,45510,6,2021-06-01,59.60685051992453,1.677659516108361,5.5395471324983525,68.35813177874186
91,7,1,3147.26,191535.34,0,2676,32158,4,2021-07-01,60.857806472932005,1.6431745702907883,5.9560712730891225,71.57523916292975
91,8,1,6305.39,248471.93,0,2654,44438,7,2021-08-01,39.40627463170399,2.5376669308279616,5.5914291822314235,93.62167671439336
91,9,1,6426.56,254869.28,0,3033,37854,7,2021-09-01,39.65874122392073,2.521512204217001,6.732955037776721,84.0320738542697
91,10,1,5962.96,259244.2,0,2969,34882,7,2021-10-01,43.47575700658734,2.300132461979863,7.432033713663207,87.31700909397104
91,11,1,18300.4,504043.14,1,5129,40245,2,2021-11-01,27.54273895652554,3.630720973605553,12.524366753633991,98.27317995710665
91,12,1,20149.42,534422.31,1,5259,47235,5,2021-12-01,26.522962447554328,3.7703178970952758,11.314116862496032,101.62051911009699
91,1,2,18596.12,516283.1,1,4654,40994,2,2022-01-01,27.76294732449565,3.601923053456524,12.59411377274723,110.93319724967769
91,2,2,5176.36,235681.06,0,3581,51692,5,2022-02-01,45.53026837391526,2.1963411060693634,4.559333359127137,65.81431443730801
91,3,2,2846.25,209214.91,0,2888,38679,8,2022-03-01,73.50545805884937,1.360443192122397,5.409005144910675,72.44283587257618
91,4,2,5697.74,240648.65,0,2450,44923,7,2022-04-01,42.23580753070516,2.3676592409722637,5.356914052935022,98.2239387755102
91,5,2,5316.43,241764.77,0,2775,51089,5,2022-05-01,45.47502177212904,2.199009392476828,4.7322274853686705,87.12243963963964
91,6,2,4480.45,234666.64,0,2932,40765,8,2022-06-01,52.37568547802119,1.90928288741851,5.756571568747701,80.03637107776262
91,7,2,4221.93,201572.67,0,2363,37445,6,2022-07-01,47.7441999275213,2.094495250769859,5.383166510882628,85.30371138383411
91,8,2,4484.74,228980.76,0,3340,36203,5,2022-08-01,51.0577558565268,1.958566300504898,6.324911195204818,68.5571137724551
91,9,2,4891.45,234806.61,0,2680,37923,4,2022-09-01,48.003477496447886,2.0831824112617614,6.19166758958943,87.6144067164179
91,10,2,2955.7,188795.34,0,2556,62064,8,2022-10-01,63.87500084582333,1.5655577092104074,3.0419460556844546,73.86359154929578
91,11,2,19493.37,536108.1,1,5701,48792,2,2022-11-01,27.50207378200896,3.636089437932387,10.98762297097885,94.03755481494474
91,12,2,19727.27,529154.65,1,5119,37272,3,2022-12-01,26.823511312006172,3.7280726910365427,14.197109089933463,103.37070716936903
91,1,3,17709.2,521968.6,1,5571,59113,2,2023-01-01,29.474431369005938,3.392771136041517,8.830013702569655,93.69387901633459
91,2,3,4645.98,215362.75,0,2392,47703,4,2023-02-01,46.35464423006557,2.1572811454162797,4.514658407228057,90.03459448160535
91,3,3,3960.28,222020.72,0,3105,46955,3,2023-03-01,56.0618744129203,1.783743427190039,4.728372271323607,71.5042576489533
91,4,3,4725.63,236317.94,0,2492,43407,4,2023-04-01,50.007711141160016,1.9996916019156226,5.44423572234893,94.83063402889246
91,5,3,5099.01,228668.05,0,2696,27995,8,2023-05-01,44.84557786707615,2.2298742653378993,8.168174674048936,84.81752596439169
91,6,3,7074.14,252554.41,0,2625,37424,7,2023-06-01,35.70107603185687,2.801036022297136,6.748461147926465,96.21120380952381
91,7,3,5140.14,212340.95,0,2104,47621,4,2023-07-01,41.31034368713693,2.420701235442339,4.458977131937591,100.92250475285172
91,8,3,6579.21,241631.2,0,2403,37661,6,2023-08-01,36.726476279066944,2.7228313231072807,6.415952842463025,100.55397419891803
91,9,3,4422.79,203214.17,0,2128,48073,6,2023-09-01,45.94705378279322,2.1764181110008223,4.22719967549352,95.49538063909775
91,10,3,5370.88,231011.65,0,2374,53693,4,2023-10-01,43.011880734628214,2.3249390236379854,4.302453764922801,97.30903538331928
91,11,3,18705.42,520530.39,1,5097,47621,6,2023-11-01,27.827784139570245,3.5935308215145705,10.9306900317087,102.12485579752796
91,12,3,18454.55,523338.88,1,5565,35223,4,2023-12-01,28.358257448705064,3.526309759366627,14.857873548533629,94.04112848158131
92,1,1,20715.16,547586.95,1,5752,59255,2,2021-01-01,26.43411636695058,3.7829900803881467,9.24119399206818,95.19940020862308
92,2,1,3509.36,224418.15,0,3217,51306,7,2021-02-01,63.94845498894385,1.5637594374608295,4.374111215062566,69.76007149518185
92,3,1,3010.76,219234.1,0,3202,44838,3,2021-03-01,72.8168635161886,1.3733082581587446,4.8894709844328474,68.46786383510306
92,4,1,4361.43,225467.21,0,2883,37622,6,2021-04-01,51.695707600488824,1.9343965803275787,5.992961830843655,78.20576135969476
92,5,1,6519.73,244731.99,0,2576,45021,2,2021-05-01,37.53713574028372,2.66402851543846,5.435951889118411,95.00465450310558
92,6,1,5741.4,235841.56,0,2360,25322,5,2021-06-01,41.077360922423104,2.434430979849353,9.313701919279678,99.93286440677966
92,7,1,5271.51,233136.35,0,2884,51909,4,2021-07-01,44.225724697477574,2.2611274475215897,4.491251035465911,80.837846740638
92,8,1,6643.78,246296.11,0,2633,48367,7,2021-08-01,37.07168358976366,2.697476626813148,5.092234581429487,93.54200911507785
92,9,1,7845.83,288391.4,0,3390,47985,5,2021-09-01,36.75728380553747,2.720549225809091,6.010032301760967,85.07120943952803
92,10,1,7403.0,270656.25,0,3471,38619,6,2021-10-01,36.56034715655815,2.7352037870915598,7.00837023226909,77.97644770959377
92,11,1,17254.5,493681.97,1,4909,27726,5,2021-11-01,28.611780694891188,3.4950638363398205,17.80574082089014,100.5667080871868
92,12,1,19849.51,533063.08,1,4535,59381,2,2021-12-01,26.85522614915935,3.723670001681602,8.97699735605665,117.54422932745314
92,1,2,19397.55,505337.62,1,4590,57393,8,2022-01-01,26.051620952130552,3.83853274173413,8.804865053229488,110.09534204793029
92,2,2,3719.7,201718.9,0,2620,40868,8,2022-02-01,54.22988413044063,1.844001727155958,4.935864245864735,76.9919465648855
92,3,2,5272.98,239822.09,0,2623,45928,2,2022-03-01,45.48131986087564,2.198704881606194,5.221696786274168,91.43045749142203
92,4,2,5683.93,230696.64,0,2208,41536,5,2022-04-01,40.58752306942556,2.4638113498315364,5.554137134052389,104.48217391304348
92,5,2,4116.6,217484.83,0,2455,52472,4,2022-05-01,52.8311786425691,1.8928216740450359,4.144778739137063,88.58852545824847
92,6,2,4148.08,211654.56,0,2802,40816,7,2022-06-01,51.02470540587453,1.9598349310310157,5.185578204625637,75.53695931477516
92,7,2,6226.31,246382.3,0,2641,53800,6,2022-07-01,39.57115851925137,2.5270930582269915,4.579596654275092,93.29129117758424
92,8,2,3523.89,202906.85,0,2555,31806,8,2022-08-01,57.58035863775544,1.7367033197745665,6.379514871407911,79.41559686888455
92,9,2,7711.22,251424.82,0,2500,52848,5,2022-09-01,32.6050637901655,3.0670082611573513,4.757508704208296,100.569928
92,10,2,4875.88,244183.05,0,3438,57730,2,2022-10-01,50.07979072495631,1.99681345613465,4.229742768058202,71.02473821989528
92,11,2,18137.76,492700.75,1,5496,44528,3,2022-11-01,27.164365941549566,3.681293361132492,11.064964741286381,89.64715247452693
92,12,2,17496.0,498833.55,1,5028,39321,3,2022-12-01,28.511291152263375,3.507382372336424,12.686186770428016,99.2111276849642
92,1,3,18548.73,496620.26,1,4419,51448,3,2023-01-01,26.77381470321688,3.734992607832793,9.652858420152388,112.38295089386739
92,2,3,5244.88,226847.32,0,2323,51002,4,2023-02-01,43.25119354494288,2.312074923344918,4.447812242657151,97.6527421437796
92,3,3,5945.98,250861.53,0,3000,39860,3,2023-03-01,42.19010659302588,2.370223923931262,6.293565730055193,83.62051
92,4,3,6475.01,253339.7,0,2585,48272,3,2023-04-01,39.12576196793518,2.555860767183351,5.248170782234007,98.00375241779497
92,5,3,4287.71,229483.04,0,2574,33089,6,2023-05-01,53.52111966527587,1.8684213003279022,6.935327147994802,89.1542501942502
92,6,3,4064.29,209661.59,0,2508,40229,3,2023-06-01,51.58627706192225,1.9385000371312646,5.211702751746253,83.59712519936204
92,7,3,4521.39,244399.81,0,2795,34759,2,2023-07-01,54.05413158342898,1.8499973465609487,7.031267009983026,87.44179248658318
92,8,3,6823.97,240534.22,0,2330,57718,2,2023-08-01,35.248428700595106,2.837005894629047,4.167403929450085,103.23357081545065
92,9,3,4751.85,224725.8,0,2641,37629,5,2023-09-01,47.292275640013884,2.114510216450448,5.9721438252411705,85.09117758424838
92,10,3,4955.54,218853.38,0,2159,63348,4,2023-10-01,44.16337674602566,2.264319609777103,3.454779629980426,101.3679388605836
92,11,3,18853.74,506610.2,1,4749,42863,4,2023-11-01,26.87054133556525,3.7215476514290478,11.81928936378695,106.67723731311855
92,12,3,19781.48,528077.27,1,5321,46817,7,2023-12-01,26.695538958662347,3.745944225169926,11.279605057991756,99.24398985153167
93,1,1,19248.53,516373.72,1,5092,43069,6,2021-01-01,26.826657412280316,3.7276354807521965,11.989452274257586,101.40882168106833
93,2,1,4919.05,227609.74,0,2724,44126,4,2021-02-01,46.27107673229587,2.161177285295436,5.158177491728233,83.55717327459618
93,3,1,7163.01,247495.06,0,2576,51119,6,2021-03-01,34.551823884093416,2.8942032216723845,4.841547369862478,96.07727484472049
93,4,1,5589.37,230607.8,0,3066,29726,6,2021-04-01,41.25828134476694,2.4237558313292094,7.757781067079324,75.21454664057403
93,5,1,4043.12,207946.86,0,2406,47657,2,2021-05-01,51.432275074694786,1.944304424697733,4.363406425079211,86.42845386533665
93,6,1,4685.73,228837.56,0,3091,37536,8,2021-06-01,48.83712036331586,2.0476227766106225,6.09648231031543,74.0335037204788
93,7,1,6289.79,246877.45,0,3127,51783,5,2021-07-01,39.25050756861517,2.5477377540962123,4.767538574435626,78.95025583626479
93,8,1,5195.12,254844.25,0,2894,37488,6,2021-08-01,49.05454541954758,2.038547073359513,6.798022033717456,88.0595196959226
93,9,1,3063.58,219654.71,0,2850,41321,5,2021-09-01,71.69870217196875,1.3947253851283226,5.31581302485419,77.07182807017544
93,10,1,3512.58,214923.2,0,2925,36608,2,2021-10-01,61.18670606790451,1.6343419416796325,5.870935314685315,73.4780170940171
93,11,1,18605.88,507524.61,1,5372,35792,8,2021-11-01,27.27764609897516,3.6660054770546004,14.179833761734466,94.47591399851079
93,12,1,17513.9,485927.7,1,4812,58988,6,2021-12-01,27.745259479613335,3.6042193108151688,8.23773818403743,100.98248129675811
93,1,2,20092.37,541064.83,1,5381,46731,4,2022-01-01,26.928870511542442,3.7134866075106006,11.578284864436883,100.55098123025459
93,2,2,4252.03,226077.82,0,2932,40100,7,2022-02-01,53.16938497611729,1.8807815822003235,5.637850872817955,77.10703274215552
93,3,2,4829.29,221750.37,0,2275,55622,5,2022-03-01,45.91779951090119,2.177804708961703,3.9867385207292076,97.47269010989011
93,4,2,7081.26,250022.79,0,3274,60644,7,2022-04-01,35.30766982147245,2.832245812471735,4.122795165226568,76.36615455100794
93,5,2,7119.42,266582.04,0,2673,49005,6,2022-05-01,37.44434799464001,2.670630024438256,5.4398947046219766,99.73140291806958
93,6,2,3974.54,210647.39,0,2473,43700,7,2022-06-01,52.99918732733851,1.8868213843048327,4.820306407322655,85.1788879902952
93,7,2,1912.58,178876.62,0,2709,52634,7,2022-07-01,93.52634661033787,1.069217430427744,3.3984994490253446,66.03049833887043
93,8,2,5019.69,214581.92,0,2388,39754,8,2022-08-01,42.7480422097779,2.339288417216138,5.39774412637722,89.85842546063652
93,9,2,4085.89,205922.35,0,2315,37564,3,2022-09-01,50.39840769085805,1.9841896714951048,5.481906878926632,88.95133909287257
93,10,2,4312.54,222740.35,0,3075,37083,6,2022-10-01,51.649457164455285,1.9361287705617773,6.006535339643502,72.4358861788618
93,11,2,17492.46,500328.54,1,5323,43765,5,2022-11-01,28.602525888297016,3.496194720373137,11.432161316120187,93.99371407101258
93,12,2,18622.81,518179.1,1,4769,35191,7,2022-12-01,27.824968412393186,3.5938944662183405,14.72476201301469,108.65571398616062
93,1,3,17128.53,478088.3,1,4658,43980,5,2023-01-01,27.911811463096953,3.582712649525203,10.870584356525693,102.6381064834693
93,2,3,4563.87,208739.78,0,2620,41755,6,2023-02-01,45.737450891458344,2.1863920715064467,4.999156508202611,79.67167175572519
93,3,3,4554.11,222874.01,0,2549,49014,3,2023-03-01,48.93909238028946,2.043356244184775,4.5471499979597665,87.43586112200863
93,4,3,3129.29,209425.06,0,2487,47732,5,2023-04-01,66.9241457327381,1.4942290096514714,4.3875190647783455,84.20790510655408
93,5,3,4513.68,222249.32,0,2946,45445,5,2023-05-01,49.23905106254763,2.030908351035675,4.890512047529981,75.44104548540393
93,6,3,4362.39,231720.79,0,3349,59726,4,2023-06-01,53.11785282838077,1.882606217594891,3.879730603087433,69.19103911615407
93,7,3,5823.96,243313.14,0,3218,44374,7,2023-07-01,41.777955205736305,2.3936068557579753,5.483236579979267,75.61004972032319
93,8,3,3438.76,206753.87,0,2967,44950,7,2023-08-01,60.12454198606474,1.6632143330618192,4.599641156840934,69.68448601280755
93,9,3,5948.46,240604.35,0,2539,52428,3,2023-09-01,40.44817482171856,2.472299440970207,4.589233806363012,94.7634304844427
93,10,3,5433.52,242375.1,0,2965,47220,4,2023-10-01,44.60738158689026,2.241781437119572,5.1328907242693775,81.74539629005059
93,11,3,20102.13,529342.41,1,4438,38678,2,2023-11-01,26.332652808433732,3.797566493869252,13.685878535601635,119.27499098693106
93,12,3,19254.43,508530.87,1,4132,57518,3,2023-12-01,26.411110066618434,3.7862853832256045,8.841247435585382,123.07136253630203
94,1,1,17494.31,497722.38,1,5202,56523,4,2021-01-01,28.45052934354084,3.5148730904967547,8.805661058330237,95.67904267589388
94,2,1,5654.72,241439.04,0,3006,43272,8,2021-02-01,42.69690453285043,2.3420901607295983,5.579567387687188,80.31904191616766
94,3,1,4971.73,210083.58,0,2561,36312,3,2021-03-01,42.255629328221765,2.3665485898517153,5.785513879709186,82.03185474424052
94,4,1,3840.03,220424.88,0,2487,29026,5,2021-04-01,57.401864047937124,1.742103704445705,7.594049472886378,88.63083232810615
94,5,1,6756.75,243999.06,0,2325,50625,4,2021-05-01,36.11189699189699,2.7691705041814507,4.819734518518518,104.94583225806451
94,6,1,2792.74,210316.49,0,3143,34042,7,2021-06-01,75.30829579552697,1.327874956452535,6.17814728864344,66.9158415526567
94,7,1,5307.17,238220.99,0,2959,53755,6,2021-07-01,44.88663261210777,2.2278347512534475,4.431606176169659,80.5072625887124
94,8,1,3862.75,218036.71,0,2747,44420,5,2021-08-01,56.445980195456606,1.7716053411372792,4.908525664115263,79.3726647251547
94,9,1,6062.98,249978.75,0,2878,41479,8,2021-09-01,41.23034382432402,2.425398158843502,6.0266339593529255,86.85849548297429
94,10,1,3822.22,209533.1,0,2383,45797,6,2021-10-01,54.819738267289694,1.82416047870241,4.5752582046858965,87.9282836760386
94,11,1,20487.93,532716.9,1,4636,55217,7,2021-11-01,26.001499419414262,3.8459320513390884,9.647697267145988,114.9087359792925
94,12,1,20921.97,532780.67,1,4891,41595,4,2021-12-01,25.465129239741763,3.926938640622979,12.808767159514366,108.93082600695155
94,1,2,20868.31,527607.51,1,4458,53059,4,2022-01-01,25.282713837392677,3.955271599526702,9.943789178084774,118.3507200538358
94,2,2,3298.0,205131.11,0,2791,57208,3,2022-02-01,62.19863856882959,1.6077522322187017,3.585706719339952,73.49735220351128
94,3,2,3879.88,217811.48,0,2445,27439,8,2022-03-01,56.138715630380325,1.7813018854653573,7.938025438244835,89.08444989775052
94,4,2,4450.66,220483.94,0,2955,49857,5,2022-04-01,49.53960536190138,2.0185869320005803,4.422326654231101,74.61385448392555
94,5,2,4204.74,211894.69,0,2835,52353,2,2022-05-01,50.394243163667674,1.984353642840224,4.04742211525605,74.7423950617284
94,6,2,4725.25,226650.79,0,2881,40567,2,2022-06-01,47.9658832865986,2.0848151466844653,5.587072990361624,78.67087469628602
94,7,2,7305.33,260923.76,0,2622,47350,8,2022-07-01,35.716902590300506,2.7997948519521563,5.510533474128828,99.51325705568269
94,8,2,2847.89,215925.19,0,3437,38451,7,2022-08-01,75.81935748922888,1.3189243922860505,5.6155936126498665,62.82373872563282
94,9,2,1968.33,210217.72,0,3143,50609,4,2022-09-01,106.80003861141171,0.9363292495038,4.153761583908,66.88441616290169
94,10,2,5521.17,240421.96,0,2934,32647,2,2022-10-01,43.54547315152404,2.296449958231769,7.36428952124238,81.94340831629175
94,11,2,17292.45,494101.19,1,5152,52992,8,2022-11-01,28.573232248755957,3.4997790634748323,9.324071369263285,95.90473408385093
94,12,2,20681.4,511581.24,1,4352,50192,6,2022-12-01,24.73629638225652,4.042642376800213,10.192485655084475,117.55083639705882
94,1,3,19253.73,507658.18,1,4731,37941,7,2023-01-01,26.36674452171086,3.792656310590721,13.3802003110092,107.30462481504968
94,2,3,6392.57,242863.4,0,3061,53523,3,2023-02-01,37.99151202098687,2.632166888876628,4.537552080414027,79.34119568768376
94,3,3,4393.23,231828.3,0,3354,56728,8,2023-03-01,52.76944298386381,1.8950361107768119,4.08666443378931,69.11994633273703
94,4,3,3420.38,206120.13,0,2499,37126,4,2023-04-01,60.26234804319988,1.6594109464223608,5.551907827398589,82.48104441776711
94,5,3,5062.61,236419.87,0,3139,55452,6,2023-05-01,46.699206535759224,2.141364006333309,4.263504833008728,75.31693851545077
94,6,3,5453.12,232382.0,0,2545,50885,4,2023-06-01,42.61450325685112,2.346618929176959,4.566807507123907,91.30923379174853
94,7,3,3992.27,228051.89,0,2943,49923,2,2023-07-01,57.12336339977006,1.7505971996110183,4.568072631853054,77.48959904858988
94,8,3,5111.54,236330.25,0,2902,41523,8,2023-08-01,46.23464748392852,2.1628801222018765,5.691550466006792,81.43702618883529
94,9,3,4760.4,231251.57,0,3232,36630,5,2023-09-01,48.578180405007984,2.058537375551656,6.313174174174175,71.55060952970297
94,10,3,2650.68,203757.38,0,2585,36989,4,2023-10-01,76.86985226432463,1.300900119544136,5.508593906296467,78.82297098646035
94,11,3,19543.08,533407.86,1,5792,32059,6,2023-11-01,27.293950595300227,3.663815527577716,16.638318724851054,92.09389848066299
94,12,3,18186.97,507430.87,1,5333,44186,6,2023-12-01,27.900792160541307,3.5841276270795275,11.483973883130403,95.14923495218451
95,1,1,20147.32,520863.17,1,4047,35852,3,2021-01-01,25.8527273106299,3.8680638525469178,14.5281482204619,128.70352606869287
95,2,1,3777.01,229489.39,0,2976,26951,2,2021-02-01,60.75953995356115,1.645832079644292,8.515060294608736,77.11337029569893
95,3,1,3550.13,224358.49,0,3449,55901,7,2021-03-01,63.19726038201418,1.582347073204139,4.013496896298814,65.0503015366773
95,4,1,5423.83,235709.4,0,2805,57524,5,2021-04-01,43.45810985963793,2.3010664827113385,4.09758361727279,84.03187165775401
95,5,1,4094.52,211595.22,0,2829,48198,6,2021-05-01,51.677661850473314,1.935072068263168,4.390124486493216,74.7950583244963
95,6,1,6602.72,244211.17,0,3348,31871,8,2021-06-01,36.986449523832604,2.703692873671585,7.662488469141226,72.94240442054958
95,7,1,3475.71,211307.92,0,2566,52774,2,2021-07-01,60.795612982671166,1.6448555264752973,4.004015613749195,82.34915042868278
95,8,1,4116.71,219991.71,0,2826,43271,6,2021-08-01,53.43871926854211,1.8713023322560653,5.084044972383351,77.84561571125265
95,9,1,4841.01,219965.05,0,2567,64476,6,2021-09-01,45.4378425163344,2.2008087193851935,3.411580277932874,85.68954031943903
95,10,1,5069.06,242094.39,0,3510,31887,6,2021-10-01,47.75922754909194,2.093836209917958,7.59225985511337,68.97276068376068
95,11,1,17731.67,489596.53,1,4430,38447,8,2021-11-01,27.61141674754832,3.621690292617065,12.734323354227898,110.51840406320542
95,12,1,17183.07,496860.41,1,5691,46364,2,2021-12-01,28.915694925295654,3.4583294732619168,10.716513027348805,87.3063451063082
95,1,2,19218.57,527397.08,1,4885,42182,3,2022-01-01,27.442056302836267,3.6440417910542853,12.502894125456354,107.96255475946775
95,2,2,6100.21,253670.68,0,2798,35782,5,2022-02-01,41.58392579927576,2.404775356773593,7.089337655804594,90.66142959256612
95,3,2,4607.26,210897.5,0,2892,43028,3,2022-03-01,45.77503765795722,2.1845967827973305,4.901401413033374,72.92444674965422
95,4,2,6772.06,249868.71,0,3025,52138,4,2022-04-01,36.89700179856646,2.710247313479147,4.79244907744831,82.60122644628099
95,5,2,5077.47,233246.7,0,2890,46982,4,2022-05-01,45.93758308764011,2.17686681097739,4.9645970797326635,80.70820069204153
95,6,2,6482.85,243655.48,0,2884,50925,2,2022-06-01,37.58462404652275,2.6606625059284528,4.7845945999018165,84.48525658807212
95,7,2,2893.14,204069.49,0,2731,41619,5,2022-07-01,70.53564293466614,1.4177229530979865,4.90327710901271,74.72335774441596
95,8,2,4864.43,235558.66,0,2991,43759,4,2022-08-01,48.42471985412474,2.0650609916018374,5.383090564226788,78.7558207957205
95,9,2,4724.29,252311.99,0,3364,41641,7,2022-09-01,53.407388200131656,1.8724001185991994,6.059220239667635,75.00356420927467
95,10,2,6393.52,219827.92,0,2335,50201,6,2022-10-01,34.38292521177692,2.908420368076994,4.378955000896397,94.14471948608137
95,11,2,18220.81,501876.47,1,5164,49827,5,2022-11-01,27.544136072984678,3.630536813172373,10.072379834226423,97.18754260263361
95,12,2,18262.73,499020.93,1,4868,42583,7,2022-12-01,27.324552791395373,3.659712228903906,11.718782847615245,102.5104622021364
95,1,3,20153.82,533877.72,1,5476,35284,4,2023-01-01,26.49015025439346,3.7749880253478274,15.130872916902845,97.49410518626735
95,2,3,5133.33,224999.57,0,2644,44110,3,2023-02-01,43.831113526697095,2.2814843601701105,5.100874404896849,85.09817322239032
95,3,3,2088.38,208474.51,0,3002,37301,5,2023-03-01,99.82594642737433,1.001743570472956,5.588979115841399,69.44520652898068
95,4,3,5579.09,240469.58,0,2729,50360,2,2023-04-01,43.10193597880657,2.3200814007326835,4.775011517077045,88.11637229754488
95,5,3,3556.69,212199.38,0,2796,48105,8,2023-05-01,59.66203970545648,1.6761076304746978,4.411170980147594,75.89391273247496
95,6,3,5578.23,226710.95,0,2528,56403,8,2023-06-01,40.642094356095036,2.4605031208241153,4.019483892700743,89.67996439873419
95,7,3,5247.38,231955.74,0,2691,46064,6,2023-07-01,44.20410566797144,2.2622333036466356,5.035510159777701,86.19685618729096
95,8,3,4107.51,214148.05,0,2243,27792,7,2023-08-01,52.13573430131636,1.9180702322528738,7.705384643062751,95.4739411502452
95,9,3,6726.48,257722.93,0,2655,54892,7,2023-09-01,38.31468018934123,2.6099656712734096,4.69509090577862,97.07078342749529
95,10,3,4727.99,244478.05,0,3220,35371,6,2023-10-01,51.70866478143989,1.933911858344747,6.911821831443838,75.9248602484472
95,11,3,21291.23,536107.74,1,5108,49434,6,2023-11-01,25.179744899660566,3.9714461126787683,10.844919286321156,104.95453014878622
95,12,3,15906.82,452836.83,1,4202,42190,6,2023-12-01,28.468092931208126,3.5127045651300053,10.733273998577863,107.76697524988101
96,1,1,18869.54,522666.02,1,6023,41959,2,2021-01-01,27.698927477829347,3.610248089210008,12.456589051216664,86.7783529802424
96,2,1,5082.54,228424.01,0,3145,37883,8,2021-02-01,44.94288485678421,2.225046307522576,6.029723358762506,72.63084578696343
96,3,1,4629.01,240221.32,0,3839,49028,3,2021-03-01,51.894750713435485,1.9269771725507128,4.899676103451089,62.57393071112269
96,4,1,6787.83,241943.1,0,2495,38692,5,2021-04-01,35.64365931380132,2.8055480813463993,6.253052310555153,96.97118236472946
96,5,1,4410.65,206919.16,0,1948,35672,6,2021-05-01,46.91352975185064,2.1315812416791173,5.800604395604395,106.22133470225873
96,6,1,5534.54,239877.43,0,3267,38782,5,2021-06-01,43.34189110567454,2.3072366583217105,6.1852774483007575,73.42437404346495
96,7,1,3784.4,226513.82,0,3030,41870,4,2021-07-01,59.85461896205475,1.670714837620062,5.409931215667543,74.75703630363037
96,8,1,4307.57,240266.04,0,3099,43676,4,2021-08-01,55.77762868624306,1.7928334774236092,5.501099917574869,77.5301839303001
96,9,1,6067.28,248360.52,0,3035,41870,3,2021-09-01,40.934408828997505,2.44293255626941,5.931705755911153,81.83213179571663
96,10,1,5323.74,232643.32,0,2734,45919,4,2021-10-01,43.699226483637446,2.28837002498073,5.066384720921623,85.09265544989027
96,11,1,20751.14,542739.69,1,5481,55074,2,2021-11-01,26.15469270603928,3.8234056551124906,9.85473526527944,99.02201970443349
96,12,1,20283.55,540698.54,1,5276,53035,7,2021-12-01,26.656997419090843,3.751360231155793,10.19512661449986,102.48266489764974
96,1,2,19026.88,516142.42,1,5252,60657,2,2022-01-01,27.12701294169091,3.6863623803678065,8.509197949123761,98.27540365575018
96,2,2,6231.62,234307.09,0,2652,29089,6,2022-02-01,37.5997076201694,2.6595951492547667,8.054834817284885,88.35108974358974
96,3,2,3730.02,207278.6,0,2867,33625,7,2022-03-01,55.57037227682425,1.7995200662297022,6.164419330855019,72.29808161841646
96,4,2,4098.89,222346.99,0,2877,39394,5,2022-04-01,54.24565919065893,1.8434654770905605,5.644184139716708,77.28432047271463
96,5,2,4797.22,238022.67,0,3119,38452,2,2022-05-01,49.61679264240539,2.0154466799317894,6.190124570893582,76.31377685155499
96,6,2,4347.02,242500.52,0,3385,36429,7,2022-06-01,55.78546222469645,1.792581723123728,6.656798704328969,71.6397400295421
96,7,2,5198.42,242361.1,0,3589,37055,6,2022-07-01,46.62206978274168,2.144906917818082,6.540577519902847,67.52886597938145
96,8,2,6798.4,236032.99,0,2496,46955,7,2022-08-01,34.7189029771711,2.880275337782231,5.0267913960174635,94.56449919871794
96,9,2,6717.04,264389.08,0,3399,40401,5,2022-09-01,39.36095065683694,2.5405890439953116,6.544122175193683,77.78437187408062
96,10,2,4807.1,230114.02,0,2681,50745,7,2022-10-01,47.86961369640739,2.089007875313291,4.534713173711696,85.83141365162253
96,11,2,17821.55,486111.22,1,4918,51889,6,2022-11-01,27.276596031209404,3.6661466073545887,9.368290389099808,98.84327368849125
96,12,2,17825.06,489626.68,1,4977,32763,4,2022-12-01,27.468444987001444,3.640540993395213,14.944500808839239,98.37787422141852
96,1,3,19039.49,537606.4,1,5591,37074,8,2023-01-01,28.236386583884336,3.541529639528101,14.500900900900902,96.1556787694509
96,2,3,6442.71,253892.34,0,2753,44690,6,2023-02-01,39.40769334643341,2.5375755723863116,5.68118908033117,92.22387940428624
96,3,3,3173.88,206557.14,0,2970,40341,2,2023-03-01,65.08032439789784,1.5365627157695927,5.120278128950695,69.54785858585859
96,4,3,5633.28,232860.55,0,3372,55415,5,2023-04-01,41.336583659963644,2.4191646030209926,4.202121266805016,69.05710260972717
96,5,3,3290.79,199206.93,0,2316,39564,8,2023-05-01,60.534683161186216,1.6519455422559848,5.035055353351532,86.01335492227979
96,6,3,5226.71,237688.1,0,3506,48206,3,2023-06-01,45.47566251045112,2.198978409099993,4.930674604820977,67.79466628636624
96,7,3,4793.52,219185.35,0,2144,35174,2,2023-07-01,45.7253437974599,2.1869709814091136,6.231459316540627,102.2319729477612
96,8,3,6686.45,259333.01,0,2413,46183,4,2023-08-01,38.78485743555998,2.5783258367301563,5.615334863477903,107.47327393286366
96,9,3,6494.19,237816.48,0,3108,43601,2,2023-09-01,36.61988331108268,2.7307569265174556,5.454381321529323,76.51752895752897
96,10,3,4170.9,228267.43,0,3392,40643,8,2023-10-01,54.72857896377281,1.8271989131344757,5.616402086460153,67.2958225235849
96,11,3,19352.51,521282.72,1,5128,36109,8,2023-11-01,26.9361814048927,3.712478710209308,14.436365449057021,101.65419656786271
96,12,3,19680.61,532354.67,1,5152,42408,6,2023-12-01,27.04970374393883,3.6968981600180193,12.553166147896624,103.32971079192548
97,1,1,20013.67,553740.14,1,5398,48420,5,2021-01-01,27.668095856482097,3.6142711272475205,11.436186286658407,102.58246387550945
97,2,1,3791.78,222578.3,0,3287,44290,2,2021-02-01,58.70021467490202,1.7035712825553975,5.025475276586136,67.71472467295406
97,3,1,6412.43,233838.69,0,2667,49091,2,2021-03-01,36.46647058915263,2.742245092118845,4.763371901163146,87.67854893138357
97,4,1,3867.31,194969.84,0,2146,43919,3,2021-04-01,50.414846495367584,1.9835426853712348,4.4393050843598445,90.85267474370923
97,5,1,4033.6,209900.07,0,2545,38908,5,2021-05-01,52.03789914716383,1.9216763481784451,5.394779222781947,82.4754695481336
97,6,1,6827.15,253472.0,0,2798,53113,2,2021-06-01,37.12705887522612,2.6934533202878423,4.772315628942067,90.590421729807
97,7,1,5338.94,246694.1,0,2890,43534,3,2021-07-01,46.20656909423968,2.164194441618182,5.666699591124179,85.36128027681661
97,8,1,5269.51,219815.82,0,2044,43124,8,2021-08-01,41.714660376391734,2.397238742871191,5.097296632965402,107.54198630136986
97,9,1,3783.79,194998.26,0,2424,34605,3,2021-09-01,51.53516976364968,1.940422442743848,5.634973558734287,80.44482673267328
97,10,1,4834.37,227252.04,0,3142,48671,6,2021-10-01,47.00758113259846,2.1273164368513475,4.66914671981262,72.32719287078294
97,11,1,17217.71,485762.36,1,4954,54724,5,2021-11-01,28.21294817951981,3.5444718277472136,8.876587237775016,98.05457408155026
97,12,1,19591.96,528616.19,1,4989,41029,2,2021-12-01,26.981281607353218,3.706273165791612,12.88396475663555,105.95634195229503
97,1,2,19001.07,504662.37,1,5111,49483,8,2022-01-01,26.559681638981385,3.765105371339654,10.198701978457247,98.7404363138329
97,2,2,4505.63,218909.84,0,2388,34192,6,2022-02-01,48.58584482081307,2.0582126413321578,6.4023701450631725,91.67078726968174
97,3,2,3628.56,198499.93,0,2220,45580,3,2022-03-01,54.704877416936746,1.8279905690646845,4.354978718736287,89.41438288288288
97,4,2,4795.45,226385.17,0,2351,49853,5,2022-04-01,47.20832664296365,2.1182703796366162,4.541054099051211,96.29313908974905
97,5,2,4807.37,239871.52,0,2622,41754,4,2022-05-01,49.896621229487224,2.004143718270514,5.744875221535661,91.48418001525553
97,6,2,7090.93,249917.69,0,2150,55275,2,2022-06-01,35.244698509222346,2.8373061546783664,4.521351243781095,116.24078604651163
97,7,2,4281.36,216276.14,0,2667,56415,3,2022-07-01,50.51575667544893,1.9795803642509984,3.8336637419126123,81.09341582302213
97,8,2,6080.55,233057.01,0,2571,37427,2,2022-08-01,38.32827786960061,2.609039736672156,6.226975445533973,90.64838973162195
97,9,2,3281.87,200122.54,0,2788,33449,2,2022-09-01,60.978204499264145,1.639930214757418,5.982915483273043,71.77996413199426
97,10,2,5597.6,240852.12,0,2756,53455,8,2022-10-01,43.027747606116904,2.3240816813237934,4.505698625011692,87.39191582002903
97,11,2,18170.47,508785.08,1,4948,42314,8,2022-11-01,28.000656009448296,3.571344898714404,12.024036489105262,102.82641067097818
97,12,2,17932.03,504710.74,1,5494,38268,7,2022-12-01,28.14576709943046,3.552932121079888,13.188845510609386,91.86580633418275
97,1,3,17570.19,495877.84,1,4413,41244,8,2023-01-01,28.222679436022037,3.5432496842367462,12.023029774027737,112.36751416270111
97,2,3,4420.06,219156.92,0,2626,61912,6,2023-02-01,49.58234051121478,2.016847106630263,3.5398132833699445,83.45655750190404
97,3,3,5359.4,236373.39,0,2435,39498,5,2023-03-01,44.104450125014,2.267344898679162,5.984439465289382,97.07326078028748
97,4,3,3839.03,196283.79,0,2273,50238,3,2023-04-01,51.128485580993114,1.955856874375617,3.907078108204945,86.35450505939288
97,5,3,5797.63,248670.09,0,2895,46828,6,2023-05-01,42.891679876087295,2.3314544986089802,5.310286367130776,85.89640414507772
97,6,3,6511.96,274168.01,0,3387,35477,2,2023-06-01,42.102225750772426,2.3751713411057693,7.728049440482566,80.94715382344258
97,7,3,4078.82,232812.95,0,2653,31652,5,2023-07-01,57.07850554817325,1.751972989475027,7.355394603816505,87.75459856765926
97,8,3,3978.76,207671.31,0,2806,40062,8,2023-08-01,52.194982858981184,1.9158929560371147,5.183747940691927,74.0097327156094
97,9,3,5639.11,250990.83,0,3149,44263,5,2023-09-01,44.50894378722884,2.24673945259275,5.670443259607347,79.70493172435694
97,10,3,3677.12,201825.5,0,2703,36271,7,2023-10-01,54.88684078844313,1.8219303309046677,5.564376499131537,74.66722160562338
97,11,3,19001.5,517227.42,1,5364,41920,3,2023-11-01,27.220346814725154,3.673722479755617,12.338440362595419,96.42569351230425
97,12,3,18685.9,508024.28,1,4532,47413,7,2023-12-01,27.187573518000203,3.678150973414106,10.714873136059731,112.0971491615181
98,1,1,19325.63,518023.86,1,4713,49928,5,2021-01-01,26.805017999413213,3.7306447621930006,10.375417801634352,109.91382558879694
98,2,1,5649.55,247898.3,0,3028,60184,6,2021-02-01,43.87930012124859,2.278978919984526,4.119006712747574,81.86865918097755
98,3,1,6296.39,237619.79,0,2785,38804,7,2021-03-01,37.73905205998993,2.6497750881776305,6.123590093804762,85.32128904847397
98,4,1,6067.9,244461.13,0,3098,48328,6,2021-04-01,40.28760032301126,2.4821532977451257,5.058374648237047,78.90933828276307
98,5,1,3483.29,222001.64,0,2483,48026,7,2021-05-01,63.73332108437713,1.5690379584583247,4.622530296089619,89.40863471606927
98,6,1,4450.44,228122.11,0,2483,37050,5,2021-06-01,51.25832726651747,1.950902523214431,6.157141970310391,91.87358437374144
98,7,1,5404.61,214241.27,0,1933,54359,8,2021-07-01,39.640468044872804,2.522674552853425,3.941229051307051,110.83355923435074
98,8,1,4070.21,231161.79,0,3596,45996,3,2021-08-01,56.79357821832289,1.7607624512684383,5.025693321158362,64.28303392658509
98,9,1,4926.73,219133.51,0,2835,46421,2,2021-09-01,44.478489789373484,2.2482777736732276,4.720568492708042,77.29577072310406
98,10,1,4193.2,223634.66,0,2663,49853,4,2021-10-01,53.332695793188975,1.8750224137886315,4.485881692174995,83.97846789335337
98,11,1,16779.4,481166.26,1,5012,43258,4,2021-11-01,28.676011061182162,3.487235368498199,11.123173979379537,96.00284517158819
98,12,1,21935.99,557490.74,1,5492,59640,8,2021-12-01,25.41443262875302,3.9347720824923478,9.347597920858485,101.5096030589949
98,1,2,19406.49,528581.08,1,5183,51539,6,2022-01-01,27.237335551148092,3.671431069761332,10.25594365432003,101.98361566660235
98,2,2,3881.5,217638.25,0,2983,49177,8,2022-02-01,56.0706556743527,1.7834640739851564,4.4256105496471925,72.9595206168287
98,3,2,4201.41,214925.83,0,2590,35488,2,2022-03-01,51.155642986521194,1.9548185529863953,6.056295931018935,82.98294594594594
98,4,2,5214.65,231676.47,0,2842,49445,8,2022-04-01,44.42799996164652,2.250832810082094,4.6855388815856,81.51881421534131
98,5,2,4519.77,216539.63,0,2433,52016,8,2022-05-01,47.90943565712414,2.087271507760496,4.162942748385112,89.0010809699959
98,6,2,4140.13,212490.86,0,2506,40754,8,2022-06-01,51.32468304135377,1.9483802738621325,5.213987829415517,84.7928411811652
98,7,2,6419.19,267797.71,0,3062,48256,8,2022-07-01,41.71830246495275,2.3970294592885053,5.549521510278515,87.45842913128675
98,8,2,4401.98,233845.89,0,3023,49344,6,2022-08-01,53.122887882271165,1.8824277818181876,4.739094722762646,77.35557062520675
98,9,2,3165.7,207165.24,0,2537,33236,7,2022-09-01,65.44057870297249,1.5281038459926966,6.233158021422554,81.65756405202995
98,10,2,6595.8,247429.02,0,2447,54013,7,2022-10-01,37.51311743836987,2.665734197225532,4.580916075759539,101.11525132815692
98,11,2,19796.56,524318.29,1,5498,45058,6,2022-11-01,26.485323207668404,3.7756760306797617,11.636519375027742,95.3652764641688
98,12,2,18575.07,495129.74,1,5027,43779,5,2022-12-01,26.655605604716428,3.751556107294222,11.309754448479865,98.49407996817187
98,1,3,18265.44,500910.17,1,5154,33913,5,2023-01-01,27.42393120559921,3.6464502208050593,14.770447026214136,97.1886243694218
98,2,3,3382.49,203390.73,0,2455,20175,6,2023-02-01,60.13047488684372,1.6630502284936974,10.081324907063198,82.84754786150714
98,3,3,5581.6,241018.37,0,2546,48098,7,2023-03-01,43.18087465959581,2.3158400747627663,5.010985280053225,94.66550274941083
98,4,3,5263.92,249502.27,0,3243,36849,2,2023-04-01,47.39856798735543,2.1097683800632354,6.77093733886944,76.93563675609003
98,5,3,2995.53,194492.27,0,2625,38674,5,2023-05-01,64.92749863963972,1.5401794631735237,5.029018720587475,74.09229333333333
98,6,3,5234.78,236670.27,0,2533,48604,8,2023-06-01,45.211120620159775,2.211845197117492,4.8693578717801005,93.43476904855902
98,7,3,3785.52,204356.21,0,2431,37196,5,2023-07-01,53.98365614235296,1.852412510488426,5.49403726207119,84.06261209378856
98,8,3,6796.07,230344.51,0,2057,47326,3,2023-08-01,33.89378125887462,2.9503937384919654,4.867187381143558,111.98080213903744
98,9,3,3816.81,215893.95,0,3208,44524,8,2023-09-01,56.56397620002044,1.767909661201715,4.848934282634085,67.29861284289277
98,10,3,7185.83,242894.76,0,2673,48356,3,2023-10-01,33.80190736491122,2.958412935709276,5.023053188849367,90.86971941638609
98,11,3,18871.18,507973.97,1,4806,37832,4,2023-11-01,26.91797598242399,3.7149895692489916,13.427097959399449,105.69579067831876
98,12,3,17456.42,481503.72,1,4274,45145,4,2023-12-01,27.583188305505942,3.6253967051386433,10.66571536161258,112.65880205896116
99,1,1,18339.56,514735.67,1,5507,48704,7,2021-01-01,28.066958531175228,3.5629083175836644,10.568652882720105,93.46934265480297
99,2,1,4855.2,234451.38,0,3025,48713,6,2021-02-01,48.28871725160653,2.070877125995164,4.8129119536879275,77.50458842975206
99,3,1,5792.94,231178.06,0,2273,39125,8,2021-03-01,39.90686249123934,2.5058346799865,5.908704408945687,101.70614166300044
99,4,1,4701.53,227698.3,0,3391,49064,5,2021-04-01,48.43068107616031,2.0648068079559665,4.640842572965922,67.14783249778826
99,5,1,7623.46,261935.96,0,3375,51162,2,2021-05-01,34.359196480338326,2.9104289460675807,5.119736523200813,77.61065481481481
99,6,1,5543.91,232926.84,0,2286,22094,8,2021-06-01,42.01490283933181,2.380107848455764,10.542538245677559,101.8927559055118
99,7,1,4925.45,236469.16,0,2839,35190,2,2021-07-01,48.00965597052046,2.0829143216815247,6.719782892867292,83.29311729482212
99,8,1,4857.24,240100.77,0,2909,50310,2,2021-08-01,49.431522840131436,2.0230005926261714,4.772426356589147,82.53721897559298
99,9,1,6180.77,252828.99,0,3052,35504,6,2021-09-01,40.90574313556401,2.4446445006168003,7.121140998197386,82.84042922673656
99,10,1,3205.38,220810.41,0,2912,58268,5,2021-10-01,68.88743612301818,1.4516435162635675,3.789565627788838,75.82775068681319
99,11,1,17583.71,488594.35,1,4809,53761,6,2021-11-01,27.786761155637805,3.5988361306265615,9.088267517345287,101.59998960282803
99,12,1,18120.58,504765.55,1,5408,43318,8,2021-12-01,27.855926797045125,3.5899003012388624,11.65255898240916,93.33682507396449
99,1,2,22540.92,561729.03,1,5256,59005,6,2022-01-01,24.920412742691962,4.012774629076941,9.520024235234303,106.87386415525114
99,2,2,4825.96,234027.65,0,3032,41509,8,2022-02-01,48.49349145040572,2.062132401876445,5.6379977836131925,77.18590039577836
99,3,2,2908.26,201267.48,0,2380,38554,2,2022-03-01,69.20546306038662,1.444972630451775,5.220404627276029,84.5661680672269
99,4,2,7112.6,245433.16,0,2651,37314,2,2022-04-01,34.50681326097348,2.8979784149786445,6.57750870986761,92.58135043379856
99,5,2,4877.74,222022.04,0,2347,43504,4,2022-05-01,45.51739945138527,2.1969620673695274,5.103485656491357,94.59822752449936
99,6,2,4037.57,225672.02,0,2893,44008,2,2022-06-01,55.8930297183702,1.7891318560448923,5.127977185966188,78.006228828206
99,7,2,4675.13,234427.4,0,2755,41035,3,2022-07-01,50.14350403090395,1.99427626634088,5.712864627756793,85.09161524500907
99,8,2,5935.41,250439.84,0,3290,55301,3,2022-08-01,42.194193829912344,2.3699943267812342,4.528667474367552,76.12153191489361
99,9,2,5723.51,240569.82,0,2774,43047,6,2022-09-01,42.031868556183184,2.379147143228523,5.588538574116663,86.72307858687816
99,10,2,5679.05,233468.55,0,3130,44063,5,2022-10-01,41.11049383259524,2.4324689556687615,5.29851689626217,74.5905910543131
99,11,2,20423.23,515474.6,1,4532,25190,6,2022-11-01,25.23962174445472,3.962024511004034,20.46346169114728,113.7410856134157
99,12,2,18442.93,488334.45,1,4638,47677,6,2022-12-01,26.478138235085208,3.7767005788758095,10.242558256601717,105.28987710219923
99,1,3,18090.26,519003.95,1,6017,44703,2,2023-01-01,28.68968992153789,3.4855727013252977,11.610047424110238,86.25626558085425
99,2,3,5013.02,244119.95,0,2729,55417,5,2023-02-01,48.6971825366745,2.053506892820517,4.4051455329592,89.45399413704654
99,3,3,6402.4,254609.81,0,2627,48411,8,2023-03-01,39.76786986130201,2.5145928194989815,5.259337960380905,96.92036924248191
99,4,3,1923.81,189955.67,0,2691,44956,7,2023-04-01,98.73930897541858,1.0127678736833703,4.225368582614112,70.58924934968414
99,5,3,7082.45,260165.33,0,3236,52174,2,2023-05-01,36.733803980261065,2.7222881696035364,4.986493847510254,80.39719715698392
99,6,3,3478.12,211950.62,0,2513,41254,2,2023-06-01,60.938271249985625,1.641004871795138,5.137698647403888,84.3416713091922
99,7,3,4927.89,214177.36,0,2915,49879,6,2023-07-01,43.46228507535679,2.300845430161246,4.293938531245614,73.4742229845626
99,8,3,3595.17,215404.74,0,2950,45790,3,2023-08-01,59.91503600664224,1.6690301244067334,4.704187377156584,73.01855593220338
99,9,3,5579.99,226761.75,0,2696,59114,8,2023-09-01,40.63837928024961,2.4607280548857995,3.836007544744054,84.11044139465875
99,10,3,4690.64,222607.81,0,2576,47214,4,2023-10-01,47.45787568434158,2.107131820756873,4.714868683017749,86.41607531055901
99,11,3,18454.42,508066.65,1,5133,41050,4,2023-11-01,27.530892328233566,3.632283284092746,12.376775883069428,98.98045002922268
99,12,3,19709.39,526640.44,1,5144,46816,4,2023-12-01,26.720281043705562,3.7424756063169022,11.249154989747094,102.37955676516329
100,1,1,17134.77,480617.6,1,5187,42397,2,2021-01-01,28.04925890455489,3.5651565818646676,11.336122838880108,92.65810680547523
100,2,1,5978.41,248263.95,0,3505,27297,4,2021-02-01,41.526752096293166,2.408086232415137,9.094917023848774,70.8313694721826
100,3,1,6292.41,260146.59,0,3274,27379,2,2021-03-01,41.34291789632271,2.418793957668252,9.50168340699076,79.45833536957849
100,4,1,3002.13,215108.78,0,2665,29456,6,2021-04-01,71.6520537085336,1.395633409291801,7.3027152362846275,80.71624015009381
100,5,1,3325.09,211039.44,0,2660,44425,7,2021-05-01,63.46879031845754,1.5755775318585001,4.750465728756331,79.33813533834586
100,6,1,4253.32,205830.9,0,2632,47349,5,2021-06-01,48.39299652976969,2.0664147122710923,4.34710131153773,78.20322948328267
100,7,1,5039.64,234982.7,0,2629,50126,2,2021-07-01,46.62688207887865,2.1446855449358613,4.68784064158321,89.38101939901104
100,8,1,4333.28,228576.3,0,2718,45450,4,2021-08-01,52.749026141860206,1.8957695964104766,5.029181518151815,84.09724061810154
100,9,1,6136.83,240177.48,0,2916,40544,5,2021-09-01,39.137059361266324,2.555122986551445,5.9238723362273085,82.36539094650206
100,10,1,6238.21,258651.73,0,2828,63820,5,2021-10-01,41.462491644237694,2.411818393791528,4.05283187088687,91.46100777934937
100,11,1,19510.56,531405.46,1,4784,53567,5,2021-11-01,27.23681226986821,3.6715016063252346,9.920388672130228,111.07973662207357
100,12,1,17819.22,503922.42,1,4888,45154,2,2021-12-01,28.279712580011918,3.5361038312206867,11.160083713513753,103.09378477905074
100,1,2,19721.99,512464.28,1,4775,53181,3,2022-01-01,25.984410295309956,3.8484613991047336,9.636228728305221,107.32236230366493
100,2,2,4255.41,223628.48,0,3092,44891,6,2022-02-01,52.55157082396291,1.9028926905911088,4.98158829163975,72.32486416558862
100,3,2,4713.55,223586.46,0,2459,51702,6,2022-03-01,47.43483361797371,2.10815538651133,4.324522455611001,90.92576657177715
100,4,2,4607.49,239488.93,0,3445,44925,3,2022-04-01,51.97817683814832,1.9238843315221292,5.330860990539788,69.51783164005805
100,5,2,3852.64,188884.98,0,1970,35410,8,2022-05-01,49.02741496739898,2.039675150453996,5.334227054504377,95.88070050761422
100,6,2,5109.88,232340.61,0,3143,47078,5,2022-06-01,45.468897508356356,2.1993055798553685,4.935226857555546,73.9231975819281
100,7,2,5515.79,230778.96,0,2831,49115,7,2022-07-01,41.83969295422777,2.390074901108836,4.698747022294614,81.51853055457435
100,8,2,6561.2,260439.15,0,2838,54139,3,2022-08-01,39.69382887276718,2.5192832951574293,4.810564472930789,91.76855179704016
100,9,2,2736.06,194525.5,0,2914,45252,8,2022-09-01,71.09694231851641,1.406530249247528,4.2987160788473435,66.75549073438573
100,10,2,6577.33,258622.32,0,2732,44133,7,2022-10-01,39.320259132505136,2.543218234218918,5.860066616817348,94.66409956076134
100,11,2,19850.06,524698.86,1,4725,51546,6,2022-11-01,26.433112040971157,3.7831338150801397,10.17923524618787,111.04737777777777
100,12,2,20038.32,519405.38,1,5496,41058,7,2022-12-01,25.920605120588952,3.8579346251669553,12.650528033513567,94.50607350800583
100,1,3,16451.06,488627.35,1,5518,44799,5,2023-01-01,29.70187635325626,3.3667906636826617,10.907103953213241,88.5515313519391
100,2,3,5687.88,248686.94,0,3342,41586,4,2023-02-01,43.72225504054234,2.287164738124165,5.980063963833983,74.4126092160383
100,3,3,4998.38,250840.31,0,3225,46532,2,2023-03-01,50.18432172023736,1.992654210959953,5.3907055359752425,77.77994108527132
100,4,3,7588.25,274314.76,0,2999,44068,8,2023-04-01,36.149937073765365,2.7662565441247127,6.22480620858673,91.46874291430477
100,5,3,5866.04,229197.94,0,3126,47538,7,2023-05-01,39.07200428227561,2.5593772788708313,4.821362699314233,73.31987843889955
100,6,3,4274.53,222956.84,0,2957,43713,3,2023-06-01,52.1593812653087,1.9172006564140396,5.100469883101137,75.3996753466351
100,7,3,5165.85,201872.1,0,2177,30563,5,2023-07-01,39.07819623101716,2.5589717449811045,6.605114026764388,92.72949012402388
100,8,3,4704.86,232660.39,0,2569,52044,6,2023-08-01,49.45107612128736,2.0222006848694787,4.470455576051034,90.56457376411055
100,9,3,4145.21,216570.65,0,3219,34146,3,2023-09-01,52.24600201196079,1.9140220523879852,6.342489603467463,67.27885989437713
100,10,3,4001.91,210212.75,0,2218,38551,5,2023-10-01,52.52810532970507,1.9037427558509175,5.452848175144614,94.77581154192967
100,11,3,18662.24,521276.86,1,5417,49109,3,2023-11-01,27.932169986025254,3.5801013687812655,10.614690993504245,96.2298061657744
100,12,3,21105.88,518546.77,1,4940,41468,4,2023-12-01,24.568829634206203,4.070197949550433,12.504745104659015,104.96898178137653
101,1,1,17236.84,469905.18,1,4250,48061,4,2021-01-01,27.26167789455608,3.668152796272644,9.777265974490751,110.56592470588235
101,2,1,6497.65,254828.33,0,2430,52138,8,2021-02-01,39.2185374712396,2.5498146144111997,4.887573938394262,104.86762551440329
101,3,1,6227.89,237024.46,0,2164,34063,5,2021-03-01,38.05854952479893,2.627530508876595,6.958414115022165,109.53071164510166
101,4,1,4868.61,220430.14,0,2832,46837,2,2021-04-01,45.275785080341215,2.2086861624276968,4.706324914063668,77.83550141242938
101,5,1,5559.34,237395.81,0,3005,43510,4,2021-05-01,42.702157090589886,2.3418020730862943,5.456120661916801,79.00026955074875
101,6,1,5949.65,245177.16,0,2890,44000,8,2021-06-01,41.20866941752877,2.4266738386234668,5.572208181818182,84.8363875432526
101,7,1,5565.12,239096.43,0,2446,47576,5,2021-07-01,42.963391624978435,2.327562983688213,5.025568143601816,97.74997138184791
101,8,1,2937.08,200239.07,0,2553,50343,3,2021-08-01,68.17623966660766,1.4667866765461903,3.9774957789563596,78.43285154719938
101,9,1,5861.23,224660.49,0,2690,56582,4,2021-09-01,38.32992221769151,2.608927809246744,3.9705293202785334,83.51691078066914
101,10,1,7735.19,255349.95,0,2659,38229,2,2021-10-01,33.01146448891365,3.0292506421089955,6.679482853331241,96.03232418202332
101,11,1,18289.0,508228.1,1,5029,46012,7,2021-11-01,27.788730931160806,3.5985810308402866,11.045555507258975,101.0594750447405
101,12,1,17851.53,507996.94,1,5034,26596,6,2021-12-01,28.45677317294372,3.5141018762829552,19.10050157918484,100.91317838696861
101,1,2,20632.0,536458.7,1,5235,54744,6,2022-01-01,26.001294106242728,3.8459624198470452,9.799406327634077,102.47539637058262
101,2,2,2443.55,217964.63,0,3436,45026,4,2022-02-01,89.19998772278038,1.1210763874854375,4.840861502243149,63.4355733410943
101,3,2,6786.44,244464.46,0,2622,41990,3,2022-03-01,36.02248896328561,2.7760436015934586,5.821968563943796,93.23587337909991
101,4,2,3717.71,236908.7,0,3430,41550,7,2022-04-01,63.72436257803864,1.5692585371495433,5.70177376654633,69.0695918367347
101,5,2,4340.67,225377.63,0,2770,44491,4,2022-05-01,51.922313836343235,1.9259542306838529,5.06569036434335,81.36376534296029
101,6,2,4309.2,213281.98,0,2280,40687,6,2022-06-01,49.49456511649495,2.020423853904582,5.242017843537248,93.54472807017544
101,7,2,8147.64,275344.25,0,3391,42600,7,2022-07-01,33.794356402590196,2.9590739592346673,6.463480046948357,81.1985402536125
101,8,2,4510.62,223763.44,0,2723,42137,5,2022-08-01,49.60813369337253,2.015798470027096,5.310379001827373,82.17533602644143
101,9,2,6217.45,253301.87,0,3168,48231,2,2022-09-01,40.7404755969087,2.45456142901748,5.251847774253074,79.95639835858586
101,10,2,3743.93,238012.83,0,2950,53869,8,2022-10-01,63.572991482212544,1.572995035603753,4.418363622862871,80.68231525423728
101,11,2,17425.26,498187.38,1,4794,42192,4,2022-11-01,28.58995389451865,3.497732118384853,11.807626564277589,103.91893617021276
101,12,2,19226.02,533817.57,1,5908,40462,4,2022-12-01,27.765370575917427,3.6016086918982455,13.193059413770944,90.35503893026404
101,1,3,18968.59,524053.21,1,5400,62749,8,2023-01-01,27.627420382853973,3.6195923692557854,8.351578670576425,97.04689074074075
101,2,3,3581.66,211507.67,0,3051,44839,2,2023-02-01,59.05297264396956,1.6933948541913397,4.717046990343229,69.3240478531629
101,3,3,5413.47,253201.71,0,3259,55010,6,2023-03-01,46.772534067797544,2.1380068878681744,4.602830576258862,77.69306842589751
101,4,3,7250.03,247518.77,0,2118,41429,5,2023-04-01,34.14037872946733,2.9290829135907552,5.974529194525574,116.86438621340888
101,5,3,1862.92,186029.33,0,2348,45938,7,2023-05-01,99.85900092328171,1.0014119816482703,4.04957399103139,79.22884582623509
101,6,3,4735.59,223453.27,0,2651,31864,2,2023-06-01,47.18594092816312,2.1192753187277145,7.012718742154155,84.29018106374953
101,7,3,3098.5,201876.44,0,2790,42213,2,2023-07-01,65.15295788284654,1.5348497328365807,4.78232866652453,72.35714695340502
101,8,3,4854.27,226507.12,0,3143,46864,6,2023-08-01,46.661417679692306,2.1430981948823513,4.833286104472516,72.06717149220489
101,9,3,4445.3,200152.4,0,2650,50897,7,2023-09-01,45.025622567655724,2.2209576302857226,3.93249896850502,75.5292075471698
101,10,3,3734.23,207045.39,0,2530,41138,6,2023-10-01,55.445269841439874,1.8035803646726931,5.032947396567651,81.83612252964427
101,11,3,17083.97,493435.17,1,5326,44701,5,2023-11-01,28.882933533599036,3.462252194143357,11.038571172904408,92.64648328952309
101,12,3,17576.95,492205.44,1,4224,41587,2,2023-12-01,28.002892424453616,3.5710596778450885,11.835560151008728,116.5259090909091
102,1,1,17838.7,493585.88,1,5163,53118,4,2021-01-01,27.669386222090175,3.614102575219534,9.292252720358448,95.60059655239202
102,2,1,5684.48,237523.6,0,2906,59481,3,2021-02-01,41.78457836072957,2.393227451924777,3.9932684386610853,81.73558155540262
102,3,1,6375.31,247615.4,0,2724,44749,3,2021-03-01,38.83974269486503,2.5746823501284655,5.533428679970502,90.90139500734215
102,4,1,5541.01,234360.55,0,2843,47394,4,2021-04-01,42.29563743794001,2.3643100342613126,4.944941342786007,82.43424199788954
102,5,1,6203.61,251928.63,0,2462,53257,5,2021-05-01,40.61000449738137,2.4624474002815795,4.730432243648722,102.32681965881397
102,6,1,8797.65,281371.98,0,3008,47868,8,2021-06-01,31.982629452183254,3.1266972638853376,5.878080972674855,93.54121675531914
102,7,1,3302.0,196138.31,0,2363,42750,4,2021-07-01,59.399851605087825,1.6835058892880235,4.588030643274854,83.00393990689801
102,8,1,4724.25,243633.92,0,3242,42827,8,2021-08-01,51.570920251891835,1.9390772844766442,5.688792584117496,75.14926588525601
102,9,1,5363.16,231664.94,0,2513,33251,8,2021-09-01,43.19560482998829,2.3150503481450406,6.967157077982617,92.1866056506168
102,10,1,4389.89,227006.85,0,2522,35729,2,2021-10-01,51.71128433742075,1.9338138915191327,6.353574127459487,90.01064631245043
102,11,1,18846.54,502189.15,1,4665,39698,3,2021-11-01,26.646225248772453,3.7528767795958955,12.650238047256789,107.65040728831727
102,12,1,19499.76,520997.67,1,5135,61921,5,2021-12-01,26.71815806963778,3.742772976316765,8.413909174593433,101.46011100292112
102,1,2,21773.85,552301.16,1,5345,50569,7,2022-01-01,25.365342371698166,3.9423871570358453,10.92173386857561,103.33043217960712
102,2,2,5403.25,249134.14,0,2894,49410,8,2022-02-01,46.10820154536622,2.168811548670126,5.042180530257033,86.08643400138217
102,3,2,6204.61,238887.41,0,2564,51267,5,2022-03-01,38.50159961705893,2.5972946837173208,4.659672108763922,93.16981669266771
102,4,2,5446.71,226660.19,0,2659,50856,3,2022-04-01,41.614146888672245,2.403028957136231,4.456901643857165,85.24264385107183
102,5,2,4455.32,236460.92,0,3338,50860,6,2022-05-01,53.07383532495983,1.8841675825332995,4.649251278018089,70.83910125823847
102,6,2,5095.76,241521.52,0,3064,32247,2,2022-06-01,47.39656498736204,2.109857539816742,7.489736099482122,78.82556135770234
102,7,2,5628.43,227422.79,0,1859,46569,6,2022-07-01,40.40607949286035,2.474875099368889,4.883566106207993,122.33608929532006
102,8,2,2573.91,207648.67,0,2668,36680,5,2022-08-01,80.67440975014668,1.239550438729032,5.661086968375137,77.82933658170916
102,9,2,6051.54,236055.08,0,3081,54347,8,2022-09-01,39.007439428641305,2.563613543076472,4.343479492888291,76.61638429081466
102,10,2,5715.99,246159.97,0,2452,46007,5,2022-10-01,43.065150568842846,2.3220631689222255,5.350489490729672,100.39150489396411
102,11,2,17936.06,516254.99,1,4903,38074,6,2022-11-01,28.7830766623216,3.4742637548162008,13.559252770919787,105.29369569651234
102,12,2,18791.22,515917.42,1,5302,53900,8,2022-12-01,27.45523813781117,3.6422922102533386,9.57175176252319,97.306190116937
102,1,3,18009.41,502555.04,1,5279,40953,5,2023-01-01,27.90513625932221,3.5835696722890296,12.271507337679779,95.19890888425837
102,2,3,5111.69,234358.99,0,2819,38426,6,2023-02-01,45.847653124504816,2.1811367253289493,6.098969187529277,83.13550549840369
102,3,3,4161.71,219417.33,0,2728,38380,5,2023-03-01,52.72287833606858,1.8967097995404465,5.716970557582074,80.43157258064515
102,4,3,7307.7,265414.25,0,3239,34976,3,2023-04-01,36.319806505466836,2.7533186330424986,7.588467806495883,81.94326952763198
102,5,3,4628.79,225744.51,0,2964,38977,4,2023-05-01,48.769659025360845,2.0504551805047218,5.791736408651256,76.16211538461539
102,6,3,5359.06,231933.17,0,2569,42852,8,2023-06-01,43.27870372789258,2.3106052489171773,5.412423457481565,90.28149863760218
102,7,3,4233.11,224591.54,0,2784,39308,7,2023-07-01,53.05591869807306,1.8848038532528872,5.713634374681999,80.67224856321839
102,8,3,5025.76,238529.61,0,3064,51376,3,2023-08-01,47.46140086275508,2.1069753143016503,4.64282174556213,77.84908942558747
102,9,3,4170.83,210913.57,0,2732,31061,7,2023-09-01,50.56872852645637,1.977506710450162,6.790301986413831,77.20116032210835
102,10,3,3561.7,203368.16,0,2573,46080,7,2023-10-01,57.098621444815684,1.7513557677858715,4.413371527777778,79.0393159735717
102,11,3,17243.99,497056.77,1,5619,32178,4,2023-11-01,28.824927989403843,3.46921942135503,15.44709957113556,88.4600053390283
102,12,3,19430.7,527537.57,1,4920,37099,4,2023-12-01,27.149694555522956,3.6832826901788254,14.219724790425616,107.22308333333332
103,1,1,18772.23,520054.19,1,5336,53196,5,2021-01-01,27.703378341305218,3.6096680617071843,9.776189751109106,97.46142991004498
103,2,1,6463.37,261396.32,0,3148,59026,2,2021-02-01,40.44272879318375,2.4726323614655326,4.428494561718565,83.03567979669631
103,3,1,5128.23,243572.33,0,3853,45770,5,2021-03-01,47.496373992586136,2.1054238796336184,5.321658946908455,63.21628082014015
103,4,1,3988.28,217822.65,0,2827,31185,5,2021-04-01,54.6156864613317,1.8309757961350668,6.984853294853295,77.05081358330385
103,5,1,7569.0,269236.99,0,3179,53888,6,2021-05-01,35.57101202272427,2.8112779005589092,4.9962327419833725,84.69235294117647
103,6,1,3897.09,227291.68,0,2896,32058,3,2021-06-01,58.32343620496319,1.7145766180266697,7.090014348992451,78.48469613259668
103,7,1,3185.39,209057.87,0,2867,45862,2,2021-07-01,65.63022738189045,1.5236881539068583,4.55841153896472,72.91868503662364
103,8,1,4923.62,252126.8,0,3363,53693,5,2021-08-01,51.20760741080749,1.9528348434200569,4.6957108002905406,74.97079988105858
103,9,1,5438.09,224273.95,0,2296,37226,5,2021-09-01,41.24130898900165,2.424753298365682,6.024658840595283,97.6802918118467
103,10,1,5102.83,232799.08,0,2777,38546,4,2021-10-01,45.621562936644956,2.1919459475527137,6.039513308773932,83.83114151962549
103,11,1,18079.01,494186.26,1,5007,35721,2,2021-11-01,27.33480760284994,3.6583392666562595,13.83461437249797,98.69907329738366
103,12,1,21578.28,558248.39,1,5506,62357,3,2021-12-01,25.870847444745365,3.865354631833331,8.9524574626746,101.38910098074828
103,1,2,18384.44,514237.79,1,4893,44437,5,2022-01-01,27.971360019668808,3.5750853705247914,11.572288633346085,105.09662579194767
103,2,2,5813.97,218736.31,0,1985,42634,3,2022-02-01,37.62253847199074,2.6579812012006605,5.130560350893653,110.19461460957179
103,3,2,3442.25,199016.45,0,2703,49749,7,2022-03-01,57.815803616820396,1.72963089232071,4.000411063538966,73.62798742138365
103,4,2,2894.33,190528.62,0,2421,32699,7,2022-04-01,65.82822967664364,1.5191051087232983,5.82674149056546,78.69831474597274
103,5,2,3703.5,228784.33,0,3293,42503,4,2022-05-01,61.77516673417038,1.6187734535839933,5.382780744888596,69.47595809292439
103,6,2,6827.66,268747.29,0,3550,37898,4,2022-06-01,39.3615513953536,2.540550269362716,7.091331732545252,75.70346197183098
103,7,2,7192.53,260980.07,0,2806,48200,2,2022-07-01,36.284877504855736,2.755969066909975,5.414524273858921,93.00786528866715
103,8,2,5839.45,236706.65,0,3016,41628,3,2022-08-01,40.53577819828922,2.466956462777873,5.686236427404632,78.48363726790451
103,9,2,5641.1,241040.14,0,2843,68066,2,2022-09-01,42.72927975040329,2.3403156005468633,3.541270825375371,84.78372845585649
103,10,2,4976.95,226451.39,0,2708,43363,7,2022-10-01,45.50003315283457,2.1978005964105582,5.222226091368217,83.6231129985229
103,11,2,18519.56,513375.65,1,5088,41099,2,2022-11-01,27.720726086364902,3.6074091165017275,12.491195649529185,100.89930227987422
103,12,2,19929.46,522683.62,1,4732,52465,8,2022-12-01,26.226682509209983,3.812910762346063,9.962520156294673,110.45723161453931
103,1,3,17863.43,497090.4,1,4589,38980,5,2023-01-01,27.82726497654706,3.5935978646942286,12.752447408927656,108.32216169100022
103,2,3,4237.66,206742.45,0,2422,53067,5,2023-02-01,48.78693665843886,2.049729022752705,3.8958759681157784,85.36021882741537
103,3,3,4894.64,215244.44,0,2515,40569,7,2023-03-01,43.97554059134073,2.273991374643638,5.305638295250068,85.5842703777336
103,4,3,5489.29,242670.69,0,2788,35851,3,2023-04-01,44.208028725026374,2.2620325511910813,6.768868092940225,87.04113701578193
103,5,3,4754.34,219717.97,0,2790,47173,2,2023-05-01,46.21418956153746,2.1638375777820995,4.657706103067433,78.75196057347671
103,6,3,4466.08,223359.01,0,3031,35938,8,2023-06-01,50.01231728943503,1.9995074297652016,6.215120763537203,73.69152424942264
103,7,3,6186.78,246993.04,0,2519,42999,7,2023-07-01,39.922712622721356,2.5048398124902627,5.744157771110956,98.05202064311234
103,8,3,2029.37,200105.73,0,2934,42938,8,2023-08-01,98.60485273754911,1.0141488701997687,4.660341189622247,68.20236196319019
103,9,3,4909.75,209292.35,0,1888,29613,7,2023-09-01,42.62790366108254,2.3458812517514374,7.067583493735859,110.85399894067797
103,10,3,4674.63,248638.05,0,3414,48696,2,2023-10-01,53.188819222056075,1.8800943781533037,5.1059234844751105,72.82895430579964
103,11,3,18321.68,504554.2,1,5626,49100,8,2023-11-01,27.53864274455181,3.631261022106248,10.276052953156823,89.6825808745112
103,12,3,18337.09,506823.89,1,4983,36599,5,2023-12-01,27.639275915644195,3.618039788929445,13.84802562911555,101.71059401966687
104,1,1,18634.77,490374.08,1,4206,34890,8,2021-01-01,26.31500576610283,3.8001131707450773,14.054860418458011,116.58917736566809
104,2,1,3047.72,200732.64,0,2691,39350,7,2021-02-01,65.86321578097727,1.5182981701431313,5.101210673443457,74.59406911928652
104,3,1,5352.99,238541.73,0,2714,42516,2,2021-03-01,44.562334321566084,2.2440476138074454,5.610634349421394,87.89304716285925
104,4,1,6173.78,242996.87,0,2546,32393,5,2021-04-01,39.35949612717007,2.5406829314303514,7.5015240947118205,95.44260408483896
104,5,1,7019.43,249762.06,0,2418,47221,6,2021-05-01,35.58153012424086,2.8104468709138613,5.289215814997565,103.29282878411911
104,6,1,4663.38,231294.42,0,3223,35323,5,2021-06-01,49.598021177772345,2.0162094701636124,6.54798346686295,71.76370462302204
104,7,1,4032.55,211149.1,0,2937,57889,6,2021-07-01,52.36118585014445,1.909811597586729,3.6474822505139146,71.89278175008512
104,8,1,5519.9,245732.92,0,3458,49110,2,2021-08-01,44.517639812315444,2.246300577065539,5.003724699653839,71.06215153267786
104,9,1,3332.24,209438.52,0,2907,37104,8,2021-09-01,62.85217151225602,1.591034925189502,5.644634540750324,72.04627450980392
104,10,1,3962.7,206117.44,0,2542,18941,7,2021-10-01,52.014394226158934,1.9225447395426607,10.882078031782905,81.08475216365066
104,11,1,19265.91,517333.83,1,4915,45013,8,2021-11-01,26.852291430822632,3.724076965931263,11.492987137049298,105.25612004069177
104,12,1,19584.62,525833.09,1,5198,51974,5,2021-12-01,26.849287348950348,3.724493641128595,10.117233424404509,101.16065602154674
104,1,2,20419.4,536881.84,1,5284,25586,2,2022-01-01,26.292733381000417,3.8033322192458594,20.983422184006876,101.6051930355791
104,2,2,4260.99,215614.59,0,2234,54682,7,2022-02-01,50.6019939028254,1.9762067121710085,3.943063348085293,96.5150358102059
104,3,2,5339.0,208238.54,0,2286,62811,8,2022-03-01,39.003285259411875,2.563886588909046,3.3153196096225184,91.09297462817148
104,4,2,6196.56,241049.69,0,2783,41597,2,2022-04-01,38.90056579779748,2.5706566973805276,5.7948816020386085,86.61505210204815
104,5,2,4421.85,235616.85,0,3255,36807,5,2022-05-01,53.28467722785712,1.8767121281860786,6.401414133181189,72.38612903225807
104,6,2,5335.74,242365.36,0,2947,50777,7,2022-06-01,45.4230078676997,2.2015274790093766,4.773132717568978,82.24138445877163
104,7,2,2946.21,203186.57,0,2440,48110,3,2022-07-01,68.96540640348108,1.4500023303705554,4.223374974017876,83.2731844262295
104,8,2,6005.04,248122.96,0,3070,56689,6,2022-08-01,41.319118607036756,2.420187152369938,4.3769154509693236,80.82181107491857
104,9,2,3179.54,223546.68,0,2972,39119,3,2022-09-01,70.3078684337986,1.4223159118265591,5.714529512513101,75.21759084791385
104,10,2,5079.05,243863.36,0,2980,37671,3,2022-10-01,48.013577342219506,2.0827442056075998,6.473503756205038,81.83334228187918
104,11,2,19970.99,534960.99,1,5397,37578,8,2022-11-01,26.786903904112915,3.7331675343280644,14.236015487785407,99.12191773207337
104,12,2,20139.88,529197.68,1,4645,49978,8,2022-12-01,26.276108894392618,3.8057385285589307,10.588612589539398,113.92845640473628
104,1,3,20752.67,558307.81,1,5697,54890,7,2023-01-01,26.90293875438679,3.717066039251716,10.171393878666425,98.00031771107601
104,2,3,7672.42,262666.72,0,2783,34685,2,2023-02-01,34.235185247940024,2.920971488127617,7.57291970592475,94.38257994969456
104,3,3,1877.98,198490.26,0,3291,40597,5,2023-03-01,105.69348981352304,0.9461320671351834,4.889283937236742,60.31305378304467
104,4,3,6260.43,236052.01,0,2760,48700,8,2023-04-01,37.705398830431776,2.6521400940411395,4.84706386036961,85.52609057971014
104,5,3,5944.21,242788.52,0,3063,54813,7,2023-05-01,40.844539476229805,2.448307687694624,4.429396675971028,79.26494286647078
104,6,3,6077.47,233991.84,0,2291,59633,3,2023-06-01,38.501521192206624,2.5972999742213236,3.9238649740915266,102.13524225229158
104,7,3,5175.6,205272.54,0,2152,37550,5,2023-07-01,39.661592858798976,2.521330909628731,5.466645539280959,95.38686802973979
104,8,3,6273.85,251908.66,0,3053,32452,6,2023-08-01,40.152164938594325,2.490525732620705,7.762500308147418,82.5118440877825
104,9,3,6648.33,247475.8,0,2614,52921,7,2023-09-01,37.223753935198765,2.6864566151518656,4.6763250883392224,94.67322111706197
104,10,3,5169.9,247012.41,0,2855,42717,8,2023-10-01,47.77895317124123,2.092971766074425,5.7825317789170585,86.51923292469353
104,11,3,16523.58,481306.65,1,4798,50183,6,2023-11-01,29.128472764376724,3.4330670477958285,9.591029830819203,100.31401625677366
104,12,3,17087.2,495144.79,1,5148,44119,5,2023-12-01,28.977526452549274,3.450950175604191,11.222937736576078,96.18197163947164
105,1,1,18454.91,513590.41,1,5106,37889,6,2021-01-01,27.829472481849002,3.5933128112730923,13.555132360315659,100.58566588327457
105,2,1,4923.37,239565.45,0,2966,37953,8,2021-02-01,48.65883530996046,2.0551252277822196,6.312161093984666,80.77054956169927
105,3,1,3380.18,211746.39,0,2330,45505,6,2021-03-01,62.64352490104078,1.5963341807149578,4.6532554664322605,90.8782789699571
105,4,1,4452.83,243744.71,0,3447,43222,4,2021-04-01,54.739280412681374,1.8268416984311167,5.639366757669705,70.71212938787352
105,5,1,5087.96,236026.25,0,2725,26174,7,2021-05-01,46.38917169160135,2.1556754810111163,9.017584243906166,86.6151376146789
105,6,1,6029.11,235915.32,0,2447,42841,4,2021-06-01,39.1293773044446,2.555624619884796,5.50676501482225,96.41002043318349
105,7,1,6407.48,225110.14,0,2188,54901,7,2021-07-01,35.13239838438825,2.846375556427622,4.1002921622556965,102.88397623400367
105,8,1,4876.97,218577.54,0,2751,49077,5,2021-08-01,44.81830726865246,2.2312310770813872,4.453767345192249,79.45384950926936
105,9,1,6543.88,239165.93,0,1845,57186,2,2021-09-01,36.54803113749029,2.736125500818616,4.182246179134753,129.62923035230352
105,10,1,5436.3,251379.9,0,3038,42429,6,2021-10-01,46.240991115280615,2.1625834046397503,5.924718942232906,82.74519420671494
105,11,1,17275.97,500810.24,1,5033,60213,2,2021-11-01,28.988834780333605,3.4496039857331997,8.31731087971036,99.50531293463143
105,12,1,20831.73,541777.33,1,4672,61346,8,2021-12-01,26.007313362836403,3.845072291969101,8.831502135428552,115.96261344178082
105,1,2,20546.89,525920.18,1,5353,37627,5,2022-01-01,25.596096538210894,3.906845711834065,13.977202009195526,98.24774518961331
105,2,2,4915.62,244317.78,0,3433,50356,4,2022-02-01,49.70233256435608,2.011978006676387,4.851810707760744,71.1674279056219
105,3,2,6537.28,253440.65,0,2986,43380,2,2022-03-01,38.76851687552009,2.579412576475005,5.842338635315814,84.87630609511051
105,4,2,2681.87,201813.55,0,2560,55447,5,2022-04-01,75.25105616603341,1.3288850030139205,3.6397559831911552,78.83341796875
105,5,2,4735.8,228173.96,0,3095,38373,2,2022-05-01,48.180657966974955,2.0755216765313627,5.946211138039767,73.72341195476575
105,6,2,5769.31,230702.97,0,3185,36314,8,2022-06-01,39.98796563193865,2.5007523743625844,6.353003524811368,72.43421350078494
105,7,2,5374.55,236310.04,0,2914,45350,6,2022-07-01,43.96833967494953,2.27436379766175,5.210805733186329,81.09472889498971
105,8,2,5532.85,246707.13,0,3221,49481,3,2022-08-01,44.58952077139268,2.242679406955121,4.9858962025828095,76.59333436820863
105,9,2,4643.67,231613.65,0,2611,42585,7,2022-09-01,49.87728456156445,2.0049206944409366,5.43885523071504,88.70687476062811
105,10,2,3276.92,217934.87,0,2837,48007,4,2022-10-01,66.50600869108797,1.5036235367015842,4.53964775970171,76.81877687698272
105,11,2,19570.31,523466.44,1,4767,36658,2,2022-11-01,26.747989173395823,3.738598791548127,14.279732664084237,109.81045521292218
105,12,2,18549.56,517085.54,1,5181,44254,6,2022-12-01,27.87589247399938,3.5873290906568385,11.684492701224748,99.80419610113877
105,1,3,18652.3,505829.51,1,5453,44454,7,2023-01-01,27.1188813175855,3.6874677398714835,11.378717550726593,92.76169264624977
105,2,3,4133.37,205742.25,0,2111,31497,8,2023-02-01,49.77590924596637,2.00900398435421,6.5321221068673205,97.46198484130744
105,3,3,4949.29,234813.67,0,3073,44771,7,2023-03-01,47.44391013660545,2.1077520742297495,5.244771615554712,76.41186788154899
105,4,3,3289.82,208112.31,0,2568,56380,2,2023-04-01,63.25948228170538,1.58079067980169,3.6912435260730754,81.0406191588785
105,5,3,5035.45,227378.31,0,2727,51254,4,2023-05-01,45.15550943808399,2.2145691908784086,4.43630370312561,83.38038503850385
105,6,3,7263.96,269771.51,0,3357,45019,6,2023-06-01,37.13835290943232,2.692634222197889,5.992392323241298,80.36089067619899
105,7,3,4170.67,221757.95,0,2808,43837,2,2023-07-01,53.170821474727084,1.8807307697424152,5.058693569359217,78.97362891737892
105,8,3,5372.06,238134.64,0,2803,47601,6,2023-08-01,44.328365654888444,2.255891876965065,5.002723472195963,84.9570602925437
105,9,3,8278.2,270803.25,0,2837,57551,7,2023-09-01,32.71281800391389,3.0569057055260602,4.705448211151848,95.45408882622489
105,10,3,6464.77,249236.93,0,3183,39191,5,2023-10-01,38.553100883712794,2.5938250804164538,6.359545048608099,78.30252277725415
105,11,3,18575.92,504873.07,1,5182,42884,5,2023-11-01,27.17889988759642,3.6793247855347087,11.77299389049529,97.42822655345427
105,12,3,19707.37,509215.66,1,4891,57332,8,2023-12-01,25.838844046668836,3.87014217119717,8.881875043605664,104.11279084031895
106,1,1,19421.14,530868.14,1,5438,37867,6,2021-01-01,27.33455090689836,3.6583736217434333,14.01928169646394,97.62194556822361
106,2,1,5500.35,259818.95,0,3541,38370,7,2021-02-01,47.2368031125292,2.116993390974754,6.7714086525931725,73.37445636825755
106,3,1,5170.34,216516.27,0,2542,39033,7,2021-03-01,41.8766019255987,2.3879683499073767,5.547005610637153,85.17555861526357
106,4,1,6226.64,253189.78,0,3020,33732,3,2021-04-01,40.662344378348514,2.4592777796955314,7.505922566109333,83.83767549668875
106,5,1,4048.59,234664.18,0,3565,50350,7,2021-05-01,57.96195218582272,1.72526970243179,4.660658987090367,65.82445441795231
106,6,1,3975.44,234038.47,0,2787,54489,2,2021-06-01,58.87108596784255,1.6986267257686312,4.295150764374461,83.97505202726947
106,7,1,3927.67,228338.71,0,3309,43371,2,2021-07-01,58.135920278434796,1.7201069411314447,5.264778538654862,69.00535207011181
106,8,1,3218.58,188301.38,0,2289,59772,5,2021-08-01,58.50448955750673,1.7092705321649793,3.1503275781302285,82.2635998252512
106,9,1,5258.02,237075.66,0,2546,55578,2,2021-09-01,45.08839068698863,2.2178658070592316,4.265638562020944,93.11691280439906
106,10,1,6949.65,250976.86,0,2753,48379,8,2021-10-01,36.11359708762312,2.7690401417883703,5.187723185679737,91.16486015256083
106,11,1,19107.78,516794.38,1,4693,48762,2,2021-11-01,27.046280624960097,3.697366058818209,10.598301546286043,110.120259961645
106,12,1,19369.89,518279.57,1,4919,46020,5,2021-12-01,26.756970225437524,3.7373439203864427,11.2620506301608,105.36279121772718
106,1,2,19592.7,539793.18,1,5645,47956,5,2022-01-01,27.55072960847663,3.6296679405990266,11.256009258486948,95.62323826395041
106,2,2,3217.34,194629.98,0,3109,50750,3,2022-02-01,60.49406652700678,1.653054683559028,3.835073497536946,62.60211643615311
106,3,2,5803.38,264638.99,0,3310,48510,4,2022-03-01,45.6008377876341,2.1929421662318167,5.455349206349206,79.95135649546827
106,4,2,3989.87,222394.1,0,3365,52697,8,2022-04-01,55.73968575417244,1.7940538890195379,4.220242139021197,66.09037147102526
106,5,2,6429.57,235768.33,0,1845,50068,4,2022-05-01,36.669377578904964,2.7270711040791613,4.708962411120876,127.78771273712736
106,6,2,3819.26,213807.75,0,2738,40485,5,2022-06-01,55.98145975922037,1.7863056881707984,5.28115968877362,78.08902483564646
106,7,2,4944.48,207187.97,0,2408,59047,5,2022-07-01,41.9028836197133,2.3864706044467736,3.5088653106847087,86.0415157807309
106,8,2,4471.45,218719.15,0,2918,44980,6,2022-08-01,48.91459146361918,2.044379744526257,4.862586705202312,74.9551576422207
106,9,2,7161.8,257718.97,0,2800,40644,5,2022-09-01,35.98522298863414,2.7789184474856468,6.340885985631336,92.04248928571428
106,10,2,3884.36,220662.63,0,3013,41284,3,2022-10-01,56.80797608872504,1.760316189469871,5.344991522139328,73.23685031530037
106,11,2,17859.92,495294.89,1,6001,42700,6,2022-11-01,27.732200928111663,3.605916467258525,11.59941194379391,82.53539243459424
106,12,2,19995.37,532383.81,1,4684,64045,6,2022-12-01,26.625354269513398,3.755818570065081,8.312652197673511,113.66007899231427
106,1,3,18999.33,512372.87,1,4860,26145,6,2023-01-01,26.967944132766785,3.708106168853164,19.597355899789633,105.42651646090535
106,2,3,5942.82,237613.05,0,2795,40758,8,2023-02-01,39.98321503932476,2.5010495004377917,5.829850581480936,85.01361359570662
106,3,3,3873.68,215679.58,0,2923,46562,5,2023-03-01,55.67821296544887,1.7960346547410748,4.632094411752072,73.78706123845365
106,4,3,6302.45,253219.65,0,3549,53899,3,2023-04-01,40.17797047180065,2.488926116120925,4.698039852316369,71.34957734573119
106,5,3,5240.12,219949.11,0,2224,53771,6,2023-05-01,41.974059754356766,2.3824238252202976,4.09047832474754,98.89798111510791
106,6,3,6462.14,231964.97,0,2214,51939,4,2023-06-01,35.89599884867861,2.785825808095076,4.466103891103025,104.77189250225835
106,7,3,7233.43,250820.77,0,2494,54928,6,2023-07-01,34.67521908693386,2.8839039127421544,4.5663554107194875,100.56967522052926
106,8,3,4443.24,229938.6,0,2645,45360,4,2023-08-01,51.75020930672213,1.9323593341874743,5.069193121693122,86.93330812854443
106,9,3,4526.45,231016.94,0,3154,53704,6,2023-09-01,51.03711296932475,1.9593584782137619,4.301671011470281,73.24570069752696
106,10,3,6337.37,242638.24,0,2629,56732,4,2023-10-01,38.28689819278344,2.6118595321166196,4.27692025664528,92.29297831875238
106,11,3,18990.32,518603.05,1,4629,57326,8,2023-11-01,27.308810488712144,3.6618218886294636,9.046559152914908,112.03349535536833
106,12,3,18572.05,493660.04,1,4796,42448,3,2023-12-01,26.580805026908713,3.7621132956193906,11.629759705993214,102.9316180150125
107,1,1,17932.7,497763.81,1,5126,38901,6,2021-01-01,27.75732655985992,3.6026524306779155,12.795655895735328,97.10569840031214
107,2,1,4752.83,221770.0,0,2464,46977,4,2021-02-01,46.66062114571739,2.143134779275826,4.720820827213317,90.00405844155844
107,3,1,5737.6,255686.34,0,3741,43755,5,2021-03-01,44.56329127161182,2.2439994252332762,5.843591360987316,68.34705693664796
107,4,1,5146.37,229426.31,0,2909,45165,2,2021-04-01,44.58022062152546,2.24314726589117,5.079736743053249,78.86775867995875
107,5,1,6697.99,264498.71,0,2602,45135,5,2021-05-01,39.489266182839934,2.5323337115708426,5.860168605295226,101.65207916986934
107,6,1,6303.73,236671.39,0,2868,50323,6,2021-06-01,37.54465847997932,2.6634947299713745,4.703046122051547,82.52140516039051
107,7,1,4605.85,239613.64,0,3171,41588,7,2021-07-01,52.02376108644441,1.922198586023734,5.761605270751178,75.56406181015453
107,8,1,4636.64,234064.39,0,2728,62573,6,2021-08-01,50.481467183132615,1.9809249924774972,3.740661147779394,85.80072947214077
107,9,1,4164.26,204182.73,0,3050,48234,2,2021-09-01,49.032176184964435,2.039477089957608,4.233170170419206,66.94515737704918
107,10,1,6225.3,255639.18,0,3229,41089,4,2021-10-01,41.06455592501566,2.4351900987947155,6.221596534352259,79.16976772994735
107,11,1,19766.17,528084.69,1,5480,51415,2,2021-11-01,26.716591529871494,3.742992435550442,10.27102382573179,96.36581934306568
107,12,1,19718.14,527827.77,1,5466,49729,2,2021-12-01,26.7686389284182,3.7357147768106254,10.614083733837399,96.56563666300768
107,1,2,18122.31,484166.42,1,4634,41536,6,2022-01-01,26.716595180195018,3.7429919241404646,11.656549017719568,104.48131635735865
107,2,2,5559.48,226491.4,0,2224,45931,3,2022-02-01,40.739673494643384,2.454609755602199,4.931122771113191,101.83965827338129
107,3,2,3761.73,211438.14,0,2600,37420,4,2022-03-01,56.207686357075076,1.7791161045968336,5.650404596472475,81.32236153846155
107,4,2,4331.76,214429.21,0,2191,50610,2,2022-04-01,49.501636748111615,2.020135223181581,4.236894092076665,97.86819260611593
107,5,2,2472.47,202498.82,0,3154,47622,2,2022-05-01,81.90142650871397,1.2209799543523265,4.252211582881862,64.20381103360812
107,6,2,7199.62,278368.43,0,3241,49073,3,2022-06-01,38.66432256146852,2.5863636907389247,5.67253744421576,85.88967294045048
107,7,2,4288.71,220740.54,0,2919,42984,2,2022-07-01,51.470148366291966,1.9428737467073334,5.1354117811278615,75.62197327852004
107,8,2,5234.95,242508.54,0,2562,37653,8,2022-08-01,46.3249009064079,2.158666247382463,6.4406166839295675,94.65594847775176
107,9,2,5264.38,239960.94,0,3173,42420,4,2022-09-01,45.58199446088618,2.193848715545122,5.656787835926449,75.62588717302238
107,10,2,5649.28,238552.71,0,2758,43400,8,2022-10-01,42.227099736603606,2.3681474840507994,5.496606221198157,86.49481870920957
107,11,2,19290.08,508719.92,1,4708,38785,8,2022-11-01,26.37210006386702,3.791886112892926,13.116408920974603,108.0543585386576
107,12,2,20346.47,505104.57,1,4547,55007,7,2022-12-01,24.825169673166894,4.028169850056989,9.182550766266111,111.08523641961733
107,1,3,20232.43,550639.44,1,5535,43328,2,2023-01-01,27.215684917728613,3.6743517681915416,12.708628138847857,99.48318699186991
107,2,3,3287.79,200861.64,0,3201,46928,3,2023-02-01,61.09320850784266,1.6368431523311269,4.2802088305489265,62.749653233364576
107,3,3,4790.98,229751.68,0,3151,55736,8,2023-03-01,47.95504886265441,2.0852861663514277,4.122141524328979,72.91389400190415
107,4,3,5334.03,228362.91,0,2566,53599,5,2023-04-01,42.812453248294446,2.3357689740422383,4.260581540700386,88.99567809820732
107,5,3,3411.71,229214.98,0,3863,33524,5,2023-05-01,67.18477830765218,1.488432387795946,6.837339816251045,59.336003106393996
107,6,3,4721.7,225186.84,0,2859,51756,7,2023-06-01,47.691899104136226,2.0967921571260555,4.350932065847438,78.76419727177334
107,7,3,5064.8,232642.96,0,2688,36360,2,2023-07-01,45.933296477649655,2.1770699616270357,6.398321232123212,86.54872023809523
107,8,3,6279.84,253428.38,0,2772,43456,5,2023-08-01,40.35586575454152,2.4779545211155907,5.831838641384389,91.4243795093795
107,9,3,4460.3,232486.8,0,3365,47980,7,2023-09-01,52.12357913144855,1.918517524435796,4.845493955814923,69.08968796433878
107,10,3,4686.4,226870.73,0,3278,51747,7,2023-10-01,48.41044938545579,2.0656697318336303,4.384229617175875,69.21010677242221
107,11,3,19702.47,513826.24,1,4918,39521,2,2023-11-01,26.079280415095162,3.8344616265607616,13.001347131904557,104.47869865799105
107,12,3,18104.87,493400.83,1,4582,38773,3,2023-12-01,27.25238181770982,3.6694040421456116,12.725371521419545,107.68241597555652
108,1,1,17613.38,493098.17,1,5445,37267,7,2021-01-01,27.99565841422827,3.571982431003547,13.231496229908497,90.55981083562901
108,2,1,4892.58,244311.64,0,3475,55570,5,2021-02-01,49.93513442805228,2.002597993284315,4.396466438725931,70.30550791366908
108,3,1,1943.5,189880.18,0,2962,46093,5,2021-03-01,97.70011834319526,1.0235402136231386,4.11950144273534,64.10539500337609
108,4,1,4882.66,234396.15,0,3526,59843,6,2021-04-01,48.005830838108736,2.083080289501342,3.9168515950069347,66.47650311968236
108,5,1,1937.79,220913.48,0,2911,48511,4,2021-05-01,114.002797000707,0.8771714609719606,4.5538842736698895,75.88920645826177
108,6,1,4006.17,234508.45,0,3252,43417,8,2021-06-01,58.53681945598914,1.7083265016676372,5.401304788446922,72.11206949569495
108,7,1,4779.48,234532.62,0,2998,45737,7,2021-07-01,49.07073991312863,2.037874305075345,5.127853160460896,78.2296931287525
108,8,1,5304.03,250411.2,0,3090,47746,5,2021-08-01,47.21149767252448,2.118128102896356,5.24465295522138,81.03922330097087
108,9,1,3896.48,202487.49,0,2161,38616,3,2021-09-01,51.96677257422083,1.924306533702403,5.243616376631448,93.70082832022212
108,10,1,2681.11,208456.55,0,3315,43808,3,2021-10-01,77.75009231251235,1.286172106369409,4.75841284696859,62.88282051282051
108,11,1,19475.61,518010.67,1,5023,45317,4,2021-11-01,26.597917600527015,3.759692826404522,11.430824414678817,103.12774636671311
108,12,1,18082.07,491099.99,1,4522,41470,8,2021-12-01,27.159500543908965,3.681952834085784,11.842295394260912,108.60238611233967
108,1,2,18503.74,524079.77,1,5276,48232,6,2022-01-01,28.322910395411952,3.530710601555943,10.865810457787362,99.33278430629265
108,2,2,5641.96,237539.39,0,3069,45897,4,2022-02-01,42.1022818311367,2.3751681773704982,5.175488376146589,77.39960573476704
108,3,2,4899.18,212903.48,0,1956,40146,5,2022-03-01,43.456962185508594,2.3011272525935227,5.303230209734469,108.84635991820042
108,4,2,6296.87,238179.34,0,2460,29353,3,2022-04-01,37.825036883403975,2.6437515529264632,8.114309951282662,96.82086991869919
108,5,2,5850.14,229767.78,0,2628,39626,3,2022-05-01,39.27560366076709,2.5461098157452713,5.798409630040882,87.43066210045662
108,6,2,4144.13,226150.65,0,3265,43839,2,2022-06-01,54.57132136298813,1.8324643329568144,5.1586635187846435,69.2651301684533
108,7,2,4423.79,222771.21,0,2486,34432,8,2022-07-01,50.357546357309005,1.9857996910821647,6.46988876626394,89.61030168946098
108,8,2,2532.58,195908.83,0,2914,49388,2,2022-08-01,77.35543595858768,1.2927339722257543,3.9667293674576816,67.23020933424846
108,9,2,3027.17,210943.65,0,3027,34801,6,2022-09-01,69.68345021918161,1.435060974814838,6.061424959052901,69.68736372646184
108,10,2,2803.03,222397.34,0,3443,51196,7,2022-10-01,79.34176230721754,1.2603702904000562,4.344037424798812,64.59405750798722
108,11,2,17710.22,514104.02,1,5728,67376,8,2022-11-01,29.02866367555005,3.444870942654757,7.630373129897887,89.7527967877095
108,12,2,20121.79,531228.66,1,5638,43503,5,2022-12-01,26.40066614351904,3.7877832118470414,12.211310944072823,94.22289109613338
108,1,3,18494.32,506688.93,1,5148,25083,2,2023-01-01,27.39700243101666,3.6500343514510964,20.20049156799426,98.42442307692308
108,2,3,5215.63,222919.69,0,2279,41002,5,2023-02-01,42.740702465473966,2.3396901368380694,5.436800399980489,97.81469504168496
108,3,3,6648.11,242695.19,0,2824,50855,5,2023-03-01,36.505892652197396,2.739283790502811,4.772297512535641,85.9402230878187
108,4,3,4650.88,237774.04,0,3571,53904,2,2023-04-01,51.12452697123985,1.9560083178129957,4.411064856040368,66.584721366564
108,5,3,3387.07,216020.39,0,2882,49789,5,2023-05-01,63.77795262572076,1.567939952335055,4.338717186527145,74.95502775850105
108,6,3,6616.32,223208.91,0,1953,43581,2,2023-06-01,33.73611161491585,2.9641827470059323,5.121702347353205,114.29027649769586
108,7,3,5325.79,207552.59,0,2160,46766,3,2023-07-01,38.9712305592222,2.5659954424081146,4.438108668690929,96.08916203703704
108,8,3,3500.53,201367.84,0,2126,45781,7,2023-08-01,57.52495764927025,1.7383758995478127,4.39850243550818,94.71676387582313
108,9,3,5530.18,247858.89,0,2878,41081,8,2023-09-01,44.81931691192692,2.2311808142124736,6.033419098853485,86.12192147324531
108,10,3,4642.64,230354.76,0,3168,43799,6,2023-10-01,49.61719194251546,2.015430460390747,5.259361172629513,72.71299242424243
108,11,3,17900.9,506422.56,1,5272,39797,3,2023-11-01,28.290340709126355,3.534775385993863,12.725144106339673,96.05890743550835
108,12,3,21434.68,537047.68,1,4908,41393,2,2023-12-01,25.055082697758962,3.991206143931205,12.974359915927815,109.42291768541158
109,1,1,18672.15,497915.8,1,4878,39686,4,2021-01-01,26.666227509954663,3.75006175742967,12.546384115305145,102.07375973759737
109,2,1,6229.92,242291.1,0,2630,49877,2,2021-02-01,38.89152669697203,2.5712541649280554,4.857772119413758,92.12589353612168
109,3,1,3738.75,203225.83,0,2823,42112,7,2021-03-01,54.35662454028753,1.8397021677805425,4.825841327887538,71.98931278781438
109,4,1,4535.34,216997.93,0,2519,52232,8,2021-04-01,47.846011544889684,2.0900383704121053,4.15450164650023,86.14447399761809
109,5,1,5591.38,227423.52,0,2653,54957,8,2021-05-01,40.6739516899227,2.458575964350565,4.138208417490038,85.72315114964191
109,6,1,4970.55,233981.43,0,2910,44452,5,2021-06-01,47.073549204816366,2.124335251733439,5.263687348150814,80.40598969072165
109,7,1,7120.13,256593.42,0,2822,51344,4,2021-07-01,36.03774369288201,2.7748685059811744,4.9975346681209105,90.92608788093551
109,8,1,5472.64,224055.99,0,2118,50106,7,2021-08-01,40.94111617062332,2.442532333101204,4.4716399233624715,105.78658640226628
109,9,1,6538.68,242308.18,0,2696,28083,2,2021-09-01,37.05765995583206,2.6984974258813716,8.628286863939037,89.87692136498517
109,10,1,3387.27,223424.37,0,3186,32175,4,2021-10-01,65.96001204509827,1.5160700688112043,6.944036363636363,70.1269209039548
109,11,1,19164.03,512551.04,1,4958,49301,2,2021-11-01,26.745472638062036,3.7389505638306773,10.396361939920082,103.37858814037918
109,12,1,20392.18,537330.65,1,4727,35447,6,2021-12-01,26.349838516529378,3.7950896715085953,15.158705955369989,113.6726570763698
109,1,2,19131.86,505639.8,1,4584,36167,4,2022-01-01,26.429202388058453,3.7836934513461955,13.980695108800841,110.30536649214659
109,2,2,4754.56,250341.38,0,2999,44606,6,2022-02-01,52.652901635482564,1.8992305626820465,5.61228041070708,83.47495165055018
109,3,2,5767.29,220400.45,0,2589,58119,2,2022-03-01,38.215600394639424,2.616732406853071,3.792227154631016,85.12956740054075
109,4,2,4841.75,220213.25,0,2812,40882,4,2022-04-01,45.482160375897145,2.198664249312882,5.3865576537351405,78.31196657183499
109,5,2,4598.97,222548.19,0,3102,52879,2,2022-05-01,48.390876652815734,2.0665052364613707,4.208630836437905,71.74345261121857
109,6,2,5264.23,239709.11,0,2940,59048,3,2022-06-01,45.53545532774974,2.1960909203659384,4.059563575396288,81.53371088435374
109,7,2,4692.16,228242.1,0,2706,40972,8,2022-07-01,48.64329008388461,2.055781996397685,5.570684857951772,84.34667405764966
109,8,2,5625.03,234730.27,0,3003,47780,5,2022-08-01,41.72960321989394,2.3963803219755166,4.912730640435329,78.16525807525807
109,9,2,4266.39,216936.71,0,2434,44659,5,2022-09-01,50.847838570782315,1.9666519327226823,4.857625786515595,89.1276540673788
109,10,2,6784.71,247832.16,0,3163,54500,8,2022-10-01,36.52804025522093,2.7376229138300694,4.547379082568807,78.35351248814416
109,11,2,18567.54,495001.35,1,4534,42682,4,2022-11-01,26.65950093550357,3.751007951796496,11.597426315542851,109.17541905602117
109,12,2,17381.77,510132.13,1,4878,48866,7,2022-12-01,29.348687159017754,3.407307436212653,10.439408382106167,104.57813243132432
109,1,3,19757.34,523032.8,1,5008,53406,6,2023-01-01,26.472834905913448,3.777457169034141,9.793521327191701,104.43945686900958
109,2,3,6730.08,245380.47,0,3142,43410,6,2023-02-01,36.460260502103985,2.7427121645011114,5.6526254319281275,78.0969032463399
109,3,3,7261.46,279149.09,0,3179,45949,4,2023-03-01,38.442557006442236,2.601283779932795,6.0751940194563545,87.81034602076126
109,4,3,5775.08,228294.54,0,1970,46414,7,2023-04-01,39.530974462691425,2.5296619008058623,4.91865687077175,115.88555329949239
109,5,3,7841.74,282903.7,0,3406,55461,3,2023-05-01,36.07664880498461,2.7718760836284573,5.10094841420097,83.06039342337053
109,6,3,6303.63,237161.92,0,2659,40581,7,2023-06-01,37.623071151066924,2.6579435686808406,5.844161553436337,89.19214742384355
109,7,3,4629.51,212466.35,0,2636,43083,7,2023-07-01,45.893917498828166,2.178937982414627,4.931558851519161,80.60180197268589
109,8,3,7259.2,268294.35,0,3264,41764,5,2023-08-01,36.959217269120565,2.7056850060390762,6.424057800976917,82.19802389705882
109,9,3,5685.33,249613.27,0,3306,50046,7,2023-09-01,43.90479884193178,2.2776553506149733,4.98767673740159,75.50310647307924
109,10,3,4973.98,244313.22,0,3237,64887,5,2023-10-01,49.11825540110737,2.0359029282164918,3.765210596883813,75.47519925857276
109,11,3,16391.67,480044.53,1,4997,49048,6,2023-11-01,29.28588301253015,3.4146144733697934,9.787239642798891,96.06654592755653
109,12,3,19882.7,532243.22,1,5399,38878,6,2023-12-01,26.76916213592721,3.7356417616742963,13.690087453058284,98.58181515095387
110,1,1,19549.58,526336.12,1,4923,52246,5,2021-01-01,26.923142082847814,3.71427672491867,10.074189794434023,106.91369490148284
110,2,1,4183.09,207619.92,0,2881,31842,2,2021-02-01,49.633146788617985,2.014782589262148,6.520316563029961,72.06522735161403
110,3,1,5630.29,250422.92,0,3062,52169,7,2021-03-01,44.477801321068725,2.248312574583828,4.800224654488298,81.7841018941868
110,4,1,3184.88,194393.93,0,2169,44139,5,2021-04-01,61.03650059028911,1.6383639139349673,4.404130814019348,89.62375749193177
110,5,1,4856.96,232362.71,0,3446,53745,3,2021-05-01,47.841182550401896,2.090249334757716,4.323429342264396,67.42968949506674
110,6,1,5569.55,225881.02,0,2874,53885,3,2021-06-01,40.556421973049886,2.465700748119519,4.1919090656026725,78.59464857341683
110,7,1,3762.25,206500.04,0,2841,29693,3,2021-07-01,54.8873785633597,1.821912480016953,6.954502407974944,72.68568813797958
110,8,1,5268.38,257040.21,0,3127,49475,7,2021-08-01,48.789231224778774,2.049632623627253,5.195355432036382,82.20025903421809
110,9,1,4453.51,238530.16,0,3053,39840,2,2021-09-01,53.56003691470323,1.867063687040666,5.98720281124498,78.12976089092696
110,10,1,3229.94,211666.07,0,2912,48039,8,2021-10-01,65.53250834380825,1.525960207037434,4.406129811195071,72.68752403846155
110,11,1,19259.02,515659.48,1,4977,36806,8,2021-11-01,26.774959473534995,3.734832917257722,14.010201597565613,103.60849507735583
110,12,1,18294.65,495913.91,1,4435,42814,4,2021-12-01,27.10704550237364,3.6890778078800013,11.582984771336479,111.81824351747463
110,1,2,18914.81,520293.5,1,5034,41707,5,2022-01-01,27.507202028463407,3.6354115513647587,12.474968230752632,103.35588001589194
110,2,2,6487.51,262221.57,0,2911,56384,3,2022-02-01,40.419447523009595,2.4740565774203853,4.6506379469353005,90.07954998282378
110,3,2,5926.97,261116.22,0,3347,57503,4,2022-03-01,44.055600078961085,2.2698589922908656,4.540914734883398,78.01500448162534
110,4,2,5565.54,247850.06,0,3359,38834,8,2022-04-01,44.53297613528966,2.2455269932151722,6.382295411237576,73.78685918428104
110,5,2,2505.26,214904.04,0,3538,33901,7,2022-05-01,85.78113249722583,1.1657575167037344,6.339165216365299,60.741673261729794
110,6,2,5014.14,251261.59,0,3705,44645,6,2022-06-01,50.11060520847044,1.9955855568692376,5.62798947250532,67.81689338731444
110,7,2,3943.89,216128.33,0,2753,47928,2,2022-07-01,54.800800732271945,1.8247908545816274,4.509437698213987,78.50647657101344
110,8,2,6606.76,257692.63,0,3096,52428,5,2022-08-01,39.004387929938424,2.5638141067519085,4.915171854734112,83.23405361757106
110,9,2,4257.09,223042.64,0,2942,51001,6,2022-09-01,52.393216962760945,1.9086440153326736,4.373299347071626,75.81326988443236
110,10,2,6224.0,230209.63,0,2289,48255,5,2022-10-01,36.98740841902314,2.703622780680374,4.770689669464304,100.57214067278288
110,11,2,21265.99,535306.05,1,5174,39966,8,2022-11-01,25.171931802845766,3.9726788068246193,13.394036180753641,103.46077502899112
110,12,2,19256.57,512200.65,1,4488,46717,7,2022-12-01,26.598747855926575,3.7595754710580707,10.963902861913223,114.12670454545454
110,1,3,20706.21,555387.47,1,5800,38782,2,2023-01-01,26.822265880622286,3.7282457956784656,14.320753700170181,95.75646034482759
110,2,3,6156.69,256465.69,0,3120,40281,7,2023-02-01,41.65642414998969,2.400590114022659,6.366914674412254,82.20054166666667
110,3,3,6784.58,244413.27,0,2875,40320,7,2023-03-01,36.0248195171993,2.7758640109843467,6.061837053571428,85.01331130434782
110,4,3,4306.55,216192.76,0,2480,39977,2,2023-04-01,50.20091720750949,1.991995476629282,5.40792855892138,87.17450000000001
110,5,3,5306.21,245960.47,0,3183,48691,3,2023-05-01,46.35332374708125,2.157342600621962,5.051456532007968,77.27316054037072
110,6,3,4079.74,203694.85,0,2127,53572,4,2023-06-01,49.92839004446362,2.002868506493905,3.802263309191369,95.76626704278327
110,7,3,5058.11,231230.7,0,2936,44396,2,2023-07-01,45.714842105055055,2.1874733761563667,5.208367870979368,78.75705040871935
110,8,3,5375.82,251448.01,0,3411,50664,7,2023-08-01,46.77388937873664,2.1379449374047543,4.963050884257067,73.71680152447962
110,9,3,5383.76,227619.74,0,2517,62398,5,2023-09-01,42.27895374236593,2.365243014511835,3.647869162473156,90.43295192689709
110,10,3,3901.25,224381.71,0,2670,41365,3,2023-10-01,57.51533739186158,1.7386666676174274,5.424433941738184,84.0380936329588
110,11,3,18600.29,503788.35,1,4518,52868,6,2023-11-01,27.084972868702582,3.6920841857498297,9.52917360217901,111.50693891102257
110,12,3,17415.3,498075.13,1,4936,36191,4,2023-12-01,28.599859319104468,3.496520695582612,13.76240308363958,100.9066308752026
111,1,1,18710.2,511256.0,1,5241,46936,2,2021-01-01,27.324988508941647,3.6596538720327976,10.892619737514915,97.54932264834954
111,2,1,5536.75,224799.82,0,2101,45490,3,2021-02-01,40.6014033503409,2.46296905397878,4.941741481644318,106.99658257972395
111,3,1,4898.88,243862.73,0,3507,36963,7,2021-03-01,49.77928220327912,2.008867857749317,6.597482076671266,69.53599372683205
111,4,1,5294.4,203279.66,0,2039,49821,7,2021-04-01,38.395221365971594,2.6044907788610034,4.080200317135344,99.69576262873959
111,5,1,3164.9,210862.3,0,2753,38531,7,2021-05-01,66.62526462131504,1.5009321248985712,5.472536399262931,76.59364329822012
111,6,1,2351.14,213570.44,0,3504,47120,2,2021-06-01,90.83697270260384,1.1008733231059502,4.532479626485569,60.95046803652968
111,7,1,5779.54,233002.5,0,2722,36191,8,2021-07-01,40.31505967602958,2.480462655980086,6.438133790168827,85.59974283614989
111,8,1,3779.3,202663.55,0,2142,28906,2,2021-08-01,53.62462625353901,1.8648148618732874,7.0111239880993566,94.6141690009337
111,9,1,5346.05,232423.36,0,2593,39533,6,2021-09-01,43.47571758588116,2.3001345475773176,5.8792239394935875,89.63492479753181
111,10,1,3481.51,213867.44,0,3126,39749,8,2021-10-01,61.429506162555896,1.6278822059122229,5.380448313165111,68.41568777991043
111,11,1,19897.6,525912.04,1,4763,28589,3,2021-11-01,26.430928353168227,3.7834463725150687,18.395608101017874,110.41613268948143
111,12,1,20659.72,528215.28,1,5210,46052,5,2021-12-01,25.567397815652875,3.9112310420099923,11.469974811083125,101.38489059500961
111,1,2,18274.47,501760.99,1,4614,53994,7,2022-01-01,27.456938012429358,3.642066713875067,9.292902729932955,108.74750541829215
111,2,2,3727.56,214535.09,0,2624,38299,4,2022-02-01,57.55375902735302,1.7375059716338248,5.601584636674587,81.75879954268292
111,3,2,4774.08,240682.04,0,2882,57133,4,2022-03-01,50.414329043501574,1.9835630444215946,4.212662384261285,83.51215822345594
111,4,2,3049.96,207596.74,0,3194,46159,4,2022-04-01,68.06539757898464,1.469175286663943,4.497427153967807,64.99584846587351
111,5,2,6829.31,232184.17,0,2378,45291,7,2022-05-01,33.99818868963336,2.9413331666840166,5.126496875758981,97.63842304457528
111,6,2,5564.86,208111.27,0,2335,46957,7,2022-06-01,37.39739544211355,2.673983009185423,4.43195412824499,89.12688222698073
111,7,2,7123.13,240051.62,0,2105,42891,2,2022-07-01,33.7003002893391,2.9673326095445636,5.596783008090275,114.03877434679335
111,8,2,5525.95,247697.61,0,2731,38305,4,2022-08-01,44.824439236692335,2.2309258454290295,6.466456337292781,90.69850238008055
111,9,2,4905.18,249344.41,0,3302,44767,3,2022-09-01,50.832876673231155,1.967230787327456,5.569826211271696,75.51314657783162
111,10,2,4177.51,215399.9,0,2639,30476,3,2022-10-01,51.561791593556926,1.9394205846892225,7.067853392833705,81.62178855627131
111,11,2,21168.99,515246.88,1,4271,46856,3,2022-11-01,24.339700665926905,4.108513961307247,10.996390643674236,120.63846405993912
111,12,2,19678.23,518340.29,1,5292,52734,4,2022-12-01,26.34079843563166,3.7963921345955955,9.829337618993438,97.94790060468631
111,1,3,18244.22,506595.73,1,4574,45777,2,2023-01-01,27.767464435311563,3.601337105624637,11.066599602420428,110.75551595977262
111,2,3,4328.13,223281.77,0,2639,29850,8,2023-02-01,51.58850820100135,1.9384161994058002,7.480126298157454,84.60847669571807
111,3,3,3615.71,212846.87,0,2936,47673,2,2023-03-01,58.86724045899699,1.6987376887430856,4.464725735741405,72.49552792915532
111,4,3,4520.79,245604.81,0,3418,29261,4,2023-04-01,54.32785199047069,1.840676491637114,8.393589077611837,71.85629315389116
111,5,3,3756.37,235191.88,0,3285,50280,8,2023-05-01,62.61147863495875,1.5971512281801565,4.677642800318218,71.59570167427702
111,6,3,5182.97,219993.51,0,2319,35876,7,2023-06-01,42.445453089637795,2.355964955511642,6.132052346972907,94.86567917205693
111,7,3,5489.39,232800.4,0,2882,48446,4,2023-07-01,42.40915657295255,2.3579813436746675,4.805358543533005,80.77737682165163
111,8,3,5862.69,246129.26,0,3070,38345,7,2023-08-01,41.98230846249759,2.381955725215279,6.418809753553266,80.17239739413681
111,9,3,2813.37,221006.62,0,2960,30754,7,2023-09-01,78.55583161830829,1.2729799677493823,7.1862723548156335,74.66439864864864
111,10,3,4246.87,211162.21,0,2340,50858,2,2023-10-01,49.721844558463054,2.0111884602836843,4.151995949506468,90.24026068376068
111,11,3,19625.04,530550.06,1,4982,58150,4,2023-11-01,27.03434285993812,3.6989987335031116,9.123818744625968,106.49338819751105
111,12,3,20152.48,529376.99,1,4746,53546,5,2023-12-01,26.268577862377235,3.806829609273346,9.886396556232025,111.5417172355668
112,1,1,17861.4,490866.71,1,4937,41501,5,2021-01-01,27.481984055001288,3.6387474717933106,11.827828486060577,99.42611099858213
112,2,1,5381.14,241504.74,0,2946,43173,6,2021-02-01,44.879847021263146,2.228171587853721,5.593883677298312,81.97716904276986
112,3,1,3795.48,201270.4,0,2376,36281,5,2021-03-01,53.028971302707426,1.8857616420497003,5.54754279099253,84.70976430976431
112,4,1,7082.34,269903.06,0,3478,32733,3,2021-04-01,38.10930568145556,2.6240310132089646,8.245594965325513,77.60294997124784
112,5,1,7033.12,253230.08,0,3194,51946,8,2021-05-01,36.00536888322679,2.7773635738692657,4.874871597428098,79.2830557294928
112,6,1,2728.24,196715.01,0,2737,38177,7,2021-06-01,72.10326437556814,1.3868997591998697,5.152710008643949,71.87249177932043
112,7,1,7375.23,296345.83,0,3549,43612,7,2021-07-01,40.181232314110886,2.4887240694427857,6.795052508483904,83.5012200619893
112,8,1,5667.5,253952.64,0,3562,63865,3,2021-08-01,44.80858226731363,2.231715330858541,3.976397713927817,71.2949578888265
112,9,1,5802.62,238410.89,0,2917,45000,3,2021-09-01,41.086765978127126,2.4338737211207087,5.298019777777778,81.7315358244772
112,10,1,4126.79,205271.34,0,2248,47908,3,2021-10-01,49.74116444015809,2.010407297969605,4.284698588962177,91.31287366548042
112,11,1,18640.35,516923.8,1,4942,42022,3,2021-11-01,27.731442810891426,3.6060150451575264,12.301266003521965,104.59809793605827
112,12,1,19075.68,505051.18,1,5082,44291,2,2021-12-01,26.476182238326498,3.776979592444473,11.40302047820099,99.38039748130657
112,1,2,17413.25,484237.17,1,5135,51793,8,2022-01-01,27.808546365554964,3.596016803088454,9.349471357133202,94.30129892891918
112,2,2,5386.71,224972.96,0,2585,56077,8,2022-02-01,41.764446201856046,2.3943810847312497,4.011857980990424,87.03015860735009
112,3,2,5913.3,238983.97,0,2218,39528,7,2022-03-01,40.41465340841831,2.4743500578720825,6.045941358024692,107.74750676284941
112,4,2,5801.41,223019.45,0,2380,51025,5,2022-04-01,38.44228385857921,2.601302263098577,4.370787849093582,93.70565126050421
112,5,2,2901.87,205659.91,0,2766,47726,4,2022-05-01,70.87151043981984,1.4110042156490294,4.309179692410845,74.35282357194505
112,6,2,4350.17,222810.42,0,3054,57636,6,2022-06-01,51.218784553247346,1.9524086889652645,3.865820320632938,72.95691552062868
112,7,2,5671.75,227947.5,0,2716,47329,6,2022-07-01,40.1899766386036,2.4881825859024556,4.816233176276701,83.92765095729013
112,8,2,4609.24,242218.98,0,2958,39062,4,2022-08-01,52.55074155392213,1.902922718938045,6.2008852593313195,81.88606490872212
112,9,2,5038.96,229173.4,0,2240,42764,7,2022-09-01,45.48029752171083,2.198754305691673,5.3590262837901035,102.30955357142857
112,10,2,6475.4,251954.85,0,2867,44066,5,2022-10-01,38.90954226765914,2.570063644339452,5.71767008578042,87.88100802232299
112,11,2,18922.44,509330.65,1,5327,50722,3,2022-11-01,26.91675333625051,3.7151583161154735,10.041612120973149,95.61303735686128
112,12,2,18686.15,518398.39,1,4668,56796,2,2022-12-01,27.74238620582624,3.604592599139824,9.127374991196563,111.05363967437876
112,1,3,18316.95,497110.07,1,4436,36330,7,2023-01-01,27.13934743502603,3.684686974858506,13.683183870079825,112.06268485121731
112,2,3,4512.1,225171.11,0,2755,43859,5,2023-02-01,49.90383856740763,2.0038538691753134,5.133977290863904,81.7318003629764
112,3,3,4685.93,227059.52,0,3056,57915,6,2023-03-01,48.45559366016991,2.063745224159727,3.920564965898299,74.29958115183246
112,4,3,2731.6,198200.23,0,3387,50522,6,2023-04-01,72.55829184360815,1.3782022351840861,3.923047979098215,58.517930321818724
112,5,3,5554.55,229657.1,0,2467,46841,8,2023-05-01,41.34576158284649,2.418627597405001,4.9029077090583035,93.09164977705716
112,6,3,5116.61,251006.06,0,3358,51176,7,2023-06-01,49.05710226106739,2.038440824894825,4.904761216195092,74.74867778439547
112,7,3,5608.82,212104.56,0,2140,44319,7,2023-07-01,37.81625368615859,2.644365590254165,4.785860691802613,99.11428037383178
112,8,3,5536.65,244438.89,0,2695,48203,7,2023-08-01,44.14924006393758,2.2650446498100196,5.071030641246396,90.70088682745826
112,9,3,4648.62,232829.68,0,3104,44513,3,2023-09-01,50.085763086679485,1.996575350702711,5.23059960011682,75.0095618556701
112,10,3,5327.13,247722.0,0,3117,44637,5,2023-10-01,46.50196259524359,2.150446871896723,5.549700920760804,79.47449470644851
112,11,3,19940.85,525711.9,1,5284,54867,5,2023-11-01,26.363565244209752,3.7931136807061048,9.58156815572202,99.49127554882665
112,12,3,19711.21,537166.68,1,5204,48750,8,2023-12-01,27.251836898901693,3.669477414347442,11.018803692307694,103.22188316679478
113,1,1,19823.88,515491.7,1,4326,57110,7,2021-01-01,26.00357245907461,3.845625448479578,9.026294869549991,119.16128062875636
113,2,1,5738.54,242584.93,0,2703,45050,7,2021-02-01,42.27293527622008,2.365579757984142,5.384793118756937,89.74655197928227
113,3,1,5944.24,238720.07,0,3088,50013,3,2021-03-01,40.15989764881633,2.490046186732435,4.773160378301641,77.30572215025907
113,4,1,5165.41,250356.73,0,3132,59868,4,2021-04-01,48.46792994166969,2.0632199501886763,4.181812153404156,79.93509897828864
113,5,1,6550.29,255521.24,0,2433,44761,5,2021-05-01,39.00914921324094,2.5635011790017925,5.708568620004021,105.02311549527332
113,6,1,7068.11,254233.99,0,2760,54368,4,2021-06-01,35.9691614873,2.7801593327469707,4.676169621836374,92.11376449275362
113,7,1,5149.48,250254.02,0,2851,50868,6,2021-07-01,48.59792056673684,2.0577012109535744,4.919674844696076,87.7776289021396
113,8,1,5665.17,233453.86,0,2599,51830,5,2021-08-01,41.20862392478954,2.4266765175782488,4.504222650974339,89.82449403616775
113,9,1,6032.18,257177.09,0,2888,59020,6,2021-09-01,42.63418697717906,2.3455355218460556,4.357456624872924,89.05023891966759
113,10,1,6854.5,251658.14,0,2684,36624,8,2021-10-01,36.71429571814137,2.723734666401015,6.8713996286588035,93.76234724292102
113,11,1,17461.7,501476.33,1,5357,38901,6,2021-11-01,28.718643087442803,3.482058664663196,12.891090974525078,93.611411237633
113,12,1,18395.81,482722.63,1,4740,37978,2,2021-12-01,26.240901053011527,3.810844749499314,12.710585865501079,101.84021729957806
113,1,2,17736.16,493864.86,1,4536,51259,2,2022-01-01,27.845083715979108,3.5912982349058002,9.634695565656763,108.8767328042328
113,2,2,4876.73,219983.81,0,2448,50775,3,2022-02-01,45.10887623469005,2.2168585951848,4.332522107336287,89.86266748366013
113,3,2,5581.39,242961.63,0,2763,65476,5,2022-03-01,43.53066709188929,2.297231048375828,3.7106975074836583,87.93399565689468
113,4,2,3923.58,216628.69,0,2415,32245,2,2022-04-01,55.21199771637127,1.8112005385805545,6.7182102651573885,89.70132091097308
113,5,2,3895.41,213968.86,0,2663,43151,3,2022-05-01,54.928456824827165,1.8205499622702108,4.958607216518736,80.34880210289147
113,6,2,5226.71,228576.79,0,2194,47565,5,2022-06-01,43.7324416315426,2.2866319891884035,4.80556690844108,104.18267547857795
113,7,2,4573.95,228879.73,0,2341,43464,7,2022-07-01,50.039840837787914,1.9984076353113487,5.265961025216271,97.77006834686033
113,8,2,3865.58,201577.4,0,2671,34072,6,2022-08-01,52.1467412393483,1.9176653732015592,5.9162185959145335,75.46888805690752
113,9,2,5382.13,225849.55,0,2281,50367,2,2022-09-01,41.962856712862745,2.3830598732651893,4.484077868445609,99.01339324857518
113,10,2,3811.17,219026.75,0,2587,46818,6,2022-10-01,57.4696877861654,1.7400477338955174,4.678259430133709,84.66437959025899
113,11,2,19665.55,520302.13,1,4720,41909,7,2022-11-01,26.457542758783763,3.779640494648753,12.415045217017825,110.23350211864407
113,12,2,16847.15,465553.21,1,3951,47033,2,2022-12-01,27.633944613777402,3.6187378022804313,9.898437480067187,117.83174133130854
113,1,3,19707.75,514513.3,1,4956,42183,2,2023-01-01,26.107155814337,3.830367456001623,12.197171846478438,103.8162429378531
113,2,3,3041.76,197253.31,0,2476,44712,6,2023-02-01,64.84841341854715,1.5420577733270993,4.411641393809268,79.66611873990307
113,3,3,3948.22,243522.77,0,3339,32949,3,2023-03-01,61.67912882260867,1.6212939759185558,7.390900179064615,72.93284516322252
113,4,3,3586.3,209622.2,0,2584,41161,5,2023-04-01,58.45082675738226,1.710839787007292,5.092738271664926,81.12314241486068
113,5,3,5083.54,240161.63,0,2908,37913,3,2023-05-01,47.242990121057375,2.116716146538479,6.33454567035054,82.586530261348
113,6,3,4683.18,235883.66,0,2668,46945,6,2023-06-01,50.368266861406134,1.9853770286589585,5.024681222707423,88.4121664167916
113,7,3,4282.24,224516.7,0,2846,45070,8,2023-07-01,52.429733036915266,1.9073146897313205,4.981510982915465,78.88851018973999
113,8,3,4942.36,237067.62,0,3127,39523,3,2023-08-01,47.96648159988346,2.0847891415959716,5.998219264731929,75.81311800447713
113,9,3,2987.79,209090.51,0,2943,31340,8,2023-09-01,69.98166203113338,1.4289457709008409,6.671681876196554,71.04672443085288
113,10,3,3387.46,201325.67,0,2439,41030,2,2023-10-01,59.4326338908799,1.6825772888275994,4.906791859614916,82.54435014350145
113,11,3,19201.54,504902.89,1,4550,51063,6,2023-11-01,26.294916449409786,3.8030164572834986,9.887842273270275,110.96766813186814
113,12,3,17912.93,487245.38,1,4184,41334,7,2023-12-01,27.20076391746074,3.676367336720566,11.788004548313737,116.45444072657745
114,1,1,18269.96,503807.35,1,5247,47597,5,2021-01-01,27.575722661680704,3.6263782177850326,10.58485513792886,96.018172288927
114,2,1,4630.18,248204.35,0,3215,46329,2,2021-02-01,53.605766946425405,1.865470931512683,5.3574294718211055,77.20197511664075
114,3,1,6461.32,253749.76,0,3031,43475,7,2021-03-01,39.27212396228635,2.546335413282755,5.836682231167337,83.71816562190696
114,4,1,6064.31,247732.63,0,2809,50410,5,2021-04-01,40.85091791151837,2.4479254105524975,4.914354889902797,88.19246351014596
114,5,1,4094.23,240367.65,0,3153,48610,4,2021-05-01,58.70887810406352,1.7033198935048042,4.944818967290681,76.23458610846812
114,6,1,3345.38,200867.52,0,2306,47475,7,2021-06-01,60.043259659590234,1.6654658752196474,4.231016745655608,87.10647007805724
114,7,1,3774.12,211332.12,0,2571,46086,8,2021-07-01,55.99507169883311,1.7858714520064438,4.585603437052467,82.1984130688448
114,8,1,3665.16,231293.9,0,3357,34501,8,2021-08-01,63.106085409641054,1.5846332307077704,6.703976696327643,68.8989871909443
114,9,1,3971.3,214458.89,0,2831,46209,7,2021-09-01,54.00218820033742,1.851776813728729,4.6410632127940445,75.75375838926175
114,10,1,6451.71,229567.84,0,2542,42214,5,2021-10-01,35.58247968368076,2.8103718709031718,5.438192068981854,90.30992918961448
114,11,1,17944.2,489113.01,1,4522,34074,3,2021-11-01,27.257443073527934,3.668722694577272,14.354434759640782,108.16298319327731
114,12,1,19897.83,514169.57,1,4354,42900,7,2021-12-01,25.840484615659093,3.869896462367464,11.985304662004662,118.09131143775838
114,1,2,18825.9,502184.17,1,4956,32480,2,2022-01-01,26.67517462644548,3.7488039497541314,15.46133528325123,101.32852502017757
114,2,2,4407.22,233791.32,0,3061,52080,5,2022-02-01,53.04734503836886,1.88510848050304,4.48908064516129,76.37743221169552
114,3,2,3771.14,221017.57,0,2756,54177,2,2022-03-01,58.607627932137234,1.7062625383131302,4.079546117356074,80.19505442670537
114,4,2,4054.54,223741.41,0,3321,37234,8,2022-04-01,55.18293320573974,1.812154486735379,6.009061878927862,67.37169828364951
114,5,2,5848.57,224444.3,0,2746,42149,4,2022-05-01,38.375927790895894,2.6058001918516087,5.325020759685876,81.7349963583394
114,6,2,5670.51,222957.8,0,2410,50359,2,2022-06-01,39.3188267016547,2.5433108866341527,4.427367501340376,92.51360995850622
114,7,2,3902.73,228246.36,0,3023,55614,6,2022-07-01,58.48376905396991,1.7098761180682136,4.104116948969684,75.50326166060205
114,8,2,4805.3,249186.87,0,3489,37910,2,2022-08-01,51.85667284040538,1.9283921339836245,6.573117119493538,71.42071367153912
114,9,2,3445.85,202412.41,0,2846,31021,7,2022-09-01,58.74092313942859,1.7023906785162035,6.525012410947423,71.12171820098384
114,10,2,4088.81,209676.37,0,2108,54523,3,2022-10-01,51.280536390783624,1.9500576054421392,3.845649909212626,99.46696869070209
114,11,2,19383.14,522860.43,1,5231,46294,2,2022-11-01,26.975011788595655,3.707134617167338,11.294345487536182,99.95420187344676
114,12,2,18638.12,502158.15,1,4695,38205,5,2022-12-01,26.942532294029657,3.7116036053581922,13.143780918727916,106.95594249201278
114,1,3,18103.2,487867.15,1,5171,53813,6,2023-01-01,26.949221684564055,3.710682303573831,9.065971977031573,94.34677045058983
114,2,3,3808.43,212495.42,0,2492,34244,6,2023-02-01,55.7960681960808,1.7922409810056141,6.205332905034459,85.2710353130016
114,3,3,7488.3,266574.72,0,2833,59865,2,2023-03-01,35.59883017507311,2.809081071153334,4.452931094963668,94.09626544299329
114,4,3,3553.15,217258.11,0,3234,42128,5,2023-04-01,61.145211994990355,1.6354510310340087,5.157095281048234,67.17937847866419
114,5,3,5299.69,225863.05,0,2795,39974,5,2023-05-01,42.61816257177307,2.3464174418967603,5.650248911792665,80.80967799642218
114,6,3,4439.23,204691.45,0,2186,36023,7,2023-06-01,46.10967442551975,2.1687422703781714,5.6822432890098,93.6374428179323
114,7,3,4203.07,208749.29,0,2708,49803,8,2023-07-01,49.66590849069847,2.013453554740234,4.191500311226232,77.08614844903988
114,8,3,6071.94,241928.35,0,2569,50245,4,2023-08-01,39.843666110007675,2.5098092059074513,4.814973629216838,94.17218762164266
114,9,3,6960.54,260482.03,0,3280,58833,2,2023-09-01,37.42267553954147,2.67217665648567,4.427481685448643,79.41525304878049
114,10,3,2640.89,201686.86,0,3207,50668,4,2023-10-01,76.37079166493113,1.3094011181491942,3.980556959027394,62.88957280947926
114,11,3,21097.39,527305.25,1,4511,30743,5,2023-11-01,24.993861799966727,4.000982353200542,17.152042741437075,116.89320549767235
114,12,3,19387.54,523585.95,1,5341,56877,7,2023-12-01,27.006311785817076,3.702838091816635,9.205583100374492,98.03144542220558
115,1,1,19540.17,521119.7,1,4901,49300,2,2021-01-01,26.669148733097003,3.7496509918930334,10.570379310344828,106.32925933482963
115,2,1,5722.38,228413.56,0,2779,32256,2,2021-02-01,39.915832223655194,2.505271578447444,7.0812735615079365,82.19271680460598
115,3,1,4291.54,243316.27,0,3047,51045,3,2021-03-01,56.696726582998174,1.763770256711563,4.766701341953178,79.85437151296357
115,4,1,5665.82,231632.38,0,2768,35238,2,2021-04-01,40.882410666064224,2.446039711719061,6.5733690901867305,83.6822182080925
115,5,1,5368.59,214479.51,0,2031,49158,3,2021-05-01,39.950808312797214,2.5030782660777247,4.363064201147321,105.60290989660267
115,6,1,1822.29,200399.58,0,3082,46467,6,2021-06-01,109.97128887279192,0.9093282530831652,4.31272903350765,65.02257624918883
115,7,1,6034.05,235036.27,0,2684,56333,6,2021-07-01,38.95166099054532,2.5672846152638487,4.172266167255428,87.5694001490313
115,8,1,4463.14,228955.76,0,2483,44794,8,2021-08-01,51.299255680977964,1.9493460221310877,5.111304192525785,92.20932742650021
115,9,1,5862.08,238290.92,0,2738,35201,7,2021-09-01,40.64955101260986,2.460051772010448,6.769436095565467,87.031015339664
115,10,1,3971.9,198579.44,0,2711,53481,2,2021-10-01,49.99608247941791,2.00015671310182,3.713083898954769,73.24951678347473
115,11,1,17066.2,491766.93,1,4658,46936,4,2021-11-01,28.81525647185665,3.4703838259315245,10.477393258905744,105.57469514813225
115,12,1,19465.77,509371.07,1,5065,48112,2,2021-12-01,26.167527408368638,3.8215303432917778,10.587193839374793,100.5668450148075
115,1,2,19910.7,530211.39,1,5121,52259,6,2022-01-01,26.629470083924723,3.755238075892711,10.145838802885628,103.53669009958993
115,2,2,3749.71,213143.87,0,2105,44880,3,2022-02-01,56.842761173530754,1.759238959112453,4.749194964349376,101.25599524940617
115,3,2,5046.11,246295.67,0,3252,37395,7,2022-03-01,48.8090172429852,2.0488017511635506,6.586326246824442,75.73667589175892
115,4,2,4592.24,193177.52,0,2129,27323,7,2022-04-01,42.066076685887495,2.3772124209897716,7.0701431028803565,90.73627054955378
115,5,2,4247.66,223795.35,0,2863,49737,4,2022-05-01,52.68673810992406,1.8980108389204688,4.49957476325472,78.16812783793225
115,6,2,5810.3,246998.31,0,3060,35594,4,2022-06-01,42.510422869731336,2.352364273261627,6.939324324324324,80.71840196078432
115,7,2,5858.71,233446.82,0,2557,46131,3,2022-07-01,39.84611288150463,2.5096550897544887,5.0605193904315975,91.2971529135706
115,8,2,3675.23,217495.01,0,2890,40032,4,2022-08-01,59.17861195081669,1.6897996878181252,5.4330288269384495,75.25778892733564
115,9,2,4109.94,214967.56,0,2441,51404,5,2022-09-01,52.304306145588505,1.9118884728467864,4.1819228075636135,88.06536665301105
115,10,2,3926.63,211573.02,0,2492,32165,3,2022-10-01,53.88157784155879,1.8559218940108715,6.577740401057049,84.9008908507223
115,11,2,17746.5,498688.42,1,5208,46195,3,2022-11-01,28.10066322936917,3.5586348686420273,10.795289966446585,95.7543049155146
115,12,2,18048.67,504838.15,1,5657,29551,3,2022-12-01,27.970933592336724,3.5751398740368567,17.083623227640352,89.24132048789112
115,1,3,17766.6,498821.42,1,4921,41524,7,2023-01-01,28.076357885020208,3.561715533386678,12.012846064926308,101.36586466165413
115,2,3,4805.74,224569.92,0,2277,40294,2,2023-02-01,46.72951928319052,2.1399749352005824,5.573284359954336,98.62534914361002
115,3,3,4899.83,248159.72,0,3773,50622,7,2023-03-01,50.646597943193946,1.9744662832469346,4.902210896448184,65.7725205406838
115,4,3,2249.59,198076.25,0,2592,48762,4,2023-04-01,88.04993354344569,1.1357191990458222,4.062102661908863,76.4183063271605
115,5,3,3368.62,209567.19,0,2609,44122,2,2023-05-01,62.21158515950152,1.607417649680754,4.749721000861248,80.324718282867
115,6,3,2990.21,222791.68,0,3117,46362,5,2023-06-01,74.50703462298634,1.3421551469067428,4.805480350286873,71.4763169714469
115,7,3,4357.0,211632.61,0,2715,40779,6,2023-07-01,48.57301124627037,2.058756445899335,5.189744966772113,77.94939594843461
115,8,3,5609.51,243024.84,0,2865,40222,7,2023-08-01,43.32371989710331,2.3082043794370977,6.042087414847596,84.82542408376963
115,9,3,3102.43,236875.9,0,3450,43306,6,2023-09-01,76.35173074009728,1.3097280052550724,5.469817115411259,68.65968115942029
115,10,3,6820.99,267853.13,0,3064,39460,3,2023-10-01,39.26895216090333,2.5465410839141582,6.787965788139888,87.41942885117494
115,11,3,17495.34,484433.42,1,4459,38972,6,2023-11-01,27.689282974780713,3.6115055810971923,12.430294057271887,108.64171787396276
115,12,3,19031.86,527842.31,1,5284,34013,5,2023-12-01,27.734667552199316,3.605595769691141,15.51884014935466,99.89445685087057
116,1,1,19884.91,517083.56,1,5160,44395,8,2021-01-01,26.0038169647235,3.8455892892823744,11.647337763261628,100.20999224806201
116,2,1,6254.81,242541.77,0,2897,45204,7,2021-02-01,38.77684054351771,2.578858890986077,5.365493540394655,83.72170176044183
116,3,1,4192.72,210216.06,0,2600,35065,2,2021-03-01,50.13834932931366,1.9944812970046153,5.995039498075004,80.85233076923078
116,4,1,3662.37,200709.08,0,2493,49296,5,2021-04-01,54.803059221214674,1.824715653123416,4.071508438818565,80.5090573606097
116,5,1,4442.19,230141.31,0,3158,43671,7,2021-05-01,51.80807439573724,1.930201057776198,5.269888713333791,72.87565231158962
116,6,1,6689.01,261009.99,0,2862,56098,6,2021-06-01,39.02072055505972,2.5627409893391437,4.652750365431922,91.19845911949685
116,7,1,6394.21,251897.09,0,2548,37105,2,2021-07-01,39.39456007857108,2.538421543496195,6.788764047971972,98.8607103610675
116,8,1,5910.91,242612.4,0,2805,50822,7,2021-08-01,41.044847578460846,2.436359394655838,4.773767266144583,86.49283422459892
116,9,1,4092.44,215265.32,0,2876,45785,8,2021-09-01,52.600727194534315,1.9011144015208765,4.7016560008736485,74.84885952712101
116,10,1,4874.15,223465.54,0,2160,46142,5,2021-10-01,45.84707897787307,2.181164039878363,4.842996402409952,103.45626851851853
116,11,1,18203.38,501056.92,1,5504,55594,8,2021-11-01,27.52548812363418,3.632996426833104,9.012787710904053,91.03505087209302
116,12,1,20988.33,547435.94,1,5372,56057,4,2021-12-01,26.082872720221186,3.8339335192351465,9.765701696487502,101.90542442293372
116,1,2,20460.97,527586.67,1,4201,47924,3,2022-01-01,25.78502729831479,3.8782196676803835,11.008819589349805,125.5859723875268
116,2,2,3571.08,224058.64,0,3163,40301,4,2022-02-01,62.74254287218433,1.5938149048838286,5.559629785861393,70.83738223205818
116,3,2,5816.28,237045.69,0,2483,56801,2,2022-03-01,40.75554993913636,2.453653555143736,4.173266139680639,95.46745469190495
116,4,2,2277.85,191988.75,0,2717,37599,5,2022-04-01,84.28507144895406,1.1864497268720173,5.106219580307987,70.66203533308797
116,5,2,5621.18,223808.3,0,2594,53893,5,2022-05-01,39.81518115413489,2.5116047974985736,4.1528268977418215,86.27922127987664
116,6,2,7056.32,257403.24,0,2992,27098,6,2022-06-01,36.478396671352776,2.7413485548977548,9.498975570152778,86.03049465240642
116,7,2,3998.18,195337.01,0,1682,39258,4,2022-07-01,48.85648219940073,2.0468113031933886,4.9757249477813446,116.13377526753865
116,8,2,3378.94,212733.6,0,2534,38468,2,2022-08-01,62.958679349145,1.5883433552574675,5.530144535718,83.95169692186268
116,9,2,3507.66,221700.12,0,3280,42963,7,2022-09-01,63.20456372624485,1.5821642315755173,5.160256965295719,67.5915
116,10,2,5340.17,238589.71,0,2891,43244,2,2022-10-01,44.67829863094246,2.238223098556933,5.5172904911664045,82.52843652715323
116,11,2,21101.57,533986.16,1,4578,54544,4,2022-11-01,25.305518025436022,3.9517072876944974,9.790007333528894,116.64179991262561
116,12,2,19360.67,525727.16,1,5788,54402,5,2022-12-01,27.154388768570513,3.682645956507173,9.663746921069079,90.8305390463027
116,1,3,18278.45,505947.86,1,4719,49264,4,2023-01-01,27.68001991416121,3.6127141638666087,10.270133566092888,107.21505827505827
116,2,3,3863.68,225029.88,0,2815,51712,3,2023-02-01,58.24236996852742,1.7169630984116417,4.35159885519802,79.93956660746004
116,3,3,4989.66,232552.87,0,3000,54580,2,2023-03-01,46.60695718746368,2.1456024172051715,4.260770795163063,77.51762333333333
116,4,3,5751.62,249202.35,0,3513,42675,7,2023-04-01,43.32733212555767,2.3080119429050328,5.839539543057997,70.9371904355252
116,5,3,5544.98,226803.44,0,2055,35181,4,2023-05-01,40.90248116314216,2.444839460988775,6.446759330320344,110.36663746958638
116,6,3,4032.32,231786.24,0,3258,48130,5,2023-06-01,57.48210459487342,1.7396718631787635,4.8158371078329525,71.14372007366482
116,7,3,4903.14,225603.73,0,2867,40395,3,2023-07-01,46.01209225108808,2.1733417262205728,5.584941948260924,78.68982560167423
116,8,3,6783.23,252007.86,0,2728,56308,7,2023-08-01,37.151601818012956,2.691673981914691,4.475524969808908,92.37824780058651
116,9,3,5914.31,247783.34,0,2822,33535,6,2023-09-01,41.89556178150959,2.3868876737233427,7.3887979722677795,87.80416017009213
116,10,3,4753.99,216530.35,0,1890,45327,6,2023-10-01,45.54707729717564,2.1955305572636816,4.777072164493569,114.56632275132276
116,11,3,17934.63,492365.17,1,4819,43146,6,2023-11-01,27.45332186947821,3.6425464457609786,11.411606406155842,102.17164764473956
116,12,3,20084.3,536000.88,1,5077,55707,5,2023-12-01,26.68755595166374,3.7470647436250477,9.62178684904949,105.57433129801063
117,1,1,21565.89,561454.72,1,5025,56960,3,2021-01-01,26.034386709753225,3.8410737735003817,9.857,111.73228258706467
117,2,1,4987.56,231850.18,0,2982,51658,7,2021-02-01,46.48569240269791,2.1511995375634387,4.488175693987379,77.74989268947016
117,3,1,5396.0,246634.83,0,2555,44607,4,2021-03-01,45.706973684210524,2.187849948038564,5.529061133902751,96.53026614481408
117,4,1,6634.95,240971.8,0,2840,33089,7,2021-04-01,36.3185555279241,2.7534134699578954,7.282534981413763,84.84922535211267
117,5,1,3208.93,198903.43,0,2576,47173,7,2021-05-01,61.98434680719118,1.6133105396925533,4.216467682784644,77.21406444099378
117,6,1,6419.52,226985.49,0,2207,49973,6,2021-06-01,35.35863896366083,2.8281631570370425,4.542162567786605,102.847979157227
117,7,1,2669.83,201031.85,0,3198,52446,2,2021-07-01,75.2976219459666,1.3280631899870592,3.833120733707051,62.861741713570986
117,8,1,5004.7,218099.74,0,2561,57333,2,2021-08-01,43.578983755270045,2.2946840743597403,3.804087349345054,85.16194455290902
117,9,1,3519.54,207036.33,0,2859,34637,3,2021-09-01,58.8248265398319,1.6999625138254721,5.977317030920691,72.41564533053514
117,10,1,7817.37,258589.46,0,2950,59001,2,2021-10-01,33.078830859995115,3.023081451192945,4.382797918679344,87.6574440677966
117,11,1,16385.58,478023.65,1,4761,49124,3,2021-11-01,29.173434812804917,3.4277760106639077,9.730959408842928,100.40404326822096
117,12,1,16987.54,480798.27,1,4805,29607,6,2021-12-01,28.302995607368693,3.533194909374362,16.23934441179451,100.0620749219563
117,1,2,20198.33,528007.72,1,5023,53064,6,2022-01-01,26.14115721448258,3.8253853561080513,9.950394240916628,105.11800119450527
117,2,2,5705.22,242047.15,0,2518,43530,4,2022-02-01,42.42555939998808,2.357069686629237,5.560467493682518,96.12674741858618
117,3,2,5324.92,243080.76,0,2740,37567,8,2022-03-01,45.64965483049511,2.1905970674108475,6.470592807517236,88.71560583941606
117,4,2,5700.53,230650.92,0,2528,39657,6,2022-04-01,40.46131149208934,2.4714967536223136,5.816146455858991,91.23849683544304
117,5,2,7568.1,253076.16,0,2620,55033,6,2022-05-01,33.43985412454909,2.990443667234401,4.598625551941562,96.59395419847328
117,6,2,5208.21,237024.28,0,3146,44129,2,2022-06-01,45.509739430629715,2.197331851403578,5.371168166058601,75.34147488874761
117,7,2,7020.43,261036.22,0,3142,42221,6,2022-07-01,37.18236917111915,2.6894466982398075,6.1826157599298925,83.07963717377467
117,8,2,6900.23,243909.4,0,2529,33077,5,2022-08-01,35.348010138792475,2.829013559952999,7.3739879674698425,96.44499802293396
117,9,2,5167.61,264970.96,0,3624,48190,4,2022-09-01,51.27534005081654,1.9502552279691325,5.498463581655946,73.11560706401767
117,10,2,4616.04,208301.68,0,1923,46714,2,2022-10-01,45.125622828225055,2.2160358956298385,4.459084642719527,108.32120644825793
117,11,2,18829.09,501502.58,1,5059,42869,3,2022-11-01,26.634456577561636,3.754535021534685,11.698490284354662,99.13077288001581
117,12,2,18364.08,523048.14,1,5152,50728,4,2022-12-01,28.482131421775552,3.5109731964633317,10.310837013089419,101.52331909937888
117,1,3,19071.14,532596.61,1,5534,51751,6,2023-01-01,27.926836570860473,3.5807850898637903,10.291523062356283,96.24080411998554
117,2,3,4344.94,233525.83,0,3428,51464,3,2023-02-01,53.74661790496532,1.8605821891308554,4.53765408829473,68.12305425904317
117,3,3,4353.85,239441.85,0,3029,51701,7,2023-03-01,54.9954293326596,1.8183329271804407,4.631280826289627,79.04980191482338
117,4,3,3156.83,193011.51,0,2371,37469,5,2023-04-01,61.140926182277795,1.6355656717052782,5.1512319517467775,81.40510754955716
117,5,3,5700.5,247685.93,0,3298,55246,4,2023-05-01,43.449860538549245,2.3015033595166265,4.483327842739746,75.10185870224379
117,6,3,6904.57,247504.17,0,2323,62744,2,2023-06-01,35.8464278007175,2.7896782506735134,3.9446667410429685,106.54505811450711
117,7,3,4981.1,226478.57,0,2457,43200,3,2023-07-01,45.4675814579109,2.1993692383345587,5.242559490740741,92.17687016687017
117,8,3,7225.75,256543.22,0,2663,33364,7,2023-08-01,35.50402657163616,2.8165819389029267,7.689222515285937,96.3361697333834
117,9,3,4732.44,227879.5,0,2982,41620,4,2023-09-01,48.15264430188233,2.076729148519283,5.475240269101394,76.41834339369551
117,10,3,5963.0,254956.12,0,3083,52248,8,2023-10-01,42.75635083011907,2.338833835406658,4.879729750421069,82.69741161206616
117,11,3,19554.99,517437.63,1,5721,48118,8,2023-11-01,26.46064406067198,3.7791975044412602,10.753514900868698,90.44531200839015
117,12,3,19038.88,506022.48,1,4938,38058,6,2023-12-01,26.578374358155518,3.762457351697103,13.296087025067003,102.47518833535844
118,1,1,21000.07,527948.69,1,5242,52848,7,2021-01-01,25.140330008423778,3.977672527229872,9.98994645019679,100.71512590614269
118,2,1,6579.87,242514.01,0,2320,68422,8,2021-02-01,36.85696069983146,2.7131917038524906,3.5443864546490897,104.53190086206897
118,3,1,3964.11,217290.48,0,2812,44545,4,2021-03-01,54.814442586103816,1.8243367127726902,4.8779993265237405,77.2725746799431
118,4,1,7876.84,257742.83,0,2513,40318,6,2021-04-01,32.72160282549855,3.056085013111713,6.392748400218265,102.56380023875845
118,5,1,4366.06,234766.58,0,2911,46940,3,2021-05-01,53.77080937962373,1.859745113635851,5.001418406476352,80.64808656818963
118,6,1,4565.04,226989.24,0,2977,34702,7,2021-06-01,49.723384680090426,2.0111261661565982,6.541099648435249,76.24764528048371
118,7,1,5601.46,238744.89,0,2712,49074,6,2021-07-01,42.62190393218911,2.346211472840319,4.86499755471329,88.03277654867257
118,8,1,5489.27,240790.09,0,2834,27790,4,2021-08-01,43.86559415004181,2.2796909955887306,8.664630802446924,84.96474594213126
118,9,1,6350.38,243594.93,0,2406,47244,2,2021-09-01,38.359110793369844,2.6069425993389927,5.156102997205994,101.24477556109726
118,10,1,4683.63,232203.61,0,2928,52574,2,2021-10-01,49.577701483678254,2.0170358247229663,4.416700460303572,79.30451161202186
118,11,1,20057.72,521352.37,1,4751,53882,7,2021-11-01,25.992603845302455,3.8472482632044045,9.675816970416836,109.73529151757525
118,12,1,18883.08,519030.0,1,5386,38755,7,2021-12-01,27.486511734314526,3.638148083925785,13.392594503934976,96.36650575566283
118,1,2,16517.31,480978.95,1,5173,36619,8,2022-01-01,29.119690191683752,3.4341024695571396,13.13468281493214,92.9787260777112
118,2,2,5512.66,228932.19,0,2174,51625,4,2022-02-01,41.52844361887002,2.407988147057869,4.434521840193705,105.30459521619136
118,3,2,4928.67,239456.13,0,3389,42472,8,2022-03-01,48.58433005252938,2.058276812541821,5.637976313806743,70.65686928297433
118,4,2,4715.34,243049.84,0,3322,61655,7,2022-04-01,51.54449944224594,1.9400712216062352,3.9420945584299734,73.16370860927152
118,5,2,4553.27,198645.35,0,2927,47648,4,2022-05-01,43.6269647967285,2.2921603752617417,4.169017587306918,67.86653570208405
118,6,2,4498.97,233659.31,0,3413,39442,7,2022-06-01,51.93617872535269,1.9254400776926033,5.92412428375843,68.46156167594492
118,7,2,4078.58,214885.34,0,2486,46921,5,2022-07-01,52.686312393038754,1.8980261752616534,4.579726348543296,86.43818986323411
118,8,2,3439.98,204984.65,0,2786,52422,2,2022-08-01,59.588907493648215,1.6781646820871707,3.9102790813017436,73.57668700646087
118,9,2,4089.29,223883.66,0,3090,39882,7,2022-09-01,54.748785241447784,1.8265245440422049,5.613651772729552,72.45425889967638
118,10,2,3632.12,219468.73,0,2761,43320,3,2022-10-01,60.4244160435228,1.6549601394239624,5.066221837488459,79.48885548714235
118,11,2,19797.75,544671.35,1,5530,29716,2,2022-11-01,27.51178037908348,3.6348065672997123,18.32922836182528,98.49391500904159
118,12,2,20995.92,514715.69,1,4148,51523,5,2022-12-01,24.515033873247756,4.079129587054165,9.9900178561031,124.08767839922855
118,1,3,18008.44,520467.51,1,5631,43576,3,2023-01-01,28.901310163456692,3.460050753216084,11.94390283642372,92.42896643580181
118,2,3,6904.67,259176.83,0,3133,58797,7,2023-02-01,37.53645431280568,2.66407687755113,4.407994115346021,82.72481008617937
118,3,3,3919.53,227568.15,0,4043,55806,6,2023-03-01,58.06006077259263,1.7223543804350478,4.077843780238684,56.28695275785308
118,4,3,6403.36,240715.07,0,2221,37530,7,2023-04-01,37.59199389070738,2.660140887730876,6.4139373834265925,108.38139126519586
118,5,3,5838.32,229001.47,0,2554,43913,5,2023-05-01,39.22386405678346,2.5494683505743434,5.214890123653587,89.66384886452623
118,6,3,3929.36,232758.35,0,2939,47400,8,2023-06-01,59.235689781542035,1.6881714447623468,4.910513713080169,79.19644436883294
118,7,3,4806.53,229203.84,0,2681,37057,6,2023-07-01,47.68592726977674,2.097054743934482,6.185169873438217,85.49192092502797
118,8,3,7636.89,243408.06,0,2326,51499,3,2023-08-01,31.87266806252283,3.137484436628762,4.726461873046079,104.6466294067068
118,9,3,6261.9,250337.65,0,2941,38717,3,2023-09-01,39.977906066848725,2.5013816339651664,6.46583283828809,85.11990819449167
118,10,3,5637.75,218297.06,0,2308,37111,6,2023-10-01,38.72059952995433,2.582604639750989,5.882273719382393,94.58278162911611
118,11,3,19357.44,504179.05,1,4467,45070,8,2023-11-01,26.045750367817234,3.839397928176508,11.186577546039494,112.86748376986792
118,12,3,19514.07,527505.84,1,5368,38105,2,2023-12-01,27.032076855315164,3.6993088076522533,13.84348090801732,98.26859910581221
119,1,1,18295.81,495362.53,1,5240,54455,4,2021-01-01,27.075189893205057,3.6934182325013563,9.09673179689652,94.53483396946565
119,2,1,4742.81,204081.09,0,1992,43592,7,2021-02-01,43.0295731855166,2.3239830794710086,4.681617957423381,102.45034638554216
119,3,1,3629.81,204136.96,0,2451,57187,3,2021-03-01,56.23902077519209,1.7781248432424976,3.569639253676535,83.28721338229293
119,4,1,3829.33,216561.94,0,2962,39988,8,2021-04-01,56.55348063499359,1.7682377614459863,5.415673201960589,73.11341661039837
119,5,1,5641.68,245896.88,0,3236,54451,5,2021-05-01,43.58575459792119,2.2943276059460374,4.515929551339736,75.9879110012361
119,6,1,3335.38,212456.99,0,2396,42623,5,2021-06-01,63.69798643632809,1.569908337682841,4.984562090889895,88.67153171953255
119,7,1,6099.81,264486.95,0,3420,41715,3,2021-07-01,43.35986694667539,2.306280139719559,6.340332014862759,77.33536549707603
119,8,1,4805.57,213872.68,0,2354,43815,6,2021-08-01,44.505163799507656,2.246930276461678,4.88126623302522,90.85500424808836
119,9,1,4666.39,217256.17,0,2954,39400,6,2021-09-01,46.5576537751881,2.1478745574866758,5.514115989847716,73.54643534190927
119,10,1,4158.53,222567.3,0,1977,52346,7,2021-10-01,53.520667158827756,1.8684370974532196,4.251849233943377,112.5783004552352
119,11,1,19944.05,533350.08,1,5788,40948,7,2021-11-01,26.742315627969244,3.739391958092516,13.025058122496825,92.1475604699378
119,12,1,19047.66,498428.75,1,3967,50505,7,2021-12-01,26.167453114975803,3.82154119319963,9.868899118899119,125.64374842450215
119,1,2,19564.94,515288.33,1,4908,35849,4,2022-01-01,26.33733249373625,3.79689173244036,14.373855058718513,104.98947229013855
119,2,2,4766.32,216090.39,0,2655,32844,4,2022-02-01,45.3369454841471,2.205706602686033,6.579295761782975,81.38997740112995
119,3,2,7379.32,263105.25,0,3167,39127,4,2022-03-01,35.65440311573424,2.804702680771288,6.724391085439722,83.07712346068836
119,4,2,2851.37,211436.86,0,2623,49684,2,2022-04-01,74.1527265840631,1.3485680784324927,4.255632799291522,80.60879146016012
119,5,2,4672.61,223434.34,0,3197,49195,3,2022-05-01,47.81788764737481,2.091267618039376,4.541809940034557,69.88875195495777
119,6,2,5534.01,235265.25,0,3249,53420,5,2022-06-01,42.51261743292838,2.35224284079353,4.404066828903033,72.41158818097877
119,7,2,5176.48,247318.28,0,3397,42901,5,2022-07-01,47.777308132167036,2.0930438299991407,5.7648604927624065,72.8049102148955
119,8,2,5855.22,248875.78,0,2615,56255,3,2022-08-01,42.50494089035083,2.352667664165633,4.424065060883477,95.17238240917781
119,9,2,6623.51,259293.98,0,2871,44623,3,2022-09-01,39.147518460755705,2.5544403306239505,5.810769782399212,90.31486590038314
119,10,2,5575.3,226784.0,0,2855,30142,4,2022-10-01,40.676555521675965,2.4584185833215746,7.52385375887466,79.43397548161121
119,11,2,19328.46,534428.11,1,5014,44073,2,2022-11-01,27.649802933084167,3.6166623046830373,12.125975313684116,106.58717790187475
119,12,2,21849.37,551825.32,1,4874,51127,6,2022-12-01,25.255891588636192,3.9594721749991466,10.793227062022023,113.21816167418957
119,1,3,20658.5,537970.35,1,4742,46896,4,2023-01-01,26.04111382723818,3.8400815212213835,11.471561540429887,113.44798608182201
119,2,3,4678.97,198481.32,0,1692,38150,7,2023-02-01,42.41987445954986,2.357385571599383,5.202655832241153,117.30574468085106
119,3,3,4153.56,185609.15,0,1319,39195,3,2023-03-01,44.68676268068837,2.237799160224591,4.735531317770124,140.71959818043973
119,4,3,4392.56,234372.71,0,2816,47744,8,2023-04-01,53.35674640756187,1.8741772452944716,4.908945836126005,83.2289453125
119,5,3,4504.98,233781.08,0,2823,38027,7,2023-05-01,51.893921837610826,1.9270079511994727,6.147765535014595,82.81299326957138
119,6,3,5108.81,241711.56,0,2470,49767,6,2023-06-01,47.31269317120817,2.113597711255515,4.856864187111942,97.85893117408907
119,7,3,5712.31,238579.59,0,2956,39414,6,2023-07-01,41.7658687991373,2.3942995291424554,6.0531686710305985,80.71028078484439
119,8,3,5061.98,210623.34,0,2334,49288,4,2023-08-01,41.60888427058187,2.4033328879885767,4.273318860574582,90.24136246786632
119,9,3,4375.54,234987.83,0,2901,39904,8,2023-09-01,53.704875283964945,1.8620283441912715,5.888828939454691,81.00235436056532
119,10,3,5374.56,248355.09,0,3283,52574,7,2023-10-01,46.20938086094489,2.164062753857793,4.7239146726518815,75.64882424611636
119,11,3,17994.56,512847.63,1,5039,36159,4,2023-11-01,28.500148378176515,3.5087536623694646,14.18312536298017,101.77567572931137
119,12,3,18791.27,515014.37,1,5430,36360,3,2023-12-01,27.407108194390265,3.648688482226234,14.164311606160616,94.84610865561694
120,1,1,18791.53,511093.64,1,4937,40711,2,2021-01-01,27.198085520444586,3.676729375853708,12.55419026798654,103.52311930322058
120,2,1,4865.8,238890.19,0,2889,36777,6,2021-02-01,49.095768424513956,2.036835417980119,6.495641025641025,82.68957770854968
120,3,1,4790.9,247366.32,0,3389,35817,7,2021-03-01,51.632536684130336,1.936763258636018,6.906394170366028,72.9909471820596
120,4,1,3376.54,208916.59,0,2943,50442,6,2021-04-01,61.87297944049234,1.6162143944624026,4.1417190040045995,70.9876282704723
120,5,1,6476.39,244733.3,0,1921,43860,3,2021-05-01,37.78853651494119,2.646305182008333,5.579874601003191,127.39890681936491
120,6,1,5108.84,247587.08,0,2856,32899,6,2021-06-01,48.46248463447671,2.0634517762396976,7.525671904921122,86.69015406162464
120,7,1,4044.13,221782.64,0,2990,54479,7,2021-07-01,54.840630741346104,1.8234655336414065,4.070974871051231,74.17479598662207
120,8,1,5429.82,228614.02,0,2029,63112,7,2021-08-01,42.10342515958172,2.375103679118192,3.6223542274052476,112.6732479053721
120,9,1,3304.18,209510.87,0,2615,32655,5,2021-09-01,63.40782584483896,1.5770923962083687,6.4158894503138875,80.11887954110898
120,10,1,3970.32,220032.77,0,2977,45591,6,2021-10-01,55.41940448125088,1.8044221322123977,4.826232589765524,73.9109069533087
120,11,1,19003.78,501640.51,1,4619,51473,4,2021-11-01,26.396880515350105,3.788326425232284,9.745701824257377,108.60370426499243
120,12,1,16838.12,501557.44,1,5842,34583,3,2021-12-01,29.787021353927877,3.357166828190207,14.5030055229448,85.85372132831222
120,1,2,19111.03,516463.07,1,4896,53780,2,2022-01-01,27.02434510332515,3.7003671917916607,9.603255299367795,105.48673815359477
120,2,2,5540.6,234894.54,0,2992,61828,3,2022-02-01,42.395144930151965,2.358760659145164,3.7991612214530637,78.5075334224599
120,3,2,5792.58,246150.42,0,2879,24050,3,2022-03-01,42.49409071605399,2.3532683795542577,10.2349446985447,85.49858284126434
120,4,2,6327.77,259877.08,0,2919,50193,3,2022-04-01,41.0692992950123,2.4349088422880545,5.177556232940848,89.02948955121616
120,5,2,6023.23,250004.36,0,2978,42471,4,2022-05-01,41.50669325262359,2.409249982680302,5.886472181017635,83.95042310275352
120,6,2,5948.08,240817.1,0,2861,39495,4,2022-06-01,40.486526744764696,2.4699574905602635,6.097407266742626,84.17235232436211
120,7,2,3512.68,216800.59,0,2786,44552,5,2022-07-01,61.71942505437444,1.6202354430862018,4.866236981504758,77.81787150035893
120,8,2,5852.55,227468.35,0,2511,39513,3,2022-08-01,38.866536808741486,2.5729073956882353,5.7567977627616225,90.58874950219037
120,9,2,6553.57,257878.88,0,3153,45810,4,2022-09-01,39.3493744630789,2.541336459969114,5.629314123553809,81.78841738027276
120,10,2,6860.2,257156.67,0,2957,53057,2,2022-10-01,37.485302177779076,2.667712254945594,4.846800045234371,86.96539398038553
120,11,2,17059.26,495858.45,1,5246,47969,8,2022-11-01,29.066820600659117,3.440348752753936,10.33706039317059,94.5212447579108
120,12,2,17712.41,516247.12,1,5551,49666,2,2022-12-01,29.14606877324994,3.4309944431263846,10.394376837272983,93.00074220861106
120,1,3,17430.8,506183.47,1,4876,28263,3,2023-01-01,29.039600592055443,3.443573532735077,17.909757279835826,103.8112120590648
120,2,3,5414.77,263030.61,0,3259,43177,6,2023-02-01,48.576506481346385,2.0586083117854614,6.091914908400305,80.70899355630561
120,3,3,5079.2,243204.89,0,3200,46905,6,2023-03-01,47.88251890061427,2.088444849937022,5.185052553032726,76.00152812500001
120,4,3,4286.68,215397.39,0,2425,31602,8,2023-04-01,50.248068435245926,1.990126249904885,6.815941712549839,88.82366597938145
120,5,3,3676.36,221744.16,0,2931,33641,2,2023-05-01,60.31622583207303,1.6579286687865875,6.591485389851669,75.65477993858751
120,6,3,3680.12,233624.6,0,3173,41835,8,2023-06-01,63.48287555840571,1.5752279511661014,5.584429305605354,73.62893161046328
120,7,3,5024.21,232008.51,0,3149,46215,3,2023-07-01,46.178107602986344,2.1655283248015342,5.020199285946122,73.67688472530962
120,8,3,5808.8,244005.73,0,2399,44137,8,2023-08-01,42.00621987329569,2.380599832635078,5.528371434397444,101.7114339308045
120,9,3,4156.16,209985.44,0,2809,54704,3,2023-09-01,50.523906683092086,1.9792610382891307,3.8385756069026034,74.75451762192951
120,10,3,7108.41,255561.34,0,2597,34850,3,2023-10-01,35.95196956844076,2.781488780736554,7.333180487804878,98.4063688871775
120,11,3,19010.95,528426.77,1,4961,58776,5,2023-11-01,27.79591603786239,3.5976508154573623,8.990519429699198,106.51618020560372
120,12,3,20234.21,537213.88,1,4942,64574,7,2023-12-01,26.549782768884974,3.766509160187745,8.31935268064546,108.70373937677054
121,1,1,18761.71,511839.08,1,5533,45012,6,2021-01-01,27.28104634385672,3.665548554830944,11.3711694659202,92.50661124164107
121,2,1,6926.36,257776.55,0,2773,44964,8,2021-02-01,37.216741549674,2.6869627978184982,5.73295414109065,92.9594482509917
121,3,1,4128.05,248886.5,0,3745,27723,4,2021-03-01,60.291542011361294,1.658607437526744,8.977617862424701,66.45834445927903
121,4,1,4370.99,212479.1,0,2756,33257,3,2021-04-01,48.611207072082074,2.0571387962392533,6.389003818744926,77.09691582002903
121,5,1,5427.58,224743.35,0,2242,60990,7,2021-05-01,41.40765313454615,2.415012502038436,3.6849212985735367,100.24235057983944
121,6,1,4392.72,223992.51,0,2699,38274,8,2021-06-01,50.99175681582254,1.9611012886100523,5.852341276062079,82.99092626898852
121,7,1,6237.82,259263.33,0,3367,52579,5,2021-07-01,41.56313102975078,2.4059785084145915,4.930929268339071,77.00128601128601
121,8,1,5615.86,233666.8,0,2550,46456,2,2021-08-01,41.60837342811252,2.4033623946576923,5.029851902875839,91.63403921568627
121,9,1,2446.78,207840.15,0,2992,38096,8,2021-09-01,84.94435543857641,1.1772412596892374,5.455694823603528,69.46529077540107
121,10,1,4152.82,232215.36,0,2946,50143,6,2021-10-01,55.91751147413083,1.788348539907093,4.631062361645693,78.82395112016293
121,11,1,18859.85,497753.98,1,4956,35510,4,2021-11-01,26.392255505743684,3.7889902959691053,14.017290340749085,100.43462066182404
121,12,1,21260.03,566851.79,1,5720,53391,3,2021-12-01,26.66279351440238,3.7505447411571193,10.616991440504954,99.09996328671329
121,1,2,18273.42,515868.25,1,4859,38045,6,2022-01-01,28.230525539280553,3.5422649096935115,13.559423051649363,106.16757563284627
121,2,2,4200.92,217834.95,0,2468,43320,3,2022-02-01,51.85410576730811,1.9284876003598135,5.028507617728532,88.26375607779579
121,3,2,6437.66,262768.5,0,3314,32686,2,2022-03-01,40.817393276438956,2.4499359702551864,8.039175793917885,79.29043452021726
121,4,2,3535.09,218398.73,0,2696,58656,8,2022-04-01,61.78024604748394,1.618640364804319,3.7233826036552102,81.00843100890208
121,5,2,4684.2,232000.73,0,2772,49852,6,2022-05-01,49.528357030015805,2.019045371107237,4.6537898178608685,83.69434704184705
121,6,2,6567.01,241067.56,0,2774,55042,8,2022-06-01,36.70887664249027,2.724136752369336,4.379702045710548,86.90250901225667
121,7,2,5528.51,235981.9,0,3129,37058,7,2022-07-01,42.68453887213734,2.342768661494801,6.367907064601435,75.41767337807606
121,8,2,4122.3,231172.84,0,3114,40957,4,2022-08-01,56.07860660310991,1.7832112111440084,5.6442815635910835,74.23662170841361
121,9,2,4888.37,211397.47,0,2465,37905,2,2022-09-01,43.244981455986355,2.312407050093835,5.577033900540826,85.75962271805274
121,10,2,3151.32,194313.37,0,3142,41747,4,2022-10-01,61.66094525468692,1.6217720890744678,4.654546913550674,61.84384786760025
121,11,2,19529.68,532300.53,1,5361,38120,4,2022-11-01,27.25597808054203,3.668919886290551,13.96381243441763,99.29127588136542
121,12,2,21511.89,548246.0,1,4685,52301,3,2022-12-01,25.485719757771168,3.9237659736687545,10.482514674671613,117.02155816435432
121,1,3,18883.2,523692.29,1,5476,47513,7,2023-01-01,27.733238540077952,3.605781555424465,11.022084271673016,95.63409240321403
121,2,3,3063.58,199972.45,0,2296,38844,6,2023-02-01,65.27410741681301,1.5320010331423153,5.14809108227783,87.09601480836237
121,3,3,3542.04,207979.8,0,2833,39778,7,2023-03-01,58.717518718026895,1.7030692403781522,5.228513248529338,73.41327214966466
121,4,3,4093.73,226997.08,0,3112,52430,4,2023-04-01,55.44993929741336,1.8034284846307276,4.329526606904444,72.94250642673522
121,5,3,5540.86,233814.79,0,2488,43421,5,2023-05-01,42.19828510375646,2.3697645474009574,5.38483199373575,93.97700562700965
121,6,3,5193.37,239090.99,0,2909,36372,6,2023-06-01,46.037734650140465,2.1721312041076914,6.573490322225887,82.19009625300791
121,7,3,3204.18,210353.59,0,3075,39243,2,2023-07-01,65.64974189964359,1.5232352345400904,5.360283107815406,68.40767154471544
121,8,3,4349.15,222363.61,0,2689,34900,3,2023-08-01,51.12806180518032,1.9558730855286977,6.371450143266475,82.69379323168464
121,9,3,7286.69,246382.17,0,2069,41842,2,2023-09-01,33.812632347471904,2.957474560760626,5.888393719229483,119.08273078782021
121,10,3,5662.54,247075.78,0,2850,46856,3,2023-10-01,43.63338360523723,2.291823180726172,5.273087331398327,86.69325614035088
121,11,3,19030.0,501142.22,1,4374,55481,6,2023-11-01,26.334325801366262,3.7973252383325438,9.032681819001098,114.57298125285779
121,12,3,19323.58,504131.89,1,3758,35048,4,2023-12-01,26.08894883867275,3.8330405957853615,14.384041600091305,134.1489861628526
122,1,1,20094.09,528216.48,1,5291,44394,4,2021-01-01,26.287156074248696,3.8041391665780666,11.898375456142722,99.83301455301455
122,2,1,2958.39,218227.86,0,3672,36230,7,2021-02-01,73.76575096589698,1.3556426755044018,6.0234021529119515,59.430245098039215
122,3,1,4800.82,222471.52,0,2496,42080,7,2021-03-01,46.340316862535985,2.157948127472676,5.28687072243346,89.13121794871795
122,4,1,2711.71,200272.0,0,2823,26501,3,2021-04-01,73.8545050908836,1.3540135415834467,7.5571487868382325,70.9429684732554
122,5,1,4773.56,211021.38,0,2462,43145,3,2021-05-01,44.20629048341279,2.2621214968833967,4.890981110209758,85.71136474411048
122,6,1,7012.67,253595.09,0,2482,58684,4,2021-06-01,36.162416026991146,2.7653019622737967,4.321366812078249,102.17368654311039
122,7,1,4979.73,214346.65,0,2175,47454,7,2021-07-01,43.043829685545205,2.3232133555621233,4.516935347915877,98.55018390804598
122,8,1,3423.55,219782.52,0,2654,39882,2,2021-08-01,64.19725723298914,1.5576989471228198,5.510819918760343,82.8118010550113
122,9,1,5322.04,259343.56,0,3152,42720,5,2021-09-01,48.73010349414886,2.0521195899369933,6.070776217228464,82.27904822335026
122,10,1,5079.14,234156.25,0,3149,51678,8,2021-10-01,46.10155459388794,2.169124249299346,4.531062541120012,74.35892346776754
122,11,1,19549.0,536241.09,1,5553,50218,5,2021-11-01,27.430614865210494,3.6455617379115806,10.678264566490103,96.56781739600216
122,12,1,19187.72,484754.92,1,4161,37620,6,2021-12-01,25.26381039539872,3.9582310995420125,12.885564061669324,116.49962028358567
122,1,2,19502.06,518957.92,1,4293,42836,6,2022-01-01,26.610415515078916,3.7579270396335804,12.114994864132973,120.8846773817843
122,2,2,3271.53,207157.32,0,2832,42018,2,2022-02-01,63.321235018477594,1.5792490460872926,4.930204198200771,73.14877118644068
122,3,2,5676.96,253828.56,0,3083,51021,8,2022-03-01,44.71205715735182,2.236533193900639,4.974982066208032,82.33167693804735
122,4,2,4246.78,221315.08,0,2830,55938,3,2022-04-01,52.11362020165867,1.9188841537594277,3.95643533912546,78.20320848056537
122,5,2,4640.7,207737.01,0,2607,51341,3,2022-05-01,44.76415411468098,2.2339302948473168,4.046220564461152,79.68431530494821
122,6,2,6192.33,255474.98,0,3037,54974,7,2022-06-01,41.256680441772325,2.423849881503073,4.647196492887547,84.12083635166283
122,7,2,5826.64,241104.18,0,3135,50597,2,2022-07-01,41.37962530720964,2.416648272128671,4.765187264067039,76.90723444976076
122,8,2,4508.37,210512.01,0,2719,45561,5,2022-08-01,46.69359657703339,2.1416212785199287,4.620443142161059,77.42258550937845
122,9,2,4947.99,242984.46,0,2305,46839,4,2022-09-01,49.10771040361844,2.0363401017497167,5.187652597194646,105.41625162689805
122,10,2,6520.62,250548.89,0,2432,48559,6,2022-10-01,38.42409004051762,2.602533980493787,5.159679771000227,103.02174753289474
122,11,2,21066.7,552781.65,1,5262,53562,8,2022-11-01,26.23959376646556,3.8110346101394645,10.320407191665733,105.05162485746865
122,12,2,17094.68,496172.52,1,4659,47572,7,2022-12-01,29.024966831786266,3.4453097080023696,10.429927688556294,106.49764327108822
122,1,3,16888.28,510360.29,1,5089,55790,3,2023-01-01,30.219790884566102,3.3090897412884535,9.147881161498477,100.28695028492827
122,2,3,6114.87,261001.36,0,2852,36998,3,2023-02-01,42.68305949267932,2.3428498610122186,7.0544721336288445,91.5152033660589
122,3,3,3550.96,206028.12,0,2719,44206,7,2023-03-01,58.02040011715142,1.7235317198448445,4.660637017599421,75.77349025376976
122,4,3,3873.77,226084.92,0,3512,43942,5,2023-04-01,58.363021036354766,1.7134137031342027,5.145075781712257,64.37497722095672
122,5,3,7538.5,284832.53,0,3229,29192,3,2023-05-01,37.78371426676395,2.646642923826151,9.757211907371884,88.21075565190462
122,6,3,6678.81,253660.92,0,3029,55531,4,2023-06-01,37.97995750740027,2.6329676640769106,4.5679155786857795,83.7441135688346
122,7,3,5878.14,250471.5,0,3169,59308,4,2023-07-01,42.610672763833456,2.346829878848492,4.223232953395832,79.03802461344273
122,8,3,5180.34,235826.71,0,2841,45117,4,2023-08-01,45.5234038692441,2.196672293821171,5.227003346853736,83.0083456529391
122,9,3,3968.33,222286.47,0,3247,48812,5,2023-09-01,56.01511719035464,1.7852323625455029,4.553930795705974,68.45902987372959
122,10,3,5922.07,246777.31,0,2904,39351,4,2023-10-01,41.67078572188441,2.3997627658717895,6.271182689131153,84.97841253443526
122,11,3,20161.05,536198.22,1,5457,39889,3,2023-11-01,26.5957487333249,3.7599994270775463,13.442257765298704,98.25879054425508
122,12,3,19805.52,511144.12,1,4918,50589,4,2023-12-01,25.808164592497445,3.8747428024800525,10.103858941667161,103.93333062220415
123,1,1,17234.06,504301.93,1,5553,41716,2,2021-01-01,29.261934216313506,3.4174090906215646,12.088933023300411,90.8161228164956
123,2,1,5373.81,218144.22,0,2725,29198,5,2021-02-01,40.59395847638826,2.463420758982292,7.47120419206795,80.0529247706422
123,3,1,3992.2,222603.24,0,2683,53834,4,2021-03-01,55.75954110515505,1.7934150464296927,4.134993498532526,82.96803578084234
123,4,1,6365.17,235643.82,0,2700,41759,5,2021-04-01,37.02082112496603,2.7011826577925957,5.64294690964822,87.27548888888889
123,5,1,7169.04,251381.66,0,2616,51931,3,2021-05-01,35.06489850802897,2.8518548250496876,4.840685910150007,96.09390672782875
123,6,1,4856.83,231131.92,0,3149,51979,5,2021-06-01,47.589048824027195,2.1013237808088125,4.446640373997192,73.39851381390918
123,7,1,3570.11,224790.94,0,2782,50701,7,2021-07-01,62.96470977084739,1.5881912322622969,4.4336589021912785,80.80191948238678
123,8,1,4713.99,220413.01,0,2506,47832,8,2021-08-01,46.75720780061053,2.1387076924361224,4.608065939120254,87.95411412609737
123,9,1,4562.7,231420.75,0,3372,44318,6,2021-09-01,50.720132816095735,1.9716036699388448,5.221822961324969,68.630115658363
123,10,1,6815.93,253041.1,0,2531,41004,7,2021-10-01,37.124955802069564,2.6936059003853523,6.1711320846746665,99.97672856578427
123,11,1,20707.87,541353.73,1,4861,52853,3,2021-11-01,26.142414936929775,3.825201315228769,10.242630125063856,111.36674141123225
123,12,1,19586.52,546459.38,1,5894,53092,3,2021-12-01,27.89976882059702,3.584259089852205,10.292687787237249,92.71451985069562
123,1,2,20479.38,519387.51,1,4749,41836,7,2022-01-01,25.36148604108132,3.942986615138281,12.414846304618033,109.36776373973468
123,2,2,5798.88,227431.87,0,2415,46892,6,2022-02-01,39.219964889771816,2.5497218133940507,4.850120916147744,94.17468737060041
123,3,2,5542.89,241013.91,0,3068,55947,2,2022-03-01,43.4816332274319,2.299821616105062,4.307896938173629,78.5573370273794
123,4,2,6030.89,270928.88,0,3494,45123,4,2022-04-01,44.923532016004266,2.226004846733209,6.004230215189593,77.54117916428163
123,5,2,4383.3,234687.65,0,3134,37023,3,2022-05-01,53.54131590354299,1.8677165159734652,6.338969019258299,74.88438098276963
123,6,2,5775.19,240268.72,0,2977,62656,2,2022-06-01,41.60360438357873,2.4036378934386464,3.8347280388151175,80.70833725226738
123,7,2,3281.49,201783.99,0,2346,54443,5,2022-07-01,61.49157547333681,1.6262390291717395,3.7063348823540214,86.01193094629156
123,8,2,4839.31,214048.3,0,2401,41594,7,2022-08-01,44.2311610539519,2.260849537230616,5.146134057796798,89.14964598084131
123,9,2,3571.32,205865.67,0,2604,39047,3,2022-09-01,57.644139981855446,1.7347817146977442,5.272253182062642,79.05747695852536
123,10,2,5234.8,236331.32,0,2442,49692,7,2022-10-01,45.146198517612895,2.2150259220826083,4.755922884971424,96.77777231777232
123,11,2,19896.76,541065.89,1,5754,50418,8,2022-11-01,27.193668215327524,3.677326619129511,10.73160161053592,94.03300139033716
123,12,2,17669.3,504102.91,1,5020,44765,7,2022-12-01,28.529874414945695,3.505097798384064,11.261094828549089,100.41890637450199
123,1,3,18380.78,515308.87,1,4987,56596,8,2023-01-01,28.03520144411717,3.5669442290019187,9.105040462223478,103.33043312612793
123,2,3,3602.69,199143.13,0,1775,60441,8,2023-02-01,55.27623248183996,1.8090957995889692,3.2948351284723945,112.19331267605634
123,3,3,2505.16,200903.59,0,2970,53989,6,2023-03-01,80.19591163837839,1.246946358698717,3.7211948730296913,67.6443063973064
123,4,3,4626.57,215727.98,0,2712,28606,8,2023-04-01,46.62805923178511,2.144631401082048,7.541354261343774,79.54571533923304
123,5,3,4553.21,233143.6,0,3059,43031,6,2023-05-01,51.20422734730004,1.952963752811572,5.418038158536869,76.21562602157569
123,6,3,4394.6,227614.56,0,2714,32013,6,2023-06-01,51.79414736267237,1.9307200734434566,7.110066535469965,83.8668238761975
123,7,3,5626.41,245592.82,0,3040,42653,3,2023-07-01,43.65000417673081,2.290950525345163,5.757926054439313,80.78711184210526
123,8,3,2834.89,214754.76,0,3137,42807,2,2023-08-01,75.75417741076375,1.32005921545115,5.016814072464784,68.4586420146637
123,9,3,5068.1,234483.23,0,2796,56133,2,2023-09-01,46.26649632011996,2.161391243203192,4.177279496909127,83.86381616595136
123,10,3,4679.29,214886.18,0,2561,39838,6,2023-10-01,45.92281735049548,2.1775667471961206,5.394000200813293,83.90713783678251
123,11,3,19579.97,530717.0,1,4908,60516,3,2023-11-01,27.10509770954705,3.6893429078020867,8.769862515698328,108.13304808475958
123,12,3,18745.86,520040.73,1,4670,64923,8,2023-12-01,27.741630952114225,3.60469073258935,8.010115521463888,111.35775802997858
124,1,1,18278.79,514183.72,1,5799,30974,8,2021-01-01,28.1300742554622,3.554914185147675,16.600494608381222,88.6676530436282
124,2,1,5341.12,230729.04,0,3009,36936,2,2021-02-01,43.19862500748907,2.314888494313503,6.2467251461988305,76.6796410767697
124,3,1,4681.89,232173.97,0,2870,55682,5,2021-03-01,49.58979600118755,2.0165438873272485,4.1696413562731225,80.89685365853659
124,4,1,4249.46,217554.27,0,2237,38289,8,2021-04-01,51.195744871113035,1.9532873337765333,5.681900023505445,97.25269110415735
124,5,1,4039.9,233699.74,0,2962,49281,3,2021-05-01,57.84790217579643,1.7286711572721478,4.742187455611696,78.89930452397029
124,6,1,4832.51,227854.12,0,2520,48352,2,2021-06-01,47.15026352764919,2.1208789202495004,4.712403209794838,90.41830158730158
124,7,1,6258.01,242383.09,0,2557,53421,5,2021-07-01,38.731655909786014,2.5818674066742857,4.537224874113177,94.79197888150176
124,8,1,4161.57,224238.68,0,2625,67576,6,2021-08-01,53.88319312182662,1.8558662582209278,3.3183183378714336,85.42425904761905
124,9,1,4277.72,227543.1,0,2933,44499,3,2021-09-01,53.19261195216143,1.8799603240001566,5.113442998719073,77.58032730992159
124,10,1,6613.41,256155.94,0,2926,66421,5,2021-10-01,38.73280803700361,2.581790607705603,3.856550488550308,87.54475051264525
124,11,1,18975.04,501583.38,1,5230,59716,3,2021-11-01,26.433850995834526,3.783028058066836,8.399480541228481,95.90504397705546
124,12,1,17840.98,514586.4,1,5223,51785,6,2021-12-01,28.84294472613052,3.4670523744894925,9.936977889350198,98.52314761631247
124,1,2,20758.24,522049.25,1,4712,42260,8,2022-01-01,25.149013114792005,3.976299171007333,12.353271415049692,110.79143675721562
124,2,2,5706.12,245804.7,0,2916,51198,2,2022-02-01,43.07738007612879,2.3214039438627494,4.801060588304231,84.2951646090535
124,3,2,4677.86,230055.54,0,3104,40562,5,2022-03-01,49.17965479941683,2.0333611613960696,5.671701099551305,74.11583118556702
124,4,2,5183.43,236520.53,0,3339,39955,6,2022-04-01,45.630119438287004,2.191534916651844,5.919672881992241,70.83573824498353
124,5,2,5893.21,259286.1,0,3807,63469,5,2022-05-01,43.99743094171089,2.272859979767523,4.085240038443965,68.10772261623326
124,6,2,4870.42,214159.68,0,2660,45957,2,2022-06-01,43.97150143108808,2.2742002602917597,4.660001305568248,80.51115789473684
124,7,2,4800.2,227009.67,0,2905,44661,5,2022-07-01,47.291710762051586,2.1145354733126567,5.082950896755559,78.1444647160069
124,8,2,6660.56,260566.52,0,3149,49265,2,2022-08-01,39.12081266440059,2.5561841175911626,5.289079874150005,82.74579866624325
124,9,2,7523.1,261432.19,0,2720,49934,3,2022-09-01,34.750593505336894,2.8776486935292858,5.235554732246565,96.11477573529412
124,10,2,3419.73,230077.37,0,3673,38045,7,2022-10-01,67.27939632661058,1.486339138873154,6.0475061111841235,62.6401769670569
124,11,2,18200.36,494131.47,1,5145,47705,3,2022-11-01,27.149543745288554,3.6833031500705675,10.358064563462948,96.04110204081633
124,12,2,17042.37,488497.41,1,5113,34739,7,2022-12-01,28.66370170346026,3.4887329290036564,14.061930683093928,95.5402718560532
124,1,3,20937.9,544580.11,1,5172,60902,5,2023-01-01,26.009299404429285,3.844778686463595,8.94190847591212,105.29391144624903
124,2,3,3713.49,214284.08,0,2946,65046,7,2023-02-01,57.704229713827154,1.7329752168243204,3.294346769978169,72.73729803122878
124,3,3,5959.08,244116.11,0,2665,52148,8,2023-03-01,40.96540237754821,2.4410842856704544,4.681217112832707,91.60079174484052
124,4,3,6873.2,258334.77,0,3125,51361,7,2023-04-01,37.58580719315603,2.66057875213623,5.0297846615136,82.6671264
124,5,3,6899.93,250518.26,0,3012,39107,6,2023-05-01,36.30736253846054,2.754262304073164,6.405969775232056,83.17339309428951
124,6,3,6394.94,238481.64,0,3056,49248,8,2023-06-01,37.29224042758807,2.681522988520206,4.8424634502923976,78.03718586387436
124,7,3,4589.72,240178.79,0,3156,44535,2,2023-07-01,52.32972599635708,1.9109597479444376,5.393034467272932,76.1022782002535
124,8,3,3512.59,209258.74,0,3092,43976,7,2023-08-01,59.57391554380101,1.6785869971309204,4.758475986901947,67.67747089262613
124,9,3,7912.85,274448.65,0,3101,34778,6,2023-09-01,34.683919194727565,2.8831805148249043,7.891444303870263,88.50327313769752
124,10,3,3257.46,221184.07,0,3096,36511,7,2023-10-01,67.9007785206879,1.4727371641185552,6.058011832050615,71.4418830749354
124,11,3,23355.4,559452.19,1,4887,54388,8,2023-11-01,23.953868912542706,4.174690959740457,10.286316650731779,114.47763249437281
124,12,3,20131.42,533691.09,1,5155,38646,4,2023-12-01,26.510354957573785,3.7721109415560976,13.809736842105263,103.52882444228904
125,1,1,20487.27,514122.09,1,4655,43261,6,2021-01-01,25.09470954402417,3.9849036636414517,11.884193384341556,110.4451321160043
125,2,1,5126.81,231543.06,0,2653,60371,5,2021-02-01,45.16318334402874,2.214192902175518,3.835335840055656,87.27593667546174
125,3,1,4434.4,242149.8,0,3250,35142,3,2021-03-01,54.607117084611225,1.8312631272047302,6.890609527061636,74.50763076923077
125,4,1,4984.17,248092.57,0,3247,51558,4,2021-04-01,49.77610514890142,2.008996077552826,4.811912215369099,76.40670465044657
125,5,1,7164.64,256329.13,0,2778,50423,4,2021-05-01,35.77697274392014,2.79509394815954,5.083575550839894,92.27110511159107
125,6,1,6889.42,247618.08,0,2694,56160,2,2021-06-01,35.941789004009046,2.7822766415117997,4.4091538461538455,91.9146547884187
125,7,1,3199.68,200195.78,0,2397,55552,5,2021-07-01,62.56743799379938,1.5982754481637922,3.6037546802995393,83.51930746766791
125,8,1,4996.64,233211.41,0,2840,36520,8,2021-08-01,46.673646690576064,2.142536679487509,6.385854600219058,82.11669366197184
125,9,1,6579.53,234230.62,0,2607,61267,6,2021-09-01,35.599901512722035,2.8089965351242294,3.8231122790409193,89.846804756425
125,10,1,7199.43,238165.66,0,2214,48680,6,2021-10-01,33.08118281586181,3.0228665207234324,4.892474527526705,107.57256549232159
125,11,1,18934.11,509294.47,1,5057,35119,3,2021-11-01,26.898252413237273,3.717713644132049,14.50196389418833,100.71079098279611
125,12,1,16424.31,476490.39,1,4477,34376,6,2021-12-01,29.011288145438073,3.4469341553771944,13.861135385152432,106.43073263345991
125,1,2,20201.94,537379.53,1,5239,49740,7,2022-01-01,26.600392338557587,3.759343047547791,10.803770205066346,102.57292040465738
125,2,2,4095.96,221124.83,0,2802,43745,4,2022-02-01,53.986081407044985,1.8523292929156803,5.054859526803063,78.91678443968594
125,3,2,5728.39,241957.19,0,3446,54102,8,2022-03-01,42.238253680353466,2.3675221224052074,4.472241137111382,70.2139262913523
125,4,2,5595.37,266552.98,0,3092,38353,3,2022-04-01,47.63813295635499,2.0991586738216172,6.949990352775532,86.20730271668822
125,5,2,4468.09,213531.42,0,2571,68382,7,2022-05-01,47.790313086799955,2.092474259759992,3.1226261296832503,83.0538389731622
125,6,2,4299.48,237376.03,0,3745,48943,5,2022-06-01,55.21040451403426,1.8112528042532345,4.850050671188934,63.38478771695594
125,7,2,7026.93,248795.43,0,2972,44930,8,2022-07-01,35.40599237504856,2.8243806568311967,5.537401068328511,83.71313257065948
125,8,2,4289.47,235076.98,0,3057,44416,8,2022-08-01,54.80326940158108,1.8247086550116476,5.292619326368876,76.89793261367355
125,9,2,4355.54,201313.75,0,2215,26068,2,2022-09-01,46.220158694444315,2.163558127549658,7.722638867577106,90.88656884875847
125,10,2,5764.52,227401.38,0,2115,60445,4,2022-10-01,39.44845017451583,2.534953833613499,3.7621206055091405,107.51838297872341
125,11,2,17647.58,502835.76,1,5878,53176,3,2022-11-01,28.49318490127258,3.5096111700568,9.456065894388447,85.54538278325961
125,12,2,20465.89,521972.42,1,5246,48315,6,2022-12-01,25.504506278495583,3.9208757428218144,10.803527268964089,99.4991269538696
125,1,3,18570.25,517049.88,1,5281,52914,5,2023-01-01,27.84291433879458,3.5915780504581107,9.771513777072231,97.90757053588335
125,2,3,3601.6,201951.83,0,2489,42656,4,2023-02-01,56.072809306974676,1.7833955750735213,4.734429623030757,81.13773804740859
125,3,3,3261.92,223485.85,0,2703,41072,2,2023-03-01,68.51359015549124,1.4595644422230758,5.4413189033891705,82.6806696263411
125,4,3,2842.01,211747.36,0,2599,47639,7,2023-04-01,74.50619807812076,1.3421702164315061,4.444832175318541,81.47262793382069
125,5,3,5872.27,218430.5,0,2866,41449,2,2023-05-01,37.1969442821941,2.6883928755370703,5.269861757822866,76.21441032798324
125,6,3,4724.21,241192.98,0,2470,44047,2,2023-06-01,51.054669457962284,1.9586847013540774,5.475809476241288,97.64897975708503
125,7,3,5863.16,232919.35,0,2664,52921,8,2023-07-01,39.725907189979466,2.5172489962727442,4.401265093252206,87.43218843843844
125,8,3,6993.29,249435.19,0,2286,50963,2,2023-08-01,35.66778869459153,2.8036501184937057,4.894436944449895,109.11425634295713
125,9,3,3993.94,227609.77,0,3293,65735,8,2023-09-01,56.988780502461225,1.754731354458115,3.462535483380239,69.11927421803826
125,10,3,6667.03,259732.83,0,3348,43009,8,2023-10-01,38.95780129982916,2.5668799743182253,6.039034388151316,77.57850358422938
125,11,3,19098.82,503711.47,1,5133,42194,4,2023-11-01,26.373957658117096,3.7916190393679146,11.937988102573826,98.1319832456653
125,12,3,18214.15,494022.49,1,4823,35134,8,2023-12-01,27.123005465530916,3.686907047490895,14.061094381510786,102.43053908355795
126,1,1,17542.56,501997.65,1,5404,53187,3,2021-01-01,28.61598592223712,3.494550223492082,9.43835241694399,92.89371761658032
126,2,1,5653.33,236474.74,0,2261,43821,4,2021-02-01,41.829282918209266,2.3906697180426124,5.396379361493348,104.5885625829279
126,3,1,4821.07,238644.1,0,2989,55067,7,2021-03-01,49.50023542491605,2.0201924120478987,4.333704396462491,79.84078287052526
126,4,1,5270.9,237812.28,0,3162,40806,4,2021-04-01,45.1179646739646,2.2164120372589675,5.827875312454051,75.20944971537001
126,5,1,5364.27,208016.78,0,1996,48520,3,2021-05-01,38.77820840487149,2.57876792439533,4.287237840065952,104.21682364729459
126,6,1,6272.69,236220.16,0,2512,41531,7,2021-06-01,37.65851014477043,2.655442278931654,5.687803327634779,94.03668789808917
126,7,1,5906.95,225448.39,0,2370,47914,7,2021-07-01,38.16663252609215,2.6200896799484794,4.705271736861878,95.1259029535865
126,8,1,5007.99,233501.67,0,2884,64756,7,2021-08-01,46.6258259301636,2.1447341254561474,3.605869263079869,80.96451803051318
126,9,1,4367.64,215757.18,0,2135,38176,4,2021-09-01,49.39903013984669,2.0243312412592713,5.651644488683989,101.05722716627635
126,10,1,5907.47,234390.13,0,2969,34455,2,2021-10-01,39.67690568043511,2.5203578324735774,6.8027900159628505,78.94581677332435
126,11,1,17732.05,493458.06,1,4694,46835,5,2021-11-01,27.828596242397243,3.5934259539706375,10.536096081989964,105.12527907967618
126,12,1,20426.0,527995.36,1,5062,50258,7,2021-12-01,25.84918045628121,3.868594602801055,10.505697799355326,104.30568154879494
126,1,2,19715.15,530113.27,1,5404,55642,6,2022-01-01,26.888624737828522,3.7190447996142413,9.527214514215881,98.0964600296077
126,2,2,4333.02,219874.89,0,2610,33328,8,2022-02-01,50.74402841436227,1.9706752326288828,6.597302268362938,84.24325287356322
126,3,2,4777.25,242893.17,0,2756,49781,6,2022-03-01,50.84372180647863,1.966811170524062,4.879234446877323,88.13250000000001
126,4,2,5467.4,240249.33,0,3198,49929,8,2022-04-01,43.942153491604785,2.275719145605942,4.811819383524605,75.12486866791744
126,5,2,4582.47,212724.4,0,2098,48657,5,2022-05-01,46.42134045612955,2.154181654760808,4.37191770968206,101.39389895138227
126,6,2,7436.63,264680.07,0,2621,62371,2,2022-06-01,35.59139959901192,2.8096675356025105,4.24363999294544,100.98438382296834
126,7,2,4077.04,212908.27,0,2429,60371,8,2022-07-01,52.22128554049016,1.9149279640476156,3.5266646237431876,87.65264306298889
126,8,2,4972.8,239499.4,0,3183,40208,7,2022-08-01,48.16188063063063,2.076330880160869,5.956511142061281,75.24329249136035
126,9,2,5899.18,225987.74,0,2359,42839,6,2022-09-01,38.30833098837465,2.610398245497743,5.275280468731763,95.79810936837643
126,10,2,3317.44,202842.18,0,2916,33878,4,2022-10-01,61.14418949551461,1.6354783802855994,5.987430781037841,69.56179012345679
126,11,2,16802.18,483189.02,1,4884,46443,5,2022-11-01,28.757519559961864,3.4773513686217457,10.40391490644446,98.93305077805078
126,12,2,18664.3,502906.91,1,4699,49273,4,2022-12-01,26.944857830189186,3.711283267115976,10.206541310656952,107.02424132794211
126,1,3,18696.26,504851.9,1,4702,58797,7,2023-01-01,27.002828373161268,3.7033157644845938,8.586354745990443,107.36960867715867
126,2,3,2603.74,194294.81,0,2699,38888,6,2023-02-01,74.62143301558528,1.3400975558739834,4.996266457519029,71.98770285290848
126,3,3,5107.71,213542.47,0,2416,58433,6,2023-03-01,41.807868888405956,2.3918942213228123,3.654484110006332,88.38678394039735
126,4,3,4084.01,219687.38,0,3095,37151,8,2023-04-01,53.79207690480679,1.8590098347934232,5.913363839465964,70.98138287560582
126,5,3,4000.82,222951.44,0,2599,42162,2,2023-05-01,55.72643608060348,1.7944804482985175,5.2879711588634315,85.78354751827627
126,6,3,2241.34,204626.38,0,2786,46002,6,2023-06-01,91.29644766077435,1.0953328695938422,4.44820616494935,73.44809045226131
126,7,3,4405.36,204891.95,0,2525,53991,7,2023-07-01,46.509695007899474,2.1500893519730764,3.7949278583467616,81.14532673267327
126,8,3,6064.19,273362.89,0,3669,51425,3,2023-08-01,45.07821984469484,2.2183662164238895,5.315758677685951,74.50610248023985
126,9,3,6001.47,238978.92,0,2889,55819,6,2023-09-01,39.82006408429935,2.5112968122878785,4.281318547448002,82.72029075804777
126,10,3,3394.64,210135.09,0,2598,45776,2,2023-10-01,61.90202495699102,1.6154560383037406,4.5905079080741,80.8834064665127
126,11,3,18167.91,507587.66,1,4875,29099,2,2023-11-01,27.938693003212805,3.5792655006624865,17.443474346197462,104.12054564102563
126,12,3,19755.71,519688.85,1,5114,56579,6,2023-12-01,26.30575413386813,3.80144965588544,9.185189734707222,101.62081540868205
127,1,1,18916.09,506532.56,1,4976,42215,5,2021-01-01,26.777867942053565,3.7344272597204813,11.998876228828616,101.79512861736335
127,2,1,3766.07,218182.96,0,2803,48689,6,2021-02-01,57.9338567790827,1.7261063833765937,4.481155086364477,77.83908669282911
127,3,1,7032.02,234475.46,0,2168,53844,4,2021-03-01,33.343969442635256,2.9990430555078134,4.3547184458806925,108.15288745387454
127,4,1,4831.04,233513.35,0,3253,52486,7,2021-04-01,48.33604151487051,2.0688495968217664,4.449059749266471,71.78399938518291
127,5,1,3177.73,213468.53,0,2365,34233,4,2021-05-01,67.17642153361047,1.4886175493877247,6.235752928460842,90.26153488372093
127,6,1,5446.67,227801.99,0,2199,46191,3,2021-06-01,41.82408517497847,2.3909668216682394,4.93173973284839,103.59344702137335
127,7,1,5156.48,233133.28,0,2978,52571,8,2021-07-01,45.21171031401266,2.2118163481421442,4.434636586711305,78.28518468770987
127,8,1,3803.24,209168.07,0,3321,61798,7,2021-08-01,54.99733648152628,1.8182698726435635,3.384706139357261,62.98345980126468
127,9,1,5956.71,257132.75,0,3027,53562,5,2021-09-01,43.16690757146143,2.3165893881662294,4.800656248833128,84.94639907499175
127,10,1,6191.75,246395.35,0,3464,56718,3,2021-10-01,39.794137360197034,2.512932975399089,4.344217884974787,71.13029734411086
127,11,1,18902.27,524293.1,1,4996,47400,2,2021-11-01,27.737044280924987,3.6052868138070098,11.061035864978903,104.94257405924739
127,12,1,19407.57,505576.58,1,4697,51392,5,2021-12-01,26.050483393850957,3.8387003606852197,9.83765138542964,107.63819033425591
127,1,2,18551.89,493258.42,1,4569,31389,7,2022-01-01,26.58804143405335,3.7610893697465926,15.714371913727739,107.9576318669293
127,2,2,4760.75,208301.42,0,2049,48461,6,2022-02-01,43.753908522816786,2.2855101035797065,4.298331029074927,101.66003904343583
127,3,2,4465.84,207533.87,0,2414,43091,6,2022-03-01,46.471407394801425,2.151860802287357,4.816176695829755,85.97094863297431
127,4,2,5115.6,231902.6,0,2776,53364,3,2022-04-01,45.33243412307451,2.2059261086335384,4.345674986882543,83.53840057636887
127,5,2,2763.42,210652.79,0,2669,37882,2,2022-05-01,76.22901694277381,1.3118364109965028,5.5607621033736345,78.92573623079805
127,6,2,5267.88,239642.79,0,2984,45659,5,2022-06-01,45.49131529192009,2.198221778339336,5.24853347642305,80.30924597855228
127,7,2,7861.65,267609.4,0,2506,42397,8,2022-07-01,34.03985168507884,2.9377331289558586,6.3119890558294225,106.78747007182763
127,8,2,6606.17,239835.8,0,2867,55927,3,2022-08-01,36.304818071590645,2.754455339861689,4.288372342517925,83.65392396232996
127,9,2,4628.59,223534.82,0,2710,44869,5,2022-09-01,48.29436610285206,2.0706349015334613,4.981943435333973,82.48517343173432
127,10,2,3335.81,203680.9,0,2615,53391,5,2022-10-01,61.05890323489647,1.6377627946459388,3.814892023000131,77.88944550669216
127,11,2,19138.63,498873.97,1,4262,36762,8,2022-11-01,26.066336514160103,3.8363657257964374,13.570370763288178,117.05161191928671
127,12,2,19033.57,523488.27,1,5449,55832,3,2022-12-01,27.503420010013887,3.635911459869005,9.376133221091846,96.07052119654983
127,1,3,21155.3,544707.5,1,4818,50015,6,2023-01-01,25.748039498376293,3.883790841873849,10.890882735179446,113.05676629306767
127,2,3,5279.24,222404.85,0,2320,38687,2,2023-02-01,42.12819458861503,2.373707228057302,5.748826479179052,95.86415948275862
127,3,3,4852.45,251899.82,0,3017,42124,7,2023-03-01,51.91188368762172,1.9263411938920796,5.9799596429588835,83.4934769638714
127,4,3,7187.88,269781.94,0,3041,34204,5,2023-04-01,37.53289426089473,2.6643295692810276,7.887438311308619,88.7148766853009
127,5,3,2838.21,206860.51,0,2952,50173,2,2023-05-01,72.88414528875595,1.3720405117438799,4.122944810954099,70.0746985094851
127,6,3,7014.31,275059.44,0,3351,48165,7,2023-06-01,39.21404101044864,2.550106987784168,5.710774213640611,82.08279319606088
127,7,3,4993.18,228751.98,0,2808,54470,5,2023-07-01,45.812884774832874,2.182792035286427,4.199595740774739,81.46438034188034
127,8,3,4850.6,235378.68,0,2856,25704,3,2023-08-01,48.525683420607756,2.0607643818887933,9.157278244631186,82.41550420168068
127,9,3,2558.71,215431.32,0,2857,47757,5,2023-09-01,84.19528590578847,1.1877149524962294,4.510989383755261,75.40473223661184
127,10,3,6430.72,252734.24,0,2652,40057,3,2023-10-01,39.301079816878975,2.5444593498688586,6.309365154654617,95.29948717948717
127,11,3,18926.01,524432.35,1,5109,51154,3,2023-11-01,27.70960968529553,3.6088563186462466,10.252030144270242,102.64872773536895
127,12,3,18834.58,506953.47,1,4729,37013,5,2023-12-01,26.91610165981933,3.7152482652895156,13.696632804690243,107.20098752378938
128,1,1,19784.96,518417.64,1,5259,33974,3,2021-01-01,26.202612489486967,3.816413345811304,15.259246482604345,98.57722760981176
128,2,1,5778.18,238148.81,0,2556,27534,7,2021-02-01,41.215194057644446,2.4262896799694276,8.64926309290332,93.17246087636933
128,3,1,3766.34,214214.27,0,2924,47427,6,2021-03-01,56.875977739662375,1.7582115327797725,4.51671558395007,73.26069425444597
128,4,1,5151.98,234875.26,0,2500,42827,7,2021-04-01,45.5893190579156,2.1934962413665873,5.484280010273893,93.95010400000001
128,5,1,3789.68,203659.5,0,2207,44929,4,2021-05-01,53.74055329209855,1.8607921555341145,4.532918604909969,92.27888536474853
128,6,1,5710.82,243035.39,0,2986,45089,3,2021-06-01,42.55700407297026,2.3497894689328986,5.390125973075473,81.3916242464836
128,7,1,4832.33,218195.27,0,2675,35618,2,2021-07-01,45.15322215163285,2.2146813723322234,6.125983210736145,81.56832523364486
128,8,1,4310.75,220483.92,0,3032,55143,5,2021-08-01,51.14746157861161,1.9551312404097312,3.998402698438605,72.7189709762533
128,9,1,4092.74,207137.22,0,2494,31570,3,2021-09-01,50.61089148101272,1.9758592878672407,6.561204307887235,83.0542181234964
128,10,1,4003.67,221830.61,0,2349,41896,8,2021-10-01,55.40681674563587,1.8048320743471786,5.294792104258163,94.43618986802895
128,11,1,18525.17,496518.51,1,4500,32691,8,2021-11-01,26.802372663786624,3.7310129686806635,15.188232541066348,110.33744666666666
128,12,1,18865.68,504156.98,1,5223,46093,7,2021-12-01,26.723498967437166,3.742024954211683,10.937820927255766,96.5263220371434
128,1,2,19110.97,487917.88,1,4332,39396,2,2022-01-01,25.53077525630567,3.9168414979996227,12.384959894405524,112.63108956602032
128,2,2,4824.71,228266.28,0,2621,43615,2,2022-02-01,47.31191719295045,2.1136323770641905,5.233664564943253,87.09129339946585
128,3,2,4409.16,232304.97,0,2669,39660,4,2022-03-01,52.68689954549166,1.8980050233105215,5.857412254160363,87.0382053203447
128,4,2,4730.88,226662.35,0,2669,44869,8,2022-04-01,47.91124484239719,2.0871926899196094,5.051647016871336,84.9240726863994
128,5,2,6174.0,249909.93,0,2632,45769,7,2022-05-01,40.47779883381924,2.4704900681617574,5.460244488627674,94.95058130699088
128,6,2,4972.48,226569.68,0,2263,35559,7,2022-06-01,45.56472424222923,2.1946802414162385,6.3716549959222695,100.11916924436588
128,7,2,5611.43,242457.08,0,2592,39419,4,2022-07-01,43.20771710597833,2.3144013777613757,6.150766889063649,93.54054012345678
128,8,2,5955.45,236577.58,0,2623,40839,3,2022-08-01,39.72455146126657,2.517334905530778,5.792932735865227,90.19351124666412
128,9,2,5803.98,223560.44,0,2555,37694,3,2022-09-01,38.51847180727708,2.596156994502247,5.9309290603279035,87.49919373776908
128,10,2,4534.32,228159.87,0,3051,39334,4,2022-10-01,50.318431429630024,1.9873433483285206,5.800576346163624,74.78199606686333
128,11,2,18168.33,511976.15,1,4911,42702,5,2022-11-01,28.179593281275714,3.548667257254073,11.989512200833685,104.25089594787212
128,12,2,18106.26,499191.53,1,5010,43992,5,2022-12-01,27.570107244676706,3.627116830287565,11.34732519549009,99.63902794411179
128,1,3,16326.94,476763.8,1,4743,51122,5,2023-01-01,29.201050533657867,3.4245343291583805,9.3260005477094,100.51946025722117
128,2,3,5900.13,217317.37,0,2688,40313,4,2023-02-01,36.832640975707314,2.7149831603428662,5.390751618584575,80.84723586309524
128,3,3,4527.8,240108.68,0,3430,53437,7,2023-03-01,53.02987764477229,1.8857294121978432,4.493303890562719,70.0025306122449
128,4,3,2858.43,225426.68,0,3012,39928,8,2023-04-01,78.86380985366092,1.2680087379186884,5.645829493087557,74.84285524568394
128,5,3,5670.66,251252.43,0,3182,46254,6,2023-05-01,44.30744040376253,2.256957275995301,5.432015177065767,78.96053739786298
128,6,3,4298.06,205655.29,0,1965,42193,5,2023-06-01,47.8483990451506,2.0899340833877895,4.874156613656294,104.65918066157761
128,7,3,3795.49,222724.59,0,3108,30679,3,2023-07-01,58.68137974280001,1.7041180769487554,7.25983865184654,71.6617084942085
128,8,3,4817.37,240828.35,0,3132,58050,3,2023-08-01,49.991665576860406,2.0003334325049353,4.148636520241172,76.89283205619412
128,9,3,4507.22,221075.47,0,3084,49333,7,2023-09-01,49.0491855289957,2.0387698372867873,4.481289806012203,71.68465304798963
128,10,3,4890.21,217604.5,0,2347,47776,7,2023-10-01,44.49798679402316,2.247292680068657,4.554682267247153,92.71602045164039
128,11,3,18548.12,518912.51,1,5265,43396,3,2023-11-01,27.976555575443765,3.574421437633099,11.957611531016683,98.55888129154796
128,12,3,18866.97,497937.15,1,4590,46674,7,2023-12-01,26.392004121488505,3.789026386161386,10.668405322020826,108.48303921568628
129,1,1,17010.84,495585.58,1,4882,32426,5,2021-01-01,29.13351604036015,3.4324727527382857,15.283586628014557,101.51281851700124
129,2,1,6201.17,235893.26,0,2763,40425,7,2021-02-01,38.04012146095011,2.6288033833607622,5.83533110698825,85.37577271082158
129,3,1,6854.76,233868.35,0,2500,30366,7,2021-03-01,34.117656927448955,2.9310336349488932,7.701651518145295,93.54734
129,4,1,4292.33,215771.4,0,2473,45558,5,2021-04-01,50.26906132566695,1.9892951521842097,4.736191228763334,87.25086938940558
129,5,1,5196.39,222963.68,0,2752,48260,4,2021-05-01,42.90741841932572,2.3305993155477163,4.6200513883133025,81.01877906976743
129,6,1,4136.64,212487.81,0,2635,31105,8,2021-06-01,51.36724733116732,1.9467657932942133,6.831307185339978,80.64053510436433
129,7,1,4863.56,218515.82,0,3177,44525,2,2021-07-01,44.92919178544111,2.2257244349631073,4.907710724312184,68.78055398174378
129,8,1,5183.27,216338.34,0,2001,42450,2,2021-08-01,41.73781030121911,2.395909111625799,5.096309540636042,108.1151124437781
129,9,1,5796.34,239512.29,0,2454,43077,5,2021-09-01,41.321297577436795,2.420059530139351,5.560096803398565,97.60077017114915
129,10,1,5223.44,232482.42,0,2578,44600,3,2021-10-01,44.50753143522277,2.2468107480987163,5.2126103139013455,90.17937160589605
129,11,1,17503.38,501837.17,1,5661,44774,8,2021-11-01,28.67087214012379,3.487860414962886,11.208227319426452,88.64814873697226
129,12,1,19701.23,485581.66,1,4145,46210,3,2021-12-01,24.64727633756877,4.057243430487058,10.508151049556373,117.14877201447527
129,1,2,17561.63,503274.48,1,5075,49833,2,2022-01-01,28.657617772382174,3.4894735771223693,10.099220998133767,99.16738522167488
129,2,2,4843.53,231624.67,0,2803,49728,2,2022-02-01,47.82145872948036,2.091111451988253,4.6578320061132565,82.63455940064217
129,3,2,6367.06,253712.91,0,3243,43367,3,2022-03-01,39.84773349081051,2.509553021956983,5.850368021767704,78.23401480111008
129,4,2,6730.01,253352.43,0,2349,50408,7,2022-04-01,37.645178833315256,2.6563826524182144,5.02603614505634,107.85544061302681
129,5,2,3823.4,221769.74,0,3085,26246,8,2022-05-01,58.00327980331642,1.724040439421537,8.44965861464604,71.88646353322528
129,6,2,7417.74,268504.29,0,3475,36355,3,2022-06-01,36.1975871357044,2.7626150777702656,7.385622060239307,77.2674215827338
129,7,2,5815.16,228500.23,0,2493,51761,4,2022-07-01,39.29388529292402,2.5449252283028336,4.414525028496358,91.65673084636984
129,8,2,3777.92,218576.14,0,3000,36731,8,2022-08-01,57.85621188378791,1.7284228736036786,5.950726634178215,72.85871333333334
129,9,2,4803.87,215100.88,0,2472,53421,8,2022-09-01,44.77658221392336,2.2333102495907964,4.02652290297823,87.01491909385113
129,10,2,6163.81,260384.11,0,3215,39670,4,2022-10-01,42.24401952688353,2.367198981535394,6.563753718174943,80.99039191290824
129,11,2,19559.61,514937.51,1,4821,45237,2,2022-11-01,26.326573484849646,3.7984434266596736,11.383104759378385,106.81134826799419
129,12,2,17008.72,485491.87,1,4833,45369,7,2022-12-01,28.54370405297988,3.5033995522932235,10.700960347373757,100.45352162218084
129,1,3,18469.32,507619.54,1,5259,46104,4,2023-01-01,27.48447371099748,3.6384178591706693,11.010314506333506,96.5239665335615
129,2,3,7194.15,250888.16,0,2353,41754,6,2023-02-01,34.873912831953746,2.8674729010727327,6.008721559611056,106.6248023799405
129,3,3,3742.53,217153.88,0,2565,36950,6,2023-03-01,58.0232837144926,1.723446065066855,5.876965629228687,84.66038206627681
129,4,3,3728.86,217264.16,0,2629,37334,6,2023-04-01,58.26557178333324,1.7162793900291702,5.819471795146515,82.64136934195511
129,5,3,7446.7,268923.38,0,2767,39982,2,2023-05-01,36.11309439080398,2.7690786870223034,6.726111250062528,97.18951210697506
129,6,3,4438.34,229067.73,0,3387,30983,2,2023-06-01,51.611127133117336,1.9375666751488738,7.393336022980344,67.6314526129318
129,7,3,4022.6,217289.04,0,3017,53478,4,2023-07-01,54.017063590712475,1.8512668655538262,4.063148210479076,72.02155783891283
129,8,3,5184.34,238114.44,0,3048,50760,6,2023-08-01,45.929557089234116,2.177247209367059,4.690985815602837,78.12153543307086
129,9,3,5699.24,239339.55,0,2820,47152,6,2023-09-01,41.99499406938469,2.381236197694865,5.075915125551408,84.87218085106383
129,10,3,3949.62,211091.25,0,2780,44301,8,2023-10-01,53.445964421893756,1.8710486578671546,4.764931942845534,75.93210431654676
129,11,3,18724.33,520154.71,1,5217,39297,5,2023-11-01,27.77961668054344,3.5997616939775474,13.236499223859328,99.70379720145678
129,12,3,18463.22,514401.85,1,5254,51743,3,2023-12-01,27.860895878400406,3.589260030849423,9.94147710801461,97.9067091739627
130,1,1,21370.92,554339.39,1,5295,32589,3,2021-01-01,25.938957705143252,3.855205021602379,17.010015342600266,104.6911029272899
130,2,1,4606.08,230587.6,0,3122,49710,2,2021-02-01,50.06157079338614,1.9975401973046252,4.63865620599477,73.85893657911595
130,3,1,4267.48,233789.85,0,3185,37214,3,2021-03-01,54.784052883669055,1.8253487052581623,6.282309077229,73.4034065934066
130,4,1,4735.91,212889.96,0,2453,43196,2,2021-04-01,44.95228161008127,2.2245811873890156,4.928464672654875,86.78759070525886
130,5,1,5319.11,220616.25,0,1824,36787,3,2021-05-01,41.476158605481,2.4110236666610008,5.997125343191889,120.95189144736842
130,6,1,3791.03,223266.81,0,3043,39988,4,2021-06-01,58.893443206727454,1.6979818899190615,5.583345253576073,73.37062438383174
130,7,1,6585.7,244174.17,0,2715,52256,2,2021-07-01,37.076418603944916,2.6971321331818183,4.672653283833435,89.93523756906077
130,8,1,5290.03,245560.83,0,3227,61277,3,2021-08-01,46.419553386275695,2.154264586905004,4.007389885275062,76.09570189030059
130,9,1,4449.7,221771.63,0,2427,52152,5,2021-09-01,49.83968132683103,2.0064333747287693,4.252408920079767,91.37685620107128
130,10,1,5936.94,247810.52,0,2912,48126,7,2021-10-01,41.740445414641215,2.3957578556390584,5.149202510077712,85.09976648351648
130,11,1,18368.29,504397.05,1,4944,51666,7,2021-11-01,27.46020723758172,3.6416331142301486,9.762649518058298,102.02205703883494
130,12,1,20461.1,515730.85,1,4292,49668,2,2021-12-01,25.205431281798145,3.967398886454049,10.38356386405734,120.1609622553588
130,1,2,19143.37,509400.45,1,5053,43238,4,2022-01-01,26.609758365428867,3.7580198447017468,11.78131389055923,100.81148822481694
130,2,2,5462.15,236149.73,0,2705,37763,2,2022-02-01,43.23384198529883,2.313002856281055,6.253468474432646,87.30119408502773
130,3,2,6278.59,239101.03,0,2627,45296,3,2022-03-01,38.08196266996252,2.625915078659427,5.278634537265984,91.01676056338029
130,4,2,5764.25,252441.4,0,3054,39358,8,2022-04-01,43.79431842824305,2.283401217074537,6.413979368870369,82.65926653569089
130,5,2,6620.9,270638.19,0,3233,56768,2,2022-05-01,40.87634460571826,2.4464027046589396,4.767442749436302,83.71116300649551
130,6,2,3008.64,206910.82,0,2351,40174,7,2022-06-01,68.77220937034674,1.4540757220912854,5.15036640613332,88.009706507869
130,7,2,2529.25,192056.21,0,2196,30761,2,2022-07-01,75.93405555006424,1.3169321627246524,6.243496960436917,87.45729052823314
130,8,2,4579.29,217676.4,0,2366,31477,2,2022-08-01,47.5349672110742,2.103714504650022,6.915411252660673,92.00185967878275
130,9,2,4357.61,206591.48,0,2052,39290,2,2022-09-01,47.40935512815512,2.109288340448502,5.258118605243065,100.67810916179337
130,10,2,4867.48,226712.73,0,3271,62172,6,2022-10-01,46.57702342896119,2.1469813362487407,3.646540725728624,69.30991439926628
130,11,2,19663.91,536970.19,1,4906,46554,6,2022-11-01,27.30739664695373,3.6620114796316723,11.534351290973921,109.45173053403994
130,12,2,20668.23,516494.42,1,4314,40943,2,2022-12-01,24.989775128300778,4.001636648852857,12.614962753095767,119.72517848864163
130,1,3,21296.95,548897.95,1,5315,50047,6,2023-01-01,25.77354738589328,3.8799470830597933,10.967649409555017,103.27336782690497
130,2,3,7411.18,235438.62,0,2101,39396,2,2023-02-01,31.768034240161484,3.1478183145993635,5.976206213828815,112.06026653974298
130,3,3,5561.98,240995.5,0,2998,24883,8,2023-03-01,43.3290842469768,2.307918612588202,9.685146485552385,80.38542361574383
130,4,3,2373.85,201715.43,0,2649,38485,8,2023-04-01,84.97395791646481,1.1768311427638432,5.2414039236066,76.14776519441298
130,5,3,5354.0,230990.58,0,2686,32825,7,2023-05-01,43.143552484124015,2.3178434375981913,7.03703214013709,85.99798212956068
130,6,3,4057.95,220357.43,0,2846,45305,2,2023-06-01,54.30264788871228,1.8415308256227165,4.8638655777508,77.42706605762473
130,7,3,4255.42,231846.77,0,3094,53277,5,2023-07-01,54.48269971001687,1.8354450225897045,4.351723445389192,74.93431480284421
130,8,3,4229.26,229936.72,0,2986,39322,3,2023-08-01,54.3680738474343,1.8393147471182507,5.847533696149738,77.00492967180175
130,9,3,6007.11,253978.29,0,3350,30506,8,2023-09-01,42.279613657815496,2.3652060969463173,8.325519242116306,75.81441492537314
130,10,3,4193.78,217557.82,0,2703,48123,4,2023-10-01,51.87630729318181,1.9276622646797983,4.520869854331608,80.48753977062523
130,11,3,18697.03,500355.88,1,4409,31067,5,2023-11-01,26.76124924653809,3.7367463334297177,16.10570315769144,113.48511680653209
130,12,3,18399.07,506284.3,1,4987,38377,4,2023-12-01,27.516841883856085,3.6341379734666868,13.192388670297314,101.52081411670342
131,1,1,19005.68,514789.39,1,4921,38982,5,2021-01-01,27.08608110838444,3.69193312239788,13.205822943922836,104.6107274944117
131,2,1,4670.03,243376.03,0,3082,43635,5,2021-02-01,52.11444680226894,1.9188537178455904,5.577541652343302,78.96691434133679
131,3,1,3844.98,201116.95,0,2422,30010,8,2021-03-01,52.306370904400026,1.9118130023352085,6.701664445184939,83.03755161023948
131,4,1,3360.54,232578.09,0,3154,43841,7,2021-04-01,69.20854684068632,1.44490824565633,5.305036153372414,73.74067533291058
131,5,1,5210.91,216192.05,0,2155,44306,8,2021-05-01,41.488348484237875,2.410315272925161,4.879520832392903,100.32113689095127
131,6,1,6517.93,251063.44,0,3127,44860,4,2021-06-01,38.518891734032124,2.5961286916167485,5.596599197503344,80.28891589382795
131,7,1,2754.89,183459.62,0,2158,46900,6,2021-07-01,66.59417254409432,1.5016328933854763,3.911718976545842,85.01372567191844
131,8,1,5997.79,234281.66,0,2505,57443,2,2021-08-01,39.061330923556845,2.560076618886856,4.078506693591908,93.5256127744511
131,9,1,5054.87,235765.5,0,2988,28684,8,2021-09-01,46.64125882564735,2.1440244649874556,8.219408032352531,78.90411646586345
131,10,1,5299.59,230032.23,0,2584,44693,6,2021-10-01,43.405665343922834,2.30384672617398,5.146940907972166,89.02176083591331
131,11,1,21007.25,549899.0,1,5344,47549,8,2021-11-01,26.176629496959382,3.8202015279169452,11.564890954594208,102.9002619760479
131,12,1,16881.58,498984.75,1,5696,39624,7,2021-12-01,29.557941259052765,3.3831855582760797,12.59299288310115,87.60265976123596
131,1,2,19038.85,515069.58,1,4909,56675,7,2022-01-01,27.053607754670058,3.6963646736815634,9.088126687251876,104.92352413933591
131,2,2,5302.82,243386.65,0,2840,43627,5,2022-02-01,45.89758845293636,2.178763707869762,5.578807848350792,85.69952464788732
131,3,2,6746.68,253791.1,0,3414,45262,3,2022-03-01,37.61718356287833,2.6583595721047746,5.607156113295922,74.33834212067956
131,4,2,6902.34,271599.19,0,3516,55753,2,2022-04-01,39.34885705427435,2.541369876692195,4.871472207773572,77.24664106939704
131,5,2,5152.91,211619.8,0,1955,36687,4,2022-05-01,41.06801787727711,2.4349848171106863,5.768250333905743,108.24542199488491
131,6,2,4794.07,215890.69,0,2673,49902,8,2022-06-01,45.03286143089275,2.2206006196932346,4.326293334936476,80.76718668163113
131,7,2,5835.9,247563.17,0,3154,49119,6,2022-07-01,42.42073544783153,2.3573377251551593,5.040069423237444,78.4918103994927
131,8,2,6512.89,243141.5,0,3332,46209,4,2022-08-01,37.33235169026346,2.6786418608094467,5.261778008613041,72.97163865546219
131,9,2,6226.54,255525.19,0,2983,41817,4,2022-09-01,41.03807090294128,2.4367617141777687,6.110557667934094,85.66047267851157
131,10,2,5727.44,218890.68,0,1997,50723,6,2022-10-01,38.217891413965056,2.6165755435544353,4.315412731896773,109.60975463194792
131,11,2,18432.51,506536.15,1,4665,32275,2,2022-11-01,27.480584575839107,3.6389327790326513,15.694381099922541,108.58224008574491
131,12,2,19017.05,513098.23,1,5107,36520,3,2022-12-01,26.980958140195245,3.706317599263595,14.049787239868564,100.46959663207362
131,1,3,19181.34,512898.19,1,4626,32283,5,2023-01-01,26.739434784014048,3.7397948314069893,15.887562803952544,110.87293341980113
131,2,3,3276.92,196574.41,0,2508,46368,8,2023-02-01,59.987552335729895,1.6670125068669925,4.239441209454797,78.37895135566188
131,3,3,3672.91,211785.73,0,2813,47098,4,2023-03-01,57.66156263017608,1.7342575441697605,4.496703257038516,75.28820831852116
131,4,3,4938.59,238520.23,0,3183,38495,6,2023-04-01,48.29723261092741,2.070512006465867,6.196135342252241,74.93566760917373
131,5,3,4155.94,229946.1,0,2700,47144,4,2023-05-01,55.32950427580764,1.8073539842597894,4.87752630239267,85.16522222222223
131,6,3,6355.33,242874.68,0,3401,51743,6,2023-06-01,38.2159038161669,2.616711630870703,4.6938654503990875,71.4127256689209
131,7,3,4474.52,223213.47,0,2420,42511,8,2023-07-01,49.88545587012685,2.0045922855820484,5.250722636494084,92.23697107438016
131,8,3,4928.72,222662.42,0,2951,47848,5,2023-08-01,45.176520475904496,2.213539222289958,4.65353661595051,75.45320908166724
131,9,3,2864.54,188820.22,0,1719,55254,3,2023-09-01,65.91641939019878,1.51707269486287,3.417313135700583,109.8430599185573
131,10,3,6361.72,242394.74,0,2967,51143,6,2023-10-01,38.10207616808033,2.624528898605638,4.739548716344368,81.69691270643747
131,11,3,16325.83,475635.65,1,4650,42450,2,2023-11-01,29.13393377243301,3.4324235367975464,11.204608951707892,102.28723655913979
131,12,3,19892.79,538913.53,1,5372,52126,5,2023-12-01,27.090897254734003,3.6912767805254396,10.338670337259718,100.3189743112435
132,1,1,20759.72,504937.58,1,3901,57907,6,2021-01-01,24.322947515669767,4.111343821943299,8.719802096465022,129.43798513201745
132,2,1,4073.99,204165.13,0,2098,59291,3,2021-02-01,50.11429335859931,1.9954386921997893,3.443442175034997,97.31417063870353
132,3,1,5291.72,229246.21,0,3010,51183,5,2021-03-01,43.32168179722283,2.3083129705830254,4.47895219115722,76.16153156146179
132,4,1,2837.56,220876.18,0,3082,50780,5,2021-04-01,77.84017959091614,1.2846835724884411,4.3496687672311936,71.6665087605451
132,5,1,5912.11,227516.89,0,1805,53275,5,2021-05-01,38.483196354600985,2.5985367503924652,4.270612670107931,126.04813850415513
132,6,1,4868.42,234262.67,0,2785,48608,6,2021-06-01,48.118829106773866,2.0781885564610016,4.819426226135616,84.11585996409336
132,7,1,4186.59,232498.88,0,3674,34270,6,2021-07-01,55.53418892224937,1.800692545271616,6.784326816457543,63.28222101252042
132,8,1,5798.68,226197.54,0,2648,37588,7,2021-08-01,39.00845364807163,2.5635468891483084,6.017812599765883,85.42203172205438
132,9,1,5586.71,248274.68,0,2980,50107,7,2021-09-01,44.440230475539266,2.2502133524046832,4.954890135110863,83.31365100671141
132,10,1,5428.2,240719.38,0,2821,42228,3,2021-10-01,44.346077889539814,2.2549908528345326,5.7004684095860565,85.33122297057781
132,11,1,17347.56,504048.42,1,5355,31300,3,2021-11-01,29.05586837572546,3.441645546671886,16.10378338658147,94.12668907563025
132,12,1,17980.96,510767.21,1,5290,42804,2,2021-12-01,28.406003350210447,3.520382602477555,11.932698112325951,96.55334782608696
132,1,2,20329.07,529838.14,1,4946,56411,6,2022-01-01,26.06307814376162,3.8368453429947493,9.392461399372463,107.12457339264051
132,2,2,4363.47,230498.88,0,3530,46925,8,2022-02-01,52.824673940693984,1.8930547515024803,4.91206989877464,65.29713314447592
132,3,2,3200.79,200142.09,0,2518,44949,5,2022-03-01,62.52896628644803,1.5992588065808646,4.452648334779417,79.48454725972994
132,4,2,4971.87,233548.54,0,2885,50149,7,2022-04-01,46.97398363191314,2.1288379708988976,4.657092663861692,80.95270017331023
132,5,2,5366.76,227723.56,0,2304,37705,8,2022-05-01,42.43222353896951,2.356699500042947,6.039611722583212,98.83835069444444
132,6,2,6676.35,248750.22,0,2460,43107,8,2022-06-01,37.25841515199173,2.683957425243684,5.770529612359941,101.1179756097561
132,7,2,4743.77,228344.8,0,2734,36793,2,2022-07-01,48.13572327494798,2.0774591757727787,6.20620226673552,83.52040965618141
132,8,2,4517.78,224592.48,0,3026,48103,8,2022-08-01,49.71301834086654,2.0115455334924834,4.668991123214768,74.22091209517515
132,9,2,2844.5,216432.48,0,3618,40548,4,2022-09-01,76.08805765512393,1.3142666941671601,5.337685705830127,59.82102819237148
132,10,2,6580.86,256062.04,0,3175,40392,8,2022-10-01,38.910118130457114,2.5700256078565955,6.339424638542286,80.64946141732284
132,11,2,18888.01,523490.62,1,5443,38938,3,2022-11-01,27.7154988799773,3.6080894820999845,13.444209255739894,96.1768546757303
132,12,2,19652.96,508175.51,1,4928,47339,5,2022-12-01,25.857454042546266,3.867356772072703,10.73481716977545,103.12003043831169
132,1,3,19305.25,510158.72,1,4863,40850,8,2023-01-01,26.42590590642442,3.7841654456087706,12.488585556915544,104.90617314414969
132,2,3,3584.85,202934.89,0,1997,43107,7,2023-02-01,56.60903245603024,1.7665025467035262,4.7077015333936485,101.61987481221833
132,3,3,4976.07,224637.81,0,3122,27601,6,2023-03-01,45.14361936226781,2.2151524714383566,8.138756204485345,71.95317424727739
132,4,3,4873.46,228324.24,0,3113,53394,6,2023-04-01,46.85054150439318,2.1344470477598,4.276215305090459,73.34540314808866
132,5,3,7185.02,238410.47,0,1875,51512,7,2023-05-01,33.18160144300224,3.0137183153072096,4.62825108712533,127.15225066666667
132,6,3,4881.76,224922.14,0,2362,51700,2,2023-06-01,46.073985611746586,2.1704221736464,4.3505249516441005,95.22529212531754
132,7,3,6193.68,242720.68,0,2921,45744,6,2023-07-01,39.188443703904625,2.5517726796085114,5.306065932144106,83.09506333447449
132,8,3,4084.75,204010.36,0,2430,25007,8,2023-08-01,49.944393169716626,2.0022267496611446,8.158130123565401,83.95488065843621
132,9,3,5820.62,246431.47,0,2967,42313,8,2023-09-01,42.337666777765946,2.361962942476462,5.824013187436485,83.05745534209639
132,10,3,6055.6,238894.3,0,2753,58491,3,2023-10-01,39.450145320034345,2.5348449083967264,4.084291600417158,86.77598982927715
132,11,3,17680.75,501644.68,1,4851,51307,4,2023-11-01,28.372364294501082,3.5245564649464636,9.777314596448827,103.4105710162853
132,12,3,20940.32,561873.41,1,5502,54451,3,2023-12-01,26.832131027606074,3.7268750624807105,10.318881379588989,102.12166666666667
133,1,1,16758.98,498632.68,1,5691,47725,5,2021-01-01,29.7531639753732,3.360987089735073,10.448039392352017,87.61776137761377
133,2,1,2641.09,203526.17,0,3007,45348,6,2021-02-01,77.06142918264807,1.2976660446172599,4.488095836641087,67.68412703691388
133,3,1,5253.79,247033.25,0,3058,36792,4,2021-03-01,47.020008412974256,2.1267541919964215,6.714319689062839,80.7826193590582
133,4,1,5060.05,245171.14,0,3485,41977,3,2021-04-01,48.45231568858016,2.0638848438686543,5.84060652261953,70.35039885222382
133,5,1,2188.42,204667.26,0,3059,49299,4,2021-05-01,93.52284296433044,1.0692574865173843,4.151549930018865,66.90659038901602
133,6,1,2145.55,199150.61,0,2994,43118,8,2021-06-01,92.82030714735149,1.077350453508528,4.618734867108864,66.51656980627922
133,7,1,4213.88,199415.38,0,2515,58423,2,2021-07-01,47.32345961441712,2.1131168518697003,3.4133026376598257,79.29040954274355
133,8,1,4752.45,236506.78,0,3036,50569,7,2021-08-01,49.76523266946523,2.0094349937874934,4.676912337598133,77.90078392621871
133,9,1,3104.03,193966.82,0,2660,53537,5,2021-09-01,62.48870661688192,1.6002891628578537,3.6230423819041038,72.91985714285714
133,10,1,3534.28,214864.35,0,3612,52457,7,2021-10-01,60.79437678961486,1.644888972972948,4.096009112225251,59.486254152823925
133,11,1,18660.48,509696.31,1,5083,35861,5,2021-11-01,27.314212174606443,3.661097723073569,14.213109227294275,100.2747019476687
133,12,1,18618.86,507481.03,1,5450,59678,5,2021-12-01,27.25628905314289,3.6688780268298893,8.50365344012869,93.11578532110093
133,1,2,20181.45,523270.32,1,5155,58051,5,2022-01-01,25.928281664597936,3.8567924127628714,9.013975986632444,101.50733656644034
133,2,2,4727.08,226337.3,0,2808,35704,8,2022-02-01,47.88099630215693,2.0885112617319375,6.339270109791619,80.60445156695157
133,3,2,2784.81,206574.83,0,3043,59224,5,2022-03-01,74.1791468717794,1.3480877607402606,3.4880256315007427,67.88525468287874
133,4,2,4743.39,241364.43,0,2919,46615,3,2022-04-01,50.884373833903595,1.9652398657084644,5.1778275233294,82.68736896197328
133,5,2,2787.17,207451.86,0,2854,44161,6,2022-05-01,74.43100349099623,1.3435261558994942,4.697625959557075,72.68810791871057
133,6,2,4677.25,227140.23,0,2898,36525,2,2022-06-01,48.56277299695334,2.059190483341502,6.218760574948665,78.37827122153209
133,7,2,4502.09,215197.08,0,2550,38653,3,2022-07-01,47.79937318001195,2.092077643432708,5.567409515432178,84.39101176470588
133,8,2,5988.58,237706.08,0,2455,43960,5,2022-08-01,39.69322944671357,2.5193213400347183,5.407326660600545,96.82528716904277
133,9,2,5537.84,237225.65,0,2705,47467,4,2022-09-01,42.8372163153865,2.3344187274858346,4.997696294267596,87.69894639556377
133,10,2,5095.58,232225.33,0,3055,43735,3,2022-10-01,45.573875790390886,2.1942395345072825,5.309828055333257,76.0148379705401
133,11,2,18609.58,505423.58,1,4379,47742,6,2022-11-01,27.159322241555156,3.6819770062963824,10.586560680323405,115.41986298241608
133,12,2,17780.02,480830.74,1,4711,30828,4,2022-12-01,27.043318286481117,3.697771070127505,15.597208381990399,102.06553597962215
133,1,3,19936.22,519264.83,1,5135,38983,7,2023-01-01,26.046303160779726,3.839316442825523,13.320289100377089,101.12265433300877
133,2,3,6161.31,222402.73,0,2476,49275,4,2023-02-01,36.096662885003354,2.770339195026968,4.51350035514967,89.82339660743135
133,3,3,5860.77,266823.38,0,2912,27419,8,2023-03-01,45.52701778094004,2.1964979230830526,9.731331558408403,91.62890796703297
133,4,3,4084.27,218211.79,0,2704,35023,3,2023-04-01,53.42736645716371,1.8716999663492058,6.230528224309739,80.69962647928995
133,5,3,5226.71,226923.28,0,2531,37601,5,2023-05-01,43.4160839227736,2.3032938709505695,6.03503311082152,89.65755827736072
133,6,3,4296.15,207604.39,0,2447,39639,3,2023-06-01,48.32335695913784,2.069392655906746,5.237377078130125,84.84037188393953
133,7,3,2898.8,208291.14,0,2517,50149,8,2023-07-01,71.85426383331034,1.3917058594042935,4.153445532313706,82.75373063170441
133,8,3,4240.23,217933.91,0,2966,33934,2,2023-08-01,51.39671904590082,1.9456494861217328,6.422287676077091,73.47738031018207
133,9,3,4613.49,218780.76,0,3070,42026,7,2023-09-01,47.421964716516136,2.1087274767671524,5.205843049540761,71.26409120521173
133,10,3,4109.1,231360.09,0,3362,50298,2,2023-10-01,56.3043221143316,1.776062587112583,4.599787069068353,68.81620761451516
133,11,3,22410.32,559916.88,1,5389,45445,7,2023-11-01,24.984778441360945,4.002436933139076,12.32075871933106,103.89995917609946
133,12,3,16085.39,483797.85,1,4766,37084,4,2023-12-01,30.076849240211146,3.3248163463314273,13.045999622478696,101.51024968527067
134,1,1,17742.88,487912.0,1,4858,52002,8,2021-01-01,27.49903059706203,3.636491826394924,9.382562209145803,100.43474680938658
134,2,1,4096.43,223741.83,0,3497,44439,6,2021-02-01,54.618736314302936,1.8308735563662817,5.0348079389725235,63.98107806691449
134,3,1,5359.37,246394.67,0,2743,57063,8,2021-03-01,45.974558576847656,2.1751160445150863,4.317941047614041,89.82671162960263
134,4,1,8284.78,277882.02,0,3358,47672,3,2021-04-01,33.5412672394439,2.98140196332242,5.82904052693405,82.75223942823109
134,5,1,4539.06,236461.61,0,3239,41856,2,2021-05-01,52.09484122263199,1.9195758668817322,5.649407731269113,73.00451065143562
134,6,1,5624.49,248904.25,0,3756,52614,8,2021-06-01,44.253656775992134,2.2597002662670485,4.730760824115254,66.26843716719915
134,7,1,5772.95,239588.35,0,2875,36935,2,2021-07-01,41.50189244666938,2.4095286769995283,6.486756464058481,83.33507826086957
134,8,1,5323.24,250772.92,0,3465,57183,8,2021-08-01,47.10907642713836,2.1227331882565306,4.385445324659427,72.37313708513709
134,9,1,4282.44,216706.12,0,2564,42822,3,2021-09-01,50.603422348007214,1.97615092734806,5.060625846527485,84.51876755070202
134,10,1,6218.83,232992.67,0,2135,49614,4,2021-10-01,37.465676019444174,2.669109719202754,4.696107348732213,109.130056206089
134,11,1,18127.98,494729.22,1,3921,42976,4,2021-11-01,27.290918237994525,3.66422262262981,11.5117558637379,126.17424636572302
134,12,1,19764.86,499030.95,1,4026,38469,7,2021-12-01,25.24839285479381,3.96064813214491,12.972288076113234,123.95204918032788
134,1,2,20346.34,527497.47,1,4688,61259,6,2022-01-01,25.925914439648604,3.8571445660203834,8.610938311105306,112.52079138225255
134,2,2,7388.66,246747.74,0,2864,55112,7,2022-02-01,33.395465483592425,2.994418510175615,4.47720532733343,86.15493715083798
134,3,2,6070.35,245029.33,0,2785,44654,5,2022-03-01,40.364942713352605,2.477397297703096,5.487287365073677,87.98180610412926
134,4,2,6713.68,255230.88,0,3570,53802,3,2022-04-01,38.016539364402234,2.6304340603300043,4.743892048622728,71.49324369747899
134,5,2,3623.59,200565.59,0,2477,39210,6,2022-05-01,55.34996784956355,1.8066857829401344,5.115164243815353,80.97117077109407
134,6,2,5169.8,228594.72,0,2351,67024,6,2022-06-01,44.217323687570115,2.2615570473368765,3.41063977082836,97.23297320289238
134,7,2,3878.68,202867.13,0,2343,52674,3,2022-07-01,52.30313663411264,1.9119312231606962,3.851371264760603,86.58434912505335
134,8,2,6601.9,255214.56,0,2887,38655,2,2022-08-01,38.65774398279284,2.586803824985534,6.602368645712068,88.40130239002424
134,9,2,4351.08,224811.44,0,2524,52980,5,2022-09-01,51.66796289656821,1.9354353141459348,4.243326538316346,89.0695087163233
134,10,2,4161.85,196949.3,0,1818,50878,4,2022-10-01,47.3225368526016,2.113158056413504,3.8710110460316836,108.33294829482948
134,11,2,19150.09,531959.05,1,5783,40750,2,2022-11-01,27.778409918700124,3.599918076400806,13.054209815950921,91.98669375756529
134,12,2,20685.15,538847.43,1,4899,42578,7,2022-12-01,26.0499648298417,3.8387767758305906,12.655536427262907,109.99131047152481
134,1,3,19910.43,529754.75,1,4800,36632,2,2023-01-01,26.606896485912156,3.758424063210382,14.461529537016816,110.36557291666666
134,2,3,5545.83,251356.64,0,3021,32065,6,2023-02-01,45.32353858664979,2.2063590601783982,7.83897208794636,83.20312479311487
134,3,3,6038.53,235942.58,0,2869,60838,5,2023-03-01,39.07285051163114,2.5593218485616287,3.8782106578125513,82.2386127570582
134,4,3,7159.67,267927.67,0,3223,49902,2,2023-04-01,37.42179038978053,2.672239862347924,5.369076790509398,83.12990071362084
134,5,3,4208.55,228763.49,0,2638,41071,3,2023-05-01,54.356842618003824,1.839694786960979,5.569951790801295,86.71853297952994
134,6,3,4706.57,236558.8,0,3310,33027,4,2023-06-01,50.261400552844215,1.989598357786732,7.162588185424046,71.46791540785497
134,7,3,6040.27,248025.8,0,2487,48505,8,2023-07-01,41.06203861747902,2.4353393880797887,5.113406865271621,99.72891033373541
134,8,3,3987.06,214976.19,0,2512,45292,8,2023-08-01,53.918473762622085,1.8546519035433644,4.746449483352468,85.57969347133758
134,9,3,5880.33,236440.63,0,2931,52678,7,2023-09-01,40.20873488392658,2.487021794858185,4.488413189566802,80.66892869327874
134,10,3,6783.83,241869.57,0,2259,49160,7,2023-10-01,35.65383713919718,2.8047472032136986,4.92004820992677,107.06930942895086
134,11,3,19438.93,497925.39,1,4389,61678,2,2023-11-01,25.614855858835853,3.9039844905277876,8.07298210058692,113.44848257006151
134,12,3,19613.52,515031.2,1,5006,50495,6,2023-12-01,26.258988697592272,3.80821977387001,10.19964748985048,102.88278066320416
135,1,1,19875.27,518894.55,1,4977,40071,3,2021-01-01,26.10754721822647,3.8303100311999807,12.94937860297971,104.25849909584086
135,2,1,4353.06,210866.26,0,2332,47222,8,2021-02-01,48.44092661254382,2.0643700893637513,4.465424166701961,90.42292452830189
135,3,1,4417.91,235196.99,0,2345,36908,2,2021-03-01,53.237161915928574,1.8783871341210616,6.372520591741628,100.29722388059702
135,4,1,2872.96,212326.85,0,3037,35786,2,2021-04-01,73.90525799175764,1.353083700907351,5.933237858380372,69.91335199209746
135,5,1,2734.0,192190.55,0,2641,55651,4,2021-05-01,70.29647037307973,1.4225465299932802,3.453496792510467,72.77188564937524
135,6,1,3707.42,211233.55,0,2529,48536,3,2021-06-01,56.97588889308467,1.7551283875123058,4.3521005027196304,83.524535389482
135,7,1,6654.79,242592.11,0,2265,45049,2,2021-07-01,36.45375887142945,2.74320133494861,5.385072032675531,107.10468432671081
135,8,1,4919.07,229731.33,0,2473,56944,8,2021-08-01,46.70218760863334,2.141227319756517,4.034337770441135,92.89580671249495
135,9,1,5301.23,236017.41,0,2554,45726,7,2021-09-01,44.52125450131385,2.2461181995006214,5.161558194462669,92.41088880187941
135,10,1,5240.0,223115.89,0,2602,40591,2,2021-10-01,42.57936832061069,2.3485552732259456,5.496683747628785,85.74784396617987
135,11,1,18801.87,503846.99,1,4392,47825,2,2021-11-01,26.797706291980532,3.731662662110971,10.535221955044433,114.71926001821494
135,12,1,17527.02,494967.51,1,5264,43711,7,2021-12-01,28.240254760934832,3.541044542499365,11.323637299535585,94.02878229483282
135,1,2,17980.56,509903.26,1,5233,46091,3,2022-01-01,28.358586161943787,3.526268884807679,11.062968041483153,97.4399503153067
135,2,2,6075.62,239202.76,0,2711,51021,2,2022-02-01,39.370921815386744,2.5399456093232367,4.688319711491347,88.23414238288454
135,3,2,2295.64,197002.32,0,3179,46107,3,2022-03-01,85.81585962955864,1.1652857692234282,4.272720411217386,61.9699024850582
135,4,2,4986.22,224870.66,0,2433,42450,4,2022-04-01,45.09842325448937,2.2173724219958264,5.297306478209658,92.42526099465681
135,5,2,6961.55,253163.95,0,2914,39520,6,2022-05-01,36.36603199000223,2.7498188426906753,6.405970394736842,86.8785003431709
135,6,2,4892.9,220120.71,0,2534,39517,5,2022-06-01,44.987780253019686,2.2228258304273143,5.570278867322924,86.86689423835833
135,7,2,6205.05,245185.75,0,2107,33345,5,2022-07-01,39.51390399755038,2.5307547441072735,7.352998950367372,116.3672282866635
135,8,2,4215.82,210678.75,0,2890,37072,6,2022-08-01,49.97337410041226,2.0010656034365115,5.68296153431161,72.8992214532872
135,9,2,7290.89,246209.91,0,2188,47042,7,2022-09-01,33.76952745138111,2.9612496101395758,5.233831682326432,112.52738117001829
135,10,2,4541.53,211176.49,0,2256,44024,2,2022-10-01,46.49897501502797,2.1505850390827126,4.796849218608032,93.60660017730495
135,11,2,19487.56,532674.57,1,5137,35284,3,2022-11-01,27.334082358181316,3.6584363319615587,15.096773891848995,103.69370644344947
135,12,2,18534.2,507208.13,1,5124,53344,3,2022-12-01,27.366065435788972,3.6541606697037765,9.508250787342531,98.98675448868072
135,1,3,20034.68,533429.21,1,5539,34027,2,2023-01-01,26.6252922432502,3.755827319617537,15.676645311076497,96.30424444845639
135,2,3,4998.12,236996.14,0,2685,42877,2,2023-02-01,47.417056813361825,2.1089457406352694,5.527348928329874,88.26671880819367
135,3,3,5311.97,247658.62,0,3169,45091,6,2023-03-01,46.622744480861144,2.144875877932293,5.49241799915726,78.1504007573367
135,4,3,5442.42,206306.51,0,2388,58908,2,2023-04-01,37.90712771156949,2.638026303677959,3.5021815373124197,86.39301088777219
135,5,3,4173.98,235937.78,0,3463,45040,8,2023-05-01,56.525853022774434,1.7691020064696714,5.238405417406749,68.13103667340457
135,6,3,4144.23,211384.74,0,2444,40384,3,2023-06-01,51.00700009410675,1.960515219783604,5.234368561806656,86.49130114566285
135,7,3,6535.17,247264.55,0,2593,51822,2,2023-07-01,37.83597825305233,2.642987035545532,4.771420439195708,95.35848438102583
135,8,3,4885.97,223695.13,0,2957,49884,8,2023-08-01,45.783156671039734,2.184209374607306,4.4843061903616395,75.64935069327021
135,9,3,6289.85,255191.18,0,3522,52420,7,2023-09-01,40.57190235061249,2.464759949775694,4.868202594429607,72.4563259511641
135,10,3,5467.17,218272.01,0,1860,35167,7,2023-10-01,39.92413076600874,2.504750838185803,6.206728182671254,117.35054301075269
135,11,3,17202.57,482611.73,1,4832,25035,2,2023-11-01,28.054629628014883,3.564474075257143,19.277480726982223,99.8782553807947
135,12,3,17614.89,503983.36,1,5340,36766,8,2023-12-01,28.611212445834177,3.4951332520184795,13.707864875156394,94.3789063670412
136,1,1,17301.16,487245.44,1,5348,41778,4,2021-01-01,28.162587942080183,3.5508100393920565,11.66272775144813,91.10797307404637
136,2,1,5039.5,211963.67,0,2184,31782,4,2021-02-01,42.06045639448358,2.377530073903702,6.669299288905671,97.05296245421246
136,3,1,6221.79,241893.76,0,2235,48038,7,2021-03-01,38.87848352323046,2.5721167838310506,5.035466922020068,108.22987024608501
136,4,1,5540.41,226461.8,0,2432,47208,7,2021-04-01,40.87455621515375,2.446509742481955,4.79710642264023,93.11751644736842
136,5,1,5145.88,245380.96,0,2865,34987,7,2021-05-01,47.6849362985534,2.0970983241731553,7.013489581844685,85.64780453752181
136,6,1,5101.36,239294.48,0,3260,50286,4,2021-06-01,46.90797748051501,2.1318335466827314,4.758670007556775,73.40321472392638
136,7,1,5456.01,232991.72,0,2220,38315,5,2021-07-01,42.703682727854236,2.3417184095640824,6.080953151507242,104.95122522522523
136,8,1,5175.93,229939.71,0,3094,54461,6,2021-08-01,44.424810613744775,2.2509944019673678,4.222098565946274,74.31794117647058
136,9,1,4353.12,221489.13,0,2780,39201,6,2021-09-01,50.88054774506561,1.9653876467888063,5.650088773245581,79.67234892086331
136,10,1,5938.19,235863.53,0,3077,39071,3,2021-10-01,39.71976814483875,2.5176380596016688,6.036792761895011,76.65373090672733
136,11,1,17236.19,481783.97,1,5122,44272,7,2021-11-01,27.9518832178109,3.577576481010773,10.882362893024936,94.06168879344006
136,12,1,18728.48,509863.74,1,5300,41872,5,2021-12-01,27.22397866778297,3.6732323816555383,12.176722869698127,96.20070566037735
136,1,2,18240.27,512378.55,1,5365,47393,7,2022-01-01,28.090513462794135,3.5599206875463465,10.81127065178402,95.50392357875116
136,2,2,3789.58,202182.59,0,2332,49012,8,2022-02-01,53.352242200982694,1.8743354707247541,4.125165061617563,86.69922384219554
136,3,2,5146.97,218783.12,0,2253,43747,3,2022-03-01,42.507168295132864,2.35254438276591,5.001099961140192,97.10746560142033
136,4,2,4995.84,232542.78,0,2843,45828,5,2022-04-01,46.54728333973866,2.148353090128191,5.074251112856769,81.79485754484699
136,5,2,5607.79,221383.47,0,2384,45852,4,2022-05-01,39.477845996372906,2.5330662673233912,4.8282183983250455,92.86219379194631
136,6,2,6518.07,243981.07,0,3271,25438,5,2022-06-01,37.43148968943261,2.671547427839381,9.591204890321567,74.58913787832468
136,7,2,4607.78,224194.18,0,2320,47392,3,2022-07-01,48.65557383382019,2.0552629867554995,4.7306334402430785,96.6354224137931
136,8,2,4473.55,214033.39,0,2481,41802,2,2022-08-01,47.8441930904986,2.0901178082541234,5.120171044447634,86.26900040306329
136,9,2,6189.86,220458.76,0,2026,44802,8,2022-09-01,35.61611409628005,2.807717869773013,4.920734788625508,108.81478775913129
136,10,2,5444.49,235520.88,0,2544,54627,8,2022-10-01,43.25857518335051,2.3116803911398427,4.3114372013839315,92.57896226415095
136,11,2,19083.09,509164.32,1,5181,48662,6,2022-11-01,26.681439955478908,3.747923656551582,10.463283876536106,98.27529820497973
136,12,2,18677.42,516680.44,1,5255,40467,4,2022-12-01,27.66337320679195,3.6148881502075048,12.767945239330812,98.3216822074215
136,1,3,18159.97,504784.67,1,4671,40917,8,2023-01-01,27.79655858462321,3.5975676519653423,12.336795708385267,108.06779490473131
136,2,3,7028.93,235395.31,0,2405,37083,3,2023-02-01,33.48949413353099,2.986011063686868,6.347795755467465,97.87746777546778
136,3,3,6812.34,257169.94,0,2789,59811,8,2023-03-01,37.75060258295974,2.648964338522613,4.2997097523866845,92.2086554320545
136,4,3,2335.9,195823.9,0,2797,43954,2,2023-04-01,83.83231302709876,1.1928574601976571,4.4552008918414705,70.01212012870933
136,5,3,5274.21,240387.68,0,2892,46853,3,2023-05-01,45.57795006266341,2.1940433885796478,5.1306785051117325,83.12160442600276
136,6,3,4883.22,236719.15,0,3265,49324,8,2023-06-01,48.47603630391421,2.062874930059524,4.799269118481875,72.50203675344564
136,7,3,5720.98,228441.11,0,2659,48553,3,2023-07-01,39.930415767927876,2.504356593259418,4.704984449982493,85.91241444151936
136,8,3,4878.77,244733.27,0,2858,57416,3,2023-08-01,50.16290376467838,1.9935050105774343,4.262457677302494,85.63095521343597
136,9,3,4517.23,209932.34,0,2865,44547,7,2023-09-01,46.47368852150544,2.151755179787926,4.712603317844075,73.2748132635253
136,10,3,5827.34,250994.59,0,3152,62541,6,2023-10-01,43.07189729790951,2.321699443800761,4.0132807278425355,79.6302633248731
136,11,3,19405.9,504017.12,1,4926,54262,7,2023-11-01,25.972365105457616,3.8502461979862908,9.288583539124986,102.3177263499797
136,12,3,20047.41,529232.49,1,4788,47938,2,2023-12-01,26.39904556249411,3.788015735768603,11.039936793358088,110.5331015037594
137,1,1,17767.37,493989.18,1,4368,33177,7,2021-01-01,27.803168392395726,3.5967123814331314,14.889507188715074,113.09276098901098
137,2,1,4843.16,220607.61,0,2147,44212,5,2021-02-01,45.55034522914791,2.1953730426615836,4.989767710123948,102.75156497438286
137,3,1,5217.02,233629.84,0,2387,29265,7,2021-03-01,44.7822396693898,2.233028109765431,7.983250982402187,97.87592794302472
137,4,1,5607.03,245671.58,0,2656,51205,7,2021-04-01,43.81492162517411,2.2823274877786024,4.797804511278195,92.49682981927711
137,5,1,4729.34,230883.64,0,2777,31160,5,2021-05-01,48.81942089171005,2.0483651418524063,7.409616174582799,83.14138998919698
137,6,1,5891.78,229216.73,0,2186,42503,3,2021-06-01,38.90449575510288,2.570397021194744,5.392954144413336,104.85669258920403
137,7,1,6684.79,256573.43,0,2677,60250,7,2021-07-01,38.38167391944997,2.60541007695146,4.2584801659751035,95.8436421367202
137,8,1,4850.97,228429.22,0,2709,44736,6,2021-08-01,47.089390369348806,2.1236206121090815,5.106161033619457,84.32234034699151
137,9,1,4443.52,216952.22,0,2562,41574,2,2021-09-01,48.82440497623505,2.0481560409937267,5.218459133112042,84.68080405932865
137,10,1,4282.66,190711.42,0,1903,45781,6,2021-10-01,44.531067140515475,2.245623256331477,4.165732945981958,100.21619548081976
137,11,1,18191.96,506107.89,1,4859,41952,8,2021-11-01,27.82041572211021,3.594482591449028,12.063975257437072,104.15885778966866
137,12,1,18742.5,533693.57,1,5553,39975,7,2021-12-01,28.475047085500865,3.511846695098838,13.350683427141963,96.10905276427155
137,1,2,19784.24,523731.75,1,5091,47989,3,2022-01-01,26.472169261998438,3.77755215336859,10.913579153556023,102.87404242781379
137,2,2,3423.35,199184.07,0,2067,42158,2,2022-02-01,58.18396307710284,1.7186866399506746,4.724703970776602,96.36384615384615
137,3,2,3478.89,201600.37,0,2433,48825,5,2022-03-01,57.949624736625765,1.7256367138611899,4.129039836149514,82.86081792026305
137,4,2,4000.75,214093.53,0,3048,54183,2,2022-04-01,53.513348747109916,1.8686926223319313,3.9513044681911302,70.2406594488189
137,5,2,4011.15,234295.57,0,3580,44921,6,2022-05-01,58.411071637809606,1.7120042005062237,5.215724716724917,65.44568994413407
137,6,2,6218.64,257603.5,0,3486,47034,2,2022-06-01,41.42441112526211,2.4140355235856656,5.4769634732321295,73.89658634538152
137,7,2,5052.02,233417.4,0,2389,39534,4,2022-07-01,46.202786212247766,2.164371636390432,5.904219153134011,97.70506488070322
137,8,2,3903.17,221233.63,0,2864,42537,8,2022-08-01,56.68050072120866,1.7642751691955691,5.200969273808684,77.24637918994414
137,9,2,4385.26,211715.46,0,2304,35927,3,2022-09-01,48.27888426227863,2.0712989027820643,5.892934561750216,91.890390625
137,10,2,5214.72,225808.03,0,2732,50806,2,2022-10-01,43.30204306271477,2.309359857574596,4.444515017911271,82.65301244509517
137,11,2,18826.17,504824.1,1,4717,43439,7,2022-11-01,26.81501866816246,3.72925341718036,11.621448467966573,107.02228111087555
137,12,2,17957.74,509673.29,1,5018,44710,7,2022-12-01,28.381816976969258,3.523382596721912,11.399536792663833,101.56900956556396
137,1,3,18662.45,496678.7,1,4807,46033,6,2023-01-01,26.61379936717848,3.757449232270279,10.789622662003346,103.32404826294987
137,2,3,5586.97,240195.83,0,2408,64377,3,2023-02-01,42.99214601116526,2.326006242489722,3.731081442129953,99.7490988372093
137,3,3,6984.98,267149.29,0,3142,52865,5,2023-03-01,38.24624981030726,2.6146354347413765,5.0534245720230775,85.02523551877785
137,4,3,4778.04,228442.41,0,2816,47106,2,2023-04-01,47.81090363412613,2.091573101509479,4.849539549102025,81.12301491477272
137,5,3,3514.78,221392.23,0,2782,48052,3,2023-05-01,62.98892960583593,1.5875805578181312,4.607346832598019,79.58024083393242
137,6,3,4703.01,227474.1,0,2652,55157,5,2023-06-01,48.367768726836644,2.0674925189285287,4.124120238591656,85.77454751131222
137,7,3,3491.8,211820.61,0,2736,31155,6,2023-07-01,60.66229738243885,1.6484703731143067,6.798928261916225,77.41981359649122
137,8,3,4440.13,211355.5,0,2379,34303,4,2023-08-01,47.6011963613678,2.100787535692234,6.161429029530945,88.84216057166877
137,9,3,5044.89,221496.05,0,2332,44716,5,2023-09-01,43.90503063495933,2.2776433259193563,4.953395876196439,94.98115351629502
137,10,3,5378.39,208558.34,0,1807,40815,8,2023-10-01,38.777095004267075,2.5788419681514534,5.109845399975499,115.41690094078584
137,11,3,18954.48,522725.7,1,5204,48461,5,2023-11-01,27.577949909467314,3.626085344569819,10.78652318359093,100.44690622598002
137,12,3,20247.35,514789.11,1,4649,43353,7,2023-12-01,25.425011668193616,3.9331348714816436,11.87435955989205,110.73114863411486
138,1,1,19263.39,500218.49,1,5183,36366,8,2021-01-01,25.967313645209902,3.850995192120947,13.755114392564483,96.51138143932086
138,2,1,5239.69,225245.29,0,2586,48434,5,2021-02-01,42.98828556651253,2.326215123077601,4.650561382499897,87.10181361175562
138,3,1,5654.96,233345.26,0,2358,50027,6,2021-03-01,41.26382149475859,2.423430413799706,4.664386431327084,98.95897370653097
138,4,1,4358.47,229003.23,0,2621,53580,3,2021-04-01,52.54211454937168,1.9032351639756349,4.274043113101904,87.37246470812667
138,5,1,8124.49,278612.7,0,3328,53400,7,2021-05-01,34.29294638801944,2.9160515654885795,5.217466292134832,83.71775841346154
138,6,1,3540.74,224977.47,0,2896,44823,4,2021-06-01,63.53967532210781,1.5738198140462685,5.019241683956897,77.68559046961326
138,7,1,5771.11,229995.51,0,2571,52356,2,2021-07-01,39.85290697976646,2.5092272453492677,4.3929159981664,89.45760793465578
138,8,1,4331.9,226338.47,0,2663,23583,6,2021-08-01,52.249237055333694,1.9139035445454762,9.597526608149938,84.9937927149831
138,9,1,6264.02,243405.3,0,2704,40279,2,2021-09-01,38.85768244673548,2.5734936749528465,6.04298269569751,90.01675295857987
138,10,1,5069.36,241139.08,0,3543,40434,4,2021-10-01,47.56795335111335,2.1022556775119154,5.963770094474946,68.060705616709
138,11,1,18424.59,533237.68,1,5829,46437,3,2021-11-01,28.941630722854622,3.455230320557992,11.483034649094472,91.48013038256991
138,12,1,17570.21,499475.79,1,5047,51693,6,2021-12-01,28.427422893636447,3.5177300585479827,9.662348673901688,98.9648880523083
138,1,2,18828.22,511999.54,1,4572,47056,8,2022-01-01,27.193199357135192,3.677390022655099,10.880643063583815,111.98590113735783
138,2,2,2424.5,207411.51,0,3019,35128,5,2022-02-01,85.5481583831718,1.168932235245768,5.904449726713733,68.70205697250745
138,3,2,4737.97,222962.07,0,3432,37288,6,2022-03-01,47.05856516609434,2.125011666782606,5.979459075305728,64.96563811188811
138,4,2,5178.66,233151.71,0,2175,51159,3,2022-04-01,45.021629147308374,2.221154629318395,4.557393811450575,107.19618850574712
138,5,2,4747.32,215667.01,0,2320,45947,3,2022-05-01,45.429212692635005,2.2012267893916646,4.693821359392343,92.95991810344827
138,6,2,5291.04,233285.03,0,2654,46397,2,2022-06-01,44.09058143578578,2.268058091854415,5.02801969954954,87.89940844009043
138,7,2,5928.14,242665.46,0,3282,35389,2,2022-07-01,40.934502221607445,2.4429269826863704,6.857087230495352,73.93828762949421
138,8,2,4041.85,204500.03,0,2648,40103,4,2022-08-01,50.59565050657496,1.9764544777817392,5.099369872578111,77.22810800604229
138,9,2,5609.29,229638.81,0,2572,50194,6,2022-09-01,40.93901545471887,2.4426576674909612,4.575025102601905,89.28414074650078
138,10,2,2288.39,206891.69,0,3161,40933,8,2022-10-01,90.4092790127557,1.1060811577304046,5.054398407153153,65.45134134767478
138,11,2,17789.69,509350.09,1,5306,40526,5,2022-11-01,28.63175749549318,3.4926252786173055,12.568476780338548,95.99511684885036
138,12,2,18634.08,520309.59,1,5697,45293,5,2022-12-01,27.922472695190745,3.581344714403592,11.487638045614114,91.33045286993155
138,1,3,19299.54,523082.13,1,5651,48222,3,2023-01-01,27.10334702277878,3.6895812135658317,10.84737526440214,92.56452486285613
138,2,3,2460.25,191911.12,0,2566,45492,6,2023-02-01,78.00472309724621,1.2819736553046015,4.2185685395234325,74.78999220576773
138,3,3,5004.14,211792.4,0,2618,46918,4,2023-03-01,42.32343619483068,2.362757114986185,4.514096935078221,80.89854851031322
138,4,3,5053.55,237450.29,0,2434,47098,4,2023-04-01,46.98682906075927,2.1282559814940636,5.041621512590768,97.55558340180772
138,5,3,6367.75,246557.56,0,3184,52440,2,2023-05-01,38.71972988889325,2.5826626447795804,4.701707856598016,77.43641959798995
138,6,3,3117.21,219518.39,0,3187,42740,2,2023-06-01,70.42143134405447,1.4200222587273894,5.136134534394011,68.87931910887983
138,7,3,2847.81,205061.38,0,3359,41747,4,2023-07-01,72.00669286223449,1.3887597947502353,4.912002778642777,61.04834176838345
138,8,3,4040.1,218888.62,0,2741,42033,3,2023-08-01,54.17901042053415,1.8457332318144268,5.207542169247971,79.85721269609631
138,9,3,4041.52,214234.04,0,2588,42128,6,2023-09-01,53.0082840119559,1.8864975892719942,5.085312381314091,82.7797681607419
138,10,3,5623.54,246882.87,0,2541,35355,6,2023-10-01,43.90168292570161,2.2778170069069597,6.982969028425965,97.15972845336482
138,11,3,18608.76,524411.26,1,5425,47653,2,2023-11-01,28.180881477325734,3.548505041634689,11.004790044698131,96.66567004608295
138,12,3,19722.8,496133.35,1,4087,42093,5,2023-12-01,25.155320238505688,3.9753022045383566,11.786599909723707,121.39303890384144
139,1,1,19064.67,511878.52,1,5169,48015,8,2021-01-01,26.84958722075966,3.724452043816958,10.66080433197959,99.02853936931709
139,2,1,5485.89,239799.38,0,2966,50358,7,2021-02-01,43.7120284949206,2.2876998264132293,4.761892450057588,80.84942009440324
139,3,1,3756.04,225794.79,0,2915,35591,6,2021-03-01,60.11511858233672,1.6634750518379986,6.344154140091597,77.4596192109777
139,4,1,7065.05,257454.78,0,3073,50443,8,2021-04-01,36.440616839229726,2.7441906497133206,5.103875265150764,83.77962251871136
139,5,1,3015.12,207590.27,0,2580,42171,6,2021-05-01,68.84975390697551,1.4524380164831425,4.9225835289654025,80.4613449612403
139,6,1,4605.94,212311.41,0,2241,36400,4,2021-06-01,46.09513150410123,2.169426504209077,5.832731043956044,94.73958500669345
139,7,1,6075.62,255509.77,0,3154,45483,6,2021-07-01,42.05492937346312,2.3778425380759414,5.617698260888684,81.01134115409005
139,8,1,4082.27,203285.71,0,2235,47018,4,2021-08-01,49.797223113610805,2.0081441041773176,4.32357203624144,90.95557494407159
139,9,1,5021.82,251101.78,0,3547,45994,6,2021-09-01,50.00214663209753,1.999914138402364,5.459446449536896,70.79272060896533
139,10,1,5603.07,220447.67,0,2519,40753,6,2021-10-01,39.34408636693813,2.5416780317977503,5.409360537874512,87.51396188963875
139,11,1,16724.56,484372.71,1,5396,32158,6,2021-11-01,28.96176102689697,3.452828711179868,15.06227719385534,89.76514269829504
139,12,1,20448.69,528134.33,1,5519,53355,3,2021-12-01,25.827294071160548,3.87187290021461,9.898497422921936,95.69384489943829
139,1,2,17994.94,488729.95,1,4579,47718,7,2022-01-01,27.15929866951488,3.681980201949972,10.242045978456767,106.73290019654947
139,2,2,4595.35,217640.57,0,2347,58265,3,2022-02-01,47.36104322848096,2.1114399764712988,3.735356903801596,92.7313890072433
139,3,2,6478.79,238509.75,0,2833,53844,5,2022-03-01,36.813934392070124,2.7163627482733936,4.429643971473145,84.189816448994
139,4,2,4500.07,245792.38,0,3266,31277,4,2022-04-01,54.6196792494339,1.8308419488024812,7.8585663586661125,75.25792406613594
139,5,2,4085.62,235186.59,0,3078,48369,2,2022-05-01,57.564479809673934,1.7371823793184809,4.862341375674502,76.40889863547758
139,6,2,5130.97,233101.82,0,2988,52121,5,2022-06-01,45.43036112080172,2.20117114486708,4.472320561769728,78.01265729585008
139,7,2,3244.67,222475.32,0,3106,47074,4,2022-07-01,68.56639350072581,1.4584404238636448,4.726076390364108,71.627598197038
139,8,2,6218.08,250135.5,0,2976,40149,8,2022-08-01,40.22712798806062,2.4858846505194188,6.2301800792049615,84.05090725806451
139,9,2,5393.83,235507.27,0,2905,52071,2,2022-09-01,43.66234568015677,2.290302970264994,4.522810585546657,81.06962822719449
139,10,2,5677.75,252136.08,0,3593,39129,7,2022-10-01,44.407746026154726,2.2518593927533104,6.4437138695085485,70.17424993042026
139,11,2,19819.54,528216.98,1,5181,54867,8,2022-11-01,26.651323895509176,3.7521588192791535,9.627225472506241,101.95270797143408
139,12,2,19954.71,516354.06,1,4743,55064,7,2022-12-01,25.87629988108071,3.8645401568063584,9.377343818102572,108.86655281467425
139,1,3,18251.89,517971.19,1,5441,38348,7,2023-01-01,28.379044033248064,3.5237268698284163,13.50712396995932,95.19779268516817
139,2,3,5734.69,232758.31,0,2608,51067,2,2023-02-01,40.587775450809026,2.4637960294521815,4.557900601171011,89.24781825153374
139,3,3,5808.08,236059.68,0,3531,39038,2,2023-03-01,40.643324472114706,2.4604286509242073,6.046920436497771,66.85349192863211
139,4,3,3203.9,211987.06,0,3396,45814,7,2023-04-01,66.1653172695777,1.5113658352542838,4.627124023224342,62.422573616018845
139,5,3,5563.77,222954.61,0,2146,48063,6,2023-05-01,40.07257848545141,2.4954720604341847,4.638799284272725,103.8931081081081
139,6,3,5729.69,244884.75,0,2609,49074,4,2023-06-01,42.73961593035575,2.3397496169116287,4.990111871866977,93.86153698735147
139,7,3,5090.8,220691.34,0,2546,44761,4,2023-07-01,43.35101359314842,2.3067511393967703,4.930438104599986,86.68159465828751
139,8,3,5184.97,229583.32,0,2630,41647,5,2023-08-01,44.278620705616426,2.2584262654621425,5.512601627968401,87.2940380228137
139,9,3,5112.42,228047.56,0,3002,44144,5,2023-09-01,44.606577706839424,2.2418218375149466,5.1659922073214934,75.96520986009327
139,10,3,5099.74,237443.11,0,3027,42716,3,2023-10-01,46.559846188237046,2.1477734182305817,5.558645706526828,78.44172778328378
139,11,3,18130.2,520501.42,1,5640,48052,2,2023-11-01,28.709083187168368,3.4832181629783068,10.8320448680596,92.28748581560284
139,12,3,18421.81,505631.69,1,4891,32796,8,2023-12-01,27.447448974883574,3.6433258366381267,15.417480485425052,103.38002249028828
140,1,1,18632.81,502242.48,1,4672,44054,6,2021-01-01,26.95473629581367,3.7099231431001223,11.400610160257864,107.5005308219178
140,2,1,7130.7,264579.75,0,3293,34507,7,2021-02-01,37.10431654676259,2.6951042171594763,7.6674225519459815,80.34611296689948
140,3,1,3652.55,214212.35,0,3032,46022,2,2021-03-01,58.647342267730764,1.7051071051692397,4.654564121507105,70.65051121372032
140,4,1,3651.62,222684.19,0,3197,33925,2,2021-04-01,60.982301006128786,1.6398200518860362,6.564014443625645,69.65411010322177
140,5,1,3053.23,214753.24,0,2989,48541,7,2021-05-01,70.33641094840546,1.4217387360488718,4.424161842566078,71.84785547005687
140,6,1,3471.12,218928.35,0,3373,42237,7,2021-06-01,63.07138618082924,1.5855050293851845,5.1833309657409385,64.90612214645716
140,7,1,5972.64,246372.44,0,2957,43134,2,2021-07-01,41.250174127354065,2.424232190905769,5.7117920897667736,83.31837673317551
140,8,1,4131.59,199930.19,0,2018,39461,5,2021-08-01,48.39061717159738,2.0665163175206303,5.066526190415853,99.07343409316155
140,9,1,5899.34,242689.04,0,2876,46691,3,2021-09-01,41.13833750894168,2.4308225867966677,5.197769163222034,84.3842280945758
140,10,1,4098.8,232230.8,0,2943,50958,8,2021-10-01,56.658241436518,1.764968298778629,4.557298167118018,78.90954808019028
140,11,1,20867.9,527156.88,1,4943,57100,3,2021-11-01,25.261616166456612,3.958574912272795,9.23216952714536,106.64715355047542
140,12,1,20015.6,540630.09,1,6019,37385,5,2021-12-01,27.01043635963948,3.702272657446795,14.461149926441085,89.82058315334773
140,1,2,15537.3,496656.31,1,5286,44675,5,2022-01-01,31.965419345703566,3.128380670327132,11.117097034135423,93.95692584184638
140,2,2,4792.15,233944.5,0,2829,21451,7,2022-02-01,48.81827572175329,2.048413192017765,10.90599505850543,82.6951219512195
140,3,2,6229.77,240790.96,0,2513,39333,5,2022-03-01,38.651661297287056,2.5872109152270504,6.121855947931762,95.81812972542777
140,4,2,4806.44,226043.07,0,3385,54049,2,2022-04-01,47.029208728289554,2.126338135471262,4.182187829562064,66.77786410635156
140,5,2,5745.53,244615.72,0,2709,49211,3,2022-05-01,42.574961752875716,2.348798351962008,4.970752880453557,90.29742340346992
140,6,2,5479.8,257857.48,0,3012,42797,6,2022-06-01,47.056002043870215,2.1251274153458724,6.025129798817674,85.61005312084994
140,7,2,3568.45,210502.22,0,2204,48898,4,2022-07-01,58.989819109137024,1.6952077750058883,4.3049249458055545,95.50917422867514
140,8,2,5518.53,242605.88,0,3253,33185,5,2022-08-01,43.962047864195725,2.2746893026665305,7.310709055296067,74.57912081155857
140,9,2,4713.45,222804.95,0,2775,42400,7,2022-09-01,47.27003574876153,2.115505063958408,5.254833726415095,80.29007207207208
140,10,2,3550.0,206000.9,0,2621,42272,7,2022-10-01,58.02842253521126,1.7232934419218557,4.873223410295231,78.59629912247233
140,11,2,19253.87,513096.74,1,5047,48235,8,2022-11-01,26.649018612881463,3.7524834010833903,10.637436301440863,101.6637091341391
140,12,2,18806.26,502710.52,1,4595,47355,7,2022-12-01,26.73102041554249,3.740972040927251,10.615785450322036,109.40381284004353
140,1,3,18778.48,505820.68,1,5105,49155,5,2023-01-01,26.93618865850697,3.712477710480323,10.290320008137524,99.08338491674829
140,2,3,4527.42,209532.66,0,2554,51786,5,2023-02-01,46.280808937540584,2.16072282001288,4.046125593789827,82.04097885669538
140,3,3,5338.6,242822.9,0,3263,37460,5,2023-03-01,45.484377926797286,2.1985570553683367,6.4821916711158565,74.4170701808152
140,4,3,6554.22,237486.85,0,1808,48123,2,2023-04-01,36.23418957557116,2.7598243860660077,4.934996779086923,131.35334623893806
140,5,3,3946.24,208709.86,0,1950,62017,2,2023-05-01,52.88828353065196,1.890777944079882,3.3653653030620636,107.03069743589742
140,6,3,4229.55,235059.48,0,2981,45642,6,2023-06-01,55.5755293116289,1.7993530828877866,5.150069672669909,78.85255954377726
140,7,3,4912.6,237983.28,0,2784,32473,4,2023-07-01,48.443447461629276,2.0642626658477856,7.328650879191944,85.4825
140,8,3,4910.68,233578.85,0,3029,64132,6,2023-08-01,47.56547972989484,2.1023650043657636,3.6421575812386955,77.11417959722681
140,9,3,1314.48,190757.55,0,3087,42569,6,2023-09-01,145.12016158480918,0.6890841279938855,4.481137682351006,61.79382896015549
140,10,3,3825.41,222797.87,0,2758,43886,7,2023-10-01,58.24156626348548,1.7169867916600818,5.0767413298090505,80.78240391588108
140,11,3,19532.48,527201.41,1,4798,46602,2,2023-11-01,26.99101240600272,3.7049369803468464,11.312849448521524,109.87941017090455
140,12,3,19208.46,512857.5,1,5078,51731,8,2023-12-01,26.699563629775632,3.74537956449891,9.913929751986236,100.99596297755022
141,1,1,18982.6,505411.11,1,4943,42731,6,2021-01-01,26.62496760190912,3.755873114858911,11.827738878097868,102.24784746105604
141,2,1,4434.32,222020.24,0,2711,32792,4,2021-02-01,50.068610294250306,1.9972593489674635,6.770561112466455,81.89606787163407
141,3,1,5357.86,249462.84,0,3523,55787,7,2021-03-01,46.56016394605309,2.147758760382909,4.47170200942872,70.80977575929606
141,4,1,4448.58,237090.63,0,2707,43666,6,2021-04-01,53.29580000809247,1.8763204602391919,5.429639307470343,87.58427410417437
141,5,1,5942.82,248181.9,0,2633,47727,3,2021-05-01,41.76163841408624,2.394542067733384,5.200031428751021,94.2582225598177
141,6,1,5359.88,227296.3,0,2379,40904,6,2021-06-01,42.40697552930289,2.3581026175965034,5.556823293565421,95.54279108869272
141,7,1,4050.35,243884.82,0,2986,42702,7,2021-07-01,60.21327045810856,1.6607634702315626,5.7113207812280455,81.67609511051575
141,8,1,3784.55,232020.02,0,3296,51656,4,2021-08-01,61.30716201397788,1.6311307963855877,4.491637370295803,70.39442354368931
141,9,1,4990.01,233551.76,0,3041,28043,6,2021-09-01,46.80386612451679,2.1365756353109906,8.328344328352888,76.800973364025
141,10,1,4012.08,211177.09,0,2593,53631,5,2021-10-01,52.635313852166455,1.8998651795040833,3.93759374242509,81.44122252217508
141,11,1,18384.41,487168.84,1,4741,49081,8,2021-11-01,26.49901954971631,3.7737245263880177,9.925813247488845,102.75655768825143
141,12,1,19904.76,515768.28,1,4874,50784,7,2021-12-01,25.91180602026852,3.85924469802602,10.156117674858224,105.82032827246616
141,1,2,18714.4,489622.48,1,5213,43518,4,2022-01-01,26.16287350916941,3.8222101240122806,11.251033595293901,93.92336082869748
141,2,2,4497.5,233483.39,0,3157,41327,8,2022-02-01,51.91403891050584,1.926261221408512,5.649657366854599,73.95736141906875
141,3,2,5348.82,219534.35,0,2230,45597,8,2022-03-01,41.04351053129476,2.436438762316694,4.814666535079063,98.44589686098655
141,4,2,3989.77,224317.28,0,3196,37020,4,2022-04-01,56.22311060537324,1.7786280218804364,6.059353862776877,70.18688360450564
141,5,2,5202.4,235558.11,0,2918,42403,2,2022-05-01,45.278738659080425,2.2085420875553807,5.555222743673796,80.72587731322824
141,6,2,5306.19,221470.14,0,2904,50863,7,2022-06-01,41.73807194993018,2.395894092088441,4.354248471383914,76.26382231404959
141,7,2,4432.01,216800.36,0,3235,45957,7,2022-07-01,48.91693836430874,2.0442816607869103,4.717461104945928,67.01711282843894
141,8,2,5369.65,228802.96,0,1888,37445,8,2022-08-01,42.610404774985334,2.3468446387232054,6.110374148751502,121.18800847457626
141,9,2,6364.58,238448.71,0,2920,36582,5,2022-09-01,37.46495605365947,2.6691610116070663,6.518197747526106,81.66051712328766
141,10,2,7761.83,281707.53,0,3640,60008,2,2022-10-01,36.293957739347555,2.7552795624596897,4.694499566724438,77.39217857142857
141,11,2,18176.07,491837.2,1,4863,47850,6,2022-11-01,27.059600892822267,3.695546005873488,10.278729362591433,101.13863870039071
141,12,2,20265.48,521202.37,1,4886,38821,4,2022-12-01,25.71872810315867,3.8882171621744543,13.425784240488396,106.67260949652066
141,1,3,19307.55,520448.98,1,5038,52864,8,2023-01-01,26.955723538201376,3.709787268677133,9.845054857748183,103.30468042874156
141,2,3,6579.91,227070.07,0,2393,53184,7,2023-02-01,34.509601195153124,2.8977442954062593,4.269518464199759,94.88928959465107
141,3,3,4880.95,241178.44,0,3505,39394,7,2023-03-01,49.412192298630394,2.023792010595972,6.122212519673047,68.80982596291012
141,4,3,5369.77,231054.93,0,2717,37059,4,2023-04-01,43.02883177491773,2.324023122986383,6.23478588197199,85.04046006624954
141,5,3,4104.87,214107.25,0,2276,36719,7,2023-05-01,52.15932538667485,1.9172027103239149,5.830966257251014,94.07172671353251
141,6,3,4913.0,221910.79,0,2515,52803,4,2023-06-01,45.16808263789945,2.2139527329878823,4.202617086150409,88.23490656063619
141,7,3,7110.86,263519.61,0,2806,56161,4,2023-07-01,37.05875379349333,2.6984177761951003,4.692217196987233,93.91290449037776
141,8,3,4702.31,228951.18,0,2791,54464,8,2023-08-01,48.68908685305732,2.053848335701961,4.203715849001175,82.03195270512362
141,9,3,4992.98,231842.85,0,2583,52731,5,2023-09-01,46.43376300325658,2.1536053408591207,4.3967087671388745,89.75720092915215
141,10,3,5672.37,238154.51,0,3219,38430,8,2023-10-01,41.98500979308473,2.38180246932968,6.197098881082488,73.98400434917677
141,11,3,18765.64,490409.69,1,4139,39015,4,2023-11-01,26.133384739342755,3.8265230852188097,12.569772907855953,118.48506644116937
141,12,3,19649.86,508300.62,1,5022,45179,6,2023-12-01,25.867900331096507,3.865795009260465,11.250816087120121,101.2147789725209
142,1,1,17264.98,488524.11,1,4959,45994,6,2021-01-01,28.295666140360428,3.5341101179223275,10.621474757577076,98.5126255293406
142,2,1,4234.3,216486.95,0,2803,45096,8,2021-02-01,51.12697494272961,1.9559146636783418,4.800579874046479,77.23401712450946
142,3,1,2283.28,199921.42,0,2641,47388,3,2021-03-01,87.55887144809222,1.142088726660705,4.218819532371064,75.69913669064749
142,4,1,6406.75,240430.02,0,2755,49205,4,2021-04-01,37.527610723065514,2.6647046820525992,4.886292449954273,87.27042468239564
142,5,1,4408.32,230456.07,0,3177,34967,4,2021-05-01,52.277527493466906,1.9128678190164399,6.590673206165814,72.53889518413598
142,6,1,6873.44,237978.48,0,2404,48495,2,2021-06-01,34.62290788891735,2.888261157059243,4.90727868852459,98.99271214642263
142,7,1,6669.39,248345.19,0,2875,51846,3,2021-07-01,37.23656736223253,2.685532182040651,4.7900549704895266,86.38093565217392
142,8,1,4892.99,228294.04,0,2753,37054,2,2021-08-01,46.65736901158596,2.1432841610757776,6.161117288281967,82.92555030875408
142,9,1,5353.19,250387.81,0,3054,39910,5,2021-09-01,46.77357052523823,2.1379595116870904,6.2738113254823356,81.98684020956124
142,10,1,5861.95,249415.73,0,3051,59779,7,2021-10-01,42.54825271454039,2.350272775498161,4.172296793188243,81.74884627990824
142,11,1,17836.25,510317.61,1,5271,56905,3,2021-11-01,28.61126133576284,3.495127279656291,8.967887004656884,96.81608992601024
142,12,1,16741.43,475483.81,1,5106,43447,5,2021-12-01,28.401624592403397,3.5209253496980266,10.943996363385274,93.12256365060713
142,1,2,19522.87,511998.78,1,4854,33283,5,2022-01-01,26.225589782649788,3.8130696327049836,15.383192019950126,105.47976514215081
142,2,2,5087.32,236106.93,0,2833,36440,6,2022-02-01,46.410866625256524,2.1546678024232495,6.479333973655324,83.34166254853513
142,3,2,5390.74,226140.91,0,2230,38984,8,2022-03-01,41.949882576418084,2.3837968990219416,5.80086471372871,101.4084798206278
142,4,2,5266.86,235985.16,0,2780,43973,7,2022-04-01,44.80566409587497,2.2318606814089494,5.366592227048416,84.88674820143885
142,5,2,4570.62,238150.88,0,2601,39915,6,2022-05-01,52.10472102253086,1.9192118878586548,5.966450707753977,91.56127643214148
142,6,2,5505.45,244897.62,0,2646,47317,4,2022-06-01,44.482761627114954,2.248061863565681,5.175679354143331,92.55390022675736
142,7,2,8115.95,264842.27,0,2475,55717,6,2022-07-01,32.63231907540091,3.064446623267502,4.753347631782042,107.00697777777779
142,8,2,6471.96,239859.89,0,2308,43422,4,2022-08-01,37.061398710746055,2.69822520138736,5.5239254295057805,103.92542894280763
142,9,2,4762.14,219556.29,0,2776,50751,8,2022-09-01,46.10454333555922,2.1689836351306537,4.326147070993676,79.09088256484151
142,10,2,4907.74,245569.96,0,3491,35219,2,2022-10-01,50.03727988850265,1.9985099154636015,6.972655668815128,70.34372959037525
142,11,2,19326.4,510569.77,1,4994,34969,2,2022-11-01,26.418255339846013,3.7852613169792644,14.600639709456948,102.23663796555867
142,12,2,17914.91,490106.62,1,4171,48095,3,2022-12-01,27.3574703975627,3.655308716295242,10.190386110822331,117.50338527930951
142,1,3,17493.83,486864.31,1,4919,43001,8,2023-01-01,27.830629999262595,3.5931633600335173,11.322162507848654,98.97627769871926
142,2,3,5573.48,232950.74,0,2696,35845,2,2023-02-01,41.79628167679798,2.3925573277852648,6.4988349839587105,86.40606083086053
142,3,3,4275.23,214461.3,0,2220,40527,4,2023-03-01,50.16368709987533,1.9934738808353767,5.291812865497076,96.60418918918919
142,4,3,6665.03,241411.43,0,3029,64213,2,2023-04-01,36.22060665893477,2.7608593346222254,3.759541370127544,79.70004291845494
142,5,3,3737.02,208384.18,0,2655,42866,3,2023-05-01,55.762125972031185,1.793331912240171,4.861292866140998,78.48745009416196
142,6,3,4125.66,208439.89,0,2302,40181,7,2023-06-01,50.5227987764382,1.9793044411988507,5.187523705233818,90.54730234578628
142,7,3,3318.52,201880.07,0,2325,52856,8,2023-07-01,60.834368935549584,1.6438076329179003,3.819435258059634,86.8301376344086
142,8,3,7051.69,243288.38,0,2173,55738,3,2023-08-01,34.500719685635644,2.898490260817224,4.364856650758908,111.95967786470318
142,9,3,4665.51,231193.84,0,2458,39685,2,2023-09-01,49.553819410954,2.018007919242139,5.825723573138466,94.05770545158666
142,10,3,5260.05,231167.75,0,3182,52768,8,2023-10-01,43.94782368988888,2.2754255297289525,4.380832133110976,72.64857008170962
142,11,3,19274.48,517172.74,1,4691,45485,5,2023-11-01,26.831994429940522,3.7268940354435545,11.370182257887215,110.24786612662545
142,12,3,16741.28,500486.22,1,5218,49041,8,2023-12-01,29.895337751952063,3.3450031851026787,10.205465222976692,95.91533537753928
143,1,1,19305.88,495161.83,1,4373,43778,6,2021-01-01,25.648239292899365,3.898903112140126,11.310745808396913,113.23160987880175
143,2,1,5558.93,220329.58,0,2360,47296,4,2021-02-01,39.63524994918086,2.5230066702800418,4.658524610960757,93.35999152542372
143,3,1,3596.93,217033.27,0,2957,32877,8,2021-03-01,60.33847475486039,1.6573173320385395,6.601370867171578,73.39643895840378
143,4,1,5376.26,229492.26,0,2765,54285,4,2021-04-01,42.686227972605494,2.3426759577861143,4.227544625587179,82.99900904159132
143,5,1,5171.78,228366.45,0,2943,62139,2,2021-05-01,44.156257613432906,2.264684676755276,3.6750905228600397,77.59648318042814
143,6,1,3945.82,213325.31,0,2553,50439,7,2021-06-01,54.06361922236696,1.8496726900338267,4.229372311108468,83.55867998433216
143,7,1,7537.48,285299.32,0,3375,46203,3,2021-07-01,37.850756486252706,2.6419551227812246,6.174908988593814,84.53313185185185
143,8,1,4783.74,237200.57,0,3000,55206,5,2021-08-01,49.58475377006276,2.0167489479473004,4.296644748759193,79.06685666666667
143,9,1,2995.27,205663.76,0,2630,34156,4,2021-09-01,68.66284508575187,1.456391733769722,6.0213069446070975,78.19914828897339
143,10,1,4874.94,230317.27,0,2914,49128,6,2021-10-01,47.245149683893544,2.116619392023881,4.688105968083374,79.03818462594371
143,11,1,18894.73,502157.84,1,5055,48838,6,2021-11-01,26.57660839821474,3.7627073591044597,10.282113108644909,99.33884075173097
143,12,1,19236.39,525330.92,1,5805,49285,2,2021-12-01,27.30922589945411,3.6617661873015197,10.659042710763925,90.49628251507322
143,1,2,19782.86,504341.09,1,4598,51879,3,2022-01-01,25.49384113318297,3.9225160099487435,9.72148827078394,109.68705741626795
143,2,2,4946.94,244628.34,0,3418,52211,2,2022-02-01,49.4504360271198,2.022226860550989,4.685379326195629,71.57060854300761
143,3,2,5265.99,233287.1,0,3096,34304,4,2022-03-01,44.30071078752523,2.257300125039061,6.80058010727612,75.35113049095608
143,4,2,5311.31,230094.54,0,2361,52896,8,2022-04-01,43.32161745407441,2.308316398989737,4.349942150635209,97.4563913595934
143,5,2,4502.52,224436.68,0,2810,36978,5,2022-05-01,49.846903511811156,2.0061426679453644,6.069465087349235,79.87070462633451
143,6,2,6151.16,283078.08,0,3750,51952,8,2022-06-01,46.02027585040871,2.172955249661153,5.448838928241454,75.487488
143,7,2,4376.08,209290.1,0,2953,45957,8,2022-07-01,47.825930970183364,2.09091591049935,4.554041821702897,70.87372163901118
143,8,2,5780.56,245110.55,0,3116,34864,6,2022-08-01,42.40256134353765,2.3583481004795592,7.0304769963285905,78.66192233632863
143,9,2,6344.55,247221.48,0,2851,44661,4,2022-09-01,38.96595976073953,2.5663425362553447,5.535511520118225,86.71395299894775
143,10,2,3878.33,198021.07,0,2440,52391,4,2022-10-01,51.058334386191994,1.9585441084628015,3.7796772346395375,81.1561762295082
143,11,2,19580.36,520220.94,1,5199,54747,2,2022-11-01,26.568507422744013,3.763854642221822,9.502273001260344,100.06173110213503
143,12,2,18759.76,507080.32,1,5288,53760,6,2022-12-01,27.03021360614422,3.6995638087473006,9.432297619047619,95.89264750378214
143,1,3,19494.53,514659.61,1,4417,52405,2,2023-01-01,26.400206109098296,3.7878492155232464,9.820811182139108,116.51791034638894
143,2,3,6072.25,233183.48,0,2599,43670,8,2023-02-01,38.40149532710281,2.604065262256143,5.339672086100298,89.72046171604464
143,3,3,6795.36,244602.02,0,2436,43124,4,2023-03-01,35.99544689317417,2.778129142187787,5.672062424635933,100.4113382594417
143,4,3,3067.09,204055.91,0,2515,53512,8,2023-04-01,66.5307865109925,1.5030635476326073,3.813273845118852,81.13555069582505
143,5,3,3975.97,219129.01,0,2782,55350,2,2023-05-01,55.11334592564834,1.8144425514449225,3.9589703703703707,78.7667181883537
143,6,3,5593.93,230725.95,0,2571,42653,7,2023-06-01,41.24576996851945,2.4244910466291283,5.409372142639439,89.74171528588099
143,7,3,5399.58,237523.04,0,2877,52658,7,2023-07-01,43.989169528000325,2.2732868356686575,4.5106734019522206,82.5592770246785
143,8,3,5748.56,232498.54,0,2357,57686,4,2023-08-01,40.44465744464701,2.4725144510584887,4.030415352078494,98.6417225286381
143,9,3,6032.36,256286.74,0,2834,47885,5,2023-09-01,42.485319178563614,2.353754236368218,5.352129894539,90.4328652081863
143,10,3,6449.93,249064.08,0,2897,59033,6,2023-10-01,38.615005124086615,2.5896668841207457,4.219065268578591,85.97310321021746
143,11,3,17983.36,489454.07,1,4333,45684,6,2023-11-01,27.217053431616783,3.6741670163249434,10.71390574380527,112.95962843295638
143,12,3,18585.37,502257.32,1,5066,52537,8,2023-12-01,27.02433796044954,3.700368169845688,9.560068523136076,99.1427793130675
144,1,1,20989.49,548394.08,1,5228,39052,7,2021-01-01,26.127079790885816,3.8274464961401486,14.042663115845539,104.89557765876052
144,2,1,5856.28,257185.62,0,3553,51992,5,2021-02-01,43.916209607464125,2.27706354655443,4.946638328973688,72.38548269068393
144,3,1,3698.84,210778.33,0,2725,49096,2,2021-03-01,56.98498177807096,1.7548483280990037,4.2931874287110965,77.34984587155962
144,4,1,3242.98,223334.23,0,3316,35140,6,2021-04-01,68.86697728632308,1.4520747670430993,6.35555577689243,67.35049155609168
144,5,1,5531.5,228714.02,0,2633,48883,6,2021-05-01,41.34755852842809,2.418522484979277,4.678804901499499,86.86442081276111
144,6,1,5050.91,240072.3,0,3313,50936,6,2021-06-01,47.53050440415687,2.103912029834346,4.713214622271085,72.46371868397223
144,7,1,5750.27,247611.18,0,2949,42504,6,2021-07-01,43.0607919280312,2.3222982096365765,5.825597120271033,83.96445574771109
144,8,1,7089.48,229874.66,0,1879,49085,8,2021-08-01,32.42475611751497,3.0840632890985025,4.683195680961597,122.33882916444918
144,9,1,6216.02,237424.87,0,2770,43544,6,2021-09-01,38.1956412624155,2.6180997803642057,5.452527787984567,85.71294945848375
144,10,1,4518.77,226984.02,0,2936,63421,6,2021-10-01,50.23137269655237,1.990787721532115,3.579004115356112,77.31063351498638
144,11,1,18235.18,496399.86,1,5205,40119,2,2021-11-01,27.22209816409819,3.6734861287027765,12.373186270844238,95.3698097982709
144,12,1,18046.67,500197.65,1,4790,50224,2,2021-12-01,27.71689458498438,3.607907794049012,9.959335178400766,104.42539665970773
144,1,2,19125.33,524173.2,1,5225,35328,3,2022-01-01,27.407276109745556,3.6486661279134456,14.837330163043479,100.32022966507178
144,2,2,4583.56,227337.48,0,2584,46214,8,2022-02-01,49.59845185838082,2.016191962715519,4.919233998355477,87.97890092879257
144,3,2,4345.12,229926.36,0,3007,42012,3,2022-03-01,52.91599771697905,1.889787669408588,5.472873464724364,76.46370468905886
144,4,2,4875.85,231164.0,0,2988,63968,4,2022-04-01,47.409990053016394,2.1092600924019314,3.613744372186093,77.36412315930389
144,5,2,5532.86,238032.02,0,2541,36737,3,2022-05-01,43.021515093459804,2.324418370268,6.4793537850123855,93.6765131837859
144,6,2,4260.61,216316.68,0,2918,42633,3,2022-06-01,50.77129331245995,1.9696169523311842,5.073925832101892,74.13183002056202
144,7,2,6897.34,233667.2,0,2577,34638,8,2022-07-01,33.87787175925792,2.9517792826721077,6.745978405219701,90.67411719053163
144,8,2,5194.19,230058.33,0,2915,47181,8,2022-08-01,44.29147374277799,2.2577708879308998,4.876079989826413,78.92224013722127
144,9,2,4080.65,215664.29,0,3209,48283,2,2022-09-01,52.85047480180854,1.8921305887033963,4.466671292173229,67.20607354315986
144,10,2,6011.44,228638.3,0,2973,37296,6,2022-10-01,38.03386542991363,2.6292357842058833,6.130370549120549,76.90491086444668
144,11,2,19114.76,514162.99,1,4812,40072,7,2022-11-01,26.898741600731583,3.7176460328270613,12.83097898782192,106.85016417290107
144,12,2,18814.95,532239.03,1,5255,51039,3,2022-12-01,28.288091650522592,3.535056420044956,10.42808499382825,101.28240342530924
144,1,3,18450.42,519283.46,1,5554,42504,6,2023-01-01,28.144804291718025,3.5530536636002226,12.217284490871448,93.49720201656464
144,2,3,2172.82,186282.57,0,2411,38683,3,2023-02-01,85.73308879704715,1.1664107919490267,4.8156184887418245,77.26361260887599
144,3,3,5209.45,232545.51,0,3225,43783,3,2023-03-01,44.63916728253463,2.240185157735361,5.311319690290753,72.10713488372093
144,4,3,5410.32,243329.11,0,2810,52122,3,2023-04-01,44.974994085377574,2.223457768780727,4.668453052453858,86.59398932384342
144,5,3,4593.04,250058.36,0,3305,50300,5,2023-05-01,54.44288749934684,1.836787220391272,4.97133916500994,75.66062329803327
144,6,3,3896.99,218682.18,0,2925,46447,6,2023-06-01,56.11566362756897,1.7820336343820975,4.708208926303098,74.76313846153846
144,7,3,4557.5,239772.56,0,3086,45118,3,2023-07-01,52.61054525507405,1.9007596198664267,5.314343720909615,77.69687621516526
144,8,3,5514.5,231915.74,0,3067,49272,4,2023-08-01,42.05562426330583,2.377803248714382,4.706846484818964,75.61647864362568
144,9,3,6243.79,251631.34,0,2908,53544,7,2023-09-01,40.30105753076256,2.4813244645917316,4.699524503212311,86.53072214580467
144,10,3,5972.04,236305.06,0,3131,45407,5,2023-10-01,39.56856618508918,2.52725862069987,5.204154865989826,75.47271159374002
144,11,3,20328.83,527923.15,1,5013,50704,3,2023-11-01,25.969185142479915,3.8507176660087747,10.411863955506469,105.3108218631558
144,12,3,18310.18,504915.16,1,4781,31887,2,2023-12-01,27.57565245125935,3.626387450913536,15.834514378900492,105.60869274210415
145,1,1,17506.82,499584.6,1,5304,33806,6,2021-01-01,28.536570319452647,3.50427535196241,14.777986156303614,94.19015837104072
145,2,1,5079.63,232675.3,0,2572,48337,5,2021-02-01,45.8055606412278,2.1831410553677166,4.81360655398556,90.46473561430793
145,3,1,5516.92,265430.19,0,3537,48182,2,2021-03-01,48.112024462924964,2.0784824815896035,5.508907683367233,75.04387616624258
145,4,1,3139.01,215879.13,0,3062,52565,3,2021-04-01,68.77299849315548,1.4540590375734792,4.106898696851517,70.50265512736773
145,5,1,4921.54,222519.35,0,2692,39559,7,2021-05-01,45.21335801395498,2.211735743430852,5.624999368032559,82.65949108469539
145,6,1,5715.17,242152.6,0,2875,43612,2,2021-06-01,42.37014821956302,2.3601522345826558,5.552430523709071,84.22699130434783
145,7,1,5049.4,216997.39,0,2950,52835,6,2021-07-01,42.974886125084176,2.32694043002084,4.107076559099082,73.5584372881356
145,8,1,4650.59,232865.51,0,3005,37704,3,2021-08-01,50.07225104771653,1.9971141282365088,6.17614868448971,77.49268219633943
145,9,1,3615.72,225988.43,0,3333,59738,4,2021-09-01,62.50164006062416,1.599958015549734,3.7829929023402187,67.80330933093309
145,10,1,4687.76,233161.4,0,2896,35384,7,2021-10-01,49.73833984674983,2.0105214671039033,6.589458512321953,80.51153314917127
145,11,1,18486.15,503511.54,1,4507,37043,6,2021-11-01,27.237231116268124,3.671445147016889,13.592623167670004,111.71767029065897
145,12,1,21604.25,534242.56,1,4869,45442,2,2021-12-01,24.728586273534145,4.043902829456343,11.756581136393645,109.72326144998975
145,1,2,19506.24,528830.63,1,4738,50424,3,2022-01-01,27.110844017094013,3.688560929233619,10.487677098207204,111.61473828619671
145,2,2,4700.21,224502.71,0,2926,29191,7,2022-02-01,47.76439988851562,2.0936094713511477,7.690819430646432,76.72683185235816
145,3,2,6674.7,267965.36,0,3353,52716,2,2022-03-01,40.14642755479647,2.4908816572410704,5.0831884057971015,79.91809126155681
145,4,2,6558.05,230984.53,0,2670,44372,6,2022-04-01,35.221526215872096,2.8391728225262534,5.205637113494997,86.51105992509363
145,5,2,5852.43,244658.42,0,2978,53747,4,2022-05-01,41.8045871543957,2.39208198924852,4.552038625411651,82.155278710544
145,6,2,5624.86,227160.61,0,2486,38527,5,2022-06-01,40.385113585049226,2.4761599293116885,5.896140628650037,91.37594931617055
145,7,2,3480.65,201761.78,0,2190,45979,8,2022-07-01,57.96669587577033,1.7251285154205123,4.388128928423845,92.12866666666666
145,8,2,3623.73,223247.2,0,3106,45161,8,2022-08-01,61.60701818292202,1.6231916906460642,4.94336263590266,71.87611075338056
145,9,2,4047.65,233288.46,0,3214,62704,5,2022-09-01,57.63553172828678,1.7350408159923558,3.720471740239857,72.58508400746733
145,10,2,5056.21,248259.98,0,2902,35783,4,2022-10-01,49.10001364658509,2.0366593117424725,6.937930861023391,85.54789110957961
145,11,2,19327.85,511698.96,1,5478,36892,4,2022-11-01,26.474696357846323,3.7771915737331176,13.870187574541907,93.40981380065718
145,12,2,19125.95,487578.85,1,4321,46237,5,2022-12-01,25.49305263267968,3.922637333428224,10.545209464281852,112.83935431613052
145,1,3,19145.67,522109.38,1,5155,53695,2,2023-01-01,27.270363481664525,3.6669844927896142,9.723612626874012,101.28212997090203
145,2,3,3546.87,212945.67,0,2975,31651,5,2023-02-01,60.03763036141726,1.6656220340145915,6.72792865944204,71.57837647058824
145,3,3,3803.03,208111.67,0,2455,56735,3,2023-03-01,54.722594878294416,1.8273987230028956,3.6681355424341238,84.77053767820775
145,4,3,5818.5,259423.45,0,3252,39830,6,2023-04-01,44.58596717367019,2.242858153339646,6.513267637459202,79.77350861008611
145,5,3,4302.17,250661.14,0,3286,46443,3,2023-05-01,58.26388543455977,1.7163290648083702,5.397178046207179,76.2815398660986
145,6,3,4649.07,231912.15,0,2896,54174,6,2023-06-01,49.88355735663262,2.0046685781663443,4.280875512238343,80.08016229281768
145,7,3,4505.98,237220.38,0,3017,37569,6,2023-07-01,52.645679741143994,1.8994910976873065,6.314258564241795,78.62790188929401
145,8,3,6413.79,224314.41,0,2067,42097,6,2023-08-01,34.97376901956566,2.8592857676865253,5.328512958168041,108.52172714078375
145,9,3,4542.87,248920.16,0,3301,35977,3,2023-09-01,54.79359083574921,1.8250309657522314,6.918869277594019,75.40750075734626
145,10,3,2940.4,208514.35,0,2543,31136,5,2023-10-01,70.91360019045028,1.4101667343278772,6.696889452723536,81.99541879669681
145,11,3,19051.33,506238.45,1,4458,54503,5,2023-11-01,26.572341668534428,3.763311538268182,9.28826761829624,113.55730148048453
145,12,3,17490.35,499897.36,1,4679,46102,8,2023-12-01,28.581323987227243,3.4987882312481102,10.843290095874366,106.83850395383628
146,1,1,18330.37,494575.84,1,4589,48511,8,2021-01-01,26.981225147119236,3.706280921445738,10.195127702995197,107.77420788842886
146,2,1,3911.84,235241.69,0,3992,44884,4,2021-02-01,60.13581588204016,1.662902523783093,5.241103511273505,58.92827905811623
146,3,1,5277.19,230117.46,0,2198,43697,5,2021-03-01,43.606059285339356,2.2932592772404146,5.266207291118383,104.69402183803457
146,4,1,5112.14,219391.26,0,2436,43373,4,2021-04-01,42.915737831906014,2.330147518182812,5.058244991123511,90.06209359605911
146,5,1,4817.16,239813.21,0,2960,49923,8,2021-05-01,49.7831107955725,2.0087133648726025,4.803661839232418,81.01797635135135
146,6,1,6574.03,238560.59,0,2696,42209,4,2021-06-01,36.28833303164117,2.755706632013276,5.651889170556043,88.48686572700296
146,7,1,6301.45,228457.24,0,2118,38057,3,2021-07-01,36.25470963032318,2.758262333905461,6.00302808944478,107.86460812086874
146,8,1,4765.7,233838.95,0,3525,45217,6,2021-08-01,49.067073042784905,2.038026599075988,5.171483070526572,66.33729078014184
146,9,1,7825.14,281491.07,0,3580,43797,5,2021-09-01,35.972656080274604,2.7798892519041543,6.4271769755919355,78.6287905027933
146,10,1,5906.4,254817.86,0,3119,58452,4,2021-10-01,43.14266896925369,2.317890904507243,4.359437829330048,81.69857646681628
146,11,1,18993.13,514253.27,1,5021,50869,6,2021-11-01,27.075751600710362,3.69334160967027,10.109364642513123,102.42048795060745
146,12,1,19582.91,523684.3,1,4841,49035,7,2021-12-01,26.74190403775537,3.7394495118528472,10.679806260834098,108.17688494112787
146,1,2,18971.3,520870.14,1,5255,61000,4,2022-01-01,27.4556904376611,3.642232207820552,8.538854754098361,99.11896098953378
146,2,2,7165.09,260353.97,0,3365,37400,4,2022-02-01,36.33645495032163,2.752057132065242,6.961336096256685,77.37116493313522
146,3,2,3337.54,224190.54,0,3160,45052,4,2022-03-01,67.17239044326061,1.488706882993368,4.976261653200746,70.94637341772152
146,4,2,6060.78,248158.25,0,2284,33457,3,2022-04-01,40.94493613033306,2.4423044569342345,7.417229578264638,108.65072241681261
146,5,2,4950.66,235688.43,0,2533,53024,3,2022-05-01,47.607476578880394,2.1005104068960874,4.4449387070006035,93.04714962495065
146,6,2,3478.28,201263.08,0,2734,49140,8,2022-06-01,57.862817254505096,1.7282255642714006,4.095707773707773,73.61487929773226
146,7,2,7277.59,281315.66,0,3267,49409,6,2022-07-01,38.65505751217092,2.5869836041121923,5.693611690177902,86.1082522191613
146,8,2,4533.16,221287.28,0,2975,33354,2,2022-08-01,48.81523705318145,2.0485407023847007,6.634505006895725,74.38227899159664
146,9,2,2035.04,196788.59,0,2835,37509,6,2022-09-01,96.70010908876483,1.034124996779539,5.246436588552081,69.41396472663139
146,10,2,5682.04,216247.67,0,1880,42438,3,2022-10-01,38.058104131614705,2.627561258810326,5.095614072293699,115.02535638297873
146,11,2,19111.93,498268.52,1,4566,44457,3,2022-11-01,26.071072884842085,3.8356687675151537,11.207875475178263,109.12582566798073
146,12,2,18830.73,523294.02,1,4958,42228,4,2022-12-01,27.78936451215646,3.5984989853314198,12.392109974424553,105.54538523598225
146,1,3,19248.61,515206.86,1,5079,49035,8,2023-01-01,26.765925435654832,3.736093498444489,10.506920770877944,101.43864146485528
146,2,3,4403.54,220256.11,0,2811,50191,8,2023-02-01,50.017965091721656,1.9992816544340133,4.388358669881054,78.3550729277837
146,3,3,4382.3,231461.27,0,2605,40954,3,2023-03-01,52.81730369897085,1.8933189124901977,5.651737803389168,88.85269481765835
146,4,3,5161.92,259925.14,0,3871,40456,7,2023-04-01,50.354352643977435,1.985925639974648,6.424884813130315,67.14676827693103
146,5,3,5564.27,237794.75,0,2693,37044,3,2023-05-01,42.736019280157144,2.3399465295175776,6.4192514307310224,88.30105829929447
146,6,3,4965.7,232615.33,0,3380,51161,2,2023-06-01,46.84441871236684,2.134726030309352,4.546731494693223,68.82110355029586
146,7,3,4868.76,239393.63,0,2602,54638,5,2023-07-01,49.16932237366393,2.033788451263302,4.381449357589956,92.00370099923136
146,8,3,5322.05,248594.19,0,2737,52900,3,2023-08-01,46.71023195948929,2.1408585614973545,4.699323062381852,90.82725246620387
146,9,3,4888.93,228682.02,0,3101,45369,7,2023-09-01,46.775474388056274,2.137872492118095,5.040490643390862,73.74460496613995
146,10,3,4309.16,207974.49,0,2253,47469,2,2023-10-01,48.26334830918323,2.071965653095243,4.381269670732478,92.31002663115845
146,11,3,20994.29,541582.57,1,4964,45417,8,2023-11-01,25.79666042528706,3.876470766036655,11.924666314375672,109.10204875100725
146,12,3,19770.22,534349.4,1,5843,41488,7,2023-12-01,27.027994630307603,3.6998675398531375,12.8796133821828,91.45120657196647
147,1,1,16565.2,474068.8,1,4775,62164,3,2021-01-01,28.61835655470504,3.494260748650829,7.626098706646934,99.28142408376964
147,2,1,3717.38,200818.83,0,1996,37389,6,2021-02-01,54.02160392534527,1.8511112727825376,5.3710671587900185,100.61063627254508
147,3,1,4938.04,212303.23,0,1980,54567,8,2021-03-01,42.99342046641988,2.3259372926167914,3.890689061154178,107.22385353535354
147,4,1,6380.49,250014.22,0,3130,47812,6,2021-04-01,39.18417237547587,2.552050839348258,5.229110265205388,79.87674760383386
147,5,1,5956.12,241099.99,0,2614,48302,8,2021-05-01,40.47937079843925,2.470394129837998,4.991511531613598,92.23412012241775
147,6,1,5386.1,252986.63,0,2893,44709,7,2021-06-01,46.97028090826386,2.129005789752605,5.658516853429958,87.4478499827169
147,7,1,5308.93,215369.17,0,2702,42084,8,2021-07-01,40.567340311512865,2.4650371267159548,5.117602176599183,79.70731680236862
147,8,1,4409.42,223816.71,0,2745,52045,3,2021-08-01,50.75876419120882,1.970103125901547,4.300445960226726,81.53614207650273
147,9,1,3261.18,222700.12,0,3643,47652,6,2021-09-01,68.28820242979535,1.4643817883887984,4.67346847981197,61.13096898160856
147,10,1,4563.05,228689.16,0,2478,45827,2,2021-10-01,50.11760993195341,1.9953066424311499,4.990271237480088,92.2877966101695
147,11,1,19276.16,509622.38,1,4563,43340,5,2021-11-01,26.437961710216143,3.7824398528180807,11.758707429626211,111.68581634889327
147,12,1,18732.41,499331.86,1,4035,45666,4,2021-12-01,26.65603945247835,3.751495047802478,10.934433933342092,123.7501511771995
147,1,2,20561.38,546140.93,1,5289,46926,5,2022-01-01,26.561491981569333,3.764848754331597,11.63834398840728,103.25977122329364
147,2,2,4489.42,216769.55,0,2910,62163,2,2022-02-01,48.28453341411585,2.0710565667548786,3.4871153258369123,74.49125429553264
147,3,2,4057.32,221746.56,0,2795,42009,3,2022-03-01,54.65345597586584,1.8297104586425152,5.2785488823823465,79.33687298747763
147,4,2,4826.55,228871.19,0,2776,38788,4,2022-04-01,47.41921040909138,2.1088499605389392,5.90056692791585,82.44639409221902
147,5,2,3488.57,213383.81,0,3086,39867,5,2022-05-01,61.166555350759765,1.6348803594799437,5.352391953244538,69.14575826312378
147,6,2,3945.64,219944.78,0,3479,36808,7,2022-06-01,55.74375259780416,1.7939230019462158,5.975461312758096,63.22068985340615
147,7,2,4899.75,220641.53,0,2469,46106,2,2022-07-01,45.031181182713404,2.2206834769501462,4.7855274801544265,89.36473471040907
147,8,2,2928.4,202469.24,0,2302,39182,4,2022-08-01,69.13988526157628,1.446343158101448,5.167404420397121,87.95362293657689
147,9,2,5945.0,248345.66,0,3122,44676,5,2022-09-01,41.773870479394446,2.3938409070647744,5.558815919061689,79.54697629724535
147,10,2,4317.78,228497.37,0,3357,36809,7,2022-10-01,52.92010477606548,1.8896410054960369,6.2076494878969815,68.06594280607685
147,11,2,19344.65,535782.15,1,5258,33526,2,2022-11-01,27.696657732241214,3.6105439496257947,15.981093777963373,101.89846899961964
147,12,2,19600.47,528144.13,1,4983,40597,3,2022-12-01,26.94548293994991,3.7111971688485874,13.009437396851984,105.98918924342766
147,1,3,18894.04,518902.02,1,4714,29019,4,2023-01-01,27.46379387362364,3.641157534904181,17.881457665667323,110.07679677556216
147,2,3,4438.28,229645.62,0,2279,42821,3,2023-02-01,51.74203069657615,1.9326647727920958,5.362920529646669,100.7659587538394
147,3,3,6012.14,248557.09,0,3703,48395,7,2023-03-01,41.34253194370058,2.4188165382850277,5.136007645417915,67.12316770186335
147,4,3,4531.02,238912.1,0,3079,36843,6,2023-04-01,52.72810537141747,1.896521775163334,6.484599516868876,77.5940565118545
147,5,3,2968.06,189171.13,0,2832,53819,7,2023-05-01,63.735615182981476,1.5689814825338304,3.51495066797971,66.79771539548022
147,6,3,5400.29,246693.25,0,3264,54619,8,2023-06-01,45.681481920415386,2.189070840000689,4.5166196744722535,75.58003982843137
147,7,3,6186.92,248297.26,0,3157,51995,5,2023-07-01,40.132612026662706,2.4917391355828893,4.775406481392442,78.64974976243269
147,8,3,3900.67,213010.18,0,2897,46600,4,2023-08-01,54.60861339205829,1.8312129495407214,4.571033905579399,73.52784949948222
147,9,3,5453.04,251476.74,0,3693,37864,8,2023-09-01,46.116797236037144,2.168407304786916,6.641578808366786,68.09551584077985
147,10,3,3908.32,226418.36,0,3068,47631,6,2023-10-01,57.93240062226224,1.7261497698331532,4.753592408305515,73.79998696219035
147,11,3,18338.32,503874.11,1,4782,58925,5,2023-11-01,27.476568736939917,3.6394646273848044,8.551109206618582,105.36890631534922
147,12,3,18670.4,495769.86,1,4630,47062,2,2023-12-01,26.553788885080124,3.765940914600981,10.534398453104416,107.07772354211663
148,1,1,18771.49,499370.57,1,4664,64479,5,2021-01-01,26.602606932108213,3.7590300926223987,7.74470091037392,107.06916166380789
148,2,1,3484.3,215336.27,0,2988,39892,5,2021-02-01,61.80187412105731,1.6180739083109412,5.397981299508674,72.06702476572958
148,3,1,4364.09,218724.03,0,2784,41663,3,2021-03-01,50.11904658244903,1.9952494474429718,5.249838705806111,78.56466594827586
148,4,1,7615.71,268050.68,0,2556,47212,6,2021-04-01,35.197070266593656,2.8411455624734847,5.67759637380327,104.87115805946792
148,5,1,5081.89,253241.6,0,3576,40458,3,2021-05-01,49.832168740370214,2.006735860143041,6.259370211083099,70.81700223713646
148,6,1,5708.46,246074.93,0,2983,42253,8,2021-06-01,43.10706039807584,2.319805597425142,5.823845170757106,82.49243379148508
148,7,1,5213.05,223968.32,0,2092,44007,5,2021-07-01,42.96301013801901,2.327583651116372,5.089379416910946,107.05942638623327
148,8,1,4825.37,221258.8,0,2499,47049,8,2021-08-01,45.85322990775837,2.1808714500846973,4.702731195136985,88.53893557422968
148,9,1,5339.82,245988.09,0,2528,52318,7,2021-09-01,46.066738204658584,2.170763633312491,4.701786956687947,97.30541534810126
148,10,1,5419.58,236011.64,0,2989,54603,7,2021-10-01,43.547957590809624,2.2963189442690197,4.322320019046573,78.96006691201072
148,11,1,19265.58,511078.15,1,4576,46931,6,2021-11-01,26.528043796241793,3.7695957066448647,10.88999062453389,111.68665865384615
148,12,1,17383.82,503106.63,1,4912,44261,2,2021-12-01,28.941086021369298,3.4552953516036946,11.366815706829941,102.4239881921824
148,1,2,18877.37,506231.73,1,4865,37223,4,2022-01-01,26.816856903265656,3.7289977852632825,13.599971254331999,104.05585405960944
148,2,2,6514.06,248977.08,0,2614,44954,8,2022-02-01,38.221490130579085,2.6163291817865324,5.538485563019976,95.2475439938791
148,3,2,5518.24,237575.93,0,2786,51819,7,2022-03-01,43.05284474760069,2.322726885673982,4.584726258708196,85.27492103374013
148,4,2,3461.71,223425.29,0,3035,41446,2,2022-04-01,64.54188536879172,1.5493814509539183,5.390756405925783,73.61624052718287
148,5,2,4186.64,238524.66,0,3401,36264,8,2022-05-01,56.97281352110522,1.755223128711304,6.577450363997353,70.13368421052631
148,6,2,5070.66,245310.26,0,2898,71619,6,2022-06-01,48.37836889083473,2.067039511514928,3.425212024742038,84.64812284334023
148,7,2,5099.17,243425.62,0,3453,49268,5,2022-07-01,47.7382828970205,2.094754857767231,4.94084639116668,70.49684911671011
148,8,2,4567.18,231102.66,0,3253,38018,3,2022-08-01,50.600733932098144,1.9762559202044667,6.078769530222527,71.04293267752844
148,9,2,4276.36,217519.35,0,2109,51871,3,2022-09-01,50.865537513212175,1.9659676254089578,4.193467448092383,103.13862019914652
148,10,2,4752.31,216717.71,0,2166,45191,2,2022-10-01,45.60260378636915,2.192857242723726,4.795594476776349,100.05434441366575
148,11,2,18757.21,521586.32,1,5033,44383,6,2022-11-01,27.80724425434273,3.5961851913600804,11.75193925602145,103.63328432346513
148,12,2,18498.64,504728.19,1,4768,63042,7,2022-12-01,27.284610652458777,3.6650697081135886,8.006221090701438,105.85742239932885
148,1,3,19507.55,521555.43,1,5228,42665,5,2023-01-01,26.736080645698717,3.740264002236541,12.22443290753545,99.76194146901301
148,2,3,4058.94,233471.84,0,3348,36876,6,2023-02-01,57.520396950928074,1.7385137325340823,6.3312680334092635,69.7347192353644
148,3,3,4649.87,241009.61,0,3120,47580,6,2023-03-01,51.83147270783914,1.9293297059814338,5.065355401429172,77.24666987179486
148,4,3,3644.56,227970.38,0,2896,38022,4,2023-04-01,62.55086485062669,1.598698918692858,5.995749303035085,78.71905386740332
148,5,3,5594.15,226284.65,0,2512,47181,8,2023-05-01,40.4502292573492,2.472173874807681,4.796096945804455,90.08146894904458
148,6,3,3949.78,206045.24,0,2393,59959,3,2023-06-01,52.16625736116948,1.9169479479360942,3.4364355643022733,86.10331801086502
148,7,3,3103.63,208642.41,0,2949,43248,4,2023-07-01,67.22528458611367,1.48753553987418,4.824325055493896,70.75022380467955
148,8,3,4322.02,218968.51,0,3071,50448,8,2023-08-01,50.66346523153525,1.9738089280508873,4.3404795036473205,71.30202214262455
148,9,3,4878.89,224902.19,0,2885,34500,7,2023-09-01,46.096999522432355,2.1693385911448884,6.518904057971015,77.95569844020797
148,10,3,2924.38,201854.83,0,2378,39935,6,2023-10-01,69.0248291945643,1.4487540377408854,5.054584449730812,84.88428511354078
148,11,3,20123.14,522696.42,1,4678,48197,2,2023-11-01,25.974893580226546,3.849871403366413,10.84499906633193,111.73501923899101
148,12,3,19431.62,528827.63,1,5450,56088,5,2023-12-01,27.214798869059813,3.6744713962846456,9.428534267579519,97.03259266055046
149,1,1,19468.87,520107.1,1,4777,37099,8,2021-01-01,26.71480676587804,3.7432424975548306,14.01943718159519,108.8773498011304
149,2,1,4885.48,218345.07,0,2563,57991,7,2021-02-01,44.69265456004324,2.2375041488227785,3.765154420513528,85.19120952009364
149,3,1,4250.03,240448.47,0,2570,57569,7,2021-03-01,56.575711230273676,1.767542958372744,4.1767004811617365,93.55971595330739
149,4,1,3484.96,205605.98,0,3176,39135,7,2021-04-01,58.99808893071944,1.6949701560236718,5.253762105532132,64.7373992443325
149,5,1,2743.7,193405.34,0,2838,50824,2,2021-05-01,70.49070233626125,1.4186268073053205,3.8053939083897372,68.1484637068358
149,6,1,6409.1,249427.63,0,2752,67301,7,2021-06-01,38.91773103867938,2.5695228712232083,3.7061504286711937,90.63503997093024
149,7,1,4441.56,212736.22,0,2310,28040,5,2021-07-01,47.89673448067796,2.0878250069499216,7.586883737517832,92.09360173160174
149,8,1,3607.09,222047.14,0,2647,39013,4,2021-08-01,61.55852501601014,1.6244703714715714,5.691619203855126,83.88633925198339
149,9,1,5703.34,225635.39,0,2445,42790,3,2021-09-01,39.561974211602326,2.527679722582526,5.273086936200047,92.28441308793457
149,10,1,4612.96,245938.35,0,3191,40362,7,2021-10-01,53.31465046304325,1.8756570498256981,6.09331425598335,77.07250078345346
149,11,1,19387.22,509722.36,1,4612,50767,2,2021-11-01,26.291668428996008,3.803486274371013,10.040427049067308,110.5208933217693
149,12,1,19142.67,527319.86,1,5850,44889,7,2021-12-01,27.546829151837233,3.630181878604003,11.747195526743745,90.140147008547
149,1,2,16524.0,488476.6,1,5060,52712,2,2022-01-01,29.561643669813602,3.382761835469703,9.266895583548338,96.53687747035573
149,2,2,5017.11,230374.2,0,2368,50935,4,2022-02-01,45.917709597756485,2.177808973400667,4.522905664081673,97.28640202702704
149,3,2,3035.62,208878.82,0,2420,40718,7,2022-03-01,68.80927784110001,1.453292392210948,5.129888992583133,86.31356198347108
149,4,2,5584.84,224109.12,0,2149,53778,3,2022-04-01,40.128118263012006,2.4920181740038068,4.167301126854848,104.28530479292694
149,5,2,5308.6,242436.66,0,2938,47541,6,2022-05-01,45.668662170817164,2.189685338842731,5.09952798636966,82.51758339006126
149,6,2,1803.79,169804.68,0,2422,47769,8,2022-06-01,94.13772113161731,1.0622734308618587,3.554704515480751,70.10928158546655
149,7,2,4769.51,228516.5,0,3025,41657,3,2022-07-01,47.91194483290736,2.087162196165266,5.485668675132631,75.54264462809917
149,8,2,2275.95,196493.75,0,2404,31887,8,2022-08-01,86.33482721500913,1.1582811158115716,6.162189920657321,81.73616888519135
149,9,2,5481.08,232127.77,0,2631,52756,7,2022-09-01,42.350735621446866,2.361234073803406,4.400025968610206,88.22796275180539
149,10,2,4380.03,213429.41,0,2817,45744,6,2022-10-01,48.72784204674397,2.052214828312555,4.665735615599861,75.76478878239261
149,11,2,18491.04,506535.07,1,5306,57748,3,2022-11-01,27.39354141248951,3.650495512581192,8.771473817275057,95.46458160572936
149,12,2,18808.91,498727.45,1,4778,43593,4,2022-12-01,26.515489201660277,3.771380540613917,11.440539765558691,104.3799602344077
149,1,3,18487.87,495393.15,1,4408,45399,4,2023-01-01,26.795577316370142,3.7319591520391424,10.911983744135334,112.3850158802178
149,2,3,6281.98,247549.75,0,2422,51241,8,2023-02-01,39.406325712593805,2.53766364134886,4.831087410472083,102.20881502890174
149,3,3,5063.49,215493.0,0,2661,35918,6,2023-03-01,42.55819602685105,2.3497236569169297,5.9995823820925445,80.98196166854567
149,4,3,5447.29,231542.05,0,3357,42354,6,2023-04-01,42.50591578564754,2.3526137045085336,5.466828398734476,68.97290735775991
149,5,3,4402.83,221126.45,0,2429,29754,8,2023-05-01,50.223708387559824,1.991091522520259,7.43182261208577,91.03600247015233
149,6,3,4570.01,224061.75,0,2825,48747,2,2023-06-01,49.028722037807356,2.0396207741839025,4.5964213182349685,79.31389380530973
149,7,3,8338.62,283250.31,0,2763,48245,6,2023-07-01,33.96848759147197,2.9439049863705358,5.871081148305524,102.51549402823018
149,8,3,4390.02,220505.34,0,2088,43855,3,2023-08-01,50.22877800101138,1.9908905607456038,5.028054725800935,105.60600574712643
149,9,3,3157.96,222747.85,0,2673,48714,2,2023-09-01,70.53536143586366,1.4177286110730138,4.572563328817178,83.33252899364011
149,10,3,5031.69,222715.75,0,2820,37012,3,2023-10-01,44.2626135552866,2.259243003694171,6.017393007673187,78.97721631205674
149,11,3,18167.98,509929.31,1,4886,33379,8,2023-11-01,28.067474204617135,3.5628428575717677,15.276949878666228,104.36539295947605
149,12,3,18971.23,522567.56,1,5185,50108,7,2023-12-01,27.545265119868347,3.630388001888215,10.428824938133632,100.78448601735776
150,1,1,18447.78,499962.63,1,4650,39138,7,2021-01-01,27.10150652273607,3.6898317780270897,12.774353058408709,107.51884516129033
150,2,1,6667.2,244209.12,0,2734,55027,4,2021-02-01,36.628437724982,2.7301191699965996,4.437987169934759,89.32301389904902
150,3,1,5784.26,234503.08,0,2096,39308,2,2021-03-01,40.54158699643515,2.4666029972825942,5.965785081917167,111.88124045801526
150,4,1,3004.45,200094.39,0,2387,38963,8,2021-04-01,66.59934097754997,1.5015163593542027,5.1354975232913285,83.82672392124006
150,5,1,5758.48,226841.79,0,2782,51312,3,2021-05-01,39.392650491101826,2.5385445953322794,4.420833138447147,81.53910496046011
150,6,1,4405.53,205727.82,0,2549,52591,4,2021-06-01,46.697632293957824,2.141436194677025,3.911844612196003,80.70922714790115
150,7,1,4785.52,231422.51,0,3123,40381,4,2021-07-01,48.35890561527274,2.0678714443119643,5.730975211114138,74.1026288824848
150,8,1,6412.63,252046.66,0,3345,34578,5,2021-08-01,39.30472520635059,2.5442233592780004,7.28922031349413,75.35027204783259
150,9,1,4012.94,216748.76,0,2864,46374,5,2021-09-01,54.01245969289349,1.851424663282964,4.673928494414974,75.68043296089385
150,10,1,4636.54,228002.09,0,2394,60695,2,2021-10-01,49.17505079218555,2.0335515345495296,3.75652178927424,95.23896825396825
150,11,1,19190.6,527244.54,1,5410,47903,7,2021-11-01,27.474103988410995,3.6397911299375427,11.006503559276037,97.45740110905732
150,12,1,16467.35,495400.06,1,5040,32466,5,2021-12-01,30.08377547085597,3.324050869109705,15.25904207478593,98.2936626984127
150,1,2,19124.26,486399.4,1,3946,46565,5,2022-01-01,25.43363246473328,3.931801725084364,10.445600773112853,123.26391282311202
150,2,2,8246.17,272913.93,0,2940,46648,6,2022-02-01,33.09584085702817,3.0215277028915306,5.85049584119362,92.82786734693877
150,3,2,4931.73,241440.65,0,3339,33010,2,2022-03-01,48.95658318683302,2.0426262106236046,7.3141669191154195,72.30926924228811
150,4,2,5479.13,231910.53,0,2913,58650,7,2022-04-01,42.32615944502138,2.3626050960256095,3.954143734015345,79.61226570545828
150,5,2,3194.17,208401.19,0,2553,51537,2,2022-05-01,65.24423872242241,1.5327023804422615,4.043719851756991,81.62992166079123
150,6,2,4003.46,208395.61,0,2367,48506,4,2022-06-01,52.05387589734879,1.9210865334447307,4.296285201830701,88.04208280523869
150,7,2,6656.36,269513.97,0,2582,57151,5,2022-07-01,40.48969256470503,2.469764368800623,4.715822470297982,104.38186289697907
150,8,2,4300.95,232374.46,0,2818,57015,3,2022-08-01,54.02863553400993,1.8508703581279973,4.075672366920986,82.46077359829665
150,9,2,5730.12,223149.0,0,2476,44852,4,2022-09-01,38.943163493958245,2.567844803248054,4.975229644163025,90.12479806138934
150,10,2,4556.56,207653.93,0,2453,49891,7,2022-10-01,45.57252181470231,2.194304726137377,4.1621520915596,84.65304932735425
150,11,2,19516.05,522395.81,1,4971,44048,7,2022-11-01,26.767497008872187,3.7358741449323642,11.859694197239374,105.08867632267149
150,12,2,19947.61,514481.8,1,4692,41713,4,2022-12-01,25.791651230398028,3.8772236452290443,12.333847961067294,109.65085251491901
150,1,3,19073.62,495217.55,1,4841,32965,6,2023-01-01,25.963479926726023,3.851563822808784,15.022525405733353,102.29653997108035
150,2,3,5618.54,214801.7,0,2371,33626,5,2023-02-01,38.23087492480253,2.61568693357641,6.387964670195682,90.5954027836356
150,3,3,4486.89,226438.42,0,2768,50742,8,2023-03-01,50.46667513578447,1.9815056119893437,4.462544243427535,81.80578757225435
150,4,3,2196.06,213386.53,0,3214,44139,4,2023-04-01,97.16789614127119,1.0291464976725568,4.83442148666712,66.39282202862476
150,5,3,4536.73,220716.94,0,2960,44735,3,2023-05-01,48.65110773618885,2.055451656769072,4.933875936067956,74.56653378378378
150,6,3,4235.0,208693.21,0,2313,43908,8,2023-06-01,49.27820779220779,2.02929458030762,4.752965518812061,90.22620406398616
150,7,3,4194.02,222399.4,0,3095,47044,4,2023-07-01,53.02773949575824,1.8858054473168546,4.727476405067597,71.85764135702746
150,8,3,3742.37,225193.93,0,2701,49672,3,2023-08-01,60.17414900183574,1.661843194441342,4.533619141568691,83.37427989633468
150,9,3,5710.8,246233.29,0,3033,23096,5,2023-09-01,43.11712719759053,2.319263979293783,10.661295895393142,81.18473128915265
150,10,3,5104.2,234837.15,0,2635,44511,7,2023-10-01,46.0086105560127,2.1735061935473157,5.275935162094763,89.12225806451613
150,11,3,18842.72,513129.82,1,4433,40159,3,2023-11-01,27.232258400061138,3.6721155671677788,12.777455115914242,115.75227159936837
150,12,3,17384.52,512982.03,1,6194,41063,8,2023-12-01,29.507977787134763,3.3889140327196254,12.492560942941335,82.81918469486601
151,1,1,19054.05,525455.09,1,5439,54911,7,2021-01-01,27.57708151285422,3.626199529249969,9.569213636611972,96.60876815591101
151,2,1,4451.3,209455.53,0,2515,24944,4,2021-02-01,47.054912048165704,2.125176642507362,8.39703054842848,83.28251689860835
151,3,1,4920.18,237047.0,0,3057,29948,3,2021-03-01,48.178521923994644,2.075613696861804,7.9152864965940966,77.54236179260712
151,4,1,7082.12,249568.78,0,2781,59938,8,2021-04-01,35.23927581006817,2.8377427657417726,4.163782241649705,89.74066163250629
151,5,1,5236.42,244405.31,0,3443,59097,6,2021-05-01,46.674122778539534,2.1425148250666077,4.135663570062778,70.9861487075225
151,6,1,6395.87,246005.41,0,2542,40634,3,2021-06-01,38.46316607435736,2.599889978029345,6.054176551656249,96.7763217938631
151,7,1,4555.21,228371.92,0,2578,37592,8,2021-07-01,50.13422432774779,1.9946454012384711,6.075013832730368,88.58491854150505
151,8,1,5280.61,228700.03,0,2455,52213,4,2021-08-01,43.30939607355969,2.308967777573094,4.380135789937372,93.1568350305499
151,9,1,3734.1,220753.11,0,3210,51746,7,2021-09-01,59.118156985619024,1.6915276980695764,4.266090325822286,68.77043925233644
151,10,1,5196.4,248942.38,0,2942,55916,3,2021-10-01,47.9067007928566,2.0873906644581766,4.452077759496388,84.61671651937458
151,11,1,17833.31,503180.92,1,4717,40699,5,2021-11-01,28.215789441219826,3.544114908013603,12.363471338362121,106.67392834428662
151,12,1,20197.27,504924.68,1,3892,40971,8,2021-12-01,24.999649952691627,4.000056008353563,12.32395303995509,129.73398766700925
151,1,2,20654.34,559927.19,1,5429,62581,4,2022-01-01,27.109420586666044,3.688754603969134,8.947239417714641,103.13634002578743
151,2,2,5975.26,254456.83,0,2960,44615,4,2022-02-01,42.585064080893545,2.348241153519047,5.703391908550936,85.96514527027027
151,3,2,4497.84,233635.94,0,2784,41129,7,2022-03-01,51.94403091261583,1.9251490160289553,5.6805645651486785,83.92095545977011
151,4,2,4173.44,215563.5,0,2905,59615,4,2022-04-01,51.651275686244446,1.9360606039519674,3.6159271995303195,74.20430292598968
151,5,2,6577.23,241186.12,0,3141,35957,7,2022-05-01,36.669862540917684,2.72703503833471,6.707626331451456,76.78641197070996
151,6,2,5062.77,226616.51,0,2960,54693,8,2022-06-01,44.76136778877966,2.2340693535523957,4.143428043808166,76.55963175675676
151,7,2,4433.77,217591.2,0,2694,38291,4,2022-07-01,49.075888014037716,2.037660530389097,5.682567705204879,80.76881959910914
151,8,2,5546.03,251049.63,0,2986,57632,8,2022-08-01,45.266547422210124,2.2091368945654293,4.356080476124375,84.07556262558607
151,9,2,4296.18,221454.88,0,3431,40306,2,2022-09-01,51.5469277358025,1.9399798279450875,5.494340296730016,64.54528708831245
151,10,2,5312.8,224262.62,0,2942,36582,8,2022-10-01,42.2117565125734,2.3690082636152203,6.130408944289541,76.22794697484704
151,11,2,18176.62,500425.14,1,5068,32434,7,2022-11-01,27.531253885485864,3.632235582728717,15.429029413578345,98.74213496448303
151,12,2,18981.56,519289.83,1,5450,42427,2,2022-12-01,27.357594950046256,3.655292074562677,12.239607561222806,95.2825376146789
151,1,3,18506.86,520390.67,1,5202,53343,4,2023-01-01,28.118798650878645,3.5563397014785068,9.755556867817708,100.03665321030373
151,2,3,4627.84,227702.47,0,2433,39060,4,2023-02-01,49.20275333632969,2.032406587420857,5.82955632360471,93.58917796958488
151,3,3,4522.14,225006.13,0,2331,52131,3,2023-03-01,49.756559947281595,2.0097852445175604,4.316167539467879,96.5277262977263
151,4,3,5053.73,226447.49,0,2478,63285,2,2023-04-01,44.8079913252192,2.231744763432794,3.5782174290906217,91.38316787732042
151,5,3,2584.35,208977.42,0,3417,46407,3,2023-05-01,80.86266179116606,1.2366647076033381,4.503144353222575,61.158156277436355
151,6,3,5996.66,250612.13,0,2958,53651,2,2023-06-01,41.791952520236265,2.3928051686883633,4.671154871297833,84.72350574712644
151,7,3,6706.64,251810.41,0,3224,48800,2,2023-07-01,37.546433087209095,2.663368841661471,5.160049385245902,78.1049658808933
151,8,3,4985.75,223630.71,0,2925,46448,7,2023-08-01,44.85397583111869,2.2294567682587063,4.814646701687909,76.45494358974359
151,9,3,3003.65,185433.6,0,2024,36980,7,2023-09-01,61.73608775989213,1.6197981379857804,5.014429421308816,91.61739130434783
151,10,3,4083.94,223067.88,0,2967,36780,5,2023-10-01,54.620753488053204,1.8308059412229138,6.064923327895595,75.18297269969666
151,11,3,19211.07,507381.18,1,5113,36622,3,2023-11-01,26.41087560453426,3.7863189959075743,13.854545901370761,99.23355759827889
151,12,3,18934.04,519523.09,1,5085,39267,3,2023-12-01,27.43857570808977,3.644504039271864,13.230526650877328,102.16776597836775
152,1,1,20135.54,528573.31,1,4929,52307,6,2021-01-01,26.250764071884838,3.8094129270356083,10.105211730743497,107.23743355650234
152,2,1,2960.89,207514.09,0,3240,48080,7,2021-02-01,70.08503862014462,1.426838052298039,4.316016846921797,64.04755864197531
152,3,1,3917.7,231952.04,0,2715,44302,7,2021-03-01,59.20617709370294,1.6890129528500806,5.23570132273938,85.43353222836096
152,4,1,4093.86,210761.32,0,2759,44938,4,2021-04-01,51.48229788024017,1.942415240139889,4.690046731051671,76.39047480971367
152,5,1,6890.59,251158.57,0,2749,45220,5,2021-05-01,36.44950142150382,2.7435217520150714,5.554147943387882,91.36361222262641
152,6,1,4825.16,231986.64,0,2765,51522,5,2021-06-01,48.078538328262695,2.079930120113813,4.5026714801444045,83.9011356238698
152,7,1,4418.66,207735.71,0,2288,34830,8,2021-07-01,47.013282307305836,2.127058462890179,5.9642753373528565,90.79357954545455
152,8,1,4081.56,216092.4,0,2848,46672,4,2021-08-01,52.94358039573104,1.8888031231084481,4.630022283167638,75.8751404494382
152,9,1,3897.83,213889.66,0,2886,36831,5,2021-09-01,54.874035040009446,1.8223555079754674,5.807326979989683,74.1128413028413
152,10,1,4323.54,218891.88,0,3013,44809,8,2021-10-01,50.62792989078394,1.975194328816583,4.884998103059654,72.64914702953867
152,11,1,19557.84,501723.21,1,4594,43945,4,2021-11-01,25.65330373906321,3.898133395104444,11.417071566731142,109.21271441010013
152,12,1,18772.73,510637.89,1,5282,38928,3,2021-12-01,27.201045878782683,3.6763292281346374,13.11749614673243,96.67510223400228
152,1,2,17896.15,520226.44,1,5809,35927,2,2022-01-01,29.0691819190161,3.4400692898269454,14.480096863083475,89.55524875193665
152,2,2,5962.46,238507.27,0,2917,55036,7,2022-02-01,40.00148764100723,2.49990702589485,4.333659241223926,81.76457661981487
152,3,2,5235.51,259260.77,0,3966,49443,8,2022-03-01,49.51967812113815,2.019399232672186,5.243629431871043,65.37084467977812
152,4,2,6139.14,255281.03,0,3037,48968,3,2022-04-01,41.58253924816831,2.4048555429285132,5.213221491586342,84.05697398748765
152,5,2,6198.44,238970.83,0,2460,61864,6,2022-05-01,38.55338278663664,2.593806114327845,3.862841555670503,97.14261382113821
152,6,2,4614.92,208680.75,0,2822,42409,8,2022-06-01,45.218714517261404,2.211473746380536,4.92067131976703,73.94782069454288
152,7,2,6156.37,255230.67,0,3412,54419,6,2022-07-01,41.457980920574954,2.4120808051790954,4.690102170197909,74.8038305978898
152,8,2,2887.5,203519.95,0,2720,48942,2,2022-08-01,70.48309956709957,1.4187798296923717,4.1583905439091176,74.82351102941178
152,9,2,5449.16,244826.43,0,2831,45643,7,2022-09-01,44.92920560233137,2.2257237504954017,5.36394255417041,86.48054750971387
152,10,2,8090.17,263001.43,0,2962,43166,8,2022-10-01,32.50876433993352,3.0760935406320797,6.092791317240421,88.79183997299123
152,11,2,19403.02,528207.48,1,5309,46946,8,2022-11-01,27.22295189099429,3.6733709261368284,11.251384143484003,99.49283857600301
152,12,2,17688.0,498686.7,1,5202,36533,7,2022-12-01,28.19350407055631,3.5469163304335165,13.650307940765883,95.86441753171857
152,1,3,20583.92,523023.6,1,5382,46864,5,2023-01-01,25.409329223976776,3.935562372328897,11.160455786958005,97.18015607580824
152,2,3,5950.51,231690.34,0,2281,25027,5,2023-02-01,38.93621555127207,2.568303020315823,9.257615375394574,101.5740201665936
152,3,3,4730.4,237392.06,0,3186,44125,5,2023-03-01,50.18435227464908,1.9926529977455858,5.379990028328612,74.51100439422473
152,4,3,6975.7,243003.06,0,2905,47701,6,2023-04-01,34.83565233596628,2.870622287637036,5.094296974906187,83.64993459552495
152,5,3,4454.2,219068.64,0,2772,46583,5,2023-05-01,49.18248843787886,2.033244009731379,4.70275937573793,79.02909090909091
152,6,3,7814.22,279412.79,0,3412,44434,2,2023-06-01,35.756964866614965,2.796657948263571,6.288265517396588,81.89120457209847
152,7,3,6598.82,238156.05,0,2684,49421,5,2023-07-01,36.09070258015827,2.7707967108120917,4.818924141559256,88.73176229508196
152,8,3,5960.58,231236.14,0,2079,47887,5,2023-08-01,38.79423478923192,2.5777026030619608,4.82878735356151,111.22469456469457
152,9,3,5321.55,249616.82,0,3068,49203,7,2023-09-01,46.90678843570012,2.1318875867419513,5.073203259963823,81.36141460234681
152,10,3,4289.77,227555.31,0,2868,34520,5,2023-10-01,53.046039764369645,1.8851548663048119,6.591984646581691,79.34285564853556
152,11,3,17468.33,511605.79,1,5718,29349,2,2023-11-01,29.287618793553815,3.4144121003790837,17.43179631333265,89.4728558936691
152,12,3,19620.6,533796.35,1,5235,43134,3,2023-12-01,27.20591368255813,3.6756714428639308,12.375303704734083,101.96682903533906
153,1,1,19143.4,524937.38,1,4934,34302,4,2021-01-01,27.421324320653593,3.6467968808012876,15.303404466211882,106.39184839886502
153,2,1,4161.04,234173.97,0,3131,49510,5,2021-02-01,56.27775027396997,1.7769011645487327,4.729831751161382,74.79206962631747
153,3,1,3602.35,222559.88,0,3616,44029,3,2021-03-01,61.78185906422197,1.6185981049234928,5.054847486883645,61.54863938053097
153,4,1,4511.99,219786.23,0,2370,46046,7,2021-04-01,48.711595105485614,2.0528993103890083,4.773188333405725,92.736805907173
153,5,1,5098.27,212094.6,0,2443,43659,4,2021-05-01,41.601288280142086,2.4037717131883607,4.857981172266887,86.81727384363488
153,6,1,5072.56,219132.55,0,2860,42770,3,2021-06-01,43.19959744192281,2.3148363855575087,5.123510638297872,76.61977272727272
153,7,1,2608.11,196453.46,0,3061,42610,3,2021-07-01,75.32406992036378,1.3275968771433195,4.610501290776813,64.17950343025154
153,8,1,5752.81,237646.67,0,2643,56004,2,2021-08-01,41.309667797128704,2.4207408418556846,4.243387436611671,89.91550132425274
153,9,1,5563.81,232177.48,0,2430,36149,2,2021-09-01,41.7299440491318,2.3963607495438404,6.422791225206783,95.54628806584363
153,10,1,5006.04,229221.13,0,3483,39540,8,2021-10-01,45.78891299310433,2.183934788210842,5.797196004046535,65.81140683318978
153,11,1,20145.64,539787.97,1,5084,56754,8,2021-11-01,26.794282534583164,3.7321394917341344,9.511011911054727,106.17387293469709
153,12,1,20870.26,532318.9,1,4724,48735,8,2021-12-01,25.506098151149054,3.9206310352685203,10.92272288909408,112.68393310753599
153,1,2,19236.85,510884.45,1,5314,30808,3,2022-01-01,26.55759388881236,3.7654013544550042,16.582850233705532,96.13933948061724
153,2,2,4633.39,227948.14,0,2414,49832,2,2022-02-01,49.196838599815685,2.0326509354276814,4.57433255739284,94.42756420878212
153,3,2,5260.24,242178.32,0,2924,45451,5,2022-03-01,46.03940504615759,2.1720523951111725,5.328338650414732,82.82432284541724
153,4,2,6319.62,255331.05,0,3013,41615,2,2022-04-01,40.40291188394239,2.475069130840139,6.135553286074733,84.74312977099237
153,5,2,2716.65,207702.22,0,2954,45733,5,2022-05-01,76.45527395873594,1.3079542433393345,4.541626834014825,70.31219363574814
153,6,2,5035.35,237865.16,0,3456,46759,2,2022-06-01,47.239051903045464,2.116892612604553,5.0870454885690455,68.82672453703704
153,7,2,3832.44,216316.8,0,2997,43439,2,2022-07-01,56.443623383536334,1.771679314782763,4.979783144179193,72.17777777777778
153,8,2,4965.8,221266.99,0,2559,59676,2,2022-08-01,44.558175923315474,2.24425703987748,3.707805315369663,86.46619382571316
153,9,2,5382.83,214718.34,0,1963,37709,2,2022-09-01,39.8894893578285,2.50692605019208,5.694087353151767,109.3827508914926
153,10,2,8433.22,276494.77,0,2561,59878,3,2022-10-01,32.78638171422067,3.0500468417540043,4.617635358562411,107.96359625146428
153,11,2,18821.11,515041.14,1,5623,59171,6,2022-11-01,27.36507783015986,3.6542925483583697,8.704283179260111,91.59543659967989
153,12,2,17511.38,500285.54,1,5733,37285,8,2022-12-01,28.569167021673902,3.500277061775561,13.417876894193375,87.26417931275074
153,1,3,17835.67,488506.68,1,4947,29124,3,2023-01-01,27.389309176498557,3.65105959247067,16.773337453646477,98.74806549423893
153,2,3,5593.49,248894.08,0,3224,45053,2,2023-02-01,44.49709930651525,2.2473375019606734,5.52447295407631,77.2003970223325
153,3,3,4676.02,211546.96,0,2717,52905,6,2023-03-01,45.2408159075453,2.210393380268854,3.9986194121538605,77.8604931910195
153,4,3,5154.52,236629.35,0,3008,34909,7,2023-04-01,45.90715527342992,2.178309664460474,6.778462574121287,78.66667220744681
153,5,3,5175.28,223869.3,0,2255,47067,2,2023-05-01,43.25742761744292,2.3117417171537142,4.756396201160048,99.27685144124167
153,6,3,4169.45,207138.71,0,2539,49732,3,2023-06-01,49.680104090467566,2.0128782302448442,4.165099131344004,81.5827924379677
153,7,3,4801.19,217340.51,0,3069,52491,5,2023-07-01,45.26805021255148,2.2090635565362384,4.140529043074051,70.81802215705441
153,8,3,5290.45,261423.34,0,3392,29359,4,2023-08-01,49.41419728000454,2.0237098952220562,8.904367996185156,77.07056014150943
153,9,3,5184.38,252479.48,0,2859,47329,5,2023-09-01,48.70003356235461,2.0533866752260423,5.334561896511652,88.31041622945087
153,10,3,4352.0,230466.64,0,2462,37250,4,2023-10-01,52.95648897058824,1.8883427119864287,6.18702389261745,93.60952071486597
153,11,3,19903.62,527830.03,1,4769,48442,5,2023-11-01,26.519297997047776,3.770838881599821,10.896123818174312,110.67939400293564
153,12,3,18400.84,517193.85,1,5567,47465,3,2023-12-01,28.10707826381839,3.5578226616577133,10.896320446644896,92.90351176576253
154,1,1,19883.21,509143.59,1,4864,65172,3,2021-01-01,25.606709882358032,3.9052264214894663,7.81230574479838,104.67590254934211
154,2,1,5664.88,244946.61,0,2853,42703,8,2021-02-01,43.23950551467992,2.312699898153316,5.736051565463784,85.85580441640379
154,3,1,3980.74,221739.99,0,3366,55700,5,2021-03-01,55.7032084486804,1.79522872712315,3.9809692998204667,65.87640819964349
154,4,1,5234.75,231114.14,0,2921,46262,6,2021-04-01,44.14998615024596,2.265006373041476,4.995766287665903,79.12158165011982
154,5,1,3371.83,219522.19,0,3374,33218,3,2021-05-01,65.10476210247847,1.5359859520351906,6.608531218014329,65.06288974510966
154,6,1,4975.71,244386.5,0,3298,42697,8,2021-06-01,49.115905066814584,2.0360003519015986,5.723739372789657,74.10142510612492
154,7,1,3604.25,207506.46,0,2665,48061,6,2021-07-01,57.57271554414927,1.7369338766609965,4.317564345311167,77.86358724202627
154,8,1,6642.65,269413.72,0,2941,55257,8,2021-08-01,40.55816880311321,2.4655945510124724,4.875648696092802,91.60616116967017
154,9,1,4697.34,226997.06,0,2994,41693,2,2021-09-01,48.32459647374897,2.0693395764685234,5.444488523253304,75.81732130928523
154,10,1,3560.19,224581.65,0,2953,48435,6,2021-10-01,63.081366443925745,1.5852541826102,4.636763703933106,76.05203183203521
154,11,1,19593.27,504033.45,1,4265,43220,2,2021-11-01,25.724825411990953,3.887295575323423,11.662041878759833,118.17900351699883
154,12,1,16427.24,499914.78,1,5787,41479,2,2021-12-01,30.43206162447252,3.286008067214976,12.052237999951783,86.38582685329186
154,1,2,18213.93,495396.05,1,4288,38348,3,2022-01-01,27.19874568530789,3.67664013469627,12.91843251277772,115.53079524253731
154,2,2,3008.2,208695.5,0,2336,51867,2,2022-02-01,69.37554019014694,1.4414302177095337,4.023666300345114,89.33882705479452
154,3,2,7454.7,248757.09,0,2609,57249,4,2022-03-01,33.369161736890824,2.9967789058796277,4.3451779070376775,95.3457608279034
154,4,2,6387.67,240454.31,0,2082,45344,5,2022-04-01,37.64350850936257,2.6565005218662954,5.302891452011291,115.4919836695485
154,5,2,5949.38,250905.23,0,3265,51484,8,2022-05-01,42.17334075147326,2.3711661968943414,4.873460298345117,76.84693108728943
154,6,2,4861.09,234949.01,0,2516,46434,5,2022-06-01,48.33257767290875,2.0689978646856186,5.059848602317268,93.38195945945947
154,7,2,7086.36,246586.81,0,2594,40507,8,2022-07-01,34.79738681071806,2.87377901518739,6.087511047473276,95.06045104086353
154,8,2,5342.91,245938.98,0,3318,36748,2,2022-08-01,46.030904507094455,2.1724535085898133,6.692581364972244,74.1226582278481
154,9,2,4429.65,245429.48,0,3293,53707,3,2022-09-01,55.40606594200445,1.804856531497357,4.56978568901633,74.53066504706955
154,10,2,2306.88,180572.09,0,2545,26858,5,2022-10-01,78.27545862810375,1.277539624202168,6.723214312309182,70.95170530451867
154,11,2,18315.23,509779.02,1,5238,62715,5,2022-11-01,27.833612791103363,3.5927782983301273,8.128502272183688,97.32321878579612
154,12,2,19482.88,527917.84,1,5618,38696,7,2022-12-01,27.096499080218116,3.6905136602316757,13.642697953276823,93.96899964400141
154,1,3,19024.23,528729.25,1,6042,46156,2,2023-01-01,27.79241262327043,3.5981043227701135,11.455265837594245,87.50897881496194
154,2,3,2312.19,203766.66,0,3179,35727,5,2023-02-01,88.12712623097583,1.1347243950506918,5.703436056763792,64.09772255426235
154,3,3,3342.22,224876.0,0,3126,40353,7,2023-03-01,67.28342239589256,1.4862502001102829,5.572720739474141,71.93730006397952
154,4,3,5105.62,225198.79,0,3060,45157,7,2023-04-01,44.10802018168215,2.267161382172613,4.98701840246252,73.59437581699346
154,5,3,5557.73,224469.35,0,2260,44024,7,2023-05-01,40.388674872654846,2.4759415929168056,5.098794975467927,99.32272123893806
154,6,3,5020.92,238492.34,0,3098,56366,5,2023-06-01,47.499729133306246,2.105275163135219,4.231138274846539,76.98267914783732
154,7,3,6923.7,259294.58,0,2716,43989,6,2023-07-01,37.45029102936291,2.6702062187339206,5.894532269430994,95.4692857142857
154,8,3,3749.59,224451.36,0,3130,41370,6,2023-08-01,59.86024071965201,1.6705579329080475,5.42546192893401,71.70969968051118
154,9,3,8111.41,280018.77,0,3297,58787,2,2023-09-01,34.5215899578495,2.896737957959032,4.763277085069829,84.93138307552321
154,10,3,4337.31,235564.54,0,3163,31080,8,2023-10-01,54.31120671568322,1.841240621360074,7.579296653796654,74.47503635788809
154,11,3,18378.12,508608.15,1,4530,21893,5,2023-11-01,27.674656058399883,3.6134143741109925,23.23154204540264,112.27552980132451
154,12,3,19723.33,528796.16,1,4936,44306,5,2023-12-01,26.810693731737995,3.7298549974341717,11.935091409741345,107.13050243111832
155,1,1,19070.93,514105.27,1,4716,52555,4,2021-01-01,26.957535369276695,3.709537931793619,9.78223327942156,109.012991942324
155,2,1,3654.25,205373.01,0,3138,47546,3,2021-02-01,56.20113840049258,1.77932338820958,4.3194592605056155,65.44710325047801
155,3,1,5345.84,233125.86,0,2724,52770,5,2021-03-01,43.60883602951079,2.293113256504448,4.417772598067083,85.58218061674009
155,4,1,5677.18,247510.64,0,2923,37047,3,2021-04-01,43.597462120278024,2.293711494584637,6.680990093664804,84.67692097160452
155,5,1,5185.98,228992.73,0,2657,48496,6,2021-05-01,44.15611514120765,2.2646919838896196,4.721889021774992,86.18469326307867
155,6,1,5910.6,247251.79,0,3303,43410,5,2021-06-01,41.83192738469867,2.3905185883588547,5.6957334715503345,74.85673327278232
155,7,1,5044.91,215796.46,0,1885,43195,2,2021-07-01,42.77508617596746,2.337809433945302,4.995866651232781,114.48088063660477
155,8,1,3496.59,192732.2,0,2597,42410,4,2021-08-01,55.12004553007359,1.8142220137579501,4.544498938929498,74.21340007701194
155,9,1,2162.38,197902.71,0,2757,39038,3,2021-09-01,91.52078265614739,1.092647998604971,5.0694889594753825,71.7819042437432
155,10,1,4867.44,247484.08,0,3648,43537,5,2021-10-01,50.84481370083658,1.9667689331774392,5.684454142453545,67.84103070175438
155,11,1,19617.88,508768.13,1,5201,41731,3,2021-11-01,25.933899585480184,3.8559569366107898,12.191611272195729,97.82121322822535
155,12,1,18841.0,512863.16,1,5332,41865,5,2021-12-01,27.220591263733347,3.673689488634747,12.250403917353397,96.18588897224305
155,1,2,18519.96,516350.22,1,5572,46992,2,2022-01-01,27.880741643070504,3.586705163019007,10.988045199182839,92.66874012921751
155,2,2,5988.72,264053.47,0,3758,34463,8,2022-02-01,44.091804258672965,2.267995190519557,7.66194092214839,70.26436136242681
155,3,2,6224.67,258004.23,0,3415,50032,7,2022-03-01,41.44865992896009,2.4126232348981254,5.156784258074833,75.55028696925329
155,4,2,5239.52,235297.21,0,3101,56425,8,2022-04-01,44.908161434635225,2.2267667347181894,4.17008790429774,75.87784908094163
155,5,2,4552.31,212643.22,0,2542,48604,5,2022-05-01,46.71105878114627,2.1408206666546907,4.375014813595589,83.65193548387097
155,6,2,3235.56,203994.52,0,3003,38982,2,2022-06-01,63.04767026418919,1.586101430567841,5.233043969011338,67.93024309024308
155,7,2,4629.19,224790.79,0,2571,41157,3,2022-07-01,48.559421842698185,2.059332590983821,5.461787545253541,87.43321275768184
155,8,2,2729.07,197371.06,0,2980,50923,3,2022-08-01,72.32172864748797,1.3827103122413187,3.8758725919525556,66.23189932885906
155,9,2,3081.0,207548.75,0,3021,46691,7,2022-09-01,67.36408633560532,1.484470515963117,4.44515538326444,68.70200264812976
155,10,2,4969.69,231646.94,0,2681,46332,3,2022-10-01,46.611949638709866,2.145372608850348,4.999718121384788,86.40318537859008
155,11,2,17778.08,497869.9,1,4954,55978,8,2022-11-01,28.004705795001485,3.570828443334293,8.894028011004323,100.4985668146952
155,12,2,18504.23,514831.65,1,5319,49682,6,2022-12-01,27.822376289097143,3.594229298062774,10.362538746427278,96.7910603496898
155,1,3,19506.49,498738.27,1,4366,44846,6,2023-01-01,25.567812046144642,3.911167675181614,11.121131650537395,114.23231103985341
155,2,3,5042.1,227019.54,0,2865,47553,3,2023-02-01,45.02479919081335,2.220998245349277,4.7740319222761975,79.23893193717278
155,3,3,5114.68,225791.8,0,2715,54448,8,2023-03-01,44.145831215247085,2.2652195518172054,4.146925506905672,83.16456721915284
155,4,3,3995.67,225749.06,0,3208,45622,7,2023-04-01,56.498424544569495,1.769960858308779,4.948249967121126,70.37065461346633
155,5,3,3463.5,214205.08,0,2703,56140,7,2023-05-01,61.84642125018045,1.616908431863521,3.8155518346989665,79.24716241213466
155,6,3,3767.98,226317.93,0,3514,54575,8,2023-06-01,60.0634637126524,1.664905648438902,4.146915803939533,64.40464712578259
155,7,3,4484.1,216650.19,0,2787,44851,2,2023-07-01,48.31520037465712,2.069742011304029,4.83044279949165,77.73598493003229
155,8,3,3757.68,213293.91,0,3180,36011,5,2023-08-01,56.76212716356901,1.761738063688738,5.923021021354586,67.07355660377358
155,9,3,3974.79,212465.35,0,3044,45851,6,2023-09-01,53.453226459762654,1.8707944613086323,4.633821508800245,69.79807818659658
155,10,3,5121.72,215197.45,0,2622,43540,6,2023-10-01,42.016636989136465,2.3800096144261933,4.942522967386312,82.07377955758963
155,11,3,20165.37,512956.88,1,5191,37846,7,2023-11-01,25.437513916184034,3.9312017805473234,13.553793795909739,98.81658254671547
155,12,3,17968.44,499367.22,1,5129,47549,8,2023-12-01,27.79135083513093,3.598241790880867,10.50216029779806,97.36151686488594
156,1,1,21477.11,545978.62,1,5488,60703,7,2021-01-01,25.4214193622885,3.9336906635648115,8.994260909674974,99.48590014577259
156,2,1,5857.41,214456.92,0,2167,44579,4,2021-02-01,36.61292619092739,2.7312758198709557,4.810716256533346,98.96489155514537
156,3,1,5042.66,218032.68,0,2429,38476,3,2021-03-01,43.23763251934495,2.312800081162145,5.666718993658384,89.76232194318649
156,4,1,4205.11,212021.01,0,2871,35841,2,2021-04-01,50.419848707881606,1.9833458957675938,5.915599732150331,73.84918495297806
156,5,1,4740.5,224374.0,0,2739,38596,3,2021-05-01,47.33129416728193,2.1127670763992263,5.813400352368121,81.91821832785688
156,6,1,4519.54,232690.54,0,3507,48066,7,2021-06-01,51.485447634051255,1.9422964079244476,4.8410631215412145,66.35031080695751
156,7,1,2592.19,182080.4,0,2327,44472,2,2021-07-01,70.24191899513538,1.4236513100806019,4.0942705522576,78.24684142672969
156,8,1,4776.19,225445.48,0,2593,36214,5,2021-08-01,47.20194967118143,2.1185565574435112,6.225368089689071,86.94387967605091
156,9,1,4932.93,220686.7,0,2751,49401,3,2021-09-01,44.737448129205156,2.2352638378298284,4.467251675067306,80.22053798618684
156,10,1,3473.9,212880.3,0,2913,45607,4,2021-10-01,61.27991594461556,1.6318560242540057,4.667711096980726,73.0794026776519
156,11,1,18079.54,507775.6,1,4984,47248,6,2021-11-01,28.085648196801465,3.5605373712324897,10.747028445648493,101.88113964686998
156,12,1,17412.82,492530.67,1,5209,39203,7,2021-12-01,28.285520093815936,3.535377807030778,12.56359640843813,94.5537857554233
156,1,2,20639.14,513352.89,1,4411,46664,3,2022-01-01,24.87278491254965,4.020458519284853,11.00104770272587,116.38016096123329
156,2,2,2038.39,197853.52,0,3114,45676,2,2022-02-01,97.06362374226717,1.030252077395439,4.331673526578509,63.536775850995504
156,3,2,5769.4,235572.06,0,2622,54686,8,2022-03-01,40.831292682081326,2.449101986033488,4.307721537505029,89.84441647597254
156,4,2,6649.6,238386.21,0,2221,40582,4,2022-04-01,35.84970674927815,2.7894230962436968,5.87418584594155,107.33282755515533
156,5,2,3496.05,209654.09,0,3162,51808,4,2022-05-01,59.96884769954663,1.667532457869055,4.046751273934527,66.30426628716002
156,6,2,2843.67,221635.78,0,3380,46213,5,2022-06-01,77.94004930248587,1.283037422928735,4.795961742366867,65.57271597633137
156,7,2,7792.32,257565.88,0,2085,38391,7,2022-07-01,33.05381195844113,3.025369664646575,6.709017217577037,123.53279616306955
156,8,2,6008.17,250398.96,0,2607,45226,7,2022-08-01,41.676410620871245,2.399438879458605,5.536615221332862,96.0486996547756
156,9,2,5663.21,244766.3,0,2700,43251,5,2022-09-01,43.2204173957879,2.313721292514533,5.6592055675013295,90.65418518518518
156,10,2,3380.36,198203.63,0,2024,41825,4,2022-10-01,58.63388219006259,1.7054985319895504,4.738879378362224,97.92669466403163
156,11,2,18490.05,497473.32,1,4504,34438,4,2022-11-01,26.904920213844743,3.716792289483987,14.445476508508044,110.45144760213144
156,12,2,18553.01,507561.59,1,5172,52766,6,2022-12-01,27.35737166098655,3.6553219088150457,9.61910302088466,98.13642498066513
156,1,3,18723.72,509985.84,1,4843,53652,4,2023-01-01,27.23742076894976,3.671419582943715,9.505439498993514,105.30370431550692
156,2,3,4588.54,254182.51,0,3532,45594,3,2023-02-01,55.39507337846025,1.8052146860930751,5.574911391849805,71.96560305775765
156,3,3,4369.77,217721.96,0,3331,54478,2,2023-03-01,49.8245811564453,2.0070414578299776,3.9965116193692864,65.3623416391474
156,4,3,2751.23,219959.6,0,3185,45615,8,2023-04-01,79.94954983770896,1.25078878121255,4.822089225035624,69.0610989010989
156,5,3,5456.38,237460.7,0,2665,43287,7,2023-05-01,43.519824499026825,2.2978033838862597,5.485727816665512,89.1034521575985
156,6,3,7984.84,256231.15,0,2780,41654,7,2023-06-01,32.08970373858462,3.1162643573976077,6.151417630959812,92.16947841726619
156,7,3,3707.47,218739.81,0,2511,50666,4,2023-07-01,58.999751852341355,1.6949223828986595,4.317289898551297,87.1126284348865
156,8,3,5195.65,231566.57,0,3042,48873,7,2023-08-01,44.56931663988144,2.243696056818564,4.73812882368588,76.12313280736358
156,9,3,5398.37,225921.68,0,2698,44367,5,2023-09-01,41.84998064230499,2.389487365710099,5.092110803074357,83.73672349888807
156,10,3,4246.91,217896.58,0,3115,31571,7,2023-10-01,51.30708679957899,1.9490484889666464,6.901795318488486,69.95074799357945
156,11,3,18225.21,501611.7,1,4657,60412,3,2023-11-01,27.522958583193283,3.633330323036723,8.303179831821492,107.71133777109728
156,12,3,20640.34,534519.1,1,4811,46244,2,2023-12-01,25.896816622206803,3.861478476634418,11.55866923276533,111.1035335689046
157,1,1,19640.59,517469.07,1,4812,43930,7,2021-01-01,26.3469208409727,3.795509942265728,11.779400637377647,107.53721321695761
157,2,1,4847.17,226316.12,0,2944,47892,2,2021-02-01,46.69036159243435,2.141769662717795,4.7255516578969345,76.8736820652174
157,3,1,3955.68,219368.76,0,3097,47334,2,2021-03-01,55.45664967843709,1.8032102656731979,4.634485993155026,70.83266386825962
157,4,1,8935.41,256496.37,0,2719,54631,5,2021-04-01,28.705607241301742,3.4836399439103176,4.695070015192839,94.33481794777491
157,5,1,5562.65,240528.08,0,2921,45556,2,2021-05-01,43.23983712798756,2.3126821616835755,5.279833172359294,82.34442998972953
157,6,1,5572.54,238352.25,0,2655,45233,8,2021-06-01,42.772640483513804,2.337943107312811,5.269432715053169,89.77485875706215
157,7,1,5238.06,240706.38,0,2875,40332,6,2021-07-01,45.953345322504894,2.176120134414385,5.968124070217198,83.72395826086957
157,8,1,5148.25,213211.4,0,2596,46516,6,2021-08-01,41.414344680231146,2.414622295055518,4.583614240261415,82.13073959938366
157,9,1,3498.55,207567.48,0,2513,39118,4,2021-09-01,59.32957368052479,1.6855000600286711,5.306188455442507,82.5974850775965
157,10,1,3503.34,214236.79,0,3358,46043,4,2021-10-01,61.15215480084719,1.6352653528836014,4.652972004430641,63.798924955330556
157,11,1,20297.22,521241.39,1,4849,33675,2,2021-11-01,25.680432591261265,3.894015400427046,15.478586191536749,107.49461538461539
157,12,1,18075.81,503966.29,1,5030,41568,8,2021-12-01,27.880702994775888,3.5867101349179533,12.12390035604311,100.19210536779323
157,1,2,18848.15,514925.83,1,4734,38532,2,2022-01-01,27.319701403055472,3.6603621146758165,13.363589484065193,108.77182720743558
157,2,2,4329.28,234233.85,0,3082,56935,4,2022-02-01,54.10457397072955,1.8482725703394278,4.114057258276983,76.00060025957171
157,3,2,5611.54,243076.95,0,2358,50674,8,2022-03-01,43.317333566186825,2.3085446810156207,4.796877096735999,103.08606870229008
157,4,2,3779.7,211714.71,0,2560,43926,8,2022-04-01,56.0136280657195,1.785279823022217,4.819803988526157,82.70105859374999
157,5,2,4315.3,226870.98,0,2907,45208,8,2022-05-01,52.57362871642759,1.9020943092853921,5.0183812599539905,78.0429927760578
157,6,2,2438.96,193751.57,0,2736,35785,2,2022-06-01,79.44024092236035,1.2588078641117593,5.414323599273438,70.81563230994152
157,7,2,4590.98,210209.73,0,2247,38315,2,2022-07-01,45.78755080614597,2.1839997606200243,5.486355996346079,93.55128170894527
157,8,2,6149.27,258658.76,0,3676,34911,5,2022-08-01,42.06332784216663,2.377367772117983,7.409090544527513,70.36418933623504
157,9,2,4025.64,228274.19,0,2536,49700,4,2022-09-01,56.70506801403007,1.7635108025134159,4.5930420523138835,90.01348186119874
157,10,2,5088.91,226927.05,0,1922,43041,3,2022-10-01,44.59246675614228,2.242531245173284,5.272346135080505,118.06818418314255
157,11,2,16485.01,468310.64,1,4840,66288,3,2022-11-01,28.408271514545643,3.5201015291901117,7.064787593531258,96.75839669421488
157,12,2,19374.38,515554.72,1,5094,35849,7,2022-12-01,26.61012739504438,3.7579677284304567,14.381285949398867,101.20822928936002
157,1,3,16318.12,480557.59,1,4521,37283,3,2023-01-01,29.44932320634975,3.395663774658101,12.889456052356303,106.29453439504535
157,2,3,3161.63,220508.46,0,3229,42348,7,2023-02-01,69.7451820738037,1.433790794239822,5.207057240011334,68.29001548467018
157,3,3,3596.28,198268.2,0,2605,32879,6,2023-03-01,55.13146918482432,1.813846093322076,6.030238145929013,76.11063339731287
157,4,3,6672.57,249478.63,0,2914,44457,7,2023-04-01,37.38868681782282,2.674605836980907,5.611683874305509,85.61380576527111
157,5,3,5229.67,232667.6,0,2652,47681,3,2023-05-01,44.48992001407355,2.2477001524922247,4.879671147836665,87.73288084464555
157,6,3,5832.57,238681.7,0,2865,41668,5,2023-06-01,40.92221782164638,2.4436603225132045,5.728177498320054,83.30949389179756
157,7,3,8007.42,266566.14,0,3121,56102,8,2023-07-01,33.28989112598065,3.0039149008197366,4.751455206588001,85.4104902274912
157,8,3,5516.25,232075.58,0,2517,49319,4,2023-08-01,42.071258554271466,2.3769196224781597,4.705601897848699,92.2032499006754
157,9,3,4876.55,227968.65,0,3127,47021,5,2023-09-01,46.747936553506065,2.139131849927611,4.848230577826929,72.90330988167572
157,10,3,5558.54,234776.31,0,2579,48770,2,2023-10-01,42.23704605885718,2.367589813469681,4.813949354111134,91.033854207057
157,11,3,19112.45,522714.24,1,4660,53869,3,2023-11-01,27.349410462813506,3.6563859442589512,9.703433143366315,112.17043776824035
157,12,3,19822.15,530186.66,1,5346,62749,4,2023-12-01,26.74718231876966,3.7387115699968763,8.44932445138568,99.17445940890386
158,1,1,20427.48,542733.84,1,5336,41531,2,2021-01-01,26.568810249722432,3.763811742418715,13.06816209578387,101.71173913043478
158,2,1,5841.27,246056.84,0,2787,46603,3,2021-02-01,42.12386005098206,2.373951482104704,5.2798497950775705,88.28734840330104
158,3,1,4156.12,229362.73,0,3100,47715,6,2021-03-01,55.18674388612456,1.8120293562951573,4.806931363302945,73.98797741935485
158,4,1,4202.04,225591.14,0,3132,50615,6,2021-04-01,53.686100084720756,1.8626795360846173,4.457001679344068,72.02782247765006
158,5,1,6307.15,238424.2,0,2330,33868,3,2021-05-01,37.802208604520274,2.645348081276984,7.039807487894178,102.32798283261803
158,6,1,4911.2,235140.35,0,3563,43687,8,2021-06-01,47.87839021013195,2.08862494250774,5.382387209009545,65.99504630928993
158,7,1,3302.08,208205.19,0,2661,35480,4,2021-07-01,63.05273948541526,1.5859739135225208,5.868240980834273,78.2432130777903
158,8,1,5311.86,216441.99,0,2505,41001,5,2021-08-01,40.74693045373937,2.4541725937744334,5.278944172093364,86.4039880239521
158,9,1,5655.56,238425.27,0,2832,51784,6,2021-09-01,42.15767669337784,2.372047224692249,4.604226595087286,84.18971398305085
158,10,1,6870.98,250536.24,0,2550,44341,3,2021-10-01,36.462955793787785,2.742509426979506,5.650216278387948,98.24950588235293
158,11,1,19261.13,513385.84,1,4957,49509,4,2021-11-01,26.65398343710883,3.7517844278681314,10.369545739158538,103.56785152309865
158,12,1,16718.94,486468.1,1,4834,52968,8,2021-12-01,29.096826712698295,3.4368008919803787,9.184188566681769,100.63469176665286
158,1,2,18551.9,504996.69,1,4809,29758,8,2022-01-01,27.220753130407125,3.6736676432473256,16.970115263122523,105.01074859638179
158,2,2,3173.22,216826.69,0,3096,51464,2,2022-02-01,68.33017880890705,1.4634821940048064,4.213172120317115,70.03446059431525
158,3,2,2616.0,199108.22,0,3091,46751,6,2022-03-01,76.11170489296636,1.313858363055026,4.258908258646874,64.41547072144937
158,4,2,7522.96,260276.2,0,3346,42762,4,2022-04-01,34.597578612673736,2.890375685521765,6.086623637809271,77.78726838015541
158,5,2,4447.82,235949.28,0,3425,40114,7,2022-05-01,53.04829781780738,1.8850746228172426,5.8819683900882485,68.890300729927
158,6,2,5763.19,241715.26,0,3038,40093,6,2022-06-01,41.94122699407794,2.384288852925545,6.02886439029257,79.56394338380514
158,7,2,5993.01,249151.54,0,2871,23838,4,2022-07-01,41.573690015534766,2.4053674322061185,10.451864250356573,86.78214559386973
158,8,2,6920.05,262120.1,0,3154,45426,2,2022-08-01,37.87835348010491,2.640030276197819,5.770265927002158,83.1071972098922
158,9,2,5792.33,231914.48,0,2535,51841,6,2022-09-01,40.03820224331142,2.4976146379475743,4.473572654848479,91.4850019723866
158,10,2,5695.98,228945.66,0,2912,56146,4,2022-10-01,40.19425278880895,2.4879178753595936,4.077684251772165,78.62144917582418
158,11,2,16258.4,490689.41,1,4748,39597,7,2022-11-01,30.18067029966048,3.313379027275115,12.39208551152865,103.34654802021903
158,12,2,16441.31,482909.15,1,4649,38568,7,2022-12-01,29.37169544275973,3.4046383258631567,12.520979827836548,103.87376855237686
158,1,3,19549.21,515084.29,1,4963,42192,5,2023-01-01,26.3480872117083,3.7953419235519683,12.208103194918467,103.78486600846261
158,2,3,3081.17,195248.63,0,2004,34667,7,2023-02-01,63.36834059788976,1.5780750932797838,5.632117864251305,97.42945608782435
158,3,3,5878.84,242721.56,0,3172,56726,3,2023-03-01,41.287321988691644,2.4220510118672607,4.278841448365829,76.52003783102144
158,4,3,7163.63,283825.13,0,3969,56068,3,2023-04-01,39.62029445965244,2.5239590306890722,5.062158985517586,71.51048878810784
158,5,3,3875.45,224582.05,0,2952,41779,3,2023-05-01,57.949928395412144,1.7256276714902195,5.3754769142392105,76.07793021680216
158,6,3,3976.08,217476.95,0,3424,42145,7,2023-06-01,54.69632150258546,1.8282765139018178,5.16020761656187,63.515464369158884
158,7,3,6750.81,256478.93,0,2897,54834,8,2023-07-01,37.992319440185696,2.6321109496206962,4.677370427107269,88.53259578874697
158,8,3,3773.09,212798.28,0,2836,55258,3,2023-08-01,56.3989409211018,1.7730829403320367,3.8509949690542546,75.0346544428773
158,9,3,5485.66,249201.47,0,3484,36403,5,2023-09-01,45.42780084802923,2.2012952010275058,6.845630030491993,71.52740241102181
158,10,3,5719.7,258418.87,0,3259,57205,8,2023-10-01,45.18049373218875,2.2133445595517074,4.5174175334323925,79.29391531144523
158,11,3,19448.19,527225.77,1,4628,43739,8,2023-11-01,27.109246156069027,3.688778338737122,12.053905439081827,113.92086646499568
158,12,3,19061.23,507868.96,1,4489,44897,8,2023-12-01,26.644081205672457,3.753178772729091,11.311868499008844,113.13632434840723
159,1,1,20540.64,545835.28,1,5509,59713,7,2021-01-01,26.57343101286036,3.7631572660528647,9.14097901629461,99.08064621528409
159,2,1,5850.45,245284.93,0,2791,31414,3,2021-02-01,41.92582279995556,2.385164877434582,7.808140637932132,87.88424579003942
159,3,1,4925.95,223170.35,0,2955,37149,3,2021-03-01,45.30503760695907,2.2072600594120138,6.007438962017821,75.52296108291033
159,4,1,5857.08,227602.87,0,2279,50419,5,2021-04-01,38.85944361354122,2.573377040456476,4.514228167952558,99.86962264150944
159,5,1,4165.19,231403.14,0,2985,50340,6,2021-05-01,55.55644280332951,1.7999712536312167,4.596804529201431,77.52198994974874
159,6,1,3990.34,213665.84,0,3135,49541,2,2021-06-01,53.545773041896176,1.8675610476620876,4.312909307442321,68.15497288676237
159,7,1,5749.98,236336.1,0,2830,52436,7,2021-07-01,41.102073398516175,2.4329672868427634,4.507134411473034,83.5109893992933
159,8,1,4888.44,232123.63,0,2478,44865,3,2021-08-01,47.48419332138678,2.10596396411688,5.173824361974813,93.67378127522196
159,9,1,6697.99,240257.6,0,2608,41826,3,2021-09-01,35.870104314876556,2.7878368884064435,5.744216516042653,92.12331288343559
159,10,1,4199.61,228799.37,0,3387,36024,2,2021-10-01,54.48109943542377,1.8354989351587814,6.351303852986898,67.55222025391201
159,11,1,19736.83,518051.27,1,4968,49958,2,2021-11-01,26.24794711207423,3.809821757603258,10.369735978221707,104.2776308373591
159,12,1,17246.62,498505.57,1,5149,45631,5,2021-12-01,28.904537236861486,3.459664452696085,10.924712804891412,96.81599728102545
159,1,2,18305.38,503389.15,1,5038,39288,8,2022-01-01,27.499519267013305,3.636427205473142,12.812796528201996,99.91844978165939
159,2,2,1963.19,210517.72,0,3503,61722,8,2022-02-01,107.2324736780444,0.9325533261523068,3.410740416707171,60.096408792463606
159,3,2,6850.42,248488.32,0,3181,43271,2,2022-03-01,36.27344308816102,2.756837826421781,5.742606364539761,78.11641622131405
159,4,2,3727.74,215165.04,0,2853,60653,6,2022-04-01,57.71996974037889,1.7325026407635737,3.54747564011673,75.41711882229232
159,5,2,5263.09,230574.79,0,2620,53415,8,2022-05-01,43.80977524610068,2.2825955951212187,4.316667415519985,88.00564503816794
159,6,2,4703.88,213323.96,0,2112,56384,3,2022-06-01,45.35063819655263,2.2050406339728554,3.783413024971623,101.00566287878787
159,7,2,5655.69,246882.6,0,3188,46580,7,2022-07-01,43.65207428271352,2.2908418819309255,5.300184628595964,77.44121706398997
159,8,2,4541.56,235803.14,0,2924,36017,5,2022-08-01,51.92117686433736,1.9259964053065621,6.5469955854179975,80.64402872777018
159,9,2,4969.6,234775.39,0,2440,39277,4,2022-09-01,47.24231125241468,2.11674656359851,5.977426738294676,96.21942213114755
159,10,2,5330.03,234747.64,0,3018,27584,3,2022-10-01,44.04246129946736,2.2705361382972793,8.51028277262181,77.7825182239894
159,11,2,18790.29,510605.77,1,5203,43803,8,2022-11-01,27.17391642172633,3.6799995425041905,11.656867566148438,98.13679992312127
159,12,2,17408.5,501972.61,1,5123,37911,6,2022-12-01,28.83491455323549,3.4680179063953314,13.240816913296932,97.98411282451688
159,1,3,18104.72,504770.68,1,5443,49640,2,2023-01-01,27.880612348603012,3.5867217961233413,10.168627719580982,92.73758589013411
159,2,3,5828.83,251849.17,0,3156,38399,8,2023-02-01,43.20749961827674,2.3144130274481345,6.558742936013959,79.80011723700888
159,3,3,3307.68,223883.22,0,3295,53505,4,2023-03-01,67.685876505587,1.4774130906282301,4.184342024109896,67.94634901365706
159,4,3,6474.93,247716.46,0,2846,42013,2,2023-04-01,38.257781937410904,2.6138472994487327,5.896185942446386,87.04021784961348
159,5,3,4384.45,210180.14,0,2588,53992,6,2023-05-01,47.93762957725599,2.0860439050045354,3.892801526152023,81.21334621329213
159,6,3,5527.74,222658.27,0,2471,39124,5,2023-06-01,40.280163321719186,2.48261158231401,5.691091657294755,90.10856738162687
159,7,3,4928.98,226415.08,0,2056,47425,6,2023-07-01,45.935483609184864,2.176966304541199,4.774171428571428,110.12406614785992
159,8,3,5059.74,239676.58,0,2828,57076,4,2023-08-01,47.36934704154759,2.111069842535303,4.19925327633331,84.75126591230551
159,9,3,3940.18,211942.84,0,2581,45861,3,2023-09-01,53.79014156713653,1.8590767208743642,4.621417762368897,82.11655947307246
159,10,3,4562.17,217446.66,0,2268,46274,3,2023-10-01,47.662989323063364,2.098063957386147,4.699110947832477,95.87595238095238
159,11,3,20796.1,540316.45,1,4474,50613,2,2023-11-01,25.981623958338343,3.8488741181209645,10.67544800742892,120.76809342869915
159,12,3,19428.72,516526.88,1,5016,42181,4,2023-12-01,26.585739050230792,3.7614150884074027,12.245486830563523,102.97585326953748
160,1,1,17270.26,475630.82,1,4303,51554,5,2021-01-01,27.54045509448034,3.6310220603450376,9.225876168677503,110.53470137113642
160,2,1,4930.49,238988.09,0,2715,45094,8,2021-02-01,48.47146835304402,2.063069335379851,5.2997758016587575,88.02507918968692
160,3,1,6383.04,233216.87,0,2284,43782,2,2021-03-01,36.5369588785281,2.7369546636999287,5.326775158741035,102.10896234676007
160,4,1,6657.67,259589.03,0,2662,53397,7,2021-04-01,38.99097281781764,2.5646962046123445,4.861490907728899,97.51654019534185
160,5,1,4915.79,218078.01,0,2142,48863,2,2021-05-01,44.362759597134946,2.254142909686309,4.463049955999427,101.81046218487396
160,6,1,6142.46,255016.78,0,3314,53308,3,2021-06-01,41.51704366003197,2.408649344564699,4.783836947550086,76.95135184067593
160,7,1,4517.61,241417.19,0,3708,41795,4,2021-07-01,53.439139279397736,1.8712876245473655,5.776221796865654,65.1071170442287
160,8,1,5407.72,232852.64,0,3321,40912,5,2021-08-01,43.05930040756548,2.3223786511503586,5.691548689870943,70.11521830773864
160,9,1,7468.9,276362.09,0,3232,45546,2,2021-09-01,37.001712434227265,2.7025776219886017,6.067757651604971,85.5080724009901
160,10,1,8166.06,276735.3,0,2384,44124,6,2021-10-01,33.88847253142886,2.9508559262226397,6.271763666032091,116.0802432885906
160,11,1,17842.24,516337.0,1,5369,30223,5,2021-11-01,28.939023351328082,3.455541632693377,17.08424047910532,96.17005028869436
160,12,1,18209.86,495392.09,1,4710,48910,2,2021-12-01,27.204607284185602,3.6758479530829815,10.128646289102434,105.17878768577495
160,1,2,17456.29,490274.33,1,5248,34448,8,2022-01-01,28.085826369749814,3.560514783631442,14.232301730143986,93.42117568597561
160,2,2,4718.26,222947.33,0,3050,55335,5,2022-02-01,47.25202299152653,2.116311507296365,4.0290472576127225,73.09748524590164
160,3,2,4651.2,222979.02,0,2431,36759,4,2022-03-01,47.94010577915377,2.085936156684158,6.065970782665469,91.72316742081448
160,4,2,4539.95,221583.73,0,2945,51594,7,2022-04-01,48.807526514609194,2.0488643277193677,4.294757723766329,75.24065534804754
160,5,2,4037.14,225099.47,0,2862,44560,5,2022-05-01,55.75716224852247,1.7934915617526777,5.051603904847397,78.65110761705101
160,6,2,6184.37,227065.92,0,2328,41476,8,2022-06-01,36.71609557642897,2.7236011463102874,5.4746340052078315,97.53690721649485
160,7,2,2881.91,213477.31,0,3220,33727,7,2022-07-01,74.07493988361885,1.3499842208054804,6.329567112402526,66.29730124223602
160,8,2,6562.24,261286.53,0,3091,55340,4,2022-08-01,39.81666778417126,2.5115110220186243,4.721476870256596,84.53139113555484
160,9,2,6471.07,233809.71,0,2467,38275,4,2022-09-01,36.13153775187102,2.7676652094560144,6.108679555845852,94.7749128496149
160,10,2,5060.65,239603.34,0,3317,29637,4,2022-10-01,47.34635669331015,2.11209493156481,8.084601680332018,72.23495327102803
160,11,2,19440.29,517292.87,1,4918,45250,5,2022-11-01,26.609318585268017,3.75808195461886,11.431886629834255,105.18358479056526
160,12,2,19306.76,516863.38,1,5374,57723,6,2022-12-01,26.771109186626862,3.7353700701334267,8.954201618072519,96.1785225158169
160,1,3,20142.11,525596.27,1,4544,58586,5,2023-01-01,26.094399742628752,3.8322399053554923,8.971362953606665,115.66819322183099
160,2,3,6595.78,245019.69,0,2823,51521,3,2023-02-01,37.14794762711916,2.6919387580647087,4.755724655965529,86.79408076514346
160,3,3,6576.13,258139.92,0,2811,36150,7,2023-03-01,39.25407800636545,2.547506019216245,7.1408000000000005,91.83205976520811
160,4,3,3682.13,216376.79,0,2854,23454,8,2023-04-01,58.764027886033354,1.7017213352689076,9.225581563912339,75.8152733006307
160,5,3,4264.82,219951.63,0,2713,45262,8,2023-05-01,51.57348493019636,1.938980856836569,4.859520790066723,81.07321415407299
160,6,3,7003.09,249545.35,0,2740,39374,4,2023-06-01,35.63360602248436,2.8063396092133153,6.337820643063951,91.07494525547446
160,7,3,6265.21,223899.43,0,1898,59266,6,2023-07-01,35.73693938431433,2.7982250781076132,3.7778731481793946,117.96597997892518
160,8,3,6092.68,245888.49,0,3027,44614,6,2023-08-01,40.3580181463658,2.4778223657398524,5.511464786838212,81.2317443012884
160,9,3,2626.11,192367.35,0,2537,47056,3,2023-09-01,73.2518249425957,1.3651537020185598,4.088051470588235,75.82473393772172
160,10,3,4897.84,247876.91,0,3947,30429,3,2023-10-01,50.60943395455956,1.9759161916291437,8.146074797068586,62.80134532556372
160,11,3,19545.66,531325.53,1,5734,36111,5,2023-11-01,27.18381113761316,3.678660048576999,14.713675334385645,92.66228287408441
160,12,3,18525.04,499258.11,1,4692,44822,6,2023-12-01,26.95044707055963,3.710513585848411,11.138684351434563,106.40624680306905
161,1,1,19360.82,531704.83,1,5372,48223,5,2021-01-01,27.462929256095556,3.6412721697487687,11.025959189598323,98.97707185405807
161,2,1,5837.48,239458.29,0,3321,42706,6,2021-02-01,41.020832619555016,2.437785720427553,5.607134594670538,72.10427280939476
161,3,1,5495.19,210304.52,0,1898,59611,3,2021-03-01,38.27065488181483,2.6129680902721444,3.5279481974803306,110.80322444678609
161,4,1,5557.4,223794.42,0,2291,39296,8,2021-04-01,40.26962608414007,2.4832612001675463,5.695094157166124,97.68416412047142
161,5,1,5823.1,233973.97,0,2665,39043,2,2021-05-01,40.180311174460336,2.488781123814756,5.9927252004200495,87.79511069418386
161,6,1,4455.7,228384.72,0,3073,43038,3,2021-06-01,51.2567542698117,1.9509623936312375,5.306583019657047,74.31979173446143
161,7,1,7754.63,269546.47,0,3057,37862,7,2021-07-01,34.75942372492304,2.876917660988104,7.119182029475462,88.17352633300621
161,8,1,5460.37,223293.26,0,2814,44326,6,2021-08-01,40.8934302986794,2.4453805726155817,5.037523349727023,79.35083866382374
161,9,1,5094.84,239319.25,0,3480,52849,2,2021-09-01,46.972868627866625,2.128888503536594,4.528359098563833,68.76989942528736
161,10,1,5184.16,226525.35,0,2919,45490,5,2021-10-01,43.69567104410358,2.288556225605655,4.979673554627391,77.60375128468654
161,11,1,15911.17,471254.96,1,4807,54168,6,2021-11-01,29.61786971039842,3.3763400601661573,8.699877418402009,98.03514874141877
161,12,1,18334.85,521965.33,1,5964,51791,3,2021-12-01,28.468481062021237,3.5126566739595515,10.078301828503022,87.51933769282361
161,1,2,19097.0,531797.85,1,5271,30949,6,2022-01-01,27.84719327643085,3.5910261765819476,17.183038224175256,100.89126351735914
161,2,2,4245.53,191094.28,0,2624,57536,3,2022-02-01,45.0107006663479,2.221693919880804,3.321299360400445,72.82556402439025
161,3,2,5822.99,247155.83,0,3097,49323,4,2022-03-01,42.44483160712967,2.355999451843802,5.0109650670072785,79.80491766225379
161,4,2,4312.2,217071.25,0,2696,43234,5,2022-04-01,50.33886415286861,1.9865366786251055,5.020845862053013,80.51604228486647
161,5,2,2016.66,165487.2,0,2075,35285,7,2022-05-01,82.06003986790039,1.2186199295172073,4.690015587360068,79.75286746987952
161,6,2,4503.43,202989.94,0,2666,43973,7,2022-06-01,45.074518755703984,2.2185483674708215,4.616240420257886,76.14026256564141
161,7,2,3156.08,229825.19,0,3420,33510,5,2022-07-01,72.81982395883502,1.3732524272034756,6.858406147418681,67.20034795321638
161,8,2,4171.89,224923.46,0,2968,41214,5,2022-08-01,53.91404375474904,1.8548042965371423,5.45745280729849,75.78283692722371
161,9,2,5584.47,232317.38,0,2301,48045,2,2022-09-01,41.60061384518137,2.4038106834710344,4.835412217712562,100.96365927857454
161,10,2,4275.37,205824.65,0,2562,28578,6,2022-10-01,48.141950287343555,2.0771904628527245,7.20220624256421,80.33749024199844
161,11,2,17304.27,502703.5,1,5031,42947,8,2022-11-01,29.05083542963673,3.4422417985949973,11.705206417211912,99.92118863049096
161,12,2,19318.44,516357.94,1,4818,63826,6,2022-12-01,26.72875967210603,3.7412884558335637,8.090087738539154,107.17267330842674
161,1,3,20279.71,514493.68,1,5015,47732,4,2023-01-01,25.369873632315254,3.941683015425962,10.77879996647951,102.590963110668
161,2,3,5022.61,250527.74,0,3142,48977,4,2023-02-01,49.879990682135386,2.0048119222246608,5.115212038303693,79.73511775938893
161,3,3,3613.74,232418.08,0,3501,52236,4,2023-03-01,64.31510844720428,1.5548446144981494,4.449385098399571,66.38619822907741
161,4,3,5878.95,248682.52,0,3343,28770,5,2023-04-01,42.30049923880965,2.3640382926793566,8.643813694820993,74.38902781932396
161,5,3,4553.48,203550.94,0,2076,48755,3,2023-05-01,44.702280453631076,2.237022339469422,4.174975694800533,98.04958574181117
161,6,3,6184.37,244820.0,0,3484,39650,6,2023-06-01,39.586894057114954,2.526088554856629,6.17452711223203,70.26980482204362
161,7,3,6753.58,247921.92,0,2966,48100,5,2023-07-01,36.70970359424187,2.724075386315175,5.154301871101872,83.58797033041134
161,8,3,3027.84,205851.43,0,3008,34067,4,2023-08-01,67.9862311086451,1.4708860657416858,6.042546452578741,68.43465093085106
161,9,3,4742.41,232687.2,0,2963,58414,7,2023-09-01,49.065179940157016,2.0381052331198277,3.9834149347759102,78.53094836314547
161,10,3,4819.11,235624.18,0,3177,51123,2,2023-10-01,48.893712739489246,2.0452527410387167,4.6089662187273825,74.16562165564999
161,11,3,18723.07,505620.33,1,4955,43333,2,2023-11-01,27.005204274726314,3.7029899489998748,11.668251217317057,102.04244803229062
161,12,3,19657.51,527712.86,1,4545,51900,3,2023-12-01,26.845356304028336,3.7250390297481095,10.167877842003854,116.1084400440044
162,1,1,18890.12,518750.43,1,5147,41664,3,2021-01-01,27.46146821724796,3.641465897194533,12.450807171658987,100.78694967942491
162,2,1,3777.93,214115.33,0,2702,33237,8,2021-02-01,56.67530367158735,1.7644369508712898,6.44207750398652,79.24327535159141
162,3,1,4927.6,231246.63,0,3096,33113,7,2021-03-01,46.928855832453934,2.1308851073851325,6.983560233141063,74.69206395348837
162,4,1,4951.15,234598.32,0,2565,39109,7,2021-04-01,47.38259192308858,2.1104797340407213,5.998576286788207,91.46133333333334
162,5,1,2087.95,204950.85,0,3279,36008,6,2021-05-01,98.15888790440385,1.0187564481923348,5.691814319040214,62.5040713632205
162,6,1,3007.59,202088.61,0,3039,57567,4,2021-06-01,67.1928720337546,1.4882530984799196,3.510494033039762,66.49839091806516
162,7,1,5388.64,225839.41,0,2857,32052,7,2021-07-01,41.91027977374625,2.386049449916647,7.046031760888556,79.04774588729437
162,8,1,6356.55,249285.78,0,2853,35302,8,2021-08-01,39.21715081294098,2.549904771944874,7.061520027193927,87.37671924290221
162,9,1,6331.4,235578.8,0,2543,35094,7,2021-09-01,37.20801086647503,2.687593280889452,6.712794209836439,92.63814392449862
162,10,1,6646.23,231717.65,0,2624,38982,6,2021-10-01,34.86452470046929,2.86824503873572,5.944221692063003,88.30703125
162,11,1,18430.88,517339.35,1,5514,41982,3,2021-11-01,28.069161646106966,3.5626286691704396,12.32288480777476,93.82287812840043
162,12,1,20388.14,516534.37,1,4708,53467,7,2021-12-01,25.335041352472565,3.947102300278682,9.66080703985636,109.71418224299066
162,1,2,20673.14,532473.42,1,5266,42148,6,2022-01-01,25.756775216537015,3.8824736077906006,12.633420802885073,101.11534751234335
162,2,2,4740.31,236882.9,0,3170,48657,8,2022-02-01,49.97202714590395,2.0011195404987023,4.868423865014283,74.72646687697161
162,3,2,3460.36,211493.34,0,2899,35733,7,2022-03-01,61.11888358436694,1.6361555404061423,5.918712114851817,72.9538944463608
162,4,2,3273.85,217183.3,0,3338,49648,5,2022-04-01,66.33880599294409,1.5074133232159195,4.374462213986464,65.06390053924505
162,5,2,3534.12,214032.72,0,2893,50952,2,2022-05-01,60.56181453940444,1.6512054792370063,4.200673575129533,73.98296577946768
162,6,2,3875.95,235034.31,0,3027,46878,7,2022-06-01,60.63914911183065,1.6490996569819956,5.013744400358377,77.6459563924678
162,7,2,6258.79,249360.25,0,2760,46549,4,2022-07-01,39.84160676424676,2.509938933731419,5.356941072847967,90.34791666666666
162,8,2,6028.56,251047.9,0,2925,35786,5,2022-08-01,41.643095531934655,2.4013584658545244,7.015254568825798,85.82834188034188
162,9,2,4687.41,252170.89,0,3205,45296,2,2022-09-01,53.79748944513069,1.858822800680919,5.5671778965030025,78.68046489859594
162,10,2,4262.29,213376.5,0,2583,35510,6,2022-10-01,50.06146930405956,1.9975442469062898,6.0089129822585186,82.60801393728222
162,11,2,18911.67,531140.36,1,5503,34152,6,2022-11-01,28.085322977822692,3.560578601106495,15.552247598969313,96.51832818462657
162,12,2,19573.99,523388.94,1,5285,57952,3,2022-12-01,26.73900109277669,3.739855488730809,9.031421521258974,99.03291201513719
162,1,3,19852.76,531073.61,1,5342,34062,4,2023-01-01,26.750618553793025,3.738231315994029,15.591380717515118,99.414752901535
162,2,3,6305.36,258357.2,0,3185,38181,3,2023-02-01,40.974218759912205,2.440559039964824,6.7666430947329825,81.11686028257458
162,3,3,3905.08,213946.86,0,2787,46658,6,2023-03-01,54.7868059041044,1.8252569820375024,4.585427150756569,76.76600645855758
162,4,3,3068.66,211959.0,0,2932,41598,7,2023-04-01,69.07216830799112,1.447761123613529,5.095413241021203,72.29160982264666
162,5,3,6052.93,256947.22,0,3134,53548,5,2023-05-01,42.45005641895743,2.355709472163194,4.798446627325017,81.98698787492023
162,6,3,5952.7,235243.82,0,2831,28048,3,2023-06-01,39.518843549985725,2.5304384191686733,8.38718696520251,83.09566231013777
162,7,3,5252.1,216938.24,0,2347,36172,5,2023-07-01,41.3050475048076,2.421011620634518,5.997407939842972,92.43214316148274
162,8,3,5550.76,234311.51,0,2526,44994,8,2023-08-01,42.212509638319794,2.368965997445025,5.207616793350224,92.75990102929534
162,9,3,6207.04,238638.83,0,2428,47537,2,2023-09-01,38.44647851471877,2.6010184511883505,5.020065001998443,98.28617380560131
162,10,3,5470.11,226770.44,0,2496,50511,7,2023-10-01,41.456285156971255,2.4121794710104187,4.489525845855359,90.85354166666667
162,11,3,19852.81,526778.1,1,5292,50032,2,2023-11-01,26.53418332215943,3.7687234909727647,10.528823552926127,99.54234693877551
162,12,3,19340.03,505303.88,1,4323,46493,3,2023-12-01,26.12735761009678,3.8274057978735487,10.868386208676576,116.88731899144113
163,1,1,19831.47,514893.09,1,3795,50430,5,2021-01-01,25.963435388299505,3.851570429892543,10.21005532421178,135.67670355731227
163,2,1,5009.47,232882.35,0,2698,48507,6,2021-02-01,46.488420930757144,2.151073277987791,4.8010050095862455,86.3166604892513
163,3,1,6725.84,255356.49,0,2841,40864,2,2021-03-01,37.96648299691934,2.633902118563738,6.248935248629601,89.88260823653643
163,4,1,6134.76,242825.4,0,3132,48192,5,2021-04-01,39.581890734111845,2.5264078634277967,5.038707669322709,77.53045977011494
163,5,1,8188.55,272516.76,0,2833,49043,8,2021-05-01,33.28022177308559,3.004787668839157,5.556690251412026,96.19370278856336
163,6,1,3622.9,202911.87,0,2535,35434,7,2021-06-01,56.00813436749565,1.7854549366678254,5.726473725800079,80.04413017751479
163,7,1,4882.36,206021.32,0,1639,39594,4,2021-07-01,42.197076823503394,2.369832403753165,5.203346971763398,125.69940207443564
163,8,1,5682.24,226801.38,0,2151,53403,5,2021-08-01,39.91407965872614,2.505381581011544,4.246978259648334,105.43997210599721
163,9,1,4787.18,213505.65,0,1918,41073,5,2021-09-01,44.59946147836513,2.2421795395110156,5.198199547147762,111.31681438998957
163,10,1,5704.35,237035.81,0,3074,46237,4,2021-10-01,41.553517929299566,2.4065351138294253,5.126539567878539,77.10989264801562
163,11,1,19599.13,512422.23,1,4510,48818,8,2021-11-01,26.145151851128084,3.8248008873463593,10.496583842025482,113.6191197339246
163,12,1,19388.9,518841.18,1,4870,46687,7,2021-12-01,26.759701684984705,3.7369624361736284,11.11318311307216,106.53822997946612
163,1,2,17244.47,513775.05,1,6042,37633,4,2022-01-01,29.793612097095473,3.356424178246881,13.652248026997581,85.03393743793445
163,2,2,6127.53,235586.99,0,2322,47449,5,2022-02-01,38.44730095160693,2.6009628120805823,4.965057008577631,101.45865202411714
163,3,2,5584.25,244658.12,0,3189,41610,4,2022-03-01,43.81217173299906,2.2824707391686,5.879791396298966,76.71938538726873
163,4,2,5322.2,224294.11,0,2608,41715,2,2022-04-01,42.143119386719775,2.3728665902105055,5.376821527028646,86.00234279141104
163,5,2,6775.61,255701.31,0,2950,54509,4,2022-05-01,37.73849291798082,2.649814347842019,4.690992496651929,86.67841016949153
163,6,2,4277.19,230556.51,0,2903,41798,8,2022-06-01,53.903733525983185,1.8551590670764402,5.515969902866166,79.42008611780916
163,7,2,6602.94,244823.57,0,2676,47928,7,2022-07-01,37.0779637555392,2.6970197354772663,5.108153271574028,91.48862855007474
163,8,2,3879.33,235406.18,0,3235,39369,3,2022-08-01,60.682174499204756,1.6479303984287923,5.979480809774188,72.7685255023184
163,9,2,5677.17,240093.01,0,2549,32456,5,2022-09-01,42.29096715440968,2.3645711301632644,7.397492297263988,94.19105923891722
163,10,2,5606.54,242697.83,0,2494,39946,3,2022-10-01,43.28834361299482,2.3100907000280966,6.075647874630751,97.31268243785084
163,11,2,21572.26,534117.44,1,4972,49433,8,2022-11-01,24.759456820935775,4.038860816827101,10.80487609491635,107.42506838294447
163,12,2,19811.99,515904.53,1,4732,40948,6,2022-12-01,26.04001566728027,3.8402434652008197,12.59901655758523,109.02462595097211
163,1,3,19048.36,524051.48,1,5124,45974,2,2023-01-01,27.511632497495846,3.634826105252103,11.39886631574368,102.2739032006245
163,2,3,3417.91,206225.34,0,2411,43812,7,2023-02-01,60.33667943275277,1.6573666456314244,4.707051492741715,85.53518871837412
163,3,3,4461.85,222481.6,0,2721,53553,7,2023-03-01,49.86308369846588,2.005491690099316,4.154418986798126,81.76464535097391
163,4,3,6928.63,237778.9,0,2622,43026,3,2023-04-01,34.31831401012899,2.913896060584013,5.526400316087947,90.68607932875668
163,5,3,5494.58,231347.05,0,2548,45288,5,2023-05-01,42.10459216173029,2.3750378489805684,5.108352102102102,90.79554552590267
163,6,3,4795.19,219451.64,0,2902,45942,6,2023-06-01,45.76495196227887,2.1850782249793164,4.776710635148666,75.62082701585115
163,7,3,5204.89,243636.14,0,2870,30892,8,2023-07-01,46.809085302475175,2.1363374087276217,7.8867065907030955,84.89064111498259
163,8,3,3793.31,236999.99,0,3739,41573,2,2023-08-01,62.478413311856926,1.6005528101499078,5.7008151925528585,63.38592939288579
163,9,3,4976.61,250368.25,0,3547,57261,5,2023-09-01,50.308995480859465,1.9877160941932532,4.3724044288433666,70.58591767691007
163,10,3,4456.18,235143.9,0,3167,49734,8,2023-10-01,52.76804348118792,1.895086370516097,4.728031125588129,74.24815282601831
163,11,3,19941.21,525036.85,1,5371,37543,4,2023-11-01,26.32923729302284,3.798059126707011,13.984946594571557,97.75402159746788
163,12,3,20051.46,544867.34,1,5369,51504,5,2023-12-01,27.17344971388617,3.6800627470165495,10.57912666977322,101.48395231886757
164,1,1,20292.03,536571.02,1,4995,47652,4,2021-01-01,26.44245154378345,3.78179760807805,11.260199362041467,107.42162562562562
164,2,1,5904.57,259160.89,0,3342,37506,8,2021-02-01,43.89157720206553,2.2783414580803454,6.909851490428198,77.54664572112507
164,3,1,3031.33,206753.76,0,2539,53447,2,2021-03-01,68.20562591337796,1.4661547146712106,3.868388497015735,81.4311776289878
164,4,1,5071.7,225211.8,0,2493,31592,6,2021-04-01,44.405583926494074,2.2519690353702604,7.128760445682451,90.33766546329723
164,5,1,5539.63,255141.23,0,3361,46453,4,2021-05-01,46.05744968526779,2.171201416564465,5.4924596904398,75.91229693543589
164,6,1,4762.88,226393.99,0,2445,46588,6,2021-06-01,47.53300314095673,2.1038014304178305,4.859491499957071,92.59467893660532
164,7,1,6779.94,240040.51,0,2902,40087,7,2021-07-01,35.40451832907076,2.824498248233183,5.987988874198618,82.71554445210201
164,8,1,5793.22,260780.76,0,3083,54931,7,2021-08-01,45.01482077324873,2.2214905731542465,4.7474242231162735,84.58668829062601
164,9,1,5444.64,247939.15,0,3175,48072,2,2021-09-01,45.53820821945987,2.19595816150858,5.1576624646363785,78.09107086614173
164,10,1,3336.07,211934.13,0,2801,39057,4,2021-10-01,63.52808244431322,1.5741070114568145,5.426277747906905,75.66373795073189
164,11,1,19824.16,521448.32,1,4407,41227,3,2021-11-01,26.303677936416978,3.80174971126573,12.648223736871469,118.32274109371454
164,12,1,20809.88,539114.89,1,5031,59651,3,2021-12-01,25.90667942342772,3.8600083926452116,9.03781814219376,107.15859471278077
164,1,2,18674.61,512653.14,1,4954,42204,8,2022-01-01,27.4518793163552,3.64273785585318,12.147027295990902,103.48266855066613
164,2,2,6178.2,247174.03,0,3048,43163,4,2022-02-01,40.00745039008125,2.499534437335508,5.726525728054121,81.09384186351706
164,3,2,7333.42,251341.93,0,2808,37179,8,2022-03-01,34.27349449506506,2.917706568100277,6.760319804190537,89.50923433048433
164,4,2,2170.6,204068.94,0,2975,41364,6,2022-04-01,94.01499124665992,1.063660153279573,4.933491441833478,68.59460168067227
164,5,2,5232.56,231803.09,0,2577,47552,4,2022-05-01,44.30013033773143,2.2573297016877563,4.874728507738896,89.95075281334886
164,6,2,4785.46,205574.08,0,2452,50654,4,2022-06-01,42.95806045813777,2.3278518381305657,4.05839775733407,83.83934747145187
164,7,2,7686.25,274763.25,0,3130,54063,8,2022-07-01,35.74737355667588,2.797408314248721,5.082279007824205,87.78378594249202
164,8,2,4010.25,208837.19,0,3005,53732,6,2022-08-01,52.0758531263637,1.9202757899586753,3.886644643787687,69.49656905158069
164,9,2,5663.07,239505.25,0,2609,55217,4,2022-09-01,42.29247563600662,2.3644867909993623,4.3375273919263995,91.79963587581449
164,10,2,5106.81,230055.26,0,2897,34778,6,2022-10-01,45.04872121735487,2.2198188383086745,6.614965207890045,79.41154987918537
164,11,2,21200.78,554417.1,1,5681,54095,3,2022-11-01,26.150787848371618,3.8239765692652696,10.248952768278029,97.59146277063897
164,12,2,20849.79,516596.81,1,4331,44373,5,2022-12-01,24.777074972937378,4.035988917546742,11.642142969823992,119.2788755483722
164,1,3,17681.33,486852.8,1,4972,34121,4,2023-01-01,27.5348517334386,3.631760975802132,14.268421206881392,97.91890587288817
164,2,3,5134.83,233838.17,0,2552,58906,4,2023-02-01,45.53961280120277,2.1958904314039063,3.969683393881778,91.62937695924765
164,3,3,5641.62,240873.21,0,3236,36132,2,2023-03-01,42.695752283918445,2.3421533677406465,6.666478744603122,74.43547898640297
164,4,3,3421.9,213629.33,0,3079,58418,6,2023-04-01,62.43003302258978,1.6017931620157215,3.6569093430107156,69.38269892822345
164,5,3,4225.24,219540.81,0,2720,40789,5,2023-05-01,51.95937035529343,1.9245806736342095,5.382353330554807,80.7135330882353
164,6,3,5022.4,240784.17,0,2865,52627,6,2023-06-01,47.94205359987258,2.085851407922705,4.575297280863436,84.04334031413613
164,7,3,6482.67,247625.97,0,2563,35389,4,2023-07-01,38.19814520868716,2.6179281599583435,6.99725818757241,96.61567303940694
164,8,3,5481.86,248398.53,0,3144,56681,5,2023-08-01,45.31281900668751,2.2068810149560867,4.382394982445617,79.00716603053435
164,9,3,8100.42,284302.1,0,3347,38766,2,2023-09-01,35.097204836292434,2.8492297454011073,7.3338002373213635,84.94236629817746
164,10,3,3440.17,210179.4,0,3004,52149,5,2023-10-01,61.09564352924419,1.6367779144863865,4.030362998331703,69.96651131824234
164,11,3,19081.43,504198.98,1,4595,48348,7,2023-11-01,26.423542679977338,3.784503887730991,10.428538512451393,109.72774319912948
164,12,3,16926.94,470584.16,1,4349,52079,8,2023-12-01,27.800899631002416,3.5970059000710943,9.035967664509688,108.2051414118188
165,1,1,20241.27,505921.25,1,4473,37962,2,2021-01-01,24.99454085637907,4.000873653755402,13.32704414941257,113.10557791191594
165,2,1,3893.65,213684.88,0,2577,31007,8,2021-02-01,54.880351341286456,1.8221457690408418,6.891504498984101,82.92001552192473
165,3,1,3393.85,206904.7,0,3106,28051,6,2021-03-01,60.96459772824374,1.6402962330000235,7.3760186802609535,66.6145202833226
165,4,1,4879.79,220680.49,0,2826,50017,3,2021-04-01,45.22335797237176,2.2112466761334453,4.412109682707879,78.08934536447275
165,5,1,6074.39,250646.37,0,2759,39198,3,2021-05-01,41.262804989472194,2.4234901147780437,6.394366294198684,90.84681768756796
165,6,1,3854.44,230772.25,0,2792,53981,7,2021-06-01,59.87179720011208,1.6702354810857891,4.27506437450214,82.65481733524355
165,7,1,3723.02,208612.14,0,2389,28759,8,2021-07-01,56.03304306718739,1.7846612378359186,7.253803678848361,87.32195060694852
165,8,1,7464.34,264910.53,0,2387,63908,7,2021-08-01,35.49014782284837,2.81768338918049,4.145185735745134,110.98053204859657
165,9,1,1598.53,199190.0,0,2835,52845,6,2021-09-01,124.60823381481737,0.8025151865053466,3.769325385561548,70.2610229276896
165,10,1,4600.49,219857.59,0,2635,57677,3,2021-10-01,47.79003758295312,2.0924863226236585,3.8118763111812335,83.43741555977229
165,11,1,19515.49,511971.94,1,4813,46539,8,2021-11-01,26.234131963891244,3.811828046669902,11.000922667010464,106.3727280282568
165,12,1,19235.98,539266.35,1,5316,57146,7,2021-12-01,28.03425403852572,3.5670647723522895,9.436642109683968,101.44212753950337
165,1,2,17248.35,494449.09,1,5451,62105,8,2022-01-01,28.666457371284793,3.4883975618197613,7.9615021334836165,90.7079600073381
165,2,2,2112.41,199590.15,0,2558,37375,6,2022-02-01,94.48456975681805,1.0583738726585457,5.340204682274248,78.02586004691165
165,3,2,4114.62,209466.0,0,2055,52431,3,2022-03-01,50.90773874622687,1.9643378877717623,3.9950792470103567,101.92992700729927
165,4,2,3599.03,209654.0,0,2640,51616,7,2022-04-01,58.25291814738971,1.7166521983840042,4.061802541847489,79.41439393939395
165,5,2,6382.16,244682.16,0,3248,44609,3,2022-05-01,38.338455945949335,2.6083470899553935,5.485040238516891,75.33317733990148
165,6,2,5137.04,252901.98,0,2831,49661,5,2022-06-01,49.23107081120646,2.0312375569380676,5.092567205654337,89.33309078064289
165,7,2,5119.55,237463.6,0,3093,43381,7,2022-07-01,46.383686066158155,2.1559304247050917,5.473907932043983,76.77452311671516
165,8,2,5086.02,229134.33,0,2897,41527,7,2022-08-01,45.051794920193,2.2196673889940457,5.5177193151443635,79.09365895754227
165,9,2,5252.08,213679.63,0,2041,54121,8,2022-09-01,40.68476298913954,2.457922638671735,3.948183329945862,104.69359627633513
165,10,2,5871.72,245104.37,0,2507,36688,5,2022-10-01,41.74319790453223,2.395599882613272,6.680777638464893,97.76799760670123
165,11,2,19768.64,516991.19,1,5010,40706,7,2022-11-01,26.152086840571734,3.8237866297102663,12.700613914410653,103.19185429141717
165,12,2,18503.73,486854.32,1,4553,45234,5,2022-12-01,26.31114483404157,3.800670804358889,10.76301719945174,106.93044585987262
165,1,3,19566.15,511012.05,1,4447,47692,5,2023-01-01,26.11714874924295,3.8289018820593372,10.71483791830915,114.91163705869126
165,2,3,5046.1,243601.41,0,3219,38342,2,2023-02-01,48.275184796179225,2.0714576323675633,6.353382974284075,75.67611369990681
165,3,3,4080.81,201222.23,0,2549,54017,5,2023-03-01,49.30938465647752,2.0280115174153472,3.725164855508451,78.94163593566105
165,4,3,5873.06,234324.41,0,2505,43763,8,2023-04-01,39.898180846100665,2.5063799371136795,5.354395493910381,93.54267864271458
165,5,3,5024.37,233442.04,0,2561,32606,4,2023-05-01,46.461952443788974,2.152298703352661,7.159481077102374,91.15269035532995
165,6,3,3953.86,211697.98,0,2632,54688,6,2023-06-01,53.542103159950024,1.8676890540004205,3.87101338502048,80.4323632218845
165,7,3,2986.58,211638.2,0,2677,57235,5,2023-07-01,70.86306075845951,1.4111724631942626,3.6977059491569846,79.05797534553605
165,8,3,3783.54,236000.55,0,3538,43002,5,2023-08-01,62.37559269890102,1.6031911790036084,5.488129621878052,66.7045081967213
165,9,3,5941.4,259060.44,0,3585,51789,2,2023-09-01,43.60259198168782,2.2934416385612564,5.002229044777849,72.26232635983264
165,10,3,5632.22,241630.33,0,2418,55310,5,2023-10-01,42.901436733650314,2.330924267661266,4.368655396854095,99.92983043837881
165,11,3,19261.0,520299.81,1,4575,48190,6,2023-11-01,27.013125486734854,3.7019041002532753,10.796841875907864,113.72673442622951
165,12,3,19827.51,512539.13,1,4429,34047,7,2023-12-01,25.849898953524676,3.868487075318522,15.05387053191177,115.72344321517272
166,1,1,19596.57,530264.5,1,5468,38541,6,2021-01-01,27.059046557637384,3.69562171331477,13.758452038089308,96.975950987564
166,2,1,5606.39,214065.34,0,2084,67580,7,2021-02-01,38.18238474312347,2.619008756859004,3.1675841965078426,102.71849328214971
166,3,1,6081.23,243914.05,0,2925,48433,8,2021-03-01,40.10932821156246,2.4931856118989457,5.0361127743480685,83.3894188034188
166,4,1,3002.9,203754.77,0,2111,48690,2,2021-04-01,67.85266575643544,1.4737814481594713,4.184735469295543,96.52049739459972
166,5,1,4411.14,211633.89,0,2506,50079,8,2021-05-01,47.977141963302,2.084325908293799,4.226000718864195,84.45087390263369
166,6,1,5722.82,239460.3,0,3086,40029,4,2021-06-01,41.84305989005421,2.3898825817891316,5.98217042644083,77.59569021386908
166,7,1,3796.63,219916.08,0,2707,45284,4,2021-07-01,57.92402209327746,1.7263994520091486,4.8563748785442975,81.23977835241965
166,8,1,4967.55,232740.18,0,2691,49351,5,2021-08-01,46.85210616903705,2.1343757661440326,4.716017507244027,86.48836120401337
166,9,1,4181.18,229274.44,0,2635,38683,6,2021-09-01,54.83486479893236,1.823657272917121,5.927007729493576,87.01117267552182
166,10,1,3977.64,210623.25,0,2827,34010,6,2021-10-01,52.95181313542704,1.8885094594257756,6.1929800058806235,74.50415634948709
166,11,1,19371.85,524482.75,1,5429,51188,8,2021-11-01,27.074479205651503,3.693515182339171,10.24620516527311,96.60761650396022
166,12,1,19823.13,527534.8,1,5344,49158,6,2021-12-01,26.612083964540414,3.7576914357119184,10.731412994832988,98.71534431137725
166,1,2,20333.61,537102.62,1,4747,50320,6,2022-01-01,26.414523540089537,3.785796092374303,10.673740461049285,113.14569622919738
166,2,2,3687.38,226837.06,0,2864,37240,8,2022-02-01,61.51713682885951,1.6255633008116048,6.091220730397422,79.20288407821229
166,3,2,7448.83,245811.12,0,2055,57038,8,2022-03-01,32.99996375269673,3.0303063588010177,4.3096027209930226,119.61611678832116
166,4,2,4885.42,231451.61,0,3089,64080,8,2022-04-01,47.375990191222044,2.1107738243860132,3.611916510611735,74.92768209776627
166,5,2,4073.89,204280.64,0,2522,36985,4,2022-05-01,50.14387722790748,1.9942614238921512,5.523337569284846,80.99946074544013
166,6,2,3896.87,214332.88,0,2715,48598,5,2022-06-01,55.00129077952305,1.8181391487857579,4.4103230585620805,78.94397053406999
166,7,2,3864.03,228491.61,0,3362,33643,4,2022-07-01,59.13298033400361,1.6911036689706025,6.791653835864816,67.963001189768
166,8,2,5717.26,242649.13,0,3311,57674,7,2022-08-01,42.4415069456348,2.356184009396613,4.207253355064674,73.28575354877681
166,9,2,4348.23,219515.72,0,2486,40400,8,2022-09-01,50.48392564330774,1.9808285256290525,5.433557425742574,88.30077232502012
166,10,2,4746.65,217237.85,0,2382,35749,6,2022-10-01,45.76656168034298,2.185001370617505,6.076753195893591,91.1997691015953
166,11,2,20522.46,522627.27,1,4899,33167,3,2022-11-01,25.466112249701062,3.9267870580117257,15.757447764344077,106.68039804041642
166,12,2,17382.89,484755.5,1,5358,17285,2,2022-12-01,27.886933645671117,3.5859087725667886,28.044865490309515,90.47321761851437
166,1,3,19387.73,536158.47,1,5494,52030,7,2023-01-01,27.65452531059593,3.6160447115570142,10.304794733807418,97.5898198034219
166,2,3,2184.43,199180.87,0,3342,41753,8,2023-02-01,91.18207953562256,1.0967067269060529,4.770456494144133,59.599302812687014
166,3,3,4507.63,249194.5,0,3106,61791,4,2023-03-01,55.2828204621941,1.8088802120432033,4.032860772604424,80.2300386349002
166,4,3,4560.85,236045.63,0,2962,35177,8,2023-04-01,51.75474527774428,1.9321899753026566,6.710226284219803,79.69129979743417
166,5,3,3306.07,203672.0,0,2771,51354,2,2023-05-01,61.605471148523776,1.623232452178012,3.9660396463761343,73.50126308191989
166,6,3,5717.53,256705.3,0,2687,47671,5,2023-06-01,44.897936696440595,2.227273842807297,5.384936334459105,95.53602530703387
166,7,3,6145.03,247883.92,0,2504,42488,3,2023-07-01,40.33892755609005,2.478995007017801,5.834210129919036,98.99517571884985
166,8,3,4379.82,227957.2,0,2620,61525,8,2023-08-01,52.04716175550594,1.921334355747482,3.705114993904917,87.00656488549619
166,9,3,1412.08,204396.72,0,3381,34107,3,2023-09-01,144.74868279417598,0.6908525733681049,5.992808514381212,60.45451641526176
166,10,3,5896.77,242184.3,0,2359,49539,5,2023-10-01,41.07067089270905,2.4348275259791823,4.8887603706170895,102.66396778295888
166,11,3,18819.67,508316.06,1,5356,45447,7,2023-11-01,27.009828546409157,3.7023559712042147,11.184809998459745,94.90591112770724
166,12,3,17907.62,484431.87,1,4915,42674,8,2023-12-01,27.051717090266603,3.696623015327212,11.351920841730328,98.56192675483214
167,1,1,18828.58,480284.41,1,4489,19799,4,2021-01-01,25.508265094871728,3.920297975110207,24.258013536037172,106.99140343060814
167,2,1,3468.29,210261.88,0,2894,44020,4,2021-02-01,60.624076994714976,1.6495096495855548,4.776507950931395,72.65441603317208
167,3,1,5160.04,233302.76,0,3220,37206,5,2021-03-01,45.21336268711095,2.2117355148306,6.270568187926679,72.45427329192547
167,4,1,4662.31,252507.61,0,3203,48230,8,2021-04-01,54.15933517934242,1.8464037578907029,5.235488492639436,78.83472057446144
167,5,1,7590.17,260914.6,0,3205,31510,4,2021-05-01,34.375330196820364,2.909062965430068,8.280374484290702,81.40861154446178
167,6,1,5879.73,247796.47,0,2826,54847,3,2021-06-01,42.14419199521067,2.372806198570948,4.517958502743997,87.68452583156405
167,7,1,5425.78,237597.11,0,3095,45203,6,2021-07-01,43.79040617201582,2.283605217252011,5.256224365639448,76.76804846526656
167,8,1,4679.98,236734.86,0,2607,56859,6,2021-08-01,50.584587968324655,1.9768867162191492,4.163542447105999,90.80738780207135
167,9,1,7418.35,261208.41,0,2902,43726,5,2021-09-01,35.21111972338862,2.8400119276404614,5.973754974157252,90.00978980013784
167,10,1,4997.79,206560.87,0,1891,52901,6,2021-10-01,41.33044205538848,2.4195240850796185,3.9046685317857883,109.23367001586462
167,11,1,18132.92,516108.51,1,5372,24610,8,2021-11-01,28.462515138212712,3.5133929490912674,20.971495733441692,96.0738104988831
167,12,1,19412.75,556068.14,1,5896,43041,6,2021-12-01,28.6444805604564,3.491073953634531,12.919498617597176,94.31277815468114
167,1,2,21325.9,535225.0,1,5001,48745,2,2022-01-01,25.09741675615097,3.984473819421739,10.980100523130577,107.02359528094381
167,2,2,5040.83,229341.4,0,2907,46921,2,2022-02-01,45.49675351083056,2.1979590252784713,4.8878199526864305,78.89281045751633
167,3,2,4970.99,228184.16,0,2896,59058,2,2022-03-01,45.90316214677559,2.1784991561202145,3.8637298926479056,78.79287292817679
167,4,2,5484.38,239300.92,0,2476,66489,6,2022-04-01,43.63317640280214,2.2918340639893904,3.599105415933463,96.64819063004848
167,5,2,3924.86,237377.91,0,3078,62667,4,2022-05-01,60.480605677654744,1.6534225952195805,3.787925223802001,77.120828460039
167,6,2,6815.23,262787.42,0,3161,48650,6,2022-06-01,38.55884834407643,2.5934384530279266,5.401591366906475,83.13426763682378
167,7,2,5571.11,245937.05,0,3427,46972,6,2022-07-01,44.14507162845465,2.26525852855436,5.235822404836924,71.76453166034432
167,8,2,5155.72,227128.27,0,2717,41857,7,2022-08-01,44.05364721125274,2.2699596135699007,5.426291181881167,83.59524107471475
167,9,2,5231.32,231778.6,0,2974,48215,2,2022-09-01,44.30594955001797,2.257033220495766,4.807188634242456,77.93496973772697
167,10,2,4488.86,214345.79,0,2687,31635,2,2022-10-01,47.75060705836226,2.0942142133978927,6.775590011063696,79.77141421659844
167,11,2,21488.61,541713.9,1,5039,39284,6,2022-11-01,25.209350441931797,3.966782096601176,13.789682822523165,107.50424687437985
167,12,2,20853.42,536431.45,1,5578,40784,8,2022-12-01,25.723907637212506,3.8874342658321024,13.15298769125147,96.16913768375761
167,1,3,18426.11,514000.9,1,5070,36261,4,2023-01-01,27.895247559034434,3.584840026544701,14.1750337828521,101.38084812623275
167,2,3,5517.16,250719.35,0,2980,44795,2,2023-02-01,45.44355247989908,2.2005321886802913,5.59703873200134,84.13401006711409
167,3,3,7224.03,258559.83,0,3067,46299,4,2023-03-01,35.79163292511244,2.7939490832740725,5.584566189334542,84.30382458428431
167,4,3,3497.99,191969.66,0,2058,36227,6,2023-04-01,54.879991080592,1.8221577305497128,5.299076931570376,93.27971817298348
167,5,3,5180.23,220618.49,0,2461,44811,6,2023-05-01,42.58855108749998,2.3480488874708554,4.923311017384124,89.64587159691182
167,6,3,6883.07,266916.93,0,3197,49275,4,2023-06-01,38.77876151194162,2.578731143056381,5.416883409436834,83.4898123240538
167,7,3,6066.43,246440.65,0,2660,55443,8,2023-07-01,40.62366993437656,2.461619055135588,4.4449371426510105,92.64686090225564
167,8,3,4758.87,219782.87,0,2750,45826,3,2023-08-01,46.18383565846514,2.1652597402154226,4.796029982979094,79.92104363636363
167,9,3,6091.68,234424.1,0,1942,39449,3,2023-09-01,38.48266816379061,2.59857241640258,5.9424598849147,120.71271884654995
167,10,3,4575.31,215487.68,0,2688,39558,3,2023-10-01,47.097940904550725,2.1232350731141567,5.447385611001567,80.16654761904762
167,11,3,20881.5,526363.55,1,4153,32638,2,2023-11-01,25.207171419677707,3.9671250032415806,16.127322446228323,126.74296893811703
167,12,3,18483.76,511267.85,1,4976,33856,8,2023-12-01,27.66038132933992,3.6152791535786966,15.101247932419659,102.74675442122187
168,1,1,21341.74,543818.73,1,5331,50510,8,2021-01-01,25.481461680256622,3.924421654252328,10.76655573153831,102.01064153066966
168,2,1,3642.83,235909.92,0,3922,28840,3,2021-02-01,64.76006840835285,1.5441614324654087,8.179955617198337,60.150413054564
168,3,1,7514.02,260162.09,0,3019,43546,4,2021-03-01,34.62355569987836,2.8882071173398094,5.974419923758783,86.17492215965551
168,4,1,6189.5,246087.78,0,2392,58526,4,2021-04-01,39.75891105905162,2.515159428070748,4.204759935755049,102.8795066889632
168,5,1,2863.41,208103.44,0,2878,33992,7,2021-05-01,72.67678746669182,1.3759551499965594,6.122129912920688,72.3083530229326
168,6,1,4961.19,240617.05,0,3061,53603,3,2021-06-01,48.49986595957825,2.0618613685106686,4.488872824282223,78.60733420450833
168,7,1,4094.35,217259.11,0,2438,52733,8,2021-07-01,53.06315043901962,1.8845469817122973,4.119983881061195,89.11366283839212
168,8,1,3925.56,226758.82,0,3235,45629,7,2021-08-01,57.76470618204792,1.7311608871487336,4.969620635999036,70.09546213292117
168,9,1,5393.13,245664.07,0,3020,38359,4,2021-09-01,45.55129766944242,2.1953271392108746,6.4043397898798196,81.34571854304636
168,10,1,3555.6,244847.49,0,3659,50325,7,2021-10-01,68.86249578130273,1.4521692666728991,4.8653251862891205,66.9165045094288
168,11,1,17989.27,515154.02,1,5421,28957,8,2021-11-01,28.63673845575724,3.492017785282933,17.790310460337743,95.02933407120457
168,12,1,19818.2,483009.48,1,4048,44047,4,2021-12-01,24.372015622004014,4.103066465693385,10.965774740617976,119.32052371541502
168,1,2,17654.76,495322.71,1,5298,51935,5,2022-01-01,28.056043242728876,3.564294477836479,9.537358428805238,93.49239524348812
168,2,2,5111.32,202739.09,0,1731,42390,7,2022-02-01,39.664722615684404,2.521131963253855,4.78271030903515,117.12252455228192
168,3,2,4434.0,236536.4,0,3188,45820,6,2022-03-01,53.34605322507893,1.8745529229327917,5.162295940637276,74.19585947302384
168,4,2,5748.02,254840.44,0,3316,41739,6,2022-04-01,44.33534330082359,2.255536837089122,6.105571288243609,76.85176115802172
168,5,2,4662.46,223139.87,0,2967,58416,7,2022-05-01,47.85882774329431,2.089478675415559,3.8198416529717885,75.20723626558814
168,6,2,4021.5,237183.19,0,3090,42820,4,2022-06-01,58.97878652244187,1.6955248810002093,5.5390749649696405,76.7583139158576
168,7,2,7083.62,272183.3,0,3523,42370,4,2022-07-01,38.42432259212098,2.602518229443173,6.423962709464243,77.2589554357082
168,8,2,3956.42,217594.74,0,2968,45840,8,2022-08-01,54.997886978632195,1.8182516728115765,4.746831151832461,73.31359164420485
168,9,2,4844.42,224955.93,0,3071,41419,4,2022-09-01,46.43609142064478,2.15349735390394,5.431225524517734,73.25168674698794
168,10,2,5391.82,251205.98,0,3448,49752,2,2022-10-01,46.590201453312616,2.1463740632289086,5.049163450715549,72.8555626450116
168,11,2,18970.7,502331.74,1,4282,41054,3,2022-11-01,26.479346571291515,3.7765282361015053,12.235878111755248,117.31241008874358
168,12,2,17291.74,487114.84,1,5056,54428,5,2022-12-01,28.170377301532408,3.549828208888073,8.94971044315426,96.3439161392405
168,1,3,20378.06,544852.45,1,5165,47111,8,2023-01-01,26.737209037562945,3.740106151674642,11.565291545498926,105.48934172313649
168,2,3,4850.21,234385.26,0,2970,32927,8,2023-02-01,48.32476531943978,2.0693323462405444,7.118330245695023,78.91759595959596
168,3,3,7640.99,266394.83,0,2691,55777,6,2023-03-01,34.86391553974027,2.868295154226529,4.776069526865912,98.99473429951692
168,4,3,6884.32,262184.28,0,2910,52363,5,2023-04-01,38.08426685569527,2.625756204757966,5.007052307927354,90.0976907216495
168,5,3,1865.54,193622.31,0,2769,39720,4,2023-05-01,103.78888150347889,0.9634943411221569,4.874680513595166,69.92499458288191
168,6,3,6081.15,239669.21,0,2644,42326,8,2023-06-01,39.41182342155678,2.5373096527501384,5.662458299862968,90.64644856278366
168,7,3,3299.14,229415.64,0,3558,40415,8,2023-07-01,69.53801293670472,1.4380623744745562,5.676497340096499,64.47881956155143
168,8,3,3528.1,233259.42,0,3260,40244,5,2023-08-01,66.11474164564497,1.5125219808914898,5.796129112414273,71.55196932515338
168,9,3,5538.13,235014.99,0,2219,53081,7,2023-09-01,42.43580233761215,2.356500749164979,4.427478570486614,105.91031545741325
168,10,3,6528.06,254469.49,0,2990,42637,8,2023-10-01,38.980874869409895,2.565360586056898,5.968278490512935,85.10685284280936
168,11,3,19820.27,549103.26,1,6473,31358,8,2023-11-01,27.704126129462413,3.609570629757325,17.510787039989797,84.82979453112931
168,12,3,18789.2,519834.93,1,5317,36212,4,2023-12-01,27.666687778085283,3.6144550732672003,14.355322268861151,97.76846529998119
169,1,1,19410.87,525569.99,1,4782,46854,3,2021-01-01,27.07606562714603,3.6932987745361947,11.217185085585008,109.90589502300293
169,2,1,6120.23,224389.6,0,2304,34616,6,2021-02-01,36.663589440266136,2.727501631091637,6.482250982204761,97.39131944444445
169,3,1,6668.67,263897.22,0,3136,45442,5,2021-03-01,39.57269140623242,2.5269951688009447,5.807341666299898,84.15089923469387
169,4,1,5410.26,228754.29,0,2911,27778,7,2021-04-01,42.281570571469764,2.365096628351757,8.235088559291526,78.58271727928548
169,5,1,4597.27,212583.06,0,2711,45058,6,2021-05-01,46.24115181401135,2.1625758891606885,4.717987038927604,78.41499815566212
169,6,1,5931.67,264053.4,0,3387,50805,3,2021-06-01,44.5158614690298,2.246390313474471,5.197390020667258,77.96085031000887
169,7,1,5768.28,249921.66,0,3489,37866,5,2021-07-01,43.32689467224199,2.3080352459246627,6.6001600380288385,71.63131556319863
169,8,1,5421.2,237429.4,0,2731,36026,7,2021-08-01,43.79646572714528,2.283289264092821,6.590501304613334,86.93863053826438
169,9,1,4984.71,238025.21,0,2737,33893,4,2021-09-01,47.75106475602392,2.0941941401921254,7.022842769893488,86.96573255389112
169,10,1,4048.8,204118.8,0,1958,45454,5,2021-10-01,50.41464137522228,1.9835507557363654,4.490667488009856,104.24862104187946
169,11,1,18974.52,507002.08,1,5377,47959,2,2021-11-01,26.720153131673424,3.7424935219200677,10.571573218791052,94.29088339222615
169,12,1,18472.76,509262.42,1,4637,53970,3,2021-12-01,27.568290823894213,3.6273558139239883,9.436027793218454,109.82583998274747
169,1,2,18517.45,511940.18,1,5330,52033,4,2022-01-01,27.64636491525561,3.6171120618037835,9.83875963330963,96.04881425891182
169,2,2,6052.43,243636.22,0,3056,27995,5,2022-02-01,40.25428133823935,2.4842078078538568,8.702847651366316,79.72389397905759
169,3,2,3311.19,210718.08,0,2765,44378,6,2022-03-01,63.63817237911445,1.5713839078260394,4.748255441885619,76.2090705244123
169,4,2,3011.94,217976.17,0,3037,28644,4,2022-04-01,72.37068799511279,1.3817748976872104,7.6098369641111585,71.77351662825157
169,5,2,5806.52,235548.98,0,3083,47389,4,2022-05-01,40.56629099701715,2.465100888995571,4.9705412648504925,76.4025235160558
169,6,2,4496.56,215125.57,0,2745,34548,4,2022-06-01,47.842254968242386,2.090202480346711,6.226860310292926,78.369970856102
169,7,2,6277.66,243517.39,0,3102,48465,8,2022-07-01,38.791108470353606,2.577910349646898,5.02460311565047,78.50334945196647
169,8,2,5692.47,243587.13,0,2785,40081,8,2022-08-01,42.791113523654936,2.336933810911931,6.077371572565555,87.463960502693
169,9,2,4396.22,245036.69,0,3320,45663,6,2022-09-01,55.73804086237722,1.794106833552151,5.366197796903401,73.80623192771084
169,10,2,5132.38,233841.01,0,2670,29659,7,2022-10-01,45.56190500313695,2.1948160418910265,7.884318756532587,87.58090262172286
169,11,2,19487.6,514066.04,1,4709,43026,3,2022-11-01,26.379135450235022,3.7908748066688083,11.947799934923069,109.1667105542578
169,12,2,18018.83,504508.45,1,4533,44923,2,2022-12-01,27.99895720199369,3.571561586332202,11.230515548827995,111.29681226560777
169,1,3,20096.95,531200.53,1,5357,44021,7,2023-01-01,26.43189787505069,3.7833075957209603,12.066980077690195,99.16007653537429
169,2,3,4547.32,243591.02,0,3103,56819,8,2023-02-01,53.568040076352666,1.866784744363729,4.287140217180872,78.5017789236223
169,3,3,5223.09,240877.12,0,3342,46988,7,2023-03-01,46.11774256235294,2.16836285654694,5.1263539627138845,72.07573907839617
169,4,3,3756.93,207050.73,0,2482,49258,4,2023-04-01,55.11168161238032,1.8144973456505078,4.203392951398758,83.42092264302983
169,5,3,4407.53,231323.16,0,2669,34077,6,2023-05-01,52.48362688399172,1.9053561260359748,6.788248965577956,86.67034844511053
169,6,3,3749.37,213940.66,0,2702,41747,5,2023-06-01,57.06042881870821,1.7525280140764266,5.124695427216327,79.17863064396744
169,7,3,7531.38,264732.31,0,2817,50934,8,2023-07-01,35.15057134283491,2.8449039711095336,5.197555856598735,93.97668086616969
169,8,3,5370.32,219587.18,0,2405,36428,6,2023-08-01,40.8890308212546,2.445643684663194,6.027977929065554,91.30444074844074
169,9,3,4000.28,230041.07,0,3037,52165,4,2023-09-01,57.50624206305559,1.7389416594175988,4.409873861784722,75.74615409944023
169,10,3,4611.46,231829.74,0,2929,40137,8,2023-10-01,50.272525404101955,1.9891580778203868,5.77596083414306,79.14979173779446
169,11,3,20105.15,522057.66,1,4730,47414,3,2023-11-01,25.966364836870152,3.8511359070950135,11.01062260091956,110.37159830866807
169,12,3,18202.02,492800.72,1,5093,40695,7,2023-12-01,27.073957725571116,3.6935863243056954,12.109613466027767,96.76040054977419
170,1,1,17956.39,502805.72,1,5100,50459,2,2021-01-01,28.001492504896586,3.571238211052969,9.96463901385283,98.58935686274509
170,2,1,5008.29,256526.93,0,3336,52183,7,2021-02-01,51.2204624732194,1.9523447304343446,4.915909970680106,76.89656175059952
170,3,1,5655.16,250380.08,0,3879,41158,8,2021-03-01,44.274623529661405,2.258630159396067,6.08338791972399,64.54758442897653
170,4,1,5362.19,236244.73,0,3139,45811,6,2021-04-01,44.05750821958939,2.2697606841854205,5.156943310558599,75.26114367633005
170,5,1,5712.06,238643.54,0,2484,29116,4,2021-05-01,41.77889237858145,2.393553163014595,8.196302376700096,96.07227858293076
170,6,1,3630.0,214413.34,0,2939,26566,4,2021-06-01,59.067035812672174,1.6929916767305617,8.07096815478431,72.95452194624022
170,7,1,4687.99,219257.09,0,2367,31451,6,2021-07-01,46.769956847177575,2.138124701007388,6.971386919334838,92.63079425433037
170,8,1,6053.01,248165.77,0,3163,61505,5,2021-08-01,40.99873781804424,2.4390994777402217,4.034887732704658,78.45898514068922
170,9,1,3582.81,232851.24,0,3520,32344,6,2021-09-01,64.99123313823507,1.5386690661385356,7.199209745238684,66.15092045454546
170,10,1,3846.95,207837.49,0,2867,35973,2,2021-10-01,54.02656390127244,1.8509413292087007,5.777596808717649,72.49302057900243
170,11,1,21271.66,524193.79,1,4503,57408,7,2021-11-01,24.642824772490723,4.057976344969672,9.131023376532887,116.40990228736398
170,12,1,19991.94,530467.64,1,5196,46816,2,2021-12-01,26.534075232318628,3.7687388433345332,11.330904818865346,102.09153964588145
170,1,2,19867.92,529682.22,1,5394,49433,6,2022-01-01,26.660174794341835,3.75091314184569,10.715154249185765,98.19840934371524
170,2,2,6116.89,234336.16,0,2489,50551,6,2022-02-01,38.309690054913524,2.610305639556439,4.635638464125339,94.14871836078747
170,3,2,4387.29,226845.92,0,2659,33903,6,2022-03-01,51.70524857030195,1.9340396335979944,6.691027932631331,85.31249341857841
170,4,2,4882.35,223240.14,0,2570,56422,8,2022-04-01,45.72391164091063,2.187039481340587,3.9566151501187483,86.86386770428017
170,5,2,4902.29,222760.48,0,2684,52852,7,2022-05-01,45.44008616381324,2.200700052361173,4.214797547869523,82.99570789865872
170,6,2,4769.63,231998.96,0,2575,45281,7,2022-06-01,48.6408715141426,2.0558842160326924,5.123538791104437,90.09668349514563
170,7,2,6673.31,247970.65,0,2795,49440,4,2022-07-01,37.15856898600544,2.6911692976567996,5.015587580906149,88.71937388193201
170,8,2,4640.0,227907.09,0,2680,50960,4,2022-08-01,49.11790732758621,2.035917355620661,4.472274136577708,85.03995895522388
170,9,2,4152.71,247763.97,0,3735,37168,8,2022-09-01,59.663200656920424,1.6760750160727569,6.66605601592768,66.33573493975904
170,10,2,4814.88,231106.58,0,3074,49802,4,2022-10-01,47.99840909846143,2.083402385167917,4.640508011726436,75.1810605074821
170,11,2,19130.22,498075.42,1,4711,45050,4,2022-11-01,26.036052904775794,3.840827961355733,11.056058157602664,105.7260496709828
170,12,2,20234.88,528164.55,1,5009,55101,2,2022-12-01,26.101689261315116,3.8311696610459753,9.585389557358306,105.44311239768417
170,1,3,17067.0,505006.94,1,6024,40381,8,2023-01-01,29.589672467334623,3.379557516575911,12.506053341918228,83.83249335989376
170,2,3,3008.12,226343.46,0,3515,42076,3,2023-02-01,75.24415914258739,1.32900681115328,5.3793958551193075,64.39358748221906
170,3,3,3824.35,217613.23,0,2955,51645,3,2023-03-01,56.90201733627937,1.7574069370690375,4.213635976377191,73.64237901861253
170,4,3,5353.97,234331.05,0,3021,44421,3,2023-04-01,43.76771816054254,2.2847889769622935,5.275231309515769,77.56737835153922
170,5,3,5067.44,231175.75,0,2970,44975,2,2023-05-01,45.61982973651391,2.192029224518575,5.140094496942746,77.83695286195287
170,6,3,5641.55,229446.64,0,3046,51985,8,2023-06-01,40.67085109588677,2.458763397014661,4.413708569779744,75.32719632304662
170,7,3,4146.72,220614.67,0,2414,39907,3,2023-07-01,53.20221042173091,1.8796211512135614,5.528219861177237,91.38967274233637
170,8,3,5542.33,244560.73,0,3079,41609,6,2023-08-01,44.12597770251862,2.2662387375111286,5.877592107476748,79.42862292952258
170,9,3,5147.01,223505.26,0,2786,54185,4,2023-09-01,43.42429099613174,2.302858554648781,4.1248548491279875,80.22442928930367
170,10,3,3499.23,205819.58,0,2398,34113,8,2023-10-01,58.8185343632742,1.7001443691606017,6.033464661565971,85.82968306922434
170,11,3,20984.11,525533.89,1,4879,42841,2,2023-11-01,25.044373576005846,3.9929128072025954,12.26707803272566,107.71344332855094
170,12,3,18678.45,504295.52,1,4502,38236,6,2023-12-01,26.998788443366553,3.7038699054871635,13.189023956480805,112.01588627276766
171,1,1,18575.55,525420.34,1,5247,52557,5,2021-01-01,28.285587236986252,3.53536941489551,9.997152424986204,100.13728606822946
171,2,1,5426.05,230450.05,0,1686,45502,5,2021-02-01,42.47105168584882,2.3545449436873636,5.064613643356336,136.68448991696323
171,3,1,2674.83,188891.73,0,2135,41638,3,2021-03-01,70.61821872791916,1.4160651713020997,4.536522647581537,88.47387822014052
171,4,1,4454.69,235182.52,0,3133,54647,4,2021-04-01,52.79436279516644,1.8941416224301022,4.3036675389316885,75.06623683370572
171,5,1,4755.96,234647.36,0,2720,49452,2,2021-05-01,49.33753858316722,2.026854254827329,4.74495187252285,86.26741176470588
171,6,1,6245.45,244039.05,0,2314,50252,3,2021-06-01,39.07469437750682,2.559201078679826,4.856305221682719,105.46199222126188
171,7,1,5398.72,227561.68,0,2325,43353,2,2021-07-01,42.15104321024243,2.372420523525754,5.249041127488294,97.87599139784946
171,8,1,4404.38,220028.37,0,3371,34634,2,2021-08-01,49.95671808517884,2.0017327765505875,6.352958653346422,65.2709492732127
171,9,1,4957.15,261138.62,0,3048,49436,4,2021-09-01,52.67918461212592,1.8982829885522103,5.282357391374706,85.67540026246719
171,10,1,5258.87,238353.6,0,3210,47650,5,2021-10-01,45.32410955205206,2.206331265816837,5.002174186778594,74.25345794392524
171,11,1,19180.48,516909.79,1,5052,47209,4,2021-11-01,26.949783842740118,3.7106049007119792,10.949390794128238,102.31785233570862
171,12,1,17960.27,515289.44,1,5701,43946,5,2021-12-01,28.690517458813257,3.485472164925406,11.72551403995813,90.38579898263463
171,1,2,18691.88,505190.98,1,5029,43955,4,2022-01-01,27.027296344722945,3.6999631307748215,11.49336776248436,100.45555378802942
171,2,2,4207.72,217556.81,0,2713,50857,7,2022-02-01,51.704203226450424,1.9340787355725617,4.277814460152978,80.19049391817177
171,3,2,5155.52,226219.06,0,3016,42844,6,2022-03-01,43.87899959654894,2.2789945285777424,5.28006395294557,75.00631962864722
171,4,2,3759.57,213762.65,0,2464,37480,3,2022-04-01,56.858271025675805,1.758759072270109,5.703379135538954,86.75432224025974
171,5,2,4223.27,218477.17,0,2357,42350,4,2022-05-01,51.73175525126265,1.9330486567543876,5.158846989374262,92.69290199406025
171,6,2,3777.57,205996.95,0,2126,42035,8,2022-06-01,54.531603649965454,1.8337989955676526,4.900605447841085,96.89414393226717
171,7,2,6594.08,249103.15,0,2386,61557,5,2022-07-01,37.776786147574796,2.647128308092451,4.046707116981009,104.40199077954736
171,8,2,7134.65,277997.52,0,2923,45435,5,2022-08-01,38.96442292193731,2.5664437582033104,6.118576427863982,95.10691755046186
171,9,2,3522.1,214876.04,0,2717,46262,6,2022-09-01,61.007932767383096,1.6391311008896106,4.644763304656089,79.08577107103423
171,10,2,5189.56,236721.87,0,2899,32118,2,2022-10-01,45.61501745812747,2.192260478510076,7.370380160657575,81.65638840979648
171,11,2,20724.0,532537.14,1,4759,39667,2,2022-11-01,25.696638679791548,3.891559563338624,13.425193233670306,111.90105904601808
171,12,2,18269.71,514716.69,1,5312,38342,4,2022-12-01,28.173227161241204,3.549469126404275,13.424356841062021,96.89696724397591
171,1,3,18886.9,504405.77,1,4456,46657,8,2023-01-01,26.70664693517729,3.7443861912999137,10.810934479284995,113.19698608617594
171,2,3,3386.71,210732.04,0,2823,40022,4,2023-02-01,62.22323139566128,1.6071167915424727,5.265405027235021,74.64826071555083
171,3,3,4624.57,231755.2,0,3321,53195,5,2023-03-01,50.113891669928236,1.995454686669382,4.35671021712567,69.78476362541403
171,4,3,6215.0,259914.45,0,2624,47301,6,2023-04-01,41.82050683829445,2.391171402744249,5.494903913236507,99.05276295731707
171,5,3,4608.48,211517.74,0,2468,50209,6,2023-05-01,45.89750633614554,2.178767605970071,4.212745523710888,85.70410858995137
171,6,3,5562.04,232826.59,0,2910,61959,2,2023-06-01,41.859927292863766,2.3889195817367765,3.7577525460385095,80.00913745704467
171,7,3,5537.65,230176.99,0,2737,35878,7,2023-07-01,41.56582485350284,2.4058225802674715,6.415546853224817,84.09827913774205
171,8,3,4342.44,193049.88,0,1497,47215,3,2023-08-01,44.456545168154314,2.2493875676068793,4.0887404426559355,128.95783567134268
171,9,3,6080.57,245514.51,0,2496,48202,7,2023-09-01,40.37689065334336,2.476664210192709,5.093450686693498,98.36318509615386
171,10,3,4969.91,226913.78,0,2691,40833,5,2023-10-01,45.65752297325304,2.1902195626902867,5.55711752749002,84.32321813452248
171,11,3,18650.06,480833.63,1,4298,60312,3,2023-11-01,25.781881130677327,3.87869292753088,7.972437160100809,111.873808748255
171,12,3,18733.23,491173.82,1,4927,40296,6,2023-12-01,26.21938768701393,3.813971599707818,12.189145820925154,99.69024152628374
172,1,1,18550.73,504624.78,1,4811,41709,5,2021-01-01,27.202421683674984,3.676143292051571,12.098702438322665,104.88979006443567
172,2,1,3724.19,212215.64,0,3408,40879,8,2021-02-01,56.983032552044875,1.7549083564246253,5.191311920546002,62.26984741784038
172,3,1,4560.45,228951.16,0,2595,33789,8,2021-03-01,50.203633413369296,1.9918877021632035,6.775908135783835,88.22780732177264
172,4,1,4344.75,243738.47,0,3386,38079,3,2021-04-01,56.09953852350538,1.7825458574512263,6.400863205441319,71.98419078558771
172,5,1,6059.26,247743.97,0,2875,49172,8,2021-05-01,40.88683601627921,2.4457749667933393,5.038313877816644,86.17181565217392
172,6,1,5512.36,245178.22,0,3358,44453,2,2021-06-01,44.47790420074161,2.2483073741215676,5.515448226216454,73.01316855270994
172,7,1,5573.77,236468.13,0,3208,39393,3,2021-07-01,42.425168243397195,2.3570914186194987,6.002795674358389,73.71201059850374
172,8,1,6261.92,234738.98,0,2352,55119,5,2021-08-01,37.48674208549455,2.6676097851324054,4.258767031332209,99.8039880952381
172,9,1,5605.47,219490.51,0,1581,49265,7,2021-09-01,39.15648643200303,2.5538552896888342,4.455303156399067,138.83017710309932
172,10,1,3506.93,205589.94,0,2727,41716,4,2021-10-01,58.62390752025276,1.705788717093842,4.928323425064724,75.39051705170517
172,11,1,17266.34,481226.3,1,5128,47703,3,2021-11-01,27.870776319706433,3.587987605831186,10.087967213802067,93.84288221528861
172,12,1,18959.98,499304.81,1,4848,36840,5,2021-12-01,26.334669656824534,3.7972756561267653,13.553333604777416,102.99191625412541
172,1,2,19397.62,517825.61,1,5472,38423,7,2022-01-01,26.69531674504398,3.7459754066624864,13.476969783723291,94.63187317251462
172,2,2,5141.8,246645.94,0,3637,47123,4,2022-02-01,47.968793029678324,2.0846886837058825,5.2340882371665645,67.81576574099533
172,3,2,4727.8,231407.19,0,2986,49203,3,2022-03-01,48.94606159313,2.0430652997428473,4.703111395646607,77.49738446081714
172,4,2,5193.39,232512.1,0,3033,49797,6,2022-04-01,44.770775928632354,2.233599885769386,4.669198947727775,76.66076491922189
172,5,2,3970.19,212170.21,0,2559,35468,5,2022-05-01,53.440820212634655,1.8712287648676034,5.982017875267847,82.91137553731926
172,6,2,4893.89,223596.94,0,2895,45031,6,2022-06-01,45.68899995708935,2.188710632623148,4.965400279807244,77.23555785837651
172,7,2,6239.5,251242.57,0,2907,42497,6,2022-07-01,40.26645885086946,2.4834565256994465,5.912007200508271,86.42675266597867
172,8,2,6795.48,245364.75,0,2571,43808,5,2022-08-01,36.10705204047397,2.769542079699712,5.600911933893353,95.4355309218203
172,9,2,4558.88,219429.17,0,2815,50313,6,2022-09-01,48.13225397466044,2.0776089158975535,4.361281776081729,77.94997158081705
172,10,2,6590.36,237671.49,0,2795,50264,2,2022-10-01,36.063506394187876,2.7728862220706403,4.728463512653191,85.03452236135956
172,11,2,17968.8,500428.86,1,5705,42692,6,2022-11-01,27.849876452517698,3.590680201777331,11.721841562822075,87.71759158632779
172,12,2,19475.95,509492.96,1,4474,42352,4,2022-12-01,26.160108236055237,3.822614153490953,12.029962221382698,113.87862315601252
172,1,3,19414.62,541045.68,1,4899,53944,3,2023-01-01,27.867951059562333,3.5883513569501186,10.029765682930448,110.44002449479487
172,2,3,5365.81,240590.45,0,2796,39433,2,2023-02-01,44.83767595199979,2.230267244605927,6.101246417974793,86.04808655221746
172,3,3,6553.8,250268.75,0,2920,46255,4,2023-03-01,38.18681528273673,2.618704892240841,5.41063128310453,85.70847602739725
172,4,3,4189.58,223112.25,0,2542,48433,6,2023-04-01,53.25408513502547,1.8777902154632926,4.606616356616357,87.77035798583792
172,5,3,4032.71,217684.23,0,2969,66360,7,2023-05-01,53.97963900206065,1.852550366188676,3.280353074141049,73.31904008083531
172,6,3,4694.55,203407.56,0,2034,27898,5,2023-06-01,43.32844681598875,2.3079525657748414,7.291116209047243,100.00371681415929
172,7,3,4691.29,250386.4,0,3456,54263,5,2023-07-01,53.37261179760791,1.8736201327228634,4.6143117778228255,72.44976851851851
172,8,3,3477.36,222049.59,0,3485,37539,7,2023-08-01,63.85579577610601,1.566028561457826,5.915170622552545,63.71580774748924
172,9,3,7158.16,248145.65,0,2972,40890,8,2023-09-01,34.66612229958537,2.884660682143733,6.068614575690878,83.49449865410497
172,10,3,3674.18,208910.73,0,2621,33904,6,2023-10-01,56.85914408112831,1.7587320670412667,6.161831347333648,79.70649752003052
172,11,3,19342.0,509412.45,1,4709,49159,8,2023-11-01,26.337113535311758,3.7969232985962553,10.36254704123355,108.17847738373328
172,12,3,18545.49,509349.96,1,4914,42194,3,2023-12-01,27.464896317109982,3.641011378502906,12.071620609565342,103.65282051282051
173,1,1,18539.43,481120.91,1,4230,47303,3,2021-01-01,25.951224498272058,3.8533827182859297,10.171044331226348,113.74016784869976
173,2,1,5492.96,224232.88,0,2656,47223,6,2021-02-01,40.821866534618856,2.4496675063888933,4.7483827795777485,84.42503012048194
173,3,1,5083.46,217787.1,0,2963,54118,2,2021-03-01,42.842296388680154,2.334141921169803,4.024300602387376,73.5022274721566
173,4,1,6089.84,232221.87,0,2441,47164,5,2021-04-01,38.13267179433286,2.622423116306832,4.923710245102196,95.13390823433019
173,5,1,6494.84,257520.53,0,3867,47511,8,2021-05-01,39.65001909207925,2.5220668814249487,5.4202296310328135,66.59439617274373
173,6,1,3122.4,217924.0,0,2931,37566,7,2021-06-01,69.79374839866769,1.4327930838273895,5.801096736410584,74.35141589901058
173,7,1,3304.53,204345.05,0,2696,58805,6,2021-07-01,61.83785591294374,1.617132394447529,3.4749604625457016,75.79564169139465
173,8,1,5698.09,264280.61,0,3956,51671,2,2021-08-01,46.38056085460215,2.1560756954511344,5.114679607516789,66.80500758341759
173,9,1,5773.86,244073.22,0,2606,66834,4,2021-09-01,42.27210566241648,2.3656261838148405,3.6519319508034833,93.65818112049118
173,10,1,4464.68,222726.83,0,2290,37965,2,2021-10-01,49.88640395280288,2.0045541886444487,5.866635848808112,97.26062445414847
173,11,1,16999.96,475568.03,1,4480,44461,5,2021-11-01,27.974655822719587,3.5746641758067708,10.696296304626527,106.15357812500001
173,12,1,20356.26,536907.5,1,5216,33133,3,2021-12-01,26.37554737461597,3.791390509538421,16.204614734554674,102.93472009202453
173,1,2,18121.66,507838.8,1,5138,45065,5,2022-01-01,28.023856534114422,3.5683882365821598,11.269029180073227,98.83978201634878
173,2,2,3851.52,215531.71,0,2539,46509,4,2022-02-01,55.96016897224992,1.7869853118132828,4.634193596938227,84.88842457660496
173,3,2,2813.56,193054.37,0,3010,31978,8,2022-03-01,68.61569328537512,1.4573925469804179,6.0370995684533115,64.13766445182723
173,4,2,6277.97,252588.42,0,2562,67375,3,2022-04-01,40.234091593301656,2.4854544004828094,3.7489932467532467,98.59032786885247
173,5,2,4165.37,228522.61,0,3043,46643,5,2022-05-01,54.86249960987859,1.822738677805229,4.899397766009905,75.09780151166612
173,6,2,6503.24,258359.63,0,3270,50595,6,2022-06-01,39.7278325880638,2.5171269985175315,5.106426129064137,79.00906116207952
173,7,2,5555.01,246156.54,0,3476,43334,4,2022-07-01,44.312528690317386,2.256698115759996,5.680448146951585,70.81603567318757
173,8,2,3619.49,204628.08,0,2328,38536,4,2022-08-01,56.535058806627454,1.7688139379502559,5.310049823541623,87.89865979381443
173,9,2,5191.02,214189.14,0,2290,55342,7,2022-09-01,41.2614746234844,2.4235682537405956,3.8702818835604065,93.53237554585154
173,10,2,6486.11,231347.54,0,2492,27237,2,2022-10-01,35.66814932216691,2.8036217718156844,8.493870103168485,92.83609149277689
173,11,2,19270.98,509307.96,1,4463,56305,3,2022-11-01,26.428752455765096,3.7837578662622904,9.045519225646036,114.1178489805064
173,12,2,17063.74,502488.38,1,5381,45799,3,2022-12-01,29.447728340914708,3.395847681094636,10.971601563352912,93.38196989407173
173,1,3,18212.23,509707.47,1,5168,54372,3,2023-01-01,27.987098230145346,3.5730749639592294,9.374447693665857,98.6276064241486
173,2,3,4760.34,227880.1,0,2422,26177,8,2023-02-01,47.87055126314507,2.088966961134386,8.705355846735685,94.08757225433526
173,3,3,5000.29,230555.24,0,2748,49385,5,2023-03-01,46.108373714324564,2.1688034503141203,4.66852769059431,83.8992867540029
173,4,3,5673.35,238735.22,0,3339,37285,3,2023-04-01,42.080114923281656,2.376419365353801,6.402982969022395,71.49901766996106
173,5,3,4801.43,241183.94,0,2482,54567,6,2023-05-01,50.231689309226624,1.9907751735045047,4.419959682592043,97.17322320709106
173,6,3,4103.05,225655.67,0,3210,39102,4,2023-06-01,54.99705584869792,1.8182791507078018,5.770949567797044,70.29771651090343
173,7,3,5595.74,233531.83,0,3324,36986,4,2023-07-01,41.73386004353311,2.3961358929101872,6.3140601849348394,70.25626654632973
173,8,3,4845.8,211062.59,0,2435,44319,5,2023-08-01,43.555778199678066,2.295906631298327,4.7623500078972905,86.678681724846
173,9,3,6981.51,259432.95,0,2941,49430,8,2023-09-01,37.16000550024278,2.691065263683738,5.248491806595186,88.21249574974499
173,10,3,4531.33,218970.96,0,2398,57966,6,2023-10-01,48.3237724906374,2.0693748613971463,3.7775758203084564,91.31399499582986
173,11,3,18494.83,502148.17,1,4805,49993,3,2023-11-01,27.150731853171937,3.683141969829344,10.044369611745644,104.50534235171696
173,12,3,17562.13,491830.36,1,4799,53574,5,2023-12-01,28.00516566042957,3.570769807703616,9.18039272781573,102.48600958533028
174,1,1,17075.3,495076.97,1,5035,44002,2,2021-01-01,28.993749450961328,3.449019250481395,11.25123789827735,98.32710427010923
174,2,1,3201.35,197195.49,0,2302,40929,4,2021-02-01,61.597604135755226,1.6234397652806358,4.8179894451367,85.66268027801911
174,3,1,5689.86,225642.33,0,2568,58106,4,2021-03-01,39.656921259925554,2.521627923271312,3.883287956493305,87.86695093457944
174,4,1,6205.99,239703.79,0,3096,58105,4,2021-04-01,38.62458527970558,2.589024562356732,4.125355649255658,77.42370478036176
174,5,1,7956.93,258676.94,0,2614,45867,6,2021-05-01,32.509641281247916,3.0760105636010695,5.639717879957268,98.95827850038256
174,6,1,5081.98,242118.57,0,2782,40198,6,2021-06-01,47.642566479994024,2.0989633302393944,6.023149659187024,87.03039899352984
174,7,1,6315.54,245846.97,0,2845,43247,6,2021-07-01,38.92730787866121,2.568890720922857,5.684717321432701,86.41369771528998
174,8,1,4373.1,218318.36,0,2725,26288,7,2021-08-01,49.92302028309437,2.003083936687689,8.304867620206938,80.11682935779815
174,9,1,7333.0,256553.56,0,2069,52916,5,2021-09-01,34.98616664393836,2.858272557200142,4.848317333131756,123.99882068632189
174,10,1,7051.73,245364.48,0,2512,55954,2,2021-10-01,34.79493400910132,2.873981596684247,4.385110626586124,97.67694267515924
174,11,1,17387.15,489477.73,1,4586,27757,2,2021-11-01,28.151694210954638,3.5521840799580406,17.63438880282451,106.73304186655037
174,12,1,18101.45,487714.87,1,4772,38762,3,2021-12-01,26.943414477845696,3.711482079683156,12.582293741293018,102.2034513830679
174,1,2,18907.25,499267.6,1,4775,39107,7,2022-01-01,26.406145790635865,3.786997193489023,12.766706727695809,104.55865968586387
174,2,2,6677.39,260377.31,0,3240,43723,3,2022-02-01,38.993874852300074,2.564505332665124,5.955156553758891,80.36336728395062
174,3,2,4861.72,236094.37,0,2827,41072,8,2022-03-01,48.56190196062298,2.0592274182565222,5.748304684456564,83.5141032897064
174,4,2,5519.86,252857.2,0,3441,39185,3,2022-04-01,45.80862558108358,2.182994986893788,6.4529080005104,73.48363847718687
174,5,2,4130.02,218424.52,0,2983,41534,2,2022-05-01,52.887036866649545,1.8908225138825994,5.258932922425001,73.22310425745893
174,6,2,3973.9,215505.93,0,2463,44164,5,2022-06-01,54.23033543873776,1.8439863812564232,4.879674169006431,87.49733252131547
174,7,2,5009.72,228934.04,0,2822,46352,6,2022-07-01,45.697971144095874,2.188280956383769,4.939032619951674,81.12474840538626
174,8,2,5279.83,228904.98,0,3111,41460,2,2022-08-01,43.354611796213135,2.3065596912745194,5.521104196816209,73.57922854387657
174,9,2,3443.94,207095.91,0,3084,40525,8,2022-09-01,60.13342566943675,1.6629686216400894,5.110324737816163,67.15172178988327
174,10,2,4367.79,201666.14,0,2607,56989,7,2022-10-01,46.171207864846984,2.165851937266216,3.538685360332696,77.35563482930571
174,11,2,18216.41,504032.83,1,5146,36085,7,2022-11-01,27.669163682635602,3.6141316429725423,13.967932104752668,97.94652739992227
174,12,2,17503.17,494847.94,1,5478,49941,8,2022-12-01,28.27190388940975,3.537080501941667,9.908651008189663,90.33368747718146
174,1,3,20720.28,516533.11,1,4286,65825,3,2023-01-01,24.928867273994367,4.011413711697978,7.847065856437523,120.5163579094727
174,2,3,4511.44,223176.31,0,2368,45172,2,2023-02-01,49.46897442945047,2.021469034952679,4.940589524484194,94.24675253378378
174,3,3,3368.96,198417.89,0,3125,40278,6,2023-03-01,58.89588775170973,1.6979114131291286,4.926210089875367,63.4937248
174,4,3,3526.71,200631.27,0,2690,44905,2,2023-04-01,56.889075086979076,1.7578067466751321,4.467904910366329,74.58411524163569
174,5,3,4358.21,224562.36,0,2793,39944,2,2023-05-01,51.52628257931582,1.940757124212624,5.621929701582215,80.40184747583244
174,6,3,2563.64,196675.04,0,2573,41090,7,2023-06-01,76.717105365808,1.3034902649568545,4.786445363835483,76.43802565099107
174,7,3,5066.89,230580.92,0,2835,43578,2,2023-07-01,45.50738618758252,2.197445478142771,5.291223094221856,81.33365784832452
174,8,3,5541.31,222689.83,0,2999,61902,6,2023-08-01,40.18721746301867,2.48835341964202,3.5974577558075667,74.25469489829943
174,9,3,6796.39,266904.29,0,2972,37966,5,2023-09-01,39.27147941774971,2.5463772051022486,7.030087183269241,89.80628869448182
174,10,3,4948.4,216165.38,0,2437,37810,2,2023-10-01,43.68389378384933,2.289173224685655,5.717148373446179,88.70142798522774
174,11,3,17100.65,495833.03,1,4945,39294,6,2023-11-01,28.994981477312265,3.448872698133886,12.618543034559984,100.26957128412539
174,12,3,18840.47,524776.88,1,5481,44198,2,2023-12-01,27.853704286570345,3.5901867475564093,11.873317344676229,95.74473271300857
175,1,1,20209.85,526604.59,1,5000,58836,2,2021-01-01,26.056828229798835,3.837765637401679,8.950380549323542,105.32091799999999
175,2,1,8121.76,258116.17,0,2351,62976,2,2021-02-01,31.78081721203286,3.1465521900468305,4.098643451473578,109.78994895789026
175,3,1,3465.6,204931.11,0,2977,41230,7,2021-03-01,59.13293801939058,1.6911048790981518,4.970436817851079,68.83812898891502
175,4,1,4954.48,236635.64,0,3537,44689,7,2021-04-01,47.76195281845926,2.093716736836429,5.295165253194298,66.90292338139666
175,5,1,3219.65,220728.88,0,2875,32969,2,2021-05-01,68.55679344028077,1.45864465039645,6.695043222421062,76.77526260869566
175,6,1,2254.21,178432.46,0,2139,35566,2,2021-06-01,79.15520736754783,1.2633407621012456,5.016939211606591,83.41863487611033
175,7,1,4563.74,224252.09,0,2616,52822,5,2021-07-01,49.13778830520582,2.0350936305654943,4.245429745181932,85.72327599388379
175,8,1,4576.38,225422.2,0,2622,64279,2,2021-08-01,49.257753945258045,2.0301372269457043,3.5069338353116883,85.97337909992373
175,9,1,4199.83,228930.07,0,3130,40042,7,2021-09-01,54.50936585528462,1.834547117379556,5.717248638929124,73.14059744408947
175,10,1,3490.86,227919.92,0,2840,43877,3,2021-10-01,65.29047856402147,1.5316168942144242,5.1945192241949085,80.25349295774649
175,11,1,16762.52,496458.95,1,5234,32290,6,2021-11-01,29.61720254472478,3.3764161165792257,15.37500619386807,94.85268437141765
175,12,1,17889.8,496991.08,1,4991,45032,4,2021-12-01,27.78069514471934,3.5996219489492645,11.036398116894652,99.57745541975557
175,1,2,17206.32,495638.91,1,5314,53446,8,2022-01-01,28.805631302916602,3.471543426645015,9.273639000112261,93.2704008280015
175,2,2,2791.6,195424.17,0,2901,39121,7,2022-02-01,70.00435950709272,1.4284824645794836,4.995377674394827,67.3644157187177
175,3,2,4521.76,234212.84,0,3399,35468,4,2022-03-01,51.79683132231697,1.9306200292007902,6.603497236945979,68.90639599882319
175,4,2,5069.0,223918.71,0,2672,51313,2,2022-04-01,44.17413888340896,2.2637679540043796,4.363781302983649,83.8019124251497
175,5,2,3878.42,212314.07,0,2820,34779,5,2022-05-01,54.74241314762197,1.8267371540661437,6.104662871272895,75.28867730496454
175,6,2,4413.6,236394.25,0,3005,41741,3,2022-06-01,53.5604155338046,1.8670504887491977,5.663358568314128,78.66697171381031
175,7,2,6380.02,257352.36,0,2410,48987,3,2022-07-01,40.337234052557825,2.479099084228332,5.253482760732439,106.78521161825725
175,8,2,5741.78,242197.27,0,2543,38056,8,2022-08-01,42.181565646889986,2.370703848148247,6.3642334980029425,95.24076681085332
175,9,2,5103.16,233319.88,0,2483,48878,8,2022-09-01,45.72066719444423,2.1871946788246244,4.7735152829493845,93.9669271043093
175,10,2,5595.42,258909.3,0,3430,65029,2,2022-10-01,46.271647168577154,2.1611506423291864,3.9814436635962416,75.4837609329446
175,11,2,16641.57,466186.58,1,4684,45199,3,2022-11-01,28.013377343604,3.569723092415058,10.31409057722516,99.52745089666952
175,12,2,17721.99,513218.91,1,5172,48597,2,2022-12-01,28.959440220878125,3.4531054204530385,10.560711772331626,99.23026102088167
175,1,3,19069.5,513030.24,1,4556,47058,7,2023-01-01,26.903182569023834,3.7170323527127755,10.902083386459262,112.60540825285338
175,2,3,5709.43,234167.17,0,3102,50662,8,2023-02-01,41.014106486987316,2.438185506533644,4.622146184516995,75.48909413281754
175,3,3,4308.75,233059.96,0,3253,36517,4,2023-03-01,54.089923991876994,1.84877316549784,6.382231837226497,71.6446234245312
175,4,3,6817.26,238353.11,0,2606,43731,3,2023-04-01,34.96318315569598,2.860151478619264,5.450438133132103,91.46320414428241
175,5,3,3849.65,216886.04,0,2799,36086,6,2023-05-01,56.3391581052823,1.7749644006594432,6.010254392285097,77.48697391925688
175,6,3,5193.99,224289.98,0,2270,55332,2,2023-06-01,43.18259757912511,2.3157476762894174,4.053531048940939,98.80615859030837
175,7,3,4903.82,221107.99,0,3131,34988,8,2023-07-01,45.088928631148775,2.2178393462850434,6.319537841545673,70.61896838070903
175,8,3,3399.38,196525.69,0,2138,38429,7,2023-08-01,57.81221575699098,1.7297382342227114,5.113994379244841,91.92034144059869
175,9,3,4992.83,235292.84,0,3008,50999,2,2023-09-01,47.12614689464692,2.1219642722659984,4.613675562265927,78.22235372340425
175,10,3,5429.28,242748.31,0,2790,47562,2,2023-10-01,44.71095799074647,2.236588176453216,5.103828897018628,87.00656272401433
175,11,3,19015.19,514895.72,1,5367,49154,3,2023-11-01,27.078126487297787,3.693017685212066,10.475154005777759,95.93734302217253
175,12,3,17582.7,487845.43,1,4820,44153,5,2023-12-01,27.745763164929162,3.6041538812816185,11.048975834031662,101.21274481327801
176,1,1,16832.32,473547.21,1,4544,47751,8,2021-01-01,28.133210989334806,3.5545178272721736,9.917011371489602,104.21373459507042
176,2,1,5545.96,244777.54,0,3530,50038,7,2021-02-01,44.1361892260312,2.265714411542824,4.891833006914745,69.34207932011331
176,3,1,4305.11,220343.32,0,2914,44883,8,2021-03-01,51.18180952403075,1.95381915821183,4.909282356348729,75.61541523678792
176,4,1,4448.86,206274.3,0,2204,34411,2,2021-04-01,46.36565322352243,2.156768923709837,5.994429106971608,93.59088021778584
176,5,1,7139.66,262117.03,0,2679,32154,8,2021-05-01,36.712816856825114,2.7238443835564596,8.15192604341606,97.84136991414707
176,6,1,5318.86,243054.54,0,3252,50008,4,2021-06-01,45.69673576668685,2.1883401149388115,4.860313149896017,74.74001845018451
176,7,1,4454.79,221477.49,0,2434,50520,3,2021-07-01,49.71670718485046,2.0113962823039038,4.383956650831354,90.99321692686935
176,8,1,5729.27,237591.42,0,2522,39957,8,2021-08-01,41.46975443642907,2.4113960007478386,5.946177640964037,94.20754163362412
176,9,1,2641.88,194366.4,0,2707,42218,5,2021-09-01,73.57124471966932,1.3592266976185186,4.60387512435454,71.80140376800887
176,10,1,6208.22,239589.94,0,2293,45094,4,2021-10-01,38.59237269297802,2.5911855898457175,5.3131223666119665,104.48754470126472
176,11,1,21186.48,536092.26,1,4795,39347,6,2021-11-01,25.303507708689693,3.952021243507601,13.624730220855465,111.80234827945777
176,12,1,17145.07,491809.47,1,5079,28110,5,2021-12-01,28.68518297096483,3.4861203465642907,17.49589007470651,96.83194920259893
176,1,2,19641.82,502148.58,1,4800,46064,6,2022-01-01,25.565277555745855,3.9115554205092042,10.90110672108371,104.6142875
176,2,2,4107.18,209229.89,0,2357,44203,4,2022-02-01,50.9424690420191,1.9629986901011132,4.73338664796507,88.76957573186255
176,3,2,5433.58,236897.61,0,2843,39040,4,2022-03-01,43.598807784186484,2.2936406998787366,6.068074026639344,83.32663032008442
176,4,2,3849.08,228911.58,0,3088,27616,6,2022-04-01,59.471764681430365,1.6814701991048249,8.289092555040556,74.12939766839378
176,5,2,4719.2,216524.79,0,2454,36999,6,2022-05-01,45.88167274114257,2.179519490585812,5.852179518365362,88.23341075794622
176,6,2,3862.36,218498.27,0,3537,47291,7,2022-06-01,56.57118186808065,1.7676844764034059,4.620292867564653,61.775026858919986
176,7,2,5265.27,240979.03,0,2962,37587,2,2022-07-01,45.76764914239915,2.184949453900616,6.41123340516668,81.35686360567185
176,8,2,2205.02,189016.1,0,2899,53972,5,2022-08-01,85.72080978857335,1.1665778735250594,3.5021140591417774,65.20044843049328
176,9,2,2957.72,214666.85,0,3213,57004,4,2022-09-01,72.57848951219184,1.3778186990678811,3.7658208195916076,66.81196700902584
176,10,2,4852.03,217301.46,0,2994,46179,7,2022-10-01,44.7856793960466,2.2328566039086897,4.705633729617358,72.57897795591182
176,11,2,16561.35,485696.14,1,4849,43192,5,2022-11-01,29.327086258064714,3.4098170926373843,11.245048620114837,100.16418643019179
176,12,2,18549.67,509848.8,1,5346,38642,7,2022-12-01,27.485599474276363,3.638268835780333,13.194161792867863,95.37014590347924
176,1,3,20268.63,533144.94,1,4805,48945,6,2023-01-01,26.30394555527433,3.8017110319006315,10.892735519460619,110.95628303850155
176,2,3,7214.66,250468.83,0,2731,67736,4,2023-02-01,34.71665054209068,2.8804622116053324,3.69772100507854,91.71322958623215
176,3,3,6590.69,272638.76,0,2850,29113,4,2023-03-01,41.367255932231686,2.4173708829955065,9.364845945110432,95.66272280701754
176,4,3,5679.95,253515.08,0,2751,47679,4,2023-04-01,44.63332951874576,2.240478160115761,5.317122422869607,92.1537913486005
176,5,3,3920.7,207834.25,0,2406,66244,7,2023-05-01,53.009475348789756,1.886455192058094,3.1374048970472797,86.38165004156276
176,6,3,2984.21,201511.6,0,2476,48354,3,2023-06-01,67.52594488993738,1.4809122651003714,4.167423584398395,81.38594507269791
176,7,3,6842.77,252437.89,0,3065,56862,5,2023-07-01,36.891184418006155,2.7106746930898526,4.439483134606592,82.36146492659054
176,8,3,4406.53,229198.42,0,2957,27166,4,2023-08-01,52.01335744905856,1.9225830614364618,8.436958698372967,77.51045654379439
176,9,3,4347.23,222554.13,0,2990,32407,4,2023-09-01,51.19446866165352,1.9533360266106945,6.86747091677724,74.43281939799331
176,10,3,4984.49,231516.95,0,3090,43265,4,2023-10-01,46.44747005210162,2.1529697933563825,5.351137177857391,74.9245792880259
176,11,3,22502.97,556553.78,1,5425,54113,4,2023-11-01,24.732458870984587,4.043269636943262,10.285029105760168,102.59055852534563
176,12,3,19675.45,533901.42,1,5402,37391,4,2023-12-01,27.13541088005611,3.685221515237776,14.27887513037897,98.83402813772678
177,1,1,17901.94,495748.19,1,4595,43955,6,2021-01-01,27.6924283066528,3.611095382920107,11.27853918780571,107.88861588683352
177,2,1,2815.86,213231.36,0,2934,44661,2,2021-02-01,75.72512837996206,1.320565605359362,4.774442130718076,72.67599182004089
177,3,1,5153.96,235299.89,0,2804,53830,2,2021-03-01,45.6541940566089,2.190379264520693,4.3711664499349805,83.91579529243938
177,4,1,4698.78,216756.9,0,2404,57464,2,2021-04-01,46.13046365226719,2.1677649016017484,3.7720468467214254,90.16509983361064
177,5,1,5436.14,249929.6,0,3316,46978,3,2021-05-01,45.975563543249436,2.1750684992894,5.320141342756184,75.3708082026538
177,6,1,3522.89,213905.22,0,2752,52378,3,2021-06-01,60.71867699530783,1.646939705351744,4.083875291152774,77.7271875
177,7,1,4847.57,224618.53,0,3120,49974,5,2021-07-01,46.33631489591693,2.158134504753459,4.494707848081002,71.99311858974359
177,8,1,6247.12,244881.14,0,3314,41874,7,2021-08-01,39.1990453200835,2.5510825374301995,5.848047475760615,73.89292094146047
177,9,1,6314.77,257896.35,0,2956,45063,3,2021-09-01,40.840181035888875,2.4485689696655264,5.7230177751148394,87.24504397834912
177,10,1,4825.99,241201.72,0,3611,47270,3,2021-10-01,49.9797388722314,2.0008107736545164,5.102638459911149,66.79637773469953
177,11,1,18728.93,510858.35,1,5131,22839,6,2021-11-01,27.276430100384804,3.6661689096400205,22.367807259512237,99.56311635158838
177,12,1,17035.58,492583.03,1,4387,43801,8,2021-12-01,28.914955052895174,3.4584179645815247,11.245931143124587,112.28243218600412
177,1,2,19644.44,520287.88,1,4897,28498,3,2022-01-01,26.485248752318725,3.77568664486284,18.25699628044073,106.24624872370839
177,2,2,4447.26,213661.85,0,2434,39574,3,2022-02-01,48.0434807049734,2.0814478579119293,5.399046090867742,87.78218981101068
177,3,2,6028.03,242233.25,0,2296,44459,4,2022-03-01,40.18447983835515,2.4885229422467807,5.448463753120853,105.50228658536585
177,4,2,4277.72,214244.5,0,2398,39266,4,2022-04-01,50.0838063267348,1.9966533563288675,5.456234401263179,89.3429941618015
177,5,2,6838.72,254783.54,0,2902,48704,7,2022-05-01,37.25602744373216,2.6841294378749896,5.231265193823916,87.79584424534804
177,6,2,6605.46,244364.82,0,2279,32126,2,2022-06-01,36.994368295319326,2.7031141389337465,7.606450227230281,107.2245809565599
177,7,2,5491.67,234795.29,0,2882,48592,4,2022-07-01,42.75480682561042,2.338918297722241,4.8319741932828455,81.46956627342124
177,8,2,3732.08,209254.15,0,3222,40801,2,2022-08-01,56.06904192836166,1.7835154045929316,5.128652484007745,64.94542209807572
177,9,2,3448.54,212333.14,0,2704,55140,5,2022-09-01,61.57189419290483,1.6241176483331805,3.850800507798332,78.52556952662722
177,10,2,6437.24,232781.69,0,2539,57386,3,2022-10-01,36.161723036580895,2.765354955537955,4.056419509985014,91.68243009058685
177,11,2,18712.02,514830.09,1,4930,38957,4,2022-11-01,27.51333581302286,3.634601077804135,13.215342300485151,104.42801014198784
177,12,2,16169.92,473118.47,1,4967,40870,3,2022-12-01,29.259171968692485,3.4177317152720756,11.576179838512356,95.252359573183
177,1,3,17984.92,506328.78,1,5220,34264,2,2023-01-01,28.152962593105784,3.552024042559856,14.777281695073547,96.99785057471264
177,2,3,5240.14,225617.52,0,2640,35589,3,2023-02-01,43.05562828474048,2.3225767218786912,6.339529629941835,85.46118181818181
177,3,3,4527.18,227566.7,0,2466,25990,3,2023-03-01,50.26676650806904,1.9893859690367703,8.755933051173528,92.28171127331711
177,4,3,4400.05,216684.91,0,3048,53851,8,2023-04-01,49.2460108407859,2.030621329376374,4.023786187814525,71.0908497375328
177,5,3,5812.08,248099.96,0,3105,46041,5,2023-05-01,42.686948562304714,2.3426364115496026,5.3886744423448665,79.90336876006441
177,6,3,5909.54,245867.43,0,3055,36820,4,2023-06-01,41.605172314596395,2.40354731002801,6.6775510592069525,80.48033715220949
177,7,3,4921.57,242929.38,0,3233,52746,3,2023-07-01,49.36013914259068,2.025926217734553,4.605645546581731,75.14054438601917
177,8,3,5240.18,246968.91,0,3244,49853,4,2023-08-01,47.12985240965005,2.121797435960664,4.953942791807916,76.13098335388409
177,9,3,5183.5,225556.38,0,2589,57111,4,2023-09-01,43.51430114787306,2.2980950483422373,3.949438461942533,87.12104287369641
177,10,3,3598.25,226168.45,0,2543,47441,8,2023-10-01,62.85512401862017,1.5909601891864227,4.767362618831813,88.93765237907984
177,11,3,18985.98,511210.09,1,4459,37389,7,2023-11-01,26.925662515182257,3.7139290423629934,13.672740378186099,114.64680197353667
177,12,3,18142.84,511763.83,1,5210,56778,6,2023-12-01,28.20748184958915,3.5451587111969203,9.013417696995315,98.2272226487524
178,1,1,16905.76,501601.14,1,4878,46824,8,2021-01-01,29.67042830372607,3.370359166249103,10.71247949769349,102.82926199261993
178,2,1,3811.5,215894.48,0,2741,32146,5,2021-02-01,56.642917486553856,1.7654457862933781,6.716060474086978,78.76485954031376
178,3,1,3706.22,215079.77,0,2522,28616,5,2021-03-01,58.0321108838655,1.7231839145076266,7.516066885658373,85.2814314036479
178,4,1,5878.19,234808.69,0,2372,63092,7,2021-04-01,39.94574690508473,2.503395423738363,3.721687218664807,98.9918591905565
178,5,1,6748.16,253298.92,0,3049,30427,4,2021-05-01,37.53599796092565,2.664109266632483,8.32480757222204,83.07606428337161
178,6,1,6582.77,246968.16,0,2774,41268,2,2021-06-01,37.51736123242951,2.665432661441054,5.984495492875836,89.02961788031723
178,7,1,5195.74,216996.57,0,2299,65630,3,2021-07-01,41.764324234853945,2.394388077194031,3.3063624866676826,94.3873727707699
178,8,1,4082.43,222203.42,0,2519,36521,7,2021-08-01,54.42920515477302,1.8372489496336284,6.084264395827058,88.21096466851925
178,9,1,5712.59,226262.46,0,2039,55086,3,2021-09-01,39.60768408025081,2.5247626141782424,4.107440365973205,110.96736635605689
178,10,1,3032.8,214591.9,0,2910,56387,3,2021-10-01,70.75702321287258,1.4132872675995694,3.8056981219075317,73.7429209621993
178,11,1,19880.34,505794.24,1,4701,51605,2,2021-11-01,25.44193107361343,3.930519256209798,9.801264218583471,107.59290363752393
178,12,1,20604.54,524340.71,1,4322,44095,7,2021-12-01,25.44782412031523,3.929609051336106,11.89116022224742,121.31899814900508
178,1,2,19770.52,521406.84,1,5211,51881,6,2022-01-01,26.372945172914015,3.7917646036250696,10.05005377691255,100.05888313183651
178,2,2,4214.99,218183.44,0,2674,43481,4,2022-02-01,51.763691017060545,1.9318560565366465,5.017902992111497,81.59440538519073
178,3,2,4973.08,219442.04,0,2698,39338,8,2022-03-01,44.12598228864205,2.2662385019752826,5.578373074381006,81.33507783543365
178,4,2,5058.84,228771.76,0,2966,41050,6,2022-04-01,45.22217741616655,2.2113044022566424,5.573002679658953,77.1314093054619
178,5,2,5682.96,257725.68,0,3220,52648,3,2022-05-01,45.350606022213775,2.20504219835602,4.895260598693207,80.03903105590062
178,6,2,5643.03,220818.95,0,2420,38048,5,2022-06-01,39.13127344706656,2.555500784692618,5.803694018082423,91.2475
178,7,2,3906.72,209387.86,0,2488,36882,7,2022-07-01,53.59684338780358,1.8657815214310896,5.677237134645626,84.15910771704179
178,8,2,4052.5,202369.15,0,2500,54188,7,2022-08-01,49.93686613201727,2.002528547458938,3.734574998154573,80.94766
178,9,2,6509.25,228001.16,0,2221,50549,7,2022-09-01,35.027255060106775,2.854919685496337,4.510497932698965,102.65698334083746
178,10,2,4925.58,223325.69,0,2707,64418,7,2022-10-01,45.339978236065605,2.2055590648796386,3.4668212300909684,82.49933136313263
178,11,2,18247.46,499127.27,1,4991,49239,4,2022-11-01,27.35324642443387,3.655873180401463,10.136827920956966,100.00546383490283
178,12,2,17301.46,504939.18,1,4881,39159,6,2022-12-01,29.184772845759838,3.42644434919865,12.89458821726806,103.4499446834665
178,1,3,18747.35,510512.25,1,4837,42198,7,2023-01-01,27.231168671838955,3.672262516717277,12.098020048343523,105.54315691544346
178,2,3,5799.66,235102.72,0,2613,54114,8,2023-02-01,40.53732805026502,2.466862144342694,4.3445821783641945,89.9742518178339
178,3,3,3582.28,216749.86,0,2533,53679,5,2023-03-01,60.50611900800607,1.6527254042978394,4.037889304942342,85.57041452822739
178,4,3,2021.84,186474.77,0,2509,51948,4,2023-04-01,92.23023087880347,1.0842431927922473,3.589642912142912,74.32234754882423
178,5,3,3818.5,227337.68,0,3263,45041,5,2023-05-01,59.53585963074506,1.67965996661882,5.047349748007371,69.6713699049954
178,6,3,7386.06,269487.39,0,2801,46946,5,2023-06-01,36.48594649921609,2.7407813033478114,5.740369573552592,96.21113530881829
178,7,3,4463.25,217386.29,0,3116,51436,6,2023-07-01,48.705828712261244,2.0531423577816246,4.226345166809239,69.76453465982028
178,8,3,4723.19,208134.22,0,2292,37907,6,2023-08-01,44.066450852072435,2.269300069926031,5.4906539689239455,90.8089965095986
178,9,3,6706.04,239988.33,0,2784,43767,3,2023-09-01,35.78689211516782,2.794319207104779,5.483316882582767,86.2027047413793
178,10,3,4368.62,221270.44,0,3246,26965,3,2023-10-01,50.64996268844624,1.9743351167919219,8.205838679770073,68.16711028958719
178,11,3,17864.16,498555.02,1,4738,59481,4,2023-11-01,27.908114347386054,3.5831872678766725,8.381752492392529,105.22478260869566
178,12,3,17826.75,489425.32,1,4857,46205,8,2023-12-01,27.454545556537227,3.6423840924290554,10.592475273238827,100.76700020588841
179,1,1,17769.83,493844.49,1,4684,51387,4,2021-01-01,27.791176955547687,3.598264303809485,9.610300075894681,105.43221391972672
179,2,1,4413.6,223300.61,0,2831,49588,5,2021-02-01,50.59375793003443,1.9765284116330897,4.503117891425345,78.876937477923
179,3,1,4758.23,221714.69,0,2968,36925,2,2021-03-01,46.59604306643437,2.1461049784297104,6.004460121868653,74.70171495956873
179,4,1,4223.81,219130.56,0,2356,44204,7,2021-04-01,51.87983360993984,1.9275312398234188,4.957256356890779,93.00957555178267
179,5,1,4920.88,237904.91,0,2685,47424,7,2021-05-01,48.34600925037798,2.068423051882368,5.016550902496626,88.60518063314711
179,6,1,3774.95,214469.28,0,2740,40576,7,2021-06-01,56.813806805388154,1.7601355308322013,5.285619085173502,78.2734598540146
179,7,1,2625.17,208752.71,0,3363,34091,5,2021-07-01,79.51969205803815,1.2575501415047499,6.123396497609339,62.073360095153134
179,8,1,4113.35,223974.34,0,2905,32356,6,2021-08-01,54.45059136713384,1.8365273450521165,6.922188774879466,77.09960068846816
179,9,1,5302.35,230164.13,0,2852,47711,3,2021-09-01,43.40794741954039,2.3037256065921308,4.824131332397141,80.70271037868163
179,10,1,4182.75,226514.0,0,3085,26514,7,2021-10-01,54.15432430817046,1.8465746046601978,8.543184732594101,73.42431118314424
179,11,1,19364.47,537100.32,1,5539,45694,6,2021-11-01,27.73638111448441,3.6053730148587517,11.754285464174727,96.96701931756634
179,12,1,16762.04,488704.08,1,4847,33775,5,2021-12-01,29.15540590524781,3.4298956538279772,14.46940281273131,100.82609449143801
179,1,2,19075.98,517191.54,1,5089,42949,5,2022-01-01,27.11218715892971,3.6883781973695857,12.04199259586952,101.62930634702299
179,2,2,2605.43,197794.98,0,2991,36130,4,2022-02-01,75.91644373481537,1.317237677113949,5.474535842789925,66.13005015045135
179,3,2,1955.12,187881.05,0,2259,33776,7,2022-03-01,96.09694034125782,1.0406158577461644,5.562560693983894,83.17000885347498
179,4,2,5390.66,252163.18,0,3162,52899,5,2022-04-01,46.77779344273243,2.1377665050067973,4.766879903211781,79.74800126502214
179,5,2,6382.59,252929.44,0,3513,42582,8,2022-05-01,39.62802561342652,2.5234666237350623,5.939820581466347,71.99813265015656
179,6,2,5353.03,217687.61,0,2702,39993,7,2022-06-01,40.6662413623686,2.4590421108486606,5.443142799989998,80.56536269430052
179,7,2,2149.42,198203.96,0,3374,49270,4,2022-07-01,92.21276437364497,1.084448565003444,4.022812258981125,58.74450503852993
179,8,2,2802.72,216533.66,0,3396,43580,6,2022-08-01,77.25839898384427,1.2943576532165946,4.968647544745296,63.7613839811543
179,9,2,6347.7,245834.26,0,3071,49251,2,2022-09-01,38.7280841879736,2.5821055210124086,4.991457229294837,80.05023119505047
179,10,2,4761.9,228398.78,0,3016,46080,6,2022-10-01,47.96379176379177,2.0849060577293796,4.9565707465277775,75.72903846153847
179,11,2,19784.84,515646.24,1,4862,45258,3,2022-11-01,26.062694467076813,3.8369018263373746,11.393482699191303,106.0564047716989
179,12,2,19911.18,542925.86,1,5627,40354,3,2022-12-01,27.26738746774425,3.6673847143696565,13.454077910492144,96.4858468100231
179,1,3,18291.79,507447.8,1,5066,45614,8,2023-01-01,27.741833904719,3.6046643615363,11.124825711404393,100.16735096723252
179,2,3,4543.77,221430.75,0,2781,54464,8,2023-02-01,48.73282538508771,2.0520049722091445,4.065635098413631,79.62270765911542
179,3,3,6175.46,240784.99,0,2134,50148,7,2023-03-01,38.990616083660164,2.564719669610635,4.80148739730398,112.8327038425492
179,4,3,5765.04,251363.26,0,3115,51648,8,2023-04-01,43.6013037203558,2.2935094014932806,4.866853701982652,80.69446548956661
179,5,3,6248.23,225849.05,0,2063,36201,3,2023-05-01,36.14608457115055,2.7665513757972415,6.238751691942211,109.4760300533204
179,6,3,3408.64,209848.09,0,2550,45053,2,2023-06-01,61.56358254318438,1.6243369191494665,4.657805029631767,82.29336862745097
179,7,3,3221.64,204098.54,0,1947,35580,2,2023-07-01,63.35237332538708,1.578472829839939,5.736327712197864,104.82719054956344
179,8,3,5510.62,236756.0,0,2818,54056,6,2023-08-01,42.96358667445769,2.3275524168342088,4.379828326180258,84.01561391057487
179,9,3,7550.24,260448.05,0,2401,52433,4,2023-09-01,34.49533392316006,2.8989428026049726,4.967254400854424,108.47482299042065
179,10,3,5452.87,242276.05,0,2641,47315,4,2023-10-01,44.43092353201158,2.2506847044930773,5.120491387509246,91.73648239303294
179,11,3,16649.47,485181.29,1,5528,43704,8,2023-11-01,29.14094502707894,3.4315977023763633,11.101530523521873,87.76796128798841
179,12,3,20964.09,539984.32,1,4763,57034,2,2023-12-01,25.75758451714336,3.8823516208766957,9.467761686011851,113.37063195465042
180,1,1,17578.97,488525.04,1,5492,39340,2,2021-01-01,27.79031080888129,3.5983764516963146,12.418023385866801,88.95211944646759
180,2,1,5019.08,223684.67,0,2354,40952,5,2021-02-01,44.566866836153245,2.2438193909309923,5.462118333658918,95.02322429906543
180,3,1,5003.07,216589.03,0,2524,49551,3,2021-03-01,43.29122518773473,2.3099369344790914,4.371032471594923,85.81181854199683
180,4,1,5717.91,237115.37,0,3235,45166,8,2021-04-01,41.46888810771768,2.411446377347871,5.249864278439534,73.2968686244204
180,5,1,6393.28,238365.92,0,2869,49578,4,2021-05-01,37.283823014164874,2.682128384795947,4.8078970511113805,83.08327640292785
180,6,1,6331.9,235975.34,0,2884,59301,5,2021-06-01,37.267698479129486,2.683288855521937,3.979280956476282,81.8222399445215
180,7,1,4665.48,221986.75,0,2728,54867,7,2021-07-01,47.58068837504394,2.1016930064519617,4.045906464723787,81.37344208211144
180,8,1,5405.41,234386.55,0,3028,32704,5,2021-08-01,43.36147489274634,2.3061946173959216,7.166907717710371,77.40639035667107
180,9,1,4838.77,239898.74,0,2795,43201,8,2021-09-01,49.5784548552628,2.0170051747666538,5.553083030485405,85.83139177101967
180,10,1,6411.1,256998.42,0,3195,38637,3,2021-10-01,40.086478139476846,2.4946067761817368,6.6516142557652,80.43769014084508
180,11,1,17380.37,494970.02,1,5067,51785,3,2021-11-01,28.478681408968857,3.5113985287432157,9.558173602394517,97.68502466942965
180,12,1,18314.59,500723.09,1,4757,61589,7,2021-12-01,27.340120090048426,3.65762841094466,8.130073389728686,105.26026697498423
180,1,2,17162.52,503473.74,1,5076,54850,4,2022-01-01,29.33565350542927,3.408821282317525,9.17910191431176,99.18710401891252
180,2,2,6057.58,251906.99,0,2832,51477,5,2022-02-01,41.58541694868248,2.404689127522821,4.893583347902947,88.95020833333334
180,3,2,3602.28,211388.55,0,2648,39808,6,2022-03-01,58.68187647823045,1.7041036517824644,5.31020272307074,79.82951283987914
180,4,2,4777.95,233420.89,0,2519,35872,5,2022-04-01,48.853774108142616,2.04692476324634,6.5070497881355935,92.66410877332275
180,5,2,3789.8,227298.56,0,2777,35937,5,2022-05-01,59.97639981001635,1.667322485457013,6.324917494504271,81.85039971191934
180,6,2,6789.57,239154.88,0,2694,45825,6,2022-06-01,35.223862483191134,2.838984510790664,5.218873540643753,88.77315515961396
180,7,2,8018.22,251936.19,0,2379,42387,2,2022-07-01,31.420463644050674,3.1826392230508844,5.9437136386156135,105.90003783102144
180,8,2,5028.82,225286.12,0,2278,37513,6,2022-08-01,44.799002549305804,2.232192555848536,6.005547943379629,98.89645302897279
180,9,2,4945.56,227220.67,0,2517,45168,8,2022-09-01,45.94437636991564,2.1765449419720486,5.0305674371236275,90.27440206595153
180,10,2,3872.21,226699.06,0,3555,39415,7,2022-10-01,58.54513572352739,1.7080838359012165,5.751593555752886,63.76907454289733
180,11,2,18868.95,506124.53,1,4788,30431,8,2022-11-01,26.82314225221859,3.7281239856127897,16.63187308994118,105.70687761069341
180,12,2,17361.9,497415.89,1,5098,47064,7,2022-12-01,28.649853414660836,3.4904192546000092,10.568925080741119,97.57079050608083
180,1,3,17161.5,485846.15,1,5223,32223,2,2023-01-01,28.31023803280599,3.532291034929473,15.077620022964963,93.02051502967643
180,2,3,5918.75,247352.89,0,2880,49277,5,2023-02-01,41.79140696937698,2.3928364047009922,5.019641820727723,85.8864201388889
180,3,3,5126.47,228721.3,0,2592,45868,3,2023-03-01,44.61574923875493,2.2413609926141556,4.986511293276358,88.24124228395061
180,4,3,2621.79,204866.58,0,2598,42222,3,2023-04-01,78.13996544345656,1.2797548531341716,4.852128748046042,78.85549653579676
180,5,3,4467.29,218654.86,0,2919,26546,2,2023-05-01,48.94575010800731,2.0430783015753686,8.236828900776011,74.90745460774237
180,6,3,3672.05,200689.09,0,2389,39494,7,2023-06-01,54.65314742446317,1.829720788509231,5.081508330379298,84.00547928003348
180,7,3,5230.27,250037.32,0,3480,47969,6,2023-07-01,47.805814996166546,2.0917957367324207,5.212477224874398,71.84980459770115
180,8,3,4775.08,226307.75,0,2447,43655,8,2023-08-01,47.39349916650611,2.109994023624909,5.184005268583209,92.48375561912546
180,9,3,4592.77,221907.72,0,2780,47810,2,2023-09-01,48.316750022317684,2.069675629130884,4.6414499058774314,79.82292086330935
180,10,3,4710.24,224730.08,0,2532,53658,3,2023-10-01,47.71096164951255,2.095954400051831,4.188193372842819,88.75595576619273
180,11,3,19433.56,507029.48,1,4937,53500,8,2023-11-01,26.090406492685847,3.832826446304464,9.477186542056074,102.69991492809397
180,12,3,17102.51,495739.2,1,5156,43827,5,2023-12-01,28.986341770886266,3.449900673579979,11.311273872270519,96.14802172226533
181,1,1,19592.91,523008.95,1,5089,43150,2,2021-01-01,26.693786170609677,3.746190194259582,12.120717265353418,102.77244055806642
181,2,1,6065.34,251362.46,0,3271,42485,8,2021-02-01,41.44243521385446,2.412985614478789,5.916498999646934,76.84575359217365
181,3,1,3545.15,221995.25,0,3318,43118,5,2021-03-01,62.61942371972977,1.5969485833593287,5.14855164896331,66.90634418324292
181,4,1,4079.24,208106.75,0,2482,56235,5,2021-04-01,51.016059363999176,1.9601670777137215,3.700662398861919,83.84639403706689
181,5,1,6360.14,250255.97,0,3032,54486,6,2021-05-01,39.3475568147871,2.541453856225688,4.593032522115773,82.53824868073879
181,6,1,7250.2,262630.05,0,2773,61094,4,2021-06-01,36.223835204546084,2.7606132656944626,4.298786296526663,94.70971871619184
181,7,1,4989.78,250207.52,0,3242,51868,3,2021-07-01,50.14399833259182,1.9942566074752668,4.823928433716357,77.17690314620604
181,8,1,6700.33,258942.37,0,3088,44491,2,2021-08-01,38.64621145525668,2.58757576058333,5.820106763165584,83.85439443005181
181,9,1,5695.12,254574.87,0,3102,47996,3,2021-09-01,44.70052782030932,2.2371100493933276,5.304085132094341,82.06797872340425
181,10,1,5254.43,253899.27,0,3371,41391,3,2021-10-01,48.320992001035314,2.0694939374973393,6.134166123070233,75.31867991693859
181,11,1,17683.07,492577.35,1,4947,34528,4,2021-11-01,27.85587287727753,3.589907250099908,14.266026123725672,99.57092177077016
181,12,1,18732.45,514496.23,1,4701,53232,4,2021-12-01,27.465506647555443,3.640930469014321,9.665168131950706,109.44399702191023
181,1,2,19816.25,523790.06,1,4547,42173,2,2022-01-01,26.432350217624425,3.783242851152998,12.420033196594979,115.19464702001319
181,2,2,3040.67,209970.67,0,2584,52947,4,2022-02-01,69.05408018627473,1.4481403521739489,3.9656764311481294,81.25799922600619
181,3,2,6036.14,220054.21,0,2263,48573,7,2022-03-01,36.45611433797095,2.7430240939266737,4.53038128178206,97.24003977021653
181,4,2,5840.65,239473.3,0,2621,50735,6,2022-04-01,41.00113857190552,2.4389566603040924,4.720080812062679,91.36714994276993
181,5,2,5288.17,219828.64,0,1919,54584,7,2022-05-01,41.56988901642723,2.405587370235289,4.027345742342079,114.55374674309537
181,6,2,5434.33,237700.5,0,3001,56683,3,2022-06-01,43.740534711730795,2.2862089057448345,4.1935059894501,79.20709763412196
181,7,2,2779.19,210668.92,0,2952,44911,7,2022-07-01,75.80227332424195,1.3192216488317308,4.690808933223487,71.36481029810298
181,8,2,6204.43,252853.14,0,3268,53162,5,2022-08-01,40.75364537918874,2.453768222929721,4.756275911365261,77.37244186046512
181,9,2,6874.25,248553.24,0,2858,54531,5,2022-09-01,36.1571429610503,2.7657052468919736,4.558017274577763,86.96754373687894
181,10,2,3715.14,199514.05,0,2528,42339,7,2022-10-01,53.702969470867856,1.8620944239265353,4.712299534707952,78.92169699367088
181,11,2,19388.57,509319.2,1,5187,48204,6,2022-11-01,26.26904408112615,3.8067620462766767,10.565911542610571,98.19147869674185
181,12,2,18911.25,496782.86,1,4807,42652,6,2022-12-01,26.269170996100204,3.806743654561673,11.647352058520116,103.3457166631995
181,1,3,19144.4,516209.38,1,4628,41508,4,2023-01-01,26.96398842481352,3.7086501605220734,12.43638286595355,111.54048833189283
181,2,3,5499.03,234088.69,0,2751,45007,7,2023-02-01,42.569087639092714,2.3491224629434253,5.201161819272557,85.09221737549981
181,3,3,5665.04,243965.93,0,2550,33081,7,2023-03-01,43.06517341448604,2.32206193709097,7.374805175176083,95.67291372549019
181,4,3,5734.53,234188.79,0,2490,31130,3,2023-04-01,40.83835815664057,2.4486782650868983,7.522929328621909,94.05172289156627
181,5,3,3846.72,197645.49,0,2261,20113,4,2023-05-01,51.38026422510607,1.9462725913958372,9.82675334360861,87.4150773993808
181,6,3,4784.86,251774.26,0,3076,38499,5,2023-06-01,52.61893973909373,1.9004563850172769,6.539761032754098,81.85118985695709
181,7,3,5684.32,243800.49,0,2846,44075,8,2023-07-01,42.8900009147972,2.331545765145919,5.53149154849688,85.66426212227688
181,8,3,4033.41,209303.72,0,2398,41710,5,2023-08-01,51.892497911196735,1.9270608281591934,5.018070486693839,87.28261884904087
181,9,3,6492.22,262954.39,0,3530,49939,2,2023-09-01,40.503000514461924,2.4689528857076697,5.265511724303651,74.49132861189803
181,10,3,4978.54,200286.28,0,2144,58311,2,2023-10-01,40.22992282878113,2.485711951912033,3.4347941211778226,93.41710820895523
181,11,3,20699.49,522522.25,1,4360,54021,6,2023-11-01,25.243242707912124,3.9614561867939595,9.672576405471947,119.84455275229358
181,12,3,19486.94,526505.79,1,5285,42945,6,2023-12-01,27.018392318137177,3.701182469427354,12.260002095703808,99.62266603595081
182,1,1,16549.09,490753.1,1,4984,36476,5,2021-01-01,29.65438583027828,3.372182468129086,13.454136966772673,98.4657102728732
182,2,1,1833.97,184805.8,0,2878,48713,3,2021-02-01,100.7681695992846,0.9923768626309347,3.7937675774433925,64.21327310632383
182,3,1,8065.38,261424.11,0,2597,50389,6,2021-03-01,32.413117546848376,3.0851706829947707,5.1881186370041075,100.66388525221409
182,4,1,3728.96,198346.82,0,2393,43505,5,2021-04-01,53.19092186561401,1.8800200577957338,4.5591729686242966,82.88625992478062
182,5,1,6514.2,259735.82,0,3204,49105,3,2021-05-01,39.87225138927267,2.5080098694126978,5.289396599124325,81.06611111111111
182,6,1,3661.44,202826.94,0,2373,50669,2,2021-06-01,55.39540180912428,1.8052039832578453,4.002978941759261,85.47279393173199
182,7,1,3715.31,214461.71,0,2781,43822,8,2021-07-01,57.723772713447865,1.7323884995601315,4.893927935740039,77.11676015821647
182,8,1,6637.18,236673.11,0,2555,54010,7,2021-08-01,35.65868486314971,2.804365903671947,4.3820238844658395,92.63135420743639
182,9,1,4664.84,233673.9,0,2823,57661,4,2021-09-01,50.092586240900005,1.996303395458372,4.052546782053728,82.7750265674814
182,10,1,4389.62,217298.79,0,2690,55166,8,2021-10-01,49.50287040791686,2.0200848794418045,3.938998477322989,80.78021933085502
182,11,1,16624.88,487359.28,1,5316,45804,6,2021-11-01,29.31505550716757,3.411216464371008,10.640103047768754,91.67781790820166
182,12,1,19615.4,528738.74,1,5345,38730,2,2021-12-01,26.955287172323786,3.7098473245974,13.651916860315001,98.92212160898035
182,1,2,18793.06,507387.67,1,4920,55862,3,2022-01-01,26.998672382251744,3.703885827576378,9.082876910959149,103.12757520325204
182,2,2,3255.63,216987.97,0,2832,51135,6,2022-02-01,66.6500708004288,1.500373499968685,4.243433460447834,76.6200459039548
182,3,2,4374.65,213584.41,0,2827,49432,4,2022-03-01,48.82319957025134,2.048206608338127,4.320772171872472,75.55161301733287
182,4,2,6002.27,239506.24,0,2877,47817,5,2022-04-01,39.90261017914889,2.506101719938487,5.008809419244201,83.24860618700035
182,5,2,4155.57,213340.1,0,2467,32736,8,2022-05-01,51.338348289163704,1.9478616537631697,6.516987414467254,86.47754357519254
182,6,2,5031.66,239840.45,0,3626,31459,2,2022-06-01,47.666267196114205,2.097919679520281,7.623905718554309,66.14463596249311
182,7,2,6046.51,243655.29,0,2889,40574,2,2022-07-01,40.29684727222811,2.481583716076922,6.005207522058461,84.33897196261682
182,8,2,6692.67,260716.95,0,3375,51080,4,2022-08-01,38.95559619703347,2.567025273960899,5.104090642129992,77.24946666666666
182,9,2,7392.85,257267.23,0,3180,38853,4,2022-09-01,34.79946569996686,2.873607338175173,6.621553805368955,80.90164465408806
182,10,2,3581.26,202271.29,0,2625,29815,5,2022-10-01,56.480481729893945,1.7705231424588235,6.784212309240315,77.05572952380953
182,11,2,17739.81,486718.37,1,4731,47399,8,2022-11-01,27.436504111374358,3.644779218010613,10.268536677988987,102.87853942084126
182,12,2,20679.94,527782.63,1,5433,58642,3,2022-12-01,25.521477818601024,3.9182683977303303,9.000078953650966,97.14386710841156
182,1,3,20495.82,541301.58,1,5475,59829,3,2023-01-01,26.410340254744625,3.786395746341624,9.047478313192599,98.86786849315068
182,2,3,5448.89,242689.39,0,2669,45849,6,2023-02-01,44.539234596404036,2.245211461448727,5.293231913455037,90.92895841139004
182,3,3,4771.16,248187.65,0,3242,32944,3,2023-03-01,52.018303724880326,1.9224002483604643,7.5336222073822245,76.55387106724244
182,4,3,2968.79,175432.47,0,1709,40113,2,2023-04-01,59.09224633604937,1.6922693957395687,4.373456734724404,102.65211819777647
182,5,3,4624.75,249275.91,0,3194,40744,8,2023-05-01,53.90040758959944,1.8552735400705185,6.118101070096211,78.04505635566687
182,6,3,6866.5,239388.67,0,2077,49263,8,2023-06-01,34.86327386587053,2.868347946458786,4.859400970302255,115.25694270582572
182,7,3,6246.34,258973.87,0,3571,39721,7,2023-07-01,41.46009823352555,2.411957623369493,6.519822512021348,72.52138616633997
182,8,3,1926.7,187563.55,0,2205,36986,2,2023-08-01,97.34963927959723,1.0272251724815404,5.071203969069377,85.06283446712018
182,9,3,6541.77,254685.63,0,2989,45633,6,2023-09-01,38.932220178942394,2.5685665893281846,5.581172178029058,85.20763800602208
182,10,3,7380.55,259947.89,0,2578,46177,7,2023-10-01,35.220666481495286,2.8392421265662127,5.629380210927518,100.83316136539953
182,11,3,18387.58,498766.56,1,4844,44644,4,2023-11-01,27.125187762609325,3.686610425526523,11.172084938625572,102.96584640792733
182,12,3,20092.21,522740.31,1,4995,57152,7,2023-12-01,26.017063827224582,3.843631266928697,9.146491986282195,104.65271471471472
183,1,1,19205.71,504832.45,1,5347,45068,5,2021-01-01,26.285539560891007,3.80437311428772,11.201572068873702,94.41414812044137
183,2,1,3912.81,182297.58,0,1581,46812,2,2021-02-01,46.58993919970558,2.146386145115037,3.89424891053576,115.30523719165085
183,3,1,5974.05,239791.41,0,2471,52397,2,2021-03-01,40.13883546337912,2.4913527969996925,4.576433956142528,97.04225414811818
183,4,1,5727.13,231561.66,0,2432,51212,4,2021-04-01,40.43240855367348,2.473263492756098,4.521628915098024,95.21449835526316
183,5,1,6332.24,251321.63,0,2823,51339,5,2021-05-01,39.68921424330095,2.519576209974446,4.895335514910692,89.02643641516117
183,6,1,3591.78,209819.91,0,2800,57249,5,2021-06-01,58.41669311594808,1.7118394531767742,3.665040612063093,74.93568214285715
183,7,1,3777.65,237261.83,0,2527,47864,2,2021-07-01,62.80672640398131,1.5921861514766198,4.956999623934481,93.89071230708349
183,8,1,4960.92,225512.33,0,2534,47885,2,2021-08-01,45.45776388250566,2.19984423911544,4.709456614806307,88.99460536700867
183,9,1,2948.09,191095.04,0,2483,53540,5,2021-09-01,64.81994783062932,1.5427349658054967,3.569201344788943,76.96135320177206
183,10,1,2691.38,219610.36,0,3378,55003,8,2021-10-01,81.59767851436808,1.2255250617502746,3.99269785284439,65.01194789816459
183,11,1,19964.58,514738.22,1,4207,44782,8,2021-11-01,25.782571934896698,3.8785890039406836,11.49431066053325,122.3527977180889
183,12,1,18623.17,503522.02,1,5391,42638,3,2021-12-01,27.037395889099443,3.698581047160559,11.809231671279141,93.40048599517715
183,1,2,19176.96,517786.45,1,4587,52588,2,2022-01-01,27.000444804598853,3.703642688988867,9.846095116756675,112.88128406365817
183,2,2,3600.23,216047.78,0,2279,50761,3,2022-02-01,60.00943828588729,1.6664045332935151,4.2561765922657155,94.79937691970163
183,3,2,7672.84,282368.52,0,3017,52716,7,2022-03-01,36.80104368134876,2.717314238853538,5.35641019804234,93.5924825986079
183,4,2,4725.78,220057.46,0,2972,54402,5,2022-04-01,46.56532043387546,2.147520924762105,4.045025182897687,74.04355989232839
183,5,2,6010.33,250129.74,0,3118,37645,6,2022-05-01,41.61664001810217,2.4028849988010226,6.644434586266436,80.22121231558691
183,6,2,5387.76,233095.39,0,2871,52914,8,2022-06-01,43.26387775253538,2.3113970636656522,4.405174245001323,81.18961685823756
183,7,2,8360.21,259047.26,0,2194,52671,2,2022-07-01,30.985736004239133,3.227291421650242,4.918214197566023,118.07076572470375
183,8,2,5732.99,233620.82,0,2920,47604,2,2022-08-01,40.750257718921546,2.453972210182294,4.907588017813629,80.0071301369863
183,9,2,5980.65,242383.49,0,2769,51621,6,2022-09-01,40.52795097522844,2.467432909724998,4.695443521047635,87.53466594438424
183,10,2,4811.35,219401.43,0,2960,54209,3,2022-10-01,45.600804348051994,2.1929437743409426,4.047324798465199,74.12210472972973
183,11,2,18639.88,508344.83,1,4893,38395,4,2022-11-01,27.271893917772,3.6667787100342895,13.239870556061987,103.89226037195995
183,12,2,18823.93,527255.91,1,5408,35885,4,2022-12-01,28.009874133616094,3.5701695595977294,14.692933259021876,97.49554548816569
183,1,3,16750.88,484051.83,1,4770,49289,4,2023-01-01,28.89709854049459,3.4605550401493166,9.820686765809816,101.47837106918239
183,2,3,6507.99,261939.68,0,3265,42194,6,2023-02-01,40.24893707580989,2.484537661495196,6.207984073564962,80.2265482388974
183,3,3,5353.18,236421.8,0,3507,49659,8,2023-03-01,44.16473946327229,2.2642497434669733,4.760905374655148,67.41425719988594
183,4,3,6261.35,238497.36,0,2547,53146,2,2023-04-01,38.09040542375047,2.625333043518805,4.487588153388778,93.6385394581861
183,5,3,5364.5,237108.24,0,3521,42168,5,2023-05-01,44.19950414763724,2.262468820147288,5.622942515651679,67.3411644419199
183,6,3,4174.12,224680.7,0,2755,64042,7,2023-06-01,53.82708211551178,1.8578008703017215,3.5083335935792137,81.55379310344829
183,7,3,5880.05,225673.44,0,2338,37538,4,2023-07-01,38.37951037831311,2.605556949900706,6.011866375406255,96.52414029084687
183,8,3,4968.58,242422.0,0,3306,40749,7,2023-08-01,48.79100266071997,2.0495582084134276,5.94915212643255,73.32788868723533
183,9,3,6300.6,226685.18,0,2153,46629,8,2023-09-01,35.97834809383233,2.779449454966575,4.861463466941173,105.28805387830933
183,10,3,6700.39,240178.66,0,2473,50276,3,2023-10-01,35.845474666400015,2.789752428463045,4.777203039223487,97.12036393044885
183,11,3,19326.66,499371.21,1,4505,42466,8,2023-11-01,25.83846406983928,3.87019908496527,11.759318278151934,110.8482153163152
183,12,3,20138.92,514282.57,1,5389,46700,5,2023-12-01,25.5367502328824,3.91592505264178,11.012474732334047,95.43191130079792
184,1,1,17347.16,478872.34,1,4296,55341,5,2021-01-01,27.605229905068036,3.622501980381661,8.653120471260006,111.46935288640597
184,2,1,5436.32,240023.81,0,2896,43735,5,2021-02-01,44.151891352974076,2.264908635522451,5.488140162341374,82.88114986187846
184,3,1,5063.42,239599.58,0,2912,55786,5,2021-03-01,47.31971276331017,2.1132841718670794,4.294976875918689,82.28007554945054
184,4,1,4645.0,233623.87,0,3021,37777,5,2021-04-01,50.29577395048439,1.9882386161996204,6.184288588294465,77.33329030122476
184,5,1,1354.38,179429.99,0,2565,40686,7,2021-05-01,132.48127556520325,0.7548236501601545,4.410116256206066,69.95321247563352
184,6,1,6378.17,239464.4,0,2850,36236,8,2021-06-01,37.54437401323577,2.6635149107758815,6.608466718180814,84.02259649122807
184,7,1,5614.79,232777.24,0,3165,48349,6,2021-07-01,41.457871086897285,2.412087195466361,4.814520258950547,73.54731121642969
184,8,1,3044.95,219630.37,0,3221,58580,2,2021-08-01,72.1293847189609,1.3863975187038113,3.7492381358825537,68.18701334989133
184,9,1,4510.79,226072.93,0,3144,43297,3,2021-09-01,50.11825644731854,1.9952809033792769,5.221445596692611,71.90614821882951
184,10,1,4391.05,229398.46,0,3411,44291,3,2021-10-01,52.24227918151694,1.9141584472711808,5.179347045675193,67.25255350337144
184,11,1,19225.9,513592.82,1,5130,45454,2,2021-11-01,26.713590521119947,3.7434129238800495,11.299177630131561,100.11555945419103
184,12,1,19694.7,504268.32,1,3963,50344,2,2021-12-01,25.604265106856158,3.9055993047510897,10.016453201970444,127.24408781226344
184,1,2,18130.29,506254.6,1,4823,44423,8,2022-01-01,27.92313857086676,3.581259311026508,11.396227179614163,104.966742691271
184,2,2,4957.81,227295.19,0,2210,46345,6,2022-02-01,45.84588558254551,2.181220816859345,4.904416657676125,102.84850226244345
184,3,2,4090.34,214903.41,0,2432,38521,7,2022-03-01,52.53925346059252,1.9033388069551804,5.578863736663119,88.36488898026316
184,4,2,5562.07,223361.79,0,2080,41456,7,2022-04-01,40.15803289063245,2.490161813262689,5.387924305287534,107.38547596153846
184,5,2,4397.47,223939.11,0,2830,32951,5,2022-05-01,50.9245338797081,1.963690040565045,6.796124852053048,79.13042756183745
184,6,2,4553.49,220205.57,0,2734,46222,4,2022-06-01,48.3597350603603,2.067835977082687,4.764085716758254,80.54336869056328
184,7,2,5245.44,240362.81,0,2384,52795,4,2022-07-01,45.82319309724256,2.182300997396394,4.55275707926887,100.82332634228187
184,8,2,5281.17,240671.88,0,3240,49074,7,2022-08-01,45.57169718073836,2.194344432760487,4.904264580022008,74.28144444444445
184,9,2,5327.04,234136.24,0,2439,42969,8,2022-09-01,43.95240884243407,2.2751881554090048,5.44895715515837,95.99681836818368
184,10,2,5104.86,225231.77,0,3287,43732,4,2022-10-01,44.12104739405194,2.2664919784628963,5.150273712613189,68.52198661393368
184,11,2,18336.35,517770.2,1,5902,41689,6,2022-11-01,28.23736457910108,3.541406979389698,12.41982777231404,87.7279227380549
184,12,2,15724.52,481261.82,1,4905,35039,7,2022-12-01,30.60581944631696,3.267352477701223,13.7350329632695,98.11657900101937
184,1,3,19742.18,520286.01,1,5218,37673,2,2023-01-01,26.35403030465734,3.794486036632044,13.81058078730125,99.70985243388272
184,2,3,3335.06,217639.98,0,2964,53054,7,2023-02-01,65.25819025744664,1.5323747043167344,4.102235081237984,73.42779352226721
184,3,3,4707.8,227142.12,0,2945,60043,2,2023-03-01,48.24803942393474,2.072623078449739,3.7829908565528036,77.12805432937182
184,4,3,5546.6,249614.1,0,3609,42161,5,2023-04-01,45.00308296974723,2.2220699872322918,5.920497616280449,69.16433915211971
184,5,3,4592.79,229844.57,0,3232,54045,5,2023-05-01,50.04465041946181,1.9982155767264809,4.252836895179943,71.11527537128713
184,6,3,5012.56,211583.61,0,2109,45804,7,2023-06-01,42.210688749860346,2.3690681901117014,4.619326041393764,100.32413940256045
184,7,3,5406.57,214147.38,0,2066,46650,6,2023-07-01,39.60873159877705,2.5246958426481796,4.59051189710611,103.65313649564376
184,8,3,5908.81,236351.1,0,2958,43571,8,2023-08-01,39.99977998954104,2.5000137507293174,5.424504831195061,79.90233265720082
184,9,3,5625.99,252463.01,0,3260,57079,8,2023-09-01,44.87441499185033,2.2284413071047515,4.423045428266088,77.44264110429448
184,10,3,5043.25,239736.15,0,2389,41109,8,2023-10-01,47.536043226094286,2.103666885448857,5.8317193315332405,100.35
184,11,3,19120.7,515570.7,1,4521,58101,2,2023-11-01,26.964007593864242,3.7086475239962238,8.873697526720711,114.03908427339084
184,12,3,20365.34,536565.58,1,5808,48382,6,2023-12-01,26.34699838058191,3.795498772023357,11.09019015336282,92.38388085399448
185,1,1,19361.88,515223.74,1,4788,34180,8,2021-01-01,26.610212438048368,3.757955718422447,15.07383674663546,107.60729741019215
185,2,1,5064.93,238161.74,0,3490,61437,4,2021-02-01,47.02172389351876,2.1266766022115897,3.876519686833667,68.24118624641834
185,3,1,5948.93,254532.42,0,3264,55113,4,2021-03-01,42.78625231764368,2.3371993241568205,4.618373523488106,77.98174632352942
185,4,1,4643.94,217391.93,0,2404,35251,3,2021-04-01,46.81195924150614,2.1362062519984066,6.166972000794304,90.42925540765391
185,5,1,2344.37,206411.86,0,2910,43950,5,2021-05-01,88.04576922584745,1.1357729153741458,4.69651558589306,70.93191065292096
185,6,1,4193.29,208627.09,0,2534,43143,2,2021-06-01,49.752602371884606,2.0099451130723245,4.835711239366757,82.33113259668508
185,7,1,5824.88,239683.21,0,2424,53158,3,2021-07-01,41.14817987666699,2.4302411503918027,4.508883140825463,98.87921204620461
185,8,1,5045.49,244124.42,0,2926,51416,5,2021-08-01,48.38468017972487,2.06676988725667,4.748024350396764,83.43281613123719
185,9,1,5368.91,226068.77,0,3129,52651,8,2021-09-01,42.107014272915734,2.374901230276079,4.293722246491044,72.24952700543304
185,10,1,4218.62,220164.51,0,3360,40013,8,2021-10-01,52.188751297817774,1.9161217218887818,5.502324494539275,65.52515178571429
185,11,1,19888.14,519270.5,1,4985,42853,7,2021-11-01,26.10955574528337,3.8300153773418675,12.117483023358925,104.1665997993982
185,12,1,17303.1,469981.42,1,4333,26730,8,2021-12-01,27.16168894591143,3.6816561812166957,17.582544706322484,108.4655942764828
185,1,2,17738.09,501575.38,1,5139,43840,3,2022-01-01,28.27674118239337,3.536475414722309,11.441044251824817,97.60174742167737
185,2,2,5882.16,227820.42,0,2231,44293,8,2022-02-01,38.730741768330006,2.5819283451413177,5.143485878129727,102.11583146571044
185,3,2,4976.41,241679.08,0,2977,29185,5,2022-03-01,48.56494541245597,2.059098371278143,8.28093472674319,81.18208935169633
185,4,2,3511.14,205365.84,0,2704,62161,6,2022-04-01,58.48978964097131,1.7097001137092713,3.3037731053232733,75.94890532544379
185,5,2,3703.16,220808.05,0,2856,48714,4,2022-05-01,59.62692673284438,1.6770946530255577,4.5327431539187915,77.31374299719887
185,6,2,5443.44,235584.47,0,2853,42243,7,2022-06-01,43.27860139911527,2.310610712157724,5.576887768387662,82.57429723098493
185,7,2,3764.45,210359.76,0,2744,43587,6,2022-07-01,55.88060938516915,1.7895295183831736,4.826204143437264,76.66172011661808
185,8,2,5734.27,239574.81,0,2812,30029,6,2022-08-01,41.77947846892455,2.393519585802865,7.978114822338406,85.19730085348506
185,9,2,3556.46,217965.3,0,2373,57932,8,2022-09-01,61.28715070603915,1.6316633886219505,3.762433542774287,91.85221238938053
185,10,2,4367.0,228881.35,0,3341,37729,8,2022-10-01,52.411575452255555,1.9079754641433213,6.066456836915901,68.50683926967974
185,11,2,19740.21,508536.51,1,4244,47597,2,2022-11-01,25.761453905505565,3.88176848895274,10.684213500850895,119.82481385485391
185,12,2,20900.28,536394.68,1,5376,35917,3,2022-12-01,25.664473394614813,3.896436855041142,14.934284043767576,99.77579613095239
185,1,3,18576.69,501298.74,1,4735,40398,6,2023-01-01,26.985363915746024,3.705712485932041,12.40899896034457,105.87090601900739
185,2,3,4968.93,222221.68,0,2851,38450,5,2023-02-01,44.72223999935599,2.2360239558984527,5.779497529258777,77.94517011574885
185,3,3,4570.11,225299.72,0,3092,50760,8,2023-03-01,49.29853329569748,2.0284579137515126,4.438528762805358,72.86536869340233
185,4,3,4799.41,229010.38,0,2924,37898,5,2023-04-01,47.716360969369155,2.0957172334284584,6.042809119214734,78.32092339261285
185,5,3,3938.56,222856.51,0,3851,35183,3,2023-05-01,56.58324616103348,1.7673075828029434,6.3342099877781886,57.86977668138146
185,6,3,3606.98,199926.47,0,2509,34619,7,2023-06-01,55.42766247664251,1.804153296959627,5.775050405846501,79.68372658429654
185,7,3,4940.8,244048.29,0,3185,44611,8,2023-07-01,49.39448874676166,2.02451736088788,5.470585505816951,76.62426687598116
185,8,3,5720.28,230626.81,0,2679,57756,2,2023-08-01,40.31739879866021,2.4803187452490887,3.993122965579334,86.08690182904068
185,9,3,5019.55,241090.54,0,3047,45216,3,2023-09-01,48.03030948989451,2.0820186474342792,5.331974079971691,79.12390548080079
185,10,3,5663.04,225078.36,0,1952,42192,5,2023-10-01,39.74514748262417,2.5160304171400574,5.33462172923777,115.30653688524589
185,11,3,18296.64,508554.09,1,4549,26057,5,2023-11-01,27.79494431764521,3.5977765904901085,19.516985454964118,111.79469993405145
185,12,3,15771.3,476264.4,1,5317,38651,6,2023-12-01,30.198170093777943,3.311458929115844,12.322175364156168,89.57389505360166
186,1,1,19185.71,516379.63,1,4985,48605,7,2021-01-01,26.914804299658446,3.7154273494483117,10.624002263141652,103.58668605817452
186,2,1,5382.21,244386.03,0,3194,42545,5,2021-02-01,45.40626062528218,2.2023394708772837,5.7441774591608885,76.51409830933
186,3,1,4484.56,228667.04,0,3150,38440,6,2021-03-01,50.98984961735376,1.961174640647817,5.94867429760666,72.59271111111111
186,4,1,3969.06,208757.69,0,2336,32935,7,2021-04-01,52.596254528780115,1.9012760679618557,6.33847548201002,89.36544948630137
186,5,1,5889.81,240244.81,0,2838,26717,3,2021-05-01,40.78990833320599,2.4515867793356287,8.992207583186735,84.65285764622973
186,6,1,4681.38,223553.14,0,2799,34333,8,2021-06-01,47.753683742827974,2.094079286920327,6.511319721550695,79.86893176134335
186,7,1,7032.52,247530.49,0,2552,33305,7,2021-07-01,35.19797881840364,2.841072225082252,7.43223209728269,96.99470611285265
186,8,1,4494.02,224910.23,0,3115,43428,2,2021-08-01,50.0465574252006,1.99813943545387,5.178922123975315,72.20232102728733
186,9,1,4486.75,242532.23,0,3338,47984,5,2021-09-01,54.0552136847384,1.8499603124912511,5.05443960486829,72.65794787297783
186,10,1,5594.8,211091.65,0,1664,47484,7,2021-10-01,37.72997247444055,2.6504127472593066,4.445532179260383,126.85796274038461
186,11,1,19990.68,528364.91,1,5061,49018,5,2021-11-01,26.430562141958152,3.783498794422211,10.778997715125056,104.39931041296187
186,12,1,19765.41,539597.86,1,4938,45839,7,2021-12-01,27.30010963597517,3.6629889525507013,11.771588821745675,109.27457675172134
186,1,2,21311.66,533385.99,1,5243,51484,6,2022-01-01,25.02789505838588,3.995541765167098,10.360228226245047,101.73297539576578
186,2,2,5716.65,205892.88,0,2105,46224,2,2022-02-01,36.016352234263074,2.776516604168148,4.454241952232606,97.81134441805226
186,3,2,5385.6,220525.46,0,2798,43556,4,2022-03-01,40.94724079025549,2.4421669951397,5.063032877215538,78.81538956397426
186,4,2,5657.63,233494.78,0,2367,38545,6,2022-04-01,41.270775925608426,2.423022047859057,6.057719029705539,98.64587241233629
186,5,2,7382.69,259105.1,0,2551,46156,6,2022-05-01,35.09629958727781,2.8493032364087005,5.61368186151313,101.57001176009409
186,6,2,6339.77,252381.47,0,3114,56014,3,2022-06-01,39.80924702315699,2.5119791876955153,4.50568554289999,81.04735709698137
186,7,2,4207.3,235288.64,0,2726,55306,6,2022-07-01,55.923903691203385,1.7881441279952996,4.2543058619317975,86.31278063096111
186,8,2,5813.77,227565.29,0,2425,31122,6,2022-08-01,39.14246521620222,2.5547701057573415,7.3120393933551835,93.84135670103093
186,9,2,5141.64,247098.97,0,2974,59537,8,2022-09-01,48.05839576477544,2.08080187464966,4.150342979995633,83.08640551445865
186,10,2,7738.48,267395.17,0,3072,43561,7,2022-10-01,34.55396537821381,2.894023852412891,6.13840752048851,87.04269856770833
186,11,2,20749.94,529647.01,1,5158,58194,2,2022-11-01,25.52523091633036,3.9176922758423576,9.101402378252054,102.68456960062039
186,12,2,18032.19,511999.78,1,5491,46356,3,2022-12-01,28.393654902704554,3.521913622697259,11.044951678315645,93.24344928064106
186,1,3,18261.91,497419.55,1,5076,59944,4,2023-01-01,27.23809010119971,3.6713293637131876,8.298070699319364,97.9943951930654
186,2,3,3826.15,214018.3,0,2781,34229,6,2023-02-01,55.93567946891784,1.7877676815487273,6.252543165152356,76.95731751168644
186,3,3,2052.32,178499.69,0,2631,50815,4,2023-03-01,86.9745897325953,1.1497611004254404,3.5127361999409623,67.84480805777271
186,4,3,3322.09,225788.74,0,2792,40305,4,2023-04-01,67.96587088248663,1.4713266923762454,5.602003225406277,80.86989255014326
186,5,3,4572.47,221197.13,0,3131,44532,8,2023-05-01,48.375851563815615,2.067147073743678,4.967150139225725,70.64743851804535
186,6,3,2663.4,211588.25,0,3212,51810,3,2023-06-01,79.44291131636254,1.2587655505445128,4.083926848098822,65.874299501868
186,7,3,7235.01,256612.1,0,2934,42426,3,2023-07-01,35.46810578008876,2.819434469380049,6.048463206524302,87.46152010906613
186,8,3,4111.94,210757.21,0,2710,42277,2,2023-08-01,51.25493319455051,1.9510317108487059,4.985150554675118,77.77018819188191
186,9,3,6160.83,228709.09,0,3002,60691,3,2023-09-01,37.12309705023512,2.6937407691141617,3.76841854640721,76.18557295136576
186,10,3,7013.51,245563.97,0,2054,53513,4,2023-10-01,35.01299206816558,2.8560826736919105,4.588865696185974,119.55402629016554
186,11,3,20481.29,513708.98,1,4877,55818,6,2023-11-01,25.08186642540582,3.986944125446279,9.203285320147621,105.33298749231085
186,12,3,19816.86,532854.26,1,5137,59196,2,2023-12-01,26.888934977589788,3.7190018899351576,9.001524765186836,103.728686003504
187,1,1,18113.21,496469.45,1,5014,45848,2,2021-01-01,27.40924717374778,3.6484037436744594,10.828595576688187,99.01664339848425
187,2,1,2971.63,208452.07,0,2608,45187,5,2021-02-01,70.14738375908172,1.4255699163841358,4.613098236218382,79.92794095092025
187,3,1,6065.61,252694.45,0,2734,51829,6,2021-03-01,41.660187516177274,2.400373257109525,4.875541685156959,92.42664594001464
187,4,1,5943.04,255037.95,0,2975,45240,4,2021-04-01,42.91371924133104,2.3302571244789254,5.637443633952255,85.72704201680672
187,5,1,5909.01,238668.03,0,3009,49781,4,2021-05-01,40.3905273472206,2.4758280361219724,4.794359896345996,79.3180558325025
187,6,1,4920.14,239404.72,0,3306,44010,8,2021-06-01,48.65811135455495,2.055155804781126,5.439780049988639,72.41522081064731
187,7,1,7257.31,265770.48,0,3187,58990,6,2021-07-01,36.6210730973322,2.7306682066420627,4.505348025088998,83.39205522434891
187,8,1,4340.83,247946.77,0,3360,46587,8,2021-08-01,57.119668358355426,1.7507104448265247,5.3222308798591875,73.79368154761904
187,9,1,6315.94,253970.87,0,2564,39761,5,2021-09-01,40.211096052210756,2.4868757586253887,6.387436684188024,99.05260140405616
187,10,1,4734.45,227474.39,0,2949,37129,2,2021-10-01,48.04663477278248,2.081311219254176,6.126596191656118,77.13611054594779
187,11,1,18095.56,497046.56,1,4587,41088,8,2021-11-01,27.467873887296108,3.6406166858895475,12.097122274143302,108.3598343143667
187,12,1,18698.97,503551.58,1,4289,58433,7,2021-12-01,26.92937525435893,3.713417004867704,8.617589033594031,117.40535789228258
187,1,2,18051.71,497067.68,1,5075,48219,7,2022-01-01,27.53576697166086,3.6316402627505373,10.308543934963396,97.94437044334975
187,2,2,5632.09,230962.31,0,2810,55609,3,2022-02-01,41.00827756658718,2.4385320704490705,4.153326080310741,82.19299288256228
187,3,2,4868.58,235544.66,0,2834,44354,6,2022-03-01,48.380566818250905,2.0669456059840203,5.31056184335122,83.11385321100917
187,4,2,6023.18,241245.92,0,2512,42232,5,2022-04-01,40.052915569516436,2.496697146214949,5.7123962871756016,96.03738853503185
187,5,2,5475.68,241242.48,0,3311,56486,8,2022-05-01,44.05708149490109,2.2697826684587223,4.27083666749283,72.86091211114467
187,6,2,4412.8,212357.41,0,2320,38686,5,2022-06-01,48.12305339013778,2.078006131267094,5.48925735408158,91.53336637931035
187,7,2,2827.54,209053.87,0,2557,44890,2,2022-07-01,73.93489393607163,1.3525413330066551,4.657025395411004,81.75747751271021
187,8,2,2408.07,205254.92,0,2792,41496,5,2022-08-01,85.2362763540927,1.1732093924959266,4.946378446115289,73.51537249283668
187,9,2,3493.1,211278.03,0,2223,51623,8,2022-09-01,60.48439208725774,1.653319088596197,4.092711194622552,95.04184885290148
187,10,2,3119.14,209435.49,0,2810,28246,7,2022-10-01,67.14526760581442,1.489308235199297,7.414695532110741,74.53220284697508
187,11,2,19635.35,531492.77,1,5160,32354,7,2022-11-01,27.06815870356271,3.6943776300099054,16.42742072077641,103.00247480620155
187,12,2,20257.06,531916.4,1,4834,48507,2,2022-12-01,26.25832179003271,3.808316494847687,10.965765765765767,110.03649151841125
187,1,3,19244.7,516234.21,1,5356,45908,6,2023-01-01,26.82474707322016,3.727900946355337,11.244972771630218,96.38428117998507
187,2,3,4049.95,226701.43,0,3244,32756,7,2023-02-01,55.97635279447894,1.7864686605638087,6.920913115154475,69.88330147965475
187,3,3,5098.5,229204.14,0,2987,50260,3,2023-03-01,44.955210355987056,2.2244362601827348,4.560368881814565,76.73389353866756
187,4,3,5472.8,226475.61,0,2741,42444,4,2023-04-01,41.382036617453586,2.41650745526196,5.3358686740175285,82.62517694272162
187,5,3,3896.1,213156.93,0,2729,57981,3,2023-05-01,54.71033341033341,1.8278082725248483,3.676323795726186,78.1080725540491
187,6,3,6867.8,227228.75,0,1906,44529,2,2023-06-01,33.086104720580096,3.022416837658087,5.102938534438231,119.21760230849948
187,7,3,6841.03,245584.0,0,2217,39773,8,2023-07-01,35.898687770701194,2.785617141181836,6.174641088175395,110.77311682453767
187,8,3,7043.75,243167.8,0,2285,44822,6,2023-08-01,34.522491570541256,2.8966623047952895,5.425188523492928,106.41916849015317
187,9,3,6136.02,251870.29,0,2856,46924,2,2023-09-01,41.04782741907621,2.43618252871349,5.3676218992413265,88.18987745098039
187,10,3,3523.44,204304.07,0,2002,34354,4,2023-10-01,57.984262538882454,1.7246058778956286,5.947024218431624,102.04998501498501
187,11,3,19049.61,512144.76,1,4699,48210,4,2023-11-01,26.884789767349567,3.719575301326914,10.623205973864344,108.99015960842733
187,12,3,19289.46,520153.25,1,5108,44848,2,2023-12-01,26.965671926533975,3.7084186247033926,11.59813704067071,101.83109827721222
188,1,1,18299.75,514021.01,1,4916,41550,2,2021-01-01,28.08896351043047,3.560117124395363,12.371143441636583,104.56082384052075
188,2,1,7170.13,248791.51,0,2525,51481,3,2021-02-01,34.69832625070954,2.881983392439718,4.832686039509722,98.53129108910892
188,3,1,5217.57,227884.81,0,2533,41566,5,2021-03-01,43.6764259990762,2.2895646269709684,5.482481114372323,89.96636794315042
188,4,1,4972.19,222081.51,0,2632,60636,2,2021-04-01,44.66472721275736,2.238903184691062,3.662535622402533,84.37747340425533
188,5,1,7348.86,267332.45,0,3132,51771,7,2021-05-01,36.37740411437965,2.748959207907607,5.163749010063549,85.3551883780332
188,6,1,3470.22,211623.11,0,2684,29782,8,2021-06-01,60.98262069839952,1.6398114553746044,7.10573870122893,78.84616616989567
188,7,1,5578.49,226856.07,0,2327,32319,2,2021-07-01,40.66621433398644,2.4590437452257725,7.019278752436647,97.4886420283627
188,8,1,6377.72,270764.15,0,3158,49932,6,2021-08-01,42.45469384043201,2.3554521527314454,5.422657814627894,85.73912286257125
188,9,1,5091.26,262891.19,0,3845,50853,6,2021-09-01,51.63578171218912,1.936641543598323,5.169629913672743,68.3722210663199
188,10,1,4927.71,224905.54,0,2442,56581,6,2021-10-01,45.64098536642781,2.191013169351008,3.9749304536858663,92.09891072891074
188,11,1,20251.81,516574.08,1,4676,34410,7,2021-11-01,25.50755117690715,3.920407698349867,15.012324324324325,110.47349871685202
188,12,1,17526.47,508956.71,1,5645,40417,4,2021-12-01,29.03931653093863,3.4436072175961687,12.592639483385705,90.16062178919398
188,1,2,20853.63,540880.9,1,5271,46504,6,2022-01-01,25.937014323165798,3.8554938804457692,11.630846808876656,102.6144754316069
188,2,2,6247.08,238557.57,0,2611,35936,7,2022-02-01,38.18705219078353,2.6186886460991365,6.638400768032057,91.36636154729989
188,3,2,5369.9,231366.79,0,2668,53415,7,2022-03-01,43.08586565857838,2.3209467529890526,4.331494711223439,86.71918665667167
188,4,2,4400.08,220343.08,0,2797,41355,2,2022-04-01,50.077062235232084,1.9969222541502099,5.328088018377463,78.77836253128352
188,5,2,4746.35,230971.94,0,3164,44294,8,2022-05-01,48.66306530281163,2.0549465878842255,5.21451979952138,72.99998103666245
188,6,2,4751.72,236887.11,0,3311,45172,4,2022-06-01,49.852918522135134,2.0059006165426227,5.244113831577083,71.5454877680459
188,7,2,4412.36,232019.31,0,3386,47448,4,2022-07-01,52.583948272579754,1.9017210248578016,4.889970283257461,68.52312758417011
188,8,2,5997.11,257928.5,0,3235,46901,5,2022-08-01,43.00879923829979,2.3251056009708115,5.499424319310889,79.7306027820711
188,9,2,6251.28,248656.87,0,2423,45575,2,2022-09-01,39.77695288005017,2.514018615291023,5.455992759188152,102.62355344614114
188,10,2,4357.77,211473.14,0,2841,57321,6,2022-10-01,48.52783419042308,2.0606730481232747,3.689278623890023,74.43616332277368
188,11,2,17327.49,477149.81,1,4888,54566,2,2022-11-01,27.537156853069888,3.6314569631705402,8.744452772788916,97.6165732405892
188,12,2,19327.22,519593.9,1,5294,33419,3,2022-12-01,26.884047472942306,3.719678002378396,15.547859002363925,98.14769550434454
188,1,3,17835.21,493420.74,1,4691,37010,6,2023-01-01,27.665541364525566,3.614604850213633,13.332092407457443,105.1845534001279
188,2,3,6119.2,248028.28,0,2960,49901,7,2023-02-01,40.532795136619164,2.467138021519159,4.970407005871626,83.79333783783784
188,3,3,4756.63,217598.32,0,2379,48725,3,2023-03-01,45.74632039910609,2.185968163724793,4.465845459209851,91.46629676334595
188,4,3,5285.51,260014.36,0,3790,34655,5,2023-04-01,49.19380722011688,2.032776189745828,7.50293925840427,68.60537203166227
188,5,3,4873.29,233609.38,0,2663,43651,4,2023-05-01,47.93668753552528,2.0860848995018952,5.351753224439303,87.72413819001127
188,6,3,4854.39,238232.86,0,2720,69884,6,2023-06-01,49.07575617121821,2.037666004597351,3.408975731211722,87.58561029411764
188,7,3,2997.25,213674.41,0,3017,45867,2,2023-07-01,71.29015263991992,1.4027182759039794,4.658565199380819,70.82347033476964
188,8,3,4250.64,208531.05,0,2513,41512,8,2023-08-01,49.05874174241996,2.0383727027701632,5.023392031219888,82.98091922005571
188,9,3,4601.49,219775.28,0,2138,48110,3,2023-09-01,47.76176412422933,2.0937250085632924,4.568182914155061,102.79479887745556
188,10,3,8518.41,284004.81,0,2980,42865,2,2023-10-01,33.340119811091505,2.999389341328409,6.625564213227575,95.30362751677852
188,11,3,17347.68,508114.3,1,5977,41680,5,2023-11-01,29.290043394851644,3.414129458667076,12.190842130518234,85.01159444537393
188,12,3,18548.31,501495.42,1,4766,68964,6,2023-12-01,27.037256763554197,3.698600078939904,7.271843570558552,105.22354595048259
189,1,1,20087.63,501269.02,1,4418,49269,3,2021-01-01,24.95411454711183,4.00735517227855,10.174126123931885,113.46062019013128
189,2,1,4016.04,215412.83,0,2751,30233,6,2021-02-01,53.638118644236606,1.8643457773615435,7.125089471769258,78.30346419483824
189,3,1,7429.31,257946.12,0,2560,40998,2,2021-03-01,34.72006417823459,2.8801790079261513,6.291675691497146,100.760203125
189,4,1,4485.12,225126.55,0,2455,45512,5,2021-04-01,50.19409737086187,1.9922661276513143,4.946531683951485,91.70124236252545
189,5,1,5807.75,254123.21,0,2915,32377,4,2021-05-01,43.755879643579696,2.2854071456125555,7.848880686907372,87.17777358490565
189,6,1,3526.41,208580.94,0,2593,47407,6,2021-06-01,59.14823857690966,1.69066742148156,4.399792013837619,80.44000771307365
189,7,1,4999.82,229643.15,0,2958,39911,4,2021-07-01,45.930283490205646,2.1772127755606907,5.753881135526546,77.63460108181204
189,8,1,5021.9,228971.56,0,3358,43124,5,2021-08-01,45.5946076186304,2.193241815708466,5.309608570633522,68.18688505062538
189,9,1,3250.3,216575.23,0,3007,41184,5,2021-09-01,66.63238162631141,1.5007718103312184,5.258722562160062,72.02368806119055
189,10,1,4788.76,215345.91,0,1927,49926,7,2021-10-01,44.969033737334925,2.2237524734043013,4.313301886792453,111.75189932537623
189,11,1,18978.51,513016.74,1,4759,37405,3,2021-11-01,27.031455051002425,3.6993939028188434,13.715191551931559,107.79927295650347
189,12,1,20955.32,541304.3,1,5121,37505,7,2021-12-01,25.831354519997788,3.871264277782386,14.432856952406347,105.70285100566296
189,1,2,18757.46,503265.21,1,4751,48393,4,2022-01-01,26.830136383071057,3.727152131179502,10.399545595437358,105.92826983792887
189,2,2,2733.24,220117.11,0,3193,58822,4,2022-02-01,80.53339992097291,1.2417208276085399,3.742088164292271,68.93739743188223
189,3,2,1752.09,198069.39,0,2807,46893,6,2022-03-01,113.04749756005685,0.8845839329338065,4.223858358390379,70.56266120413252
189,4,2,3117.08,230140.35,0,3312,39491,6,2022-04-01,73.83203190165155,1.3544256798079954,5.827665797270265,69.48682065217392
189,5,2,5442.9,227577.85,0,2097,48349,8,2022-05-01,41.81187418471771,2.3916650939447752,4.706981530124718,108.5254411063424
189,6,2,4123.86,213328.74,0,2693,48701,7,2022-06-01,51.73035457071773,1.9331009970808433,4.380376994312232,79.21601930932046
189,7,2,1676.73,193675.33,0,2814,32681,8,2022-07-01,115.50776213224549,0.8657426839030041,5.926236345277072,68.82563255152807
189,8,2,3292.1,209915.85,0,2982,38643,3,2022-08-01,63.76350961392425,1.5682951049194236,5.432183060321404,70.39431589537223
189,9,2,5082.12,238071.06,0,3055,47765,3,2022-09-01,46.844832471488274,2.1347071752442317,4.984215639066262,77.92833387888707
189,10,2,4928.98,238455.76,0,2887,37107,2,2022-10-01,48.37831762352455,2.067041701991178,6.426166491497561,82.59638378940076
189,11,2,19167.17,512122.76,1,5214,48291,3,2022-11-01,26.71874669030431,3.742690522092788,10.604931767824233,98.2207057920982
189,12,2,17203.11,482901.43,1,4664,46408,5,2022-12-01,28.07058898071337,3.562447516463142,10.405564342354767,103.53804245283018
189,1,3,19206.27,518259.39,1,5185,54369,3,2023-01-01,26.98386464420213,3.705918381912964,9.532259007890525,99.9535949855352
189,2,3,4884.64,240423.35,0,2815,46132,6,2023-02-01,49.22028030724884,2.031682862750228,5.211639425994971,85.40793960923624
189,3,3,4750.09,228605.02,0,3297,62146,5,2023-03-01,48.12646076179609,2.077859007645589,3.678515431403469,69.33728237791932
189,4,3,6056.55,244738.72,0,2592,50716,2,2023-04-01,40.40893247806094,2.4747003661700937,4.825670794226674,94.42080246913581
189,5,3,3796.15,222497.98,0,2534,39727,8,2023-05-01,58.611482686405964,1.7061503210051614,5.600674100737534,87.80504340962905
189,6,3,3361.4,208123.41,0,2961,39139,6,2023-06-01,61.91569286606771,1.615099425864683,5.317545415059148,70.28821681864235
189,7,3,4505.01,233069.66,0,2967,37722,7,2023-07-01,51.735658744375705,1.9329028068260794,6.178613541169609,78.55398045163464
189,8,3,4633.94,231301.89,0,3047,57975,5,2023-08-01,49.91473562454413,2.003416400964125,3.989683311772316,75.9113521496554
189,9,3,5179.87,240961.75,0,2239,45825,8,2023-09-01,46.51887981744716,2.149664832696476,5.258303327877796,107.62025457793658
189,10,3,5360.44,226744.09,0,3007,40676,2,2023-10-01,42.29952951623375,2.3640924885848182,5.574394974923788,75.4054173594945
189,11,3,18632.63,512472.46,1,4680,35263,2,2023-11-01,27.504032442011674,3.635830499067209,14.532866177012734,109.5026623931624
189,12,3,20610.76,508052.01,1,4960,36979,8,2023-12-01,24.649843576850152,4.056820875484775,13.738933178290381,102.42984072580646
190,1,1,19534.91,520574.44,1,5015,46740,6,2021-01-01,26.648417627723905,3.7525680285032816,11.137664527171587,103.8034775672981
190,2,1,3052.78,210244.5,0,2999,40182,3,2021-02-01,68.86984977626949,1.4520142025118377,5.2323055099298195,70.10486828942982
190,3,1,6653.02,251979.86,0,2389,39171,4,2021-03-01,37.87450811811778,2.640298315905089,6.432816624543667,105.47503557974048
190,4,1,6128.11,253658.3,0,3182,45479,8,2021-04-01,41.39258270494492,2.4158917725144415,5.577481914729875,79.71662476429918
190,5,1,3235.95,228662.18,0,3578,37655,7,2021-05-01,70.6630757582781,1.4151662509296465,6.072558225999203,63.907820011179425
190,6,1,3166.67,198033.11,0,2112,35291,2,2021-06-01,62.53670575083605,1.5990608843137393,5.611433793318409,93.76567708333333
190,7,1,6219.11,248854.25,0,2941,64603,5,2021-07-01,40.014447404853755,2.499097363215617,3.8520540841756574,84.61552193131588
190,8,1,6242.52,241838.85,0,3075,46149,4,2021-08-01,38.74058072701409,2.581272611906648,5.240391991159072,78.64678048780488
190,9,1,6540.87,226883.44,0,1821,48339,5,2021-09-01,34.68704316092508,2.8829208513411113,4.69358985498252,124.59277320153763
190,10,1,5309.94,224950.43,0,2384,66604,4,2021-10-01,42.36402482890579,2.3604933762518256,3.3774312353612395,94.35840184563759
190,11,1,17430.89,503841.56,1,5299,51523,4,2021-11-01,28.90509664165169,3.459597497276723,9.77896395784407,95.0823853557275
190,12,1,18810.36,494110.33,1,4882,37631,5,2021-12-01,26.267989023070264,3.8069149454940563,13.130406579681646,101.21063703400246
190,1,2,18688.27,514561.05,1,5369,42674,4,2022-01-01,27.533904957494727,3.6318858568871475,12.057952148849417,95.83927174520394
190,2,2,4266.03,228067.94,0,3256,36234,7,2022-02-01,53.461400880912706,1.8705084107832077,6.294307556438704,70.04543611793612
190,3,2,3240.34,205807.92,0,2373,46274,7,2022-03-01,63.51429788232099,1.5744486412379077,4.447593032804599,86.7290012642225
190,4,2,4783.8,237933.76,0,3418,45387,4,2022-04-01,49.73739704837159,2.010559577589998,5.242332826580299,69.6119836161498
190,5,2,2472.83,205939.61,0,2593,54360,2,2022-05-01,83.2809412697193,1.2007549203380545,3.7884402133922,79.42136907057461
190,6,2,1689.75,197511.43,0,3181,49812,2,2022-06-01,116.88795975736055,0.8555201083805631,3.965137517064161,62.09098711097139
190,7,2,6035.32,250364.25,0,3157,48035,7,2022-07-01,41.48317736259221,2.410615732877198,5.212121369834495,79.30448210326259
190,8,2,5024.5,246491.32,0,3281,46294,6,2022-08-01,49.057880386108074,2.038408492436975,5.32447660603966,75.12688814385858
190,9,2,5492.66,238154.88,0,2640,36222,7,2022-09-01,43.358751497452964,2.306339471187825,6.574868312075535,90.21018181818182
190,10,2,4966.56,235287.79,0,3170,52447,5,2022-10-01,47.37439797364775,2.1108447658928666,4.486201117318436,74.22327760252367
190,11,2,18967.29,531138.94,1,4763,46999,4,2022-11-01,28.00289023893239,3.5710599565529884,11.301068958914017,111.51352928826368
190,12,2,19378.48,510757.52,1,4398,46254,8,2022-12-01,26.356944404308287,3.7940665073320896,11.042450815064644,116.13404274670305
190,1,3,20397.49,518527.87,1,4613,49124,4,2023-01-01,25.42116064280458,3.9337306980240045,10.555489577395978,112.40578148710166
190,2,3,5849.84,222569.55,0,2228,52615,6,2023-02-01,38.04711752800076,2.6283200015455845,4.230153948493776,99.89656642728905
190,3,3,5722.1,241540.5,0,2582,40359,7,2023-03-01,42.21186277765156,2.3690022998213554,5.984798929606779,93.54783113865221
190,4,3,5033.12,230340.55,0,2666,44774,4,2023-04-01,45.76496288584417,2.185077703426513,5.144515790414079,86.39930607651912
190,5,3,5795.79,221710.44,0,2260,48907,3,2023-05-01,38.25370484437842,2.614125884193816,4.533306888584456,98.10196460176991
190,6,3,4834.89,219870.7,0,2279,44775,6,2023-06-01,45.47584329736561,2.19896966717257,4.910568397543273,96.47683194383502
190,7,3,6331.3,241411.81,0,2442,46622,4,2023-07-01,38.12989591395132,2.622614030357504,5.178066363519369,98.85823505323505
190,8,3,2848.15,202841.59,0,2560,34223,2,2023-08-01,71.21871741305759,1.4041252585330257,5.927054612395173,79.23499609375
190,9,3,4548.5,236434.11,0,3117,37878,8,2023-09-01,51.98067714631197,1.923791791294412,6.2419903373990175,75.85309913378248
190,10,3,5775.96,247957.12,0,3146,26870,5,2023-10-01,42.92916155929058,2.3294188930731248,9.228028284331968,78.81663064208519
190,11,3,18214.94,492249.27,1,4787,40972,4,2023-11-01,27.024479355957254,3.7003488090495287,12.014284633408181,102.83043033214958
190,12,3,20349.44,524528.54,1,4716,36678,2,2023-12-01,25.776067547804757,3.879567735246589,14.300903538906157,111.22318490245972
191,1,1,17685.43,511697.53,1,5901,47968,4,2021-01-01,28.93328180315661,3.4562273536868546,10.66747685957305,86.71369767835961
191,2,1,4240.28,225166.53,0,2829,39902,6,2021-02-01,53.10180695614441,1.883175088233584,5.6429885720014035,79.59226935312832
191,3,1,5349.7,233024.16,0,2975,34304,2,2021-03-01,43.558360281884966,2.2957705329782114,6.792915111940299,78.3274487394958
191,4,1,1882.92,188025.66,0,2523,48531,4,2021-04-01,99.85854948696705,1.001416508789279,3.874341348828584,74.52463733650416
191,5,1,5137.89,232303.84,0,3453,24229,2,2021-05-01,45.213860164386546,2.211711179634396,9.587842667877338,67.27594555459021
191,6,1,3648.28,212265.56,0,3008,53011,7,2021-06-01,58.182365388621484,1.7187338351073063,4.004179509913037,70.56700797872341
191,7,1,5005.91,225331.78,0,2810,52821,4,2021-07-01,45.01315045616082,2.221573006701496,4.265950663561841,80.18924555160142
191,8,1,5194.54,230036.76,0,2809,53373,4,2021-08-01,44.28433701540464,2.2581347433340655,4.309983699623405,81.89275898896405
191,9,1,6215.98,257841.46,0,2786,38594,2,2021-09-01,41.4804198211706,2.4107759861428026,6.680869047002124,92.54898061737258
191,10,1,6023.86,220086.84,0,2083,49657,8,2021-10-01,36.53584910671895,2.7370377983526866,4.432141289244215,105.65858857417187
191,11,1,20790.6,523715.79,1,4811,40383,6,2021-11-01,25.190027704828143,3.969824931190255,12.968719263056236,108.85799002286427
191,12,1,19676.4,520556.71,1,4416,51183,6,2021-12-01,26.455891829806266,3.7798763558345065,10.170500166070767,117.87968976449275
191,1,2,19763.56,514233.72,1,4576,50788,6,2022-01-01,26.019285999081134,3.8433030023779855,10.125102780184294,112.37625
191,2,2,4594.79,240320.91,0,3560,48579,2,2022-02-01,52.30291482309311,1.911939331454762,4.947012289260792,67.50587359550562
191,3,2,6633.74,247856.5,0,2759,35764,4,2022-03-01,37.36301091088888,2.6764438293932176,6.930334973716587,89.83562885103298
191,4,2,6712.5,253512.82,0,3079,61411,8,2022-04-01,37.767272998137805,2.6477950898104483,4.128133721971634,82.33608963949334
191,5,2,6116.59,253148.78,0,2764,31259,4,2022-05-01,41.38724027603616,2.416203625393731,8.098428612559584,91.58783646888567
191,6,2,3758.99,223105.5,0,3080,47818,5,2022-06-01,59.352512243980435,1.6848486478370097,4.665722113011837,72.43685064935065
191,7,2,5606.6,243710.18,0,2547,49201,3,2022-07-01,43.46844433346413,2.3005194120327683,4.953358265075913,95.68519042010207
191,8,2,6048.17,259840.74,0,2950,47627,8,2022-08-01,42.961877724997805,2.3276450028582896,5.455744430680077,88.08160677966102
191,9,2,5786.51,223045.06,0,2757,49168,7,2022-09-01,38.54569680169912,2.5943233174498466,4.536386674259681,80.90136380123322
191,10,2,4539.95,231236.27,0,2513,51008,7,2022-10-01,50.93366006233549,1.9633381908469634,4.53333339868256,92.01602467170711
191,11,2,18372.14,515488.36,1,5743,40278,5,2022-11-01,28.058155446235443,3.5640261595819545,12.79826108545608,89.75942190492773
191,12,2,19625.26,542657.78,1,5614,36717,8,2022-12-01,27.65098551560591,3.616507626592951,14.779469455565543,96.66152119700749
191,1,3,21188.59,543187.06,1,5327,48491,2,2023-01-01,25.635828528467446,3.900790641073077,11.201811882617394,101.9686615355735
191,2,3,2664.56,207039.53,0,3179,43730,3,2023-02-01,77.70120770408623,1.2869812832361047,4.734496455522525,65.12725070776973
191,3,3,5627.96,242698.29,0,2737,43852,7,2023-03-01,43.123670033191424,2.3189120945186716,5.534486226397884,88.67310559006212
191,4,3,3588.89,213287.63,0,2677,42486,6,2023-04-01,59.429971383909795,1.6826526695430017,5.020186178976604,79.67412401942472
191,5,3,7509.99,267540.51,0,3351,56028,6,2023-05-01,35.62461601147272,2.8070477999761603,4.775121546369673,79.83900626678604
191,6,3,3390.58,206430.94,0,2393,34105,5,2023-06-01,60.88366592146477,1.6424766558733879,6.052805746957924,86.26449644797326
191,7,3,3495.52,203373.28,0,2697,39943,4,2023-07-01,58.18112326635236,1.7187705287538264,5.091587512204892,75.4072228401928
191,8,3,7426.71,272325.24,0,3206,59426,5,2023-08-01,36.66835516668888,2.727147142145179,4.582594150708444,84.94237055520898
191,9,3,4497.51,224119.45,0,2603,39657,3,2023-09-01,49.831895871270994,2.0067468486113094,5.651447411554076,86.10044179792547
191,10,3,7668.1,267298.22,0,3572,46734,2,2023-10-01,34.858468199423584,2.868743383326683,5.719566482646466,74.83152855543112
191,11,3,19912.17,539396.48,1,5178,47509,5,2023-11-01,27.08878439667801,3.6915646909672084,11.35356416678945,104.17081498648126
191,12,3,16685.67,504901.98,1,5881,48290,8,2023-12-01,30.259616784941812,3.304734515004278,10.455621867881549,85.85308280904607
192,1,1,18282.25,508645.42,1,5296,43118,3,2021-01-01,27.821817336487577,3.5943015077182845,11.796591214805881,96.04331948640483
192,2,1,3597.39,216786.09,0,3206,56112,8,2021-02-01,60.26204831836415,1.6594191998204313,3.8634532720273738,67.61886774797254
192,3,1,2792.92,191950.71,0,2164,59706,8,2021-03-01,68.72760766509603,1.4550193640857074,3.2149316651592805,88.70180683918669
192,4,1,6022.57,248725.97,0,2686,38952,7,2021-04-01,41.298975354375294,2.421367579750518,6.385447987266379,92.60088235294117
192,5,1,4850.03,226869.29,0,2907,39866,4,2021-05-01,46.77688385432668,2.137808074420297,5.690796418000301,78.04241142070863
192,6,1,3149.05,202069.08,0,2797,49464,5,2021-06-01,64.16826662009177,1.5584027007001766,4.0851746724890825,72.24493385770468
192,7,1,5146.14,235120.14,0,2786,57522,6,2021-07-01,45.688640417866594,2.1887278563206025,4.087482006884323,84.39344580043073
192,8,1,5592.84,247006.53,0,2759,53617,3,2021-08-01,44.16477675027356,2.2642478318285755,4.606869649551448,89.52755708590068
192,9,1,5363.21,244187.27,0,2257,38550,5,2021-09-01,45.53005942336772,2.196351185710869,6.334300129701686,108.19108108108108
192,10,1,4801.19,216885.03,0,2076,44735,4,2021-10-01,45.173182065279654,2.213702808349659,4.848217950150889,104.4725578034682
192,11,1,20880.71,560089.44,1,5693,52010,2,2021-11-01,26.823294801757218,3.728102783012656,10.768879830801767,98.38212541717898
192,12,1,18459.2,512150.19,1,5105,32057,7,2021-12-01,27.744982989512003,3.6042552283344853,15.976235767539071,100.32324975514202
192,1,2,19934.34,543390.2,1,5398,30836,5,2022-01-01,27.259001301272075,3.6685129764946076,17.621941886107145,100.66509818451277
192,2,2,5630.1,248761.85,0,2972,54188,2,2022-02-01,44.18426848546207,2.263248966833138,4.590718424743486,83.70183378196501
192,3,2,5843.34,231545.31,0,2858,48839,7,2022-03-01,39.625506987442115,2.523627017105205,4.740992035053953,81.01655353393981
192,4,2,5273.75,231246.58,0,3088,41488,4,2022-04-01,43.84860488267362,2.2805742683848558,5.573818453528731,74.8855505181347
192,5,2,6271.41,232820.32,0,2598,47943,6,2022-05-01,37.1240789551313,2.6936695216293836,4.85619005902843,89.6152117013087
192,6,2,3465.21,213699.15,0,2199,37197,6,2022-06-01,61.66989879401248,1.6215366322233853,5.745064118074038,97.18015006821282
192,7,2,6277.14,242336.84,0,3336,37027,2,2022-07-01,38.60625061731935,2.590254127271776,6.544868339319955,72.6429376498801
192,8,2,4530.6,217472.52,0,2387,31725,5,2022-08-01,48.00082108330022,2.0832976966469143,6.854925768321513,91.10704650188521
192,9,2,4887.91,234140.65,0,2806,28786,2,2022-09-01,47.90199696802928,2.087595639629428,8.133837629403182,83.44285459729151
192,10,2,5921.9,217123.92,0,1992,34750,8,2022-10-01,36.6645704925784,2.727428649961736,6.248170359712231,108.99795180722892
192,11,2,16268.48,477678.1,1,4994,34443,2,2022-11-01,29.362183805739686,3.4057412303390087,13.868655459745085,95.65040048057669
192,12,2,18440.67,507466.52,1,5376,49880,7,2022-12-01,27.51887648333819,3.633869284618027,10.17374739374499,94.39481398809524
192,1,3,18594.25,503095.39,1,4906,34685,7,2023-01-01,27.05650348898181,3.6959690686094335,14.504696266397579,102.54696086424786
192,2,3,2683.46,205598.91,0,3200,36436,2,2023-02-01,76.61709509364775,1.3051917444503962,5.642740970468767,64.24965937500001
192,3,3,3531.28,205797.07,0,2849,44146,4,2023-03-01,58.27832117532453,1.7159039241909517,4.661737643274589,72.2348438048438
192,4,3,6126.94,242506.64,0,2604,40462,8,2023-04-01,39.58038433541051,2.5265040165498145,5.993441747812763,93.12850998463902
192,5,3,3446.15,181968.39,0,2586,53760,4,2023-05-01,52.803386387708024,1.8938179317847457,3.3848286830357144,70.36674013921115
192,6,3,6064.96,220339.7,0,2269,49759,4,2023-06-01,36.32995106315623,2.752549812857147,4.42813762334452,97.10872631115029
192,7,3,6139.77,259626.34,0,3063,49965,8,2023-07-01,42.28600419885435,2.364848651334838,5.196164114880416,84.76210904342148
192,8,3,4568.04,235288.51,0,2995,48639,8,2023-08-01,51.50754152765738,1.9414632699233805,4.837445465572895,78.56043739565943
192,9,3,6567.66,235794.39,0,2267,43890,5,2023-09-01,35.90234421392094,2.785333442411416,5.372394395078606,104.0116409351566
192,10,3,6052.91,243572.11,0,3186,43422,3,2023-10-01,40.240497545808545,2.4850587368151467,5.609417115747777,76.4507564344005
192,11,3,18700.78,525203.08,1,5290,44237,8,2023-11-01,28.084554761886938,3.560675996035667,11.872484119628364,99.28224574669187
192,12,3,19140.99,493925.51,1,4592,33125,3,2023-12-01,25.80459579154474,3.875278683216828,14.910958792452831,107.56217552264809
193,1,1,19132.62,539158.75,1,5625,57305,2,2021-01-01,28.180079361843806,3.5486060459929467,9.408581275630398,95.85044444444445
193,2,1,6541.36,251286.97,0,3338,40738,3,2021-02-01,38.415095637604416,2.603143330511725,6.168367862928961,75.28069802276812
193,3,1,4259.63,216475.96,0,2721,30652,3,2021-03-01,50.82036702718311,1.967715029419433,7.062376353908391,79.55750091877985
193,4,1,4857.27,237749.78,0,2733,40363,3,2021-04-01,48.94720285263121,2.0430176633601933,5.890290117186532,86.9922356384925
193,5,1,5486.95,228347.75,0,2375,51900,8,2021-05-01,41.61651737303967,2.4028920801715805,4.399763969171484,96.14642105263158
193,6,1,5593.77,225955.45,0,2513,48558,2,2021-06-01,40.39412596513621,2.4756074704106497,4.653310474072244,89.91462395543176
193,7,1,6119.75,243815.56,0,2264,45682,4,2021-07-01,39.84077127333633,2.509991569036857,5.337234797075435,107.6923851590106
193,8,1,4855.29,221382.12,0,2948,42894,6,2021-08-01,45.59606532256569,2.1931716978769558,5.161144215974262,75.09569877883311
193,9,1,5001.89,214492.0,0,2526,44574,6,2021-09-01,42.88219053197891,2.331970423139325,4.812042894961188,84.91369754552652
193,10,1,4024.07,204981.34,0,2339,51204,3,2021-10-01,50.93881070657319,1.963139669201109,4.00322904460589,87.63631466438649
193,11,1,17242.8,492609.84,1,5038,37550,4,2021-11-01,28.56901663302944,3.5002954873983025,13.1187707057257,97.77884874950378
193,12,1,18328.02,499347.06,1,4700,46249,2,2021-12-01,27.24500846245257,3.6703970981625487,10.796926636251595,106.24405531914894
193,1,2,18410.92,526507.18,1,5488,39500,4,2022-01-01,28.597548628748594,3.496803215485114,13.329295696202532,95.93789723032071
193,2,2,4885.17,237891.09,0,2764,54873,2,2022-02-01,48.696583742223915,2.053532143637662,4.335303154556886,86.06768813314038
193,3,2,3087.74,218930.53,0,2962,49436,2,2022-03-01,70.90316218334446,1.4103743319855846,4.428564811068856,73.91307562457798
193,4,2,3504.28,223951.71,0,3223,64371,7,2022-04-01,63.90805243873206,1.5647480432277123,3.4790776902642495,69.48548246974867
193,5,2,5240.33,220591.7,0,2390,39075,8,2022-05-01,42.095001650659405,2.375578954239892,5.645341010876519,92.29778242677824
193,6,2,6386.69,252814.97,0,2813,51656,5,2022-06-01,39.58466279089795,2.5262309427325444,4.894203383924423,89.87378954852471
193,7,2,5524.13,231522.33,0,2980,43866,5,2022-07-01,41.91109369258145,2.3860031125291457,5.277944877581726,77.69205704697985
193,8,2,4678.35,218956.47,0,2847,36394,3,2022-08-01,46.802071243066464,2.136657573991762,6.016279331757982,76.90778714436249
193,9,2,4687.01,204355.73,0,2639,39592,2,2022-09-01,43.600446766702014,2.2935544797300276,5.161540967872297,77.43680560818493
193,10,2,5205.55,214101.72,0,2079,51429,7,2022-10-01,41.129509850063876,2.431344316150286,4.163054307880768,102.9830303030303
193,11,2,17857.66,521546.84,1,5389,39886,4,2022-11-01,29.205777240691113,3.4239800973580823,13.075937421651709,96.77989237335314
193,12,2,19490.98,505762.1,1,5094,46565,2,2022-12-01,25.948520802956033,3.8537842198931083,10.861421668635241,99.28584609344327
193,1,3,21619.28,535865.86,1,4762,48639,8,2023-01-01,24.78648040082741,4.0344574293275555,11.017205534653261,112.52958000839983
193,2,3,5200.35,242185.37,0,3177,51448,4,2023-02-01,46.57097503052679,2.147260175129489,4.707381628051625,76.23083726786277
193,3,3,5098.39,234159.89,0,2683,29214,8,2023-03-01,45.928202824813326,2.177311408883904,8.015331347983844,87.27539694371973
193,4,3,4016.07,230789.96,0,2825,52763,5,2023-04-01,57.46661786273645,1.7401406889623796,4.374087144400432,81.6955610619469
193,5,3,4264.8,220441.6,0,2404,44137,6,2023-05-01,51.68861376852373,1.934662060155615,4.994485352425403,91.69783693843594
193,6,3,4701.55,219720.02,0,2662,45945,6,2023-06-01,46.73352830449532,2.139791358111109,4.782240069648492,82.53945154019534
193,7,3,3801.28,233265.68,0,3700,38282,3,2023-07-01,61.36503493560063,1.629592488702153,6.093351444543127,63.044778378378375
193,8,3,6241.58,240033.84,0,2649,53148,6,2023-08-01,38.45722397213526,2.6002916922047326,4.51632874237977,90.61300113250283
193,9,3,2817.27,189150.92,0,2127,34734,2,2023-09-01,67.13979135830077,1.4894297104132508,5.445699314792423,88.92850023507287
193,10,3,5009.64,232413.52,0,3368,47742,5,2023-10-01,46.393257798963596,2.1554856189089175,4.868114448493988,69.00638954869359
193,11,3,19731.14,530254.64,1,5072,42931,5,2023-11-01,26.87399917085379,3.7210688057345425,12.351322820339615,104.54547318611988
193,12,3,18367.52,515388.83,1,5051,49095,5,2023-12-01,28.059794136606357,3.5638180206583057,10.49778653630716,102.03698871510592
194,1,1,18288.81,487349.38,1,4645,43340,2,2021-01-01,26.64740789586638,3.752710221976686,11.244794185509921,104.9191345532831
194,2,1,2397.78,197022.46,0,2635,56133,6,2021-02-01,82.1686977120503,1.2170084568023363,3.509922149181408,74.7713320683112
194,3,1,6025.74,238567.34,0,2546,43658,3,2021-03-01,39.591376328882426,2.525802567945805,5.464458747537679,93.70280439905734
194,4,1,5141.34,236492.05,0,3204,55273,7,2021-04-01,45.99813472752239,2.1740011979261036,4.278617950898268,73.81150124843944
194,5,1,5274.5,234365.48,0,2950,49561,2,2021-05-01,44.43368660536544,2.250544747460249,4.728828716127601,79.44592542372882
194,6,1,4038.58,225866.04,0,2631,39472,5,2021-06-01,55.92709318621892,1.788042151002426,5.722183826509931,85.84798175598632
194,7,1,3723.74,213983.05,0,2654,54150,8,2021-07-01,57.4645517678463,1.7402032544166466,3.9516722068328716,80.62662019593067
194,8,1,4747.81,225647.2,0,2324,49857,2,2021-08-01,47.526585941728925,2.1040854927515165,4.52588803979381,97.09432013769364
194,9,1,3170.99,236031.95,0,3373,31117,5,2021-09-01,74.43478219735793,1.3434579513493827,7.5853054600379215,69.97686036169583
194,10,1,7377.99,249941.25,0,2623,34479,4,2021-10-01,33.876604603692876,2.9518896940781083,7.249086400417646,95.2883149065955
194,11,1,18769.54,491864.42,1,4351,35732,3,2021-11-01,26.205459483823255,3.8159987258277397,13.765376133437814,113.04629280625143
194,12,1,20497.18,530122.33,1,4805,45424,6,2021-12-01,25.86318361842946,3.8665000208536777,11.670533858753082,110.32722788761706
194,1,2,20879.52,522649.37,1,4774,43172,6,2022-01-01,25.031675536602375,3.9949383273914596,12.106211664968034,109.47829283619606
194,2,2,2900.87,198642.54,0,3245,42497,6,2022-02-01,68.47688452085065,1.4603468119165208,4.674272066263502,61.21495839753467
194,3,2,4877.95,224270.49,0,3333,56626,2,2022-03-01,45.9763814717248,2.1750298044116283,3.9605568113587397,67.28787578757876
194,4,2,3032.71,213902.41,0,3104,44772,2,2022-04-01,70.53177191356906,1.417800762506603,4.77759336192263,68.91185889175257
194,5,2,5393.66,219891.7,0,2244,49459,3,2022-05-01,40.768550483345265,2.452871117918502,4.445939060636083,97.99095365418896
194,6,2,6320.5,225025.75,0,1853,52969,4,2022-06-01,35.6025235345305,2.8087896607388267,4.248253695557779,121.43861305990286
194,7,2,7040.82,260186.2,0,2909,48505,4,2022-07-01,36.95396274865712,2.7060697300625476,5.364110916400372,89.44180130629083
194,8,2,4452.52,212713.84,0,2656,48423,8,2022-08-01,47.77380898906686,2.0931971328240797,4.392826549367037,80.0880421686747
194,9,2,4165.06,235207.87,0,3287,49273,5,2022-09-01,56.47166427374395,1.7707995910170866,4.773565035617884,71.55700334651658
194,10,2,7973.33,252163.31,0,2174,38976,7,2022-10-01,31.625846415487633,3.1619707085856383,6.469707255747126,115.99048298068077
194,11,2,19459.7,542780.94,1,5433,57003,8,2022-11-01,27.892564633576054,3.5851848445525745,9.521971475185516,99.90446162341247
194,12,2,18514.21,524841.3,1,5183,63924,3,2022-12-01,28.348025651648115,3.5275825282804534,8.210395156748639,101.26206830021223
194,1,3,18713.85,508997.65,1,5006,42380,6,2023-01-01,27.198980968640875,3.6766083301170442,12.010326805096744,101.67751697962446
194,2,3,3652.37,223501.62,0,2994,30538,6,2023-02-01,61.19358663005117,1.6341581774664542,7.31880345798677,74.64983967935872
194,3,3,5439.95,250469.79,0,3196,47857,5,2023-03-01,46.04266399507349,2.1718986549236137,5.233712727500679,78.36977158948686
194,4,3,4729.17,218438.3,0,2229,40924,5,2023-04-01,46.1895639192501,2.164991212621596,5.337657609226859,97.99834006280842
194,5,3,3974.88,211011.73,0,1956,34940,6,2023-05-01,53.08631455540797,1.8837246630791566,6.039259587864912,107.87920756646217
194,6,3,5427.68,229883.62,0,2632,39664,2,2023-06-01,42.3539375939628,2.36105556368044,5.795775010084712,87.34180091185411
194,7,3,6569.3,265465.63,0,3152,43229,4,2023-07-01,40.41003303243877,2.4746329684938875,6.140915357745958,84.22132931472082
194,8,3,4571.3,223314.07,0,2417,48165,5,2023-08-01,48.85132675606501,2.047027310012307,4.636438700301048,92.39307819611088
194,9,3,3902.67,211455.63,0,2449,51974,8,2023-09-01,54.182298272720985,1.8456212303261919,4.068488667410628,86.34366271947734
194,10,3,3937.19,231688.16,0,3286,36989,3,2023-10-01,58.84607042078233,1.6993488143718694,6.263704344534862,70.50765672550213
194,11,3,20743.67,549257.13,1,4935,32397,6,2023-11-01,26.47830060929431,3.776677418825678,16.95395036577461,111.29830395136779
194,12,3,18204.25,513276.15,1,4745,37693,3,2023-12-01,28.195402172569594,3.5466775535937134,13.61728039689067,108.17200210748156
195,1,1,17551.0,494069.25,1,5336,56712,3,2021-01-01,28.150490000569768,3.552336033865698,8.711899597968683,92.59168853073463
195,2,1,4002.51,208912.42,0,2521,40824,7,2021-02-01,52.19535241635874,1.915879390990732,5.117392220262591,82.86886949623165
195,3,1,5223.93,232284.9,0,3056,46086,7,2021-03-01,44.46554605440731,2.2489322379543397,5.040248665538341,76.00945680628271
195,4,1,1883.98,199503.4,0,2875,32909,8,2021-04-01,105.89464856314822,0.9443347832668517,6.062274757665076,69.39248695652174
195,5,1,3301.3,226676.95,0,3207,45577,6,2021-05-01,68.66293581316451,1.4563898093740895,4.973494306338724,70.68193015279077
195,6,1,4940.79,229478.93,0,2997,47329,6,2021-06-01,46.44579712960883,2.15304734077329,4.848590293477572,76.56954621287954
195,7,1,4431.67,229294.77,0,2354,47021,3,2021-07-01,51.74003705149526,1.9327392421554144,4.876433295761468,97.40644435004248
195,8,1,3864.97,208408.02,0,2780,25376,7,2021-08-01,53.92228658954662,1.8545207617250048,8.21280028373266,74.96691366906474
195,9,1,4316.8,217387.9,0,2744,33604,7,2021-09-01,50.358575796886576,1.9857590969874588,6.469107844304249,79.22299562682215
195,10,1,4726.07,226381.32,0,2859,44386,3,2021-10-01,47.900543157422554,2.0876589994262775,5.100286576848556,79.18199370409235
195,11,1,20307.16,524150.35,1,4991,47745,8,2021-11-01,25.81111046547129,3.874300570437471,10.978120222012775,105.01910438789821
195,12,1,19242.22,517599.15,1,5095,64568,7,2021-12-01,26.89913897668772,3.7175911127365646,8.016341686284228,101.58962708537783
195,1,2,19426.02,514197.6,1,4494,39294,3,2022-01-01,26.469529013148343,3.77792895182708,13.085906245228278,114.41869158878504
195,2,2,3829.43,222604.47,0,2930,51432,2,2022-02-01,58.129922730014655,1.720284412976972,4.328131707886141,75.97422184300342
195,3,2,3776.34,206084.9,0,2805,45999,8,2022-03-01,54.57265500458115,1.8324195513596584,4.480203917476467,73.47055258467023
195,4,2,4824.16,230475.36,0,2928,48982,3,2022-04-01,47.775231335610755,2.0931348149320606,4.705307255726593,78.71426229508197
195,5,2,4541.74,226627.59,0,2511,49024,2,2022-05-01,49.89884713788108,2.004054316599316,4.622788634138381,90.25391875746715
195,6,2,4713.24,223937.0,0,3058,32713,7,2022-06-01,47.51232697677182,2.1047169516426494,6.845504845168588,73.22988881621976
195,7,2,5250.08,233504.64,0,2855,19785,8,2022-07-01,44.47639655014781,2.2483835867244437,11.802104624715694,81.7879649737303
195,8,2,6600.15,236965.34,0,2334,60650,5,2022-08-01,35.90302341613448,2.7852807503409567,3.9070954657873043,101.52756640959726
195,9,2,2939.93,209120.13,0,2695,29151,3,2022-09-01,71.13098951335577,1.4058570066879739,7.1736863229391785,77.59559554730984
195,10,2,3611.4,231108.88,0,3210,44437,5,2022-10-01,63.994262612837126,1.562640085486979,5.200820937507032,71.99653582554517
195,11,2,19146.56,513135.48,1,5000,45745,6,2022-11-01,26.80040069861113,3.7312874954583153,11.217302000218602,102.627096
195,12,2,21225.33,538273.58,1,4468,55719,7,2022-12-01,25.35996283685577,3.9432234441081064,9.66050323946948,120.47304834377796
195,1,3,17911.0,502862.8,1,5347,59120,3,2023-01-01,28.07564066774608,3.5618065205857343,8.505798376184032,94.04578268187768
195,2,3,3629.19,216137.52,0,2919,42659,2,2023-02-01,59.55530572937763,1.6791115212203789,5.066633535713448,74.0450565262076
195,3,3,2749.13,205789.26,0,2762,51730,2,2023-03-01,74.85613994245452,1.3358957605464932,3.9781415039628842,74.50733526430123
195,4,3,6088.97,250802.65,0,3432,45231,4,2023-04-01,41.18966754639947,2.427793326745152,5.544928257168756,73.07769522144523
195,5,3,4494.51,232215.6,0,3026,39043,4,2023-05-01,51.66649979641829,1.9354901221106593,5.94768844607228,76.74011896893589
195,6,3,5229.73,230677.02,0,2470,33280,4,2023-06-01,44.1087819065229,2.26712223003401,6.931400841346154,93.39150607287449
195,7,3,5386.88,233035.2,0,2844,52463,7,2023-07-01,43.25977189022217,2.3116164424945245,4.441896193507806,81.93924050632911
195,8,3,7674.35,266558.6,0,2696,47721,3,2023-08-01,34.73370383159485,2.8790479841955956,5.58577146329708,98.87188427299702
195,9,3,5406.75,246506.83,0,3019,51187,3,2023-09-01,45.592422434919314,2.193346934849635,4.815809287514408,81.65181517058629
195,10,3,3765.15,212708.56,0,2833,44654,7,2023-10-01,56.494046717926246,1.770098015801527,4.763482778698437,75.08244264031062
195,11,3,21382.0,528772.04,1,4666,52996,6,2023-11-01,24.7297745767468,4.043708513786016,9.977583968601405,113.32448349764253
195,12,3,17557.77,482849.93,1,4732,39002,5,2023-12-01,27.50064102673631,3.636278874473483,12.380132557304753,102.03929205409975
196,1,1,20303.6,535856.9,1,4793,51995,8,2021-01-01,26.39221123347584,3.7889966519046405,10.305931339551881,111.79989568120176
196,2,1,3463.15,209544.28,0,2914,54833,6,2021-02-01,60.506844924418516,1.6527055761197587,3.8214994620028087,71.9094989704873
196,3,1,3737.09,212299.38,0,2875,46785,2,2021-03-01,56.808741560947155,1.760292470001561,4.5377659506252,73.84326260869565
196,4,1,3565.87,208766.02,0,2766,40851,6,2021-04-01,58.54560598114906,1.708070116008343,5.1104261829575774,75.47578452639189
196,5,1,6109.82,252112.94,0,2701,56580,7,2021-05-01,41.263562592678674,2.423445619253022,4.455866737363026,93.34059237319511
196,6,1,5632.7,237572.48,0,2594,47079,7,2021-06-01,42.17737142045556,2.3709395970442366,5.046251619618089,91.58538164996145
196,7,1,4342.03,223309.57,0,2832,39569,7,2021-07-01,51.42976211587668,1.944399427216666,5.643548484925068,78.85224929378532
196,8,1,7350.47,253963.35,0,2870,51847,8,2021-08-01,34.55062737484814,2.894303449690674,4.898322950218914,88.48897212543554
196,9,1,4715.1,224961.77,0,2821,33124,8,2021-09-01,47.7109223558355,2.095956126234249,6.791503743509238,79.74539879475363
196,10,1,4038.23,228722.55,0,2820,45822,3,2021-10-01,56.63930732028636,1.765558315085242,4.991544454628781,81.10728723404254
196,11,1,18144.52,506451.88,1,5257,51273,2,2021-11-01,27.912112307186963,3.5826740341056684,9.877555048466053,96.33857333079703
196,12,1,18047.04,512648.55,1,5319,49013,3,2021-12-01,28.406240026065213,3.5203532712615693,10.459440352559525,96.38062605752961
196,1,2,17388.37,478950.24,1,4611,39707,5,2022-01-01,27.544286209690732,3.630517024064963,12.062110962802528,103.87122966818477
196,2,2,7866.26,279559.69,0,3420,55930,5,2022-02-01,35.53908591884834,2.8138033777330347,4.998385303057393,81.74259941520468
196,3,2,5921.5,256979.8,0,3057,43760,4,2022-03-01,43.39775394747952,2.304266716683568,5.872481718464351,84.0627412495911
196,4,2,5235.57,232717.62,0,3114,38281,4,2022-04-01,44.44933789444129,2.24975229636673,6.0791938559598755,74.73269749518305
196,5,2,7764.22,265626.87,0,2670,58089,5,2022-05-01,34.21166195702852,2.9229798928097903,4.572756804214223,99.48571910112359
196,6,2,4088.94,211726.0,0,2613,45545,3,2022-06-01,51.78016796529174,1.9312413213303987,4.648721045120211,81.02793723689246
196,7,2,4581.67,215385.09,0,2829,42368,7,2022-07-01,47.01017096386252,2.127199241135958,5.083673763217522,76.13470837751855
196,8,2,6700.45,244888.39,0,2291,34743,2,2022-08-01,36.54805125028916,2.736123995098338,7.048567769047002,106.89148406809254
196,9,2,6312.82,253700.34,0,3038,45090,5,2022-09-01,40.18811561235708,2.48829780835138,5.626532268795742,83.50899934167215
196,10,2,5612.74,255192.93,0,3456,44702,5,2022-10-01,45.46672926235671,2.1994104617239985,5.70875866851595,73.840546875
196,11,2,18750.97,501064.7,1,4627,45341,7,2022-11-01,26.72206824500279,3.7422253054346077,11.051028870117554,108.29148476334558
196,12,2,19449.15,508855.14,1,4864,41739,6,2022-12-01,26.163361380831553,3.822138850754264,12.191359160497377,104.61659950657895
196,1,3,19767.44,543542.1,1,5743,49539,5,2023-01-01,27.49683823499654,3.6367817690662783,10.97200387573427,94.644279993035
196,2,3,7423.8,267247.45,0,2947,36953,5,2023-02-01,35.998740537191196,2.7778749619500576,7.232090763943388,90.68457753647778
196,3,3,4941.15,211144.1,0,2300,46672,8,2023-03-01,42.73177296783138,2.340179053073233,4.523999400068564,91.80178260869566
196,4,3,4347.53,226047.94,0,2821,38349,5,2023-04-01,51.99456703001475,1.923277867517837,5.89449372865003,80.1304289259128
196,5,3,3787.2,207221.07,0,2609,42676,7,2023-05-01,54.71616761723701,1.8276133792765377,4.855681647764552,79.42547719432733
196,6,3,4923.29,225559.18,0,2298,38417,7,2023-06-01,45.81472551891113,2.1827043350663007,5.871337689043913,98.15456048738032
196,7,3,3338.44,206043.72,0,2477,49878,3,2023-07-01,61.718563161236986,1.6202580695009776,4.130953927583303,83.18276947920872
196,8,3,7003.49,258143.69,0,3277,29862,4,2023-08-01,36.85929300962806,2.7130200238479585,8.644554617909048,78.77439426304547
196,9,3,4585.62,216040.23,0,2140,46107,5,2023-09-01,47.11254530466982,2.1225768922760357,4.685627561975405,100.9533785046729
196,10,3,8511.89,297905.67,0,3647,46645,7,2023-10-01,34.99876878108152,2.857243368345423,6.386658162718405,81.68513024403619
196,11,3,19246.13,520806.07,1,5020,47332,5,2023-11-01,27.060300954009975,3.6954504005684883,11.003255091692724,103.74622908366534
196,12,3,20264.73,533048.67,1,4838,33960,5,2023-12-01,26.30425719957779,3.8016659904619963,15.696368374558306,110.17955146754858
197,1,1,20035.81,509672.01,1,4433,46367,4,2021-01-01,25.43805366491297,3.9311183676733594,10.992128237755301,114.97225580870743
197,2,1,5368.81,234525.82,0,3192,45120,5,2021-02-01,43.68301727943436,2.2892191571913063,5.197824024822695,73.47300125313284
197,3,1,4529.1,199296.74,0,1097,38781,5,2021-03-01,44.0036077807953,2.2725409356921746,5.139030453056909,181.67432999088422
197,4,1,4332.36,212849.48,0,3242,42355,2,2021-04-01,49.13014615590579,2.035410187518428,5.025368433478929,65.65375694016039
197,5,1,4300.96,206577.69,0,2180,34280,5,2021-05-01,48.03060014508389,2.0820060481845837,6.02618698949825,94.76040825688074
197,6,1,5883.51,237068.93,0,2540,38768,7,2021-06-01,40.293792311052414,2.4817718627236394,6.115067323565827,93.33422440944882
197,7,1,3968.49,222898.08,0,3196,27452,6,2021-07-01,56.16697534830628,1.7804056454860446,8.119557045024042,69.74282853566959
197,8,1,5427.9,237129.19,0,3341,41881,5,2021-08-01,43.68709629875274,2.289005415149438,5.6619753587545665,70.97551331936546
197,9,1,5107.89,240797.68,0,2814,32270,2,2021-09-01,47.14229946220455,2.121237214577815,7.4619671521537025,85.57131485429993
197,10,1,4042.41,210972.89,0,2472,40768,2,2021-10-01,52.18987930467222,1.916080307758973,5.174962961145997,85.34502022653722
197,11,1,18496.09,498820.22,1,4614,27742,8,2021-11-01,26.968955060231647,3.7079671710180477,17.980687044913847,108.1101473775466
197,12,1,18495.28,498217.42,1,5220,51737,5,2021-12-01,26.93754406529666,3.7122909110644904,9.629808840868238,95.44395019157088
197,1,2,20362.93,535857.54,1,5161,44921,7,2022-01-01,26.315345581406998,3.8000640991260473,11.928887157454199,103.82823871342764
197,2,2,5945.87,237115.99,0,2849,46311,3,2022-02-01,39.879107683148135,2.507578674892402,5.120079246831207,83.22779571779571
197,3,2,4808.02,222517.82,0,2447,43126,2,2022-03-01,46.28055207757039,2.1607348121602126,5.159713861707555,90.93494891704128
197,4,2,6825.77,259330.56,0,2772,42108,6,2022-04-01,37.992865273807936,2.632073134766686,6.158700484468509,93.55359307359308
197,5,2,4213.41,212534.19,0,2761,45744,4,2022-05-01,50.442323438734896,1.9824622099625475,4.646165398740819,76.97725099601594
197,6,2,5552.43,245271.34,0,2890,48311,7,2022-06-01,44.17369331986175,2.2637907877862946,5.07692533791476,84.86897577854671
197,7,2,5372.85,222207.02,0,2506,33732,7,2022-07-01,41.35738388378607,2.417947911816648,6.5874249970354555,88.67
197,8,2,4242.58,193562.24,0,2026,46154,5,2022-08-01,45.62371010092915,2.191842789172103,4.1938345538848205,95.53911154985192
197,9,2,4944.79,234948.19,0,2829,41909,2,2022-09-01,47.51429079900259,2.1046299611842083,5.606151184709728,83.04990809473313
197,10,2,4219.24,229552.59,0,2793,40219,2,2022-10-01,54.40614660460178,1.8380276171137953,5.707565827096646,82.18853920515575
197,11,2,17230.11,505624.11,1,5299,33090,6,2022-11-01,29.345379106691713,3.407691535911925,15.280269265639166,95.41877901490847
197,12,2,19503.85,507746.69,1,4307,51291,8,2022-12-01,26.033151916160143,3.841255961707992,9.899333021387768,117.88871372184815
197,1,3,17357.11,480174.73,1,4810,54508,5,2023-01-01,27.664440105524477,3.6147487394848956,8.809252403316943,99.82842619542619
197,2,3,6801.15,248859.96,0,2142,54602,7,2023-02-01,36.59086478022099,2.7329225641601806,4.557707776271931,116.18112044817927
197,3,3,3485.11,210811.8,0,2742,33588,5,2023-03-01,60.489281543480686,1.6531854478734114,6.276402286530904,76.88249452954048
197,4,3,4535.36,216903.81,0,3354,56068,7,2023-04-01,47.82504806674663,2.090954511126384,3.86858475422701,64.67018783542039
197,5,3,4663.38,214551.69,0,2333,54508,5,2023-05-01,46.00776475431983,2.173546151046398,3.9361504733250166,91.9638619802829
197,6,3,7193.86,265056.14,0,2499,35369,3,2023-06-01,36.84477318157429,2.714089173712406,7.494024145438096,106.06488195278112
197,7,3,4442.42,222812.16,0,2471,30969,7,2023-07-01,50.15558186754066,1.9937960298037591,7.194683715974039,90.17084581141239
197,8,3,6249.04,248701.2,0,3141,35639,4,2023-08-01,39.79830501965102,2.5126698222606083,6.978343949044587,79.17898758357211
197,9,3,2023.41,204961.54,0,3043,42908,5,2023-09-01,101.29511072891802,0.9872144793603717,4.776767502563625,67.35509037134408
197,10,3,6405.38,234845.4,0,2467,45587,4,2023-10-01,36.66377326559861,2.7274879559063114,5.151587075262684,95.19473044183218
197,11,3,17580.28,489883.59,1,4615,42024,3,2023-11-01,27.865516931470946,3.588664809123326,11.657233723586522,106.1502903575298
197,12,3,17990.58,494468.88,1,5063,48703,2,2023-12-01,27.484877085674835,3.6383644608736554,10.152739666960967,97.66321943511753
198,1,1,18012.1,502921.57,1,4952,43039,2,2021-01-01,27.921317891861584,3.5814928359505434,11.68525221310904,101.55928311793215
198,2,1,4512.8,217499.91,0,2423,44022,5,2021-02-01,48.19622185782663,2.0748514332718573,4.940709418018264,89.76471729261246
198,3,1,3976.63,217441.11,0,3274,34483,2,2021-03-01,54.679743903757696,1.8288308038898444,6.305748049763651,66.41451130116066
198,4,1,5851.05,224259.88,0,1595,58970,6,2021-04-01,38.32814281197392,2.6090489301965203,3.8029486179413263,140.60180564263322
198,5,1,5944.51,241176.59,0,2685,48366,8,2021-05-01,40.5713153817556,2.4647956088938816,4.986490303105487,89.8236834264432
198,6,1,6664.76,251445.76,0,2785,45311,3,2021-06-01,37.727654109075196,2.650575615194307,5.549331508905123,90.28573070017954
198,7,1,4780.13,219928.71,0,2388,47689,8,2021-07-01,46.008939087430676,2.173490673409579,4.611728281154983,92.09744974874371
198,8,1,3458.14,202205.5,0,2373,45776,2,2021-08-01,58.47232905550383,1.7102106520346876,4.417281981824537,85.21091445427729
198,9,1,3684.07,209747.89,0,2532,52863,5,2021-09-01,56.933741758435644,1.7564276808696384,3.967763653216806,82.83881911532386
198,10,1,5089.79,226128.48,0,2675,48715,6,2021-10-01,44.4278604814737,2.2508398765162174,4.641865544493482,84.53401121495328
198,11,1,17913.27,502685.08,1,5037,43282,3,2021-11-01,28.06216173819744,3.563517341712231,11.614183263250313,99.79850704784594
198,12,1,18612.67,522952.26,1,5203,48507,7,2021-12-01,28.096574000398657,3.559152799148434,10.780964809202796,100.5097559100519
198,1,2,17668.83,474469.89,1,4164,36248,7,2022-01-01,26.853497939591925,3.723909645773307,13.08954673361289,113.94569884726225
198,2,2,5538.79,240734.68,0,2613,38714,4,2022-02-01,43.46340626743386,2.3007860770205606,6.218284858190835,92.12961347110601
198,3,2,5159.81,243731.29,0,2835,53437,4,2022-03-01,47.2364854519837,2.1170076275393286,4.56109605703913,85.97223633156966
198,4,2,4421.75,237818.46,0,3190,56490,3,2022-04-01,53.783786962175604,1.8592963725355887,4.209921402018056,74.55124137931034
198,5,2,4042.34,200983.96,0,2629,49761,5,2022-05-01,49.71970690243769,2.0112749296013472,4.038985550933462,76.4488246481552
198,6,2,4849.6,240601.2,0,3539,48905,8,2022-06-01,49.61258660508083,2.0156175447171503,4.919766895000511,67.98564566261656
198,7,2,4996.35,215496.54,0,1961,46669,3,2022-07-01,43.13079347923984,2.3185291049220558,4.617552122393881,109.89114737378888
198,8,2,5205.14,211111.88,0,1448,48919,6,2022-08-01,40.558348094383625,2.465583651663753,4.315539565404035,145.79549723756907
198,9,2,5236.94,235715.92,0,2726,45391,6,2022-09-01,45.01023880357614,2.2217167173095476,5.19301006807517,86.46952311078503
198,10,2,4324.72,221331.03,0,2913,59797,7,2022-10-01,51.178117889713086,1.953960093169042,3.7013734802749303,75.98044284243048
198,11,2,19037.87,523817.9,1,5677,43763,8,2022-11-01,27.514522370412237,3.6344443364764736,11.969423942599914,92.27019552580589
198,12,2,17142.13,499185.48,1,5394,49147,5,2022-12-01,29.120388189799048,3.4340201561952486,10.156987812073982,92.54458286985539
198,1,3,21352.15,536903.87,1,4601,55169,7,2023-01-01,25.145190062827396,3.9769037239385145,9.731984810310138,116.69286459465333
198,2,3,3823.81,231719.72,0,2615,47574,6,2023-02-01,60.59917202999103,1.6501875628021645,4.870721822844411,88.61174760994264
198,3,3,4358.65,222426.15,0,3277,47436,7,2023-03-01,51.03097289298292,1.9595942293655668,4.688973564381483,67.87493133963991
198,4,3,4663.49,214568.25,0,1914,45664,4,2023-04-01,46.01023053550024,2.1734296663182926,4.69884920287316,112.10462382445141
198,5,3,3223.6,216124.43,0,2805,48791,8,2023-05-01,67.04443169127683,1.4915481789818947,4.429596237010924,77.04970766488414
198,6,3,6209.47,250212.42,0,2637,49140,2,2023-06-01,40.295294123330976,2.481679366675723,5.0918278388278395,94.88525597269626
198,7,3,3127.13,201230.91,0,2851,46427,7,2023-07-01,64.35003021940246,1.5540008242272523,4.334350916492558,70.58257102770958
198,8,3,4360.68,218101.37,0,2688,34337,7,2023-08-01,50.015449425318984,1.9993822138760526,6.351788741008241,81.1389025297619
198,9,3,5578.49,237385.58,0,2834,44544,8,2023-09-01,42.55373407499162,2.3499700360906504,5.329238056752874,83.76343683839096
198,10,3,4856.55,246416.61,0,2666,44619,7,2023-10-01,50.73902461623992,1.9708695773389628,5.522683386001479,92.429336084021
198,11,3,19074.91,505224.26,1,4416,37589,6,2023-11-01,26.48632470611919,3.7755332651682245,13.44074755912634,114.40766757246377
198,12,3,19486.95,522208.18,1,4770,52168,6,2023-12-01,26.797840606149244,3.7316439585454217,10.010124597454379,109.47760587002097
199,1,1,17010.95,499784.67,1,5481,27951,8,2021-01-01,29.380173946781337,3.4036558184147587,17.88074380165289,91.18494252873563
199,2,1,3449.61,219499.27,0,2770,44758,6,2021-02-01,63.630169787309285,1.571581536467069,4.904134903257518,79.24161371841154
199,3,1,4998.65,235512.96,0,2283,51004,7,2021-03-01,47.11531313454633,2.1224521996581416,4.617539016547721,103.15942181340341
199,4,1,3795.55,228757.36,0,3744,32050,6,2021-04-01,60.26988446997141,1.6592034459568865,7.137515132605304,61.09972222222222
199,5,1,5248.71,240026.8,0,3702,44453,2,2021-05-01,45.73062714457457,2.186718316454663,5.399563584010078,64.83706104808212
199,6,1,7582.15,250054.68,0,2056,40095,5,2021-06-01,32.97938975092817,3.0321967979163595,6.2365551814440705,121.62192607003891
199,7,1,5607.69,236540.98,0,3221,33654,5,2021-07-01,42.18153642587233,2.3707054904397533,7.028614132049682,73.43712511642347
199,8,1,5750.94,242131.43,0,2774,37961,8,2021-08-01,42.102930999106235,2.3751315556183683,6.378426016174495,87.28602379235761
199,9,1,6243.24,245514.07,0,3073,51968,4,2021-09-01,39.32478488733414,2.542925543941331,4.724331704125616,79.89393752033844
199,10,1,3689.01,237694.58,0,3050,29232,4,2021-10-01,64.4331622847322,1.5519958427322997,8.131314313081553,77.93264918032787
199,11,1,17684.75,499494.09,1,5244,49890,7,2021-11-01,28.244339897369205,3.5405323814742227,10.011907997594708,95.25058924485127
199,12,1,20429.03,530533.75,1,4973,60315,8,2021-12-01,25.96960061246178,3.8506560609951763,8.796049904667164,106.6828373215363
199,1,2,16715.68,492003.27,1,5026,51065,5,2022-01-01,29.433637758081037,3.397473354191325,9.634843239009106,97.8916175885396
199,2,2,2176.2,204169.37,0,2828,34503,8,2022-02-01,93.81921238856724,1.0658797644328333,5.917438193780251,72.19567538896747
199,3,2,4922.95,220975.43,0,2591,48202,7,2022-03-01,44.88679145634224,2.2278268674485666,4.5843622671258455,85.2857699729834
199,4,2,4661.45,223116.76,0,2769,49616,5,2022-04-01,47.8642396679145,2.0892424217705563,4.496871170590133,80.57665583243049
199,5,2,4973.17,230261.93,0,3043,50393,8,2022-05-01,46.30083628751883,2.1597882029391484,4.56932371559542,75.66938218862964
199,6,2,5560.18,254526.13,0,2805,56471,4,2022-06-01,45.77659895902651,2.184522272821262,4.507200687078323,90.74015329768271
199,7,2,5044.52,235083.0,0,2887,43668,7,2022-07-01,46.60165882977964,2.145846360647091,5.383415773564166,81.42812608243852
199,8,2,3993.4,219411.83,0,2403,43134,2,2022-08-01,54.94361446386537,1.8200477157498756,5.086748968331246,91.30746150645027
199,9,2,5443.79,218656.19,0,2029,46255,8,2022-09-01,40.16616915788449,2.489657393188823,4.727190357799157,107.76549531789058
199,10,2,2031.08,181435.55,0,2073,52537,5,2022-10-01,89.32959312287059,1.1194498542319848,3.453481355996726,87.52317896767968
199,11,2,18501.03,520649.6,1,5276,56013,5,2022-11-01,28.141654815975112,3.5534513039095774,9.295156481531073,98.68263836239575
199,12,2,22178.8,555356.03,1,5460,55245,2,2022-12-01,25.039949411149387,3.993618292035111,10.052602588469545,101.71355860805862
199,1,3,18736.66,496548.96,1,5148,42233,7,2023-01-01,26.501466109754887,3.7733761440160904,11.757368882153767,96.45473193473194
199,2,3,5191.71,222710.29,0,2591,33254,5,2023-02-01,42.897290102875544,2.3311495845117887,6.6972481505984245,85.95534156696256
199,3,3,4519.98,203947.67,0,2085,51925,6,2023-03-01,45.12136558126364,2.216244980881615,3.9277355801636977,97.81662829736212
199,4,3,4207.57,213840.6,0,3259,47164,5,2023-04-01,50.822826477040195,1.9676198065287882,4.53397930625053,65.61540349800552
199,5,3,4372.87,236938.91,0,3804,60834,4,2023-05-01,54.18384493479111,1.8455685476057941,3.8948435085642896,62.28677970557308
199,6,3,3569.7,227784.88,0,2960,37849,7,2023-06-01,63.81065075496541,1.5671365017730765,6.018253586620519,76.95435135135135
199,7,3,4032.14,202536.87,0,2777,36041,6,2023-07-01,50.230614512392926,1.990817770611346,5.6196240392885874,72.93369463449766
199,8,3,5081.31,224577.64,0,2346,40868,4,2023-08-01,44.19679964418624,2.262607265799035,5.495195262797299,95.72789428815005
199,9,3,6356.12,263340.99,0,3291,43103,7,2023-09-01,41.43109160934658,2.413646276639273,6.109574507574878,80.0185323609845
199,10,3,4376.33,212070.7,0,2714,47336,8,2023-10-01,48.458571451421626,2.0636184065031142,4.480114500591516,78.13953574060427
199,11,3,16994.86,510633.97,1,5878,40664,5,2023-11-01,30.04637696338775,3.328188291115846,12.557396468620892,86.87206022456617
199,12,3,21325.35,536735.34,1,4517,58423,4,2023-12-01,25.168887732206038,3.9731592855428524,9.187055440494325,118.82562320123975
200,1,1,19361.08,518860.95,1,5045,43500,7,2021-01-01,26.79917390971991,3.731458303038608,11.927837931034484,102.84657086223984
200,2,1,6586.76,253115.84,0,3192,37653,7,2021-02-01,38.42797369268047,2.6022709602054146,6.722328632512681,79.29694235588973
200,3,1,2874.0,195657.07,0,2501,47900,4,2021-03-01,68.07831245650661,1.468896575012597,4.084698747390397,78.23153538584566
200,4,1,4032.71,205530.18,0,1931,39594,4,2021-04-01,50.96577239622983,1.9621011376528743,5.190942567055615,106.43717244950803
200,5,1,7288.85,244810.97,0,2484,40591,4,2021-05-01,33.58705008334648,2.9773379844865615,6.0311638047843115,98.55514090177134
200,6,1,2875.49,205902.56,0,3207,48102,3,2021-06-01,71.60607757286584,1.3965295040527907,4.280540518065777,64.20410352354224
200,7,1,5112.47,230501.28,0,1588,47588,8,2021-07-01,45.086089502725684,2.2179790064506366,4.843684962595613,145.1519395465995
200,8,1,3566.72,235010.51,0,3437,38863,2,2021-08-01,65.88981192804594,1.517685315435467,6.047153076190721,68.37663951120163
200,9,1,5869.06,243064.85,0,2398,52928,3,2021-09-01,41.41461324300654,2.4146066368707775,4.592367933796856,101.36148874061719
200,10,1,5159.09,232343.58,0,3227,40543,8,2021-10-01,45.035767935818136,2.2204573072343985,5.730793971832375,71.99986984815618
200,11,1,20084.42,531349.92,1,5515,36318,4,2021-11-01,26.455825958628633,3.779885767179563,14.630484057492154,96.34631368993655
200,12,1,17801.92,494672.25,1,4711,43642,6,2021-12-01,27.7875785308551,3.598730270396206,11.334774987397461,105.00366164296328
200,1,2,19505.93,510117.04,1,4633,38243,7,2022-01-01,26.15189534669713,3.823814628893793,13.338834296472557,110.10512410964817
200,2,2,4549.24,229627.38,0,2141,54366,7,2022-02-01,50.47598719786163,1.9811400539430444,4.223731376227789,107.25239607659972
200,3,2,5213.81,259824.27,0,2747,46086,4,2022-03-01,49.83385854106689,2.0066678143654557,5.637813435750553,94.58473607571896
200,4,2,5212.96,239825.87,0,2660,55210,8,2022-04-01,46.00569925723581,2.1736437357654537,4.343884622351023,90.16010150375939
200,5,2,4889.87,222390.96,0,2027,60559,5,2022-05-01,45.479933004353896,2.198771928499252,3.672302382800244,109.71433645781943
200,6,2,1808.38,207735.08,0,2857,35816,8,2022-06-01,114.87357745606563,0.8705222054936509,5.800063658700022,72.71091354567729
200,7,2,6559.28,243570.51,0,2710,40096,5,2022-07-01,37.1337265675501,2.6929696866833344,6.0746835095770155,89.87841697416974
200,8,2,3340.67,222324.31,0,3057,42322,4,2022-08-01,66.55081465694008,1.5026112079241358,5.253161712584471,72.72630356558717
200,9,2,4907.71,240791.52,0,3241,39565,8,2022-09-01,49.06392594509455,2.038157323812732,6.085972955895362,74.29543967911138
200,10,2,4452.13,236607.0,0,3588,42409,6,2022-10-01,53.144674571497234,1.881656079490463,5.579169515904643,65.94397993311037
200,11,2,19257.17,509319.69,1,4623,31222,4,2022-11-01,26.448314575817736,3.7809592635226803,16.312846390365767,110.17081765087606
200,12,2,19059.08,514599.87,1,4974,37810,7,2022-12-01,27.0002471263041,3.7036698046581322,13.610152605130917,103.45795536791314
200,1,3,20534.32,539391.39,1,5189,47589,8,2023-01-01,26.267798982386562,3.8069424875321047,11.334371178213454,103.94900558874542
200,2,3,5885.38,242097.67,0,2992,31059,4,2023-02-01,41.13543560483775,2.4309940694596524,7.794767056247787,80.91499665775402
200,3,3,1727.26,203590.03,0,2831,34816,2,2023-03-01,117.86878061206767,0.848401073471034,5.847599666819853,71.91452843518191
200,4,3,7038.82,262035.93,0,2970,29757,5,2023-04-01,37.22725257926755,2.6862041400200343,8.805858453473132,88.22758585858585
200,5,3,6888.29,232793.44,0,1856,41620,2,2023-05-01,33.79553416014715,2.9589708369789114,5.593307063911581,125.4275
200,6,3,5731.28,202252.96,0,1741,56672,4,2023-06-01,35.28931756954817,2.8337187253032043,3.5688339920948615,116.17056863871338
200,7,3,3979.02,215736.4,0,2937,48588,2,2023-07-01,54.21847590612764,1.8443897274637011,4.4401169012925,73.45468164794008
200,8,3,5902.77,221692.61,0,2669,47837,4,2023-08-01,37.55738576973183,2.6625921360211335,4.634333465727366,83.06204945672536
200,9,3,4492.23,237501.28,0,2902,48903,5,2023-09-01,52.869349966497715,1.8914550692105743,4.856578941987199,81.84055134390076
200,10,3,4741.71,243141.2,0,3337,42070,4,2023-10-01,51.27711310898389,1.950187792114212,5.779443784169242,72.862211567276
200,11,3,19098.49,514427.3,1,5513,38475,3,2023-11-01,26.935495947585384,3.7125731857543336,13.370430149447692,93.31168148013785
200,12,3,19269.32,514656.68,1,4222,38436,5,2023-12-01,26.708606219627885,3.744111511386581,13.38996461650536,121.89878730459498
