n_samples,tsi_prefix
1,1.0
2,1.0
3,0.0
4,0.0
5,0.0
6,0.0
7,0.04884465237330671
8,0.17604104271608212
9,0.24274855456995081
10,0.33619887628749134
11,0.29830717346732816
12,0.2636086896234823
13,0.26462570036779387
14,0.22877944991524335
15,0.2525208488375398
16,0.23647701115986675
17,0.2410826517097414
18,0.22042396909128448
19,0.20211036243203306
20,0.20817157611916015
21,0.2105683074552559
22,0.20325472695212166
23,0.17356566627140957
24,0.1815028255375979
25,0.17933933906804078
26,0.1780503438716553
27,0.17293716790608593
28,0.1786003447302108
29,0.19405957382625116
30,0.22199343719928766
31,0.27174458733843876
32,0.3375628804382371
33,0.36887676066530706
34,0.3726160380019091
35,0.39096246170075244
36,0.4202434039119597
37,0.451899893083602
38,0.45723263051099783
39,0.4543139010481233
40,0.46036452210170553
41,0.473156479941939
42,0.4933098131987549
43,0.5003688425937487
44,0.5128225885188074
45,0.5251884493476968
46,0.537919230480153
47,0.5524361787583878
48,0.5712738496308332
49,0.5910347283651801
50,0.610156332966058
51,0.6281101352330941
52,0.6460648759997953
53,0.6406357254556181
54,0.646277869255646
55,0.6490078743398876
56,0.648692488709163
57,0.6497216927498606
58,0.6444857127974732
59,0.642950932938293
60,0.6443902898342879
61,0.6311235513873479
62,0.6310831436705782
63,0.6317551221835491
64,0.6320275325634941
65,0.6332784409461508
66,0.636408356217003
67,0.6397997839745979
68,0.6413243656422588
69,0.6434218739456361
70,0.6471988045049726
71,0.6410919259177428
72,0.6356949668098195
73,0.6324374184720579
74,0.6315234470485926
75,0.6314907401702974
76,0.6300033817965663
77,0.6292875334380574
78,0.6293450253817219
79,0.6285402430764389
80,0.6284232443557038
81,0.6284674404135124
82,0.6268020726626423
83,0.6262797294206042
84,0.6257355385703804
85,0.6213351315227844
86,0.6209135498731946
87,0.6211345094861339
88,0.6221342665421679
89,0.6216761624848286
90,0.6210522284992783
91,0.6195063993876528
92,0.6194967285164727
93,0.618856331211358
94,0.6189116091887845
95,0.6107193762414773
96,0.6097876595179317
97,0.6153734000121069
98,0.6272084674873147
99,0.6379009192198302
100,0.6495402676907578
101,0.6629111013850786
102,0.6656415403410082
103,0.6735909035303416
104,0.6776137739067278
105,0.6831791230257951
106,0.6906116381224887
107,0.6980008535545337
108,0.7070973800685718
109,0.7117416204325503
110,0.7156436979417344
111,0.7230851310338737
112,0.7296506304222742
113,0.736374377934929
114,0.7422487221446008
115,0.7504949005856311
116,0.7584681346249877
117,0.7653715337031592
118,0.7717036698362634
119,0.7711394320427014
120,0.7750156537714566
121,0.7784271796555806
122,0.7825902920785888
123,0.7862114923833436
124,0.7857170562122433
125,0.7863223426948844
126,0.7875235320393437
127,0.7851167478305447
128,0.7845593970801019
129,0.7856415804491631
130,0.7867299039020608
131,0.788864127827696
132,0.7898962418334318
133,0.791868403318126
134,0.7944495001710856
135,0.7956950831499167
136,0.7989126304964737
137,0.8024364919689001
138,0.8043684273386746
139,0.8013100681553369
140,0.7925512236868899
141,0.7926760936491993
142,0.7923430470905702
143,0.7894401589428922
144,0.7906393941418843
145,0.7917319797996497
146,0.7934235099471181
147,0.7952122031314374
148,0.7972778925641728
149,0.7975507249431059
150,0.7988489444587586
151,0.8002039991314807
152,0.8011375239613241
153,0.8014820505105764
154,0.8041548684491118
155,0.8068584484280817
156,0.8056948074720984
157,0.8072441171439029
158,0.8074894567170204
159,0.8086216941153412
160,0.8093421133780898
161,0.8108238735241926
162,0.8128757034846442
163,0.8105406990713098
164,0.8117720645042998
165,0.8124544646211291
166,0.8135207998291517
167,0.8139975193161061
168,0.8148940545846364
169,0.8159451328425652
170,0.8169860935801889
171,0.8179543076118492
172,0.8188191516508482
173,0.8198651610747915
174,0.8204660090301643
175,0.8214474573151852
176,0.823241433372655
177,0.8226633173488969
178,0.8237743065004915
179,0.8249163431145922
180,0.8258672015503739
181,0.8253497708326764
182,0.8259173100991569
183,0.8265263991923333
184,0.8261349989383204
185,0.8263650497969247
186,0.8249721501229286
187,0.825079497210869
188,0.824490171692341
189,0.8239262759110476
190,0.8224212286382614
191,0.8206280538429666
192,0.820691176258985
193,0.8207238524764497
194,0.8194211780315345
195,0.8188064218732032
196,0.8185258546098026
197,0.8183534802626526
198,0.8184063453714787
199,0.8185355504437055
200,0.8186699585010239
201,0.8187003643597471
202,0.8175197668585289
203,0.8175288065635153
204,0.8172750081718706
205,0.8150086458783528
206,0.8151134295116972
207,0.8149289736446291
208,0.8144991806143574
209,0.8146248942391314
210,0.8151589589713315
211,0.8150414550822326
212,0.8147763516880391
213,0.8154084219386644
214,0.8160336923543314
215,0.816783280529678
216,0.8167396176695741
217,0.8170038473039629
218,0.8162165404099754
219,0.8164632928297328
220,0.8165826924296969
221,0.8169481257706119
222,0.8172453467086891
223,0.8175291160413909
224,0.8174312023935718
225,0.8178811597192605
226,0.8182554920447284
227,0.8149485019558247
228,0.8130915902056637
229,0.8127695375823554
230,0.8127801010171193
231,0.8118959172257285
232,0.8119714373990745
233,0.8121022471700768
234,0.8114081654920036
235,0.8112999754471196
236,0.8113143843244767
237,0.8096453133293892
238,0.8102130632897115
239,0.8104994344963354
240,0.8112935008299199
241,0.8120772907594485
242,0.8131895990845776
243,0.8134135492152147
244,0.8145412534160172
245,0.813645676659069
246,0.814632055287663
247,0.8161294366427427
248,0.8158885853296348
249,0.8127519951186996
250,0.8131010347555393
251,0.8140113772705794
252,0.8148013649924415
253,0.8139908222236393
254,0.8143018131950313
255,0.8150008126201761
256,0.8152802231808994
257,0.8156629751198268
258,0.8161486695525444
259,0.8166905576364388
260,0.8167717151354001
261,0.8175868695783179
262,0.8184359319956529
263,0.8192057745971505
264,0.8200045106205421
265,0.8206816636827188
266,0.8208263011927583
267,0.8213606450355473
268,0.8217852832520884
269,0.8222517742241399
270,0.8227140031094491
271,0.823105523430601
272,0.8235647392045269
273,0.8240799237969416
274,0.822588149139601
275,0.8217158059001904
276,0.8217264745726562
277,0.8216517270028396
278,0.8214418931988231
279,0.8210017903833908
280,0.8210689082694731
281,0.8210410540040324
282,0.8201564569846642
283,0.8199380562320524
284,0.8199402200526285
285,0.8196860122679652
286,0.8198326359519634
287,0.8199893043034041
288,0.8201689132048724
289,0.8203527260298091
290,0.8205672851480083
291,0.8207899169343749
292,0.8209988074422531
293,0.8202776842364391
294,0.8183217482977855
295,0.8186806545381122
296,0.8190099468550058
297,0.8192761225157426
298,0.8195836041578487
299,0.8191462519117313
300,0.819635662995562
301,0.8188498183633413
302,0.8185781574138297
303,0.8186716906211663
304,0.8190553410128919
305,0.8194703316783862
306,0.8196851120448594
307,0.8202638687438103
308,0.82006612467219
309,0.8202678189362804
310,0.8193805675363819
311,0.8189699848525037
312,0.8189486653514226
313,0.8179186107139327
314,0.8178502026759741
315,0.8176238874818764
316,0.8176026036552272
317,0.8176056485018088
318,0.817454727848216
319,0.8171318806143707
320,0.8166919141965586
321,0.8164861529971872
322,0.8164784638206909
323,0.8160441907926217
324,0.8159108162032761
325,0.8150073402167187
326,0.8150851040653033
327,0.8144088127264926
328,0.8145157150112775
329,0.8141253847789305
330,0.8140665692877276
331,0.8134214770226655
332,0.8134286926154787
333,0.8133667778346673
334,0.8130848062688572
335,0.8131226095018432
336,0.8126697859202857
337,0.8125352196427699
338,0.8125026046923262
339,0.8120936476333067
340,0.8120183313717722
341,0.8103950144133135
342,0.810363498887318
343,0.8103619611085898
344,0.810308046370984
345,0.8095332846436843
346,0.8082340905830718
347,0.8081366019892067
348,0.8080233535140965
349,0.8072993085862964
350,0.8066155338838583
351,0.8065723330395901
352,0.8063623411079638
353,0.8062726080239146
354,0.8060873654828679
355,0.805803432446109
356,0.8058697997009753
357,0.8059504930893409
358,0.8060437237392599
359,0.8058840481570713
360,0.8059324165500691
361,0.805972839361535
362,0.8059913246643251
363,0.8058143423058838
364,0.8055426740347773
365,0.8055933099592175
366,0.8050785556080945
367,0.8050119942508662
368,0.804863259892812
369,0.8049088938653635
370,0.8048016197711448
371,0.8049116876670598
372,0.804603804645269
373,0.8046991412888291
374,0.8049081071209826
375,0.8053107397321078
376,0.804620314645685
377,0.8054432397898688
378,0.8047680048379293
379,0.8047810567984675
380,0.8053754260220242
381,0.8060362778099334
382,0.806446727888576
383,0.8063174031585822
384,0.8062892768947139
385,0.8058045326725223
386,0.8057865613955695
387,0.8059232492796777
388,0.8060853065433377
389,0.8063284776423677
390,0.8059191970118778
391,0.8044902145634262
392,0.8045091270893109
393,0.80446027866819
394,0.8044197048204063
395,0.804326377660729
396,0.8043704698711426
397,0.8043006055262544
398,0.8043893183863132
399,0.8044521633981372
400,0.8044110810698593
401,0.80448309742708
402,0.8045632317795919
403,0.804526882231756
404,0.8046036883654528
405,0.804684994613059
406,0.8048007074694559
407,0.8049220210681676
408,0.8049254511217578
409,0.803923280325499
410,0.8034926504596092
411,0.8029215880250984
412,0.8015850806094159
413,0.8015967467922989
414,0.801518031103644
415,0.8015928703295433
416,0.8016614194167067
417,0.8013703098515538
418,0.8009005870476098
419,0.80090232578804
420,0.8004249236985259
421,0.8004332289668042
422,0.8002562924993716
423,0.8001707235761752
424,0.7996510840633436
425,0.7995360817291175
426,0.7996091985842416
427,0.7994909230636174
428,0.7987167464668743
429,0.798277722809756
430,0.7982614541375249
431,0.7980650089348773
432,0.7980511846602524
433,0.7981020304047391
434,0.797438745707777
435,0.7973137104739753
436,0.7973739957715693
437,0.797498053938074
438,0.7975162124872676
439,0.7977857021813222
440,0.7980494429249138
441,0.7983771086894138
442,0.7986400584356061
443,0.7988565719107675
444,0.7985414886896003
445,0.7986780990399106
446,0.798453170279267
447,0.7983521458576238
448,0.7985521279155366
449,0.7983619470234449
450,0.798424662195604
451,0.7985324586088776
452,0.7985873500030293
453,0.7976439146251282
454,0.7965857759917843
455,0.7965977582636397
456,0.7966080886384934
457,0.7963778229143907
458,0.7962302755626568
459,0.7962367149572305
460,0.7962703857493822
461,0.796291216759418
462,0.7961426364559588
463,0.7955382771493997
464,0.7945705197160734
465,0.7944030046403786
466,0.7945142906994924
467,0.7946771989161483
468,0.7938122500477836
469,0.7935257132720633
470,0.7933580030114773
471,0.793358840118512
472,0.7933709052118287
473,0.7934154756879861
474,0.7934582301292185
475,0.7933899184366215
476,0.7934050437719282
477,0.7931370650604914
478,0.7928783141168986
479,0.7929208311706492
480,0.7913129280283853
481,0.7913068383055326
482,0.7908686471661179
483,0.79092103595566
484,0.7909252810702749
485,0.7910060473065489
486,0.7910711877046316
487,0.79096679150179
488,0.7909754414904289
489,0.7908298883773611
490,0.7907687233881554
491,0.7905933739333472
492,0.7906884871679987
493,0.7907768111865429
494,0.7908660071031975
495,0.7909596881314458
496,0.7909418502046622
497,0.7902296377552226
498,0.7902503318523173
499,0.7893445710258473
500,0.7888587340838189
501,0.7884246463519342
502,0.7882453655451689
503,0.7881308157358715
504,0.787641886317988
505,0.7858587251284852
506,0.7860381279163167
507,0.7847608715495002
508,0.7847558275775831
509,0.7847555767947789
510,0.7847477697517732
511,0.7843494916090934
512,0.7844894313143322
513,0.7846348441223184
514,0.7847882169558231
515,0.7847400684934922
516,0.7847874360625945
517,0.7847269232807992
518,0.7847032552422358
519,0.7845529971759604
520,0.7839570253085534
521,0.7837685250986226
522,0.7836436057298906
523,0.7832478986916271
524,0.7832496067253595
525,0.7828121432474275
526,0.7827714802950597
527,0.7823250168946271
528,0.7823491387957148
529,0.7823713932320101
530,0.7819560838908244
531,0.7820274564921146
532,0.781884377298327
533,0.781871825915037
534,0.7818736426033474
535,0.7813490239434038
536,0.7812737485962442
537,0.7812176672653921
538,0.7809620841040509
539,0.7797353124335602
540,0.7796258981631472
541,0.7791217800956495
542,0.779138049341572
543,0.7792598600905039
544,0.7794041274019826
545,0.7795618124604983
546,0.7797396744669615
547,0.7798931228580355
548,0.7799397364139976
549,0.780014839354722
550,0.7800492876945766
551,0.7801204734431719
552,0.7801226161567747
553,0.780158372248396
554,0.7792705184325269
555,0.7792711746708363
556,0.7792579210672081
557,0.7791634240976526
558,0.7790074154288279
559,0.7788309458667162
560,0.7788882285555224
561,0.7791101246046628
562,0.779274512545141
563,0.7794583892840741
564,0.779597089032926
565,0.7795917273925133
566,0.7795867671476205
567,0.7797075242225054
568,0.779797986200003
569,0.7798624928758583
570,0.7799710334134147
571,0.7797820720005367
572,0.7800235127740577
573,0.7802226013687272
574,0.7803670812078212
575,0.7806404267516134
576,0.7806708338984807
577,0.7805835559489162
578,0.780426742456362
579,0.7806073735247787
580,0.7807384724014945
581,0.7799829242659598
582,0.780285301562931
583,0.7808711282489442
584,0.7814165927569556
585,0.7819475774414444
586,0.7814981012102904
587,0.7817444895494127
588,0.7822409997087778
589,0.7828129346922726
590,0.7826573219544699
591,0.7828962525405727
592,0.7833641090579377
593,0.7829730820811457
594,0.7829127062318522
595,0.7832364951792663
596,0.7838921545755592
597,0.7846055506810515
598,0.7850964791345983
599,0.7856656429471224
600,0.7859399948018215
601,0.7866416753331779
602,0.7874254971547548
603,0.7877412148037208
604,0.788390940400221
605,0.7891297651677754
606,0.7897824051212746
607,0.7902614478143247
608,0.7907474588602886
609,0.7910050197533502
610,0.7916180028949695
611,0.79225299496025
612,0.7930109889256838
613,0.7936528345376054
614,0.7945126782136783
615,0.7954259281758984
616,0.7963827622993032
617,0.7973655569762838
618,0.798371223712776
619,0.799416887262869
620,0.7998898682867495
621,0.8007655524410364
622,0.8016497694910035
623,0.8024651058442915
624,0.8033162302600918
625,0.8040994821283386
626,0.8049474990053314
627,0.8058607987727531
628,0.8062691375017601
629,0.8069637823572171
630,0.8072681266420931
631,0.8077831556273745
632,0.8073155745056735
633,0.8079342836060694
634,0.8082465948366409
635,0.8091547924034552
636,0.810090362012124
637,0.8110427905162997
638,0.8119664278903442
639,0.8129057477860574
640,0.8137632438185523
641,0.8145416974261068
642,0.8154421115701989
643,0.8154898021365973
644,0.8161551154149995
645,0.816842156803262
646,0.8175480231860268
647,0.8181146732400779
648,0.8185125611652084
649,0.8192975584516325
650,0.8201044324584995
651,0.8201968556552023
652,0.8208078504451907
653,0.8208397382436148
654,0.8212182619756021
655,0.8216463906181704
656,0.8220770673886842
657,0.8224999970505311
658,0.822994680866646
659,0.823167958235788
660,0.82356793317527
661,0.8237436240969438
662,0.8243018325415963
663,0.8248379156075065
664,0.8254932158997865
665,0.8261606095619745
666,0.8266244241877143
667,0.8273157321482493
668,0.8282308441177131
669,0.8291955897366337
670,0.8296633634684365
671,0.8307543880687738
672,0.8318596912600267
673,0.8329841790912424
674,0.8341039495209237
675,0.835193704442203
676,0.8362908724348059
677,0.836383234161989
678,0.8371281403733255
679,0.8378260604625658
680,0.8385481987718286
681,0.8390972341201967
682,0.8396190406509707
683,0.8398861947198142
684,0.8403591603038474
685,0.8408699142482854
686,0.8414082887022931
687,0.8418201323067247
688,0.8419214834692035
689,0.8423073975820585
690,0.8427221965390512
691,0.8431151408653598
692,0.8435290411573857
693,0.8437679857944806
694,0.8436941328999625
695,0.8441846032846212
696,0.8447392893093162
697,0.8449532746506176
698,0.8457506201419283
699,0.8466317934223613
700,0.8475970676610672
701,0.8482901960485013
702,0.849133954919856
703,0.8499530866452094
704,0.8508675970745434
705,0.851539890569197
706,0.8523175333175741
707,0.8531743526347693
708,0.8540047889332802
709,0.854871922849024
710,0.8556201166871767
711,0.8564042553006239
712,0.857060917224556
713,0.8577405566411145
714,0.8585101443723123
715,0.8592788357674406
716,0.8599917383538542
717,0.8607251964810305
718,0.8615618588690112
719,0.8624518921851405
720,0.8633205895833576
721,0.8642701206013007
722,0.8649750328349525
723,0.8654932359831994
724,0.8663987674800161
725,0.8674839937929091
726,0.8682752500486195
727,0.8692246796472435
728,0.8700425109596417
729,0.8708760910154963
730,0.8717774478028435
731,0.8727030316283527
732,0.8736225138953224
733,0.8744510497422919
734,0.8753027054077102
735,0.876109063837896
736,0.8768929654689339
737,0.877556728960833
738,0.8781551588711366
739,0.8786867315599652
740,0.8791463542450577
741,0.8798434441324668
742,0.8804192606144807
743,0.8810890077609294
744,0.8816634375386998
745,0.8824819915111575
746,0.8831516830469858
747,0.883512704175467
748,0.8840853247887945
749,0.8846826054474455
750,0.8852656645062027
751,0.885892821940065
752,0.8865183186883183
753,0.8871150154501226
754,0.8873341183925226
755,0.8875487987953692
756,0.8878614888206054
757,0.8882528448315112
758,0.8886019115744314
759,0.8889472631082038
760,0.8892890416658923
761,0.8894766442984681
762,0.8897306330545363
763,0.8899475659892079
764,0.8901543869561256
765,0.8903723541086231
766,0.8904266759967251
767,0.8907001614035944
768,0.8909694964912614
769,0.8911845959872855
770,0.8912407125913345
771,0.8912345855090277
772,0.8912770823942007
773,0.8914459689079903
774,0.891451457530234
775,0.8915927928378817
776,0.8917251135973141
777,0.8918039182109085
778,0.8919404427287504
779,0.8920871049201716
780,0.892148491185267
781,0.8923247841894429
782,0.8925015407440829
783,0.8924009018096919
784,0.8924576277593116
785,0.8925734398486594
786,0.8926785610024773
787,0.8927872655473047
788,0.8928974026124896
789,0.8929527353747635
790,0.8930870938558695
791,0.8932017159235438
792,0.8932760892883443
793,0.8934203944234693
794,0.8935629354392839
795,0.8935455216387469
796,0.8937422598080764
797,0.8938415229900558
798,0.8939073483896312
799,0.8939566413993667
800,0.8940805778185555
801,0.8941756051070027
802,0.8942628190204979
803,0.8944074172886572
804,0.894541133746298
805,0.894542160772647
806,0.8945543422069391
807,0.8946537919565355
808,0.8946762689101393
809,0.894798384563097
810,0.8949171184705852
811,0.895041077870031
812,0.8951574461044592
813,0.8952827871499087
814,0.8954076487904855
815,0.8955357183535679
816,0.8956723839488981
817,0.8958150426718732
818,0.8959557950358373
819,0.8960889911790331
820,0.8961695155141925
821,0.8963275418857316
822,0.8963251604129864
823,0.8964043122165245
824,0.8963301248286144
825,0.8963690738079084
826,0.8966226919460342
827,0.8968730216355681
828,0.8971238766297099
829,0.8972413552924091
830,0.8970811404702275
831,0.8973424435630367
832,0.8974100606818318
833,0.8975916283571233
834,0.8978489237757797
835,0.8980987782414216
836,0.8983564828897705
837,0.8986608757767917
838,0.8987941342916109
839,0.8987953640671917
840,0.8990160263947161
841,0.8989647366661421
842,0.8991440817479761
843,0.8990911379384596
844,0.8992352744032949
845,0.8993746115322835
846,0.8994983228696671
847,0.8989526973265535
848,0.8989758187352964
849,0.8990269251079911
850,0.8990328661394769
851,0.8990964078384719
852,0.8991600534262498
853,0.899171667963581
854,0.8992352214663258
855,0.8992897128035723
856,0.8993492703313979
857,0.8993968321707003
858,0.8994350864356689
859,0.8992894530614086
860,0.8993257343312936
861,0.8993486822717491
862,0.8993273359232274
863,0.8994260518793371
864,0.8995222666079722
865,0.8996032331555806
866,0.8996531687765157
867,0.8996653073766817
868,0.8997776446563309
869,0.8998895631289147
870,0.9000196931143968
871,0.9001385776049343
872,0.9002238667009591
873,0.9003181962947232
874,0.9004437447355511
875,0.9004005745664544
876,0.9003827944366731
877,0.9005801530511265
878,0.9007786072889985
879,0.900979341964195
880,0.9011792683691846
881,0.9013689113218838
882,0.9014863452053483
883,0.9016138321781748
884,0.9017573709115483
885,0.9019337448848017
886,0.9021591210926725
887,0.9022684116660695
888,0.902469566410806
889,0.9023914864526912
890,0.902540271520476
891,0.9028275279173212
892,0.9031456941030103
893,0.9034778370516556
894,0.9038117660220798
895,0.9041459624350403
896,0.9043880998008729
897,0.9046869374089225
898,0.9049891490035561
899,0.9052968933558477
900,0.9055343377317719
901,0.9058674592359903
902,0.9062025379001241
903,0.9065375440440402
904,0.9066895427687874
905,0.9069765911540765
906,0.906999065526322
907,0.9072552606894958
908,0.9074586256485335
909,0.9077367039764603
910,0.9079809243572246
911,0.9082685746947602
912,0.9085593492939421
913,0.9088258311974456
914,0.9091040121819186
915,0.9093204641653736
916,0.909491339952766
917,0.9095948057384746
918,0.9097809352697593
919,0.9098588159700702
920,0.909897015497832
921,0.9101061890551272
922,0.9102993560116669
923,0.9105210582057324
924,0.9107386619725318
925,0.9109703988362856
926,0.9109842113511586
927,0.9111810560360399
928,0.9113598713801819
929,0.9115492453222203
930,0.9117369100006427
931,0.911923417590449
932,0.9120895570738938
933,0.9121772322394672
934,0.9121728005655673
935,0.9122948084863409
936,0.9123950343906171
937,0.9124689193607904
938,0.9126031197309438
939,0.912678211950339
940,0.9127483002131695
941,0.9128510421496591
942,0.9129051298207265
943,0.9129804255394272
944,0.9129831864388989
945,0.9130499942852344
946,0.9131198992048584
947,0.9131847487515717
948,0.9128902633327288
949,0.9129807718509907
950,0.9125138093284794
951,0.9125527966965478
952,0.912705247337526
953,0.9128481866092311
954,0.9129611692445985
955,0.9131216574218831
956,0.9131893890142455
957,0.9133454530140667
958,0.9132396445633264
959,0.9133712290639855
960,0.9134876706520063
961,0.9134681571010573
962,0.9135694270494698
963,0.913640816021052
964,0.9137552768633785
965,0.9138697476121549
966,0.9139210597739511
967,0.91405269611111
968,0.9141731959918902
969,0.9142614834762682
970,0.9143896682093529
971,0.9145181588926041
972,0.9146496868648014
973,0.9147747057091961
974,0.9148752094736896
975,0.9149651644622985
976,0.9150646000089423
977,0.9151358782400565
978,0.9152629763040331
979,0.9153303993076094
980,0.9154646452496404
981,0.9155909559043489
982,0.9156502179026056
983,0.9157998863558039
984,0.9159156640289007
985,0.9160442915776938
986,0.9161519976553516
987,0.9162151052117367
988,0.9163482741066399
989,0.9164871933583795
990,0.9166259313645158
991,0.9167255414721766
992,0.9167432508560668
993,0.9166957964702465
994,0.9167001304981062
995,0.9167824248551214
996,0.9168548601814165
997,0.9168989663156429
998,0.9169677670934753
999,0.9170349586403046
1000,0.9170649185524888
1001,0.9171260092427667
1002,0.9171724233797339
1003,0.9172367342804859
1004,0.9172827611231622
1005,0.9173470845299133
1006,0.9174025248388987
1007,0.9174374081057397
1008,0.9174906595787776
1009,0.9175168058541624
1010,0.9175588608015025
1011,0.9175561766071743
1012,0.9175125936912369
1013,0.9175539574273786
1014,0.9175071505564271
1015,0.91753696741667
1016,0.9175781708713207
1017,0.9176590869670759
1018,0.9177400827226123
1019,0.9178225183566457
1020,0.9178848154397937
1021,0.9179554809998234
1022,0.9180236406393076
1023,0.9180847969799837
1024,0.9181311468241814
1025,0.918035270845264
1026,0.9181161639463844
1027,0.9180341793254798
1028,0.9181405752036272
1029,0.9182465664432193
1030,0.9182935299437267
1031,0.9183152942136652
1032,0.9183932762180157
1033,0.9184688787972959
1034,0.9185375969666034
1035,0.9186117369515867
1036,0.9186954381625524
1037,0.9187277928572154
1038,0.9187955854760953
1039,0.9188387574763561
1040,0.9188839467763761
1041,0.9189227897300839
1042,0.9189468856270571
1043,0.9189843967097716
1044,0.9190415135728853
1045,0.9190835917725471
1046,0.9191266050014769
1047,0.9191912713809403
1048,0.919248035470363
1049,0.9192918321108933
1050,0.9193568240214429
1051,0.9193830712247856
1052,0.919468065783023
1053,0.9195519758297589
1054,0.9193719293530339
1055,0.9193747592274095
1056,0.9193476914925892
1057,0.9194070791324563
1058,0.9194566630853416
1059,0.9195119118952291
1060,0.9195556800575378
1061,0.9196085752862039
1062,0.9195655107451169
1063,0.9196044122908242
1064,0.9195903275433877
1065,0.9196179835523913
1066,0.9196607881148804
1067,0.9196681534668133
1068,0.9197057319822566
1069,0.919658366335861
1070,0.9196958322002745
1071,0.9197333587891151
1072,0.9197330635837979
1073,0.919778661562092
1074,0.9197421406498
1075,0.9197774132772699
1076,0.9198383293037238
1077,0.9198212095035828
1078,0.9195454355369467
1079,0.9195715307211386
1080,0.9195192249733052
1081,0.9195448537170245
1082,0.9195733636847294
1083,0.9195921071643003
1084,0.9196181988539984
1085,0.9196432468152886
1086,0.9196653593951171
1087,0.919628610470892
1088,0.9195856520981777
1089,0.9196087207332195
1090,0.9196487155685837
1091,0.9196825224171298
1092,0.9197284232028622
1093,0.9197433064799956
1094,0.9197810510021613
1095,0.9198093804412624
1096,0.9197853890199392
1097,0.919714558145825
1098,0.9197287385066995
1099,0.9197108605285316
1100,0.9196650011347918
1101,0.9196255382495758
1102,0.919619116298475
1103,0.9196117927062105
1104,0.919606624934997
1105,0.9195714233182262
1106,0.919558586907035
1107,0.919501900996054
1108,0.9194927046566491
1109,0.919435653207982
1110,0.9194145263964998
1111,0.9193325884769334
1112,0.9193341451239347
1113,0.9192923693583032
1114,0.9192976953881993
1115,0.9193040240407495
1116,0.9193103271945042
1117,0.9192645055341874
1118,0.9192649169883716
1119,0.919263852417561
1120,0.9192348095588094
1121,0.9192317605346271
1122,0.9192369387051165
1123,0.9192239009928584
1124,0.919229764828581
1125,0.9192368633924429
1126,0.9192433857731431
1127,0.9191276899989018
1128,0.9191320765807849
1129,0.9191353221597868
1130,0.9189847319490673
1131,0.9189702467068467
1132,0.9189830338427871
1133,0.9189842375076991
1134,0.9189231920451026
1135,0.9189353467756566
1136,0.9188802830386381
1137,0.9188885833120906
1138,0.9188968851474629
1139,0.9189053672089667
1140,0.9189139783951434
1141,0.9188060363643272
1142,0.9186200256128737
1143,0.9184925718365149
1144,0.9185026747824229
1145,0.9185226613087856
1146,0.9185209737903098
1147,0.918527080817841
1148,0.9185388364555556
1149,0.9185116285049925
1150,0.918480263677953
1151,0.9184875177670564
1152,0.9184581537743344
1153,0.9184605474557882
1154,0.9184565702661822
1155,0.9184428453714317
1156,0.9184471666929762
1157,0.918452072943116
1158,0.9183724993897567
1159,0.9181622249885774
1160,0.9181020778441723
1161,0.9180680980162184
1162,0.9180811338439471
1163,0.9180974871657511
1164,0.9180420273386507
1165,0.9180385332144414
1166,0.9180480713659681
1167,0.9178458277840523
1168,0.9177394466727474
1169,0.9177500132038242
1170,0.9177633114737497
1171,0.9177397667204359
1172,0.9176433585048596
1173,0.9176760684783747
1174,0.9176806128542282
1175,0.9177197318137059
1176,0.9176798090076154
1177,0.9177152444218555
1178,0.9177678095538732
1179,0.9178131271712331
1180,0.9178538560072644
1181,0.9178506968740853
1182,0.9178735031806661
1183,0.9179083235928485
1184,0.9179442651754909
1185,0.917995696079842
1186,0.9179919047571009
1187,0.9180525399652057
1188,0.918107570716732
1189,0.9181487045331453
1190,0.918204832801709
1191,0.9181640899346738
1192,0.9181653803027187
1193,0.9182041840810533
1194,0.9182189203800898
1195,0.9181085562371061
1196,0.917986197429422
1197,0.9179567997644772
1198,0.9179543841602279
1199,0.9178936893713241
1200,0.9178801035458898
1201,0.917851587623465
1202,0.9178776598087565
1203,0.9179019046299968
1204,0.917933341192801
1205,0.9179547538968115
1206,0.9179790266831274
1207,0.9180058672462347
1208,0.9180293787156205
1209,0.9178777670201871
1210,0.9179071456118006
1211,0.9179063538744423
1212,0.9179294346666342
1213,0.9179600925942505
1214,0.917978982713097
1215,0.917791137381256
1216,0.9177900740043088
1217,0.9177566570183394
1218,0.9176829700897302
1219,0.9177441875040291
1220,0.9177755101517407
1221,0.9178700884878768
1222,0.9178927523751362
1223,0.9179647362222964
1224,0.9180140019685735
1225,0.9180669899378956
1226,0.9181308236128831
1227,0.9181793761089749
1228,0.9182415728471146
1229,0.9182974976384387
1230,0.9183485714940143
1231,0.9184063629271624
1232,0.9184414953866991
1233,0.9184818463171588
1234,0.9185657888380391
1235,0.9186426882590737
1236,0.9187107395300824
1237,0.9187976798918982
1238,0.918867254870553
1239,0.918929350100717
1240,0.9189091987829493
1241,0.9189065136231341
1242,0.9189360547719712
1243,0.9188876281060465
1244,0.918931979561415
1245,0.9189395260368878
1246,0.918984501472934
1247,0.9190272667715851
1248,0.9189816206492992
1249,0.9190419437359367
1250,0.9190367459695336
1251,0.9190688316543061
1252,0.9190437946049084
1253,0.9190834812712938
1254,0.9191368397767435
1255,0.9191826651622341
1256,0.9192371029104486
1257,0.9192762918392114
1258,0.9193367273584035
1259,0.9192826099254491
1260,0.9193272193869192
1261,0.9193376278532549
1262,0.9193812823295111
1263,0.9193984996295369
1264,0.919434457874426
1265,0.9194763954066968
1266,0.9195186434856775
1267,0.9195447134646245
1268,0.919572571020462
1269,0.9195970317156335
1270,0.919620468773936
1271,0.9195690239963555
1272,0.9195198273080875
1273,0.9195386185472029
1274,0.9195547304086511
1275,0.9195668212842019
1276,0.9195904342898705
1277,0.9196059866608005
1278,0.9195378018134696
1279,0.9195507992476997
1280,0.9195681567835631
1281,0.919534575627605
1282,0.9194078313022388
1283,0.9193121066207031
1284,0.9193186341878226
1285,0.9193461956911844
1286,0.9193703147448987
1287,0.9193487434444692
1288,0.9193818477078854
1289,0.9192733606551656
1290,0.9192702464866364
1291,0.9192881892677897
1292,0.9193034621790752
1293,0.9193214975834871
1294,0.9192121217597893
1295,0.9192408059077741
1296,0.9192436944393612
1297,0.9192017006950295
1298,0.9192272128065764
1299,0.9192315129089792
1300,0.919254531301884
1301,0.919304932314593
1302,0.9192353519590368
1303,0.9192825242217472
1304,0.9193180593990016
1305,0.9193727922023324
1306,0.9192570849153565
1307,0.9193096108577784
1308,0.9193314826118906
1309,0.9191890918642454
1310,0.9192832330424189
1311,0.9193495424859823
1312,0.919427415682909
1313,0.9195197679343763
1314,0.9196149252318946
1315,0.9196994117731213
1316,0.9196713121141573
1317,0.9197515024772206
1318,0.919824211176547
1319,0.9198483503593919
1320,0.919881955142648
1321,0.9199507507321445
1322,0.9200315758304471
1323,0.9201208147971991
1324,0.9201511996020417
1325,0.9202489280011144
1326,0.920309502448507
1327,0.9203944616623724
1328,0.920421809177967
1329,0.9205234358692633
1330,0.9206002372050393
1331,0.9206080548126239
1332,0.9206958501757864
1333,0.9207826768617164
1334,0.9208886126329036
1335,0.9209871016957808
1336,0.920968015037504
1337,0.9210446515044706
1338,0.921109105170074
1339,0.9209441539345027
1340,0.9210034677865674
1341,0.9210513775136477
1342,0.9211075856917811
1343,0.9211603328733191
1344,0.9212154484882069
1345,0.9212549923313336
1346,0.9211470818015961
1347,0.9211950184765516
1348,0.9212363607261013
1349,0.9212603221092495
1350,0.9213107814335382
1351,0.9213613032660021
1352,0.9213995768046264
1353,0.921408766628678
1354,0.9214583962689951
1355,0.9213905896042178
1356,0.9214233427015077
1357,0.9214614750996912
1358,0.9214991223244906
1359,0.9215414402262786
1360,0.9215878926137753
1361,0.9216343308717859
1362,0.9216530020086436
1363,0.9216228470071389
1364,0.9216492358530307
1365,0.9216970763453479
1366,0.9217414031913205
1367,0.9217620024606047
1368,0.921756337058375
1369,0.9217500567113002
1370,0.921757473526291
1371,0.9217366502017924
1372,0.9217543550403076
1373,0.921785611254615
1374,0.9217587113490141
1375,0.9218037986320786
1376,0.9218423461627431
1377,0.9218724397383591
1378,0.9219100277454035
1379,0.9219443134261602
1380,0.9219098982101792
1381,0.9218897316205354
1382,0.9216962555556064
1383,0.9217332392308774
1384,0.921772863113965
1385,0.9217377569567484
1386,0.9217865231950537
1387,0.9217823501150686
1388,0.9217983279964842
1389,0.9218405138711689
1390,0.9218691110352427
1391,0.9219122616965422
1392,0.9218943542977933
1393,0.921935870965999
1394,0.921975409698321
1395,0.9219366182689548
1396,0.9218822272416909
1397,0.9219137838277226
1398,0.921956603492092
1399,0.9219867770608492
1400,0.9219808924825103
1401,0.9219812716904
1402,0.9220216773471607
1403,0.9220646662020072
1404,0.9221050518119412
1405,0.9221460726405739
1406,0.9221771082180568
1407,0.9222188929187519
1408,0.9222465035256823
1409,0.9222868188303601
1410,0.9223163403142716
1411,0.922351617985541
1412,0.922239224514522
1413,0.9222091646852426
1414,0.9221935392599272
1415,0.9221642155839266
1416,0.9221729391887108
1417,0.9220517500112547
1418,0.9220387852756164
1419,0.9220242256019178
1420,0.9220366269440845
1421,0.9220486289397034
1422,0.9220613167967016
1423,0.9220691662530676
1424,0.9220223125711613
1425,0.9220295269092366
1426,0.9220181830072497
1427,0.9220070929369683
1428,0.9219892331156045
1429,0.9219819322984354
1430,0.9219697749583683
1431,0.9219722930993622
1432,0.9219554517216378
1433,0.9219434435941263
1434,0.9218837151006307
1435,0.9218932571736258
1436,0.9219047025818177
1437,0.9219126445225617
1438,0.9216996263982928
1439,0.9216866137499181
1440,0.9216742447524439
1441,0.9216889418193058
1442,0.9217093716573967
1443,0.921688651226339
1444,0.9216546418218344
1445,0.9216789080579195
1446,0.9216997138926535
1447,0.9215651994785379
1448,0.9215118782723516
1449,0.9215211612422654
1450,0.9215254412567104
1451,0.9215370673150416
1452,0.9215420761561843
1453,0.921554773205535
1454,0.9215650092042146
1455,0.9215150938404195
1456,0.9215250401458007
1457,0.9213849205667475
1458,0.9213895174723814
1459,0.9213041032023671
1460,0.9213021478237416
1461,0.9212772383367476
1462,0.9212652285475352
1463,0.9212488414493938
1464,0.9212447099543966
1465,0.9212185506276059
1466,0.9212194355529388
1467,0.9211782196140609
1468,0.9211338703803473
1469,0.9210874067404933
1470,0.9210165211609813
1471,0.9210270650940751
1472,0.9210001010164546
1473,0.9210082576929772
1474,0.9208878875167468
1475,0.9209019617908295
1476,0.9209167603230103
1477,0.920806457498692
1478,0.9207645630579443
1479,0.9207754055062575
1480,0.9207056953189101
1481,0.9207083995361857
1482,0.920706637705726
1483,0.920713157504012
1484,0.920716219706094
1485,0.9207041685320999
1486,0.9206937847256896
1487,0.9206770891713832
1488,0.9206355590034526
1489,0.9206390269310688
1490,0.9206442753023902
1491,0.9206423334371985
1492,0.9206499592508967
1493,0.9206493286157479
1494,0.920631755768142
1495,0.9206416780859958
1496,0.9206267634608248
1497,0.9206388842858034
1498,0.9206241008716401
1499,0.9206264905865437
1500,0.9206114993543989
1501,0.9206264791968835
1502,0.9206421508580415
1503,0.9206143121016741
1504,0.920629953600521
1505,0.9206486018417359
1506,0.9206592988470694
1507,0.9205701453085186
1508,0.9205960474609411
1509,0.9205069452976613
1510,0.9205241096647506
1511,0.9205414152867558
1512,0.9205485846578917
1513,0.9205394444402261
1514,0.9204560243473636
1515,0.9204094311472516
1516,0.9204329530695391
1517,0.920448216261531
1518,0.9204241084359777
1519,0.920445496077611
1520,0.9203816878131201
1521,0.9203790890880018
1522,0.9202382991838074
1523,0.9202912832615672
1524,0.920345659803639
1525,0.9203989843782273
1526,0.9204182038274835
1527,0.920423472314625
1528,0.9204677611079537
1529,0.9204096082773154
1530,0.9204521171205646
1531,0.9204932207248462
1532,0.9205382420137806
1533,0.9205546266527816
1534,0.9205697855227375
1535,0.9205014839681972
1536,0.9205217608335415
1537,0.9205452494873566
1538,0.9205219384153862
1539,0.9205537337025206
1540,0.9205372004709973
1541,0.9205812424636398
1542,0.9206031169651461
1543,0.9206409981069934
1544,0.9206808605272725
1545,0.9206651810500519
1546,0.9206983779236785
1547,0.920662930591243
1548,0.9206948424187773
1549,0.9207306631254069
1550,0.9207682310023526
1551,0.9207582852183364
1552,0.9208003299801083
1553,0.9208502147902521
1554,0.9209070384250929
1555,0.9209293035425
1556,0.9209923748620736
1557,0.9210568706798969
1558,0.9211121561585418
1559,0.9211603858792088
1560,0.9212265112219689
1561,0.9212919276771748
1562,0.9213588265698143
1563,0.9214159126691726
1564,0.921464860194865
1565,0.9215307655216097
1566,0.921612575037561
1567,0.9216799391413907
1568,0.9217767073278396
1569,0.9218540920306466
1570,0.9218973679786048
1571,0.9220000387746584
1572,0.9221030844634643
1573,0.9222004128089969
1574,0.9223007243635339
1575,0.9223621648927605
1576,0.9224461008357604
1577,0.922566255042291
1578,0.922649881379174
1579,0.9226626075696752
1580,0.9227845338934346
1581,0.9228630707951961
1582,0.9229781175239228
1583,0.923080273020071
1584,0.9231847124665427
1585,0.9233002037678992
1586,0.923367793627863
1587,0.9233878281849003
1588,0.9235041120991616
1589,0.9236294554421521
1590,0.923775327233508
1591,0.9238936955793082
1592,0.9240230500997393
1593,0.924197155956009
1594,0.9243660566607983
1595,0.9245371238786723
1596,0.9247008927611765
1597,0.9248629488826267
1598,0.9250227470456976
1599,0.925108323055092
1600,0.9252382209654166
1601,0.9253923306121938
1602,0.9255038926987585
1603,0.9255965623331134
1604,0.9256948207454235
1605,0.9258374592443305
1606,0.9259250930866024
1607,0.9260456284990837
1608,0.9261693453497893
1609,0.9262944055179336
1610,0.9264196757608283
1611,0.9265423124148808
1612,0.9266673956828703
1613,0.9267930979506311
1614,0.926917111154904
1615,0.9270365093656096
1616,0.9271531375545791
1617,0.9270596966126542
1618,0.9271056897495563
1619,0.9272141491805275
1620,0.9273185399954337
1621,0.9274215723061755
1622,0.9275317931523397
1623,0.9276221398300002
1624,0.9276856356213308
1625,0.9277786212111804
1626,0.927835057345361
1627,0.9278182637814437
1628,0.9278507805275913
1629,0.9279348057450829
1630,0.9279884379880475
1631,0.9280451761467834
1632,0.9281238270490089
1633,0.9282144066101431
1634,0.9283053172705449
1635,0.928391842474639
1636,0.9284463758452651
1637,0.9284731850448029
1638,0.9285369937775348
1639,0.928622213641473
1640,0.928707656135393
1641,0.9287577925091939
1642,0.9288429188919809
1643,0.9288274928536057
1644,0.9289193840485159
1645,0.928985152134664
1646,0.929095413145552
1647,0.9292058457572403
1648,0.9292771608361788
1649,0.9293794601071437
1650,0.9294769558991369
1651,0.929581796009049
1652,0.9296462807527485
1653,0.9297360788665027
1654,0.9298320089893791
1655,0.9299306782599368
1656,0.9299904304942335
1657,0.9300928130633521
1658,0.9301477667842584
1659,0.9302464891753157
1660,0.9303560510075138
1661,0.9303284199294041
1662,0.930405495016909
1663,0.9305062681172367
1664,0.9305262407978274
1665,0.9305773674303852
1666,0.9306538860539968
1667,0.9307364879666665
1668,0.9308199934407855
1669,0.9308995094846919
1670,0.9309754868778113
1671,0.9310606483316063
1672,0.9311046860549803
1673,0.9311970884371583
1674,0.9312821785463922
1675,0.9313721102471877
1676,0.9314211632056937
1677,0.9314935115425804
1678,0.9315812121905528
1679,0.9316661871428877
1680,0.9317608383095469
1681,0.9318219625355829
1682,0.9319126608516237
1683,0.9320208685600802
1684,0.9320937683682654
1685,0.9321947041797279
1686,0.9322892998200822
1687,0.9323906298631432
1688,0.9324933109920834
1689,0.9325976064828212
1690,0.9326799576612657
1691,0.932776303356465
1692,0.9328398888499184
1693,0.9329226633305334
1694,0.9330391259133979
1695,0.933138990718953
1696,0.9332602994651975
1697,0.9333841351314716
1698,0.9333822023099407
1699,0.9334477061650359
1700,0.9335664517929809
1701,0.9336697142660041
1702,0.9337944418871179
1703,0.9339207797700818
1704,0.9339616957753494
1705,0.9340993813310755
1706,0.934152948850988
1707,0.9342773858457691
1708,0.9344009140336282
1709,0.9344974321034167
1710,0.9346153213359323
1711,0.9347307249114382
1712,0.9347708513401306
1713,0.934891980276907
1714,0.935021485596428
1715,0.9351388751109775
1716,0.9352718022107523
1717,0.9354024717984605
1718,0.9355366561623115
1719,0.935662648772159
1720,0.9357727142115582
1721,0.9358845412826668
1722,0.9359921390712478
1723,0.9361299531159786
1724,0.9361909094755132
1725,0.936289887724008
1726,0.9364119714148812
1727,0.9365243680925117
1728,0.9366495782737219
1729,0.936777571928358
1730,0.9369045388755013
1731,0.937031196685341
1732,0.9371571828748471
1733,0.9372829906124003
1734,0.9373817998186844
1735,0.9375141075114835
1736,0.9376276732412077
1737,0.9377333619531777
1738,0.9378703014063305
1739,0.9380008254323322
1740,0.9381399498344987
1741,0.9382786161837382
1742,0.9383689257001876
1743,0.9384906863342173
1744,0.938596061320176
1745,0.938716090384421
1746,0.9388390951370906
1747,0.9389689021132983
1748,0.9390986939725497
1749,0.9392289824314322
1750,0.9393416234120815
1751,0.9394634894132929
1752,0.939591479468604
1753,0.9397214964356595
1754,0.9398555348441633
1755,0.9399646914319753
1756,0.9400839371274881
1757,0.9401485988502233
1758,0.9401627746557103
1759,0.9402551095461948
1760,0.9403628586892622
1761,0.940454335321969
1762,0.9405617545757172
1763,0.9406750025135845
1764,0.9407815783872221
1765,0.9408932020910068
1766,0.9410215532031336
1767,0.941132821982787
1768,0.9412485079603456
1769,0.9413684441670155
1770,0.9413514768685204
1771,0.9414672315143561
1772,0.9415843479183523
1773,0.9416817690011243
1774,0.9417456778213809
1775,0.9418312627103386
1776,0.9419347522240332
1777,0.9420182194515512
1778,0.9421266231778839
1779,0.9422219194308322
1780,0.9422919547627363
1781,0.9423822949262974
1782,0.9424828203981481
1783,0.9425026946576833
1784,0.9426043806442665
1785,0.9427076730063891
1786,0.9427880148873413
1787,0.9428666463045968
1788,0.9429347786464412
1789,0.9430371146738779
1790,0.9431185148555163
1791,0.9431832170326532
1792,0.9432884272887272
1793,0.9433901722837631
1794,0.9434930778005499
1795,0.9435538204998279
1796,0.9436652169356132
1797,0.9437773434371363
1798,0.9438904509483402
1799,0.9440013614054175
1800,0.9441152546948721
1801,0.9442309693871038
1802,0.9443401987640716
1803,0.9444525626038556
1804,0.9445649907388391
1805,0.9446779620472443
1806,0.9447456957936738
1807,0.9448599109443057
1808,0.9449773144688947
1809,0.945093585048409
1810,0.9451896197655043
1811,0.9452540921794331
1812,0.9453260470581252
1813,0.9454500532795639
1814,0.945574583794703
1815,0.9456966817497078
1816,0.9458180371872322
1817,0.9459305673526612
1818,0.9460313876472466
1819,0.9461392219338632
1820,0.9462507656564202
1821,0.9463090958772732
1822,0.9464159555648161
1823,0.946503013323922
1824,0.9466030345687817
1825,0.9467027179520646
1826,0.9468015392493904
1827,0.9468917588923872
1828,0.9469499769587892
1829,0.9470379660631535
1830,0.9471357475980706
1831,0.9472215441392439
1832,0.9473152913631564
1833,0.9473963951846772
1834,0.947488822698325
1835,0.9475759287515149
1836,0.9476673487852523
1837,0.9477566458804191
1838,0.9478466342707114
1839,0.9478987932132155
1840,0.9479758755630019
1841,0.9480608035080096
1842,0.9481493043144208
1843,0.9482222977726086
1844,0.9482823947522683
1845,0.9483540099301547
1846,0.9483998651422829
1847,0.9485002579631618
1848,0.9485883564015946
1849,0.9486916251164452
1850,0.9487863610916237
1851,0.9488847810529077
1852,0.9489854759680244
1853,0.9490867343238487
1854,0.9491786521917454
1855,0.9492714844570997
1856,0.9493641495726087
1857,0.9494622856992093
1858,0.9495401642857354
1859,0.9496294885547277
1860,0.9497010356957815
1861,0.9497878022186441
1862,0.949869834722197
1863,0.9499324073229222
1864,0.950004112513126
1865,0.9500880688683365
1866,0.9501719177867431
1867,0.9502561031946125
1868,0.9503310171498293
1869,0.9504121187484952
1870,0.9504923787036883
1871,0.9505593614781288
1872,0.9506351413566563
1873,0.9507116544061381
1874,0.9507784442248839
1875,0.9508519994136863
1876,0.9509031611012189
1877,0.9509852085597063
1878,0.9510238965358645
1879,0.9510743327459347
1880,0.9511249270275869
1881,0.951197694662726
1882,0.9512455541542446
1883,0.9513198623040713
1884,0.9513953882574175
1885,0.9514272835726993
1886,0.9515063481485955
1887,0.9515761426864167
1888,0.9516574052481747
1889,0.9517144760910882
1890,0.9517943212772886
1891,0.9518603797363558
1892,0.9519359028394208
1893,0.9520062970257466
1894,0.9520419519572257
1895,0.9521335628710769
1896,0.9522234425078917
1897,0.9522930252657946
1898,0.9523857370955183
1899,0.9524803264916322
1900,0.9525666359441398
1901,0.9526640705676019
1902,0.9527449861641978
1903,0.9528335693913638
1904,0.952927036510474
1905,0.9530125511784133
1906,0.9530912814642069
1907,0.9531844714339738
1908,0.9532761675874992
1909,0.9533669588023918
1910,0.9534551232523035
1911,0.9535413510914206
1912,0.9536281787241268
1913,0.9537121427229918
1914,0.9537094048579181
1915,0.9537834842507527
1916,0.9537770536054219
1917,0.9538760641014127
1918,0.9539611612137323
1919,0.9540594106497554
1920,0.9541385882008303
1921,0.9542314515482226
1922,0.9543194969006749
1923,0.9543853347561414
1924,0.9544717619925347
1925,0.9545738786420186
1926,0.9546637055296529
1927,0.9547665082477228
1928,0.9548641495749628
1929,0.9549593319870562
1930,0.955054093447594
1931,0.9551283727354372
1932,0.9552337819737248
1933,0.9553348939662923
1934,0.955418045485561
1935,0.9555059683980179
1936,0.9555763080848904
1937,0.9556771274221996
1938,0.9557666765187669
1939,0.9558670108217615
1940,0.9559670208631891
1941,0.9560596118285857
1942,0.9561675633716661
1943,0.9562631719608922
1944,0.956329723305193
1945,0.9564456679151434
1946,0.9565336300790603
1947,0.9566513456913757
1948,0.9567681478478128
1949,0.9568872696647246
1950,0.95696009267706
1951,0.9570777407174589
1952,0.9571927227330068
1953,0.957281014618458
1954,0.9573984208032292
1955,0.9575170997534841
1956,0.9576285083415152
1957,0.9577361847894645
1958,0.9578423121501767
1959,0.9579616237907821
1960,0.958079138132122
1961,0.9581974749409116
1962,0.9583135007417403
1963,0.9584322922754326
1964,0.9585507791557875
1965,0.9586658201625698
1966,0.9587800475544476
1967,0.9588946485799545
1968,0.9590093142629342
1969,0.9591226883709033
1970,0.9592267386727986
1971,0.9593375920779271
1972,0.9594479553304759
1973,0.9595573939876513
1974,0.9596303857390893
1975,0.9597205936565799
1976,0.959817688452722
1977,0.9598917734018709
1978,0.9599976044427391
1979,0.9600725603075646
1980,0.9601691664707803
1981,0.9602669661741811
1982,0.9603633118968636
1983,0.9604612065934943
1984,0.9605585920580247
1985,0.9606522090371474
1986,0.9607504180885181
1987,0.9608472090814832
1988,0.9609407291336878
1989,0.9610348305401845
1990,0.961120357854338
1991,0.9612186363269961
1992,0.9613131847859868
1993,0.9614090681911519
1994,0.9614926515532083
1995,0.961585138249075
1996,0.9616742548724411
1997,0.9617626491905811
1998,0.9618517614570632
1999,0.9619392095305168
2000,0.961974435886635
2001,0.9620574553764503
2002,0.9621392293581464
2003,0.9622206886947369
2004,0.9623023585683119
2005,0.9623702028657073
2006,0.9624391572077006
2007,0.962520677308133
2008,0.9625935432129794
2009,0.962659352481748
2010,0.9627334151031643
2011,0.9628002500425185
2012,0.9628455757535483
2013,0.9629153760466528
2014,0.9629893410105188
2015,0.963035086765744
2016,0.9631044154374055
2017,0.9631737422793851
2018,0.9632404903228018
2019,0.9633053926898485
2020,0.9633701100807226
2021,0.9634368716625518
2022,0.9634997674552296
2023,0.9635665883217318
2024,0.963633399474137
2025,0.963687477868567
2026,0.9637405004255961
2027,0.9638065928271394
2028,0.9638226702732843
2029,0.963895074916379
2030,0.9639668680981138
2031,0.9640209331829941
2032,0.964090168803249
2033,0.9641549508379281
2034,0.964223440434063
2035,0.9642920381888715
2036,0.9643536653460302
2037,0.9644196861472155
2038,0.9644753917662096
2039,0.9645343344581391
2040,0.9645989626107613
2041,0.9646544200997585
2042,0.9647122644807811
2043,0.9647376030338622
2044,0.9647929722542208
2045,0.9648394477141773
2046,0.9648946871190286
2047,0.9649516882867895
2048,0.9650092939596818
2049,0.9650687672678084
2050,0.9651201348010464
2051,0.9651739375896887
2052,0.9652234167396186
2053,0.9652699011516359
2054,0.9652527578085274
2055,0.9653048219889747
2056,0.9653538285294297
2057,0.9654050231652231
2058,0.9654343608122048
2059,0.9654876407954774
2060,0.9655357481591804
2061,0.9655785808678891
2062,0.9656084629563612
2063,0.9656629572968783
2064,0.9657159122392995
2065,0.9657700149743915
2066,0.9658244779617737
2067,0.965868847866383
2068,0.9659214964894468
2069,0.965970320272641
2070,0.9660217597581057
2071,0.966072875081518
2072,0.966111402504359
2073,0.9661372899083561
2074,0.9661930597138404
2075,0.9662486666260408
2076,0.9662936149945524
2077,0.9663505635655902
2078,0.9664070012121633
2079,0.966430793609229
2080,0.9664852090243826
2081,0.9665428624612304
2082,0.9665997397522437
2083,0.9666498767846109
2084,0.9667086757490403
2085,0.9667567651117582
2086,0.9668071770092332
2087,0.9668628869861261
2088,0.9669175797467371
2089,0.9669715595222241
2090,0.9670249920026183
2091,0.9670794948144225
2092,0.9671296305266308
2093,0.96718269032451
2094,0.9672286539290573
2095,0.9672800095366291
2096,0.9673247356245578
2097,0.967366910510759
2098,0.9674121342390187
2099,0.9674399300103502
2100,0.967469581240657
2101,0.967517699483119
2102,0.9675472087057994
2103,0.9675953029257089
2104,0.9676402134811641
2105,0.96769007364624
2106,0.9677390880892185
2107,0.967771461241233
2108,0.9678135793213669
2109,0.9678597468085377
2110,0.9679090424082119
2111,0.9679566105525583
2112,0.9680025059323853
2113,0.9680422835115122
2114,0.968088163653812
2115,0.9681314747580401
2116,0.9681767670706865
2117,0.9682219641795852
2118,0.9682667073639066
2119,0.968310622923878
2120,0.9683488552393543
2121,0.9683885940258936
2122,0.9684307747385053
2123,0.9684694577386233
2124,0.9685120137912216
2125,0.9685544928306379
2126,0.9685961000395641
2127,0.9685976859947635
2128,0.9686359127849437
2129,0.9686734849774644
2130,0.9687021467861041
2131,0.9687396477577299
2132,0.9687327506796833
2133,0.9687673480495081
2134,0.9688012296375969
2135,0.9688326838912231
2136,0.9688677848425382
2137,0.9689024877632264
2138,0.9689309839428432
2139,0.9689639083841451
2140,0.9689839906338615
2141,0.969016511672417
2142,0.969048650339941
2143,0.9690237227166513
2144,0.9690519528233511
2145,0.9690788819246695
2146,0.9691065795281832
2147,0.9691322764830969
2148,0.9691557585658065
2149,0.9691857459711994
2150,0.9692159928208631
2151,0.9692464006557482
2152,0.9692716646519177
2153,0.9692973788575585
2154,0.9693209763147447
2155,0.9693512698272595
2156,0.9693784165407833
2157,0.9694071338127366
2158,0.9694333706364322
2159,0.9694592594931293
2160,0.9694860185151586
2161,0.9695149816593585
2162,0.9695405802710322
2163,0.9695576452594497
2164,0.9695836866830638
2165,0.9696093689262187
2166,0.9696250448817478
2167,0.9695924765886754
2168,0.9695995029471806
2169,0.9696231646770279
2170,0.9696483359247969
2171,0.9696718758437022
2172,0.9696933360122619
2173,0.9697219352987018
2174,0.9697423876968055
2175,0.9697709444231482
2176,0.969800303801782
2177,0.9698272510469534
2178,0.9698534614926088
2179,0.9698782657943753
2180,0.9699054997530858
2181,0.9698989734017275
2182,0.9699242930273543
2183,0.9699287927775624
2184,0.9699505495871271
2185,0.9699602192714305
2186,0.9699894989963015
2187,0.9700187642864659
2188,0.9700471440261608
2189,0.9700457861841708
2190,0.9700706011079684
2191,0.9700930714781962
2192,0.9701149744388913
2193,0.9701367590661626
2194,0.9701645442695452
2195,0.9701917997708203
2196,0.9701985632889012
2197,0.9702275302158812
2198,0.9702564633070395
2199,0.9702853059326734
2200,0.9703109465384804
2201,0.9703392624484426
2202,0.9703691269904293
2203,0.9703987720907096
2204,0.9704250353024525
2205,0.9704445756843397
2206,0.9704724763384719
2207,0.9704999332184221
2208,0.9705264446629864
2209,0.9705510296798853
2210,0.9705777955147253
2211,0.9706000997000005
2212,0.9706191859229201
2213,0.9706322649996062
2214,0.970633675244634
2215,0.9706534615054229
2216,0.9706776141909746
2217,0.9707016792869936
2218,0.9707257417333663
2219,0.9707478129981266
2220,0.9707595970329639
2221,0.9707848337585961
2222,0.9708072594479416
2223,0.9708328488723039
2224,0.970855395174685
2225,0.9708750785926811
2226,0.970901255283641
2227,0.9709274859790724
2228,0.9709508427979029
2229,0.9709422339393767
2230,0.9709655222109151
2231,0.9709872111483527
2232,0.9710045067835023
2233,0.9710195759089089
2234,0.9710260599029852
2235,0.9710455411446204
2236,0.9710642491084078
2237,0.9710893760752488
2238,0.9711144710824212
2239,0.9711354118023724
2240,0.971160812759505
2241,0.9711750287599955
2242,0.9711966484156613
2243,0.9712112207595912
2244,0.9712303606651819
2245,0.9712535286647218
2246,0.9712768462296917
2247,0.9712881958795311
2248,0.9713120757516792
2249,0.9713390121587114
2250,0.971355479898071
2251,0.9713758741445321
2252,0.9714024905105275
2253,0.97142514854318
2254,0.9714180743661984
2255,0.9714374299398869
2256,0.9714569106866952
2257,0.9714832931204213
2258,0.9715097603313841
2259,0.9715276980467872
2260,0.9715510453307873
2261,0.9715439747323273
2262,0.9715683773228421
2263,0.9715957616045308
2264,0.9716232820511389
2265,0.97164871081453
2266,0.9716707721160497
2267,0.9716940141795996
2268,0.9717198824224613
2269,0.9717268922393558
2270,0.9717534100335746
2271,0.9717791758536731
2272,0.9718002451601402
2273,0.97182460497405
2274,0.9718453659161633
2275,0.971871497715753
2276,0.9718434004819065
2277,0.9718634376860772
2278,0.9718679826394684
2279,0.9718946517084802
2280,0.9719011069303277
2281,0.9719194063418056
2282,0.9719478141678488
2283,0.9719670760951005
2284,0.9719936261150401
2285,0.9720188090528157
2286,0.9720441798049686
2287,0.972066576896072
2288,0.9720575311150723
2289,0.9720746217508136
2290,0.9720847442851608
2291,0.9721073200541949
2292,0.972121903819826
2293,0.9721347345375395
2294,0.9721564517909803
2295,0.9721692595194867
2296,0.9721845872400963
2297,0.9721624155628614
2298,0.9721793106104194
2299,0.9721981714011195
2300,0.9722180374313001
2301,0.9722373632818683
2302,0.972254078118008
2303,0.9722323514664463
2304,0.9722543935737966
2305,0.9722759640501094
2306,0.9722976456479004
2307,0.9722955807110194
2308,0.972317056681208
2309,0.972326951019336
2310,0.9723467937152067
2311,0.9723620821021509
2312,0.9723810739033334
2313,0.9723878804238524
2314,0.9724065013338768
2315,0.9724230917360438
2316,0.9724401611230232
2317,0.9724580072066145
2318,0.9724747123229617
2319,0.9724604701962556
2320,0.9724769117195322
2321,0.9724921041776148
2322,0.9724978124771132
2323,0.9725046338195538
2324,0.972519695882148
2325,0.9725036702610143
2326,0.9725178126532246
2327,0.9725071056646278
2328,0.9725099324772475
2329,0.9725258700177397
2330,0.9725350998810959
2331,0.9725468540961529
2332,0.9725503906183238
2333,0.9725665355694351
2334,0.9725832016636955
2335,0.9725989235206426
2336,0.9726156229522023
2337,0.9725847196767221
2338,0.9725950678562658
2339,0.97260239099277
2340,0.9726116457651928
2341,0.9726112558672572
2342,0.9726242849419617
2343,0.9726148837035045
2344,0.9726289584817334
2345,0.9726384861406071
2346,0.9726477155951878
2347,0.9726618795408293
2348,0.9726740214760822
2349,0.972674009662859
2350,0.9726837957894529
2351,0.9726940872670531
2352,0.9727042961596629
2353,0.9727170373494615
2354,0.9727293276490466
2355,0.9727349409867494
2356,0.9727226522193446
2357,0.9727365214718735
2358,0.9727496394771099
2359,0.9727539130001368
2360,0.9727514873193397
2361,0.972748379690074
2362,0.9727553470410834
2363,0.9727671442360202
2364,0.972777691212587
2365,0.9727508077906771
2366,0.9727479412836871
2367,0.972750129135715
2368,0.9727594274001474
2369,0.9727657063603197
2370,0.9727717900179512
2371,0.9727758077474147
2372,0.9727860957797931
2373,0.9727966039401381
2374,0.9727913141650604
2375,0.9728007398238431
2376,0.9727790515191354
2377,0.9727881398454941
2378,0.9727967265850913
2379,0.9728076949742545
2380,0.9728187046710044
2381,0.9728295131794571
2382,0.9728363673813025
2383,0.9728351668852218
2384,0.9728454871017681
2385,0.9728538009293113
2386,0.9728634694715084
2387,0.9728618219454853
2388,0.9728708773985099
2389,0.9728746247088582
2390,0.9728860018617114
2391,0.9728774898234829
2392,0.9728862379626492
2393,0.9728841373559367
2394,0.9728958935763822
2395,0.9729047061877727
2396,0.9729110395885124
2397,0.9729236591329834
2398,0.972937116364573
2399,0.97294893417641
2400,0.9729602355327712
2401,0.9729730375996787
2402,0.9729804156174833
2403,0.97299289457291
2404,0.9730038570864051
2405,0.9730138117712492
2406,0.9730139661230902
2407,0.9730276651935741
2408,0.973041584257106
2409,0.9730270593062424
2410,0.9730415565381446
2411,0.9730537447215566
2412,0.9730546152722702
2413,0.9730556475298052
2414,0.9730618295733638
2415,0.9730707993096951
2416,0.9730755778726612
2417,0.9730888337136638
2418,0.9731031736991471
2419,0.9731166521762749
2420,0.9731050584663303
2421,0.9731049582600321
2422,0.9731227541640483
2423,0.9731260195147962
2424,0.9731426052503781
2425,0.9731598033634705
2426,0.9731688790976682
2427,0.9731591745504854
2428,0.9731734762461396
2429,0.9731892854936741
2430,0.9731851912632146
2431,0.9731889098546682
2432,0.9731977241244912
2433,0.9732080988991403
2434,0.9732234183733783
2435,0.9732387226305603
2436,0.9732501538987945
2437,0.9732617934313965
2438,0.9732774554615554
2439,0.9732872850635742
2440,0.9733029601765897
2441,0.9733185276483753
2442,0.9733318001612146
2443,0.9733429245024936
2444,0.9733549644144748
2445,0.9733658717338949
2446,0.9733418455081762
2447,0.9733550884665851
2448,0.9733681816379482
2449,0.973378270197221
2450,0.9733875141633842
2451,0.9733996595740757
2452,0.9734125600970693
2453,0.97342405133972
2454,0.9734344218890154
2455,0.973447519825062
2456,0.9734611704429038
2457,0.9734686668427042
2458,0.9734804920863498
2459,0.9734775545555162
2460,0.9734740762676148
2461,0.9734819986693696
2462,0.9734898319826839
2463,0.9735061821002896
2464,0.9735162114290615
2465,0.9735312000127745
2466,0.9735460162720855
2467,0.9735629935199968
2468,0.9735701522713077
2469,0.9735842078669437
2470,0.9736008431896709
2471,0.973616774258009
2472,0.9736329944923359
2473,0.9736490572803493
2474,0.9736634319578245
2475,0.9736763982604275
2476,0.9736931727484275
2477,0.9736902528529866
2478,0.9737075393966191
2479,0.9737213124353071
2480,0.9737383282148916
2481,0.9737365130540683
2482,0.9737496231596889
2483,0.9737658667793669
2484,0.9737824465380518
2485,0.9737990157968963
2486,0.9738155870470363
2487,0.9738319628579261
2488,0.9738438442533452
2489,0.973848653367711
2490,0.9738639681518608
2491,0.9738750271825228
2492,0.9738879841438776
2493,0.9738993761551321
2494,0.9739118317842833
2495,0.9739197325084659
2496,0.9739069752582246
2497,0.9739205502222898
2498,0.9739112526312784
2499,0.9739247192725536
2500,0.9739304966300273
2501,0.9739425656997275
2502,0.9739558902839962
2503,0.9739634835509378
2504,0.9739751105584068
2505,0.9739794548893169
2506,0.9739868132903319
2507,0.9739857317636093
2508,0.9739962226775549
2509,0.9740025616560269
2510,0.9740132352792437
2511,0.9740228783133592
2512,0.9740177991752111
2513,0.974027927704509
2514,0.9740344145176284
2515,0.9740443550745701
2516,0.9740531111813411
2517,0.9740633517038152
2518,0.9740619310343778
2519,0.9740696114912661
2520,0.9740654745063897
2521,0.9740754814608962
2522,0.9740680655780295
2523,0.9740774671390876
2524,0.974071919982103
2525,0.9740624335000257
2526,0.974069023629456
2527,0.9740782635481887
2528,0.9740870653096146
2529,0.9740896484572442
2530,0.974097505863533
2531,0.9740990880031094
2532,0.9741059014023443
2533,0.9741139197053946
2534,0.974122109117299
2535,0.974130420479447
2536,0.9741325251711576
2537,0.9741373905212858
2538,0.9741336020477872
2539,0.9741400811640808
2540,0.974146222511689
2541,0.9741530961503989
2542,0.9741601748838974
2543,0.974167947644907
2544,0.9741724166411906
2545,0.9741803199362338
2546,0.974187355662265
2547,0.9741951177477327
2548,0.9741812965419974
2549,0.9741748653855309
2550,0.974181265790879
2551,0.9741761622000262
2552,0.9741845555378816
2553,0.9741923232832422
2554,0.9741806296539721
2555,0.9741888159419332
2556,0.9741974578178129
2557,0.9741862326506436
2558,0.9741920083993199
2559,0.974190276909535
2560,0.9741872142122611
2561,0.9741948873000541
2562,0.9742032827592159
2563,0.9742019674455317
2564,0.9741946835913717
2565,0.9741949440393446
2566,0.9741982369418339
2567,0.9742052347879494
2568,0.9742112401937316
2569,0.9742033505148212
2570,0.9742096065172322
2571,0.9741899912802965
2572,0.9741943525600449
2573,0.9741892685906057
2574,0.9741951628706803
2575,0.9742012986380666
2576,0.9742064649325894
2577,0.9742097076894454
2578,0.9742119768479302
2579,0.9742097490090622
2580,0.9742057250217389
2581,0.9742072460166348
2582,0.9742080305134033
2583,0.9742137815937727
2584,0.974218751826099
2585,0.974223074486543
2586,0.9742231197318056
2587,0.9742282834856909
2588,0.9742228818492833
2589,0.9742270826079522
2590,0.9742295742665694
2591,0.9742312526471624
2592,0.9742119382040133
2593,0.974214874834228
2594,0.9742161536922458
2595,0.9742083589094416
2596,0.9742098775066119
2597,0.9742062302495105
2598,0.9742099293374399
2599,0.9741972646064068
2600,0.9741960431658622
2601,0.9741992933810847
2602,0.9741932742520554
2603,0.9741974604762309
2604,0.9742013328959507
2605,0.9741980351888179
2606,0.974198453860121
2607,0.974198253920575
2608,0.9742024663390041
2609,0.9742029996193976
2610,0.9741992334116362
2611,0.9741910645849725
2612,0.9741921318478076
2613,0.974195345796317
2614,0.9741996055170294
2615,0.9741887900059393
2616,0.9741923031911756
2617,0.9741978273584422
2618,0.9741985733263516
2619,0.974201406214253
2620,0.974192532931863
2621,0.974195683190784
2622,0.9741990165801047
2623,0.9741920030822083
2624,0.9741966255379821
2625,0.9742003717402994
2626,0.9742053815632447
2627,0.9742007931485942
2628,0.9741942765547545
2629,0.9741958700752643
2630,0.9742004414510513
2631,0.9742049117752614
2632,0.9742052987984715
2633,0.9742100843415494
2634,0.9742148572941798
2635,0.9742126942258758
2636,0.9742094654901989
2637,0.9742133197512785
2638,0.9742174851105438
2639,0.9742193023373108
2640,0.9742221235627131
2641,0.9742244129483094
2642,0.9742285665035846
2643,0.9742287238216766
2644,0.9742292231588936
2645,0.9742229268690457
2646,0.97422715094814
2647,0.9742175875461027
2648,0.974220501560123
2649,0.9742239570938289
2650,0.9741991146065115
2651,0.9741977155006806
2652,0.974185069519573
2653,0.9741805073439239
2654,0.9741814439635622
2655,0.9741854118036303
2656,0.9741880379374717
2657,0.9741916354935244
2658,0.974191837784793
2659,0.9741960152529298
2660,0.9741990715069003
2661,0.974198912702616
2662,0.9742013457097118
2663,0.9742055162808941
2664,0.9742011864458281
2665,0.9742055564726998
2666,0.97421050124524
2667,0.9742150130385353
2668,0.9742199576872674
2669,0.9742251688840042
2670,0.9742286970191768
2671,0.974231372583939
2672,0.9742258749284862
2673,0.9742299209781762
2674,0.9742334418305185
2675,0.9742380977650039
2676,0.9742421005500214
2677,0.974234286965813
2678,0.974237147538754
2679,0.9742273847439045
2680,0.9742308151218129
2681,0.9742274514284168
2682,0.9742315931511443
2683,0.9742306405199788
2684,0.9742328135929305
2685,0.9742273532523166
2686,0.9742317473089543
2687,0.9742226006697023
2688,0.9742274172496114
2689,0.9742238348366136
2690,0.9742122986792626
2691,0.974210437939983
2692,0.9742114837402751
2693,0.974217250680253
2694,0.974222593589184
2695,0.9742183413842309
2696,0.9742189445014212
2697,0.9742227148974789
2698,0.974227614451384
2699,0.9742316994602742
2700,0.974233613538219
2701,0.9742347980286368
2702,0.974234515118948
2703,0.9742359407575923
2704,0.9742336154938374
2705,0.9742379739851321
2706,0.9742425533750901
2707,0.9742462413760438
2708,0.9742138291932795
2709,0.9742184975103825
2710,0.9742236903294262
2711,0.9742289174620329
2712,0.9742313814585384
2713,0.974236428730101
2714,0.9742360118008668
2715,0.9742413267234203
2716,0.9742466224861486
2717,0.974251825696354
2718,0.9742569042574523
2719,0.9742564855861899
2720,0.9742565453539815
2721,0.9742615463973452
2722,0.9742582058807074
2723,0.9742499504254958
2724,0.9742549950414559
2725,0.9742589726562575
2726,0.9742639332735596
2727,0.9742661078050501
2728,0.9742717824758935
2729,0.9742605960706465
2730,0.97425911455202
2731,0.9742589948460344
2732,0.9742577481771809
2733,0.9742490229128558
2734,0.9742540614305426
2735,0.9742599515326241
2736,0.9742653113662243
2737,0.9742676985859098
2738,0.9742738115535959
2739,0.974250494213015
2740,0.9742462944588809
2741,0.9742486529828871
2742,0.9742517965021468
2743,0.974254352292788
2744,0.9742462372949442
2745,0.9742467767802886
2746,0.9742455468200958
2747,0.9742452553315594
2748,0.9742496027447543
2749,0.9742547856082223
2750,0.974257010352862
2751,0.9742611395814136
2752,0.9742655958882609
2753,0.9742594232810762
2754,0.9742647488458727
2755,0.9742641649313685
2756,0.9742633472183522
2757,0.9742665301300588
2758,0.9742710977143088
2759,0.9742732508135717
2760,0.9742742381846853
2761,0.9742771547764203
2762,0.9742709193800281
2763,0.974275234292586
2764,0.9742765372275967
2765,0.9742807100930571
2766,0.9742842376248705
2767,0.9742755415449387
2768,0.974266382832156
2769,0.9742683071025149
2770,0.9742704612979776
2771,0.9742707333620344
2772,0.9742737588841706
2773,0.9742783411619845
2774,0.9742830835793052
2775,0.9742872878438539
2776,0.9742589262114653
2777,0.9742615051902737
2778,0.9742649159413992
2779,0.9742679355891226
2780,0.9742679270674718
2781,0.9742611485670105
2782,0.9742635166088728
2783,0.9742662791749173
2784,0.974264591843505
2785,0.9742675393009316
2786,0.9742711824845163
2787,0.9742748833897172
2788,0.9742785971984389
2789,0.9742810733856282
2790,0.9742842036832943
2791,0.9742773814015144
2792,0.9742809827665877
2793,0.9742821737659266
2794,0.9742849986029369
2795,0.9742828113854283
2796,0.9742840479316451
2797,0.9742858508692118
2798,0.9742890620715091
2799,0.9742907243906166
2800,0.9742924644620302
2801,0.9742957280381728
2802,0.9742944680619664
2803,0.9742938666724539
2804,0.9742930598728445
2805,0.9742934489817312
2806,0.9742968221360041
2807,0.9742858941576915
2808,0.9742732281287563
2809,0.9742762302245297
2810,0.9742717259369602
2811,0.9742739237750622
2812,0.9742773445477135
2813,0.9742806692134077
2814,0.9742836496411204
2815,0.9742877611913972
2816,0.974290844597804
2817,0.9742861285401353
2818,0.9742875161483631
2819,0.9742889267115006
2820,0.9742894694148996
2821,0.9742835083065665
2822,0.9742872934396986
2823,0.9742891492716806
2824,0.9742889821499328
2825,0.9742933200975621
2826,0.9742976549954177
2827,0.9742857245828315
2828,0.9742719843268939
2829,0.9742638302833667
2830,0.9742384399369269
2831,0.9742384686912933
2832,0.9742372129824827
2833,0.9742358597249373
2834,0.9742350143350236
2835,0.974237031183501
2836,0.9742402735847193
2837,0.9742418928523797
2838,0.9742446964104654
2839,0.9742408119993511
2840,0.9742436265196966
2841,0.9742464326169111
2842,0.9742434259559882
2843,0.9742443403842204
2844,0.974244194872408
2845,0.9742449461086149
2846,0.9742430577352372
2847,0.9742446085713415
2848,0.9742460038885948
2849,0.9742458326227178
2850,0.9742439349053891
2851,0.9742465274509742
2852,0.9742393782702422
2853,0.9742328122719807
2854,0.9742346267224149
2855,0.9742340776017637
2856,0.974224577908864
2857,0.9742266038309224
2858,0.974228507250796
2859,0.9742301318052939
2860,0.9742290044137798
2861,0.9742221570541123
2862,0.9742225331759895
2863,0.9742224463214516
2864,0.9741817875396925
2865,0.9741789215669442
2866,0.9741745147900273
2867,0.9741754758967717
2868,0.974166664115043
2869,0.974168624838459
2870,0.9741689300867882
2871,0.9741564213780586
2872,0.97415684704418
2873,0.9741544629414562
2874,0.974141769794616
2875,0.9741444709682356
2876,0.974125889449898
2877,0.9741219461694801
2878,0.9741243920883846
2879,0.974125300586996
2880,0.9741281598364481
2881,0.9741312602436969
2882,0.9741308824581473
2883,0.9741314266988972
2884,0.974128383037734
2885,0.9741314172170602
2886,0.9741339022875248
2887,0.9741354830195333
2888,0.9741382033509665
2889,0.9741405232486835
2890,0.9741430954707293
2891,0.9741434739090428
2892,0.9741456195180707
2893,0.9741486643347522
2894,0.9741500730303133
2895,0.9741516151681757
2896,0.9741489990576016
2897,0.9741478431877482
2898,0.9741511260754857
2899,0.9741515619444017
2900,0.9741517875403913
2901,0.9741539910417534
2902,0.9741493489249868
2903,0.9741479775184207
2904,0.9741504693344923
2905,0.9741535445693763
2906,0.974157217011394
2907,0.9741545948117497
2908,0.9741580333218236
2909,0.9741556933628526
2910,0.9741578130094958
2911,0.9741605735673375
2912,0.974147628509136
2913,0.9741509103076216
2914,0.9741332221264606
2915,0.9741362194395105
2916,0.9741223143910549
2917,0.9741139350917456
2918,0.9741013521307118
2919,0.9740998452734367
2920,0.9740985981704333
2921,0.9740992569907819
2922,0.9741017024987544
2923,0.9740978647847414
2924,0.9740992797877064
2925,0.9741006471371457
2926,0.9740998956709886
2927,0.9740997501713151
2928,0.9741021627681743
2929,0.9740975792420111
2930,0.9741003585141894
2931,0.9741013781538443
2932,0.9741009329642002
2933,0.9740974217641862
2934,0.9740949465298212
2935,0.9740954518626325
2936,0.9740666531553954
2937,0.9740571621908578
2938,0.9740513561701303
2939,0.9740542324006016
2940,0.9740555935429478
2941,0.9740466778644843
2942,0.9740424145204801
2943,0.9740454423189095
2944,0.9740482311385734
2945,0.9740513000518165
2946,0.9740540817012786
2947,0.9740452874829144
2948,0.9740470934234338
2949,0.974047176762667
2950,0.974043295920043
2951,0.974040182700057
2952,0.9740399422754585
2953,0.9740421089475031
2954,0.9740181245014301
2955,0.9740023176487372
2956,0.9740016078287246
2957,0.9740036604936397
2958,0.974006964147628
2959,0.9740101181378777
2960,0.9739960846608374
2961,0.9739926368555266
2962,0.973995854292223
2963,0.9739985267020391
2964,0.9739996577835124
2965,0.9740029295670833
2966,0.9739958598152889
2967,0.9739902070414289
2968,0.9739918197618532
2969,0.9739765071929974
2970,0.9739795642100546
2971,0.9739775992593281
2972,0.9739804668961082
2973,0.9739833398602716
2974,0.9739849869088317
2975,0.9739878451785283
2976,0.9739902169224545
2977,0.9739907883178109
2978,0.973993803523618
2979,0.9739955152634899
2980,0.973974866744499
2981,0.9739776050562781
2982,0.973969416998913
2983,0.9739718099875563
2984,0.9739739217898815
2985,0.9739694139869551
2986,0.9739714315619116
2987,0.9739739171941667
2988,0.973965156976611
2989,0.973967303280949
2990,0.9739609222450912
2991,0.9739610875568772
2992,0.9739511606406609
2993,0.9739530005966572
2994,0.973929431219108
2995,0.9739300994583563
2996,0.9739294255533985
2997,0.9739252646464958
2998,0.9739029599307173
2999,0.973901315138791
3000,0.9739023657001384
3001,0.9738967058553659
3002,0.9738957447341426
3003,0.9738797668616846
3004,0.9738710019862528
3005,0.973871950116544
3006,0.9738723809232686
3007,0.9738576460409042
3008,0.9738539674173591
3009,0.9738551054400058
3010,0.9738539058850745
3011,0.9738306462303004
3012,0.973831249380974
3013,0.9738316892678063
3014,0.9738326987247735
3015,0.9738293183810851
3016,0.973829111484972
3017,0.973828660845171
3018,0.9738246704062404
3019,0.9738249376243964
3020,0.9738087217003704
3021,0.9738039161206993
3022,0.9737951473649583
3023,0.9737954797624939
3024,0.9737943578812414
3025,0.973795481672451
3026,0.973796687045147
3027,0.9737953497976634
3028,0.9737890654963386
3029,0.9737876223671766
3030,0.9737885977544689
3031,0.9737899392335858
3032,0.9737897159927665
3033,0.973784993873814
3034,0.973785772181887
3035,0.97378173318292
3036,0.9737818244089345
3037,0.9737828971328254
3038,0.9737840727609856
3039,0.9737825807124559
3040,0.9737838761404298
3041,0.973778018249932
3042,0.9737791466641487
3043,0.9737772390091629
3044,0.973777642675629
3045,0.973778731307006
3046,0.9737795661804289
3047,0.9737797498019086
3048,0.9737797014051061
3049,0.9737772783841113
3050,0.9737693449184339
3051,0.9737657932500614
3052,0.9737632318349642
3053,0.973761003469455
3054,0.9737620525233387
3055,0.9737623898818524
3056,0.9737583721197691
3057,0.9737589308036115
3058,0.973759427444561
3059,0.9737590925567637
3060,0.9737602130181343
3061,0.9737554007180348
3062,0.9737564889607745
3063,0.9737311146413765
3064,0.9737319499555814
3065,0.9737326765310539
3066,0.9737336981023367
3067,0.9737343614745028
3068,0.9737344186749739
3069,0.9737165043323485
3070,0.9737144705276959
3071,0.9737119207432735
3072,0.9737124169460074
3073,0.9737031642928424
3074,0.9737012958681047
3075,0.973694937075099
3076,0.9736927542144294
3077,0.9736935096577651
3078,0.9736822072677032
3079,0.9736768330725086
3080,0.9736729330337793
3081,0.9736731033420891
3082,0.9736692595111696
3083,0.9736700806395604
3084,0.973670185378887
3085,0.9736705506521203
3086,0.9736692108049856
3087,0.9736650127408761
3088,0.9736631100821863
3089,0.9736643206742506
3090,0.973661383243947
3091,0.9736557516264297
3092,0.9736551786406212
3093,0.9736523357101073
3094,0.9736510411900268
3095,0.9736375720074355
3096,0.9736334472233883
3097,0.9736266724609631
3098,0.9736259723476834
3099,0.9736093177005705
3100,0.9736084562135713
3101,0.9736051339790254
3102,0.973604959520313
3103,0.9736030355766934
3104,0.9735988729092615
3105,0.9735995643698211
3106,0.9736002418677145
3107,0.9735983106958243
3108,0.9735988285627757
3109,0.973592781638384
3110,0.9735909714316261
3111,0.9735914772728355
3112,0.9735857169766308
3113,0.9735749968648106
3114,0.9735727804247627
3115,0.9735728354142976
3116,0.9735707493803173
3117,0.9735694536647558
3118,0.9735698410229816
3119,0.9735676653543411
3120,0.9735619848383025
3121,0.9735620493155218
3122,0.9735624478332289
3123,0.9735608612665398
3124,0.9735599914239444
3125,0.9735601619125132
3126,0.9735591844029255
3127,0.9735596082659294
3128,0.9735592149157163
3129,0.9735575830942232
3130,0.9735573629335309
3131,0.9735557455503694
3132,0.9735544062891076
3133,0.9735548004184511
3134,0.973553743891155
3135,0.973553177303202
3136,0.9735486747848093
3137,0.973542224064284
3138,0.9735376895864248
3139,0.9735367583464563
3140,0.9735204019242416
3141,0.9735205490590196
3142,0.9734817646299686
3143,0.9734817172202453
3144,0.9734815247327901
3145,0.9734810664990873
3146,0.9734805487227987
3147,0.9734775908054588
3148,0.9734776513266535
3149,0.9734642426482516
3150,0.9734640069533169
3151,0.9734636942343623
3152,0.9734604460335117
3153,0.9734596949141522
3154,0.973459689401918
3155,0.9734583065690569
3156,0.9734560033650232
3157,0.9734258574919861
3158,0.9734256358713885
3159,0.9734170822153889
3160,0.973415242260532
3161,0.9734153199073569
3162,0.9734140533280096
3163,0.9734127346792077
3164,0.9734107585270056
3165,0.973409177285812
3166,0.9734086831553895
3167,0.9734056891455015
3168,0.9734042704380123
3169,0.9734010248735258
3170,0.9733955019226612
3171,0.9733907332007595
3172,0.9733887421447018
3173,0.9733846829794407
3174,0.9733847318691026
3175,0.9733821438209431
3176,0.9733696166805917
3177,0.9733664490778708
3178,0.9733663508046093
3179,0.9733646633174081
3180,0.9733640406281776
3181,0.9733602054359608
3182,0.9733512270805171
3183,0.9733493683609079
3184,0.973348062605298
3185,0.9733460620787484
3186,0.9733386495883917
3187,0.9733349932850073
3188,0.9733331553098632
3189,0.9733329162984562
3190,0.9733257569297614
3191,0.9733180136736219
3192,0.9733158142459734
3193,0.9733162188357876
3194,0.9733111903386378
3195,0.9733117050465169
3196,0.9733073392073399
3197,0.9733011171622619
3198,0.9733015632007304
3199,0.9732975321516331
3200,0.9732974173853197
3201,0.9732967387154219
3202,0.9732914133720723
3203,0.9732915916232875
3204,0.973286775552689
3205,0.9732863384944013
3206,0.9732863345719095
3207,0.9732856882759491
3208,0.9732855758025443
3209,0.973281391148183
3210,0.9732805770501594
3211,0.9732808972362247
3212,0.973281229974093
3213,0.9732793532788283
3214,0.9732755370705345
3215,0.9732713803542062
3216,0.9732706702689861
3217,0.9732640669944842
3218,0.9732580999805918
3219,0.9732372669324415
3220,0.973233081072677
3221,0.9732245204292415
3222,0.9732245472441694
3223,0.9732135381637076
3224,0.9732000109541286
3225,0.9731998957775012
3226,0.973198771369895
3227,0.9731957465140749
3228,0.973196017844529
3229,0.9731945957138582
3230,0.9731864630189624
3231,0.973186063558667
3232,0.9731766779603795
3233,0.9731724207758317
3234,0.9731694338513334
3235,0.9731688502243453
3236,0.9731678035841655
3237,0.9731628762435575
3238,0.9731606701386287
3239,0.9731572589134092
3240,0.9731521716935541
3241,0.9731470275286441
3242,0.9731443472329783
3243,0.9731441924229398
3244,0.9731440294793055
3245,0.9731431167623166
3246,0.9731427160588182
3247,0.9731400733402806
3248,0.9731330110257767
3249,0.9731299146236573
3250,0.9731299087098267
3251,0.9731244131026561
3252,0.9731245322221542
3253,0.9731168169863447
3254,0.9731129642833343
3255,0.9731126117732364
3256,0.9731122153263144
3257,0.9731107609966396
3258,0.9730994951503378
3259,0.9730966093924045
3260,0.9730963419699911
3261,0.973096420077072
3262,0.9730918859812921
3263,0.9730915599119498
3264,0.9730807490816812
3265,0.9730799660099895
3266,0.9730793763541825
3267,0.9730490415122116
3268,0.9730492796048392
3269,0.9730491835436594
3270,0.9730468731946038
3271,0.9730421432958855
3272,0.9730420179766431
3273,0.9730421854494201
3274,0.9730419533116829
3275,0.97302763281203
3276,0.973023073395467
3277,0.9730195519135496
3278,0.9730022812661185
3279,0.9730006659290127
3280,0.973000771089542
3281,0.9729885724066382
3282,0.9729865044921511
3283,0.9729858525331583
3284,0.9729790988059132
3285,0.972977461054373
3286,0.9729735343669075
3287,0.9729667252555841
3288,0.9729622631231993
3289,0.9729621112723883
3290,0.9729584989795662
3291,0.9729588926338668
3292,0.9729590572841896
3293,0.9729587089119488
3294,0.9729578820473488
3295,0.9729571623646995
3296,0.9729560024144508
3297,0.9729556118764685
3298,0.9729560942605389
3299,0.9729558954431585
3300,0.972956284766191
3301,0.9729554224911744
3302,0.9729380642526426
3303,0.9729345825315515
3304,0.9729307596165588
3305,0.9728915116044192
3306,0.9728904226478179
3307,0.9728894530392
3308,0.9728873733864299
3309,0.9728834463640524
3310,0.9728827908694541
3311,0.9728819209137746
3312,0.9728801926137794
3313,0.9728801761436014
3314,0.9728801543113398
3315,0.9728752293065517
3316,0.9728721018671848
3317,0.9728720508869284
3318,0.9728703691159006
3319,0.9728649863406785
3320,0.9728624529327053
3321,0.9728522345173412
3322,0.9728519282178391
3323,0.9728518354308293
3324,0.9728492842821699
3325,0.9728458015075672
3326,0.9728454436634201
3327,0.9728439744033628
3328,0.9728439527925997
3329,0.9728422121895388
3330,0.9728419847909433
3331,0.9728419934767681
3332,0.97284200674979
3333,0.9728278835885947
3334,0.9728273576879323
3335,0.9728273926528029
3336,0.9728271760167685
3337,0.9728270355009812
3338,0.9728260537350307
3339,0.9728215752457738
3340,0.9728112123080207
3341,0.9728109383323618
3342,0.9728085846734841
3343,0.9727968527005062
3344,0.9727943092799378
3345,0.9727858795678683
3346,0.9727857986939737
3347,0.9727855878069747
3348,0.9727855220342033
3349,0.9727843349971927
3350,0.9727811630195222
3351,0.972781235063157
3352,0.9727805413690576
3353,0.9727777174752286
3354,0.9727752890782114
3355,0.9727749528561964
3356,0.9727459631477191
3357,0.9727447376508953
3358,0.9727439768402553
3359,0.9727402625284994
3360,0.972740445566241
3361,0.9727407655935265
3362,0.9727209653205051
3363,0.9727212056340642
3364,0.9727184099506534
3365,0.9727178723618349
3366,0.9727120445341408
3367,0.9727126333501691
3368,0.9727129783294095
3369,0.9727131510490162
3370,0.9727136514333083
3371,0.9727140364888855
3372,0.9727055049676767
3373,0.9726978368082392
3374,0.9726975128629028
3375,0.9726984643592478
3376,0.9726980941330168
3377,0.9726973525747585
3378,0.9726980637698575
3379,0.9726955599288352
3380,0.9726964123125008
3381,0.9726972537779025
3382,0.9726978200497556
3383,0.9726841045335417
3384,0.9726833346513138
3385,0.9726842508830539
3386,0.9726843243100752
3387,0.9726852081177212
3388,0.9726852186988915
3389,0.9726769217387843
3390,0.9726771252377141
3391,0.9726739674734066
3392,0.9726637937220616
3393,0.9726630187539609
3394,0.9726605767610024
3395,0.9726607826134696
3396,0.9726608179499846
3397,0.9726594301764884
3398,0.9726609733373303
3399,0.9726494861977687
3400,0.9726507233738112
3401,0.9726520640030762
3402,0.9726510976833416
3403,0.9726512297817282
3404,0.9726484557023009
3405,0.9726416273594434
3406,0.9726379315239453
3407,0.9726379620666069
3408,0.9726283564375794
3409,0.972629138055581
3410,0.9726309968910485
3411,0.9726142926581156
3412,0.9726008392372871
3413,0.9726032620585718
3414,0.9726053964453887
3415,0.9726034942524086
3416,0.9726062219946359
3417,0.9726088804798003
3418,0.9726076838712612
3419,0.9726101202271124
3420,0.9726061645866748
3421,0.9726084864444495
3422,0.9726107969543372
3423,0.9726082219674359
3424,0.9726069080157788
3425,0.9725765868006164
3426,0.9725777740858352
3427,0.9725788866926884
3428,0.9725793741170011
3429,0.972566393234938
3430,0.9725650706882899
3431,0.9725566227384446
3432,0.9725498645248718
3433,0.9725508569418266
3434,0.9725521710927486
3435,0.9725474294519364
3436,0.9725477059375728
3437,0.9725476975344061
3438,0.972549187356293
3439,0.9725505039604848
3440,0.9725367271700238
3441,0.9725218290585788
3442,0.9725228984865919
3443,0.9725239491524253
3444,0.9725245797766354
3445,0.9725205167674319
3446,0.972521173983573
3447,0.9725216184492176
3448,0.9725186095014425
3449,0.972518576738185
3450,0.9725196077654061
3451,0.9725111570704292
3452,0.9725101916736635
3453,0.9724958063010826
3454,0.9724944581197025
3455,0.9724864294077771
3456,0.9724845062194273
3457,0.9724850002268144
3458,0.9724824745920668
3459,0.9724831767216862
3460,0.9724814729813672
3461,0.9724821964682515
3462,0.9724754416227549
3463,0.9724698759118322
3464,0.9724637823318341
3465,0.9724639081565213
3466,0.972447611517091
3467,0.9724408285787116
3468,0.9724279110765142
3469,0.9724205243245823
3470,0.9724176522419258
3471,0.9724093715711158
3472,0.9724099969645592
3473,0.9724058923973448
3474,0.9724053735044498
3475,0.9723997189117997
3476,0.9723989805898692
3477,0.9723823591259001
3478,0.9723832923313322
3479,0.9723789493870093
3480,0.9723799063230665
3481,0.9723800233394395
3482,0.9723776696588293
3483,0.9723745757641686
3484,0.972368282418527
3485,0.9723657407968949
3486,0.972361481843857
3487,0.9723597169342011
3488,0.9723598461298001
3489,0.97236024243753
3490,0.9723605164250431
3491,0.9723554652221537
3492,0.9723526539295948
3493,0.9723530440970679
3494,0.9723534119710135
3495,0.9723455183509974
3496,0.972346037460779
3497,0.9723423563180834
3498,0.9723379689296967
3499,0.9723381759854872
3500,0.9723370356926088
3501,0.9723371979052863
3502,0.972330392398779
3503,0.9723289477016833
3504,0.9723238555294377
3505,0.9723240283753947
3506,0.9723133040833595
3507,0.9723134192470758
3508,0.9723127607705473
3509,0.9723116792332072
3510,0.9723078222355817
3511,0.9723069160966273
3512,0.9722997472780431
3513,0.9722986052590494
3514,0.9722941383830435
3515,0.9722938089173803
3516,0.9722937281776779
3517,0.972293094928967
3518,0.9722933080516043
3519,0.9722935233788862
3520,0.9722919176984128
3521,0.9722901649133904
3522,0.9722903716257693
3523,0.9722902691688151
3524,0.9722809518072704
3525,0.9722781495477586
3526,0.972268542957797
3527,0.9722681700359922
3528,0.9722618337535871
3529,0.9722532063260125
3530,0.9722536338789638
3531,0.9722441844616764
3532,0.9722444383787084
3533,0.9722378246678945
3534,0.9722375481068751
3535,0.9722368433626142
3536,0.9722303555561658
3537,0.9722270281982103
3538,0.9722269128889129
3539,0.9722240946882169
3540,0.9722218877898227
3541,0.9722220010122352
3542,0.9722217065120874
3543,0.97222188667508
3544,0.9722214153504238
3545,0.9722214188054253
3546,0.9722201420586098
3547,0.9722100051016939
3548,0.9722056930069317
3549,0.9722037135097139
3550,0.9722025218352952
3551,0.9722006553927782
3552,0.9721955798808399
3553,0.9721914425024407
3554,0.9721806120604356
3555,0.9721773508589382
3556,0.9721773854368114
3557,0.9721775005088675
3558,0.9721770212217915
3559,0.9721758230428764
3560,0.9721735212567333
3561,0.9721716151962464
3562,0.9721717547557136
3563,0.9721660405980141
3564,0.9721662356936935
3565,0.9721587860173175
3566,0.9721476976060633
3567,0.972145693172545
3568,0.9721404753723408
3569,0.9721395983121891
3570,0.972136753201382
3571,0.9721346737737032
3572,0.9721322163484905
3573,0.9721316978444221
3574,0.972131733766488
3575,0.9721304322790032
3576,0.9721167558678085
3577,0.972116371372083
3578,0.9721163164014154
3579,0.972115113849569
3580,0.9721084526369794
3581,0.9721068511666101
3582,0.9720901615440596
3583,0.9720901732789625
3584,0.9720902141685424
3585,0.9720898415570112
3586,0.972073489698408
3587,0.9720695599208218
3588,0.9720693908796191
3589,0.9720670354861205
3590,0.9720659851261307
3591,0.9720660265896908
3592,0.9720588003507571
3593,0.9720459462630715
3594,0.9720451092018969
3595,0.9720446051718562
3596,0.972020139665453
3597,0.972019486508534
3598,0.972018289454002
3599,0.9720062629888516
3600,0.9719985175740747
3601,0.9719947650994255
3602,0.971971827203822
3603,0.9719645132812679
3604,0.9719561424503158
3605,0.9719561651135908
3606,0.9719536247846512
3607,0.9719433124361763
3608,0.971934855128415
3609,0.9719324600194398
3610,0.9719325476140381
3611,0.9719309752627738
3612,0.9719288733733163
3613,0.971927704110513
3614,0.9719269786339689
3615,0.9719139091914162
3616,0.9719109650380153
3617,0.9719053907822528
3618,0.9719036079165193
3619,0.9719031498114414
3620,0.9719029512829854
3621,0.971902549243748
3622,0.9719011331790086
3623,0.971898234401072
3624,0.9718938702982178
3625,0.9718939016868783
3626,0.9718779506129219
3627,0.9718780358363636
3628,0.971874889380194
3629,0.9718690416374879
3630,0.9718675683368432
3631,0.9718656124000207
3632,0.9718602297651956
3633,0.9718588391730335
3634,0.9718589728290326
3635,0.9718590519951261
3636,0.9718528698966122
3637,0.9718527400464576
3638,0.971845861355334
3639,0.9718457943032276
3640,0.971839056175367
3641,0.9718299441392477
3642,0.9718191861389736
3643,0.9718192835441892
3644,0.9718178313537026
3645,0.9718176579460523
3646,0.9718094445608884
3647,0.9718015589333908
3648,0.9718010785638123
3649,0.9717938380428722
3650,0.9717939430924446
3651,0.9717860955227022
3652,0.971786009278044
3653,0.9717833538487505
3654,0.9717815668733996
3655,0.9717803236900212
3656,0.9717801607431678
3657,0.9717802972853903
3658,0.971766432226688
3659,0.9717637393354647
3660,0.9717641279698365
3661,0.9717645156093702
3662,0.9717642715396103
3663,0.9717639897845757
3664,0.971763987646768
3665,0.9717642912212737
3666,0.9717551040590606
3667,0.971755397578835
3668,0.9717510774760681
3669,0.9717398294981017
3670,0.9717398978017644
3671,0.9717391080926424
3672,0.9717381887572468
3673,0.9717371248008256
3674,0.9717230999245364
3675,0.9717162123999078
3676,0.9717012042365969
3677,0.9716972229623388
3678,0.9716958725235396
3679,0.9716942511019939
3680,0.97169434023386
3681,0.9716929658771332
3682,0.9716918144683371
3683,0.9716918524923219
3684,0.9716912353966881
3685,0.9716871857360513
3686,0.9716869622571346
3687,0.9716814953061901
3688,0.9716808048358528
3689,0.9716542079797015
3690,0.9716472928461709
3691,0.9716454935531202
3692,0.9716457197952342
3693,0.9716316612932612
3694,0.9716252002095336
3695,0.9716189122395064
3696,0.9716167227653271
3697,0.9716150160703307
3698,0.9716150149648205
3699,0.9716108656744361
3700,0.9716052670771418
3701,0.9716052898287041
3702,0.9716023606672253
3703,0.9716003488420756
3704,0.971598104483639
3705,0.9715970035144499
3706,0.9715968262788335
3707,0.9715967263034486
3708,0.9715952988727328
3709,0.9715952417943814
3710,0.9715949797383199
3711,0.9715940841195547
3712,0.9715923118140533
3713,0.9715922558914153
3714,0.9715922330455786
3715,0.9715899875267516
3716,0.9715872533162722
3717,0.9715849048938225
3718,0.9715841035527675
3719,0.9715832705612526
3720,0.9715829522762529
3721,0.9715829545397081
3722,0.9715810488846577
3723,0.9715776487734034
3724,0.9715744463508431
3725,0.971574485942539
3726,0.9715670988822418
3727,0.9715669979858885
3728,0.9715655524824085
3729,0.971565379878768
3730,0.9715652930193106
3731,0.9715634379643964
3732,0.9715616563920286
3733,0.9715307815798377
3734,0.9715305826247211
3735,0.9715308623020679
3736,0.9715304238807628
3737,0.971529812795552
3738,0.9715209058177613
3739,0.9715195429767162
3740,0.9715190039154281
3741,0.9715097348295808
3742,0.9715077754474319
3743,0.9714969109744241
3744,0.9714954338165617
3745,0.9714655279232012
3746,0.9714652700969214
3747,0.9714550003551099
3748,0.9714520070726306
3749,0.9714502163095357
3750,0.9714438705703599
3751,0.9714437896237317
3752,0.971442497804392
3753,0.9714425512055834
3754,0.9714404822329185
3755,0.9714404880735383
3756,0.9714397563461628
3757,0.9714397744676434
3758,0.9714338505675931
3759,0.9714333235419246
3760,0.9714214279746742
3761,0.9714207705155901
3762,0.9714185628587891
3763,0.9714182556216036
3764,0.9714169622558326
3765,0.9714170431471799
3766,0.9714118571699115
3767,0.97140868942359
3768,0.9714080842037353
3769,0.9714049687296169
3770,0.971403043967046
3771,0.9714026125681953
3772,0.971396073036163
3773,0.9713955712224982
3774,0.9713946249958427
3775,0.9713903083468016
3776,0.9713873163538936
3777,0.9713844848629598
3778,0.9713838603340907
3779,0.9713840670998947
3780,0.9713708911754675
3781,0.9713704671251843
3782,0.9713577194627419
3783,0.9713544821455293
3784,0.9713475074370499
3785,0.971334867623123
3786,0.9713295041624361
3787,0.9713292280623758
3788,0.9713293197776625
3789,0.9713173027990163
3790,0.9713165856955557
3791,0.9713159059422434
3792,0.971306878611123
3793,0.9713065692866153
3794,0.9713047476592206
3795,0.9712967866594825
3796,0.9712968365053498
3797,0.9712866677586083
3798,0.9712826163235354
3799,0.9712799417207196
3800,0.9712800112019863
3801,0.9712797235016688
3802,0.9712777268444324
3803,0.9712776058035725
3804,0.9712772781795164
3805,0.971273597442491
3806,0.9712478511931798
3807,0.9712453350608055
3808,0.9712452297448612
3809,0.9712452103531872
3810,0.9712445628785725
3811,0.9712442778412259
3812,0.971243970281614
3813,0.9712429848747758
3814,0.9712427877663625
3815,0.9712376955851892
3816,0.9712357587740142
3817,0.9712357569619229
3818,0.9712356180266252
3819,0.971226292188249
3820,0.9712260089153391
3821,0.9712224841706968
3822,0.9712167099734457
3823,0.9712167781414984
3824,0.9712167027119484
3825,0.9712163891038528
3826,0.9712162228233671
3827,0.9712134613579758
3828,0.9712133227162392
3829,0.9712131840647137
3830,0.9712085824617891
3831,0.9712051888492443
3832,0.9711877454696074
3833,0.9711877336817395
3834,0.9711856156543295
3835,0.9711778678633265
3836,0.971177664297263
3837,0.9711764955892184
3838,0.9711765785355245
3839,0.9711763553641094
3840,0.9711763850901102
3841,0.9711693957288547
3842,0.9711694463123632
3843,0.9711691661560748
3844,0.9711562399035629
3845,0.9711563563305334
3846,0.9711361548693955
3847,0.9711361961355942
3848,0.9711078770802666
3849,0.971105182683611
3850,0.9711029584151938
3851,0.9711017865783188
3852,0.9710999510664386
3853,0.9710933057571506
3854,0.9710929787751648
3855,0.9710930356090788
3856,0.9710801079370104
3857,0.9710752911346224
3858,0.9710753102792001
3859,0.9710747425916766
3860,0.9710741364056759
3861,0.9710687342406573
3862,0.9710667579381842
3863,0.9710616298174204
3864,0.9710513532346041
3865,0.9710405006552454
3866,0.9710361460738872
3867,0.9710354475879269
3868,0.9710248997446896
3869,0.9710245084004895
3870,0.9710232846655901
3871,0.9710233041310327
3872,0.9710194741469881
3873,0.9710186308053971
3874,0.9710132611637065
3875,0.9710072855192078
3876,0.971006639426818
3877,0.9710020558397601
3878,0.9710016473091039
3879,0.9709954810484644
3880,0.9709951423091454
3881,0.9709943378021922
3882,0.9709867844721515
3883,0.9709863634161612
3884,0.9709805138383724
3885,0.9709784645760856
3886,0.9709784497100398
3887,0.9709749711693776
3888,0.9709743958270578
3889,0.9709741905319885
3890,0.9709723387068729
3891,0.9709670211097764
3892,0.9709598319546284
3893,0.9709398795787019
3894,0.9709361211340312
3895,0.9709348127613703
3896,0.9709258111736073
3897,0.9709194332229605
3898,0.9709075436924811
3899,0.9709064645274443
3900,0.9709063686587006
3901,0.9709050374486883
3902,0.9709035674837276
3903,0.9708954607499031
3904,0.9708956500151125
3905,0.9708865730001734
3906,0.9708642638457283
3907,0.970855407628209
3908,0.9708519475100839
3909,0.9708486305407118
3910,0.9708412064728101
3911,0.9708348052261168
3912,0.9708130628170729
3913,0.9708127150339103
3914,0.970806942760144
3915,0.9707893882802481
3916,0.9707899587006492
3917,0.9707904196192849
3918,0.9707897894650506
3919,0.9707904088231952
3920,0.9707905660188783
3921,0.9707908931861057
3922,0.9707913551800164
3923,0.9707879054492562
3924,0.970787000819211
3925,0.970787829876461
3926,0.9707855217188408
3927,0.9707837658405318
3928,0.9707772631827382
3929,0.9707707870375818
3930,0.9707698156890426
3931,0.970766992494143
3932,0.9707658435755644
3933,0.9707663685089507
3934,0.9707626462991683
3935,0.9707628760606046
3936,0.9707635309727232
3937,0.97075875897585
3938,0.9707585586458182
3939,0.9707592060589789
3940,0.9707514346058057
3941,0.9707519043100584
3942,0.9707521601449247
3943,0.970750302719424
3944,0.9707489492848174
3945,0.9707435914560992
3946,0.9707440615200235
3947,0.9707379390784867
3948,0.9707243575386757
3949,0.9707248831068288
3950,0.9707254150946459
3951,0.9707241492658493
3952,0.9707032337945752
3953,0.9707036356387733
3954,0.9707035125553259
3955,0.9707039438619499
3956,0.9706899814872436
3957,0.9706886158846378
3958,0.9706854945597875
3959,0.9706847504143883
3960,0.9706830337195467
3961,0.9706771200658761
3962,0.9706707962335663
3963,0.9706701842998245
3964,0.9706699533322688
3965,0.9706702661735469
3966,0.9706685433014915
3967,0.9706656684725112
3968,0.9706625268721313
3969,0.970662005284329
3970,0.9706591091099456
3971,0.9706513969723638
3972,0.9706522500930321
3973,0.9706530481019078
3974,0.9706430011417021
3975,0.9706423642694127
3976,0.9706428865531787
3977,0.9706433361640876
3978,0.9706440117514213
3979,0.9706426712688039
3980,0.9706410783686324
3981,0.9706413331890118
3982,0.9706418433309493
3983,0.9706421711828613
3984,0.9706363567570175
3985,0.9706350530210511
3986,0.9706347618658862
3987,0.970631448964017
3988,0.9706318015183909
3989,0.9706273539004328
3990,0.9706255368458114
3991,0.9706262594641003
3992,0.9706236500070724
3993,0.9706245679105447
3994,0.9706242164514105
3995,0.9706240256058485
3996,0.9706237394004682
3997,0.9706210178303275
3998,0.9706220440451445
3999,0.9706218794317343
4000,0.9706177451580948
4001,0.9706188978506304
4002,0.9706171315891264
4003,0.9706180888850179
4004,0.9706003705816951
4005,0.9705935192738798
4006,0.9705940923326719
4007,0.9705946762611496
4008,0.9705946650905198
4009,0.9705931525050658
4010,0.97058883150775
4011,0.9705890935757383
4012,0.970589582332198
4013,0.9705884582520646
4014,0.9705778945019358
4015,0.9705782958997822
4016,0.9705788029173412
4017,0.9705706894163794
4018,0.970567491990428
4019,0.9705675294360063
4020,0.9705679035303887
4021,0.9705681007922248
4022,0.9705679136023321
4023,0.970561769723951
4024,0.9705538021844892
4025,0.9705516618954414
4026,0.9705490977797073
4027,0.9705484456771211
4028,0.9705476057984852
4029,0.9705482578778349
4030,0.9705488060919948
4031,0.9705443170744322
4032,0.9705444826776081
4033,0.9705439647015247
4034,0.9705433530869294
4035,0.970542362661124
4036,0.9705430634388531
4037,0.970525700596259
4038,0.9705263121005999
4039,0.9705253172080023
4040,0.9705259177336489
4041,0.9705265540968765
4042,0.9705271832948198
4043,0.9705278794451621
4044,0.9705212904226397
4045,0.9705189716885134
4046,0.9705198655499174
4047,0.9705207609951584
4048,0.9705207025681594
4049,0.9705216682880177
4050,0.970522694876869
4051,0.9705206327459479
4052,0.9705215683640639
4053,0.9705218473051511
4054,0.9705218214076989
4055,0.9705214593109375
4056,0.9705217632435101
4057,0.9705196920629342
4058,0.9705184511511502
4059,0.9705177652188842
4060,0.9705184068099368
4061,0.9705187979245081
4062,0.9705150826242374
4063,0.9705142178636296
4064,0.970513517465871
4065,0.970514017641697
4066,0.970513941476809
4067,0.9705122490731206
4068,0.9705129253059646
4069,0.970513600597454
4070,0.9704969085269375
4071,0.9704977043114541
4072,0.9704985941729165
4073,0.9704994982217904
4074,0.9704928264179631
4075,0.9704885530279448
4076,0.9704872312844482
4077,0.9704641033049958
4078,0.970464760484188
4079,0.9704657311544946
4080,0.970466411293609
4081,0.9704631923380989
4082,0.9704616668870626
4083,0.9704629126358955
4084,0.9704637894383595
4085,0.9704610122757557
4086,0.9704622103018504
4087,0.9704611861225186
4088,0.9704522424621227
4089,0.9704531861566216
4090,0.9704524927848963
4091,0.9704345333606942
4092,0.970435690235307
4093,0.9704349410135488
4094,0.9704314339607147
4095,0.9704316053694796
4096,0.9704221434136242
4097,0.9704224835032742
4098,0.9704213477041721
4099,0.9704219428814805
4100,0.9704231723178566
4101,0.9704232364408468
4102,0.9704243841736735
4103,0.9704236723234874
4104,0.9704121466898438
4105,0.9704129312974349
4106,0.9704117369314859
4107,0.9703922649547323
4108,0.9703874188685783
4109,0.9703804634111421
4110,0.9703815048760397
4111,0.9703812852401911
4112,0.9703810053661139
4113,0.9703805875758357
4114,0.9703803642791645
4115,0.9703791262119087
4116,0.9703789577264454
4117,0.9703751761965294
4118,0.9703724700329962
4119,0.9703716895187623
4120,0.9703708529436775
4121,0.9703705184511606
4122,0.970369482659219
4123,0.9703671177801045
4124,0.970367685124066
4125,0.9703665590533108
4126,0.9703675407327043
4127,0.9703646088433348
4128,0.9703652332227394
4129,0.9703660380067176
4130,0.9703637674236711
4131,0.9703608327639947
4132,0.9703598327714621
4133,0.9703603266838358
4134,0.970361306862948
4135,0.9703585534636036
4136,0.9703584780907637
4137,0.9703524095581831
4138,0.970353232122352
4139,0.9703508016675098
4140,0.9703515001222981
4141,0.9703525343193837
4142,0.9703097892848316
4143,0.9703101568164315
4144,0.9703104150724228
4145,0.9703035743285201
4146,0.970292371923058
4147,0.9702930913071668
4148,0.9702791034193065
4149,0.9702796584214796
4150,0.9702698143036966
4151,0.9702700879705192
4152,0.9702629446316692
4153,0.9702630037645242
4154,0.9702612683416624
4155,0.9702604219831178
4156,0.9702601778710203
4157,0.9702604375178336
4158,0.9702544802161563
4159,0.970250925197752
4160,0.9702506394844251
4161,0.9702450621838881
4162,0.9702396485879631
4163,0.9702392634665862
4164,0.9702337682930143
4165,0.9702344730475964
4166,0.9702349289312776
4167,0.9702313759012594
4168,0.9702288056821348
4169,0.9702298589322647
4170,0.9702298970978126
4171,0.970226613589337
4172,0.970226046712224
4173,0.970226842566347
4174,0.9702258424840087
4175,0.9702228870984133
4176,0.9702230962793672
4177,0.9702234708827452
4178,0.970224012835695
4179,0.9702097208355211
4180,0.9702089550651193
4181,0.9702047845324877
4182,0.9702059296324118
4183,0.9702002825353196
4184,0.9701811658204549
4185,0.9701822348679875
4186,0.9701826797501389
4187,0.9701830347317241
4188,0.9701836171334325
4189,0.9701829198370796
4190,0.9701674104228388
4191,0.97016444863243
4192,0.9701626151154966
4193,0.9701619879031574
4194,0.9701592368549826
4195,0.9701538528016374
4196,0.9701520979605909
4197,0.9701524319778755
4198,0.9701438476206695
4199,0.9701302681874597
4200,0.9701308634759992
4201,0.9701297215179987
4202,0.9701171998241858
4203,0.9701173527402347
4204,0.9701020592665305
4205,0.9700958596501081
4206,0.9700965427935259
4207,0.9700974266918875
4208,0.9700953001418934
4209,0.9700913586572925
4210,0.9700916965220642
4211,0.9700924006425369
4212,0.9700927255327487
4213,0.9700921977388605
4214,0.9700927952253791
4215,0.9700934134452509
4216,0.970087000124436
4217,0.9700820866760185
4218,0.9700816235532128
4219,0.9700711952255835
4220,0.9700710218192878
4221,0.9700616850251825
4222,0.9700607695590581
4223,0.9700224388065308
4224,0.970017615562017
4225,0.9700161307874503
4226,0.9700155755721376
4227,0.9700150708697333
4228,0.9700014014862126
4229,0.9699999427826989
4230,0.969996978022187
4231,0.969992078399216
4232,0.969990252723452
4233,0.969987090700213
4234,0.9699799214040099
4235,0.9699744402320526
4236,0.9699731095629031
4237,0.9699729453035704
4238,0.9699727474320907
4239,0.9699727372536988
4240,0.9699712306981993
4241,0.9699712350344621
4242,0.9699687645120146
4243,0.9699649657303252
4244,0.9699630358090958
4245,0.9699628404910564
4246,0.9699628420340062
4247,0.969962657364203
4248,0.9699617196926374
4249,0.9699603862294014
4250,0.9699526322748698
4251,0.9699524051992915
4252,0.9699517810757379
4253,0.9699509118350662
4254,0.9699391408883002
4255,0.9699370168988168
4256,0.9699335132285054
4257,0.969923017074938
4258,0.9699184910068442
4259,0.9699102594548176
4260,0.9699098126930562
4261,0.969909483332016
4262,0.9699049472444355
4263,0.9699042213538634
4264,0.9699014807980229
4265,0.9698999518527451
4266,0.9698991904812367
4267,0.9698970077274962
4268,0.9698965595754799
4269,0.9698917082903115
4270,0.9698916077455909
4271,0.9698860137446774
4272,0.9698819817469283
4273,0.9698813972522743
4274,0.9698691973136635
4275,0.9698686158099434
4276,0.9698681246333376
4277,0.9698659842377362
4278,0.9698658084373215
4279,0.9698653403507749
4280,0.9698621848336334
4281,0.9698550467650174
4282,0.9698325217467167
4283,0.9698301980129963
4284,0.9698294866845583
4285,0.969828938376641
4286,0.9698186675211619
4287,0.969816936511713
4288,0.9698153739091862
4289,0.9698153314100487
4290,0.9698146892086701
4291,0.969814048120441
4292,0.9698054894233465
4293,0.9698029762723647
4294,0.9697970762498389
4295,0.9697970665368018
4296,0.9697963159336466
4297,0.9697961152764544
4298,0.9697946718536267
4299,0.9697845895193528
4300,0.9697844884368589
4301,0.9697838484926203
4302,0.9697795089594246
4303,0.9697777456848152
4304,0.9697765695960213
4305,0.9697765805678029
4306,0.9697765928765972
4307,0.9697763393226964
4308,0.9697607259320028
4309,0.9697602981937359
4310,0.9697406213572046
4311,0.9697402206798001
4312,0.9697402173404529
4313,0.969740211521359
4314,0.9697399782222857
4315,0.9697399815289535
4316,0.9697399806352738
4317,0.96973860009563
4318,0.9697376209201819
4319,0.9697345639718989
4320,0.9697021215584078
4321,0.9697003872634797
4322,0.9697003435612107
4323,0.9696926259141105
4324,0.9696925699468862
4325,0.9696896103385716
4326,0.9696889824084889
4327,0.9696850489077953
4328,0.969684223132603
4329,0.9696830345427798
4330,0.9696721970045905
4331,0.9696601743085732
4332,0.9696553066266864
4333,0.9696469624441126
4334,0.9696432114323653
4335,0.969642000104566
4336,0.9696395167579569
4337,0.9696394263237584
4338,0.9696386932027119
4339,0.9696386891512401
4340,0.9696384939940599
4341,0.9696241195884562
4342,0.9696196018188604
4343,0.9696195877008789
4344,0.9696188135331703
4345,0.9696177751770518
4346,0.9696172958760383
4347,0.9696145969620992
4348,0.9695970606917541
4349,0.9695964916392248
4350,0.9695955358605088
4351,0.9695954603087615
4352,0.9695910355543204
4353,0.969591072083951
4354,0.9695838350502586
4355,0.969580416868235
4356,0.9695787296313342
4357,0.9695763129156343
4358,0.9695760730799369
4359,0.9695756229098186
4360,0.9695621644442358
4361,0.9695617969667898
4362,0.9695614515949679
4363,0.969561115173419
4364,0.9695600591121578
4365,0.9695437993463516
4366,0.9695405973721998
4367,0.9695400082019259
4368,0.9695400830312313
4369,0.969540206310223
4370,0.9695383769473994
4371,0.9695303063980154
4372,0.9695294009618175
4373,0.9695253276310106
4374,0.9695143882561917
4375,0.969511788143765
4376,0.9694953691710984
4377,0.9694879247385814
4378,0.9694882761080824
4379,0.9694879817915273
4380,0.9694825471275357
4381,0.9694695265140152
4382,0.9694695167491816
4383,0.9694690119299835
4384,0.9694677972007242
4385,0.9694662304420361
4386,0.9694661229294643
4387,0.9694662490693011
4388,0.9694652148404068
4389,0.9694565930916075
4390,0.9694478670169234
4391,0.9694480548888607
4392,0.9694424481320032
4393,0.9694388446307014
4394,0.969436347773161
4395,0.9694322306802611
4396,0.9694324219324654
4397,0.9694328313263322
4398,0.9694325987691912
4399,0.9694296811853663
4400,0.9694249020046978
4401,0.969425564843364
4402,0.9694255729558245
4403,0.9694247925176533
4404,0.9694169156871781
4405,0.9694175369351914
4406,0.9694123084502805
4407,0.9694119489857038
4408,0.9694122618108099
4409,0.9694128103843176
4410,0.969403688411006
4411,0.9693970105963147
4412,0.9693975496056522
4413,0.9693960534604313
4414,0.9693947595526639
4415,0.9693952851621703
4416,0.9693934527425316
4417,0.9693885744552094
4418,0.9693887448443109
4419,0.9693887474532443
4420,0.9693825979948875
4421,0.9693781568646287
4422,0.9693763203408554
4423,0.9693698256037363
4424,0.9693686414156206
4425,0.9693657514140679
4426,0.9693642753254159
4427,0.9693645832575271
4428,0.9693585648794643
4429,0.9693590154028119
4430,0.9693521268237562
4431,0.969352814777204
4432,0.9693443602523614
4433,0.9693441316626328
4434,0.9693443565695805
4435,0.9693321087299206
4436,0.969330036897303
4437,0.96933001208173
4438,0.9693280842282317
4439,0.9693220698807721
4440,0.9693196552886412
4441,0.9693198873626713
4442,0.9693048758018579
4443,0.9693057473125997
4444,0.9693032476381046
4445,0.9693041720104711
4446,0.9693013766693498
4447,0.9693017493648735
4448,0.969302788679635
4449,0.9692967270106816
4450,0.9692976105891686
4451,0.9692966253594714
4452,0.9692974394442916
4453,0.9692925051765675
4454,0.9692929912251641
4455,0.9692927531756381
4456,0.9692721662230691
4457,0.9692717324862457
4458,0.969272374085662
4459,0.9692722157489916
4460,0.9692729322608755
4461,0.9692732403182773
4462,0.9692740970603144
4463,0.9692706467968238
4464,0.9692702134688558
4465,0.9692674561430874
4466,0.9692670555961466
4467,0.9692677181913659
4468,0.9692681021090209
4469,0.9692479946256104
4470,0.9692463279198685
4471,0.9692465105550799
4472,0.9692452366684376
4473,0.9692344874189358
4474,0.9692320560805655
4475,0.969230965543482
4476,0.9692303910224691
4477,0.9692305023962203
4478,0.969230041496041
4479,0.9692283308216503
4480,0.969228092345733
4481,0.969228220162059
4482,0.9692285317406028
4483,0.9692281327168363
4484,0.9692281998264453
4485,0.9692284502518057
4486,0.9692274086810109
4487,0.9692175607022089
4488,0.9692141361839226
4489,0.9692137057558378
4490,0.9692136471283711
4491,0.9692029769318831
4492,0.969200472038241
4493,0.9691989407024341
4494,0.9691961170443012
4495,0.9691960161334333
4496,0.9691900559314385
4497,0.9691897369384332
4498,0.9691746261250371
4499,0.9691749721547968
4500,0.9691747813911227
4501,0.9691680886003077
4502,0.9691645674903907
4503,0.9691596131582136
4504,0.9691580399831735
4505,0.9691571962509323
4506,0.9691488212817758
4507,0.969147358775903
4508,0.969144616558621
4509,0.9691425536457354
4510,0.9691418931235484
4511,0.9691423757422656
4512,0.9691430018461992
4513,0.9691378939726605
4514,0.9691367079162102
4515,0.9691373164052772
4516,0.9691346465465468
4517,0.9691328073247532
4518,0.9691332443794132
4519,0.9691335199614073
4520,0.9691240224435573
4521,0.9691211021799082
4522,0.9691214754586969
4523,0.9691221954804036
4524,0.9691229298077403
4525,0.969119772626449
4526,0.969115847069556
4527,0.9691164820634667
4528,0.9691171190992648
4529,0.9691163509837614
4530,0.9691098761188491
4531,0.969107570481848
4532,0.9691078472226871
4533,0.9690970752108449
4534,0.9690901122086915
4535,0.969090683989397
4536,0.9690907246596254
4537,0.9690885788265639
4538,0.9690888285196495
4539,0.9690854504735583
4540,0.9690843712213997
4541,0.9690809631965303
4542,0.9690811935448024
4543,0.9690703247644745
4544,0.9690680041195505
4545,0.969067564972381
4546,0.9690682726780173
4547,0.9690447581420966
4548,0.9690401981896137
4549,0.969040962619461
4550,0.9690396941186118
4551,0.9690370253210813
4552,0.969036429121823
4553,0.9690358596952859
4554,0.969036311649624
4555,0.9690260271444305
4556,0.9690174460582552
4557,0.9690175271828819
4558,0.969017270374013
4559,0.9690155075617032
4560,0.9690108112817026
4561,0.9690098341000961
4562,0.9690086423882922
4563,0.9690088031895618
4564,0.9690092108022583
4565,0.9690088181244714
4566,0.9690092655930724
4567,0.9689781968731143
4568,0.9689788391016745
4569,0.968978071390285
4570,0.9689780103418333
4571,0.9689786597132781
4572,0.9689698276331267
4573,0.9689699671909753
4574,0.9689697364052767
4575,0.9689663024168481
4576,0.9689661810346727
4577,0.9689639564681648
4578,0.9689446118639331
4579,0.9689445629872967
4580,0.9689431156118077
4581,0.9689433651040475
4582,0.9689416606781658
4583,0.9689421210626985
4584,0.968936790892627
4585,0.9689369951851008
4586,0.9689366366562014
4587,0.9689361103900263
4588,0.9689285875473457
4589,0.9689192741005691
4590,0.9689190526437819
4591,0.9689169013084619
4592,0.9689089071582421
4593,0.968908953616145
4594,0.9689089755923059
4595,0.9689071925432869
4596,0.968904737240086
4597,0.9689045446664338
4598,0.9689043361018042
4599,0.968899628894175
4600,0.9688873888873069
4601,0.9688854980669811
4602,0.9688855357056063
4603,0.9688855804148387
4604,0.9688845114765844
4605,0.9688845156303898
4606,0.9688844111251992
4607,0.9688807718967262
4608,0.9688749752615949
4609,0.9688707263019872
4610,0.9688702019931951
4611,0.9688702267312247
4612,0.9688566233114162
4613,0.9688560836460667
4614,0.968854682484621
4615,0.9688537605380905
4616,0.968844302403778
4617,0.9688178588390703
4618,0.9688146788680088
4619,0.9687892197100942
4620,0.9687880140760089
4621,0.9687840314457894
4622,0.968784084922595
4623,0.9687841170993746
4624,0.9687816523675343
4625,0.9687700529744788
4626,0.9687695118700818
4627,0.9687685815416329
4628,0.9687664205574652
4629,0.9687648399507603
4630,0.9687613418255321
4631,0.968751092441475
4632,0.9687430716747362
4633,0.968740588392482
4634,0.9687362191111226
4635,0.9687360442820218
4636,0.9687315541056638
4637,0.968698983507625
4638,0.9686959658253351
4639,0.9686958547758308
4640,0.9686953272390698
4641,0.968687896127424
4642,0.9686872544303969
4643,0.9686850376085102
4644,0.9686855296956898
4645,0.9686860225402161
4646,0.968684320976105
4647,0.9686848843911697
4648,0.9686836286168657
4649,0.9686841345035407
4650,0.9686846136449829
4651,0.9686824389951961
4652,0.9686796569804189
4653,0.9686795972277896
4654,0.9686796067334154
4655,0.968680145480327
4656,0.9686807632355061
4657,0.9686790334975166
4658,0.968679716254707
4659,0.968679251341522
4660,0.9686772115897041
4661,0.96866957020908
4662,0.9686702667065935
4663,0.9686701442597382
4664,0.9686697008785365
4665,0.9686488685484581
4666,0.9686468667298267
4667,0.9686416171231198
4668,0.9686399472187905
4669,0.9686286131260683
4670,0.9686270631514178
4671,0.9686059717199943
4672,0.9686060647220236
4673,0.9686056206676398
4674,0.9686061742113365
4675,0.9686065116672644
4676,0.968601025004263
4677,0.9686009719799101
4678,0.9685991634572366
4679,0.9685967821771341
4680,0.9685934460769988
4681,0.9685849861875454
4682,0.9685853796219543
4683,0.9685846259376015
4684,0.9685839312314078
4685,0.9685831777072548
4686,0.9685822227492695
4687,0.9685776185213668
4688,0.9685711735646974
4689,0.9685720305678474
4690,0.9685719476425068
4691,0.9685686247760834
4692,0.9685691785988829
4693,0.9685697587520574
4694,0.9685689123502428
4695,0.9685698136444377
4696,0.9685702352678214
4697,0.9685692606932541
4698,0.9685700709250896
4699,0.9685667764035875
4700,0.9685674945038268
4701,0.9685659501225645
4702,0.9685658866870152
4703,0.9685559499429887
4704,0.968556524362774
4705,0.9685554553240331
4706,0.9685549985222789
4707,0.9685550288376884
4708,0.9685553621977543
4709,0.9685540520312225
4710,0.968553703351973
4711,0.9685537366966721
4712,0.9685534830165691
4713,0.9685498841342105
4714,0.9685480858681919
4715,0.968547783347067
4716,0.9685392753311111
4717,0.9685372059791266
4718,0.9685373863967671
4719,0.9685376285643722
4720,0.9685380669505825
4721,0.96851394680375
4722,0.9685121830713743
4723,0.9685130702219809
4724,0.9685136125335867
4725,0.968514283632844
4726,0.9685106856818881
4727,0.968511188829724
4728,0.9685084935579608
4729,0.9685089983182686
4730,0.9685096039906991
4731,0.9685104833029686
4732,0.9685112067052537
4733,0.9684949349915163
4734,0.968479401095865
4735,0.9684799604316359
4736,0.968480981180472
4737,0.9684801439194011
4738,0.9684783531184958
4739,0.9684769752417852
4740,0.9684778911469385
4741,0.9684786238040672
4742,0.9684795541154285
4743,0.9684805002100638
4744,0.9684814680227669
4745,0.9684823712824598
4746,0.9684831034762974
4747,0.9684820205861632
4748,0.9684781343850704
4749,0.9684757217954888
4750,0.9684671087873175
4751,0.9684657754427463
4752,0.9684667683800593
4753,0.9684670281209852
4754,0.9684617317593094
4755,0.9684520549429864
4756,0.968452083104723
4757,0.9684531442601939
4758,0.9684516927071176
4759,0.9684497487464202
4760,0.9684500738971022
4761,0.9684511819170536
4762,0.9684246319287602
4763,0.9684251625786398
4764,0.9684171248079833
4765,0.9684127634167613
4766,0.9684128330452197
4767,0.9684103281150774
4768,0.9684070426093291
4769,0.9684004294850175
4770,0.9683923044018723
4771,0.9683926755584206
4772,0.9683704176151562
4773,0.9683708708816469
4774,0.9683701218678499
4775,0.9683707193243449
4776,0.9683696404668625
4777,0.9683681050497998
4778,0.9683634983593292
4779,0.9683644061709973
4780,0.9683653128535956
4781,0.9683658988702666
4782,0.9683615989878097
4783,0.9683602020558378
4784,0.9683607190130363
4785,0.9683615634070941
4786,0.9683547431878279
4787,0.9683503259096458
4788,0.9683515237972338
4789,0.9683392846705076
4790,0.968339011649402
4791,0.9683304386475251
4792,0.968300296253375
4793,0.968299841218943
4794,0.9683012347991461
4795,0.9682980689094463
4796,0.9682969798490728
4797,0.9682978658799738
4798,0.9682966285360675
4799,0.9682972913781265
4800,0.968298069201161
4801,0.9682993912590914
4802,0.9682996154315932
4803,0.9683008727261218
4804,0.9682987700831078
4805,0.9682993052743047
4806,0.9682949877575127
4807,0.9682829904867489
4808,0.9682830326231986
4809,0.9682832831169956
4810,0.968284538845393
4811,0.9682857702845393
4812,0.9682866222295505
4813,0.9682879279441451
4814,0.9682892363945063
4815,0.9682904024701412
4816,0.968273954825131
4817,0.9682634428748844
4818,0.9682647548957423
4819,0.968264871569936
4820,0.9682602437795532
4821,0.9682611068057263
4822,0.9682613316163997
4823,0.9682554885997727
4824,0.9682559328187329
4825,0.9682553623255226
4826,0.9682555342200093
4827,0.9682564662544657
4828,0.9682578858402761
4829,0.9682537329348407
4830,0.9682438761307401
4831,0.9682402141889981
4832,0.9682301762575771
4833,0.9682288062164798
4834,0.9682292718168969
4835,0.9682237423386024
4836,0.9682250409127765
4837,0.9682153590979122
4838,0.9682156953370475
4839,0.9682141694205281
4840,0.968216848194628
4841,0.9682199313837955
4842,0.9682201882145317
4843,0.9682164099970105
4844,0.9682163215536256
4845,0.9682203466442639
4846,0.9682215931409462
4847,0.9682224359654257
4848,0.9682245387799729
4849,0.9682264906531612
4850,0.9682301182449444
4851,0.968233521106485
4852,0.968237156249741
4853,0.9682266313771578
4854,0.9682203778333289
4855,0.9682239550804108
4856,0.9682224678717916
4857,0.9682194104781526
4858,0.9682220605025937
4859,0.9682252542127977
4860,0.9682292089904347
4861,0.9682255647741045
4862,0.9682286506517861
4863,0.9682312752722427
4864,0.968234404653383
4865,0.9682362817369364
4866,0.9682404596373569
4867,0.9682423617603358
4868,0.9682465454709537
4869,0.9682351500511843
4870,0.9682390746057254
4871,0.9682388718227352
4872,0.968242936556581
4873,0.9682416750078447
4874,0.9682419592293364
4875,0.9682436376798647
4876,0.9682482334029621
4877,0.9682501887224673
4878,0.9682538092379568
4879,0.9682575020672627
4880,0.9682586418386441
4881,0.96826281637335
4882,0.9682675217382206
4883,0.96827146092905
4884,0.9682764526655236
4885,0.9682808495153459
4886,0.9682856739967187
4887,0.9682905885281551
4888,0.9682868531009085
4889,0.9682915224748718
4890,0.9682913105625418
4891,0.9682945383685213
4892,0.9682924138566814
4893,0.9682935586083381
4894,0.9682965641130973
4895,0.9682996769175807
4896,0.9683050481868085
4897,0.9683089632894142
4898,0.968308593467098
4899,0.9683130587151219
4900,0.9683173945408109
4901,0.96830910384118
4902,0.968314513119961
4903,0.9683199304745289
4904,0.9683251676629404
4905,0.9683153857469613
4906,0.9683147736816533
4907,0.9683170102982845
4908,0.9683186990269171
4909,0.9683225909359345
4910,0.9683272688260041
4911,0.9683303132630748
4912,0.9683341956642528
4913,0.9683384018635198
4914,0.9683396540213663
4915,0.968339512486078
4916,0.9683440662803994
4917,0.9683396872097858
4918,0.9683447229716927
4919,0.9683493935965248
4920,0.9683509366740045
4921,0.9683554081352647
4922,0.9683576835251896
4923,0.9683620852237126
4924,0.9683615495254708
4925,0.9683605089179762
4926,0.968361237005184
4927,0.9683611117948892
4928,0.9683652784492873
4929,0.9683620901639214
4930,0.9683623156834898
4931,0.9683645177796966
4932,0.9683659521939028
4933,0.9683597242724296
4934,0.9683622234180017
4935,0.9683653589626149
4936,0.9683677162764627
4937,0.9683711231105564
4938,0.968366395079946
4939,0.968368597996954
4940,0.9683698726123953
4941,0.9683733696981354
4942,0.9683766614012075
4943,0.968380626477324
4944,0.9683832159088314
4945,0.9683875167180043
4946,0.968379784038963
4947,0.9683770983148645
4948,0.9683801956976054
4949,0.9683837416268506
4950,0.9683847266311173
4951,0.9683836436269148
4952,0.9683848403761932
4953,0.9683881432709615
4954,0.9683814533983491
4955,0.9683807438689807
4956,0.9683699184473549
4957,0.9683729044037617
4958,0.9683621947194716
4959,0.9683642571141351
4960,0.9683652624303969
4961,0.9683675823369412
4962,0.9683697621104905
4963,0.9683729756892475
4964,0.9683758261030901
4965,0.9683782478966814
4966,0.9683818404434118
4967,0.9683851002274976
4968,0.9683853043572208
4969,0.9683890530649178
4970,0.968392624353058
4971,0.9683965624221946
4972,0.9683947179925442
4973,0.9683955910623684
4974,0.9683768350027266
4975,0.9683811223130662
4976,0.9683849941945104
4977,0.9683898791230757
4978,0.9683936349460909
4979,0.9683940117533364
4980,0.9683972099969036
4981,0.9684006180280897
4982,0.9684049951647691
4983,0.9684008547257345
4984,0.9683936322351054
4985,0.9683920692239532
4986,0.9683961710148965
4987,0.9684002540155889
4988,0.9684045225493475
4989,0.9684084688108484
4990,0.9684106551000876
4991,0.9684079733488663
4992,0.9684128124878875
4993,0.9684168583953561
4994,0.9684206408634589
4995,0.968425039420129
4996,0.9684259941996141
4997,0.9684305085652117
4998,0.9684331325470388
4999,0.968437751672485
5000,0.9684401923117073
