timestamp_utc,asset_id,zone,vibration_rms_mm_s,peak_accel_g,bearing_temp_c,rpm,load_pct,quality_flag
2024-01-01 00:00:00,PUMP-A01,Zone_A,2.72,1.51,60.2,1826.0,72.5,OK
2024-01-01 00:00:00,PUMP-A02,Zone_A,2.79,1.34,59.4,1821.0,68.8,OK
2024-01-01 00:00:00,PUMP-B01,Zone_B,1.99,0.94,57.1,1786.0,71.2,OK
2024-01-01 00:00:00,COMP-C01,Zone_C,2.87,1.37,77.1,3741.0,71.6,OK
2024-01-01 00:00:00,COMP-C02,Zone_C,3.13,1.6,74.8,3727.0,67.3,OK
2024-01-01 00:00:00,FAN-D01,Zone_B,1.74,0.82,48.3,1224.0,68.5,OK
2024-01-01 01:00:00,PUMP-A01,Zone_A,2.64,1.13,58.4,1824.0,78.0,OK
2024-01-01 01:00:00,PUMP-A02,Zone_A,2.81,1.31,57.9,1841.0,74.9,OK
2024-01-01 01:00:00,PUMP-B01,Zone_B,2.62,1.13,61.0,1847.0,71.6,OK
2024-01-01 01:00:00,COMP-C01,Zone_C,3.79,1.98,79.3,3770.0,72.0,OK
2024-01-01 01:00:00,COMP-C02,Zone_C,3.6,1.9,76.2,3736.0,69.7,OK
2024-01-01 01:00:00,FAN-D01,Zone_B,1.56,0.86,49.0,1279.0,73.0,OK
2024-01-01 02:00:00,PUMP-A01,Zone_A,2.7,1.5,61.3,1840.0,79.3,OK
2024-01-01 02:00:00,PUMP-A02,Zone_A,2.63,1.18,63.9,1866.0,85.3,OK
2024-01-01 02:00:00,PUMP-B01,Zone_B,3.01,1.45,60.0,1850.0,76.4,OK
2024-01-01 02:00:00,COMP-C01,Zone_C,3.9,1.97,78.9,3790.0,75.0,OK
2024-01-01 02:00:00,COMP-C02,Zone_C,3.37,1.65,76.8,3821.0,78.0,OK
2024-01-01 02:00:00,FAN-D01,Zone_B,1.91,0.91,48.3,1195.0,70.2,OK
2024-01-01 03:00:00,PUMP-A01,Zone_A,3.16,1.6,62.8,1862.0,79.8,OK
2024-01-01 03:00:00,PUMP-A02,Zone_A,2.1,0.94,58.2,1855.0,80.2,OK
2024-01-01 03:00:00,PUMP-B01,Zone_B,2.55,1.31,61.1,1907.0,80.9,OK
2024-01-01 03:00:00,COMP-C01,Zone_C,3.2,1.52,78.4,3794.0,74.8,OK
2024-01-01 03:00:00,COMP-C02,Zone_C,3.85,2.15,77.5,3843.0,87.6,OK
2024-01-01 03:00:00,FAN-D01,Zone_B,2.14,1.07,49.3,1301.0,77.8,OK
2024-01-01 04:00:00,PUMP-A01,Zone_A,2.3,1.31,58.8,1856.0,77.7,OK
2024-01-01 04:00:00,PUMP-A02,Zone_A,2.78,1.49,62.8,1853.0,81.4,OK
2024-01-01 04:00:00,PUMP-B01,Zone_B,2.63,1.39,58.3,1841.0,75.0,OK
2024-01-01 04:00:00,COMP-C01,Zone_C,3.93,1.99,80.2,3802.0,76.4,SUSPECT
2024-01-01 04:00:00,COMP-C02,Zone_C,4.2,2.15,77.5,3834.0,84.5,OK
2024-01-01 04:00:00,FAN-D01,Zone_B,1.62,0.89,52.4,1272.0,86.3,OK
2024-01-01 05:00:00,PUMP-A01,Zone_A,2.61,1.23,60.3,1923.0,88.6,OK
2024-01-01 05:00:00,PUMP-A02,Zone_A,2.53,1.39,62.2,1874.0,80.4,OK
2024-01-01 05:00:00,PUMP-B01,Zone_B,2.82,1.32,59.8,1920.0,83.2,OK
2024-01-01 05:00:00,COMP-C01,Zone_C,3.89,1.9,81.0,3863.0,86.9,OK
2024-01-01 05:00:00,COMP-C02,Zone_C,3.69,1.72,78.9,3849.0,82.3,OK
2024-01-01 05:00:00,FAN-D01,Zone_B,1.72,0.97,50.2,1292.0,86.4,OK
2024-01-01 06:00:00,PUMP-A01,Zone_A,2.29,1.05,62.7,1913.0,90.4,OK
2024-01-01 06:00:00,PUMP-A02,Zone_A,2.94,1.61,62.6,1882.0,87.6,OK
2024-01-01 06:00:00,PUMP-B01,Zone_B,2.6,1.38,60.6,1902.0,89.8,OK
2024-01-01 06:00:00,COMP-C01,Zone_C,3.48,1.56,79.1,3843.0,83.8,OK
2024-01-01 06:00:00,COMP-C02,Zone_C,3.65,1.72,77.1,3857.0,82.6,OK
2024-01-01 06:00:00,FAN-D01,Zone_B,2.54,1.4,53.6,1340.0,88.4,OK
2024-01-01 07:00:00,PUMP-A01,Zone_A,2.35,1.26,58.5,1839.0,74.4,OK
2024-01-01 07:00:00,PUMP-A02,Zone_A,3.14,1.54,62.0,1853.0,83.9,OK
2024-01-01 07:00:00,PUMP-B01,Zone_B,2.35,1.27,66.3,1910.0,93.3,OK
2024-01-01 07:00:00,COMP-C01,Zone_C,3.31,1.63,82.3,3871.0,89.7,OK
2024-01-01 07:00:00,COMP-C02,Zone_C,3.41,1.58,79.9,3711.0,68.3,OK
2024-01-01 07:00:00,FAN-D01,Zone_B,1.73,0.87,53.9,1263.0,77.3,OK
2024-01-01 08:00:00,PUMP-A01,Zone_A,2.64,1.26,61.2,1858.0,78.1,OK
2024-01-01 08:00:00,PUMP-A02,Zone_A,2.99,1.44,66.3,1821.0,81.1,OK
2024-01-01 08:00:00,PUMP-B01,Zone_B,2.71,1.29,61.2,1875.0,82.2,OK
2024-01-01 08:00:00,COMP-C01,Zone_C,3.5,1.84,81.0,3807.0,80.5,OK
2024-01-01 08:00:00,COMP-C02,Zone_C,3.42,1.65,80.0,3879.0,87.1,OK
2024-01-01 08:00:00,FAN-D01,Zone_B,1.59,0.73,52.1,1251.0,86.0,OK
2024-01-01 09:00:00,PUMP-A01,Zone_A,2.84,1.5,64.2,1875.0,79.5,OK
2024-01-01 09:00:00,PUMP-A02,Zone_A,2.86,1.4,60.6,1853.0,80.7,OK
2024-01-01 09:00:00,PUMP-B01,Zone_B,2.37,1.39,58.8,1871.0,81.1,OK
2024-01-01 09:00:00,COMP-C01,Zone_C,3.75,1.8,77.9,3792.0,74.5,OK
2024-01-01 09:00:00,COMP-C02,Zone_C,3.41,1.67,79.2,3853.0,85.5,OK
2024-01-01 09:00:00,FAN-D01,Zone_B,1.94,1.03,51.4,1258.0,77.8,OK
2024-01-01 10:00:00,PUMP-A01,Zone_A,2.29,1.12,60.2,1793.0,70.3,OK
2024-01-01 10:00:00,PUMP-A02,Zone_A,2.65,1.26,61.7,1866.0,84.9,OK
2024-01-01 10:00:00,PUMP-B01,Zone_B,2.75,1.53,61.2,1835.0,79.1,OK
2024-01-01 10:00:00,COMP-C01,Zone_C,3.73,1.87,80.4,3806.0,79.5,OK
2024-01-01 10:00:00,COMP-C02,Zone_C,3.59,1.84,80.9,3786.0,78.0,OK
2024-01-01 10:00:00,FAN-D01,Zone_B,2.47,1.22,53.1,1302.0,82.3,OK
2024-01-01 11:00:00,PUMP-A01,Zone_A,1.86,0.88,57.2,1807.0,69.7,OK
2024-01-01 11:00:00,PUMP-A02,Zone_A,2.66,1.38,62.7,1798.0,74.6,OK
2024-01-01 11:00:00,PUMP-B01,Zone_B,2.83,1.37,57.0,1847.0,67.3,OK
2024-01-01 11:00:00,COMP-C01,Zone_C,3.69,1.6,76.6,3826.0,80.7,OK
2024-01-01 11:00:00,COMP-C02,Zone_C,3.4,1.76,75.1,3773.0,73.9,OK
2024-01-01 11:00:00,FAN-D01,Zone_B,1.99,1.1,52.4,1228.0,73.2,OK
2024-01-01 12:00:00,PUMP-A01,Zone_A,2.98,1.5,63.5,1811.0,71.7,OK
2024-01-01 12:00:00,PUMP-A02,Zone_A,2.55,1.17,59.6,1842.0,70.3,OK
2024-01-01 12:00:00,PUMP-B01,Zone_B,2.24,1.19,61.9,1859.0,73.2,OK
2024-01-01 12:00:00,COMP-C01,Zone_C,3.37,1.71,71.5,3698.0,61.2,OK
2024-01-01 12:00:00,COMP-C02,Zone_C,3.07,1.53,77.7,3775.0,78.1,OK
2024-01-01 12:00:00,FAN-D01,Zone_B,1.37,0.67,47.6,1270.0,69.8,OK
2024-01-01 13:00:00,PUMP-A01,Zone_A,2.33,1.06,59.3,1794.0,68.0,OK
2024-01-01 13:00:00,PUMP-A02,Zone_A,2.37,1.1,58.7,1814.0,70.9,OK
2024-01-01 13:00:00,PUMP-B01,Zone_B,2.29,1.03,63.1,1784.0,65.6,OK
2024-01-01 13:00:00,COMP-C01,Zone_C,3.82,2.0,76.0,3728.0,66.3,OK
2024-01-01 13:00:00,COMP-C02,Zone_C,3.35,1.45,73.0,3685.0,63.5,OK
2024-01-01 13:00:00,FAN-D01,Zone_B,1.53,0.77,50.3,1272.0,73.0,OK
2024-01-01 14:00:00,PUMP-A01,Zone_A,1.94,0.99,56.5,1772.0,61.9,OK
2024-01-01 14:00:00,PUMP-A02,Zone_A,2.16,1.0,57.2,1748.0,55.4,OK
2024-01-01 14:00:00,PUMP-B01,Zone_B,2.51,1.4,60.3,1841.0,70.9,OK
2024-01-01 14:00:00,COMP-C01,Zone_C,3.86,1.89,75.2,3650.0,58.2,OK
2024-01-01 14:00:00,COMP-C02,Zone_C,3.05,1.58,74.5,3762.0,67.1,OK
2024-01-01 14:00:00,FAN-D01,Zone_B,1.54,0.52,48.4,1208.0,60.1,OK
2024-01-01 15:00:00,PUMP-A01,Zone_A,2.21,1.18,59.2,1761.0,58.2,OK
2024-01-01 15:00:00,PUMP-A02,Zone_A,2.83,1.51,57.6,1807.0,54.5,OK
2024-01-01 15:00:00,PUMP-B01,Zone_B,1.87,0.94,57.8,1733.0,55.6,OK
2024-01-01 15:00:00,COMP-C01,Zone_C,3.43,1.99,72.1,3612.0,54.9,OK
2024-01-01 15:00:00,COMP-C02,Zone_C,3.65,1.77,77.5,3629.0,55.1,OK
2024-01-01 15:00:00,FAN-D01,Zone_B,2.37,1.01,46.0,1195.0,53.7,OK
2024-01-01 16:00:00,PUMP-A01,Zone_A,2.41,1.19,61.1,1769.0,58.9,OK
2024-01-01 16:00:00,PUMP-A02,Zone_A,2.56,1.25,58.3,1767.0,58.3,OK
2024-01-01 16:00:00,PUMP-B01,Zone_B,2.65,1.29,61.5,1821.0,58.5,OK
2024-01-01 16:00:00,COMP-C01,Zone_C,2.68,1.45,72.2,3622.0,55.0,OK
2024-01-01 16:00:00,COMP-C02,Zone_C,3.64,1.6,76.6,3658.0,58.6,OK
2024-01-01 16:00:00,FAN-D01,Zone_B,1.88,0.85,47.0,1229.0,60.9,OK
2024-01-01 17:00:00,PUMP-A01,Zone_A,2.44,1.25,57.8,1826.0,58.7,OK
2024-01-01 17:00:00,PUMP-A02,Zone_A,2.43,1.18,59.7,1785.0,51.3,OK
2024-01-01 17:00:00,PUMP-B01,Zone_B,2.21,1.14,59.3,1745.0,54.2,OK
2024-01-01 17:00:00,COMP-C01,Zone_C,3.61,1.64,75.9,3634.0,50.9,OK
2024-01-01 17:00:00,COMP-C02,Zone_C,3.46,1.73,75.1,3606.0,46.6,OK
2024-01-01 17:00:00,FAN-D01,Zone_B,1.61,0.98,47.4,1196.0,49.9,OK
2024-01-01 18:00:00,PUMP-A01,Zone_A,2.88,1.57,62.0,1763.0,51.0,OK
2024-01-01 18:00:00,PUMP-A02,Zone_A,2.56,1.53,59.4,1757.0,52.4,OK
2024-01-01 18:00:00,PUMP-B01,Zone_B,2.04,0.85,59.1,1756.0,54.2,OK
2024-01-01 18:00:00,COMP-C01,Zone_C,3.11,1.4,74.2,3664.0,55.4,OK
2024-01-01 18:00:00,COMP-C02,Zone_C,2.53,1.26,73.0,3622.0,53.8,OK
2024-01-01 18:00:00,FAN-D01,Zone_B,1.84,0.84,47.2,1200.0,58.5,OK
2024-01-01 19:00:00,PUMP-A01,Zone_A,2.49,1.24,60.2,1816.0,68.4,OK
2024-01-01 19:00:00,PUMP-A02,Zone_A,2.02,1.15,52.2,1818.0,54.8,OK
2024-01-01 19:00:00,PUMP-B01,Zone_B,2.31,1.12,56.0,1750.0,61.7,OK
2024-01-01 19:00:00,COMP-C01,Zone_C,3.3,1.7,73.2,3604.0,51.6,OK
2024-01-01 19:00:00,COMP-C02,Zone_C,3.23,1.67,72.9,3643.0,59.1,OK
2024-01-01 19:00:00,FAN-D01,Zone_B,1.41,0.73,47.2,1238.0,59.1,OK
2024-01-01 20:00:00,PUMP-A01,Zone_A,2.49,1.22,58.8,1768.0,51.6,OK
2024-01-01 20:00:00,PUMP-A02,Zone_A,2.06,1.16,53.7,1728.0,50.8,OK
2024-01-01 20:00:00,PUMP-B01,Zone_B,1.68,1.01,56.8,1787.0,50.6,OK
2024-01-01 20:00:00,COMP-C01,Zone_C,3.36,1.64,78.1,3666.0,56.5,OK
2024-01-01 20:00:00,COMP-C02,Zone_C,2.98,1.56,75.2,3627.0,58.5,OK
2024-01-01 20:00:00,FAN-D01,Zone_B,1.69,0.68,48.1,1189.0,56.1,OK
2024-01-01 21:00:00,PUMP-A01,Zone_A,2.52,1.36,62.8,1810.0,64.5,OK
2024-01-01 21:00:00,PUMP-A02,Zone_A,2.69,1.38,55.1,1797.0,64.5,OK
2024-01-01 21:00:00,PUMP-B01,Zone_B,2.48,1.16,57.9,1777.0,62.0,OK
2024-01-01 21:00:00,COMP-C01,Zone_C,3.06,1.59,70.8,3644.0,52.4,OK
2024-01-01 21:00:00,COMP-C02,Zone_C,3.16,1.65,74.4,3689.0,61.9,OK
2024-01-01 21:00:00,FAN-D01,Zone_B,2.0,0.96,48.5,1190.0,60.0,OK
2024-01-01 22:00:00,PUMP-A01,Zone_A,2.24,1.3,60.1,1829.0,62.3,OK
2024-01-01 22:00:00,PUMP-A02,Zone_A,2.68,1.16,61.6,1762.0,59.7,OK
2024-01-01 22:00:00,PUMP-B01,Zone_B,2.47,1.1,59.9,1805.0,62.1,OK
2024-01-01 22:00:00,COMP-C01,Zone_C,3.77,1.84,78.4,3738.0,65.6,OK
2024-01-01 22:00:00,COMP-C02,Zone_C,3.53,1.64,74.4,3710.0,64.6,OK
2024-01-01 22:00:00,FAN-D01,Zone_B,1.75,0.83,50.1,1265.0,67.8,OK
2024-01-01 23:00:00,PUMP-A01,Zone_A,2.34,1.14,59.8,1799.0,66.6,OK
2024-01-01 23:00:00,PUMP-A02,Zone_A,2.48,1.28,55.5,1793.0,63.7,OK
2024-01-01 23:00:00,PUMP-B01,Zone_B,2.59,1.39,60.5,1795.0,71.3,OK
2024-01-01 23:00:00,COMP-C01,Zone_C,3.31,1.6,71.8,3779.0,71.4,OK
2024-01-01 23:00:00,COMP-C02,Zone_C,3.91,1.9,76.4,3729.0,63.9,OK
2024-01-01 23:00:00,FAN-D01,Zone_B,1.43,0.52,44.9,1215.0,64.7,OK
2024-01-02 00:00:00,PUMP-A01,Zone_A,2.55,1.34,58.3,1833.0,74.9,OK
2024-01-02 00:00:00,PUMP-A02,Zone_A,3.01,1.35,61.4,1850.0,71.9,OK
2024-01-02 00:00:00,PUMP-B01,Zone_B,2.28,1.26,62.1,1798.0,66.9,OK
2024-01-02 00:00:00,COMP-C01,Zone_C,3.37,1.61,75.0,3730.0,67.1,OK
2024-01-02 00:00:00,COMP-C02,Zone_C,3.39,1.66,78.1,3836.0,77.7,OK
2024-01-02 00:00:00,FAN-D01,Zone_B,1.85,0.75,46.3,1235.0,71.7,OK
2024-01-02 01:00:00,PUMP-A01,Zone_A,2.4,1.22,60.1,1869.0,73.7,OK
2024-01-02 01:00:00,PUMP-A02,Zone_A,2.7,1.48,59.1,1878.0,79.8,OK
2024-01-02 01:00:00,PUMP-B01,Zone_B,2.75,1.48,62.8,1837.0,76.8,OK
2024-01-02 01:00:00,COMP-C01,Zone_C,4.04,1.95,79.7,3810.0,76.4,OK
2024-01-02 01:00:00,COMP-C02,Zone_C,3.89,1.86,78.8,3769.0,73.0,OK
2024-01-02 01:00:00,FAN-D01,Zone_B,1.82,0.99,45.9,1248.0,71.9,OK
2024-01-02 02:00:00,PUMP-A01,Zone_A,2.72,1.57,59.9,1837.0,70.7,OK
2024-01-02 02:00:00,PUMP-A02,Zone_A,2.6,1.42,58.2,1861.0,78.6,OK
2024-01-02 02:00:00,PUMP-B01,Zone_B,2.87,1.33,61.5,1842.0,75.3,OK
2024-01-02 02:00:00,COMP-C01,Zone_C,3.59,1.83,76.5,3763.0,74.0,OK
2024-01-02 02:00:00,COMP-C02,Zone_C,3.49,1.93,75.6,3853.0,85.3,OK
2024-01-02 02:00:00,FAN-D01,Zone_B,2.06,1.14,51.4,1253.0,66.5,OK
2024-01-02 03:00:00,PUMP-A01,Zone_A,3.21,1.5,59.7,1867.0,83.9,OK
2024-01-02 03:00:00,PUMP-A02,Zone_A,2.51,1.18,59.4,1863.0,77.1,OK
2024-01-02 03:00:00,PUMP-B01,Zone_B,2.52,1.37,61.2,1864.0,74.3,OK
2024-01-02 03:00:00,COMP-C01,Zone_C,3.82,1.82,79.6,3846.0,82.9,OK
2024-01-02 03:00:00,COMP-C02,Zone_C,3.59,1.94,77.0,3842.0,81.6,OK
2024-01-02 03:00:00,FAN-D01,Zone_B,1.99,0.84,52.1,1280.0,89.6,OK
2024-01-02 04:00:00,PUMP-A01,Zone_A,2.49,1.0,57.9,1820.0,80.8,OK
2024-01-02 04:00:00,PUMP-A02,Zone_A,2.81,1.4,61.2,1886.0,86.8,OK
2024-01-02 04:00:00,PUMP-B01,Zone_B,3.08,1.63,62.0,1842.0,83.0,OK
2024-01-02 04:00:00,COMP-C01,Zone_C,3.65,1.8,78.4,3821.0,83.1,OK
2024-01-02 04:00:00,COMP-C02,Zone_C,4.12,2.12,77.9,3796.0,78.0,OK
2024-01-02 04:00:00,FAN-D01,Zone_B,1.72,1.04,50.7,1292.0,85.9,OK
2024-01-02 05:00:00,PUMP-A01,Zone_A,3.02,1.46,65.6,1899.0,89.0,OK
2024-01-02 05:00:00,PUMP-A02,Zone_A,3.31,1.62,63.6,1882.0,85.5,OK
2024-01-02 05:00:00,PUMP-B01,Zone_B,2.52,1.3,62.2,1850.0,81.2,OK
2024-01-02 05:00:00,COMP-C01,Zone_C,3.6,1.71,79.9,3887.0,81.6,OK
2024-01-02 05:00:00,COMP-C02,Zone_C,3.83,1.81,78.6,3852.0,84.7,OK
2024-01-02 05:00:00,FAN-D01,Zone_B,2.12,0.88,48.1,1281.0,76.1,OK
2024-01-02 06:00:00,PUMP-A01,Zone_A,3.18,1.54,65.1,1897.0,86.1,OK
2024-01-02 06:00:00,PUMP-A02,Zone_A,2.48,1.32,61.8,1839.0,84.8,OK
2024-01-02 06:00:00,PUMP-B01,Zone_B,2.54,1.31,63.3,1926.0,92.4,OK
2024-01-02 06:00:00,COMP-C01,Zone_C,3.59,1.63,78.7,3868.0,86.3,OK
2024-01-02 06:00:00,COMP-C02,Zone_C,4.03,1.84,79.2,3823.0,88.9,OK
2024-01-02 06:00:00,FAN-D01,Zone_B,1.52,0.87,47.6,1287.0,79.4,OK
2024-01-02 07:00:00,PUMP-A01,Zone_A,2.68,1.21,63.8,1879.0,84.3,OK
2024-01-02 07:00:00,PUMP-A02,Zone_A,2.2,1.02,61.6,1875.0,82.0,OK
2024-01-02 07:00:00,PUMP-B01,Zone_B,2.74,1.41,63.8,1907.0,82.9,OK
2024-01-02 07:00:00,COMP-C01,Zone_C,3.5,1.76,77.2,3850.0,85.7,OK
2024-01-02 07:00:00,COMP-C02,Zone_C,3.71,1.65,81.1,3873.0,88.2,OK
2024-01-02 07:00:00,FAN-D01,Zone_B,2.84,1.33,53.1,1245.0,86.2,OK
2024-01-02 08:00:00,PUMP-A01,Zone_A,2.88,1.34,61.4,1864.0,88.5,OK
2024-01-02 08:00:00,PUMP-A02,Zone_A,2.45,1.22,66.2,1910.0,92.6,OK
2024-01-02 08:00:00,PUMP-B01,Zone_B,2.97,1.6,63.6,1890.0,84.0,OK
2024-01-02 08:00:00,COMP-C01,Zone_C,3.67,1.94,77.6,3781.0,77.3,OK
2024-01-02 08:00:00,COMP-C02,Zone_C,3.64,1.92,81.8,3905.0,91.1,OK
2024-01-02 08:00:00,FAN-D01,Zone_B,2.06,1.16,49.3,1279.0,76.9,OK
2024-01-02 09:00:00,PUMP-A01,Zone_A,2.28,1.0,63.7,1854.0,79.7,OK
2024-01-02 09:00:00,PUMP-A02,Zone_A,2.47,1.11,59.4,1811.0,76.4,OK
2024-01-02 09:00:00,PUMP-B01,Zone_B,2.48,1.47,63.8,1906.0,88.8,OK
2024-01-02 09:00:00,COMP-C01,Zone_C,3.6,1.68,75.0,3800.0,79.0,OK
2024-01-02 09:00:00,COMP-C02,Zone_C,4.07,2.09,80.9,3906.0,85.7,OK
2024-01-02 09:00:00,FAN-D01,Zone_B,2.07,1.01,51.7,1279.0,84.9,OK
2024-01-02 10:00:00,PUMP-A01,Zone_A,2.21,0.99,59.7,1815.0,69.0,OK
2024-01-02 10:00:00,PUMP-A02,Zone_A,2.88,1.38,59.0,1901.0,84.5,OK
2024-01-02 10:00:00,PUMP-B01,Zone_B,2.63,1.18,60.1,1837.0,80.3,OK
2024-01-02 10:00:00,COMP-C01,Zone_C,3.58,1.73,78.2,3837.0,79.1,OK
2024-01-02 10:00:00,COMP-C02,Zone_C,3.6,1.8,76.6,3813.0,78.1,OK
2024-01-02 10:00:00,FAN-D01,Zone_B,1.75,0.85,50.4,1281.0,74.2,OK
2024-01-02 11:00:00,PUMP-A01,Zone_A,2.43,1.34,58.5,1839.0,70.3,OK
2024-01-02 11:00:00,PUMP-A02,Zone_A,2.18,1.14,58.4,1883.0,75.3,OK
2024-01-02 11:00:00,PUMP-B01,Zone_B,2.54,1.26,62.3,1828.0,73.0,OK
2024-01-02 11:00:00,COMP-C01,Zone_C,3.16,1.61,77.8,3881.0,84.9,OK
2024-01-02 11:00:00,COMP-C02,Zone_C,4.0,1.95,79.1,3776.0,69.9,OK
2024-01-02 11:00:00,FAN-D01,Zone_B,1.71,0.79,49.2,1255.0,82.0,OK
2024-01-02 12:00:00,PUMP-A01,Zone_A,2.63,1.4,56.4,1793.0,71.2,OK
2024-01-02 12:00:00,PUMP-A02,Zone_A,3.1,1.53,64.8,1840.0,71.9,OK
2024-01-02 12:00:00,PUMP-B01,Zone_B,2.69,1.25,61.0,1831.0,72.8,OK
2024-01-02 12:00:00,COMP-C01,Zone_C,3.35,1.81,73.6,3725.0,62.9,OK
2024-01-02 12:00:00,COMP-C02,Zone_C,3.81,1.92,81.7,3698.0,64.5,OK
2024-01-02 12:00:00,FAN-D01,Zone_B,1.93,1.01,50.2,1242.0,72.0,OK
2024-01-02 13:00:00,PUMP-A01,Zone_A,1.89,0.99,55.8,1766.0,62.2,OK
2024-01-02 13:00:00,PUMP-A02,Zone_A,2.36,1.21,58.3,1785.0,55.4,OK
2024-01-02 13:00:00,PUMP-B01,Zone_B,2.74,1.34,60.7,1806.0,66.5,OK
2024-01-02 13:00:00,COMP-C01,Zone_C,3.42,1.59,75.9,3717.0,67.7,OK
2024-01-02 13:00:00,COMP-C02,Zone_C,3.79,1.94,77.2,3717.0,66.3,OK
2024-01-02 13:00:00,FAN-D01,Zone_B,1.96,0.73,49.1,1235.0,70.2,OK
2024-01-02 14:00:00,PUMP-A01,Zone_A,2.43,1.27,58.7,1779.0,59.5,OK
2024-01-02 14:00:00,PUMP-A02,Zone_A,2.54,1.3,58.0,1744.0,64.9,OK
2024-01-02 14:00:00,PUMP-B01,Zone_B,2.44,1.37,60.2,1845.0,70.2,OK
2024-01-02 14:00:00,COMP-C01,Zone_C,3.3,1.61,74.3,3667.0,60.8,OK
2024-01-02 14:00:00,COMP-C02,Zone_C,3.45,1.73,76.8,3679.0,60.6,OK
2024-01-02 14:00:00,FAN-D01,Zone_B,2.47,1.13,49.4,1254.0,68.5,OK
2024-01-02 15:00:00,PUMP-A01,Zone_A,1.99,0.81,58.3,1754.0,52.6,OK
2024-01-02 15:00:00,PUMP-A02,Zone_A,2.38,1.15,59.0,1796.0,63.2,OK
2024-01-02 15:00:00,PUMP-B01,Zone_B,1.92,0.98,57.5,1781.0,56.7,OK
2024-01-02 15:00:00,COMP-C01,Zone_C,4.05,1.91,77.3,3649.0,62.3,OK
2024-01-02 15:00:00,COMP-C02,Zone_C,2.97,1.33,77.7,3696.0,58.5,OK
2024-01-02 15:00:00,FAN-D01,Zone_B,1.35,0.51,45.7,1243.0,58.3,OK
2024-01-02 16:00:00,PUMP-A01,Zone_A,2.72,1.39,62.8,1800.0,67.8,OK
2024-01-02 16:00:00,PUMP-A02,Zone_A,2.47,1.24,62.9,1778.0,64.8,OK
2024-01-02 16:00:00,PUMP-B01,Zone_B,1.95,0.88,59.8,1772.0,55.2,OK
2024-01-02 16:00:00,COMP-C01,Zone_C,3.22,1.64,73.4,3618.0,53.7,OK
2024-01-02 16:00:00,COMP-C02,Zone_C,2.99,1.65,74.5,3671.0,62.0,OK
2024-01-02 16:00:00,FAN-D01,Zone_B,2.02,0.95,47.7,1227.0,55.8,OK
2024-01-02 17:00:00,PUMP-A01,Zone_A,2.36,1.2,61.0,1777.0,52.3,OK
2024-01-02 17:00:00,PUMP-A02,Zone_A,2.49,1.3,58.4,1761.0,58.1,OK
2024-01-02 17:00:00,PUMP-B01,Zone_B,2.92,1.35,58.4,1712.0,50.3,OK
2024-01-02 17:00:00,COMP-C01,Zone_C,3.63,1.84,76.2,3603.0,54.1,OK
2024-01-02 17:00:00,COMP-C02,Zone_C,3.27,1.8,76.0,3639.0,54.7,OK
2024-01-02 17:00:00,FAN-D01,Zone_B,1.84,0.95,47.7,1201.0,59.2,OK
2024-01-02 18:00:00,PUMP-A01,Zone_A,2.23,1.17,60.6,1761.0,57.0,OK
2024-01-02 18:00:00,PUMP-A02,Zone_A,2.67,1.15,59.0,1814.0,55.1,OK
2024-01-02 18:00:00,PUMP-B01,Zone_B,2.77,1.45,59.1,1788.0,58.8,SUSPECT
2024-01-02 18:00:00,COMP-C01,Zone_C,3.02,1.64,73.1,3608.0,48.9,OK
2024-01-02 18:00:00,COMP-C02,Zone_C,3.07,1.58,77.9,3704.0,63.3,OK
2024-01-02 18:00:00,FAN-D01,Zone_B,1.29,0.6,44.1,1176.0,52.0,OK
2024-01-02 19:00:00,PUMP-A01,Zone_A,2.52,1.36,56.6,1792.0,64.1,OK
2024-01-02 19:00:00,PUMP-A02,Zone_A,2.1,1.07,55.2,1762.0,46.7,OK
2024-01-02 19:00:00,PUMP-B01,Zone_B,2.79,1.6,63.0,1763.0,52.7,OK
2024-01-02 19:00:00,COMP-C01,Zone_C,3.68,1.84,79.1,3671.0,61.6,OK
2024-01-02 19:00:00,COMP-C02,Zone_C,3.56,1.87,75.8,3624.0,54.7,OK
2024-01-02 19:00:00,FAN-D01,Zone_B,1.46,0.65,46.9,1222.0,62.9,OK
2024-01-02 20:00:00,PUMP-A01,Zone_A,2.15,1.26,61.2,1814.0,64.6,OK
2024-01-02 20:00:00,PUMP-A02,Zone_A,2.31,1.27,54.7,1808.0,59.9,OK
2024-01-02 20:00:00,PUMP-B01,Zone_B,2.39,1.02,58.9,1744.0,54.6,OK
2024-01-02 20:00:00,COMP-C01,Zone_C,3.32,1.62,76.1,3666.0,56.3,OK
2024-01-02 20:00:00,COMP-C02,Zone_C,3.3,1.83,78.0,3551.0,51.2,OK
2024-01-02 20:00:00,FAN-D01,Zone_B,1.32,0.7,45.0,1218.0,54.7,OK
2024-01-02 21:00:00,PUMP-A01,Zone_A,2.14,0.99,57.7,1777.0,58.9,OK
2024-01-02 21:00:00,PUMP-A02,Zone_A,2.88,1.39,59.9,1783.0,61.2,OK
2024-01-02 21:00:00,PUMP-B01,Zone_B,2.49,1.22,57.8,1758.0,47.3,OK
2024-01-02 21:00:00,COMP-C01,Zone_C,3.25,1.71,73.9,3684.0,62.0,OK
2024-01-02 21:00:00,COMP-C02,Zone_C,3.52,1.63,77.3,3671.0,63.4,OK
2024-01-02 21:00:00,FAN-D01,Zone_B,1.6,0.76,46.0,1206.0,59.2,OK
2024-01-02 22:00:00,PUMP-A01,Zone_A,2.15,1.08,59.5,1820.0,63.5,OK
2024-01-02 22:00:00,PUMP-A02,Zone_A,3.0,1.49,58.9,1813.0,66.0,OK
2024-01-02 22:00:00,PUMP-B01,Zone_B,1.74,0.77,59.2,1819.0,64.7,OK
2024-01-02 22:00:00,COMP-C01,Zone_C,3.56,1.71,77.3,3792.0,72.8,OK
2024-01-02 22:00:00,COMP-C02,Zone_C,3.25,1.53,75.7,3651.0,59.3,OK
2024-01-02 22:00:00,FAN-D01,Zone_B,1.96,1.01,48.9,1242.0,70.6,OK
2024-01-02 23:00:00,PUMP-A01,Zone_A,2.47,1.55,60.6,1820.0,70.5,OK
2024-01-02 23:00:00,PUMP-A02,Zone_A,2.25,0.94,59.1,1819.0,62.4,OK
2024-01-02 23:00:00,PUMP-B01,Zone_B,2.42,1.34,60.5,1861.0,75.5,OK
2024-01-02 23:00:00,COMP-C01,Zone_C,3.71,1.94,76.6,3766.0,70.4,OK
2024-01-02 23:00:00,COMP-C02,Zone_C,3.16,1.62,79.9,3696.0,64.4,OK
2024-01-02 23:00:00,FAN-D01,Zone_B,1.78,0.94,47.6,1230.0,60.8,OK
2024-01-03 00:00:00,PUMP-A01,Zone_A,2.42,1.31,61.7,1810.0,64.7,OK
2024-01-03 00:00:00,PUMP-A02,Zone_A,2.81,1.43,62.5,1849.0,82.9,OK
2024-01-03 00:00:00,PUMP-B01,Zone_B,2.84,1.41,55.9,1825.0,65.0,OK
2024-01-03 00:00:00,COMP-C01,Zone_C,3.79,1.95,75.6,3712.0,67.0,OK
2024-01-03 00:00:00,COMP-C02,Zone_C,3.37,1.59,79.9,3728.0,68.8,OK
2024-01-03 00:00:00,FAN-D01,Zone_B,2.16,1.07,51.6,1214.0,68.4,OK
2024-01-03 01:00:00,PUMP-A01,Zone_A,2.17,1.2,58.3,1824.0,69.4,OK
2024-01-03 01:00:00,PUMP-A02,Zone_A,2.71,1.3,62.5,1829.0,74.9,OK
2024-01-03 01:00:00,PUMP-B01,Zone_B,2.25,1.05,61.0,1875.0,74.5,OK
2024-01-03 01:00:00,COMP-C01,Zone_C,3.77,1.76,79.7,3793.0,74.8,OK
2024-01-03 01:00:00,COMP-C02,Zone_C,3.53,1.67,80.0,3834.0,77.2,OK
2024-01-03 01:00:00,FAN-D01,Zone_B,1.81,0.89,47.1,1261.0,73.3,OK
2024-01-03 02:00:00,PUMP-A01,Zone_A,2.83,1.37,62.6,1856.0,79.2,OK
2024-01-03 02:00:00,PUMP-A02,Zone_A,2.4,1.27,59.7,1859.0,76.2,OK
2024-01-03 02:00:00,PUMP-B01,Zone_B,2.53,1.23,60.9,1889.0,79.3,OK
2024-01-03 02:00:00,COMP-C01,Zone_C,3.82,2.01,76.5,3755.0,76.0,OK
2024-01-03 02:00:00,COMP-C02,Zone_C,3.59,1.78,78.5,3866.0,82.3,OK
2024-01-03 02:00:00,FAN-D01,Zone_B,2.28,1.17,52.2,1287.0,83.3,OK
2024-01-03 03:00:00,PUMP-A01,Zone_A,1.83,0.99,58.5,1880.0,81.6,OK
2024-01-03 03:00:00,PUMP-A02,Zone_A,2.58,1.5,58.1,1843.0,71.5,OK
2024-01-03 03:00:00,PUMP-B01,Zone_B,2.71,1.2,61.8,1901.0,88.8,OK
2024-01-03 03:00:00,COMP-C01,Zone_C,3.63,1.96,79.1,3798.0,76.4,OK
2024-01-03 03:00:00,COMP-C02,Zone_C,3.35,1.54,76.2,3802.0,77.5,OK
2024-01-03 03:00:00,FAN-D01,Zone_B,1.28,0.69,46.1,1269.0,80.4,OK
2024-01-03 04:00:00,PUMP-A01,Zone_A,2.57,1.21,62.1,1838.0,83.4,OK
2024-01-03 04:00:00,PUMP-A02,Zone_A,2.64,1.24,61.9,1896.0,89.7,OK
2024-01-03 04:00:00,PUMP-B01,Zone_B,2.94,1.47,65.8,1844.0,81.4,OK
2024-01-03 04:00:00,COMP-C01,Zone_C,3.46,1.59,74.5,3827.0,82.7,OK
2024-01-03 04:00:00,COMP-C02,Zone_C,3.17,1.67,76.8,3857.0,84.3,OK
2024-01-03 04:00:00,FAN-D01,Zone_B,1.75,0.81,50.6,1284.0,83.7,OK
2024-01-03 05:00:00,PUMP-A01,Zone_A,2.5,1.15,60.1,1819.0,73.7,OK
2024-01-03 05:00:00,PUMP-A02,Zone_A,2.6,1.42,64.0,1882.0,84.9,OK
2024-01-03 05:00:00,PUMP-B01,Zone_B,2.85,1.45,64.0,1869.0,84.0,OK
2024-01-03 05:00:00,COMP-C01,Zone_C,3.46,1.56,77.2,3860.0,85.9,OK
2024-01-03 05:00:00,COMP-C02,Zone_C,3.67,1.73,81.0,3830.0,81.7,OK
2024-01-03 05:00:00,FAN-D01,Zone_B,2.16,1.26,48.8,1282.0,80.2,OK
2024-01-03 06:00:00,PUMP-A01,Zone_A,3.15,1.55,63.9,1877.0,90.0,OK
2024-01-03 06:00:00,PUMP-A02,Zone_A,2.46,1.04,63.9,1841.0,86.3,OK
2024-01-03 06:00:00,PUMP-B01,Zone_B,2.37,1.15,59.6,1913.0,90.2,OK
2024-01-03 06:00:00,COMP-C01,Zone_C,3.53,1.77,78.1,3825.0,83.9,OK
2024-01-03 06:00:00,COMP-C02,Zone_C,3.12,1.48,79.4,3828.0,82.2,OK
2024-01-03 06:00:00,FAN-D01,Zone_B,1.89,0.94,48.8,1341.0,93.1,OK
2024-01-03 07:00:00,PUMP-A01,Zone_A,2.57,1.27,61.7,1880.0,87.2,OK
2024-01-03 07:00:00,PUMP-A02,Zone_A,2.52,1.25,61.8,1828.0,82.6,OK
2024-01-03 07:00:00,PUMP-B01,Zone_B,2.67,1.38,59.2,1899.0,90.4,OK
2024-01-03 07:00:00,COMP-C01,Zone_C,3.26,1.79,77.9,3811.0,78.9,OK
2024-01-03 07:00:00,COMP-C02,Zone_C,3.32,1.6,76.8,3773.0,75.5,OK
2024-01-03 07:00:00,FAN-D01,Zone_B,2.07,1.13,46.7,1278.0,82.1,OK
2024-01-03 08:00:00,PUMP-A01,Zone_A,2.0,0.97,63.5,1883.0,93.4,OK
2024-01-03 08:00:00,PUMP-A02,Zone_A,2.35,1.17,60.8,1891.0,92.8,OK
2024-01-03 08:00:00,PUMP-B01,Zone_B,2.97,1.49,63.0,1879.0,84.3,OK
2024-01-03 08:00:00,COMP-C01,Zone_C,3.9,1.94,76.6,3810.0,81.0,OK
2024-01-03 08:00:00,COMP-C02,Zone_C,3.15,1.7,76.4,3877.0,88.6,OK
2024-01-03 08:00:00,FAN-D01,Zone_B,1.17,0.86,47.8,1276.0,79.7,OK
2024-01-03 09:00:00,PUMP-A01,Zone_A,2.79,1.46,62.7,1862.0,80.3,OK
2024-01-03 09:00:00,PUMP-A02,Zone_A,2.55,1.26,63.2,1882.0,81.1,OK
2024-01-03 09:00:00,PUMP-B01,Zone_B,2.63,1.28,63.9,1872.0,83.9,OK
2024-01-03 09:00:00,COMP-C01,Zone_C,3.45,1.84,77.4,3846.0,85.3,OK
2024-01-03 09:00:00,COMP-C02,Zone_C,3.87,1.99,78.0,3865.0,85.4,OK
2024-01-03 09:00:00,FAN-D01,Zone_B,2.28,1.2,51.7,1293.0,82.8,OK
2024-01-03 10:00:00,PUMP-A01,Zone_A,2.55,1.2,59.5,1828.0,77.4,OK
2024-01-03 10:00:00,PUMP-A02,Zone_A,2.53,1.27,61.9,1846.0,76.8,OK
2024-01-03 10:00:00,PUMP-B01,Zone_B,2.77,1.48,58.1,1830.0,77.5,OK
2024-01-03 10:00:00,COMP-C01,Zone_C,3.37,1.67,78.5,3788.0,73.7,OK
2024-01-03 10:00:00,COMP-C02,Zone_C,3.75,1.75,78.2,3748.0,76.2,OK
2024-01-03 10:00:00,FAN-D01,Zone_B,1.99,1.0,51.9,1252.0,78.9,OK
2024-01-03 11:00:00,PUMP-A01,Zone_A,2.72,1.31,63.3,1890.0,82.9,OK
2024-01-03 11:00:00,PUMP-A02,Zone_A,2.9,1.33,60.8,1821.0,69.0,OK
2024-01-03 11:00:00,PUMP-B01,Zone_B,2.33,1.12,59.0,1798.0,73.8,OK
2024-01-03 11:00:00,COMP-C01,Zone_C,3.58,1.88,75.5,3765.0,74.6,OK
2024-01-03 11:00:00,COMP-C02,Zone_C,3.38,1.66,74.9,3784.0,78.0,OK
2024-01-03 11:00:00,FAN-D01,Zone_B,1.6,0.78,50.1,1268.0,69.8,OK
2024-01-03 12:00:00,PUMP-A01,Zone_A,2.63,1.26,55.6,1825.0,72.0,OK
2024-01-03 12:00:00,PUMP-A02,Zone_A,2.25,1.14,59.6,1828.0,69.3,OK
2024-01-03 12:00:00,PUMP-B01,Zone_B,2.32,1.13,60.9,1825.0,70.4,OK
2024-01-03 12:00:00,COMP-C01,Zone_C,3.55,1.49,77.7,3795.0,76.0,OK
2024-01-03 12:00:00,COMP-C02,Zone_C,3.32,1.65,75.5,3700.0,67.2,OK
2024-01-03 12:00:00,FAN-D01,Zone_B,2.02,0.97,54.0,1257.0,77.3,OK
2024-01-03 13:00:00,PUMP-A01,Zone_A,2.06,1.11,59.8,1797.0,69.5,OK
2024-01-03 13:00:00,PUMP-A02,Zone_A,2.01,1.16,56.6,1812.0,61.6,OK
2024-01-03 13:00:00,PUMP-B01,Zone_B,2.28,1.12,59.1,1813.0,64.5,OK
2024-01-03 13:00:00,COMP-C01,Zone_C,3.09,1.53,70.0,3649.0,61.1,OK
2024-01-03 13:00:00,COMP-C02,Zone_C,3.58,1.76,78.0,3819.0,78.2,OK
2024-01-03 13:00:00,FAN-D01,Zone_B,1.57,0.8,51.1,1266.0,68.9,OK
2024-01-03 14:00:00,PUMP-A01,Zone_A,2.38,1.13,59.6,1817.0,65.9,OK
2024-01-03 14:00:00,PUMP-A02,Zone_A,2.1,1.12,60.6,1841.0,70.2,OK
2024-01-03 14:00:00,PUMP-B01,Zone_B,2.31,0.99,57.7,1749.0,54.5,OK
2024-01-03 14:00:00,COMP-C01,Zone_C,3.55,1.75,75.9,3761.0,70.8,OK
2024-01-03 14:00:00,COMP-C02,Zone_C,3.79,1.95,74.4,3670.0,60.6,OK
2024-01-03 14:00:00,FAN-D01,Zone_B,2.21,0.99,50.5,1207.0,63.7,OK
2024-01-03 15:00:00,PUMP-A01,Zone_A,2.71,1.35,58.6,1788.0,58.2,OK
2024-01-03 15:00:00,PUMP-A02,Zone_A,2.35,1.18,59.9,1764.0,60.2,OK
2024-01-03 15:00:00,PUMP-B01,Zone_B,2.44,1.18,59.5,1818.0,69.5,OK
2024-01-03 15:00:00,COMP-C01,Zone_C,3.46,1.71,74.1,3706.0,66.3,OK
2024-01-03 15:00:00,COMP-C02,Zone_C,2.89,1.49,78.6,3664.0,57.2,OK
2024-01-03 15:00:00,FAN-D01,Zone_B,1.64,0.87,45.4,1209.0,52.6,OK
2024-01-03 16:00:00,PUMP-A01,Zone_A,2.23,1.16,62.0,1782.0,59.1,OK
2024-01-03 16:00:00,PUMP-A02,Zone_A,2.71,1.38,56.6,1799.0,56.1,OK
2024-01-03 16:00:00,PUMP-B01,Zone_B,1.98,1.05,59.3,1769.0,55.4,OK
2024-01-03 16:00:00,COMP-C01,Zone_C,3.11,1.55,73.7,3631.0,54.7,OK
2024-01-03 16:00:00,COMP-C02,Zone_C,3.58,1.77,74.4,3625.0,55.2,OK
2024-01-03 16:00:00,FAN-D01,Zone_B,1.78,0.9,49.1,1238.0,63.6,OK
2024-01-03 17:00:00,PUMP-A01,Zone_A,1.76,0.97,54.3,1773.0,52.1,OK
2024-01-03 17:00:00,PUMP-A02,Zone_A,2.4,1.22,58.3,1752.0,59.2,OK
2024-01-03 17:00:00,PUMP-B01,Zone_B,2.95,1.32,62.7,1783.0,56.0,OK
2024-01-03 17:00:00,COMP-C01,Zone_C,3.3,1.79,74.4,3659.0,56.0,OK
2024-01-03 17:00:00,COMP-C02,Zone_C,2.91,1.49,75.4,3587.0,48.3,OK
2024-01-03 17:00:00,FAN-D01,Zone_B,1.85,1.05,46.3,1208.0,53.4,OK
2024-01-03 18:00:00,PUMP-A01,Zone_A,2.65,1.44,55.9,1768.0,61.2,OK
2024-01-03 18:00:00,PUMP-A02,Zone_A,1.6,0.73,54.8,1787.0,56.6,OK
2024-01-03 18:00:00,PUMP-B01,Zone_B,2.58,1.34,55.6,1756.0,58.4,OK
2024-01-03 18:00:00,COMP-C01,Zone_C,3.51,1.71,72.9,3629.0,51.6,OK
2024-01-03 18:00:00,COMP-C02,Zone_C,3.84,2.02,76.1,3643.0,52.0,OK
2024-01-03 18:00:00,FAN-D01,Zone_B,1.44,0.78,46.2,1212.0,51.0,OK
2024-01-03 19:00:00,PUMP-A01,Zone_A,2.73,1.27,58.6,1751.0,58.8,OK
2024-01-03 19:00:00,PUMP-A02,Zone_A,2.41,1.32,60.5,1727.0,56.8,OK
2024-01-03 19:00:00,PUMP-B01,Zone_B,2.57,1.33,60.5,1783.0,56.7,OK
2024-01-03 19:00:00,COMP-C01,Zone_C,2.98,1.6,76.1,3591.0,52.4,OK
2024-01-03 19:00:00,COMP-C02,Zone_C,3.03,1.47,76.0,3653.0,55.5,OK
2024-01-03 19:00:00,FAN-D01,Zone_B,1.83,0.99,45.6,1222.0,59.8,OK
2024-01-03 20:00:00,PUMP-A01,Zone_A,2.43,1.15,60.2,1784.0,59.5,OK
2024-01-03 20:00:00,PUMP-A02,Zone_A,2.81,1.3,59.0,1787.0,59.1,OK
2024-01-03 20:00:00,PUMP-B01,Zone_B,2.55,1.24,60.7,1749.0,54.6,OK
2024-01-03 20:00:00,COMP-C01,Zone_C,4.01,2.01,75.7,3695.0,60.1,OK
2024-01-03 20:00:00,COMP-C02,Zone_C,2.86,1.54,72.7,3586.0,51.9,OK
2024-01-03 20:00:00,FAN-D01,Zone_B,2.03,1.19,47.2,1221.0,64.7,OK
2024-01-03 21:00:00,PUMP-A01,Zone_A,2.46,1.28,61.0,1769.0,58.6,OK
2024-01-03 21:00:00,PUMP-A02,Zone_A,2.32,1.13,58.2,1839.0,66.6,OK
2024-01-03 21:00:00,PUMP-B01,Zone_B,2.42,1.13,58.5,1788.0,61.1,OK
2024-01-03 21:00:00,COMP-C01,Zone_C,3.88,1.83,72.9,3622.0,54.8,OK
2024-01-03 21:00:00,COMP-C02,Zone_C,3.11,1.46,75.5,3636.0,59.0,OK
2024-01-03 21:00:00,FAN-D01,Zone_B,1.75,0.9,45.9,1222.0,59.7,OK
2024-01-03 22:00:00,PUMP-A01,Zone_A,2.63,1.2,60.5,1788.0,56.0,OK
2024-01-03 22:00:00,PUMP-A02,Zone_A,2.04,1.0,59.7,1834.0,70.2,OK
2024-01-03 22:00:00,PUMP-B01,Zone_B,2.41,1.2,56.5,1835.0,67.7,OK
2024-01-03 22:00:00,COMP-C01,Zone_C,3.62,1.77,77.6,3706.0,65.1,OK
2024-01-03 22:00:00,COMP-C02,Zone_C,3.49,1.71,76.0,3686.0,62.4,OK
2024-01-03 22:00:00,FAN-D01,Zone_B,1.62,0.81,47.7,1273.0,66.6,OK
2024-01-03 23:00:00,PUMP-A01,Zone_A,2.28,1.16,59.1,1798.0,59.7,OK
2024-01-03 23:00:00,PUMP-A02,Zone_A,2.19,1.26,58.3,1788.0,64.9,OK
2024-01-03 23:00:00,PUMP-B01,Zone_B,2.58,1.34,59.6,1801.0,63.2,OK
2024-01-03 23:00:00,COMP-C01,Zone_C,3.73,1.88,80.9,3771.0,69.8,OK
2024-01-03 23:00:00,COMP-C02,Zone_C,3.82,2.15,76.0,3736.0,69.5,OK
2024-01-03 23:00:00,FAN-D01,Zone_B,1.88,1.16,46.2,1244.0,59.2,OK
2024-01-04 00:00:00,PUMP-A01,Zone_A,3.11,1.48,59.8,1844.0,67.0,OK
2024-01-04 00:00:00,PUMP-A02,Zone_A,2.54,1.35,60.5,1821.0,74.3,OK
2024-01-04 00:00:00,PUMP-B01,Zone_B,2.1,1.13,58.4,1840.0,67.5,OK
2024-01-04 00:00:00,COMP-C01,Zone_C,3.21,1.62,76.6,3745.0,68.6,OK
2024-01-04 00:00:00,COMP-C02,Zone_C,3.16,1.5,82.0,3720.0,68.3,OK
2024-01-04 00:00:00,FAN-D01,Zone_B,1.72,0.79,51.1,1284.0,76.2,OK
2024-01-04 01:00:00,PUMP-A01,Zone_A,2.6,1.08,60.1,1838.0,73.3,OK
2024-01-04 01:00:00,PUMP-A02,Zone_A,2.5,1.29,61.7,1791.0,69.6,OK
2024-01-04 01:00:00,PUMP-B01,Zone_B,3.18,1.48,62.9,1853.0,76.0,OK
2024-01-04 01:00:00,COMP-C01,Zone_C,3.75,1.89,80.9,3718.0,69.3,OK
2024-01-04 01:00:00,COMP-C02,Zone_C,3.44,1.69,81.8,3721.0,70.3,OK
2024-01-04 01:00:00,FAN-D01,Zone_B,1.68,0.77,47.6,1260.0,76.0,OK
2024-01-04 02:00:00,PUMP-A01,Zone_A,2.2,0.91,64.4,1906.0,82.6,OK
2024-01-04 02:00:00,PUMP-A02,Zone_A,2.21,1.2,59.9,1853.0,79.4,OK
2024-01-04 02:00:00,PUMP-B01,Zone_B,2.25,1.15,57.9,1830.0,72.4,OK
2024-01-04 02:00:00,COMP-C01,Zone_C,3.21,1.59,77.3,3774.0,75.5,OK
2024-01-04 02:00:00,COMP-C02,Zone_C,4.35,2.06,82.2,3786.0,76.0,OK
2024-01-04 02:00:00,FAN-D01,Zone_B,1.96,1.02,50.9,1303.0,82.5,OK
2024-01-04 03:00:00,PUMP-A01,Zone_A,2.31,1.13,59.6,1864.0,86.1,OK
2024-01-04 03:00:00,PUMP-A02,Zone_A,2.89,1.49,61.9,1850.0,80.3,OK
2024-01-04 03:00:00,PUMP-B01,Zone_B,2.94,1.42,57.9,1851.0,77.6,OK
2024-01-04 03:00:00,COMP-C01,Zone_C,3.23,1.6,76.6,3818.0,83.7,OK
2024-01-04 03:00:00,COMP-C02,Zone_C,3.85,1.81,78.8,3878.0,85.1,OK
2024-01-04 03:00:00,FAN-D01,Zone_B,2.36,1.32,51.6,1279.0,80.6,OK
2024-01-04 04:00:00,PUMP-A01,Zone_A,2.8,1.31,64.8,1895.0,83.4,OK
2024-01-04 04:00:00,PUMP-A02,Zone_A,2.63,1.35,62.3,1881.0,86.5,OK
2024-01-04 04:00:00,PUMP-B01,Zone_B,2.77,1.48,60.6,1917.0,91.5,OK
2024-01-04 04:00:00,COMP-C01,Zone_C,3.97,1.92,77.4,3832.0,85.0,OK
2024-01-04 04:00:00,COMP-C02,Zone_C,3.62,1.9,76.5,3796.0,81.1,OK
2024-01-04 04:00:00,FAN-D01,Zone_B,2.18,1.19,49.2,1320.0,90.6,OK
2024-01-04 05:00:00,PUMP-A01,Zone_A,2.35,1.08,62.4,1885.0,85.3,OK
2024-01-04 05:00:00,PUMP-A02,Zone_A,2.78,1.5,62.6,1824.0,79.7,OK
2024-01-04 05:00:00,PUMP-B01,Zone_B,2.69,1.29,59.5,1870.0,81.0,OK
2024-01-04 05:00:00,COMP-C01,Zone_C,3.73,1.81,78.1,3771.0,74.7,OK
2024-01-04 05:00:00,COMP-C02,Zone_C,3.58,1.86,79.6,3867.0,87.9,OK
2024-01-04 05:00:00,FAN-D01,Zone_B,2.0,1.12,49.0,1272.0,86.1,OK
2024-01-04 06:00:00,PUMP-A01,Zone_A,2.63,1.3,61.9,1850.0,79.9,OK
2024-01-04 06:00:00,PUMP-A02,Zone_A,2.93,1.6,64.3,1874.0,92.2,OK
2024-01-04 06:00:00,PUMP-B01,Zone_B,3.27,1.74,63.7,1901.0,86.9,OK
2024-01-04 06:00:00,COMP-C01,Zone_C,3.59,1.66,78.1,3925.0,90.2,OK
2024-01-04 06:00:00,COMP-C02,Zone_C,3.86,2.02,78.2,3823.0,86.8,OK
2024-01-04 06:00:00,FAN-D01,Zone_B,2.31,1.21,50.9,1309.0,85.6,OK
2024-01-04 07:00:00,PUMP-A01,Zone_A,3.09,1.68,62.1,1905.0,94.3,OK
2024-01-04 07:00:00,PUMP-A02,Zone_A,2.73,1.33,65.3,1838.0,82.1,OK
2024-01-04 07:00:00,PUMP-B01,Zone_B,3.09,1.63,63.3,1872.0,82.8,OK
2024-01-04 07:00:00,COMP-C01,Zone_C,4.62,2.2,80.3,3845.0,86.8,OK
2024-01-04 07:00:00,COMP-C02,Zone_C,4.19,2.25,79.1,3858.0,86.4,OK
2024-01-04 07:00:00,FAN-D01,Zone_B,1.89,1.04,50.7,1265.0,83.7,OK
2024-01-04 08:00:00,PUMP-A01,Zone_A,2.81,1.32,63.1,1858.0,77.3,OK
2024-01-04 08:00:00,PUMP-A02,Zone_A,2.62,1.43,61.0,1860.0,79.8,OK
2024-01-04 08:00:00,PUMP-B01,Zone_B,2.54,1.2,60.8,1852.0,80.4,OK
2024-01-04 08:00:00,COMP-C01,Zone_C,3.45,1.66,79.5,3748.0,75.2,OK
2024-01-04 08:00:00,COMP-C02,Zone_C,3.37,1.56,76.9,3813.0,80.6,OK
2024-01-04 08:00:00,FAN-D01,Zone_B,2.04,1.11,49.7,1274.0,83.9,OK
2024-01-04 09:00:00,PUMP-A01,Zone_A,2.82,1.23,61.0,1840.0,80.4,OK
2024-01-04 09:00:00,PUMP-A02,Zone_A,2.63,1.17,63.0,1839.0,82.1,OK
2024-01-04 09:00:00,PUMP-B01,Zone_B,2.88,1.38,61.5,1839.0,80.2,OK
2024-01-04 09:00:00,COMP-C01,Zone_C,4.1,2.16,80.3,3808.0,77.4,OK
2024-01-04 09:00:00,COMP-C02,Zone_C,3.54,1.86,78.2,3796.0,82.6,OK
2024-01-04 09:00:00,FAN-D01,Zone_B,1.4,0.66,50.2,1190.0,73.6,OK
2024-01-04 10:00:00,PUMP-A01,Zone_A,3.0,1.47,60.4,1798.0,69.0,OK
2024-01-04 10:00:00,PUMP-A02,Zone_A,2.18,1.06,65.3,1846.0,76.0,OK
2024-01-04 10:00:00,PUMP-B01,Zone_B,3.03,1.4,62.4,1821.0,79.0,OK
2024-01-04 10:00:00,COMP-C01,Zone_C,3.34,1.72,76.0,3740.0,72.0,OK
2024-01-04 10:00:00,COMP-C02,Zone_C,3.89,1.89,76.5,3763.0,72.0,OK
2024-01-04 10:00:00,FAN-D01,Zone_B,2.0,1.05,47.7,1271.0,76.3,OK
2024-01-04 11:00:00,PUMP-A01,Zone_A,2.35,1.09,61.4,1835.0,75.9,OK
2024-01-04 11:00:00,PUMP-A02,Zone_A,2.25,1.05,60.0,1852.0,80.0,OK
2024-01-04 11:00:00,PUMP-B01,Zone_B,2.58,1.27,55.6,1804.0,69.2,OK
2024-01-04 11:00:00,COMP-C01,Zone_C,3.1,1.75,72.7,3695.0,63.3,OK
2024-01-04 11:00:00,COMP-C02,Zone_C,3.4,1.74,77.2,3781.0,71.3,OK
2024-01-04 11:00:00,FAN-D01,Zone_B,2.0,0.93,48.3,1232.0,63.2,OK
2024-01-04 12:00:00,PUMP-A01,Zone_A,2.35,1.21,58.6,1818.0,59.6,OK
2024-01-04 12:00:00,PUMP-A02,Zone_A,2.21,1.02,58.1,1818.0,67.9,OK
2024-01-04 12:00:00,PUMP-B01,Zone_B,2.32,1.19,57.9,1837.0,67.7,OK
2024-01-04 12:00:00,COMP-C01,Zone_C,3.61,1.74,77.3,3786.0,73.8,SUSPECT
2024-01-04 12:00:00,COMP-C02,Zone_C,3.29,1.72,76.2,3773.0,70.5,OK
2024-01-04 12:00:00,FAN-D01,Zone_B,1.86,1.0,45.8,1257.0,69.7,OK
2024-01-04 13:00:00,PUMP-A01,Zone_A,2.28,1.24,61.4,1813.0,70.5,OK
2024-01-04 13:00:00,PUMP-A02,Zone_A,2.15,1.06,58.1,1810.0,73.5,OK
2024-01-04 13:00:00,PUMP-B01,Zone_B,2.7,1.33,61.2,1815.0,71.1,OK
2024-01-04 13:00:00,COMP-C01,Zone_C,3.59,1.63,76.2,3674.0,60.4,OK
2024-01-04 13:00:00,COMP-C02,Zone_C,3.66,1.98,75.6,3775.0,72.1,OK
2024-01-04 13:00:00,FAN-D01,Zone_B,2.03,0.9,51.4,1254.0,74.9,OK
2024-01-04 14:00:00,PUMP-A01,Zone_A,2.81,1.38,60.3,1763.0,59.9,OK
2024-01-04 14:00:00,PUMP-A02,Zone_A,1.84,1.0,54.4,1783.0,59.6,OK
2024-01-04 14:00:00,PUMP-B01,Zone_B,2.85,1.34,61.5,1812.0,67.1,OK
2024-01-04 14:00:00,COMP-C01,Zone_C,3.71,1.84,78.5,3735.0,63.5,OK
2024-01-04 14:00:00,COMP-C02,Zone_C,3.08,1.78,78.4,3687.0,61.9,OK
2024-01-04 14:00:00,FAN-D01,Zone_B,2.38,1.02,50.5,1246.0,65.5,OK
2024-01-04 15:00:00,PUMP-A01,Zone_A,2.22,1.3,58.5,1732.0,49.9,OK
2024-01-04 15:00:00,PUMP-A02,Zone_A,2.64,1.36,59.4,1722.0,52.7,OK
2024-01-04 15:00:00,PUMP-B01,Zone_B,2.15,1.18,54.6,1732.0,53.0,OK
2024-01-04 15:00:00,COMP-C01,Zone_C,2.9,1.5,74.2,3555.0,45.2,OK
2024-01-04 15:00:00,COMP-C02,Zone_C,3.36,1.72,73.7,3593.0,50.0,OK
2024-01-04 15:00:00,FAN-D01,Zone_B,1.6,0.82,47.3,1200.0,59.6,OK
2024-01-04 16:00:00,PUMP-A01,Zone_A,2.11,1.03,59.0,1772.0,55.3,OK
2024-01-04 16:00:00,PUMP-A02,Zone_A,2.19,0.88,60.4,1773.0,57.8,OK
2024-01-04 16:00:00,PUMP-B01,Zone_B,1.98,0.92,57.3,1806.0,59.1,OK
2024-01-04 16:00:00,COMP-C01,Zone_C,3.75,1.86,74.5,3645.0,53.1,OK
2024-01-04 16:00:00,COMP-C02,Zone_C,3.36,1.63,72.5,3655.0,58.6,OK
2024-01-04 16:00:00,FAN-D01,Zone_B,1.61,0.94,49.9,1228.0,58.6,OK
2024-01-04 17:00:00,PUMP-A01,Zone_A,2.19,1.28,59.6,1805.0,56.5,OK
2024-01-04 17:00:00,PUMP-A02,Zone_A,2.76,1.36,61.7,1782.0,58.3,OK
2024-01-04 17:00:00,PUMP-B01,Zone_B,2.33,1.29,54.2,1772.0,54.6,OK
2024-01-04 17:00:00,COMP-C01,Zone_C,3.37,1.84,74.0,3640.0,56.2,OK
2024-01-04 17:00:00,COMP-C02,Zone_C,3.37,1.74,74.4,3689.0,60.7,OK
2024-01-04 17:00:00,FAN-D01,Zone_B,1.6,0.93,49.3,1225.0,59.8,OK
2024-01-04 18:00:00,PUMP-A01,Zone_A,2.47,1.05,55.5,1756.0,48.5,OK
2024-01-04 18:00:00,PUMP-A02,Zone_A,2.19,1.01,57.3,1792.0,53.6,SUSPECT
2024-01-04 18:00:00,PUMP-B01,Zone_B,2.26,1.07,59.5,1819.0,60.2,OK
2024-01-04 18:00:00,COMP-C01,Zone_C,3.34,1.68,74.0,3611.0,53.2,OK
2024-01-04 18:00:00,COMP-C02,Zone_C,3.33,1.66,71.7,3630.0,55.4,OK
2024-01-04 18:00:00,FAN-D01,Zone_B,1.83,0.81,49.8,1195.0,62.5,OK
2024-01-04 19:00:00,PUMP-A01,Zone_A,2.41,1.15,59.7,1742.0,59.7,OK
2024-01-04 19:00:00,PUMP-A02,Zone_A,2.21,0.91,57.0,1790.0,57.9,OK
2024-01-04 19:00:00,PUMP-B01,Zone_B,1.9,0.79,53.4,1711.0,41.0,OK
2024-01-04 19:00:00,COMP-C01,Zone_C,3.61,1.79,75.5,3656.0,56.1,OK
2024-01-04 19:00:00,COMP-C02,Zone_C,3.18,1.61,74.1,3563.0,49.7,OK
2024-01-04 19:00:00,FAN-D01,Zone_B,1.29,0.7,45.3,1219.0,53.4,OK
2024-01-04 20:00:00,PUMP-A01,Zone_A,1.92,0.91,59.0,1742.0,52.0,OK
2024-01-04 20:00:00,PUMP-A02,Zone_A,2.75,1.42,58.1,1776.0,59.6,OK
2024-01-04 20:00:00,PUMP-B01,Zone_B,2.58,1.47,57.4,1771.0,51.0,OK
2024-01-04 20:00:00,COMP-C01,Zone_C,3.97,1.8,75.4,3650.0,60.6,OK
2024-01-04 20:00:00,COMP-C02,Zone_C,3.41,1.75,75.8,3646.0,55.1,OK
2024-01-04 20:00:00,FAN-D01,Zone_B,1.52,0.82,46.6,1245.0,63.4,OK
2024-01-04 21:00:00,PUMP-A01,Zone_A,2.84,1.3,63.4,1808.0,63.9,OK
2024-01-04 21:00:00,PUMP-A02,Zone_A,3.02,1.6,59.2,1775.0,67.0,OK
2024-01-04 21:00:00,PUMP-B01,Zone_B,2.75,1.45,59.5,1780.0,54.1,OK
2024-01-04 21:00:00,COMP-C01,Zone_C,2.75,1.35,75.0,3626.0,54.5,OK
2024-01-04 21:00:00,COMP-C02,Zone_C,2.96,1.5,76.3,3667.0,54.0,OK
2024-01-04 21:00:00,FAN-D01,Zone_B,2.22,1.03,47.7,1240.0,53.1,OK
2024-01-04 22:00:00,PUMP-A01,Zone_A,2.33,1.24,59.0,1786.0,54.2,OK
2024-01-04 22:00:00,PUMP-A02,Zone_A,2.46,1.24,59.1,1819.0,58.8,OK
2024-01-04 22:00:00,PUMP-B01,Zone_B,2.18,1.02,61.2,1803.0,64.3,OK
2024-01-04 22:00:00,COMP-C01,Zone_C,3.16,1.38,77.7,3765.0,69.7,OK
2024-01-04 22:00:00,COMP-C02,Zone_C,3.37,1.6,77.9,3711.0,63.7,OK
2024-01-04 22:00:00,FAN-D01,Zone_B,1.53,0.77,47.1,1213.0,66.1,OK
2024-01-04 23:00:00,PUMP-A01,Zone_A,2.25,1.13,54.9,1819.0,66.5,OK
2024-01-04 23:00:00,PUMP-A02,Zone_A,2.33,1.13,58.5,1794.0,70.5,OK
2024-01-04 23:00:00,PUMP-B01,Zone_B,2.92,1.49,58.7,1781.0,73.2,OK
2024-01-04 23:00:00,COMP-C01,Zone_C,3.79,1.81,75.8,3701.0,60.7,OK
2024-01-04 23:00:00,COMP-C02,Zone_C,3.8,2.01,78.4,3703.0,67.2,OK
2024-01-04 23:00:00,FAN-D01,Zone_B,2.21,1.06,45.7,1258.0,67.9,OK
2024-01-05 00:00:00,PUMP-A01,Zone_A,2.53,1.16,62.1,1822.0,68.2,OK
2024-01-05 00:00:00,PUMP-A02,Zone_A,3.3,1.72,60.2,1884.0,81.6,OK
2024-01-05 00:00:00,PUMP-B01,Zone_B,2.17,1.17,61.2,1808.0,70.0,OK
2024-01-05 00:00:00,COMP-C01,Zone_C,3.86,1.85,79.7,3695.0,62.3,OK
2024-01-05 00:00:00,COMP-C02,Zone_C,3.58,1.97,77.9,3692.0,63.2,OK
2024-01-05 00:00:00,FAN-D01,Zone_B,1.74,0.95,50.4,1238.0,68.8,OK
2024-01-05 01:00:00,PUMP-A01,Zone_A,2.47,1.39,61.2,1849.0,69.1,OK
2024-01-05 01:00:00,PUMP-A02,Zone_A,2.24,1.11,60.5,1836.0,73.2,OK
2024-01-05 01:00:00,PUMP-B01,Zone_B,2.68,1.24,58.5,1792.0,74.3,OK
2024-01-05 01:00:00,COMP-C01,Zone_C,3.79,2.05,74.9,3707.0,65.4,OK
2024-01-05 01:00:00,COMP-C02,Zone_C,3.63,1.83,77.2,3757.0,71.3,OK
2024-01-05 01:00:00,FAN-D01,Zone_B,2.23,1.03,48.5,1207.0,67.9,OK
2024-01-05 02:00:00,PUMP-A01,Zone_A,3.31,1.77,63.0,1841.0,80.0,OK
2024-01-05 02:00:00,PUMP-A02,Zone_A,3.04,1.53,60.8,1868.0,82.6,OK
2024-01-05 02:00:00,PUMP-B01,Zone_B,2.47,1.23,63.9,1803.0,69.6,OK
2024-01-05 02:00:00,COMP-C01,Zone_C,3.65,1.82,75.7,3772.0,70.6,OK
2024-01-05 02:00:00,COMP-C02,Zone_C,3.66,1.82,79.2,3827.0,80.0,OK
2024-01-05 02:00:00,FAN-D01,Zone_B,1.89,1.08,48.1,1239.0,64.8,OK
2024-01-05 03:00:00,PUMP-A01,Zone_A,3.23,1.53,61.1,1837.0,77.2,OK
2024-01-05 03:00:00,PUMP-A02,Zone_A,2.84,1.39,58.8,1850.0,79.9,OK
2024-01-05 03:00:00,PUMP-B01,Zone_B,2.09,1.15,61.0,1873.0,82.7,OK
2024-01-05 03:00:00,COMP-C01,Zone_C,3.9,1.8,83.0,3895.0,87.5,OK
2024-01-05 03:00:00,COMP-C02,Zone_C,3.89,1.82,77.4,3920.0,92.0,OK
2024-01-05 03:00:00,FAN-D01,Zone_B,2.09,0.89,50.6,1305.0,82.1,OK
2024-01-05 04:00:00,PUMP-A01,Zone_A,2.57,1.24,60.4,1847.0,82.4,OK
2024-01-05 04:00:00,PUMP-A02,Zone_A,1.82,0.67,58.6,1849.0,76.7,OK
2024-01-05 04:00:00,PUMP-B01,Zone_B,3.14,1.76,62.9,1842.0,83.1,OK
2024-01-05 04:00:00,COMP-C01,Zone_C,3.91,1.91,81.3,3916.0,88.1,OK
2024-01-05 04:00:00,COMP-C02,Zone_C,3.64,1.71,77.1,3833.0,82.5,OK
2024-01-05 04:00:00,FAN-D01,Zone_B,1.9,0.92,47.4,1270.0,76.6,OK
2024-01-05 05:00:00,PUMP-A01,Zone_A,2.67,1.08,61.6,1919.0,90.3,OK
2024-01-05 05:00:00,PUMP-A02,Zone_A,2.79,1.31,64.3,1872.0,84.2,OK
2024-01-05 05:00:00,PUMP-B01,Zone_B,2.78,1.34,62.9,1861.0,82.9,OK
2024-01-05 05:00:00,COMP-C01,Zone_C,3.4,1.75,78.5,3900.0,94.2,OK
2024-01-05 05:00:00,COMP-C02,Zone_C,3.72,1.85,79.6,3803.0,82.0,OK
2024-01-05 05:00:00,FAN-D01,Zone_B,2.4,1.32,51.5,1265.0,81.8,OK
2024-01-05 06:00:00,PUMP-A01,Zone_A,3.05,1.31,63.2,1867.0,81.0,OK
2024-01-05 06:00:00,PUMP-A02,Zone_A,2.28,1.04,59.2,1837.0,72.5,OK
2024-01-05 06:00:00,PUMP-B01,Zone_B,2.56,1.49,57.7,1839.0,82.1,OK
2024-01-05 06:00:00,COMP-C01,Zone_C,3.72,2.12,75.7,3791.0,79.7,OK
2024-01-05 06:00:00,COMP-C02,Zone_C,3.67,1.82,79.8,3860.0,88.4,OK
2024-01-05 06:00:00,FAN-D01,Zone_B,2.56,1.34,54.0,1314.0,92.3,OK
2024-01-05 07:00:00,PUMP-A01,Zone_A,2.49,1.09,61.6,1851.0,78.9,OK
2024-01-05 07:00:00,PUMP-A02,Zone_A,2.7,1.45,61.3,1915.0,97.0,OK
2024-01-05 07:00:00,PUMP-B01,Zone_B,2.64,1.19,62.5,1884.0,87.7,OK
2024-01-05 07:00:00,COMP-C01,Zone_C,2.9,1.45,77.0,3833.0,80.7,OK
2024-01-05 07:00:00,COMP-C02,Zone_C,3.72,1.95,78.4,3878.0,85.6,OK
2024-01-05 07:00:00,FAN-D01,Zone_B,2.26,1.07,50.0,1301.0,91.0,OK
2024-01-05 08:00:00,PUMP-A01,Zone_A,3.29,1.78,66.3,1830.0,78.9,OK
2024-01-05 08:00:00,PUMP-A02,Zone_A,2.6,1.23,57.8,1814.0,76.9,OK
2024-01-05 08:00:00,PUMP-B01,Zone_B,3.37,1.54,66.1,1896.0,88.3,OK
2024-01-05 08:00:00,COMP-C01,Zone_C,3.63,1.79,80.0,3892.0,88.7,OK
2024-01-05 08:00:00,COMP-C02,Zone_C,3.97,1.9,78.7,3911.0,93.2,OK
2024-01-05 08:00:00,FAN-D01,Zone_B,2.04,1.12,49.5,1303.0,88.4,OK
2024-01-05 09:00:00,PUMP-A01,Zone_A,2.98,1.58,58.8,1834.0,75.7,OK
2024-01-05 09:00:00,PUMP-A02,Zone_A,2.09,1.17,61.9,1850.0,82.4,OK
2024-01-05 09:00:00,PUMP-B01,Zone_B,2.71,1.29,60.2,1817.0,72.9,OK
2024-01-05 09:00:00,COMP-C01,Zone_C,3.34,1.67,76.7,3817.0,84.3,OK
2024-01-05 09:00:00,COMP-C02,Zone_C,3.64,1.84,79.5,3769.0,76.6,OK
2024-01-05 09:00:00,FAN-D01,Zone_B,2.01,1.04,50.2,1257.0,78.5,OK
2024-01-05 10:00:00,PUMP-A01,Zone_A,2.68,1.56,60.4,1805.0,77.5,OK
2024-01-05 10:00:00,PUMP-A02,Zone_A,2.64,1.44,62.2,1831.0,73.9,OK
2024-01-05 10:00:00,PUMP-B01,Zone_B,2.88,1.53,59.1,1851.0,76.8,OK
2024-01-05 10:00:00,COMP-C01,Zone_C,4.21,2.07,81.7,3823.0,81.6,OK
2024-01-05 10:00:00,COMP-C02,Zone_C,3.76,1.8,83.3,3829.0,78.4,OK
2024-01-05 10:00:00,FAN-D01,Zone_B,2.0,0.94,50.5,1277.0,78.8,OK
2024-01-05 11:00:00,PUMP-A01,Zone_A,2.92,1.43,60.7,1876.0,80.0,OK
2024-01-05 11:00:00,PUMP-A02,Zone_A,2.61,1.17,62.4,1841.0,75.5,OK
2024-01-05 11:00:00,PUMP-B01,Zone_B,2.37,1.32,60.9,1837.0,73.2,OK
2024-01-05 11:00:00,COMP-C01,Zone_C,3.21,1.33,78.7,3746.0,74.1,OK
2024-01-05 11:00:00,COMP-C02,Zone_C,3.65,1.81,81.3,3935.0,90.1,OK
2024-01-05 11:00:00,FAN-D01,Zone_B,1.81,0.96,48.9,1306.0,82.4,OK
2024-01-05 12:00:00,PUMP-A01,Zone_A,2.76,1.3,55.9,1753.0,64.0,OK
2024-01-05 12:00:00,PUMP-A02,Zone_A,2.51,1.23,61.3,1822.0,70.7,OK
2024-01-05 12:00:00,PUMP-B01,Zone_B,2.27,1.19,60.0,1787.0,68.1,OK
2024-01-05 12:00:00,COMP-C01,Zone_C,3.24,1.5,73.6,3751.0,70.8,OK
2024-01-05 12:00:00,COMP-C02,Zone_C,3.85,1.88,76.0,3729.0,67.1,OK
2024-01-05 12:00:00,FAN-D01,Zone_B,1.71,0.83,50.4,1247.0,60.2,OK
2024-01-05 13:00:00,PUMP-A01,Zone_A,2.29,1.23,59.8,1812.0,67.7,OK
2024-01-05 13:00:00,PUMP-A02,Zone_A,2.29,1.0,58.2,1812.0,66.2,OK
2024-01-05 13:00:00,PUMP-B01,Zone_B,2.28,1.06,56.1,1814.0,71.1,OK
2024-01-05 13:00:00,COMP-C01,Zone_C,3.44,1.72,78.6,3751.0,68.5,OK
2024-01-05 13:00:00,COMP-C02,Zone_C,3.14,1.45,76.7,3704.0,65.4,OK
2024-01-05 13:00:00,FAN-D01,Zone_B,1.83,0.96,47.1,1214.0,63.4,OK
2024-01-05 14:00:00,PUMP-A01,Zone_A,2.59,1.27,59.7,1796.0,65.4,OK
2024-01-05 14:00:00,PUMP-A02,Zone_A,2.14,0.99,55.4,1775.0,60.9,OK
2024-01-05 14:00:00,PUMP-B01,Zone_B,2.1,1.1,57.9,1776.0,56.4,OK
2024-01-05 14:00:00,COMP-C01,Zone_C,3.76,1.9,73.4,3635.0,52.7,OK
2024-01-05 14:00:00,COMP-C02,Zone_C,3.25,1.61,74.3,3609.0,56.2,OK
2024-01-05 14:00:00,FAN-D01,Zone_B,1.5,0.88,45.5,1224.0,56.6,OK
2024-01-05 15:00:00,PUMP-A01,Zone_A,2.75,1.42,58.4,1772.0,53.5,OK
2024-01-05 15:00:00,PUMP-A02,Zone_A,2.76,1.41,57.0,1746.0,56.8,OK
2024-01-05 15:00:00,PUMP-B01,Zone_B,2.16,1.01,59.7,1760.0,54.6,OK
2024-01-05 15:00:00,COMP-C01,Zone_C,3.79,1.85,76.9,3599.0,52.5,OK
2024-01-05 15:00:00,COMP-C02,Zone_C,3.76,1.77,75.5,3659.0,56.8,OK
2024-01-05 15:00:00,FAN-D01,Zone_B,1.27,0.58,45.9,1209.0,58.6,OK
2024-01-05 16:00:00,PUMP-A01,Zone_A,2.32,1.09,59.0,1770.0,57.0,OK
2024-01-05 16:00:00,PUMP-A02,Zone_A,3.18,1.54,60.0,1834.0,65.3,OK
2024-01-05 16:00:00,PUMP-B01,Zone_B,2.09,1.17,59.2,1726.0,51.5,OK
2024-01-05 16:00:00,COMP-C01,Zone_C,2.93,1.54,73.0,3654.0,58.2,OK
2024-01-05 16:00:00,COMP-C02,Zone_C,3.26,1.68,69.9,3566.0,47.8,OK
2024-01-05 16:00:00,FAN-D01,Zone_B,1.78,0.84,49.3,1245.0,56.2,OK
2024-01-05 17:00:00,PUMP-A01,Zone_A,2.81,1.48,59.8,1782.0,53.5,OK
2024-01-05 17:00:00,PUMP-A02,Zone_A,2.2,1.05,62.0,1773.0,57.4,OK
2024-01-05 17:00:00,PUMP-B01,Zone_B,2.6,1.22,56.6,1764.0,62.1,OK
2024-01-05 17:00:00,COMP-C01,Zone_C,3.91,1.87,71.3,3645.0,56.6,OK
2024-01-05 17:00:00,COMP-C02,Zone_C,3.34,1.51,75.6,3711.0,64.8,SUSPECT
2024-01-05 17:00:00,FAN-D01,Zone_B,1.28,0.66,48.4,1224.0,53.8,OK
2024-01-05 18:00:00,PUMP-A01,Zone_A,2.71,1.43,59.4,1810.0,58.4,OK
2024-01-05 18:00:00,PUMP-A02,Zone_A,2.43,1.31,57.5,1763.0,56.9,OK
2024-01-05 18:00:00,PUMP-B01,Zone_B,2.2,1.19,58.7,1709.0,52.0,OK
2024-01-05 18:00:00,COMP-C01,Zone_C,3.34,1.7,79.1,3627.0,57.1,OK
2024-01-05 18:00:00,COMP-C02,Zone_C,3.29,1.62,77.0,3603.0,52.1,OK
2024-01-05 18:00:00,FAN-D01,Zone_B,1.63,0.85,47.2,1226.0,55.9,OK
2024-01-05 19:00:00,PUMP-A01,Zone_A,2.48,1.05,62.2,1766.0,52.5,OK
2024-01-05 19:00:00,PUMP-A02,Zone_A,1.97,0.99,58.4,1821.0,62.0,OK
2024-01-05 19:00:00,PUMP-B01,Zone_B,2.79,1.56,65.7,1758.0,58.4,OK
2024-01-05 19:00:00,COMP-C01,Zone_C,3.37,1.63,75.8,3571.0,49.9,OK
2024-01-05 19:00:00,COMP-C02,Zone_C,2.94,1.43,71.5,3693.0,65.1,OK
2024-01-05 19:00:00,FAN-D01,Zone_B,1.94,1.09,46.1,1222.0,59.3,OK
2024-01-05 20:00:00,PUMP-A01,Zone_A,2.82,1.45,56.6,1732.0,46.6,OK
2024-01-05 20:00:00,PUMP-A02,Zone_A,2.48,1.23,55.5,1822.0,56.9,OK
2024-01-05 20:00:00,PUMP-B01,Zone_B,2.35,1.04,56.2,1779.0,54.6,OK
2024-01-05 20:00:00,COMP-C01,Zone_C,3.36,1.63,72.4,3681.0,58.0,OK
2024-01-05 20:00:00,COMP-C02,Zone_C,2.92,1.54,74.3,3700.0,67.9,OK
2024-01-05 20:00:00,FAN-D01,Zone_B,1.56,0.81,48.7,1217.0,55.4,OK
2024-01-05 21:00:00,PUMP-A01,Zone_A,2.15,0.79,57.1,1770.0,63.7,OK
2024-01-05 21:00:00,PUMP-A02,Zone_A,2.43,1.31,63.7,1817.0,64.2,OK
2024-01-05 21:00:00,PUMP-B01,Zone_B,2.65,1.61,59.5,1791.0,64.1,OK
2024-01-05 21:00:00,COMP-C01,Zone_C,3.3,1.66,77.2,3686.0,61.4,OK
2024-01-05 21:00:00,COMP-C02,Zone_C,3.76,1.85,78.7,3729.0,66.7,OK
2024-01-05 21:00:00,FAN-D01,Zone_B,1.48,0.82,49.3,1218.0,60.8,OK
2024-01-05 22:00:00,PUMP-A01,Zone_A,2.05,1.01,57.7,1790.0,65.4,OK
2024-01-05 22:00:00,PUMP-A02,Zone_A,2.4,1.17,58.4,1772.0,63.1,OK
2024-01-05 22:00:00,PUMP-B01,Zone_B,2.9,1.43,62.6,1785.0,70.9,OK
2024-01-05 22:00:00,COMP-C01,Zone_C,3.53,1.78,77.2,3689.0,62.9,OK
2024-01-05 22:00:00,COMP-C02,Zone_C,3.79,1.79,78.0,3690.0,61.9,OK
2024-01-05 22:00:00,FAN-D01,Zone_B,1.51,0.66,44.8,1220.0,59.6,OK
2024-01-05 23:00:00,PUMP-A01,Zone_A,2.57,1.31,59.8,1848.0,72.9,OK
2024-01-05 23:00:00,PUMP-A02,Zone_A,2.2,1.04,62.5,1817.0,72.9,OK
2024-01-05 23:00:00,PUMP-B01,Zone_B,2.47,1.05,59.5,1827.0,74.3,OK
2024-01-05 23:00:00,COMP-C01,Zone_C,3.27,1.8,77.6,3681.0,60.9,OK
2024-01-05 23:00:00,COMP-C02,Zone_C,3.35,1.68,78.1,3723.0,62.4,OK
2024-01-05 23:00:00,FAN-D01,Zone_B,1.81,0.91,43.4,1257.0,72.5,OK
2024-01-06 00:00:00,PUMP-A01,Zone_A,2.72,1.39,57.7,1864.0,73.1,OK
2024-01-06 00:00:00,PUMP-A02,Zone_A,2.36,0.96,61.0,1759.0,56.8,OK
2024-01-06 00:00:00,PUMP-B01,Zone_B,2.33,1.17,60.0,1820.0,72.6,OK
2024-01-06 00:00:00,COMP-C01,Zone_C,3.55,1.68,76.1,3784.0,72.4,OK
2024-01-06 00:00:00,COMP-C02,Zone_C,3.09,1.53,75.7,3765.0,74.9,OK
2024-01-06 00:00:00,FAN-D01,Zone_B,1.73,0.86,49.9,1210.0,65.2,OK
2024-01-06 01:00:00,PUMP-A01,Zone_A,2.37,1.13,59.3,1828.0,75.3,OK
2024-01-06 01:00:00,PUMP-A02,Zone_A,3.14,1.55,63.7,1814.0,75.7,OK
2024-01-06 01:00:00,PUMP-B01,Zone_B,2.75,1.22,53.7,1782.0,61.9,OK
2024-01-06 01:00:00,COMP-C01,Zone_C,3.81,1.84,75.1,3760.0,76.7,OK
2024-01-06 01:00:00,COMP-C02,Zone_C,3.69,1.56,76.1,3763.0,74.4,OK
2024-01-06 01:00:00,FAN-D01,Zone_B,1.91,1.04,48.9,1241.0,68.3,SUSPECT
2024-01-06 02:00:00,PUMP-A01,Zone_A,3.21,1.56,62.8,1858.0,77.7,OK
2024-01-06 02:00:00,PUMP-A02,Zone_A,2.38,1.44,59.5,1791.0,68.5,OK
2024-01-06 02:00:00,PUMP-B01,Zone_B,2.75,1.38,59.0,1887.0,86.8,OK
2024-01-06 02:00:00,COMP-C01,Zone_C,3.36,1.6,74.3,3839.0,84.3,OK
2024-01-06 02:00:00,COMP-C02,Zone_C,3.1,1.64,76.5,3849.0,84.8,OK
2024-01-06 02:00:00,FAN-D01,Zone_B,1.92,0.67,51.1,1240.0,81.0,OK
2024-01-06 03:00:00,PUMP-A01,Zone_A,2.8,1.29,62.7,1880.0,86.0,OK
2024-01-06 03:00:00,PUMP-A02,Zone_A,2.59,1.07,59.9,1860.0,85.8,OK
2024-01-06 03:00:00,PUMP-B01,Zone_B,2.63,1.36,62.3,1865.0,84.4,OK
2024-01-06 03:00:00,COMP-C01,Zone_C,3.3,1.49,74.2,3767.0,70.6,OK
2024-01-06 03:00:00,COMP-C02,Zone_C,3.33,1.57,76.6,3746.0,70.5,OK
2024-01-06 03:00:00,FAN-D01,Zone_B,1.94,1.05,47.9,1284.0,82.4,OK
2024-01-06 04:00:00,PUMP-A01,Zone_A,2.53,1.28,64.0,1856.0,79.1,OK
2024-01-06 04:00:00,PUMP-A02,Zone_A,3.02,1.47,62.0,1873.0,86.0,OK
2024-01-06 04:00:00,PUMP-B01,Zone_B,2.37,1.2,59.7,1856.0,89.0,OK
2024-01-06 04:00:00,COMP-C01,Zone_C,3.43,1.66,75.3,3842.0,79.0,OK
2024-01-06 04:00:00,COMP-C02,Zone_C,3.54,1.72,78.2,3829.0,79.8,OK
2024-01-06 04:00:00,FAN-D01,Zone_B,1.87,1.08,47.1,1260.0,74.3,OK
2024-01-06 05:00:00,PUMP-A01,Zone_A,2.72,1.35,64.4,1867.0,85.3,OK
2024-01-06 05:00:00,PUMP-A02,Zone_A,2.41,1.16,57.2,1871.0,79.1,OK
2024-01-06 05:00:00,PUMP-B01,Zone_B,2.91,1.47,63.5,1860.0,87.9,OK
2024-01-06 05:00:00,COMP-C01,Zone_C,3.14,1.66,73.8,3821.0,81.3,OK
2024-01-06 05:00:00,COMP-C02,Zone_C,3.55,1.78,79.4,3939.0,94.2,OK
2024-01-06 05:00:00,FAN-D01,Zone_B,1.46,0.62,46.9,1264.0,76.6,OK
2024-01-06 06:00:00,PUMP-A01,Zone_A,2.81,1.37,63.5,1894.0,87.0,OK
2024-01-06 06:00:00,PUMP-A02,Zone_A,2.82,1.59,64.4,1905.0,88.4,OK
2024-01-06 06:00:00,PUMP-B01,Zone_B,2.42,1.23,57.6,1864.0,82.4,OK
2024-01-06 06:00:00,COMP-C01,Zone_C,3.45,1.68,79.0,3840.0,82.3,OK
2024-01-06 06:00:00,COMP-C02,Zone_C,3.62,1.73,77.9,3807.0,73.1,OK
2024-01-06 06:00:00,FAN-D01,Zone_B,1.77,0.94,49.8,1278.0,85.9,OK
2024-01-06 07:00:00,PUMP-A01,Zone_A,2.84,1.37,64.1,1896.0,87.1,OK
2024-01-06 07:00:00,PUMP-A02,Zone_A,2.53,1.34,61.8,1853.0,77.7,OK
2024-01-06 07:00:00,PUMP-B01,Zone_B,2.41,1.24,61.3,1901.0,86.9,OK
2024-01-06 07:00:00,COMP-C01,Zone_C,3.61,1.77,82.8,3900.0,88.7,OK
2024-01-06 07:00:00,COMP-C02,Zone_C,3.65,1.89,78.7,3760.0,79.2,OK
2024-01-06 07:00:00,FAN-D01,Zone_B,1.92,0.74,48.6,1258.0,74.7,OK
2024-01-06 08:00:00,PUMP-A01,Zone_A,2.5,1.14,62.6,1906.0,89.3,OK
2024-01-06 08:00:00,PUMP-A02,Zone_A,2.67,1.32,63.1,1871.0,78.8,OK
2024-01-06 08:00:00,PUMP-B01,Zone_B,2.48,1.31,63.7,1858.0,84.1,OK
2024-01-06 08:00:00,COMP-C01,Zone_C,3.2,1.58,79.9,3834.0,81.6,OK
2024-01-06 08:00:00,COMP-C02,Zone_C,3.73,2.01,77.3,3808.0,78.6,OK
2024-01-06 08:00:00,FAN-D01,Zone_B,1.72,0.87,48.3,1276.0,80.5,OK
2024-01-06 09:00:00,PUMP-A01,Zone_A,2.16,1.15,62.2,1810.0,74.8,OK
2024-01-06 09:00:00,PUMP-A02,Zone_A,2.89,1.36,62.1,1868.0,89.9,OK
2024-01-06 09:00:00,PUMP-B01,Zone_B,2.68,1.38,62.5,1880.0,84.9,OK
2024-01-06 09:00:00,COMP-C01,Zone_C,4.02,2.08,80.7,3881.0,87.0,OK
2024-01-06 09:00:00,COMP-C02,Zone_C,3.18,1.62,75.0,3791.0,73.6,OK
2024-01-06 09:00:00,FAN-D01,Zone_B,1.93,0.92,49.5,1297.0,83.4,OK
2024-01-06 10:00:00,PUMP-A01,Zone_A,2.81,1.31,60.6,1862.0,81.9,OK
2024-01-06 10:00:00,PUMP-A02,Zone_A,2.71,1.31,57.2,1868.0,75.2,OK
2024-01-06 10:00:00,PUMP-B01,Zone_B,2.05,1.07,58.9,1802.0,72.7,OK
2024-01-06 10:00:00,COMP-C01,Zone_C,3.43,1.71,78.8,3818.0,79.4,OK
2024-01-06 10:00:00,COMP-C02,Zone_C,3.34,1.58,76.5,3776.0,71.6,OK
2024-01-06 10:00:00,FAN-D01,Zone_B,1.99,1.13,46.8,1232.0,72.9,OK
2024-01-06 11:00:00,PUMP-A01,Zone_A,2.26,1.2,60.4,1877.0,79.8,OK
2024-01-06 11:00:00,PUMP-A02,Zone_A,2.59,1.4,62.7,1848.0,71.1,OK
2024-01-06 11:00:00,PUMP-B01,Zone_B,2.64,1.29,60.6,1834.0,77.6,OK
2024-01-06 11:00:00,COMP-C01,Zone_C,3.06,1.64,75.3,3765.0,77.7,OK
2024-01-06 11:00:00,COMP-C02,Zone_C,3.53,1.76,78.4,3797.0,75.7,OK
2024-01-06 11:00:00,FAN-D01,Zone_B,2.09,1.19,46.6,1235.0,72.7,OK
2024-01-06 12:00:00,PUMP-A01,Zone_A,2.23,1.29,57.4,1824.0,67.3,SUSPECT
2024-01-06 12:00:00,PUMP-A02,Zone_A,2.64,1.25,58.7,1819.0,71.1,OK
2024-01-06 12:00:00,PUMP-B01,Zone_B,2.39,1.17,62.1,1846.0,77.3,OK
2024-01-06 12:00:00,COMP-C01,Zone_C,3.33,1.67,76.6,3718.0,67.1,OK
2024-01-06 12:00:00,COMP-C02,Zone_C,3.53,1.67,76.8,3740.0,67.2,OK
2024-01-06 12:00:00,FAN-D01,Zone_B,1.7,0.77,49.9,1293.0,73.9,OK
2024-01-06 13:00:00,PUMP-A01,Zone_A,2.67,1.12,59.6,1800.0,63.0,OK
2024-01-06 13:00:00,PUMP-A02,Zone_A,2.37,1.28,59.9,1837.0,66.9,OK
2024-01-06 13:00:00,PUMP-B01,Zone_B,2.22,1.08,59.2,1861.0,74.3,OK
2024-01-06 13:00:00,COMP-C01,Zone_C,3.89,1.82,77.7,3716.0,68.6,OK
2024-01-06 13:00:00,COMP-C02,Zone_C,3.55,1.74,79.7,3758.0,73.3,SUSPECT
2024-01-06 13:00:00,FAN-D01,Zone_B,1.44,0.89,45.3,1238.0,51.9,OK
2024-01-06 14:00:00,PUMP-A01,Zone_A,2.32,1.09,61.3,1825.0,64.3,OK
2024-01-06 14:00:00,PUMP-A02,Zone_A,2.33,1.1,63.0,1813.0,64.6,OK
2024-01-06 14:00:00,PUMP-B01,Zone_B,1.85,0.64,59.8,1778.0,65.1,OK
2024-01-06 14:00:00,COMP-C01,Zone_C,3.37,1.66,81.3,3730.0,63.1,OK
2024-01-06 14:00:00,COMP-C02,Zone_C,3.27,1.7,75.1,3627.0,54.4,OK
2024-01-06 14:00:00,FAN-D01,Zone_B,1.79,0.82,47.7,1216.0,65.6,OK
2024-01-06 15:00:00,PUMP-A01,Zone_A,2.37,1.14,60.9,1803.0,66.8,OK
2024-01-06 15:00:00,PUMP-A02,Zone_A,1.6,0.68,59.0,1791.0,58.6,OK
2024-01-06 15:00:00,PUMP-B01,Zone_B,2.66,1.24,60.9,1770.0,61.8,OK
2024-01-06 15:00:00,COMP-C01,Zone_C,3.27,1.73,78.3,3684.0,64.9,OK
2024-01-06 15:00:00,COMP-C02,Zone_C,2.92,1.41,74.2,3620.0,55.4,OK
2024-01-06 15:00:00,FAN-D01,Zone_B,1.79,0.94,46.6,1220.0,60.6,OK
2024-01-06 16:00:00,PUMP-A01,Zone_A,2.15,0.93,59.4,1767.0,57.6,OK
2024-01-06 16:00:00,PUMP-A02,Zone_A,2.58,1.28,62.3,1782.0,59.9,OK
2024-01-06 16:00:00,PUMP-B01,Zone_B,2.46,1.27,58.5,1776.0,54.0,OK
2024-01-06 16:00:00,COMP-C01,Zone_C,3.07,1.72,76.8,3652.0,56.8,SUSPECT
2024-01-06 16:00:00,COMP-C02,Zone_C,3.71,1.91,76.5,3679.0,60.6,OK
2024-01-06 16:00:00,FAN-D01,Zone_B,1.65,0.83,50.9,1197.0,55.5,OK
2024-01-06 17:00:00,PUMP-A01,Zone_A,2.06,1.08,57.7,1747.0,49.6,OK
2024-01-06 17:00:00,PUMP-A02,Zone_A,2.57,1.3,57.9,1786.0,60.3,OK
2024-01-06 17:00:00,PUMP-B01,Zone_B,2.38,1.23,61.8,1788.0,58.1,OK
2024-01-06 17:00:00,COMP-C01,Zone_C,4.01,1.99,74.8,3669.0,54.1,OK
2024-01-06 17:00:00,COMP-C02,Zone_C,3.18,1.62,71.8,3623.0,54.3,OK
2024-01-06 17:00:00,FAN-D01,Zone_B,1.34,0.75,44.9,1242.0,61.9,OK
2024-01-06 18:00:00,PUMP-A01,Zone_A,2.02,0.98,59.1,1755.0,50.0,OK
2024-01-06 18:00:00,PUMP-A02,Zone_A,2.4,1.2,60.2,1809.0,59.0,OK
2024-01-06 18:00:00,PUMP-B01,Zone_B,2.23,1.23,54.6,1743.0,43.4,OK
2024-01-06 18:00:00,COMP-C01,Zone_C,3.6,1.79,69.9,3515.0,39.1,OK
2024-01-06 18:00:00,COMP-C02,Zone_C,2.76,1.36,73.9,3649.0,58.7,OK
2024-01-06 18:00:00,FAN-D01,Zone_B,1.47,0.55,45.5,1190.0,53.0,OK
2024-01-06 19:00:00,PUMP-A01,Zone_A,1.84,0.99,58.5,1739.0,57.9,OK
2024-01-06 19:00:00,PUMP-A02,Zone_A,2.11,1.21,57.2,1751.0,55.2,OK
2024-01-06 19:00:00,PUMP-B01,Zone_B,2.65,1.14,60.9,1786.0,62.6,OK
2024-01-06 19:00:00,COMP-C01,Zone_C,3.5,1.72,76.9,3604.0,51.5,OK
2024-01-06 19:00:00,COMP-C02,Zone_C,3.34,1.65,73.9,3657.0,58.6,OK
2024-01-06 19:00:00,FAN-D01,Zone_B,1.59,0.63,47.4,1227.0,55.4,OK
2024-01-06 20:00:00,PUMP-A01,Zone_A,2.66,1.39,55.6,1766.0,61.4,OK
2024-01-06 20:00:00,PUMP-A02,Zone_A,1.94,0.99,60.8,1759.0,57.5,OK
2024-01-06 20:00:00,PUMP-B01,Zone_B,2.75,1.43,55.2,1784.0,60.4,OK
2024-01-06 20:00:00,COMP-C01,Zone_C,3.52,1.77,72.9,3637.0,54.4,OK
2024-01-06 20:00:00,COMP-C02,Zone_C,3.75,2.11,78.2,3673.0,59.7,OK
2024-01-06 20:00:00,FAN-D01,Zone_B,1.8,0.79,46.1,1223.0,61.8,OK
2024-01-06 21:00:00,PUMP-A01,Zone_A,2.52,1.26,59.2,1748.0,59.0,OK
2024-01-06 21:00:00,PUMP-A02,Zone_A,2.74,1.63,61.4,1775.0,56.8,OK
2024-01-06 21:00:00,PUMP-B01,Zone_B,1.96,1.02,56.2,1752.0,56.4,OK
2024-01-06 21:00:00,COMP-C01,Zone_C,3.26,1.75,77.2,3711.0,64.2,OK
2024-01-06 21:00:00,COMP-C02,Zone_C,3.54,1.72,74.1,3646.0,55.1,OK
2024-01-06 21:00:00,FAN-D01,Zone_B,1.85,0.82,45.1,1228.0,67.4,OK
2024-01-06 22:00:00,PUMP-A01,Zone_A,1.94,0.86,58.9,1775.0,57.2,OK
2024-01-06 22:00:00,PUMP-A02,Zone_A,2.02,1.05,57.7,1777.0,65.5,OK
2024-01-06 22:00:00,PUMP-B01,Zone_B,2.48,1.16,57.9,1762.0,60.0,OK
2024-01-06 22:00:00,COMP-C01,Zone_C,3.81,1.86,75.3,3740.0,69.1,OK
2024-01-06 22:00:00,COMP-C02,Zone_C,3.99,2.03,79.1,3764.0,69.3,OK
2024-01-06 22:00:00,FAN-D01,Zone_B,2.06,1.02,47.4,1260.0,69.6,OK
2024-01-06 23:00:00,PUMP-A01,Zone_A,3.05,1.64,60.3,1782.0,71.6,OK
2024-01-06 23:00:00,PUMP-A02,Zone_A,2.54,1.31,60.0,1812.0,68.8,OK
2024-01-06 23:00:00,PUMP-B01,Zone_B,2.69,1.32,60.6,1796.0,71.0,OK
2024-01-06 23:00:00,COMP-C01,Zone_C,3.72,1.96,75.9,3665.0,62.5,OK
2024-01-06 23:00:00,COMP-C02,Zone_C,3.71,1.95,77.8,3750.0,67.3,OK
2024-01-06 23:00:00,FAN-D01,Zone_B,1.67,0.72,47.0,1232.0,59.2,OK
2024-01-07 00:00:00,PUMP-A01,Zone_A,2.39,1.17,57.8,1824.0,69.4,OK
2024-01-07 00:00:00,PUMP-A02,Zone_A,1.71,0.8,61.6,1825.0,75.6,OK
2024-01-07 00:00:00,PUMP-B01,Zone_B,2.84,1.43,60.7,1767.0,62.6,OK
2024-01-07 00:00:00,COMP-C01,Zone_C,3.17,1.6,75.8,3646.0,58.9,OK
2024-01-07 00:00:00,COMP-C02,Zone_C,3.55,2.01,72.8,3737.0,68.9,OK
2024-01-07 00:00:00,FAN-D01,Zone_B,1.11,0.59,51.1,1239.0,73.4,OK
2024-01-07 01:00:00,PUMP-A01,Zone_A,2.54,1.23,57.3,1831.0,77.9,OK
2024-01-07 01:00:00,PUMP-A02,Zone_A,2.91,1.42,63.5,1855.0,72.2,OK
2024-01-07 01:00:00,PUMP-B01,Zone_B,2.62,1.29,61.6,1876.0,81.9,OK
2024-01-07 01:00:00,COMP-C01,Zone_C,3.73,1.93,77.5,3754.0,71.3,OK
2024-01-07 01:00:00,COMP-C02,Zone_C,3.48,1.58,81.9,3755.0,73.6,OK
2024-01-07 01:00:00,FAN-D01,Zone_B,1.4,0.75,49.5,1243.0,67.7,OK
2024-01-07 02:00:00,PUMP-A01,Zone_A,2.92,1.7,66.3,1870.0,81.2,OK
2024-01-07 02:00:00,PUMP-A02,Zone_A,2.83,1.33,61.3,1817.0,74.1,OK
2024-01-07 02:00:00,PUMP-B01,Zone_B,1.99,0.99,62.4,1882.0,81.6,OK
2024-01-07 02:00:00,COMP-C01,Zone_C,3.72,1.83,79.6,3787.0,76.6,OK
2024-01-07 02:00:00,COMP-C02,Zone_C,3.57,1.74,77.6,3824.0,81.0,OK
2024-01-07 02:00:00,FAN-D01,Zone_B,1.55,0.79,49.8,1241.0,82.7,OK
2024-01-07 03:00:00,PUMP-A01,Zone_A,2.34,1.15,62.0,1863.0,80.5,OK
2024-01-07 03:00:00,PUMP-A02,Zone_A,2.55,1.45,64.5,1861.0,72.8,OK
2024-01-07 03:00:00,PUMP-B01,Zone_B,2.9,1.68,61.9,1837.0,81.0,OK
2024-01-07 03:00:00,COMP-C01,Zone_C,3.76,1.94,78.3,3863.0,83.1,OK
2024-01-07 03:00:00,COMP-C02,Zone_C,3.5,1.72,79.1,3804.0,73.6,OK
2024-01-07 03:00:00,FAN-D01,Zone_B,1.67,0.84,47.5,1276.0,75.0,OK
2024-01-07 04:00:00,PUMP-A01,Zone_A,2.85,1.43,63.3,1894.0,88.1,OK
2024-01-07 04:00:00,PUMP-A02,Zone_A,2.33,1.19,59.1,1871.0,84.0,OK
2024-01-07 04:00:00,PUMP-B01,Zone_B,2.59,1.35,64.8,1837.0,82.8,OK
2024-01-07 04:00:00,COMP-C01,Zone_C,3.18,1.56,75.5,3802.0,80.0,OK
2024-01-07 04:00:00,COMP-C02,Zone_C,3.58,1.79,79.1,3849.0,86.4,OK
2024-01-07 04:00:00,FAN-D01,Zone_B,1.98,1.04,51.2,1274.0,83.5,OK
2024-01-07 05:00:00,PUMP-A01,Zone_A,2.8,1.47,59.9,1844.0,76.6,OK
2024-01-07 05:00:00,PUMP-A02,Zone_A,2.93,1.48,64.4,1851.0,81.2,OK
2024-01-07 05:00:00,PUMP-B01,Zone_B,2.86,1.46,66.7,1864.0,83.9,OK
2024-01-07 05:00:00,COMP-C01,Zone_C,3.15,1.59,75.6,3817.0,80.2,OK
2024-01-07 05:00:00,COMP-C02,Zone_C,3.72,1.65,78.6,3819.0,83.6,OK
2024-01-07 05:00:00,FAN-D01,Zone_B,2.37,1.08,50.1,1265.0,84.6,OK
2024-01-07 06:00:00,PUMP-A01,Zone_A,2.88,1.62,59.5,1845.0,82.9,OK
2024-01-07 06:00:00,PUMP-A02,Zone_A,2.63,1.23,58.0,1849.0,75.7,OK
2024-01-07 06:00:00,PUMP-B01,Zone_B,2.36,1.35,59.8,1870.0,83.2,OK
2024-01-07 06:00:00,COMP-C01,Zone_C,4.15,1.99,76.7,3846.0,84.8,OK
2024-01-07 06:00:00,COMP-C02,Zone_C,3.51,1.7,78.4,3840.0,80.8,OK
2024-01-07 06:00:00,FAN-D01,Zone_B,2.36,1.19,54.4,1259.0,88.9,OK
2024-01-07 07:00:00,PUMP-A01,Zone_A,2.69,1.38,62.6,1851.0,85.0,OK
2024-01-07 07:00:00,PUMP-A02,Zone_A,2.86,1.43,57.8,1863.0,87.0,OK
2024-01-07 07:00:00,PUMP-B01,Zone_B,3.51,1.65,62.5,1848.0,83.4,OK
2024-01-07 07:00:00,COMP-C01,Zone_C,4.29,2.07,83.6,3874.0,86.6,OK
2024-01-07 07:00:00,COMP-C02,Zone_C,3.24,1.74,78.4,3901.0,86.0,OK
2024-01-07 07:00:00,FAN-D01,Zone_B,1.89,0.94,53.6,1324.0,88.7,OK
2024-01-07 08:00:00,PUMP-A01,Zone_A,2.94,1.51,59.9,1824.0,80.0,OK
2024-01-07 08:00:00,PUMP-A02,Zone_A,2.45,1.14,60.1,1826.0,80.3,OK
2024-01-07 08:00:00,PUMP-B01,Zone_B,2.92,1.38,61.9,1877.0,74.9,OK
2024-01-07 08:00:00,COMP-C01,Zone_C,3.86,1.89,77.5,3839.0,85.1,OK
2024-01-07 08:00:00,COMP-C02,Zone_C,3.95,2.23,76.1,3804.0,76.3,OK
2024-01-07 08:00:00,FAN-D01,Zone_B,1.64,0.88,45.8,1310.0,86.5,OK
2024-01-07 09:00:00,PUMP-A01,Zone_A,2.97,1.55,64.9,1859.0,77.4,OK
2024-01-07 09:00:00,PUMP-A02,Zone_A,2.47,1.29,57.8,1887.0,82.7,OK
2024-01-07 09:00:00,PUMP-B01,Zone_B,2.93,1.45,61.3,1813.0,73.1,OK
2024-01-07 09:00:00,COMP-C01,Zone_C,3.42,1.74,78.8,3863.0,84.4,OK
2024-01-07 09:00:00,COMP-C02,Zone_C,3.37,1.59,77.2,3799.0,80.0,OK
2024-01-07 09:00:00,FAN-D01,Zone_B,1.77,0.87,53.0,1283.0,86.8,OK
2024-01-07 10:00:00,PUMP-A01,Zone_A,2.72,1.24,63.3,1854.0,76.5,OK
2024-01-07 10:00:00,PUMP-A02,Zone_A,2.38,1.01,61.7,1818.0,78.6,OK
2024-01-07 10:00:00,PUMP-B01,Zone_B,2.36,1.13,59.6,1875.0,78.8,OK
2024-01-07 10:00:00,COMP-C01,Zone_C,3.52,1.68,76.7,3778.0,73.5,OK
2024-01-07 10:00:00,COMP-C02,Zone_C,3.01,1.45,75.6,3769.0,72.2,OK
2024-01-07 10:00:00,FAN-D01,Zone_B,1.81,0.97,43.0,1283.0,85.9,OK
2024-01-07 11:00:00,PUMP-A01,Zone_A,2.71,1.47,60.0,1852.0,77.0,OK
2024-01-07 11:00:00,PUMP-A02,Zone_A,2.0,0.94,59.2,1842.0,78.4,OK
2024-01-07 11:00:00,PUMP-B01,Zone_B,2.94,1.44,60.2,1800.0,72.9,OK
2024-01-07 11:00:00,COMP-C01,Zone_C,3.47,1.73,81.0,3851.0,81.8,OK
2024-01-07 11:00:00,COMP-C02,Zone_C,4.33,1.94,80.5,3802.0,76.0,OK
2024-01-07 11:00:00,FAN-D01,Zone_B,1.49,0.81,47.8,1264.0,71.1,OK
2024-01-07 12:00:00,PUMP-A01,Zone_A,3.04,1.37,58.8,1835.0,74.2,OK
2024-01-07 12:00:00,PUMP-A02,Zone_A,1.95,1.02,57.3,1804.0,59.1,OK
2024-01-07 12:00:00,PUMP-B01,Zone_B,2.05,0.98,59.2,1793.0,60.5,OK
2024-01-07 12:00:00,COMP-C01,Zone_C,3.36,1.77,75.9,3751.0,70.5,OK
2024-01-07 12:00:00,COMP-C02,Zone_C,3.24,1.71,74.8,3715.0,67.4,OK
2024-01-07 12:00:00,FAN-D01,Zone_B,1.82,0.81,48.2,1269.0,73.2,OK
2024-01-07 13:00:00,PUMP-A01,Zone_A,2.54,1.34,62.1,1821.0,70.7,OK
2024-01-07 13:00:00,PUMP-A02,Zone_A,2.33,1.04,60.9,1777.0,66.0,OK
2024-01-07 13:00:00,PUMP-B01,Zone_B,2.48,1.36,60.6,1806.0,69.6,OK
2024-01-07 13:00:00,COMP-C01,Zone_C,3.24,1.58,73.8,3700.0,65.8,OK
2024-01-07 13:00:00,COMP-C02,Zone_C,3.49,1.6,75.0,3703.0,59.4,OK
2024-01-07 13:00:00,FAN-D01,Zone_B,2.07,0.89,51.0,1267.0,66.7,OK
2024-01-07 14:00:00,PUMP-A01,Zone_A,2.45,1.29,60.8,1772.0,57.3,OK
2024-01-07 14:00:00,PUMP-A02,Zone_A,2.21,1.15,60.0,1800.0,58.8,OK
2024-01-07 14:00:00,PUMP-B01,Zone_B,2.39,1.14,59.4,1828.0,70.1,OK
2024-01-07 14:00:00,COMP-C01,Zone_C,2.94,1.59,78.0,3761.0,70.7,OK
2024-01-07 14:00:00,COMP-C02,Zone_C,3.35,1.72,73.3,3619.0,50.6,OK
2024-01-07 14:00:00,FAN-D01,Zone_B,1.34,0.53,46.5,1254.0,60.6,OK
2024-01-07 15:00:00,PUMP-A01,Zone_A,1.82,1.07,58.9,1768.0,58.8,OK
2024-01-07 15:00:00,PUMP-A02,Zone_A,2.44,1.25,59.7,1807.0,62.1,OK
2024-01-07 15:00:00,PUMP-B01,Zone_B,2.27,1.12,58.2,1714.0,54.1,OK
2024-01-07 15:00:00,COMP-C01,Zone_C,3.7,1.81,76.9,3689.0,63.0,OK
2024-01-07 15:00:00,COMP-C02,Zone_C,3.05,1.37,73.8,3698.0,61.9,OK
2024-01-07 15:00:00,FAN-D01,Zone_B,1.92,0.96,44.7,1202.0,56.1,OK
2024-01-07 16:00:00,PUMP-A01,Zone_A,2.84,1.34,61.9,1769.0,56.1,OK
2024-01-07 16:00:00,PUMP-A02,Zone_A,2.77,1.33,59.3,1787.0,58.1,OK
2024-01-07 16:00:00,PUMP-B01,Zone_B,1.95,1.07,60.4,1749.0,51.7,OK
2024-01-07 16:00:00,COMP-C01,Zone_C,3.74,2.04,72.4,3700.0,65.4,OK
2024-01-07 16:00:00,COMP-C02,Zone_C,3.05,1.57,74.2,3659.0,54.5,OK
2024-01-07 16:00:00,FAN-D01,Zone_B,1.69,0.92,47.5,1246.0,60.2,OK
2024-01-07 17:00:00,PUMP-A01,Zone_A,2.21,1.18,57.5,1750.0,50.3,OK
2024-01-07 17:00:00,PUMP-A02,Zone_A,2.49,1.2,59.1,1772.0,59.0,OK
2024-01-07 17:00:00,PUMP-B01,Zone_B,2.04,0.83,56.1,1756.0,53.8,OK
2024-01-07 17:00:00,COMP-C01,Zone_C,3.05,1.61,78.8,3653.0,56.5,OK
2024-01-07 17:00:00,COMP-C02,Zone_C,3.22,1.34,77.9,3667.0,61.3,OK
2024-01-07 17:00:00,FAN-D01,Zone_B,1.88,0.91,46.3,1236.0,63.2,OK
2024-01-07 18:00:00,PUMP-A01,Zone_A,2.49,1.29,58.3,1769.0,57.0,OK
2024-01-07 18:00:00,PUMP-A02,Zone_A,2.25,1.29,56.7,1775.0,54.5,OK
2024-01-07 18:00:00,PUMP-B01,Zone_B,2.56,1.28,59.3,1738.0,48.6,OK
2024-01-07 18:00:00,COMP-C01,Zone_C,3.2,1.57,77.7,3701.0,63.8,OK
2024-01-07 18:00:00,COMP-C02,Zone_C,3.46,1.71,74.7,3623.0,54.2,OK
2024-01-07 18:00:00,FAN-D01,Zone_B,1.19,0.65,45.8,1190.0,46.1,OK
2024-01-07 19:00:00,PUMP-A01,Zone_A,2.18,1.18,57.8,1762.0,51.5,OK
2024-01-07 19:00:00,PUMP-A02,Zone_A,1.93,1.1,58.7,1769.0,57.0,OK
2024-01-07 19:00:00,PUMP-B01,Zone_B,1.54,0.91,58.6,1772.0,59.4,OK
2024-01-07 19:00:00,COMP-C01,Zone_C,2.97,1.59,75.7,3612.0,46.8,OK
2024-01-07 19:00:00,COMP-C02,Zone_C,3.09,1.46,76.7,3658.0,54.9,OK
2024-01-07 19:00:00,FAN-D01,Zone_B,1.73,0.89,47.0,1205.0,55.3,OK
2024-01-07 20:00:00,PUMP-A01,Zone_A,2.31,1.01,59.7,1745.0,57.0,OK
2024-01-07 20:00:00,PUMP-A02,Zone_A,2.63,1.32,54.5,1790.0,60.6,OK
2024-01-07 20:00:00,PUMP-B01,Zone_B,1.94,0.97,57.6,1820.0,53.8,OK
2024-01-07 20:00:00,COMP-C01,Zone_C,3.66,1.84,74.5,3696.0,63.7,OK
2024-01-07 20:00:00,COMP-C02,Zone_C,3.72,1.81,73.3,3600.0,54.2,OK
2024-01-07 20:00:00,FAN-D01,Zone_B,1.67,0.95,51.0,1191.0,56.2,OK
2024-01-07 21:00:00,PUMP-A01,Zone_A,2.43,1.28,58.6,1761.0,57.4,OK
2024-01-07 21:00:00,PUMP-A02,Zone_A,2.55,1.51,57.8,1739.0,58.3,OK
2024-01-07 21:00:00,PUMP-B01,Zone_B,2.38,1.09,60.0,1807.0,55.5,OK
2024-01-07 21:00:00,COMP-C01,Zone_C,3.58,1.77,77.1,3689.0,61.4,OK
2024-01-07 21:00:00,COMP-C02,Zone_C,3.29,1.82,74.3,3650.0,62.2,OK
2024-01-07 21:00:00,FAN-D01,Zone_B,0.94,0.33,43.3,1209.0,56.4,OK
2024-01-07 22:00:00,PUMP-A01,Zone_A,2.81,1.39,58.7,1792.0,61.8,OK
2024-01-07 22:00:00,PUMP-A02,Zone_A,3.0,1.37,61.1,1815.0,61.1,OK
2024-01-07 22:00:00,PUMP-B01,Zone_B,2.22,1.13,57.8,1770.0,53.7,OK
2024-01-07 22:00:00,COMP-C01,Zone_C,3.39,1.6,76.2,3609.0,57.6,OK
2024-01-07 22:00:00,COMP-C02,Zone_C,3.3,1.73,76.2,3704.0,65.4,OK
2024-01-07 22:00:00,FAN-D01,Zone_B,1.7,0.77,51.8,1224.0,65.1,OK
2024-01-07 23:00:00,PUMP-A01,Zone_A,3.13,1.55,62.4,1778.0,67.1,OK
2024-01-07 23:00:00,PUMP-A02,Zone_A,2.53,1.05,59.8,1764.0,61.9,OK
2024-01-07 23:00:00,PUMP-B01,Zone_B,2.44,1.28,59.5,1856.0,68.4,OK
2024-01-07 23:00:00,COMP-C01,Zone_C,3.12,1.75,76.3,3779.0,75.8,OK
2024-01-07 23:00:00,COMP-C02,Zone_C,4.38,2.16,79.2,3704.0,64.7,OK
2024-01-07 23:00:00,FAN-D01,Zone_B,1.94,1.16,43.8,1238.0,62.9,OK
2024-01-08 00:00:00,PUMP-A01,Zone_A,3.3,1.63,62.7,1772.0,58.5,OK
2024-01-08 00:00:00,PUMP-A02,Zone_A,2.65,1.33,59.4,1826.0,77.2,OK
2024-01-08 00:00:00,PUMP-B01,Zone_B,2.08,1.02,58.8,1809.0,65.9,OK
2024-01-08 00:00:00,COMP-C01,Zone_C,3.51,1.94,75.3,3741.0,71.3,OK
2024-01-08 00:00:00,COMP-C02,Zone_C,3.44,1.71,74.7,3777.0,70.8,OK
2024-01-08 00:00:00,FAN-D01,Zone_B,2.37,1.01,47.7,1271.0,74.1,OK
2024-01-08 01:00:00,PUMP-A01,Zone_A,2.21,0.89,61.4,1816.0,75.7,OK
2024-01-08 01:00:00,PUMP-A02,Zone_A,2.64,1.23,61.6,1787.0,71.2,OK
2024-01-08 01:00:00,PUMP-B01,Zone_B,1.8,0.85,57.7,1773.0,67.0,OK
2024-01-08 01:00:00,COMP-C01,Zone_C,3.88,1.8,77.5,3724.0,70.7,OK
2024-01-08 01:00:00,COMP-C02,Zone_C,3.31,1.62,75.4,3734.0,70.6,OK
2024-01-08 01:00:00,FAN-D01,Zone_B,2.22,1.16,53.5,1233.0,74.9,OK
2024-01-08 02:00:00,PUMP-A01,Zone_A,1.92,1.1,60.5,1838.0,73.4,OK
2024-01-08 02:00:00,PUMP-A02,Zone_A,2.36,1.16,56.3,1792.0,70.0,OK
2024-01-08 02:00:00,PUMP-B01,Zone_B,2.14,0.92,60.8,1857.0,76.4,OK
2024-01-08 02:00:00,COMP-C01,Zone_C,3.55,1.52,79.0,3855.0,82.5,OK
2024-01-08 02:00:00,COMP-C02,Zone_C,3.3,1.61,76.9,3814.0,76.7,OK
2024-01-08 02:00:00,FAN-D01,Zone_B,2.26,1.14,49.8,1216.0,63.0,OK
2024-01-08 03:00:00,PUMP-A01,Zone_A,2.94,1.28,63.1,1835.0,79.4,OK
2024-01-08 03:00:00,PUMP-A02,Zone_A,2.23,1.1,61.2,1841.0,75.1,OK
2024-01-08 03:00:00,PUMP-B01,Zone_B,2.99,1.54,60.5,1872.0,84.0,OK
2024-01-08 03:00:00,COMP-C01,Zone_C,3.49,2.03,78.2,3789.0,76.6,OK
2024-01-08 03:00:00,COMP-C02,Zone_C,4.04,2.24,77.1,3833.0,86.7,OK
2024-01-08 03:00:00,FAN-D01,Zone_B,1.82,1.04,50.1,1277.0,84.5,OK
2024-01-08 04:00:00,PUMP-A01,Zone_A,2.2,0.95,60.7,1878.0,80.0,OK
2024-01-08 04:00:00,PUMP-A02,Zone_A,2.47,1.26,61.5,1880.0,83.1,OK
2024-01-08 04:00:00,PUMP-B01,Zone_B,2.36,1.39,60.9,1899.0,80.8,OK
2024-01-08 04:00:00,COMP-C01,Zone_C,3.88,1.86,79.0,3800.0,76.1,OK
2024-01-08 04:00:00,COMP-C02,Zone_C,3.88,1.73,80.4,3873.0,87.9,SUSPECT
2024-01-08 04:00:00,FAN-D01,Zone_B,1.54,0.81,49.5,1277.0,79.8,OK
2024-01-08 05:00:00,PUMP-A01,Zone_A,3.3,1.69,65.7,1886.0,79.5,OK
2024-01-08 05:00:00,PUMP-A02,Zone_A,2.84,1.52,59.4,1871.0,81.6,OK
2024-01-08 05:00:00,PUMP-B01,Zone_B,3.03,1.4,63.9,1889.0,88.8,OK
2024-01-08 05:00:00,COMP-C01,Zone_C,3.36,1.54,76.4,3793.0,78.6,OK
2024-01-08 05:00:00,COMP-C02,Zone_C,3.68,1.89,79.8,3873.0,90.2,OK
2024-01-08 05:00:00,FAN-D01,Zone_B,2.59,1.37,52.8,1299.0,90.0,OK
2024-01-08 06:00:00,PUMP-A01,Zone_A,3.52,1.73,63.0,1885.0,86.2,OK
2024-01-08 06:00:00,PUMP-A02,Zone_A,2.7,1.35,61.1,1863.0,85.6,OK
2024-01-08 06:00:00,PUMP-B01,Zone_B,2.72,1.27,58.3,1835.0,76.8,OK
2024-01-08 06:00:00,COMP-C01,Zone_C,3.78,1.95,80.6,3840.0,85.3,OK
2024-01-08 06:00:00,COMP-C02,Zone_C,4.36,2.14,80.9,3911.0,89.8,OK
2024-01-08 06:00:00,FAN-D01,Zone_B,1.93,1.05,47.5,1234.0,82.9,OK
2024-01-08 07:00:00,PUMP-A01,Zone_A,2.83,1.57,62.1,1881.0,82.7,OK
2024-01-08 07:00:00,PUMP-A02,Zone_A,2.84,1.65,63.8,1919.0,89.6,OK
2024-01-08 07:00:00,PUMP-B01,Zone_B,2.4,1.31,63.1,1868.0,85.4,OK
2024-01-08 07:00:00,COMP-C01,Zone_C,3.86,2.0,79.2,3824.0,82.0,OK
2024-01-08 07:00:00,COMP-C02,Zone_C,3.35,1.58,76.3,3894.0,93.0,OK
2024-01-08 07:00:00,FAN-D01,Zone_B,1.87,0.96,54.0,1300.0,91.2,OK
2024-01-08 08:00:00,PUMP-A01,Zone_A,2.64,1.16,62.1,1857.0,82.5,OK
2024-01-08 08:00:00,PUMP-A02,Zone_A,2.7,1.42,61.4,1873.0,82.8,OK
2024-01-08 08:00:00,PUMP-B01,Zone_B,2.64,1.25,59.8,1847.0,77.3,OK
2024-01-08 08:00:00,COMP-C01,Zone_C,3.51,1.72,74.7,3856.0,84.1,OK
2024-01-08 08:00:00,COMP-C02,Zone_C,3.97,1.86,80.5,3842.0,85.7,OK
2024-01-08 08:00:00,FAN-D01,Zone_B,1.75,0.79,51.1,1238.0,78.6,OK
2024-01-08 09:00:00,PUMP-A01,Zone_A,2.48,1.26,64.0,1858.0,80.0,OK
2024-01-08 09:00:00,PUMP-A02,Zone_A,2.82,1.33,60.8,1815.0,76.7,OK
2024-01-08 09:00:00,PUMP-B01,Zone_B,2.46,1.11,64.1,1891.0,89.9,OK
2024-01-08 09:00:00,COMP-C01,Zone_C,4.01,1.79,78.5,3743.0,77.8,OK
2024-01-08 09:00:00,COMP-C02,Zone_C,3.17,1.61,81.2,3815.0,80.9,OK
2024-01-08 09:00:00,FAN-D01,Zone_B,1.68,0.77,48.3,1253.0,76.2,OK
2024-01-08 10:00:00,PUMP-A01,Zone_A,2.67,1.24,61.6,1868.0,81.1,OK
2024-01-08 10:00:00,PUMP-A02,Zone_A,2.76,1.25,57.0,1780.0,69.7,OK
2024-01-08 10:00:00,PUMP-B01,Zone_B,2.58,1.34,59.7,1863.0,83.2,OK
2024-01-08 10:00:00,COMP-C01,Zone_C,3.55,2.0,76.0,3776.0,78.2,OK
2024-01-08 10:00:00,COMP-C02,Zone_C,3.1,1.75,77.3,3827.0,82.3,OK
2024-01-08 10:00:00,FAN-D01,Zone_B,1.95,0.87,49.3,1279.0,73.8,SUSPECT
2024-01-08 11:00:00,PUMP-A01,Zone_A,2.5,1.34,55.5,1831.0,79.3,OK
2024-01-08 11:00:00,PUMP-A02,Zone_A,2.42,1.06,62.2,1821.0,73.1,OK
2024-01-08 11:00:00,PUMP-B01,Zone_B,3.2,1.79,59.2,1802.0,71.1,OK
2024-01-08 11:00:00,COMP-C01,Zone_C,3.14,1.52,78.6,3872.0,81.8,OK
2024-01-08 11:00:00,COMP-C02,Zone_C,3.5,1.63,76.4,3707.0,69.4,OK
2024-01-08 11:00:00,FAN-D01,Zone_B,2.14,0.9,50.2,1283.0,80.7,OK
2024-01-08 12:00:00,PUMP-A01,Zone_A,2.78,1.33,60.4,1803.0,62.9,OK
2024-01-08 12:00:00,PUMP-A02,Zone_A,2.48,1.34,55.0,1835.0,68.2,OK
2024-01-08 12:00:00,PUMP-B01,Zone_B,2.4,1.1,62.1,1814.0,66.2,OK
2024-01-08 12:00:00,COMP-C01,Zone_C,3.5,1.79,78.4,3791.0,74.6,OK
2024-01-08 12:00:00,COMP-C02,Zone_C,3.02,1.61,75.2,3776.0,72.7,OK
2024-01-08 12:00:00,FAN-D01,Zone_B,2.11,0.83,48.2,1208.0,68.2,OK
2024-01-08 13:00:00,PUMP-A01,Zone_A,2.94,1.55,59.7,1782.0,61.1,OK
2024-01-08 13:00:00,PUMP-A02,Zone_A,2.28,1.35,60.1,1815.0,67.7,OK
2024-01-08 13:00:00,PUMP-B01,Zone_B,2.42,1.1,58.5,1815.0,64.3,OK
2024-01-08 13:00:00,COMP-C01,Zone_C,3.41,1.6,77.3,3718.0,66.5,OK
2024-01-08 13:00:00,COMP-C02,Zone_C,3.43,1.74,77.7,3674.0,60.1,OK
2024-01-08 13:00:00,FAN-D01,Zone_B,1.51,0.72,45.2,1264.0,71.2,OK
2024-01-08 14:00:00,PUMP-A01,Zone_A,2.67,1.38,57.1,1819.0,61.3,OK
2024-01-08 14:00:00,PUMP-A02,Zone_A,2.35,1.09,57.9,1791.0,65.9,OK
2024-01-08 14:00:00,PUMP-B01,Zone_B,1.89,1.04,56.9,1833.0,67.3,OK
2024-01-08 14:00:00,COMP-C01,Zone_C,3.32,1.73,74.1,3762.0,66.8,OK
2024-01-08 14:00:00,COMP-C02,Zone_C,3.83,1.9,80.5,3763.0,74.1,OK
2024-01-08 14:00:00,FAN-D01,Zone_B,1.58,0.91,46.7,1201.0,62.5,OK
2024-01-08 15:00:00,PUMP-A01,Zone_A,2.96,1.35,59.7,1809.0,66.4,OK
2024-01-08 15:00:00,PUMP-A02,Zone_A,2.23,1.08,60.1,1772.0,58.0,OK
2024-01-08 15:00:00,PUMP-B01,Zone_B,2.3,1.14,58.1,1764.0,54.8,OK
2024-01-08 15:00:00,COMP-C01,Zone_C,3.17,1.57,72.2,3637.0,59.8,OK
2024-01-08 15:00:00,COMP-C02,Zone_C,2.7,1.33,78.0,3634.0,52.6,OK
2024-01-08 15:00:00,FAN-D01,Zone_B,1.44,0.81,47.1,1235.0,51.7,OK
2024-01-08 16:00:00,PUMP-A01,Zone_A,2.47,1.01,57.7,1835.0,64.0,OK
2024-01-08 16:00:00,PUMP-A02,Zone_A,2.15,1.11,58.1,1773.0,54.9,OK
2024-01-08 16:00:00,PUMP-B01,Zone_B,2.47,1.24,60.4,1793.0,56.2,OK
2024-01-08 16:00:00,COMP-C01,Zone_C,3.06,1.65,75.5,3648.0,57.4,OK
2024-01-08 16:00:00,COMP-C02,Zone_C,3.48,1.86,75.3,3629.0,54.4,OK
2024-01-08 16:00:00,FAN-D01,Zone_B,2.07,0.94,50.6,1200.0,49.9,OK
2024-01-08 17:00:00,PUMP-A01,Zone_A,2.45,1.1,59.8,1770.0,51.0,OK
2024-01-08 17:00:00,PUMP-A02,Zone_A,2.56,1.35,56.5,1718.0,48.3,OK
2024-01-08 17:00:00,PUMP-B01,Zone_B,2.22,1.13,58.8,1774.0,55.1,OK
2024-01-08 17:00:00,COMP-C01,Zone_C,3.32,1.76,77.9,3623.0,55.0,OK
2024-01-08 17:00:00,COMP-C02,Zone_C,3.04,1.44,77.5,3653.0,58.0,OK
2024-01-08 17:00:00,FAN-D01,Zone_B,1.4,0.56,43.1,1226.0,56.2,OK
2024-01-08 18:00:00,PUMP-A01,Zone_A,1.98,0.86,57.4,1704.0,51.9,OK
2024-01-08 18:00:00,PUMP-A02,Zone_A,2.18,1.09,60.5,1772.0,53.4,OK
2024-01-08 18:00:00,PUMP-B01,Zone_B,2.52,1.17,56.3,1761.0,48.1,OK
2024-01-08 18:00:00,COMP-C01,Zone_C,3.63,1.91,74.9,3620.0,52.7,OK
2024-01-08 18:00:00,COMP-C02,Zone_C,2.84,1.32,71.3,3584.0,49.5,OK
2024-01-08 18:00:00,FAN-D01,Zone_B,1.66,0.98,45.1,1237.0,60.0,OK
2024-01-08 19:00:00,PUMP-A01,Zone_A,2.58,1.22,58.4,1745.0,51.3,OK
2024-01-08 19:00:00,PUMP-A02,Zone_A,2.43,1.1,56.2,1821.0,53.9,OK
2024-01-08 19:00:00,PUMP-B01,Zone_B,2.55,1.07,56.8,1771.0,54.3,OK
2024-01-08 19:00:00,COMP-C01,Zone_C,3.46,1.87,74.8,3599.0,53.8,OK
2024-01-08 19:00:00,COMP-C02,Zone_C,3.65,1.89,73.8,3625.0,56.1,OK
2024-01-08 19:00:00,FAN-D01,Zone_B,1.4,0.59,47.9,1183.0,57.4,OK
2024-01-08 20:00:00,PUMP-A01,Zone_A,2.91,1.5,57.6,1788.0,62.3,OK
2024-01-08 20:00:00,PUMP-A02,Zone_A,2.83,1.47,65.2,1779.0,64.1,OK
2024-01-08 20:00:00,PUMP-B01,Zone_B,2.13,1.06,55.9,1734.0,43.5,OK
2024-01-08 20:00:00,COMP-C01,Zone_C,3.84,1.97,76.8,3676.0,61.0,OK
2024-01-08 20:00:00,COMP-C02,Zone_C,3.86,2.06,75.3,3681.0,59.9,OK
2024-01-08 20:00:00,FAN-D01,Zone_B,1.56,0.69,43.6,1216.0,61.1,OK
2024-01-08 21:00:00,PUMP-A01,Zone_A,2.44,1.18,54.8,1749.0,50.6,OK
2024-01-08 21:00:00,PUMP-A02,Zone_A,2.48,1.13,58.5,1781.0,55.3,OK
2024-01-08 21:00:00,PUMP-B01,Zone_B,2.35,1.28,59.9,1750.0,58.0,OK
2024-01-08 21:00:00,COMP-C01,Zone_C,3.45,1.79,76.4,3746.0,66.4,OK
2024-01-08 21:00:00,COMP-C02,Zone_C,3.53,1.9,76.5,3717.0,66.8,OK
2024-01-08 21:00:00,FAN-D01,Zone_B,1.81,0.9,45.9,1221.0,52.8,OK
2024-01-08 22:00:00,PUMP-A01,Zone_A,2.36,1.08,59.5,1820.0,63.3,OK
2024-01-08 22:00:00,PUMP-A02,Zone_A,2.21,1.07,56.8,1770.0,53.5,OK
2024-01-08 22:00:00,PUMP-B01,Zone_B,2.93,1.44,59.2,1824.0,70.5,OK
2024-01-08 22:00:00,COMP-C01,Zone_C,3.15,1.63,78.8,3659.0,63.8,OK
2024-01-08 22:00:00,COMP-C02,Zone_C,2.87,1.61,72.2,3660.0,60.0,OK
2024-01-08 22:00:00,FAN-D01,Zone_B,1.92,1.01,48.1,1222.0,62.8,OK
2024-01-08 23:00:00,PUMP-A01,Zone_A,2.29,1.17,60.1,1796.0,62.1,OK
2024-01-08 23:00:00,PUMP-A02,Zone_A,2.46,1.23,61.2,1846.0,70.9,OK
2024-01-08 23:00:00,PUMP-B01,Zone_B,2.08,1.02,54.6,1873.0,71.6,OK
2024-01-08 23:00:00,COMP-C01,Zone_C,3.51,1.91,77.6,3701.0,67.1,OK
2024-01-08 23:00:00,COMP-C02,Zone_C,3.26,1.56,73.8,3669.0,58.3,OK
2024-01-08 23:00:00,FAN-D01,Zone_B,1.78,0.86,44.8,1221.0,64.1,OK
2024-01-09 00:00:00,PUMP-A01,Zone_A,2.31,1.09,57.1,1837.0,64.5,OK
2024-01-09 00:00:00,PUMP-A02,Zone_A,3.13,1.63,64.3,1864.0,79.0,OK
2024-01-09 00:00:00,PUMP-B01,Zone_B,2.09,1.2,58.7,1847.0,67.3,OK
2024-01-09 00:00:00,COMP-C01,Zone_C,3.76,1.84,74.5,3749.0,71.5,OK
2024-01-09 00:00:00,COMP-C02,Zone_C,3.09,1.52,76.6,3700.0,66.4,OK
2024-01-09 00:00:00,FAN-D01,Zone_B,2.22,1.12,49.6,1283.0,73.5,OK
2024-01-09 01:00:00,PUMP-A01,Zone_A,2.71,1.27,60.0,1866.0,78.6,OK
2024-01-09 01:00:00,PUMP-A02,Zone_A,2.18,0.96,59.9,1822.0,71.1,OK
2024-01-09 01:00:00,PUMP-B01,Zone_B,2.59,1.23,59.2,1789.0,65.1,OK
2024-01-09 01:00:00,COMP-C01,Zone_C,3.94,1.86,80.8,3815.0,76.2,OK
2024-01-09 01:00:00,COMP-C02,Zone_C,2.93,1.33,76.3,3812.0,79.8,OK
2024-01-09 01:00:00,FAN-D01,Zone_B,1.66,0.9,50.3,1242.0,68.1,OK
2024-01-09 02:00:00,PUMP-A01,Zone_A,2.18,1.13,62.9,1877.0,84.7,OK
2024-01-09 02:00:00,PUMP-A02,Zone_A,2.75,1.27,64.5,1866.0,77.1,OK
2024-01-09 02:00:00,PUMP-B01,Zone_B,2.31,1.13,58.0,1861.0,75.0,OK
2024-01-09 02:00:00,COMP-C01,Zone_C,3.82,2.05,80.2,3853.0,86.4,OK
2024-01-09 02:00:00,COMP-C02,Zone_C,4.5,2.15,76.7,3834.0,81.6,OK
2024-01-09 02:00:00,FAN-D01,Zone_B,1.62,0.87,47.9,1231.0,75.5,OK
2024-01-09 03:00:00,PUMP-A01,Zone_A,2.53,1.25,62.4,1851.0,75.8,OK
2024-01-09 03:00:00,PUMP-A02,Zone_A,2.12,1.17,59.7,1840.0,76.8,OK
2024-01-09 03:00:00,PUMP-B01,Zone_B,2.96,1.46,63.6,1896.0,90.9,OK
2024-01-09 03:00:00,COMP-C01,Zone_C,3.14,1.47,81.8,3886.0,88.9,OK
2024-01-09 03:00:00,COMP-C02,Zone_C,2.94,1.35,74.7,3820.0,80.4,OK
2024-01-09 03:00:00,FAN-D01,Zone_B,2.25,1.1,50.2,1279.0,84.7,OK
2024-01-09 04:00:00,PUMP-A01,Zone_A,2.83,1.39,63.9,1887.0,89.0,OK
2024-01-09 04:00:00,PUMP-A02,Zone_A,2.97,1.32,60.6,1880.0,80.9,OK
2024-01-09 04:00:00,PUMP-B01,Zone_B,3.08,1.7,61.8,1890.0,82.0,OK
2024-01-09 04:00:00,COMP-C01,Zone_C,3.28,1.43,74.9,3887.0,89.1,OK
2024-01-09 04:00:00,COMP-C02,Zone_C,3.47,1.61,78.7,3819.0,78.4,OK
2024-01-09 04:00:00,FAN-D01,Zone_B,1.16,0.53,47.1,1296.0,75.8,OK
2024-01-09 05:00:00,PUMP-A01,Zone_A,2.67,1.28,64.8,1807.0,74.7,OK
2024-01-09 05:00:00,PUMP-A02,Zone_A,2.52,1.26,60.2,1892.0,93.7,OK
2024-01-09 05:00:00,PUMP-B01,Zone_B,2.77,1.31,59.6,1859.0,83.6,SUSPECT
2024-01-09 05:00:00,COMP-C01,Zone_C,3.88,1.78,81.4,3843.0,85.0,OK
2024-01-09 05:00:00,COMP-C02,Zone_C,3.43,1.66,81.8,3822.0,81.6,OK
2024-01-09 05:00:00,FAN-D01,Zone_B,1.81,0.95,49.8,1273.0,80.2,OK
2024-01-09 06:00:00,PUMP-A01,Zone_A,2.56,1.2,62.9,1897.0,97.6,OK
2024-01-09 06:00:00,PUMP-A02,Zone_A,2.57,1.37,62.0,1827.0,76.4,OK
2024-01-09 06:00:00,PUMP-B01,Zone_B,3.19,1.62,62.4,1895.0,80.9,OK
2024-01-09 06:00:00,COMP-C01,Zone_C,4.01,2.1,79.4,3873.0,90.2,OK
2024-01-09 06:00:00,COMP-C02,Zone_C,3.18,1.5,78.3,3794.0,78.3,OK
2024-01-09 06:00:00,FAN-D01,Zone_B,1.65,0.82,49.9,1231.0,81.3,OK
2024-01-09 07:00:00,PUMP-A01,Zone_A,2.33,1.35,59.9,1858.0,85.4,OK
2024-01-09 07:00:00,PUMP-A02,Zone_A,2.64,1.35,60.0,1845.0,84.0,OK
2024-01-09 07:00:00,PUMP-B01,Zone_B,2.39,1.08,60.8,1848.0,81.0,SUSPECT
2024-01-09 07:00:00,COMP-C01,Zone_C,4.28,2.2,80.5,3801.0,77.1,OK
2024-01-09 07:00:00,COMP-C02,Zone_C,3.33,1.58,73.3,3799.0,78.7,OK
2024-01-09 07:00:00,FAN-D01,Zone_B,1.79,0.81,49.9,1314.0,91.2,OK
2024-01-09 08:00:00,PUMP-A01,Zone_A,2.48,1.49,65.3,1858.0,88.3,OK
2024-01-09 08:00:00,PUMP-A02,Zone_A,2.72,1.31,65.2,1879.0,82.8,OK
2024-01-09 08:00:00,PUMP-B01,Zone_B,2.61,1.2,60.0,1843.0,83.1,OK
2024-01-09 08:00:00,COMP-C01,Zone_C,4.11,2.03,79.3,3863.0,87.3,OK
2024-01-09 08:00:00,COMP-C02,Zone_C,4.0,2.1,75.5,3841.0,80.8,OK
2024-01-09 08:00:00,FAN-D01,Zone_B,1.91,1.06,48.0,1279.0,88.4,OK
2024-01-09 09:00:00,PUMP-A01,Zone_A,2.35,1.0,60.2,1818.0,73.3,OK
2024-01-09 09:00:00,PUMP-A02,Zone_A,2.52,1.34,62.3,1889.0,89.6,OK
2024-01-09 09:00:00,PUMP-B01,Zone_B,2.81,1.37,62.6,1881.0,86.2,OK
2024-01-09 09:00:00,COMP-C01,Zone_C,3.72,1.84,82.7,3830.0,83.3,OK
2024-01-09 09:00:00,COMP-C02,Zone_C,4.11,2.06,80.9,3912.0,90.2,SUSPECT
2024-01-09 09:00:00,FAN-D01,Zone_B,2.47,1.43,53.2,1271.0,85.6,OK
2024-01-09 10:00:00,PUMP-A01,Zone_A,2.3,1.1,57.4,1828.0,76.1,OK
2024-01-09 10:00:00,PUMP-A02,Zone_A,2.51,1.36,63.7,1903.0,88.0,OK
2024-01-09 10:00:00,PUMP-B01,Zone_B,2.77,1.33,61.0,1829.0,74.3,SUSPECT
2024-01-09 10:00:00,COMP-C01,Zone_C,3.44,1.64,78.1,3804.0,79.5,OK
2024-01-09 10:00:00,COMP-C02,Zone_C,3.82,1.99,82.0,3819.0,81.1,OK
2024-01-09 10:00:00,FAN-D01,Zone_B,2.57,1.33,52.2,1300.0,84.3,OK
2024-01-09 11:00:00,PUMP-A01,Zone_A,3.04,1.53,65.6,1816.0,73.7,OK
2024-01-09 11:00:00,PUMP-A02,Zone_A,2.33,1.13,59.9,1807.0,65.8,OK
2024-01-09 11:00:00,PUMP-B01,Zone_B,2.07,0.98,60.0,1820.0,68.1,OK
2024-01-09 11:00:00,COMP-C01,Zone_C,3.66,1.8,78.9,3723.0,69.0,OK
2024-01-09 11:00:00,COMP-C02,Zone_C,3.65,1.79,77.5,3674.0,62.5,OK
2024-01-09 11:00:00,FAN-D01,Zone_B,1.99,1.11,45.9,1201.0,66.3,OK
2024-01-09 12:00:00,PUMP-A01,Zone_A,2.72,1.19,60.4,1845.0,75.3,OK
2024-01-09 12:00:00,PUMP-A02,Zone_A,3.02,1.56,64.2,1839.0,69.9,OK
2024-01-09 12:00:00,PUMP-B01,Zone_B,2.4,1.18,63.1,1805.0,71.2,OK
2024-01-09 12:00:00,COMP-C01,Zone_C,3.89,2.06,75.2,3687.0,59.6,OK
2024-01-09 12:00:00,COMP-C02,Zone_C,3.71,1.84,78.5,3814.0,74.0,OK
2024-01-09 12:00:00,FAN-D01,Zone_B,1.53,0.58,48.3,1251.0,76.2,OK
2024-01-09 13:00:00,PUMP-A01,Zone_A,2.44,1.39,56.6,1825.0,66.4,OK
2024-01-09 13:00:00,PUMP-A02,Zone_A,3.34,1.5,63.1,1826.0,72.1,OK
2024-01-09 13:00:00,PUMP-B01,Zone_B,2.48,1.21,60.7,1800.0,65.0,OK
2024-01-09 13:00:00,COMP-C01,Zone_C,2.96,1.59,71.3,3706.0,64.2,OK
2024-01-09 13:00:00,COMP-C02,Zone_C,3.85,1.88,81.5,3744.0,72.7,OK
2024-01-09 13:00:00,FAN-D01,Zone_B,1.95,0.93,47.6,1244.0,64.3,OK
2024-01-09 14:00:00,PUMP-A01,Zone_A,2.92,1.27,59.9,1784.0,60.1,OK
2024-01-09 14:00:00,PUMP-A02,Zone_A,2.47,1.31,56.0,1793.0,65.6,OK
2024-01-09 14:00:00,PUMP-B01,Zone_B,2.21,1.04,57.4,1797.0,60.5,OK
2024-01-09 14:00:00,COMP-C01,Zone_C,3.52,1.71,77.0,3706.0,69.3,OK
2024-01-09 14:00:00,COMP-C02,Zone_C,3.62,1.54,79.4,3711.0,64.0,OK
2024-01-09 14:00:00,FAN-D01,Zone_B,1.97,0.92,45.6,1237.0,58.8,OK
2024-01-09 15:00:00,PUMP-A01,Zone_A,2.32,1.12,59.7,1788.0,65.2,OK
2024-01-09 15:00:00,PUMP-A02,Zone_A,2.99,1.49,58.3,1758.0,59.1,OK
2024-01-09 15:00:00,PUMP-B01,Zone_B,2.3,1.13,58.8,1803.0,64.8,OK
2024-01-09 15:00:00,COMP-C01,Zone_C,3.84,1.85,77.7,3677.0,62.4,OK
2024-01-09 15:00:00,COMP-C02,Zone_C,3.63,1.72,76.4,3672.0,61.0,OK
2024-01-09 15:00:00,FAN-D01,Zone_B,1.6,1.04,46.3,1191.0,62.8,OK
2024-01-09 16:00:00,PUMP-A01,Zone_A,2.71,1.38,60.0,1793.0,56.6,OK
2024-01-09 16:00:00,PUMP-A02,Zone_A,2.59,1.31,62.2,1804.0,56.5,OK
2024-01-09 16:00:00,PUMP-B01,Zone_B,2.0,1.12,62.6,1809.0,58.4,OK
2024-01-09 16:00:00,COMP-C01,Zone_C,3.47,1.56,73.3,3672.0,55.1,OK
2024-01-09 16:00:00,COMP-C02,Zone_C,3.36,1.99,76.0,3645.0,62.5,OK
2024-01-09 16:00:00,FAN-D01,Zone_B,1.94,1.05,46.6,1236.0,51.4,OK
2024-01-09 17:00:00,PUMP-A01,Zone_A,2.37,1.21,56.1,1784.0,52.4,OK
2024-01-09 17:00:00,PUMP-A02,Zone_A,2.2,1.04,56.1,1748.0,50.5,OK
2024-01-09 17:00:00,PUMP-B01,Zone_B,1.77,0.74,57.7,1768.0,54.9,OK
2024-01-09 17:00:00,COMP-C01,Zone_C,3.7,1.89,76.4,3633.0,51.8,OK
2024-01-09 17:00:00,COMP-C02,Zone_C,3.37,1.75,74.5,3702.0,59.1,OK
2024-01-09 17:00:00,FAN-D01,Zone_B,1.53,0.87,49.2,1243.0,67.8,OK
2024-01-09 18:00:00,PUMP-A01,Zone_A,2.72,1.37,59.2,1752.0,54.3,OK
2024-01-09 18:00:00,PUMP-A02,Zone_A,2.22,1.1,58.9,1763.0,50.8,OK
2024-01-09 18:00:00,PUMP-B01,Zone_B,2.11,1.05,58.3,1779.0,62.2,OK
2024-01-09 18:00:00,COMP-C01,Zone_C,3.48,1.74,73.9,3662.0,58.8,OK
2024-01-09 18:00:00,COMP-C02,Zone_C,3.74,1.97,78.3,3660.0,61.2,OK
2024-01-09 18:00:00,FAN-D01,Zone_B,1.58,0.77,46.5,1184.0,54.9,OK
2024-01-09 19:00:00,PUMP-A01,Zone_A,2.22,1.22,56.3,1734.0,51.4,OK
2024-01-09 19:00:00,PUMP-A02,Zone_A,2.01,1.2,57.5,1758.0,52.9,OK
2024-01-09 19:00:00,PUMP-B01,Zone_B,2.17,1.01,57.8,1731.0,50.3,OK
2024-01-09 19:00:00,COMP-C01,Zone_C,3.12,1.43,71.9,3599.0,45.8,OK
2024-01-09 19:00:00,COMP-C02,Zone_C,3.25,1.65,76.3,3660.0,58.7,OK
2024-01-09 19:00:00,FAN-D01,Zone_B,2.06,1.03,45.0,1214.0,59.0,OK
2024-01-09 20:00:00,PUMP-A01,Zone_A,2.68,1.37,60.2,1844.0,68.9,OK
2024-01-09 20:00:00,PUMP-A02,Zone_A,2.29,1.11,56.2,1778.0,48.3,OK
2024-01-09 20:00:00,PUMP-B01,Zone_B,2.1,0.92,55.9,1746.0,54.8,OK
2024-01-09 20:00:00,COMP-C01,Zone_C,3.16,1.49,77.1,3731.0,64.1,OK
2024-01-09 20:00:00,COMP-C02,Zone_C,3.08,1.61,76.4,3646.0,51.1,OK
2024-01-09 20:00:00,FAN-D01,Zone_B,2.1,0.97,50.6,1203.0,54.2,OK
2024-01-09 21:00:00,PUMP-A01,Zone_A,2.41,1.01,59.8,1788.0,60.4,OK
2024-01-09 21:00:00,PUMP-A02,Zone_A,2.76,1.47,59.8,1825.0,69.3,OK
2024-01-09 21:00:00,PUMP-B01,Zone_B,2.51,1.34,61.4,1784.0,57.8,OK
2024-01-09 21:00:00,COMP-C01,Zone_C,3.23,1.94,76.5,3658.0,59.8,OK
2024-01-09 21:00:00,COMP-C02,Zone_C,3.22,1.67,75.4,3709.0,61.3,OK
2024-01-09 21:00:00,FAN-D01,Zone_B,1.61,0.87,43.6,1240.0,58.5,OK
2024-01-09 22:00:00,PUMP-A01,Zone_A,2.53,1.3,64.4,1814.0,67.8,OK
2024-01-09 22:00:00,PUMP-A02,Zone_A,2.77,1.29,52.8,1747.0,53.7,OK
2024-01-09 22:00:00,PUMP-B01,Zone_B,1.83,0.97,56.7,1794.0,56.8,OK
2024-01-09 22:00:00,COMP-C01,Zone_C,3.51,1.63,75.7,3620.0,56.6,OK
2024-01-09 22:00:00,COMP-C02,Zone_C,3.17,1.58,72.3,3680.0,60.2,OK
2024-01-09 22:00:00,FAN-D01,Zone_B,1.77,1.1,50.7,1254.0,65.7,OK
2024-01-09 23:00:00,PUMP-A01,Zone_A,2.99,1.47,60.1,1810.0,70.0,OK
2024-01-09 23:00:00,PUMP-A02,Zone_A,2.17,1.19,57.3,1794.0,68.5,OK
2024-01-09 23:00:00,PUMP-B01,Zone_B,2.25,1.12,56.4,1769.0,63.0,OK
2024-01-09 23:00:00,COMP-C01,Zone_C,3.61,1.84,75.7,3654.0,60.4,OK
2024-01-09 23:00:00,COMP-C02,Zone_C,3.14,1.7,76.2,3744.0,70.9,OK
2024-01-09 23:00:00,FAN-D01,Zone_B,2.12,1.0,45.4,1260.0,74.8,OK
2024-01-10 00:00:00,PUMP-A01,Zone_A,2.46,1.2,59.1,1822.0,68.9,OK
2024-01-10 00:00:00,PUMP-A02,Zone_A,1.79,0.88,57.5,1809.0,66.9,OK
2024-01-10 00:00:00,PUMP-B01,Zone_B,1.64,0.8,61.5,1853.0,67.4,OK
2024-01-10 00:00:00,COMP-C01,Zone_C,3.81,1.82,77.5,3745.0,70.6,OK
2024-01-10 00:00:00,COMP-C02,Zone_C,3.98,2.23,78.0,3705.0,66.0,OK
2024-01-10 00:00:00,FAN-D01,Zone_B,1.37,0.71,51.1,1240.0,67.7,OK
2024-01-10 01:00:00,PUMP-A01,Zone_A,2.78,1.43,61.3,1819.0,78.8,OK
2024-01-10 01:00:00,PUMP-A02,Zone_A,2.68,1.31,62.6,1816.0,69.9,OK
2024-01-10 01:00:00,PUMP-B01,Zone_B,2.63,1.27,60.2,1868.0,80.2,OK
2024-01-10 01:00:00,COMP-C01,Zone_C,3.48,1.74,75.8,3692.0,68.5,OK
2024-01-10 01:00:00,COMP-C02,Zone_C,3.9,2.0,78.6,3828.0,77.9,OK
2024-01-10 01:00:00,FAN-D01,Zone_B,1.88,0.96,47.7,1269.0,69.0,OK
2024-01-10 02:00:00,PUMP-A01,Zone_A,2.89,1.47,63.4,1796.0,69.9,OK
2024-01-10 02:00:00,PUMP-A02,Zone_A,2.42,1.33,58.7,1843.0,77.4,OK
2024-01-10 02:00:00,PUMP-B01,Zone_B,2.49,1.12,63.3,1818.0,79.3,OK
2024-01-10 02:00:00,COMP-C01,Zone_C,3.48,1.59,76.1,3785.0,74.6,OK
2024-01-10 02:00:00,COMP-C02,Zone_C,3.3,1.51,78.6,3720.0,66.7,OK
2024-01-10 02:00:00,FAN-D01,Zone_B,1.9,1.04,52.0,1245.0,80.8,OK
2024-01-10 03:00:00,PUMP-A01,Zone_A,2.51,1.31,59.8,1867.0,82.6,OK
2024-01-10 03:00:00,PUMP-A02,Zone_A,3.03,1.61,58.7,1842.0,80.1,OK
2024-01-10 03:00:00,PUMP-B01,Zone_B,2.75,1.29,62.1,1845.0,80.0,OK
2024-01-10 03:00:00,COMP-C01,Zone_C,3.58,1.79,77.0,3793.0,77.0,OK
2024-01-10 03:00:00,COMP-C02,Zone_C,4.02,1.9,79.0,3783.0,76.6,OK
2024-01-10 03:00:00,FAN-D01,Zone_B,1.71,0.81,48.9,1279.0,88.1,OK
2024-01-10 04:00:00,PUMP-A01,Zone_A,3.23,1.66,60.9,1930.0,96.6,OK
2024-01-10 04:00:00,PUMP-A02,Zone_A,2.36,1.16,64.2,1887.0,85.0,OK
2024-01-10 04:00:00,PUMP-B01,Zone_B,3.01,1.32,57.6,1839.0,77.5,OK
2024-01-10 04:00:00,COMP-C01,Zone_C,4.13,1.89,78.8,3845.0,83.4,OK
2024-01-10 04:00:00,COMP-C02,Zone_C,3.67,1.88,81.4,3870.0,88.5,OK
2024-01-10 04:00:00,FAN-D01,Zone_B,2.0,1.02,53.5,1245.0,81.3,OK
2024-01-10 05:00:00,PUMP-A01,Zone_A,3.01,1.57,60.1,1872.0,81.1,SUSPECT
2024-01-10 05:00:00,PUMP-A02,Zone_A,2.42,1.07,61.5,1821.0,82.1,OK
2024-01-10 05:00:00,PUMP-B01,Zone_B,2.54,0.91,59.7,1841.0,80.3,OK
2024-01-10 05:00:00,COMP-C01,Zone_C,3.94,2.15,78.3,3836.0,80.1,OK
2024-01-10 05:00:00,COMP-C02,Zone_C,3.55,1.76,79.1,3841.0,82.0,OK
2024-01-10 05:00:00,FAN-D01,Zone_B,2.16,1.24,52.3,1290.0,81.5,SUSPECT
2024-01-10 06:00:00,PUMP-A01,Zone_A,2.97,1.57,64.7,1862.0,90.2,OK
2024-01-10 06:00:00,PUMP-A02,Zone_A,2.76,1.38,59.5,1849.0,79.4,OK
2024-01-10 06:00:00,PUMP-B01,Zone_B,2.71,1.22,61.1,1842.0,81.4,OK
2024-01-10 06:00:00,COMP-C01,Zone_C,3.58,1.69,77.8,3875.0,86.7,OK
2024-01-10 06:00:00,COMP-C02,Zone_C,3.69,1.85,82.1,3875.0,84.1,OK
2024-01-10 06:00:00,FAN-D01,Zone_B,1.62,0.82,50.4,1298.0,77.8,OK
2024-01-10 07:00:00,PUMP-A01,Zone_A,2.79,1.23,67.3,1864.0,82.5,OK
2024-01-10 07:00:00,PUMP-A02,Zone_A,3.21,1.57,62.6,1859.0,87.1,OK
2024-01-10 07:00:00,PUMP-B01,Zone_B,2.93,1.61,63.1,1901.0,91.6,OK
2024-01-10 07:00:00,COMP-C01,Zone_C,3.98,2.07,82.8,3849.0,86.1,OK
2024-01-10 07:00:00,COMP-C02,Zone_C,3.97,2.06,76.6,3772.0,77.5,OK
2024-01-10 07:00:00,FAN-D01,Zone_B,2.41,1.36,52.0,1288.0,87.5,OK
2024-01-10 08:00:00,PUMP-A01,Zone_A,2.72,1.41,63.8,1877.0,87.4,OK
2024-01-10 08:00:00,PUMP-A02,Zone_A,2.76,1.49,61.5,1863.0,86.0,OK
2024-01-10 08:00:00,PUMP-B01,Zone_B,2.69,1.35,62.0,1919.0,83.5,OK
2024-01-10 08:00:00,COMP-C01,Zone_C,3.7,1.66,79.7,3798.0,79.8,OK
2024-01-10 08:00:00,COMP-C02,Zone_C,3.23,1.58,78.1,3864.0,83.4,OK
2024-01-10 08:00:00,FAN-D01,Zone_B,1.44,0.86,46.6,1266.0,73.8,OK
2024-01-10 09:00:00,PUMP-A01,Zone_A,3.0,1.48,63.2,1847.0,88.8,OK
2024-01-10 09:00:00,PUMP-A02,Zone_A,2.74,1.47,59.4,1840.0,78.6,OK
2024-01-10 09:00:00,PUMP-B01,Zone_B,2.49,1.27,63.3,1885.0,83.6,OK
2024-01-10 09:00:00,COMP-C01,Zone_C,3.66,1.91,79.2,3842.0,86.4,OK
2024-01-10 09:00:00,COMP-C02,Zone_C,3.7,1.77,80.2,3838.0,83.8,OK
2024-01-10 09:00:00,FAN-D01,Zone_B,1.75,0.9,51.5,1239.0,80.2,OK
2024-01-10 10:00:00,PUMP-A01,Zone_A,2.47,1.2,64.2,1832.0,73.0,OK
2024-01-10 10:00:00,PUMP-A02,Zone_A,2.85,1.34,58.9,1816.0,76.0,OK
2024-01-10 10:00:00,PUMP-B01,Zone_B,3.05,1.54,57.6,1807.0,63.2,OK
2024-01-10 10:00:00,COMP-C01,Zone_C,3.41,1.78,79.6,3800.0,74.3,OK
2024-01-10 10:00:00,COMP-C02,Zone_C,4.51,2.17,86.2,3891.0,85.1,OK
2024-01-10 10:00:00,FAN-D01,Zone_B,1.72,0.85,47.6,1268.0,75.7,OK
2024-01-10 11:00:00,PUMP-A01,Zone_A,2.78,1.44,63.9,1855.0,80.3,OK
2024-01-10 11:00:00,PUMP-A02,Zone_A,2.64,1.3,62.5,1767.0,65.6,OK
2024-01-10 11:00:00,PUMP-B01,Zone_B,2.2,1.05,57.5,1854.0,80.5,OK
2024-01-10 11:00:00,COMP-C01,Zone_C,4.31,2.28,79.8,3721.0,68.3,OK
2024-01-10 11:00:00,COMP-C02,Zone_C,3.49,1.8,76.9,3795.0,75.6,SUSPECT
2024-01-10 11:00:00,FAN-D01,Zone_B,1.77,0.81,47.8,1250.0,73.9,OK
2024-01-10 12:00:00,PUMP-A01,Zone_A,2.99,1.61,58.1,1817.0,66.6,OK
2024-01-10 12:00:00,PUMP-A02,Zone_A,2.04,0.98,58.7,1853.0,76.4,OK
2024-01-10 12:00:00,PUMP-B01,Zone_B,2.48,1.38,59.9,1858.0,73.0,OK
2024-01-10 12:00:00,COMP-C01,Zone_C,3.3,1.66,80.1,3721.0,74.2,OK
2024-01-10 12:00:00,COMP-C02,Zone_C,3.55,1.68,78.6,3701.0,62.8,OK
2024-01-10 12:00:00,FAN-D01,Zone_B,2.19,1.01,48.5,1268.0,74.0,OK
2024-01-10 13:00:00,PUMP-A01,Zone_A,2.65,1.54,60.8,1872.0,72.9,OK
2024-01-10 13:00:00,PUMP-A02,Zone_A,2.3,1.08,57.6,1830.0,64.2,OK
2024-01-10 13:00:00,PUMP-B01,Zone_B,2.39,1.31,63.1,1817.0,71.3,OK
2024-01-10 13:00:00,COMP-C01,Zone_C,3.61,1.93,75.1,3743.0,69.3,OK
2024-01-10 13:00:00,COMP-C02,Zone_C,3.19,1.54,75.9,3685.0,66.5,OK
2024-01-10 13:00:00,FAN-D01,Zone_B,1.92,1.01,48.8,1245.0,75.6,OK
2024-01-10 14:00:00,PUMP-A01,Zone_A,3.11,1.65,59.7,1814.0,68.5,OK
2024-01-10 14:00:00,PUMP-A02,Zone_A,3.11,1.51,61.7,1850.0,73.5,OK
2024-01-10 14:00:00,PUMP-B01,Zone_B,2.8,1.46,60.0,1805.0,61.6,OK
2024-01-10 14:00:00,COMP-C01,Zone_C,3.53,1.69,75.2,3762.0,70.0,OK
2024-01-10 14:00:00,COMP-C02,Zone_C,3.19,1.52,79.7,3703.0,60.6,OK
2024-01-10 14:00:00,FAN-D01,Zone_B,1.71,0.84,46.2,1257.0,67.4,OK
2024-01-10 15:00:00,PUMP-A01,Zone_A,2.03,1.02,53.2,1725.0,43.7,OK
2024-01-10 15:00:00,PUMP-A02,Zone_A,2.07,1.12,60.4,1823.0,59.8,OK
2024-01-10 15:00:00,PUMP-B01,Zone_B,2.29,1.37,57.3,1728.0,51.6,OK
2024-01-10 15:00:00,COMP-C01,Zone_C,3.6,1.82,76.8,3656.0,58.5,OK
2024-01-10 15:00:00,COMP-C02,Zone_C,2.97,1.5,72.4,3631.0,56.2,OK
2024-01-10 15:00:00,FAN-D01,Zone_B,1.45,0.75,46.4,1221.0,53.5,OK
2024-01-10 16:00:00,PUMP-A01,Zone_A,2.55,1.29,55.9,1758.0,57.9,OK
2024-01-10 16:00:00,PUMP-A02,Zone_A,2.23,1.3,59.5,1797.0,62.0,OK
2024-01-10 16:00:00,PUMP-B01,Zone_B,1.72,0.87,56.7,1748.0,53.9,OK
2024-01-10 16:00:00,COMP-C01,Zone_C,3.66,1.93,75.6,3720.0,62.7,OK
2024-01-10 16:00:00,COMP-C02,Zone_C,2.7,1.32,74.3,3603.0,49.7,OK
2024-01-10 16:00:00,FAN-D01,Zone_B,1.6,0.8,46.3,1224.0,54.4,OK
2024-01-10 17:00:00,PUMP-A01,Zone_A,2.68,1.36,54.7,1813.0,61.3,OK
2024-01-10 17:00:00,PUMP-A02,Zone_A,2.05,1.06,57.2,1714.0,52.1,OK
2024-01-10 17:00:00,PUMP-B01,Zone_B,2.69,1.38,57.0,1785.0,55.3,OK
2024-01-10 17:00:00,COMP-C01,Zone_C,3.31,1.64,72.3,3583.0,45.9,OK
2024-01-10 17:00:00,COMP-C02,Zone_C,3.23,1.62,76.8,3610.0,50.4,OK
2024-01-10 17:00:00,FAN-D01,Zone_B,1.56,0.76,46.4,1191.0,49.6,OK
2024-01-10 18:00:00,PUMP-A01,Zone_A,2.47,1.27,58.3,1764.0,59.4,OK
2024-01-10 18:00:00,PUMP-A02,Zone_A,2.32,0.98,63.7,1780.0,57.9,OK
2024-01-10 18:00:00,PUMP-B01,Zone_B,1.82,0.94,55.4,1764.0,50.5,OK
2024-01-10 18:00:00,COMP-C01,Zone_C,2.95,1.51,75.4,3609.0,51.3,OK
2024-01-10 18:00:00,COMP-C02,Zone_C,3.5,1.7,74.6,3634.0,56.3,OK
2024-01-10 18:00:00,FAN-D01,Zone_B,1.64,0.87,46.6,1172.0,47.4,OK
2024-01-10 19:00:00,PUMP-A01,Zone_A,2.0,1.3,61.4,1783.0,59.5,OK
2024-01-10 19:00:00,PUMP-A02,Zone_A,2.77,1.31,59.0,1777.0,59.1,OK
2024-01-10 19:00:00,PUMP-B01,Zone_B,2.81,1.56,60.5,1783.0,53.2,OK
2024-01-10 19:00:00,COMP-C01,Zone_C,3.45,1.59,75.3,3633.0,54.2,OK
2024-01-10 19:00:00,COMP-C02,Zone_C,3.59,1.89,77.2,3672.0,58.3,OK
2024-01-10 19:00:00,FAN-D01,Zone_B,1.56,0.99,47.7,1202.0,53.5,OK
2024-01-10 20:00:00,PUMP-A01,Zone_A,1.46,0.86,56.7,1815.0,68.0,OK
2024-01-10 20:00:00,PUMP-A02,Zone_A,2.12,1.23,60.4,1751.0,53.0,OK
2024-01-10 20:00:00,PUMP-B01,Zone_B,2.17,0.98,57.3,1798.0,60.1,OK
2024-01-10 20:00:00,COMP-C01,Zone_C,3.57,2.0,73.7,3633.0,58.2,OK
2024-01-10 20:00:00,COMP-C02,Zone_C,3.67,1.79,75.5,3679.0,59.7,OK
2024-01-10 20:00:00,FAN-D01,Zone_B,1.51,0.44,47.9,1215.0,67.9,OK
2024-01-10 21:00:00,PUMP-A01,Zone_A,2.86,1.33,63.4,1817.0,64.7,OK
2024-01-10 21:00:00,PUMP-A02,Zone_A,2.26,1.12,57.9,1733.0,54.6,OK
2024-01-10 21:00:00,PUMP-B01,Zone_B,2.44,1.11,56.7,1856.0,76.3,OK
2024-01-10 21:00:00,COMP-C01,Zone_C,3.71,1.89,76.6,3683.0,54.3,OK
2024-01-10 21:00:00,COMP-C02,Zone_C,3.31,1.65,70.9,3683.0,56.8,OK
2024-01-10 21:00:00,FAN-D01,Zone_B,1.91,0.97,48.8,1241.0,58.4,OK
2024-01-10 22:00:00,PUMP-A01,Zone_A,2.2,1.14,63.3,1777.0,59.8,OK
2024-01-10 22:00:00,PUMP-A02,Zone_A,2.27,0.99,54.8,1828.0,66.4,OK
2024-01-10 22:00:00,PUMP-B01,Zone_B,2.42,1.11,57.3,1795.0,57.5,OK
2024-01-10 22:00:00,COMP-C01,Zone_C,3.4,1.87,75.7,3669.0,53.0,OK
2024-01-10 22:00:00,COMP-C02,Zone_C,3.47,1.84,80.1,3769.0,72.4,OK
2024-01-10 22:00:00,FAN-D01,Zone_B,1.52,0.58,45.5,1227.0,60.1,OK
2024-01-10 23:00:00,PUMP-A01,Zone_A,2.62,1.23,61.1,1845.0,61.6,OK
2024-01-10 23:00:00,PUMP-A02,Zone_A,2.47,1.19,61.4,1831.0,70.0,OK
2024-01-10 23:00:00,PUMP-B01,Zone_B,2.9,1.62,59.5,1745.0,56.1,OK
2024-01-10 23:00:00,COMP-C01,Zone_C,3.89,2.03,79.2,3767.0,74.4,OK
2024-01-10 23:00:00,COMP-C02,Zone_C,3.78,1.93,75.3,3736.0,66.9,OK
2024-01-10 23:00:00,FAN-D01,Zone_B,2.06,1.03,48.6,1216.0,59.4,OK
2024-01-11 00:00:00,PUMP-A01,Zone_A,2.44,1.25,60.0,1792.0,60.1,OK
2024-01-11 00:00:00,PUMP-A02,Zone_A,2.44,1.26,64.2,1855.0,76.4,OK
2024-01-11 00:00:00,PUMP-B01,Zone_B,2.33,1.1,60.9,1801.0,69.7,OK
2024-01-11 00:00:00,COMP-C01,Zone_C,3.29,1.68,77.8,3765.0,71.3,OK
2024-01-11 00:00:00,COMP-C02,Zone_C,3.47,1.64,78.2,3807.0,78.1,OK
2024-01-11 00:00:00,FAN-D01,Zone_B,1.36,0.76,43.5,1209.0,57.8,OK
2024-01-11 01:00:00,PUMP-A01,Zone_A,2.72,1.49,61.1,1841.0,74.4,OK
2024-01-11 01:00:00,PUMP-A02,Zone_A,2.68,1.2,57.3,1792.0,66.6,OK
2024-01-11 01:00:00,PUMP-B01,Zone_B,2.37,1.27,62.8,1854.0,81.8,OK
2024-01-11 01:00:00,COMP-C01,Zone_C,3.72,1.89,78.5,3787.0,74.7,OK
2024-01-11 01:00:00,COMP-C02,Zone_C,3.98,1.75,82.8,3791.0,77.0,OK
2024-01-11 01:00:00,FAN-D01,Zone_B,1.36,0.76,45.2,1279.0,65.4,OK
2024-01-11 02:00:00,PUMP-A01,Zone_A,2.56,1.23,61.4,1847.0,77.2,OK
2024-01-11 02:00:00,PUMP-A02,Zone_A,2.08,0.99,63.7,1859.0,82.2,OK
2024-01-11 02:00:00,PUMP-B01,Zone_B,2.35,1.25,59.5,1831.0,73.7,OK
2024-01-11 02:00:00,COMP-C01,Zone_C,3.65,2.0,77.8,3808.0,78.3,OK
2024-01-11 02:00:00,COMP-C02,Zone_C,3.62,1.72,79.2,3763.0,76.3,OK
2024-01-11 02:00:00,FAN-D01,Zone_B,1.69,0.87,50.0,1295.0,88.5,OK
2024-01-11 03:00:00,PUMP-A01,Zone_A,2.38,1.26,62.4,1829.0,76.2,OK
2024-01-11 03:00:00,PUMP-A02,Zone_A,2.21,0.97,60.1,1825.0,80.7,OK
2024-01-11 03:00:00,PUMP-B01,Zone_B,2.84,1.56,59.8,1867.0,85.5,OK
2024-01-11 03:00:00,COMP-C01,Zone_C,3.67,1.79,77.3,3769.0,77.8,OK
2024-01-11 03:00:00,COMP-C02,Zone_C,4.28,2.0,79.0,3795.0,81.4,OK
2024-01-11 03:00:00,FAN-D01,Zone_B,2.53,1.17,52.0,1296.0,80.4,OK
2024-01-11 04:00:00,PUMP-A01,Zone_A,3.19,1.5,62.7,1861.0,85.8,OK
2024-01-11 04:00:00,PUMP-A02,Zone_A,2.41,1.33,64.4,1869.0,80.2,OK
2024-01-11 04:00:00,PUMP-B01,Zone_B,3.32,1.64,61.5,1900.0,95.5,OK
2024-01-11 04:00:00,COMP-C01,Zone_C,3.93,2.05,79.0,3842.0,81.5,OK
2024-01-11 04:00:00,COMP-C02,Zone_C,3.33,1.79,76.5,3827.0,80.8,OK
2024-01-11 04:00:00,FAN-D01,Zone_B,1.93,0.87,47.3,1290.0,88.6,OK
2024-01-11 05:00:00,PUMP-A01,Zone_A,3.08,1.5,60.7,1869.0,82.9,OK
2024-01-11 05:00:00,PUMP-A02,Zone_A,2.91,1.41,62.2,1880.0,77.3,OK
2024-01-11 05:00:00,PUMP-B01,Zone_B,2.78,1.45,61.7,1916.0,87.7,OK
2024-01-11 05:00:00,COMP-C01,Zone_C,3.48,1.69,77.7,3807.0,77.7,OK
2024-01-11 05:00:00,COMP-C02,Zone_C,3.52,1.73,75.9,3875.0,84.9,OK
2024-01-11 05:00:00,FAN-D01,Zone_B,2.05,1.06,51.8,1275.0,80.8,OK
2024-01-11 06:00:00,PUMP-A01,Zone_A,2.67,1.41,63.7,1894.0,84.5,OK
2024-01-11 06:00:00,PUMP-A02,Zone_A,2.46,1.37,58.7,1876.0,86.0,OK
2024-01-11 06:00:00,PUMP-B01,Zone_B,2.46,1.27,62.5,1846.0,87.2,OK
2024-01-11 06:00:00,COMP-C01,Zone_C,3.74,1.78,79.6,3881.0,91.1,OK
2024-01-11 06:00:00,COMP-C02,Zone_C,3.59,1.73,74.3,3779.0,73.7,OK
2024-01-11 06:00:00,FAN-D01,Zone_B,1.43,0.62,49.9,1282.0,88.1,OK
2024-01-11 07:00:00,PUMP-A01,Zone_A,3.2,1.43,66.4,1854.0,81.0,OK
2024-01-11 07:00:00,PUMP-A02,Zone_A,2.48,1.37,58.3,1890.0,85.2,OK
2024-01-11 07:00:00,PUMP-B01,Zone_B,3.4,1.74,64.3,1849.0,82.6,OK
2024-01-11 07:00:00,COMP-C01,Zone_C,3.07,1.65,77.6,3874.0,90.2,OK
2024-01-11 07:00:00,COMP-C02,Zone_C,3.65,1.73,75.9,3853.0,85.6,OK
2024-01-11 07:00:00,FAN-D01,Zone_B,2.26,1.18,50.4,1258.0,88.1,OK
2024-01-11 08:00:00,PUMP-A01,Zone_A,2.73,1.46,63.6,1888.0,88.1,OK
2024-01-11 08:00:00,PUMP-A02,Zone_A,2.54,1.14,63.2,1854.0,79.6,OK
2024-01-11 08:00:00,PUMP-B01,Zone_B,2.85,1.36,65.9,1865.0,89.4,OK
2024-01-11 08:00:00,COMP-C01,Zone_C,3.96,1.8,84.6,3801.0,79.1,OK
2024-01-11 08:00:00,COMP-C02,Zone_C,3.32,1.71,79.2,3824.0,84.2,OK
2024-01-11 08:00:00,FAN-D01,Zone_B,2.17,1.16,50.4,1301.0,82.3,OK
2024-01-11 09:00:00,PUMP-A01,Zone_A,3.11,1.72,62.8,1869.0,92.1,OK
2024-01-11 09:00:00,PUMP-A02,Zone_A,3.03,1.62,63.2,1895.0,84.9,OK
2024-01-11 09:00:00,PUMP-B01,Zone_B,2.65,1.37,62.0,1869.0,78.9,OK
2024-01-11 09:00:00,COMP-C01,Zone_C,3.33,1.63,76.6,3768.0,72.6,OK
2024-01-11 09:00:00,COMP-C02,Zone_C,3.31,1.79,82.2,3858.0,85.0,OK
2024-01-11 09:00:00,FAN-D01,Zone_B,1.8,0.92,50.9,1286.0,81.3,OK
2024-01-11 10:00:00,PUMP-A01,Zone_A,2.74,1.46,66.2,1853.0,80.2,OK
2024-01-11 10:00:00,PUMP-A02,Zone_A,2.47,1.32,61.3,1847.0,70.5,OK
2024-01-11 10:00:00,PUMP-B01,Zone_B,3.03,1.58,61.5,1834.0,70.3,OK
2024-01-11 10:00:00,COMP-C01,Zone_C,3.2,1.64,75.6,3785.0,79.5,OK
2024-01-11 10:00:00,COMP-C02,Zone_C,3.76,1.8,78.0,3824.0,80.7,OK
2024-01-11 10:00:00,FAN-D01,Zone_B,1.25,0.46,48.8,1271.0,78.5,OK
2024-01-11 11:00:00,PUMP-A01,Zone_A,2.75,1.19,57.5,1823.0,71.6,OK
2024-01-11 11:00:00,PUMP-A02,Zone_A,2.04,1.17,60.8,1801.0,70.7,OK
2024-01-11 11:00:00,PUMP-B01,Zone_B,3.16,1.51,61.6,1854.0,74.5,OK
2024-01-11 11:00:00,COMP-C01,Zone_C,3.33,1.72,78.4,3785.0,72.5,OK
2024-01-11 11:00:00,COMP-C02,Zone_C,3.37,1.81,76.4,3787.0,77.0,OK
2024-01-11 11:00:00,FAN-D01,Zone_B,1.94,1.09,52.2,1224.0,75.4,OK
2024-01-11 12:00:00,PUMP-A01,Zone_A,2.95,1.49,61.0,1810.0,69.7,OK
2024-01-11 12:00:00,PUMP-A02,Zone_A,2.42,1.16,57.8,1866.0,73.9,OK
2024-01-11 12:00:00,PUMP-B01,Zone_B,2.83,1.4,59.0,1837.0,68.3,OK
2024-01-11 12:00:00,COMP-C01,Zone_C,4.22,2.06,77.2,3792.0,74.8,OK
2024-01-11 12:00:00,COMP-C02,Zone_C,2.9,1.41,76.3,3754.0,73.4,OK
2024-01-11 12:00:00,FAN-D01,Zone_B,1.7,0.88,48.0,1269.0,68.6,OK
2024-01-11 13:00:00,PUMP-A01,Zone_A,2.43,1.1,61.1,1852.0,72.4,OK
2024-01-11 13:00:00,PUMP-A02,Zone_A,2.51,1.25,57.0,1803.0,69.3,OK
2024-01-11 13:00:00,PUMP-B01,Zone_B,2.53,1.3,60.1,1830.0,68.6,OK
2024-01-11 13:00:00,COMP-C01,Zone_C,3.65,2.0,79.0,3742.0,69.5,OK
2024-01-11 13:00:00,COMP-C02,Zone_C,3.74,1.73,75.1,3713.0,67.4,OK
2024-01-11 13:00:00,FAN-D01,Zone_B,1.87,1.01,47.5,1224.0,67.8,OK
2024-01-11 14:00:00,PUMP-A01,Zone_A,2.45,1.09,62.3,1806.0,66.0,OK
2024-01-11 14:00:00,PUMP-A02,Zone_A,2.48,1.14,58.8,1805.0,65.5,OK
2024-01-11 14:00:00,PUMP-B01,Zone_B,2.26,1.2,62.3,1790.0,60.8,OK
2024-01-11 14:00:00,COMP-C01,Zone_C,3.48,1.88,74.8,3648.0,58.7,OK
2024-01-11 14:00:00,COMP-C02,Zone_C,3.43,1.73,74.5,3596.0,54.5,OK
2024-01-11 14:00:00,FAN-D01,Zone_B,1.72,0.74,47.8,1192.0,54.2,OK
2024-01-11 15:00:00,PUMP-A01,Zone_A,2.07,1.0,59.5,1803.0,64.7,OK
2024-01-11 15:00:00,PUMP-A02,Zone_A,2.29,1.13,61.4,1751.0,57.7,OK
2024-01-11 15:00:00,PUMP-B01,Zone_B,2.96,1.53,61.0,1792.0,64.3,OK
2024-01-11 15:00:00,COMP-C01,Zone_C,3.43,1.62,73.9,3680.0,58.8,OK
2024-01-11 15:00:00,COMP-C02,Zone_C,3.5,1.78,73.3,3668.0,53.8,OK
2024-01-11 15:00:00,FAN-D01,Zone_B,1.59,0.81,45.7,1216.0,62.5,OK
2024-01-11 16:00:00,PUMP-A01,Zone_A,2.72,1.21,60.1,1752.0,54.9,OK
2024-01-11 16:00:00,PUMP-A02,Zone_A,1.82,0.98,61.0,1772.0,60.4,OK
2024-01-11 16:00:00,PUMP-B01,Zone_B,2.13,1.05,56.6,1812.0,65.4,OK
2024-01-11 16:00:00,COMP-C01,Zone_C,3.11,1.6,73.7,3678.0,60.2,OK
2024-01-11 16:00:00,COMP-C02,Zone_C,3.56,1.77,73.9,3632.0,57.1,OK
2024-01-11 16:00:00,FAN-D01,Zone_B,1.95,0.83,49.6,1246.0,68.2,OK
2024-01-11 17:00:00,PUMP-A01,Zone_A,2.2,1.09,57.5,1774.0,54.8,OK
2024-01-11 17:00:00,PUMP-A02,Zone_A,2.52,1.08,60.0,1758.0,56.4,OK
2024-01-11 17:00:00,PUMP-B01,Zone_B,1.99,0.96,59.3,1785.0,54.1,OK
2024-01-11 17:00:00,COMP-C01,Zone_C,3.37,1.66,77.2,3623.0,54.0,SUSPECT
2024-01-11 17:00:00,COMP-C02,Zone_C,3.28,1.67,76.5,3633.0,58.8,OK
2024-01-11 17:00:00,FAN-D01,Zone_B,1.6,0.67,46.2,1262.0,63.0,OK
2024-01-11 18:00:00,PUMP-A01,Zone_A,2.7,1.33,58.4,1772.0,56.5,OK
2024-01-11 18:00:00,PUMP-A02,Zone_A,2.32,1.01,58.4,1824.0,61.8,OK
2024-01-11 18:00:00,PUMP-B01,Zone_B,2.91,1.54,59.8,1785.0,62.6,OK
2024-01-11 18:00:00,COMP-C01,Zone_C,3.37,1.73,72.3,3568.0,45.9,OK
2024-01-11 18:00:00,COMP-C02,Zone_C,3.55,1.88,76.2,3627.0,51.6,OK
2024-01-11 18:00:00,FAN-D01,Zone_B,1.51,0.87,45.0,1209.0,45.3,OK
2024-01-11 19:00:00,PUMP-A01,Zone_A,1.77,0.9,56.8,1749.0,57.2,OK
2024-01-11 19:00:00,PUMP-A02,Zone_A,2.04,1.07,56.7,1749.0,50.6,OK
2024-01-11 19:00:00,PUMP-B01,Zone_B,2.05,1.12,57.8,1805.0,56.5,OK
2024-01-11 19:00:00,COMP-C01,Zone_C,3.43,1.58,75.5,3649.0,59.0,OK
2024-01-11 19:00:00,COMP-C02,Zone_C,3.36,1.82,76.8,3647.0,55.4,OK
2024-01-11 19:00:00,FAN-D01,Zone_B,1.95,0.82,47.9,1199.0,55.5,OK
2024-01-11 20:00:00,PUMP-A01,Zone_A,2.53,1.35,60.2,1796.0,63.4,OK
2024-01-11 20:00:00,PUMP-A02,Zone_A,2.3,1.13,56.0,1758.0,51.4,OK
2024-01-11 20:00:00,PUMP-B01,Zone_B,1.92,1.07,57.2,1769.0,56.1,OK
2024-01-11 20:00:00,COMP-C01,Zone_C,3.69,2.02,74.9,3631.0,57.2,OK
2024-01-11 20:00:00,COMP-C02,Zone_C,3.72,1.81,73.7,3719.0,64.5,OK
2024-01-11 20:00:00,FAN-D01,Zone_B,1.83,0.74,46.0,1211.0,64.5,OK
2024-01-11 21:00:00,PUMP-A01,Zone_A,2.5,1.28,61.6,1813.0,58.9,OK
2024-01-11 21:00:00,PUMP-A02,Zone_A,2.39,1.05,57.2,1763.0,57.4,OK
2024-01-11 21:00:00,PUMP-B01,Zone_B,2.08,1.17,60.9,1788.0,62.9,OK
2024-01-11 21:00:00,COMP-C01,Zone_C,3.23,1.58,75.3,3664.0,60.2,OK
2024-01-11 21:00:00,COMP-C02,Zone_C,3.6,1.94,74.0,3676.0,57.7,OK
2024-01-11 21:00:00,FAN-D01,Zone_B,1.93,0.98,46.2,1227.0,57.7,OK
2024-01-11 22:00:00,PUMP-A01,Zone_A,2.99,1.46,61.2,1837.0,71.7,OK
2024-01-11 22:00:00,PUMP-A02,Zone_A,2.63,1.33,59.5,1826.0,67.1,OK
2024-01-11 22:00:00,PUMP-B01,Zone_B,2.52,1.26,59.4,1727.0,51.5,OK
2024-01-11 22:00:00,COMP-C01,Zone_C,3.73,1.96,79.9,3709.0,62.8,OK
2024-01-11 22:00:00,COMP-C02,Zone_C,2.98,1.44,74.9,3704.0,63.7,OK
2024-01-11 22:00:00,FAN-D01,Zone_B,1.77,0.8,50.2,1224.0,67.8,OK
2024-01-11 23:00:00,PUMP-A01,Zone_A,2.44,1.26,60.7,1792.0,64.9,OK
2024-01-11 23:00:00,PUMP-A02,Zone_A,2.48,1.29,59.1,1810.0,67.3,OK
2024-01-11 23:00:00,PUMP-B01,Zone_B,2.37,1.17,61.4,1855.0,73.1,OK
2024-01-11 23:00:00,COMP-C01,Zone_C,3.85,1.99,77.1,3749.0,71.5,OK
2024-01-11 23:00:00,COMP-C02,Zone_C,3.6,1.68,78.5,3677.0,60.6,OK
2024-01-11 23:00:00,FAN-D01,Zone_B,2.1,0.99,51.0,1225.0,64.2,OK
2024-01-12 00:00:00,PUMP-A01,Zone_A,2.6,1.33,59.8,1811.0,69.5,OK
2024-01-12 00:00:00,PUMP-A02,Zone_A,2.16,1.06,59.0,1822.0,69.7,OK
2024-01-12 00:00:00,PUMP-B01,Zone_B,2.21,0.93,60.6,1851.0,69.6,OK
2024-01-12 00:00:00,COMP-C01,Zone_C,3.19,1.56,81.2,3786.0,71.7,OK
2024-01-12 00:00:00,COMP-C02,Zone_C,3.44,1.69,75.5,3794.0,78.3,SUSPECT
2024-01-12 00:00:00,FAN-D01,Zone_B,2.05,0.95,48.5,1218.0,61.5,OK
2024-01-12 01:00:00,PUMP-A01,Zone_A,2.28,1.05,62.5,1856.0,75.1,OK
2024-01-12 01:00:00,PUMP-A02,Zone_A,2.0,1.05,61.5,1862.0,76.5,OK
2024-01-12 01:00:00,PUMP-B01,Zone_B,2.58,1.27,62.0,1810.0,69.4,OK
2024-01-12 01:00:00,COMP-C01,Zone_C,3.45,1.73,73.3,3706.0,66.2,OK
2024-01-12 01:00:00,COMP-C02,Zone_C,3.56,1.77,79.8,3783.0,73.6,OK
2024-01-12 01:00:00,FAN-D01,Zone_B,1.89,0.93,49.0,1271.0,67.3,OK
2024-01-12 02:00:00,PUMP-A01,Zone_A,2.78,1.28,61.1,1859.0,81.4,OK
2024-01-12 02:00:00,PUMP-A02,Zone_A,2.58,1.4,61.1,1842.0,73.7,OK
2024-01-12 02:00:00,PUMP-B01,Zone_B,2.4,1.07,60.6,1866.0,73.5,OK
2024-01-12 02:00:00,COMP-C01,Zone_C,3.57,1.79,79.9,3766.0,75.1,OK
2024-01-12 02:00:00,COMP-C02,Zone_C,3.66,1.75,75.2,3759.0,67.9,OK
2024-01-12 02:00:00,FAN-D01,Zone_B,1.52,0.85,52.1,1221.0,80.9,OK
2024-01-12 03:00:00,PUMP-A01,Zone_A,2.53,1.08,59.8,1860.0,75.6,SUSPECT
2024-01-12 03:00:00,PUMP-A02,Zone_A,2.32,1.2,62.2,1866.0,82.6,OK
2024-01-12 03:00:00,PUMP-B01,Zone_B,2.74,1.41,61.7,1810.0,81.6,OK
2024-01-12 03:00:00,COMP-C01,Zone_C,3.49,1.7,75.4,3856.0,85.1,OK
2024-01-12 03:00:00,COMP-C02,Zone_C,3.61,1.7,78.7,3779.0,76.8,OK
2024-01-12 03:00:00,FAN-D01,Zone_B,2.1,1.14,53.1,1318.0,84.8,OK
2024-01-12 04:00:00,PUMP-A01,Zone_A,3.38,1.6,65.3,1890.0,84.1,OK
2024-01-12 04:00:00,PUMP-A02,Zone_A,2.6,1.18,60.7,1842.0,82.6,OK
2024-01-12 04:00:00,PUMP-B01,Zone_B,2.64,1.16,58.5,1849.0,80.7,OK
2024-01-12 04:00:00,COMP-C01,Zone_C,3.71,1.78,82.8,3861.0,84.8,OK
2024-01-12 04:00:00,COMP-C02,Zone_C,3.75,1.86,81.3,3834.0,80.1,OK
2024-01-12 04:00:00,FAN-D01,Zone_B,2.17,1.1,48.8,1278.0,81.9,OK
2024-01-12 05:00:00,PUMP-A01,Zone_A,2.91,1.53,63.5,1868.0,84.6,OK
2024-01-12 05:00:00,PUMP-A02,Zone_A,3.09,1.55,60.4,1873.0,82.8,OK
2024-01-12 05:00:00,PUMP-B01,Zone_B,2.56,1.31,64.7,1897.0,87.8,OK
2024-01-12 05:00:00,COMP-C01,Zone_C,3.55,1.89,80.1,3866.0,91.6,OK
2024-01-12 05:00:00,COMP-C02,Zone_C,3.92,2.0,76.1,3863.0,82.9,OK
2024-01-12 05:00:00,FAN-D01,Zone_B,1.81,0.96,46.5,1276.0,84.2,OK
2024-01-12 06:00:00,PUMP-A01,Zone_A,2.79,1.29,59.4,1869.0,83.0,OK
2024-01-12 06:00:00,PUMP-A02,Zone_A,2.79,1.57,60.2,1861.0,80.0,OK
2024-01-12 06:00:00,PUMP-B01,Zone_B,2.58,1.29,61.9,1901.0,84.4,OK
2024-01-12 06:00:00,COMP-C01,Zone_C,3.92,1.93,79.3,3884.0,88.5,OK
2024-01-12 06:00:00,COMP-C02,Zone_C,3.21,1.58,79.5,3870.0,88.6,OK
2024-01-12 06:00:00,FAN-D01,Zone_B,1.71,0.91,49.7,1298.0,94.0,OK
2024-01-12 07:00:00,PUMP-A01,Zone_A,2.98,1.45,59.9,1852.0,84.3,OK
2024-01-12 07:00:00,PUMP-A02,Zone_A,2.76,1.42,63.3,1873.0,80.0,OK
2024-01-12 07:00:00,PUMP-B01,Zone_B,2.39,1.14,57.7,1886.0,88.8,OK
2024-01-12 07:00:00,COMP-C01,Zone_C,3.75,1.84,80.4,3916.0,94.6,OK
2024-01-12 07:00:00,COMP-C02,Zone_C,3.76,1.87,81.4,3875.0,92.2,OK
2024-01-12 07:00:00,FAN-D01,Zone_B,1.81,0.91,49.7,1268.0,84.0,OK
2024-01-12 08:00:00,PUMP-A01,Zone_A,2.63,1.26,61.5,1856.0,90.2,OK
2024-01-12 08:00:00,PUMP-A02,Zone_A,2.27,1.12,60.8,1901.0,86.7,OK
2024-01-12 08:00:00,PUMP-B01,Zone_B,2.98,1.47,63.4,1880.0,86.9,OK
2024-01-12 08:00:00,COMP-C01,Zone_C,3.66,1.79,79.6,3851.0,82.8,OK
2024-01-12 08:00:00,COMP-C02,Zone_C,3.5,1.74,79.8,3852.0,90.2,OK
2024-01-12 08:00:00,FAN-D01,Zone_B,1.42,0.83,48.4,1299.0,90.9,OK
2024-01-12 09:00:00,PUMP-A01,Zone_A,2.95,1.43,59.2,1880.0,81.2,OK
2024-01-12 09:00:00,PUMP-A02,Zone_A,2.5,1.42,60.5,1882.0,82.0,OK
2024-01-12 09:00:00,PUMP-B01,Zone_B,2.49,1.28,59.3,1860.0,81.7,OK
2024-01-12 09:00:00,COMP-C01,Zone_C,3.93,2.1,78.4,3793.0,74.6,OK
2024-01-12 09:00:00,COMP-C02,Zone_C,4.17,2.18,79.2,3806.0,81.5,OK
2024-01-12 09:00:00,FAN-D01,Zone_B,1.35,0.56,48.6,1274.0,84.2,OK
2024-01-12 10:00:00,PUMP-A01,Zone_A,2.85,1.29,65.6,1858.0,82.4,OK
2024-01-12 10:00:00,PUMP-A02,Zone_A,2.2,1.3,63.1,1884.0,83.5,OK
2024-01-12 10:00:00,PUMP-B01,Zone_B,2.17,1.13,60.0,1814.0,72.9,OK
2024-01-12 10:00:00,COMP-C01,Zone_C,4.22,2.04,81.0,3772.0,76.7,OK
2024-01-12 10:00:00,COMP-C02,Zone_C,3.15,1.54,77.3,3790.0,73.5,OK
2024-01-12 10:00:00,FAN-D01,Zone_B,1.6,0.86,49.9,1258.0,74.6,OK
2024-01-12 11:00:00,PUMP-A01,Zone_A,2.78,1.4,61.7,1782.0,70.7,OK
2024-01-12 11:00:00,PUMP-A02,Zone_A,2.31,1.06,58.0,1875.0,72.7,OK
2024-01-12 11:00:00,PUMP-B01,Zone_B,2.69,1.49,61.6,1812.0,72.3,OK
2024-01-12 11:00:00,COMP-C01,Zone_C,3.28,1.62,77.1,3774.0,74.4,SUSPECT
2024-01-12 11:00:00,COMP-C02,Zone_C,3.37,1.41,77.8,3747.0,72.0,OK
2024-01-12 11:00:00,FAN-D01,Zone_B,1.58,0.75,46.0,1243.0,69.7,OK
2024-01-12 12:00:00,PUMP-A01,Zone_A,2.93,1.31,60.9,1799.0,62.3,OK
2024-01-12 12:00:00,PUMP-A02,Zone_A,2.11,1.04,59.6,1803.0,72.9,OK
2024-01-12 12:00:00,PUMP-B01,Zone_B,2.62,1.28,55.4,1802.0,65.1,OK
2024-01-12 12:00:00,COMP-C01,Zone_C,4.01,2.03,83.5,3810.0,76.3,OK
2024-01-12 12:00:00,COMP-C02,Zone_C,3.47,1.8,75.2,3703.0,62.9,OK
2024-01-12 12:00:00,FAN-D01,Zone_B,1.46,0.61,49.3,1215.0,60.6,OK
2024-01-12 13:00:00,PUMP-A01,Zone_A,2.7,1.44,57.7,1803.0,67.9,OK
2024-01-12 13:00:00,PUMP-A02,Zone_A,2.43,1.17,53.3,1800.0,62.7,OK
2024-01-12 13:00:00,PUMP-B01,Zone_B,2.43,1.07,59.2,1787.0,64.6,OK
2024-01-12 13:00:00,COMP-C01,Zone_C,3.42,1.78,74.3,3772.0,73.6,OK
2024-01-12 13:00:00,COMP-C02,Zone_C,3.6,1.8,77.3,3702.0,65.0,OK
2024-01-12 13:00:00,FAN-D01,Zone_B,1.71,0.86,48.3,1238.0,67.2,OK
2024-01-12 14:00:00,PUMP-A01,Zone_A,2.73,1.49,61.0,1827.0,63.5,OK
2024-01-12 14:00:00,PUMP-A02,Zone_A,2.19,1.11,57.2,1791.0,53.3,OK
2024-01-12 14:00:00,PUMP-B01,Zone_B,2.14,1.1,58.9,1784.0,61.9,OK
2024-01-12 14:00:00,COMP-C01,Zone_C,3.38,1.85,78.2,3733.0,64.4,OK
2024-01-12 14:00:00,COMP-C02,Zone_C,3.32,1.52,78.0,3700.0,63.9,OK
2024-01-12 14:00:00,FAN-D01,Zone_B,1.62,0.81,46.7,1211.0,58.6,OK
2024-01-12 15:00:00,PUMP-A01,Zone_A,2.7,1.32,64.4,1788.0,59.3,OK
2024-01-12 15:00:00,PUMP-A02,Zone_A,2.34,0.99,60.5,1790.0,58.3,OK
2024-01-12 15:00:00,PUMP-B01,Zone_B,2.56,1.28,60.0,1788.0,58.2,OK
2024-01-12 15:00:00,COMP-C01,Zone_C,3.89,2.06,74.0,3616.0,55.3,OK
2024-01-12 15:00:00,COMP-C02,Zone_C,3.47,1.73,75.7,3615.0,53.0,OK
2024-01-12 15:00:00,FAN-D01,Zone_B,1.84,0.96,44.6,1223.0,54.1,OK
2024-01-12 16:00:00,PUMP-A01,Zone_A,2.5,1.11,57.4,1755.0,53.3,OK
2024-01-12 16:00:00,PUMP-A02,Zone_A,2.0,0.96,62.0,1758.0,58.9,OK
2024-01-12 16:00:00,PUMP-B01,Zone_B,2.67,1.37,57.6,1772.0,59.1,OK
2024-01-12 16:00:00,COMP-C01,Zone_C,3.28,1.59,75.5,3620.0,51.2,OK
2024-01-12 16:00:00,COMP-C02,Zone_C,3.19,1.61,72.6,3649.0,53.6,OK
2024-01-12 16:00:00,FAN-D01,Zone_B,1.42,0.55,44.1,1194.0,58.7,OK
2024-01-12 17:00:00,PUMP-A01,Zone_A,2.57,1.26,60.7,1779.0,56.5,OK
2024-01-12 17:00:00,PUMP-A02,Zone_A,3.19,1.29,58.5,1771.0,55.8,OK
2024-01-12 17:00:00,PUMP-B01,Zone_B,2.46,1.25,60.0,1796.0,54.0,OK
2024-01-12 17:00:00,COMP-C01,Zone_C,3.0,1.51,72.3,3677.0,57.4,OK
2024-01-12 17:00:00,COMP-C02,Zone_C,2.9,1.39,76.1,3680.0,56.5,OK
2024-01-12 17:00:00,FAN-D01,Zone_B,1.78,0.91,47.2,1246.0,57.2,OK
2024-01-12 18:00:00,PUMP-A01,Zone_A,2.79,1.45,63.6,1742.0,54.4,OK
2024-01-12 18:00:00,PUMP-A02,Zone_A,2.42,1.21,59.1,1718.0,49.9,OK
2024-01-12 18:00:00,PUMP-B01,Zone_B,2.44,1.33,57.8,1744.0,52.2,OK
2024-01-12 18:00:00,COMP-C01,Zone_C,3.43,1.79,74.7,3643.0,56.0,OK
2024-01-12 18:00:00,COMP-C02,Zone_C,3.26,1.48,71.2,3598.0,51.0,OK
2024-01-12 18:00:00,FAN-D01,Zone_B,1.91,0.88,45.6,1190.0,52.0,OK
2024-01-12 19:00:00,PUMP-A01,Zone_A,2.94,1.58,58.5,1828.0,66.3,OK
2024-01-12 19:00:00,PUMP-A02,Zone_A,2.11,0.91,55.6,1725.0,49.4,OK
2024-01-12 19:00:00,PUMP-B01,Zone_B,2.12,1.13,56.6,1779.0,56.9,OK
2024-01-12 19:00:00,COMP-C01,Zone_C,3.65,1.76,73.6,3646.0,54.7,OK
2024-01-12 19:00:00,COMP-C02,Zone_C,3.56,1.83,77.0,3701.0,58.3,OK
2024-01-12 19:00:00,FAN-D01,Zone_B,1.85,1.07,46.9,1192.0,50.1,OK
2024-01-12 20:00:00,PUMP-A01,Zone_A,3.12,1.42,57.9,1780.0,58.6,SUSPECT
2024-01-12 20:00:00,PUMP-A02,Zone_A,2.47,1.18,58.5,1801.0,65.6,OK
2024-01-12 20:00:00,PUMP-B01,Zone_B,2.44,1.11,61.0,1765.0,56.3,OK
2024-01-12 20:00:00,COMP-C01,Zone_C,3.52,1.69,74.5,3696.0,61.6,OK
2024-01-12 20:00:00,COMP-C02,Zone_C,3.73,1.9,74.7,3727.0,65.1,OK
2024-01-12 20:00:00,FAN-D01,Zone_B,2.14,1.27,48.6,1238.0,56.8,OK
2024-01-12 21:00:00,PUMP-A01,Zone_A,2.35,1.26,60.1,1806.0,60.5,OK
2024-01-12 21:00:00,PUMP-A02,Zone_A,2.68,1.35,58.1,1802.0,60.8,OK
2024-01-12 21:00:00,PUMP-B01,Zone_B,2.32,1.11,56.1,1774.0,50.8,OK
2024-01-12 21:00:00,COMP-C01,Zone_C,3.59,1.75,77.2,3662.0,58.2,OK
2024-01-12 21:00:00,COMP-C02,Zone_C,3.44,1.73,76.8,3677.0,62.7,OK
2024-01-12 21:00:00,FAN-D01,Zone_B,1.7,1.02,43.6,1218.0,63.7,OK
2024-01-12 22:00:00,PUMP-A01,Zone_A,1.88,0.88,57.5,1755.0,61.5,OK
2024-01-12 22:00:00,PUMP-A02,Zone_A,2.65,1.37,59.7,1810.0,69.0,OK
2024-01-12 22:00:00,PUMP-B01,Zone_B,2.64,1.36,57.6,1780.0,64.5,OK
2024-01-12 22:00:00,COMP-C01,Zone_C,3.76,1.87,79.8,3665.0,58.6,OK
2024-01-12 22:00:00,COMP-C02,Zone_C,3.15,1.65,77.3,3678.0,62.8,OK
2024-01-12 22:00:00,FAN-D01,Zone_B,2.2,1.21,50.5,1226.0,65.5,OK
2024-01-12 23:00:00,PUMP-A01,Zone_A,2.44,1.17,60.0,1753.0,61.1,OK
2024-01-12 23:00:00,PUMP-A02,Zone_A,2.22,0.93,58.4,1799.0,67.3,OK
2024-01-12 23:00:00,PUMP-B01,Zone_B,2.73,1.22,63.2,1835.0,73.3,OK
2024-01-12 23:00:00,COMP-C01,Zone_C,3.52,1.68,79.5,3783.0,72.6,OK
2024-01-12 23:00:00,COMP-C02,Zone_C,3.79,1.82,78.9,3697.0,63.1,OK
2024-01-12 23:00:00,FAN-D01,Zone_B,1.45,0.66,50.0,1246.0,62.2,OK
2024-01-13 00:00:00,PUMP-A01,Zone_A,2.4,1.25,58.8,1835.0,74.1,OK
2024-01-13 00:00:00,PUMP-A02,Zone_A,3.11,1.61,63.8,1854.0,79.0,OK
2024-01-13 00:00:00,PUMP-B01,Zone_B,2.0,0.99,60.8,1819.0,71.2,OK
2024-01-13 00:00:00,COMP-C01,Zone_C,3.74,1.85,80.8,3775.0,74.7,OK
2024-01-13 00:00:00,COMP-C02,Zone_C,3.67,2.03,77.4,3727.0,68.5,OK
2024-01-13 00:00:00,FAN-D01,Zone_B,1.59,0.82,49.2,1247.0,68.9,OK
2024-01-13 01:00:00,PUMP-A01,Zone_A,2.21,1.17,58.7,1850.0,76.2,OK
2024-01-13 01:00:00,PUMP-A02,Zone_A,2.26,0.98,59.0,1804.0,68.4,OK
2024-01-13 01:00:00,PUMP-B01,Zone_B,2.81,1.58,58.4,1841.0,74.6,OK
2024-01-13 01:00:00,COMP-C01,Zone_C,3.62,1.74,78.7,3763.0,73.6,OK
2024-01-13 01:00:00,COMP-C02,Zone_C,3.86,1.9,77.3,3817.0,78.8,OK
2024-01-13 01:00:00,FAN-D01,Zone_B,2.34,1.31,50.7,1220.0,68.5,OK
2024-01-13 02:00:00,PUMP-A01,Zone_A,2.49,1.11,62.6,1860.0,80.5,OK
2024-01-13 02:00:00,PUMP-A02,Zone_A,1.97,0.86,59.8,1861.0,85.0,OK
2024-01-13 02:00:00,PUMP-B01,Zone_B,2.77,1.42,60.4,1876.0,76.9,OK
2024-01-13 02:00:00,COMP-C01,Zone_C,3.79,1.76,76.2,3776.0,74.6,OK
2024-01-13 02:00:00,COMP-C02,Zone_C,3.58,1.92,76.8,3816.0,80.3,OK
2024-01-13 02:00:00,FAN-D01,Zone_B,1.87,0.88,51.7,1291.0,86.8,OK
2024-01-13 03:00:00,PUMP-A01,Zone_A,3.12,1.4,63.0,1891.0,93.1,SUSPECT
2024-01-13 03:00:00,PUMP-A02,Zone_A,2.55,1.27,62.1,1857.0,80.0,OK
2024-01-13 03:00:00,PUMP-B01,Zone_B,2.71,1.25,59.9,1837.0,81.4,OK
2024-01-13 03:00:00,COMP-C01,Zone_C,3.4,1.53,76.3,3802.0,79.2,OK
2024-01-13 03:00:00,COMP-C02,Zone_C,3.41,1.62,78.2,3829.0,79.7,OK
2024-01-13 03:00:00,FAN-D01,Zone_B,1.61,0.82,49.7,1284.0,86.2,OK
2024-01-13 04:00:00,PUMP-A01,Zone_A,2.67,1.2,61.8,1849.0,83.2,OK
2024-01-13 04:00:00,PUMP-A02,Zone_A,2.51,1.2,66.4,1896.0,88.3,OK
2024-01-13 04:00:00,PUMP-B01,Zone_B,1.9,1.0,63.3,1868.0,84.4,OK
2024-01-13 04:00:00,COMP-C01,Zone_C,3.41,1.83,80.1,3848.0,83.6,OK
2024-01-13 04:00:00,COMP-C02,Zone_C,3.57,1.84,81.1,3810.0,79.7,OK
2024-01-13 04:00:00,FAN-D01,Zone_B,1.76,0.9,53.1,1306.0,88.6,OK
2024-01-13 05:00:00,PUMP-A01,Zone_A,2.83,1.63,59.8,1827.0,78.1,OK
2024-01-13 05:00:00,PUMP-A02,Zone_A,3.2,1.65,63.9,1895.0,83.2,OK
2024-01-13 05:00:00,PUMP-B01,Zone_B,2.67,1.45,65.1,1880.0,86.9,OK
2024-01-13 05:00:00,COMP-C01,Zone_C,3.72,1.82,75.3,3816.0,77.0,OK
2024-01-13 05:00:00,COMP-C02,Zone_C,3.82,1.64,80.5,3760.0,74.9,OK
2024-01-13 05:00:00,FAN-D01,Zone_B,2.37,1.31,48.9,1292.0,87.1,OK
2024-01-13 06:00:00,PUMP-A01,Zone_A,2.64,1.24,63.4,1863.0,81.7,SUSPECT
2024-01-13 06:00:00,PUMP-A02,Zone_A,2.86,1.46,57.7,1835.0,79.0,OK
2024-01-13 06:00:00,PUMP-B01,Zone_B,2.26,1.21,65.0,1889.0,90.8,OK
2024-01-13 06:00:00,COMP-C01,Zone_C,3.99,1.95,76.2,3823.0,81.8,OK
2024-01-13 06:00:00,COMP-C02,Zone_C,3.82,1.91,77.4,3817.0,78.3,OK
2024-01-13 06:00:00,FAN-D01,Zone_B,2.05,0.94,52.3,1290.0,90.0,OK
2024-01-13 07:00:00,PUMP-A01,Zone_A,2.73,1.36,62.3,1877.0,87.9,OK
2024-01-13 07:00:00,PUMP-A02,Zone_A,2.43,1.23,62.5,1881.0,89.0,OK
2024-01-13 07:00:00,PUMP-B01,Zone_B,2.58,1.34,60.7,1861.0,82.4,OK
2024-01-13 07:00:00,COMP-C01,Zone_C,4.0,2.1,80.1,3861.0,82.5,OK
2024-01-13 07:00:00,COMP-C02,Zone_C,3.97,2.01,79.8,3860.0,86.2,OK
2024-01-13 07:00:00,FAN-D01,Zone_B,1.8,0.82,48.1,1276.0,86.1,OK
2024-01-13 08:00:00,PUMP-A01,Zone_A,2.8,1.37,56.7,1847.0,78.6,OK
2024-01-13 08:00:00,PUMP-A02,Zone_A,3.08,1.58,63.5,1888.0,90.9,OK
2024-01-13 08:00:00,PUMP-B01,Zone_B,2.8,1.27,62.9,1879.0,92.4,OK
2024-01-13 08:00:00,COMP-C01,Zone_C,3.82,1.75,80.4,3841.0,84.9,OK
2024-01-13 08:00:00,COMP-C02,Zone_C,3.41,1.79,80.3,3833.0,80.2,OK
2024-01-13 08:00:00,FAN-D01,Zone_B,1.88,0.85,52.6,1276.0,74.6,OK
2024-01-13 09:00:00,PUMP-A01,Zone_A,2.84,1.47,62.9,1834.0,81.5,OK
2024-01-13 09:00:00,PUMP-A02,Zone_A,2.68,1.33,59.4,1875.0,85.9,OK
2024-01-13 09:00:00,PUMP-B01,Zone_B,2.37,1.35,59.8,1859.0,81.6,OK
2024-01-13 09:00:00,COMP-C01,Zone_C,3.57,1.64,77.3,3777.0,75.0,OK
2024-01-13 09:00:00,COMP-C02,Zone_C,3.9,2.09,80.7,3829.0,83.7,OK
2024-01-13 09:00:00,FAN-D01,Zone_B,1.71,0.77,49.5,1261.0,79.5,OK
2024-01-13 10:00:00,PUMP-A01,Zone_A,2.94,1.27,61.3,1910.0,81.0,OK
2024-01-13 10:00:00,PUMP-A02,Zone_A,2.62,1.48,62.2,1829.0,78.1,OK
2024-01-13 10:00:00,PUMP-B01,Zone_B,2.11,1.23,57.9,1839.0,72.4,OK
2024-01-13 10:00:00,COMP-C01,Zone_C,3.72,2.01,79.6,3792.0,76.4,OK
2024-01-13 10:00:00,COMP-C02,Zone_C,4.27,2.23,77.4,3789.0,76.6,OK
2024-01-13 10:00:00,FAN-D01,Zone_B,1.71,0.88,46.6,1265.0,78.0,OK
2024-01-13 11:00:00,PUMP-A01,Zone_A,2.92,1.42,61.4,1814.0,61.4,OK
2024-01-13 11:00:00,PUMP-A02,Zone_A,2.29,1.06,59.4,1785.0,69.6,OK
2024-01-13 11:00:00,PUMP-B01,Zone_B,2.9,1.45,60.3,1831.0,73.6,OK
2024-01-13 11:00:00,COMP-C01,Zone_C,4.33,1.95,79.8,3844.0,79.1,OK
2024-01-13 11:00:00,COMP-C02,Zone_C,3.92,1.98,79.9,3768.0,73.9,OK
2024-01-13 11:00:00,FAN-D01,Zone_B,1.9,0.99,50.9,1253.0,73.9,OK
2024-01-13 12:00:00,PUMP-A01,Zone_A,3.01,1.38,60.2,1809.0,69.8,OK
2024-01-13 12:00:00,PUMP-A02,Zone_A,2.83,1.37,58.3,1835.0,75.1,OK
2024-01-13 12:00:00,PUMP-B01,Zone_B,2.46,1.17,60.7,1804.0,68.4,OK
2024-01-13 12:00:00,COMP-C01,Zone_C,3.94,1.85,80.5,3772.0,71.0,OK
2024-01-13 12:00:00,COMP-C02,Zone_C,3.34,1.84,73.9,3777.0,67.3,OK
2024-01-13 12:00:00,FAN-D01,Zone_B,1.67,0.81,47.7,1227.0,65.1,OK
2024-01-13 13:00:00,PUMP-A01,Zone_A,2.97,1.58,61.2,1815.0,62.0,OK
2024-01-13 13:00:00,PUMP-A02,Zone_A,2.52,1.17,58.7,1804.0,66.6,OK
2024-01-13 13:00:00,PUMP-B01,Zone_B,2.98,1.53,62.3,1812.0,61.1,OK
2024-01-13 13:00:00,COMP-C01,Zone_C,3.41,1.74,73.2,3711.0,64.9,OK
2024-01-13 13:00:00,COMP-C02,Zone_C,3.15,1.5,73.8,3727.0,64.9,OK
2024-01-13 13:00:00,FAN-D01,Zone_B,2.16,1.08,47.2,1223.0,66.5,OK
2024-01-13 14:00:00,PUMP-A01,Zone_A,3.13,1.7,62.7,1818.0,68.7,OK
2024-01-13 14:00:00,PUMP-A02,Zone_A,2.47,1.1,58.9,1756.0,62.9,OK
2024-01-13 14:00:00,PUMP-B01,Zone_B,2.35,1.03,58.8,1777.0,57.7,OK
2024-01-13 14:00:00,COMP-C01,Zone_C,3.06,1.73,74.5,3741.0,67.3,OK
2024-01-13 14:00:00,COMP-C02,Zone_C,3.4,1.69,74.0,3621.0,53.0,OK
2024-01-13 14:00:00,FAN-D01,Zone_B,2.0,1.06,48.6,1214.0,57.8,OK
2024-01-13 15:00:00,PUMP-A01,Zone_A,2.82,1.29,55.1,1730.0,51.3,OK
2024-01-13 15:00:00,PUMP-A02,Zone_A,2.08,1.14,59.0,1809.0,68.7,OK
2024-01-13 15:00:00,PUMP-B01,Zone_B,2.3,1.22,57.3,1807.0,61.2,OK
2024-01-13 15:00:00,COMP-C01,Zone_C,3.16,1.47,75.3,3587.0,52.3,OK
2024-01-13 15:00:00,COMP-C02,Zone_C,3.26,1.69,75.5,3691.0,58.9,OK
2024-01-13 15:00:00,FAN-D01,Zone_B,1.73,0.87,47.9,1239.0,58.6,OK
2024-01-13 16:00:00,PUMP-A01,Zone_A,1.97,0.93,55.0,1799.0,54.6,OK
2024-01-13 16:00:00,PUMP-A02,Zone_A,2.18,1.11,55.7,1759.0,59.1,OK
2024-01-13 16:00:00,PUMP-B01,Zone_B,2.09,0.92,59.3,1722.0,54.6,OK
2024-01-13 16:00:00,COMP-C01,Zone_C,3.51,1.81,74.9,3646.0,58.6,OK
2024-01-13 16:00:00,COMP-C02,Zone_C,3.74,1.8,74.6,3668.0,58.5,OK
2024-01-13 16:00:00,FAN-D01,Zone_B,1.71,0.61,47.4,1199.0,51.1,OK
2024-01-13 17:00:00,PUMP-A01,Zone_A,2.53,1.38,61.9,1776.0,61.2,OK
2024-01-13 17:00:00,PUMP-A02,Zone_A,2.54,1.25,60.1,1742.0,52.1,OK
2024-01-13 17:00:00,PUMP-B01,Zone_B,2.47,1.37,60.7,1771.0,53.4,SUSPECT
2024-01-13 17:00:00,COMP-C01,Zone_C,3.15,1.65,77.2,3620.0,54.1,OK
2024-01-13 17:00:00,COMP-C02,Zone_C,3.32,1.51,76.4,3686.0,61.6,OK
2024-01-13 17:00:00,FAN-D01,Zone_B,0.98,0.42,48.5,1193.0,49.9,OK
2024-01-13 18:00:00,PUMP-A01,Zone_A,3.08,1.57,58.5,1758.0,51.1,OK
2024-01-13 18:00:00,PUMP-A02,Zone_A,2.05,1.2,55.9,1730.0,47.4,OK
2024-01-13 18:00:00,PUMP-B01,Zone_B,2.62,1.19,62.3,1775.0,62.2,OK
2024-01-13 18:00:00,COMP-C01,Zone_C,4.28,1.98,82.0,3642.0,56.2,OK
2024-01-13 18:00:00,COMP-C02,Zone_C,2.86,1.38,76.0,3586.0,50.6,OK
2024-01-13 18:00:00,FAN-D01,Zone_B,1.13,0.4,42.9,1222.0,55.9,OK
2024-01-13 19:00:00,PUMP-A01,Zone_A,2.82,1.36,57.3,1735.0,47.3,OK
2024-01-13 19:00:00,PUMP-A02,Zone_A,2.5,1.33,62.5,1780.0,59.9,OK
2024-01-13 19:00:00,PUMP-B01,Zone_B,2.21,1.17,57.4,1737.0,58.1,OK
2024-01-13 19:00:00,COMP-C01,Zone_C,3.62,1.74,76.5,3679.0,61.9,OK
2024-01-13 19:00:00,COMP-C02,Zone_C,2.98,1.3,74.6,3724.0,61.4,OK
2024-01-13 19:00:00,FAN-D01,Zone_B,1.6,1.05,49.6,1194.0,47.9,OK
2024-01-13 20:00:00,PUMP-A01,Zone_A,2.55,1.28,60.0,1732.0,56.0,OK
2024-01-13 20:00:00,PUMP-A02,Zone_A,2.11,1.13,57.3,1747.0,53.5,OK
2024-01-13 20:00:00,PUMP-B01,Zone_B,1.78,0.93,55.1,1712.0,45.6,OK
2024-01-13 20:00:00,COMP-C01,Zone_C,3.49,1.71,73.4,3623.0,54.3,OK
2024-01-13 20:00:00,COMP-C02,Zone_C,3.64,1.83,74.1,3607.0,54.9,OK
2024-01-13 20:00:00,FAN-D01,Zone_B,1.74,0.84,46.9,1203.0,55.0,OK
2024-01-13 21:00:00,PUMP-A01,Zone_A,2.58,1.4,53.6,1747.0,49.9,OK
2024-01-13 21:00:00,PUMP-A02,Zone_A,2.71,1.4,60.1,1788.0,53.8,OK
2024-01-13 21:00:00,PUMP-B01,Zone_B,1.57,0.94,59.4,1829.0,67.2,OK
2024-01-13 21:00:00,COMP-C01,Zone_C,3.87,1.97,82.1,3770.0,69.4,OK
2024-01-13 21:00:00,COMP-C02,Zone_C,3.43,1.72,72.5,3605.0,51.5,OK
2024-01-13 21:00:00,FAN-D01,Zone_B,1.18,0.56,49.4,1215.0,51.2,OK
2024-01-13 22:00:00,PUMP-A01,Zone_A,2.44,1.17,58.4,1754.0,53.8,OK
2024-01-13 22:00:00,PUMP-A02,Zone_A,2.74,1.41,59.6,1799.0,64.7,OK
2024-01-13 22:00:00,PUMP-B01,Zone_B,2.26,1.18,59.4,1819.0,62.7,OK
2024-01-13 22:00:00,COMP-C01,Zone_C,4.01,2.05,75.1,3691.0,62.7,OK
2024-01-13 22:00:00,COMP-C02,Zone_C,3.28,1.61,76.0,3691.0,62.0,OK
2024-01-13 22:00:00,FAN-D01,Zone_B,1.71,0.87,45.8,1163.0,63.5,OK
2024-01-13 23:00:00,PUMP-A01,Zone_A,2.47,1.26,57.9,1781.0,60.5,OK
2024-01-13 23:00:00,PUMP-A02,Zone_A,2.74,1.36,58.1,1783.0,63.1,OK
2024-01-13 23:00:00,PUMP-B01,Zone_B,2.26,1.07,56.2,1781.0,62.7,OK
2024-01-13 23:00:00,COMP-C01,Zone_C,3.81,1.87,77.4,3689.0,60.5,OK
2024-01-13 23:00:00,COMP-C02,Zone_C,3.82,2.04,76.5,3698.0,64.2,OK
2024-01-13 23:00:00,FAN-D01,Zone_B,2.0,0.91,46.6,1254.0,63.0,OK
2024-01-14 00:00:00,PUMP-A01,Zone_A,3.01,1.45,60.9,1799.0,71.6,SUSPECT
2024-01-14 00:00:00,PUMP-A02,Zone_A,2.42,1.13,59.1,1783.0,63.3,OK
2024-01-14 00:00:00,PUMP-B01,Zone_B,2.85,1.46,61.7,1819.0,66.4,OK
2024-01-14 00:00:00,COMP-C01,Zone_C,3.88,2.08,78.7,3763.0,73.0,OK
2024-01-14 00:00:00,COMP-C02,Zone_C,3.18,1.52,74.7,3678.0,63.3,OK
2024-01-14 00:00:00,FAN-D01,Zone_B,2.06,1.1,46.5,1229.0,71.2,OK
2024-01-14 01:00:00,PUMP-A01,Zone_A,2.73,1.42,60.2,1845.0,74.3,OK
2024-01-14 01:00:00,PUMP-A02,Zone_A,2.24,1.14,59.5,1820.0,75.2,SUSPECT
2024-01-14 01:00:00,PUMP-B01,Zone_B,2.04,1.07,58.8,1807.0,69.2,OK
2024-01-14 01:00:00,COMP-C01,Zone_C,3.59,1.95,73.5,3709.0,65.4,OK
2024-01-14 01:00:00,COMP-C02,Zone_C,3.49,1.69,74.9,3743.0,69.9,OK
2024-01-14 01:00:00,FAN-D01,Zone_B,1.86,0.91,51.5,1262.0,72.5,OK
2024-01-14 02:00:00,PUMP-A01,Zone_A,2.54,1.22,58.8,1825.0,77.7,OK
2024-01-14 02:00:00,PUMP-A02,Zone_A,1.83,0.94,59.4,1877.0,76.5,OK
2024-01-14 02:00:00,PUMP-B01,Zone_B,1.86,1.0,57.6,1850.0,80.9,OK
2024-01-14 02:00:00,COMP-C01,Zone_C,3.86,2.03,79.1,3767.0,72.3,OK
2024-01-14 02:00:00,COMP-C02,Zone_C,3.33,1.77,78.7,3815.0,73.7,OK
2024-01-14 02:00:00,FAN-D01,Zone_B,1.66,0.96,46.9,1270.0,79.1,OK
2024-01-14 03:00:00,PUMP-A01,Zone_A,2.43,1.24,60.0,1780.0,65.7,OK
2024-01-14 03:00:00,PUMP-A02,Zone_A,2.82,1.36,63.3,1876.0,79.8,OK
2024-01-14 03:00:00,PUMP-B01,Zone_B,2.41,1.23,63.3,1899.0,89.8,OK
2024-01-14 03:00:00,COMP-C01,Zone_C,4.11,2.12,78.6,3800.0,77.7,OK
2024-01-14 03:00:00,COMP-C02,Zone_C,3.87,1.95,81.9,3816.0,78.6,OK
2024-01-14 03:00:00,FAN-D01,Zone_B,1.95,0.85,49.4,1277.0,79.7,OK
2024-01-14 04:00:00,PUMP-A01,Zone_A,2.4,1.22,61.5,1847.0,80.0,OK
2024-01-14 04:00:00,PUMP-A02,Zone_A,2.75,1.43,60.4,1887.0,88.9,OK
2024-01-14 04:00:00,PUMP-B01,Zone_B,2.54,1.2,61.8,1880.0,88.4,OK
2024-01-14 04:00:00,COMP-C01,Zone_C,3.04,1.47,77.8,3857.0,82.6,OK
2024-01-14 04:00:00,COMP-C02,Zone_C,3.73,1.7,79.6,3816.0,76.3,OK
2024-01-14 04:00:00,FAN-D01,Zone_B,2.01,1.16,51.3,1261.0,87.6,OK
2024-01-14 05:00:00,PUMP-A01,Zone_A,2.31,1.25,59.0,1872.0,81.5,OK
2024-01-14 05:00:00,PUMP-A02,Zone_A,2.49,1.12,61.7,1841.0,79.6,OK
2024-01-14 05:00:00,PUMP-B01,Zone_B,2.63,1.4,64.5,1888.0,83.4,OK
2024-01-14 05:00:00,COMP-C01,Zone_C,3.57,1.93,78.2,3832.0,81.5,OK
2024-01-14 05:00:00,COMP-C02,Zone_C,3.83,1.92,81.5,3867.0,91.7,OK
2024-01-14 05:00:00,FAN-D01,Zone_B,1.81,0.82,47.1,1280.0,80.8,OK
2024-01-14 06:00:00,PUMP-A01,Zone_A,3.14,1.54,61.3,1861.0,76.1,OK
2024-01-14 06:00:00,PUMP-A02,Zone_A,2.96,1.55,57.7,1865.0,87.3,OK
2024-01-14 06:00:00,PUMP-B01,Zone_B,2.45,1.12,58.7,1865.0,81.7,OK
2024-01-14 06:00:00,COMP-C01,Zone_C,4.02,2.01,82.7,3880.0,92.8,OK
2024-01-14 06:00:00,COMP-C02,Zone_C,2.78,1.55,78.1,3859.0,86.1,OK
2024-01-14 06:00:00,FAN-D01,Zone_B,1.78,0.91,47.3,1309.0,86.6,OK
2024-01-14 07:00:00,PUMP-A01,Zone_A,2.98,1.39,60.8,1877.0,87.3,OK
2024-01-14 07:00:00,PUMP-A02,Zone_A,2.74,1.31,60.9,1849.0,85.7,OK
2024-01-14 07:00:00,PUMP-B01,Zone_B,2.61,1.27,61.0,1875.0,80.2,OK
2024-01-14 07:00:00,COMP-C01,Zone_C,4.34,2.2,81.6,3876.0,86.9,OK
2024-01-14 07:00:00,COMP-C02,Zone_C,3.38,1.79,74.6,3790.0,79.4,OK
2024-01-14 07:00:00,FAN-D01,Zone_B,2.09,0.87,51.5,1263.0,86.5,OK
2024-01-14 08:00:00,PUMP-A01,Zone_A,2.45,1.37,58.3,1852.0,80.3,OK
2024-01-14 08:00:00,PUMP-A02,Zone_A,3.03,1.55,61.4,1907.0,89.7,OK
2024-01-14 08:00:00,PUMP-B01,Zone_B,2.26,0.88,58.7,1856.0,82.6,OK
2024-01-14 08:00:00,COMP-C01,Zone_C,3.72,1.67,81.0,3881.0,88.6,OK
2024-01-14 08:00:00,COMP-C02,Zone_C,4.21,2.13,76.2,3815.0,73.3,OK
2024-01-14 08:00:00,FAN-D01,Zone_B,1.67,0.81,52.1,1299.0,87.8,OK
2024-01-14 09:00:00,PUMP-A01,Zone_A,2.91,1.55,61.5,1879.0,83.9,OK
2024-01-14 09:00:00,PUMP-A02,Zone_A,2.53,1.25,61.5,1821.0,81.5,OK
2024-01-14 09:00:00,PUMP-B01,Zone_B,2.9,1.28,62.0,1886.0,85.6,OK
2024-01-14 09:00:00,COMP-C01,Zone_C,3.64,1.9,74.3,3825.0,79.2,OK
2024-01-14 09:00:00,COMP-C02,Zone_C,3.9,1.81,77.8,3837.0,83.0,OK
2024-01-14 09:00:00,FAN-D01,Zone_B,2.18,0.97,55.4,1288.0,80.0,OK
2024-01-14 10:00:00,PUMP-A01,Zone_A,2.96,1.59,64.2,1870.0,80.9,OK
2024-01-14 10:00:00,PUMP-A02,Zone_A,2.86,1.38,60.1,1838.0,76.9,OK
2024-01-14 10:00:00,PUMP-B01,Zone_B,3.43,1.87,62.5,1806.0,81.8,SUSPECT
2024-01-14 10:00:00,COMP-C01,Zone_C,3.93,1.97,75.1,3779.0,77.5,OK
2024-01-14 10:00:00,COMP-C02,Zone_C,3.52,1.87,77.2,3806.0,78.3,OK
2024-01-14 10:00:00,FAN-D01,Zone_B,2.35,1.17,52.9,1260.0,78.6,OK
2024-01-14 11:00:00,PUMP-A01,Zone_A,3.12,1.53,64.3,1835.0,75.0,OK
2024-01-14 11:00:00,PUMP-A02,Zone_A,1.95,0.85,58.7,1832.0,73.4,OK
2024-01-14 11:00:00,PUMP-B01,Zone_B,2.5,1.11,60.7,1812.0,71.1,OK
2024-01-14 11:00:00,COMP-C01,Zone_C,4.07,1.98,83.1,3849.0,80.7,OK
2024-01-14 11:00:00,COMP-C02,Zone_C,3.72,1.94,81.2,3762.0,70.3,OK
2024-01-14 11:00:00,FAN-D01,Zone_B,1.91,0.95,46.5,1244.0,73.9,OK
2024-01-14 12:00:00,PUMP-A01,Zone_A,2.49,1.17,58.8,1808.0,68.5,OK
2024-01-14 12:00:00,PUMP-A02,Zone_A,2.33,1.1,59.7,1826.0,63.2,OK
2024-01-14 12:00:00,PUMP-B01,Zone_B,2.03,0.89,58.0,1877.0,75.9,OK
2024-01-14 12:00:00,COMP-C01,Zone_C,3.32,1.67,77.4,3711.0,67.7,OK
2024-01-14 12:00:00,COMP-C02,Zone_C,3.17,1.53,75.5,3674.0,66.4,OK
2024-01-14 12:00:00,FAN-D01,Zone_B,1.64,0.65,47.1,1216.0,64.4,OK
2024-01-14 13:00:00,PUMP-A01,Zone_A,2.92,1.5,60.2,1786.0,65.4,OK
2024-01-14 13:00:00,PUMP-A02,Zone_A,2.51,1.36,60.8,1801.0,62.1,OK
2024-01-14 13:00:00,PUMP-B01,Zone_B,2.52,1.33,58.3,1833.0,68.4,OK
2024-01-14 13:00:00,COMP-C01,Zone_C,3.72,1.73,79.7,3707.0,63.8,OK
2024-01-14 13:00:00,COMP-C02,Zone_C,4.49,2.29,78.5,3710.0,67.3,OK
2024-01-14 13:00:00,FAN-D01,Zone_B,2.18,1.21,49.6,1235.0,63.5,OK
2024-01-14 14:00:00,PUMP-A01,Zone_A,2.29,1.2,62.6,1823.0,69.4,OK
2024-01-14 14:00:00,PUMP-A02,Zone_A,2.52,1.46,60.9,1825.0,69.3,OK
2024-01-14 14:00:00,PUMP-B01,Zone_B,2.23,1.13,58.9,1805.0,69.1,OK
2024-01-14 14:00:00,COMP-C01,Zone_C,3.39,1.57,74.1,3753.0,65.7,OK
2024-01-14 14:00:00,COMP-C02,Zone_C,3.1,1.38,75.6,3693.0,63.7,OK
2024-01-14 14:00:00,FAN-D01,Zone_B,1.39,0.69,48.1,1240.0,67.4,OK
2024-01-14 15:00:00,PUMP-A01,Zone_A,2.83,1.49,60.7,1776.0,58.4,OK
2024-01-14 15:00:00,PUMP-A02,Zone_A,2.31,1.13,60.4,1784.0,58.0,OK
2024-01-14 15:00:00,PUMP-B01,Zone_B,2.39,1.11,58.2,1754.0,55.2,OK
2024-01-14 15:00:00,COMP-C01,Zone_C,3.51,1.71,76.9,3650.0,58.3,OK
2024-01-14 15:00:00,COMP-C02,Zone_C,3.18,1.74,74.9,3693.0,61.3,OK
2024-01-14 15:00:00,FAN-D01,Zone_B,1.68,0.79,48.1,1273.0,67.0,OK
2024-01-14 16:00:00,PUMP-A01,Zone_A,2.61,1.36,58.3,1786.0,55.5,OK
2024-01-14 16:00:00,PUMP-A02,Zone_A,1.97,1.04,57.4,1768.0,55.3,OK
2024-01-14 16:00:00,PUMP-B01,Zone_B,1.7,0.85,53.6,1777.0,55.7,OK
2024-01-14 16:00:00,COMP-C01,Zone_C,2.66,1.49,73.3,3634.0,51.0,OK
2024-01-14 16:00:00,COMP-C02,Zone_C,3.18,1.67,76.3,3612.0,50.1,OK
2024-01-14 16:00:00,FAN-D01,Zone_B,1.09,0.58,40.7,1184.0,48.6,OK
2024-01-14 17:00:00,PUMP-A01,Zone_A,2.42,1.17,60.5,1819.0,65.1,OK
2024-01-14 17:00:00,PUMP-A02,Zone_A,1.6,1.01,57.8,1776.0,57.7,OK
2024-01-14 17:00:00,PUMP-B01,Zone_B,2.73,1.35,56.6,1767.0,54.3,OK
2024-01-14 17:00:00,COMP-C01,Zone_C,3.62,1.68,75.0,3639.0,54.7,OK
2024-01-14 17:00:00,COMP-C02,Zone_C,3.03,1.39,75.2,3684.0,61.4,OK
2024-01-14 17:00:00,FAN-D01,Zone_B,1.22,0.6,45.0,1215.0,57.2,OK
2024-01-14 18:00:00,PUMP-A01,Zone_A,2.27,1.15,58.2,1781.0,51.9,OK
2024-01-14 18:00:00,PUMP-A02,Zone_A,2.35,1.27,57.3,1783.0,61.5,OK
2024-01-14 18:00:00,PUMP-B01,Zone_B,2.94,1.48,61.9,1803.0,58.0,OK
2024-01-14 18:00:00,COMP-C01,Zone_C,4.05,1.99,77.4,3630.0,53.2,OK
2024-01-14 18:00:00,COMP-C02,Zone_C,3.26,1.71,76.7,3665.0,54.8,OK
2024-01-14 18:00:00,FAN-D01,Zone_B,1.7,0.94,44.2,1167.0,53.6,OK
2024-01-14 19:00:00,PUMP-A01,Zone_A,2.74,1.28,56.7,1782.0,57.0,OK
2024-01-14 19:00:00,PUMP-A02,Zone_A,2.15,1.12,62.4,1809.0,57.5,OK
2024-01-14 19:00:00,PUMP-B01,Zone_B,2.19,1.21,58.8,1808.0,58.6,OK
2024-01-14 19:00:00,COMP-C01,Zone_C,3.63,1.6,77.7,3643.0,60.1,OK
2024-01-14 19:00:00,COMP-C02,Zone_C,3.77,2.0,77.6,3683.0,61.8,OK
2024-01-14 19:00:00,FAN-D01,Zone_B,1.71,0.74,47.5,1197.0,58.1,OK
2024-01-14 20:00:00,PUMP-A01,Zone_A,2.83,1.41,59.1,1786.0,51.1,OK
2024-01-14 20:00:00,PUMP-A02,Zone_A,2.79,1.4,61.3,1760.0,55.8,OK
2024-01-14 20:00:00,PUMP-B01,Zone_B,2.18,1.14,60.2,1771.0,54.1,OK
2024-01-14 20:00:00,COMP-C01,Zone_C,3.36,1.73,74.0,3647.0,53.4,OK
2024-01-14 20:00:00,COMP-C02,Zone_C,3.25,1.53,76.0,3610.0,54.0,OK
2024-01-14 20:00:00,FAN-D01,Zone_B,1.53,0.84,46.5,1203.0,51.2,OK
2024-01-14 21:00:00,PUMP-A01,Zone_A,2.33,1.15,54.1,1805.0,51.2,OK
2024-01-14 21:00:00,PUMP-A02,Zone_A,1.94,0.95,56.6,1814.0,61.8,OK
2024-01-14 21:00:00,PUMP-B01,Zone_B,2.57,1.19,58.7,1847.0,62.7,OK
2024-01-14 21:00:00,COMP-C01,Zone_C,3.46,1.86,76.7,3685.0,59.6,OK
2024-01-14 21:00:00,COMP-C02,Zone_C,4.04,1.84,75.5,3642.0,58.6,OK
2024-01-14 21:00:00,FAN-D01,Zone_B,2.1,1.06,50.9,1167.0,56.3,OK
2024-01-14 22:00:00,PUMP-A01,Zone_A,2.65,1.3,59.6,1814.0,67.4,OK
2024-01-14 22:00:00,PUMP-A02,Zone_A,2.78,1.52,60.2,1803.0,65.5,OK
2024-01-14 22:00:00,PUMP-B01,Zone_B,2.54,1.37,62.9,1813.0,68.2,OK
2024-01-14 22:00:00,COMP-C01,Zone_C,3.59,1.79,77.8,3662.0,61.0,OK
2024-01-14 22:00:00,COMP-C02,Zone_C,3.66,1.78,75.5,3765.0,69.8,OK
2024-01-14 22:00:00,FAN-D01,Zone_B,1.84,0.97,49.6,1188.0,59.5,OK
2024-01-14 23:00:00,PUMP-A01,Zone_A,2.17,1.08,56.2,1771.0,65.6,OK
2024-01-14 23:00:00,PUMP-A02,Zone_A,2.65,1.25,57.9,1802.0,76.6,OK
2024-01-14 23:00:00,PUMP-B01,Zone_B,2.91,1.51,63.6,1842.0,75.9,OK
2024-01-14 23:00:00,COMP-C01,Zone_C,3.29,1.45,71.7,3650.0,52.1,OK
2024-01-14 23:00:00,COMP-C02,Zone_C,3.25,1.5,76.7,3678.0,63.6,OK
2024-01-14 23:00:00,FAN-D01,Zone_B,2.05,1.03,48.3,1210.0,58.8,OK
2024-01-15 00:00:00,PUMP-A01,Zone_A,2.51,1.32,62.5,1844.0,72.6,OK
2024-01-15 00:00:00,PUMP-A02,Zone_A,3.01,1.46,62.5,1835.0,69.5,OK
2024-01-15 00:00:00,PUMP-B01,Zone_B,2.26,1.31,59.3,1812.0,71.9,OK
2024-01-15 00:00:00,COMP-C01,Zone_C,3.22,1.7,77.4,3672.0,65.0,OK
2024-01-15 00:00:00,COMP-C02,Zone_C,3.17,1.83,78.0,3737.0,67.5,OK
2024-01-15 00:00:00,FAN-D01,Zone_B,1.95,0.89,48.7,1250.0,69.0,OK
2024-01-15 01:00:00,PUMP-A01,Zone_A,2.68,1.33,59.9,1815.0,67.8,OK
2024-01-15 01:00:00,PUMP-A02,Zone_A,2.26,1.11,62.6,1845.0,73.3,OK
2024-01-15 01:00:00,PUMP-B01,Zone_B,2.75,1.52,59.2,1806.0,75.4,OK
2024-01-15 01:00:00,COMP-C01,Zone_C,3.46,1.9,77.4,3790.0,72.6,OK
2024-01-15 01:00:00,COMP-C02,Zone_C,3.02,1.52,76.3,3791.0,74.2,OK
2024-01-15 01:00:00,FAN-D01,Zone_B,1.82,1.2,49.6,1245.0,77.5,OK
2024-01-15 02:00:00,PUMP-A01,Zone_A,3.2,1.54,59.6,1866.0,80.4,OK
2024-01-15 02:00:00,PUMP-A02,Zone_A,2.46,1.05,56.4,1827.0,77.1,OK
2024-01-15 02:00:00,PUMP-B01,Zone_B,2.32,1.27,63.0,1831.0,71.8,OK
2024-01-15 02:00:00,COMP-C01,Zone_C,4.11,2.06,74.4,3830.0,80.9,OK
2024-01-15 02:00:00,COMP-C02,Zone_C,3.08,1.46,81.0,3835.0,84.1,OK
2024-01-15 02:00:00,FAN-D01,Zone_B,1.79,1.06,53.0,1219.0,70.0,OK
2024-01-15 03:00:00,PUMP-A01,Zone_A,2.63,1.19,61.3,1893.0,86.0,OK
2024-01-15 03:00:00,PUMP-A02,Zone_A,3.03,1.37,63.8,1899.0,88.4,OK
2024-01-15 03:00:00,PUMP-B01,Zone_B,2.31,1.24,64.4,1895.0,84.2,OK
2024-01-15 03:00:00,COMP-C01,Zone_C,3.53,1.78,83.8,3806.0,80.6,OK
2024-01-15 03:00:00,COMP-C02,Zone_C,4.17,2.09,80.6,3826.0,80.5,OK
2024-01-15 03:00:00,FAN-D01,Zone_B,1.92,0.92,50.8,1256.0,75.7,OK
2024-01-15 04:00:00,PUMP-A01,Zone_A,2.87,1.45,63.4,1821.0,71.6,OK
2024-01-15 04:00:00,PUMP-A02,Zone_A,2.63,1.41,56.9,1895.0,85.2,OK
2024-01-15 04:00:00,PUMP-B01,Zone_B,2.84,1.58,61.8,1853.0,85.1,OK
2024-01-15 04:00:00,COMP-C01,Zone_C,3.74,1.86,78.3,3819.0,77.3,OK
2024-01-15 04:00:00,COMP-C02,Zone_C,3.84,1.83,79.1,3894.0,91.4,SUSPECT
2024-01-15 04:00:00,FAN-D01,Zone_B,1.78,0.79,49.8,1254.0,75.4,OK
2024-01-15 05:00:00,PUMP-A01,Zone_A,2.85,1.5,61.7,1867.0,82.8,OK
2024-01-15 05:00:00,PUMP-A02,Zone_A,2.32,0.93,59.7,1897.0,82.7,OK
2024-01-15 05:00:00,PUMP-B01,Zone_B,2.53,1.29,57.9,1859.0,82.6,OK
2024-01-15 05:00:00,COMP-C01,Zone_C,4.5,2.41,77.6,3873.0,89.7,OK
2024-01-15 05:00:00,COMP-C02,Zone_C,3.47,1.73,79.2,3832.0,87.2,OK
2024-01-15 05:00:00,FAN-D01,Zone_B,1.37,0.73,47.4,1302.0,77.9,OK
2024-01-15 06:00:00,PUMP-A01,Zone_A,3.1,1.58,63.3,1873.0,87.9,OK
2024-01-15 06:00:00,PUMP-A02,Zone_A,2.46,1.11,62.0,1862.0,81.9,OK
2024-01-15 06:00:00,PUMP-B01,Zone_B,2.51,1.34,60.5,1907.0,82.5,OK
2024-01-15 06:00:00,COMP-C01,Zone_C,3.55,1.83,80.5,3843.0,86.3,OK
2024-01-15 06:00:00,COMP-C02,Zone_C,3.91,2.04,80.6,3862.0,81.8,OK
2024-01-15 06:00:00,FAN-D01,Zone_B,1.53,0.65,51.4,1290.0,87.3,OK
2024-01-15 07:00:00,PUMP-A01,Zone_A,3.2,1.34,61.6,1832.0,80.4,OK
2024-01-15 07:00:00,PUMP-A02,Zone_A,2.1,1.0,60.1,1825.0,69.5,OK
2024-01-15 07:00:00,PUMP-B01,Zone_B,2.61,1.31,58.8,1877.0,80.3,OK
2024-01-15 07:00:00,COMP-C01,Zone_C,3.58,1.76,78.1,3823.0,79.5,OK
2024-01-15 07:00:00,COMP-C02,Zone_C,3.74,1.73,77.2,3808.0,86.4,OK
2024-01-15 07:00:00,FAN-D01,Zone_B,1.77,1.1,50.9,1296.0,80.4,OK
2024-01-15 08:00:00,PUMP-A01,Zone_A,2.02,0.98,61.0,1837.0,76.3,OK
2024-01-15 08:00:00,PUMP-A02,Zone_A,2.7,1.35,60.7,1901.0,86.6,OK
2024-01-15 08:00:00,PUMP-B01,Zone_B,2.48,1.15,61.9,1827.0,80.4,OK
2024-01-15 08:00:00,COMP-C01,Zone_C,3.71,1.64,76.6,3776.0,77.1,OK
2024-01-15 08:00:00,COMP-C02,Zone_C,3.62,1.83,79.6,3825.0,81.4,OK
2024-01-15 08:00:00,FAN-D01,Zone_B,1.77,0.97,48.5,1289.0,82.8,OK
2024-01-15 09:00:00,PUMP-A01,Zone_A,3.0,1.43,63.4,1847.0,80.7,OK
2024-01-15 09:00:00,PUMP-A02,Zone_A,2.46,1.37,63.4,1871.0,81.7,OK
2024-01-15 09:00:00,PUMP-B01,Zone_B,2.13,1.16,60.6,1886.0,75.0,OK
2024-01-15 09:00:00,COMP-C01,Zone_C,4.09,1.98,81.4,3746.0,74.7,OK
2024-01-15 09:00:00,COMP-C02,Zone_C,3.79,1.89,79.3,3861.0,89.3,OK
2024-01-15 09:00:00,FAN-D01,Zone_B,2.27,1.17,52.2,1300.0,84.7,OK
2024-01-15 10:00:00,PUMP-A01,Zone_A,3.16,1.69,64.7,1855.0,82.6,OK
2024-01-15 10:00:00,PUMP-A02,Zone_A,2.16,0.93,59.5,1846.0,74.2,OK
2024-01-15 10:00:00,PUMP-B01,Zone_B,2.75,1.39,61.6,1840.0,74.5,OK
2024-01-15 10:00:00,COMP-C01,Zone_C,3.49,1.88,78.4,3801.0,75.8,OK
2024-01-15 10:00:00,COMP-C02,Zone_C,3.28,1.68,77.4,3779.0,79.0,OK
2024-01-15 10:00:00,FAN-D01,Zone_B,2.1,1.07,54.0,1274.0,79.7,OK
2024-01-15 11:00:00,PUMP-A01,Zone_A,2.47,1.39,61.5,1818.0,69.8,OK
2024-01-15 11:00:00,PUMP-A02,Zone_A,2.67,1.56,60.6,1813.0,76.5,OK
2024-01-15 11:00:00,PUMP-B01,Zone_B,2.82,1.43,58.4,1845.0,80.6,OK
2024-01-15 11:00:00,COMP-C01,Zone_C,3.66,1.7,76.5,3737.0,69.3,OK
2024-01-15 11:00:00,COMP-C02,Zone_C,3.57,1.75,78.4,3807.0,73.2,OK
2024-01-15 11:00:00,FAN-D01,Zone_B,1.83,0.79,50.8,1271.0,77.7,OK
2024-01-15 12:00:00,PUMP-A01,Zone_A,2.84,1.39,63.0,1835.0,74.7,OK
2024-01-15 12:00:00,PUMP-A02,Zone_A,2.16,1.09,61.8,1771.0,67.0,OK
2024-01-15 12:00:00,PUMP-B01,Zone_B,2.33,1.21,59.1,1809.0,64.8,OK
2024-01-15 12:00:00,COMP-C01,Zone_C,3.33,1.77,75.0,3727.0,70.4,OK
2024-01-15 12:00:00,COMP-C02,Zone_C,3.8,1.98,76.8,3745.0,68.2,OK
2024-01-15 12:00:00,FAN-D01,Zone_B,1.41,0.6,48.6,1207.0,64.5,OK
2024-01-15 13:00:00,PUMP-A01,Zone_A,2.48,1.26,58.8,1822.0,66.6,OK
2024-01-15 13:00:00,PUMP-A02,Zone_A,2.59,1.25,63.5,1820.0,69.6,OK
2024-01-15 13:00:00,PUMP-B01,Zone_B,3.21,1.64,56.9,1807.0,65.7,OK
2024-01-15 13:00:00,COMP-C01,Zone_C,3.05,1.62,71.5,3685.0,63.4,OK
2024-01-15 13:00:00,COMP-C02,Zone_C,3.43,1.58,77.5,3722.0,66.1,OK
2024-01-15 13:00:00,FAN-D01,Zone_B,2.2,1.18,48.9,1252.0,75.7,OK
2024-01-15 14:00:00,PUMP-A01,Zone_A,2.86,1.48,58.8,1814.0,63.8,OK
2024-01-15 14:00:00,PUMP-A02,Zone_A,2.33,1.22,59.1,1801.0,63.4,OK
2024-01-15 14:00:00,PUMP-B01,Zone_B,2.8,1.48,60.9,1780.0,56.0,OK
2024-01-15 14:00:00,COMP-C01,Zone_C,3.44,1.72,80.4,3707.0,65.4,OK
2024-01-15 14:00:00,COMP-C02,Zone_C,3.68,1.8,74.8,3637.0,51.7,OK
2024-01-15 14:00:00,FAN-D01,Zone_B,2.15,1.09,49.5,1209.0,62.1,OK
2024-01-15 15:00:00,PUMP-A01,Zone_A,2.17,1.07,59.9,1799.0,56.4,OK
2024-01-15 15:00:00,PUMP-A02,Zone_A,2.88,1.38,54.9,1765.0,55.8,OK
2024-01-15 15:00:00,PUMP-B01,Zone_B,2.12,1.07,60.0,1793.0,64.4,OK
2024-01-15 15:00:00,COMP-C01,Zone_C,3.62,1.88,77.1,3683.0,64.0,OK
2024-01-15 15:00:00,COMP-C02,Zone_C,3.69,1.72,81.3,3679.0,61.7,OK
2024-01-15 15:00:00,FAN-D01,Zone_B,1.71,0.94,49.5,1229.0,63.7,OK
2024-01-15 16:00:00,PUMP-A01,Zone_A,1.93,0.96,59.2,1767.0,50.6,OK
2024-01-15 16:00:00,PUMP-A02,Zone_A,2.61,1.37,57.4,1766.0,54.3,OK
2024-01-15 16:00:00,PUMP-B01,Zone_B,1.72,0.88,56.4,1744.0,52.6,OK
2024-01-15 16:00:00,COMP-C01,Zone_C,3.53,1.72,74.3,3628.0,51.1,OK
2024-01-15 16:00:00,COMP-C02,Zone_C,3.67,1.91,76.8,3715.0,67.3,OK
2024-01-15 16:00:00,FAN-D01,Zone_B,1.74,0.78,46.1,1205.0,60.0,OK
2024-01-15 17:00:00,PUMP-A01,Zone_A,2.91,1.58,59.3,1821.0,61.1,OK
2024-01-15 17:00:00,PUMP-A02,Zone_A,2.52,1.2,56.1,1768.0,52.3,OK
2024-01-15 17:00:00,PUMP-B01,Zone_B,2.17,1.02,59.9,1800.0,62.0,OK
2024-01-15 17:00:00,COMP-C01,Zone_C,4.09,1.95,79.1,3719.0,60.7,OK
2024-01-15 17:00:00,COMP-C02,Zone_C,3.88,1.98,78.5,3641.0,53.6,OK
2024-01-15 17:00:00,FAN-D01,Zone_B,2.16,1.18,44.6,1205.0,54.3,OK
2024-01-15 18:00:00,PUMP-A01,Zone_A,2.39,1.19,55.9,1698.0,49.0,OK
2024-01-15 18:00:00,PUMP-A02,Zone_A,2.84,1.51,58.9,1765.0,55.7,OK
2024-01-15 18:00:00,PUMP-B01,Zone_B,2.26,1.1,56.8,1785.0,57.4,OK
2024-01-15 18:00:00,COMP-C01,Zone_C,3.12,1.41,73.3,3651.0,58.8,OK
2024-01-15 18:00:00,COMP-C02,Zone_C,3.51,1.81,73.3,3547.0,43.2,OK
2024-01-15 18:00:00,FAN-D01,Zone_B,1.48,0.64,47.7,1216.0,55.2,OK
2024-01-15 19:00:00,PUMP-A01,Zone_A,2.53,1.32,60.5,1749.0,59.3,OK
2024-01-15 19:00:00,PUMP-A02,Zone_A,2.26,1.16,62.3,1775.0,58.9,OK
2024-01-15 19:00:00,PUMP-B01,Zone_B,2.5,1.33,58.5,1736.0,56.4,OK
2024-01-15 19:00:00,COMP-C01,Zone_C,3.35,1.48,73.3,3721.0,67.4,OK
2024-01-15 19:00:00,COMP-C02,Zone_C,3.82,1.83,75.4,3728.0,61.7,OK
2024-01-15 19:00:00,FAN-D01,Zone_B,1.45,0.65,49.4,1211.0,54.7,OK
2024-01-15 20:00:00,PUMP-A01,Zone_A,2.56,1.35,54.6,1802.0,60.8,OK
2024-01-15 20:00:00,PUMP-A02,Zone_A,2.74,1.18,56.4,1761.0,57.5,OK
2024-01-15 20:00:00,PUMP-B01,Zone_B,2.84,1.4,58.4,1791.0,58.2,OK
2024-01-15 20:00:00,COMP-C01,Zone_C,3.38,1.64,77.4,3656.0,57.9,OK
2024-01-15 20:00:00,COMP-C02,Zone_C,3.21,1.55,73.1,3624.0,50.9,OK
2024-01-15 20:00:00,FAN-D01,Zone_B,1.34,0.76,50.7,1227.0,57.4,OK
2024-01-15 21:00:00,PUMP-A01,Zone_A,2.66,1.31,59.3,1764.0,55.5,OK
2024-01-15 21:00:00,PUMP-A02,Zone_A,2.68,1.5,57.2,1772.0,62.8,OK
2024-01-15 21:00:00,PUMP-B01,Zone_B,2.45,1.21,58.1,1745.0,55.4,OK
2024-01-15 21:00:00,COMP-C01,Zone_C,3.74,1.82,74.7,3710.0,66.4,OK
2024-01-15 21:00:00,COMP-C02,Zone_C,2.84,1.64,71.8,3602.0,50.4,OK
2024-01-15 21:00:00,FAN-D01,Zone_B,1.6,0.81,45.9,1212.0,58.6,OK
2024-01-15 22:00:00,PUMP-A01,Zone_A,2.8,1.42,61.3,1799.0,69.9,OK
2024-01-15 22:00:00,PUMP-A02,Zone_A,2.18,0.93,60.1,1799.0,69.4,OK
2024-01-15 22:00:00,PUMP-B01,Zone_B,2.06,1.02,58.5,1799.0,57.9,OK
2024-01-15 22:00:00,COMP-C01,Zone_C,3.66,1.85,79.1,3753.0,69.3,OK
2024-01-15 22:00:00,COMP-C02,Zone_C,3.4,1.65,77.3,3622.0,57.1,OK
2024-01-15 22:00:00,FAN-D01,Zone_B,1.7,0.75,48.9,1213.0,66.2,OK
2024-01-15 23:00:00,PUMP-A01,Zone_A,2.59,1.41,59.4,1774.0,62.3,OK
2024-01-15 23:00:00,PUMP-A02,Zone_A,2.51,1.3,56.2,1799.0,63.9,OK
2024-01-15 23:00:00,PUMP-B01,Zone_B,2.4,1.19,60.2,1817.0,64.3,OK
2024-01-15 23:00:00,COMP-C01,Zone_C,3.74,1.93,76.7,3752.0,76.7,OK
2024-01-15 23:00:00,COMP-C02,Zone_C,3.63,1.82,76.3,3704.0,60.8,OK
2024-01-15 23:00:00,FAN-D01,Zone_B,1.92,1.12,46.3,1200.0,63.3,OK
2024-01-16 00:00:00,PUMP-A01,Zone_A,2.41,1.13,58.6,1786.0,64.4,OK
2024-01-16 00:00:00,PUMP-A02,Zone_A,2.36,1.26,60.9,1808.0,68.7,OK
2024-01-16 00:00:00,PUMP-B01,Zone_B,2.64,1.16,61.2,1838.0,68.4,OK
2024-01-16 00:00:00,COMP-C01,Zone_C,3.7,1.81,79.4,3761.0,73.0,OK
2024-01-16 00:00:00,COMP-C02,Zone_C,3.37,1.68,74.5,3736.0,69.6,OK
2024-01-16 00:00:00,FAN-D01,Zone_B,2.08,1.1,45.8,1239.0,67.8,OK
2024-01-16 01:00:00,PUMP-A01,Zone_A,3.01,1.39,64.7,1806.0,75.5,OK
2024-01-16 01:00:00,PUMP-A02,Zone_A,2.3,1.06,59.1,1826.0,73.6,OK
2024-01-16 01:00:00,PUMP-B01,Zone_B,2.32,1.17,62.8,1864.0,73.4,OK
2024-01-16 01:00:00,COMP-C01,Zone_C,3.37,1.75,73.0,3799.0,75.2,OK
2024-01-16 01:00:00,COMP-C02,Zone_C,3.62,1.88,79.9,3809.0,81.2,OK
2024-01-16 01:00:00,FAN-D01,Zone_B,1.98,1.03,47.6,1255.0,76.1,OK
2024-01-16 02:00:00,PUMP-A01,Zone_A,2.2,1.13,60.7,1867.0,79.0,OK
2024-01-16 02:00:00,PUMP-A02,Zone_A,2.63,1.38,62.1,1884.0,85.8,SUSPECT
2024-01-16 02:00:00,PUMP-B01,Zone_B,2.78,1.41,61.2,1887.0,85.9,OK
2024-01-16 02:00:00,COMP-C01,Zone_C,3.3,1.65,75.9,3794.0,77.4,OK
2024-01-16 02:00:00,COMP-C02,Zone_C,3.63,1.67,81.8,3787.0,76.9,OK
2024-01-16 02:00:00,FAN-D01,Zone_B,1.79,1.09,49.4,1292.0,77.0,OK
2024-01-16 03:00:00,PUMP-A01,Zone_A,2.42,1.19,60.7,1860.0,83.3,OK
2024-01-16 03:00:00,PUMP-A02,Zone_A,2.92,1.5,65.0,1832.0,85.9,OK
2024-01-16 03:00:00,PUMP-B01,Zone_B,3.13,1.6,63.3,1854.0,87.4,OK
2024-01-16 03:00:00,COMP-C01,Zone_C,4.01,1.94,82.4,3891.0,88.7,OK
2024-01-16 03:00:00,COMP-C02,Zone_C,3.32,1.62,76.8,3805.0,78.6,OK
2024-01-16 03:00:00,FAN-D01,Zone_B,1.94,0.96,49.3,1256.0,77.4,OK
2024-01-16 04:00:00,PUMP-A01,Zone_A,2.76,1.36,58.6,1866.0,82.4,OK
2024-01-16 04:00:00,PUMP-A02,Zone_A,3.01,1.54,64.3,1877.0,84.8,OK
2024-01-16 04:00:00,PUMP-B01,Zone_B,2.4,1.36,56.5,1846.0,86.4,OK
2024-01-16 04:00:00,COMP-C01,Zone_C,4.09,2.05,78.2,3840.0,82.3,SUSPECT
2024-01-16 04:00:00,COMP-C02,Zone_C,4.02,2.0,76.2,3835.0,79.6,OK
2024-01-16 04:00:00,FAN-D01,Zone_B,1.6,0.86,48.2,1247.0,80.4,OK
2024-01-16 05:00:00,PUMP-A01,Zone_A,3.82,1.99,63.3,1833.0,81.4,OK
2024-01-16 05:00:00,PUMP-A02,Zone_A,2.57,1.02,60.3,1918.0,88.8,OK
2024-01-16 05:00:00,PUMP-B01,Zone_B,2.29,1.14,61.7,1843.0,77.7,OK
2024-01-16 05:00:00,COMP-C01,Zone_C,4.4,2.27,77.4,3924.0,89.5,OK
2024-01-16 05:00:00,COMP-C02,Zone_C,3.39,1.63,82.6,3830.0,82.5,OK
2024-01-16 05:00:00,FAN-D01,Zone_B,1.43,0.71,52.3,1268.0,89.2,OK
2024-01-16 06:00:00,PUMP-A01,Zone_A,3.02,1.47,60.7,1891.0,94.9,OK
2024-01-16 06:00:00,PUMP-A02,Zone_A,2.71,1.35,64.8,1914.0,96.0,OK
2024-01-16 06:00:00,PUMP-B01,Zone_B,2.85,1.4,64.7,1863.0,87.1,OK
2024-01-16 06:00:00,COMP-C01,Zone_C,4.0,2.01,79.1,3937.0,91.8,OK
2024-01-16 06:00:00,COMP-C02,Zone_C,3.64,1.85,77.0,3892.0,88.5,OK
2024-01-16 06:00:00,FAN-D01,Zone_B,1.73,0.68,49.1,1299.0,91.3,OK
2024-01-16 07:00:00,PUMP-A01,Zone_A,2.78,1.48,62.6,1864.0,86.5,OK
2024-01-16 07:00:00,PUMP-A02,Zone_A,2.64,1.42,58.7,1828.0,74.3,OK
2024-01-16 07:00:00,PUMP-B01,Zone_B,3.48,1.74,62.3,1893.0,92.9,OK
2024-01-16 07:00:00,COMP-C01,Zone_C,3.46,1.85,80.2,3784.0,81.3,OK
2024-01-16 07:00:00,COMP-C02,Zone_C,3.53,1.73,77.3,3779.0,79.7,OK
2024-01-16 07:00:00,FAN-D01,Zone_B,2.47,1.11,52.3,1276.0,85.6,OK
2024-01-16 08:00:00,PUMP-A01,Zone_A,2.52,1.39,64.3,1878.0,83.5,OK
2024-01-16 08:00:00,PUMP-A02,Zone_A,2.76,1.33,60.3,1877.0,79.4,OK
2024-01-16 08:00:00,PUMP-B01,Zone_B,2.93,1.4,62.1,1851.0,85.3,OK
2024-01-16 08:00:00,COMP-C01,Zone_C,3.91,2.01,78.8,3879.0,89.9,OK
2024-01-16 08:00:00,COMP-C02,Zone_C,3.67,1.82,82.5,3784.0,78.8,OK
2024-01-16 08:00:00,FAN-D01,Zone_B,2.4,1.32,48.3,1253.0,83.2,OK
2024-01-16 09:00:00,PUMP-A01,Zone_A,2.44,1.04,62.0,1834.0,76.7,OK
2024-01-16 09:00:00,PUMP-A02,Zone_A,2.43,0.94,61.2,1846.0,81.7,OK
2024-01-16 09:00:00,PUMP-B01,Zone_B,2.58,1.32,62.1,1837.0,83.3,OK
2024-01-16 09:00:00,COMP-C01,Zone_C,4.01,2.03,80.4,3852.0,81.4,OK
2024-01-16 09:00:00,COMP-C02,Zone_C,2.88,1.52,77.8,3748.0,74.2,OK
2024-01-16 09:00:00,FAN-D01,Zone_B,2.05,1.03,50.0,1239.0,84.8,OK
2024-01-16 10:00:00,PUMP-A01,Zone_A,2.92,1.46,61.9,1844.0,78.2,OK
2024-01-16 10:00:00,PUMP-A02,Zone_A,2.85,1.49,60.3,1827.0,74.3,OK
2024-01-16 10:00:00,PUMP-B01,Zone_B,2.2,1.18,58.8,1842.0,77.3,OK
2024-01-16 10:00:00,COMP-C01,Zone_C,4.2,2.02,78.8,3784.0,77.0,OK
2024-01-16 10:00:00,COMP-C02,Zone_C,3.77,1.89,78.6,3771.0,77.2,OK
2024-01-16 10:00:00,FAN-D01,Zone_B,1.85,0.81,51.7,1279.0,74.0,SUSPECT
2024-01-16 11:00:00,PUMP-A01,Zone_A,2.38,1.23,58.7,1797.0,69.7,OK
2024-01-16 11:00:00,PUMP-A02,Zone_A,2.58,1.26,62.0,1791.0,61.0,OK
2024-01-16 11:00:00,PUMP-B01,Zone_B,2.79,1.39,62.9,1808.0,70.3,OK
2024-01-16 11:00:00,COMP-C01,Zone_C,4.09,2.09,77.7,3731.0,67.3,OK
2024-01-16 11:00:00,COMP-C02,Zone_C,3.14,1.65,77.9,3766.0,69.6,OK
2024-01-16 11:00:00,FAN-D01,Zone_B,2.06,0.91,53.3,1223.0,69.0,OK
2024-01-16 12:00:00,PUMP-A01,Zone_A,2.59,1.37,62.7,1818.0,75.1,OK
2024-01-16 12:00:00,PUMP-A02,Zone_A,2.78,1.24,56.8,1818.0,63.6,OK
2024-01-16 12:00:00,PUMP-B01,Zone_B,2.6,1.33,60.1,1811.0,72.4,OK
2024-01-16 12:00:00,COMP-C01,Zone_C,3.97,1.95,78.6,3758.0,74.2,OK
2024-01-16 12:00:00,COMP-C02,Zone_C,3.14,1.56,74.7,3745.0,72.6,OK
2024-01-16 12:00:00,FAN-D01,Zone_B,2.0,1.12,48.5,1223.0,74.0,OK
2024-01-16 13:00:00,PUMP-A01,Zone_A,3.06,1.3,63.1,1790.0,64.9,OK
2024-01-16 13:00:00,PUMP-A02,Zone_A,2.09,1.07,58.7,1757.0,63.4,OK
2024-01-16 13:00:00,PUMP-B01,Zone_B,2.34,1.08,56.8,1760.0,58.1,OK
2024-01-16 13:00:00,COMP-C01,Zone_C,3.82,1.99,80.1,3697.0,64.4,OK
2024-01-16 13:00:00,COMP-C02,Zone_C,2.91,1.56,74.4,3666.0,62.8,OK
2024-01-16 13:00:00,FAN-D01,Zone_B,1.46,0.84,47.3,1277.0,64.8,OK
2024-01-16 14:00:00,PUMP-A01,Zone_A,2.51,1.29,60.7,1807.0,66.5,OK
2024-01-16 14:00:00,PUMP-A02,Zone_A,2.93,1.37,63.9,1827.0,59.6,OK
2024-01-16 14:00:00,PUMP-B01,Zone_B,2.19,1.05,62.5,1833.0,66.0,OK
2024-01-16 14:00:00,COMP-C01,Zone_C,3.1,1.71,74.4,3684.0,57.6,OK
2024-01-16 14:00:00,COMP-C02,Zone_C,3.17,1.58,75.0,3742.0,63.7,OK
2024-01-16 14:00:00,FAN-D01,Zone_B,1.25,0.76,46.5,1241.0,57.1,OK
2024-01-16 15:00:00,PUMP-A01,Zone_A,3.34,1.72,58.7,1818.0,59.7,OK
2024-01-16 15:00:00,PUMP-A02,Zone_A,2.45,1.42,58.7,1764.0,56.6,OK
2024-01-16 15:00:00,PUMP-B01,Zone_B,2.75,1.34,58.9,1811.0,64.5,OK
2024-01-16 15:00:00,COMP-C01,Zone_C,3.08,1.6,76.9,3614.0,55.7,OK
2024-01-16 15:00:00,COMP-C02,Zone_C,3.51,1.64,78.2,3654.0,57.1,OK
2024-01-16 15:00:00,FAN-D01,Zone_B,2.07,1.25,50.6,1249.0,62.6,OK
2024-01-16 16:00:00,PUMP-A01,Zone_A,2.71,1.14,55.5,1748.0,57.6,OK
2024-01-16 16:00:00,PUMP-A02,Zone_A,2.37,1.2,60.0,1782.0,61.1,OK
2024-01-16 16:00:00,PUMP-B01,Zone_B,3.22,1.55,64.1,1786.0,61.4,OK
2024-01-16 16:00:00,COMP-C01,Zone_C,3.41,1.68,80.4,3634.0,56.7,OK
2024-01-16 16:00:00,COMP-C02,Zone_C,3.7,1.8,73.6,3614.0,58.8,OK
2024-01-16 16:00:00,FAN-D01,Zone_B,0.51,0.16,44.5,1208.0,61.7,OK
2024-01-16 17:00:00,PUMP-A01,Zone_A,2.62,1.42,58.9,1777.0,58.6,OK
2024-01-16 17:00:00,PUMP-A02,Zone_A,2.55,1.32,56.6,1745.0,55.6,OK
2024-01-16 17:00:00,PUMP-B01,Zone_B,1.8,0.98,54.2,1780.0,51.0,OK
2024-01-16 17:00:00,COMP-C01,Zone_C,3.61,1.87,76.4,3705.0,64.9,OK
2024-01-16 17:00:00,COMP-C02,Zone_C,3.5,1.58,73.9,3591.0,51.0,OK
2024-01-16 17:00:00,FAN-D01,Zone_B,1.6,0.85,47.1,1271.0,70.7,OK
2024-01-16 18:00:00,PUMP-A01,Zone_A,2.39,1.22,58.7,1804.0,54.0,OK
2024-01-16 18:00:00,PUMP-A02,Zone_A,2.39,1.37,57.5,1749.0,49.4,OK
2024-01-16 18:00:00,PUMP-B01,Zone_B,2.13,0.99,57.2,1782.0,59.3,OK
2024-01-16 18:00:00,COMP-C01,Zone_C,3.0,1.58,75.4,3600.0,46.1,OK
2024-01-16 18:00:00,COMP-C02,Zone_C,3.18,1.6,76.4,3671.0,55.8,OK
2024-01-16 18:00:00,FAN-D01,Zone_B,1.84,1.04,46.9,1196.0,48.4,OK
2024-01-16 19:00:00,PUMP-A01,Zone_A,2.66,1.18,58.2,1786.0,60.1,OK
2024-01-16 19:00:00,PUMP-A02,Zone_A,2.52,1.46,58.3,1754.0,58.1,OK
2024-01-16 19:00:00,PUMP-B01,Zone_B,2.71,1.7,59.7,1782.0,60.0,OK
2024-01-16 19:00:00,COMP-C01,Zone_C,3.02,1.59,72.4,3595.0,49.0,OK
2024-01-16 19:00:00,COMP-C02,Zone_C,2.77,1.48,76.2,3704.0,62.1,OK
2024-01-16 19:00:00,FAN-D01,Zone_B,1.2,0.52,45.8,1197.0,56.8,OK
2024-01-16 20:00:00,PUMP-A01,Zone_A,3.11,1.4,60.2,1817.0,70.1,OK
2024-01-16 20:00:00,PUMP-A02,Zone_A,2.75,1.38,61.1,1756.0,57.5,OK
2024-01-16 20:00:00,PUMP-B01,Zone_B,2.58,1.28,58.5,1794.0,59.4,OK
2024-01-16 20:00:00,COMP-C01,Zone_C,3.64,1.94,72.4,3669.0,57.8,SUSPECT
2024-01-16 20:00:00,COMP-C02,Zone_C,3.75,1.88,76.2,3630.0,54.6,OK
2024-01-16 20:00:00,FAN-D01,Zone_B,1.28,0.66,44.0,1200.0,49.8,OK
2024-01-16 21:00:00,PUMP-A01,Zone_A,2.51,1.26,61.4,1766.0,60.0,OK
2024-01-16 21:00:00,PUMP-A02,Zone_A,2.1,1.03,58.4,1792.0,60.7,OK
2024-01-16 21:00:00,PUMP-B01,Zone_B,2.85,1.53,61.1,1807.0,62.1,OK
2024-01-16 21:00:00,COMP-C01,Zone_C,3.55,1.78,76.7,3722.0,64.7,OK
2024-01-16 21:00:00,COMP-C02,Zone_C,2.81,1.35,73.3,3665.0,56.7,OK
2024-01-16 21:00:00,FAN-D01,Zone_B,1.76,0.78,45.3,1226.0,51.2,OK
2024-01-16 22:00:00,PUMP-A01,Zone_A,3.38,1.73,61.1,1811.0,65.9,OK
2024-01-16 22:00:00,PUMP-A02,Zone_A,1.88,1.0,59.1,1779.0,58.2,OK
2024-01-16 22:00:00,PUMP-B01,Zone_B,2.32,1.21,56.1,1778.0,50.7,OK
2024-01-16 22:00:00,COMP-C01,Zone_C,3.57,1.84,77.7,3658.0,58.7,OK
2024-01-16 22:00:00,COMP-C02,Zone_C,3.18,1.54,71.4,3671.0,61.5,OK
2024-01-16 22:00:00,FAN-D01,Zone_B,1.79,0.94,47.8,1219.0,58.9,OK
2024-01-16 23:00:00,PUMP-A01,Zone_A,2.1,0.99,56.9,1795.0,66.0,OK
2024-01-16 23:00:00,PUMP-A02,Zone_A,2.97,1.47,60.6,1804.0,68.4,OK
2024-01-16 23:00:00,PUMP-B01,Zone_B,2.33,1.04,56.9,1800.0,58.6,OK
2024-01-16 23:00:00,COMP-C01,Zone_C,3.63,1.81,75.7,3720.0,61.8,OK
2024-01-16 23:00:00,COMP-C02,Zone_C,3.38,1.63,76.7,3706.0,65.2,OK
2024-01-16 23:00:00,FAN-D01,Zone_B,1.73,0.89,47.8,1215.0,66.4,OK
2024-01-17 00:00:00,PUMP-A01,Zone_A,3.06,1.65,62.9,1855.0,76.9,OK
2024-01-17 00:00:00,PUMP-A02,Zone_A,2.29,0.96,59.6,1852.0,74.6,OK
2024-01-17 00:00:00,PUMP-B01,Zone_B,2.65,1.23,61.2,1830.0,71.9,OK
2024-01-17 00:00:00,COMP-C01,Zone_C,3.86,1.97,77.3,3758.0,68.9,OK
2024-01-17 00:00:00,COMP-C02,Zone_C,3.43,1.64,74.6,3687.0,64.7,OK
2024-01-17 00:00:00,FAN-D01,Zone_B,1.22,0.74,49.5,1257.0,70.5,OK
2024-01-17 01:00:00,PUMP-A01,Zone_A,2.77,1.48,57.1,1863.0,76.7,OK
2024-01-17 01:00:00,PUMP-A02,Zone_A,2.54,1.32,62.5,1822.0,68.6,OK
2024-01-17 01:00:00,PUMP-B01,Zone_B,2.82,1.5,58.7,1817.0,70.8,OK
2024-01-17 01:00:00,COMP-C01,Zone_C,3.55,1.83,79.1,3751.0,68.6,OK
2024-01-17 01:00:00,COMP-C02,Zone_C,3.68,1.8,78.9,3687.0,59.8,OK
2024-01-17 01:00:00,FAN-D01,Zone_B,2.62,1.16,50.8,1262.0,73.6,OK
2024-01-17 02:00:00,PUMP-A01,Zone_A,3.07,1.55,59.7,1833.0,78.2,OK
2024-01-17 02:00:00,PUMP-A02,Zone_A,2.43,1.21,58.9,1848.0,77.9,OK
2024-01-17 02:00:00,PUMP-B01,Zone_B,2.76,1.27,61.6,1843.0,75.5,OK
2024-01-17 02:00:00,COMP-C01,Zone_C,4.12,2.27,81.6,3837.0,84.1,OK
2024-01-17 02:00:00,COMP-C02,Zone_C,3.39,1.6,77.5,3752.0,70.0,OK
2024-01-17 02:00:00,FAN-D01,Zone_B,1.97,1.0,51.5,1253.0,78.5,OK
2024-01-17 03:00:00,PUMP-A01,Zone_A,2.98,1.49,62.2,1862.0,77.3,OK
2024-01-17 03:00:00,PUMP-A02,Zone_A,2.45,1.23,60.8,1862.0,77.6,OK
2024-01-17 03:00:00,PUMP-B01,Zone_B,2.68,1.37,58.4,1852.0,79.5,OK
2024-01-17 03:00:00,COMP-C01,Zone_C,4.14,2.09,80.8,3883.0,87.0,OK
2024-01-17 03:00:00,COMP-C02,Zone_C,3.91,1.94,77.0,3873.0,84.2,OK
2024-01-17 03:00:00,FAN-D01,Zone_B,1.45,0.63,48.3,1301.0,88.9,OK
2024-01-17 04:00:00,PUMP-A01,Zone_A,3.7,1.79,63.1,1863.0,85.3,OK
2024-01-17 04:00:00,PUMP-A02,Zone_A,2.79,1.45,58.8,1862.0,78.6,OK
2024-01-17 04:00:00,PUMP-B01,Zone_B,2.91,1.54,66.4,1908.0,91.9,OK
2024-01-17 04:00:00,COMP-C01,Zone_C,4.14,2.01,77.6,3905.0,89.0,OK
2024-01-17 04:00:00,COMP-C02,Zone_C,3.28,1.75,77.1,3735.0,67.6,OK
2024-01-17 04:00:00,FAN-D01,Zone_B,1.44,0.84,53.3,1301.0,88.6,OK
2024-01-17 05:00:00,PUMP-A01,Zone_A,2.41,1.16,57.5,1877.0,81.9,OK
2024-01-17 05:00:00,PUMP-A02,Zone_A,3.25,1.52,61.2,1847.0,81.0,OK
2024-01-17 05:00:00,PUMP-B01,Zone_B,2.49,1.04,61.1,1864.0,87.5,OK
2024-01-17 05:00:00,COMP-C01,Zone_C,3.81,1.93,81.3,3791.0,79.0,OK
2024-01-17 05:00:00,COMP-C02,Zone_C,3.57,1.69,71.7,3757.0,75.3,OK
2024-01-17 05:00:00,FAN-D01,Zone_B,2.22,1.14,49.5,1309.0,91.2,OK
2024-01-17 06:00:00,PUMP-A01,Zone_A,2.37,1.31,60.9,1887.0,80.4,OK
2024-01-17 06:00:00,PUMP-A02,Zone_A,2.65,1.34,59.4,1872.0,82.6,OK
2024-01-17 06:00:00,PUMP-B01,Zone_B,3.15,1.71,64.2,1858.0,80.5,OK
2024-01-17 06:00:00,COMP-C01,Zone_C,4.08,2.18,79.1,3858.0,89.0,OK
2024-01-17 06:00:00,COMP-C02,Zone_C,3.34,1.6,83.2,3838.0,85.3,SUSPECT
2024-01-17 06:00:00,FAN-D01,Zone_B,2.12,0.91,54.6,1298.0,85.7,OK
2024-01-17 07:00:00,PUMP-A01,Zone_A,3.14,1.64,62.3,1903.0,91.7,OK
2024-01-17 07:00:00,PUMP-A02,Zone_A,2.64,1.27,60.7,1912.0,91.4,OK
2024-01-17 07:00:00,PUMP-B01,Zone_B,2.96,1.48,57.5,1822.0,80.7,OK
2024-01-17 07:00:00,COMP-C01,Zone_C,3.09,1.49,78.5,3871.0,86.4,OK
2024-01-17 07:00:00,COMP-C02,Zone_C,3.95,1.93,78.6,3768.0,76.9,OK
2024-01-17 07:00:00,FAN-D01,Zone_B,1.56,0.57,52.3,1274.0,74.3,OK
2024-01-17 08:00:00,PUMP-A01,Zone_A,3.51,1.87,63.9,1867.0,85.4,OK
2024-01-17 08:00:00,PUMP-A02,Zone_A,3.11,1.48,62.8,1861.0,84.0,OK
2024-01-17 08:00:00,PUMP-B01,Zone_B,3.18,1.74,63.0,1863.0,85.3,OK
2024-01-17 08:00:00,COMP-C01,Zone_C,4.43,2.3,81.4,3893.0,90.7,OK
2024-01-17 08:00:00,COMP-C02,Zone_C,4.04,2.02,75.8,3827.0,81.2,OK
2024-01-17 08:00:00,FAN-D01,Zone_B,1.67,0.72,50.6,1302.0,84.8,OK
2024-01-17 09:00:00,PUMP-A01,Zone_A,2.69,1.43,65.8,1895.0,85.1,OK
2024-01-17 09:00:00,PUMP-A02,Zone_A,3.0,1.52,61.0,1864.0,77.2,OK
2024-01-17 09:00:00,PUMP-B01,Zone_B,2.35,1.03,58.4,1849.0,75.8,OK
2024-01-17 09:00:00,COMP-C01,Zone_C,4.35,2.18,79.4,3812.0,76.9,OK
2024-01-17 09:00:00,COMP-C02,Zone_C,3.36,1.58,78.8,3791.0,74.7,OK
2024-01-17 09:00:00,FAN-D01,Zone_B,1.87,1.02,47.6,1277.0,77.7,OK
2024-01-17 10:00:00,PUMP-A01,Zone_A,3.18,1.52,61.2,1816.0,77.5,OK
2024-01-17 10:00:00,PUMP-A02,Zone_A,2.45,1.18,64.5,1902.0,89.1,OK
2024-01-17 10:00:00,PUMP-B01,Zone_B,2.96,1.56,63.8,1846.0,85.1,OK
2024-01-17 10:00:00,COMP-C01,Zone_C,3.81,1.75,78.6,3818.0,83.1,OK
2024-01-17 10:00:00,COMP-C02,Zone_C,2.84,1.49,80.6,3769.0,75.1,OK
2024-01-17 10:00:00,FAN-D01,Zone_B,1.64,0.81,49.8,1262.0,80.5,OK
2024-01-17 11:00:00,PUMP-A01,Zone_A,2.75,1.29,64.0,1828.0,71.8,OK
2024-01-17 11:00:00,PUMP-A02,Zone_A,2.69,1.41,60.6,1809.0,66.4,OK
2024-01-17 11:00:00,PUMP-B01,Zone_B,2.53,1.15,58.7,1822.0,72.1,OK
2024-01-17 11:00:00,COMP-C01,Zone_C,3.28,1.61,74.8,3711.0,65.0,OK
2024-01-17 11:00:00,COMP-C02,Zone_C,3.48,1.68,76.5,3778.0,73.2,OK
2024-01-17 11:00:00,FAN-D01,Zone_B,1.59,0.66,52.0,1250.0,71.2,SUSPECT
2024-01-17 12:00:00,PUMP-A01,Zone_A,1.99,0.94,60.3,1830.0,66.6,OK
2024-01-17 12:00:00,PUMP-A02,Zone_A,2.16,1.11,60.4,1820.0,68.5,OK
2024-01-17 12:00:00,PUMP-B01,Zone_B,2.92,1.2,60.9,1828.0,68.0,OK
2024-01-17 12:00:00,COMP-C01,Zone_C,4.34,2.21,77.4,3672.0,61.3,OK
2024-01-17 12:00:00,COMP-C02,Zone_C,4.16,2.09,79.7,3820.0,77.9,OK
2024-01-17 12:00:00,FAN-D01,Zone_B,1.74,1.07,49.4,1230.0,68.7,OK
2024-01-17 13:00:00,PUMP-A01,Zone_A,2.7,1.43,64.3,1845.0,67.6,OK
2024-01-17 13:00:00,PUMP-A02,Zone_A,2.65,1.5,61.4,1822.0,72.7,OK
2024-01-17 13:00:00,PUMP-B01,Zone_B,2.1,1.21,60.6,1827.0,66.2,OK
2024-01-17 13:00:00,COMP-C01,Zone_C,2.98,1.52,78.5,3720.0,65.8,OK
2024-01-17 13:00:00,COMP-C02,Zone_C,3.54,1.92,77.9,3773.0,75.0,OK
2024-01-17 13:00:00,FAN-D01,Zone_B,1.55,0.81,48.7,1248.0,71.8,OK
2024-01-17 14:00:00,PUMP-A01,Zone_A,2.65,1.33,61.6,1768.0,57.6,OK
2024-01-17 14:00:00,PUMP-A02,Zone_A,2.37,1.35,61.9,1825.0,70.2,OK
2024-01-17 14:00:00,PUMP-B01,Zone_B,2.18,1.11,61.9,1819.0,65.8,OK
2024-01-17 14:00:00,COMP-C01,Zone_C,4.13,1.99,76.9,3683.0,61.5,OK
2024-01-17 14:00:00,COMP-C02,Zone_C,3.6,2.0,78.6,3631.0,56.7,OK
2024-01-17 14:00:00,FAN-D01,Zone_B,1.87,0.98,46.2,1201.0,55.8,OK
2024-01-17 15:00:00,PUMP-A01,Zone_A,2.77,1.44,61.8,1780.0,58.9,OK
2024-01-17 15:00:00,PUMP-A02,Zone_A,2.33,1.1,57.6,1753.0,53.0,OK
2024-01-17 15:00:00,PUMP-B01,Zone_B,2.28,1.1,56.4,1715.0,52.0,OK
2024-01-17 15:00:00,COMP-C01,Zone_C,3.09,1.6,75.9,3693.0,66.0,OK
2024-01-17 15:00:00,COMP-C02,Zone_C,2.53,1.12,75.6,3663.0,59.9,OK
2024-01-17 15:00:00,FAN-D01,Zone_B,1.96,0.66,48.3,1254.0,69.5,OK
2024-01-17 16:00:00,PUMP-A01,Zone_A,2.91,1.45,58.9,1698.0,47.0,OK
2024-01-17 16:00:00,PUMP-A02,Zone_A,2.67,1.37,55.1,1725.0,48.1,OK
2024-01-17 16:00:00,PUMP-B01,Zone_B,1.51,0.7,55.3,1767.0,60.1,OK
2024-01-17 16:00:00,COMP-C01,Zone_C,4.47,2.2,77.9,3692.0,58.8,OK
2024-01-17 16:00:00,COMP-C02,Zone_C,3.87,2.12,75.0,3635.0,53.9,OK
2024-01-17 16:00:00,FAN-D01,Zone_B,1.14,0.64,48.1,1221.0,58.3,OK
2024-01-17 17:00:00,PUMP-A01,Zone_A,2.67,1.32,61.1,1778.0,57.6,OK
2024-01-17 17:00:00,PUMP-A02,Zone_A,2.31,1.1,58.2,1793.0,59.2,OK
2024-01-17 17:00:00,PUMP-B01,Zone_B,2.63,1.35,58.3,1767.0,56.8,OK
2024-01-17 17:00:00,COMP-C01,Zone_C,3.99,2.06,77.5,3639.0,56.7,OK
2024-01-17 17:00:00,COMP-C02,Zone_C,2.92,1.34,75.1,3579.0,50.8,OK
2024-01-17 17:00:00,FAN-D01,Zone_B,1.41,0.76,47.1,1177.0,48.5,OK
2024-01-17 18:00:00,PUMP-A01,Zone_A,3.25,1.71,64.8,1759.0,53.9,OK
2024-01-17 18:00:00,PUMP-A02,Zone_A,2.24,1.3,56.4,1801.0,52.5,OK
2024-01-17 18:00:00,PUMP-B01,Zone_B,2.19,1.09,59.1,1725.0,48.8,OK
2024-01-17 18:00:00,COMP-C01,Zone_C,3.45,1.86,74.1,3640.0,57.3,OK
2024-01-17 18:00:00,COMP-C02,Zone_C,3.16,1.5,75.4,3603.0,45.9,OK
2024-01-17 18:00:00,FAN-D01,Zone_B,1.41,0.65,49.2,1238.0,62.4,OK
2024-01-17 19:00:00,PUMP-A01,Zone_A,2.94,1.43,60.9,1742.0,52.9,OK
2024-01-17 19:00:00,PUMP-A02,Zone_A,2.54,1.24,59.2,1795.0,58.2,OK
2024-01-17 19:00:00,PUMP-B01,Zone_B,2.1,0.96,58.2,1763.0,53.9,OK
2024-01-17 19:00:00,COMP-C01,Zone_C,3.42,1.47,73.5,3620.0,51.3,OK
2024-01-17 19:00:00,COMP-C02,Zone_C,3.79,1.82,75.5,3697.0,66.3,OK
2024-01-17 19:00:00,FAN-D01,Zone_B,1.56,0.67,48.3,1175.0,51.8,OK
2024-01-17 20:00:00,PUMP-A01,Zone_A,2.32,1.19,62.8,1768.0,56.5,OK
2024-01-17 20:00:00,PUMP-A02,Zone_A,2.18,1.16,55.6,1779.0,54.5,OK
2024-01-17 20:00:00,PUMP-B01,Zone_B,2.21,1.05,61.0,1768.0,58.7,OK
2024-01-17 20:00:00,COMP-C01,Zone_C,3.2,1.74,73.8,3554.0,50.7,OK
2024-01-17 20:00:00,COMP-C02,Zone_C,2.72,1.32,76.1,3652.0,56.6,OK
2024-01-17 20:00:00,FAN-D01,Zone_B,1.63,0.81,46.9,1194.0,54.9,OK
2024-01-17 21:00:00,PUMP-A01,Zone_A,2.45,1.18,58.9,1758.0,65.1,OK
2024-01-17 21:00:00,PUMP-A02,Zone_A,2.34,1.27,56.5,1764.0,56.9,OK
2024-01-17 21:00:00,PUMP-B01,Zone_B,1.55,0.75,58.4,1752.0,55.5,OK
2024-01-17 21:00:00,COMP-C01,Zone_C,3.72,1.66,76.8,3624.0,56.3,OK
2024-01-17 21:00:00,COMP-C02,Zone_C,3.84,1.82,77.3,3707.0,62.9,OK
2024-01-17 21:00:00,FAN-D01,Zone_B,1.82,0.91,50.0,1216.0,62.2,OK
2024-01-17 22:00:00,PUMP-A01,Zone_A,2.89,1.44,57.3,1780.0,61.7,OK
2024-01-17 22:00:00,PUMP-A02,Zone_A,2.29,1.15,57.4,1735.0,52.8,OK
2024-01-17 22:00:00,PUMP-B01,Zone_B,2.77,1.33,60.8,1786.0,61.6,OK
2024-01-17 22:00:00,COMP-C01,Zone_C,3.8,1.78,79.6,3679.0,60.8,OK
2024-01-17 22:00:00,COMP-C02,Zone_C,3.51,1.92,74.7,3722.0,67.8,OK
2024-01-17 22:00:00,FAN-D01,Zone_B,2.08,1.09,48.4,1245.0,63.5,OK
2024-01-17 23:00:00,PUMP-A01,Zone_A,3.0,1.69,56.8,1813.0,59.6,OK
2024-01-17 23:00:00,PUMP-A02,Zone_A,2.96,1.57,58.5,1756.0,61.8,OK
2024-01-17 23:00:00,PUMP-B01,Zone_B,2.55,1.32,60.5,1791.0,65.2,OK
2024-01-17 23:00:00,COMP-C01,Zone_C,3.59,1.85,72.4,3709.0,65.2,OK
2024-01-17 23:00:00,COMP-C02,Zone_C,3.11,1.53,75.9,3727.0,64.5,OK
2024-01-17 23:00:00,FAN-D01,Zone_B,2.25,1.14,46.1,1239.0,63.9,OK
2024-01-18 00:00:00,PUMP-A01,Zone_A,2.47,1.22,59.0,1838.0,76.9,OK
2024-01-18 00:00:00,PUMP-A02,Zone_A,2.16,1.13,61.2,1775.0,73.0,OK
2024-01-18 00:00:00,PUMP-B01,Zone_B,2.55,1.24,62.0,1825.0,73.6,OK
2024-01-18 00:00:00,COMP-C01,Zone_C,4.11,2.1,81.1,3814.0,77.2,OK
2024-01-18 00:00:00,COMP-C02,Zone_C,3.48,1.8,79.0,3804.0,79.0,OK
2024-01-18 00:00:00,FAN-D01,Zone_B,1.48,0.66,49.2,1256.0,69.0,OK
2024-01-18 01:00:00,PUMP-A01,Zone_A,2.7,1.33,57.8,1852.0,78.9,OK
2024-01-18 01:00:00,PUMP-A02,Zone_A,2.58,1.28,62.4,1832.0,73.0,OK
2024-01-18 01:00:00,PUMP-B01,Zone_B,3.27,1.65,60.1,1858.0,76.3,OK
2024-01-18 01:00:00,COMP-C01,Zone_C,3.98,2.09,80.5,3801.0,78.1,OK
2024-01-18 01:00:00,COMP-C02,Zone_C,3.38,1.68,78.6,3811.0,79.0,OK
2024-01-18 01:00:00,FAN-D01,Zone_B,2.02,0.94,50.7,1278.0,78.4,OK
2024-01-18 02:00:00,PUMP-A01,Zone_A,2.41,0.99,63.5,1862.0,76.6,OK
2024-01-18 02:00:00,PUMP-A02,Zone_A,3.0,1.53,64.2,1879.0,80.1,OK
2024-01-18 02:00:00,PUMP-B01,Zone_B,2.47,1.03,62.0,1841.0,78.3,OK
2024-01-18 02:00:00,COMP-C01,Zone_C,3.51,1.69,75.2,3764.0,78.8,OK
2024-01-18 02:00:00,COMP-C02,Zone_C,3.47,1.65,81.1,3809.0,77.8,OK
2024-01-18 02:00:00,FAN-D01,Zone_B,2.07,1.02,50.2,1274.0,89.6,OK
2024-01-18 03:00:00,PUMP-A01,Zone_A,2.5,1.22,59.2,1837.0,78.9,OK
2024-01-18 03:00:00,PUMP-A02,Zone_A,2.65,1.31,59.6,1824.0,80.7,OK
2024-01-18 03:00:00,PUMP-B01,Zone_B,2.82,1.55,59.9,1883.0,84.7,OK
2024-01-18 03:00:00,COMP-C01,Zone_C,3.84,1.92,82.1,3803.0,78.2,OK
2024-01-18 03:00:00,COMP-C02,Zone_C,4.01,1.94,79.8,3773.0,81.3,OK
2024-01-18 03:00:00,FAN-D01,Zone_B,1.62,0.78,48.9,1293.0,79.5,OK
2024-01-18 04:00:00,PUMP-A01,Zone_A,3.28,1.76,63.4,1873.0,78.3,OK
2024-01-18 04:00:00,PUMP-A02,Zone_A,2.37,1.35,60.1,1861.0,84.4,SUSPECT
2024-01-18 04:00:00,PUMP-B01,Zone_B,3.04,1.61,64.0,1870.0,88.3,OK
2024-01-18 04:00:00,COMP-C01,Zone_C,3.85,1.79,79.9,3866.0,86.1,OK
2024-01-18 04:00:00,COMP-C02,Zone_C,3.42,1.56,75.8,3859.0,85.4,OK
2024-01-18 04:00:00,FAN-D01,Zone_B,1.71,0.79,51.3,1280.0,89.0,OK
2024-01-18 05:00:00,PUMP-A01,Zone_A,2.75,1.3,65.9,1874.0,91.7,OK
2024-01-18 05:00:00,PUMP-A02,Zone_A,3.09,1.64,63.4,1921.0,94.5,OK
2024-01-18 05:00:00,PUMP-B01,Zone_B,3.14,1.62,65.6,1864.0,84.0,OK
2024-01-18 05:00:00,COMP-C01,Zone_C,4.07,2.14,76.6,3893.0,85.8,OK
2024-01-18 05:00:00,COMP-C02,Zone_C,4.09,1.94,80.3,3847.0,86.0,OK
2024-01-18 05:00:00,FAN-D01,Zone_B,1.93,1.03,51.8,1320.0,85.7,OK
2024-01-18 06:00:00,PUMP-A01,Zone_A,2.67,1.45,62.6,1853.0,86.9,OK
2024-01-18 06:00:00,PUMP-A02,Zone_A,2.55,1.36,58.0,1858.0,82.2,OK
2024-01-18 06:00:00,PUMP-B01,Zone_B,2.74,1.28,61.9,1864.0,89.9,OK
2024-01-18 06:00:00,COMP-C01,Zone_C,3.69,1.97,78.4,3844.0,83.3,OK
2024-01-18 06:00:00,COMP-C02,Zone_C,3.4,1.8,74.8,3820.0,82.8,OK
2024-01-18 06:00:00,FAN-D01,Zone_B,2.12,1.12,52.6,1276.0,81.2,OK
2024-01-18 07:00:00,PUMP-A01,Zone_A,2.83,1.3,64.7,1861.0,85.7,OK
2024-01-18 07:00:00,PUMP-A02,Zone_A,2.8,1.37,62.1,1863.0,87.4,OK
2024-01-18 07:00:00,PUMP-B01,Zone_B,2.69,1.46,61.5,1852.0,84.2,OK
2024-01-18 07:00:00,COMP-C01,Zone_C,3.61,1.93,78.5,3811.0,85.2,OK
2024-01-18 07:00:00,COMP-C02,Zone_C,3.33,1.71,78.6,3852.0,86.7,OK
2024-01-18 07:00:00,FAN-D01,Zone_B,2.59,1.28,55.1,1282.0,83.9,OK
2024-01-18 08:00:00,PUMP-A01,Zone_A,2.49,1.23,60.0,1875.0,87.8,OK
2024-01-18 08:00:00,PUMP-A02,Zone_A,2.87,1.35,60.6,1895.0,85.4,OK
2024-01-18 08:00:00,PUMP-B01,Zone_B,2.66,1.26,61.0,1852.0,77.1,OK
2024-01-18 08:00:00,COMP-C01,Zone_C,3.55,1.72,76.6,3853.0,90.6,OK
2024-01-18 08:00:00,COMP-C02,Zone_C,3.77,1.95,80.9,3860.0,79.7,OK
2024-01-18 08:00:00,FAN-D01,Zone_B,1.66,0.85,50.4,1261.0,83.1,OK
2024-01-18 09:00:00,PUMP-A01,Zone_A,2.87,1.32,60.3,1848.0,81.5,OK
2024-01-18 09:00:00,PUMP-A02,Zone_A,2.22,1.15,62.4,1829.0,79.2,OK
2024-01-18 09:00:00,PUMP-B01,Zone_B,2.73,1.48,64.2,1869.0,83.1,OK
2024-01-18 09:00:00,COMP-C01,Zone_C,4.07,2.05,83.1,3823.0,87.3,SUSPECT
2024-01-18 09:00:00,COMP-C02,Zone_C,3.58,1.64,79.2,3871.0,85.1,OK
2024-01-18 09:00:00,FAN-D01,Zone_B,1.72,0.89,49.1,1283.0,76.0,OK
2024-01-18 10:00:00,PUMP-A01,Zone_A,3.05,1.52,63.6,1836.0,83.4,OK
2024-01-18 10:00:00,PUMP-A02,Zone_A,2.7,1.37,59.4,1839.0,75.1,OK
2024-01-18 10:00:00,PUMP-B01,Zone_B,2.04,1.15,57.7,1811.0,75.0,OK
2024-01-18 10:00:00,COMP-C01,Zone_C,4.02,1.91,83.0,3802.0,75.9,OK
2024-01-18 10:00:00,COMP-C02,Zone_C,3.3,1.69,75.5,3752.0,71.8,OK
2024-01-18 10:00:00,FAN-D01,Zone_B,1.73,1.06,49.6,1219.0,67.9,OK
2024-01-18 11:00:00,PUMP-A01,Zone_A,2.99,1.38,61.1,1835.0,72.8,OK
2024-01-18 11:00:00,PUMP-A02,Zone_A,2.74,1.34,57.3,1785.0,57.2,OK
2024-01-18 11:00:00,PUMP-B01,Zone_B,2.09,0.98,61.5,1820.0,69.2,OK
2024-01-18 11:00:00,COMP-C01,Zone_C,3.7,2.02,81.6,3792.0,74.2,OK
2024-01-18 11:00:00,COMP-C02,Zone_C,3.7,1.9,74.2,3858.0,80.5,OK
2024-01-18 11:00:00,FAN-D01,Zone_B,1.72,0.96,49.6,1303.0,84.4,OK
2024-01-18 12:00:00,PUMP-A01,Zone_A,3.16,1.59,60.4,1861.0,81.0,OK
2024-01-18 12:00:00,PUMP-A02,Zone_A,2.19,1.12,63.2,1880.0,77.4,OK
2024-01-18 12:00:00,PUMP-B01,Zone_B,1.93,1.19,57.9,1801.0,69.1,OK
2024-01-18 12:00:00,COMP-C01,Zone_C,3.6,1.74,77.4,3757.0,75.7,OK
2024-01-18 12:00:00,COMP-C02,Zone_C,3.72,1.83,76.4,3764.0,73.0,OK
2024-01-18 12:00:00,FAN-D01,Zone_B,1.8,0.88,45.3,1235.0,67.1,OK
2024-01-18 13:00:00,PUMP-A01,Zone_A,3.03,1.42,65.6,1845.0,66.6,OK
2024-01-18 13:00:00,PUMP-A02,Zone_A,3.05,1.64,60.3,1798.0,66.0,OK
2024-01-18 13:00:00,PUMP-B01,Zone_B,2.36,1.09,58.6,1792.0,49.9,OK
2024-01-18 13:00:00,COMP-C01,Zone_C,3.77,1.79,76.6,3706.0,67.1,OK
2024-01-18 13:00:00,COMP-C02,Zone_C,3.53,1.98,76.2,3762.0,70.3,OK
2024-01-18 13:00:00,FAN-D01,Zone_B,1.87,1.04,50.1,1213.0,61.6,OK
2024-01-18 14:00:00,PUMP-A01,Zone_A,3.01,1.4,58.7,1771.0,60.5,OK
2024-01-18 14:00:00,PUMP-A02,Zone_A,2.69,1.31,59.2,1827.0,65.4,OK
2024-01-18 14:00:00,PUMP-B01,Zone_B,2.57,1.3,57.8,1804.0,68.5,OK
2024-01-18 14:00:00,COMP-C01,Zone_C,3.71,1.72,79.4,3706.0,67.3,OK
2024-01-18 14:00:00,COMP-C02,Zone_C,3.42,1.79,72.9,3684.0,60.7,OK
2024-01-18 14:00:00,FAN-D01,Zone_B,2.55,1.25,51.7,1247.0,70.8,OK
2024-01-18 15:00:00,PUMP-A01,Zone_A,2.54,0.99,59.4,1838.0,67.3,OK
2024-01-18 15:00:00,PUMP-A02,Zone_A,2.45,1.33,57.0,1786.0,58.0,OK
2024-01-18 15:00:00,PUMP-B01,Zone_B,2.31,1.39,59.5,1755.0,61.6,OK
2024-01-18 15:00:00,COMP-C01,Zone_C,4.04,2.13,76.4,3680.0,61.2,OK
2024-01-18 15:00:00,COMP-C02,Zone_C,3.53,1.68,73.6,3636.0,59.6,OK
2024-01-18 15:00:00,FAN-D01,Zone_B,1.85,1.03,48.0,1226.0,55.2,OK
2024-01-18 16:00:00,PUMP-A01,Zone_A,2.86,1.19,59.9,1785.0,59.4,OK
2024-01-18 16:00:00,PUMP-A02,Zone_A,2.4,1.2,58.4,1755.0,51.8,OK
2024-01-18 16:00:00,PUMP-B01,Zone_B,2.68,1.4,60.2,1745.0,57.2,OK
2024-01-18 16:00:00,COMP-C01,Zone_C,3.37,1.67,72.7,3628.0,52.9,OK
2024-01-18 16:00:00,COMP-C02,Zone_C,3.51,1.95,71.9,3724.0,66.0,OK
2024-01-18 16:00:00,FAN-D01,Zone_B,1.38,0.61,48.7,1183.0,52.9,OK
2024-01-18 17:00:00,PUMP-A01,Zone_A,2.63,1.27,61.5,1770.0,61.6,OK
2024-01-18 17:00:00,PUMP-A02,Zone_A,2.28,1.17,61.5,1786.0,52.9,SUSPECT
2024-01-18 17:00:00,PUMP-B01,Zone_B,2.37,1.03,59.8,1771.0,56.8,OK
2024-01-18 17:00:00,COMP-C01,Zone_C,3.86,1.97,75.9,3644.0,56.4,OK
2024-01-18 17:00:00,COMP-C02,Zone_C,3.41,1.64,74.5,3566.0,45.2,OK
2024-01-18 17:00:00,FAN-D01,Zone_B,1.48,0.67,44.8,1213.0,52.4,OK
2024-01-18 18:00:00,PUMP-A01,Zone_A,2.13,0.99,59.1,1818.0,63.8,OK
2024-01-18 18:00:00,PUMP-A02,Zone_A,2.06,1.06,60.0,1798.0,56.6,OK
2024-01-18 18:00:00,PUMP-B01,Zone_B,2.7,1.27,60.4,1807.0,57.2,OK
2024-01-18 18:00:00,COMP-C01,Zone_C,3.92,2.01,76.6,3610.0,51.7,OK
2024-01-18 18:00:00,COMP-C02,Zone_C,3.76,1.93,76.4,3639.0,54.8,OK
2024-01-18 18:00:00,FAN-D01,Zone_B,1.73,0.84,48.9,1201.0,50.2,OK
2024-01-18 19:00:00,PUMP-A01,Zone_A,2.78,1.4,59.1,1771.0,59.2,OK
2024-01-18 19:00:00,PUMP-A02,Zone_A,2.24,1.09,57.1,1763.0,55.0,OK
2024-01-18 19:00:00,PUMP-B01,Zone_B,2.71,1.51,61.1,1783.0,60.1,OK
2024-01-18 19:00:00,COMP-C01,Zone_C,3.67,1.66,76.7,3675.0,58.2,OK
2024-01-18 19:00:00,COMP-C02,Zone_C,3.37,1.64,76.1,3674.0,60.0,OK
2024-01-18 19:00:00,FAN-D01,Zone_B,1.84,0.93,47.8,1232.0,60.5,OK
2024-01-18 20:00:00,PUMP-A01,Zone_A,3.01,1.45,58.3,1750.0,56.3,OK
2024-01-18 20:00:00,PUMP-A02,Zone_A,2.32,1.2,56.1,1730.0,48.0,OK
2024-01-18 20:00:00,PUMP-B01,Zone_B,2.37,1.1,57.7,1774.0,60.6,OK
2024-01-18 20:00:00,COMP-C01,Zone_C,3.22,1.7,74.3,3695.0,58.3,OK
2024-01-18 20:00:00,COMP-C02,Zone_C,3.33,1.47,82.3,3680.0,63.5,OK
2024-01-18 20:00:00,FAN-D01,Zone_B,2.07,0.94,48.2,1239.0,56.3,OK
2024-01-18 21:00:00,PUMP-A01,Zone_A,2.63,1.4,59.1,1736.0,58.7,OK
2024-01-18 21:00:00,PUMP-A02,Zone_A,2.84,1.39,56.2,1779.0,58.0,OK
2024-01-18 21:00:00,PUMP-B01,Zone_B,2.72,1.31,59.8,1820.0,59.0,OK
2024-01-18 21:00:00,COMP-C01,Zone_C,3.46,1.86,74.3,3671.0,59.4,OK
2024-01-18 21:00:00,COMP-C02,Zone_C,3.62,1.8,80.0,3664.0,59.8,OK
2024-01-18 21:00:00,FAN-D01,Zone_B,1.98,1.18,46.8,1238.0,59.4,OK
2024-01-18 22:00:00,PUMP-A01,Zone_A,2.8,1.4,60.4,1802.0,65.6,OK
2024-01-18 22:00:00,PUMP-A02,Zone_A,2.42,1.1,60.7,1800.0,61.5,OK
2024-01-18 22:00:00,PUMP-B01,Zone_B,2.81,1.37,58.6,1811.0,69.0,OK
2024-01-18 22:00:00,COMP-C01,Zone_C,3.26,1.65,73.0,3696.0,64.3,OK
2024-01-18 22:00:00,COMP-C02,Zone_C,3.69,1.95,77.5,3631.0,54.2,OK
2024-01-18 22:00:00,FAN-D01,Zone_B,2.0,0.99,48.3,1206.0,60.9,OK
2024-01-18 23:00:00,PUMP-A01,Zone_A,2.51,1.24,60.0,1854.0,72.3,OK
2024-01-18 23:00:00,PUMP-A02,Zone_A,2.49,1.18,56.7,1830.0,66.0,OK
2024-01-18 23:00:00,PUMP-B01,Zone_B,2.3,1.31,60.4,1775.0,59.8,OK
2024-01-18 23:00:00,COMP-C01,Zone_C,3.55,1.69,80.2,3766.0,71.9,OK
2024-01-18 23:00:00,COMP-C02,Zone_C,3.62,1.82,79.0,3676.0,61.2,OK
2024-01-18 23:00:00,FAN-D01,Zone_B,1.8,0.97,47.8,1206.0,60.4,OK
2024-01-19 00:00:00,PUMP-A01,Zone_A,2.89,1.62,58.3,1770.0,65.2,OK
2024-01-19 00:00:00,PUMP-A02,Zone_A,3.61,1.77,62.1,1875.0,76.1,OK
2024-01-19 00:00:00,PUMP-B01,Zone_B,2.47,1.24,58.1,1773.0,61.5,OK
2024-01-19 00:00:00,COMP-C01,Zone_C,3.94,1.91,77.8,3756.0,71.0,OK
2024-01-19 00:00:00,COMP-C02,Zone_C,3.39,1.57,75.5,3705.0,65.2,OK
2024-01-19 00:00:00,FAN-D01,Zone_B,1.75,0.88,49.8,1234.0,59.6,OK
2024-01-19 01:00:00,PUMP-A01,Zone_A,2.9,1.51,62.8,1834.0,76.7,OK
2024-01-19 01:00:00,PUMP-A02,Zone_A,2.67,1.38,58.3,1839.0,77.8,OK
2024-01-19 01:00:00,PUMP-B01,Zone_B,2.68,1.27,57.9,1885.0,79.3,OK
2024-01-19 01:00:00,COMP-C01,Zone_C,3.4,1.7,82.4,3791.0,79.1,OK
2024-01-19 01:00:00,COMP-C02,Zone_C,3.26,1.41,74.2,3706.0,62.7,OK
2024-01-19 01:00:00,FAN-D01,Zone_B,1.88,1.01,49.2,1246.0,71.0,OK
2024-01-19 02:00:00,PUMP-A01,Zone_A,3.32,1.52,64.6,1832.0,80.9,OK
2024-01-19 02:00:00,PUMP-A02,Zone_A,2.84,1.32,61.0,1839.0,69.9,OK
2024-01-19 02:00:00,PUMP-B01,Zone_B,3.15,1.59,61.7,1850.0,80.6,OK
2024-01-19 02:00:00,COMP-C01,Zone_C,3.45,1.69,76.9,3760.0,74.8,OK
2024-01-19 02:00:00,COMP-C02,Zone_C,3.23,1.63,78.1,3816.0,74.2,OK
2024-01-19 02:00:00,FAN-D01,Zone_B,1.85,0.99,51.4,1261.0,80.7,OK
2024-01-19 03:00:00,PUMP-A01,Zone_A,2.72,1.25,60.0,1821.0,79.3,OK
2024-01-19 03:00:00,PUMP-A02,Zone_A,2.66,1.38,60.8,1883.0,80.8,OK
2024-01-19 03:00:00,PUMP-B01,Zone_B,2.79,1.3,58.4,1888.0,82.1,OK
2024-01-19 03:00:00,COMP-C01,Zone_C,3.25,1.71,76.9,3841.0,82.2,OK
2024-01-19 03:00:00,COMP-C02,Zone_C,3.86,1.92,77.0,3866.0,88.1,OK
2024-01-19 03:00:00,FAN-D01,Zone_B,1.5,0.71,48.4,1308.0,84.3,OK
2024-01-19 04:00:00,PUMP-A01,Zone_A,1.77,1.09,60.5,1841.0,78.8,OK
2024-01-19 04:00:00,PUMP-A02,Zone_A,2.28,1.31,61.4,1841.0,79.2,OK
2024-01-19 04:00:00,PUMP-B01,Zone_B,3.23,1.68,62.5,1847.0,77.3,OK
2024-01-19 04:00:00,COMP-C01,Zone_C,3.61,1.69,78.5,3822.0,85.5,OK
2024-01-19 04:00:00,COMP-C02,Zone_C,3.98,2.06,79.6,3822.0,81.6,OK
2024-01-19 04:00:00,FAN-D01,Zone_B,1.51,0.84,49.1,1268.0,83.0,OK
2024-01-19 05:00:00,PUMP-A01,Zone_A,3.05,1.52,65.9,1858.0,83.9,OK
2024-01-19 05:00:00,PUMP-A02,Zone_A,3.09,1.59,62.6,1905.0,90.7,OK
2024-01-19 05:00:00,PUMP-B01,Zone_B,3.48,1.73,65.5,1888.0,87.0,OK
2024-01-19 05:00:00,COMP-C01,Zone_C,3.57,1.6,79.4,3849.0,82.1,OK
2024-01-19 05:00:00,COMP-C02,Zone_C,3.71,1.98,77.7,3874.0,85.6,OK
2024-01-19 05:00:00,FAN-D01,Zone_B,1.94,0.96,50.6,1269.0,78.8,OK
2024-01-19 06:00:00,PUMP-A01,Zone_A,2.86,1.39,63.9,1867.0,85.1,OK
2024-01-19 06:00:00,PUMP-A02,Zone_A,2.81,1.51,66.0,1876.0,86.0,OK
2024-01-19 06:00:00,PUMP-B01,Zone_B,2.85,1.49,63.5,1900.0,87.1,OK
2024-01-19 06:00:00,COMP-C01,Zone_C,4.06,2.15,78.3,3847.0,79.5,OK
2024-01-19 06:00:00,COMP-C02,Zone_C,3.49,1.72,80.6,3875.0,87.4,OK
2024-01-19 06:00:00,FAN-D01,Zone_B,1.97,0.97,50.9,1306.0,90.3,OK
2024-01-19 07:00:00,PUMP-A01,Zone_A,3.07,1.72,64.0,1873.0,90.6,OK
2024-01-19 07:00:00,PUMP-A02,Zone_A,3.18,1.7,63.8,1907.0,91.6,OK
2024-01-19 07:00:00,PUMP-B01,Zone_B,2.27,0.92,61.5,1819.0,86.5,OK
2024-01-19 07:00:00,COMP-C01,Zone_C,4.01,1.94,82.0,3884.0,85.7,OK
2024-01-19 07:00:00,COMP-C02,Zone_C,4.15,2.13,78.3,3884.0,84.5,OK
2024-01-19 07:00:00,FAN-D01,Zone_B,1.43,0.8,46.0,1295.0,88.9,OK
2024-01-19 08:00:00,PUMP-A01,Zone_A,2.06,1.14,60.3,1829.0,71.5,OK
2024-01-19 08:00:00,PUMP-A02,Zone_A,2.68,1.45,61.7,1871.0,81.6,OK
2024-01-19 08:00:00,PUMP-B01,Zone_B,2.47,1.21,62.6,1802.0,67.5,OK
2024-01-19 08:00:00,COMP-C01,Zone_C,3.61,1.63,73.6,3792.0,77.4,OK
2024-01-19 08:00:00,COMP-C02,Zone_C,3.8,1.93,84.0,3821.0,80.8,OK
2024-01-19 08:00:00,FAN-D01,Zone_B,1.73,0.94,49.7,1271.0,85.3,OK
2024-01-19 09:00:00,PUMP-A01,Zone_A,3.3,1.51,58.2,1830.0,77.5,OK
2024-01-19 09:00:00,PUMP-A02,Zone_A,2.51,1.23,59.2,1833.0,74.8,OK
2024-01-19 09:00:00,PUMP-B01,Zone_B,2.51,1.33,61.0,1901.0,84.5,OK
2024-01-19 09:00:00,COMP-C01,Zone_C,3.81,1.78,76.9,3837.0,85.2,OK
2024-01-19 09:00:00,COMP-C02,Zone_C,3.39,1.66,76.7,3838.0,84.2,OK
2024-01-19 09:00:00,FAN-D01,Zone_B,1.46,0.64,45.2,1263.0,75.9,OK
2024-01-19 10:00:00,PUMP-A01,Zone_A,2.86,1.31,59.7,1859.0,86.6,OK
2024-01-19 10:00:00,PUMP-A02,Zone_A,3.18,1.76,64.6,1881.0,85.2,OK
2024-01-19 10:00:00,PUMP-B01,Zone_B,2.7,1.42,57.9,1835.0,80.8,OK
2024-01-19 10:00:00,COMP-C01,Zone_C,4.17,2.13,78.1,3771.0,71.9,OK
2024-01-19 10:00:00,COMP-C02,Zone_C,3.8,1.86,78.1,3788.0,74.3,OK
2024-01-19 10:00:00,FAN-D01,Zone_B,2.13,0.97,50.0,1241.0,74.3,OK
2024-01-19 11:00:00,PUMP-A01,Zone_A,2.83,1.46,60.2,1847.0,67.2,OK
2024-01-19 11:00:00,PUMP-A02,Zone_A,2.51,1.45,60.3,1849.0,74.0,OK
2024-01-19 11:00:00,PUMP-B01,Zone_B,2.25,1.09,58.9,1844.0,69.9,OK
2024-01-19 11:00:00,COMP-C01,Zone_C,3.98,1.95,78.6,3754.0,72.1,OK
2024-01-19 11:00:00,COMP-C02,Zone_C,3.51,1.88,76.3,3787.0,76.0,OK
2024-01-19 11:00:00,FAN-D01,Zone_B,1.69,0.92,47.2,1260.0,76.8,OK
2024-01-19 12:00:00,PUMP-A01,Zone_A,2.84,1.38,63.8,1855.0,70.5,OK
2024-01-19 12:00:00,PUMP-A02,Zone_A,2.44,1.2,59.1,1822.0,72.2,OK
2024-01-19 12:00:00,PUMP-B01,Zone_B,3.1,1.59,61.2,1858.0,74.7,OK
2024-01-19 12:00:00,COMP-C01,Zone_C,3.8,2.03,76.6,3762.0,74.2,OK
2024-01-19 12:00:00,COMP-C02,Zone_C,3.6,1.86,76.7,3704.0,62.3,OK
2024-01-19 12:00:00,FAN-D01,Zone_B,2.03,0.93,48.7,1256.0,77.7,OK
2024-01-19 13:00:00,PUMP-A01,Zone_A,2.52,1.24,60.2,1852.0,71.5,OK
2024-01-19 13:00:00,PUMP-A02,Zone_A,2.62,1.28,58.3,1796.0,70.5,OK
2024-01-19 13:00:00,PUMP-B01,Zone_B,2.02,1.3,59.4,1808.0,68.3,OK
2024-01-19 13:00:00,COMP-C01,Zone_C,4.04,1.97,76.2,3726.0,66.7,OK
2024-01-19 13:00:00,COMP-C02,Zone_C,3.99,2.03,79.3,3693.0,60.8,OK
2024-01-19 13:00:00,FAN-D01,Zone_B,1.74,1.01,44.7,1246.0,65.3,OK
2024-01-19 14:00:00,PUMP-A01,Zone_A,2.72,1.34,59.9,1774.0,57.2,OK
2024-01-19 14:00:00,PUMP-A02,Zone_A,2.59,1.47,58.6,1782.0,66.6,OK
2024-01-19 14:00:00,PUMP-B01,Zone_B,2.61,1.32,59.2,1799.0,60.1,OK
2024-01-19 14:00:00,COMP-C01,Zone_C,3.5,1.69,75.5,3680.0,57.9,OK
2024-01-19 14:00:00,COMP-C02,Zone_C,3.15,1.64,78.2,3676.0,62.0,OK
2024-01-19 14:00:00,FAN-D01,Zone_B,2.04,0.82,48.0,1275.0,67.8,OK
2024-01-19 15:00:00,PUMP-A01,Zone_A,2.43,0.99,59.0,1789.0,59.1,OK
2024-01-19 15:00:00,PUMP-A02,Zone_A,2.04,1.04,54.7,1767.0,55.5,OK
2024-01-19 15:00:00,PUMP-B01,Zone_B,2.53,1.16,59.0,1727.0,45.1,OK
2024-01-19 15:00:00,COMP-C01,Zone_C,2.68,1.14,72.5,3704.0,65.2,OK
2024-01-19 15:00:00,COMP-C02,Zone_C,3.24,1.76,72.8,3743.0,69.0,OK
2024-01-19 15:00:00,FAN-D01,Zone_B,1.6,0.86,47.1,1227.0,53.2,OK
2024-01-19 16:00:00,PUMP-A01,Zone_A,2.68,1.28,59.0,1781.0,57.4,OK
2024-01-19 16:00:00,PUMP-A02,Zone_A,2.48,1.35,56.8,1823.0,58.4,OK
2024-01-19 16:00:00,PUMP-B01,Zone_B,2.03,0.87,55.9,1781.0,55.5,OK
2024-01-19 16:00:00,COMP-C01,Zone_C,3.48,1.5,76.4,3660.0,55.9,OK
2024-01-19 16:00:00,COMP-C02,Zone_C,3.49,1.67,80.5,3658.0,62.3,OK
2024-01-19 16:00:00,FAN-D01,Zone_B,1.82,0.82,55.6,1216.0,64.2,OK
2024-01-19 17:00:00,PUMP-A01,Zone_A,2.45,1.29,58.3,1799.0,61.7,OK
2024-01-19 17:00:00,PUMP-A02,Zone_A,2.16,0.94,59.5,1784.0,60.0,OK
2024-01-19 17:00:00,PUMP-B01,Zone_B,2.29,1.39,57.5,1768.0,54.9,OK
2024-01-19 17:00:00,COMP-C01,Zone_C,3.39,1.67,76.8,3682.0,58.4,OK
2024-01-19 17:00:00,COMP-C02,Zone_C,3.23,1.69,77.8,3549.0,43.0,OK
2024-01-19 17:00:00,FAN-D01,Zone_B,1.58,0.88,47.6,1218.0,53.6,OK
2024-01-19 18:00:00,PUMP-A01,Zone_A,2.37,1.14,53.6,1777.0,57.3,OK
2024-01-19 18:00:00,PUMP-A02,Zone_A,2.47,1.28,60.1,1801.0,56.2,OK
2024-01-19 18:00:00,PUMP-B01,Zone_B,2.29,1.07,59.1,1731.0,48.0,SUSPECT
2024-01-19 18:00:00,COMP-C01,Zone_C,3.81,1.82,78.5,3632.0,51.7,OK
2024-01-19 18:00:00,COMP-C02,Zone_C,3.27,1.66,73.8,3710.0,61.0,OK
2024-01-19 18:00:00,FAN-D01,Zone_B,1.49,0.73,40.9,1184.0,45.3,OK
2024-01-19 19:00:00,PUMP-A01,Zone_A,2.79,1.63,61.0,1767.0,51.7,OK
2024-01-19 19:00:00,PUMP-A02,Zone_A,2.64,1.39,59.4,1756.0,56.7,OK
2024-01-19 19:00:00,PUMP-B01,Zone_B,2.3,1.07,60.4,1760.0,54.1,OK
2024-01-19 19:00:00,COMP-C01,Zone_C,3.97,2.01,74.8,3606.0,50.4,OK
2024-01-19 19:00:00,COMP-C02,Zone_C,2.93,1.33,77.0,3586.0,49.8,OK
2024-01-19 19:00:00,FAN-D01,Zone_B,1.72,0.9,46.8,1231.0,58.2,OK
2024-01-19 20:00:00,PUMP-A01,Zone_A,2.92,1.37,58.7,1774.0,61.5,OK
2024-01-19 20:00:00,PUMP-A02,Zone_A,2.74,1.41,59.7,1778.0,60.8,OK
2024-01-19 20:00:00,PUMP-B01,Zone_B,2.21,1.05,53.1,1750.0,63.9,OK
2024-01-19 20:00:00,COMP-C01,Zone_C,3.67,1.74,75.9,3603.0,50.0,OK
2024-01-19 20:00:00,COMP-C02,Zone_C,3.41,1.44,73.0,3672.0,59.2,OK
2024-01-19 20:00:00,FAN-D01,Zone_B,1.56,0.86,44.0,1222.0,57.5,OK
2024-01-19 21:00:00,PUMP-A01,Zone_A,3.04,1.53,61.5,1789.0,64.3,OK
2024-01-19 21:00:00,PUMP-A02,Zone_A,2.35,1.27,58.5,1783.0,61.2,OK
2024-01-19 21:00:00,PUMP-B01,Zone_B,2.59,1.27,61.7,1793.0,57.2,OK
2024-01-19 21:00:00,COMP-C01,Zone_C,3.77,1.86,76.7,3657.0,57.6,OK
2024-01-19 21:00:00,COMP-C02,Zone_C,3.01,1.48,73.3,3660.0,59.0,OK
2024-01-19 21:00:00,FAN-D01,Zone_B,2.35,1.21,47.6,1225.0,62.3,OK
2024-01-19 22:00:00,PUMP-A01,Zone_A,2.55,1.19,60.6,1784.0,60.3,OK
2024-01-19 22:00:00,PUMP-A02,Zone_A,2.52,1.18,56.9,1790.0,61.1,OK
2024-01-19 22:00:00,PUMP-B01,Zone_B,1.79,0.96,57.8,1791.0,68.5,OK
2024-01-19 22:00:00,COMP-C01,Zone_C,3.46,1.66,75.7,3689.0,61.4,OK
2024-01-19 22:00:00,COMP-C02,Zone_C,3.54,1.7,73.6,3646.0,55.1,OK
2024-01-19 22:00:00,FAN-D01,Zone_B,2.02,1.02,46.0,1234.0,67.6,OK
2024-01-19 23:00:00,PUMP-A01,Zone_A,2.48,1.2,59.2,1810.0,57.1,OK
2024-01-19 23:00:00,PUMP-A02,Zone_A,2.63,1.15,59.0,1849.0,69.2,OK
2024-01-19 23:00:00,PUMP-B01,Zone_B,2.21,1.08,63.8,1806.0,74.9,OK
2024-01-19 23:00:00,COMP-C01,Zone_C,3.65,1.96,75.9,3680.0,64.6,OK
2024-01-19 23:00:00,COMP-C02,Zone_C,3.69,1.78,77.1,3757.0,66.5,OK
2024-01-19 23:00:00,FAN-D01,Zone_B,1.49,0.93,47.2,1229.0,61.9,OK
2024-01-20 00:00:00,PUMP-A01,Zone_A,3.08,1.73,64.5,1840.0,66.9,OK
2024-01-20 00:00:00,PUMP-A02,Zone_A,2.33,1.25,56.0,1791.0,62.6,OK
2024-01-20 00:00:00,PUMP-B01,Zone_B,3.04,1.52,64.7,1852.0,67.2,OK
2024-01-20 00:00:00,COMP-C01,Zone_C,3.78,2.03,76.3,3781.0,77.4,OK
2024-01-20 00:00:00,COMP-C02,Zone_C,3.14,1.61,75.4,3757.0,70.3,OK
2024-01-20 00:00:00,FAN-D01,Zone_B,2.14,1.03,49.0,1226.0,71.0,OK
2024-01-20 01:00:00,PUMP-A01,Zone_A,2.57,1.4,59.2,1810.0,70.3,OK
2024-01-20 01:00:00,PUMP-A02,Zone_A,2.96,1.55,61.9,1863.0,76.2,OK
2024-01-20 01:00:00,PUMP-B01,Zone_B,2.78,1.26,59.9,1851.0,79.0,OK
2024-01-20 01:00:00,COMP-C01,Zone_C,3.93,2.05,74.9,3722.0,70.9,OK
2024-01-20 01:00:00,COMP-C02,Zone_C,3.18,1.51,80.0,3825.0,79.3,OK
2024-01-20 01:00:00,FAN-D01,Zone_B,1.51,0.82,48.8,1248.0,72.9,OK
2024-01-20 02:00:00,PUMP-A01,Zone_A,2.6,1.24,60.4,1818.0,69.5,OK
2024-01-20 02:00:00,PUMP-A02,Zone_A,2.99,1.51,64.2,1814.0,74.7,OK
2024-01-20 02:00:00,PUMP-B01,Zone_B,2.21,1.1,59.3,1831.0,76.7,OK
2024-01-20 02:00:00,COMP-C01,Zone_C,4.34,2.11,78.5,3842.0,80.9,OK
2024-01-20 02:00:00,COMP-C02,Zone_C,3.41,1.81,76.5,3747.0,73.9,OK
2024-01-20 02:00:00,FAN-D01,Zone_B,2.25,1.18,53.2,1291.0,85.3,OK
2024-01-20 03:00:00,PUMP-A01,Zone_A,2.65,1.44,62.5,1862.0,81.9,OK
2024-01-20 03:00:00,PUMP-A02,Zone_A,2.34,1.22,63.7,1847.0,83.8,OK
2024-01-20 03:00:00,PUMP-B01,Zone_B,2.39,1.32,59.3,1833.0,72.7,OK
2024-01-20 03:00:00,COMP-C01,Zone_C,3.31,1.59,78.6,3846.0,86.1,OK
2024-01-20 03:00:00,COMP-C02,Zone_C,3.64,1.83,80.1,3886.0,82.1,OK
2024-01-20 03:00:00,FAN-D01,Zone_B,1.63,0.76,45.1,1279.0,80.8,OK
2024-01-20 04:00:00,PUMP-A01,Zone_A,2.77,1.47,60.7,1879.0,89.0,OK
2024-01-20 04:00:00,PUMP-A02,Zone_A,2.79,1.33,59.9,1849.0,76.9,OK
2024-01-20 04:00:00,PUMP-B01,Zone_B,2.97,1.46,63.4,1870.0,81.5,OK
2024-01-20 04:00:00,COMP-C01,Zone_C,4.07,2.08,78.1,3853.0,85.8,OK
2024-01-20 04:00:00,COMP-C02,Zone_C,3.51,1.76,81.1,3836.0,80.6,OK
2024-01-20 04:00:00,FAN-D01,Zone_B,1.53,0.71,51.6,1292.0,86.8,OK
2024-01-20 05:00:00,PUMP-A01,Zone_A,2.97,1.73,64.4,1903.0,88.0,OK
2024-01-20 05:00:00,PUMP-A02,Zone_A,2.52,1.31,64.3,1853.0,83.3,OK
2024-01-20 05:00:00,PUMP-B01,Zone_B,2.47,1.36,60.6,1858.0,87.7,OK
2024-01-20 05:00:00,COMP-C01,Zone_C,3.78,1.84,76.1,3890.0,90.1,OK
2024-01-20 05:00:00,COMP-C02,Zone_C,3.39,1.67,78.4,3876.0,85.4,OK
2024-01-20 05:00:00,FAN-D01,Zone_B,1.72,0.93,50.6,1265.0,87.8,OK
2024-01-20 06:00:00,PUMP-A01,Zone_A,2.53,1.22,63.0,1892.0,91.4,OK
2024-01-20 06:00:00,PUMP-A02,Zone_A,2.62,1.23,60.9,1860.0,82.3,OK
2024-01-20 06:00:00,PUMP-B01,Zone_B,3.14,1.37,64.8,1896.0,83.5,OK
2024-01-20 06:00:00,COMP-C01,Zone_C,4.27,2.03,78.1,3866.0,86.3,OK
2024-01-20 06:00:00,COMP-C02,Zone_C,3.63,1.89,79.4,3817.0,78.4,OK
2024-01-20 06:00:00,FAN-D01,Zone_B,1.88,1.06,49.5,1259.0,82.9,OK
2024-01-20 07:00:00,PUMP-A01,Zone_A,2.92,1.49,58.5,1882.0,80.4,OK
2024-01-20 07:00:00,PUMP-A02,Zone_A,2.74,1.23,60.2,1873.0,75.5,OK
2024-01-20 07:00:00,PUMP-B01,Zone_B,2.27,1.19,60.4,1921.0,84.6,OK
2024-01-20 07:00:00,COMP-C01,Zone_C,4.29,2.22,80.6,3882.0,88.0,OK
2024-01-20 07:00:00,COMP-C02,Zone_C,3.56,1.86,80.7,3827.0,81.5,OK
2024-01-20 07:00:00,FAN-D01,Zone_B,2.19,1.06,51.4,1251.0,83.9,OK
2024-01-20 08:00:00,PUMP-A01,Zone_A,3.17,1.46,63.7,1839.0,79.9,OK
2024-01-20 08:00:00,PUMP-A02,Zone_A,2.22,1.12,60.7,1847.0,77.6,OK
2024-01-20 08:00:00,PUMP-B01,Zone_B,2.74,1.26,60.4,1920.0,90.2,OK
2024-01-20 08:00:00,COMP-C01,Zone_C,3.48,1.71,76.1,3756.0,72.6,OK
2024-01-20 08:00:00,COMP-C02,Zone_C,3.3,1.63,80.0,3796.0,77.4,OK
2024-01-20 08:00:00,FAN-D01,Zone_B,2.05,1.12,49.4,1251.0,81.6,OK
2024-01-20 09:00:00,PUMP-A01,Zone_A,2.74,1.46,63.9,1879.0,80.3,OK
2024-01-20 09:00:00,PUMP-A02,Zone_A,2.77,1.37,62.2,1875.0,76.7,OK
2024-01-20 09:00:00,PUMP-B01,Zone_B,2.38,0.91,60.0,1845.0,72.8,OK
2024-01-20 09:00:00,COMP-C01,Zone_C,4.2,2.05,78.0,3812.0,76.9,OK
2024-01-20 09:00:00,COMP-C02,Zone_C,3.19,1.77,78.9,3818.0,83.2,OK
2024-01-20 09:00:00,FAN-D01,Zone_B,1.88,0.89,50.4,1233.0,79.3,OK
2024-01-20 10:00:00,PUMP-A01,Zone_A,2.85,1.5,62.3,1846.0,76.6,OK
2024-01-20 10:00:00,PUMP-A02,Zone_A,2.09,0.99,59.6,1813.0,70.0,OK
2024-01-20 10:00:00,PUMP-B01,Zone_B,2.97,1.53,59.8,1840.0,74.7,OK
2024-01-20 10:00:00,COMP-C01,Zone_C,4.36,2.13,83.6,3856.0,91.3,OK
2024-01-20 10:00:00,COMP-C02,Zone_C,4.03,2.21,77.3,3854.0,84.7,OK
2024-01-20 10:00:00,FAN-D01,Zone_B,1.64,0.88,49.9,1304.0,83.9,OK
2024-01-20 11:00:00,PUMP-A01,Zone_A,3.4,1.7,61.5,1867.0,77.2,OK
2024-01-20 11:00:00,PUMP-A02,Zone_A,2.12,1.03,61.5,1839.0,76.9,OK
2024-01-20 11:00:00,PUMP-B01,Zone_B,2.88,1.45,65.2,1857.0,74.1,OK
2024-01-20 11:00:00,COMP-C01,Zone_C,3.4,1.75,77.1,3761.0,73.4,OK
2024-01-20 11:00:00,COMP-C02,Zone_C,3.99,1.91,79.1,3773.0,71.6,OK
2024-01-20 11:00:00,FAN-D01,Zone_B,1.89,0.82,53.0,1288.0,79.1,OK
2024-01-20 12:00:00,PUMP-A01,Zone_A,3.04,1.52,63.7,1748.0,64.2,OK
2024-01-20 12:00:00,PUMP-A02,Zone_A,2.68,1.24,61.4,1853.0,74.3,OK
2024-01-20 12:00:00,PUMP-B01,Zone_B,2.14,0.93,60.1,1823.0,69.7,OK
2024-01-20 12:00:00,COMP-C01,Zone_C,4.16,1.95,81.1,3748.0,68.0,OK
2024-01-20 12:00:00,COMP-C02,Zone_C,3.53,1.65,76.1,3787.0,74.3,OK
2024-01-20 12:00:00,FAN-D01,Zone_B,1.83,1.14,47.0,1212.0,67.4,OK
2024-01-20 13:00:00,PUMP-A01,Zone_A,2.26,1.2,58.7,1789.0,65.3,OK
2024-01-20 13:00:00,PUMP-A02,Zone_A,2.18,1.03,54.1,1804.0,67.0,OK
2024-01-20 13:00:00,PUMP-B01,Zone_B,1.87,0.95,58.8,1774.0,67.0,OK
2024-01-20 13:00:00,COMP-C01,Zone_C,3.51,1.84,77.9,3732.0,72.4,OK
2024-01-20 13:00:00,COMP-C02,Zone_C,3.42,1.86,78.7,3742.0,70.3,OK
2024-01-20 13:00:00,FAN-D01,Zone_B,1.29,0.55,47.3,1231.0,66.5,OK
2024-01-20 14:00:00,PUMP-A01,Zone_A,2.65,1.47,58.6,1772.0,61.4,OK
2024-01-20 14:00:00,PUMP-A02,Zone_A,2.63,1.38,60.0,1818.0,67.3,OK
2024-01-20 14:00:00,PUMP-B01,Zone_B,2.42,1.01,56.7,1720.0,49.7,OK
2024-01-20 14:00:00,COMP-C01,Zone_C,3.55,1.92,77.4,3696.0,62.2,OK
2024-01-20 14:00:00,COMP-C02,Zone_C,3.16,1.34,75.4,3644.0,57.7,OK
2024-01-20 14:00:00,FAN-D01,Zone_B,2.28,1.17,46.9,1242.0,67.2,OK
2024-01-20 15:00:00,PUMP-A01,Zone_A,2.47,1.21,62.3,1811.0,60.8,OK
2024-01-20 15:00:00,PUMP-A02,Zone_A,2.71,1.38,57.6,1789.0,58.4,OK
2024-01-20 15:00:00,PUMP-B01,Zone_B,2.45,1.24,59.5,1728.0,55.7,OK
2024-01-20 15:00:00,COMP-C01,Zone_C,3.25,1.56,76.5,3644.0,56.0,OK
2024-01-20 15:00:00,COMP-C02,Zone_C,3.59,1.87,75.0,3631.0,51.7,OK
2024-01-20 15:00:00,FAN-D01,Zone_B,2.45,1.26,45.6,1242.0,62.4,OK
2024-01-20 16:00:00,PUMP-A01,Zone_A,3.07,1.53,64.2,1793.0,58.3,SUSPECT
2024-01-20 16:00:00,PUMP-A02,Zone_A,2.18,1.07,61.1,1725.0,48.2,OK
2024-01-20 16:00:00,PUMP-B01,Zone_B,2.31,1.27,54.6,1746.0,49.7,OK
2024-01-20 16:00:00,COMP-C01,Zone_C,3.16,1.61,75.5,3696.0,61.6,OK
2024-01-20 16:00:00,COMP-C02,Zone_C,2.98,1.36,75.4,3608.0,54.9,OK
2024-01-20 16:00:00,FAN-D01,Zone_B,1.95,0.99,45.3,1227.0,64.4,OK
2024-01-20 17:00:00,PUMP-A01,Zone_A,2.61,1.38,53.2,1752.0,58.9,OK
2024-01-20 17:00:00,PUMP-A02,Zone_A,2.71,1.14,56.5,1770.0,62.2,OK
2024-01-20 17:00:00,PUMP-B01,Zone_B,2.59,1.48,59.0,1792.0,55.7,SUSPECT
2024-01-20 17:00:00,COMP-C01,Zone_C,3.49,1.78,74.9,3625.0,52.1,OK
2024-01-20 17:00:00,COMP-C02,Zone_C,3.41,1.87,75.4,3647.0,60.6,OK
2024-01-20 17:00:00,FAN-D01,Zone_B,1.86,0.91,48.2,1205.0,60.2,OK
2024-01-20 18:00:00,PUMP-A01,Zone_A,2.56,1.3,62.2,1737.0,55.1,OK
2024-01-20 18:00:00,PUMP-A02,Zone_A,2.95,1.51,58.3,1758.0,57.0,OK
2024-01-20 18:00:00,PUMP-B01,Zone_B,2.81,1.5,57.4,1808.0,67.1,OK
2024-01-20 18:00:00,COMP-C01,Zone_C,3.83,1.97,75.8,3626.0,56.6,OK
2024-01-20 18:00:00,COMP-C02,Zone_C,3.68,2.02,78.4,3617.0,52.6,SUSPECT
2024-01-20 18:00:00,FAN-D01,Zone_B,1.46,0.84,47.8,1217.0,59.3,OK
2024-01-20 19:00:00,PUMP-A01,Zone_A,2.4,1.29,57.2,1799.0,58.2,OK
2024-01-20 19:00:00,PUMP-A02,Zone_A,2.99,1.48,59.8,1760.0,50.8,OK
2024-01-20 19:00:00,PUMP-B01,Zone_B,2.35,1.24,57.8,1770.0,55.1,OK
2024-01-20 19:00:00,COMP-C01,Zone_C,3.52,1.81,75.9,3706.0,58.3,OK
2024-01-20 19:00:00,COMP-C02,Zone_C,3.1,1.41,72.9,3648.0,57.3,OK
2024-01-20 19:00:00,FAN-D01,Zone_B,1.71,0.87,46.8,1195.0,51.1,OK
2024-01-20 20:00:00,PUMP-A01,Zone_A,2.64,1.53,56.7,1803.0,57.9,OK
2024-01-20 20:00:00,PUMP-A02,Zone_A,1.79,1.04,56.4,1763.0,56.3,OK
2024-01-20 20:00:00,PUMP-B01,Zone_B,2.02,1.18,56.6,1751.0,58.1,OK
2024-01-20 20:00:00,COMP-C01,Zone_C,3.66,1.81,76.5,3601.0,52.3,OK
2024-01-20 20:00:00,COMP-C02,Zone_C,3.39,1.73,77.7,3598.0,49.4,OK
2024-01-20 20:00:00,FAN-D01,Zone_B,1.92,0.91,47.7,1174.0,48.3,SUSPECT
2024-01-20 21:00:00,PUMP-A01,Zone_A,2.2,1.11,56.4,1756.0,55.3,OK
2024-01-20 21:00:00,PUMP-A02,Zone_A,2.44,1.16,62.0,1801.0,63.3,OK
2024-01-20 21:00:00,PUMP-B01,Zone_B,1.89,1.19,59.9,1761.0,52.0,OK
2024-01-20 21:00:00,COMP-C01,Zone_C,3.78,1.83,73.9,3769.0,70.2,OK
2024-01-20 21:00:00,COMP-C02,Zone_C,3.8,2.08,73.3,3610.0,55.4,OK
2024-01-20 21:00:00,FAN-D01,Zone_B,1.85,0.92,48.1,1218.0,65.9,SUSPECT
2024-01-20 22:00:00,PUMP-A01,Zone_A,2.72,1.29,61.0,1782.0,66.2,OK
2024-01-20 22:00:00,PUMP-A02,Zone_A,2.74,1.49,62.0,1788.0,61.4,OK
2024-01-20 22:00:00,PUMP-B01,Zone_B,3.09,1.51,59.6,1763.0,61.8,OK
2024-01-20 22:00:00,COMP-C01,Zone_C,3.7,1.89,75.0,3682.0,63.3,OK
2024-01-20 22:00:00,COMP-C02,Zone_C,3.25,1.64,78.5,3670.0,63.1,OK
2024-01-20 22:00:00,FAN-D01,Zone_B,2.24,1.13,45.4,1201.0,60.8,OK
2024-01-20 23:00:00,PUMP-A01,Zone_A,3.09,1.49,62.3,1817.0,67.6,OK
2024-01-20 23:00:00,PUMP-A02,Zone_A,2.33,1.3,60.8,1791.0,62.0,OK
2024-01-20 23:00:00,PUMP-B01,Zone_B,2.53,1.16,62.9,1814.0,66.5,OK
2024-01-20 23:00:00,COMP-C01,Zone_C,3.42,1.73,77.9,3767.0,70.6,OK
2024-01-20 23:00:00,COMP-C02,Zone_C,4.0,2.06,76.5,3693.0,67.1,OK
2024-01-20 23:00:00,FAN-D01,Zone_B,1.19,0.64,46.5,1234.0,68.2,OK
2024-01-21 00:00:00,PUMP-A01,Zone_A,2.8,1.4,60.8,1835.0,70.5,OK
2024-01-21 00:00:00,PUMP-A02,Zone_A,2.35,1.07,57.4,1800.0,69.1,OK
2024-01-21 00:00:00,PUMP-B01,Zone_B,2.6,1.28,58.0,1815.0,68.5,OK
2024-01-21 00:00:00,COMP-C01,Zone_C,3.75,1.9,76.3,3720.0,63.0,OK
2024-01-21 00:00:00,COMP-C02,Zone_C,3.5,1.72,77.3,3733.0,67.8,OK
2024-01-21 00:00:00,FAN-D01,Zone_B,1.69,0.76,50.0,1266.0,75.3,OK
2024-01-21 01:00:00,PUMP-A01,Zone_A,3.19,1.65,60.8,1826.0,81.8,OK
2024-01-21 01:00:00,PUMP-A02,Zone_A,2.77,1.45,61.9,1830.0,75.1,OK
2024-01-21 01:00:00,PUMP-B01,Zone_B,2.58,1.21,58.2,1812.0,68.5,OK
2024-01-21 01:00:00,COMP-C01,Zone_C,4.03,2.08,76.4,3780.0,73.2,SUSPECT
2024-01-21 01:00:00,COMP-C02,Zone_C,3.39,1.81,78.1,3710.0,69.7,OK
2024-01-21 01:00:00,FAN-D01,Zone_B,1.7,0.89,47.7,1248.0,73.9,SUSPECT
2024-01-21 02:00:00,PUMP-A01,Zone_A,2.78,1.37,58.7,1827.0,78.0,OK
2024-01-21 02:00:00,PUMP-A02,Zone_A,2.48,1.21,62.2,1844.0,73.3,OK
2024-01-21 02:00:00,PUMP-B01,Zone_B,2.6,1.34,58.3,1841.0,78.8,OK
2024-01-21 02:00:00,COMP-C01,Zone_C,4.13,2.07,78.1,3833.0,77.5,OK
2024-01-21 02:00:00,COMP-C02,Zone_C,3.83,1.81,80.3,3763.0,74.4,OK
2024-01-21 02:00:00,FAN-D01,Zone_B,2.0,0.92,49.5,1274.0,79.2,OK
2024-01-21 03:00:00,PUMP-A01,Zone_A,2.59,1.24,60.0,1860.0,80.2,OK
2024-01-21 03:00:00,PUMP-A02,Zone_A,2.06,1.04,55.4,1842.0,84.8,OK
2024-01-21 03:00:00,PUMP-B01,Zone_B,2.65,1.32,63.7,1877.0,83.1,OK
2024-01-21 03:00:00,COMP-C01,Zone_C,4.3,2.07,81.3,3856.0,81.3,OK
2024-01-21 03:00:00,COMP-C02,Zone_C,3.45,1.64,78.2,3819.0,77.0,OK
2024-01-21 03:00:00,FAN-D01,Zone_B,1.91,0.96,51.7,1282.0,80.1,OK
2024-01-21 04:00:00,PUMP-A01,Zone_A,3.07,1.42,66.0,1831.0,75.9,OK
2024-01-21 04:00:00,PUMP-A02,Zone_A,2.67,1.42,65.8,1838.0,83.1,OK
2024-01-21 04:00:00,PUMP-B01,Zone_B,2.74,1.49,63.5,1855.0,87.9,OK
2024-01-21 04:00:00,COMP-C01,Zone_C,3.58,1.83,76.6,3788.0,78.0,OK
2024-01-21 04:00:00,COMP-C02,Zone_C,3.15,1.48,72.6,3781.0,73.4,OK
2024-01-21 04:00:00,FAN-D01,Zone_B,2.24,1.14,46.8,1287.0,80.2,OK
2024-01-21 05:00:00,PUMP-A01,Zone_A,3.25,1.55,65.2,1923.0,94.7,OK
2024-01-21 05:00:00,PUMP-A02,Zone_A,2.71,1.52,66.2,1869.0,85.6,OK
2024-01-21 05:00:00,PUMP-B01,Zone_B,2.67,1.37,60.5,1847.0,77.0,OK
2024-01-21 05:00:00,COMP-C01,Zone_C,4.43,2.17,81.0,3863.0,85.8,OK
2024-01-21 05:00:00,COMP-C02,Zone_C,3.61,1.86,78.3,3877.0,86.7,OK
2024-01-21 05:00:00,FAN-D01,Zone_B,2.04,1.01,48.0,1320.0,87.8,OK
2024-01-21 06:00:00,PUMP-A01,Zone_A,2.68,1.27,57.9,1869.0,87.3,OK
2024-01-21 06:00:00,PUMP-A02,Zone_A,3.03,1.38,61.0,1895.0,91.8,OK
2024-01-21 06:00:00,PUMP-B01,Zone_B,2.43,1.16,60.5,1901.0,91.9,OK
2024-01-21 06:00:00,COMP-C01,Zone_C,4.95,2.53,80.8,3836.0,84.8,OK
2024-01-21 06:00:00,COMP-C02,Zone_C,3.74,1.93,79.5,3860.0,83.4,OK
2024-01-21 06:00:00,FAN-D01,Zone_B,2.19,1.21,51.8,1290.0,80.3,OK
2024-01-21 07:00:00,PUMP-A01,Zone_A,2.96,1.48,61.5,1873.0,86.4,OK
2024-01-21 07:00:00,PUMP-A02,Zone_A,2.56,1.29,63.4,1903.0,92.6,OK
2024-01-21 07:00:00,PUMP-B01,Zone_B,2.17,1.06,60.7,1834.0,78.8,OK
2024-01-21 07:00:00,COMP-C01,Zone_C,4.04,2.05,77.8,3835.0,82.2,OK
2024-01-21 07:00:00,COMP-C02,Zone_C,3.77,1.87,77.9,3902.0,88.9,OK
2024-01-21 07:00:00,FAN-D01,Zone_B,1.83,1.02,52.4,1289.0,82.5,OK
2024-01-21 08:00:00,PUMP-A01,Zone_A,2.78,1.64,60.9,1836.0,80.9,OK
2024-01-21 08:00:00,PUMP-A02,Zone_A,2.33,1.18,59.3,1863.0,81.4,OK
2024-01-21 08:00:00,PUMP-B01,Zone_B,2.41,1.21,63.2,1839.0,77.4,OK
2024-01-21 08:00:00,COMP-C01,Zone_C,3.85,1.97,80.5,3855.0,82.2,OK
2024-01-21 08:00:00,COMP-C02,Zone_C,3.13,1.65,75.4,3918.0,92.8,OK
2024-01-21 08:00:00,FAN-D01,Zone_B,1.84,1.01,49.3,1272.0,85.3,OK
2024-01-21 09:00:00,PUMP-A01,Zone_A,2.58,1.27,61.5,1856.0,77.0,OK
2024-01-21 09:00:00,PUMP-A02,Zone_A,2.11,1.04,60.3,1837.0,75.6,SUSPECT
2024-01-21 09:00:00,PUMP-B01,Zone_B,2.6,1.32,56.0,1852.0,78.3,OK
2024-01-21 09:00:00,COMP-C01,Zone_C,3.93,1.86,78.8,3759.0,75.3,SUSPECT
2024-01-21 09:00:00,COMP-C02,Zone_C,3.3,1.68,77.2,3898.0,87.8,OK
2024-01-21 09:00:00,FAN-D01,Zone_B,2.12,1.1,51.7,1315.0,81.3,OK
2024-01-21 10:00:00,PUMP-A01,Zone_A,2.68,1.18,62.8,1869.0,84.3,OK
2024-01-21 10:00:00,PUMP-A02,Zone_A,2.71,1.25,58.6,1857.0,78.7,OK
2024-01-21 10:00:00,PUMP-B01,Zone_B,2.64,1.44,58.7,1839.0,77.4,OK
2024-01-21 10:00:00,COMP-C01,Zone_C,4.17,2.18,81.2,3817.0,79.9,OK
2024-01-21 10:00:00,COMP-C02,Zone_C,3.47,1.78,77.7,3786.0,76.2,OK
2024-01-21 10:00:00,FAN-D01,Zone_B,1.89,0.9,50.2,1240.0,79.5,OK
2024-01-21 11:00:00,PUMP-A01,Zone_A,2.7,1.37,59.6,1825.0,67.9,OK
2024-01-21 11:00:00,PUMP-A02,Zone_A,2.68,1.24,59.8,1820.0,73.9,OK
2024-01-21 11:00:00,PUMP-B01,Zone_B,2.37,1.07,65.1,1845.0,74.7,OK
2024-01-21 11:00:00,COMP-C01,Zone_C,3.97,2.14,77.7,3713.0,71.2,OK
2024-01-21 11:00:00,COMP-C02,Zone_C,3.43,1.61,75.0,3815.0,78.3,OK
2024-01-21 11:00:00,FAN-D01,Zone_B,2.18,0.97,49.3,1252.0,78.8,OK
2024-01-21 12:00:00,PUMP-A01,Zone_A,3.12,1.52,61.2,1838.0,74.8,OK
2024-01-21 12:00:00,PUMP-A02,Zone_A,2.61,1.27,56.8,1840.0,73.6,OK
2024-01-21 12:00:00,PUMP-B01,Zone_B,2.28,1.2,59.2,1838.0,67.4,OK
2024-01-21 12:00:00,COMP-C01,Zone_C,4.03,1.92,76.1,3733.0,60.8,OK
2024-01-21 12:00:00,COMP-C02,Zone_C,3.72,1.88,77.4,3699.0,70.7,OK
2024-01-21 12:00:00,FAN-D01,Zone_B,1.89,0.95,49.7,1248.0,70.1,OK
2024-01-21 13:00:00,PUMP-A01,Zone_A,2.72,1.34,62.8,1802.0,72.1,OK
2024-01-21 13:00:00,PUMP-A02,Zone_A,2.31,1.31,58.9,1750.0,55.3,OK
2024-01-21 13:00:00,PUMP-B01,Zone_B,2.43,1.16,59.5,1825.0,68.4,OK
2024-01-21 13:00:00,COMP-C01,Zone_C,3.21,1.56,79.1,3757.0,68.6,OK
2024-01-21 13:00:00,COMP-C02,Zone_C,3.44,1.69,76.3,3736.0,63.9,OK
2024-01-21 13:00:00,FAN-D01,Zone_B,1.76,1.09,51.0,1243.0,67.9,OK
2024-01-21 14:00:00,PUMP-A01,Zone_A,2.45,1.26,60.3,1816.0,59.2,OK
2024-01-21 14:00:00,PUMP-A02,Zone_A,2.41,1.23,59.7,1775.0,59.9,OK
2024-01-21 14:00:00,PUMP-B01,Zone_B,2.66,1.32,58.1,1808.0,55.6,SUSPECT
2024-01-21 14:00:00,COMP-C01,Zone_C,3.3,1.66,74.8,3658.0,60.0,OK
2024-01-21 14:00:00,COMP-C02,Zone_C,3.27,1.62,73.8,3680.0,63.5,OK
2024-01-21 14:00:00,FAN-D01,Zone_B,1.9,0.87,45.2,1240.0,56.6,OK
2024-01-21 15:00:00,PUMP-A01,Zone_A,2.58,1.04,61.1,1802.0,55.4,OK
2024-01-21 15:00:00,PUMP-A02,Zone_A,2.16,1.05,60.3,1797.0,57.9,OK
2024-01-21 15:00:00,PUMP-B01,Zone_B,1.93,1.06,58.8,1770.0,59.6,OK
2024-01-21 15:00:00,COMP-C01,Zone_C,4.18,2.12,75.9,3680.0,60.8,OK
2024-01-21 15:00:00,COMP-C02,Zone_C,3.51,1.76,74.3,3697.0,63.4,OK
2024-01-21 15:00:00,FAN-D01,Zone_B,1.33,0.63,50.4,1230.0,59.5,OK
2024-01-21 16:00:00,PUMP-A01,Zone_A,2.94,1.54,64.1,1759.0,52.8,OK
2024-01-21 16:00:00,PUMP-A02,Zone_A,2.54,1.46,57.8,1775.0,63.0,OK
2024-01-21 16:00:00,PUMP-B01,Zone_B,2.73,1.45,56.1,1776.0,55.8,OK
2024-01-21 16:00:00,COMP-C01,Zone_C,3.47,1.6,78.0,3696.0,58.2,OK
2024-01-21 16:00:00,COMP-C02,Zone_C,2.97,1.54,74.1,3679.0,62.6,OK
2024-01-21 16:00:00,FAN-D01,Zone_B,1.81,0.79,47.8,1240.0,66.0,OK
2024-01-21 17:00:00,PUMP-A01,Zone_A,2.32,1.26,54.2,1754.0,51.5,OK
2024-01-21 17:00:00,PUMP-A02,Zone_A,2.57,1.28,55.7,1788.0,54.8,OK
2024-01-21 17:00:00,PUMP-B01,Zone_B,2.19,1.21,58.4,1790.0,58.8,OK
2024-01-21 17:00:00,COMP-C01,Zone_C,4.21,2.14,79.4,3681.0,59.2,OK
2024-01-21 17:00:00,COMP-C02,Zone_C,3.37,1.74,74.4,3602.0,49.5,OK
2024-01-21 17:00:00,FAN-D01,Zone_B,1.77,0.88,47.7,1228.0,51.7,OK
2024-01-21 18:00:00,PUMP-A01,Zone_A,2.84,1.28,60.9,1783.0,56.2,OK
2024-01-21 18:00:00,PUMP-A02,Zone_A,2.27,1.31,55.0,1767.0,56.5,OK
2024-01-21 18:00:00,PUMP-B01,Zone_B,2.31,1.23,61.9,1771.0,57.3,OK
2024-01-21 18:00:00,COMP-C01,Zone_C,3.02,1.39,72.9,3589.0,52.1,OK
2024-01-21 18:00:00,COMP-C02,Zone_C,3.23,1.74,78.4,3693.0,60.6,OK
2024-01-21 18:00:00,FAN-D01,Zone_B,1.53,0.78,48.2,1254.0,54.4,OK
2024-01-21 19:00:00,PUMP-A01,Zone_A,2.94,1.27,58.6,1762.0,53.0,OK
2024-01-21 19:00:00,PUMP-A02,Zone_A,2.16,1.04,53.3,1812.0,62.4,OK
2024-01-21 19:00:00,PUMP-B01,Zone_B,3.13,1.75,59.8,1754.0,52.7,OK
2024-01-21 19:00:00,COMP-C01,Zone_C,4.12,2.02,74.3,3622.0,52.5,OK
2024-01-21 19:00:00,COMP-C02,Zone_C,3.23,1.78,74.0,3697.0,59.6,OK
2024-01-21 19:00:00,FAN-D01,Zone_B,1.21,0.62,47.8,1215.0,57.7,OK
2024-01-21 20:00:00,PUMP-A01,Zone_A,3.25,1.47,56.0,1778.0,59.1,OK
2024-01-21 20:00:00,PUMP-A02,Zone_A,2.62,1.4,57.2,1784.0,53.4,OK
2024-01-21 20:00:00,PUMP-B01,Zone_B,2.3,1.23,56.0,1780.0,60.9,OK
2024-01-21 20:00:00,COMP-C01,Zone_C,3.41,1.76,79.1,3588.0,46.3,OK
2024-01-21 20:00:00,COMP-C02,Zone_C,3.66,1.82,82.5,3647.0,60.3,OK
2024-01-21 20:00:00,FAN-D01,Zone_B,1.98,1.05,45.7,1183.0,46.1,OK
2024-01-21 21:00:00,PUMP-A01,Zone_A,2.49,1.36,60.6,1841.0,68.0,OK
2024-01-21 21:00:00,PUMP-A02,Zone_A,2.31,1.37,58.9,1760.0,56.1,OK
2024-01-21 21:00:00,PUMP-B01,Zone_B,2.84,1.39,59.3,1790.0,62.5,OK
2024-01-21 21:00:00,COMP-C01,Zone_C,3.79,1.96,78.3,3700.0,62.7,OK
2024-01-21 21:00:00,COMP-C02,Zone_C,2.72,1.24,70.4,3577.0,46.8,OK
2024-01-21 21:00:00,FAN-D01,Zone_B,1.32,0.66,47.7,1219.0,54.2,OK
2024-01-21 22:00:00,PUMP-A01,Zone_A,2.72,1.38,61.4,1793.0,64.1,OK
2024-01-21 22:00:00,PUMP-A02,Zone_A,2.13,1.21,56.3,1809.0,54.6,OK
2024-01-21 22:00:00,PUMP-B01,Zone_B,2.23,1.09,65.9,1825.0,72.1,OK
2024-01-21 22:00:00,COMP-C01,Zone_C,3.5,1.56,76.2,3611.0,54.7,OK
2024-01-21 22:00:00,COMP-C02,Zone_C,3.34,1.66,75.9,3737.0,65.6,OK
2024-01-21 22:00:00,FAN-D01,Zone_B,1.65,0.88,48.4,1190.0,63.4,OK
2024-01-21 23:00:00,PUMP-A01,Zone_A,2.76,1.43,58.0,1742.0,59.0,OK
2024-01-21 23:00:00,PUMP-A02,Zone_A,2.2,1.02,59.4,1779.0,63.2,OK
2024-01-21 23:00:00,PUMP-B01,Zone_B,2.23,1.14,55.3,1798.0,58.8,OK
2024-01-21 23:00:00,COMP-C01,Zone_C,4.44,2.14,77.3,3646.0,62.4,OK
2024-01-21 23:00:00,COMP-C02,Zone_C,3.55,1.72,79.6,3729.0,70.4,OK
2024-01-21 23:00:00,FAN-D01,Zone_B,1.06,0.51,44.5,1239.0,62.7,OK
2024-01-22 00:00:00,PUMP-A01,Zone_A,2.67,1.38,59.4,1807.0,71.9,OK
2024-01-22 00:00:00,PUMP-A02,Zone_A,2.75,1.39,59.3,1853.0,74.1,OK
2024-01-22 00:00:00,PUMP-B01,Zone_B,2.42,1.34,61.1,1865.0,77.7,OK
2024-01-22 00:00:00,COMP-C01,Zone_C,3.82,2.11,78.8,3707.0,68.0,OK
2024-01-22 00:00:00,COMP-C02,Zone_C,3.47,1.8,77.7,3703.0,64.9,OK
2024-01-22 00:00:00,FAN-D01,Zone_B,1.99,1.13,44.9,1215.0,70.8,OK
2024-01-22 01:00:00,PUMP-A01,Zone_A,2.96,1.51,62.4,1853.0,73.7,OK
2024-01-22 01:00:00,PUMP-A02,Zone_A,2.5,1.25,63.3,1830.0,77.9,OK
2024-01-22 01:00:00,PUMP-B01,Zone_B,2.72,1.32,63.0,1868.0,78.1,OK
2024-01-22 01:00:00,COMP-C01,Zone_C,4.19,2.19,77.6,3733.0,70.5,OK
2024-01-22 01:00:00,COMP-C02,Zone_C,4.13,1.96,78.8,3776.0,74.1,OK
2024-01-22 01:00:00,FAN-D01,Zone_B,1.51,0.95,46.2,1260.0,68.6,OK
2024-01-22 02:00:00,PUMP-A01,Zone_A,3.07,1.42,65.4,1853.0,79.5,OK
2024-01-22 02:00:00,PUMP-A02,Zone_A,2.67,1.3,59.6,1873.0,87.1,OK
2024-01-22 02:00:00,PUMP-B01,Zone_B,3.12,1.51,60.9,1790.0,70.6,OK
2024-01-22 02:00:00,COMP-C01,Zone_C,3.85,1.95,78.7,3750.0,71.9,OK
2024-01-22 02:00:00,COMP-C02,Zone_C,3.94,2.01,78.4,3756.0,72.2,OK
2024-01-22 02:00:00,FAN-D01,Zone_B,1.66,0.77,49.3,1315.0,78.6,OK
2024-01-22 03:00:00,PUMP-A01,Zone_A,3.06,1.56,58.2,1876.0,86.1,OK
2024-01-22 03:00:00,PUMP-A02,Zone_A,2.21,0.75,62.6,1840.0,72.7,OK
2024-01-22 03:00:00,PUMP-B01,Zone_B,2.49,1.27,56.6,1808.0,67.5,OK
2024-01-22 03:00:00,COMP-C01,Zone_C,3.49,1.67,78.4,3843.0,81.7,OK
2024-01-22 03:00:00,COMP-C02,Zone_C,3.8,2.18,77.3,3846.0,81.5,OK
2024-01-22 03:00:00,FAN-D01,Zone_B,1.76,0.88,54.6,1279.0,81.9,OK
2024-01-22 04:00:00,PUMP-A01,Zone_A,3.23,1.58,61.5,1949.0,90.4,OK
2024-01-22 04:00:00,PUMP-A02,Zone_A,2.82,1.34,62.0,1913.0,94.1,OK
2024-01-22 04:00:00,PUMP-B01,Zone_B,2.91,1.42,62.7,1822.0,79.9,OK
2024-01-22 04:00:00,COMP-C01,Zone_C,4.11,2.06,81.1,3892.0,90.1,OK
2024-01-22 04:00:00,COMP-C02,Zone_C,3.97,1.85,82.0,3839.0,80.3,OK
2024-01-22 04:00:00,FAN-D01,Zone_B,2.07,0.93,49.1,1308.0,84.8,OK
2024-01-22 05:00:00,PUMP-A01,Zone_A,2.63,1.47,63.6,1865.0,79.5,OK
2024-01-22 05:00:00,PUMP-A02,Zone_A,2.91,1.48,64.2,1912.0,91.2,OK
2024-01-22 05:00:00,PUMP-B01,Zone_B,3.17,1.52,62.7,1889.0,86.4,OK
2024-01-22 05:00:00,COMP-C01,Zone_C,3.78,1.86,80.9,3854.0,86.1,OK
2024-01-22 05:00:00,COMP-C02,Zone_C,3.53,1.67,74.9,3902.0,90.1,OK
2024-01-22 05:00:00,FAN-D01,Zone_B,2.28,1.11,52.3,1272.0,80.5,OK
2024-01-22 06:00:00,PUMP-A01,Zone_A,2.71,1.34,60.9,1871.0,88.5,OK
2024-01-22 06:00:00,PUMP-A02,Zone_A,2.4,1.29,63.1,1850.0,77.3,OK
2024-01-22 06:00:00,PUMP-B01,Zone_B,2.71,1.42,65.0,1854.0,86.7,OK
2024-01-22 06:00:00,COMP-C01,Zone_C,4.01,1.98,76.9,3887.0,88.4,OK
2024-01-22 06:00:00,COMP-C02,Zone_C,3.31,1.81,76.3,3863.0,84.6,OK
2024-01-22 06:00:00,FAN-D01,Zone_B,1.86,0.83,53.3,1288.0,75.4,OK
2024-01-22 07:00:00,PUMP-A01,Zone_A,3.07,1.6,65.9,1900.0,85.5,OK
2024-01-22 07:00:00,PUMP-A02,Zone_A,2.55,1.28,62.4,1846.0,86.1,OK
2024-01-22 07:00:00,PUMP-B01,Zone_B,2.97,1.38,65.6,1831.0,79.8,OK
2024-01-22 07:00:00,COMP-C01,Zone_C,3.81,1.94,80.6,3744.0,70.7,OK
2024-01-22 07:00:00,COMP-C02,Zone_C,3.65,1.83,75.3,3781.0,80.0,OK
2024-01-22 07:00:00,FAN-D01,Zone_B,2.19,1.23,54.5,1294.0,84.2,OK
2024-01-22 08:00:00,PUMP-A01,Zone_A,3.1,1.56,60.3,1867.0,87.5,OK
2024-01-22 08:00:00,PUMP-A02,Zone_A,2.87,1.44,62.1,1892.0,85.0,OK
2024-01-22 08:00:00,PUMP-B01,Zone_B,2.73,1.35,60.5,1861.0,76.9,OK
2024-01-22 08:00:00,COMP-C01,Zone_C,3.89,2.07,76.8,3875.0,81.9,OK
2024-01-22 08:00:00,COMP-C02,Zone_C,3.29,1.48,76.8,3854.0,84.4,OK
2024-01-22 08:00:00,FAN-D01,Zone_B,1.64,0.68,50.3,1282.0,85.0,OK
2024-01-22 09:00:00,PUMP-A01,Zone_A,2.87,1.36,63.8,1882.0,76.8,OK
2024-01-22 09:00:00,PUMP-A02,Zone_A,2.5,1.29,61.0,1844.0,80.9,OK
2024-01-22 09:00:00,PUMP-B01,Zone_B,2.53,1.31,62.5,1895.0,84.9,OK
2024-01-22 09:00:00,COMP-C01,Zone_C,3.85,1.86,80.8,3836.0,82.2,OK
2024-01-22 09:00:00,COMP-C02,Zone_C,3.19,1.51,79.5,3760.0,79.3,OK
2024-01-22 09:00:00,FAN-D01,Zone_B,1.84,0.87,46.9,1288.0,84.0,OK
2024-01-22 10:00:00,PUMP-A01,Zone_A,2.79,1.27,61.4,1818.0,70.6,OK
2024-01-22 10:00:00,PUMP-A02,Zone_A,2.79,1.5,63.3,1848.0,78.9,OK
2024-01-22 10:00:00,PUMP-B01,Zone_B,1.93,1.05,58.1,1863.0,74.6,OK
2024-01-22 10:00:00,COMP-C01,Zone_C,3.82,1.9,77.6,3789.0,73.7,OK
2024-01-22 10:00:00,COMP-C02,Zone_C,4.04,2.2,74.7,3774.0,76.4,OK
2024-01-22 10:00:00,FAN-D01,Zone_B,2.21,1.08,49.4,1263.0,80.2,OK
2024-01-22 11:00:00,PUMP-A01,Zone_A,2.34,1.15,57.0,1810.0,67.8,SUSPECT
2024-01-22 11:00:00,PUMP-A02,Zone_A,2.8,1.43,59.7,1845.0,74.9,OK
2024-01-22 11:00:00,PUMP-B01,Zone_B,2.32,1.21,55.5,1773.0,61.2,OK
2024-01-22 11:00:00,COMP-C01,Zone_C,3.99,2.13,79.4,3758.0,69.0,OK
2024-01-22 11:00:00,COMP-C02,Zone_C,2.87,1.59,71.7,3787.0,74.2,OK
2024-01-22 11:00:00,FAN-D01,Zone_B,1.67,0.84,50.0,1264.0,68.5,OK
2024-01-22 12:00:00,PUMP-A01,Zone_A,2.65,1.29,59.5,1854.0,74.0,OK
2024-01-22 12:00:00,PUMP-A02,Zone_A,2.08,1.05,59.5,1829.0,68.0,OK
2024-01-22 12:00:00,PUMP-B01,Zone_B,2.01,0.92,58.9,1850.0,73.5,OK
2024-01-22 12:00:00,COMP-C01,Zone_C,4.17,2.14,78.8,3745.0,69.9,OK
2024-01-22 12:00:00,COMP-C02,Zone_C,3.7,1.79,74.0,3677.0,60.7,OK
2024-01-22 12:00:00,FAN-D01,Zone_B,1.22,0.57,51.6,1196.0,69.1,OK
2024-01-22 13:00:00,PUMP-A01,Zone_A,2.97,1.4,64.0,1823.0,70.7,OK
2024-01-22 13:00:00,PUMP-A02,Zone_A,2.66,1.28,61.5,1819.0,68.9,OK
2024-01-22 13:00:00,PUMP-B01,Zone_B,2.9,1.34,60.7,1825.0,63.7,OK
2024-01-22 13:00:00,COMP-C01,Zone_C,3.38,1.72,78.0,3712.0,64.0,OK
2024-01-22 13:00:00,COMP-C02,Zone_C,3.34,1.71,78.9,3715.0,64.5,OK
2024-01-22 13:00:00,FAN-D01,Zone_B,2.03,1.08,50.0,1182.0,55.7,OK
2024-01-22 14:00:00,PUMP-A01,Zone_A,2.38,1.17,56.8,1780.0,64.3,OK
2024-01-22 14:00:00,PUMP-A02,Zone_A,2.45,1.35,59.2,1806.0,57.2,OK
2024-01-22 14:00:00,PUMP-B01,Zone_B,2.88,1.55,62.7,1805.0,72.6,OK
2024-01-22 14:00:00,COMP-C01,Zone_C,4.02,2.03,81.9,3758.0,69.0,OK
2024-01-22 14:00:00,COMP-C02,Zone_C,3.67,1.94,75.4,3668.0,58.9,OK
2024-01-22 14:00:00,FAN-D01,Zone_B,1.5,0.83,45.2,1254.0,64.1,OK
2024-01-22 15:00:00,PUMP-A01,Zone_A,2.93,1.41,61.5,1773.0,61.0,OK
2024-01-22 15:00:00,PUMP-A02,Zone_A,2.16,1.19,56.8,1775.0,58.0,OK
2024-01-22 15:00:00,PUMP-B01,Zone_B,2.94,1.41,59.9,1831.0,63.9,OK
2024-01-22 15:00:00,COMP-C01,Zone_C,3.55,1.99,75.7,3628.0,57.3,OK
2024-01-22 15:00:00,COMP-C02,Zone_C,3.64,1.85,76.6,3653.0,56.8,OK
2024-01-22 15:00:00,FAN-D01,Zone_B,1.41,0.54,48.0,1184.0,57.6,OK
2024-01-22 16:00:00,PUMP-A01,Zone_A,2.36,1.24,60.8,1784.0,61.8,OK
2024-01-22 16:00:00,PUMP-A02,Zone_A,2.5,1.12,56.5,1809.0,54.8,OK
2024-01-22 16:00:00,PUMP-B01,Zone_B,2.29,1.11,58.3,1744.0,53.5,OK
2024-01-22 16:00:00,COMP-C01,Zone_C,3.76,1.98,71.5,3624.0,56.7,OK
2024-01-22 16:00:00,COMP-C02,Zone_C,3.19,1.68,77.1,3643.0,57.7,OK
2024-01-22 16:00:00,FAN-D01,Zone_B,1.94,0.96,46.7,1213.0,60.9,OK
2024-01-22 17:00:00,PUMP-A01,Zone_A,2.49,1.22,57.1,1760.0,57.4,OK
2024-01-22 17:00:00,PUMP-A02,Zone_A,2.14,1.24,58.5,1772.0,59.5,OK
2024-01-22 17:00:00,PUMP-B01,Zone_B,2.58,1.28,59.0,1773.0,57.7,OK
2024-01-22 17:00:00,COMP-C01,Zone_C,3.75,1.95,74.8,3639.0,56.8,OK
2024-01-22 17:00:00,COMP-C02,Zone_C,3.2,1.64,73.4,3638.0,58.4,OK
2024-01-22 17:00:00,FAN-D01,Zone_B,1.91,0.92,46.0,1220.0,51.9,OK
2024-01-22 18:00:00,PUMP-A01,Zone_A,2.69,1.32,59.5,1741.0,53.6,OK
2024-01-22 18:00:00,PUMP-A02,Zone_A,2.14,1.08,60.9,1805.0,62.0,OK
2024-01-22 18:00:00,PUMP-B01,Zone_B,2.64,1.31,57.9,1737.0,63.6,OK
2024-01-22 18:00:00,COMP-C01,Zone_C,3.77,1.96,75.9,3649.0,59.0,OK
2024-01-22 18:00:00,COMP-C02,Zone_C,4.18,2.2,79.0,3616.0,53.1,OK
2024-01-22 18:00:00,FAN-D01,Zone_B,1.23,0.66,43.5,1197.0,47.7,OK
2024-01-22 19:00:00,PUMP-A01,Zone_A,3.28,1.64,66.0,1783.0,62.6,OK
2024-01-22 19:00:00,PUMP-A02,Zone_A,2.8,1.52,55.5,1803.0,56.2,OK
2024-01-22 19:00:00,PUMP-B01,Zone_B,2.31,1.28,59.5,1714.0,50.0,OK
2024-01-22 19:00:00,COMP-C01,Zone_C,3.46,1.69,79.1,3635.0,55.1,OK
2024-01-22 19:00:00,COMP-C02,Zone_C,3.11,1.6,77.5,3613.0,49.6,OK
2024-01-22 19:00:00,FAN-D01,Zone_B,1.87,0.85,46.1,1214.0,50.0,OK
2024-01-22 20:00:00,PUMP-A01,Zone_A,3.07,1.67,59.6,1822.0,67.6,OK
2024-01-22 20:00:00,PUMP-A02,Zone_A,2.36,1.28,56.1,1782.0,63.3,OK
2024-01-22 20:00:00,PUMP-B01,Zone_B,2.26,1.1,58.1,1779.0,54.6,OK
2024-01-22 20:00:00,COMP-C01,Zone_C,3.98,1.96,77.8,3660.0,59.3,OK
2024-01-22 20:00:00,COMP-C02,Zone_C,3.48,1.85,75.2,3686.0,61.9,OK
2024-01-22 20:00:00,FAN-D01,Zone_B,1.75,1.03,41.6,1227.0,50.1,OK
2024-01-22 21:00:00,PUMP-A01,Zone_A,1.75,1.0,55.8,1806.0,63.3,OK
2024-01-22 21:00:00,PUMP-A02,Zone_A,2.18,1.18,59.4,1794.0,56.9,OK
2024-01-22 21:00:00,PUMP-B01,Zone_B,2.56,1.17,58.0,1802.0,63.5,OK
2024-01-22 21:00:00,COMP-C01,Zone_C,3.84,2.03,74.7,3712.0,63.9,OK
2024-01-22 21:00:00,COMP-C02,Zone_C,2.92,1.64,73.9,3692.0,58.1,OK
2024-01-22 21:00:00,FAN-D01,Zone_B,1.78,1.06,46.7,1239.0,57.5,OK
2024-01-22 22:00:00,PUMP-A01,Zone_A,2.28,1.09,61.0,1763.0,58.0,OK
2024-01-22 22:00:00,PUMP-A02,Zone_A,2.18,1.16,58.1,1783.0,58.3,OK
2024-01-22 22:00:00,PUMP-B01,Zone_B,2.54,1.25,63.9,1829.0,67.2,OK
2024-01-22 22:00:00,COMP-C01,Zone_C,3.21,1.61,71.6,3697.0,62.0,OK
2024-01-22 22:00:00,COMP-C02,Zone_C,2.87,1.34,74.6,3727.0,61.5,OK
2024-01-22 22:00:00,FAN-D01,Zone_B,1.93,0.98,46.5,1225.0,61.5,OK
2024-01-22 23:00:00,PUMP-A01,Zone_A,2.48,1.34,61.9,1765.0,54.5,OK
2024-01-22 23:00:00,PUMP-A02,Zone_A,2.78,1.4,54.8,1813.0,64.5,OK
2024-01-22 23:00:00,PUMP-B01,Zone_B,2.47,1.1,59.4,1824.0,69.6,OK
2024-01-22 23:00:00,COMP-C01,Zone_C,3.71,1.82,78.4,3723.0,69.2,OK
2024-01-22 23:00:00,COMP-C02,Zone_C,3.08,1.53,74.9,3712.0,68.0,OK
2024-01-22 23:00:00,FAN-D01,Zone_B,1.37,0.69,49.7,1247.0,67.8,OK
2024-01-23 00:00:00,PUMP-A01,Zone_A,3.08,1.46,63.9,1850.0,76.9,OK
2024-01-23 00:00:00,PUMP-A02,Zone_A,2.6,1.33,60.9,1864.0,81.6,OK
2024-01-23 00:00:00,PUMP-B01,Zone_B,2.46,1.29,59.1,1797.0,69.5,OK
2024-01-23 00:00:00,COMP-C01,Zone_C,3.73,1.81,77.2,3811.0,73.0,OK
2024-01-23 00:00:00,COMP-C02,Zone_C,4.11,2.02,78.0,3752.0,66.0,OK
2024-01-23 00:00:00,FAN-D01,Zone_B,1.75,0.89,49.4,1243.0,69.1,OK
2024-01-23 01:00:00,PUMP-A01,Zone_A,2.39,1.37,60.2,1812.0,65.0,OK
2024-01-23 01:00:00,PUMP-A02,Zone_A,2.35,1.3,62.6,1829.0,69.8,OK
2024-01-23 01:00:00,PUMP-B01,Zone_B,2.64,1.49,63.9,1844.0,81.9,OK
2024-01-23 01:00:00,COMP-C01,Zone_C,3.79,1.98,78.1,3746.0,72.2,OK
2024-01-23 01:00:00,COMP-C02,Zone_C,3.14,1.5,77.9,3762.0,71.3,OK
2024-01-23 01:00:00,FAN-D01,Zone_B,2.31,1.1,48.6,1199.0,65.1,OK
2024-01-23 02:00:00,PUMP-A01,Zone_A,2.94,1.44,62.9,1878.0,78.9,OK
2024-01-23 02:00:00,PUMP-A02,Zone_A,2.56,1.32,63.3,1815.0,73.1,OK
2024-01-23 02:00:00,PUMP-B01,Zone_B,2.1,1.04,58.5,1873.0,78.3,OK
2024-01-23 02:00:00,COMP-C01,Zone_C,4.04,1.96,76.2,3838.0,81.8,OK
2024-01-23 02:00:00,COMP-C02,Zone_C,3.71,1.56,80.2,3751.0,71.1,OK
2024-01-23 02:00:00,FAN-D01,Zone_B,1.53,0.7,50.9,1282.0,78.2,OK
2024-01-23 03:00:00,PUMP-A01,Zone_A,3.43,1.78,68.4,1831.0,78.5,OK
2024-01-23 03:00:00,PUMP-A02,Zone_A,2.36,1.24,61.7,1846.0,78.3,OK
2024-01-23 03:00:00,PUMP-B01,Zone_B,2.57,1.27,61.2,1845.0,80.8,OK
2024-01-23 03:00:00,COMP-C01,Zone_C,3.71,1.77,79.7,3852.0,85.3,OK
2024-01-23 03:00:00,COMP-C02,Zone_C,3.69,1.95,73.5,3816.0,81.5,OK
2024-01-23 03:00:00,FAN-D01,Zone_B,1.61,0.75,50.9,1304.0,83.1,OK
2024-01-23 04:00:00,PUMP-A01,Zone_A,2.7,1.49,60.7,1870.0,79.9,OK
2024-01-23 04:00:00,PUMP-A02,Zone_A,2.75,1.15,62.9,1892.0,85.5,OK
2024-01-23 04:00:00,PUMP-B01,Zone_B,3.04,1.49,62.3,1852.0,80.4,OK
2024-01-23 04:00:00,COMP-C01,Zone_C,3.98,1.95,75.6,3818.0,80.9,OK
2024-01-23 04:00:00,COMP-C02,Zone_C,3.88,1.99,79.2,3893.0,87.0,OK
2024-01-23 04:00:00,FAN-D01,Zone_B,1.69,0.98,50.4,1303.0,86.9,OK
2024-01-23 05:00:00,PUMP-A01,Zone_A,2.42,1.3,61.5,1901.0,88.9,OK
2024-01-23 05:00:00,PUMP-A02,Zone_A,2.48,1.5,61.7,1852.0,82.3,OK
2024-01-23 05:00:00,PUMP-B01,Zone_B,3.03,1.51,62.8,1890.0,88.8,OK
2024-01-23 05:00:00,COMP-C01,Zone_C,3.63,1.74,76.7,3779.0,79.9,OK
2024-01-23 05:00:00,COMP-C02,Zone_C,3.78,1.88,78.9,3878.0,86.4,OK
2024-01-23 05:00:00,FAN-D01,Zone_B,1.94,0.88,47.9,1318.0,89.2,OK
2024-01-23 06:00:00,PUMP-A01,Zone_A,2.54,1.28,58.5,1861.0,88.1,OK
2024-01-23 06:00:00,PUMP-A02,Zone_A,2.9,1.42,62.9,1843.0,78.5,OK
2024-01-23 06:00:00,PUMP-B01,Zone_B,2.29,1.25,62.1,1879.0,84.5,OK
2024-01-23 06:00:00,COMP-C01,Zone_C,3.81,1.89,79.0,3808.0,77.0,OK
2024-01-23 06:00:00,COMP-C02,Zone_C,3.55,1.93,77.2,3906.0,86.4,OK
2024-01-23 06:00:00,FAN-D01,Zone_B,1.34,0.57,51.8,1295.0,86.1,OK
2024-01-23 07:00:00,PUMP-A01,Zone_A,2.92,1.35,59.9,1918.0,97.1,OK
2024-01-23 07:00:00,PUMP-A02,Zone_A,2.66,1.47,63.6,1890.0,86.3,OK
2024-01-23 07:00:00,PUMP-B01,Zone_B,2.86,1.42,61.4,1862.0,80.3,OK
2024-01-23 07:00:00,COMP-C01,Zone_C,3.97,1.92,81.3,3806.0,77.3,OK
2024-01-23 07:00:00,COMP-C02,Zone_C,4.35,2.1,78.5,3874.0,91.2,OK
2024-01-23 07:00:00,FAN-D01,Zone_B,1.97,1.0,50.4,1297.0,85.2,OK
2024-01-23 08:00:00,PUMP-A01,Zone_A,2.88,1.33,61.6,1841.0,79.4,OK
2024-01-23 08:00:00,PUMP-A02,Zone_A,2.84,1.41,59.7,1882.0,81.0,OK
2024-01-23 08:00:00,PUMP-B01,Zone_B,3.13,1.57,62.5,1884.0,94.6,OK
2024-01-23 08:00:00,COMP-C01,Zone_C,4.04,2.03,79.3,3741.0,76.4,OK
2024-01-23 08:00:00,COMP-C02,Zone_C,4.0,2.0,73.0,3783.0,75.1,OK
2024-01-23 08:00:00,FAN-D01,Zone_B,1.93,0.85,49.0,1305.0,84.9,OK
2024-01-23 09:00:00,PUMP-A01,Zone_A,2.96,1.46,59.6,1844.0,80.4,OK
2024-01-23 09:00:00,PUMP-A02,Zone_A,2.57,1.33,61.6,1879.0,78.1,OK
2024-01-23 09:00:00,PUMP-B01,Zone_B,2.55,1.3,61.3,1865.0,78.5,OK
2024-01-23 09:00:00,COMP-C01,Zone_C,4.01,1.93,77.0,3857.0,80.5,OK
2024-01-23 09:00:00,COMP-C02,Zone_C,3.7,1.82,79.4,3791.0,75.2,OK
2024-01-23 09:00:00,FAN-D01,Zone_B,1.62,0.9,48.0,1247.0,71.3,OK
2024-01-23 10:00:00,PUMP-A01,Zone_A,3.19,1.66,65.2,1858.0,83.9,OK
2024-01-23 10:00:00,PUMP-A02,Zone_A,2.23,1.07,59.2,1821.0,75.7,OK
2024-01-23 10:00:00,PUMP-B01,Zone_B,2.47,1.28,60.8,1863.0,78.2,OK
2024-01-23 10:00:00,COMP-C01,Zone_C,3.64,1.81,78.1,3823.0,82.2,OK
2024-01-23 10:00:00,COMP-C02,Zone_C,3.77,1.78,77.3,3752.0,73.6,OK
2024-01-23 10:00:00,FAN-D01,Zone_B,1.75,0.98,46.6,1256.0,82.6,OK
2024-01-23 11:00:00,PUMP-A01,Zone_A,2.51,1.39,64.3,1829.0,68.2,OK
2024-01-23 11:00:00,PUMP-A02,Zone_A,2.31,1.06,60.7,1817.0,65.4,OK
2024-01-23 11:00:00,PUMP-B01,Zone_B,2.55,1.15,59.7,1863.0,71.0,OK
2024-01-23 11:00:00,COMP-C01,Zone_C,3.93,1.91,79.6,3711.0,67.9,OK
2024-01-23 11:00:00,COMP-C02,Zone_C,3.29,1.49,78.9,3819.0,76.9,OK
2024-01-23 11:00:00,FAN-D01,Zone_B,2.24,1.08,47.4,1249.0,65.7,OK
2024-01-23 12:00:00,PUMP-A01,Zone_A,3.34,1.67,59.3,1778.0,71.8,OK
2024-01-23 12:00:00,PUMP-A02,Zone_A,2.81,1.46,60.8,1793.0,64.9,OK
2024-01-23 12:00:00,PUMP-B01,Zone_B,2.32,1.15,58.8,1855.0,73.5,OK
2024-01-23 12:00:00,COMP-C01,Zone_C,3.99,2.09,79.0,3708.0,69.7,OK
2024-01-23 12:00:00,COMP-C02,Zone_C,3.16,1.48,78.4,3763.0,71.6,OK
2024-01-23 12:00:00,FAN-D01,Zone_B,1.26,0.62,45.0,1260.0,67.1,OK
2024-01-23 13:00:00,PUMP-A01,Zone_A,2.44,1.27,57.9,1786.0,63.5,OK
2024-01-23 13:00:00,PUMP-A02,Zone_A,2.46,1.16,57.3,1807.0,71.0,OK
2024-01-23 13:00:00,PUMP-B01,Zone_B,2.6,1.47,62.2,1830.0,64.7,OK
2024-01-23 13:00:00,COMP-C01,Zone_C,4.13,1.97,80.5,3714.0,61.7,OK
2024-01-23 13:00:00,COMP-C02,Zone_C,2.92,1.59,74.5,3679.0,61.9,OK
2024-01-23 13:00:00,FAN-D01,Zone_B,1.63,0.96,45.4,1234.0,72.6,OK
2024-01-23 14:00:00,PUMP-A01,Zone_A,2.9,1.47,58.6,1798.0,63.6,OK
2024-01-23 14:00:00,PUMP-A02,Zone_A,2.61,1.18,57.6,1840.0,60.4,OK
2024-01-23 14:00:00,PUMP-B01,Zone_B,2.76,1.28,62.6,1868.0,73.3,OK
2024-01-23 14:00:00,COMP-C01,Zone_C,3.44,1.68,75.5,3656.0,61.3,OK
2024-01-23 14:00:00,COMP-C02,Zone_C,3.4,1.69,72.2,3671.0,61.2,OK
2024-01-23 14:00:00,FAN-D01,Zone_B,1.61,0.8,48.5,1266.0,70.1,OK
2024-01-23 15:00:00,PUMP-A01,Zone_A,2.97,1.51,61.1,1814.0,66.7,OK
2024-01-23 15:00:00,PUMP-A02,Zone_A,1.82,1.16,57.8,1790.0,60.9,OK
2024-01-23 15:00:00,PUMP-B01,Zone_B,1.96,1.04,54.8,1814.0,56.5,OK
2024-01-23 15:00:00,COMP-C01,Zone_C,3.62,1.82,75.5,3625.0,57.8,OK
2024-01-23 15:00:00,COMP-C02,Zone_C,3.68,1.71,77.9,3674.0,59.5,OK
2024-01-23 15:00:00,FAN-D01,Zone_B,1.69,0.97,45.4,1216.0,56.5,OK
2024-01-23 16:00:00,PUMP-A01,Zone_A,2.88,1.3,56.6,1743.0,54.3,OK
2024-01-23 16:00:00,PUMP-A02,Zone_A,2.2,1.09,59.2,1730.0,51.7,OK
2024-01-23 16:00:00,PUMP-B01,Zone_B,2.3,1.34,58.5,1760.0,60.2,OK
2024-01-23 16:00:00,COMP-C01,Zone_C,3.49,1.74,74.2,3624.0,58.7,OK
2024-01-23 16:00:00,COMP-C02,Zone_C,3.29,1.68,76.4,3647.0,57.2,OK
2024-01-23 16:00:00,FAN-D01,Zone_B,1.28,0.74,45.4,1200.0,53.8,OK
2024-01-23 17:00:00,PUMP-A01,Zone_A,2.66,1.22,59.6,1737.0,59.9,OK
2024-01-23 17:00:00,PUMP-A02,Zone_A,2.12,1.05,58.7,1762.0,53.4,OK
2024-01-23 17:00:00,PUMP-B01,Zone_B,1.93,0.81,57.5,1771.0,55.5,OK
2024-01-23 17:00:00,COMP-C01,Zone_C,3.4,1.71,70.7,3574.0,48.5,OK
2024-01-23 17:00:00,COMP-C02,Zone_C,3.2,1.62,76.4,3615.0,51.9,OK
2024-01-23 17:00:00,FAN-D01,Zone_B,1.77,0.82,48.3,1215.0,59.7,OK
2024-01-23 18:00:00,PUMP-A01,Zone_A,2.46,1.23,57.1,1782.0,55.0,OK
2024-01-23 18:00:00,PUMP-A02,Zone_A,2.11,1.08,57.3,1789.0,56.0,OK
2024-01-23 18:00:00,PUMP-B01,Zone_B,2.42,1.17,60.6,1757.0,54.5,OK
2024-01-23 18:00:00,COMP-C01,Zone_C,3.48,1.89,74.4,3567.0,50.1,OK
2024-01-23 18:00:00,COMP-C02,Zone_C,3.13,1.48,78.2,3665.0,58.9,OK
2024-01-23 18:00:00,FAN-D01,Zone_B,2.13,1.14,49.7,1197.0,62.2,OK
2024-01-23 19:00:00,PUMP-A01,Zone_A,2.8,1.4,56.7,1771.0,51.3,OK
2024-01-23 19:00:00,PUMP-A02,Zone_A,2.34,1.02,59.6,1769.0,51.9,OK
2024-01-23 19:00:00,PUMP-B01,Zone_B,2.54,1.17,58.6,1826.0,62.1,OK
2024-01-23 19:00:00,COMP-C01,Zone_C,3.72,1.91,72.7,3627.0,55.3,OK
2024-01-23 19:00:00,COMP-C02,Zone_C,3.62,1.83,73.1,3686.0,58.3,OK
2024-01-23 19:00:00,FAN-D01,Zone_B,1.42,0.73,44.4,1242.0,54.2,OK
2024-01-23 20:00:00,PUMP-A01,Zone_A,2.49,1.36,57.1,1757.0,58.6,OK
2024-01-23 20:00:00,PUMP-A02,Zone_A,2.26,1.18,63.1,1778.0,57.9,OK
2024-01-23 20:00:00,PUMP-B01,Zone_B,2.52,1.28,60.5,1717.0,53.8,OK
2024-01-23 20:00:00,COMP-C01,Zone_C,3.73,1.78,80.4,3618.0,58.4,OK
2024-01-23 20:00:00,COMP-C02,Zone_C,3.51,1.85,79.2,3649.0,57.5,OK
2024-01-23 20:00:00,FAN-D01,Zone_B,1.47,0.67,47.0,1261.0,59.9,OK
2024-01-23 21:00:00,PUMP-A01,Zone_A,3.41,1.65,60.8,1782.0,57.1,OK
2024-01-23 21:00:00,PUMP-A02,Zone_A,2.89,1.48,60.5,1809.0,54.7,OK
2024-01-23 21:00:00,PUMP-B01,Zone_B,2.06,1.07,59.7,1805.0,60.3,OK
2024-01-23 21:00:00,COMP-C01,Zone_C,3.35,1.56,77.4,3662.0,57.3,OK
2024-01-23 21:00:00,COMP-C02,Zone_C,3.24,1.57,76.1,3627.0,57.3,OK
2024-01-23 21:00:00,FAN-D01,Zone_B,1.65,0.76,51.4,1227.0,58.9,OK
2024-01-23 22:00:00,PUMP-A01,Zone_A,2.86,1.19,62.4,1759.0,55.3,OK
2024-01-23 22:00:00,PUMP-A02,Zone_A,2.93,1.45,61.1,1809.0,63.4,OK
2024-01-23 22:00:00,PUMP-B01,Zone_B,2.25,1.15,55.2,1824.0,64.9,OK
2024-01-23 22:00:00,COMP-C01,Zone_C,3.79,1.92,77.1,3731.0,66.0,OK
2024-01-23 22:00:00,COMP-C02,Zone_C,3.38,1.69,73.5,3667.0,60.5,OK
2024-01-23 22:00:00,FAN-D01,Zone_B,2.21,1.05,47.3,1224.0,62.2,OK
2024-01-23 23:00:00,PUMP-A01,Zone_A,2.61,1.32,56.8,1795.0,66.8,OK
2024-01-23 23:00:00,PUMP-A02,Zone_A,2.6,1.43,58.2,1736.0,57.4,OK
2024-01-23 23:00:00,PUMP-B01,Zone_B,2.79,1.3,57.9,1856.0,66.7,OK
2024-01-23 23:00:00,COMP-C01,Zone_C,3.96,1.98,78.8,3832.0,79.7,OK
2024-01-23 23:00:00,COMP-C02,Zone_C,3.3,1.8,76.0,3701.0,66.5,OK
2024-01-23 23:00:00,FAN-D01,Zone_B,1.42,0.84,45.8,1247.0,76.5,OK
2024-01-24 00:00:00,PUMP-A01,Zone_A,2.19,1.24,58.9,1811.0,71.3,OK
2024-01-24 00:00:00,PUMP-A02,Zone_A,2.64,1.34,58.8,1807.0,64.4,OK
2024-01-24 00:00:00,PUMP-B01,Zone_B,2.64,1.44,63.0,1790.0,65.0,OK
2024-01-24 00:00:00,COMP-C01,Zone_C,3.57,1.91,78.8,3823.0,75.3,OK
2024-01-24 00:00:00,COMP-C02,Zone_C,3.33,1.86,78.1,3762.0,68.3,OK
2024-01-24 00:00:00,FAN-D01,Zone_B,1.77,0.94,46.4,1262.0,79.0,OK
2024-01-24 01:00:00,PUMP-A01,Zone_A,2.77,1.44,60.4,1857.0,76.3,OK
2024-01-24 01:00:00,PUMP-A02,Zone_A,2.63,1.27,60.4,1859.0,74.5,OK
2024-01-24 01:00:00,PUMP-B01,Zone_B,2.11,1.1,60.8,1844.0,74.8,OK
2024-01-24 01:00:00,COMP-C01,Zone_C,3.85,1.99,80.3,3790.0,71.9,OK
2024-01-24 01:00:00,COMP-C02,Zone_C,3.35,1.7,77.0,3809.0,76.6,OK
2024-01-24 01:00:00,FAN-D01,Zone_B,1.74,0.92,49.4,1243.0,68.4,OK
2024-01-24 02:00:00,PUMP-A01,Zone_A,2.61,1.41,60.5,1809.0,70.0,OK
2024-01-24 02:00:00,PUMP-A02,Zone_A,2.11,1.12,60.8,1872.0,84.4,OK
2024-01-24 02:00:00,PUMP-B01,Zone_B,2.19,1.15,61.2,1875.0,81.8,OK
2024-01-24 02:00:00,COMP-C01,Zone_C,3.45,1.61,77.2,3799.0,76.2,OK
2024-01-24 02:00:00,COMP-C02,Zone_C,4.27,2.05,78.8,3774.0,74.9,OK
2024-01-24 02:00:00,FAN-D01,Zone_B,1.76,0.85,51.7,1254.0,74.8,OK
2024-01-24 03:00:00,PUMP-A01,Zone_A,2.77,1.51,60.8,1840.0,79.1,OK
2024-01-24 03:00:00,PUMP-A02,Zone_A,2.46,1.35,62.4,1839.0,74.9,OK
2024-01-24 03:00:00,PUMP-B01,Zone_B,3.09,1.46,60.9,1822.0,82.6,OK
2024-01-24 03:00:00,COMP-C01,Zone_C,4.33,2.33,78.9,3806.0,81.4,OK
2024-01-24 03:00:00,COMP-C02,Zone_C,3.45,1.74,75.2,3732.0,68.0,OK
2024-01-24 03:00:00,FAN-D01,Zone_B,2.02,1.02,50.2,1249.0,74.0,SUSPECT
2024-01-24 04:00:00,PUMP-A01,Zone_A,3.43,1.81,64.0,1862.0,85.9,OK
2024-01-24 04:00:00,PUMP-A02,Zone_A,2.71,1.17,63.9,1869.0,81.9,OK
2024-01-24 04:00:00,PUMP-B01,Zone_B,2.13,1.06,61.2,1831.0,77.7,OK
2024-01-24 04:00:00,COMP-C01,Zone_C,3.75,1.77,80.1,3859.0,82.9,OK
2024-01-24 04:00:00,COMP-C02,Zone_C,4.31,2.11,84.5,3877.0,88.8,OK
2024-01-24 04:00:00,FAN-D01,Zone_B,2.27,1.02,52.4,1254.0,78.1,OK
2024-01-24 05:00:00,PUMP-A01,Zone_A,2.67,1.43,61.4,1880.0,92.9,OK
2024-01-24 05:00:00,PUMP-A02,Zone_A,2.56,1.54,60.4,1895.0,84.5,OK
2024-01-24 05:00:00,PUMP-B01,Zone_B,2.6,1.34,61.9,1869.0,90.1,OK
2024-01-24 05:00:00,COMP-C01,Zone_C,3.6,1.77,79.9,3881.0,83.3,OK
2024-01-24 05:00:00,COMP-C02,Zone_C,3.87,1.91,80.4,3823.0,80.9,OK
2024-01-24 05:00:00,FAN-D01,Zone_B,1.72,0.83,51.7,1272.0,79.5,OK
2024-01-24 06:00:00,PUMP-A01,Zone_A,3.19,1.51,66.3,1878.0,85.6,OK
2024-01-24 06:00:00,PUMP-A02,Zone_A,2.34,1.5,58.3,1877.0,85.1,OK
2024-01-24 06:00:00,PUMP-B01,Zone_B,2.94,1.18,63.6,1890.0,84.4,OK
2024-01-24 06:00:00,COMP-C01,Zone_C,3.4,1.84,81.0,3858.0,85.1,OK
2024-01-24 06:00:00,COMP-C02,Zone_C,3.81,1.88,75.9,3785.0,80.8,OK
2024-01-24 06:00:00,FAN-D01,Zone_B,1.9,0.93,51.6,1283.0,84.6,OK
2024-01-24 07:00:00,PUMP-A01,Zone_A,2.95,1.34,63.6,1832.0,84.4,OK
2024-01-24 07:00:00,PUMP-A02,Zone_A,2.8,1.42,59.7,1853.0,76.7,OK
2024-01-24 07:00:00,PUMP-B01,Zone_B,2.73,1.25,59.0,1847.0,80.8,OK
2024-01-24 07:00:00,COMP-C01,Zone_C,3.88,1.96,77.4,3840.0,85.7,OK
2024-01-24 07:00:00,COMP-C02,Zone_C,3.07,1.36,81.8,3872.0,87.5,OK
2024-01-24 07:00:00,FAN-D01,Zone_B,1.09,0.39,50.1,1293.0,84.5,OK
2024-01-24 08:00:00,PUMP-A01,Zone_A,3.3,1.73,63.0,1897.0,92.9,OK
2024-01-24 08:00:00,PUMP-A02,Zone_A,2.09,1.09,61.9,1868.0,86.4,OK
2024-01-24 08:00:00,PUMP-B01,Zone_B,2.49,1.21,59.9,1845.0,86.2,OK
2024-01-24 08:00:00,COMP-C01,Zone_C,4.09,2.08,78.8,3875.0,85.1,OK
2024-01-24 08:00:00,COMP-C02,Zone_C,3.39,1.88,80.2,3866.0,85.2,OK
2024-01-24 08:00:00,FAN-D01,Zone_B,2.4,1.22,49.5,1286.0,87.8,OK
2024-01-24 09:00:00,PUMP-A01,Zone_A,3.3,1.61,62.1,1853.0,79.8,OK
2024-01-24 09:00:00,PUMP-A02,Zone_A,2.05,1.09,59.9,1854.0,80.7,OK
2024-01-24 09:00:00,PUMP-B01,Zone_B,2.47,1.24,59.3,1881.0,84.9,OK
2024-01-24 09:00:00,COMP-C01,Zone_C,3.58,1.84,78.3,3821.0,80.6,OK
2024-01-24 09:00:00,COMP-C02,Zone_C,3.67,1.78,79.7,3769.0,75.7,OK
2024-01-24 09:00:00,FAN-D01,Zone_B,2.36,1.19,52.5,1306.0,88.5,OK
2024-01-24 10:00:00,PUMP-A01,Zone_A,3.15,1.68,60.5,1818.0,71.8,OK
2024-01-24 10:00:00,PUMP-A02,Zone_A,2.62,1.18,59.0,1836.0,75.5,OK
2024-01-24 10:00:00,PUMP-B01,Zone_B,2.78,1.29,59.3,1866.0,80.9,OK
2024-01-24 10:00:00,COMP-C01,Zone_C,4.13,2.26,78.2,3821.0,77.8,OK
2024-01-24 10:00:00,COMP-C02,Zone_C,3.32,1.72,77.2,3878.0,83.8,OK
2024-01-24 10:00:00,FAN-D01,Zone_B,2.17,1.04,47.9,1234.0,69.2,OK
2024-01-24 11:00:00,PUMP-A01,Zone_A,2.67,1.5,62.3,1864.0,72.8,OK
2024-01-24 11:00:00,PUMP-A02,Zone_A,3.01,1.43,59.0,1845.0,75.9,OK
2024-01-24 11:00:00,PUMP-B01,Zone_B,2.13,0.91,56.6,1824.0,74.5,OK
2024-01-24 11:00:00,COMP-C01,Zone_C,3.52,1.77,75.9,3761.0,77.2,OK
2024-01-24 11:00:00,COMP-C02,Zone_C,3.29,1.63,76.3,3749.0,67.5,OK
2024-01-24 11:00:00,FAN-D01,Zone_B,1.89,1.02,51.3,1282.0,75.1,OK
2024-01-24 12:00:00,PUMP-A01,Zone_A,3.18,1.61,60.1,1855.0,76.0,OK
2024-01-24 12:00:00,PUMP-A02,Zone_A,2.34,1.22,58.8,1825.0,66.0,OK
2024-01-24 12:00:00,PUMP-B01,Zone_B,2.29,1.07,65.5,1888.0,83.9,OK
2024-01-24 12:00:00,COMP-C01,Zone_C,3.96,1.9,79.4,3789.0,68.9,OK
2024-01-24 12:00:00,COMP-C02,Zone_C,3.76,1.94,77.2,3756.0,71.5,OK
2024-01-24 12:00:00,FAN-D01,Zone_B,1.76,0.9,46.4,1244.0,67.3,SUSPECT
2024-01-24 13:00:00,PUMP-A01,Zone_A,2.65,1.24,58.8,1803.0,61.6,OK
2024-01-24 13:00:00,PUMP-A02,Zone_A,2.67,1.24,60.9,1842.0,67.3,OK
2024-01-24 13:00:00,PUMP-B01,Zone_B,2.96,1.68,61.7,1782.0,64.8,OK
2024-01-24 13:00:00,COMP-C01,Zone_C,3.28,1.7,73.9,3745.0,70.4,OK
2024-01-24 13:00:00,COMP-C02,Zone_C,3.73,1.9,76.5,3753.0,65.8,OK
2024-01-24 13:00:00,FAN-D01,Zone_B,1.81,0.72,50.0,1239.0,74.5,OK
2024-01-24 14:00:00,PUMP-A01,Zone_A,3.16,1.62,58.4,1774.0,54.8,OK
2024-01-24 14:00:00,PUMP-A02,Zone_A,2.6,1.29,59.0,1780.0,55.3,OK
2024-01-24 14:00:00,PUMP-B01,Zone_B,2.56,1.27,58.3,1803.0,64.9,OK
2024-01-24 14:00:00,COMP-C01,Zone_C,3.32,1.67,76.1,3686.0,57.7,OK
2024-01-24 14:00:00,COMP-C02,Zone_C,3.74,1.86,80.0,3684.0,63.6,OK
2024-01-24 14:00:00,FAN-D01,Zone_B,1.26,0.52,44.6,1204.0,57.6,OK
2024-01-24 15:00:00,PUMP-A01,Zone_A,1.59,0.9,53.8,1770.0,59.9,OK
2024-01-24 15:00:00,PUMP-A02,Zone_A,2.43,1.27,60.7,1751.0,62.3,OK
2024-01-24 15:00:00,PUMP-B01,Zone_B,2.28,1.11,58.5,1761.0,52.0,OK
2024-01-24 15:00:00,COMP-C01,Zone_C,3.49,1.75,77.1,3677.0,60.3,OK
2024-01-24 15:00:00,COMP-C02,Zone_C,3.26,1.62,75.2,3626.0,55.8,OK
2024-01-24 15:00:00,FAN-D01,Zone_B,1.8,1.01,48.2,1252.0,64.0,OK
2024-01-24 16:00:00,PUMP-A01,Zone_A,2.49,1.08,60.0,1802.0,53.5,OK
2024-01-24 16:00:00,PUMP-A02,Zone_A,1.83,1.01,60.2,1779.0,56.4,OK
2024-01-24 16:00:00,PUMP-B01,Zone_B,2.31,1.01,60.2,1807.0,58.4,OK
2024-01-24 16:00:00,COMP-C01,Zone_C,4.39,2.03,75.7,3681.0,59.5,OK
2024-01-24 16:00:00,COMP-C02,Zone_C,2.95,1.45,75.5,3753.0,68.8,OK
2024-01-24 16:00:00,FAN-D01,Zone_B,1.55,0.82,43.7,1253.0,59.0,OK
2024-01-24 17:00:00,PUMP-A01,Zone_A,2.76,1.49,58.1,1779.0,59.5,OK
2024-01-24 17:00:00,PUMP-A02,Zone_A,2.16,0.94,55.0,1770.0,52.5,OK
2024-01-24 17:00:00,PUMP-B01,Zone_B,2.87,1.47,59.7,1803.0,60.5,OK
2024-01-24 17:00:00,COMP-C01,Zone_C,4.12,2.03,79.0,3729.0,61.2,OK
2024-01-24 17:00:00,COMP-C02,Zone_C,3.56,1.78,77.0,3584.0,48.3,OK
2024-01-24 17:00:00,FAN-D01,Zone_B,1.93,0.97,46.9,1222.0,57.2,OK
2024-01-24 18:00:00,PUMP-A01,Zone_A,2.57,1.51,61.2,1755.0,55.8,OK
2024-01-24 18:00:00,PUMP-A02,Zone_A,1.69,0.7,54.2,1743.0,47.6,OK
2024-01-24 18:00:00,PUMP-B01,Zone_B,2.35,1.25,57.7,1787.0,60.1,OK
2024-01-24 18:00:00,COMP-C01,Zone_C,3.8,1.83,76.6,3627.0,53.6,OK
2024-01-24 18:00:00,COMP-C02,Zone_C,3.64,1.79,76.7,3658.0,58.1,OK
2024-01-24 18:00:00,FAN-D01,Zone_B,1.42,0.71,44.8,1190.0,50.4,OK
2024-01-24 19:00:00,PUMP-A01,Zone_A,2.45,1.32,59.3,1784.0,59.3,OK
2024-01-24 19:00:00,PUMP-A02,Zone_A,2.88,1.47,58.4,1761.0,58.2,OK
2024-01-24 19:00:00,PUMP-B01,Zone_B,1.95,0.89,56.8,1769.0,51.0,OK
2024-01-24 19:00:00,COMP-C01,Zone_C,4.02,2.08,77.3,3617.0,52.7,OK
2024-01-24 19:00:00,COMP-C02,Zone_C,3.51,1.52,77.9,3666.0,55.1,OK
2024-01-24 19:00:00,FAN-D01,Zone_B,1.74,0.93,45.5,1241.0,60.1,OK
2024-01-24 20:00:00,PUMP-A01,Zone_A,2.88,1.5,52.8,1774.0,57.0,OK
2024-01-24 20:00:00,PUMP-A02,Zone_A,1.89,0.94,56.6,1766.0,53.8,OK
2024-01-24 20:00:00,PUMP-B01,Zone_B,2.64,1.19,62.1,1822.0,62.6,OK
2024-01-24 20:00:00,COMP-C01,Zone_C,3.68,1.83,77.1,3690.0,60.6,OK
2024-01-24 20:00:00,COMP-C02,Zone_C,3.85,1.91,76.5,3664.0,58.7,OK
2024-01-24 20:00:00,FAN-D01,Zone_B,1.64,0.88,47.6,1224.0,64.9,OK
2024-01-24 21:00:00,PUMP-A01,Zone_A,2.72,1.26,59.4,1836.0,66.2,OK
2024-01-24 21:00:00,PUMP-A02,Zone_A,1.93,0.81,57.7,1749.0,53.5,OK
2024-01-24 21:00:00,PUMP-B01,Zone_B,2.52,1.25,61.7,1781.0,65.3,OK
2024-01-24 21:00:00,COMP-C01,Zone_C,4.43,2.11,76.3,3703.0,62.4,OK
2024-01-24 21:00:00,COMP-C02,Zone_C,3.43,1.62,74.0,3628.0,53.2,OK
2024-01-24 21:00:00,FAN-D01,Zone_B,2.25,1.11,48.1,1192.0,50.2,OK
2024-01-24 22:00:00,PUMP-A01,Zone_A,2.19,1.16,55.1,1761.0,62.8,SUSPECT
2024-01-24 22:00:00,PUMP-A02,Zone_A,2.12,0.98,60.2,1804.0,61.4,OK
2024-01-24 22:00:00,PUMP-B01,Zone_B,2.25,1.05,58.0,1830.0,65.0,OK
2024-01-24 22:00:00,COMP-C01,Zone_C,4.31,2.25,78.0,3725.0,65.4,OK
2024-01-24 22:00:00,COMP-C02,Zone_C,3.68,1.87,79.7,3675.0,59.0,OK
2024-01-24 22:00:00,FAN-D01,Zone_B,1.49,0.76,48.6,1234.0,60.9,OK
2024-01-24 23:00:00,PUMP-A01,Zone_A,2.8,1.3,57.7,1788.0,64.2,OK
2024-01-24 23:00:00,PUMP-A02,Zone_A,2.35,1.12,57.8,1758.0,53.0,OK
2024-01-24 23:00:00,PUMP-B01,Zone_B,2.53,1.36,59.5,1742.0,51.7,OK
2024-01-24 23:00:00,COMP-C01,Zone_C,4.1,2.0,79.3,3712.0,66.9,OK
2024-01-24 23:00:00,COMP-C02,Zone_C,3.19,1.49,76.9,3691.0,60.8,OK
2024-01-24 23:00:00,FAN-D01,Zone_B,2.16,0.89,50.3,1246.0,67.8,OK
2024-01-25 00:00:00,PUMP-A01,Zone_A,3.33,1.62,64.5,1847.0,80.2,OK
2024-01-25 00:00:00,PUMP-A02,Zone_A,2.14,1.09,61.9,1855.0,74.5,OK
2024-01-25 00:00:00,PUMP-B01,Zone_B,2.69,1.37,59.4,1818.0,78.6,OK
2024-01-25 00:00:00,COMP-C01,Zone_C,4.12,2.1,75.3,3759.0,72.9,OK
2024-01-25 00:00:00,COMP-C02,Zone_C,3.73,1.91,76.2,3779.0,68.8,OK
2024-01-25 00:00:00,FAN-D01,Zone_B,1.86,1.08,45.8,1233.0,64.8,OK
2024-01-25 01:00:00,PUMP-A01,Zone_A,3.05,1.49,60.7,1876.0,84.9,OK
2024-01-25 01:00:00,PUMP-A02,Zone_A,2.85,1.4,61.9,1855.0,80.8,OK
2024-01-25 01:00:00,PUMP-B01,Zone_B,2.12,1.11,60.9,1850.0,71.8,OK
2024-01-25 01:00:00,COMP-C01,Zone_C,3.68,1.7,81.0,3764.0,73.2,OK
2024-01-25 01:00:00,COMP-C02,Zone_C,3.16,1.68,74.0,3654.0,60.5,OK
2024-01-25 01:00:00,FAN-D01,Zone_B,2.52,1.15,47.0,1234.0,69.8,OK
2024-01-25 02:00:00,PUMP-A01,Zone_A,3.2,1.71,64.9,1874.0,80.4,OK
2024-01-25 02:00:00,PUMP-A02,Zone_A,2.72,1.33,57.6,1823.0,66.9,OK
2024-01-25 02:00:00,PUMP-B01,Zone_B,2.65,1.24,62.8,1867.0,80.7,OK
2024-01-25 02:00:00,COMP-C01,Zone_C,3.92,1.89,75.4,3846.0,80.9,OK
2024-01-25 02:00:00,COMP-C02,Zone_C,3.64,1.76,72.1,3786.0,76.3,OK
2024-01-25 02:00:00,FAN-D01,Zone_B,2.49,1.17,51.1,1271.0,83.5,OK
2024-01-25 03:00:00,PUMP-A01,Zone_A,3.08,1.65,59.6,1851.0,74.0,OK
2024-01-25 03:00:00,PUMP-A02,Zone_A,2.21,1.21,59.7,1900.0,89.8,OK
2024-01-25 03:00:00,PUMP-B01,Zone_B,2.98,1.57,60.0,1808.0,71.1,OK
2024-01-25 03:00:00,COMP-C01,Zone_C,4.29,2.16,82.2,3767.0,78.0,OK
2024-01-25 03:00:00,COMP-C02,Zone_C,3.67,1.81,78.8,3778.0,78.3,OK
2024-01-25 03:00:00,FAN-D01,Zone_B,2.29,1.17,48.4,1231.0,76.1,OK
2024-01-25 04:00:00,PUMP-A01,Zone_A,4.12,2.07,67.9,1913.0,88.4,OK
2024-01-25 04:00:00,PUMP-A02,Zone_A,2.77,1.32,60.7,1860.0,88.1,OK
2024-01-25 04:00:00,PUMP-B01,Zone_B,2.5,1.22,61.8,1902.0,84.6,OK
2024-01-25 04:00:00,COMP-C01,Zone_C,3.65,1.96,79.6,3853.0,81.8,OK
2024-01-25 04:00:00,COMP-C02,Zone_C,3.58,1.58,77.0,3773.0,77.2,OK
2024-01-25 04:00:00,FAN-D01,Zone_B,2.29,1.03,51.2,1271.0,74.3,OK
2024-01-25 05:00:00,PUMP-A01,Zone_A,3.1,1.47,64.0,1865.0,83.5,OK
2024-01-25 05:00:00,PUMP-A02,Zone_A,2.58,1.37,61.4,1863.0,85.8,OK
2024-01-25 05:00:00,PUMP-B01,Zone_B,2.62,1.41,62.3,1911.0,85.8,OK
2024-01-25 05:00:00,COMP-C01,Zone_C,4.39,2.28,78.2,3870.0,83.3,OK
2024-01-25 05:00:00,COMP-C02,Zone_C,3.87,2.01,77.5,3869.0,85.3,OK
2024-01-25 05:00:00,FAN-D01,Zone_B,1.87,0.92,47.5,1250.0,79.0,OK
2024-01-25 06:00:00,PUMP-A01,Zone_A,2.32,1.11,60.4,1900.0,85.9,OK
2024-01-25 06:00:00,PUMP-A02,Zone_A,2.58,1.2,62.7,1896.0,83.3,OK
2024-01-25 06:00:00,PUMP-B01,Zone_B,2.65,1.33,60.3,1806.0,74.6,OK
2024-01-25 06:00:00,COMP-C01,Zone_C,4.59,2.32,80.1,3839.0,83.2,OK
2024-01-25 06:00:00,COMP-C02,Zone_C,3.96,2.02,80.2,3900.0,92.3,OK
2024-01-25 06:00:00,FAN-D01,Zone_B,1.68,0.75,51.0,1277.0,86.0,OK
2024-01-25 07:00:00,PUMP-A01,Zone_A,2.82,1.41,61.5,1794.0,80.9,OK
2024-01-25 07:00:00,PUMP-A02,Zone_A,2.94,1.48,63.0,1894.0,94.4,OK
2024-01-25 07:00:00,PUMP-B01,Zone_B,2.42,1.13,58.9,1835.0,76.3,OK
2024-01-25 07:00:00,COMP-C01,Zone_C,3.74,1.92,78.0,3803.0,75.4,OK
2024-01-25 07:00:00,COMP-C02,Zone_C,3.71,2.04,81.3,3805.0,80.3,OK
2024-01-25 07:00:00,FAN-D01,Zone_B,2.19,1.32,52.6,1243.0,87.4,OK
2024-01-25 08:00:00,PUMP-A01,Zone_A,2.69,1.32,60.2,1816.0,74.1,OK
2024-01-25 08:00:00,PUMP-A02,Zone_A,2.68,1.17,60.0,1857.0,81.5,OK
2024-01-25 08:00:00,PUMP-B01,Zone_B,2.35,1.12,61.0,1851.0,77.6,OK
2024-01-25 08:00:00,COMP-C01,Zone_C,4.24,1.96,80.3,3797.0,81.4,OK
2024-01-25 08:00:00,COMP-C02,Zone_C,3.89,1.98,78.2,3811.0,78.2,OK
2024-01-25 08:00:00,FAN-D01,Zone_B,1.94,1.04,50.0,1254.0,79.8,OK
2024-01-25 09:00:00,PUMP-A01,Zone_A,2.63,1.27,62.3,1878.0,82.3,OK
2024-01-25 09:00:00,PUMP-A02,Zone_A,2.6,1.23,61.4,1904.0,86.7,OK
2024-01-25 09:00:00,PUMP-B01,Zone_B,2.57,1.28,61.6,1806.0,72.7,OK
2024-01-25 09:00:00,COMP-C01,Zone_C,3.54,1.91,75.6,3811.0,74.5,OK
2024-01-25 09:00:00,COMP-C02,Zone_C,3.44,1.77,77.7,3784.0,78.7,OK
2024-01-25 09:00:00,FAN-D01,Zone_B,2.34,1.3,49.6,1262.0,86.2,OK
2024-01-25 10:00:00,PUMP-A01,Zone_A,2.96,1.62,65.8,1845.0,80.3,OK
2024-01-25 10:00:00,PUMP-A02,Zone_A,2.26,1.16,61.8,1857.0,78.8,OK
2024-01-25 10:00:00,PUMP-B01,Zone_B,2.42,1.32,58.4,1807.0,71.3,OK
2024-01-25 10:00:00,COMP-C01,Zone_C,3.99,2.19,78.9,3781.0,79.8,SUSPECT
2024-01-25 10:00:00,COMP-C02,Zone_C,3.82,1.83,76.6,3864.0,80.7,OK
2024-01-25 10:00:00,FAN-D01,Zone_B,1.89,0.92,47.0,1265.0,72.7,OK
2024-01-25 11:00:00,PUMP-A01,Zone_A,2.58,1.41,60.6,1859.0,72.3,OK
2024-01-25 11:00:00,PUMP-A02,Zone_A,2.35,1.23,63.5,1855.0,79.9,OK
2024-01-25 11:00:00,PUMP-B01,Zone_B,3.0,1.52,59.0,1799.0,73.4,OK
2024-01-25 11:00:00,COMP-C01,Zone_C,3.66,1.82,79.0,3713.0,63.5,SUSPECT
2024-01-25 11:00:00,COMP-C02,Zone_C,3.65,1.78,78.5,3741.0,70.8,OK
2024-01-25 11:00:00,FAN-D01,Zone_B,1.84,0.97,50.7,1267.0,74.4,OK
2024-01-25 12:00:00,PUMP-A01,Zone_A,3.53,1.83,64.7,1832.0,66.6,OK
2024-01-25 12:00:00,PUMP-A02,Zone_A,2.31,1.03,62.0,1831.0,73.6,OK
2024-01-25 12:00:00,PUMP-B01,Zone_B,2.99,1.52,62.8,1796.0,68.9,OK
2024-01-25 12:00:00,COMP-C01,Zone_C,3.51,1.85,76.0,3725.0,68.5,SUSPECT
2024-01-25 12:00:00,COMP-C02,Zone_C,3.61,1.87,73.8,3718.0,65.5,OK
2024-01-25 12:00:00,FAN-D01,Zone_B,1.68,0.86,50.2,1241.0,70.0,OK
2024-01-25 13:00:00,PUMP-A01,Zone_A,2.77,1.36,59.0,1818.0,70.3,OK
2024-01-25 13:00:00,PUMP-A02,Zone_A,1.81,0.81,57.7,1838.0,67.4,OK
2024-01-25 13:00:00,PUMP-B01,Zone_B,2.65,1.19,57.3,1839.0,65.4,OK
2024-01-25 13:00:00,COMP-C01,Zone_C,3.74,1.92,78.6,3728.0,66.9,OK
2024-01-25 13:00:00,COMP-C02,Zone_C,3.46,1.67,77.8,3738.0,68.4,OK
2024-01-25 13:00:00,FAN-D01,Zone_B,1.5,0.67,45.9,1231.0,73.8,OK
2024-01-25 14:00:00,PUMP-A01,Zone_A,2.27,1.04,59.2,1814.0,64.7,OK
2024-01-25 14:00:00,PUMP-A02,Zone_A,2.6,1.24,61.1,1789.0,61.8,OK
2024-01-25 14:00:00,PUMP-B01,Zone_B,2.65,1.39,55.9,1807.0,66.2,OK
2024-01-25 14:00:00,COMP-C01,Zone_C,3.96,1.88,72.9,3632.0,56.8,OK
2024-01-25 14:00:00,COMP-C02,Zone_C,3.44,1.74,77.6,3667.0,61.2,OK
2024-01-25 14:00:00,FAN-D01,Zone_B,1.33,0.55,43.8,1239.0,66.5,OK
2024-01-25 15:00:00,PUMP-A01,Zone_A,2.86,1.32,58.0,1797.0,65.1,OK
2024-01-25 15:00:00,PUMP-A02,Zone_A,2.69,1.39,57.6,1796.0,63.0,OK
2024-01-25 15:00:00,PUMP-B01,Zone_B,2.63,1.29,60.9,1744.0,57.8,OK
2024-01-25 15:00:00,COMP-C01,Zone_C,3.43,1.67,76.9,3676.0,60.8,OK
2024-01-25 15:00:00,COMP-C02,Zone_C,3.11,1.51,76.3,3599.0,54.2,OK
2024-01-25 15:00:00,FAN-D01,Zone_B,2.3,0.99,48.6,1221.0,53.8,OK
2024-01-25 16:00:00,PUMP-A01,Zone_A,2.35,1.2,56.7,1766.0,56.7,OK
2024-01-25 16:00:00,PUMP-A02,Zone_A,1.7,0.98,59.4,1751.0,53.4,OK
2024-01-25 16:00:00,PUMP-B01,Zone_B,2.65,1.35,59.6,1789.0,58.8,OK
2024-01-25 16:00:00,COMP-C01,Zone_C,3.65,1.96,74.6,3660.0,57.3,OK
2024-01-25 16:00:00,COMP-C02,Zone_C,3.32,1.65,74.4,3669.0,59.0,OK
2024-01-25 16:00:00,FAN-D01,Zone_B,1.84,0.89,46.1,1231.0,58.6,OK
2024-01-25 17:00:00,PUMP-A01,Zone_A,3.35,1.65,61.9,1780.0,58.5,OK
2024-01-25 17:00:00,PUMP-A02,Zone_A,2.02,1.01,60.0,1755.0,55.6,OK
2024-01-25 17:00:00,PUMP-B01,Zone_B,2.77,1.46,61.6,1753.0,50.0,OK
2024-01-25 17:00:00,COMP-C01,Zone_C,3.54,1.86,72.7,3591.0,52.7,OK
2024-01-25 17:00:00,COMP-C02,Zone_C,3.62,1.86,72.5,3592.0,45.1,OK
2024-01-25 17:00:00,FAN-D01,Zone_B,1.49,0.97,45.8,1186.0,47.6,OK
2024-01-25 18:00:00,PUMP-A01,Zone_A,2.25,1.08,58.9,1766.0,53.9,OK
2024-01-25 18:00:00,PUMP-A02,Zone_A,2.25,1.09,56.8,1769.0,56.8,OK
2024-01-25 18:00:00,PUMP-B01,Zone_B,2.18,1.04,56.9,1773.0,54.6,OK
2024-01-25 18:00:00,COMP-C01,Zone_C,4.03,2.15,74.3,3673.0,52.6,OK
2024-01-25 18:00:00,COMP-C02,Zone_C,3.23,1.66,70.5,3576.0,49.0,OK
2024-01-25 18:00:00,FAN-D01,Zone_B,1.46,0.65,49.3,1192.0,50.9,OK
2024-01-25 19:00:00,PUMP-A01,Zone_A,3.15,1.62,61.9,1766.0,51.0,OK
2024-01-25 19:00:00,PUMP-A02,Zone_A,2.44,1.27,56.0,1799.0,63.9,OK
2024-01-25 19:00:00,PUMP-B01,Zone_B,2.7,1.41,59.5,1793.0,55.2,OK
2024-01-25 19:00:00,COMP-C01,Zone_C,3.98,2.06,77.1,3665.0,58.1,OK
2024-01-25 19:00:00,COMP-C02,Zone_C,3.26,1.79,73.6,3610.0,55.9,OK
2024-01-25 19:00:00,FAN-D01,Zone_B,1.89,1.05,49.8,1230.0,66.1,OK
2024-01-25 20:00:00,PUMP-A01,Zone_A,2.29,1.02,61.8,1785.0,53.9,OK
2024-01-25 20:00:00,PUMP-A02,Zone_A,2.05,0.93,59.9,1807.0,57.0,OK
2024-01-25 20:00:00,PUMP-B01,Zone_B,2.23,1.13,58.9,1794.0,58.6,OK
2024-01-25 20:00:00,COMP-C01,Zone_C,3.94,1.93,77.4,3688.0,63.4,OK
2024-01-25 20:00:00,COMP-C02,Zone_C,3.53,1.86,75.9,3624.0,55.9,OK
2024-01-25 20:00:00,FAN-D01,Zone_B,1.86,0.94,47.2,1190.0,55.7,OK
2024-01-25 21:00:00,PUMP-A01,Zone_A,2.8,1.44,61.0,1772.0,49.1,OK
2024-01-25 21:00:00,PUMP-A02,Zone_A,2.05,0.91,57.7,1742.0,53.1,OK
2024-01-25 21:00:00,PUMP-B01,Zone_B,1.62,0.75,55.4,1762.0,55.4,OK
2024-01-25 21:00:00,COMP-C01,Zone_C,2.99,1.33,74.0,3676.0,62.2,OK
2024-01-25 21:00:00,COMP-C02,Zone_C,3.66,1.76,75.2,3662.0,63.6,OK
2024-01-25 21:00:00,FAN-D01,Zone_B,2.27,1.28,52.8,1245.0,64.3,OK
2024-01-25 22:00:00,PUMP-A01,Zone_A,3.1,1.53,62.0,1828.0,60.7,OK
2024-01-25 22:00:00,PUMP-A02,Zone_A,2.38,1.27,57.4,1776.0,56.3,OK
2024-01-25 22:00:00,PUMP-B01,Zone_B,2.61,1.35,58.3,1780.0,54.1,OK
2024-01-25 22:00:00,COMP-C01,Zone_C,3.52,1.58,73.9,3659.0,56.2,OK
2024-01-25 22:00:00,COMP-C02,Zone_C,2.63,1.37,73.7,3651.0,59.0,OK
2024-01-25 22:00:00,FAN-D01,Zone_B,1.81,0.96,45.0,1236.0,61.9,OK
2024-01-25 23:00:00,PUMP-A01,Zone_A,2.83,1.43,59.1,1816.0,69.6,OK
2024-01-25 23:00:00,PUMP-A02,Zone_A,2.26,0.93,61.2,1799.0,63.3,OK
2024-01-25 23:00:00,PUMP-B01,Zone_B,2.43,0.93,57.6,1758.0,59.0,OK
2024-01-25 23:00:00,COMP-C01,Zone_C,3.9,1.88,76.0,3773.0,73.2,OK
2024-01-25 23:00:00,COMP-C02,Zone_C,3.05,1.5,75.0,3696.0,64.9,OK
2024-01-25 23:00:00,FAN-D01,Zone_B,2.18,0.98,47.1,1229.0,59.8,OK
2024-01-26 00:00:00,PUMP-A01,Zone_A,3.29,1.59,58.8,1792.0,63.7,OK
2024-01-26 00:00:00,PUMP-A02,Zone_A,2.6,1.14,65.6,1877.0,73.3,OK
2024-01-26 00:00:00,PUMP-B01,Zone_B,2.65,1.34,61.7,1769.0,55.8,OK
2024-01-26 00:00:00,COMP-C01,Zone_C,4.4,2.19,78.4,3794.0,74.2,OK
2024-01-26 00:00:00,COMP-C02,Zone_C,3.91,1.92,76.0,3745.0,70.3,OK
2024-01-26 00:00:00,FAN-D01,Zone_B,1.89,0.73,46.6,1261.0,65.7,OK
2024-01-26 01:00:00,PUMP-A01,Zone_A,2.65,1.31,61.2,1812.0,73.7,OK
2024-01-26 01:00:00,PUMP-A02,Zone_A,2.75,1.43,61.9,1899.0,78.6,OK
2024-01-26 01:00:00,PUMP-B01,Zone_B,2.26,1.18,57.8,1835.0,80.0,OK
2024-01-26 01:00:00,COMP-C01,Zone_C,3.67,1.76,78.0,3768.0,72.4,OK
2024-01-26 01:00:00,COMP-C02,Zone_C,3.5,1.75,77.5,3762.0,75.5,OK
2024-01-26 01:00:00,FAN-D01,Zone_B,1.71,0.95,48.3,1247.0,74.3,OK
2024-01-26 02:00:00,PUMP-A01,Zone_A,2.75,1.45,62.9,1855.0,81.5,OK
2024-01-26 02:00:00,PUMP-A02,Zone_A,2.68,1.39,58.3,1837.0,78.6,OK
2024-01-26 02:00:00,PUMP-B01,Zone_B,3.12,1.52,57.3,1855.0,77.0,OK
2024-01-26 02:00:00,COMP-C01,Zone_C,3.98,1.89,82.0,3836.0,79.9,OK
2024-01-26 02:00:00,COMP-C02,Zone_C,3.67,1.57,75.9,3837.0,84.9,OK
2024-01-26 02:00:00,FAN-D01,Zone_B,1.9,0.79,51.0,1264.0,78.3,OK
2024-01-26 03:00:00,PUMP-A01,Zone_A,3.07,1.54,61.9,1852.0,82.8,OK
2024-01-26 03:00:00,PUMP-A02,Zone_A,3.13,1.65,62.9,1887.0,83.0,OK
2024-01-26 03:00:00,PUMP-B01,Zone_B,2.58,1.23,62.6,1830.0,78.9,OK
2024-01-26 03:00:00,COMP-C01,Zone_C,3.7,1.96,77.1,3840.0,84.0,OK
2024-01-26 03:00:00,COMP-C02,Zone_C,2.71,1.49,76.1,3828.0,79.6,OK
2024-01-26 03:00:00,FAN-D01,Zone_B,1.9,0.97,49.1,1267.0,81.3,OK
2024-01-26 04:00:00,PUMP-A01,Zone_A,2.93,1.33,64.2,1885.0,85.0,OK
2024-01-26 04:00:00,PUMP-A02,Zone_A,2.83,1.42,56.8,1882.0,84.5,OK
2024-01-26 04:00:00,PUMP-B01,Zone_B,2.52,1.32,60.4,1869.0,79.2,OK
2024-01-26 04:00:00,COMP-C01,Zone_C,3.79,2.0,77.5,3884.0,90.8,OK
2024-01-26 04:00:00,COMP-C02,Zone_C,3.89,2.04,73.7,3836.0,82.5,OK
2024-01-26 04:00:00,FAN-D01,Zone_B,1.86,0.98,49.8,1287.0,81.6,OK
2024-01-26 05:00:00,PUMP-A01,Zone_A,3.24,1.47,67.4,1857.0,79.1,OK
2024-01-26 05:00:00,PUMP-A02,Zone_A,2.71,1.47,63.0,1928.0,90.4,OK
2024-01-26 05:00:00,PUMP-B01,Zone_B,2.69,1.42,59.7,1840.0,78.0,OK
2024-01-26 05:00:00,COMP-C01,Zone_C,3.97,2.0,80.0,3842.0,82.3,SUSPECT
2024-01-26 05:00:00,COMP-C02,Zone_C,4.41,2.2,79.7,3811.0,85.5,OK
2024-01-26 05:00:00,FAN-D01,Zone_B,2.16,1.17,52.9,1265.0,81.9,OK
2024-01-26 06:00:00,PUMP-A01,Zone_A,2.75,1.43,64.2,1873.0,86.1,OK
2024-01-26 06:00:00,PUMP-A02,Zone_A,2.36,1.09,65.3,1894.0,89.4,OK
2024-01-26 06:00:00,PUMP-B01,Zone_B,2.34,1.17,60.8,1894.0,86.5,OK
2024-01-26 06:00:00,COMP-C01,Zone_C,3.89,1.77,80.4,3840.0,85.5,OK
2024-01-26 06:00:00,COMP-C02,Zone_C,4.13,2.05,79.4,3918.0,91.4,OK
2024-01-26 06:00:00,FAN-D01,Zone_B,1.84,0.96,48.5,1253.0,85.4,OK
2024-01-26 07:00:00,PUMP-A01,Zone_A,2.68,1.23,65.7,1864.0,84.2,OK
2024-01-26 07:00:00,PUMP-A02,Zone_A,2.83,1.27,61.5,1860.0,81.4,OK
2024-01-26 07:00:00,PUMP-B01,Zone_B,3.19,1.5,61.8,1847.0,84.3,OK
2024-01-26 07:00:00,COMP-C01,Zone_C,4.24,2.19,82.7,3766.0,80.8,OK
2024-01-26 07:00:00,COMP-C02,Zone_C,4.0,2.02,82.1,3861.0,79.6,OK
2024-01-26 07:00:00,FAN-D01,Zone_B,2.45,1.33,54.5,1268.0,90.5,SUSPECT
2024-01-26 08:00:00,PUMP-A01,Zone_A,3.55,1.77,64.9,1890.0,91.4,OK
2024-01-26 08:00:00,PUMP-A02,Zone_A,2.37,0.98,62.2,1862.0,82.8,OK
2024-01-26 08:00:00,PUMP-B01,Zone_B,2.95,1.54,60.4,1877.0,77.6,OK
2024-01-26 08:00:00,COMP-C01,Zone_C,3.95,1.94,81.5,3907.0,89.7,OK
2024-01-26 08:00:00,COMP-C02,Zone_C,4.19,2.17,81.9,3801.0,80.8,OK
2024-01-26 08:00:00,FAN-D01,Zone_B,2.0,1.12,54.3,1245.0,76.9,OK
2024-01-26 09:00:00,PUMP-A01,Zone_A,3.12,1.8,59.8,1803.0,75.8,OK
2024-01-26 09:00:00,PUMP-A02,Zone_A,2.75,1.49,59.5,1841.0,81.5,OK
2024-01-26 09:00:00,PUMP-B01,Zone_B,2.48,1.18,59.1,1843.0,81.4,OK
2024-01-26 09:00:00,COMP-C01,Zone_C,3.73,1.97,78.1,3826.0,80.1,OK
2024-01-26 09:00:00,COMP-C02,Zone_C,3.65,1.77,75.6,3791.0,80.2,OK
2024-01-26 09:00:00,FAN-D01,Zone_B,1.9,0.93,49.5,1279.0,82.5,OK
2024-01-26 10:00:00,PUMP-A01,Zone_A,3.41,1.57,61.6,1812.0,78.0,OK
2024-01-26 10:00:00,PUMP-A02,Zone_A,2.53,1.2,62.9,1899.0,84.2,OK
2024-01-26 10:00:00,PUMP-B01,Zone_B,1.99,0.97,63.1,1834.0,75.3,OK
2024-01-26 10:00:00,COMP-C01,Zone_C,3.65,1.69,79.9,3790.0,73.0,OK
2024-01-26 10:00:00,COMP-C02,Zone_C,3.75,1.92,77.6,3845.0,80.0,OK
2024-01-26 10:00:00,FAN-D01,Zone_B,2.24,1.16,47.7,1261.0,78.6,OK
2024-01-26 11:00:00,PUMP-A01,Zone_A,3.28,1.8,64.5,1825.0,74.5,OK
2024-01-26 11:00:00,PUMP-A02,Zone_A,2.21,0.99,62.0,1871.0,81.1,OK
2024-01-26 11:00:00,PUMP-B01,Zone_B,2.72,1.35,63.8,1809.0,65.4,OK
2024-01-26 11:00:00,COMP-C01,Zone_C,4.14,2.15,76.5,3720.0,68.5,OK
2024-01-26 11:00:00,COMP-C02,Zone_C,3.79,1.72,75.6,3726.0,71.8,OK
2024-01-26 11:00:00,FAN-D01,Zone_B,2.08,1.12,52.7,1242.0,65.8,OK
2024-01-26 12:00:00,PUMP-A01,Zone_A,3.0,1.57,59.6,1805.0,65.1,OK
2024-01-26 12:00:00,PUMP-A02,Zone_A,1.96,0.95,57.2,1830.0,72.4,OK
2024-01-26 12:00:00,PUMP-B01,Zone_B,2.39,1.2,60.7,1815.0,74.5,OK
2024-01-26 12:00:00,COMP-C01,Zone_C,4.18,2.07,78.5,3724.0,67.5,OK
2024-01-26 12:00:00,COMP-C02,Zone_C,3.34,1.63,75.5,3748.0,71.5,OK
2024-01-26 12:00:00,FAN-D01,Zone_B,2.35,1.11,48.4,1262.0,71.0,OK
2024-01-26 13:00:00,PUMP-A01,Zone_A,2.46,1.2,60.6,1840.0,75.7,OK
2024-01-26 13:00:00,PUMP-A02,Zone_A,2.2,1.08,59.8,1780.0,68.4,OK
2024-01-26 13:00:00,PUMP-B01,Zone_B,2.92,1.54,62.7,1807.0,62.5,OK
2024-01-26 13:00:00,COMP-C01,Zone_C,3.89,1.94,77.8,3749.0,71.0,OK
2024-01-26 13:00:00,COMP-C02,Zone_C,3.66,1.87,76.5,3710.0,65.0,OK
2024-01-26 13:00:00,FAN-D01,Zone_B,2.19,1.07,44.9,1224.0,66.4,OK
2024-01-26 14:00:00,PUMP-A01,Zone_A,2.7,1.41,57.2,1781.0,60.4,OK
2024-01-26 14:00:00,PUMP-A02,Zone_A,2.46,1.13,60.3,1798.0,62.6,OK
2024-01-26 14:00:00,PUMP-B01,Zone_B,2.49,1.31,63.7,1831.0,74.8,OK
2024-01-26 14:00:00,COMP-C01,Zone_C,3.79,1.88,75.3,3692.0,59.8,OK
2024-01-26 14:00:00,COMP-C02,Zone_C,2.99,1.47,73.3,3669.0,62.4,OK
2024-01-26 14:00:00,FAN-D01,Zone_B,1.96,1.12,46.8,1246.0,59.0,OK
2024-01-26 15:00:00,PUMP-A01,Zone_A,2.53,1.25,58.0,1776.0,56.5,OK
2024-01-26 15:00:00,PUMP-A02,Zone_A,1.62,0.72,59.4,1742.0,53.0,OK
2024-01-26 15:00:00,PUMP-B01,Zone_B,2.28,1.38,58.9,1738.0,54.4,OK
2024-01-26 15:00:00,COMP-C01,Zone_C,2.91,1.34,77.0,3719.0,67.9,OK
2024-01-26 15:00:00,COMP-C02,Zone_C,3.99,1.86,76.9,3658.0,57.8,OK
2024-01-26 15:00:00,FAN-D01,Zone_B,1.39,0.66,44.7,1216.0,50.3,OK
2024-01-26 16:00:00,PUMP-A01,Zone_A,2.89,1.5,59.8,1795.0,59.6,OK
2024-01-26 16:00:00,PUMP-A02,Zone_A,2.17,1.01,57.4,1774.0,51.8,OK
2024-01-26 16:00:00,PUMP-B01,Zone_B,2.63,1.51,63.5,1776.0,58.9,OK
2024-01-26 16:00:00,COMP-C01,Zone_C,3.7,1.9,76.5,3668.0,57.5,OK
2024-01-26 16:00:00,COMP-C02,Zone_C,3.66,1.76,75.2,3603.0,51.3,OK
2024-01-26 16:00:00,FAN-D01,Zone_B,1.64,0.93,47.5,1211.0,49.1,OK
2024-01-26 17:00:00,PUMP-A01,Zone_A,3.03,1.64,54.8,1775.0,52.9,OK
2024-01-26 17:00:00,PUMP-A02,Zone_A,2.02,1.2,52.8,1756.0,52.5,OK
2024-01-26 17:00:00,PUMP-B01,Zone_B,2.41,1.3,57.2,1779.0,56.1,OK
2024-01-26 17:00:00,COMP-C01,Zone_C,4.09,2.06,79.6,3610.0,56.4,OK
2024-01-26 17:00:00,COMP-C02,Zone_C,3.11,1.47,75.9,3678.0,63.7,OK
2024-01-26 17:00:00,FAN-D01,Zone_B,2.38,1.05,49.1,1191.0,63.2,OK
2024-01-26 18:00:00,PUMP-A01,Zone_A,2.75,1.38,59.6,1804.0,59.0,OK
2024-01-26 18:00:00,PUMP-A02,Zone_A,2.56,1.25,59.4,1752.0,51.1,OK
2024-01-26 18:00:00,PUMP-B01,Zone_B,2.12,1.09,60.4,1761.0,45.7,OK
2024-01-26 18:00:00,COMP-C01,Zone_C,3.53,1.74,75.3,3618.0,52.2,OK
2024-01-26 18:00:00,COMP-C02,Zone_C,3.86,1.91,77.6,3705.0,62.8,OK
2024-01-26 18:00:00,FAN-D01,Zone_B,1.01,0.74,45.4,1212.0,53.5,OK
2024-01-26 19:00:00,PUMP-A01,Zone_A,2.67,1.27,56.7,1756.0,52.9,OK
2024-01-26 19:00:00,PUMP-A02,Zone_A,1.52,0.74,53.6,1739.0,47.4,OK
2024-01-26 19:00:00,PUMP-B01,Zone_B,1.82,1.01,55.2,1764.0,55.0,OK
2024-01-26 19:00:00,COMP-C01,Zone_C,4.02,2.04,74.1,3598.0,54.3,OK
2024-01-26 19:00:00,COMP-C02,Zone_C,3.27,1.62,73.7,3643.0,58.9,OK
2024-01-26 19:00:00,FAN-D01,Zone_B,1.45,0.67,45.6,1218.0,47.1,OK
2024-01-26 20:00:00,PUMP-A01,Zone_A,3.14,1.59,62.0,1762.0,57.9,OK
2024-01-26 20:00:00,PUMP-A02,Zone_A,2.45,1.27,58.3,1772.0,51.7,OK
2024-01-26 20:00:00,PUMP-B01,Zone_B,2.69,1.28,56.9,1791.0,58.2,OK
2024-01-26 20:00:00,COMP-C01,Zone_C,3.36,1.68,71.7,3675.0,56.8,OK
2024-01-26 20:00:00,COMP-C02,Zone_C,3.21,1.56,78.0,3637.0,57.3,OK
2024-01-26 20:00:00,FAN-D01,Zone_B,1.26,0.65,47.6,1215.0,56.7,OK
2024-01-26 21:00:00,PUMP-A01,Zone_A,2.78,1.23,59.7,1753.0,54.1,OK
2024-01-26 21:00:00,PUMP-A02,Zone_A,2.46,1.31,60.3,1737.0,50.6,SUSPECT
2024-01-26 21:00:00,PUMP-B01,Zone_B,2.09,1.01,59.6,1776.0,60.2,OK
2024-01-26 21:00:00,COMP-C01,Zone_C,3.99,1.89,77.5,3650.0,59.6,OK
2024-01-26 21:00:00,COMP-C02,Zone_C,3.27,1.74,76.3,3647.0,58.5,OK
2024-01-26 21:00:00,FAN-D01,Zone_B,1.72,0.87,47.2,1237.0,64.4,OK
2024-01-26 22:00:00,PUMP-A01,Zone_A,3.03,1.5,57.7,1760.0,54.8,SUSPECT
2024-01-26 22:00:00,PUMP-A02,Zone_A,2.48,1.32,58.0,1763.0,54.8,OK
2024-01-26 22:00:00,PUMP-B01,Zone_B,2.62,1.31,55.6,1777.0,56.2,OK
2024-01-26 22:00:00,COMP-C01,Zone_C,3.19,1.61,74.9,3720.0,64.4,OK
2024-01-26 22:00:00,COMP-C02,Zone_C,3.54,1.76,76.7,3724.0,63.1,OK
2024-01-26 22:00:00,FAN-D01,Zone_B,2.07,1.06,46.5,1267.0,56.4,OK
2024-01-26 23:00:00,PUMP-A01,Zone_A,3.12,1.43,61.5,1805.0,64.9,OK
2024-01-26 23:00:00,PUMP-A02,Zone_A,2.29,1.21,61.2,1810.0,62.0,OK
2024-01-26 23:00:00,PUMP-B01,Zone_B,2.01,1.18,58.1,1846.0,67.0,SUSPECT
2024-01-26 23:00:00,COMP-C01,Zone_C,3.75,1.97,76.3,3733.0,69.0,OK
2024-01-26 23:00:00,COMP-C02,Zone_C,4.57,2.4,80.9,3722.0,68.5,OK
2024-01-26 23:00:00,FAN-D01,Zone_B,1.57,0.88,50.1,1229.0,64.4,OK
2024-01-27 00:00:00,PUMP-A01,Zone_A,2.58,1.43,61.0,1810.0,71.6,SUSPECT
2024-01-27 00:00:00,PUMP-A02,Zone_A,2.92,1.52,58.7,1783.0,63.2,OK
2024-01-27 00:00:00,PUMP-B01,Zone_B,2.62,1.45,63.5,1810.0,75.7,OK
2024-01-27 00:00:00,COMP-C01,Zone_C,4.56,2.25,80.2,3764.0,71.8,OK
2024-01-27 00:00:00,COMP-C02,Zone_C,2.98,1.39,75.4,3746.0,70.9,SUSPECT
2024-01-27 00:00:00,FAN-D01,Zone_B,1.1,0.56,45.6,1261.0,73.6,OK
2024-01-27 01:00:00,PUMP-A01,Zone_A,3.03,1.49,60.5,1782.0,66.3,OK
2024-01-27 01:00:00,PUMP-A02,Zone_A,2.03,0.99,59.8,1789.0,70.8,OK
2024-01-27 01:00:00,PUMP-B01,Zone_B,2.05,0.95,61.3,1889.0,82.6,OK
2024-01-27 01:00:00,COMP-C01,Zone_C,3.69,1.72,74.1,3741.0,67.3,OK
2024-01-27 01:00:00,COMP-C02,Zone_C,4.34,1.95,81.1,3827.0,78.8,OK
2024-01-27 01:00:00,FAN-D01,Zone_B,2.04,1.09,47.0,1254.0,64.0,SUSPECT
2024-01-27 02:00:00,PUMP-A01,Zone_A,3.0,1.67,65.1,1843.0,74.7,OK
2024-01-27 02:00:00,PUMP-A02,Zone_A,2.15,1.04,61.9,1847.0,74.5,OK
2024-01-27 02:00:00,PUMP-B01,Zone_B,2.99,1.47,61.8,1894.0,89.2,OK
2024-01-27 02:00:00,COMP-C01,Zone_C,3.75,1.91,74.3,3836.0,77.6,SUSPECT
2024-01-27 02:00:00,COMP-C02,Zone_C,3.93,1.86,79.9,3813.0,78.7,OK
2024-01-27 02:00:00,FAN-D01,Zone_B,1.64,0.95,51.0,1264.0,81.3,OK
2024-01-27 03:00:00,PUMP-A01,Zone_A,3.23,1.51,66.1,1865.0,80.1,OK
2024-01-27 03:00:00,PUMP-A02,Zone_A,2.8,1.38,64.4,1900.0,83.1,OK
2024-01-27 03:00:00,PUMP-B01,Zone_B,2.41,1.09,63.0,1826.0,75.7,OK
2024-01-27 03:00:00,COMP-C01,Zone_C,3.47,1.66,75.2,3879.0,87.2,OK
2024-01-27 03:00:00,COMP-C02,Zone_C,4.12,2.08,79.6,3825.0,80.0,OK
2024-01-27 03:00:00,FAN-D01,Zone_B,1.72,0.79,48.9,1303.0,81.5,OK
2024-01-27 04:00:00,PUMP-A01,Zone_A,3.5,1.74,61.5,1853.0,80.3,OK
2024-01-27 04:00:00,PUMP-A02,Zone_A,2.67,1.32,60.5,1860.0,83.1,OK
2024-01-27 04:00:00,PUMP-B01,Zone_B,2.94,1.36,60.3,1881.0,83.6,OK
2024-01-27 04:00:00,COMP-C01,Zone_C,3.97,1.9,77.7,3816.0,81.4,OK
2024-01-27 04:00:00,COMP-C02,Zone_C,3.95,2.11,79.1,3882.0,87.7,OK
2024-01-27 04:00:00,FAN-D01,Zone_B,1.76,0.88,46.8,1238.0,77.1,OK
2024-01-27 05:00:00,PUMP-A01,Zone_A,2.7,1.45,60.0,1860.0,82.0,OK
2024-01-27 05:00:00,PUMP-A02,Zone_A,2.96,1.36,59.6,1858.0,78.8,OK
2024-01-27 05:00:00,PUMP-B01,Zone_B,2.79,1.39,61.3,1886.0,85.4,OK
2024-01-27 05:00:00,COMP-C01,Zone_C,3.96,2.02,83.3,3836.0,86.5,OK
2024-01-27 05:00:00,COMP-C02,Zone_C,3.59,1.7,77.2,3923.0,91.0,OK
2024-01-27 05:00:00,FAN-D01,Zone_B,1.65,0.69,53.3,1287.0,85.8,OK
2024-01-27 06:00:00,PUMP-A01,Zone_A,2.89,1.48,63.3,1845.0,81.9,OK
2024-01-27 06:00:00,PUMP-A02,Zone_A,3.24,1.72,63.9,1849.0,90.5,OK
2024-01-27 06:00:00,PUMP-B01,Zone_B,2.69,1.46,61.8,1872.0,86.2,OK
2024-01-27 06:00:00,COMP-C01,Zone_C,3.92,1.78,77.3,3896.0,84.8,OK
2024-01-27 06:00:00,COMP-C02,Zone_C,3.27,1.52,79.0,3899.0,88.7,OK
2024-01-27 06:00:00,FAN-D01,Zone_B,2.46,1.12,51.8,1312.0,96.7,OK
2024-01-27 07:00:00,PUMP-A01,Zone_A,2.71,1.54,64.5,1859.0,80.2,OK
2024-01-27 07:00:00,PUMP-A02,Zone_A,2.79,1.65,62.2,1913.0,87.8,OK
2024-01-27 07:00:00,PUMP-B01,Zone_B,2.81,1.5,63.6,1898.0,89.1,OK
2024-01-27 07:00:00,COMP-C01,Zone_C,4.16,2.03,77.4,3866.0,88.8,OK
2024-01-27 07:00:00,COMP-C02,Zone_C,4.07,2.02,79.6,3804.0,79.8,OK
2024-01-27 07:00:00,FAN-D01,Zone_B,2.26,1.15,50.3,1268.0,85.9,OK
2024-01-27 08:00:00,PUMP-A01,Zone_A,3.1,1.53,65.1,1898.0,85.4,OK
2024-01-27 08:00:00,PUMP-A02,Zone_A,2.59,1.27,58.5,1865.0,85.4,OK
2024-01-27 08:00:00,PUMP-B01,Zone_B,2.41,1.25,64.0,1886.0,84.9,OK
2024-01-27 08:00:00,COMP-C01,Zone_C,3.66,1.92,80.9,3812.0,78.2,OK
2024-01-27 08:00:00,COMP-C02,Zone_C,3.88,2.04,77.6,3892.0,88.5,OK
2024-01-27 08:00:00,FAN-D01,Zone_B,2.09,0.94,54.7,1291.0,84.0,OK
2024-01-27 09:00:00,PUMP-A01,Zone_A,3.19,1.59,62.1,1807.0,76.5,OK
2024-01-27 09:00:00,PUMP-A02,Zone_A,2.57,1.14,61.3,1814.0,75.7,OK
2024-01-27 09:00:00,PUMP-B01,Zone_B,2.51,1.22,60.6,1820.0,75.9,OK
2024-01-27 09:00:00,COMP-C01,Zone_C,3.59,1.76,76.2,3762.0,76.1,OK
2024-01-27 09:00:00,COMP-C02,Zone_C,4.14,2.04,79.0,3857.0,84.9,OK
2024-01-27 09:00:00,FAN-D01,Zone_B,1.33,0.78,44.7,1279.0,78.6,OK
2024-01-27 10:00:00,PUMP-A01,Zone_A,3.55,1.85,62.0,1871.0,80.3,OK
2024-01-27 10:00:00,PUMP-A02,Zone_A,2.73,1.4,61.3,1870.0,79.5,OK
2024-01-27 10:00:00,PUMP-B01,Zone_B,2.43,1.25,57.0,1789.0,68.4,OK
2024-01-27 10:00:00,COMP-C01,Zone_C,4.12,2.07,78.7,3785.0,76.9,OK
2024-01-27 10:00:00,COMP-C02,Zone_C,3.35,1.83,75.8,3788.0,79.3,OK
2024-01-27 10:00:00,FAN-D01,Zone_B,1.89,1.15,55.4,1277.0,82.2,OK
2024-01-27 11:00:00,PUMP-A01,Zone_A,2.41,1.26,57.1,1841.0,70.3,OK
2024-01-27 11:00:00,PUMP-A02,Zone_A,2.51,1.25,59.3,1822.0,72.1,OK
2024-01-27 11:00:00,PUMP-B01,Zone_B,2.57,1.3,62.6,1835.0,65.2,OK
2024-01-27 11:00:00,COMP-C01,Zone_C,3.58,1.81,78.6,3745.0,74.6,OK
2024-01-27 11:00:00,COMP-C02,Zone_C,3.56,1.65,79.7,3768.0,70.6,OK
2024-01-27 11:00:00,FAN-D01,Zone_B,2.14,0.93,50.5,1249.0,75.2,OK
2024-01-27 12:00:00,PUMP-A01,Zone_A,2.69,1.43,58.5,1823.0,68.1,OK
2024-01-27 12:00:00,PUMP-A02,Zone_A,2.94,1.22,60.0,1815.0,74.4,OK
2024-01-27 12:00:00,PUMP-B01,Zone_B,2.88,1.33,61.2,1792.0,65.1,OK
2024-01-27 12:00:00,COMP-C01,Zone_C,3.29,1.67,77.0,3744.0,71.1,OK
2024-01-27 12:00:00,COMP-C02,Zone_C,3.45,1.51,75.8,3775.0,74.6,OK
2024-01-27 12:00:00,FAN-D01,Zone_B,2.21,1.26,46.2,1233.0,64.3,OK
2024-01-27 13:00:00,PUMP-A01,Zone_A,3.37,1.62,60.0,1818.0,69.5,OK
2024-01-27 13:00:00,PUMP-A02,Zone_A,2.67,1.17,59.3,1778.0,63.1,OK
2024-01-27 13:00:00,PUMP-B01,Zone_B,2.77,1.42,60.2,1814.0,61.5,OK
2024-01-27 13:00:00,COMP-C01,Zone_C,3.43,1.78,75.1,3699.0,63.5,OK
2024-01-27 13:00:00,COMP-C02,Zone_C,3.93,2.03,78.9,3699.0,66.4,OK
2024-01-27 13:00:00,FAN-D01,Zone_B,1.74,0.79,47.9,1265.0,63.7,OK
2024-01-27 14:00:00,PUMP-A01,Zone_A,3.12,1.43,62.1,1780.0,65.7,OK
2024-01-27 14:00:00,PUMP-A02,Zone_A,2.45,1.27,58.1,1773.0,59.3,OK
2024-01-27 14:00:00,PUMP-B01,Zone_B,2.16,1.01,54.9,1772.0,63.3,OK
2024-01-27 14:00:00,COMP-C01,Zone_C,4.01,1.95,78.4,3685.0,68.1,OK
2024-01-27 14:00:00,COMP-C02,Zone_C,3.19,1.68,75.3,3590.0,52.4,OK
2024-01-27 14:00:00,FAN-D01,Zone_B,1.53,0.78,48.3,1202.0,63.2,OK
2024-01-27 15:00:00,PUMP-A01,Zone_A,2.54,1.37,56.9,1798.0,65.2,SUSPECT
2024-01-27 15:00:00,PUMP-A02,Zone_A,2.55,1.07,60.3,1812.0,69.1,OK
2024-01-27 15:00:00,PUMP-B01,Zone_B,2.03,0.98,55.3,1785.0,60.1,OK
2024-01-27 15:00:00,COMP-C01,Zone_C,3.22,1.66,74.5,3652.0,62.3,OK
2024-01-27 15:00:00,COMP-C02,Zone_C,3.26,1.44,77.5,3689.0,60.2,OK
2024-01-27 15:00:00,FAN-D01,Zone_B,1.88,0.94,45.0,1193.0,54.7,OK
2024-01-27 16:00:00,PUMP-A01,Zone_A,2.64,1.34,59.5,1738.0,52.2,OK
2024-01-27 16:00:00,PUMP-A02,Zone_A,2.25,1.22,59.2,1773.0,57.6,OK
2024-01-27 16:00:00,PUMP-B01,Zone_B,2.29,1.01,59.8,1786.0,61.4,OK
2024-01-27 16:00:00,COMP-C01,Zone_C,3.81,1.93,76.9,3681.0,63.6,OK
2024-01-27 16:00:00,COMP-C02,Zone_C,3.98,2.12,78.0,3586.0,47.6,OK
2024-01-27 16:00:00,FAN-D01,Zone_B,1.69,0.77,48.8,1214.0,58.2,OK
2024-01-27 17:00:00,PUMP-A01,Zone_A,2.6,1.23,58.4,1751.0,52.0,OK
2024-01-27 17:00:00,PUMP-A02,Zone_A,2.35,1.37,55.2,1737.0,52.7,OK
2024-01-27 17:00:00,PUMP-B01,Zone_B,2.45,1.08,61.2,1725.0,47.5,OK
2024-01-27 17:00:00,COMP-C01,Zone_C,3.52,1.56,80.5,3665.0,61.5,OK
2024-01-27 17:00:00,COMP-C02,Zone_C,3.16,1.71,71.8,3637.0,54.8,OK
2024-01-27 17:00:00,FAN-D01,Zone_B,2.26,1.1,46.9,1212.0,49.8,OK
2024-01-27 18:00:00,PUMP-A01,Zone_A,2.48,1.15,53.7,1746.0,49.7,OK
2024-01-27 18:00:00,PUMP-A02,Zone_A,2.07,1.1,56.2,1760.0,55.7,OK
2024-01-27 18:00:00,PUMP-B01,Zone_B,2.51,1.3,55.6,1731.0,45.8,OK
2024-01-27 18:00:00,COMP-C01,Zone_C,3.28,1.66,73.1,3617.0,51.0,OK
2024-01-27 18:00:00,COMP-C02,Zone_C,2.93,1.44,74.3,3631.0,56.6,OK
2024-01-27 18:00:00,FAN-D01,Zone_B,1.63,0.91,42.3,1188.0,43.9,OK
2024-01-27 19:00:00,PUMP-A01,Zone_A,2.32,1.19,57.3,1804.0,60.1,OK
2024-01-27 19:00:00,PUMP-A02,Zone_A,1.95,0.93,58.7,1770.0,48.5,OK
2024-01-27 19:00:00,PUMP-B01,Zone_B,2.64,1.39,58.7,1761.0,53.6,OK
2024-01-27 19:00:00,COMP-C01,Zone_C,3.45,1.91,73.8,3658.0,54.2,OK
2024-01-27 19:00:00,COMP-C02,Zone_C,3.2,1.58,73.5,3633.0,58.5,OK
2024-01-27 19:00:00,FAN-D01,Zone_B,1.95,0.95,46.8,1209.0,53.6,OK
2024-01-27 20:00:00,PUMP-A01,Zone_A,2.61,1.14,60.0,1810.0,66.7,OK
2024-01-27 20:00:00,PUMP-A02,Zone_A,2.55,1.13,57.4,1774.0,55.7,OK
2024-01-27 20:00:00,PUMP-B01,Zone_B,1.95,0.99,56.8,1787.0,57.8,OK
2024-01-27 20:00:00,COMP-C01,Zone_C,3.59,1.81,77.2,3660.0,59.5,OK
2024-01-27 20:00:00,COMP-C02,Zone_C,3.18,1.52,71.4,3555.0,40.5,OK
2024-01-27 20:00:00,FAN-D01,Zone_B,1.22,0.62,47.1,1182.0,52.3,OK
2024-01-27 21:00:00,PUMP-A01,Zone_A,2.42,1.26,57.0,1791.0,62.2,OK
2024-01-27 21:00:00,PUMP-A02,Zone_A,2.19,1.04,58.1,1779.0,62.6,OK
2024-01-27 21:00:00,PUMP-B01,Zone_B,2.97,1.3,57.9,1786.0,60.3,OK
2024-01-27 21:00:00,COMP-C01,Zone_C,3.58,1.83,76.4,3640.0,54.0,OK
2024-01-27 21:00:00,COMP-C02,Zone_C,3.14,1.52,76.3,3621.0,57.7,OK
2024-01-27 21:00:00,FAN-D01,Zone_B,1.23,0.83,44.6,1174.0,51.0,OK
2024-01-27 22:00:00,PUMP-A01,Zone_A,3.31,1.58,60.3,1774.0,66.8,OK
2024-01-27 22:00:00,PUMP-A02,Zone_A,2.67,1.1,56.9,1785.0,59.0,OK
2024-01-27 22:00:00,PUMP-B01,Zone_B,2.79,1.53,59.8,1808.0,64.6,OK
2024-01-27 22:00:00,COMP-C01,Zone_C,4.01,1.93,80.4,3709.0,65.2,OK
2024-01-27 22:00:00,COMP-C02,Zone_C,3.68,1.83,72.7,3650.0,56.0,OK
2024-01-27 22:00:00,FAN-D01,Zone_B,1.72,0.82,45.4,1226.0,67.6,OK
2024-01-27 23:00:00,PUMP-A01,Zone_A,3.25,1.7,59.4,1839.0,74.9,OK
2024-01-27 23:00:00,PUMP-A02,Zone_A,2.94,1.57,58.9,1827.0,65.3,OK
2024-01-27 23:00:00,PUMP-B01,Zone_B,2.0,1.22,58.1,1777.0,65.4,OK
2024-01-27 23:00:00,COMP-C01,Zone_C,3.53,1.68,78.4,3727.0,68.3,OK
2024-01-27 23:00:00,COMP-C02,Zone_C,3.44,1.69,76.5,3794.0,76.2,OK
2024-01-27 23:00:00,FAN-D01,Zone_B,2.17,1.14,48.5,1233.0,63.8,OK
2024-01-28 00:00:00,PUMP-A01,Zone_A,2.88,1.28,60.8,1795.0,67.4,OK
2024-01-28 00:00:00,PUMP-A02,Zone_A,2.69,1.32,59.0,1802.0,60.7,OK
2024-01-28 00:00:00,PUMP-B01,Zone_B,2.16,1.19,58.3,1791.0,59.9,OK
2024-01-28 00:00:00,COMP-C01,Zone_C,4.37,1.96,77.8,3718.0,66.5,OK
2024-01-28 00:00:00,COMP-C02,Zone_C,3.57,1.89,78.3,3746.0,69.3,OK
2024-01-28 00:00:00,FAN-D01,Zone_B,1.89,0.97,46.8,1229.0,72.9,OK
2024-01-28 01:00:00,PUMP-A01,Zone_A,2.82,1.42,62.1,1891.0,73.5,OK
2024-01-28 01:00:00,PUMP-A02,Zone_A,2.08,1.02,57.2,1850.0,68.4,OK
2024-01-28 01:00:00,PUMP-B01,Zone_B,2.67,1.28,62.2,1875.0,72.4,OK
2024-01-28 01:00:00,COMP-C01,Zone_C,3.8,1.94,77.2,3743.0,71.0,OK
2024-01-28 01:00:00,COMP-C02,Zone_C,3.34,1.88,73.8,3781.0,68.4,OK
2024-01-28 01:00:00,FAN-D01,Zone_B,2.26,1.12,53.0,1249.0,79.0,OK
2024-01-28 02:00:00,PUMP-A01,Zone_A,3.07,1.57,60.2,1841.0,78.6,OK
2024-01-28 02:00:00,PUMP-A02,Zone_A,2.47,1.28,63.9,1872.0,79.5,OK
2024-01-28 02:00:00,PUMP-B01,Zone_B,2.8,1.37,61.9,1874.0,84.4,OK
2024-01-28 02:00:00,COMP-C01,Zone_C,4.25,2.14,82.1,3790.0,77.3,OK
2024-01-28 02:00:00,COMP-C02,Zone_C,3.98,2.08,78.2,3812.0,75.9,OK
2024-01-28 02:00:00,FAN-D01,Zone_B,1.55,0.82,50.3,1230.0,78.9,OK
2024-01-28 03:00:00,PUMP-A01,Zone_A,2.94,1.58,61.5,1880.0,85.4,OK
2024-01-28 03:00:00,PUMP-A02,Zone_A,2.74,1.39,60.8,1916.0,88.5,OK
2024-01-28 03:00:00,PUMP-B01,Zone_B,2.86,1.38,63.2,1902.0,88.4,OK
2024-01-28 03:00:00,COMP-C01,Zone_C,4.32,2.08,75.9,3788.0,76.0,OK
2024-01-28 03:00:00,COMP-C02,Zone_C,3.39,1.8,78.0,3806.0,82.4,OK
2024-01-28 03:00:00,FAN-D01,Zone_B,1.54,0.62,45.7,1281.0,82.3,OK
2024-01-28 04:00:00,PUMP-A01,Zone_A,3.43,1.71,60.2,1858.0,78.3,OK
2024-01-28 04:00:00,PUMP-A02,Zone_A,2.53,1.34,56.8,1854.0,81.9,OK
2024-01-28 04:00:00,PUMP-B01,Zone_B,2.76,1.34,63.4,1841.0,84.1,OK
2024-01-28 04:00:00,COMP-C01,Zone_C,3.73,2.0,76.8,3880.0,86.9,OK
2024-01-28 04:00:00,COMP-C02,Zone_C,3.89,1.88,75.6,3810.0,82.1,OK
2024-01-28 04:00:00,FAN-D01,Zone_B,1.39,0.77,49.1,1217.0,68.6,SUSPECT
2024-01-28 05:00:00,PUMP-A01,Zone_A,2.63,1.22,63.5,1855.0,82.6,OK
2024-01-28 05:00:00,PUMP-A02,Zone_A,2.96,1.72,62.8,1840.0,87.0,OK
2024-01-28 05:00:00,PUMP-B01,Zone_B,2.04,1.07,61.0,1879.0,77.8,OK
2024-01-28 05:00:00,COMP-C01,Zone_C,3.56,1.92,77.5,3735.0,78.3,OK
2024-01-28 05:00:00,COMP-C02,Zone_C,3.34,1.62,76.3,3853.0,84.8,OK
2024-01-28 05:00:00,FAN-D01,Zone_B,1.73,0.83,48.3,1262.0,78.4,OK
2024-01-28 06:00:00,PUMP-A01,Zone_A,3.07,1.57,63.2,1860.0,78.3,OK
2024-01-28 06:00:00,PUMP-A02,Zone_A,2.68,1.37,59.1,1834.0,87.3,OK
2024-01-28 06:00:00,PUMP-B01,Zone_B,3.1,1.45,65.8,1889.0,88.8,OK
2024-01-28 06:00:00,COMP-C01,Zone_C,3.92,1.71,77.8,3884.0,90.9,OK
2024-01-28 06:00:00,COMP-C02,Zone_C,3.62,1.89,81.0,3894.0,88.5,OK
2024-01-28 06:00:00,FAN-D01,Zone_B,2.06,0.94,52.6,1293.0,85.8,OK
2024-01-28 07:00:00,PUMP-A01,Zone_A,3.25,1.6,63.6,1824.0,81.9,OK
2024-01-28 07:00:00,PUMP-A02,Zone_A,3.14,1.64,60.5,1860.0,77.1,OK
2024-01-28 07:00:00,PUMP-B01,Zone_B,2.53,1.28,63.3,1846.0,84.6,OK
2024-01-28 07:00:00,COMP-C01,Zone_C,4.1,2.1,81.3,3803.0,81.5,OK
2024-01-28 07:00:00,COMP-C02,Zone_C,3.85,1.81,75.4,3856.0,83.5,OK
2024-01-28 07:00:00,FAN-D01,Zone_B,1.76,0.97,53.0,1261.0,88.6,OK
2024-01-28 08:00:00,PUMP-A01,Zone_A,2.81,1.38,59.3,1811.0,74.7,OK
2024-01-28 08:00:00,PUMP-A02,Zone_A,2.98,1.63,65.0,1835.0,77.2,OK
2024-01-28 08:00:00,PUMP-B01,Zone_B,3.25,1.63,65.4,1909.0,86.5,OK
2024-01-28 08:00:00,COMP-C01,Zone_C,3.93,2.01,78.9,3754.0,69.6,SUSPECT
2024-01-28 08:00:00,COMP-C02,Zone_C,3.57,1.81,81.5,3838.0,81.8,OK
2024-01-28 08:00:00,FAN-D01,Zone_B,1.66,0.66,50.2,1309.0,81.1,OK
2024-01-28 09:00:00,PUMP-A01,Zone_A,3.05,1.52,59.2,1849.0,83.8,OK
2024-01-28 09:00:00,PUMP-A02,Zone_A,2.59,1.35,62.4,1849.0,76.5,OK
2024-01-28 09:00:00,PUMP-B01,Zone_B,2.88,1.4,60.1,1848.0,78.6,OK
2024-01-28 09:00:00,COMP-C01,Zone_C,3.78,1.79,81.8,3735.0,69.3,OK
2024-01-28 09:00:00,COMP-C02,Zone_C,3.92,2.03,75.2,3875.0,87.6,OK
2024-01-28 09:00:00,FAN-D01,Zone_B,1.51,0.68,54.7,1310.0,80.5,OK
2024-01-28 10:00:00,PUMP-A01,Zone_A,2.82,1.35,62.1,1826.0,71.3,OK
2024-01-28 10:00:00,PUMP-A02,Zone_A,3.26,1.57,62.5,1908.0,85.7,OK
2024-01-28 10:00:00,PUMP-B01,Zone_B,3.14,1.55,61.6,1891.0,85.6,OK
2024-01-28 10:00:00,COMP-C01,Zone_C,3.78,1.91,77.4,3787.0,78.1,OK
2024-01-28 10:00:00,COMP-C02,Zone_C,3.84,1.72,79.1,3821.0,80.1,OK
2024-01-28 10:00:00,FAN-D01,Zone_B,2.27,1.3,53.3,1280.0,77.8,OK
2024-01-28 11:00:00,PUMP-A01,Zone_A,3.09,1.6,62.2,1819.0,70.1,OK
2024-01-28 11:00:00,PUMP-A02,Zone_A,2.34,1.05,61.7,1843.0,74.3,OK
2024-01-28 11:00:00,PUMP-B01,Zone_B,3.07,1.56,65.3,1804.0,68.6,OK
2024-01-28 11:00:00,COMP-C01,Zone_C,3.62,1.84,75.0,3809.0,73.3,OK
2024-01-28 11:00:00,COMP-C02,Zone_C,3.29,1.76,78.4,3749.0,71.7,OK
2024-01-28 11:00:00,FAN-D01,Zone_B,1.68,0.73,50.9,1260.0,69.5,OK
2024-01-28 12:00:00,PUMP-A01,Zone_A,3.49,1.7,66.1,1818.0,65.6,OK
2024-01-28 12:00:00,PUMP-A02,Zone_A,2.15,1.23,60.1,1827.0,74.1,OK
2024-01-28 12:00:00,PUMP-B01,Zone_B,2.47,1.21,57.8,1826.0,72.0,OK
2024-01-28 12:00:00,COMP-C01,Zone_C,3.44,1.75,77.2,3740.0,66.6,OK
2024-01-28 12:00:00,COMP-C02,Zone_C,3.77,1.82,75.0,3729.0,67.7,OK
2024-01-28 12:00:00,FAN-D01,Zone_B,1.42,0.49,47.4,1237.0,69.3,OK
2024-01-28 13:00:00,PUMP-A01,Zone_A,3.15,1.69,61.2,1831.0,72.0,OK
2024-01-28 13:00:00,PUMP-A02,Zone_A,2.37,1.35,58.6,1790.0,66.1,OK
2024-01-28 13:00:00,PUMP-B01,Zone_B,2.37,1.28,58.8,1776.0,69.8,OK
2024-01-28 13:00:00,COMP-C01,Zone_C,3.47,1.85,75.9,3681.0,62.5,OK
2024-01-28 13:00:00,COMP-C02,Zone_C,3.42,1.68,76.8,3739.0,69.7,OK
2024-01-28 13:00:00,FAN-D01,Zone_B,1.77,0.91,48.9,1277.0,69.4,OK
2024-01-28 14:00:00,PUMP-A01,Zone_A,3.25,1.69,59.3,1817.0,62.7,OK
2024-01-28 14:00:00,PUMP-A02,Zone_A,2.56,1.24,57.8,1768.0,61.8,OK
2024-01-28 14:00:00,PUMP-B01,Zone_B,2.49,1.18,60.0,1796.0,58.2,OK
2024-01-28 14:00:00,COMP-C01,Zone_C,3.54,1.79,76.6,3671.0,61.7,OK
2024-01-28 14:00:00,COMP-C02,Zone_C,3.88,1.81,77.5,3683.0,60.1,OK
2024-01-28 14:00:00,FAN-D01,Zone_B,1.7,0.85,49.6,1276.0,66.7,OK
2024-01-28 15:00:00,PUMP-A01,Zone_A,3.04,1.27,59.9,1798.0,58.2,OK
2024-01-28 15:00:00,PUMP-A02,Zone_A,2.36,1.21,59.6,1789.0,57.4,OK
2024-01-28 15:00:00,PUMP-B01,Zone_B,2.36,1.18,60.6,1740.0,55.2,OK
2024-01-28 15:00:00,COMP-C01,Zone_C,3.19,1.54,75.9,3671.0,53.2,OK
2024-01-28 15:00:00,COMP-C02,Zone_C,3.0,1.51,78.4,3632.0,53.2,OK
2024-01-28 15:00:00,FAN-D01,Zone_B,1.38,0.6,41.8,1226.0,57.7,OK
2024-01-28 16:00:00,PUMP-A01,Zone_A,2.64,1.36,60.6,1750.0,52.5,OK
2024-01-28 16:00:00,PUMP-A02,Zone_A,2.47,1.15,57.4,1746.0,51.8,OK
2024-01-28 16:00:00,PUMP-B01,Zone_B,2.59,1.28,58.3,1770.0,62.1,OK
2024-01-28 16:00:00,COMP-C01,Zone_C,3.81,1.87,76.0,3630.0,56.5,OK
2024-01-28 16:00:00,COMP-C02,Zone_C,3.77,1.91,75.8,3566.0,48.2,OK
2024-01-28 16:00:00,FAN-D01,Zone_B,1.25,0.63,47.1,1255.0,55.6,OK
2024-01-28 17:00:00,PUMP-A01,Zone_A,2.21,1.1,54.4,1735.0,43.2,OK
2024-01-28 17:00:00,PUMP-A02,Zone_A,2.41,1.23,60.1,1754.0,55.5,OK
2024-01-28 17:00:00,PUMP-B01,Zone_B,2.59,1.27,60.2,1763.0,56.2,OK
2024-01-28 17:00:00,COMP-C01,Zone_C,3.52,1.75,71.3,3599.0,50.5,OK
2024-01-28 17:00:00,COMP-C02,Zone_C,3.23,1.59,74.3,3535.0,41.6,OK
2024-01-28 17:00:00,FAN-D01,Zone_B,2.04,0.88,48.8,1230.0,53.1,OK
2024-01-28 18:00:00,PUMP-A01,Zone_A,2.63,1.42,60.4,1751.0,57.1,OK
2024-01-28 18:00:00,PUMP-A02,Zone_A,2.59,1.2,63.2,1826.0,64.9,SUSPECT
2024-01-28 18:00:00,PUMP-B01,Zone_B,1.88,0.87,56.6,1757.0,50.3,OK
2024-01-28 18:00:00,COMP-C01,Zone_C,3.66,1.93,75.4,3524.0,43.7,OK
2024-01-28 18:00:00,COMP-C02,Zone_C,2.87,1.53,74.9,3717.0,66.0,OK
2024-01-28 18:00:00,FAN-D01,Zone_B,1.66,1.05,47.1,1205.0,55.3,OK
2024-01-28 19:00:00,PUMP-A01,Zone_A,2.81,1.25,58.5,1766.0,47.4,OK
2024-01-28 19:00:00,PUMP-A02,Zone_A,1.93,1.07,55.8,1762.0,60.7,OK
2024-01-28 19:00:00,PUMP-B01,Zone_B,2.46,1.3,59.6,1737.0,53.1,OK
2024-01-28 19:00:00,COMP-C01,Zone_C,4.17,2.22,78.9,3651.0,54.2,OK
2024-01-28 19:00:00,COMP-C02,Zone_C,3.57,1.8,78.5,3634.0,58.1,OK
2024-01-28 19:00:00,FAN-D01,Zone_B,1.73,0.78,47.1,1210.0,59.5,OK
2024-01-28 20:00:00,PUMP-A01,Zone_A,2.63,1.33,55.8,1779.0,55.6,OK
2024-01-28 20:00:00,PUMP-A02,Zone_A,2.43,1.26,59.9,1742.0,52.8,OK
2024-01-28 20:00:00,PUMP-B01,Zone_B,2.73,1.27,60.5,1830.0,55.7,OK
2024-01-28 20:00:00,COMP-C01,Zone_C,3.35,1.45,72.7,3631.0,57.3,OK
2024-01-28 20:00:00,COMP-C02,Zone_C,3.39,1.62,78.5,3613.0,59.0,OK
2024-01-28 20:00:00,FAN-D01,Zone_B,1.82,0.85,48.4,1251.0,71.7,OK
2024-01-28 21:00:00,PUMP-A01,Zone_A,3.16,1.52,62.6,1851.0,69.3,OK
2024-01-28 21:00:00,PUMP-A02,Zone_A,3.06,1.4,59.6,1828.0,60.7,OK
2024-01-28 21:00:00,PUMP-B01,Zone_B,1.83,0.99,55.1,1775.0,55.4,OK
2024-01-28 21:00:00,COMP-C01,Zone_C,3.83,1.97,75.1,3617.0,49.1,OK
2024-01-28 21:00:00,COMP-C02,Zone_C,3.2,1.51,78.1,3704.0,68.7,OK
2024-01-28 21:00:00,FAN-D01,Zone_B,2.0,1.14,46.6,1249.0,67.6,OK
2024-01-28 22:00:00,PUMP-A01,Zone_A,2.73,1.34,59.9,1769.0,56.1,OK
2024-01-28 22:00:00,PUMP-A02,Zone_A,1.73,0.9,57.9,1775.0,57.5,OK
2024-01-28 22:00:00,PUMP-B01,Zone_B,2.23,1.05,63.0,1789.0,66.7,OK
2024-01-28 22:00:00,COMP-C01,Zone_C,4.08,2.16,77.2,3714.0,65.0,OK
2024-01-28 22:00:00,COMP-C02,Zone_C,3.23,1.48,72.9,3642.0,53.7,OK
2024-01-28 22:00:00,FAN-D01,Zone_B,1.52,0.75,44.3,1224.0,56.2,OK
2024-01-28 23:00:00,PUMP-A01,Zone_A,3.11,1.55,62.8,1762.0,54.9,OK
2024-01-28 23:00:00,PUMP-A02,Zone_A,2.35,1.32,63.2,1829.0,68.4,OK
2024-01-28 23:00:00,PUMP-B01,Zone_B,2.43,1.07,59.8,1828.0,68.3,OK
2024-01-28 23:00:00,COMP-C01,Zone_C,4.11,1.92,76.0,3740.0,67.9,OK
2024-01-28 23:00:00,COMP-C02,Zone_C,3.3,1.76,76.8,3759.0,72.9,OK
2024-01-28 23:00:00,FAN-D01,Zone_B,1.8,0.76,47.3,1279.0,75.6,OK
2024-01-29 00:00:00,PUMP-A01,Zone_A,3.02,1.48,62.2,1795.0,71.1,OK
2024-01-29 00:00:00,PUMP-A02,Zone_A,2.55,1.33,60.7,1795.0,63.1,OK
2024-01-29 00:00:00,PUMP-B01,Zone_B,2.01,0.87,62.4,1817.0,64.2,OK
2024-01-29 00:00:00,COMP-C01,Zone_C,3.93,1.9,78.7,3791.0,75.6,OK
2024-01-29 00:00:00,COMP-C02,Zone_C,3.14,1.46,76.6,3716.0,65.5,OK
2024-01-29 00:00:00,FAN-D01,Zone_B,2.11,0.97,48.5,1236.0,69.5,OK
2024-01-29 01:00:00,PUMP-A01,Zone_A,2.69,1.28,59.2,1832.0,71.0,OK
2024-01-29 01:00:00,PUMP-A02,Zone_A,2.85,1.58,63.5,1825.0,72.8,OK
2024-01-29 01:00:00,PUMP-B01,Zone_B,3.05,1.62,59.6,1924.0,81.7,OK
2024-01-29 01:00:00,COMP-C01,Zone_C,4.03,1.79,79.8,3688.0,68.0,OK
2024-01-29 01:00:00,COMP-C02,Zone_C,2.98,1.61,79.1,3762.0,74.5,OK
2024-01-29 01:00:00,FAN-D01,Zone_B,2.02,1.06,54.0,1277.0,72.1,OK
2024-01-29 02:00:00,PUMP-A01,Zone_A,3.2,1.45,64.0,1823.0,73.7,OK
2024-01-29 02:00:00,PUMP-A02,Zone_A,2.51,1.25,57.2,1834.0,76.1,OK
2024-01-29 02:00:00,PUMP-B01,Zone_B,2.48,1.23,60.0,1849.0,85.4,OK
2024-01-29 02:00:00,COMP-C01,Zone_C,4.32,2.08,80.0,3785.0,77.5,OK
2024-01-29 02:00:00,COMP-C02,Zone_C,3.3,1.56,78.6,3822.0,79.7,OK
2024-01-29 02:00:00,FAN-D01,Zone_B,1.69,0.83,49.8,1291.0,77.6,OK
2024-01-29 03:00:00,PUMP-A01,Zone_A,2.99,1.35,61.8,1817.0,76.3,OK
2024-01-29 03:00:00,PUMP-A02,Zone_A,2.19,1.26,64.6,1886.0,86.7,OK
2024-01-29 03:00:00,PUMP-B01,Zone_B,3.17,1.59,63.0,1867.0,82.2,OK
2024-01-29 03:00:00,COMP-C01,Zone_C,4.24,2.24,80.4,3826.0,84.0,OK
2024-01-29 03:00:00,COMP-C02,Zone_C,4.18,1.97,81.8,3846.0,81.9,OK
2024-01-29 03:00:00,FAN-D01,Zone_B,2.17,1.13,48.9,1270.0,79.0,OK
2024-01-29 04:00:00,PUMP-A01,Zone_A,3.2,1.85,62.6,1894.0,84.6,OK
2024-01-29 04:00:00,PUMP-A02,Zone_A,2.81,1.42,61.9,1875.0,82.5,OK
2024-01-29 04:00:00,PUMP-B01,Zone_B,2.93,1.6,61.6,1843.0,78.6,OK
2024-01-29 04:00:00,COMP-C01,Zone_C,3.9,2.0,80.5,3845.0,78.3,OK
2024-01-29 04:00:00,COMP-C02,Zone_C,3.41,1.77,77.9,3788.0,77.2,OK
2024-01-29 04:00:00,FAN-D01,Zone_B,1.71,1.05,49.1,1273.0,86.8,OK
2024-01-29 05:00:00,PUMP-A01,Zone_A,3.61,1.85,62.4,1893.0,86.3,OK
2024-01-29 05:00:00,PUMP-A02,Zone_A,2.47,1.48,61.6,1877.0,87.4,OK
2024-01-29 05:00:00,PUMP-B01,Zone_B,2.25,1.14,62.3,1876.0,90.3,OK
2024-01-29 05:00:00,COMP-C01,Zone_C,3.99,2.1,76.4,3839.0,85.0,OK
2024-01-29 05:00:00,COMP-C02,Zone_C,3.55,1.83,78.1,3873.0,83.1,OK
2024-01-29 05:00:00,FAN-D01,Zone_B,2.04,1.08,49.1,1303.0,92.6,OK
2024-01-29 06:00:00,PUMP-A01,Zone_A,3.33,1.62,60.4,1907.0,85.1,OK
2024-01-29 06:00:00,PUMP-A02,Zone_A,3.01,1.41,63.4,1850.0,82.9,OK
2024-01-29 06:00:00,PUMP-B01,Zone_B,2.69,1.42,59.3,1837.0,78.3,SUSPECT
2024-01-29 06:00:00,COMP-C01,Zone_C,3.31,1.75,75.6,3830.0,81.0,OK
2024-01-29 06:00:00,COMP-C02,Zone_C,3.48,1.59,75.9,3863.0,87.0,OK
2024-01-29 06:00:00,FAN-D01,Zone_B,1.79,0.97,52.0,1292.0,81.9,OK
2024-01-29 07:00:00,PUMP-A01,Zone_A,2.91,1.4,60.0,1841.0,75.8,OK
2024-01-29 07:00:00,PUMP-A02,Zone_A,2.24,1.03,60.4,1855.0,84.5,OK
2024-01-29 07:00:00,PUMP-B01,Zone_B,2.48,1.22,59.6,1865.0,83.5,OK
2024-01-29 07:00:00,COMP-C01,Zone_C,3.92,1.82,81.4,3897.0,92.1,OK
2024-01-29 07:00:00,COMP-C02,Zone_C,4.23,2.03,80.3,3830.0,80.9,OK
2024-01-29 07:00:00,FAN-D01,Zone_B,2.31,1.07,50.0,1270.0,84.7,OK
2024-01-29 08:00:00,PUMP-A01,Zone_A,3.05,1.61,65.0,1877.0,80.0,OK
2024-01-29 08:00:00,PUMP-A02,Zone_A,2.86,1.5,58.8,1848.0,82.1,OK
2024-01-29 08:00:00,PUMP-B01,Zone_B,2.5,1.34,61.6,1917.0,92.2,OK
2024-01-29 08:00:00,COMP-C01,Zone_C,3.81,1.83,77.6,3856.0,89.1,OK
2024-01-29 08:00:00,COMP-C02,Zone_C,3.27,1.76,77.3,3904.0,87.3,OK
2024-01-29 08:00:00,FAN-D01,Zone_B,1.42,0.81,48.0,1288.0,84.7,OK
2024-01-29 09:00:00,PUMP-A01,Zone_A,3.11,1.53,63.3,1855.0,76.9,OK
2024-01-29 09:00:00,PUMP-A02,Zone_A,2.54,1.26,61.4,1871.0,80.1,OK
2024-01-29 09:00:00,PUMP-B01,Zone_B,2.71,1.39,61.5,1886.0,82.0,OK
2024-01-29 09:00:00,COMP-C01,Zone_C,3.58,1.85,80.2,3825.0,84.3,OK
2024-01-29 09:00:00,COMP-C02,Zone_C,3.64,1.8,77.6,3816.0,83.4,OK
2024-01-29 09:00:00,FAN-D01,Zone_B,1.49,0.7,50.5,1268.0,81.3,OK
2024-01-29 10:00:00,PUMP-A01,Zone_A,3.04,1.44,62.6,1793.0,71.3,OK
2024-01-29 10:00:00,PUMP-A02,Zone_A,2.41,1.14,60.9,1844.0,70.8,OK
2024-01-29 10:00:00,PUMP-B01,Zone_B,2.03,0.99,62.5,1838.0,73.8,OK
2024-01-29 10:00:00,COMP-C01,Zone_C,3.72,1.86,77.6,3784.0,76.6,OK
2024-01-29 10:00:00,COMP-C02,Zone_C,4.04,2.09,77.8,3818.0,74.3,OK
2024-01-29 10:00:00,FAN-D01,Zone_B,1.4,0.62,52.0,1269.0,83.5,OK
2024-01-29 11:00:00,PUMP-A01,Zone_A,2.87,1.5,64.1,1831.0,67.6,OK
2024-01-29 11:00:00,PUMP-A02,Zone_A,2.46,1.16,62.1,1791.0,70.3,OK
2024-01-29 11:00:00,PUMP-B01,Zone_B,2.53,1.29,58.4,1825.0,70.2,OK
2024-01-29 11:00:00,COMP-C01,Zone_C,3.5,1.64,78.2,3746.0,73.5,OK
2024-01-29 11:00:00,COMP-C02,Zone_C,3.7,1.86,80.8,3804.0,77.9,OK
2024-01-29 11:00:00,FAN-D01,Zone_B,1.74,0.95,46.3,1265.0,75.6,OK
2024-01-29 12:00:00,PUMP-A01,Zone_A,2.38,1.15,57.0,1830.0,75.3,OK
2024-01-29 12:00:00,PUMP-A02,Zone_A,2.35,1.18,60.1,1848.0,72.1,OK
2024-01-29 12:00:00,PUMP-B01,Zone_B,2.62,1.46,61.3,1801.0,64.6,OK
2024-01-29 12:00:00,COMP-C01,Zone_C,3.96,2.0,79.3,3795.0,75.5,OK
2024-01-29 12:00:00,COMP-C02,Zone_C,3.23,1.56,75.0,3774.0,71.8,OK
2024-01-29 12:00:00,FAN-D01,Zone_B,1.1,0.61,45.6,1249.0,73.9,OK
2024-01-29 13:00:00,PUMP-A01,Zone_A,2.69,1.22,56.8,1790.0,60.4,OK
2024-01-29 13:00:00,PUMP-A02,Zone_A,2.6,1.39,58.1,1797.0,60.2,OK
2024-01-29 13:00:00,PUMP-B01,Zone_B,2.39,1.23,59.3,1811.0,65.3,OK
2024-01-29 13:00:00,COMP-C01,Zone_C,3.94,2.13,76.7,3743.0,70.2,OK
2024-01-29 13:00:00,COMP-C02,Zone_C,3.14,1.58,73.8,3712.0,65.3,OK
2024-01-29 13:00:00,FAN-D01,Zone_B,1.56,0.78,50.2,1239.0,61.7,OK
2024-01-29 14:00:00,PUMP-A01,Zone_A,2.84,1.39,60.9,1760.0,61.5,OK
2024-01-29 14:00:00,PUMP-A02,Zone_A,2.53,1.33,58.7,1801.0,62.9,OK
2024-01-29 14:00:00,PUMP-B01,Zone_B,1.78,0.8,57.8,1754.0,51.4,OK
2024-01-29 14:00:00,COMP-C01,Zone_C,3.67,1.78,76.9,3626.0,56.1,OK
2024-01-29 14:00:00,COMP-C02,Zone_C,3.31,1.6,76.3,3674.0,55.7,OK
2024-01-29 14:00:00,FAN-D01,Zone_B,1.44,0.75,49.4,1256.0,69.2,OK
2024-01-29 15:00:00,PUMP-A01,Zone_A,2.97,1.52,60.5,1818.0,68.4,OK
2024-01-29 15:00:00,PUMP-A02,Zone_A,2.53,1.28,58.8,1817.0,63.6,OK
2024-01-29 15:00:00,PUMP-B01,Zone_B,2.25,1.21,61.5,1771.0,61.9,OK
2024-01-29 15:00:00,COMP-C01,Zone_C,3.49,1.83,73.2,3592.0,49.7,OK
2024-01-29 15:00:00,COMP-C02,Zone_C,3.43,1.79,75.4,3591.0,49.2,OK
2024-01-29 15:00:00,FAN-D01,Zone_B,1.95,0.99,47.9,1306.0,68.2,OK
2024-01-29 16:00:00,PUMP-A01,Zone_A,2.69,1.4,59.8,1780.0,56.4,OK
2024-01-29 16:00:00,PUMP-A02,Zone_A,2.12,1.17,57.8,1763.0,52.0,OK
2024-01-29 16:00:00,PUMP-B01,Zone_B,2.47,1.23,57.5,1787.0,48.9,OK
2024-01-29 16:00:00,COMP-C01,Zone_C,3.49,1.65,73.6,3577.0,51.5,OK
2024-01-29 16:00:00,COMP-C02,Zone_C,3.19,1.46,75.7,3673.0,57.1,OK
2024-01-29 16:00:00,FAN-D01,Zone_B,1.88,0.78,49.2,1206.0,56.7,OK
2024-01-29 17:00:00,PUMP-A01,Zone_A,3.0,1.45,61.9,1774.0,52.7,OK
2024-01-29 17:00:00,PUMP-A02,Zone_A,2.25,1.12,58.5,1746.0,55.4,OK
2024-01-29 17:00:00,PUMP-B01,Zone_B,2.18,1.13,55.9,1703.0,49.4,OK
2024-01-29 17:00:00,COMP-C01,Zone_C,3.24,1.69,71.8,3573.0,50.2,OK
2024-01-29 17:00:00,COMP-C02,Zone_C,3.37,1.63,73.7,3633.0,56.4,OK
2024-01-29 17:00:00,FAN-D01,Zone_B,1.72,0.88,47.5,1204.0,50.1,SUSPECT
2024-01-29 18:00:00,PUMP-A01,Zone_A,2.65,1.24,56.2,1770.0,57.2,OK
2024-01-29 18:00:00,PUMP-A02,Zone_A,2.05,0.97,56.6,1788.0,49.4,OK
2024-01-29 18:00:00,PUMP-B01,Zone_B,2.76,1.37,61.7,1774.0,66.4,OK
2024-01-29 18:00:00,COMP-C01,Zone_C,3.28,1.9,79.0,3621.0,55.5,OK
2024-01-29 18:00:00,COMP-C02,Zone_C,3.59,1.9,76.5,3637.0,58.4,OK
2024-01-29 18:00:00,FAN-D01,Zone_B,1.37,0.65,44.1,1226.0,55.0,OK
2024-01-29 19:00:00,PUMP-A01,Zone_A,3.0,1.56,59.3,1766.0,58.6,OK
2024-01-29 19:00:00,PUMP-A02,Zone_A,3.05,1.43,61.6,1742.0,61.3,OK
2024-01-29 19:00:00,PUMP-B01,Zone_B,1.89,0.85,58.0,1747.0,50.3,OK
2024-01-29 19:00:00,COMP-C01,Zone_C,3.83,1.93,77.8,3626.0,52.9,OK
2024-01-29 19:00:00,COMP-C02,Zone_C,3.5,1.87,77.5,3688.0,61.1,OK
2024-01-29 19:00:00,FAN-D01,Zone_B,1.25,0.46,47.4,1226.0,56.6,OK
2024-01-29 20:00:00,PUMP-A01,Zone_A,3.05,1.61,59.9,1805.0,62.7,OK
2024-01-29 20:00:00,PUMP-A02,Zone_A,2.51,1.3,59.1,1803.0,58.7,OK
2024-01-29 20:00:00,PUMP-B01,Zone_B,2.42,1.18,59.7,1772.0,55.3,OK
2024-01-29 20:00:00,COMP-C01,Zone_C,3.24,1.51,73.5,3643.0,53.6,OK
2024-01-29 20:00:00,COMP-C02,Zone_C,3.37,1.61,77.2,3651.0,52.3,OK
2024-01-29 20:00:00,FAN-D01,Zone_B,1.8,0.8,44.9,1222.0,59.5,OK
2024-01-29 21:00:00,PUMP-A01,Zone_A,2.46,1.26,58.9,1788.0,59.8,OK
2024-01-29 21:00:00,PUMP-A02,Zone_A,2.56,1.25,56.8,1746.0,53.4,OK
2024-01-29 21:00:00,PUMP-B01,Zone_B,2.05,0.99,60.0,1759.0,49.7,OK
2024-01-29 21:00:00,COMP-C01,Zone_C,3.73,1.97,77.9,3637.0,58.7,OK
2024-01-29 21:00:00,COMP-C02,Zone_C,4.18,1.97,79.4,3683.0,60.8,SUSPECT
2024-01-29 21:00:00,FAN-D01,Zone_B,2.22,1.26,49.5,1229.0,65.3,OK
2024-01-29 22:00:00,PUMP-A01,Zone_A,2.37,1.08,57.7,1819.0,60.6,OK
2024-01-29 22:00:00,PUMP-A02,Zone_A,2.0,0.85,60.0,1820.0,64.6,OK
2024-01-29 22:00:00,PUMP-B01,Zone_B,2.51,1.26,58.1,1761.0,51.7,OK
2024-01-29 22:00:00,COMP-C01,Zone_C,4.53,2.13,75.8,3658.0,58.5,OK
2024-01-29 22:00:00,COMP-C02,Zone_C,3.49,1.89,75.7,3657.0,56.9,OK
2024-01-29 22:00:00,FAN-D01,Zone_B,1.41,0.79,46.8,1250.0,53.7,OK
2024-01-29 23:00:00,PUMP-A01,Zone_A,2.96,1.46,60.8,1822.0,64.1,OK
2024-01-29 23:00:00,PUMP-A02,Zone_A,2.45,1.17,60.4,1841.0,66.0,OK
2024-01-29 23:00:00,PUMP-B01,Zone_B,2.82,1.39,58.6,1787.0,61.6,OK
2024-01-29 23:00:00,COMP-C01,Zone_C,3.58,1.88,77.5,3654.0,57.3,OK
2024-01-29 23:00:00,COMP-C02,Zone_C,3.9,1.97,78.5,3712.0,65.3,OK
2024-01-29 23:00:00,FAN-D01,Zone_B,1.77,0.99,49.7,1282.0,70.5,OK
2024-01-30 00:00:00,PUMP-A01,Zone_A,3.15,1.52,61.0,1801.0,67.8,OK
2024-01-30 00:00:00,PUMP-A02,Zone_A,2.85,1.42,60.1,1834.0,76.9,OK
2024-01-30 00:00:00,PUMP-B01,Zone_B,2.53,1.21,60.7,1835.0,67.2,OK
2024-01-30 00:00:00,COMP-C01,Zone_C,3.68,1.95,80.8,3761.0,74.9,OK
2024-01-30 00:00:00,COMP-C02,Zone_C,3.4,1.72,79.6,3709.0,64.4,OK
2024-01-30 00:00:00,FAN-D01,Zone_B,1.84,1.1,49.2,1300.0,85.2,OK
2024-01-30 01:00:00,PUMP-A01,Zone_A,3.27,1.64,61.6,1821.0,75.3,OK
2024-01-30 01:00:00,PUMP-A02,Zone_A,2.87,1.37,59.5,1858.0,71.5,OK
2024-01-30 01:00:00,PUMP-B01,Zone_B,2.07,0.96,57.6,1820.0,74.6,OK
2024-01-30 01:00:00,COMP-C01,Zone_C,3.56,1.83,79.0,3762.0,70.6,OK
2024-01-30 01:00:00,COMP-C02,Zone_C,3.28,1.56,78.2,3758.0,72.7,OK
2024-01-30 01:00:00,FAN-D01,Zone_B,1.56,0.79,47.7,1209.0,65.1,OK
2024-01-30 02:00:00,PUMP-A01,Zone_A,2.89,1.5,60.9,1791.0,68.0,SUSPECT
2024-01-30 02:00:00,PUMP-A02,Zone_A,2.96,1.37,61.2,1840.0,80.3,OK
2024-01-30 02:00:00,PUMP-B01,Zone_B,2.59,1.24,59.1,1850.0,73.2,OK
2024-01-30 02:00:00,COMP-C01,Zone_C,4.54,2.3,80.1,3857.0,80.6,OK
2024-01-30 02:00:00,COMP-C02,Zone_C,3.97,2.0,76.9,3765.0,71.4,OK
2024-01-30 02:00:00,FAN-D01,Zone_B,2.26,1.09,46.7,1257.0,70.4,OK
2024-01-30 03:00:00,PUMP-A01,Zone_A,2.81,1.43,61.5,1861.0,77.8,OK
2024-01-30 03:00:00,PUMP-A02,Zone_A,2.48,1.38,60.8,1854.0,78.6,OK
2024-01-30 03:00:00,PUMP-B01,Zone_B,2.75,1.23,62.2,1863.0,76.0,OK
2024-01-30 03:00:00,COMP-C01,Zone_C,3.54,1.72,73.7,3814.0,78.0,OK
2024-01-30 03:00:00,COMP-C02,Zone_C,3.39,1.69,75.5,3852.0,85.0,OK
2024-01-30 03:00:00,FAN-D01,Zone_B,1.87,0.82,52.4,1240.0,77.6,OK
2024-01-30 04:00:00,PUMP-A01,Zone_A,3.3,1.58,63.3,1864.0,93.9,OK
2024-01-30 04:00:00,PUMP-A02,Zone_A,2.83,1.43,61.4,1862.0,86.0,OK
2024-01-30 04:00:00,PUMP-B01,Zone_B,2.79,1.35,60.5,1869.0,85.8,OK
2024-01-30 04:00:00,COMP-C01,Zone_C,4.49,2.33,82.2,3829.0,83.0,OK
2024-01-30 04:00:00,COMP-C02,Zone_C,3.57,1.84,79.9,3807.0,82.4,OK
2024-01-30 04:00:00,FAN-D01,Zone_B,1.78,0.98,52.9,1308.0,90.8,OK
2024-01-30 05:00:00,PUMP-A01,Zone_A,3.27,1.53,58.5,1860.0,87.7,OK
2024-01-30 05:00:00,PUMP-A02,Zone_A,2.84,1.48,62.2,1868.0,83.7,OK
2024-01-30 05:00:00,PUMP-B01,Zone_B,2.73,1.4,60.4,1882.0,82.3,OK
2024-01-30 05:00:00,COMP-C01,Zone_C,3.8,1.96,75.0,3797.0,76.7,OK
2024-01-30 05:00:00,COMP-C02,Zone_C,3.56,1.94,75.3,3794.0,81.3,OK
2024-01-30 05:00:00,FAN-D01,Zone_B,1.99,1.07,48.3,1259.0,85.1,OK
2024-01-30 06:00:00,PUMP-A01,Zone_A,2.49,1.33,63.4,1850.0,80.7,OK
2024-01-30 06:00:00,PUMP-A02,Zone_A,2.16,1.12,60.7,1889.0,89.2,OK
2024-01-30 06:00:00,PUMP-B01,Zone_B,2.09,1.1,61.1,1882.0,87.7,OK
2024-01-30 06:00:00,COMP-C01,Zone_C,4.25,2.29,77.2,3825.0,80.5,OK
2024-01-30 06:00:00,COMP-C02,Zone_C,3.85,1.96,78.1,3777.0,81.6,OK
2024-01-30 06:00:00,FAN-D01,Zone_B,2.2,1.05,52.0,1284.0,90.6,OK
2024-01-30 07:00:00,PUMP-A01,Zone_A,3.5,1.8,62.3,1860.0,86.6,OK
2024-01-30 07:00:00,PUMP-A02,Zone_A,2.35,1.17,61.2,1841.0,84.9,OK
2024-01-30 07:00:00,PUMP-B01,Zone_B,2.95,1.6,63.1,1901.0,92.3,OK
2024-01-30 07:00:00,COMP-C01,Zone_C,4.36,2.23,80.1,3841.0,84.8,OK
2024-01-30 07:00:00,COMP-C02,Zone_C,3.34,1.58,76.9,3800.0,83.6,OK
2024-01-30 07:00:00,FAN-D01,Zone_B,2.15,1.07,51.3,1303.0,88.6,OK
2024-01-30 08:00:00,PUMP-A01,Zone_A,2.4,1.25,55.7,1822.0,70.5,OK
2024-01-30 08:00:00,PUMP-A02,Zone_A,2.97,1.49,62.3,1889.0,82.1,OK
2024-01-30 08:00:00,PUMP-B01,Zone_B,2.61,1.31,60.0,1862.0,81.2,OK
2024-01-30 08:00:00,COMP-C01,Zone_C,3.72,1.82,74.8,3805.0,76.8,OK
2024-01-30 08:00:00,COMP-C02,Zone_C,4.05,1.97,81.6,3898.0,88.8,OK
2024-01-30 08:00:00,FAN-D01,Zone_B,1.75,0.78,45.7,1261.0,77.7,OK
2024-01-30 09:00:00,PUMP-A01,Zone_A,3.07,1.54,61.7,1864.0,81.6,OK
2024-01-30 09:00:00,PUMP-A02,Zone_A,2.87,1.56,63.1,1878.0,87.7,OK
2024-01-30 09:00:00,PUMP-B01,Zone_B,2.88,1.29,60.8,1846.0,73.7,OK
2024-01-30 09:00:00,COMP-C01,Zone_C,3.47,1.78,78.6,3808.0,75.3,OK
2024-01-30 09:00:00,COMP-C02,Zone_C,4.14,1.95,76.2,3836.0,83.5,OK
2024-01-30 09:00:00,FAN-D01,Zone_B,1.64,0.96,50.5,1275.0,71.6,OK
2024-01-30 10:00:00,PUMP-A01,Zone_A,3.2,1.52,67.4,1851.0,77.8,OK
2024-01-30 10:00:00,PUMP-A02,Zone_A,2.59,1.22,60.6,1879.0,84.2,OK
2024-01-30 10:00:00,PUMP-B01,Zone_B,2.71,1.2,62.6,1842.0,82.8,OK
2024-01-30 10:00:00,COMP-C01,Zone_C,3.95,1.94,80.8,3807.0,77.0,OK
2024-01-30 10:00:00,COMP-C02,Zone_C,3.58,1.67,74.6,3717.0,70.9,OK
2024-01-30 10:00:00,FAN-D01,Zone_B,1.87,0.83,50.0,1286.0,78.5,OK
2024-01-30 11:00:00,PUMP-A01,Zone_A,2.97,1.52,57.7,1830.0,76.6,OK
2024-01-30 11:00:00,PUMP-A02,Zone_A,2.83,1.56,57.2,1815.0,65.8,OK
2024-01-30 11:00:00,PUMP-B01,Zone_B,2.87,1.43,63.1,1842.0,79.4,OK
2024-01-30 11:00:00,COMP-C01,Zone_C,3.42,1.66,78.4,3821.0,74.5,OK
2024-01-30 11:00:00,COMP-C02,Zone_C,3.64,1.81,80.4,3841.0,81.7,OK
2024-01-30 11:00:00,FAN-D01,Zone_B,1.42,0.87,49.8,1278.0,70.9,OK
2024-01-30 12:00:00,PUMP-A01,Zone_A,3.12,1.55,63.5,1824.0,72.6,OK
2024-01-30 12:00:00,PUMP-A02,Zone_A,2.8,1.34,61.5,1835.0,73.6,OK
2024-01-30 12:00:00,PUMP-B01,Zone_B,2.26,1.1,59.1,1821.0,69.5,OK
2024-01-30 12:00:00,COMP-C01,Zone_C,3.33,1.67,76.5,3742.0,70.3,OK
2024-01-30 12:00:00,COMP-C02,Zone_C,3.43,1.77,78.2,3744.0,73.4,OK
2024-01-30 12:00:00,FAN-D01,Zone_B,1.14,0.48,49.8,1263.0,74.9,OK
2024-01-30 13:00:00,PUMP-A01,Zone_A,2.4,0.85,60.4,1818.0,61.0,OK
2024-01-30 13:00:00,PUMP-A02,Zone_A,2.52,1.4,59.0,1816.0,70.7,OK
2024-01-30 13:00:00,PUMP-B01,Zone_B,2.77,1.42,62.1,1794.0,60.9,OK
2024-01-30 13:00:00,COMP-C01,Zone_C,4.04,2.06,79.7,3727.0,68.9,OK
2024-01-30 13:00:00,COMP-C02,Zone_C,3.35,1.52,77.1,3763.0,71.9,OK
2024-01-30 13:00:00,FAN-D01,Zone_B,1.37,0.55,43.2,1236.0,59.4,OK
2024-01-30 14:00:00,PUMP-A01,Zone_A,2.72,1.25,59.0,1755.0,58.4,OK
2024-01-30 14:00:00,PUMP-A02,Zone_A,2.16,1.12,58.3,1790.0,63.7,OK
2024-01-30 14:00:00,PUMP-B01,Zone_B,2.36,1.16,57.3,1841.0,66.8,OK
2024-01-30 14:00:00,COMP-C01,Zone_C,4.07,2.16,78.6,3614.0,56.2,OK
2024-01-30 14:00:00,COMP-C02,Zone_C,3.15,1.75,74.0,3655.0,59.1,OK
2024-01-30 14:00:00,FAN-D01,Zone_B,1.41,0.83,49.2,1222.0,62.8,OK
2024-01-30 15:00:00,PUMP-A01,Zone_A,1.96,1.02,57.4,1795.0,62.4,OK
2024-01-30 15:00:00,PUMP-A02,Zone_A,1.79,0.95,56.5,1784.0,58.2,OK
2024-01-30 15:00:00,PUMP-B01,Zone_B,2.8,1.33,61.2,1789.0,63.9,OK
2024-01-30 15:00:00,COMP-C01,Zone_C,3.88,1.91,78.3,3604.0,52.9,OK
2024-01-30 15:00:00,COMP-C02,Zone_C,2.98,1.38,78.0,3710.0,64.9,OK
2024-01-30 15:00:00,FAN-D01,Zone_B,1.47,0.94,44.8,1194.0,61.8,OK
2024-01-30 16:00:00,PUMP-A01,Zone_A,3.12,1.63,58.8,1743.0,49.0,OK
2024-01-30 16:00:00,PUMP-A02,Zone_A,2.31,0.97,60.5,1775.0,56.3,OK
2024-01-30 16:00:00,PUMP-B01,Zone_B,2.56,1.34,56.0,1762.0,52.3,OK
2024-01-30 16:00:00,COMP-C01,Zone_C,3.51,1.84,75.7,3635.0,57.7,OK
2024-01-30 16:00:00,COMP-C02,Zone_C,3.21,1.5,74.4,3649.0,58.2,OK
2024-01-30 16:00:00,FAN-D01,Zone_B,1.94,1.08,49.3,1224.0,52.7,OK
2024-01-30 17:00:00,PUMP-A01,Zone_A,2.48,1.32,58.1,1730.0,50.3,OK
2024-01-30 17:00:00,PUMP-A02,Zone_A,2.71,1.28,60.1,1770.0,59.9,OK
2024-01-30 17:00:00,PUMP-B01,Zone_B,2.42,1.13,60.3,1791.0,61.4,OK
2024-01-30 17:00:00,COMP-C01,Zone_C,3.84,1.89,73.7,3615.0,50.5,OK
2024-01-30 17:00:00,COMP-C02,Zone_C,3.39,1.7,73.1,3641.0,55.6,OK
2024-01-30 17:00:00,FAN-D01,Zone_B,2.05,1.02,48.3,1205.0,54.8,SUSPECT
2024-01-30 18:00:00,PUMP-A01,Zone_A,2.84,1.54,59.7,1780.0,55.0,OK
2024-01-30 18:00:00,PUMP-A02,Zone_A,1.89,1.03,56.4,1742.0,50.8,OK
2024-01-30 18:00:00,PUMP-B01,Zone_B,2.73,1.37,56.6,1786.0,61.5,OK
2024-01-30 18:00:00,COMP-C01,Zone_C,3.65,1.76,74.8,3643.0,55.0,OK
2024-01-30 18:00:00,COMP-C02,Zone_C,2.55,1.22,73.3,3582.0,47.5,OK
2024-01-30 18:00:00,FAN-D01,Zone_B,2.08,1.04,44.9,1180.0,49.7,OK
2024-01-30 19:00:00,PUMP-A01,Zone_A,2.46,1.34,59.0,1742.0,48.5,OK
2024-01-30 19:00:00,PUMP-A02,Zone_A,2.43,1.17,58.0,1800.0,53.9,OK
2024-01-30 19:00:00,PUMP-B01,Zone_B,2.43,1.35,54.4,1789.0,55.8,OK
2024-01-30 19:00:00,COMP-C01,Zone_C,4.31,2.11,78.0,3633.0,54.6,OK
2024-01-30 19:00:00,COMP-C02,Zone_C,3.45,1.72,75.9,3616.0,50.0,OK
2024-01-30 19:00:00,FAN-D01,Zone_B,2.13,1.07,45.6,1228.0,56.2,OK
2024-01-30 20:00:00,PUMP-A01,Zone_A,2.71,1.36,59.9,1759.0,60.0,OK
2024-01-30 20:00:00,PUMP-A02,Zone_A,2.01,0.92,56.1,1767.0,55.6,OK
2024-01-30 20:00:00,PUMP-B01,Zone_B,2.18,0.94,57.1,1764.0,54.8,OK
2024-01-30 20:00:00,COMP-C01,Zone_C,4.01,1.97,81.6,3637.0,61.7,OK
2024-01-30 20:00:00,COMP-C02,Zone_C,4.09,1.94,75.4,3649.0,56.6,OK
2024-01-30 20:00:00,FAN-D01,Zone_B,1.49,0.57,49.0,1244.0,65.2,OK
2024-01-30 21:00:00,PUMP-A01,Zone_A,3.28,1.67,61.1,1751.0,62.1,OK
2024-01-30 21:00:00,PUMP-A02,Zone_A,1.94,0.78,58.2,1764.0,51.2,OK
2024-01-30 21:00:00,PUMP-B01,Zone_B,2.46,1.16,60.0,1784.0,58.3,OK
2024-01-30 21:00:00,COMP-C01,Zone_C,3.56,1.61,74.3,3582.0,47.8,OK
2024-01-30 21:00:00,COMP-C02,Zone_C,3.41,1.72,76.2,3670.0,63.2,OK
2024-01-30 21:00:00,FAN-D01,Zone_B,1.73,1.04,43.1,1249.0,65.2,OK
2024-01-30 22:00:00,PUMP-A01,Zone_A,3.31,1.61,63.3,1837.0,66.4,OK
2024-01-30 22:00:00,PUMP-A02,Zone_A,2.47,1.32,61.2,1801.0,63.7,OK
2024-01-30 22:00:00,PUMP-B01,Zone_B,2.39,1.17,62.7,1804.0,63.8,OK
2024-01-30 22:00:00,COMP-C01,Zone_C,3.62,1.85,77.4,3702.0,64.9,OK
2024-01-30 22:00:00,COMP-C02,Zone_C,2.83,1.29,71.8,3608.0,55.1,OK
2024-01-30 22:00:00,FAN-D01,Zone_B,1.7,0.85,47.4,1217.0,69.4,OK
2024-01-30 23:00:00,PUMP-A01,Zone_A,3.43,1.78,60.2,1769.0,57.4,OK
2024-01-30 23:00:00,PUMP-A02,Zone_A,2.02,1.06,57.5,1805.0,69.6,OK
2024-01-30 23:00:00,PUMP-B01,Zone_B,2.62,1.29,63.1,1814.0,64.6,OK
2024-01-30 23:00:00,COMP-C01,Zone_C,3.88,1.95,74.9,3708.0,62.8,OK
2024-01-30 23:00:00,COMP-C02,Zone_C,3.32,1.58,75.5,3729.0,62.2,OK
2024-01-30 23:00:00,FAN-D01,Zone_B,1.81,0.93,42.9,1236.0,61.2,OK
2024-01-31 00:00:00,PUMP-A01,Zone_A,2.83,1.41,61.7,1823.0,70.9,OK
2024-01-31 00:00:00,PUMP-A02,Zone_A,2.67,1.41,58.8,1798.0,69.4,OK
2024-01-31 00:00:00,PUMP-B01,Zone_B,2.67,1.29,59.3,1811.0,73.6,OK
2024-01-31 00:00:00,COMP-C01,Zone_C,3.87,1.73,76.4,3675.0,62.6,OK
2024-01-31 00:00:00,COMP-C02,Zone_C,3.58,1.79,77.0,3737.0,69.3,OK
2024-01-31 00:00:00,FAN-D01,Zone_B,1.41,0.63,49.2,1216.0,67.4,OK
2024-01-31 01:00:00,PUMP-A01,Zone_A,3.17,1.53,61.7,1789.0,65.3,OK
2024-01-31 01:00:00,PUMP-A02,Zone_A,2.8,1.43,58.2,1819.0,70.9,OK
2024-01-31 01:00:00,PUMP-B01,Zone_B,2.65,1.36,60.9,1839.0,76.3,OK
2024-01-31 01:00:00,COMP-C01,Zone_C,4.32,2.15,76.5,3776.0,76.1,OK
2024-01-31 01:00:00,COMP-C02,Zone_C,3.24,1.59,75.0,3777.0,75.4,OK
2024-01-31 01:00:00,FAN-D01,Zone_B,1.49,0.58,45.9,1259.0,68.5,OK
2024-01-31 02:00:00,PUMP-A01,Zone_A,2.84,1.47,61.0,1849.0,79.6,OK
2024-01-31 02:00:00,PUMP-A02,Zone_A,2.78,1.44,59.1,1865.0,77.9,OK
2024-01-31 02:00:00,PUMP-B01,Zone_B,2.49,1.46,59.0,1856.0,78.2,OK
2024-01-31 02:00:00,COMP-C01,Zone_C,3.59,1.81,79.3,3836.0,82.4,OK
2024-01-31 02:00:00,COMP-C02,Zone_C,3.33,1.61,78.1,3843.0,78.8,OK
2024-01-31 02:00:00,FAN-D01,Zone_B,1.84,0.92,51.3,1244.0,76.2,OK
2024-01-31 03:00:00,PUMP-A01,Zone_A,3.69,1.9,64.5,1803.0,71.9,OK
2024-01-31 03:00:00,PUMP-A02,Zone_A,2.8,1.36,62.1,1821.0,80.2,OK
2024-01-31 03:00:00,PUMP-B01,Zone_B,2.67,1.35,58.4,1858.0,78.0,OK
2024-01-31 03:00:00,COMP-C01,Zone_C,4.29,2.24,81.2,3814.0,81.1,OK
2024-01-31 03:00:00,COMP-C02,Zone_C,4.16,2.1,78.0,3817.0,77.2,OK
2024-01-31 03:00:00,FAN-D01,Zone_B,2.52,1.25,53.6,1262.0,76.7,OK
2024-01-31 04:00:00,PUMP-A01,Zone_A,3.53,1.66,60.8,1872.0,78.6,OK
2024-01-31 04:00:00,PUMP-A02,Zone_A,2.7,1.42,62.3,1856.0,83.2,OK
2024-01-31 04:00:00,PUMP-B01,Zone_B,2.9,1.43,60.6,1862.0,86.5,OK
2024-01-31 04:00:00,COMP-C01,Zone_C,3.71,1.74,84.5,3816.0,83.3,OK
2024-01-31 04:00:00,COMP-C02,Zone_C,3.54,1.86,78.2,3884.0,89.6,OK
2024-01-31 04:00:00,FAN-D01,Zone_B,1.96,0.93,50.7,1264.0,84.3,OK
2024-01-31 05:00:00,PUMP-A01,Zone_A,3.16,1.46,63.9,1819.0,82.8,OK
2024-01-31 05:00:00,PUMP-A02,Zone_A,2.91,1.42,61.2,1908.0,84.0,OK
2024-01-31 05:00:00,PUMP-B01,Zone_B,2.81,1.42,59.5,1866.0,79.8,OK
2024-01-31 05:00:00,COMP-C01,Zone_C,3.65,1.88,77.9,3782.0,81.9,OK
2024-01-31 05:00:00,COMP-C02,Zone_C,3.23,1.6,77.1,3832.0,82.5,OK
2024-01-31 05:00:00,FAN-D01,Zone_B,1.79,0.84,50.0,1248.0,79.3,OK
2024-01-31 06:00:00,PUMP-A01,Zone_A,3.14,1.53,61.9,1868.0,82.0,OK
2024-01-31 06:00:00,PUMP-A02,Zone_A,2.68,1.37,63.1,1854.0,77.7,OK
2024-01-31 06:00:00,PUMP-B01,Zone_B,2.5,1.22,58.0,1852.0,88.3,OK
2024-01-31 06:00:00,COMP-C01,Zone_C,4.73,2.35,79.4,3917.0,89.4,OK
2024-01-31 06:00:00,COMP-C02,Zone_C,3.96,1.98,77.7,3794.0,82.2,OK
2024-01-31 06:00:00,FAN-D01,Zone_B,2.17,1.24,50.6,1298.0,86.4,OK
2024-01-31 07:00:00,PUMP-A01,Zone_A,3.09,1.64,63.1,1888.0,87.3,OK
2024-01-31 07:00:00,PUMP-A02,Zone_A,2.24,1.14,58.8,1852.0,79.8,OK
2024-01-31 07:00:00,PUMP-B01,Zone_B,2.77,1.49,57.1,1886.0,80.9,OK
2024-01-31 07:00:00,COMP-C01,Zone_C,4.39,2.11,76.6,3895.0,86.1,OK
2024-01-31 07:00:00,COMP-C02,Zone_C,3.57,1.74,80.2,3878.0,86.9,OK
2024-01-31 07:00:00,FAN-D01,Zone_B,1.3,0.66,48.9,1299.0,81.4,OK
2024-01-31 08:00:00,PUMP-A01,Zone_A,2.78,1.5,61.6,1857.0,83.7,OK
2024-01-31 08:00:00,PUMP-A02,Zone_A,2.54,1.26,63.1,1899.0,88.7,OK
2024-01-31 08:00:00,PUMP-B01,Zone_B,2.38,1.28,62.1,1881.0,77.0,OK
2024-01-31 08:00:00,COMP-C01,Zone_C,4.25,2.21,78.8,3805.0,76.7,OK
2024-01-31 08:00:00,COMP-C02,Zone_C,3.67,1.96,77.2,3861.0,85.6,OK
2024-01-31 08:00:00,FAN-D01,Zone_B,1.54,0.87,50.7,1291.0,91.6,OK
2024-01-31 09:00:00,PUMP-A01,Zone_A,2.75,1.43,61.5,1826.0,79.7,OK
2024-01-31 09:00:00,PUMP-A02,Zone_A,2.48,1.16,61.4,1843.0,77.2,OK
2024-01-31 09:00:00,PUMP-B01,Zone_B,2.6,1.12,63.3,1869.0,83.7,OK
2024-01-31 09:00:00,COMP-C01,Zone_C,4.02,1.88,75.4,3836.0,79.5,OK
2024-01-31 09:00:00,COMP-C02,Zone_C,3.58,1.92,79.9,3886.0,88.0,OK
2024-01-31 09:00:00,FAN-D01,Zone_B,2.34,1.04,51.1,1295.0,81.8,OK
2024-01-31 10:00:00,PUMP-A01,Zone_A,3.52,1.86,61.1,1824.0,71.3,OK
2024-01-31 10:00:00,PUMP-A02,Zone_A,2.55,1.42,63.4,1843.0,77.7,OK
2024-01-31 10:00:00,PUMP-B01,Zone_B,1.95,0.92,56.4,1813.0,77.1,OK
2024-01-31 10:00:00,COMP-C01,Zone_C,3.98,2.02,76.1,3723.0,68.2,OK
2024-01-31 10:00:00,COMP-C02,Zone_C,3.39,1.57,76.6,3778.0,76.8,OK
2024-01-31 10:00:00,FAN-D01,Zone_B,1.55,0.71,50.4,1289.0,76.3,OK
2024-01-31 11:00:00,PUMP-A01,Zone_A,3.16,1.51,62.7,1838.0,71.3,OK
2024-01-31 11:00:00,PUMP-A02,Zone_A,2.66,1.32,61.1,1816.0,69.2,OK
2024-01-31 11:00:00,PUMP-B01,Zone_B,3.34,1.52,64.7,1876.0,84.8,OK
2024-01-31 11:00:00,COMP-C01,Zone_C,3.77,1.81,79.0,3647.0,61.2,OK
2024-01-31 11:00:00,COMP-C02,Zone_C,3.19,1.75,76.8,3757.0,73.1,OK
2024-01-31 11:00:00,FAN-D01,Zone_B,2.32,1.22,52.9,1287.0,79.3,OK
2024-01-31 12:00:00,PUMP-A01,Zone_A,3.14,1.56,63.3,1834.0,64.9,OK
2024-01-31 12:00:00,PUMP-A02,Zone_A,2.15,0.92,61.8,1790.0,62.1,OK
2024-01-31 12:00:00,PUMP-B01,Zone_B,2.5,1.33,60.1,1824.0,74.5,OK
2024-01-31 12:00:00,COMP-C01,Zone_C,3.75,1.88,80.8,3747.0,71.0,OK
2024-01-31 12:00:00,COMP-C02,Zone_C,3.63,1.76,78.7,3781.0,74.6,SUSPECT
2024-01-31 12:00:00,FAN-D01,Zone_B,1.43,1.05,48.9,1269.0,74.3,OK
2024-01-31 13:00:00,PUMP-A01,Zone_A,2.38,1.06,57.5,1803.0,60.2,OK
2024-01-31 13:00:00,PUMP-A02,Zone_A,2.43,1.26,57.0,1807.0,67.4,OK
2024-01-31 13:00:00,PUMP-B01,Zone_B,2.59,1.2,60.1,1843.0,64.5,OK
2024-01-31 13:00:00,COMP-C01,Zone_C,4.3,2.21,80.0,3766.0,68.8,OK
2024-01-31 13:00:00,COMP-C02,Zone_C,3.22,1.61,76.8,3734.0,72.5,OK
2024-01-31 13:00:00,FAN-D01,Zone_B,1.65,0.97,51.1,1246.0,65.9,OK
2024-01-31 14:00:00,PUMP-A01,Zone_A,3.16,1.78,61.0,1855.0,72.3,OK
2024-01-31 14:00:00,PUMP-A02,Zone_A,2.34,1.15,62.1,1786.0,58.3,OK
2024-01-31 14:00:00,PUMP-B01,Zone_B,2.62,1.4,59.9,1831.0,63.2,OK
2024-01-31 14:00:00,COMP-C01,Zone_C,3.64,1.75,73.9,3606.0,54.4,SUSPECT
2024-01-31 14:00:00,COMP-C02,Zone_C,3.64,2.0,79.7,3710.0,63.7,OK
2024-01-31 14:00:00,FAN-D01,Zone_B,1.56,0.75,40.8,1205.0,58.4,OK
2024-01-31 15:00:00,PUMP-A01,Zone_A,2.71,1.39,61.6,1785.0,54.6,OK
2024-01-31 15:00:00,PUMP-A02,Zone_A,2.4,1.21,60.2,1777.0,52.0,OK
2024-01-31 15:00:00,PUMP-B01,Zone_B,1.97,0.97,58.5,1795.0,60.9,OK
2024-01-31 15:00:00,COMP-C01,Zone_C,3.45,1.64,76.0,3710.0,61.7,OK
2024-01-31 15:00:00,COMP-C02,Zone_C,3.83,1.92,74.8,3662.0,55.3,OK
2024-01-31 15:00:00,FAN-D01,Zone_B,1.89,0.91,46.0,1259.0,62.0,OK
2024-01-31 16:00:00,PUMP-A01,Zone_A,2.76,1.35,57.7,1787.0,56.7,OK
2024-01-31 16:00:00,PUMP-A02,Zone_A,2.4,1.23,59.8,1741.0,53.1,OK
2024-01-31 16:00:00,PUMP-B01,Zone_B,2.39,1.03,55.3,1779.0,56.1,OK
2024-01-31 16:00:00,COMP-C01,Zone_C,3.6,1.84,75.9,3690.0,57.3,OK
2024-01-31 16:00:00,COMP-C02,Zone_C,3.5,1.81,74.4,3672.0,54.6,OK
2024-01-31 16:00:00,FAN-D01,Zone_B,1.25,0.54,47.9,1222.0,59.9,OK
2024-01-31 17:00:00,PUMP-A01,Zone_A,3.32,1.69,61.1,1815.0,63.6,OK
2024-01-31 17:00:00,PUMP-A02,Zone_A,2.07,1.05,60.8,1781.0,57.6,OK
2024-01-31 17:00:00,PUMP-B01,Zone_B,2.56,1.31,59.1,1764.0,49.1,OK
2024-01-31 17:00:00,COMP-C01,Zone_C,3.35,1.85,78.4,3697.0,61.0,OK
2024-01-31 17:00:00,COMP-C02,Zone_C,3.41,1.72,77.2,3585.0,50.7,OK
2024-01-31 17:00:00,FAN-D01,Zone_B,1.37,0.62,43.7,1193.0,53.8,OK
2024-01-31 18:00:00,PUMP-A01,Zone_A,2.39,1.25,59.9,1800.0,60.9,OK
2024-01-31 18:00:00,PUMP-A02,Zone_A,2.36,1.08,53.1,1775.0,57.1,OK
2024-01-31 18:00:00,PUMP-B01,Zone_B,2.08,0.95,56.5,1761.0,50.6,OK
2024-01-31 18:00:00,COMP-C01,Zone_C,3.53,1.56,74.5,3625.0,51.7,OK
2024-01-31 18:00:00,COMP-C02,Zone_C,3.52,2.08,76.3,3678.0,55.7,OK
2024-01-31 18:00:00,FAN-D01,Zone_B,1.61,0.69,48.7,1204.0,56.2,OK
2024-01-31 19:00:00,PUMP-A01,Zone_A,2.68,1.36,58.0,1808.0,54.6,OK
2024-01-31 19:00:00,PUMP-A02,Zone_A,2.88,1.36,56.4,1786.0,59.4,OK
2024-01-31 19:00:00,PUMP-B01,Zone_B,2.55,1.42,60.4,1777.0,49.6,OK
2024-01-31 19:00:00,COMP-C01,Zone_C,3.34,1.7,74.8,3624.0,58.5,OK
2024-01-31 19:00:00,COMP-C02,Zone_C,3.2,1.85,75.2,3652.0,58.4,OK
2024-01-31 19:00:00,FAN-D01,Zone_B,1.38,0.86,51.1,1210.0,54.7,OK
2024-01-31 20:00:00,PUMP-A01,Zone_A,2.62,1.26,55.7,1769.0,53.8,OK
2024-01-31 20:00:00,PUMP-A02,Zone_A,2.38,1.12,59.7,1769.0,57.5,OK
2024-01-31 20:00:00,PUMP-B01,Zone_B,1.91,1.14,57.4,1726.0,50.2,OK
2024-01-31 20:00:00,COMP-C01,Zone_C,3.53,1.75,75.3,3623.0,54.1,OK
2024-01-31 20:00:00,COMP-C02,Zone_C,3.33,1.52,79.7,3655.0,54.0,OK
2024-01-31 20:00:00,FAN-D01,Zone_B,1.5,0.69,48.3,1182.0,51.3,OK
2024-01-31 21:00:00,PUMP-A01,Zone_A,2.86,1.41,59.1,1767.0,54.9,OK
2024-01-31 21:00:00,PUMP-A02,Zone_A,2.4,1.22,57.8,1743.0,54.1,OK
2024-01-31 21:00:00,PUMP-B01,Zone_B,2.48,1.24,60.9,1796.0,54.9,OK
2024-01-31 21:00:00,COMP-C01,Zone_C,3.58,1.84,77.4,3631.0,53.5,OK
2024-01-31 21:00:00,COMP-C02,Zone_C,3.67,1.78,77.0,3674.0,60.8,OK
2024-01-31 21:00:00,FAN-D01,Zone_B,1.52,0.99,44.4,1211.0,58.7,OK
2024-01-31 22:00:00,PUMP-A01,Zone_A,2.83,1.38,63.2,1778.0,56.4,OK
2024-01-31 22:00:00,PUMP-A02,Zone_A,2.72,1.38,63.8,1795.0,63.4,OK
2024-01-31 22:00:00,PUMP-B01,Zone_B,2.02,1.09,56.7,1770.0,58.1,OK
2024-01-31 22:00:00,COMP-C01,Zone_C,3.66,1.7,74.4,3572.0,47.2,OK
2024-01-31 22:00:00,COMP-C02,Zone_C,3.19,1.46,78.4,3669.0,56.5,OK
2024-01-31 22:00:00,FAN-D01,Zone_B,1.91,0.88,49.1,1234.0,67.1,OK
2024-01-31 23:00:00,PUMP-A01,Zone_A,3.19,1.56,59.9,1790.0,59.2,OK
2024-01-31 23:00:00,PUMP-A02,Zone_A,2.41,1.16,59.9,1822.0,60.4,OK
2024-01-31 23:00:00,PUMP-B01,Zone_B,2.45,1.18,62.2,1837.0,70.1,OK
2024-01-31 23:00:00,COMP-C01,Zone_C,4.14,2.0,77.4,3716.0,64.3,OK
2024-01-31 23:00:00,COMP-C02,Zone_C,3.28,1.83,74.3,3640.0,59.2,OK
2024-01-31 23:00:00,FAN-D01,Zone_B,1.82,0.85,50.2,1269.0,73.4,OK
2024-02-01 00:00:00,PUMP-A01,Zone_A,2.35,1.33,59.7,1787.0,65.7,OK
2024-02-01 00:00:00,PUMP-A02,Zone_A,3.21,1.53,61.1,1811.0,66.6,OK
2024-02-01 00:00:00,PUMP-B01,Zone_B,2.9,1.6,61.3,1756.0,60.3,OK
2024-02-01 00:00:00,COMP-C01,Zone_C,4.08,2.0,79.6,3720.0,64.4,OK
2024-02-01 00:00:00,COMP-C02,Zone_C,3.06,1.51,75.5,3739.0,67.4,OK
2024-02-01 00:00:00,FAN-D01,Zone_B,2.08,1.02,50.6,1236.0,74.0,OK
2024-02-01 01:00:00,PUMP-A01,Zone_A,3.11,1.58,62.5,1842.0,79.3,OK
2024-02-01 01:00:00,PUMP-A02,Zone_A,2.76,1.3,61.7,1825.0,77.3,OK
2024-02-01 01:00:00,PUMP-B01,Zone_B,2.54,1.29,62.0,1808.0,68.3,OK
2024-02-01 01:00:00,COMP-C01,Zone_C,4.01,1.81,83.0,3823.0,80.4,OK
2024-02-01 01:00:00,COMP-C02,Zone_C,4.08,1.91,81.3,3839.0,84.6,OK
2024-02-01 01:00:00,FAN-D01,Zone_B,1.5,0.77,50.3,1294.0,81.1,OK
2024-02-01 02:00:00,PUMP-A01,Zone_A,2.83,1.46,59.6,1874.0,72.0,OK
2024-02-01 02:00:00,PUMP-A02,Zone_A,2.4,1.14,57.3,1793.0,66.1,OK
2024-02-01 02:00:00,PUMP-B01,Zone_B,2.58,1.22,62.6,1816.0,74.9,OK
2024-02-01 02:00:00,COMP-C01,Zone_C,3.84,1.89,78.8,3795.0,79.0,OK
2024-02-01 02:00:00,COMP-C02,Zone_C,3.6,1.93,75.7,3744.0,70.2,OK
2024-02-01 02:00:00,FAN-D01,Zone_B,2.19,1.1,46.6,1326.0,88.9,OK
2024-02-01 03:00:00,PUMP-A01,Zone_A,3.47,1.64,64.8,1836.0,81.4,OK
2024-02-01 03:00:00,PUMP-A02,Zone_A,3.21,1.5,65.5,1935.0,87.4,OK
2024-02-01 03:00:00,PUMP-B01,Zone_B,2.7,1.33,61.7,1829.0,76.9,OK
2024-02-01 03:00:00,COMP-C01,Zone_C,2.94,1.44,74.1,3777.0,73.2,OK
2024-02-01 03:00:00,COMP-C02,Zone_C,4.19,2.14,80.9,3843.0,84.6,OK
2024-02-01 03:00:00,FAN-D01,Zone_B,1.7,0.88,47.5,1243.0,75.2,OK
2024-02-01 04:00:00,PUMP-A01,Zone_A,2.89,1.48,58.7,1889.0,87.3,OK
2024-02-01 04:00:00,PUMP-A02,Zone_A,2.63,1.26,63.0,1898.0,89.6,OK
2024-02-01 04:00:00,PUMP-B01,Zone_B,2.24,1.11,58.8,1852.0,88.7,OK
2024-02-01 04:00:00,COMP-C01,Zone_C,3.8,1.91,83.7,3912.0,89.1,OK
2024-02-01 04:00:00,COMP-C02,Zone_C,3.41,1.63,77.9,3799.0,77.9,OK
2024-02-01 04:00:00,FAN-D01,Zone_B,2.49,1.18,50.2,1266.0,81.4,OK
2024-02-01 05:00:00,PUMP-A01,Zone_A,3.26,1.64,61.1,1872.0,83.9,OK
2024-02-01 05:00:00,PUMP-A02,Zone_A,3.11,1.56,65.8,1913.0,94.5,OK
2024-02-01 05:00:00,PUMP-B01,Zone_B,3.12,1.71,63.9,1883.0,84.5,OK
2024-02-01 05:00:00,COMP-C01,Zone_C,4.25,2.23,82.2,3884.0,87.1,OK
2024-02-01 05:00:00,COMP-C02,Zone_C,4.11,2.09,81.6,3890.0,91.0,SUSPECT
2024-02-01 05:00:00,FAN-D01,Zone_B,2.24,1.21,53.2,1318.0,91.4,OK
2024-02-01 06:00:00,PUMP-A01,Zone_A,3.48,2.0,61.5,1887.0,88.5,OK
2024-02-01 06:00:00,PUMP-A02,Zone_A,2.75,1.38,63.2,1828.0,81.0,OK
2024-02-01 06:00:00,PUMP-B01,Zone_B,2.51,1.33,63.6,1859.0,81.7,OK
2024-02-01 06:00:00,COMP-C01,Zone_C,4.14,2.09,77.0,3884.0,93.1,OK
2024-02-01 06:00:00,COMP-C02,Zone_C,3.66,1.76,76.1,3796.0,78.1,OK
2024-02-01 06:00:00,FAN-D01,Zone_B,1.5,0.79,49.0,1282.0,84.0,OK
2024-02-01 07:00:00,PUMP-A01,Zone_A,3.46,1.59,62.2,1878.0,87.1,OK
2024-02-01 07:00:00,PUMP-A02,Zone_A,2.88,1.58,65.2,1863.0,82.8,OK
2024-02-01 07:00:00,PUMP-B01,Zone_B,2.28,0.93,59.5,1859.0,77.3,OK
2024-02-01 07:00:00,COMP-C01,Zone_C,3.82,2.04,80.9,3867.0,89.0,OK
2024-02-01 07:00:00,COMP-C02,Zone_C,3.8,1.83,81.6,3867.0,87.7,OK
2024-02-01 07:00:00,FAN-D01,Zone_B,2.32,1.04,48.4,1278.0,90.1,OK
2024-02-01 08:00:00,PUMP-A01,Zone_A,3.2,1.72,61.4,1903.0,88.3,OK
2024-02-01 08:00:00,PUMP-A02,Zone_A,2.6,1.25,60.2,1899.0,88.4,OK
2024-02-01 08:00:00,PUMP-B01,Zone_B,2.53,1.23,61.4,1894.0,86.6,OK
2024-02-01 08:00:00,COMP-C01,Zone_C,3.66,1.89,77.5,3806.0,73.4,OK
2024-02-01 08:00:00,COMP-C02,Zone_C,3.5,1.59,76.8,3918.0,89.8,OK
2024-02-01 08:00:00,FAN-D01,Zone_B,1.78,0.67,46.8,1250.0,80.8,OK
2024-02-01 09:00:00,PUMP-A01,Zone_A,3.18,1.6,62.7,1846.0,82.4,OK
2024-02-01 09:00:00,PUMP-A02,Zone_A,2.45,1.2,61.5,1872.0,77.3,OK
2024-02-01 09:00:00,PUMP-B01,Zone_B,2.41,1.12,61.0,1822.0,75.0,OK
2024-02-01 09:00:00,COMP-C01,Zone_C,3.99,2.01,80.9,3813.0,81.0,OK
2024-02-01 09:00:00,COMP-C02,Zone_C,3.29,1.55,78.2,3825.0,81.3,OK
2024-02-01 09:00:00,FAN-D01,Zone_B,1.89,0.85,49.6,1265.0,75.9,OK
2024-02-01 10:00:00,PUMP-A01,Zone_A,3.13,1.6,63.7,1876.0,78.3,SUSPECT
2024-02-01 10:00:00,PUMP-A02,Zone_A,2.34,1.15,61.0,1794.0,70.5,OK
2024-02-01 10:00:00,PUMP-B01,Zone_B,2.35,1.28,61.9,1877.0,81.9,OK
2024-02-01 10:00:00,COMP-C01,Zone_C,4.15,1.95,79.5,3862.0,86.9,OK
2024-02-01 10:00:00,COMP-C02,Zone_C,3.52,1.82,79.3,3779.0,78.8,OK
2024-02-01 10:00:00,FAN-D01,Zone_B,2.01,1.32,47.0,1239.0,68.2,OK
2024-02-01 11:00:00,PUMP-A01,Zone_A,3.03,1.64,60.1,1814.0,66.2,OK
2024-02-01 11:00:00,PUMP-A02,Zone_A,2.29,1.07,59.0,1847.0,73.9,OK
2024-02-01 11:00:00,PUMP-B01,Zone_B,2.48,1.1,61.8,1900.0,81.9,OK
2024-02-01 11:00:00,COMP-C01,Zone_C,4.29,2.16,79.6,3741.0,71.5,OK
2024-02-01 11:00:00,COMP-C02,Zone_C,3.61,1.72,80.3,3805.0,78.3,OK
2024-02-01 11:00:00,FAN-D01,Zone_B,2.09,1.03,49.3,1265.0,79.1,OK
2024-02-01 12:00:00,PUMP-A01,Zone_A,3.53,1.77,64.9,1819.0,73.0,OK
2024-02-01 12:00:00,PUMP-A02,Zone_A,2.91,1.47,62.2,1790.0,66.2,OK
2024-02-01 12:00:00,PUMP-B01,Zone_B,2.92,1.64,59.3,1797.0,65.6,OK
2024-02-01 12:00:00,COMP-C01,Zone_C,3.73,1.91,77.6,3759.0,72.9,OK
2024-02-01 12:00:00,COMP-C02,Zone_C,3.34,1.6,77.4,3742.0,66.6,OK
2024-02-01 12:00:00,FAN-D01,Zone_B,1.43,0.6,48.2,1255.0,62.3,OK
2024-02-01 13:00:00,PUMP-A01,Zone_A,2.58,1.15,62.3,1801.0,69.3,OK
2024-02-01 13:00:00,PUMP-A02,Zone_A,2.28,1.15,58.4,1801.0,65.4,OK
2024-02-01 13:00:00,PUMP-B01,Zone_B,2.54,1.3,60.3,1827.0,68.3,OK
2024-02-01 13:00:00,COMP-C01,Zone_C,4.05,2.06,77.3,3724.0,66.1,OK
2024-02-01 13:00:00,COMP-C02,Zone_C,3.44,1.79,75.5,3729.0,65.6,OK
2024-02-01 13:00:00,FAN-D01,Zone_B,1.6,0.81,49.6,1215.0,64.2,OK
2024-02-01 14:00:00,PUMP-A01,Zone_A,2.75,1.47,61.5,1811.0,62.6,OK
2024-02-01 14:00:00,PUMP-A02,Zone_A,2.21,1.12,57.6,1784.0,68.8,OK
2024-02-01 14:00:00,PUMP-B01,Zone_B,2.61,1.31,59.6,1867.0,70.8,OK
2024-02-01 14:00:00,COMP-C01,Zone_C,4.0,2.1,79.0,3757.0,66.6,OK
2024-02-01 14:00:00,COMP-C02,Zone_C,3.25,1.62,77.0,3719.0,66.7,OK
2024-02-01 14:00:00,FAN-D01,Zone_B,1.41,0.62,49.7,1176.0,55.2,OK
2024-02-01 15:00:00,PUMP-A01,Zone_A,2.73,1.39,60.1,1766.0,61.8,OK
2024-02-01 15:00:00,PUMP-A02,Zone_A,2.91,1.46,60.8,1817.0,60.5,OK
2024-02-01 15:00:00,PUMP-B01,Zone_B,2.09,1.06,60.6,1779.0,60.4,OK
2024-02-01 15:00:00,COMP-C01,Zone_C,3.53,1.86,75.2,3667.0,61.6,OK
2024-02-01 15:00:00,COMP-C02,Zone_C,2.9,1.5,75.2,3639.0,56.8,OK
2024-02-01 15:00:00,FAN-D01,Zone_B,1.98,1.09,50.0,1254.0,61.5,OK
2024-02-01 16:00:00,PUMP-A01,Zone_A,2.79,1.45,56.7,1780.0,61.4,OK
2024-02-01 16:00:00,PUMP-A02,Zone_A,1.94,0.89,57.3,1719.0,51.6,OK
2024-02-01 16:00:00,PUMP-B01,Zone_B,2.3,1.08,58.9,1797.0,58.7,OK
2024-02-01 16:00:00,COMP-C01,Zone_C,3.81,1.73,76.8,3689.0,57.0,OK
2024-02-01 16:00:00,COMP-C02,Zone_C,3.82,1.96,76.3,3686.0,55.5,OK
2024-02-01 16:00:00,FAN-D01,Zone_B,1.99,1.18,46.4,1216.0,59.7,OK
2024-02-01 17:00:00,PUMP-A01,Zone_A,3.24,1.65,60.4,1768.0,56.4,OK
2024-02-01 17:00:00,PUMP-A02,Zone_A,2.47,1.2,58.6,1740.0,49.5,OK
2024-02-01 17:00:00,PUMP-B01,Zone_B,2.31,1.25,55.9,1746.0,57.7,OK
2024-02-01 17:00:00,COMP-C01,Zone_C,3.43,1.55,76.8,3641.0,56.4,OK
2024-02-01 17:00:00,COMP-C02,Zone_C,3.55,1.76,74.8,3598.0,52.9,SUSPECT
2024-02-01 17:00:00,FAN-D01,Zone_B,1.36,0.8,46.2,1202.0,56.1,OK
2024-02-01 18:00:00,PUMP-A01,Zone_A,2.61,1.23,57.9,1719.0,47.5,OK
2024-02-01 18:00:00,PUMP-A02,Zone_A,2.02,1.15,58.9,1746.0,49.5,OK
2024-02-01 18:00:00,PUMP-B01,Zone_B,2.92,1.47,56.5,1781.0,54.1,OK
2024-02-01 18:00:00,COMP-C01,Zone_C,3.47,1.64,76.0,3636.0,55.5,OK
2024-02-01 18:00:00,COMP-C02,Zone_C,3.43,1.69,73.9,3640.0,53.5,OK
2024-02-01 18:00:00,FAN-D01,Zone_B,2.21,1.22,52.0,1231.0,56.6,OK
2024-02-01 19:00:00,PUMP-A01,Zone_A,2.68,1.42,60.1,1770.0,61.4,OK
2024-02-01 19:00:00,PUMP-A02,Zone_A,1.9,1.12,54.7,1765.0,54.8,OK
2024-02-01 19:00:00,PUMP-B01,Zone_B,3.14,1.67,61.8,1753.0,54.6,OK
2024-02-01 19:00:00,COMP-C01,Zone_C,3.88,2.01,75.8,3714.0,66.5,OK
2024-02-01 19:00:00,COMP-C02,Zone_C,2.6,1.31,74.4,3564.0,45.2,OK
2024-02-01 19:00:00,FAN-D01,Zone_B,2.2,1.24,48.1,1254.0,56.9,OK
2024-02-01 20:00:00,PUMP-A01,Zone_A,2.66,1.49,61.2,1797.0,58.1,OK
2024-02-01 20:00:00,PUMP-A02,Zone_A,2.48,1.4,60.2,1764.0,64.4,OK
2024-02-01 20:00:00,PUMP-B01,Zone_B,2.53,1.26,57.3,1823.0,68.9,OK
2024-02-01 20:00:00,COMP-C01,Zone_C,3.97,2.18,79.4,3610.0,57.4,OK
2024-02-01 20:00:00,COMP-C02,Zone_C,3.23,1.67,75.0,3672.0,59.7,OK
2024-02-01 20:00:00,FAN-D01,Zone_B,1.78,1.11,46.1,1194.0,51.1,OK
2024-02-01 21:00:00,PUMP-A01,Zone_A,2.78,1.42,55.7,1751.0,51.9,OK
2024-02-01 21:00:00,PUMP-A02,Zone_A,2.21,0.91,60.9,1770.0,60.3,OK
2024-02-01 21:00:00,PUMP-B01,Zone_B,2.8,1.28,61.6,1801.0,61.8,OK
2024-02-01 21:00:00,COMP-C01,Zone_C,3.89,1.82,75.9,3659.0,59.5,OK
2024-02-01 21:00:00,COMP-C02,Zone_C,3.71,2.0,75.2,3725.0,62.0,OK
2024-02-01 21:00:00,FAN-D01,Zone_B,1.39,0.8,49.3,1227.0,63.2,OK
2024-02-01 22:00:00,PUMP-A01,Zone_A,3.1,1.53,63.2,1787.0,67.9,OK
2024-02-01 22:00:00,PUMP-A02,Zone_A,2.6,1.21,54.8,1762.0,54.2,OK
2024-02-01 22:00:00,PUMP-B01,Zone_B,2.5,1.15,61.8,1807.0,65.2,OK
2024-02-01 22:00:00,COMP-C01,Zone_C,3.8,1.92,75.0,3680.0,62.4,OK
2024-02-01 22:00:00,COMP-C02,Zone_C,3.64,1.87,76.5,3694.0,64.6,OK
2024-02-01 22:00:00,FAN-D01,Zone_B,1.9,0.76,48.4,1246.0,61.8,OK
2024-02-01 23:00:00,PUMP-A01,Zone_A,2.78,1.41,61.8,1805.0,59.1,OK
2024-02-01 23:00:00,PUMP-A02,Zone_A,2.48,1.16,60.7,1782.0,66.1,OK
2024-02-01 23:00:00,PUMP-B01,Zone_B,2.39,1.26,60.6,1851.0,79.2,OK
2024-02-01 23:00:00,COMP-C01,Zone_C,4.3,2.14,77.8,3691.0,60.7,OK
2024-02-01 23:00:00,COMP-C02,Zone_C,3.72,1.88,81.2,3708.0,64.7,OK
2024-02-01 23:00:00,FAN-D01,Zone_B,1.86,1.06,47.3,1260.0,71.8,OK
2024-02-02 00:00:00,PUMP-A01,Zone_A,2.76,1.46,58.4,1790.0,65.1,OK
2024-02-02 00:00:00,PUMP-A02,Zone_A,1.99,0.94,59.9,1760.0,61.0,OK
2024-02-02 00:00:00,PUMP-B01,Zone_B,2.55,1.23,58.5,1837.0,78.6,OK
2024-02-02 00:00:00,COMP-C01,Zone_C,3.38,1.54,76.4,3733.0,66.3,OK
2024-02-02 00:00:00,COMP-C02,Zone_C,3.69,1.73,81.6,3820.0,77.7,OK
2024-02-02 00:00:00,FAN-D01,Zone_B,1.69,0.77,48.3,1227.0,69.6,OK
2024-02-02 01:00:00,PUMP-A01,Zone_A,2.71,1.24,60.5,1763.0,58.8,OK
2024-02-02 01:00:00,PUMP-A02,Zone_A,2.73,1.42,64.6,1791.0,70.0,OK
2024-02-02 01:00:00,PUMP-B01,Zone_B,2.67,1.41,62.4,1854.0,69.6,OK
2024-02-02 01:00:00,COMP-C01,Zone_C,3.95,1.78,80.1,3761.0,74.4,OK
2024-02-02 01:00:00,COMP-C02,Zone_C,3.96,2.1,78.8,3846.0,80.5,OK
2024-02-02 01:00:00,FAN-D01,Zone_B,1.68,0.82,48.2,1285.0,73.3,OK
2024-02-02 02:00:00,PUMP-A01,Zone_A,2.83,1.41,62.7,1816.0,68.8,OK
2024-02-02 02:00:00,PUMP-A02,Zone_A,2.48,1.27,59.3,1828.0,78.6,OK
2024-02-02 02:00:00,PUMP-B01,Zone_B,2.53,1.24,59.4,1859.0,82.1,OK
2024-02-02 02:00:00,COMP-C01,Zone_C,4.4,2.03,81.5,3826.0,84.7,OK
2024-02-02 02:00:00,COMP-C02,Zone_C,3.23,1.66,76.0,3772.0,79.3,OK
2024-02-02 02:00:00,FAN-D01,Zone_B,1.94,1.04,49.9,1222.0,73.3,OK
2024-02-02 03:00:00,PUMP-A01,Zone_A,3.08,1.55,67.0,1857.0,89.4,OK
2024-02-02 03:00:00,PUMP-A02,Zone_A,2.29,1.1,62.1,1849.0,85.2,OK
2024-02-02 03:00:00,PUMP-B01,Zone_B,2.26,1.23,62.0,1877.0,83.5,OK
2024-02-02 03:00:00,COMP-C01,Zone_C,4.07,2.09,80.6,3853.0,84.3,OK
2024-02-02 03:00:00,COMP-C02,Zone_C,3.96,2.1,79.2,3835.0,86.0,OK
2024-02-02 03:00:00,FAN-D01,Zone_B,2.05,1.11,49.4,1294.0,83.1,OK
2024-02-02 04:00:00,PUMP-A01,Zone_A,3.77,1.88,64.8,1911.0,89.5,OK
2024-02-02 04:00:00,PUMP-A02,Zone_A,1.88,0.92,59.2,1899.0,84.6,OK
2024-02-02 04:00:00,PUMP-B01,Zone_B,2.88,1.42,64.6,1874.0,86.7,OK
2024-02-02 04:00:00,COMP-C01,Zone_C,3.44,1.56,77.1,3819.0,81.8,OK
2024-02-02 04:00:00,COMP-C02,Zone_C,3.18,1.74,76.0,3797.0,80.3,OK
2024-02-02 04:00:00,FAN-D01,Zone_B,1.6,0.74,47.3,1282.0,71.8,OK
2024-02-02 05:00:00,PUMP-A01,Zone_A,3.31,1.41,61.1,1902.0,86.7,OK
2024-02-02 05:00:00,PUMP-A02,Zone_A,2.33,1.17,56.6,1854.0,84.7,OK
2024-02-02 05:00:00,PUMP-B01,Zone_B,2.69,1.34,59.9,1882.0,87.7,OK
2024-02-02 05:00:00,COMP-C01,Zone_C,4.06,2.1,80.4,3797.0,76.9,OK
2024-02-02 05:00:00,COMP-C02,Zone_C,4.36,2.38,81.9,3890.0,88.3,OK
2024-02-02 05:00:00,FAN-D01,Zone_B,2.13,1.14,49.1,1300.0,87.3,OK
2024-02-02 06:00:00,PUMP-A01,Zone_A,3.15,1.7,63.0,1858.0,85.8,OK
2024-02-02 06:00:00,PUMP-A02,Zone_A,2.79,1.34,60.3,1886.0,85.4,OK
2024-02-02 06:00:00,PUMP-B01,Zone_B,2.66,1.32,62.9,1870.0,81.6,OK
2024-02-02 06:00:00,COMP-C01,Zone_C,3.84,1.84,78.9,3835.0,86.9,OK
2024-02-02 06:00:00,COMP-C02,Zone_C,3.94,2.06,79.0,3832.0,82.5,OK
2024-02-02 06:00:00,FAN-D01,Zone_B,2.27,1.19,55.1,1301.0,91.3,OK
2024-02-02 07:00:00,PUMP-A01,Zone_A,3.26,1.69,63.9,1846.0,80.0,OK
2024-02-02 07:00:00,PUMP-A02,Zone_A,2.31,1.16,62.2,1858.0,80.8,OK
2024-02-02 07:00:00,PUMP-B01,Zone_B,3.01,1.37,60.2,1884.0,84.5,OK
2024-02-02 07:00:00,COMP-C01,Zone_C,4.03,2.17,75.4,3851.0,82.9,OK
2024-02-02 07:00:00,COMP-C02,Zone_C,3.47,1.85,79.0,3866.0,90.3,OK
2024-02-02 07:00:00,FAN-D01,Zone_B,1.88,1.0,50.7,1291.0,78.2,OK
2024-02-02 08:00:00,PUMP-A01,Zone_A,3.38,1.73,64.6,1902.0,95.7,OK
2024-02-02 08:00:00,PUMP-A02,Zone_A,3.06,1.58,63.7,1881.0,86.3,OK
2024-02-02 08:00:00,PUMP-B01,Zone_B,2.58,1.31,61.6,1908.0,81.1,OK
2024-02-02 08:00:00,COMP-C01,Zone_C,4.33,2.36,82.2,3810.0,82.3,OK
2024-02-02 08:00:00,COMP-C02,Zone_C,3.2,1.77,73.5,3753.0,76.7,OK
2024-02-02 08:00:00,FAN-D01,Zone_B,1.83,0.89,49.0,1263.0,78.2,OK
2024-02-02 09:00:00,PUMP-A01,Zone_A,3.15,1.61,61.3,1866.0,89.9,OK
2024-02-02 09:00:00,PUMP-A02,Zone_A,2.35,1.43,60.5,1856.0,83.0,OK
2024-02-02 09:00:00,PUMP-B01,Zone_B,3.05,1.71,61.7,1836.0,79.7,OK
2024-02-02 09:00:00,COMP-C01,Zone_C,3.95,1.87,78.6,3848.0,79.5,OK
2024-02-02 09:00:00,COMP-C02,Zone_C,3.61,1.68,76.5,3825.0,83.1,OK
2024-02-02 09:00:00,FAN-D01,Zone_B,1.97,1.13,51.4,1269.0,84.3,OK
2024-02-02 10:00:00,PUMP-A01,Zone_A,3.14,1.57,63.4,1860.0,81.4,OK
2024-02-02 10:00:00,PUMP-A02,Zone_A,2.41,1.2,61.6,1819.0,73.5,OK
2024-02-02 10:00:00,PUMP-B01,Zone_B,2.77,1.22,60.2,1826.0,74.0,OK
2024-02-02 10:00:00,COMP-C01,Zone_C,3.69,1.76,80.6,3853.0,82.9,OK
2024-02-02 10:00:00,COMP-C02,Zone_C,3.82,2.01,78.0,3780.0,75.3,OK
2024-02-02 10:00:00,FAN-D01,Zone_B,2.05,0.98,52.6,1303.0,77.2,OK
2024-02-02 11:00:00,PUMP-A01,Zone_A,2.94,1.59,60.0,1858.0,72.8,OK
2024-02-02 11:00:00,PUMP-A02,Zone_A,2.96,1.78,60.1,1788.0,71.4,OK
2024-02-02 11:00:00,PUMP-B01,Zone_B,2.47,0.99,58.8,1790.0,66.5,OK
2024-02-02 11:00:00,COMP-C01,Zone_C,3.68,1.88,76.5,3734.0,68.1,OK
2024-02-02 11:00:00,COMP-C02,Zone_C,3.42,1.67,75.6,3808.0,79.9,OK
2024-02-02 11:00:00,FAN-D01,Zone_B,1.24,0.52,48.9,1217.0,67.4,SUSPECT
2024-02-02 12:00:00,PUMP-A01,Zone_A,2.36,1.18,58.1,1757.0,55.3,OK
2024-02-02 12:00:00,PUMP-A02,Zone_A,2.49,1.1,62.6,1827.0,70.3,SUSPECT
2024-02-02 12:00:00,PUMP-B01,Zone_B,2.73,1.55,59.3,1793.0,62.7,OK
2024-02-02 12:00:00,COMP-C01,Zone_C,3.96,2.06,75.3,3762.0,69.4,OK
2024-02-02 12:00:00,COMP-C02,Zone_C,3.39,1.79,78.5,3753.0,74.9,OK
2024-02-02 12:00:00,FAN-D01,Zone_B,2.17,1.08,54.3,1261.0,75.2,OK
2024-02-02 13:00:00,PUMP-A01,Zone_A,2.78,1.5,61.1,1814.0,63.8,OK
2024-02-02 13:00:00,PUMP-A02,Zone_A,2.37,1.15,59.0,1773.0,61.1,OK
2024-02-02 13:00:00,PUMP-B01,Zone_B,2.35,0.98,61.3,1845.0,65.4,OK
2024-02-02 13:00:00,COMP-C01,Zone_C,3.76,1.96,77.2,3772.0,71.2,OK
2024-02-02 13:00:00,COMP-C02,Zone_C,4.03,1.92,77.6,3634.0,61.4,OK
2024-02-02 13:00:00,FAN-D01,Zone_B,2.29,1.31,49.2,1213.0,65.3,OK
2024-02-02 14:00:00,PUMP-A01,Zone_A,2.46,1.24,53.7,1786.0,65.8,OK
2024-02-02 14:00:00,PUMP-A02,Zone_A,2.56,1.26,60.7,1803.0,56.8,OK
2024-02-02 14:00:00,PUMP-B01,Zone_B,2.31,1.28,57.6,1774.0,61.0,OK
2024-02-02 14:00:00,COMP-C01,Zone_C,3.97,1.84,78.4,3670.0,60.8,OK
2024-02-02 14:00:00,COMP-C02,Zone_C,3.33,1.6,73.8,3685.0,62.8,OK
2024-02-02 14:00:00,FAN-D01,Zone_B,1.39,0.62,45.7,1218.0,65.5,OK
2024-02-02 15:00:00,PUMP-A01,Zone_A,3.14,1.61,60.4,1787.0,63.2,OK
2024-02-02 15:00:00,PUMP-A02,Zone_A,2.02,0.85,54.2,1747.0,54.6,OK
2024-02-02 15:00:00,PUMP-B01,Zone_B,2.72,1.55,59.6,1778.0,58.8,OK
2024-02-02 15:00:00,COMP-C01,Zone_C,3.21,1.67,71.5,3640.0,58.6,OK
2024-02-02 15:00:00,COMP-C02,Zone_C,3.75,1.77,75.0,3678.0,61.5,OK
2024-02-02 15:00:00,FAN-D01,Zone_B,1.86,0.64,52.1,1216.0,49.7,OK
2024-02-02 16:00:00,PUMP-A01,Zone_A,3.37,1.67,60.8,1763.0,58.9,OK
2024-02-02 16:00:00,PUMP-A02,Zone_A,2.62,1.21,58.2,1777.0,55.0,OK
2024-02-02 16:00:00,PUMP-B01,Zone_B,2.59,1.46,54.8,1760.0,52.1,OK
2024-02-02 16:00:00,COMP-C01,Zone_C,3.95,1.91,78.4,3658.0,57.1,OK
2024-02-02 16:00:00,COMP-C02,Zone_C,3.43,1.56,73.6,3682.0,58.6,OK
2024-02-02 16:00:00,FAN-D01,Zone_B,1.67,0.75,48.3,1224.0,60.5,OK
2024-02-02 17:00:00,PUMP-A01,Zone_A,2.41,1.2,60.3,1791.0,57.3,OK
2024-02-02 17:00:00,PUMP-A02,Zone_A,2.11,0.96,56.7,1686.0,46.2,OK
2024-02-02 17:00:00,PUMP-B01,Zone_B,2.18,1.12,56.5,1787.0,62.5,OK
2024-02-02 17:00:00,COMP-C01,Zone_C,3.73,1.91,76.2,3614.0,49.8,OK
2024-02-02 17:00:00,COMP-C02,Zone_C,3.43,1.57,73.3,3640.0,52.6,OK
2024-02-02 17:00:00,FAN-D01,Zone_B,1.89,1.07,47.8,1233.0,63.3,OK
2024-02-02 18:00:00,PUMP-A01,Zone_A,2.71,1.43,61.4,1789.0,52.1,OK
2024-02-02 18:00:00,PUMP-A02,Zone_A,2.35,1.13,58.0,1801.0,61.9,OK
2024-02-02 18:00:00,PUMP-B01,Zone_B,2.69,1.29,55.5,1755.0,56.2,OK
2024-02-02 18:00:00,COMP-C01,Zone_C,3.59,1.67,74.4,3689.0,62.0,OK
2024-02-02 18:00:00,COMP-C02,Zone_C,3.47,1.77,76.4,3567.0,49.4,OK
2024-02-02 18:00:00,FAN-D01,Zone_B,2.23,0.99,46.7,1224.0,61.4,OK
2024-02-02 19:00:00,PUMP-A01,Zone_A,2.97,1.52,60.7,1781.0,56.0,OK
2024-02-02 19:00:00,PUMP-A02,Zone_A,2.16,1.17,58.2,1757.0,56.4,OK
2024-02-02 19:00:00,PUMP-B01,Zone_B,2.01,0.92,57.1,1804.0,62.4,OK
2024-02-02 19:00:00,COMP-C01,Zone_C,3.99,2.02,80.0,3651.0,52.7,OK
2024-02-02 19:00:00,COMP-C02,Zone_C,3.18,1.71,76.0,3668.0,60.2,OK
2024-02-02 19:00:00,FAN-D01,Zone_B,1.06,0.58,45.8,1205.0,52.1,OK
2024-02-02 20:00:00,PUMP-A01,Zone_A,2.61,1.49,57.7,1775.0,50.9,OK
2024-02-02 20:00:00,PUMP-A02,Zone_A,2.34,1.16,59.5,1819.0,62.2,OK
2024-02-02 20:00:00,PUMP-B01,Zone_B,2.1,1.05,59.8,1791.0,60.0,OK
2024-02-02 20:00:00,COMP-C01,Zone_C,3.81,1.86,76.6,3580.0,46.5,OK
2024-02-02 20:00:00,COMP-C02,Zone_C,3.82,1.93,75.1,3650.0,57.7,OK
2024-02-02 20:00:00,FAN-D01,Zone_B,1.88,0.96,45.5,1211.0,61.3,OK
2024-02-02 21:00:00,PUMP-A01,Zone_A,3.01,1.64,59.6,1786.0,63.0,OK
2024-02-02 21:00:00,PUMP-A02,Zone_A,2.26,0.97,56.1,1771.0,60.0,OK
2024-02-02 21:00:00,PUMP-B01,Zone_B,2.44,1.37,54.7,1800.0,63.3,OK
2024-02-02 21:00:00,COMP-C01,Zone_C,3.76,1.88,74.6,3655.0,58.4,OK
2024-02-02 21:00:00,COMP-C02,Zone_C,3.29,1.61,74.5,3659.0,55.8,OK
2024-02-02 21:00:00,FAN-D01,Zone_B,1.36,0.72,47.4,1198.0,58.9,OK
2024-02-02 22:00:00,PUMP-A01,Zone_A,3.15,1.63,61.1,1781.0,64.1,OK
2024-02-02 22:00:00,PUMP-A02,Zone_A,2.16,1.13,56.9,1786.0,60.3,OK
2024-02-02 22:00:00,PUMP-B01,Zone_B,2.98,1.46,61.4,1808.0,60.6,OK
2024-02-02 22:00:00,COMP-C01,Zone_C,3.37,1.82,74.3,3617.0,51.2,OK
2024-02-02 22:00:00,COMP-C02,Zone_C,3.27,1.66,74.5,3669.0,62.4,OK
2024-02-02 22:00:00,FAN-D01,Zone_B,1.96,0.97,48.5,1240.0,65.9,OK
2024-02-02 23:00:00,PUMP-A01,Zone_A,3.13,1.54,61.7,1857.0,65.1,OK
2024-02-02 23:00:00,PUMP-A02,Zone_A,3.12,1.62,59.3,1730.0,56.0,OK
2024-02-02 23:00:00,PUMP-B01,Zone_B,3.21,1.62,63.0,1851.0,76.6,OK
2024-02-02 23:00:00,COMP-C01,Zone_C,4.09,1.97,78.6,3716.0,67.8,OK
2024-02-02 23:00:00,COMP-C02,Zone_C,3.47,1.71,78.7,3693.0,64.7,OK
2024-02-02 23:00:00,FAN-D01,Zone_B,1.31,0.56,46.2,1219.0,61.7,OK
2024-02-03 00:00:00,PUMP-A01,Zone_A,3.16,1.55,63.5,1818.0,75.0,OK
2024-02-03 00:00:00,PUMP-A02,Zone_A,2.41,1.1,59.8,1816.0,68.8,OK
2024-02-03 00:00:00,PUMP-B01,Zone_B,2.64,1.32,61.8,1853.0,85.7,OK
2024-02-03 00:00:00,COMP-C01,Zone_C,3.79,1.78,79.7,3680.0,61.3,OK
2024-02-03 00:00:00,COMP-C02,Zone_C,2.86,1.34,74.3,3702.0,70.3,OK
2024-02-03 00:00:00,FAN-D01,Zone_B,1.86,0.85,48.0,1287.0,77.3,OK
2024-02-03 01:00:00,PUMP-A01,Zone_A,3.02,1.59,61.0,1808.0,64.8,OK
2024-02-03 01:00:00,PUMP-A02,Zone_A,2.7,1.26,57.7,1848.0,84.0,OK
2024-02-03 01:00:00,PUMP-B01,Zone_B,2.34,1.28,58.7,1855.0,78.0,OK
2024-02-03 01:00:00,COMP-C01,Zone_C,4.33,2.11,80.8,3803.0,77.0,OK
2024-02-03 01:00:00,COMP-C02,Zone_C,4.06,1.83,77.9,3752.0,75.0,OK
2024-02-03 01:00:00,FAN-D01,Zone_B,2.42,1.28,49.8,1281.0,69.2,OK
2024-02-03 02:00:00,PUMP-A01,Zone_A,2.73,1.38,58.5,1796.0,70.6,OK
2024-02-03 02:00:00,PUMP-A02,Zone_A,3.0,1.44,61.1,1807.0,73.7,OK
2024-02-03 02:00:00,PUMP-B01,Zone_B,2.7,1.43,63.6,1816.0,73.0,OK
2024-02-03 02:00:00,COMP-C01,Zone_C,4.09,2.07,76.8,3793.0,79.8,OK
2024-02-03 02:00:00,COMP-C02,Zone_C,2.74,1.37,74.6,3821.0,78.6,OK
2024-02-03 02:00:00,FAN-D01,Zone_B,2.33,1.22,50.1,1308.0,85.0,OK
2024-02-03 03:00:00,PUMP-A01,Zone_A,2.88,1.67,64.3,1839.0,76.0,OK
2024-02-03 03:00:00,PUMP-A02,Zone_A,2.51,1.2,67.5,1892.0,85.9,OK
2024-02-03 03:00:00,PUMP-B01,Zone_B,2.39,1.23,63.2,1825.0,81.8,OK
2024-02-03 03:00:00,COMP-C01,Zone_C,3.94,2.09,80.5,3847.0,77.9,OK
2024-02-03 03:00:00,COMP-C02,Zone_C,3.41,1.81,80.6,3860.0,88.4,OK
2024-02-03 03:00:00,FAN-D01,Zone_B,1.79,1.0,51.6,1281.0,74.6,OK
2024-02-03 04:00:00,PUMP-A01,Zone_A,3.27,1.78,61.6,1801.0,75.9,OK
2024-02-03 04:00:00,PUMP-A02,Zone_A,2.86,1.33,61.7,1874.0,80.3,OK
2024-02-03 04:00:00,PUMP-B01,Zone_B,2.63,1.18,62.3,1866.0,87.1,OK
2024-02-03 04:00:00,COMP-C01,Zone_C,4.27,1.92,77.1,3857.0,83.3,OK
2024-02-03 04:00:00,COMP-C02,Zone_C,3.65,1.93,77.7,3893.0,88.8,OK
2024-02-03 04:00:00,FAN-D01,Zone_B,1.53,0.68,48.0,1263.0,79.5,OK
2024-02-03 05:00:00,PUMP-A01,Zone_A,3.29,1.58,60.5,1815.0,81.2,OK
2024-02-03 05:00:00,PUMP-A02,Zone_A,1.86,0.98,59.6,1821.0,78.0,OK
2024-02-03 05:00:00,PUMP-B01,Zone_B,2.39,1.22,59.4,1865.0,82.2,OK
2024-02-03 05:00:00,COMP-C01,Zone_C,4.31,2.39,78.8,3901.0,92.1,OK
2024-02-03 05:00:00,COMP-C02,Zone_C,3.79,1.83,78.0,3859.0,83.9,OK
2024-02-03 05:00:00,FAN-D01,Zone_B,2.48,1.16,51.9,1293.0,82.6,OK
2024-02-03 06:00:00,PUMP-A01,Zone_A,3.13,1.54,58.7,1875.0,86.0,OK
2024-02-03 06:00:00,PUMP-A02,Zone_A,2.7,1.44,63.6,1870.0,91.3,OK
2024-02-03 06:00:00,PUMP-B01,Zone_B,2.58,1.23,60.7,1887.0,90.1,OK
2024-02-03 06:00:00,COMP-C01,Zone_C,4.0,1.99,81.3,3863.0,84.9,OK
2024-02-03 06:00:00,COMP-C02,Zone_C,3.88,2.12,81.0,3814.0,82.8,OK
2024-02-03 06:00:00,FAN-D01,Zone_B,1.91,0.98,51.1,1257.0,81.4,OK
2024-02-03 07:00:00,PUMP-A01,Zone_A,2.94,1.69,65.1,1879.0,77.2,OK
2024-02-03 07:00:00,PUMP-A02,Zone_A,2.11,1.14,58.0,1856.0,84.0,OK
2024-02-03 07:00:00,PUMP-B01,Zone_B,2.8,1.31,62.9,1903.0,89.4,OK
2024-02-03 07:00:00,COMP-C01,Zone_C,4.03,2.02,82.7,3913.0,88.5,OK
2024-02-03 07:00:00,COMP-C02,Zone_C,3.17,1.48,77.6,3839.0,83.7,OK
2024-02-03 07:00:00,FAN-D01,Zone_B,2.14,1.04,50.5,1310.0,90.1,OK
2024-02-03 08:00:00,PUMP-A01,Zone_A,3.18,1.58,60.8,1891.0,91.9,OK
2024-02-03 08:00:00,PUMP-A02,Zone_A,2.56,1.49,62.9,1878.0,85.8,OK
2024-02-03 08:00:00,PUMP-B01,Zone_B,2.85,1.59,60.9,1868.0,87.3,OK
2024-02-03 08:00:00,COMP-C01,Zone_C,4.46,2.24,80.4,3856.0,84.2,OK
2024-02-03 08:00:00,COMP-C02,Zone_C,3.27,1.58,78.5,3834.0,83.8,OK
2024-02-03 08:00:00,FAN-D01,Zone_B,1.68,0.89,51.5,1304.0,85.2,OK
2024-02-03 09:00:00,PUMP-A01,Zone_A,3.16,1.75,68.2,1858.0,83.3,OK
2024-02-03 09:00:00,PUMP-A02,Zone_A,2.76,1.61,62.1,1878.0,82.9,OK
2024-02-03 09:00:00,PUMP-B01,Zone_B,2.81,1.43,60.0,1821.0,79.0,OK
2024-02-03 09:00:00,COMP-C01,Zone_C,4.01,1.88,79.9,3798.0,75.0,OK
2024-02-03 09:00:00,COMP-C02,Zone_C,3.9,1.89,79.3,3787.0,74.4,OK
2024-02-03 09:00:00,FAN-D01,Zone_B,2.28,1.2,53.8,1280.0,88.5,OK
2024-02-03 10:00:00,PUMP-A01,Zone_A,2.86,1.38,64.1,1833.0,75.5,OK
2024-02-03 10:00:00,PUMP-A02,Zone_A,2.81,1.39,62.6,1898.0,85.8,OK
2024-02-03 10:00:00,PUMP-B01,Zone_B,2.43,1.37,60.6,1886.0,76.6,OK
2024-02-03 10:00:00,COMP-C01,Zone_C,3.96,2.03,77.3,3722.0,64.1,OK
2024-02-03 10:00:00,COMP-C02,Zone_C,3.55,1.82,79.7,3710.0,69.2,OK
2024-02-03 10:00:00,FAN-D01,Zone_B,1.64,0.78,49.4,1264.0,80.7,OK
2024-02-03 11:00:00,PUMP-A01,Zone_A,2.66,1.37,61.5,1832.0,70.6,OK
2024-02-03 11:00:00,PUMP-A02,Zone_A,2.48,1.24,63.4,1832.0,79.3,OK
2024-02-03 11:00:00,PUMP-B01,Zone_B,2.18,1.14,59.6,1831.0,74.2,OK
2024-02-03 11:00:00,COMP-C01,Zone_C,4.44,2.15,75.5,3784.0,73.5,OK
2024-02-03 11:00:00,COMP-C02,Zone_C,3.09,1.55,77.8,3854.0,80.3,OK
2024-02-03 11:00:00,FAN-D01,Zone_B,1.53,0.88,48.2,1241.0,66.3,OK
2024-02-03 12:00:00,PUMP-A01,Zone_A,3.05,1.48,60.4,1844.0,72.1,OK
2024-02-03 12:00:00,PUMP-A02,Zone_A,2.53,1.17,59.5,1842.0,71.1,OK
2024-02-03 12:00:00,PUMP-B01,Zone_B,2.74,1.27,61.1,1834.0,73.9,OK
2024-02-03 12:00:00,COMP-C01,Zone_C,3.82,2.0,75.9,3718.0,66.5,OK
2024-02-03 12:00:00,COMP-C02,Zone_C,3.51,1.76,75.8,3698.0,67.1,OK
2024-02-03 12:00:00,FAN-D01,Zone_B,1.98,0.95,49.4,1252.0,69.2,OK
2024-02-03 13:00:00,PUMP-A01,Zone_A,3.85,2.03,63.6,1793.0,69.0,OK
2024-02-03 13:00:00,PUMP-A02,Zone_A,2.3,1.1,60.1,1783.0,60.3,OK
2024-02-03 13:00:00,PUMP-B01,Zone_B,2.7,1.42,60.7,1793.0,59.9,OK
2024-02-03 13:00:00,COMP-C01,Zone_C,3.54,1.76,78.2,3714.0,65.8,OK
2024-02-03 13:00:00,COMP-C02,Zone_C,3.44,1.71,78.6,3681.0,61.2,OK
2024-02-03 13:00:00,FAN-D01,Zone_B,1.64,0.83,49.9,1222.0,70.1,OK
2024-02-03 14:00:00,PUMP-A01,Zone_A,2.89,1.48,59.9,1785.0,61.1,OK
2024-02-03 14:00:00,PUMP-A02,Zone_A,2.25,1.09,61.3,1778.0,61.8,OK
2024-02-03 14:00:00,PUMP-B01,Zone_B,1.69,0.79,58.9,1785.0,61.4,OK
2024-02-03 14:00:00,COMP-C01,Zone_C,3.66,1.69,72.1,3672.0,62.4,OK
2024-02-03 14:00:00,COMP-C02,Zone_C,3.51,1.66,74.2,3706.0,66.9,OK
2024-02-03 14:00:00,FAN-D01,Zone_B,2.12,1.15,48.7,1267.0,65.1,OK
2024-02-03 15:00:00,PUMP-A01,Zone_A,2.98,1.48,59.6,1747.0,52.6,OK
2024-02-03 15:00:00,PUMP-A02,Zone_A,2.63,1.39,57.0,1777.0,55.3,OK
2024-02-03 15:00:00,PUMP-B01,Zone_B,2.84,1.49,60.1,1757.0,50.9,OK
2024-02-03 15:00:00,COMP-C01,Zone_C,4.01,2.04,74.4,3604.0,54.9,OK
2024-02-03 15:00:00,COMP-C02,Zone_C,3.29,1.43,74.9,3602.0,53.1,OK
2024-02-03 15:00:00,FAN-D01,Zone_B,1.49,0.9,46.5,1250.0,65.3,OK
2024-02-03 16:00:00,PUMP-A01,Zone_A,2.91,1.44,57.6,1780.0,54.0,OK
2024-02-03 16:00:00,PUMP-A02,Zone_A,1.92,0.88,59.6,1793.0,58.6,OK
2024-02-03 16:00:00,PUMP-B01,Zone_B,2.46,1.3,58.5,1766.0,56.1,OK
2024-02-03 16:00:00,COMP-C01,Zone_C,3.94,1.87,75.9,3619.0,53.0,OK
2024-02-03 16:00:00,COMP-C02,Zone_C,3.43,1.68,79.3,3650.0,59.2,OK
2024-02-03 16:00:00,FAN-D01,Zone_B,2.11,1.05,50.1,1232.0,61.8,OK
2024-02-03 17:00:00,PUMP-A01,Zone_A,3.28,1.69,60.5,1705.0,48.5,OK
2024-02-03 17:00:00,PUMP-A02,Zone_A,2.36,1.3,58.0,1803.0,63.0,OK
2024-02-03 17:00:00,PUMP-B01,Zone_B,1.96,1.09,55.6,1733.0,52.0,OK
2024-02-03 17:00:00,COMP-C01,Zone_C,4.15,2.12,76.4,3610.0,52.8,OK
2024-02-03 17:00:00,COMP-C02,Zone_C,2.86,1.28,78.7,3641.0,54.5,OK
2024-02-03 17:00:00,FAN-D01,Zone_B,2.15,1.01,50.0,1228.0,61.7,OK
2024-02-03 18:00:00,PUMP-A01,Zone_A,3.11,1.58,60.1,1773.0,57.6,OK
2024-02-03 18:00:00,PUMP-A02,Zone_A,2.3,1.14,54.0,1767.0,51.3,OK
2024-02-03 18:00:00,PUMP-B01,Zone_B,2.48,1.2,59.0,1757.0,49.1,OK
2024-02-03 18:00:00,COMP-C01,Zone_C,3.68,1.76,75.7,3692.0,58.0,OK
2024-02-03 18:00:00,COMP-C02,Zone_C,3.57,1.62,78.2,3601.0,53.2,OK
2024-02-03 18:00:00,FAN-D01,Zone_B,1.97,0.97,47.9,1223.0,50.3,OK
2024-02-03 19:00:00,PUMP-A01,Zone_A,3.2,1.6,58.1,1745.0,52.8,OK
2024-02-03 19:00:00,PUMP-A02,Zone_A,2.55,1.31,58.0,1753.0,53.1,SUSPECT
2024-02-03 19:00:00,PUMP-B01,Zone_B,2.35,1.17,58.5,1786.0,59.3,OK
2024-02-03 19:00:00,COMP-C01,Zone_C,4.11,2.11,73.9,3631.0,54.5,OK
2024-02-03 19:00:00,COMP-C02,Zone_C,3.36,1.47,77.6,3655.0,59.3,OK
2024-02-03 19:00:00,FAN-D01,Zone_B,2.03,0.94,45.1,1251.0,59.1,OK
2024-02-03 20:00:00,PUMP-A01,Zone_A,3.11,1.32,63.5,1764.0,56.2,OK
2024-02-03 20:00:00,PUMP-A02,Zone_A,2.6,1.29,58.9,1768.0,56.4,OK
2024-02-03 20:00:00,PUMP-B01,Zone_B,2.44,1.06,58.5,1785.0,55.1,OK
2024-02-03 20:00:00,COMP-C01,Zone_C,3.57,1.72,79.4,3646.0,52.9,OK
2024-02-03 20:00:00,COMP-C02,Zone_C,3.23,1.53,73.4,3695.0,60.8,SUSPECT
2024-02-03 20:00:00,FAN-D01,Zone_B,1.5,0.55,47.6,1220.0,54.4,OK
2024-02-03 21:00:00,PUMP-A01,Zone_A,2.63,1.31,55.4,1795.0,55.4,OK
2024-02-03 21:00:00,PUMP-A02,Zone_A,2.12,0.88,62.1,1841.0,65.2,SUSPECT
2024-02-03 21:00:00,PUMP-B01,Zone_B,2.33,1.12,55.9,1805.0,63.9,OK
2024-02-03 21:00:00,COMP-C01,Zone_C,3.58,1.74,75.5,3644.0,60.6,OK
2024-02-03 21:00:00,COMP-C02,Zone_C,3.33,1.62,74.2,3708.0,62.5,OK
2024-02-03 21:00:00,FAN-D01,Zone_B,1.79,0.86,49.7,1206.0,64.1,OK
2024-02-03 22:00:00,PUMP-A01,Zone_A,2.85,1.31,58.1,1799.0,68.1,OK
2024-02-03 22:00:00,PUMP-A02,Zone_A,2.56,1.39,57.9,1798.0,58.7,OK
2024-02-03 22:00:00,PUMP-B01,Zone_B,2.56,1.35,60.5,1853.0,73.6,OK
2024-02-03 22:00:00,COMP-C01,Zone_C,3.39,1.89,73.0,3645.0,53.3,OK
2024-02-03 22:00:00,COMP-C02,Zone_C,3.68,1.94,72.5,3681.0,66.6,OK
2024-02-03 22:00:00,FAN-D01,Zone_B,1.51,0.68,48.4,1201.0,66.3,OK
2024-02-03 23:00:00,PUMP-A01,Zone_A,2.83,1.4,59.5,1814.0,62.5,OK
2024-02-03 23:00:00,PUMP-A02,Zone_A,2.26,1.19,59.4,1820.0,67.9,OK
2024-02-03 23:00:00,PUMP-B01,Zone_B,2.51,1.35,57.3,1796.0,64.2,OK
2024-02-03 23:00:00,COMP-C01,Zone_C,3.59,1.9,77.8,3687.0,66.6,OK
2024-02-03 23:00:00,COMP-C02,Zone_C,3.1,1.58,76.0,3705.0,61.8,OK
2024-02-03 23:00:00,FAN-D01,Zone_B,1.82,0.78,48.8,1200.0,61.9,OK
2024-02-04 00:00:00,PUMP-A01,Zone_A,3.35,1.73,63.4,1842.0,75.6,OK
2024-02-04 00:00:00,PUMP-A02,Zone_A,2.84,1.33,58.7,1812.0,68.3,OK
2024-02-04 00:00:00,PUMP-B01,Zone_B,2.69,1.51,59.5,1780.0,65.6,OK
2024-02-04 00:00:00,COMP-C01,Zone_C,3.79,1.71,79.9,3769.0,72.7,OK
2024-02-04 00:00:00,COMP-C02,Zone_C,4.23,2.12,76.6,3733.0,68.3,OK
2024-02-04 00:00:00,FAN-D01,Zone_B,1.78,0.94,47.7,1239.0,64.2,OK
2024-02-04 01:00:00,PUMP-A01,Zone_A,2.7,1.41,59.9,1832.0,77.2,OK
2024-02-04 01:00:00,PUMP-A02,Zone_A,2.02,1.24,58.5,1822.0,76.0,OK
2024-02-04 01:00:00,PUMP-B01,Zone_B,2.39,1.05,56.5,1849.0,77.4,OK
2024-02-04 01:00:00,COMP-C01,Zone_C,4.48,2.22,82.6,3771.0,74.1,SUSPECT
2024-02-04 01:00:00,COMP-C02,Zone_C,3.37,1.69,78.9,3865.0,84.8,OK
2024-02-04 01:00:00,FAN-D01,Zone_B,2.29,1.14,46.4,1247.0,68.6,SUSPECT
2024-02-04 02:00:00,PUMP-A01,Zone_A,3.39,1.74,60.2,1820.0,73.7,OK
2024-02-04 02:00:00,PUMP-A02,Zone_A,2.13,1.06,58.8,1817.0,67.7,OK
2024-02-04 02:00:00,PUMP-B01,Zone_B,2.78,1.39,61.1,1834.0,74.6,OK
2024-02-04 02:00:00,COMP-C01,Zone_C,3.85,1.94,77.5,3774.0,76.4,OK
2024-02-04 02:00:00,COMP-C02,Zone_C,3.33,1.76,76.1,3810.0,80.6,OK
2024-02-04 02:00:00,FAN-D01,Zone_B,1.7,0.89,46.5,1283.0,81.5,OK
2024-02-04 03:00:00,PUMP-A01,Zone_A,2.99,1.45,62.2,1856.0,79.6,OK
2024-02-04 03:00:00,PUMP-A02,Zone_A,3.0,1.49,61.3,1816.0,75.6,OK
2024-02-04 03:00:00,PUMP-B01,Zone_B,2.58,1.16,65.8,1867.0,85.2,OK
2024-02-04 03:00:00,COMP-C01,Zone_C,3.92,2.18,79.6,3932.0,92.7,OK
2024-02-04 03:00:00,COMP-C02,Zone_C,3.49,1.76,74.4,3713.0,68.1,OK
2024-02-04 03:00:00,FAN-D01,Zone_B,2.1,1.13,50.3,1247.0,77.0,OK
2024-02-04 04:00:00,PUMP-A01,Zone_A,3.26,1.66,58.9,1893.0,83.7,OK
2024-02-04 04:00:00,PUMP-A02,Zone_A,3.02,1.53,62.3,1826.0,78.9,OK
2024-02-04 04:00:00,PUMP-B01,Zone_B,2.39,1.08,59.4,1875.0,83.5,OK
2024-02-04 04:00:00,COMP-C01,Zone_C,3.99,1.89,79.5,3828.0,80.3,OK
2024-02-04 04:00:00,COMP-C02,Zone_C,3.86,1.82,74.9,3841.0,83.1,OK
2024-02-04 04:00:00,FAN-D01,Zone_B,1.97,0.79,50.8,1247.0,83.9,OK
2024-02-04 05:00:00,PUMP-A01,Zone_A,3.3,1.74,62.2,1893.0,92.7,OK
2024-02-04 05:00:00,PUMP-A02,Zone_A,2.99,1.63,58.6,1913.0,91.4,OK
2024-02-04 05:00:00,PUMP-B01,Zone_B,2.62,1.33,63.5,1922.0,91.6,OK
2024-02-04 05:00:00,COMP-C01,Zone_C,3.58,1.82,75.7,3865.0,84.6,OK
2024-02-04 05:00:00,COMP-C02,Zone_C,3.19,1.46,77.2,3943.0,93.6,OK
2024-02-04 05:00:00,FAN-D01,Zone_B,1.68,0.74,51.1,1284.0,78.6,OK
2024-02-04 06:00:00,PUMP-A01,Zone_A,3.42,1.75,62.8,1877.0,86.8,OK
2024-02-04 06:00:00,PUMP-A02,Zone_A,2.89,1.46,61.4,1822.0,75.7,OK
2024-02-04 06:00:00,PUMP-B01,Zone_B,2.47,1.32,62.6,1935.0,85.7,OK
2024-02-04 06:00:00,COMP-C01,Zone_C,4.23,2.04,79.8,3832.0,81.6,OK
2024-02-04 06:00:00,COMP-C02,Zone_C,3.44,1.67,80.3,3918.0,90.3,OK
2024-02-04 06:00:00,FAN-D01,Zone_B,1.77,0.83,51.7,1288.0,84.3,OK
2024-02-04 07:00:00,PUMP-A01,Zone_A,2.83,1.36,62.3,1860.0,84.8,OK
2024-02-04 07:00:00,PUMP-A02,Zone_A,2.44,1.2,63.1,1843.0,77.1,OK
2024-02-04 07:00:00,PUMP-B01,Zone_B,2.52,0.99,68.6,1872.0,81.7,OK
2024-02-04 07:00:00,COMP-C01,Zone_C,4.75,2.28,82.0,3801.0,85.2,OK
2024-02-04 07:00:00,COMP-C02,Zone_C,3.36,1.55,78.6,3756.0,72.0,OK
2024-02-04 07:00:00,FAN-D01,Zone_B,1.94,1.14,50.3,1281.0,76.6,OK
2024-02-04 08:00:00,PUMP-A01,Zone_A,3.4,1.81,65.1,1904.0,92.6,OK
2024-02-04 08:00:00,PUMP-A02,Zone_A,2.09,1.16,60.4,1909.0,85.2,OK
2024-02-04 08:00:00,PUMP-B01,Zone_B,3.03,1.44,63.7,1866.0,84.6,OK
2024-02-04 08:00:00,COMP-C01,Zone_C,4.24,2.12,76.5,3833.0,83.4,OK
2024-02-04 08:00:00,COMP-C02,Zone_C,3.59,1.78,78.1,3757.0,75.2,OK
2024-02-04 08:00:00,FAN-D01,Zone_B,1.51,0.87,50.1,1279.0,82.8,OK
2024-02-04 09:00:00,PUMP-A01,Zone_A,3.4,1.7,64.0,1853.0,78.7,OK
2024-02-04 09:00:00,PUMP-A02,Zone_A,2.33,1.1,63.7,1866.0,82.6,OK
2024-02-04 09:00:00,PUMP-B01,Zone_B,2.89,1.31,61.1,1823.0,70.0,OK
2024-02-04 09:00:00,COMP-C01,Zone_C,4.66,2.23,77.9,3869.0,85.5,OK
2024-02-04 09:00:00,COMP-C02,Zone_C,3.87,1.84,82.1,3853.0,84.7,OK
2024-02-04 09:00:00,FAN-D01,Zone_B,2.44,1.27,52.3,1266.0,84.0,OK
2024-02-04 10:00:00,PUMP-A01,Zone_A,3.73,2.05,64.7,1840.0,80.4,OK
2024-02-04 10:00:00,PUMP-A02,Zone_A,2.66,1.29,62.6,1879.0,79.7,OK
2024-02-04 10:00:00,PUMP-B01,Zone_B,2.73,1.54,58.1,1783.0,65.6,OK
2024-02-04 10:00:00,COMP-C01,Zone_C,4.13,2.05,76.5,3795.0,78.4,OK
2024-02-04 10:00:00,COMP-C02,Zone_C,3.3,1.68,78.1,3815.0,83.5,OK
2024-02-04 10:00:00,FAN-D01,Zone_B,1.59,0.72,47.5,1260.0,77.2,OK
2024-02-04 11:00:00,PUMP-A01,Zone_A,3.27,1.66,61.7,1871.0,80.2,OK
2024-02-04 11:00:00,PUMP-A02,Zone_A,2.38,1.31,59.6,1808.0,69.6,OK
2024-02-04 11:00:00,PUMP-B01,Zone_B,2.43,1.33,55.4,1833.0,74.7,OK
2024-02-04 11:00:00,COMP-C01,Zone_C,3.8,1.76,76.3,3758.0,72.0,OK
2024-02-04 11:00:00,COMP-C02,Zone_C,3.5,1.71,76.2,3694.0,67.8,OK
2024-02-04 11:00:00,FAN-D01,Zone_B,1.67,0.7,49.3,1235.0,72.0,OK
2024-02-04 12:00:00,PUMP-A01,Zone_A,3.04,1.69,64.7,1859.0,77.0,OK
2024-02-04 12:00:00,PUMP-A02,Zone_A,2.21,1.27,57.9,1825.0,68.8,OK
2024-02-04 12:00:00,PUMP-B01,Zone_B,3.08,1.38,61.3,1826.0,73.5,OK
2024-02-04 12:00:00,COMP-C01,Zone_C,4.16,2.1,80.2,3733.0,67.6,OK
2024-02-04 12:00:00,COMP-C02,Zone_C,3.42,1.58,76.7,3741.0,72.4,OK
2024-02-04 12:00:00,FAN-D01,Zone_B,1.36,0.68,44.4,1255.0,70.8,OK
2024-02-04 13:00:00,PUMP-A01,Zone_A,2.88,1.48,61.2,1776.0,57.1,OK
2024-02-04 13:00:00,PUMP-A02,Zone_A,2.03,0.97,63.1,1826.0,71.4,OK
2024-02-04 13:00:00,PUMP-B01,Zone_B,2.7,1.41,57.2,1776.0,64.2,OK
2024-02-04 13:00:00,COMP-C01,Zone_C,3.53,1.68,75.9,3676.0,65.7,OK
2024-02-04 13:00:00,COMP-C02,Zone_C,3.17,1.55,77.4,3705.0,65.8,OK
2024-02-04 13:00:00,FAN-D01,Zone_B,2.32,1.18,51.5,1221.0,67.9,OK
2024-02-04 14:00:00,PUMP-A01,Zone_A,2.54,1.24,59.9,1787.0,60.1,OK
2024-02-04 14:00:00,PUMP-A02,Zone_A,2.43,1.44,58.6,1771.0,65.6,OK
2024-02-04 14:00:00,PUMP-B01,Zone_B,2.55,1.44,59.9,1789.0,63.7,OK
2024-02-04 14:00:00,COMP-C01,Zone_C,3.27,1.61,74.3,3585.0,55.1,OK
2024-02-04 14:00:00,COMP-C02,Zone_C,3.62,1.87,73.7,3649.0,58.7,OK
2024-02-04 14:00:00,FAN-D01,Zone_B,1.94,0.87,50.2,1188.0,57.1,OK
2024-02-04 15:00:00,PUMP-A01,Zone_A,2.27,1.34,61.0,1789.0,58.4,OK
2024-02-04 15:00:00,PUMP-A02,Zone_A,2.3,1.22,59.5,1789.0,62.6,OK
2024-02-04 15:00:00,PUMP-B01,Zone_B,1.79,0.8,55.8,1763.0,51.9,OK
2024-02-04 15:00:00,COMP-C01,Zone_C,3.53,1.76,80.3,3676.0,62.0,OK
2024-02-04 15:00:00,COMP-C02,Zone_C,3.02,1.44,74.4,3623.0,56.5,OK
2024-02-04 15:00:00,FAN-D01,Zone_B,1.58,0.69,48.0,1200.0,62.4,OK
2024-02-04 16:00:00,PUMP-A01,Zone_A,2.47,1.24,58.2,1794.0,55.6,OK
2024-02-04 16:00:00,PUMP-A02,Zone_A,2.82,1.37,59.6,1765.0,54.2,OK
2024-02-04 16:00:00,PUMP-B01,Zone_B,2.22,1.15,59.2,1771.0,59.3,OK
2024-02-04 16:00:00,COMP-C01,Zone_C,3.95,2.0,73.6,3702.0,60.0,OK
2024-02-04 16:00:00,COMP-C02,Zone_C,3.49,1.68,74.2,3663.0,56.5,OK
2024-02-04 16:00:00,FAN-D01,Zone_B,1.66,0.8,46.9,1192.0,54.4,OK
2024-02-04 17:00:00,PUMP-A01,Zone_A,2.38,1.17,58.7,1780.0,56.5,OK
2024-02-04 17:00:00,PUMP-A02,Zone_A,2.25,1.01,54.6,1732.0,56.0,OK
2024-02-04 17:00:00,PUMP-B01,Zone_B,2.34,1.23,54.5,1734.0,55.3,OK
2024-02-04 17:00:00,COMP-C01,Zone_C,3.34,1.69,74.5,3641.0,52.8,OK
2024-02-04 17:00:00,COMP-C02,Zone_C,3.19,1.48,76.6,3645.0,55.2,OK
2024-02-04 17:00:00,FAN-D01,Zone_B,1.5,0.77,46.1,1231.0,61.7,OK
2024-02-04 18:00:00,PUMP-A01,Zone_A,2.54,1.36,60.0,1818.0,57.9,OK
2024-02-04 18:00:00,PUMP-A02,Zone_A,2.76,1.35,57.4,1757.0,53.3,OK
2024-02-04 18:00:00,PUMP-B01,Zone_B,2.45,1.15,59.5,1800.0,58.5,OK
2024-02-04 18:00:00,COMP-C01,Zone_C,3.69,1.96,75.8,3676.0,58.6,OK
2024-02-04 18:00:00,COMP-C02,Zone_C,3.61,1.8,75.8,3619.0,52.6,OK
2024-02-04 18:00:00,FAN-D01,Zone_B,1.48,0.84,47.2,1252.0,47.3,OK
2024-02-04 19:00:00,PUMP-A01,Zone_A,2.92,1.34,57.4,1727.0,52.3,SUSPECT
2024-02-04 19:00:00,PUMP-A02,Zone_A,2.8,1.27,61.4,1779.0,60.1,OK
2024-02-04 19:00:00,PUMP-B01,Zone_B,2.17,1.05,60.8,1798.0,52.8,OK
2024-02-04 19:00:00,COMP-C01,Zone_C,3.97,2.1,75.2,3645.0,58.4,OK
2024-02-04 19:00:00,COMP-C02,Zone_C,3.23,1.46,73.4,3611.0,52.5,OK
2024-02-04 19:00:00,FAN-D01,Zone_B,1.43,0.66,45.7,1221.0,59.4,OK
2024-02-04 20:00:00,PUMP-A01,Zone_A,2.63,1.29,59.4,1805.0,61.0,OK
2024-02-04 20:00:00,PUMP-A02,Zone_A,2.37,1.32,55.5,1745.0,47.9,OK
2024-02-04 20:00:00,PUMP-B01,Zone_B,2.21,1.09,61.2,1764.0,50.3,OK
2024-02-04 20:00:00,COMP-C01,Zone_C,3.45,1.87,75.2,3605.0,50.7,OK
2024-02-04 20:00:00,COMP-C02,Zone_C,3.65,1.8,74.1,3634.0,56.0,OK
2024-02-04 20:00:00,FAN-D01,Zone_B,2.01,0.87,46.0,1232.0,60.6,OK
2024-02-04 21:00:00,PUMP-A01,Zone_A,2.98,1.44,55.5,1744.0,55.5,OK
2024-02-04 21:00:00,PUMP-A02,Zone_A,2.59,1.4,56.1,1757.0,53.4,OK
2024-02-04 21:00:00,PUMP-B01,Zone_B,2.69,1.24,59.7,1803.0,62.3,OK
2024-02-04 21:00:00,COMP-C01,Zone_C,3.35,1.68,77.1,3620.0,53.8,OK
2024-02-04 21:00:00,COMP-C02,Zone_C,3.66,1.84,77.2,3618.0,55.5,SUSPECT
2024-02-04 21:00:00,FAN-D01,Zone_B,2.13,1.11,44.3,1188.0,46.1,OK
2024-02-04 22:00:00,PUMP-A01,Zone_A,2.72,1.45,57.8,1784.0,63.7,OK
2024-02-04 22:00:00,PUMP-A02,Zone_A,2.71,1.3,57.1,1802.0,65.6,OK
2024-02-04 22:00:00,PUMP-B01,Zone_B,2.54,1.21,63.0,1834.0,67.1,OK
2024-02-04 22:00:00,COMP-C01,Zone_C,3.66,1.9,76.6,3657.0,59.6,OK
2024-02-04 22:00:00,COMP-C02,Zone_C,3.4,1.66,75.3,3682.0,60.0,OK
2024-02-04 22:00:00,FAN-D01,Zone_B,1.81,0.83,46.7,1243.0,62.0,OK
2024-02-04 23:00:00,PUMP-A01,Zone_A,2.6,1.26,57.8,1843.0,63.0,OK
2024-02-04 23:00:00,PUMP-A02,Zone_A,2.31,1.17,58.6,1802.0,65.5,OK
2024-02-04 23:00:00,PUMP-B01,Zone_B,2.72,1.26,57.0,1788.0,66.5,OK
2024-02-04 23:00:00,COMP-C01,Zone_C,3.41,1.79,76.7,3709.0,66.1,OK
2024-02-04 23:00:00,COMP-C02,Zone_C,3.2,1.66,73.7,3683.0,59.5,OK
2024-02-04 23:00:00,FAN-D01,Zone_B,2.07,1.08,51.5,1269.0,66.8,OK
2024-02-05 00:00:00,PUMP-A01,Zone_A,3.13,1.53,61.4,1823.0,70.4,OK
2024-02-05 00:00:00,PUMP-A02,Zone_A,2.84,1.47,64.7,1792.0,71.2,OK
2024-02-05 00:00:00,PUMP-B01,Zone_B,2.15,1.18,57.2,1808.0,63.6,SUSPECT
2024-02-05 00:00:00,COMP-C01,Zone_C,3.99,1.92,78.9,3691.0,62.5,OK
2024-02-05 00:00:00,COMP-C02,Zone_C,3.4,1.75,77.2,3709.0,60.5,OK
2024-02-05 00:00:00,FAN-D01,Zone_B,1.81,1.18,47.3,1263.0,68.3,OK
2024-02-05 01:00:00,PUMP-A01,Zone_A,3.1,1.54,60.6,1827.0,66.3,OK
2024-02-05 01:00:00,PUMP-A02,Zone_A,2.26,1.28,60.8,1831.0,72.6,OK
2024-02-05 01:00:00,PUMP-B01,Zone_B,2.52,1.25,58.0,1824.0,69.5,OK
2024-02-05 01:00:00,COMP-C01,Zone_C,4.45,2.09,80.3,3796.0,76.1,OK
2024-02-05 01:00:00,COMP-C02,Zone_C,3.71,2.02,77.7,3792.0,75.9,OK
2024-02-05 01:00:00,FAN-D01,Zone_B,2.25,1.13,50.9,1284.0,84.1,OK
2024-02-05 02:00:00,PUMP-A01,Zone_A,3.27,1.62,62.3,1840.0,75.2,OK
2024-02-05 02:00:00,PUMP-A02,Zone_A,2.71,1.5,59.2,1805.0,73.4,OK
2024-02-05 02:00:00,PUMP-B01,Zone_B,2.45,1.16,58.9,1826.0,74.2,OK
2024-02-05 02:00:00,COMP-C01,Zone_C,4.2,2.13,83.3,3784.0,73.1,OK
2024-02-05 02:00:00,COMP-C02,Zone_C,3.32,1.56,74.2,3799.0,74.6,OK
2024-02-05 02:00:00,FAN-D01,Zone_B,2.14,1.21,49.4,1267.0,76.0,OK
2024-02-05 03:00:00,PUMP-A01,Zone_A,2.92,1.54,60.9,1847.0,87.0,OK
2024-02-05 03:00:00,PUMP-A02,Zone_A,2.57,1.41,59.7,1875.0,79.2,OK
2024-02-05 03:00:00,PUMP-B01,Zone_B,2.75,1.4,60.8,1883.0,85.7,OK
2024-02-05 03:00:00,COMP-C01,Zone_C,3.81,1.93,78.5,3790.0,75.5,OK
2024-02-05 03:00:00,COMP-C02,Zone_C,3.62,1.91,79.5,3857.0,82.4,OK
2024-02-05 03:00:00,FAN-D01,Zone_B,2.11,1.03,51.3,1302.0,86.3,OK
2024-02-05 04:00:00,PUMP-A01,Zone_A,3.68,1.83,69.8,1862.0,87.5,OK
2024-02-05 04:00:00,PUMP-A02,Zone_A,2.83,1.31,59.2,1868.0,79.5,OK
2024-02-05 04:00:00,PUMP-B01,Zone_B,2.24,1.18,61.3,1891.0,85.9,OK
2024-02-05 04:00:00,COMP-C01,Zone_C,3.63,1.94,80.8,3847.0,78.4,OK
2024-02-05 04:00:00,COMP-C02,Zone_C,3.45,1.69,77.3,3835.0,80.1,OK
2024-02-05 04:00:00,FAN-D01,Zone_B,2.0,0.78,51.7,1284.0,79.7,OK
2024-02-05 05:00:00,PUMP-A01,Zone_A,3.28,1.45,61.1,1894.0,86.9,OK
2024-02-05 05:00:00,PUMP-A02,Zone_A,2.99,1.66,66.8,1880.0,86.6,OK
2024-02-05 05:00:00,PUMP-B01,Zone_B,2.95,1.47,63.9,1856.0,86.2,OK
2024-02-05 05:00:00,COMP-C01,Zone_C,4.38,2.32,79.0,3813.0,84.6,OK
2024-02-05 05:00:00,COMP-C02,Zone_C,3.61,1.66,78.4,3885.0,93.0,SUSPECT
2024-02-05 05:00:00,FAN-D01,Zone_B,2.0,1.03,50.8,1299.0,90.1,OK
2024-02-05 06:00:00,PUMP-A01,Zone_A,3.68,1.84,63.3,1866.0,87.7,OK
2024-02-05 06:00:00,PUMP-A02,Zone_A,2.77,1.32,62.1,1903.0,87.9,OK
2024-02-05 06:00:00,PUMP-B01,Zone_B,2.39,1.31,62.3,1837.0,81.1,OK
2024-02-05 06:00:00,COMP-C01,Zone_C,3.65,1.69,75.6,3801.0,78.8,OK
2024-02-05 06:00:00,COMP-C02,Zone_C,4.21,1.94,79.8,3883.0,90.9,OK
2024-02-05 06:00:00,FAN-D01,Zone_B,2.19,1.17,53.5,1301.0,88.9,OK
2024-02-05 07:00:00,PUMP-A01,Zone_A,3.71,1.77,64.5,1871.0,88.0,OK
2024-02-05 07:00:00,PUMP-A02,Zone_A,2.65,1.52,60.0,1817.0,78.2,OK
2024-02-05 07:00:00,PUMP-B01,Zone_B,3.04,1.52,63.3,1883.0,89.9,OK
2024-02-05 07:00:00,COMP-C01,Zone_C,4.05,2.07,80.2,3902.0,95.1,OK
2024-02-05 07:00:00,COMP-C02,Zone_C,3.92,2.13,78.8,3780.0,77.9,OK
2024-02-05 07:00:00,FAN-D01,Zone_B,2.17,1.1,51.3,1288.0,85.2,OK
2024-02-05 08:00:00,PUMP-A01,Zone_A,2.88,1.12,64.6,1854.0,83.7,OK
2024-02-05 08:00:00,PUMP-A02,Zone_A,2.57,1.36,58.9,1835.0,82.3,OK
2024-02-05 08:00:00,PUMP-B01,Zone_B,2.25,0.99,64.5,1840.0,83.6,OK
2024-02-05 08:00:00,COMP-C01,Zone_C,4.26,2.32,79.2,3888.0,90.5,OK
2024-02-05 08:00:00,COMP-C02,Zone_C,3.78,1.78,79.6,3864.0,84.6,OK
2024-02-05 08:00:00,FAN-D01,Zone_B,1.76,1.08,49.0,1295.0,87.3,OK
2024-02-05 09:00:00,PUMP-A01,Zone_A,2.71,1.37,57.4,1864.0,72.3,OK
2024-02-05 09:00:00,PUMP-A02,Zone_A,2.62,1.16,62.7,1844.0,73.9,OK
2024-02-05 09:00:00,PUMP-B01,Zone_B,2.36,1.22,61.2,1832.0,73.6,OK
2024-02-05 09:00:00,COMP-C01,Zone_C,4.28,2.18,80.6,3782.0,77.2,OK
2024-02-05 09:00:00,COMP-C02,Zone_C,3.74,1.81,76.6,3877.0,83.8,OK
2024-02-05 09:00:00,FAN-D01,Zone_B,2.49,1.16,51.0,1329.0,86.2,OK
2024-02-05 10:00:00,PUMP-A01,Zone_A,3.25,1.51,62.2,1851.0,73.7,OK
2024-02-05 10:00:00,PUMP-A02,Zone_A,2.87,1.56,61.7,1818.0,81.0,OK
2024-02-05 10:00:00,PUMP-B01,Zone_B,2.0,0.98,58.1,1874.0,79.1,OK
2024-02-05 10:00:00,COMP-C01,Zone_C,3.9,2.02,78.6,3736.0,71.5,OK
2024-02-05 10:00:00,COMP-C02,Zone_C,3.42,1.54,77.1,3812.0,80.9,SUSPECT
2024-02-05 10:00:00,FAN-D01,Zone_B,1.24,0.76,50.1,1235.0,68.8,OK
2024-02-05 11:00:00,PUMP-A01,Zone_A,2.68,1.29,64.1,1835.0,75.0,SUSPECT
2024-02-05 11:00:00,PUMP-A02,Zone_A,2.39,0.94,60.7,1856.0,75.6,OK
2024-02-05 11:00:00,PUMP-B01,Zone_B,2.38,1.17,61.4,1822.0,75.0,OK
2024-02-05 11:00:00,COMP-C01,Zone_C,3.93,1.9,79.9,3737.0,67.6,OK
2024-02-05 11:00:00,COMP-C02,Zone_C,3.09,1.52,70.9,3673.0,62.3,OK
2024-02-05 11:00:00,FAN-D01,Zone_B,2.1,0.89,50.4,1260.0,74.8,OK
2024-02-05 12:00:00,PUMP-A01,Zone_A,3.86,1.95,58.7,1807.0,67.7,OK
2024-02-05 12:00:00,PUMP-A02,Zone_A,2.42,1.17,58.1,1760.0,59.2,OK
2024-02-05 12:00:00,PUMP-B01,Zone_B,2.19,1.2,56.6,1796.0,57.3,OK
2024-02-05 12:00:00,COMP-C01,Zone_C,4.11,2.09,79.2,3768.0,70.6,OK
2024-02-05 12:00:00,COMP-C02,Zone_C,2.8,1.48,74.2,3672.0,63.5,OK
2024-02-05 12:00:00,FAN-D01,Zone_B,1.88,1.06,48.2,1250.0,74.1,OK
2024-02-05 13:00:00,PUMP-A01,Zone_A,3.1,1.68,65.5,1873.0,78.7,OK
2024-02-05 13:00:00,PUMP-A02,Zone_A,2.75,1.46,61.7,1798.0,59.2,OK
2024-02-05 13:00:00,PUMP-B01,Zone_B,2.63,1.41,60.2,1804.0,67.8,OK
2024-02-05 13:00:00,COMP-C01,Zone_C,4.04,1.95,73.5,3696.0,68.1,OK
2024-02-05 13:00:00,COMP-C02,Zone_C,3.4,1.51,73.0,3601.0,49.0,OK
2024-02-05 13:00:00,FAN-D01,Zone_B,1.67,0.96,44.7,1220.0,61.7,OK
2024-02-05 14:00:00,PUMP-A01,Zone_A,2.96,1.39,63.4,1751.0,53.8,OK
2024-02-05 14:00:00,PUMP-A02,Zone_A,2.13,1.01,59.5,1772.0,63.1,OK
2024-02-05 14:00:00,PUMP-B01,Zone_B,2.33,1.09,61.0,1782.0,62.9,OK
2024-02-05 14:00:00,COMP-C01,Zone_C,3.59,1.68,78.2,3676.0,60.0,OK
2024-02-05 14:00:00,COMP-C02,Zone_C,3.04,1.53,72.9,3690.0,59.2,OK
2024-02-05 14:00:00,FAN-D01,Zone_B,2.15,1.18,50.1,1230.0,57.7,OK
2024-02-05 15:00:00,PUMP-A01,Zone_A,2.79,1.38,63.0,1767.0,58.7,OK
2024-02-05 15:00:00,PUMP-A02,Zone_A,1.91,1.06,57.5,1779.0,52.7,OK
2024-02-05 15:00:00,PUMP-B01,Zone_B,2.63,1.36,60.2,1793.0,59.9,OK
2024-02-05 15:00:00,COMP-C01,Zone_C,3.74,1.93,77.7,3708.0,63.3,OK
2024-02-05 15:00:00,COMP-C02,Zone_C,3.65,1.71,75.6,3606.0,55.8,OK
2024-02-05 15:00:00,FAN-D01,Zone_B,1.74,0.9,42.9,1221.0,55.6,OK
2024-02-05 16:00:00,PUMP-A01,Zone_A,2.4,1.21,62.3,1782.0,55.1,OK
2024-02-05 16:00:00,PUMP-A02,Zone_A,2.68,1.39,60.2,1782.0,57.8,OK
2024-02-05 16:00:00,PUMP-B01,Zone_B,1.66,0.88,61.7,1781.0,60.9,OK
2024-02-05 16:00:00,COMP-C01,Zone_C,3.28,1.71,78.4,3646.0,55.1,OK
2024-02-05 16:00:00,COMP-C02,Zone_C,3.49,1.74,75.9,3666.0,60.5,OK
2024-02-05 16:00:00,FAN-D01,Zone_B,1.76,0.93,47.8,1182.0,55.7,OK
2024-02-05 17:00:00,PUMP-A01,Zone_A,2.72,1.22,59.9,1714.0,50.9,OK
2024-02-05 17:00:00,PUMP-A02,Zone_A,2.61,1.13,58.3,1736.0,49.7,OK
2024-02-05 17:00:00,PUMP-B01,Zone_B,2.17,1.06,57.3,1748.0,49.0,OK
2024-02-05 17:00:00,COMP-C01,Zone_C,4.06,2.08,78.8,3610.0,53.2,OK
2024-02-05 17:00:00,COMP-C02,Zone_C,3.28,1.67,75.9,3709.0,61.6,OK
2024-02-05 17:00:00,FAN-D01,Zone_B,2.24,1.07,45.4,1259.0,58.8,OK
2024-02-05 18:00:00,PUMP-A01,Zone_A,2.91,1.48,60.2,1764.0,50.2,OK
2024-02-05 18:00:00,PUMP-A02,Zone_A,2.18,1.24,58.2,1784.0,56.1,OK
2024-02-05 18:00:00,PUMP-B01,Zone_B,2.76,1.48,64.3,1806.0,56.1,OK
2024-02-05 18:00:00,COMP-C01,Zone_C,3.17,1.58,72.0,3636.0,54.3,OK
2024-02-05 18:00:00,COMP-C02,Zone_C,2.82,1.23,72.6,3627.0,54.9,OK
2024-02-05 18:00:00,FAN-D01,Zone_B,1.36,0.82,46.2,1216.0,57.7,OK
2024-02-05 19:00:00,PUMP-A01,Zone_A,3.17,1.6,63.1,1754.0,54.3,OK
2024-02-05 19:00:00,PUMP-A02,Zone_A,2.59,1.23,60.0,1758.0,52.8,OK
2024-02-05 19:00:00,PUMP-B01,Zone_B,2.71,1.14,58.1,1760.0,53.4,OK
2024-02-05 19:00:00,COMP-C01,Zone_C,3.17,1.47,74.5,3612.0,53.7,OK
2024-02-05 19:00:00,COMP-C02,Zone_C,3.08,1.72,74.5,3636.0,54.3,SUSPECT
2024-02-05 19:00:00,FAN-D01,Zone_B,1.26,0.53,43.9,1217.0,61.9,OK
2024-02-05 20:00:00,PUMP-A01,Zone_A,3.06,1.6,59.8,1719.0,51.6,OK
2024-02-05 20:00:00,PUMP-A02,Zone_A,2.16,1.07,56.9,1758.0,54.5,OK
2024-02-05 20:00:00,PUMP-B01,Zone_B,2.64,1.47,61.2,1760.0,63.3,OK
2024-02-05 20:00:00,COMP-C01,Zone_C,3.31,1.56,74.8,3665.0,59.0,OK
2024-02-05 20:00:00,COMP-C02,Zone_C,3.18,1.75,76.5,3651.0,56.9,OK
2024-02-05 20:00:00,FAN-D01,Zone_B,1.51,0.82,45.2,1259.0,61.5,SUSPECT
2024-02-05 21:00:00,PUMP-A01,Zone_A,2.9,1.42,64.3,1759.0,58.4,OK
2024-02-05 21:00:00,PUMP-A02,Zone_A,2.06,1.03,58.3,1799.0,61.6,OK
2024-02-05 21:00:00,PUMP-B01,Zone_B,2.51,1.22,58.8,1735.0,50.7,OK
2024-02-05 21:00:00,COMP-C01,Zone_C,3.76,1.89,73.9,3583.0,49.2,OK
2024-02-05 21:00:00,COMP-C02,Zone_C,3.31,1.73,79.1,3750.0,66.1,OK
2024-02-05 21:00:00,FAN-D01,Zone_B,1.75,0.76,44.8,1224.0,61.4,OK
2024-02-05 22:00:00,PUMP-A01,Zone_A,2.37,1.38,58.9,1848.0,66.3,OK
2024-02-05 22:00:00,PUMP-A02,Zone_A,2.89,1.37,55.2,1780.0,67.3,OK
2024-02-05 22:00:00,PUMP-B01,Zone_B,1.87,0.91,58.5,1753.0,54.4,OK
2024-02-05 22:00:00,COMP-C01,Zone_C,3.86,1.95,75.4,3655.0,59.2,OK
2024-02-05 22:00:00,COMP-C02,Zone_C,2.95,1.44,74.7,3709.0,63.1,OK
2024-02-05 22:00:00,FAN-D01,Zone_B,1.27,0.65,45.2,1209.0,57.4,OK
2024-02-05 23:00:00,PUMP-A01,Zone_A,3.46,1.67,61.9,1855.0,68.7,OK
2024-02-05 23:00:00,PUMP-A02,Zone_A,2.35,1.15,61.0,1827.0,63.9,SUSPECT
2024-02-05 23:00:00,PUMP-B01,Zone_B,2.46,1.32,59.2,1817.0,67.8,OK
2024-02-05 23:00:00,COMP-C01,Zone_C,3.81,2.01,78.4,3748.0,73.1,OK
2024-02-05 23:00:00,COMP-C02,Zone_C,3.7,1.8,79.7,3714.0,70.7,OK
2024-02-05 23:00:00,FAN-D01,Zone_B,1.49,0.69,46.9,1216.0,56.9,OK
2024-02-06 00:00:00,PUMP-A01,Zone_A,2.87,1.46,63.5,1844.0,77.1,OK
2024-02-06 00:00:00,PUMP-A02,Zone_A,2.63,1.43,58.2,1793.0,62.2,OK
2024-02-06 00:00:00,PUMP-B01,Zone_B,2.82,1.55,57.2,1840.0,73.3,OK
2024-02-06 00:00:00,COMP-C01,Zone_C,4.33,2.15,75.6,3633.0,58.3,OK
2024-02-06 00:00:00,COMP-C02,Zone_C,3.54,1.73,75.8,3705.0,65.3,OK
2024-02-06 00:00:00,FAN-D01,Zone_B,2.05,0.85,48.8,1282.0,71.3,OK
2024-02-06 01:00:00,PUMP-A01,Zone_A,3.45,1.67,57.9,1800.0,67.6,OK
2024-02-06 01:00:00,PUMP-A02,Zone_A,2.83,1.55,57.8,1826.0,72.7,OK
2024-02-06 01:00:00,PUMP-B01,Zone_B,2.24,1.08,60.5,1865.0,79.0,OK
2024-02-06 01:00:00,COMP-C01,Zone_C,3.74,1.87,75.1,3717.0,72.6,OK
2024-02-06 01:00:00,COMP-C02,Zone_C,3.65,1.77,79.0,3736.0,67.0,OK
2024-02-06 01:00:00,FAN-D01,Zone_B,1.44,0.71,47.4,1274.0,77.6,OK
2024-02-06 02:00:00,PUMP-A01,Zone_A,3.11,1.63,65.5,1816.0,78.0,OK
2024-02-06 02:00:00,PUMP-A02,Zone_A,2.04,1.02,60.6,1823.0,72.8,OK
2024-02-06 02:00:00,PUMP-B01,Zone_B,2.83,1.3,57.9,1833.0,73.2,OK
2024-02-06 02:00:00,COMP-C01,Zone_C,3.84,1.76,78.7,3796.0,77.7,OK
2024-02-06 02:00:00,COMP-C02,Zone_C,3.41,1.87,78.2,3784.0,77.4,OK
2024-02-06 02:00:00,FAN-D01,Zone_B,1.88,1.09,51.2,1282.0,82.0,OK
2024-02-06 03:00:00,PUMP-A01,Zone_A,3.89,2.04,62.1,1880.0,86.1,OK
2024-02-06 03:00:00,PUMP-A02,Zone_A,2.99,1.39,61.0,1869.0,79.7,OK
2024-02-06 03:00:00,PUMP-B01,Zone_B,2.5,1.18,59.9,1863.0,77.6,OK
2024-02-06 03:00:00,COMP-C01,Zone_C,3.87,2.05,76.6,3769.0,71.6,OK
2024-02-06 03:00:00,COMP-C02,Zone_C,3.66,1.83,74.6,3847.0,85.8,OK
2024-02-06 03:00:00,FAN-D01,Zone_B,1.7,0.87,51.4,1267.0,74.5,OK
2024-02-06 04:00:00,PUMP-A01,Zone_A,3.5,1.74,65.9,1881.0,83.9,OK
2024-02-06 04:00:00,PUMP-A02,Zone_A,2.42,1.24,59.6,1859.0,78.5,OK
2024-02-06 04:00:00,PUMP-B01,Zone_B,2.79,1.31,59.5,1908.0,93.0,OK
2024-02-06 04:00:00,COMP-C01,Zone_C,3.95,2.15,82.4,3840.0,82.6,OK
2024-02-06 04:00:00,COMP-C02,Zone_C,3.45,1.7,76.6,3813.0,83.8,OK
2024-02-06 04:00:00,FAN-D01,Zone_B,2.0,1.15,47.4,1299.0,84.2,OK
2024-02-06 05:00:00,PUMP-A01,Zone_A,3.15,1.46,60.8,1864.0,87.0,OK
2024-02-06 05:00:00,PUMP-A02,Zone_A,2.58,1.31,58.2,1846.0,76.5,OK
2024-02-06 05:00:00,PUMP-B01,Zone_B,2.2,1.23,61.2,1876.0,84.4,OK
2024-02-06 05:00:00,COMP-C01,Zone_C,4.56,2.36,80.2,3864.0,90.2,OK
2024-02-06 05:00:00,COMP-C02,Zone_C,4.11,2.15,79.5,3854.0,90.1,OK
2024-02-06 05:00:00,FAN-D01,Zone_B,1.88,0.76,51.9,1308.0,86.2,OK
2024-02-06 06:00:00,PUMP-A01,Zone_A,2.99,1.47,61.2,1930.0,86.0,OK
2024-02-06 06:00:00,PUMP-A02,Zone_A,2.83,1.15,61.7,1876.0,82.2,OK
2024-02-06 06:00:00,PUMP-B01,Zone_B,2.62,1.31,60.0,1862.0,77.3,OK
2024-02-06 06:00:00,COMP-C01,Zone_C,4.04,2.13,77.6,3881.0,88.7,OK
2024-02-06 06:00:00,COMP-C02,Zone_C,3.44,1.66,78.6,3756.0,71.7,OK
2024-02-06 06:00:00,FAN-D01,Zone_B,2.38,1.02,52.4,1265.0,88.6,OK
2024-02-06 07:00:00,PUMP-A01,Zone_A,3.89,2.15,64.7,1875.0,91.0,OK
2024-02-06 07:00:00,PUMP-A02,Zone_A,2.56,1.27,55.9,1869.0,90.2,OK
2024-02-06 07:00:00,PUMP-B01,Zone_B,2.67,1.44,61.0,1902.0,85.9,OK
2024-02-06 07:00:00,COMP-C01,Zone_C,3.85,1.89,79.0,3834.0,82.8,OK
2024-02-06 07:00:00,COMP-C02,Zone_C,3.87,2.03,76.9,3887.0,91.3,OK
2024-02-06 07:00:00,FAN-D01,Zone_B,1.53,0.8,50.9,1256.0,83.8,OK
2024-02-06 08:00:00,PUMP-A01,Zone_A,2.71,1.4,59.1,1832.0,82.7,OK
2024-02-06 08:00:00,PUMP-A02,Zone_A,3.49,1.84,60.3,1905.0,92.3,OK
2024-02-06 08:00:00,PUMP-B01,Zone_B,3.09,1.49,61.5,1869.0,82.4,OK
2024-02-06 08:00:00,COMP-C01,Zone_C,3.78,1.86,77.3,3797.0,74.7,OK
2024-02-06 08:00:00,COMP-C02,Zone_C,3.68,1.78,77.5,3845.0,84.6,OK
2024-02-06 08:00:00,FAN-D01,Zone_B,1.86,0.88,52.0,1316.0,83.8,OK
2024-02-06 09:00:00,PUMP-A01,Zone_A,3.02,1.51,63.0,1830.0,76.6,OK
2024-02-06 09:00:00,PUMP-A02,Zone_A,2.78,1.22,62.6,1874.0,82.0,OK
2024-02-06 09:00:00,PUMP-B01,Zone_B,3.25,1.59,60.5,1855.0,80.0,OK
2024-02-06 09:00:00,COMP-C01,Zone_C,3.75,1.9,78.5,3801.0,82.8,OK
2024-02-06 09:00:00,COMP-C02,Zone_C,3.67,1.73,76.2,3823.0,78.0,OK
2024-02-06 09:00:00,FAN-D01,Zone_B,2.21,1.25,51.4,1312.0,90.0,OK
2024-02-06 10:00:00,PUMP-A01,Zone_A,2.93,1.44,62.5,1842.0,72.0,OK
2024-02-06 10:00:00,PUMP-A02,Zone_A,2.15,1.2,57.3,1849.0,76.8,OK
2024-02-06 10:00:00,PUMP-B01,Zone_B,2.02,1.08,61.6,1867.0,76.1,OK
2024-02-06 10:00:00,COMP-C01,Zone_C,3.63,1.83,81.5,3860.0,84.0,OK
2024-02-06 10:00:00,COMP-C02,Zone_C,3.6,1.93,79.7,3811.0,78.0,OK
2024-02-06 10:00:00,FAN-D01,Zone_B,1.96,1.0,45.2,1245.0,72.2,OK
2024-02-06 11:00:00,PUMP-A01,Zone_A,3.29,1.74,63.3,1810.0,70.9,OK
2024-02-06 11:00:00,PUMP-A02,Zone_A,2.2,1.03,62.5,1845.0,71.8,OK
2024-02-06 11:00:00,PUMP-B01,Zone_B,2.48,1.25,60.1,1860.0,77.0,OK
2024-02-06 11:00:00,COMP-C01,Zone_C,4.54,2.36,78.0,3879.0,84.4,OK
2024-02-06 11:00:00,COMP-C02,Zone_C,3.31,1.67,76.4,3794.0,77.7,OK
2024-02-06 11:00:00,FAN-D01,Zone_B,1.75,0.81,49.0,1260.0,72.8,OK
2024-02-06 12:00:00,PUMP-A01,Zone_A,3.23,1.62,58.0,1815.0,62.2,OK
2024-02-06 12:00:00,PUMP-A02,Zone_A,2.37,1.07,59.5,1788.0,63.9,OK
2024-02-06 12:00:00,PUMP-B01,Zone_B,2.7,1.46,60.1,1830.0,67.4,OK
2024-02-06 12:00:00,COMP-C01,Zone_C,3.85,1.93,76.4,3772.0,74.4,SUSPECT
2024-02-06 12:00:00,COMP-C02,Zone_C,3.87,1.83,74.4,3693.0,63.6,OK
2024-02-06 12:00:00,FAN-D01,Zone_B,2.28,1.33,51.4,1235.0,63.8,OK
2024-02-06 13:00:00,PUMP-A01,Zone_A,2.86,1.41,59.0,1798.0,67.3,OK
2024-02-06 13:00:00,PUMP-A02,Zone_A,2.34,1.21,63.7,1791.0,64.1,OK
2024-02-06 13:00:00,PUMP-B01,Zone_B,2.19,1.16,59.3,1735.0,59.8,OK
2024-02-06 13:00:00,COMP-C01,Zone_C,3.71,1.84,76.9,3694.0,65.6,OK
2024-02-06 13:00:00,COMP-C02,Zone_C,3.21,1.67,77.4,3728.0,64.1,OK
2024-02-06 13:00:00,FAN-D01,Zone_B,1.13,0.58,45.0,1221.0,60.7,OK
2024-02-06 14:00:00,PUMP-A01,Zone_A,2.95,1.58,56.1,1812.0,62.9,OK
2024-02-06 14:00:00,PUMP-A02,Zone_A,2.88,1.55,58.8,1793.0,61.8,OK
2024-02-06 14:00:00,PUMP-B01,Zone_B,2.34,1.21,58.1,1796.0,66.1,OK
2024-02-06 14:00:00,COMP-C01,Zone_C,4.09,2.05,75.4,3671.0,62.3,OK
2024-02-06 14:00:00,COMP-C02,Zone_C,3.73,1.91,78.0,3746.0,68.2,OK
2024-02-06 14:00:00,FAN-D01,Zone_B,1.81,0.9,50.8,1211.0,55.2,OK
2024-02-06 15:00:00,PUMP-A01,Zone_A,2.75,1.51,58.9,1755.0,50.1,OK
2024-02-06 15:00:00,PUMP-A02,Zone_A,2.5,1.28,56.6,1781.0,57.0,OK
2024-02-06 15:00:00,PUMP-B01,Zone_B,2.2,1.03,58.9,1848.0,62.2,OK
2024-02-06 15:00:00,COMP-C01,Zone_C,3.15,1.56,75.8,3708.0,67.0,OK
2024-02-06 15:00:00,COMP-C02,Zone_C,3.8,1.69,76.6,3661.0,56.3,OK
2024-02-06 15:00:00,FAN-D01,Zone_B,2.11,0.99,43.5,1246.0,58.8,OK
2024-02-06 16:00:00,PUMP-A01,Zone_A,2.11,1.09,59.2,1754.0,54.6,OK
2024-02-06 16:00:00,PUMP-A02,Zone_A,2.07,0.93,53.5,1762.0,57.7,OK
2024-02-06 16:00:00,PUMP-B01,Zone_B,2.92,1.36,60.8,1757.0,51.8,OK
2024-02-06 16:00:00,COMP-C01,Zone_C,3.6,1.81,75.8,3720.0,63.7,OK
2024-02-06 16:00:00,COMP-C02,Zone_C,3.4,1.72,78.1,3633.0,57.8,OK
2024-02-06 16:00:00,FAN-D01,Zone_B,0.91,0.54,45.4,1231.0,56.0,OK
2024-02-06 17:00:00,PUMP-A01,Zone_A,3.0,1.5,54.5,1734.0,52.8,OK
2024-02-06 17:00:00,PUMP-A02,Zone_A,2.29,1.19,60.7,1806.0,63.6,OK
2024-02-06 17:00:00,PUMP-B01,Zone_B,2.28,1.18,57.6,1788.0,65.5,OK
2024-02-06 17:00:00,COMP-C01,Zone_C,4.33,2.22,78.6,3607.0,52.4,OK
2024-02-06 17:00:00,COMP-C02,Zone_C,3.07,1.6,73.0,3624.0,55.6,OK
2024-02-06 17:00:00,FAN-D01,Zone_B,0.77,0.24,43.4,1133.0,46.6,OK
2024-02-06 18:00:00,PUMP-A01,Zone_A,2.86,1.32,57.5,1743.0,58.4,OK
2024-02-06 18:00:00,PUMP-A02,Zone_A,1.92,1.12,57.1,1783.0,53.0,OK
2024-02-06 18:00:00,PUMP-B01,Zone_B,2.48,1.35,60.5,1768.0,59.0,OK
2024-02-06 18:00:00,COMP-C01,Zone_C,3.89,2.2,72.8,3599.0,56.0,OK
2024-02-06 18:00:00,COMP-C02,Zone_C,3.54,1.73,77.4,3683.0,55.4,OK
2024-02-06 18:00:00,FAN-D01,Zone_B,1.94,1.09,46.7,1244.0,57.0,SUSPECT
2024-02-06 19:00:00,PUMP-A01,Zone_A,3.65,1.88,62.7,1827.0,64.0,OK
2024-02-06 19:00:00,PUMP-A02,Zone_A,2.14,1.3,56.4,1714.0,50.9,OK
2024-02-06 19:00:00,PUMP-B01,Zone_B,2.84,1.41,56.2,1730.0,45.4,OK
2024-02-06 19:00:00,COMP-C01,Zone_C,3.5,1.71,72.8,3556.0,46.6,OK
2024-02-06 19:00:00,COMP-C02,Zone_C,2.87,1.36,75.7,3602.0,49.4,OK
2024-02-06 19:00:00,FAN-D01,Zone_B,1.82,0.93,44.0,1258.0,57.4,OK
2024-02-06 20:00:00,PUMP-A01,Zone_A,2.95,1.57,59.8,1789.0,58.8,OK
2024-02-06 20:00:00,PUMP-A02,Zone_A,2.57,1.13,55.6,1760.0,55.0,OK
2024-02-06 20:00:00,PUMP-B01,Zone_B,2.24,1.28,57.1,1750.0,52.4,OK
2024-02-06 20:00:00,COMP-C01,Zone_C,3.96,2.01,79.9,3789.0,70.2,OK
2024-02-06 20:00:00,COMP-C02,Zone_C,3.25,1.53,74.2,3720.0,60.2,OK
2024-02-06 20:00:00,FAN-D01,Zone_B,2.36,1.03,47.0,1235.0,65.8,OK
2024-02-06 21:00:00,PUMP-A01,Zone_A,3.45,1.65,63.1,1732.0,54.1,OK
2024-02-06 21:00:00,PUMP-A02,Zone_A,2.13,1.12,58.3,1767.0,58.3,OK
2024-02-06 21:00:00,PUMP-B01,Zone_B,2.6,1.21,58.6,1753.0,51.3,OK
2024-02-06 21:00:00,COMP-C01,Zone_C,3.99,1.95,77.2,3686.0,66.9,OK
2024-02-06 21:00:00,COMP-C02,Zone_C,3.65,1.79,78.6,3696.0,61.2,OK
2024-02-06 21:00:00,FAN-D01,Zone_B,1.71,0.98,43.6,1189.0,60.9,OK
2024-02-06 22:00:00,PUMP-A01,Zone_A,2.48,1.14,57.3,1781.0,57.1,OK
2024-02-06 22:00:00,PUMP-A02,Zone_A,2.51,1.26,59.7,1810.0,65.2,OK
2024-02-06 22:00:00,PUMP-B01,Zone_B,2.38,1.23,60.6,1797.0,63.7,OK
2024-02-06 22:00:00,COMP-C01,Zone_C,3.8,1.83,79.1,3671.0,58.1,OK
2024-02-06 22:00:00,COMP-C02,Zone_C,3.79,1.66,75.3,3705.0,62.3,OK
2024-02-06 22:00:00,FAN-D01,Zone_B,1.37,0.7,46.9,1261.0,57.5,OK
2024-02-06 23:00:00,PUMP-A01,Zone_A,3.07,1.49,58.4,1812.0,69.5,OK
2024-02-06 23:00:00,PUMP-A02,Zone_A,2.3,0.95,59.3,1804.0,70.9,OK
2024-02-06 23:00:00,PUMP-B01,Zone_B,2.15,1.1,59.5,1743.0,55.8,OK
2024-02-06 23:00:00,COMP-C01,Zone_C,4.1,2.1,78.6,3745.0,69.9,OK
2024-02-06 23:00:00,COMP-C02,Zone_C,2.82,1.37,78.6,3701.0,64.1,SUSPECT
2024-02-06 23:00:00,FAN-D01,Zone_B,1.8,0.82,49.1,1220.0,66.9,OK
2024-02-07 00:00:00,PUMP-A01,Zone_A,3.34,1.62,60.1,1806.0,70.9,OK
2024-02-07 00:00:00,PUMP-A02,Zone_A,2.99,1.49,59.8,1850.0,69.4,OK
2024-02-07 00:00:00,PUMP-B01,Zone_B,2.38,1.12,59.3,1823.0,73.1,OK
2024-02-07 00:00:00,COMP-C01,Zone_C,3.67,1.63,76.3,3805.0,73.1,OK
2024-02-07 00:00:00,COMP-C02,Zone_C,3.75,1.84,75.7,3731.0,66.5,OK
2024-02-07 00:00:00,FAN-D01,Zone_B,2.24,1.1,47.1,1252.0,70.4,OK
2024-02-07 01:00:00,PUMP-A01,Zone_A,3.14,1.57,58.6,1873.0,80.2,OK
2024-02-07 01:00:00,PUMP-A02,Zone_A,2.4,1.15,59.0,1867.0,79.9,OK
2024-02-07 01:00:00,PUMP-B01,Zone_B,2.64,1.26,63.8,1820.0,73.6,OK
2024-02-07 01:00:00,COMP-C01,Zone_C,4.44,2.14,80.0,3795.0,77.3,OK
2024-02-07 01:00:00,COMP-C02,Zone_C,3.56,1.7,81.5,3760.0,70.3,OK
2024-02-07 01:00:00,FAN-D01,Zone_B,1.93,0.97,51.3,1185.0,78.8,OK
2024-02-07 02:00:00,PUMP-A01,Zone_A,3.18,1.55,65.3,1849.0,80.6,OK
2024-02-07 02:00:00,PUMP-A02,Zone_A,2.39,1.24,59.7,1842.0,69.5,OK
2024-02-07 02:00:00,PUMP-B01,Zone_B,2.42,1.06,59.8,1835.0,78.3,OK
2024-02-07 02:00:00,COMP-C01,Zone_C,4.05,2.02,80.0,3834.0,80.0,OK
2024-02-07 02:00:00,COMP-C02,Zone_C,3.63,1.93,78.4,3791.0,73.3,OK
2024-02-07 02:00:00,FAN-D01,Zone_B,1.72,1.05,47.6,1281.0,76.5,OK
2024-02-07 03:00:00,PUMP-A01,Zone_A,2.97,1.33,56.9,1827.0,71.2,OK
2024-02-07 03:00:00,PUMP-A02,Zone_A,2.57,1.35,62.6,1822.0,75.1,OK
2024-02-07 03:00:00,PUMP-B01,Zone_B,2.28,1.03,58.8,1849.0,74.4,OK
2024-02-07 03:00:00,COMP-C01,Zone_C,3.81,1.97,76.5,3830.0,83.7,OK
2024-02-07 03:00:00,COMP-C02,Zone_C,3.47,1.69,79.7,3802.0,76.1,OK
2024-02-07 03:00:00,FAN-D01,Zone_B,1.5,0.67,51.7,1271.0,76.4,OK
2024-02-07 04:00:00,PUMP-A01,Zone_A,3.3,1.59,66.7,1914.0,87.9,OK
2024-02-07 04:00:00,PUMP-A02,Zone_A,2.13,0.82,59.7,1870.0,82.6,OK
2024-02-07 04:00:00,PUMP-B01,Zone_B,2.86,1.36,61.9,1906.0,91.6,OK
2024-02-07 04:00:00,COMP-C01,Zone_C,3.94,1.99,79.5,3835.0,82.8,OK
2024-02-07 04:00:00,COMP-C02,Zone_C,2.98,1.61,75.2,3832.0,79.9,OK
2024-02-07 04:00:00,FAN-D01,Zone_B,1.87,0.98,49.7,1315.0,83.6,OK
2024-02-07 05:00:00,PUMP-A01,Zone_A,2.72,1.45,59.0,1858.0,81.5,OK
2024-02-07 05:00:00,PUMP-A02,Zone_A,3.37,1.74,64.4,1826.0,89.1,OK
2024-02-07 05:00:00,PUMP-B01,Zone_B,2.92,1.38,63.3,1794.0,77.1,OK
2024-02-07 05:00:00,COMP-C01,Zone_C,3.95,1.83,76.9,3839.0,84.7,OK
2024-02-07 05:00:00,COMP-C02,Zone_C,3.65,1.81,77.1,3844.0,86.5,OK
2024-02-07 05:00:00,FAN-D01,Zone_B,2.4,1.3,51.3,1294.0,76.9,OK
2024-02-07 06:00:00,PUMP-A01,Zone_A,3.23,1.8,64.5,1870.0,83.4,OK
2024-02-07 06:00:00,PUMP-A02,Zone_A,3.05,1.47,59.9,1881.0,81.0,OK
2024-02-07 06:00:00,PUMP-B01,Zone_B,2.51,1.16,62.9,1883.0,81.4,OK
2024-02-07 06:00:00,COMP-C01,Zone_C,4.87,2.46,83.9,3833.0,87.9,OK
2024-02-07 06:00:00,COMP-C02,Zone_C,2.87,1.4,73.8,3760.0,75.1,OK
2024-02-07 06:00:00,FAN-D01,Zone_B,1.96,1.03,50.9,1290.0,80.9,OK
2024-02-07 07:00:00,PUMP-A01,Zone_A,2.53,1.18,64.5,1872.0,84.1,OK
2024-02-07 07:00:00,PUMP-A02,Zone_A,3.03,1.41,59.2,1820.0,78.5,OK
2024-02-07 07:00:00,PUMP-B01,Zone_B,2.65,1.45,63.5,1878.0,86.2,OK
2024-02-07 07:00:00,COMP-C01,Zone_C,3.97,1.82,79.6,3776.0,78.8,OK
2024-02-07 07:00:00,COMP-C02,Zone_C,3.78,1.8,79.8,3814.0,77.3,OK
2024-02-07 07:00:00,FAN-D01,Zone_B,2.39,1.19,53.5,1269.0,92.5,OK
2024-02-07 08:00:00,PUMP-A01,Zone_A,3.52,1.6,59.8,1843.0,78.6,OK
2024-02-07 08:00:00,PUMP-A02,Zone_A,2.6,1.21,61.3,1847.0,87.1,OK
2024-02-07 08:00:00,PUMP-B01,Zone_B,2.21,1.11,60.1,1872.0,80.8,OK
2024-02-07 08:00:00,COMP-C01,Zone_C,3.73,2.13,80.0,3819.0,83.2,OK
2024-02-07 08:00:00,COMP-C02,Zone_C,3.56,1.94,80.9,3880.0,85.3,OK
2024-02-07 08:00:00,FAN-D01,Zone_B,1.57,0.73,49.7,1276.0,80.8,OK
2024-02-07 09:00:00,PUMP-A01,Zone_A,3.1,1.47,62.6,1902.0,91.6,OK
2024-02-07 09:00:00,PUMP-A02,Zone_A,2.95,1.36,65.4,1850.0,77.8,OK
2024-02-07 09:00:00,PUMP-B01,Zone_B,2.75,1.24,66.1,1880.0,83.8,OK
2024-02-07 09:00:00,COMP-C01,Zone_C,3.96,1.99,77.5,3754.0,72.8,OK
2024-02-07 09:00:00,COMP-C02,Zone_C,3.93,1.93,80.4,3845.0,79.8,OK
2024-02-07 09:00:00,FAN-D01,Zone_B,1.52,0.78,52.1,1287.0,88.4,OK
2024-02-07 10:00:00,PUMP-A01,Zone_A,3.17,1.58,65.2,1843.0,80.8,OK
2024-02-07 10:00:00,PUMP-A02,Zone_A,2.94,1.44,63.1,1887.0,86.8,OK
2024-02-07 10:00:00,PUMP-B01,Zone_B,2.35,1.24,62.1,1887.0,77.1,OK
2024-02-07 10:00:00,COMP-C01,Zone_C,4.08,1.94,79.0,3799.0,76.1,OK
2024-02-07 10:00:00,COMP-C02,Zone_C,3.05,1.43,81.4,3822.0,77.6,OK
2024-02-07 10:00:00,FAN-D01,Zone_B,1.46,0.85,48.5,1249.0,78.9,SUSPECT
2024-02-07 11:00:00,PUMP-A01,Zone_A,3.14,1.6,62.1,1825.0,75.7,OK
2024-02-07 11:00:00,PUMP-A02,Zone_A,2.6,1.34,59.6,1758.0,65.3,OK
2024-02-07 11:00:00,PUMP-B01,Zone_B,1.89,1.03,59.4,1830.0,68.5,OK
2024-02-07 11:00:00,COMP-C01,Zone_C,3.92,2.02,76.5,3769.0,72.6,OK
2024-02-07 11:00:00,COMP-C02,Zone_C,3.69,1.85,75.8,3758.0,68.7,OK
2024-02-07 11:00:00,FAN-D01,Zone_B,2.14,1.11,52.9,1252.0,71.0,OK
2024-02-07 12:00:00,PUMP-A01,Zone_A,3.68,1.78,64.0,1824.0,67.7,OK
2024-02-07 12:00:00,PUMP-A02,Zone_A,2.34,1.13,58.2,1849.0,71.0,OK
2024-02-07 12:00:00,PUMP-B01,Zone_B,2.53,1.33,63.9,1829.0,73.3,OK
2024-02-07 12:00:00,COMP-C01,Zone_C,3.73,1.78,79.3,3767.0,71.5,OK
2024-02-07 12:00:00,COMP-C02,Zone_C,3.07,1.6,76.8,3707.0,63.2,OK
2024-02-07 12:00:00,FAN-D01,Zone_B,1.74,0.82,47.6,1247.0,67.7,OK
2024-02-07 13:00:00,PUMP-A01,Zone_A,2.97,1.49,63.0,1768.0,63.0,OK
2024-02-07 13:00:00,PUMP-A02,Zone_A,2.97,1.55,58.5,1779.0,62.2,OK
2024-02-07 13:00:00,PUMP-B01,Zone_B,3.0,1.45,64.8,1763.0,61.4,OK
2024-02-07 13:00:00,COMP-C01,Zone_C,3.8,1.91,77.8,3692.0,61.1,OK
2024-02-07 13:00:00,COMP-C02,Zone_C,2.98,1.48,73.9,3666.0,59.3,OK
2024-02-07 13:00:00,FAN-D01,Zone_B,1.45,0.71,48.2,1253.0,67.3,OK
2024-02-07 14:00:00,PUMP-A01,Zone_A,2.87,1.48,60.0,1799.0,64.8,OK
2024-02-07 14:00:00,PUMP-A02,Zone_A,3.05,1.46,62.5,1776.0,62.1,OK
2024-02-07 14:00:00,PUMP-B01,Zone_B,2.44,1.37,53.1,1812.0,65.8,OK
2024-02-07 14:00:00,COMP-C01,Zone_C,4.1,1.94,79.9,3767.0,68.7,OK
2024-02-07 14:00:00,COMP-C02,Zone_C,3.29,1.69,75.5,3735.0,65.9,OK
2024-02-07 14:00:00,FAN-D01,Zone_B,1.6,0.86,47.9,1223.0,66.9,OK
2024-02-07 15:00:00,PUMP-A01,Zone_A,2.56,1.42,62.4,1803.0,63.7,SUSPECT
2024-02-07 15:00:00,PUMP-A02,Zone_A,2.67,1.28,57.8,1764.0,60.0,OK
2024-02-07 15:00:00,PUMP-B01,Zone_B,2.29,1.06,60.5,1785.0,58.4,OK
2024-02-07 15:00:00,COMP-C01,Zone_C,4.29,2.24,82.3,3688.0,60.7,OK
2024-02-07 15:00:00,COMP-C02,Zone_C,3.52,1.75,75.7,3658.0,58.3,OK
2024-02-07 15:00:00,FAN-D01,Zone_B,1.23,0.83,47.8,1257.0,64.7,OK
2024-02-07 16:00:00,PUMP-A01,Zone_A,3.04,1.62,56.9,1754.0,54.8,SUSPECT
2024-02-07 16:00:00,PUMP-A02,Zone_A,2.32,1.29,58.1,1764.0,55.9,OK
2024-02-07 16:00:00,PUMP-B01,Zone_B,2.49,1.16,59.8,1799.0,59.4,OK
2024-02-07 16:00:00,COMP-C01,Zone_C,3.17,1.54,70.6,3641.0,52.2,OK
2024-02-07 16:00:00,COMP-C02,Zone_C,2.78,1.37,71.2,3610.0,54.4,OK
2024-02-07 16:00:00,FAN-D01,Zone_B,1.71,0.96,51.4,1208.0,60.6,OK
2024-02-07 17:00:00,PUMP-A01,Zone_A,3.35,1.73,60.4,1738.0,49.0,OK
2024-02-07 17:00:00,PUMP-A02,Zone_A,2.41,1.12,57.0,1789.0,60.2,OK
2024-02-07 17:00:00,PUMP-B01,Zone_B,2.27,0.96,56.3,1752.0,50.9,OK
2024-02-07 17:00:00,COMP-C01,Zone_C,4.04,2.01,76.8,3668.0,62.7,OK
2024-02-07 17:00:00,COMP-C02,Zone_C,2.99,1.57,71.1,3656.0,54.9,OK
2024-02-07 17:00:00,FAN-D01,Zone_B,1.6,0.79,48.7,1211.0,55.6,OK
2024-02-07 18:00:00,PUMP-A01,Zone_A,2.65,1.18,56.3,1761.0,52.1,OK
2024-02-07 18:00:00,PUMP-A02,Zone_A,2.35,1.09,57.3,1804.0,58.8,OK
2024-02-07 18:00:00,PUMP-B01,Zone_B,2.47,1.36,54.8,1717.0,50.6,OK
2024-02-07 18:00:00,COMP-C01,Zone_C,3.65,1.7,75.0,3630.0,53.1,OK
2024-02-07 18:00:00,COMP-C02,Zone_C,3.48,1.7,76.1,3612.0,52.7,OK
2024-02-07 18:00:00,FAN-D01,Zone_B,1.36,0.55,43.7,1229.0,51.0,OK
2024-02-07 19:00:00,PUMP-A01,Zone_A,3.45,1.78,59.8,1803.0,60.7,OK
2024-02-07 19:00:00,PUMP-A02,Zone_A,2.63,1.29,53.8,1783.0,65.8,OK
2024-02-07 19:00:00,PUMP-B01,Zone_B,2.16,1.15,56.4,1814.0,56.4,OK
2024-02-07 19:00:00,COMP-C01,Zone_C,4.19,2.15,79.6,3618.0,57.1,OK
2024-02-07 19:00:00,COMP-C02,Zone_C,3.19,1.57,72.4,3631.0,54.3,OK
2024-02-07 19:00:00,FAN-D01,Zone_B,1.58,0.94,47.0,1204.0,59.4,OK
2024-02-07 20:00:00,PUMP-A01,Zone_A,3.03,1.6,58.6,1792.0,56.6,OK
2024-02-07 20:00:00,PUMP-A02,Zone_A,2.5,1.17,59.7,1797.0,51.9,OK
2024-02-07 20:00:00,PUMP-B01,Zone_B,2.32,1.22,62.5,1773.0,65.5,OK
2024-02-07 20:00:00,COMP-C01,Zone_C,3.82,2.06,76.7,3620.0,56.1,OK
2024-02-07 20:00:00,COMP-C02,Zone_C,3.3,1.51,77.4,3653.0,54.8,OK
2024-02-07 20:00:00,FAN-D01,Zone_B,1.44,0.73,44.9,1197.0,50.4,OK
2024-02-07 21:00:00,PUMP-A01,Zone_A,3.0,1.38,56.4,1770.0,58.3,OK
2024-02-07 21:00:00,PUMP-A02,Zone_A,2.73,1.32,57.2,1836.0,70.1,OK
2024-02-07 21:00:00,PUMP-B01,Zone_B,2.31,1.14,57.0,1767.0,56.6,OK
2024-02-07 21:00:00,COMP-C01,Zone_C,2.89,1.5,73.8,3654.0,55.7,OK
2024-02-07 21:00:00,COMP-C02,Zone_C,2.8,1.31,75.3,3635.0,58.1,OK
2024-02-07 21:00:00,FAN-D01,Zone_B,1.8,0.97,47.2,1206.0,66.6,OK
2024-02-07 22:00:00,PUMP-A01,Zone_A,3.09,1.47,57.6,1811.0,68.5,OK
2024-02-07 22:00:00,PUMP-A02,Zone_A,2.72,1.37,54.4,1824.0,71.4,OK
2024-02-07 22:00:00,PUMP-B01,Zone_B,2.6,1.17,57.8,1788.0,56.9,OK
2024-02-07 22:00:00,COMP-C01,Zone_C,3.71,2.0,77.5,3720.0,66.9,OK
2024-02-07 22:00:00,COMP-C02,Zone_C,3.65,1.75,72.7,3615.0,53.5,OK
2024-02-07 22:00:00,FAN-D01,Zone_B,1.76,0.97,49.2,1257.0,68.2,OK
2024-02-07 23:00:00,PUMP-A01,Zone_A,3.17,1.69,60.2,1756.0,62.7,OK
2024-02-07 23:00:00,PUMP-A02,Zone_A,2.36,1.08,61.9,1821.0,70.6,OK
2024-02-07 23:00:00,PUMP-B01,Zone_B,2.54,1.24,59.1,1804.0,69.6,OK
2024-02-07 23:00:00,COMP-C01,Zone_C,3.81,1.99,79.7,3762.0,65.5,OK
2024-02-07 23:00:00,COMP-C02,Zone_C,3.09,1.48,74.4,3763.0,68.6,OK
2024-02-07 23:00:00,FAN-D01,Zone_B,1.9,0.93,46.7,1216.0,64.6,OK
2024-02-08 00:00:00,PUMP-A01,Zone_A,2.85,1.32,61.1,1797.0,69.6,OK
2024-02-08 00:00:00,PUMP-A02,Zone_A,2.6,1.34,62.8,1823.0,72.1,OK
2024-02-08 00:00:00,PUMP-B01,Zone_B,2.54,1.29,60.3,1794.0,69.7,OK
2024-02-08 00:00:00,COMP-C01,Zone_C,4.04,2.1,77.5,3769.0,72.0,OK
2024-02-08 00:00:00,COMP-C02,Zone_C,3.76,1.87,74.0,3708.0,70.5,OK
2024-02-08 00:00:00,FAN-D01,Zone_B,1.55,0.97,47.7,1228.0,68.7,OK
2024-02-08 01:00:00,PUMP-A01,Zone_A,2.84,1.34,62.5,1805.0,72.7,SUSPECT
2024-02-08 01:00:00,PUMP-A02,Zone_A,2.35,1.18,60.1,1779.0,65.5,OK
2024-02-08 01:00:00,PUMP-B01,Zone_B,2.2,1.07,61.6,1832.0,76.6,OK
2024-02-08 01:00:00,COMP-C01,Zone_C,4.15,2.02,75.2,3790.0,77.8,OK
2024-02-08 01:00:00,COMP-C02,Zone_C,3.58,1.85,76.1,3806.0,74.6,OK
2024-02-08 01:00:00,FAN-D01,Zone_B,1.74,0.91,49.1,1283.0,74.1,OK
2024-02-08 02:00:00,PUMP-A01,Zone_A,2.52,1.29,64.4,1829.0,66.2,OK
2024-02-08 02:00:00,PUMP-A02,Zone_A,2.88,1.42,63.5,1863.0,77.3,OK
2024-02-08 02:00:00,PUMP-B01,Zone_B,2.39,1.21,58.6,1824.0,71.9,SUSPECT
2024-02-08 02:00:00,COMP-C01,Zone_C,4.12,2.07,81.2,3759.0,76.4,OK
2024-02-08 02:00:00,COMP-C02,Zone_C,3.91,1.82,79.7,3812.0,76.6,OK
2024-02-08 02:00:00,FAN-D01,Zone_B,1.66,0.91,50.7,1261.0,81.6,OK
2024-02-08 03:00:00,PUMP-A01,Zone_A,3.55,1.57,66.1,1847.0,83.5,OK
2024-02-08 03:00:00,PUMP-A02,Zone_A,2.1,1.0,62.2,1873.0,83.4,OK
2024-02-08 03:00:00,PUMP-B01,Zone_B,2.69,1.29,63.5,1845.0,81.2,OK
2024-02-08 03:00:00,COMP-C01,Zone_C,4.07,2.2,76.8,3893.0,88.4,OK
2024-02-08 03:00:00,COMP-C02,Zone_C,3.54,1.87,78.5,3769.0,71.7,OK
2024-02-08 03:00:00,FAN-D01,Zone_B,1.11,0.44,49.5,1255.0,81.2,OK
2024-02-08 04:00:00,PUMP-A01,Zone_A,3.08,1.5,64.3,1870.0,88.2,OK
2024-02-08 04:00:00,PUMP-A02,Zone_A,2.93,1.45,63.5,1824.0,77.6,OK
2024-02-08 04:00:00,PUMP-B01,Zone_B,2.09,1.08,61.9,1876.0,85.2,OK
2024-02-08 04:00:00,COMP-C01,Zone_C,3.95,1.81,77.2,3791.0,73.7,SUSPECT
2024-02-08 04:00:00,COMP-C02,Zone_C,3.99,1.78,79.4,3886.0,88.6,OK
2024-02-08 04:00:00,FAN-D01,Zone_B,1.22,0.68,46.9,1247.0,67.6,OK
2024-02-08 05:00:00,PUMP-A01,Zone_A,3.16,1.58,60.1,1839.0,79.7,OK
2024-02-08 05:00:00,PUMP-A02,Zone_A,3.04,1.59,63.0,1907.0,89.9,OK
2024-02-08 05:00:00,PUMP-B01,Zone_B,3.07,1.55,62.1,1854.0,81.4,OK
2024-02-08 05:00:00,COMP-C01,Zone_C,4.29,2.08,78.3,3818.0,84.5,OK
2024-02-08 05:00:00,COMP-C02,Zone_C,3.11,1.46,77.9,3850.0,86.7,OK
2024-02-08 05:00:00,FAN-D01,Zone_B,2.28,1.14,54.0,1293.0,91.5,OK
2024-02-08 06:00:00,PUMP-A01,Zone_A,3.39,1.61,62.8,1862.0,77.5,OK
2024-02-08 06:00:00,PUMP-A02,Zone_A,2.87,1.52,62.9,1851.0,85.7,OK
2024-02-08 06:00:00,PUMP-B01,Zone_B,2.49,1.37,58.7,1907.0,88.9,OK
2024-02-08 06:00:00,COMP-C01,Zone_C,4.43,2.23,81.1,3895.0,90.5,OK
2024-02-08 06:00:00,COMP-C02,Zone_C,3.44,1.85,76.6,3883.0,82.0,OK
2024-02-08 06:00:00,FAN-D01,Zone_B,1.88,0.86,51.8,1304.0,93.0,OK
2024-02-08 07:00:00,PUMP-A01,Zone_A,3.6,1.74,67.5,1858.0,79.1,OK
2024-02-08 07:00:00,PUMP-A02,Zone_A,2.89,1.67,61.6,1851.0,81.4,OK
2024-02-08 07:00:00,PUMP-B01,Zone_B,2.87,1.41,60.2,1882.0,84.0,OK
2024-02-08 07:00:00,COMP-C01,Zone_C,3.98,2.07,78.5,3901.0,92.2,OK
2024-02-08 07:00:00,COMP-C02,Zone_C,3.78,1.93,83.3,3892.0,91.1,OK
2024-02-08 07:00:00,FAN-D01,Zone_B,1.67,0.85,49.2,1270.0,75.6,OK
2024-02-08 08:00:00,PUMP-A01,Zone_A,3.32,1.64,65.1,1906.0,93.8,OK
2024-02-08 08:00:00,PUMP-A02,Zone_A,2.38,1.2,59.9,1897.0,82.8,OK
2024-02-08 08:00:00,PUMP-B01,Zone_B,2.58,1.35,59.9,1890.0,81.1,OK
2024-02-08 08:00:00,COMP-C01,Zone_C,4.19,2.19,78.5,3760.0,72.9,OK
2024-02-08 08:00:00,COMP-C02,Zone_C,3.35,1.46,80.9,3858.0,81.8,OK
2024-02-08 08:00:00,FAN-D01,Zone_B,1.9,0.86,52.3,1299.0,80.6,OK
2024-02-08 09:00:00,PUMP-A01,Zone_A,2.87,1.37,58.6,1856.0,73.5,OK
2024-02-08 09:00:00,PUMP-A02,Zone_A,2.1,1.07,57.3,1876.0,78.6,OK
2024-02-08 09:00:00,PUMP-B01,Zone_B,2.38,1.19,61.3,1864.0,85.3,OK
2024-02-08 09:00:00,COMP-C01,Zone_C,3.26,1.59,76.4,3790.0,74.2,OK
2024-02-08 09:00:00,COMP-C02,Zone_C,3.81,1.86,83.0,3836.0,77.9,OK
2024-02-08 09:00:00,FAN-D01,Zone_B,1.62,0.73,48.4,1263.0,74.6,OK
2024-02-08 10:00:00,PUMP-A01,Zone_A,3.08,1.42,59.3,1857.0,79.7,OK
2024-02-08 10:00:00,PUMP-A02,Zone_A,2.6,1.32,61.3,1863.0,88.4,OK
2024-02-08 10:00:00,PUMP-B01,Zone_B,2.82,1.25,60.3,1868.0,79.8,OK
2024-02-08 10:00:00,COMP-C01,Zone_C,4.78,2.41,75.6,3722.0,70.7,OK
2024-02-08 10:00:00,COMP-C02,Zone_C,2.83,1.58,72.9,3736.0,71.2,OK
2024-02-08 10:00:00,FAN-D01,Zone_B,1.26,0.61,51.6,1271.0,75.7,OK
2024-02-08 11:00:00,PUMP-A01,Zone_A,3.3,1.62,62.2,1822.0,71.1,OK
2024-02-08 11:00:00,PUMP-A02,Zone_A,2.4,1.12,58.7,1857.0,75.1,OK
2024-02-08 11:00:00,PUMP-B01,Zone_B,2.77,1.34,65.2,1814.0,72.6,OK
2024-02-08 11:00:00,COMP-C01,Zone_C,4.16,2.08,78.9,3776.0,75.0,OK
2024-02-08 11:00:00,COMP-C02,Zone_C,3.8,1.87,75.8,3735.0,68.7,OK
2024-02-08 11:00:00,FAN-D01,Zone_B,1.78,0.81,46.8,1271.0,82.9,OK
2024-02-08 12:00:00,PUMP-A01,Zone_A,3.24,1.55,57.9,1782.0,72.0,OK
2024-02-08 12:00:00,PUMP-A02,Zone_A,2.82,1.42,63.2,1859.0,79.4,OK
2024-02-08 12:00:00,PUMP-B01,Zone_B,2.26,1.08,56.6,1803.0,66.0,OK
2024-02-08 12:00:00,COMP-C01,Zone_C,4.0,2.0,77.4,3700.0,65.1,OK
2024-02-08 12:00:00,COMP-C02,Zone_C,3.35,1.51,76.7,3705.0,67.5,OK
2024-02-08 12:00:00,FAN-D01,Zone_B,2.08,0.9,50.5,1258.0,74.7,OK
2024-02-08 13:00:00,PUMP-A01,Zone_A,2.74,1.26,60.8,1808.0,70.6,OK
2024-02-08 13:00:00,PUMP-A02,Zone_A,2.25,1.13,55.3,1782.0,61.5,OK
2024-02-08 13:00:00,PUMP-B01,Zone_B,2.57,1.43,59.8,1792.0,66.5,OK
2024-02-08 13:00:00,COMP-C01,Zone_C,4.05,2.13,75.5,3723.0,72.8,OK
2024-02-08 13:00:00,COMP-C02,Zone_C,3.18,1.53,76.7,3786.0,74.1,OK
2024-02-08 13:00:00,FAN-D01,Zone_B,1.72,0.96,46.2,1170.0,58.7,OK
2024-02-08 14:00:00,PUMP-A01,Zone_A,3.27,1.65,61.0,1815.0,63.0,OK
2024-02-08 14:00:00,PUMP-A02,Zone_A,2.37,1.23,61.1,1844.0,63.1,OK
2024-02-08 14:00:00,PUMP-B01,Zone_B,2.7,1.37,62.0,1781.0,59.6,OK
2024-02-08 14:00:00,COMP-C01,Zone_C,3.67,1.76,79.9,3675.0,60.7,OK
2024-02-08 14:00:00,COMP-C02,Zone_C,3.25,1.62,75.3,3656.0,57.0,OK
2024-02-08 14:00:00,FAN-D01,Zone_B,1.49,0.81,46.2,1224.0,56.5,OK
2024-02-08 15:00:00,PUMP-A01,Zone_A,2.39,1.31,57.0,1779.0,61.6,OK
2024-02-08 15:00:00,PUMP-A02,Zone_A,2.23,1.13,58.5,1776.0,57.4,OK
2024-02-08 15:00:00,PUMP-B01,Zone_B,2.57,1.21,56.7,1801.0,58.8,OK
2024-02-08 15:00:00,COMP-C01,Zone_C,3.8,1.88,79.1,3620.0,55.3,OK
2024-02-08 15:00:00,COMP-C02,Zone_C,3.57,1.6,72.0,3557.0,45.0,OK
2024-02-08 15:00:00,FAN-D01,Zone_B,1.5,0.72,49.3,1199.0,58.6,OK
2024-02-08 16:00:00,PUMP-A01,Zone_A,2.92,1.47,59.7,1836.0,68.1,OK
2024-02-08 16:00:00,PUMP-A02,Zone_A,2.2,1.25,59.3,1794.0,59.6,OK
2024-02-08 16:00:00,PUMP-B01,Zone_B,1.77,0.89,57.8,1757.0,55.4,OK
2024-02-08 16:00:00,COMP-C01,Zone_C,3.6,1.65,74.1,3664.0,55.5,OK
2024-02-08 16:00:00,COMP-C02,Zone_C,3.26,1.58,75.8,3693.0,63.0,OK
2024-02-08 16:00:00,FAN-D01,Zone_B,1.64,0.92,48.7,1206.0,62.0,OK
2024-02-08 17:00:00,PUMP-A01,Zone_A,2.48,1.19,61.1,1745.0,51.1,OK
2024-02-08 17:00:00,PUMP-A02,Zone_A,2.3,1.24,55.5,1749.0,55.4,OK
2024-02-08 17:00:00,PUMP-B01,Zone_B,2.44,1.1,53.6,1784.0,54.9,OK
2024-02-08 17:00:00,COMP-C01,Zone_C,4.07,2.03,77.8,3629.0,52.7,OK
2024-02-08 17:00:00,COMP-C02,Zone_C,3.26,1.67,75.4,3637.0,57.3,OK
2024-02-08 17:00:00,FAN-D01,Zone_B,2.37,1.18,48.1,1232.0,60.7,OK
2024-02-08 18:00:00,PUMP-A01,Zone_A,2.61,1.17,57.9,1746.0,46.3,OK
2024-02-08 18:00:00,PUMP-A02,Zone_A,2.23,1.03,60.0,1794.0,59.9,OK
2024-02-08 18:00:00,PUMP-B01,Zone_B,2.5,1.15,62.3,1766.0,50.1,OK
2024-02-08 18:00:00,COMP-C01,Zone_C,4.01,1.98,74.8,3557.0,49.6,OK
2024-02-08 18:00:00,COMP-C02,Zone_C,3.43,1.91,71.7,3577.0,45.8,OK
2024-02-08 18:00:00,FAN-D01,Zone_B,1.52,0.69,46.1,1235.0,54.3,OK
2024-02-08 19:00:00,PUMP-A01,Zone_A,2.94,1.3,59.9,1713.0,54.1,OK
2024-02-08 19:00:00,PUMP-A02,Zone_A,2.36,1.11,59.4,1776.0,56.4,OK
2024-02-08 19:00:00,PUMP-B01,Zone_B,2.91,1.5,61.0,1767.0,56.5,OK
2024-02-08 19:00:00,COMP-C01,Zone_C,4.69,2.36,78.0,3654.0,60.9,OK
2024-02-08 19:00:00,COMP-C02,Zone_C,3.48,1.75,73.3,3608.0,50.9,OK
2024-02-08 19:00:00,FAN-D01,Zone_B,1.15,0.6,46.2,1210.0,59.0,OK
2024-02-08 20:00:00,PUMP-A01,Zone_A,3.34,1.72,61.4,1785.0,52.1,OK
2024-02-08 20:00:00,PUMP-A02,Zone_A,1.8,1.1,55.6,1798.0,53.1,OK
2024-02-08 20:00:00,PUMP-B01,Zone_B,2.58,1.18,57.1,1769.0,57.3,OK
2024-02-08 20:00:00,COMP-C01,Zone_C,4.14,2.08,72.2,3584.0,49.8,OK
2024-02-08 20:00:00,COMP-C02,Zone_C,3.16,1.56,72.7,3607.0,47.7,OK
2024-02-08 20:00:00,FAN-D01,Zone_B,2.2,1.1,47.1,1245.0,58.0,OK
2024-02-08 21:00:00,PUMP-A01,Zone_A,2.89,1.28,60.4,1819.0,67.7,OK
2024-02-08 21:00:00,PUMP-A02,Zone_A,2.47,1.19,61.1,1822.0,64.3,OK
2024-02-08 21:00:00,PUMP-B01,Zone_B,2.26,1.09,61.8,1740.0,52.0,OK
2024-02-08 21:00:00,COMP-C01,Zone_C,3.78,1.7,78.9,3592.0,52.8,OK
2024-02-08 21:00:00,COMP-C02,Zone_C,3.03,1.54,75.1,3575.0,52.4,OK
2024-02-08 21:00:00,FAN-D01,Zone_B,1.76,0.89,42.5,1204.0,56.9,OK
2024-02-08 22:00:00,PUMP-A01,Zone_A,2.67,1.28,61.7,1842.0,69.0,OK
2024-02-08 22:00:00,PUMP-A02,Zone_A,2.57,1.29,55.6,1747.0,59.4,OK
2024-02-08 22:00:00,PUMP-B01,Zone_B,2.97,1.57,62.3,1826.0,68.9,OK
2024-02-08 22:00:00,COMP-C01,Zone_C,4.67,2.23,77.1,3711.0,61.9,OK
2024-02-08 22:00:00,COMP-C02,Zone_C,3.59,1.78,74.2,3675.0,57.6,OK
2024-02-08 22:00:00,FAN-D01,Zone_B,1.24,0.46,46.9,1239.0,63.2,OK
2024-02-08 23:00:00,PUMP-A01,Zone_A,3.33,1.64,65.1,1801.0,65.3,OK
2024-02-08 23:00:00,PUMP-A02,Zone_A,1.96,0.91,58.8,1818.0,69.0,OK
2024-02-08 23:00:00,PUMP-B01,Zone_B,2.48,1.22,60.4,1845.0,72.9,OK
2024-02-08 23:00:00,COMP-C01,Zone_C,3.36,1.76,74.3,3681.0,66.1,OK
2024-02-08 23:00:00,COMP-C02,Zone_C,3.35,1.72,78.2,3699.0,63.3,OK
2024-02-08 23:00:00,FAN-D01,Zone_B,1.47,0.7,47.4,1239.0,69.2,OK
2024-02-09 00:00:00,PUMP-A01,Zone_A,3.47,1.7,66.6,1810.0,73.4,OK
2024-02-09 00:00:00,PUMP-A02,Zone_A,2.7,1.3,60.1,1796.0,70.3,OK
2024-02-09 00:00:00,PUMP-B01,Zone_B,2.49,1.1,61.6,1843.0,77.9,OK
2024-02-09 00:00:00,COMP-C01,Zone_C,3.69,1.86,76.8,3683.0,64.1,OK
2024-02-09 00:00:00,COMP-C02,Zone_C,3.73,1.91,79.0,3781.0,77.7,OK
2024-02-09 00:00:00,FAN-D01,Zone_B,1.53,0.72,50.3,1286.0,71.9,OK
2024-02-09 01:00:00,PUMP-A01,Zone_A,3.26,1.5,60.5,1805.0,77.2,OK
2024-02-09 01:00:00,PUMP-A02,Zone_A,2.51,1.36,60.2,1812.0,66.8,OK
2024-02-09 01:00:00,PUMP-B01,Zone_B,2.69,1.07,62.7,1850.0,74.7,OK
2024-02-09 01:00:00,COMP-C01,Zone_C,4.02,2.08,80.9,3821.0,77.9,OK
2024-02-09 01:00:00,COMP-C02,Zone_C,3.64,1.85,76.5,3858.0,79.2,OK
2024-02-09 01:00:00,FAN-D01,Zone_B,1.65,0.73,48.8,1293.0,71.4,OK
2024-02-09 02:00:00,PUMP-A01,Zone_A,3.42,1.85,61.9,1794.0,70.0,OK
2024-02-09 02:00:00,PUMP-A02,Zone_A,2.36,1.19,59.1,1786.0,55.2,OK
2024-02-09 02:00:00,PUMP-B01,Zone_B,2.91,1.45,61.5,1908.0,87.0,OK
2024-02-09 02:00:00,COMP-C01,Zone_C,4.56,2.19,78.7,3809.0,81.3,OK
2024-02-09 02:00:00,COMP-C02,Zone_C,3.73,1.92,79.6,3816.0,78.8,OK
2024-02-09 02:00:00,FAN-D01,Zone_B,1.61,0.73,49.3,1239.0,74.4,OK
2024-02-09 03:00:00,PUMP-A01,Zone_A,2.59,1.18,62.7,1818.0,75.4,OK
2024-02-09 03:00:00,PUMP-A02,Zone_A,2.24,0.94,61.2,1824.0,77.0,OK
2024-02-09 03:00:00,PUMP-B01,Zone_B,2.42,1.2,62.3,1842.0,78.6,SUSPECT
2024-02-09 03:00:00,COMP-C01,Zone_C,3.87,2.11,79.1,3845.0,80.4,OK
2024-02-09 03:00:00,COMP-C02,Zone_C,3.82,1.82,80.9,3852.0,82.8,OK
2024-02-09 03:00:00,FAN-D01,Zone_B,1.8,0.85,51.4,1276.0,79.1,OK
2024-02-09 04:00:00,PUMP-A01,Zone_A,3.24,1.54,62.7,1851.0,75.1,OK
2024-02-09 04:00:00,PUMP-A02,Zone_A,2.87,1.36,62.9,1895.0,76.0,OK
2024-02-09 04:00:00,PUMP-B01,Zone_B,2.38,1.05,61.5,1846.0,82.4,OK
2024-02-09 04:00:00,COMP-C01,Zone_C,4.43,2.04,80.1,3830.0,81.1,OK
2024-02-09 04:00:00,COMP-C02,Zone_C,3.25,1.48,78.9,3853.0,85.3,OK
2024-02-09 04:00:00,FAN-D01,Zone_B,1.81,0.76,54.5,1303.0,86.5,OK
2024-02-09 05:00:00,PUMP-A01,Zone_A,4.03,1.93,65.2,1877.0,92.7,OK
2024-02-09 05:00:00,PUMP-A02,Zone_A,2.61,1.38,60.7,1885.0,81.7,OK
2024-02-09 05:00:00,PUMP-B01,Zone_B,2.81,1.33,67.3,1866.0,81.8,OK
2024-02-09 05:00:00,COMP-C01,Zone_C,4.03,2.28,82.5,3852.0,87.9,OK
2024-02-09 05:00:00,COMP-C02,Zone_C,3.42,1.6,78.0,3866.0,84.0,OK
2024-02-09 05:00:00,FAN-D01,Zone_B,2.64,1.53,51.6,1263.0,85.1,OK
2024-02-09 06:00:00,PUMP-A01,Zone_A,3.19,1.6,65.5,1866.0,89.8,OK
2024-02-09 06:00:00,PUMP-A02,Zone_A,3.23,1.64,60.9,1902.0,92.6,OK
2024-02-09 06:00:00,PUMP-B01,Zone_B,2.45,1.19,61.8,1882.0,85.9,OK
2024-02-09 06:00:00,COMP-C01,Zone_C,4.04,1.94,80.8,3860.0,85.8,OK
2024-02-09 06:00:00,COMP-C02,Zone_C,3.67,1.63,78.4,3800.0,80.2,OK
2024-02-09 06:00:00,FAN-D01,Zone_B,2.21,1.03,50.4,1313.0,92.0,OK
2024-02-09 07:00:00,PUMP-A01,Zone_A,3.11,1.63,64.9,1862.0,81.5,OK
2024-02-09 07:00:00,PUMP-A02,Zone_A,2.46,1.44,62.4,1828.0,77.7,OK
2024-02-09 07:00:00,PUMP-B01,Zone_B,3.09,1.4,66.5,1905.0,95.5,OK
2024-02-09 07:00:00,COMP-C01,Zone_C,4.52,2.17,81.8,3891.0,89.2,OK
2024-02-09 07:00:00,COMP-C02,Zone_C,3.34,1.71,77.7,3791.0,81.5,OK
2024-02-09 07:00:00,FAN-D01,Zone_B,1.89,0.85,52.5,1294.0,83.4,OK
2024-02-09 08:00:00,PUMP-A01,Zone_A,2.85,1.41,65.7,1916.0,90.7,OK
2024-02-09 08:00:00,PUMP-A02,Zone_A,2.5,1.29,61.7,1888.0,81.9,OK
2024-02-09 08:00:00,PUMP-B01,Zone_B,2.58,1.41,66.3,1891.0,90.5,OK
2024-02-09 08:00:00,COMP-C01,Zone_C,3.9,1.92,78.5,3916.0,93.6,OK
2024-02-09 08:00:00,COMP-C02,Zone_C,3.12,1.72,75.7,3871.0,86.5,OK
2024-02-09 08:00:00,FAN-D01,Zone_B,1.62,0.81,45.7,1252.0,78.2,OK
2024-02-09 09:00:00,PUMP-A01,Zone_A,3.35,1.62,60.5,1906.0,81.8,OK
2024-02-09 09:00:00,PUMP-A02,Zone_A,2.89,1.25,61.9,1868.0,80.1,OK
2024-02-09 09:00:00,PUMP-B01,Zone_B,2.14,1.11,58.8,1879.0,85.0,OK
2024-02-09 09:00:00,COMP-C01,Zone_C,4.43,2.3,83.7,3815.0,82.8,OK
2024-02-09 09:00:00,COMP-C02,Zone_C,3.97,1.93,80.8,3844.0,82.1,OK
2024-02-09 09:00:00,FAN-D01,Zone_B,1.58,0.7,50.3,1251.0,84.0,OK
2024-02-09 10:00:00,PUMP-A01,Zone_A,4.31,2.14,66.6,1843.0,84.6,OK
2024-02-09 10:00:00,PUMP-A02,Zone_A,2.35,1.14,60.3,1848.0,84.4,OK
2024-02-09 10:00:00,PUMP-B01,Zone_B,2.64,1.21,60.9,1860.0,76.3,OK
2024-02-09 10:00:00,COMP-C01,Zone_C,4.23,2.03,77.7,3801.0,79.7,OK
2024-02-09 10:00:00,COMP-C02,Zone_C,3.72,1.97,77.7,3783.0,74.3,OK
2024-02-09 10:00:00,FAN-D01,Zone_B,1.82,0.77,48.2,1225.0,70.5,OK
2024-02-09 11:00:00,PUMP-A01,Zone_A,3.41,1.68,62.1,1794.0,71.3,OK
2024-02-09 11:00:00,PUMP-A02,Zone_A,2.3,1.16,55.7,1838.0,70.2,OK
2024-02-09 11:00:00,PUMP-B01,Zone_B,2.54,1.33,59.6,1846.0,69.9,OK
2024-02-09 11:00:00,COMP-C01,Zone_C,3.99,1.97,78.5,3784.0,74.9,OK
2024-02-09 11:00:00,COMP-C02,Zone_C,3.99,2.05,80.5,3692.0,64.2,OK
2024-02-09 11:00:00,FAN-D01,Zone_B,1.24,0.61,48.8,1234.0,70.7,SUSPECT
2024-02-09 12:00:00,PUMP-A01,Zone_A,3.77,1.73,64.7,1821.0,63.7,OK
2024-02-09 12:00:00,PUMP-A02,Zone_A,2.66,1.35,57.8,1812.0,67.7,OK
2024-02-09 12:00:00,PUMP-B01,Zone_B,2.56,1.27,63.2,1846.0,81.2,OK
2024-02-09 12:00:00,COMP-C01,Zone_C,3.77,1.87,80.3,3751.0,72.0,OK
2024-02-09 12:00:00,COMP-C02,Zone_C,3.44,1.79,74.1,3744.0,73.3,OK
2024-02-09 12:00:00,FAN-D01,Zone_B,1.76,0.79,48.7,1219.0,75.4,OK
2024-02-09 13:00:00,PUMP-A01,Zone_A,3.25,1.51,57.8,1818.0,66.0,OK
2024-02-09 13:00:00,PUMP-A02,Zone_A,2.51,1.23,62.0,1804.0,64.6,OK
2024-02-09 13:00:00,PUMP-B01,Zone_B,2.43,1.24,60.1,1798.0,56.9,OK
2024-02-09 13:00:00,COMP-C01,Zone_C,3.98,2.0,78.4,3735.0,72.4,OK
2024-02-09 13:00:00,COMP-C02,Zone_C,3.47,1.77,79.1,3708.0,62.6,OK
2024-02-09 13:00:00,FAN-D01,Zone_B,1.32,0.68,47.0,1223.0,67.9,OK
2024-02-09 14:00:00,PUMP-A01,Zone_A,2.81,1.42,58.3,1807.0,59.1,OK
2024-02-09 14:00:00,PUMP-A02,Zone_A,2.37,1.1,58.1,1753.0,54.1,OK
2024-02-09 14:00:00,PUMP-B01,Zone_B,2.45,1.34,61.4,1746.0,49.4,OK
2024-02-09 14:00:00,COMP-C01,Zone_C,4.02,2.12,80.9,3710.0,65.8,OK
2024-02-09 14:00:00,COMP-C02,Zone_C,3.58,1.94,75.9,3690.0,60.7,OK
2024-02-09 14:00:00,FAN-D01,Zone_B,1.09,0.79,45.6,1217.0,58.8,OK
2024-02-09 15:00:00,PUMP-A01,Zone_A,2.47,1.17,59.6,1757.0,59.5,OK
2024-02-09 15:00:00,PUMP-A02,Zone_A,2.52,1.18,57.5,1788.0,56.5,OK
2024-02-09 15:00:00,PUMP-B01,Zone_B,2.47,1.28,59.0,1755.0,56.2,OK
2024-02-09 15:00:00,COMP-C01,Zone_C,3.6,1.73,75.6,3693.0,56.3,OK
2024-02-09 15:00:00,COMP-C02,Zone_C,3.86,2.11,79.3,3661.0,64.2,OK
2024-02-09 15:00:00,FAN-D01,Zone_B,2.01,1.15,49.4,1163.0,48.9,OK
2024-02-09 16:00:00,PUMP-A01,Zone_A,3.21,1.71,59.8,1746.0,57.2,OK
2024-02-09 16:00:00,PUMP-A02,Zone_A,2.57,1.35,59.4,1742.0,51.1,OK
2024-02-09 16:00:00,PUMP-B01,Zone_B,1.89,1.04,57.3,1813.0,59.0,OK
2024-02-09 16:00:00,COMP-C01,Zone_C,4.01,2.0,77.1,3627.0,56.1,OK
2024-02-09 16:00:00,COMP-C02,Zone_C,3.6,1.75,74.2,3687.0,63.2,OK
2024-02-09 16:00:00,FAN-D01,Zone_B,1.91,1.11,49.7,1211.0,60.3,OK
2024-02-09 17:00:00,PUMP-A01,Zone_A,3.0,1.65,62.5,1775.0,59.3,OK
2024-02-09 17:00:00,PUMP-A02,Zone_A,2.56,1.24,60.0,1799.0,65.5,OK
2024-02-09 17:00:00,PUMP-B01,Zone_B,2.05,0.92,58.8,1790.0,61.8,OK
2024-02-09 17:00:00,COMP-C01,Zone_C,3.75,1.87,75.3,3743.0,70.5,OK
2024-02-09 17:00:00,COMP-C02,Zone_C,3.09,1.52,74.0,3694.0,57.8,OK
2024-02-09 17:00:00,FAN-D01,Zone_B,1.18,0.68,47.2,1187.0,47.9,OK
2024-02-09 18:00:00,PUMP-A01,Zone_A,3.17,1.6,57.8,1743.0,50.6,OK
2024-02-09 18:00:00,PUMP-A02,Zone_A,2.63,1.33,59.6,1774.0,57.0,OK
2024-02-09 18:00:00,PUMP-B01,Zone_B,2.28,1.3,56.4,1784.0,53.8,OK
2024-02-09 18:00:00,COMP-C01,Zone_C,3.78,1.71,78.8,3620.0,51.1,OK
2024-02-09 18:00:00,COMP-C02,Zone_C,3.28,1.75,78.9,3635.0,57.8,OK
2024-02-09 18:00:00,FAN-D01,Zone_B,1.42,0.68,46.8,1243.0,57.2,OK
2024-02-09 19:00:00,PUMP-A01,Zone_A,2.7,1.26,58.1,1767.0,49.7,OK
2024-02-09 19:00:00,PUMP-A02,Zone_A,2.73,1.5,58.7,1781.0,60.5,OK
2024-02-09 19:00:00,PUMP-B01,Zone_B,2.62,1.36,61.6,1798.0,59.8,SUSPECT
2024-02-09 19:00:00,COMP-C01,Zone_C,3.42,1.57,74.8,3566.0,44.2,OK
2024-02-09 19:00:00,COMP-C02,Zone_C,3.22,1.63,74.0,3667.0,61.9,OK
2024-02-09 19:00:00,FAN-D01,Zone_B,1.61,0.72,47.4,1227.0,59.9,OK
2024-02-09 20:00:00,PUMP-A01,Zone_A,2.63,1.4,58.2,1784.0,62.8,OK
2024-02-09 20:00:00,PUMP-A02,Zone_A,1.9,0.79,55.0,1766.0,55.3,OK
2024-02-09 20:00:00,PUMP-B01,Zone_B,2.36,1.17,56.6,1724.0,53.3,SUSPECT
2024-02-09 20:00:00,COMP-C01,Zone_C,3.87,1.88,80.1,3654.0,57.3,OK
2024-02-09 20:00:00,COMP-C02,Zone_C,3.17,1.72,72.8,3717.0,61.8,OK
2024-02-09 20:00:00,FAN-D01,Zone_B,1.72,0.73,49.2,1223.0,62.8,OK
2024-02-09 21:00:00,PUMP-A01,Zone_A,2.44,1.27,60.7,1750.0,58.7,OK
2024-02-09 21:00:00,PUMP-A02,Zone_A,2.37,1.15,60.1,1789.0,62.4,OK
2024-02-09 21:00:00,PUMP-B01,Zone_B,2.68,1.38,61.7,1774.0,54.4,OK
2024-02-09 21:00:00,COMP-C01,Zone_C,4.32,2.11,76.5,3650.0,58.6,OK
2024-02-09 21:00:00,COMP-C02,Zone_C,3.06,1.65,71.2,3648.0,60.7,OK
2024-02-09 21:00:00,FAN-D01,Zone_B,1.51,0.78,50.3,1229.0,62.5,OK
2024-02-09 22:00:00,PUMP-A01,Zone_A,3.21,1.53,58.4,1787.0,62.0,OK
2024-02-09 22:00:00,PUMP-A02,Zone_A,2.43,1.11,58.3,1798.0,62.9,OK
2024-02-09 22:00:00,PUMP-B01,Zone_B,3.03,1.48,58.9,1769.0,65.6,OK
2024-02-09 22:00:00,COMP-C01,Zone_C,4.08,2.25,74.3,3660.0,61.1,OK
2024-02-09 22:00:00,COMP-C02,Zone_C,3.52,1.86,80.6,3748.0,67.4,OK
2024-02-09 22:00:00,FAN-D01,Zone_B,2.14,1.12,50.3,1259.0,68.5,OK
2024-02-09 23:00:00,PUMP-A01,Zone_A,2.74,1.34,60.7,1811.0,67.9,OK
2024-02-09 23:00:00,PUMP-A02,Zone_A,3.2,1.63,62.4,1796.0,67.5,OK
2024-02-09 23:00:00,PUMP-B01,Zone_B,2.48,1.3,61.9,1852.0,77.3,OK
2024-02-09 23:00:00,COMP-C01,Zone_C,3.87,1.96,80.5,3738.0,69.0,OK
2024-02-09 23:00:00,COMP-C02,Zone_C,3.81,1.99,82.6,3795.0,73.7,OK
2024-02-09 23:00:00,FAN-D01,Zone_B,1.6,1.04,47.3,1258.0,71.5,OK
2024-02-10 00:00:00,PUMP-A01,Zone_A,2.65,1.17,59.1,1829.0,66.2,OK
2024-02-10 00:00:00,PUMP-A02,Zone_A,2.69,1.38,59.7,1846.0,77.6,OK
2024-02-10 00:00:00,PUMP-B01,Zone_B,2.48,1.13,60.3,1859.0,81.1,OK
2024-02-10 00:00:00,COMP-C01,Zone_C,3.54,1.57,76.6,3746.0,64.5,OK
2024-02-10 00:00:00,COMP-C02,Zone_C,3.72,1.92,78.8,3703.0,66.1,OK
2024-02-10 00:00:00,FAN-D01,Zone_B,2.33,1.17,48.7,1280.0,76.7,OK
2024-02-10 01:00:00,PUMP-A01,Zone_A,2.96,1.51,63.3,1849.0,74.4,OK
2024-02-10 01:00:00,PUMP-A02,Zone_A,2.42,1.05,58.1,1803.0,73.7,OK
2024-02-10 01:00:00,PUMP-B01,Zone_B,2.13,1.22,57.9,1880.0,78.6,OK
2024-02-10 01:00:00,COMP-C01,Zone_C,4.49,2.42,78.2,3776.0,77.6,OK
2024-02-10 01:00:00,COMP-C02,Zone_C,3.61,1.73,78.5,3822.0,83.7,OK
2024-02-10 01:00:00,FAN-D01,Zone_B,1.83,0.9,46.6,1227.0,64.2,OK
2024-02-10 02:00:00,PUMP-A01,Zone_A,3.22,1.63,60.7,1872.0,78.5,OK
2024-02-10 02:00:00,PUMP-A02,Zone_A,2.16,1.25,62.8,1849.0,74.8,OK
2024-02-10 02:00:00,PUMP-B01,Zone_B,2.6,1.3,59.3,1869.0,75.9,OK
2024-02-10 02:00:00,COMP-C01,Zone_C,4.04,1.85,76.9,3750.0,69.8,OK
2024-02-10 02:00:00,COMP-C02,Zone_C,3.6,1.89,77.1,3747.0,74.3,OK
2024-02-10 02:00:00,FAN-D01,Zone_B,1.77,0.87,52.2,1300.0,74.2,OK
2024-02-10 03:00:00,PUMP-A01,Zone_A,2.99,1.4,60.4,1820.0,76.1,OK
2024-02-10 03:00:00,PUMP-A02,Zone_A,2.53,1.13,62.4,1814.0,80.1,OK
2024-02-10 03:00:00,PUMP-B01,Zone_B,2.66,1.39,63.8,1881.0,88.6,OK
2024-02-10 03:00:00,COMP-C01,Zone_C,4.14,2.21,79.2,3853.0,85.2,OK
2024-02-10 03:00:00,COMP-C02,Zone_C,3.47,1.65,76.5,3754.0,73.7,OK
2024-02-10 03:00:00,FAN-D01,Zone_B,1.59,0.92,47.8,1285.0,89.6,OK
2024-02-10 04:00:00,PUMP-A01,Zone_A,3.39,1.44,63.6,1863.0,84.1,OK
2024-02-10 04:00:00,PUMP-A02,Zone_A,3.32,1.65,61.8,1814.0,77.8,OK
2024-02-10 04:00:00,PUMP-B01,Zone_B,2.4,1.29,62.0,1881.0,87.5,OK
2024-02-10 04:00:00,COMP-C01,Zone_C,4.07,2.02,79.9,3814.0,84.5,OK
2024-02-10 04:00:00,COMP-C02,Zone_C,3.96,2.06,77.5,3859.0,83.6,OK
2024-02-10 04:00:00,FAN-D01,Zone_B,2.28,1.21,51.6,1247.0,83.3,OK
2024-02-10 05:00:00,PUMP-A01,Zone_A,3.16,1.42,63.6,1919.0,85.4,OK
2024-02-10 05:00:00,PUMP-A02,Zone_A,2.53,1.44,60.8,1874.0,83.6,OK
2024-02-10 05:00:00,PUMP-B01,Zone_B,2.89,1.35,62.8,1850.0,82.6,OK
2024-02-10 05:00:00,COMP-C01,Zone_C,4.1,1.96,80.6,3884.0,83.6,OK
2024-02-10 05:00:00,COMP-C02,Zone_C,3.72,1.87,78.2,3869.0,85.8,OK
2024-02-10 05:00:00,FAN-D01,Zone_B,1.48,0.57,47.4,1294.0,85.9,OK
2024-02-10 06:00:00,PUMP-A01,Zone_A,3.89,1.98,64.4,1890.0,87.0,OK
2024-02-10 06:00:00,PUMP-A02,Zone_A,2.68,1.27,61.3,1890.0,86.0,OK
2024-02-10 06:00:00,PUMP-B01,Zone_B,2.04,1.05,63.9,1887.0,94.4,OK
2024-02-10 06:00:00,COMP-C01,Zone_C,3.78,1.98,79.4,3840.0,86.1,OK
2024-02-10 06:00:00,COMP-C02,Zone_C,3.64,1.77,80.9,3825.0,85.6,OK
2024-02-10 06:00:00,FAN-D01,Zone_B,2.11,1.21,52.3,1283.0,86.2,OK
2024-02-10 07:00:00,PUMP-A01,Zone_A,3.66,1.94,65.0,1820.0,82.3,OK
2024-02-10 07:00:00,PUMP-A02,Zone_A,3.15,1.51,63.6,1897.0,85.0,OK
2024-02-10 07:00:00,PUMP-B01,Zone_B,2.27,1.19,62.2,1865.0,85.1,OK
2024-02-10 07:00:00,COMP-C01,Zone_C,4.01,1.98,80.1,3833.0,82.7,OK
2024-02-10 07:00:00,COMP-C02,Zone_C,3.37,1.66,80.3,3862.0,88.8,OK
2024-02-10 07:00:00,FAN-D01,Zone_B,2.02,1.08,44.1,1243.0,78.7,OK
2024-02-10 08:00:00,PUMP-A01,Zone_A,3.07,1.58,61.6,1834.0,82.1,OK
2024-02-10 08:00:00,PUMP-A02,Zone_A,2.43,1.15,59.6,1847.0,82.0,OK
2024-02-10 08:00:00,PUMP-B01,Zone_B,2.29,1.22,63.2,1846.0,81.1,OK
2024-02-10 08:00:00,COMP-C01,Zone_C,4.28,2.24,80.3,3879.0,83.0,OK
2024-02-10 08:00:00,COMP-C02,Zone_C,3.72,1.87,77.7,3821.0,82.2,OK
2024-02-10 08:00:00,FAN-D01,Zone_B,2.43,1.43,53.3,1281.0,85.3,OK
2024-02-10 09:00:00,PUMP-A01,Zone_A,3.0,1.55,62.7,1885.0,91.8,OK
2024-02-10 09:00:00,PUMP-A02,Zone_A,2.62,1.31,59.9,1853.0,83.9,OK
2024-02-10 09:00:00,PUMP-B01,Zone_B,2.47,1.42,59.2,1908.0,89.7,OK
2024-02-10 09:00:00,COMP-C01,Zone_C,3.83,1.9,79.0,3824.0,85.6,OK
2024-02-10 09:00:00,COMP-C02,Zone_C,3.52,1.8,77.4,3756.0,70.4,OK
2024-02-10 09:00:00,FAN-D01,Zone_B,1.9,1.01,49.2,1253.0,85.4,OK
2024-02-10 10:00:00,PUMP-A01,Zone_A,3.42,1.62,61.3,1897.0,84.4,OK
2024-02-10 10:00:00,PUMP-A02,Zone_A,3.02,1.38,66.0,1871.0,84.1,OK
2024-02-10 10:00:00,PUMP-B01,Zone_B,2.95,1.38,59.0,1848.0,77.5,OK
2024-02-10 10:00:00,COMP-C01,Zone_C,3.88,1.74,78.3,3823.0,80.5,OK
2024-02-10 10:00:00,COMP-C02,Zone_C,3.83,1.9,79.8,3856.0,83.6,OK
2024-02-10 10:00:00,FAN-D01,Zone_B,2.24,0.95,49.3,1239.0,67.0,OK
2024-02-10 11:00:00,PUMP-A01,Zone_A,2.75,1.1,61.1,1823.0,71.4,OK
2024-02-10 11:00:00,PUMP-A02,Zone_A,2.11,0.92,61.3,1846.0,84.3,OK
2024-02-10 11:00:00,PUMP-B01,Zone_B,2.57,1.36,60.0,1854.0,69.9,OK
2024-02-10 11:00:00,COMP-C01,Zone_C,4.05,2.06,76.3,3745.0,67.8,OK
2024-02-10 11:00:00,COMP-C02,Zone_C,3.07,1.7,75.3,3829.0,80.6,OK
2024-02-10 11:00:00,FAN-D01,Zone_B,2.43,1.31,49.1,1265.0,75.8,OK
2024-02-10 12:00:00,PUMP-A01,Zone_A,3.28,1.64,62.2,1857.0,72.3,OK
2024-02-10 12:00:00,PUMP-A02,Zone_A,2.39,1.1,58.5,1829.0,77.6,OK
2024-02-10 12:00:00,PUMP-B01,Zone_B,1.81,0.95,59.1,1817.0,71.9,OK
2024-02-10 12:00:00,COMP-C01,Zone_C,3.74,2.01,77.9,3707.0,60.4,OK
2024-02-10 12:00:00,COMP-C02,Zone_C,3.47,1.75,78.6,3736.0,67.4,OK
2024-02-10 12:00:00,FAN-D01,Zone_B,1.79,0.95,47.5,1242.0,75.9,SUSPECT
2024-02-10 13:00:00,PUMP-A01,Zone_A,2.5,1.18,57.8,1828.0,67.5,OK
2024-02-10 13:00:00,PUMP-A02,Zone_A,2.36,1.25,61.8,1808.0,72.4,OK
2024-02-10 13:00:00,PUMP-B01,Zone_B,2.5,1.19,56.6,1830.0,75.0,OK
2024-02-10 13:00:00,COMP-C01,Zone_C,4.39,2.06,79.1,3721.0,71.3,OK
2024-02-10 13:00:00,COMP-C02,Zone_C,3.48,1.87,77.1,3720.0,63.8,OK
2024-02-10 13:00:00,FAN-D01,Zone_B,1.54,0.89,44.2,1221.0,60.7,OK
2024-02-10 14:00:00,PUMP-A01,Zone_A,2.74,1.12,59.3,1811.0,60.7,OK
2024-02-10 14:00:00,PUMP-A02,Zone_A,2.35,1.12,59.8,1811.0,70.7,OK
2024-02-10 14:00:00,PUMP-B01,Zone_B,2.1,1.2,58.9,1789.0,54.4,OK
2024-02-10 14:00:00,COMP-C01,Zone_C,4.29,2.21,76.0,3646.0,58.7,OK
2024-02-10 14:00:00,COMP-C02,Zone_C,2.94,1.36,72.3,3638.0,60.5,OK
2024-02-10 14:00:00,FAN-D01,Zone_B,1.85,0.85,50.4,1216.0,63.8,OK
2024-02-10 15:00:00,PUMP-A01,Zone_A,3.44,1.67,63.6,1782.0,56.9,OK
2024-02-10 15:00:00,PUMP-A02,Zone_A,2.12,0.96,55.6,1826.0,69.9,OK
2024-02-10 15:00:00,PUMP-B01,Zone_B,3.07,1.41,58.9,1806.0,61.0,OK
2024-02-10 15:00:00,COMP-C01,Zone_C,3.51,1.7,73.4,3552.0,48.1,OK
2024-02-10 15:00:00,COMP-C02,Zone_C,3.11,1.39,76.6,3687.0,61.7,OK
2024-02-10 15:00:00,FAN-D01,Zone_B,2.27,1.21,51.6,1279.0,67.6,OK
2024-02-10 16:00:00,PUMP-A01,Zone_A,2.81,1.39,56.9,1785.0,56.5,OK
2024-02-10 16:00:00,PUMP-A02,Zone_A,2.79,1.41,62.2,1772.0,59.4,OK
2024-02-10 16:00:00,PUMP-B01,Zone_B,2.38,1.03,58.4,1800.0,58.5,OK
2024-02-10 16:00:00,COMP-C01,Zone_C,4.06,1.91,75.5,3680.0,61.4,OK
2024-02-10 16:00:00,COMP-C02,Zone_C,3.7,1.91,77.9,3640.0,55.4,OK
2024-02-10 16:00:00,FAN-D01,Zone_B,1.4,0.72,46.1,1233.0,58.5,OK
2024-02-10 17:00:00,PUMP-A01,Zone_A,2.93,1.63,60.4,1749.0,52.0,OK
2024-02-10 17:00:00,PUMP-A02,Zone_A,2.37,1.25,58.2,1720.0,51.6,OK
2024-02-10 17:00:00,PUMP-B01,Zone_B,2.74,1.5,57.3,1733.0,50.9,OK
2024-02-10 17:00:00,COMP-C01,Zone_C,4.15,2.11,74.7,3609.0,52.3,OK
2024-02-10 17:00:00,COMP-C02,Zone_C,3.4,1.58,73.5,3541.0,46.7,OK
2024-02-10 17:00:00,FAN-D01,Zone_B,1.91,0.86,49.3,1214.0,55.8,OK
2024-02-10 18:00:00,PUMP-A01,Zone_A,3.65,1.93,61.5,1794.0,61.0,OK
2024-02-10 18:00:00,PUMP-A02,Zone_A,2.51,1.21,56.8,1767.0,58.1,OK
2024-02-10 18:00:00,PUMP-B01,Zone_B,2.26,1.12,58.9,1779.0,65.3,OK
2024-02-10 18:00:00,COMP-C01,Zone_C,3.56,1.85,76.3,3660.0,56.9,OK
2024-02-10 18:00:00,COMP-C02,Zone_C,2.94,1.47,72.1,3580.0,49.3,OK
2024-02-10 18:00:00,FAN-D01,Zone_B,1.29,0.67,46.2,1151.0,47.4,OK
2024-02-10 19:00:00,PUMP-A01,Zone_A,2.65,1.44,59.5,1777.0,60.4,OK
2024-02-10 19:00:00,PUMP-A02,Zone_A,2.2,1.13,62.5,1813.0,64.9,OK
2024-02-10 19:00:00,PUMP-B01,Zone_B,2.04,0.99,60.5,1739.0,54.1,OK
2024-02-10 19:00:00,COMP-C01,Zone_C,4.13,2.09,75.1,3637.0,54.6,OK
2024-02-10 19:00:00,COMP-C02,Zone_C,3.2,1.55,75.8,3668.0,57.4,OK
2024-02-10 19:00:00,FAN-D01,Zone_B,1.73,0.77,47.5,1249.0,65.2,OK
2024-02-10 20:00:00,PUMP-A01,Zone_A,3.0,1.32,61.0,1752.0,57.3,OK
2024-02-10 20:00:00,PUMP-A02,Zone_A,2.31,1.04,61.2,1755.0,55.5,OK
2024-02-10 20:00:00,PUMP-B01,Zone_B,1.89,0.92,55.8,1809.0,62.2,OK
2024-02-10 20:00:00,COMP-C01,Zone_C,3.62,1.77,75.7,3635.0,50.7,OK
2024-02-10 20:00:00,COMP-C02,Zone_C,3.04,1.47,77.6,3725.0,67.9,OK
2024-02-10 20:00:00,FAN-D01,Zone_B,1.98,0.91,46.1,1199.0,53.1,OK
2024-02-10 21:00:00,PUMP-A01,Zone_A,3.24,1.58,61.6,1785.0,60.5,OK
2024-02-10 21:00:00,PUMP-A02,Zone_A,2.67,1.26,58.7,1779.0,56.9,OK
2024-02-10 21:00:00,PUMP-B01,Zone_B,2.81,1.54,59.6,1727.0,57.5,OK
2024-02-10 21:00:00,COMP-C01,Zone_C,3.28,1.57,72.9,3674.0,61.0,OK
2024-02-10 21:00:00,COMP-C02,Zone_C,2.92,1.65,77.3,3700.0,61.1,OK
2024-02-10 21:00:00,FAN-D01,Zone_B,1.81,0.94,46.8,1218.0,62.0,OK
2024-02-10 22:00:00,PUMP-A01,Zone_A,3.4,1.43,61.7,1795.0,60.2,OK
2024-02-10 22:00:00,PUMP-A02,Zone_A,2.21,1.19,56.8,1808.0,66.1,OK
2024-02-10 22:00:00,PUMP-B01,Zone_B,2.75,1.33,60.2,1773.0,62.0,OK
2024-02-10 22:00:00,COMP-C01,Zone_C,3.84,1.91,77.2,3742.0,69.1,OK
2024-02-10 22:00:00,COMP-C02,Zone_C,3.63,1.87,78.4,3777.0,73.3,OK
2024-02-10 22:00:00,FAN-D01,Zone_B,2.15,1.03,48.1,1246.0,53.4,OK
2024-02-10 23:00:00,PUMP-A01,Zone_A,3.2,1.54,61.0,1864.0,79.1,OK
2024-02-10 23:00:00,PUMP-A02,Zone_A,2.28,1.12,55.3,1820.0,66.4,OK
2024-02-10 23:00:00,PUMP-B01,Zone_B,2.05,1.2,58.5,1829.0,69.0,OK
2024-02-10 23:00:00,COMP-C01,Zone_C,4.01,2.02,77.9,3770.0,69.6,OK
2024-02-10 23:00:00,COMP-C02,Zone_C,3.5,1.89,74.7,3744.0,66.6,OK
2024-02-10 23:00:00,FAN-D01,Zone_B,1.66,0.71,49.6,1232.0,65.5,OK
2024-02-11 00:00:00,PUMP-A01,Zone_A,2.42,1.22,54.3,1779.0,69.9,OK
2024-02-11 00:00:00,PUMP-A02,Zone_A,2.21,0.94,57.8,1833.0,69.0,OK
2024-02-11 00:00:00,PUMP-B01,Zone_B,2.28,1.13,62.2,1846.0,68.6,OK
2024-02-11 00:00:00,COMP-C01,Zone_C,4.49,2.18,78.6,3727.0,67.3,OK
2024-02-11 00:00:00,COMP-C02,Zone_C,3.19,1.5,78.9,3770.0,72.2,OK
2024-02-11 00:00:00,FAN-D01,Zone_B,1.37,0.59,49.3,1265.0,71.2,OK
2024-02-11 01:00:00,PUMP-A01,Zone_A,2.83,1.55,63.1,1825.0,76.8,OK
2024-02-11 01:00:00,PUMP-A02,Zone_A,2.51,1.23,62.3,1856.0,75.8,OK
2024-02-11 01:00:00,PUMP-B01,Zone_B,2.37,1.41,59.1,1826.0,71.3,OK
2024-02-11 01:00:00,COMP-C01,Zone_C,4.19,2.07,78.6,3716.0,68.5,OK
2024-02-11 01:00:00,COMP-C02,Zone_C,3.53,1.84,80.9,3747.0,73.6,OK
2024-02-11 01:00:00,FAN-D01,Zone_B,1.56,0.59,49.1,1224.0,68.4,OK
2024-02-11 02:00:00,PUMP-A01,Zone_A,3.62,1.84,62.4,1808.0,70.3,OK
2024-02-11 02:00:00,PUMP-A02,Zone_A,2.77,1.46,59.7,1859.0,84.2,OK
2024-02-11 02:00:00,PUMP-B01,Zone_B,2.43,1.25,59.9,1811.0,70.9,OK
2024-02-11 02:00:00,COMP-C01,Zone_C,3.88,1.95,76.2,3793.0,75.7,OK
2024-02-11 02:00:00,COMP-C02,Zone_C,3.55,1.87,75.7,3837.0,81.2,OK
2024-02-11 02:00:00,FAN-D01,Zone_B,1.91,0.78,45.7,1286.0,77.1,OK
2024-02-11 03:00:00,PUMP-A01,Zone_A,3.55,1.71,64.5,1839.0,89.3,OK
2024-02-11 03:00:00,PUMP-A02,Zone_A,2.58,1.14,62.6,1887.0,87.7,OK
2024-02-11 03:00:00,PUMP-B01,Zone_B,2.82,1.53,63.8,1862.0,84.5,OK
2024-02-11 03:00:00,COMP-C01,Zone_C,3.75,1.8,78.7,3771.0,72.7,OK
2024-02-11 03:00:00,COMP-C02,Zone_C,3.62,1.79,76.2,3773.0,78.2,OK
2024-02-11 03:00:00,FAN-D01,Zone_B,1.76,0.85,48.5,1283.0,89.5,OK
2024-02-11 04:00:00,PUMP-A01,Zone_A,3.26,1.71,61.9,1864.0,84.6,OK
2024-02-11 04:00:00,PUMP-A02,Zone_A,2.31,1.09,61.5,1872.0,76.3,OK
2024-02-11 04:00:00,PUMP-B01,Zone_B,2.28,0.99,57.2,1859.0,81.6,SUSPECT
2024-02-11 04:00:00,COMP-C01,Zone_C,4.48,2.26,80.2,3866.0,86.3,OK
2024-02-11 04:00:00,COMP-C02,Zone_C,3.69,1.83,77.6,3845.0,84.7,OK
2024-02-11 04:00:00,FAN-D01,Zone_B,2.25,1.13,50.3,1286.0,87.9,OK
2024-02-11 05:00:00,PUMP-A01,Zone_A,2.98,1.48,58.1,1850.0,81.4,OK
2024-02-11 05:00:00,PUMP-A02,Zone_A,2.29,1.22,59.8,1930.0,87.9,OK
2024-02-11 05:00:00,PUMP-B01,Zone_B,2.71,1.46,63.0,1910.0,86.9,OK
2024-02-11 05:00:00,COMP-C01,Zone_C,4.89,2.64,81.7,3827.0,82.2,OK
2024-02-11 05:00:00,COMP-C02,Zone_C,3.54,1.64,81.1,3786.0,79.4,OK
2024-02-11 05:00:00,FAN-D01,Zone_B,1.87,0.93,50.8,1249.0,83.3,OK
2024-02-11 06:00:00,PUMP-A01,Zone_A,2.92,1.48,63.9,1845.0,82.6,OK
2024-02-11 06:00:00,PUMP-A02,Zone_A,2.56,1.24,66.4,1867.0,87.3,OK
2024-02-11 06:00:00,PUMP-B01,Zone_B,2.84,1.42,60.8,1872.0,87.8,OK
2024-02-11 06:00:00,COMP-C01,Zone_C,4.47,2.2,79.3,3832.0,81.2,OK
2024-02-11 06:00:00,COMP-C02,Zone_C,3.43,1.97,77.5,3817.0,82.4,OK
2024-02-11 06:00:00,FAN-D01,Zone_B,2.09,0.92,51.4,1275.0,80.6,OK
2024-02-11 07:00:00,PUMP-A01,Zone_A,3.36,1.51,63.7,1908.0,90.4,OK
2024-02-11 07:00:00,PUMP-A02,Zone_A,2.95,1.47,61.4,1884.0,93.1,OK
2024-02-11 07:00:00,PUMP-B01,Zone_B,2.49,1.37,63.7,1923.0,91.7,OK
2024-02-11 07:00:00,COMP-C01,Zone_C,4.29,2.09,79.9,3889.0,87.7,OK
2024-02-11 07:00:00,COMP-C02,Zone_C,3.68,1.76,79.8,3784.0,78.5,OK
2024-02-11 07:00:00,FAN-D01,Zone_B,2.19,1.09,48.8,1260.0,80.7,OK
2024-02-11 08:00:00,PUMP-A01,Zone_A,3.42,1.6,61.7,1844.0,78.2,OK
2024-02-11 08:00:00,PUMP-A02,Zone_A,2.48,1.24,66.3,1836.0,85.6,OK
2024-02-11 08:00:00,PUMP-B01,Zone_B,2.69,1.36,60.0,1865.0,77.4,OK
2024-02-11 08:00:00,COMP-C01,Zone_C,4.51,2.2,84.6,3884.0,91.0,OK
2024-02-11 08:00:00,COMP-C02,Zone_C,3.08,1.64,74.0,3846.0,84.7,OK
2024-02-11 08:00:00,FAN-D01,Zone_B,1.74,0.65,48.0,1264.0,78.2,SUSPECT
2024-02-11 09:00:00,PUMP-A01,Zone_A,3.06,1.5,59.8,1843.0,75.1,OK
2024-02-11 09:00:00,PUMP-A02,Zone_A,2.55,1.08,59.8,1833.0,80.8,OK
2024-02-11 09:00:00,PUMP-B01,Zone_B,2.69,1.4,58.5,1921.0,93.2,OK
2024-02-11 09:00:00,COMP-C01,Zone_C,4.37,2.24,78.3,3842.0,85.4,OK
2024-02-11 09:00:00,COMP-C02,Zone_C,3.12,1.79,77.7,3819.0,80.5,OK
2024-02-11 09:00:00,FAN-D01,Zone_B,1.87,1.0,53.1,1290.0,82.8,OK
2024-02-11 10:00:00,PUMP-A01,Zone_A,3.13,1.6,61.9,1837.0,84.9,OK
2024-02-11 10:00:00,PUMP-A02,Zone_A,2.38,1.18,61.0,1818.0,77.3,OK
2024-02-11 10:00:00,PUMP-B01,Zone_B,2.04,0.91,61.6,1827.0,72.4,OK
2024-02-11 10:00:00,COMP-C01,Zone_C,4.09,2.02,74.9,3785.0,76.9,OK
2024-02-11 10:00:00,COMP-C02,Zone_C,3.36,1.65,78.2,3739.0,68.0,OK
2024-02-11 10:00:00,FAN-D01,Zone_B,1.55,0.67,50.1,1237.0,79.7,OK
2024-02-11 11:00:00,PUMP-A01,Zone_A,3.46,1.83,58.8,1813.0,77.0,OK
2024-02-11 11:00:00,PUMP-A02,Zone_A,2.78,1.52,62.6,1821.0,76.1,OK
2024-02-11 11:00:00,PUMP-B01,Zone_B,2.83,1.32,57.7,1821.0,68.3,OK
2024-02-11 11:00:00,COMP-C01,Zone_C,4.08,1.94,77.8,3752.0,67.6,OK
2024-02-11 11:00:00,COMP-C02,Zone_C,3.57,1.78,78.4,3755.0,73.6,OK
2024-02-11 11:00:00,FAN-D01,Zone_B,1.95,0.97,53.8,1253.0,82.0,OK
2024-02-11 12:00:00,PUMP-A01,Zone_A,2.84,1.34,59.1,1848.0,64.7,OK
2024-02-11 12:00:00,PUMP-A02,Zone_A,2.58,1.33,61.6,1784.0,70.8,OK
2024-02-11 12:00:00,PUMP-B01,Zone_B,2.5,1.32,63.3,1833.0,71.1,OK
2024-02-11 12:00:00,COMP-C01,Zone_C,4.06,2.1,77.3,3660.0,57.6,OK
2024-02-11 12:00:00,COMP-C02,Zone_C,3.18,1.83,74.8,3748.0,72.5,OK
2024-02-11 12:00:00,FAN-D01,Zone_B,1.94,0.82,49.1,1233.0,77.6,OK
2024-02-11 13:00:00,PUMP-A01,Zone_A,3.44,1.8,61.5,1866.0,79.5,OK
2024-02-11 13:00:00,PUMP-A02,Zone_A,2.5,1.2,58.9,1762.0,65.5,OK
2024-02-11 13:00:00,PUMP-B01,Zone_B,1.84,1.03,57.5,1727.0,58.8,OK
2024-02-11 13:00:00,COMP-C01,Zone_C,3.83,2.06,81.3,3749.0,70.3,OK
2024-02-11 13:00:00,COMP-C02,Zone_C,3.44,1.68,79.0,3742.0,68.7,OK
2024-02-11 13:00:00,FAN-D01,Zone_B,2.09,0.97,46.2,1212.0,59.6,OK
2024-02-11 14:00:00,PUMP-A01,Zone_A,2.92,1.45,61.3,1771.0,59.5,OK
2024-02-11 14:00:00,PUMP-A02,Zone_A,2.5,1.35,57.0,1790.0,61.3,OK
2024-02-11 14:00:00,PUMP-B01,Zone_B,2.37,1.11,58.6,1823.0,63.6,OK
2024-02-11 14:00:00,COMP-C01,Zone_C,3.78,1.84,74.9,3692.0,59.7,OK
2024-02-11 14:00:00,COMP-C02,Zone_C,3.09,1.53,72.3,3628.0,57.8,OK
2024-02-11 14:00:00,FAN-D01,Zone_B,1.6,0.89,48.7,1215.0,61.8,OK
2024-02-11 15:00:00,PUMP-A01,Zone_A,2.86,1.32,58.1,1798.0,54.8,OK
2024-02-11 15:00:00,PUMP-A02,Zone_A,2.52,1.32,60.0,1797.0,59.7,OK
2024-02-11 15:00:00,PUMP-B01,Zone_B,2.39,1.23,54.6,1755.0,50.0,OK
2024-02-11 15:00:00,COMP-C01,Zone_C,3.29,1.76,77.7,3591.0,54.3,OK
2024-02-11 15:00:00,COMP-C02,Zone_C,3.3,1.94,78.2,3784.0,72.5,OK
2024-02-11 15:00:00,FAN-D01,Zone_B,1.41,0.82,47.5,1210.0,55.4,OK
2024-02-11 16:00:00,PUMP-A01,Zone_A,3.0,1.61,55.0,1775.0,56.9,OK
2024-02-11 16:00:00,PUMP-A02,Zone_A,1.82,1.08,57.2,1762.0,58.4,OK
2024-02-11 16:00:00,PUMP-B01,Zone_B,1.99,1.08,60.7,1785.0,61.2,OK
2024-02-11 16:00:00,COMP-C01,Zone_C,3.47,1.6,78.0,3675.0,62.2,OK
2024-02-11 16:00:00,COMP-C02,Zone_C,3.35,1.73,72.8,3651.0,55.5,OK
2024-02-11 16:00:00,FAN-D01,Zone_B,1.73,0.72,50.7,1218.0,52.9,OK
2024-02-11 17:00:00,PUMP-A01,Zone_A,3.25,1.61,63.0,1827.0,64.6,OK
2024-02-11 17:00:00,PUMP-A02,Zone_A,2.11,1.11,55.2,1799.0,57.7,OK
2024-02-11 17:00:00,PUMP-B01,Zone_B,2.13,1.03,57.7,1742.0,54.1,OK
2024-02-11 17:00:00,COMP-C01,Zone_C,3.92,1.96,76.3,3720.0,62.1,OK
2024-02-11 17:00:00,COMP-C02,Zone_C,3.27,1.53,74.2,3664.0,56.2,OK
2024-02-11 17:00:00,FAN-D01,Zone_B,1.63,0.78,47.7,1196.0,56.2,OK
2024-02-11 18:00:00,PUMP-A01,Zone_A,3.01,1.45,56.1,1800.0,59.0,OK
2024-02-11 18:00:00,PUMP-A02,Zone_A,2.9,1.34,61.1,1762.0,61.1,OK
2024-02-11 18:00:00,PUMP-B01,Zone_B,2.43,1.12,61.5,1774.0,56.6,OK
2024-02-11 18:00:00,COMP-C01,Zone_C,3.87,1.97,74.4,3664.0,52.7,OK
2024-02-11 18:00:00,COMP-C02,Zone_C,3.4,1.69,76.7,3631.0,53.6,OK
2024-02-11 18:00:00,FAN-D01,Zone_B,1.81,0.95,49.6,1209.0,55.5,OK
2024-02-11 19:00:00,PUMP-A01,Zone_A,2.89,1.33,60.2,1763.0,52.9,OK
2024-02-11 19:00:00,PUMP-A02,Zone_A,2.25,1.04,56.8,1780.0,59.4,OK
2024-02-11 19:00:00,PUMP-B01,Zone_B,2.4,1.23,59.1,1746.0,55.3,OK
2024-02-11 19:00:00,COMP-C01,Zone_C,4.12,2.1,76.3,3676.0,57.7,OK
2024-02-11 19:00:00,COMP-C02,Zone_C,3.36,1.53,76.2,3698.0,58.3,OK
2024-02-11 19:00:00,FAN-D01,Zone_B,1.82,0.8,44.1,1199.0,55.2,OK
2024-02-11 20:00:00,PUMP-A01,Zone_A,3.25,1.43,60.2,1768.0,57.4,OK
2024-02-11 20:00:00,PUMP-A02,Zone_A,2.58,1.36,59.8,1818.0,64.9,OK
2024-02-11 20:00:00,PUMP-B01,Zone_B,1.45,0.69,55.2,1753.0,51.6,OK
2024-02-11 20:00:00,COMP-C01,Zone_C,3.7,2.03,77.7,3662.0,64.0,OK
2024-02-11 20:00:00,COMP-C02,Zone_C,3.82,1.63,72.0,3691.0,62.7,OK
2024-02-11 20:00:00,FAN-D01,Zone_B,1.6,0.73,48.5,1210.0,55.5,OK
2024-02-11 21:00:00,PUMP-A01,Zone_A,3.24,1.63,60.9,1813.0,62.3,OK
2024-02-11 21:00:00,PUMP-A02,Zone_A,2.31,1.21,56.9,1808.0,56.3,OK
2024-02-11 21:00:00,PUMP-B01,Zone_B,2.51,1.29,58.3,1760.0,57.1,OK
2024-02-11 21:00:00,COMP-C01,Zone_C,4.01,2.11,77.2,3642.0,58.6,OK
2024-02-11 21:00:00,COMP-C02,Zone_C,3.07,1.58,76.1,3652.0,58.3,OK
2024-02-11 21:00:00,FAN-D01,Zone_B,1.54,0.54,44.9,1172.0,63.0,OK
2024-02-11 22:00:00,PUMP-A01,Zone_A,2.87,1.51,57.7,1796.0,67.9,OK
2024-02-11 22:00:00,PUMP-A02,Zone_A,2.18,1.07,58.8,1814.0,65.8,OK
2024-02-11 22:00:00,PUMP-B01,Zone_B,2.01,1.19,57.5,1787.0,56.4,OK
2024-02-11 22:00:00,COMP-C01,Zone_C,3.74,2.0,79.2,3752.0,72.3,OK
2024-02-11 22:00:00,COMP-C02,Zone_C,3.43,1.56,77.5,3664.0,57.4,OK
2024-02-11 22:00:00,FAN-D01,Zone_B,1.32,0.57,45.6,1219.0,56.2,OK
2024-02-11 23:00:00,PUMP-A01,Zone_A,3.63,1.84,61.7,1852.0,72.2,OK
2024-02-11 23:00:00,PUMP-A02,Zone_A,2.64,1.47,61.1,1811.0,64.6,OK
2024-02-11 23:00:00,PUMP-B01,Zone_B,2.34,1.33,56.2,1779.0,66.2,OK
2024-02-11 23:00:00,COMP-C01,Zone_C,3.81,1.98,79.2,3721.0,69.8,OK
2024-02-11 23:00:00,COMP-C02,Zone_C,3.09,1.53,73.3,3723.0,67.8,OK
2024-02-11 23:00:00,FAN-D01,Zone_B,1.73,0.92,48.3,1190.0,64.6,OK
2024-02-12 00:00:00,PUMP-A01,Zone_A,2.44,1.33,58.0,1827.0,76.5,OK
2024-02-12 00:00:00,PUMP-A02,Zone_A,2.57,1.27,56.9,1770.0,71.8,OK
2024-02-12 00:00:00,PUMP-B01,Zone_B,2.6,1.34,56.9,1820.0,70.6,OK
2024-02-12 00:00:00,COMP-C01,Zone_C,4.42,2.24,76.3,3728.0,63.6,OK
2024-02-12 00:00:00,COMP-C02,Zone_C,4.08,2.05,78.8,3722.0,68.8,OK
2024-02-12 00:00:00,FAN-D01,Zone_B,1.51,0.9,51.1,1253.0,71.6,OK
2024-02-12 01:00:00,PUMP-A01,Zone_A,2.56,1.38,61.3,1817.0,71.2,OK
2024-02-12 01:00:00,PUMP-A02,Zone_A,2.61,1.43,63.3,1830.0,77.4,OK
2024-02-12 01:00:00,PUMP-B01,Zone_B,2.81,1.4,61.4,1892.0,82.2,OK
2024-02-12 01:00:00,COMP-C01,Zone_C,3.43,1.84,79.3,3714.0,69.4,OK
2024-02-12 01:00:00,COMP-C02,Zone_C,3.71,2.06,79.4,3690.0,63.9,OK
2024-02-12 01:00:00,FAN-D01,Zone_B,1.5,0.83,46.8,1259.0,80.3,OK
2024-02-12 02:00:00,PUMP-A01,Zone_A,2.9,1.44,62.1,1847.0,79.2,OK
2024-02-12 02:00:00,PUMP-A02,Zone_A,2.86,1.51,61.4,1820.0,70.2,OK
2024-02-12 02:00:00,PUMP-B01,Zone_B,2.6,1.34,63.6,1822.0,76.8,OK
2024-02-12 02:00:00,COMP-C01,Zone_C,4.11,2.15,78.5,3824.0,83.3,OK
2024-02-12 02:00:00,COMP-C02,Zone_C,3.48,1.7,74.5,3834.0,83.7,OK
2024-02-12 02:00:00,FAN-D01,Zone_B,1.77,0.79,50.6,1274.0,71.5,OK
2024-02-12 03:00:00,PUMP-A01,Zone_A,2.82,1.3,60.9,1864.0,78.7,OK
2024-02-12 03:00:00,PUMP-A02,Zone_A,2.49,1.23,60.2,1849.0,73.8,OK
2024-02-12 03:00:00,PUMP-B01,Zone_B,2.67,1.36,61.2,1900.0,83.9,OK
2024-02-12 03:00:00,COMP-C01,Zone_C,4.24,2.22,80.0,3794.0,79.6,OK
2024-02-12 03:00:00,COMP-C02,Zone_C,3.62,1.79,78.7,3873.0,86.2,OK
2024-02-12 03:00:00,FAN-D01,Zone_B,2.32,1.09,56.5,1295.0,81.1,OK
2024-02-12 04:00:00,PUMP-A01,Zone_A,2.98,1.32,61.6,1852.0,82.9,OK
2024-02-12 04:00:00,PUMP-A02,Zone_A,2.85,1.52,62.7,1895.0,87.5,OK
2024-02-12 04:00:00,PUMP-B01,Zone_B,2.64,1.32,62.5,1836.0,75.4,OK
2024-02-12 04:00:00,COMP-C01,Zone_C,3.65,1.91,77.0,3792.0,75.5,OK
2024-02-12 04:00:00,COMP-C02,Zone_C,3.25,1.59,77.6,3831.0,80.6,OK
2024-02-12 04:00:00,FAN-D01,Zone_B,2.03,1.11,50.1,1302.0,78.5,OK
2024-02-12 05:00:00,PUMP-A01,Zone_A,2.73,1.28,62.7,1848.0,78.2,OK
2024-02-12 05:00:00,PUMP-A02,Zone_A,2.54,1.25,63.0,1903.0,82.3,OK
2024-02-12 05:00:00,PUMP-B01,Zone_B,2.41,1.1,58.2,1795.0,70.6,OK
2024-02-12 05:00:00,COMP-C01,Zone_C,4.35,2.3,83.0,3909.0,91.4,OK
2024-02-12 05:00:00,COMP-C02,Zone_C,3.34,1.65,77.6,3903.0,90.0,OK
2024-02-12 05:00:00,FAN-D01,Zone_B,1.76,0.86,52.7,1300.0,90.3,OK
2024-02-12 06:00:00,PUMP-A01,Zone_A,2.87,1.57,59.6,1886.0,82.4,OK
2024-02-12 06:00:00,PUMP-A02,Zone_A,2.44,1.29,58.5,1883.0,88.1,OK
2024-02-12 06:00:00,PUMP-B01,Zone_B,2.76,1.32,62.9,1837.0,79.6,OK
2024-02-12 06:00:00,COMP-C01,Zone_C,4.38,2.25,78.1,3831.0,81.4,OK
2024-02-12 06:00:00,COMP-C02,Zone_C,3.54,1.75,81.8,3837.0,88.2,OK
2024-02-12 06:00:00,FAN-D01,Zone_B,1.56,0.58,48.4,1243.0,82.1,OK
2024-02-12 07:00:00,PUMP-A01,Zone_A,3.75,1.85,63.2,1857.0,86.7,OK
2024-02-12 07:00:00,PUMP-A02,Zone_A,2.61,1.26,61.2,1875.0,87.1,OK
2024-02-12 07:00:00,PUMP-B01,Zone_B,1.94,1.08,61.9,1874.0,83.5,OK
2024-02-12 07:00:00,COMP-C01,Zone_C,3.94,2.01,80.9,3801.0,75.2,OK
2024-02-12 07:00:00,COMP-C02,Zone_C,3.68,2.0,78.7,3826.0,80.7,OK
2024-02-12 07:00:00,FAN-D01,Zone_B,1.96,0.98,53.9,1274.0,86.6,OK
2024-02-12 08:00:00,PUMP-A01,Zone_A,3.23,1.63,60.0,1848.0,75.9,OK
2024-02-12 08:00:00,PUMP-A02,Zone_A,3.38,1.62,64.2,1877.0,88.2,OK
2024-02-12 08:00:00,PUMP-B01,Zone_B,2.11,1.19,62.0,1827.0,76.3,OK
2024-02-12 08:00:00,COMP-C01,Zone_C,4.24,2.07,77.0,3879.0,86.7,OK
2024-02-12 08:00:00,COMP-C02,Zone_C,3.47,1.75,78.3,3792.0,85.2,OK
2024-02-12 08:00:00,FAN-D01,Zone_B,2.26,1.1,50.3,1289.0,80.7,OK
2024-02-12 09:00:00,PUMP-A01,Zone_A,3.27,1.72,63.2,1863.0,85.8,OK
2024-02-12 09:00:00,PUMP-A02,Zone_A,3.15,1.75,60.3,1849.0,83.3,OK
2024-02-12 09:00:00,PUMP-B01,Zone_B,2.07,1.01,60.4,1810.0,76.4,OK
2024-02-12 09:00:00,COMP-C01,Zone_C,4.19,1.99,80.1,3913.0,89.9,OK
2024-02-12 09:00:00,COMP-C02,Zone_C,3.62,1.88,81.7,3818.0,77.2,OK
2024-02-12 09:00:00,FAN-D01,Zone_B,2.08,1.06,47.6,1250.0,71.4,OK
2024-02-12 10:00:00,PUMP-A01,Zone_A,3.39,1.69,61.5,1796.0,67.5,OK
2024-02-12 10:00:00,PUMP-A02,Zone_A,2.47,1.2,57.7,1812.0,69.7,OK
2024-02-12 10:00:00,PUMP-B01,Zone_B,2.28,1.24,58.0,1815.0,72.9,OK
2024-02-12 10:00:00,COMP-C01,Zone_C,4.06,2.09,80.1,3843.0,84.6,OK
2024-02-12 10:00:00,COMP-C02,Zone_C,3.67,1.82,76.4,3776.0,75.9,OK
2024-02-12 10:00:00,FAN-D01,Zone_B,2.25,1.07,54.4,1315.0,78.1,OK
2024-02-12 11:00:00,PUMP-A01,Zone_A,2.66,1.4,56.9,1877.0,79.2,OK
2024-02-12 11:00:00,PUMP-A02,Zone_A,2.76,1.43,61.3,1882.0,76.2,OK
2024-02-12 11:00:00,PUMP-B01,Zone_B,2.28,1.06,60.8,1837.0,81.3,OK
2024-02-12 11:00:00,COMP-C01,Zone_C,4.0,1.94,77.1,3771.0,74.1,OK
2024-02-12 11:00:00,COMP-C02,Zone_C,2.85,1.5,74.0,3695.0,63.9,OK
2024-02-12 11:00:00,FAN-D01,Zone_B,1.61,0.83,52.9,1250.0,73.3,OK
2024-02-12 12:00:00,PUMP-A01,Zone_A,3.32,1.55,62.6,1819.0,67.5,OK
2024-02-12 12:00:00,PUMP-A02,Zone_A,2.54,1.01,61.0,1796.0,64.9,OK
2024-02-12 12:00:00,PUMP-B01,Zone_B,2.67,1.29,61.8,1774.0,64.5,OK
2024-02-12 12:00:00,COMP-C01,Zone_C,4.27,2.17,81.9,3716.0,67.3,OK
2024-02-12 12:00:00,COMP-C02,Zone_C,3.74,1.95,77.0,3738.0,72.0,OK
2024-02-12 12:00:00,FAN-D01,Zone_B,1.53,0.77,43.9,1204.0,59.3,OK
2024-02-12 13:00:00,PUMP-A01,Zone_A,3.09,1.45,61.6,1797.0,67.1,OK
2024-02-12 13:00:00,PUMP-A02,Zone_A,2.77,1.51,60.1,1799.0,60.4,OK
2024-02-12 13:00:00,PUMP-B01,Zone_B,2.53,1.32,61.2,1791.0,69.9,OK
2024-02-12 13:00:00,COMP-C01,Zone_C,4.03,1.89,77.4,3693.0,67.0,OK
2024-02-12 13:00:00,COMP-C02,Zone_C,3.51,1.72,75.5,3671.0,62.8,SUSPECT
2024-02-12 13:00:00,FAN-D01,Zone_B,1.78,0.78,46.9,1228.0,59.1,OK
2024-02-12 14:00:00,PUMP-A01,Zone_A,3.02,1.57,59.5,1822.0,68.3,OK
2024-02-12 14:00:00,PUMP-A02,Zone_A,1.88,0.95,58.1,1785.0,61.0,OK
2024-02-12 14:00:00,PUMP-B01,Zone_B,2.62,1.33,57.8,1832.0,71.2,OK
2024-02-12 14:00:00,COMP-C01,Zone_C,3.82,1.95,77.0,3654.0,58.0,OK
2024-02-12 14:00:00,COMP-C02,Zone_C,3.01,1.28,73.5,3695.0,63.1,OK
2024-02-12 14:00:00,FAN-D01,Zone_B,1.73,0.93,48.4,1225.0,59.8,OK
2024-02-12 15:00:00,PUMP-A01,Zone_A,3.16,1.53,59.0,1758.0,54.8,OK
2024-02-12 15:00:00,PUMP-A02,Zone_A,2.21,0.82,60.4,1834.0,68.7,OK
2024-02-12 15:00:00,PUMP-B01,Zone_B,1.8,0.88,62.7,1792.0,61.4,OK
2024-02-12 15:00:00,COMP-C01,Zone_C,4.36,2.24,75.9,3674.0,60.6,OK
2024-02-12 15:00:00,COMP-C02,Zone_C,2.91,1.28,75.1,3684.0,61.4,OK
2024-02-12 15:00:00,FAN-D01,Zone_B,2.18,0.98,46.6,1249.0,63.8,OK
2024-02-12 16:00:00,PUMP-A01,Zone_A,3.37,1.77,58.7,1756.0,54.5,OK
2024-02-12 16:00:00,PUMP-A02,Zone_A,2.92,1.4,61.7,1754.0,64.0,OK
2024-02-12 16:00:00,PUMP-B01,Zone_B,2.7,1.5,60.7,1793.0,61.7,OK
2024-02-12 16:00:00,COMP-C01,Zone_C,3.87,1.83,74.3,3677.0,56.5,OK
2024-02-12 16:00:00,COMP-C02,Zone_C,3.59,2.01,77.4,3653.0,57.8,OK
2024-02-12 16:00:00,FAN-D01,Zone_B,1.52,0.84,44.8,1160.0,53.7,OK
2024-02-12 17:00:00,PUMP-A01,Zone_A,3.18,1.63,60.9,1768.0,58.6,OK
2024-02-12 17:00:00,PUMP-A02,Zone_A,3.35,1.51,62.2,1787.0,55.0,OK
2024-02-12 17:00:00,PUMP-B01,Zone_B,1.87,0.93,61.8,1758.0,59.7,OK
2024-02-12 17:00:00,COMP-C01,Zone_C,3.79,1.94,75.3,3688.0,61.6,OK
2024-02-12 17:00:00,COMP-C02,Zone_C,2.91,1.33,74.5,3676.0,58.0,OK
2024-02-12 17:00:00,FAN-D01,Zone_B,1.33,0.48,44.9,1210.0,50.3,OK
2024-02-12 18:00:00,PUMP-A01,Zone_A,3.15,1.61,59.2,1743.0,56.5,OK
2024-02-12 18:00:00,PUMP-A02,Zone_A,3.11,1.54,59.9,1754.0,56.4,OK
2024-02-12 18:00:00,PUMP-B01,Zone_B,1.66,0.9,56.4,1747.0,48.5,OK
2024-02-12 18:00:00,COMP-C01,Zone_C,3.63,1.82,77.5,3657.0,56.8,OK
2024-02-12 18:00:00,COMP-C02,Zone_C,3.48,1.9,74.9,3708.0,64.3,OK
2024-02-12 18:00:00,FAN-D01,Zone_B,1.37,0.68,48.6,1196.0,59.4,OK
2024-02-12 19:00:00,PUMP-A01,Zone_A,3.06,1.32,58.3,1774.0,58.6,OK
2024-02-12 19:00:00,PUMP-A02,Zone_A,2.01,1.02,60.5,1809.0,58.9,OK
2024-02-12 19:00:00,PUMP-B01,Zone_B,2.36,1.1,59.2,1748.0,50.2,OK
2024-02-12 19:00:00,COMP-C01,Zone_C,4.31,2.08,77.1,3686.0,60.0,OK
2024-02-12 19:00:00,COMP-C02,Zone_C,3.52,1.65,77.2,3660.0,56.2,OK
2024-02-12 19:00:00,FAN-D01,Zone_B,2.0,1.0,48.1,1232.0,55.2,OK
2024-02-12 20:00:00,PUMP-A01,Zone_A,2.64,1.3,62.5,1765.0,63.0,OK
2024-02-12 20:00:00,PUMP-A02,Zone_A,2.65,1.21,62.3,1778.0,66.8,OK
2024-02-12 20:00:00,PUMP-B01,Zone_B,2.05,1.06,57.5,1782.0,61.1,OK
2024-02-12 20:00:00,COMP-C01,Zone_C,3.91,2.08,79.8,3714.0,63.3,OK
2024-02-12 20:00:00,COMP-C02,Zone_C,3.7,1.9,73.0,3603.0,50.9,OK
2024-02-12 20:00:00,FAN-D01,Zone_B,2.04,1.03,47.6,1218.0,62.7,OK
2024-02-12 21:00:00,PUMP-A01,Zone_A,2.54,1.23,59.9,1783.0,58.6,OK
2024-02-12 21:00:00,PUMP-A02,Zone_A,2.48,1.41,57.2,1813.0,68.8,OK
2024-02-12 21:00:00,PUMP-B01,Zone_B,2.53,1.21,57.3,1746.0,54.3,OK
2024-02-12 21:00:00,COMP-C01,Zone_C,3.85,1.96,77.3,3677.0,58.5,OK
2024-02-12 21:00:00,COMP-C02,Zone_C,3.5,1.49,74.4,3650.0,61.6,OK
2024-02-12 21:00:00,FAN-D01,Zone_B,1.44,0.43,46.9,1211.0,61.7,OK
2024-02-12 22:00:00,PUMP-A01,Zone_A,2.82,1.43,59.2,1782.0,55.8,OK
2024-02-12 22:00:00,PUMP-A02,Zone_A,2.52,1.3,57.3,1793.0,62.7,OK
2024-02-12 22:00:00,PUMP-B01,Zone_B,2.75,1.13,62.5,1808.0,67.6,OK
2024-02-12 22:00:00,COMP-C01,Zone_C,3.76,1.8,77.5,3641.0,56.0,OK
2024-02-12 22:00:00,COMP-C02,Zone_C,3.95,2.21,78.6,3714.0,63.8,OK
2024-02-12 22:00:00,FAN-D01,Zone_B,1.69,0.81,48.4,1215.0,64.3,OK
2024-02-12 23:00:00,PUMP-A01,Zone_A,3.38,1.74,60.2,1777.0,54.4,OK
2024-02-12 23:00:00,PUMP-A02,Zone_A,2.67,1.35,58.9,1814.0,66.2,OK
2024-02-12 23:00:00,PUMP-B01,Zone_B,2.66,1.43,58.5,1821.0,66.6,OK
2024-02-12 23:00:00,COMP-C01,Zone_C,3.7,1.97,78.0,3683.0,63.7,OK
2024-02-12 23:00:00,COMP-C02,Zone_C,3.67,1.7,77.1,3714.0,64.9,SUSPECT
2024-02-12 23:00:00,FAN-D01,Zone_B,1.99,0.99,49.1,1274.0,72.5,OK
2024-02-13 00:00:00,PUMP-A01,Zone_A,2.87,1.41,60.8,1808.0,69.5,OK
2024-02-13 00:00:00,PUMP-A02,Zone_A,2.4,1.06,61.8,1812.0,69.2,OK
2024-02-13 00:00:00,PUMP-B01,Zone_B,2.66,1.35,61.3,1820.0,69.2,OK
2024-02-13 00:00:00,COMP-C01,Zone_C,3.93,1.92,77.6,3733.0,70.3,OK
2024-02-13 00:00:00,COMP-C02,Zone_C,3.66,1.87,77.2,3760.0,72.1,OK
2024-02-13 00:00:00,FAN-D01,Zone_B,2.6,1.3,48.2,1289.0,69.4,OK
2024-02-13 01:00:00,PUMP-A01,Zone_A,3.2,1.55,57.9,1819.0,70.5,OK
2024-02-13 01:00:00,PUMP-A02,Zone_A,2.87,1.55,63.5,1860.0,81.0,OK
2024-02-13 01:00:00,PUMP-B01,Zone_B,2.75,1.28,62.5,1797.0,65.2,OK
2024-02-13 01:00:00,COMP-C01,Zone_C,4.39,2.17,78.5,3852.0,82.9,OK
2024-02-13 01:00:00,COMP-C02,Zone_C,3.39,1.72,78.6,3748.0,70.3,OK
2024-02-13 01:00:00,FAN-D01,Zone_B,1.87,1.08,50.4,1260.0,70.3,OK
2024-02-13 02:00:00,PUMP-A01,Zone_A,2.92,1.38,62.5,1825.0,79.6,OK
2024-02-13 02:00:00,PUMP-A02,Zone_A,2.82,1.56,58.7,1820.0,71.0,OK
2024-02-13 02:00:00,PUMP-B01,Zone_B,1.8,1.05,59.0,1811.0,73.2,OK
2024-02-13 02:00:00,COMP-C01,Zone_C,4.53,2.27,85.8,3884.0,86.9,OK
2024-02-13 02:00:00,COMP-C02,Zone_C,3.46,1.74,80.5,3778.0,77.6,OK
2024-02-13 02:00:00,FAN-D01,Zone_B,2.11,1.13,51.0,1268.0,75.3,OK
2024-02-13 03:00:00,PUMP-A01,Zone_A,3.93,2.13,65.3,1893.0,84.8,OK
2024-02-13 03:00:00,PUMP-A02,Zone_A,2.65,1.38,63.6,1817.0,78.4,OK
2024-02-13 03:00:00,PUMP-B01,Zone_B,2.21,0.93,59.6,1831.0,73.4,OK
2024-02-13 03:00:00,COMP-C01,Zone_C,4.4,2.13,77.4,3844.0,83.8,OK
2024-02-13 03:00:00,COMP-C02,Zone_C,3.72,1.89,76.3,3805.0,75.6,OK
2024-02-13 03:00:00,FAN-D01,Zone_B,1.23,0.5,51.8,1279.0,78.7,OK
2024-02-13 04:00:00,PUMP-A01,Zone_A,3.05,1.49,60.4,1820.0,74.9,OK
2024-02-13 04:00:00,PUMP-A02,Zone_A,2.42,1.26,60.6,1908.0,83.2,OK
2024-02-13 04:00:00,PUMP-B01,Zone_B,2.32,1.12,61.5,1877.0,85.5,OK
2024-02-13 04:00:00,COMP-C01,Zone_C,4.05,2.02,81.0,3825.0,83.5,OK
2024-02-13 04:00:00,COMP-C02,Zone_C,3.89,1.8,83.3,3808.0,78.4,OK
2024-02-13 04:00:00,FAN-D01,Zone_B,1.73,0.96,50.2,1260.0,84.0,OK
2024-02-13 05:00:00,PUMP-A01,Zone_A,3.28,1.5,60.4,1877.0,85.5,OK
2024-02-13 05:00:00,PUMP-A02,Zone_A,3.21,1.54,63.0,1878.0,90.3,OK
2024-02-13 05:00:00,PUMP-B01,Zone_B,3.05,1.46,61.4,1868.0,90.6,OK
2024-02-13 05:00:00,COMP-C01,Zone_C,4.13,2.26,81.5,3858.0,84.3,OK
2024-02-13 05:00:00,COMP-C02,Zone_C,3.96,2.03,82.8,3946.0,94.3,OK
2024-02-13 05:00:00,FAN-D01,Zone_B,1.76,0.88,52.1,1228.0,73.4,OK
2024-02-13 06:00:00,PUMP-A01,Zone_A,3.15,1.45,60.3,1866.0,85.5,OK
2024-02-13 06:00:00,PUMP-A02,Zone_A,2.88,1.59,64.2,1830.0,74.1,OK
2024-02-13 06:00:00,PUMP-B01,Zone_B,2.61,1.43,60.8,1900.0,91.4,OK
2024-02-13 06:00:00,COMP-C01,Zone_C,4.17,2.22,82.3,3881.0,86.4,OK
2024-02-13 06:00:00,COMP-C02,Zone_C,3.4,1.74,78.9,3751.0,73.9,OK
2024-02-13 06:00:00,FAN-D01,Zone_B,2.26,1.17,49.6,1278.0,85.4,OK
2024-02-13 07:00:00,PUMP-A01,Zone_A,3.01,1.45,63.3,1869.0,90.5,OK
2024-02-13 07:00:00,PUMP-A02,Zone_A,2.66,1.21,63.1,1899.0,84.7,OK
2024-02-13 07:00:00,PUMP-B01,Zone_B,2.67,1.4,63.0,1838.0,81.4,OK
2024-02-13 07:00:00,COMP-C01,Zone_C,4.34,1.94,79.0,3911.0,90.2,OK
2024-02-13 07:00:00,COMP-C02,Zone_C,3.46,1.92,78.3,3770.0,73.5,OK
2024-02-13 07:00:00,FAN-D01,Zone_B,1.56,0.69,53.6,1282.0,83.0,OK
2024-02-13 08:00:00,PUMP-A01,Zone_A,2.74,1.43,60.2,1843.0,82.9,OK
2024-02-13 08:00:00,PUMP-A02,Zone_A,2.91,1.36,62.4,1950.0,89.2,OK
2024-02-13 08:00:00,PUMP-B01,Zone_B,2.27,1.1,61.5,1882.0,78.5,OK
2024-02-13 08:00:00,COMP-C01,Zone_C,4.15,1.88,79.3,3906.0,90.2,OK
2024-02-13 08:00:00,COMP-C02,Zone_C,3.9,1.99,77.3,3813.0,83.6,OK
2024-02-13 08:00:00,FAN-D01,Zone_B,2.29,1.05,48.6,1297.0,90.7,OK
2024-02-13 09:00:00,PUMP-A01,Zone_A,3.65,1.94,62.3,1845.0,78.0,OK
2024-02-13 09:00:00,PUMP-A02,Zone_A,2.71,1.42,57.2,1858.0,86.7,OK
2024-02-13 09:00:00,PUMP-B01,Zone_B,2.35,1.11,59.0,1845.0,77.8,OK
2024-02-13 09:00:00,COMP-C01,Zone_C,3.96,2.0,78.3,3792.0,80.2,OK
2024-02-13 09:00:00,COMP-C02,Zone_C,3.36,1.71,78.6,3815.0,78.2,OK
2024-02-13 09:00:00,FAN-D01,Zone_B,1.78,0.93,49.7,1314.0,86.0,OK
2024-02-13 10:00:00,PUMP-A01,Zone_A,2.95,1.55,60.8,1899.0,87.9,OK
2024-02-13 10:00:00,PUMP-A02,Zone_A,2.75,1.32,63.2,1800.0,75.8,OK
2024-02-13 10:00:00,PUMP-B01,Zone_B,2.34,1.12,63.6,1825.0,78.6,OK
2024-02-13 10:00:00,COMP-C01,Zone_C,4.78,2.46,86.9,3849.0,84.0,OK
2024-02-13 10:00:00,COMP-C02,Zone_C,3.72,1.82,77.8,3868.0,84.9,OK
2024-02-13 10:00:00,FAN-D01,Zone_B,2.36,1.04,49.7,1246.0,75.8,SUSPECT
2024-02-13 11:00:00,PUMP-A01,Zone_A,3.5,1.72,62.4,1809.0,69.1,OK
2024-02-13 11:00:00,PUMP-A02,Zone_A,2.4,1.34,58.8,1846.0,76.0,OK
2024-02-13 11:00:00,PUMP-B01,Zone_B,2.2,1.12,64.2,1825.0,73.3,OK
2024-02-13 11:00:00,COMP-C01,Zone_C,4.54,2.21,74.0,3809.0,76.0,OK
2024-02-13 11:00:00,COMP-C02,Zone_C,3.26,1.57,73.6,3729.0,67.9,OK
2024-02-13 11:00:00,FAN-D01,Zone_B,1.5,0.8,52.5,1279.0,79.5,OK
2024-02-13 12:00:00,PUMP-A01,Zone_A,3.43,1.6,62.6,1880.0,78.2,OK
2024-02-13 12:00:00,PUMP-A02,Zone_A,1.96,0.97,57.9,1814.0,62.8,OK
2024-02-13 12:00:00,PUMP-B01,Zone_B,3.13,1.52,61.8,1845.0,68.5,SUSPECT
2024-02-13 12:00:00,COMP-C01,Zone_C,3.96,2.02,79.4,3713.0,65.8,OK
2024-02-13 12:00:00,COMP-C02,Zone_C,3.65,1.79,75.3,3646.0,63.2,OK
2024-02-13 12:00:00,FAN-D01,Zone_B,2.01,0.99,48.1,1283.0,83.7,OK
2024-02-13 13:00:00,PUMP-A01,Zone_A,3.06,1.46,62.6,1810.0,65.9,OK
2024-02-13 13:00:00,PUMP-A02,Zone_A,1.99,0.94,59.3,1759.0,57.9,OK
2024-02-13 13:00:00,PUMP-B01,Zone_B,1.93,0.96,55.2,1821.0,68.3,OK
2024-02-13 13:00:00,COMP-C01,Zone_C,4.07,1.94,77.5,3719.0,67.9,OK
2024-02-13 13:00:00,COMP-C02,Zone_C,3.79,1.94,77.1,3742.0,72.1,OK
2024-02-13 13:00:00,FAN-D01,Zone_B,2.06,1.04,46.3,1233.0,59.4,OK
2024-02-13 14:00:00,PUMP-A01,Zone_A,3.54,1.76,58.8,1819.0,63.7,OK
2024-02-13 14:00:00,PUMP-A02,Zone_A,1.86,0.8,56.7,1783.0,56.0,OK
2024-02-13 14:00:00,PUMP-B01,Zone_B,2.77,1.19,60.8,1757.0,62.3,OK
2024-02-13 14:00:00,COMP-C01,Zone_C,3.12,1.64,73.0,3613.0,53.3,OK
2024-02-13 14:00:00,COMP-C02,Zone_C,3.25,1.82,72.6,3702.0,62.9,OK
2024-02-13 14:00:00,FAN-D01,Zone_B,1.83,1.06,50.1,1251.0,68.3,OK
2024-02-13 15:00:00,PUMP-A01,Zone_A,2.56,1.25,59.3,1763.0,55.3,SUSPECT
2024-02-13 15:00:00,PUMP-A02,Zone_A,2.49,1.18,56.8,1767.0,62.4,OK
2024-02-13 15:00:00,PUMP-B01,Zone_B,2.11,0.94,57.0,1811.0,59.4,OK
2024-02-13 15:00:00,COMP-C01,Zone_C,4.24,2.2,76.9,3672.0,61.1,OK
2024-02-13 15:00:00,COMP-C02,Zone_C,3.95,1.86,77.2,3694.0,60.3,OK
2024-02-13 15:00:00,FAN-D01,Zone_B,1.53,0.73,42.0,1197.0,54.2,OK
2024-02-13 16:00:00,PUMP-A01,Zone_A,3.73,1.9,63.3,1779.0,61.9,OK
2024-02-13 16:00:00,PUMP-A02,Zone_A,2.37,1.1,57.6,1762.0,54.1,OK
2024-02-13 16:00:00,PUMP-B01,Zone_B,1.84,0.98,60.4,1785.0,61.4,OK
2024-02-13 16:00:00,COMP-C01,Zone_C,3.95,2.03,75.4,3564.0,48.7,OK
2024-02-13 16:00:00,COMP-C02,Zone_C,3.22,1.48,75.7,3661.0,62.3,OK
2024-02-13 16:00:00,FAN-D01,Zone_B,2.17,1.08,49.6,1263.0,64.3,OK
2024-02-13 17:00:00,PUMP-A01,Zone_A,2.89,1.42,63.2,1753.0,51.8,OK
2024-02-13 17:00:00,PUMP-A02,Zone_A,3.24,1.56,60.1,1797.0,64.3,OK
2024-02-13 17:00:00,PUMP-B01,Zone_B,2.41,1.11,58.4,1743.0,57.0,OK
2024-02-13 17:00:00,COMP-C01,Zone_C,3.6,1.85,74.8,3689.0,56.5,OK
2024-02-13 17:00:00,COMP-C02,Zone_C,3.46,1.66,76.3,3636.0,55.6,OK
2024-02-13 17:00:00,FAN-D01,Zone_B,1.72,0.9,44.8,1182.0,53.4,OK
2024-02-13 18:00:00,PUMP-A01,Zone_A,3.18,1.53,59.4,1712.0,52.9,OK
2024-02-13 18:00:00,PUMP-A02,Zone_A,1.99,0.79,58.5,1778.0,58.4,OK
2024-02-13 18:00:00,PUMP-B01,Zone_B,2.51,1.21,60.6,1786.0,63.9,OK
2024-02-13 18:00:00,COMP-C01,Zone_C,3.92,2.05,77.5,3613.0,54.9,OK
2024-02-13 18:00:00,COMP-C02,Zone_C,3.54,1.78,73.0,3696.0,56.6,OK
2024-02-13 18:00:00,FAN-D01,Zone_B,1.99,1.17,47.9,1224.0,58.6,OK
2024-02-13 19:00:00,PUMP-A01,Zone_A,3.19,1.58,59.9,1768.0,55.8,OK
2024-02-13 19:00:00,PUMP-A02,Zone_A,2.03,0.81,58.7,1800.0,57.8,OK
2024-02-13 19:00:00,PUMP-B01,Zone_B,2.63,1.25,59.7,1772.0,54.0,OK
2024-02-13 19:00:00,COMP-C01,Zone_C,4.2,2.1,75.2,3697.0,61.2,OK
2024-02-13 19:00:00,COMP-C02,Zone_C,3.24,1.55,75.0,3606.0,54.7,OK
2024-02-13 19:00:00,FAN-D01,Zone_B,1.35,0.76,47.6,1166.0,47.9,OK
2024-02-13 20:00:00,PUMP-A01,Zone_A,3.27,1.64,60.8,1814.0,54.7,OK
2024-02-13 20:00:00,PUMP-A02,Zone_A,2.14,0.9,55.9,1724.0,45.2,OK
2024-02-13 20:00:00,PUMP-B01,Zone_B,2.53,1.24,59.5,1802.0,58.9,OK
2024-02-13 20:00:00,COMP-C01,Zone_C,4.17,2.04,79.3,3723.0,63.9,OK
2024-02-13 20:00:00,COMP-C02,Zone_C,3.32,1.52,74.5,3693.0,62.8,OK
2024-02-13 20:00:00,FAN-D01,Zone_B,1.88,1.05,49.6,1235.0,63.0,OK
2024-02-13 21:00:00,PUMP-A01,Zone_A,3.06,1.64,60.0,1763.0,51.1,OK
2024-02-13 21:00:00,PUMP-A02,Zone_A,2.38,1.01,62.5,1768.0,58.2,OK
2024-02-13 21:00:00,PUMP-B01,Zone_B,2.58,1.22,57.3,1760.0,62.0,OK
2024-02-13 21:00:00,COMP-C01,Zone_C,4.15,2.0,74.6,3657.0,55.7,OK
2024-02-13 21:00:00,COMP-C02,Zone_C,3.7,1.78,74.5,3722.0,64.2,OK
2024-02-13 21:00:00,FAN-D01,Zone_B,1.31,0.65,45.0,1198.0,50.9,OK
2024-02-13 22:00:00,PUMP-A01,Zone_A,3.74,1.74,60.3,1757.0,62.3,OK
2024-02-13 22:00:00,PUMP-A02,Zone_A,2.98,1.51,61.3,1760.0,66.0,OK
2024-02-13 22:00:00,PUMP-B01,Zone_B,2.33,1.15,58.9,1801.0,59.2,OK
2024-02-13 22:00:00,COMP-C01,Zone_C,3.46,1.67,75.4,3652.0,60.6,OK
2024-02-13 22:00:00,COMP-C02,Zone_C,3.76,1.91,74.4,3713.0,65.9,OK
2024-02-13 22:00:00,FAN-D01,Zone_B,1.46,0.71,46.6,1214.0,62.8,OK
2024-02-13 23:00:00,PUMP-A01,Zone_A,2.77,1.44,58.2,1789.0,58.8,OK
2024-02-13 23:00:00,PUMP-A02,Zone_A,2.38,1.05,58.1,1797.0,59.6,OK
2024-02-13 23:00:00,PUMP-B01,Zone_B,2.14,1.02,59.2,1827.0,73.4,OK
2024-02-13 23:00:00,COMP-C01,Zone_C,4.07,2.23,77.7,3744.0,69.9,OK
2024-02-13 23:00:00,COMP-C02,Zone_C,3.47,1.62,78.6,3643.0,56.2,OK
2024-02-13 23:00:00,FAN-D01,Zone_B,1.58,0.93,45.1,1258.0,68.3,OK
2024-02-14 00:00:00,PUMP-A01,Zone_A,3.63,1.81,64.6,1801.0,73.1,OK
2024-02-14 00:00:00,PUMP-A02,Zone_A,3.01,1.28,59.8,1849.0,73.7,OK
2024-02-14 00:00:00,PUMP-B01,Zone_B,2.34,1.23,61.5,1822.0,70.2,OK
2024-02-14 00:00:00,COMP-C01,Zone_C,4.02,2.1,77.7,3743.0,69.9,OK
2024-02-14 00:00:00,COMP-C02,Zone_C,3.32,1.75,73.7,3693.0,69.2,OK
2024-02-14 00:00:00,FAN-D01,Zone_B,1.39,0.65,48.6,1279.0,73.5,OK
2024-02-14 01:00:00,PUMP-A01,Zone_A,3.38,1.79,61.1,1863.0,77.1,OK
2024-02-14 01:00:00,PUMP-A02,Zone_A,2.74,1.53,60.6,1848.0,80.8,OK
2024-02-14 01:00:00,PUMP-B01,Zone_B,2.34,1.13,57.1,1834.0,68.1,OK
2024-02-14 01:00:00,COMP-C01,Zone_C,4.08,2.06,82.0,3739.0,70.1,OK
2024-02-14 01:00:00,COMP-C02,Zone_C,3.42,1.68,77.4,3763.0,72.1,OK
2024-02-14 01:00:00,FAN-D01,Zone_B,2.03,1.04,50.5,1251.0,75.6,OK
2024-02-14 02:00:00,PUMP-A01,Zone_A,3.08,1.47,61.9,1880.0,80.4,OK
2024-02-14 02:00:00,PUMP-A02,Zone_A,2.71,1.39,61.1,1857.0,77.2,OK
2024-02-14 02:00:00,PUMP-B01,Zone_B,2.66,1.22,58.9,1850.0,78.6,OK
2024-02-14 02:00:00,COMP-C01,Zone_C,4.17,2.12,82.3,3770.0,69.6,OK
2024-02-14 02:00:00,COMP-C02,Zone_C,3.36,1.56,76.8,3825.0,77.2,OK
2024-02-14 02:00:00,FAN-D01,Zone_B,1.87,0.85,51.7,1239.0,75.2,OK
2024-02-14 03:00:00,PUMP-A01,Zone_A,3.33,1.76,63.2,1848.0,79.9,OK
2024-02-14 03:00:00,PUMP-A02,Zone_A,2.7,1.27,63.3,1865.0,80.0,OK
2024-02-14 03:00:00,PUMP-B01,Zone_B,2.5,1.22,61.6,1859.0,78.9,OK
2024-02-14 03:00:00,COMP-C01,Zone_C,4.59,2.2,78.9,3853.0,82.6,OK
2024-02-14 03:00:00,COMP-C02,Zone_C,3.62,1.85,79.2,3811.0,76.1,OK
2024-02-14 03:00:00,FAN-D01,Zone_B,2.23,1.2,49.6,1249.0,80.4,OK
2024-02-14 04:00:00,PUMP-A01,Zone_A,3.65,1.75,63.9,1853.0,80.6,OK
2024-02-14 04:00:00,PUMP-A02,Zone_A,2.52,1.28,60.2,1859.0,79.6,OK
2024-02-14 04:00:00,PUMP-B01,Zone_B,1.94,1.06,63.6,1836.0,76.0,OK
2024-02-14 04:00:00,COMP-C01,Zone_C,3.74,2.14,74.9,3772.0,72.1,OK
2024-02-14 04:00:00,COMP-C02,Zone_C,4.07,1.9,79.9,3926.0,87.4,OK
2024-02-14 04:00:00,FAN-D01,Zone_B,1.72,0.99,52.8,1303.0,86.0,OK
2024-02-14 05:00:00,PUMP-A01,Zone_A,3.34,1.63,62.2,1834.0,81.3,OK
2024-02-14 05:00:00,PUMP-A02,Zone_A,2.77,1.29,59.7,1879.0,90.1,OK
2024-02-14 05:00:00,PUMP-B01,Zone_B,2.81,1.41,62.7,1843.0,77.2,OK
2024-02-14 05:00:00,COMP-C01,Zone_C,4.36,2.25,77.2,3882.0,85.5,OK
2024-02-14 05:00:00,COMP-C02,Zone_C,3.3,1.55,78.4,3817.0,80.5,OK
2024-02-14 05:00:00,FAN-D01,Zone_B,2.06,1.06,49.9,1299.0,85.5,OK
2024-02-14 06:00:00,PUMP-A01,Zone_A,3.01,1.43,62.3,1864.0,83.8,OK
2024-02-14 06:00:00,PUMP-A02,Zone_A,3.03,1.44,63.3,1867.0,86.0,OK
2024-02-14 06:00:00,PUMP-B01,Zone_B,3.06,1.68,64.1,1885.0,91.4,SUSPECT
2024-02-14 06:00:00,COMP-C01,Zone_C,4.42,2.2,79.3,3823.0,86.5,OK
2024-02-14 06:00:00,COMP-C02,Zone_C,3.57,1.83,75.7,3874.0,86.0,OK
2024-02-14 06:00:00,FAN-D01,Zone_B,2.21,1.03,49.4,1308.0,91.6,OK
2024-02-14 07:00:00,PUMP-A01,Zone_A,3.49,1.68,60.0,1900.0,84.2,OK
2024-02-14 07:00:00,PUMP-A02,Zone_A,2.79,1.38,65.6,1871.0,84.7,OK
2024-02-14 07:00:00,PUMP-B01,Zone_B,2.61,1.27,57.9,1886.0,86.8,OK
2024-02-14 07:00:00,COMP-C01,Zone_C,4.1,1.9,81.4,3855.0,84.9,OK
2024-02-14 07:00:00,COMP-C02,Zone_C,3.37,1.83,78.2,3813.0,81.6,OK
2024-02-14 07:00:00,FAN-D01,Zone_B,2.04,1.12,48.8,1339.0,94.4,OK
2024-02-14 08:00:00,PUMP-A01,Zone_A,3.69,1.79,61.8,1841.0,81.2,OK
2024-02-14 08:00:00,PUMP-A02,Zone_A,2.51,1.21,62.1,1823.0,82.6,OK
2024-02-14 08:00:00,PUMP-B01,Zone_B,2.65,1.25,61.5,1817.0,80.6,OK
2024-02-14 08:00:00,COMP-C01,Zone_C,4.06,1.99,78.5,3751.0,73.2,OK
2024-02-14 08:00:00,COMP-C02,Zone_C,3.38,1.69,79.5,3910.0,93.9,OK
2024-02-14 08:00:00,FAN-D01,Zone_B,1.68,0.71,50.5,1294.0,85.8,OK
2024-02-14 09:00:00,PUMP-A01,Zone_A,2.91,1.54,60.0,1838.0,71.3,OK
2024-02-14 09:00:00,PUMP-A02,Zone_A,2.54,1.28,61.8,1905.0,89.2,OK
2024-02-14 09:00:00,PUMP-B01,Zone_B,2.59,1.11,63.8,1848.0,75.0,OK
2024-02-14 09:00:00,COMP-C01,Zone_C,3.83,1.85,80.4,3807.0,78.9,OK
2024-02-14 09:00:00,COMP-C02,Zone_C,3.52,1.67,72.1,3831.0,81.7,OK
2024-02-14 09:00:00,FAN-D01,Zone_B,2.21,1.02,49.5,1233.0,76.4,OK
2024-02-14 10:00:00,PUMP-A01,Zone_A,3.36,1.71,61.5,1882.0,83.6,OK
2024-02-14 10:00:00,PUMP-A02,Zone_A,2.73,1.27,62.7,1846.0,73.7,OK
2024-02-14 10:00:00,PUMP-B01,Zone_B,2.79,1.2,56.7,1821.0,75.5,OK
2024-02-14 10:00:00,COMP-C01,Zone_C,3.85,2.04,78.7,3696.0,67.5,OK
2024-02-14 10:00:00,COMP-C02,Zone_C,3.57,1.72,76.0,3858.0,80.0,OK
2024-02-14 10:00:00,FAN-D01,Zone_B,2.09,1.11,51.0,1260.0,77.6,OK
2024-02-14 11:00:00,PUMP-A01,Zone_A,3.0,1.47,62.6,1841.0,76.5,OK
2024-02-14 11:00:00,PUMP-A02,Zone_A,2.34,1.45,58.8,1831.0,70.0,OK
2024-02-14 11:00:00,PUMP-B01,Zone_B,2.99,1.5,59.4,1824.0,72.5,OK
2024-02-14 11:00:00,COMP-C01,Zone_C,4.3,2.17,77.8,3795.0,78.3,OK
2024-02-14 11:00:00,COMP-C02,Zone_C,3.85,1.87,78.9,3761.0,73.7,OK
2024-02-14 11:00:00,FAN-D01,Zone_B,1.79,0.88,48.5,1308.0,79.8,OK
2024-02-14 12:00:00,PUMP-A01,Zone_A,3.3,1.62,65.1,1824.0,78.6,OK
2024-02-14 12:00:00,PUMP-A02,Zone_A,2.66,1.26,60.4,1790.0,62.6,OK
2024-02-14 12:00:00,PUMP-B01,Zone_B,2.39,1.0,60.7,1816.0,70.9,OK
2024-02-14 12:00:00,COMP-C01,Zone_C,3.62,1.84,76.1,3736.0,64.6,OK
2024-02-14 12:00:00,COMP-C02,Zone_C,3.26,1.73,76.9,3711.0,64.9,OK
2024-02-14 12:00:00,FAN-D01,Zone_B,2.11,1.23,46.2,1232.0,66.7,OK
2024-02-14 13:00:00,PUMP-A01,Zone_A,2.75,1.26,61.4,1826.0,61.0,OK
2024-02-14 13:00:00,PUMP-A02,Zone_A,2.74,1.33,60.0,1838.0,70.7,OK
2024-02-14 13:00:00,PUMP-B01,Zone_B,2.58,1.08,61.6,1829.0,66.6,OK
2024-02-14 13:00:00,COMP-C01,Zone_C,4.37,2.18,78.4,3756.0,70.2,OK
2024-02-14 13:00:00,COMP-C02,Zone_C,3.39,1.64,77.5,3694.0,64.1,OK
2024-02-14 13:00:00,FAN-D01,Zone_B,2.09,0.88,51.6,1238.0,62.1,OK
2024-02-14 14:00:00,PUMP-A01,Zone_A,4.09,2.1,65.4,1785.0,64.2,OK
2024-02-14 14:00:00,PUMP-A02,Zone_A,2.27,1.11,58.5,1767.0,64.7,SUSPECT
2024-02-14 14:00:00,PUMP-B01,Zone_B,1.65,0.8,56.8,1810.0,64.3,OK
2024-02-14 14:00:00,COMP-C01,Zone_C,3.79,1.75,76.2,3735.0,69.4,OK
2024-02-14 14:00:00,COMP-C02,Zone_C,3.22,1.74,76.6,3706.0,65.8,OK
2024-02-14 14:00:00,FAN-D01,Zone_B,1.38,0.75,46.1,1225.0,59.2,OK
2024-02-14 15:00:00,PUMP-A01,Zone_A,3.0,1.49,59.3,1766.0,55.7,OK
2024-02-14 15:00:00,PUMP-A02,Zone_A,3.04,1.5,61.5,1831.0,68.8,OK
2024-02-14 15:00:00,PUMP-B01,Zone_B,1.89,0.95,55.5,1799.0,63.0,OK
2024-02-14 15:00:00,COMP-C01,Zone_C,3.87,1.88,74.6,3668.0,56.7,OK
2024-02-14 15:00:00,COMP-C02,Zone_C,3.28,1.47,75.4,3676.0,60.8,OK
2024-02-14 15:00:00,FAN-D01,Zone_B,1.73,0.82,47.9,1238.0,63.1,OK
2024-02-14 16:00:00,PUMP-A01,Zone_A,3.09,1.56,62.3,1749.0,51.3,OK
2024-02-14 16:00:00,PUMP-A02,Zone_A,3.09,1.6,61.2,1822.0,61.7,OK
2024-02-14 16:00:00,PUMP-B01,Zone_B,2.81,1.33,57.4,1753.0,57.1,OK
2024-02-14 16:00:00,COMP-C01,Zone_C,4.12,1.98,76.7,3642.0,55.8,OK
2024-02-14 16:00:00,COMP-C02,Zone_C,3.18,1.55,74.5,3650.0,59.3,OK
2024-02-14 16:00:00,FAN-D01,Zone_B,1.58,0.83,46.3,1206.0,54.4,OK
2024-02-14 17:00:00,PUMP-A01,Zone_A,2.97,1.66,64.2,1795.0,57.9,OK
2024-02-14 17:00:00,PUMP-A02,Zone_A,2.3,1.14,58.9,1774.0,58.0,OK
2024-02-14 17:00:00,PUMP-B01,Zone_B,1.9,1.01,55.0,1727.0,47.1,OK
2024-02-14 17:00:00,COMP-C01,Zone_C,4.06,2.02,76.9,3658.0,56.9,OK
2024-02-14 17:00:00,COMP-C02,Zone_C,3.44,1.85,76.8,3633.0,53.7,OK
2024-02-14 17:00:00,FAN-D01,Zone_B,1.36,0.53,44.5,1249.0,62.0,OK
2024-02-14 18:00:00,PUMP-A01,Zone_A,2.9,1.5,58.9,1783.0,59.0,OK
2024-02-14 18:00:00,PUMP-A02,Zone_A,2.27,1.27,58.2,1730.0,55.1,OK
2024-02-14 18:00:00,PUMP-B01,Zone_B,2.42,1.26,61.0,1721.0,48.0,OK
2024-02-14 18:00:00,COMP-C01,Zone_C,3.83,1.95,75.7,3603.0,49.9,OK
2024-02-14 18:00:00,COMP-C02,Zone_C,3.4,1.58,77.1,3639.0,56.2,OK
2024-02-14 18:00:00,FAN-D01,Zone_B,1.61,0.79,47.8,1209.0,56.2,OK
2024-02-14 19:00:00,PUMP-A01,Zone_A,2.84,1.43,58.5,1749.0,48.3,OK
2024-02-14 19:00:00,PUMP-A02,Zone_A,2.32,1.14,60.3,1800.0,58.6,OK
2024-02-14 19:00:00,PUMP-B01,Zone_B,2.31,1.12,58.0,1747.0,49.2,OK
2024-02-14 19:00:00,COMP-C01,Zone_C,3.31,1.43,76.1,3600.0,47.4,OK
2024-02-14 19:00:00,COMP-C02,Zone_C,3.14,1.6,75.8,3619.0,52.0,OK
2024-02-14 19:00:00,FAN-D01,Zone_B,1.62,0.88,44.5,1177.0,49.4,OK
2024-02-14 20:00:00,PUMP-A01,Zone_A,2.87,1.41,59.8,1764.0,55.9,OK
2024-02-14 20:00:00,PUMP-A02,Zone_A,2.66,1.4,63.6,1814.0,58.3,OK
2024-02-14 20:00:00,PUMP-B01,Zone_B,2.34,1.18,59.1,1785.0,54.7,OK
2024-02-14 20:00:00,COMP-C01,Zone_C,4.36,2.03,76.5,3627.0,55.5,OK
2024-02-14 20:00:00,COMP-C02,Zone_C,3.34,1.71,75.3,3665.0,57.6,OK
2024-02-14 20:00:00,FAN-D01,Zone_B,1.49,0.91,45.5,1199.0,45.8,OK
2024-02-14 21:00:00,PUMP-A01,Zone_A,2.93,1.63,58.3,1834.0,61.5,OK
2024-02-14 21:00:00,PUMP-A02,Zone_A,2.62,1.1,59.3,1786.0,61.8,OK
2024-02-14 21:00:00,PUMP-B01,Zone_B,2.53,1.34,62.2,1782.0,63.9,OK
2024-02-14 21:00:00,COMP-C01,Zone_C,4.09,2.04,73.5,3697.0,64.3,OK
2024-02-14 21:00:00,COMP-C02,Zone_C,3.18,1.6,74.4,3665.0,55.8,OK
2024-02-14 21:00:00,FAN-D01,Zone_B,1.41,0.65,47.4,1215.0,52.4,OK
2024-02-14 22:00:00,PUMP-A01,Zone_A,3.22,1.71,59.9,1833.0,64.8,OK
2024-02-14 22:00:00,PUMP-A02,Zone_A,2.6,1.17,58.0,1817.0,68.0,OK
2024-02-14 22:00:00,PUMP-B01,Zone_B,2.38,1.18,62.2,1864.0,69.1,OK
2024-02-14 22:00:00,COMP-C01,Zone_C,3.95,1.89,75.4,3647.0,62.8,OK
2024-02-14 22:00:00,COMP-C02,Zone_C,3.69,1.92,73.1,3669.0,60.6,OK
2024-02-14 22:00:00,FAN-D01,Zone_B,1.48,0.8,45.6,1226.0,59.0,OK
2024-02-14 23:00:00,PUMP-A01,Zone_A,3.54,1.91,62.3,1787.0,66.1,OK
2024-02-14 23:00:00,PUMP-A02,Zone_A,2.2,1.18,60.7,1781.0,64.9,OK
2024-02-14 23:00:00,PUMP-B01,Zone_B,2.09,0.94,56.8,1773.0,60.2,SUSPECT
2024-02-14 23:00:00,COMP-C01,Zone_C,3.83,1.83,76.5,3750.0,70.6,OK
2024-02-14 23:00:00,COMP-C02,Zone_C,3.55,1.74,75.2,3745.0,67.4,OK
2024-02-14 23:00:00,FAN-D01,Zone_B,2.12,0.92,49.3,1240.0,71.1,OK
2024-02-15 00:00:00,PUMP-A01,Zone_A,3.24,1.66,59.1,1802.0,68.5,OK
2024-02-15 00:00:00,PUMP-A02,Zone_A,2.46,1.31,59.4,1853.0,72.0,OK
2024-02-15 00:00:00,PUMP-B01,Zone_B,2.46,1.28,59.1,1816.0,64.2,OK
2024-02-15 00:00:00,COMP-C01,Zone_C,3.62,1.69,79.5,3742.0,70.7,OK
2024-02-15 00:00:00,COMP-C02,Zone_C,3.55,1.79,79.7,3764.0,72.1,OK
2024-02-15 00:00:00,FAN-D01,Zone_B,1.39,0.56,45.9,1241.0,64.0,SUSPECT
2024-02-15 01:00:00,PUMP-A01,Zone_A,3.56,1.82,58.2,1857.0,75.2,OK
2024-02-15 01:00:00,PUMP-A02,Zone_A,3.18,1.67,58.6,1868.0,74.6,OK
2024-02-15 01:00:00,PUMP-B01,Zone_B,2.56,1.36,60.7,1865.0,75.2,OK
2024-02-15 01:00:00,COMP-C01,Zone_C,3.63,1.65,79.3,3783.0,78.9,OK
2024-02-15 01:00:00,COMP-C02,Zone_C,3.55,1.89,80.6,3875.0,86.3,OK
2024-02-15 01:00:00,FAN-D01,Zone_B,1.48,0.83,49.1,1248.0,76.3,OK
2024-02-15 02:00:00,PUMP-A01,Zone_A,3.62,1.79,63.1,1852.0,78.8,OK
2024-02-15 02:00:00,PUMP-A02,Zone_A,2.55,1.23,62.9,1875.0,79.1,OK
2024-02-15 02:00:00,PUMP-B01,Zone_B,2.69,1.21,58.2,1815.0,61.6,OK
2024-02-15 02:00:00,COMP-C01,Zone_C,4.37,2.08,80.7,3862.0,84.7,OK
2024-02-15 02:00:00,COMP-C02,Zone_C,3.17,1.43,76.9,3715.0,68.6,OK
2024-02-15 02:00:00,FAN-D01,Zone_B,2.18,1.13,51.6,1280.0,76.6,OK
2024-02-15 03:00:00,PUMP-A01,Zone_A,3.29,1.69,62.6,1905.0,81.7,OK
2024-02-15 03:00:00,PUMP-A02,Zone_A,2.71,1.44,64.0,1878.0,80.9,OK
2024-02-15 03:00:00,PUMP-B01,Zone_B,3.09,1.45,58.9,1826.0,77.7,OK
2024-02-15 03:00:00,COMP-C01,Zone_C,4.37,2.28,80.3,3789.0,76.7,OK
2024-02-15 03:00:00,COMP-C02,Zone_C,3.02,1.69,78.8,3811.0,77.3,OK
2024-02-15 03:00:00,FAN-D01,Zone_B,2.31,1.17,47.2,1240.0,77.2,OK
2024-02-15 04:00:00,PUMP-A01,Zone_A,3.59,1.85,63.9,1875.0,85.2,OK
2024-02-15 04:00:00,PUMP-A02,Zone_A,2.88,1.55,58.5,1814.0,72.5,OK
2024-02-15 04:00:00,PUMP-B01,Zone_B,2.63,1.38,59.4,1814.0,73.1,OK
2024-02-15 04:00:00,COMP-C01,Zone_C,4.1,1.89,81.4,3820.0,82.3,OK
2024-02-15 04:00:00,COMP-C02,Zone_C,3.6,1.78,78.1,3899.0,92.0,OK
2024-02-15 04:00:00,FAN-D01,Zone_B,2.02,0.93,49.1,1280.0,82.5,OK
2024-02-15 05:00:00,PUMP-A01,Zone_A,3.37,1.77,61.4,1837.0,81.0,OK
2024-02-15 05:00:00,PUMP-A02,Zone_A,2.84,1.41,58.2,1831.0,75.3,OK
2024-02-15 05:00:00,PUMP-B01,Zone_B,3.07,1.68,60.7,1857.0,77.2,OK
2024-02-15 05:00:00,COMP-C01,Zone_C,4.42,2.29,82.7,3843.0,87.8,OK
2024-02-15 05:00:00,COMP-C02,Zone_C,2.91,1.52,78.2,3911.0,88.9,OK
2024-02-15 05:00:00,FAN-D01,Zone_B,1.81,0.85,49.0,1291.0,89.6,OK
2024-02-15 06:00:00,PUMP-A01,Zone_A,3.28,1.7,60.9,1876.0,86.2,OK
2024-02-15 06:00:00,PUMP-A02,Zone_A,2.46,1.14,62.6,1818.0,81.1,OK
2024-02-15 06:00:00,PUMP-B01,Zone_B,3.11,1.67,62.0,1853.0,88.5,OK
2024-02-15 06:00:00,COMP-C01,Zone_C,4.19,2.01,79.5,3807.0,80.9,OK
2024-02-15 06:00:00,COMP-C02,Zone_C,3.84,1.77,77.0,3857.0,81.0,OK
2024-02-15 06:00:00,FAN-D01,Zone_B,2.02,1.07,48.7,1301.0,89.3,OK
2024-02-15 07:00:00,PUMP-A01,Zone_A,3.18,1.6,59.2,1829.0,74.8,OK
2024-02-15 07:00:00,PUMP-A02,Zone_A,2.38,1.18,61.8,1869.0,80.7,OK
2024-02-15 07:00:00,PUMP-B01,Zone_B,2.92,1.59,61.5,1912.0,86.0,OK
2024-02-15 07:00:00,COMP-C01,Zone_C,4.27,2.06,82.4,3806.0,79.5,OK
2024-02-15 07:00:00,COMP-C02,Zone_C,3.77,1.96,78.0,3824.0,82.2,OK
2024-02-15 07:00:00,FAN-D01,Zone_B,2.36,1.33,52.3,1310.0,86.2,OK
2024-02-15 08:00:00,PUMP-A01,Zone_A,3.12,1.6,64.0,1846.0,83.6,OK
2024-02-15 08:00:00,PUMP-A02,Zone_A,2.28,1.06,55.1,1839.0,77.9,OK
2024-02-15 08:00:00,PUMP-B01,Zone_B,2.23,0.98,59.8,1883.0,84.3,OK
2024-02-15 08:00:00,COMP-C01,Zone_C,3.87,1.99,80.0,3852.0,83.0,OK
2024-02-15 08:00:00,COMP-C02,Zone_C,3.57,1.92,79.0,3809.0,78.8,OK
2024-02-15 08:00:00,FAN-D01,Zone_B,1.59,0.89,45.3,1268.0,79.1,OK
2024-02-15 09:00:00,PUMP-A01,Zone_A,3.02,1.57,62.5,1804.0,72.5,OK
2024-02-15 09:00:00,PUMP-A02,Zone_A,2.82,1.38,63.8,1893.0,79.4,OK
2024-02-15 09:00:00,PUMP-B01,Zone_B,2.56,1.31,56.9,1856.0,79.5,OK
2024-02-15 09:00:00,COMP-C01,Zone_C,4.22,2.18,80.5,3848.0,83.1,OK
2024-02-15 09:00:00,COMP-C02,Zone_C,3.22,1.6,76.6,3750.0,76.3,OK
2024-02-15 09:00:00,FAN-D01,Zone_B,1.81,0.86,50.8,1256.0,80.5,OK
2024-02-15 10:00:00,PUMP-A01,Zone_A,3.03,1.53,60.3,1759.0,67.4,OK
2024-02-15 10:00:00,PUMP-A02,Zone_A,2.33,1.11,58.7,1873.0,74.7,OK
2024-02-15 10:00:00,PUMP-B01,Zone_B,2.27,1.14,60.7,1809.0,75.7,OK
2024-02-15 10:00:00,COMP-C01,Zone_C,4.28,2.15,77.8,3778.0,76.7,OK
2024-02-15 10:00:00,COMP-C02,Zone_C,3.39,1.66,75.1,3821.0,78.0,OK
2024-02-15 10:00:00,FAN-D01,Zone_B,2.01,1.15,51.0,1298.0,82.2,OK
2024-02-15 11:00:00,PUMP-A01,Zone_A,3.41,1.94,63.7,1827.0,71.9,OK
2024-02-15 11:00:00,PUMP-A02,Zone_A,2.56,1.49,60.0,1876.0,78.5,OK
2024-02-15 11:00:00,PUMP-B01,Zone_B,2.24,1.18,57.5,1836.0,69.6,OK
2024-02-15 11:00:00,COMP-C01,Zone_C,4.28,2.19,79.9,3819.0,79.1,OK
2024-02-15 11:00:00,COMP-C02,Zone_C,3.17,1.46,74.1,3718.0,69.3,OK
2024-02-15 11:00:00,FAN-D01,Zone_B,1.98,0.93,49.5,1242.0,78.5,OK
2024-02-15 12:00:00,PUMP-A01,Zone_A,2.75,1.39,62.2,1826.0,74.3,OK
2024-02-15 12:00:00,PUMP-A02,Zone_A,2.43,1.07,56.2,1802.0,65.2,OK
2024-02-15 12:00:00,PUMP-B01,Zone_B,2.4,1.27,61.9,1806.0,66.4,OK
2024-02-15 12:00:00,COMP-C01,Zone_C,3.81,2.07,77.1,3794.0,76.1,OK
2024-02-15 12:00:00,COMP-C02,Zone_C,3.89,1.84,76.6,3778.0,72.1,OK
2024-02-15 12:00:00,FAN-D01,Zone_B,1.94,0.88,51.2,1312.0,74.5,OK
2024-02-15 13:00:00,PUMP-A01,Zone_A,2.88,1.39,58.5,1822.0,71.6,OK
2024-02-15 13:00:00,PUMP-A02,Zone_A,2.2,1.03,59.1,1776.0,63.0,OK
2024-02-15 13:00:00,PUMP-B01,Zone_B,2.71,1.17,59.9,1772.0,69.5,OK
2024-02-15 13:00:00,COMP-C01,Zone_C,3.59,1.94,79.3,3650.0,62.6,OK
2024-02-15 13:00:00,COMP-C02,Zone_C,3.44,1.7,73.3,3703.0,67.7,OK
2024-02-15 13:00:00,FAN-D01,Zone_B,1.71,0.82,46.6,1197.0,62.3,OK
2024-02-15 14:00:00,PUMP-A01,Zone_A,3.33,1.74,60.7,1801.0,58.4,OK
2024-02-15 14:00:00,PUMP-A02,Zone_A,2.24,1.07,57.2,1780.0,54.5,OK
2024-02-15 14:00:00,PUMP-B01,Zone_B,2.43,1.35,55.4,1750.0,60.9,OK
2024-02-15 14:00:00,COMP-C01,Zone_C,4.2,2.21,76.4,3677.0,63.1,OK
2024-02-15 14:00:00,COMP-C02,Zone_C,3.2,1.5,74.7,3604.0,54.0,OK
2024-02-15 14:00:00,FAN-D01,Zone_B,1.69,0.59,47.7,1240.0,69.6,OK
2024-02-15 15:00:00,PUMP-A01,Zone_A,3.16,1.43,59.2,1784.0,56.2,OK
2024-02-15 15:00:00,PUMP-A02,Zone_A,2.71,1.42,58.0,1751.0,56.9,OK
2024-02-15 15:00:00,PUMP-B01,Zone_B,2.36,1.16,58.6,1795.0,61.8,OK
2024-02-15 15:00:00,COMP-C01,Zone_C,3.25,1.79,69.1,3643.0,50.5,OK
2024-02-15 15:00:00,COMP-C02,Zone_C,3.03,1.48,72.9,3669.0,57.5,OK
2024-02-15 15:00:00,FAN-D01,Zone_B,1.67,0.95,47.2,1241.0,63.0,OK
2024-02-15 16:00:00,PUMP-A01,Zone_A,2.44,1.22,57.0,1776.0,52.3,OK
2024-02-15 16:00:00,PUMP-A02,Zone_A,2.23,1.08,57.5,1738.0,50.0,OK
2024-02-15 16:00:00,PUMP-B01,Zone_B,2.4,1.29,60.0,1760.0,54.6,OK
2024-02-15 16:00:00,COMP-C01,Zone_C,4.1,2.08,76.9,3669.0,58.2,OK
2024-02-15 16:00:00,COMP-C02,Zone_C,3.01,1.65,73.7,3577.0,52.4,OK
2024-02-15 16:00:00,FAN-D01,Zone_B,1.54,0.73,48.1,1204.0,58.4,OK
2024-02-15 17:00:00,PUMP-A01,Zone_A,3.02,1.43,59.3,1772.0,57.4,OK
2024-02-15 17:00:00,PUMP-A02,Zone_A,2.35,1.12,56.0,1766.0,52.8,OK
2024-02-15 17:00:00,PUMP-B01,Zone_B,2.55,1.26,56.1,1762.0,58.2,OK
2024-02-15 17:00:00,COMP-C01,Zone_C,4.1,2.0,74.3,3697.0,62.3,OK
2024-02-15 17:00:00,COMP-C02,Zone_C,3.05,1.48,73.1,3565.0,47.7,OK
2024-02-15 17:00:00,FAN-D01,Zone_B,1.77,0.99,45.8,1206.0,52.3,OK
2024-02-15 18:00:00,PUMP-A01,Zone_A,3.43,1.69,60.3,1749.0,53.7,OK
2024-02-15 18:00:00,PUMP-A02,Zone_A,1.95,0.96,59.2,1776.0,59.0,OK
2024-02-15 18:00:00,PUMP-B01,Zone_B,1.95,1.17,58.5,1729.0,55.9,OK
2024-02-15 18:00:00,COMP-C01,Zone_C,3.6,1.72,77.3,3700.0,62.4,OK
2024-02-15 18:00:00,COMP-C02,Zone_C,3.52,1.69,75.1,3643.0,57.5,OK
2024-02-15 18:00:00,FAN-D01,Zone_B,1.33,0.6,46.2,1195.0,49.9,OK
2024-02-15 19:00:00,PUMP-A01,Zone_A,3.06,1.56,56.2,1757.0,57.4,OK
2024-02-15 19:00:00,PUMP-A02,Zone_A,2.75,1.4,58.2,1732.0,48.5,OK
2024-02-15 19:00:00,PUMP-B01,Zone_B,2.17,1.08,56.1,1753.0,50.2,OK
2024-02-15 19:00:00,COMP-C01,Zone_C,4.35,2.3,78.8,3638.0,57.9,OK
2024-02-15 19:00:00,COMP-C02,Zone_C,3.12,1.52,76.2,3707.0,63.1,OK
2024-02-15 19:00:00,FAN-D01,Zone_B,1.59,0.58,46.5,1207.0,54.7,OK
2024-02-15 20:00:00,PUMP-A01,Zone_A,3.0,1.6,57.6,1794.0,56.6,OK
2024-02-15 20:00:00,PUMP-A02,Zone_A,2.19,1.03,59.4,1772.0,59.2,OK
2024-02-15 20:00:00,PUMP-B01,Zone_B,2.11,1.05,61.2,1788.0,58.1,OK
2024-02-15 20:00:00,COMP-C01,Zone_C,4.35,2.18,78.0,3693.0,62.3,OK
2024-02-15 20:00:00,COMP-C02,Zone_C,3.53,1.83,75.2,3642.0,54.7,OK
2024-02-15 20:00:00,FAN-D01,Zone_B,2.24,1.09,45.9,1188.0,49.6,OK
2024-02-15 21:00:00,PUMP-A01,Zone_A,3.1,1.5,60.0,1808.0,58.0,OK
2024-02-15 21:00:00,PUMP-A02,Zone_A,2.34,1.11,61.1,1814.0,63.5,OK
2024-02-15 21:00:00,PUMP-B01,Zone_B,2.31,1.11,59.1,1776.0,54.7,OK
2024-02-15 21:00:00,COMP-C01,Zone_C,3.64,1.9,73.5,3710.0,65.8,OK
2024-02-15 21:00:00,COMP-C02,Zone_C,3.07,1.59,73.9,3620.0,60.4,OK
2024-02-15 21:00:00,FAN-D01,Zone_B,1.76,0.92,48.8,1227.0,56.5,OK
2024-02-15 22:00:00,PUMP-A01,Zone_A,3.14,1.48,57.8,1782.0,56.5,OK
2024-02-15 22:00:00,PUMP-A02,Zone_A,2.35,1.17,61.6,1804.0,64.4,OK
2024-02-15 22:00:00,PUMP-B01,Zone_B,2.84,1.34,59.4,1795.0,57.8,OK
2024-02-15 22:00:00,COMP-C01,Zone_C,4.03,2.13,77.9,3702.0,67.1,OK
2024-02-15 22:00:00,COMP-C02,Zone_C,2.91,1.49,73.9,3734.0,64.1,OK
2024-02-15 22:00:00,FAN-D01,Zone_B,1.81,0.93,45.0,1229.0,58.1,OK
2024-02-15 23:00:00,PUMP-A01,Zone_A,3.35,1.66,60.1,1858.0,75.6,OK
2024-02-15 23:00:00,PUMP-A02,Zone_A,2.84,1.32,60.8,1833.0,72.1,OK
2024-02-15 23:00:00,PUMP-B01,Zone_B,2.51,1.4,61.6,1825.0,71.7,OK
2024-02-15 23:00:00,COMP-C01,Zone_C,3.68,1.85,76.9,3729.0,69.8,OK
2024-02-15 23:00:00,COMP-C02,Zone_C,3.67,1.91,78.7,3722.0,67.0,OK
2024-02-15 23:00:00,FAN-D01,Zone_B,2.3,1.18,48.6,1202.0,59.4,OK
2024-02-16 00:00:00,PUMP-A01,Zone_A,2.92,1.46,60.0,1786.0,68.7,OK
2024-02-16 00:00:00,PUMP-A02,Zone_A,2.77,1.28,60.3,1866.0,76.6,OK
2024-02-16 00:00:00,PUMP-B01,Zone_B,2.57,1.31,60.1,1843.0,75.8,OK
2024-02-16 00:00:00,COMP-C01,Zone_C,4.07,1.96,77.9,3695.0,65.7,OK
2024-02-16 00:00:00,COMP-C02,Zone_C,3.34,1.79,73.3,3768.0,70.8,OK
2024-02-16 00:00:00,FAN-D01,Zone_B,2.19,0.94,47.4,1248.0,77.7,OK
2024-02-16 01:00:00,PUMP-A01,Zone_A,3.75,1.78,62.7,1804.0,71.9,OK
2024-02-16 01:00:00,PUMP-A02,Zone_A,2.44,1.31,58.7,1849.0,75.0,OK
2024-02-16 01:00:00,PUMP-B01,Zone_B,1.97,0.91,57.3,1835.0,70.0,OK
2024-02-16 01:00:00,COMP-C01,Zone_C,4.22,2.14,71.9,3733.0,68.4,OK
2024-02-16 01:00:00,COMP-C02,Zone_C,3.51,1.56,79.2,3839.0,80.4,OK
2024-02-16 01:00:00,FAN-D01,Zone_B,2.0,0.93,44.0,1230.0,69.1,OK
2024-02-16 02:00:00,PUMP-A01,Zone_A,3.87,2.0,63.4,1833.0,76.5,OK
2024-02-16 02:00:00,PUMP-A02,Zone_A,2.44,1.09,58.4,1780.0,63.7,OK
2024-02-16 02:00:00,PUMP-B01,Zone_B,2.4,1.13,60.6,1884.0,79.8,OK
2024-02-16 02:00:00,COMP-C01,Zone_C,3.87,2.09,76.1,3795.0,75.0,OK
2024-02-16 02:00:00,COMP-C02,Zone_C,3.35,1.81,78.6,3831.0,81.5,OK
2024-02-16 02:00:00,FAN-D01,Zone_B,1.74,0.87,47.7,1263.0,71.3,OK
2024-02-16 03:00:00,PUMP-A01,Zone_A,3.25,1.6,60.5,1820.0,74.4,OK
2024-02-16 03:00:00,PUMP-A02,Zone_A,2.58,1.21,63.4,1863.0,88.2,OK
2024-02-16 03:00:00,PUMP-B01,Zone_B,2.66,1.27,60.0,1868.0,82.3,OK
2024-02-16 03:00:00,COMP-C01,Zone_C,4.52,2.2,81.8,3846.0,79.8,OK
2024-02-16 03:00:00,COMP-C02,Zone_C,3.53,1.8,79.7,3805.0,77.0,OK
2024-02-16 03:00:00,FAN-D01,Zone_B,1.75,0.89,46.8,1276.0,84.7,OK
2024-02-16 04:00:00,PUMP-A01,Zone_A,3.64,1.87,62.8,1842.0,74.1,OK
2024-02-16 04:00:00,PUMP-A02,Zone_A,2.73,1.4,63.9,1898.0,90.7,OK
2024-02-16 04:00:00,PUMP-B01,Zone_B,2.76,1.36,60.2,1819.0,77.5,OK
2024-02-16 04:00:00,COMP-C01,Zone_C,3.59,1.83,80.9,3792.0,76.7,OK
2024-02-16 04:00:00,COMP-C02,Zone_C,3.56,1.76,79.3,3907.0,89.2,OK
2024-02-16 04:00:00,FAN-D01,Zone_B,1.77,0.93,50.9,1313.0,90.0,OK
2024-02-16 05:00:00,PUMP-A01,Zone_A,3.09,1.43,61.5,1868.0,85.1,OK
2024-02-16 05:00:00,PUMP-A02,Zone_A,2.65,1.51,63.6,1835.0,79.6,OK
2024-02-16 05:00:00,PUMP-B01,Zone_B,3.01,1.62,62.3,1869.0,87.0,SUSPECT
2024-02-16 05:00:00,COMP-C01,Zone_C,4.34,2.16,80.9,3892.0,88.1,OK
2024-02-16 05:00:00,COMP-C02,Zone_C,3.31,1.7,80.1,3847.0,84.1,OK
2024-02-16 05:00:00,FAN-D01,Zone_B,2.03,0.98,49.6,1307.0,83.8,OK
2024-02-16 06:00:00,PUMP-A01,Zone_A,3.52,1.77,64.6,1883.0,86.7,OK
2024-02-16 06:00:00,PUMP-A02,Zone_A,2.51,1.32,61.9,1891.0,93.3,OK
2024-02-16 06:00:00,PUMP-B01,Zone_B,2.11,1.26,60.0,1893.0,91.3,OK
2024-02-16 06:00:00,COMP-C01,Zone_C,4.87,2.47,78.2,3844.0,86.0,OK
2024-02-16 06:00:00,COMP-C02,Zone_C,3.73,1.79,75.1,3973.0,98.7,OK
2024-02-16 06:00:00,FAN-D01,Zone_B,2.44,1.39,50.5,1288.0,88.4,OK
2024-02-16 07:00:00,PUMP-A01,Zone_A,3.02,1.53,61.9,1892.0,84.2,OK
2024-02-16 07:00:00,PUMP-A02,Zone_A,2.61,1.14,60.4,1870.0,90.4,OK
2024-02-16 07:00:00,PUMP-B01,Zone_B,2.42,1.3,55.0,1865.0,86.3,OK
2024-02-16 07:00:00,COMP-C01,Zone_C,4.0,2.16,78.0,3816.0,82.3,OK
2024-02-16 07:00:00,COMP-C02,Zone_C,4.26,2.16,84.1,3855.0,88.0,OK
2024-02-16 07:00:00,FAN-D01,Zone_B,2.09,0.85,46.2,1294.0,83.2,OK
2024-02-16 08:00:00,PUMP-A01,Zone_A,2.58,1.34,62.9,1862.0,87.1,OK
2024-02-16 08:00:00,PUMP-A02,Zone_A,2.76,1.41,61.0,1893.0,86.4,OK
2024-02-16 08:00:00,PUMP-B01,Zone_B,2.68,1.32,61.9,1905.0,86.5,OK
2024-02-16 08:00:00,COMP-C01,Zone_C,3.95,2.12,81.9,3787.0,77.0,OK
2024-02-16 08:00:00,COMP-C02,Zone_C,3.3,1.61,80.1,3752.0,75.2,OK
2024-02-16 08:00:00,FAN-D01,Zone_B,2.63,1.35,52.7,1277.0,82.4,OK
2024-02-16 09:00:00,PUMP-A01,Zone_A,3.52,1.78,63.8,1881.0,77.2,OK
2024-02-16 09:00:00,PUMP-A02,Zone_A,2.52,1.34,59.1,1880.0,81.5,OK
2024-02-16 09:00:00,PUMP-B01,Zone_B,2.34,1.09,56.8,1855.0,77.1,OK
2024-02-16 09:00:00,COMP-C01,Zone_C,3.81,1.92,80.0,3861.0,82.7,OK
2024-02-16 09:00:00,COMP-C02,Zone_C,3.7,1.73,74.0,3768.0,77.3,OK
2024-02-16 09:00:00,FAN-D01,Zone_B,1.81,0.84,47.9,1254.0,87.1,OK
2024-02-16 10:00:00,PUMP-A01,Zone_A,3.06,1.55,60.2,1842.0,70.8,OK
2024-02-16 10:00:00,PUMP-A02,Zone_A,2.29,1.22,62.8,1876.0,87.6,OK
2024-02-16 10:00:00,PUMP-B01,Zone_B,3.06,1.54,63.4,1848.0,82.5,OK
2024-02-16 10:00:00,COMP-C01,Zone_C,4.42,2.32,80.2,3854.0,84.9,OK
2024-02-16 10:00:00,COMP-C02,Zone_C,3.69,1.9,82.0,3776.0,73.6,OK
2024-02-16 10:00:00,FAN-D01,Zone_B,1.87,1.03,49.2,1285.0,77.7,OK
2024-02-16 11:00:00,PUMP-A01,Zone_A,2.71,1.19,57.5,1838.0,77.5,OK
2024-02-16 11:00:00,PUMP-A02,Zone_A,2.47,1.35,60.7,1847.0,73.4,OK
2024-02-16 11:00:00,PUMP-B01,Zone_B,2.53,1.18,61.1,1834.0,76.0,OK
2024-02-16 11:00:00,COMP-C01,Zone_C,4.05,1.93,80.4,3720.0,66.0,OK
2024-02-16 11:00:00,COMP-C02,Zone_C,4.05,2.02,77.1,3771.0,72.3,OK
2024-02-16 11:00:00,FAN-D01,Zone_B,2.37,1.12,49.1,1309.0,84.0,OK
2024-02-16 12:00:00,PUMP-A01,Zone_A,3.07,1.68,60.7,1843.0,72.9,SUSPECT
2024-02-16 12:00:00,PUMP-A02,Zone_A,2.23,1.05,57.8,1778.0,68.7,OK
2024-02-16 12:00:00,PUMP-B01,Zone_B,2.36,1.15,62.4,1846.0,79.4,OK
2024-02-16 12:00:00,COMP-C01,Zone_C,3.75,1.82,75.4,3770.0,73.3,OK
2024-02-16 12:00:00,COMP-C02,Zone_C,3.2,1.67,81.4,3755.0,73.2,OK
2024-02-16 12:00:00,FAN-D01,Zone_B,1.48,0.71,52.0,1257.0,72.7,OK
2024-02-16 13:00:00,PUMP-A01,Zone_A,3.62,1.94,62.3,1820.0,67.2,OK
2024-02-16 13:00:00,PUMP-A02,Zone_A,2.93,1.5,61.7,1795.0,65.9,OK
2024-02-16 13:00:00,PUMP-B01,Zone_B,2.33,1.16,57.3,1821.0,68.9,OK
2024-02-16 13:00:00,COMP-C01,Zone_C,3.42,1.71,78.2,3756.0,68.8,OK
2024-02-16 13:00:00,COMP-C02,Zone_C,3.32,1.81,76.2,3669.0,57.2,OK
2024-02-16 13:00:00,FAN-D01,Zone_B,1.8,0.96,45.9,1235.0,67.3,OK
2024-02-16 14:00:00,PUMP-A01,Zone_A,3.02,1.51,64.8,1777.0,61.0,OK
2024-02-16 14:00:00,PUMP-A02,Zone_A,2.21,1.12,63.5,1791.0,60.9,OK
2024-02-16 14:00:00,PUMP-B01,Zone_B,2.35,1.06,60.2,1784.0,65.7,OK
2024-02-16 14:00:00,COMP-C01,Zone_C,4.49,2.05,78.9,3662.0,62.7,OK
2024-02-16 14:00:00,COMP-C02,Zone_C,3.27,1.69,78.8,3625.0,52.4,OK
2024-02-16 14:00:00,FAN-D01,Zone_B,1.87,0.98,51.7,1213.0,64.1,OK
2024-02-16 15:00:00,PUMP-A01,Zone_A,2.92,1.46,57.3,1802.0,57.4,OK
2024-02-16 15:00:00,PUMP-A02,Zone_A,1.57,0.66,61.7,1808.0,57.7,OK
2024-02-16 15:00:00,PUMP-B01,Zone_B,3.19,1.58,59.2,1776.0,59.9,OK
2024-02-16 15:00:00,COMP-C01,Zone_C,4.11,2.13,78.4,3604.0,55.6,OK
2024-02-16 15:00:00,COMP-C02,Zone_C,3.86,1.78,76.0,3740.0,69.9,OK
2024-02-16 15:00:00,FAN-D01,Zone_B,2.2,1.12,46.9,1247.0,54.3,OK
2024-02-16 16:00:00,PUMP-A01,Zone_A,3.15,1.52,57.8,1801.0,62.5,OK
2024-02-16 16:00:00,PUMP-A02,Zone_A,2.48,1.23,56.9,1810.0,58.5,OK
2024-02-16 16:00:00,PUMP-B01,Zone_B,2.24,1.09,57.7,1817.0,62.6,OK
2024-02-16 16:00:00,COMP-C01,Zone_C,3.88,2.09,77.7,3618.0,52.5,OK
2024-02-16 16:00:00,COMP-C02,Zone_C,3.32,1.87,73.4,3611.0,54.2,OK
2024-02-16 16:00:00,FAN-D01,Zone_B,1.43,0.87,48.1,1216.0,60.6,OK
2024-02-16 17:00:00,PUMP-A01,Zone_A,3.26,1.54,62.2,1775.0,56.0,OK
2024-02-16 17:00:00,PUMP-A02,Zone_A,2.8,1.46,61.5,1765.0,59.6,OK
2024-02-16 17:00:00,PUMP-B01,Zone_B,3.08,1.56,62.8,1776.0,58.7,OK
2024-02-16 17:00:00,COMP-C01,Zone_C,4.44,2.25,81.0,3620.0,53.4,OK
2024-02-16 17:00:00,COMP-C02,Zone_C,3.14,1.67,77.6,3658.0,58.2,OK
2024-02-16 17:00:00,FAN-D01,Zone_B,1.16,0.62,45.4,1190.0,47.3,OK
2024-02-16 18:00:00,PUMP-A01,Zone_A,3.26,1.57,61.8,1766.0,62.9,OK
2024-02-16 18:00:00,PUMP-A02,Zone_A,1.97,1.0,53.3,1724.0,46.2,OK
2024-02-16 18:00:00,PUMP-B01,Zone_B,1.99,0.99,55.0,1768.0,59.5,OK
2024-02-16 18:00:00,COMP-C01,Zone_C,4.16,1.99,78.9,3595.0,51.5,OK
2024-02-16 18:00:00,COMP-C02,Zone_C,3.46,1.88,74.7,3550.0,44.1,OK
2024-02-16 18:00:00,FAN-D01,Zone_B,1.46,0.59,46.8,1224.0,61.9,OK
2024-02-16 19:00:00,PUMP-A01,Zone_A,3.52,1.67,66.1,1790.0,61.6,OK
2024-02-16 19:00:00,PUMP-A02,Zone_A,2.61,1.46,57.9,1755.0,54.3,OK
2024-02-16 19:00:00,PUMP-B01,Zone_B,1.99,0.99,55.6,1720.0,51.1,OK
2024-02-16 19:00:00,COMP-C01,Zone_C,3.72,1.89,77.5,3612.0,54.1,OK
2024-02-16 19:00:00,COMP-C02,Zone_C,3.69,1.88,73.9,3620.0,53.6,OK
2024-02-16 19:00:00,FAN-D01,Zone_B,1.92,0.98,46.3,1263.0,58.3,OK
2024-02-16 20:00:00,PUMP-A01,Zone_A,3.27,1.39,58.3,1750.0,54.2,OK
2024-02-16 20:00:00,PUMP-A02,Zone_A,2.8,1.53,62.0,1825.0,64.1,OK
2024-02-16 20:00:00,PUMP-B01,Zone_B,2.42,1.08,56.7,1784.0,58.9,OK
2024-02-16 20:00:00,COMP-C01,Zone_C,4.04,2.1,75.9,3682.0,60.8,OK
2024-02-16 20:00:00,COMP-C02,Zone_C,3.29,1.73,74.8,3613.0,53.3,OK
2024-02-16 20:00:00,FAN-D01,Zone_B,1.64,0.81,49.7,1238.0,57.2,OK
2024-02-16 21:00:00,PUMP-A01,Zone_A,2.74,1.26,56.1,1774.0,55.2,OK
2024-02-16 21:00:00,PUMP-A02,Zone_A,1.9,0.82,57.3,1744.0,55.5,OK
2024-02-16 21:00:00,PUMP-B01,Zone_B,2.48,1.18,59.6,1787.0,57.3,OK
2024-02-16 21:00:00,COMP-C01,Zone_C,3.71,1.74,75.7,3738.0,67.1,OK
2024-02-16 21:00:00,COMP-C02,Zone_C,3.25,1.64,74.6,3723.0,65.1,OK
2024-02-16 21:00:00,FAN-D01,Zone_B,1.92,1.04,43.1,1222.0,51.4,OK
2024-02-16 22:00:00,PUMP-A01,Zone_A,2.95,1.5,61.6,1808.0,67.9,OK
2024-02-16 22:00:00,PUMP-A02,Zone_A,2.63,1.53,61.8,1791.0,66.9,OK
2024-02-16 22:00:00,PUMP-B01,Zone_B,2.31,1.18,56.9,1778.0,61.6,OK
2024-02-16 22:00:00,COMP-C01,Zone_C,3.97,1.94,74.4,3639.0,61.0,OK
2024-02-16 22:00:00,COMP-C02,Zone_C,3.19,1.45,76.9,3667.0,62.2,OK
2024-02-16 22:00:00,FAN-D01,Zone_B,1.65,0.83,47.9,1221.0,55.9,OK
2024-02-16 23:00:00,PUMP-A01,Zone_A,3.15,1.79,59.3,1817.0,60.5,OK
2024-02-16 23:00:00,PUMP-A02,Zone_A,2.53,1.38,60.3,1889.0,72.5,OK
2024-02-16 23:00:00,PUMP-B01,Zone_B,2.84,1.39,61.4,1820.0,74.6,OK
2024-02-16 23:00:00,COMP-C01,Zone_C,4.14,2.11,80.4,3726.0,66.5,OK
2024-02-16 23:00:00,COMP-C02,Zone_C,3.85,1.95,72.9,3652.0,54.4,OK
2024-02-16 23:00:00,FAN-D01,Zone_B,1.63,0.84,50.8,1276.0,69.8,OK
2024-02-17 00:00:00,PUMP-A01,Zone_A,3.19,1.53,62.4,1838.0,70.9,OK
2024-02-17 00:00:00,PUMP-A02,Zone_A,2.42,1.15,57.8,1771.0,64.4,OK
2024-02-17 00:00:00,PUMP-B01,Zone_B,2.76,1.51,59.6,1825.0,65.1,OK
2024-02-17 00:00:00,COMP-C01,Zone_C,4.27,2.3,78.4,3725.0,67.8,OK
2024-02-17 00:00:00,COMP-C02,Zone_C,3.68,1.77,76.9,3760.0,70.0,OK
2024-02-17 00:00:00,FAN-D01,Zone_B,2.02,1.08,49.1,1258.0,65.0,OK
2024-02-17 01:00:00,PUMP-A01,Zone_A,3.32,1.64,63.6,1897.0,78.6,OK
2024-02-17 01:00:00,PUMP-A02,Zone_A,1.95,0.73,58.1,1831.0,73.0,OK
2024-02-17 01:00:00,PUMP-B01,Zone_B,3.2,1.45,66.4,1832.0,75.3,OK
2024-02-17 01:00:00,COMP-C01,Zone_C,4.41,2.05,80.6,3794.0,80.8,OK
2024-02-17 01:00:00,COMP-C02,Zone_C,3.24,1.71,76.2,3751.0,71.2,OK
2024-02-17 01:00:00,FAN-D01,Zone_B,1.85,0.85,48.6,1253.0,75.9,OK
2024-02-17 02:00:00,PUMP-A01,Zone_A,4.05,2.06,64.7,1843.0,84.5,OK
2024-02-17 02:00:00,PUMP-A02,Zone_A,2.74,1.28,62.1,1862.0,74.8,OK
2024-02-17 02:00:00,PUMP-B01,Zone_B,2.54,1.46,59.6,1814.0,67.1,OK
2024-02-17 02:00:00,COMP-C01,Zone_C,4.36,2.12,82.5,3801.0,79.4,OK
2024-02-17 02:00:00,COMP-C02,Zone_C,3.27,1.67,75.7,3719.0,66.6,OK
2024-02-17 02:00:00,FAN-D01,Zone_B,2.19,1.08,50.0,1260.0,72.4,OK
2024-02-17 03:00:00,PUMP-A01,Zone_A,3.37,1.71,65.4,1897.0,87.0,OK
2024-02-17 03:00:00,PUMP-A02,Zone_A,2.43,1.16,57.9,1849.0,78.7,OK
2024-02-17 03:00:00,PUMP-B01,Zone_B,2.42,1.11,62.4,1861.0,87.2,OK
2024-02-17 03:00:00,COMP-C01,Zone_C,4.44,2.18,79.1,3785.0,73.0,OK
2024-02-17 03:00:00,COMP-C02,Zone_C,3.27,1.84,77.8,3867.0,86.8,OK
2024-02-17 03:00:00,FAN-D01,Zone_B,2.08,1.04,50.4,1242.0,81.8,OK
2024-02-17 04:00:00,PUMP-A01,Zone_A,3.44,1.72,66.6,1842.0,83.6,OK
2024-02-17 04:00:00,PUMP-A02,Zone_A,2.42,1.23,63.7,1888.0,88.0,OK
2024-02-17 04:00:00,PUMP-B01,Zone_B,2.71,1.29,56.5,1898.0,78.0,OK
2024-02-17 04:00:00,COMP-C01,Zone_C,3.78,1.76,80.4,3857.0,86.9,OK
2024-02-17 04:00:00,COMP-C02,Zone_C,3.68,1.96,80.5,3880.0,88.7,OK
2024-02-17 04:00:00,FAN-D01,Zone_B,1.95,0.84,52.7,1252.0,79.0,OK
2024-02-17 05:00:00,PUMP-A01,Zone_A,3.67,1.98,64.3,1877.0,84.2,OK
2024-02-17 05:00:00,PUMP-A02,Zone_A,3.0,1.39,59.5,1872.0,82.3,OK
2024-02-17 05:00:00,PUMP-B01,Zone_B,2.87,1.38,65.2,1917.0,94.3,OK
2024-02-17 05:00:00,COMP-C01,Zone_C,3.73,1.92,77.4,3816.0,76.9,OK
2024-02-17 05:00:00,COMP-C02,Zone_C,3.65,1.78,77.3,3858.0,83.1,OK
2024-02-17 05:00:00,FAN-D01,Zone_B,2.32,0.98,51.1,1258.0,74.6,OK
2024-02-17 06:00:00,PUMP-A01,Zone_A,3.87,1.84,66.1,1904.0,89.8,OK
2024-02-17 06:00:00,PUMP-A02,Zone_A,3.08,1.5,59.5,1861.0,82.4,OK
2024-02-17 06:00:00,PUMP-B01,Zone_B,2.52,1.27,61.2,1840.0,79.5,OK
2024-02-17 06:00:00,COMP-C01,Zone_C,4.26,2.22,80.1,3836.0,84.9,OK
2024-02-17 06:00:00,COMP-C02,Zone_C,3.76,1.97,79.5,3856.0,84.2,OK
2024-02-17 06:00:00,FAN-D01,Zone_B,2.14,0.97,52.0,1281.0,89.2,OK
2024-02-17 07:00:00,PUMP-A01,Zone_A,3.76,1.86,64.0,1843.0,78.6,OK
2024-02-17 07:00:00,PUMP-A02,Zone_A,2.18,0.91,56.6,1837.0,74.7,OK
2024-02-17 07:00:00,PUMP-B01,Zone_B,2.56,1.23,61.2,1891.0,89.5,OK
2024-02-17 07:00:00,COMP-C01,Zone_C,3.8,1.73,77.0,3833.0,85.3,OK
2024-02-17 07:00:00,COMP-C02,Zone_C,3.43,1.73,79.6,3864.0,84.8,OK
2024-02-17 07:00:00,FAN-D01,Zone_B,1.85,0.98,49.0,1291.0,92.7,OK
2024-02-17 08:00:00,PUMP-A01,Zone_A,2.82,1.27,58.5,1895.0,82.3,OK
2024-02-17 08:00:00,PUMP-A02,Zone_A,3.14,1.58,59.6,1855.0,89.0,OK
2024-02-17 08:00:00,PUMP-B01,Zone_B,2.23,1.14,62.8,1859.0,77.1,OK
2024-02-17 08:00:00,COMP-C01,Zone_C,4.39,2.15,80.0,3871.0,87.9,OK
2024-02-17 08:00:00,COMP-C02,Zone_C,3.2,1.75,77.2,3791.0,75.3,OK
2024-02-17 08:00:00,FAN-D01,Zone_B,2.02,1.11,52.4,1311.0,87.9,OK
2024-02-17 09:00:00,PUMP-A01,Zone_A,3.32,1.64,64.0,1816.0,74.0,OK
2024-02-17 09:00:00,PUMP-A02,Zone_A,2.22,1.06,59.3,1859.0,73.9,OK
2024-02-17 09:00:00,PUMP-B01,Zone_B,2.26,1.22,62.2,1835.0,76.5,OK
2024-02-17 09:00:00,COMP-C01,Zone_C,4.33,2.16,80.4,3885.0,89.0,OK
2024-02-17 09:00:00,COMP-C02,Zone_C,3.54,1.89,77.4,3824.0,81.6,OK
2024-02-17 09:00:00,FAN-D01,Zone_B,2.11,1.04,52.4,1274.0,87.3,OK
2024-02-17 10:00:00,PUMP-A01,Zone_A,3.56,1.74,62.9,1848.0,80.0,OK
2024-02-17 10:00:00,PUMP-A02,Zone_A,2.44,1.24,61.6,1822.0,71.1,OK
2024-02-17 10:00:00,PUMP-B01,Zone_B,2.7,1.45,59.5,1872.0,77.9,OK
2024-02-17 10:00:00,COMP-C01,Zone_C,4.4,2.01,82.2,3802.0,79.8,OK
2024-02-17 10:00:00,COMP-C02,Zone_C,3.65,1.66,76.4,3694.0,71.0,OK
2024-02-17 10:00:00,FAN-D01,Zone_B,2.13,1.06,52.3,1303.0,81.7,OK
2024-02-17 11:00:00,PUMP-A01,Zone_A,3.82,1.85,60.8,1863.0,78.2,OK
2024-02-17 11:00:00,PUMP-A02,Zone_A,2.79,1.39,61.2,1839.0,75.4,OK
2024-02-17 11:00:00,PUMP-B01,Zone_B,2.57,1.38,60.7,1827.0,68.8,OK
2024-02-17 11:00:00,COMP-C01,Zone_C,4.36,2.05,79.5,3796.0,77.6,OK
2024-02-17 11:00:00,COMP-C02,Zone_C,3.47,1.64,78.9,3736.0,70.6,OK
2024-02-17 11:00:00,FAN-D01,Zone_B,1.98,1.06,47.7,1229.0,69.5,OK
2024-02-17 12:00:00,PUMP-A01,Zone_A,2.97,1.46,61.2,1808.0,68.4,OK
2024-02-17 12:00:00,PUMP-A02,Zone_A,2.43,1.16,59.9,1792.0,68.9,OK
2024-02-17 12:00:00,PUMP-B01,Zone_B,2.87,1.36,60.6,1831.0,72.6,OK
2024-02-17 12:00:00,COMP-C01,Zone_C,3.94,1.85,78.0,3652.0,64.7,OK
2024-02-17 12:00:00,COMP-C02,Zone_C,3.37,1.67,79.7,3722.0,67.2,OK
2024-02-17 12:00:00,FAN-D01,Zone_B,1.81,1.03,44.4,1245.0,70.5,OK
2024-02-17 13:00:00,PUMP-A01,Zone_A,3.92,1.96,63.7,1821.0,72.8,OK
2024-02-17 13:00:00,PUMP-A02,Zone_A,2.37,1.26,57.6,1758.0,64.8,OK
2024-02-17 13:00:00,PUMP-B01,Zone_B,2.48,1.23,60.6,1836.0,72.1,OK
2024-02-17 13:00:00,COMP-C01,Zone_C,4.01,2.09,77.6,3679.0,62.0,OK
2024-02-17 13:00:00,COMP-C02,Zone_C,2.92,1.47,76.6,3660.0,60.6,OK
2024-02-17 13:00:00,FAN-D01,Zone_B,1.91,1.02,52.0,1244.0,72.8,OK
2024-02-17 14:00:00,PUMP-A01,Zone_A,2.1,0.91,54.8,1784.0,63.3,OK
2024-02-17 14:00:00,PUMP-A02,Zone_A,2.61,1.3,55.2,1738.0,55.3,OK
2024-02-17 14:00:00,PUMP-B01,Zone_B,1.88,1.09,59.3,1815.0,67.5,OK
2024-02-17 14:00:00,COMP-C01,Zone_C,3.95,1.98,77.3,3681.0,61.9,OK
2024-02-17 14:00:00,COMP-C02,Zone_C,3.33,1.56,78.4,3679.0,63.9,OK
2024-02-17 14:00:00,FAN-D01,Zone_B,1.39,0.55,48.7,1216.0,54.6,OK
2024-02-17 15:00:00,PUMP-A01,Zone_A,3.49,1.86,59.7,1779.0,55.8,OK
2024-02-17 15:00:00,PUMP-A02,Zone_A,2.86,1.47,61.4,1800.0,65.7,OK
2024-02-17 15:00:00,PUMP-B01,Zone_B,3.22,1.67,61.6,1826.0,64.7,OK
2024-02-17 15:00:00,COMP-C01,Zone_C,4.05,2.13,77.3,3712.0,66.2,OK
2024-02-17 15:00:00,COMP-C02,Zone_C,3.21,1.55,77.1,3656.0,54.6,OK
2024-02-17 15:00:00,FAN-D01,Zone_B,1.5,0.75,46.6,1200.0,56.3,OK
2024-02-17 16:00:00,PUMP-A01,Zone_A,3.32,1.48,62.9,1796.0,56.4,OK
2024-02-17 16:00:00,PUMP-A02,Zone_A,2.54,1.33,59.1,1797.0,66.5,OK
2024-02-17 16:00:00,PUMP-B01,Zone_B,2.25,0.98,59.9,1781.0,61.5,OK
2024-02-17 16:00:00,COMP-C01,Zone_C,3.89,1.97,77.1,3651.0,55.1,OK
2024-02-17 16:00:00,COMP-C02,Zone_C,2.93,1.41,74.5,3709.0,61.2,OK
2024-02-17 16:00:00,FAN-D01,Zone_B,1.48,0.76,47.3,1167.0,52.1,OK
2024-02-17 17:00:00,PUMP-A01,Zone_A,3.22,1.58,61.1,1730.0,58.3,OK
2024-02-17 17:00:00,PUMP-A02,Zone_A,2.35,1.31,58.8,1734.0,49.6,OK
2024-02-17 17:00:00,PUMP-B01,Zone_B,2.37,1.21,58.5,1786.0,58.4,OK
2024-02-17 17:00:00,COMP-C01,Zone_C,4.1,2.13,76.1,3631.0,53.6,OK
2024-02-17 17:00:00,COMP-C02,Zone_C,3.41,1.55,75.8,3604.0,50.7,OK
2024-02-17 17:00:00,FAN-D01,Zone_B,1.48,1.01,45.6,1194.0,50.7,OK
2024-02-17 18:00:00,PUMP-A01,Zone_A,3.32,1.58,58.7,1807.0,64.6,OK
2024-02-17 18:00:00,PUMP-A02,Zone_A,1.98,1.11,59.9,1787.0,58.1,OK
2024-02-17 18:00:00,PUMP-B01,Zone_B,2.16,0.95,57.7,1758.0,53.1,OK
2024-02-17 18:00:00,COMP-C01,Zone_C,3.47,1.68,77.8,3701.0,60.5,OK
2024-02-17 18:00:00,COMP-C02,Zone_C,3.36,1.69,79.0,3628.0,55.2,OK
2024-02-17 18:00:00,FAN-D01,Zone_B,1.93,0.92,48.7,1210.0,57.8,OK
2024-02-17 19:00:00,PUMP-A01,Zone_A,3.07,1.51,59.4,1779.0,51.9,OK
2024-02-17 19:00:00,PUMP-A02,Zone_A,1.99,1.06,58.3,1803.0,56.6,OK
2024-02-17 19:00:00,PUMP-B01,Zone_B,2.95,1.42,57.4,1794.0,57.4,OK
2024-02-17 19:00:00,COMP-C01,Zone_C,3.91,2.06,75.5,3667.0,58.8,OK
2024-02-17 19:00:00,COMP-C02,Zone_C,3.12,1.61,72.4,3627.0,51.8,OK
2024-02-17 19:00:00,FAN-D01,Zone_B,1.86,0.93,46.0,1224.0,55.4,OK
2024-02-17 20:00:00,PUMP-A01,Zone_A,3.24,1.43,61.0,1769.0,54.5,OK
2024-02-17 20:00:00,PUMP-A02,Zone_A,1.9,0.9,59.4,1763.0,52.3,OK
2024-02-17 20:00:00,PUMP-B01,Zone_B,2.33,1.21,60.1,1771.0,54.9,OK
2024-02-17 20:00:00,COMP-C01,Zone_C,3.85,1.93,78.6,3661.0,58.7,OK
2024-02-17 20:00:00,COMP-C02,Zone_C,3.43,1.65,78.5,3710.0,60.4,OK
2024-02-17 20:00:00,FAN-D01,Zone_B,1.75,1.02,42.2,1252.0,63.8,OK
2024-02-17 21:00:00,PUMP-A01,Zone_A,3.01,1.42,62.9,1811.0,61.7,OK
2024-02-17 21:00:00,PUMP-A02,Zone_A,2.6,1.29,61.2,1822.0,60.9,OK
2024-02-17 21:00:00,PUMP-B01,Zone_B,2.5,1.28,63.8,1806.0,66.3,OK
2024-02-17 21:00:00,COMP-C01,Zone_C,4.41,2.42,76.5,3629.0,53.2,OK
2024-02-17 21:00:00,COMP-C02,Zone_C,3.44,1.62,80.4,3707.0,65.6,OK
2024-02-17 21:00:00,FAN-D01,Zone_B,1.32,0.62,49.3,1199.0,58.5,OK
2024-02-17 22:00:00,PUMP-A01,Zone_A,3.42,1.72,59.6,1808.0,69.7,OK
2024-02-17 22:00:00,PUMP-A02,Zone_A,2.58,1.32,55.0,1786.0,55.4,OK
2024-02-17 22:00:00,PUMP-B01,Zone_B,2.2,1.02,58.9,1764.0,63.7,OK
2024-02-17 22:00:00,COMP-C01,Zone_C,4.31,2.08,78.2,3733.0,69.8,OK
2024-02-17 22:00:00,COMP-C02,Zone_C,3.4,1.7,74.9,3658.0,60.6,OK
2024-02-17 22:00:00,FAN-D01,Zone_B,1.56,0.79,47.6,1216.0,60.2,OK
2024-02-17 23:00:00,PUMP-A01,Zone_A,3.47,1.88,63.0,1836.0,68.8,OK
2024-02-17 23:00:00,PUMP-A02,Zone_A,2.39,1.18,61.9,1801.0,67.1,OK
2024-02-17 23:00:00,PUMP-B01,Zone_B,3.04,1.42,58.6,1741.0,59.3,OK
2024-02-17 23:00:00,COMP-C01,Zone_C,3.67,1.93,77.8,3765.0,72.3,OK
2024-02-17 23:00:00,COMP-C02,Zone_C,3.32,1.66,78.6,3700.0,63.9,OK
2024-02-17 23:00:00,FAN-D01,Zone_B,1.88,0.81,50.6,1226.0,59.1,OK
2024-02-18 00:00:00,PUMP-A01,Zone_A,2.52,1.35,63.8,1855.0,74.5,OK
2024-02-18 00:00:00,PUMP-A02,Zone_A,2.6,1.28,60.4,1839.0,71.3,OK
2024-02-18 00:00:00,PUMP-B01,Zone_B,3.03,1.43,62.0,1812.0,66.7,OK
2024-02-18 00:00:00,COMP-C01,Zone_C,3.82,1.75,79.4,3761.0,71.6,OK
2024-02-18 00:00:00,COMP-C02,Zone_C,3.35,1.71,74.7,3716.0,67.4,OK
2024-02-18 00:00:00,FAN-D01,Zone_B,1.48,0.88,46.4,1210.0,66.4,SUSPECT
2024-02-18 01:00:00,PUMP-A01,Zone_A,4.15,2.15,68.2,1856.0,82.0,OK
2024-02-18 01:00:00,PUMP-A02,Zone_A,2.83,1.53,64.0,1881.0,78.8,OK
2024-02-18 01:00:00,PUMP-B01,Zone_B,2.46,1.24,61.5,1846.0,71.5,OK
2024-02-18 01:00:00,COMP-C01,Zone_C,3.94,1.84,75.2,3772.0,73.6,OK
2024-02-18 01:00:00,COMP-C02,Zone_C,3.56,1.78,76.1,3775.0,68.7,OK
2024-02-18 01:00:00,FAN-D01,Zone_B,1.76,0.99,48.3,1256.0,68.7,OK
2024-02-18 02:00:00,PUMP-A01,Zone_A,3.47,1.84,61.7,1866.0,86.3,OK
2024-02-18 02:00:00,PUMP-A02,Zone_A,3.13,1.55,64.2,1840.0,78.4,OK
2024-02-18 02:00:00,PUMP-B01,Zone_B,2.37,1.11,60.0,1818.0,77.8,OK
2024-02-18 02:00:00,COMP-C01,Zone_C,3.66,1.84,74.0,3717.0,71.6,OK
2024-02-18 02:00:00,COMP-C02,Zone_C,3.55,1.79,75.8,3705.0,68.4,OK
2024-02-18 02:00:00,FAN-D01,Zone_B,2.15,1.15,52.2,1323.0,88.5,OK
2024-02-18 03:00:00,PUMP-A01,Zone_A,3.96,1.97,65.4,1863.0,85.9,OK
2024-02-18 03:00:00,PUMP-A02,Zone_A,2.16,0.99,60.1,1842.0,80.6,OK
2024-02-18 03:00:00,PUMP-B01,Zone_B,2.64,1.47,61.6,1875.0,83.3,OK
2024-02-18 03:00:00,COMP-C01,Zone_C,4.1,2.03,83.3,3772.0,73.3,OK
2024-02-18 03:00:00,COMP-C02,Zone_C,4.0,2.01,80.4,3894.0,83.5,OK
2024-02-18 03:00:00,FAN-D01,Zone_B,2.22,0.98,49.8,1244.0,71.1,OK
2024-02-18 04:00:00,PUMP-A01,Zone_A,3.26,1.69,62.7,1879.0,79.9,OK
2024-02-18 04:00:00,PUMP-A02,Zone_A,2.66,1.26,61.7,1870.0,81.1,OK
2024-02-18 04:00:00,PUMP-B01,Zone_B,2.22,1.21,61.0,1856.0,75.4,OK
2024-02-18 04:00:00,COMP-C01,Zone_C,4.51,2.28,79.6,3750.0,73.6,OK
2024-02-18 04:00:00,COMP-C02,Zone_C,3.54,1.87,80.7,3872.0,86.7,OK
2024-02-18 04:00:00,FAN-D01,Zone_B,1.55,0.71,43.4,1290.0,82.2,OK
2024-02-18 05:00:00,PUMP-A01,Zone_A,3.66,1.73,63.7,1853.0,78.5,OK
2024-02-18 05:00:00,PUMP-A02,Zone_A,2.79,1.06,67.1,1902.0,89.5,OK
2024-02-18 05:00:00,PUMP-B01,Zone_B,2.34,1.23,63.6,1901.0,90.3,OK
2024-02-18 05:00:00,COMP-C01,Zone_C,4.14,2.26,78.4,3797.0,78.3,OK
2024-02-18 05:00:00,COMP-C02,Zone_C,3.38,1.9,73.0,3748.0,70.0,OK
2024-02-18 05:00:00,FAN-D01,Zone_B,1.42,0.77,45.5,1274.0,84.4,OK
2024-02-18 06:00:00,PUMP-A01,Zone_A,3.34,1.56,65.1,1862.0,83.2,OK
2024-02-18 06:00:00,PUMP-A02,Zone_A,3.02,1.57,63.5,1908.0,88.2,OK
2024-02-18 06:00:00,PUMP-B01,Zone_B,2.61,1.26,62.0,1845.0,86.4,OK
2024-02-18 06:00:00,COMP-C01,Zone_C,4.02,2.08,79.0,3871.0,90.1,OK
2024-02-18 06:00:00,COMP-C02,Zone_C,3.77,1.92,79.0,3824.0,80.9,OK
2024-02-18 06:00:00,FAN-D01,Zone_B,2.27,1.18,54.7,1317.0,88.1,OK
2024-02-18 07:00:00,PUMP-A01,Zone_A,3.4,1.78,61.1,1862.0,80.3,OK
2024-02-18 07:00:00,PUMP-A02,Zone_A,2.72,1.26,63.4,1933.0,90.8,OK
2024-02-18 07:00:00,PUMP-B01,Zone_B,2.9,1.46,62.9,1865.0,94.3,OK
2024-02-18 07:00:00,COMP-C01,Zone_C,4.3,2.13,78.1,3764.0,72.7,OK
2024-02-18 07:00:00,COMP-C02,Zone_C,3.48,1.77,78.7,3863.0,84.9,OK
2024-02-18 07:00:00,FAN-D01,Zone_B,1.83,0.8,50.4,1333.0,89.7,OK
2024-02-18 08:00:00,PUMP-A01,Zone_A,2.97,1.56,56.1,1849.0,82.5,OK
2024-02-18 08:00:00,PUMP-A02,Zone_A,2.19,0.96,58.6,1856.0,79.4,OK
2024-02-18 08:00:00,PUMP-B01,Zone_B,2.92,1.31,59.0,1879.0,83.9,OK
2024-02-18 08:00:00,COMP-C01,Zone_C,4.11,2.14,80.9,3882.0,90.5,OK
2024-02-18 08:00:00,COMP-C02,Zone_C,3.22,1.53,79.4,3776.0,75.9,OK
2024-02-18 08:00:00,FAN-D01,Zone_B,2.15,1.01,52.4,1279.0,90.0,OK
2024-02-18 09:00:00,PUMP-A01,Zone_A,2.96,1.35,60.1,1839.0,75.8,OK
2024-02-18 09:00:00,PUMP-A02,Zone_A,2.85,1.47,63.2,1863.0,86.3,OK
2024-02-18 09:00:00,PUMP-B01,Zone_B,2.41,1.22,59.6,1803.0,70.3,OK
2024-02-18 09:00:00,COMP-C01,Zone_C,3.91,2.04,76.2,3816.0,79.2,OK
2024-02-18 09:00:00,COMP-C02,Zone_C,3.42,1.66,79.0,3799.0,79.0,OK
2024-02-18 09:00:00,FAN-D01,Zone_B,1.98,1.01,50.9,1241.0,80.4,OK
2024-02-18 10:00:00,PUMP-A01,Zone_A,3.44,1.76,60.9,1880.0,83.5,OK
2024-02-18 10:00:00,PUMP-A02,Zone_A,3.08,1.77,63.1,1879.0,90.4,OK
2024-02-18 10:00:00,PUMP-B01,Zone_B,2.43,1.29,62.7,1815.0,73.4,OK
2024-02-18 10:00:00,COMP-C01,Zone_C,4.33,2.21,80.6,3787.0,78.4,OK
2024-02-18 10:00:00,COMP-C02,Zone_C,3.29,1.8,73.7,3749.0,75.5,SUSPECT
2024-02-18 10:00:00,FAN-D01,Zone_B,2.38,1.3,49.2,1273.0,84.1,OK
2024-02-18 11:00:00,PUMP-A01,Zone_A,2.98,1.54,60.3,1830.0,74.0,OK
2024-02-18 11:00:00,PUMP-A02,Zone_A,2.3,1.07,61.2,1808.0,72.7,OK
2024-02-18 11:00:00,PUMP-B01,Zone_B,2.61,1.08,62.2,1855.0,74.8,OK
2024-02-18 11:00:00,COMP-C01,Zone_C,3.99,2.07,76.9,3696.0,67.1,OK
2024-02-18 11:00:00,COMP-C02,Zone_C,3.97,2.1,80.2,3796.0,77.0,OK
2024-02-18 11:00:00,FAN-D01,Zone_B,1.73,0.76,47.6,1237.0,68.0,OK
2024-02-18 12:00:00,PUMP-A01,Zone_A,3.14,1.5,57.4,1835.0,71.1,OK
2024-02-18 12:00:00,PUMP-A02,Zone_A,2.9,1.38,61.8,1813.0,73.9,OK
2024-02-18 12:00:00,PUMP-B01,Zone_B,2.77,1.46,59.0,1787.0,73.3,OK
2024-02-18 12:00:00,COMP-C01,Zone_C,3.9,2.05,80.4,3738.0,70.3,OK
2024-02-18 12:00:00,COMP-C02,Zone_C,3.77,1.85,78.9,3824.0,79.7,OK
2024-02-18 12:00:00,FAN-D01,Zone_B,1.79,0.81,51.1,1269.0,71.8,OK
2024-02-18 13:00:00,PUMP-A01,Zone_A,3.29,1.66,61.1,1831.0,72.2,OK
2024-02-18 13:00:00,PUMP-A02,Zone_A,2.76,1.46,62.8,1757.0,59.1,OK
2024-02-18 13:00:00,PUMP-B01,Zone_B,2.75,1.29,61.7,1858.0,71.3,OK
2024-02-18 13:00:00,COMP-C01,Zone_C,4.21,2.03,78.2,3688.0,61.0,OK
2024-02-18 13:00:00,COMP-C02,Zone_C,3.54,1.84,77.4,3648.0,57.2,OK
2024-02-18 13:00:00,FAN-D01,Zone_B,1.68,0.73,44.2,1250.0,67.4,OK
2024-02-18 14:00:00,PUMP-A01,Zone_A,3.27,1.85,61.5,1803.0,58.7,OK
2024-02-18 14:00:00,PUMP-A02,Zone_A,2.38,1.16,56.3,1812.0,65.5,OK
2024-02-18 14:00:00,PUMP-B01,Zone_B,3.07,1.6,62.1,1824.0,67.2,OK
2024-02-18 14:00:00,COMP-C01,Zone_C,4.05,1.88,79.9,3720.0,66.8,OK
2024-02-18 14:00:00,COMP-C02,Zone_C,3.49,1.76,76.7,3713.0,71.2,OK
2024-02-18 14:00:00,FAN-D01,Zone_B,2.06,1.04,47.4,1258.0,70.4,OK
2024-02-18 15:00:00,PUMP-A01,Zone_A,3.22,1.64,58.9,1767.0,58.7,OK
2024-02-18 15:00:00,PUMP-A02,Zone_A,2.59,1.45,61.0,1787.0,64.5,OK
2024-02-18 15:00:00,PUMP-B01,Zone_B,2.93,1.5,57.8,1762.0,57.8,SUSPECT
2024-02-18 15:00:00,COMP-C01,Zone_C,4.09,2.1,80.0,3710.0,63.7,OK
2024-02-18 15:00:00,COMP-C02,Zone_C,2.9,1.59,75.0,3651.0,64.3,SUSPECT
2024-02-18 15:00:00,FAN-D01,Zone_B,1.63,0.83,44.6,1224.0,57.3,OK
2024-02-18 16:00:00,PUMP-A01,Zone_A,3.22,1.58,61.1,1809.0,58.6,OK
2024-02-18 16:00:00,PUMP-A02,Zone_A,2.6,1.39,58.6,1813.0,62.6,OK
2024-02-18 16:00:00,PUMP-B01,Zone_B,2.74,1.36,61.3,1805.0,62.5,OK
2024-02-18 16:00:00,COMP-C01,Zone_C,3.89,1.81,76.1,3639.0,52.0,OK
2024-02-18 16:00:00,COMP-C02,Zone_C,3.46,1.67,75.3,3667.0,57.4,OK
2024-02-18 16:00:00,FAN-D01,Zone_B,2.14,1.06,49.6,1235.0,62.9,OK
2024-02-18 17:00:00,PUMP-A01,Zone_A,2.97,1.49,57.1,1765.0,48.2,OK
2024-02-18 17:00:00,PUMP-A02,Zone_A,2.46,1.37,53.0,1791.0,54.1,OK
2024-02-18 17:00:00,PUMP-B01,Zone_B,2.26,1.03,57.3,1782.0,51.6,OK
2024-02-18 17:00:00,COMP-C01,Zone_C,3.95,2.0,75.6,3659.0,57.3,OK
2024-02-18 17:00:00,COMP-C02,Zone_C,3.13,1.5,73.7,3586.0,48.0,OK
2024-02-18 17:00:00,FAN-D01,Zone_B,2.24,1.07,49.3,1224.0,53.8,OK
2024-02-18 18:00:00,PUMP-A01,Zone_A,3.38,1.73,63.5,1788.0,56.3,OK
2024-02-18 18:00:00,PUMP-A02,Zone_A,2.67,1.31,57.6,1771.0,51.9,OK
2024-02-18 18:00:00,PUMP-B01,Zone_B,2.14,1.04,56.5,1734.0,54.2,OK
2024-02-18 18:00:00,COMP-C01,Zone_C,4.2,2.01,80.2,3606.0,50.7,OK
2024-02-18 18:00:00,COMP-C02,Zone_C,3.71,1.84,76.5,3617.0,51.7,OK
2024-02-18 18:00:00,FAN-D01,Zone_B,1.47,0.77,45.2,1215.0,56.3,OK
2024-02-18 19:00:00,PUMP-A01,Zone_A,3.14,1.57,61.4,1787.0,56.4,OK
2024-02-18 19:00:00,PUMP-A02,Zone_A,2.31,1.19,60.5,1794.0,56.2,OK
2024-02-18 19:00:00,PUMP-B01,Zone_B,2.3,1.43,57.4,1782.0,64.7,OK
2024-02-18 19:00:00,COMP-C01,Zone_C,3.34,1.59,73.8,3696.0,61.9,OK
2024-02-18 19:00:00,COMP-C02,Zone_C,4.06,2.09,74.5,3638.0,61.1,OK
2024-02-18 19:00:00,FAN-D01,Zone_B,1.58,0.77,45.3,1239.0,62.2,OK
2024-02-18 20:00:00,PUMP-A01,Zone_A,3.4,1.58,60.7,1778.0,53.3,OK
2024-02-18 20:00:00,PUMP-A02,Zone_A,2.45,1.34,56.4,1691.0,47.8,OK
2024-02-18 20:00:00,PUMP-B01,Zone_B,2.08,1.21,58.3,1788.0,52.3,OK
2024-02-18 20:00:00,COMP-C01,Zone_C,4.24,2.05,78.3,3715.0,63.4,OK
2024-02-18 20:00:00,COMP-C02,Zone_C,3.19,1.76,76.3,3634.0,56.6,OK
2024-02-18 20:00:00,FAN-D01,Zone_B,1.46,0.71,49.7,1231.0,59.9,OK
2024-02-18 21:00:00,PUMP-A01,Zone_A,2.65,1.34,59.1,1751.0,54.4,OK
2024-02-18 21:00:00,PUMP-A02,Zone_A,2.25,1.09,58.0,1809.0,69.3,OK
2024-02-18 21:00:00,PUMP-B01,Zone_B,2.13,1.05,56.9,1787.0,60.1,OK
2024-02-18 21:00:00,COMP-C01,Zone_C,4.12,2.08,77.0,3614.0,54.7,OK
2024-02-18 21:00:00,COMP-C02,Zone_C,3.29,1.56,77.3,3636.0,56.1,OK
2024-02-18 21:00:00,FAN-D01,Zone_B,1.85,0.83,45.7,1245.0,58.4,OK
2024-02-18 22:00:00,PUMP-A01,Zone_A,2.95,1.51,57.1,1806.0,64.0,OK
2024-02-18 22:00:00,PUMP-A02,Zone_A,2.55,1.31,61.7,1795.0,57.9,OK
2024-02-18 22:00:00,PUMP-B01,Zone_B,2.09,1.0,57.0,1776.0,60.6,OK
2024-02-18 22:00:00,COMP-C01,Zone_C,3.96,1.95,77.2,3733.0,70.5,OK
2024-02-18 22:00:00,COMP-C02,Zone_C,3.21,1.48,75.1,3676.0,64.5,OK
2024-02-18 22:00:00,FAN-D01,Zone_B,2.15,1.23,46.3,1217.0,58.0,OK
2024-02-18 23:00:00,PUMP-A01,Zone_A,3.17,1.62,58.6,1792.0,65.0,OK
2024-02-18 23:00:00,PUMP-A02,Zone_A,1.9,0.81,58.1,1764.0,64.9,OK
2024-02-18 23:00:00,PUMP-B01,Zone_B,2.77,1.19,56.4,1811.0,74.2,OK
2024-02-18 23:00:00,COMP-C01,Zone_C,3.87,2.03,77.1,3720.0,63.3,OK
2024-02-18 23:00:00,COMP-C02,Zone_C,3.33,1.54,76.9,3689.0,64.8,OK
2024-02-18 23:00:00,FAN-D01,Zone_B,1.74,0.76,47.8,1265.0,64.6,OK
2024-02-19 00:00:00,PUMP-A01,Zone_A,3.29,1.74,61.1,1843.0,81.5,OK
2024-02-19 00:00:00,PUMP-A02,Zone_A,1.92,0.97,59.5,1824.0,73.8,OK
2024-02-19 00:00:00,PUMP-B01,Zone_B,2.45,1.31,60.0,1795.0,65.0,OK
2024-02-19 00:00:00,COMP-C01,Zone_C,4.27,2.32,79.3,3785.0,72.7,OK
2024-02-19 00:00:00,COMP-C02,Zone_C,3.67,1.94,80.9,3772.0,76.0,OK
2024-02-19 00:00:00,FAN-D01,Zone_B,1.62,1.0,48.4,1173.0,62.5,OK
2024-02-19 01:00:00,PUMP-A01,Zone_A,3.7,1.71,64.6,1799.0,71.5,OK
2024-02-19 01:00:00,PUMP-A02,Zone_A,2.09,1.04,56.8,1817.0,66.1,OK
2024-02-19 01:00:00,PUMP-B01,Zone_B,2.91,1.22,63.3,1869.0,82.0,OK
2024-02-19 01:00:00,COMP-C01,Zone_C,4.07,1.87,77.7,3755.0,76.3,OK
2024-02-19 01:00:00,COMP-C02,Zone_C,3.69,1.82,77.1,3802.0,74.3,OK
2024-02-19 01:00:00,FAN-D01,Zone_B,2.03,1.04,46.8,1276.0,80.2,OK
2024-02-19 02:00:00,PUMP-A01,Zone_A,3.15,1.51,62.2,1839.0,76.3,OK
2024-02-19 02:00:00,PUMP-A02,Zone_A,2.61,1.31,63.2,1856.0,80.9,OK
2024-02-19 02:00:00,PUMP-B01,Zone_B,2.73,1.35,65.2,1849.0,77.8,OK
2024-02-19 02:00:00,COMP-C01,Zone_C,4.07,2.05,82.6,3787.0,80.0,OK
2024-02-19 02:00:00,COMP-C02,Zone_C,3.95,2.08,76.5,3764.0,71.6,OK
2024-02-19 02:00:00,FAN-D01,Zone_B,1.9,0.87,51.5,1233.0,72.0,OK
2024-02-19 03:00:00,PUMP-A01,Zone_A,3.54,1.91,63.7,1856.0,76.6,OK
2024-02-19 03:00:00,PUMP-A02,Zone_A,2.88,1.47,57.7,1837.0,82.4,OK
2024-02-19 03:00:00,PUMP-B01,Zone_B,2.79,1.4,62.5,1893.0,87.8,OK
2024-02-19 03:00:00,COMP-C01,Zone_C,4.61,2.43,83.0,3899.0,89.1,OK
2024-02-19 03:00:00,COMP-C02,Zone_C,3.15,1.65,75.3,3803.0,82.4,OK
2024-02-19 03:00:00,FAN-D01,Zone_B,1.75,0.97,48.0,1256.0,73.7,OK
2024-02-19 04:00:00,PUMP-A01,Zone_A,3.44,1.8,64.5,1873.0,87.2,OK
2024-02-19 04:00:00,PUMP-A02,Zone_A,2.61,1.07,61.2,1843.0,80.1,OK
2024-02-19 04:00:00,PUMP-B01,Zone_B,2.47,1.27,60.5,1859.0,83.6,OK
2024-02-19 04:00:00,COMP-C01,Zone_C,4.08,2.06,80.5,3880.0,92.3,OK
2024-02-19 04:00:00,COMP-C02,Zone_C,3.66,1.73,78.6,3867.0,84.3,OK
2024-02-19 04:00:00,FAN-D01,Zone_B,1.57,0.79,48.2,1277.0,88.8,SUSPECT
2024-02-19 05:00:00,PUMP-A01,Zone_A,3.62,1.76,67.3,1874.0,87.7,SUSPECT
2024-02-19 05:00:00,PUMP-A02,Zone_A,2.67,1.44,59.3,1866.0,92.9,OK
2024-02-19 05:00:00,PUMP-B01,Zone_B,2.63,1.28,62.6,1867.0,87.2,OK
2024-02-19 05:00:00,COMP-C01,Zone_C,3.94,1.9,80.5,3753.0,78.3,OK
2024-02-19 05:00:00,COMP-C02,Zone_C,3.54,1.8,78.5,3881.0,90.8,OK
2024-02-19 05:00:00,FAN-D01,Zone_B,2.14,1.03,49.3,1271.0,86.3,OK
2024-02-19 06:00:00,PUMP-A01,Zone_A,3.09,1.41,61.0,1843.0,82.5,OK
2024-02-19 06:00:00,PUMP-A02,Zone_A,3.14,1.74,62.4,1873.0,93.0,OK
2024-02-19 06:00:00,PUMP-B01,Zone_B,2.15,1.08,60.3,1866.0,82.6,OK
2024-02-19 06:00:00,COMP-C01,Zone_C,3.64,1.74,76.7,3760.0,74.5,OK
2024-02-19 06:00:00,COMP-C02,Zone_C,3.81,1.95,82.8,3886.0,90.7,OK
2024-02-19 06:00:00,FAN-D01,Zone_B,2.43,1.34,52.5,1255.0,81.4,OK
2024-02-19 07:00:00,PUMP-A01,Zone_A,3.02,1.74,58.1,1862.0,78.5,OK
2024-02-19 07:00:00,PUMP-A02,Zone_A,2.25,1.08,60.3,1866.0,76.9,OK
2024-02-19 07:00:00,PUMP-B01,Zone_B,2.71,1.29,63.2,1896.0,90.3,OK
2024-02-19 07:00:00,COMP-C01,Zone_C,4.97,2.66,81.3,3844.0,83.4,OK
2024-02-19 07:00:00,COMP-C02,Zone_C,4.08,1.92,79.5,3902.0,86.8,OK
2024-02-19 07:00:00,FAN-D01,Zone_B,1.6,0.88,51.5,1221.0,77.7,OK
2024-02-19 08:00:00,PUMP-A01,Zone_A,3.12,1.6,67.6,1849.0,73.4,OK
2024-02-19 08:00:00,PUMP-A02,Zone_A,2.27,1.23,60.6,1945.0,90.9,OK
2024-02-19 08:00:00,PUMP-B01,Zone_B,2.86,1.2,61.1,1864.0,80.4,OK
2024-02-19 08:00:00,COMP-C01,Zone_C,4.33,2.07,78.7,3780.0,78.5,OK
2024-02-19 08:00:00,COMP-C02,Zone_C,3.79,1.93,79.1,3823.0,81.9,OK
2024-02-19 08:00:00,FAN-D01,Zone_B,2.09,0.91,49.2,1290.0,91.2,OK
2024-02-19 09:00:00,PUMP-A01,Zone_A,3.49,1.72,63.6,1863.0,86.3,OK
2024-02-19 09:00:00,PUMP-A02,Zone_A,2.75,1.46,61.1,1902.0,86.4,OK
2024-02-19 09:00:00,PUMP-B01,Zone_B,2.75,1.4,62.0,1825.0,79.4,OK
2024-02-19 09:00:00,COMP-C01,Zone_C,3.97,2.26,76.8,3787.0,73.7,OK
2024-02-19 09:00:00,COMP-C02,Zone_C,3.42,1.81,76.5,3834.0,84.0,OK
2024-02-19 09:00:00,FAN-D01,Zone_B,2.24,1.22,50.8,1303.0,84.1,OK
2024-02-19 10:00:00,PUMP-A01,Zone_A,3.41,1.73,61.8,1864.0,76.6,OK
2024-02-19 10:00:00,PUMP-A02,Zone_A,2.1,1.06,60.2,1820.0,70.2,OK
2024-02-19 10:00:00,PUMP-B01,Zone_B,2.37,1.2,59.5,1821.0,75.0,OK
2024-02-19 10:00:00,COMP-C01,Zone_C,4.72,2.38,77.6,3741.0,72.1,OK
2024-02-19 10:00:00,COMP-C02,Zone_C,3.67,1.81,75.4,3767.0,74.0,OK
2024-02-19 10:00:00,FAN-D01,Zone_B,1.93,0.89,52.4,1297.0,85.0,OK
2024-02-19 11:00:00,PUMP-A01,Zone_A,3.42,1.65,61.2,1863.0,80.1,OK
2024-02-19 11:00:00,PUMP-A02,Zone_A,2.25,1.06,61.5,1851.0,72.0,OK
2024-02-19 11:00:00,PUMP-B01,Zone_B,2.51,1.21,59.2,1822.0,75.8,OK
2024-02-19 11:00:00,COMP-C01,Zone_C,3.8,1.79,76.9,3759.0,74.7,OK
2024-02-19 11:00:00,COMP-C02,Zone_C,3.63,1.82,74.3,3755.0,72.6,OK
2024-02-19 11:00:00,FAN-D01,Zone_B,1.54,0.64,49.7,1272.0,78.8,OK
2024-02-19 12:00:00,PUMP-A01,Zone_A,3.05,1.51,58.1,1820.0,63.2,OK
2024-02-19 12:00:00,PUMP-A02,Zone_A,2.63,1.23,60.3,1848.0,72.2,OK
2024-02-19 12:00:00,PUMP-B01,Zone_B,2.46,1.25,59.1,1845.0,76.6,OK
2024-02-19 12:00:00,COMP-C01,Zone_C,4.06,2.01,80.9,3744.0,72.1,OK
2024-02-19 12:00:00,COMP-C02,Zone_C,3.21,1.57,73.9,3758.0,71.8,OK
2024-02-19 12:00:00,FAN-D01,Zone_B,1.64,0.94,52.3,1270.0,80.3,OK
2024-02-19 13:00:00,PUMP-A01,Zone_A,3.23,1.62,60.2,1764.0,56.2,OK
2024-02-19 13:00:00,PUMP-A02,Zone_A,2.15,1.12,63.0,1793.0,63.1,OK
2024-02-19 13:00:00,PUMP-B01,Zone_B,2.0,0.89,55.6,1789.0,58.8,OK
2024-02-19 13:00:00,COMP-C01,Zone_C,4.23,2.04,78.5,3671.0,57.9,OK
2024-02-19 13:00:00,COMP-C02,Zone_C,3.76,2.04,74.5,3709.0,65.3,OK
2024-02-19 13:00:00,FAN-D01,Zone_B,2.41,1.31,51.5,1281.0,78.7,OK
2024-02-19 14:00:00,PUMP-A01,Zone_A,3.32,1.67,59.4,1786.0,64.2,OK
2024-02-19 14:00:00,PUMP-A02,Zone_A,2.43,1.26,57.6,1856.0,68.8,OK
2024-02-19 14:00:00,PUMP-B01,Zone_B,2.48,1.21,59.1,1786.0,64.9,OK
2024-02-19 14:00:00,COMP-C01,Zone_C,3.7,1.97,75.2,3670.0,61.9,OK
2024-02-19 14:00:00,COMP-C02,Zone_C,3.62,1.81,75.8,3667.0,64.2,OK
2024-02-19 14:00:00,FAN-D01,Zone_B,1.34,0.69,46.5,1220.0,61.3,OK
2024-02-19 15:00:00,PUMP-A01,Zone_A,2.77,1.38,60.6,1798.0,59.6,OK
2024-02-19 15:00:00,PUMP-A02,Zone_A,2.74,1.46,58.2,1794.0,65.6,OK
2024-02-19 15:00:00,PUMP-B01,Zone_B,2.08,1.05,59.0,1766.0,60.8,OK
2024-02-19 15:00:00,COMP-C01,Zone_C,3.86,1.98,73.5,3674.0,58.3,OK
2024-02-19 15:00:00,COMP-C02,Zone_C,3.54,1.63,76.2,3670.0,56.0,OK
2024-02-19 15:00:00,FAN-D01,Zone_B,1.67,0.7,48.8,1270.0,67.7,OK
2024-02-19 16:00:00,PUMP-A01,Zone_A,3.13,1.61,59.7,1821.0,66.2,SUSPECT
2024-02-19 16:00:00,PUMP-A02,Zone_A,3.01,1.45,61.1,1762.0,57.5,OK
2024-02-19 16:00:00,PUMP-B01,Zone_B,1.94,0.85,60.0,1760.0,57.4,OK
2024-02-19 16:00:00,COMP-C01,Zone_C,3.98,1.92,75.0,3617.0,56.3,OK
2024-02-19 16:00:00,COMP-C02,Zone_C,3.49,1.83,77.9,3689.0,62.5,OK
2024-02-19 16:00:00,FAN-D01,Zone_B,1.77,1.03,48.2,1222.0,54.1,OK
2024-02-19 17:00:00,PUMP-A01,Zone_A,3.18,1.67,60.2,1794.0,62.3,OK
2024-02-19 17:00:00,PUMP-A02,Zone_A,2.31,1.29,59.3,1743.0,57.9,OK
2024-02-19 17:00:00,PUMP-B01,Zone_B,1.79,0.92,57.0,1807.0,59.7,OK
2024-02-19 17:00:00,COMP-C01,Zone_C,4.06,2.21,77.3,3688.0,60.5,OK
2024-02-19 17:00:00,COMP-C02,Zone_C,3.01,1.52,68.3,3619.0,53.5,OK
2024-02-19 17:00:00,FAN-D01,Zone_B,2.13,0.94,45.1,1235.0,54.3,OK
2024-02-19 18:00:00,PUMP-A01,Zone_A,3.49,1.66,64.3,1806.0,63.7,OK
2024-02-19 18:00:00,PUMP-A02,Zone_A,2.1,0.99,57.4,1746.0,53.7,OK
2024-02-19 18:00:00,PUMP-B01,Zone_B,3.03,1.42,59.6,1779.0,51.2,OK
2024-02-19 18:00:00,COMP-C01,Zone_C,4.16,2.01,77.2,3650.0,53.0,OK
2024-02-19 18:00:00,COMP-C02,Zone_C,3.17,1.51,74.8,3706.0,62.6,OK
2024-02-19 18:00:00,FAN-D01,Zone_B,2.1,1.03,47.4,1269.0,60.8,OK
2024-02-19 19:00:00,PUMP-A01,Zone_A,3.53,1.71,62.6,1785.0,60.2,OK
2024-02-19 19:00:00,PUMP-A02,Zone_A,2.03,0.81,57.7,1789.0,53.3,OK
2024-02-19 19:00:00,PUMP-B01,Zone_B,2.23,1.12,57.4,1766.0,58.0,OK
2024-02-19 19:00:00,COMP-C01,Zone_C,3.63,1.67,77.3,3588.0,46.6,OK
2024-02-19 19:00:00,COMP-C02,Zone_C,3.27,1.57,74.4,3599.0,51.8,SUSPECT
2024-02-19 19:00:00,FAN-D01,Zone_B,1.83,1.01,49.2,1190.0,51.2,OK
2024-02-19 20:00:00,PUMP-A01,Zone_A,3.4,1.78,64.7,1783.0,60.6,OK
2024-02-19 20:00:00,PUMP-A02,Zone_A,2.68,1.35,58.8,1805.0,60.7,OK
2024-02-19 20:00:00,PUMP-B01,Zone_B,2.21,1.15,55.7,1758.0,56.3,OK
2024-02-19 20:00:00,COMP-C01,Zone_C,4.02,2.0,78.9,3642.0,54.7,OK
2024-02-19 20:00:00,COMP-C02,Zone_C,3.3,1.5,73.9,3752.0,67.8,OK
2024-02-19 20:00:00,FAN-D01,Zone_B,1.17,0.4,50.4,1231.0,59.6,OK
2024-02-19 21:00:00,PUMP-A01,Zone_A,2.69,1.29,57.1,1771.0,55.1,OK
2024-02-19 21:00:00,PUMP-A02,Zone_A,2.2,1.14,57.3,1778.0,62.0,OK
2024-02-19 21:00:00,PUMP-B01,Zone_B,2.47,1.37,62.3,1829.0,70.0,OK
2024-02-19 21:00:00,COMP-C01,Zone_C,3.92,2.08,78.6,3682.0,63.8,OK
2024-02-19 21:00:00,COMP-C02,Zone_C,3.07,1.46,72.9,3575.0,46.8,OK
2024-02-19 21:00:00,FAN-D01,Zone_B,1.66,0.79,46.6,1187.0,52.0,OK
2024-02-19 22:00:00,PUMP-A01,Zone_A,2.62,1.37,58.3,1829.0,72.4,OK
2024-02-19 22:00:00,PUMP-A02,Zone_A,2.61,1.4,60.4,1837.0,67.4,OK
2024-02-19 22:00:00,PUMP-B01,Zone_B,2.75,1.25,59.7,1783.0,62.7,OK
2024-02-19 22:00:00,COMP-C01,Zone_C,4.5,2.24,77.3,3677.0,59.7,OK
2024-02-19 22:00:00,COMP-C02,Zone_C,3.11,1.6,75.3,3649.0,60.5,OK
2024-02-19 22:00:00,FAN-D01,Zone_B,2.42,1.32,49.6,1254.0,62.7,OK
2024-02-19 23:00:00,PUMP-A01,Zone_A,3.81,1.84,61.4,1801.0,62.7,OK
2024-02-19 23:00:00,PUMP-A02,Zone_A,2.11,1.16,58.8,1788.0,62.3,OK
2024-02-19 23:00:00,PUMP-B01,Zone_B,2.33,1.36,58.2,1763.0,54.6,OK
2024-02-19 23:00:00,COMP-C01,Zone_C,3.82,1.96,76.2,3783.0,70.8,OK
2024-02-19 23:00:00,COMP-C02,Zone_C,3.99,2.11,78.8,3782.0,76.9,OK
2024-02-19 23:00:00,FAN-D01,Zone_B,1.85,0.99,50.9,1294.0,75.3,OK
2024-02-20 00:00:00,PUMP-A01,Zone_A,3.8,2.0,63.6,1778.0,67.8,OK
2024-02-20 00:00:00,PUMP-A02,Zone_A,2.54,1.37,59.4,1796.0,68.3,OK
2024-02-20 00:00:00,PUMP-B01,Zone_B,2.51,1.32,59.0,1816.0,64.8,OK
2024-02-20 00:00:00,COMP-C01,Zone_C,3.65,1.8,77.3,3735.0,73.5,OK
2024-02-20 00:00:00,COMP-C02,Zone_C,3.39,1.79,77.6,3717.0,61.9,OK
2024-02-20 00:00:00,FAN-D01,Zone_B,1.81,0.83,51.7,1203.0,70.0,OK
2024-02-20 01:00:00,PUMP-A01,Zone_A,3.26,1.75,63.4,1807.0,80.9,OK
2024-02-20 01:00:00,PUMP-A02,Zone_A,2.8,1.39,60.8,1786.0,66.5,OK
2024-02-20 01:00:00,PUMP-B01,Zone_B,2.81,1.52,60.8,1829.0,74.9,OK
2024-02-20 01:00:00,COMP-C01,Zone_C,3.81,1.79,79.9,3854.0,81.5,OK
2024-02-20 01:00:00,COMP-C02,Zone_C,3.63,1.79,81.2,3833.0,82.7,OK
2024-02-20 01:00:00,FAN-D01,Zone_B,1.96,0.97,50.2,1245.0,84.6,OK
2024-02-20 02:00:00,PUMP-A01,Zone_A,2.89,1.27,61.2,1847.0,80.8,OK
2024-02-20 02:00:00,PUMP-A02,Zone_A,2.69,1.3,60.5,1854.0,79.6,OK
2024-02-20 02:00:00,PUMP-B01,Zone_B,2.49,1.34,57.7,1835.0,72.9,OK
2024-02-20 02:00:00,COMP-C01,Zone_C,3.91,1.86,76.6,3791.0,78.1,OK
2024-02-20 02:00:00,COMP-C02,Zone_C,4.01,2.13,80.4,3787.0,77.5,OK
2024-02-20 02:00:00,FAN-D01,Zone_B,2.08,1.25,51.2,1289.0,81.4,OK
2024-02-20 03:00:00,PUMP-A01,Zone_A,2.89,1.32,58.1,1818.0,75.9,OK
2024-02-20 03:00:00,PUMP-A02,Zone_A,2.85,1.36,59.5,1857.0,81.7,OK
2024-02-20 03:00:00,PUMP-B01,Zone_B,2.44,1.15,60.4,1813.0,76.6,OK
2024-02-20 03:00:00,COMP-C01,Zone_C,4.12,1.95,83.5,3842.0,83.0,OK
2024-02-20 03:00:00,COMP-C02,Zone_C,3.66,1.85,82.0,3816.0,83.2,OK
2024-02-20 03:00:00,FAN-D01,Zone_B,1.82,0.88,52.2,1271.0,79.4,OK
2024-02-20 04:00:00,PUMP-A01,Zone_A,3.39,1.8,66.2,1820.0,85.4,OK
2024-02-20 04:00:00,PUMP-A02,Zone_A,2.11,0.89,63.1,1879.0,86.7,OK
2024-02-20 04:00:00,PUMP-B01,Zone_B,2.5,1.33,63.5,1902.0,88.3,OK
2024-02-20 04:00:00,COMP-C01,Zone_C,3.18,1.83,79.7,3891.0,86.7,OK
2024-02-20 04:00:00,COMP-C02,Zone_C,3.72,1.73,81.0,3822.0,80.5,OK
2024-02-20 04:00:00,FAN-D01,Zone_B,1.65,0.74,51.7,1288.0,85.1,OK
2024-02-20 05:00:00,PUMP-A01,Zone_A,3.53,1.74,65.5,1897.0,87.6,OK
2024-02-20 05:00:00,PUMP-A02,Zone_A,2.53,1.34,64.5,1843.0,82.9,OK
2024-02-20 05:00:00,PUMP-B01,Zone_B,2.35,1.26,61.0,1869.0,82.7,OK
2024-02-20 05:00:00,COMP-C01,Zone_C,3.52,1.59,73.1,3790.0,76.4,OK
2024-02-20 05:00:00,COMP-C02,Zone_C,3.54,1.7,76.3,3874.0,88.0,OK
2024-02-20 05:00:00,FAN-D01,Zone_B,2.27,1.25,50.1,1296.0,89.1,OK
2024-02-20 06:00:00,PUMP-A01,Zone_A,2.89,1.46,61.6,1860.0,80.5,OK
2024-02-20 06:00:00,PUMP-A02,Zone_A,2.59,1.15,56.0,1837.0,73.0,OK
2024-02-20 06:00:00,PUMP-B01,Zone_B,2.99,1.34,60.8,1834.0,75.5,OK
2024-02-20 06:00:00,COMP-C01,Zone_C,4.15,2.04,82.1,3793.0,74.4,OK
2024-02-20 06:00:00,COMP-C02,Zone_C,3.69,1.86,77.4,3915.0,91.3,OK
2024-02-20 06:00:00,FAN-D01,Zone_B,1.67,0.78,48.4,1297.0,91.5,OK
2024-02-20 07:00:00,PUMP-A01,Zone_A,3.16,1.58,65.1,1862.0,88.2,OK
2024-02-20 07:00:00,PUMP-A02,Zone_A,2.58,1.32,60.7,1855.0,83.0,OK
2024-02-20 07:00:00,PUMP-B01,Zone_B,2.5,1.38,59.4,1827.0,80.6,OK
2024-02-20 07:00:00,COMP-C01,Zone_C,3.77,1.77,83.9,3932.0,89.6,OK
2024-02-20 07:00:00,COMP-C02,Zone_C,3.8,1.83,76.1,3869.0,84.8,OK
2024-02-20 07:00:00,FAN-D01,Zone_B,2.08,1.06,52.8,1280.0,89.1,OK
2024-02-20 08:00:00,PUMP-A01,Zone_A,3.54,1.74,66.0,1859.0,82.0,OK
2024-02-20 08:00:00,PUMP-A02,Zone_A,2.6,1.15,60.2,1837.0,81.0,OK
2024-02-20 08:00:00,PUMP-B01,Zone_B,3.21,1.74,64.3,1865.0,87.9,OK
2024-02-20 08:00:00,COMP-C01,Zone_C,3.84,1.86,77.9,3802.0,75.3,OK
2024-02-20 08:00:00,COMP-C02,Zone_C,3.75,1.71,78.6,3800.0,79.3,OK
2024-02-20 08:00:00,FAN-D01,Zone_B,1.93,0.91,50.3,1278.0,85.1,OK
2024-02-20 09:00:00,PUMP-A01,Zone_A,3.84,1.89,63.7,1866.0,86.6,OK
2024-02-20 09:00:00,PUMP-A02,Zone_A,2.37,1.13,61.9,1847.0,81.1,OK
2024-02-20 09:00:00,PUMP-B01,Zone_B,2.92,1.32,61.3,1882.0,82.4,OK
2024-02-20 09:00:00,COMP-C01,Zone_C,4.27,2.03,82.1,3847.0,86.8,OK
2024-02-20 09:00:00,COMP-C02,Zone_C,3.84,1.9,78.4,3850.0,87.2,OK
2024-02-20 09:00:00,FAN-D01,Zone_B,2.18,0.99,54.3,1293.0,87.4,OK
2024-02-20 10:00:00,PUMP-A01,Zone_A,3.51,1.91,61.6,1876.0,78.0,SUSPECT
2024-02-20 10:00:00,PUMP-A02,Zone_A,2.26,1.27,64.0,1868.0,76.9,OK
2024-02-20 10:00:00,PUMP-B01,Zone_B,2.68,1.4,61.7,1851.0,80.8,OK
2024-02-20 10:00:00,COMP-C01,Zone_C,3.56,1.71,79.9,3775.0,72.9,OK
2024-02-20 10:00:00,COMP-C02,Zone_C,3.52,1.71,76.4,3777.0,77.1,OK
2024-02-20 10:00:00,FAN-D01,Zone_B,1.6,0.94,50.6,1217.0,72.2,OK
2024-02-20 11:00:00,PUMP-A01,Zone_A,3.03,1.48,58.5,1868.0,81.9,OK
2024-02-20 11:00:00,PUMP-A02,Zone_A,2.95,1.74,62.6,1789.0,65.8,OK
2024-02-20 11:00:00,PUMP-B01,Zone_B,2.67,1.27,61.1,1822.0,73.4,OK
2024-02-20 11:00:00,COMP-C01,Zone_C,4.52,2.19,81.3,3778.0,73.1,OK
2024-02-20 11:00:00,COMP-C02,Zone_C,3.65,1.74,75.4,3768.0,74.9,OK
2024-02-20 11:00:00,FAN-D01,Zone_B,2.36,1.09,51.6,1271.0,79.8,OK
2024-02-20 12:00:00,PUMP-A01,Zone_A,3.44,1.73,63.2,1845.0,71.5,OK
2024-02-20 12:00:00,PUMP-A02,Zone_A,2.87,1.47,56.7,1843.0,68.9,OK
2024-02-20 12:00:00,PUMP-B01,Zone_B,2.4,1.18,59.5,1824.0,74.9,OK
2024-02-20 12:00:00,COMP-C01,Zone_C,3.98,2.01,74.5,3680.0,63.4,OK
2024-02-20 12:00:00,COMP-C02,Zone_C,3.66,1.87,76.6,3743.0,70.7,OK
2024-02-20 12:00:00,FAN-D01,Zone_B,1.87,0.88,49.0,1254.0,75.3,OK
2024-02-20 13:00:00,PUMP-A01,Zone_A,3.16,1.57,64.7,1826.0,65.1,OK
2024-02-20 13:00:00,PUMP-A02,Zone_A,2.21,0.95,57.0,1781.0,59.4,OK
2024-02-20 13:00:00,PUMP-B01,Zone_B,1.95,0.86,59.9,1832.0,68.6,OK
2024-02-20 13:00:00,COMP-C01,Zone_C,4.04,1.84,77.9,3746.0,69.3,OK
2024-02-20 13:00:00,COMP-C02,Zone_C,3.35,1.64,79.5,3700.0,64.6,OK
2024-02-20 13:00:00,FAN-D01,Zone_B,1.71,0.74,49.2,1252.0,57.6,OK
2024-02-20 14:00:00,PUMP-A01,Zone_A,3.42,1.77,58.6,1788.0,54.2,OK
2024-02-20 14:00:00,PUMP-A02,Zone_A,2.24,1.14,59.7,1764.0,60.9,OK
2024-02-20 14:00:00,PUMP-B01,Zone_B,2.13,0.91,60.2,1811.0,60.0,OK
2024-02-20 14:00:00,COMP-C01,Zone_C,4.16,1.92,76.6,3706.0,61.4,OK
2024-02-20 14:00:00,COMP-C02,Zone_C,3.48,1.86,79.4,3698.0,67.9,OK
2024-02-20 14:00:00,FAN-D01,Zone_B,1.8,0.93,46.0,1212.0,60.3,OK
2024-02-20 15:00:00,PUMP-A01,Zone_A,3.72,1.67,61.7,1769.0,61.3,OK
2024-02-20 15:00:00,PUMP-A02,Zone_A,1.99,1.0,57.5,1816.0,60.4,OK
2024-02-20 15:00:00,PUMP-B01,Zone_B,2.09,1.2,58.1,1760.0,61.0,OK
2024-02-20 15:00:00,COMP-C01,Zone_C,3.76,1.79,75.2,3570.0,45.9,OK
2024-02-20 15:00:00,COMP-C02,Zone_C,3.52,1.9,80.5,3686.0,60.5,OK
2024-02-20 15:00:00,FAN-D01,Zone_B,1.3,0.78,45.9,1204.0,53.7,OK
2024-02-20 16:00:00,PUMP-A01,Zone_A,2.48,1.33,58.4,1755.0,50.0,OK
2024-02-20 16:00:00,PUMP-A02,Zone_A,2.14,0.9,56.5,1754.0,54.2,OK
2024-02-20 16:00:00,PUMP-B01,Zone_B,3.05,1.68,64.2,1764.0,59.5,OK
2024-02-20 16:00:00,COMP-C01,Zone_C,3.53,1.65,78.7,3727.0,68.0,OK
2024-02-20 16:00:00,COMP-C02,Zone_C,2.75,1.45,74.9,3645.0,54.0,OK
2024-02-20 16:00:00,FAN-D01,Zone_B,1.68,0.93,50.7,1227.0,54.4,OK
2024-02-20 17:00:00,PUMP-A01,Zone_A,3.68,1.66,64.7,1763.0,54.5,OK
2024-02-20 17:00:00,PUMP-A02,Zone_A,1.82,0.85,57.8,1750.0,56.0,OK
2024-02-20 17:00:00,PUMP-B01,Zone_B,2.87,1.4,61.0,1846.0,62.2,OK
2024-02-20 17:00:00,COMP-C01,Zone_C,4.27,2.04,76.4,3677.0,58.3,OK
2024-02-20 17:00:00,COMP-C02,Zone_C,3.18,1.5,75.3,3702.0,59.0,OK
2024-02-20 17:00:00,FAN-D01,Zone_B,1.65,0.68,48.2,1252.0,58.9,OK
2024-02-20 18:00:00,PUMP-A01,Zone_A,3.21,1.4,58.8,1735.0,53.3,OK
2024-02-20 18:00:00,PUMP-A02,Zone_A,2.27,1.37,57.9,1767.0,53.6,OK
2024-02-20 18:00:00,PUMP-B01,Zone_B,2.23,1.0,62.0,1777.0,57.8,OK
2024-02-20 18:00:00,COMP-C01,Zone_C,3.76,2.13,74.9,3643.0,55.4,OK
2024-02-20 18:00:00,COMP-C02,Zone_C,2.87,1.42,73.3,3580.0,47.9,OK
2024-02-20 18:00:00,FAN-D01,Zone_B,1.66,0.87,46.5,1191.0,52.7,SUSPECT
2024-02-20 19:00:00,PUMP-A01,Zone_A,3.24,1.5,59.1,1772.0,62.7,OK
2024-02-20 19:00:00,PUMP-A02,Zone_A,1.95,0.92,55.5,1746.0,51.9,OK
2024-02-20 19:00:00,PUMP-B01,Zone_B,2.43,1.39,61.4,1761.0,61.2,OK
2024-02-20 19:00:00,COMP-C01,Zone_C,3.95,2.13,76.6,3669.0,57.6,OK
2024-02-20 19:00:00,COMP-C02,Zone_C,3.25,1.81,74.7,3655.0,54.8,OK
2024-02-20 19:00:00,FAN-D01,Zone_B,1.85,0.99,50.2,1149.0,47.4,OK
2024-02-20 20:00:00,PUMP-A01,Zone_A,3.04,1.49,61.7,1754.0,59.3,OK
2024-02-20 20:00:00,PUMP-A02,Zone_A,2.68,1.35,57.9,1775.0,54.9,OK
2024-02-20 20:00:00,PUMP-B01,Zone_B,2.08,0.94,59.5,1777.0,61.7,OK
2024-02-20 20:00:00,COMP-C01,Zone_C,3.87,1.98,76.7,3641.0,52.0,OK
2024-02-20 20:00:00,COMP-C02,Zone_C,3.64,1.71,77.1,3682.0,61.0,OK
2024-02-20 20:00:00,FAN-D01,Zone_B,1.07,0.4,51.6,1188.0,58.0,OK
2024-02-20 21:00:00,PUMP-A01,Zone_A,3.12,1.61,58.5,1773.0,58.5,OK
2024-02-20 21:00:00,PUMP-A02,Zone_A,2.6,1.26,60.3,1811.0,60.1,OK
2024-02-20 21:00:00,PUMP-B01,Zone_B,2.33,1.3,57.5,1771.0,55.3,OK
2024-02-20 21:00:00,COMP-C01,Zone_C,3.99,1.97,75.9,3641.0,54.9,OK
2024-02-20 21:00:00,COMP-C02,Zone_C,3.53,1.85,78.3,3571.0,44.4,OK
2024-02-20 21:00:00,FAN-D01,Zone_B,1.76,0.72,45.8,1238.0,66.9,OK
2024-02-20 22:00:00,PUMP-A01,Zone_A,3.41,1.63,59.1,1831.0,64.1,OK
2024-02-20 22:00:00,PUMP-A02,Zone_A,2.26,1.2,59.6,1814.0,65.3,OK
2024-02-20 22:00:00,PUMP-B01,Zone_B,2.55,1.37,60.8,1782.0,66.8,OK
2024-02-20 22:00:00,COMP-C01,Zone_C,3.8,1.83,76.9,3688.0,62.1,OK
2024-02-20 22:00:00,COMP-C02,Zone_C,3.64,1.81,79.1,3687.0,62.5,SUSPECT
2024-02-20 22:00:00,FAN-D01,Zone_B,1.74,0.73,45.0,1228.0,56.2,OK
2024-02-20 23:00:00,PUMP-A01,Zone_A,2.9,1.32,61.0,1756.0,61.3,OK
2024-02-20 23:00:00,PUMP-A02,Zone_A,2.52,1.31,63.3,1809.0,67.3,OK
2024-02-20 23:00:00,PUMP-B01,Zone_B,2.61,1.11,57.9,1779.0,64.2,OK
2024-02-20 23:00:00,COMP-C01,Zone_C,3.99,2.05,73.1,3604.0,54.2,OK
2024-02-20 23:00:00,COMP-C02,Zone_C,3.65,1.97,77.8,3805.0,78.0,OK
2024-02-20 23:00:00,FAN-D01,Zone_B,1.55,0.88,49.0,1198.0,67.4,OK
2024-02-21 00:00:00,PUMP-A01,Zone_A,3.34,1.73,59.1,1830.0,70.2,OK
2024-02-21 00:00:00,PUMP-A02,Zone_A,2.42,1.36,62.7,1843.0,76.4,OK
2024-02-21 00:00:00,PUMP-B01,Zone_B,2.54,1.28,60.9,1817.0,67.0,OK
2024-02-21 00:00:00,COMP-C01,Zone_C,4.01,1.93,76.9,3708.0,63.6,OK
2024-02-21 00:00:00,COMP-C02,Zone_C,3.56,1.76,77.3,3738.0,65.7,OK
2024-02-21 00:00:00,FAN-D01,Zone_B,1.84,0.97,48.6,1259.0,61.3,OK
2024-02-21 01:00:00,PUMP-A01,Zone_A,3.47,1.76,63.8,1846.0,80.0,OK
2024-02-21 01:00:00,PUMP-A02,Zone_A,2.79,1.49,63.7,1810.0,70.0,OK
2024-02-21 01:00:00,PUMP-B01,Zone_B,2.86,1.38,58.3,1837.0,79.6,OK
2024-02-21 01:00:00,COMP-C01,Zone_C,4.04,2.15,80.1,3661.0,63.4,OK
2024-02-21 01:00:00,COMP-C02,Zone_C,3.89,1.83,76.9,3773.0,79.6,OK
2024-02-21 01:00:00,FAN-D01,Zone_B,2.07,0.98,51.9,1277.0,77.4,OK
2024-02-21 02:00:00,PUMP-A01,Zone_A,3.95,1.95,63.0,1844.0,75.9,OK
2024-02-21 02:00:00,PUMP-A02,Zone_A,1.91,1.02,62.1,1827.0,78.3,OK
2024-02-21 02:00:00,PUMP-B01,Zone_B,3.14,1.68,65.3,1814.0,78.1,OK
2024-02-21 02:00:00,COMP-C01,Zone_C,4.41,2.24,78.1,3815.0,84.7,OK
2024-02-21 02:00:00,COMP-C02,Zone_C,3.29,1.61,79.4,3757.0,75.1,OK
2024-02-21 02:00:00,FAN-D01,Zone_B,1.93,0.96,48.7,1244.0,74.6,OK
2024-02-21 03:00:00,PUMP-A01,Zone_A,3.04,1.45,59.9,1829.0,77.6,OK
2024-02-21 03:00:00,PUMP-A02,Zone_A,2.88,1.56,56.0,1837.0,76.1,OK
2024-02-21 03:00:00,PUMP-B01,Zone_B,2.55,1.26,61.7,1887.0,80.3,OK
2024-02-21 03:00:00,COMP-C01,Zone_C,3.96,2.19,80.1,3832.0,83.8,OK
2024-02-21 03:00:00,COMP-C02,Zone_C,3.53,1.85,80.1,3727.0,70.1,OK
2024-02-21 03:00:00,FAN-D01,Zone_B,1.99,0.96,49.5,1287.0,77.4,OK
2024-02-21 04:00:00,PUMP-A01,Zone_A,4.01,2.03,62.5,1876.0,84.5,OK
2024-02-21 04:00:00,PUMP-A02,Zone_A,3.04,1.57,61.7,1838.0,78.8,OK
2024-02-21 04:00:00,PUMP-B01,Zone_B,2.26,1.29,61.5,1820.0,79.6,OK
2024-02-21 04:00:00,COMP-C01,Zone_C,4.59,2.4,84.9,3860.0,88.0,OK
2024-02-21 04:00:00,COMP-C02,Zone_C,3.61,1.92,80.1,3906.0,87.1,OK
2024-02-21 04:00:00,FAN-D01,Zone_B,1.91,0.92,47.6,1311.0,86.1,OK
2024-02-21 05:00:00,PUMP-A01,Zone_A,3.22,1.48,61.3,1838.0,80.1,OK
2024-02-21 05:00:00,PUMP-A02,Zone_A,2.75,1.24,61.3,1909.0,88.1,OK
2024-02-21 05:00:00,PUMP-B01,Zone_B,2.52,1.21,60.9,1900.0,86.5,OK
2024-02-21 05:00:00,COMP-C01,Zone_C,4.52,2.2,81.2,3842.0,81.4,OK
2024-02-21 05:00:00,COMP-C02,Zone_C,4.16,2.02,79.5,3848.0,85.6,OK
2024-02-21 05:00:00,FAN-D01,Zone_B,1.56,0.65,43.7,1221.0,74.9,OK
2024-02-21 06:00:00,PUMP-A01,Zone_A,3.31,1.6,62.9,1860.0,83.8,OK
2024-02-21 06:00:00,PUMP-A02,Zone_A,2.08,1.04,61.8,1866.0,84.4,OK
2024-02-21 06:00:00,PUMP-B01,Zone_B,2.69,1.25,58.1,1868.0,84.2,OK
2024-02-21 06:00:00,COMP-C01,Zone_C,4.66,2.48,82.5,3843.0,86.4,OK
2024-02-21 06:00:00,COMP-C02,Zone_C,3.74,1.99,76.3,3859.0,86.8,OK
2024-02-21 06:00:00,FAN-D01,Zone_B,1.52,0.77,50.6,1308.0,91.6,OK
2024-02-21 07:00:00,PUMP-A01,Zone_A,3.55,1.9,65.9,1844.0,84.3,OK
2024-02-21 07:00:00,PUMP-A02,Zone_A,2.98,1.49,64.6,1869.0,85.0,OK
2024-02-21 07:00:00,PUMP-B01,Zone_B,2.65,1.33,64.3,1878.0,85.5,OK
2024-02-21 07:00:00,COMP-C01,Zone_C,3.9,1.84,78.4,3909.0,86.3,OK
2024-02-21 07:00:00,COMP-C02,Zone_C,3.48,1.78,73.7,3820.0,76.7,OK
2024-02-21 07:00:00,FAN-D01,Zone_B,2.45,1.35,50.9,1301.0,88.1,OK
2024-02-21 08:00:00,PUMP-A01,Zone_A,3.06,1.59,61.4,1814.0,78.8,OK
2024-02-21 08:00:00,PUMP-A02,Zone_A,2.65,1.44,62.6,1898.0,86.0,OK
2024-02-21 08:00:00,PUMP-B01,Zone_B,2.9,1.45,63.0,1846.0,74.4,OK
2024-02-21 08:00:00,COMP-C01,Zone_C,3.62,1.74,79.3,3827.0,83.9,OK
2024-02-21 08:00:00,COMP-C02,Zone_C,3.99,2.13,80.9,3840.0,83.8,OK
2024-02-21 08:00:00,FAN-D01,Zone_B,1.83,0.92,52.1,1275.0,88.2,OK
2024-02-21 09:00:00,PUMP-A01,Zone_A,3.66,1.89,62.9,1854.0,90.6,OK
2024-02-21 09:00:00,PUMP-A02,Zone_A,2.73,1.35,60.4,1851.0,75.8,OK
2024-02-21 09:00:00,PUMP-B01,Zone_B,2.58,1.22,59.3,1937.0,87.9,OK
2024-02-21 09:00:00,COMP-C01,Zone_C,3.49,1.57,78.0,3778.0,75.1,OK
2024-02-21 09:00:00,COMP-C02,Zone_C,3.66,1.79,81.3,3843.0,82.9,OK
2024-02-21 09:00:00,FAN-D01,Zone_B,1.79,0.85,51.4,1309.0,84.4,OK
2024-02-21 10:00:00,PUMP-A01,Zone_A,3.09,1.62,62.5,1846.0,79.2,OK
2024-02-21 10:00:00,PUMP-A02,Zone_A,2.4,1.17,62.3,1936.0,89.3,OK
2024-02-21 10:00:00,PUMP-B01,Zone_B,2.45,1.24,59.9,1841.0,81.4,OK
2024-02-21 10:00:00,COMP-C01,Zone_C,4.14,2.03,77.8,3787.0,73.5,OK
2024-02-21 10:00:00,COMP-C02,Zone_C,3.76,1.96,78.7,3804.0,83.1,OK
2024-02-21 10:00:00,FAN-D01,Zone_B,1.8,0.99,47.9,1227.0,73.9,OK
2024-02-21 11:00:00,PUMP-A01,Zone_A,3.55,1.86,61.2,1849.0,76.1,OK
2024-02-21 11:00:00,PUMP-A02,Zone_A,3.19,1.66,59.7,1812.0,66.2,SUSPECT
2024-02-21 11:00:00,PUMP-B01,Zone_B,3.05,1.66,61.7,1851.0,79.5,OK
2024-02-21 11:00:00,COMP-C01,Zone_C,4.02,2.01,73.8,3756.0,72.0,OK
2024-02-21 11:00:00,COMP-C02,Zone_C,3.59,1.77,78.3,3806.0,84.1,OK
2024-02-21 11:00:00,FAN-D01,Zone_B,1.83,0.92,46.4,1247.0,80.2,OK
2024-02-21 12:00:00,PUMP-A01,Zone_A,3.1,1.44,62.4,1798.0,64.1,OK
2024-02-21 12:00:00,PUMP-A02,Zone_A,2.59,1.22,59.4,1850.0,68.6,OK
2024-02-21 12:00:00,PUMP-B01,Zone_B,2.73,1.27,58.6,1831.0,74.0,OK
2024-02-21 12:00:00,COMP-C01,Zone_C,4.11,2.05,79.8,3777.0,78.4,OK
2024-02-21 12:00:00,COMP-C02,Zone_C,4.25,2.14,77.5,3760.0,76.5,OK
2024-02-21 12:00:00,FAN-D01,Zone_B,2.2,1.07,48.4,1267.0,71.8,OK
2024-02-21 13:00:00,PUMP-A01,Zone_A,3.3,1.58,61.4,1831.0,68.1,SUSPECT
2024-02-21 13:00:00,PUMP-A02,Zone_A,2.71,1.52,62.3,1857.0,74.9,OK
2024-02-21 13:00:00,PUMP-B01,Zone_B,2.87,1.32,63.1,1850.0,70.1,OK
2024-02-21 13:00:00,COMP-C01,Zone_C,4.13,1.91,77.4,3763.0,74.5,OK
2024-02-21 13:00:00,COMP-C02,Zone_C,3.38,1.7,74.2,3752.0,73.5,OK
2024-02-21 13:00:00,FAN-D01,Zone_B,1.78,0.78,45.0,1227.0,58.4,OK
2024-02-21 14:00:00,PUMP-A01,Zone_A,3.32,1.67,62.9,1834.0,69.4,OK
2024-02-21 14:00:00,PUMP-A02,Zone_A,2.85,1.4,58.7,1837.0,74.1,OK
2024-02-21 14:00:00,PUMP-B01,Zone_B,2.1,1.14,57.3,1796.0,59.9,OK
2024-02-21 14:00:00,COMP-C01,Zone_C,4.29,2.09,75.4,3616.0,51.9,OK
2024-02-21 14:00:00,COMP-C02,Zone_C,4.31,2.34,75.4,3653.0,57.5,OK
2024-02-21 14:00:00,FAN-D01,Zone_B,1.57,0.78,46.1,1236.0,62.8,OK
2024-02-21 15:00:00,PUMP-A01,Zone_A,2.75,1.4,56.1,1794.0,55.8,OK
2024-02-21 15:00:00,PUMP-A02,Zone_A,2.77,1.45,58.4,1758.0,54.3,OK
2024-02-21 15:00:00,PUMP-B01,Zone_B,2.52,1.1,57.4,1743.0,55.2,OK
2024-02-21 15:00:00,COMP-C01,Zone_C,3.86,2.05,75.5,3666.0,60.1,OK
2024-02-21 15:00:00,COMP-C02,Zone_C,3.71,1.91,73.6,3655.0,57.2,OK
2024-02-21 15:00:00,FAN-D01,Zone_B,2.12,1.07,48.2,1222.0,61.6,OK
2024-02-21 16:00:00,PUMP-A01,Zone_A,2.73,1.4,62.9,1725.0,54.4,OK
2024-02-21 16:00:00,PUMP-A02,Zone_A,2.84,1.31,59.2,1756.0,56.9,OK
2024-02-21 16:00:00,PUMP-B01,Zone_B,3.01,1.68,55.4,1775.0,60.0,OK
2024-02-21 16:00:00,COMP-C01,Zone_C,4.24,2.05,76.0,3685.0,60.0,OK
2024-02-21 16:00:00,COMP-C02,Zone_C,3.61,1.66,74.9,3631.0,50.3,OK
2024-02-21 16:00:00,FAN-D01,Zone_B,2.05,1.02,49.3,1218.0,57.8,OK
2024-02-21 17:00:00,PUMP-A01,Zone_A,3.14,1.69,63.0,1753.0,58.6,OK
2024-02-21 17:00:00,PUMP-A02,Zone_A,2.34,1.37,57.6,1795.0,56.4,OK
2024-02-21 17:00:00,PUMP-B01,Zone_B,2.59,1.47,58.4,1725.0,50.0,OK
2024-02-21 17:00:00,COMP-C01,Zone_C,4.31,1.97,74.7,3636.0,54.7,SUSPECT
2024-02-21 17:00:00,COMP-C02,Zone_C,3.16,1.51,74.3,3591.0,48.8,OK
2024-02-21 17:00:00,FAN-D01,Zone_B,1.75,0.83,47.7,1273.0,60.0,OK
2024-02-21 18:00:00,PUMP-A01,Zone_A,3.43,1.46,61.0,1789.0,54.8,OK
2024-02-21 18:00:00,PUMP-A02,Zone_A,2.21,1.12,55.7,1697.0,43.2,OK
2024-02-21 18:00:00,PUMP-B01,Zone_B,2.11,1.06,55.4,1770.0,50.8,OK
2024-02-21 18:00:00,COMP-C01,Zone_C,3.83,1.94,79.5,3634.0,55.4,OK
2024-02-21 18:00:00,COMP-C02,Zone_C,3.58,1.86,75.4,3631.0,55.2,OK
2024-02-21 18:00:00,FAN-D01,Zone_B,1.77,1.06,44.6,1222.0,56.0,OK
2024-02-21 19:00:00,PUMP-A01,Zone_A,3.39,1.79,59.0,1756.0,47.7,OK
2024-02-21 19:00:00,PUMP-A02,Zone_A,2.64,1.54,57.5,1761.0,48.7,OK
2024-02-21 19:00:00,PUMP-B01,Zone_B,2.37,1.25,59.8,1741.0,51.7,OK
2024-02-21 19:00:00,COMP-C01,Zone_C,3.93,1.99,76.4,3693.0,60.9,OK
2024-02-21 19:00:00,COMP-C02,Zone_C,2.8,1.37,75.8,3560.0,54.5,OK
2024-02-21 19:00:00,FAN-D01,Zone_B,1.71,0.82,47.2,1224.0,51.0,OK
2024-02-21 20:00:00,PUMP-A01,Zone_A,2.6,1.22,60.9,1762.0,49.3,OK
2024-02-21 20:00:00,PUMP-A02,Zone_A,2.92,1.47,60.7,1775.0,57.9,OK
2024-02-21 20:00:00,PUMP-B01,Zone_B,2.49,1.19,57.7,1776.0,55.5,OK
2024-02-21 20:00:00,COMP-C01,Zone_C,4.34,2.24,78.0,3699.0,64.5,OK
2024-02-21 20:00:00,COMP-C02,Zone_C,3.81,1.81,76.7,3604.0,56.3,OK
2024-02-21 20:00:00,FAN-D01,Zone_B,1.64,0.82,44.2,1213.0,50.4,OK
2024-02-21 21:00:00,PUMP-A01,Zone_A,3.5,1.54,60.0,1798.0,63.8,OK
2024-02-21 21:00:00,PUMP-A02,Zone_A,1.97,1.0,58.6,1769.0,56.8,OK
2024-02-21 21:00:00,PUMP-B01,Zone_B,2.64,1.38,61.7,1744.0,61.0,OK
2024-02-21 21:00:00,COMP-C01,Zone_C,3.93,1.8,82.5,3701.0,62.4,OK
2024-02-21 21:00:00,COMP-C02,Zone_C,3.49,1.94,78.4,3720.0,63.8,OK
2024-02-21 21:00:00,FAN-D01,Zone_B,2.29,1.05,49.2,1235.0,56.5,OK
2024-02-21 22:00:00,PUMP-A01,Zone_A,3.14,1.47,62.1,1824.0,63.9,OK
2024-02-21 22:00:00,PUMP-A02,Zone_A,2.54,1.26,62.1,1758.0,60.6,OK
2024-02-21 22:00:00,PUMP-B01,Zone_B,2.03,0.99,59.3,1790.0,61.9,OK
2024-02-21 22:00:00,COMP-C01,Zone_C,4.1,1.94,76.8,3627.0,54.8,OK
2024-02-21 22:00:00,COMP-C02,Zone_C,3.14,1.56,74.8,3646.0,60.7,OK
2024-02-21 22:00:00,FAN-D01,Zone_B,1.63,0.97,46.6,1225.0,66.9,OK
2024-02-21 23:00:00,PUMP-A01,Zone_A,3.05,1.43,61.2,1808.0,76.4,OK
2024-02-21 23:00:00,PUMP-A02,Zone_A,2.57,1.21,63.1,1859.0,72.4,OK
2024-02-21 23:00:00,PUMP-B01,Zone_B,2.76,1.4,61.3,1803.0,66.2,OK
2024-02-21 23:00:00,COMP-C01,Zone_C,4.54,2.41,76.6,3677.0,63.6,OK
2024-02-21 23:00:00,COMP-C02,Zone_C,3.81,1.93,79.0,3740.0,69.9,OK
2024-02-21 23:00:00,FAN-D01,Zone_B,1.89,0.97,44.2,1239.0,62.4,OK
2024-02-22 00:00:00,PUMP-A01,Zone_A,3.51,1.65,59.1,1777.0,63.5,OK
2024-02-22 00:00:00,PUMP-A02,Zone_A,2.34,1.09,62.6,1812.0,72.9,OK
2024-02-22 00:00:00,PUMP-B01,Zone_B,2.37,1.14,62.5,1803.0,72.4,OK
2024-02-22 00:00:00,COMP-C01,Zone_C,3.91,1.94,74.8,3693.0,67.5,OK
2024-02-22 00:00:00,COMP-C02,Zone_C,3.48,1.81,76.6,3767.0,73.8,OK
2024-02-22 00:00:00,FAN-D01,Zone_B,1.96,0.77,49.6,1219.0,62.8,OK
2024-02-22 01:00:00,PUMP-A01,Zone_A,3.73,1.97,61.2,1772.0,75.6,OK
2024-02-22 01:00:00,PUMP-A02,Zone_A,2.41,1.32,63.7,1861.0,81.8,OK
2024-02-22 01:00:00,PUMP-B01,Zone_B,2.55,1.37,62.9,1832.0,81.5,OK
2024-02-22 01:00:00,COMP-C01,Zone_C,4.21,2.15,79.7,3752.0,73.7,OK
2024-02-22 01:00:00,COMP-C02,Zone_C,3.36,1.75,80.5,3802.0,69.9,OK
2024-02-22 01:00:00,FAN-D01,Zone_B,1.63,0.81,47.8,1236.0,67.2,OK
2024-02-22 02:00:00,PUMP-A01,Zone_A,3.17,1.54,65.8,1832.0,73.7,OK
2024-02-22 02:00:00,PUMP-A02,Zone_A,2.48,1.19,62.2,1854.0,78.1,OK
2024-02-22 02:00:00,PUMP-B01,Zone_B,2.38,1.32,61.6,1844.0,77.2,OK
2024-02-22 02:00:00,COMP-C01,Zone_C,3.98,2.05,77.3,3760.0,78.2,OK
2024-02-22 02:00:00,COMP-C02,Zone_C,3.4,1.75,76.6,3795.0,80.8,OK
2024-02-22 02:00:00,FAN-D01,Zone_B,1.9,1.05,50.6,1279.0,75.5,OK
2024-02-22 03:00:00,PUMP-A01,Zone_A,3.33,1.84,61.8,1869.0,84.2,OK
2024-02-22 03:00:00,PUMP-A02,Zone_A,2.21,1.24,61.8,1854.0,79.2,OK
2024-02-22 03:00:00,PUMP-B01,Zone_B,3.05,1.59,64.0,1830.0,74.0,OK
2024-02-22 03:00:00,COMP-C01,Zone_C,3.59,1.75,75.3,3887.0,85.7,OK
2024-02-22 03:00:00,COMP-C02,Zone_C,4.03,1.8,79.4,3840.0,85.3,OK
2024-02-22 03:00:00,FAN-D01,Zone_B,1.28,0.56,51.1,1298.0,74.5,OK
2024-02-22 04:00:00,PUMP-A01,Zone_A,3.62,1.98,61.6,1852.0,83.8,OK
2024-02-22 04:00:00,PUMP-A02,Zone_A,2.41,1.25,58.9,1848.0,78.5,OK
2024-02-22 04:00:00,PUMP-B01,Zone_B,2.66,1.33,62.2,1889.0,87.5,OK
2024-02-22 04:00:00,COMP-C01,Zone_C,4.21,2.2,83.7,3827.0,82.7,OK
2024-02-22 04:00:00,COMP-C02,Zone_C,3.21,1.78,73.4,3858.0,83.1,OK
2024-02-22 04:00:00,FAN-D01,Zone_B,2.5,1.31,51.3,1276.0,90.2,OK
2024-02-22 05:00:00,PUMP-A01,Zone_A,3.59,1.83,63.7,1897.0,91.7,OK
2024-02-22 05:00:00,PUMP-A02,Zone_A,2.42,1.18,60.6,1832.0,83.5,OK
2024-02-22 05:00:00,PUMP-B01,Zone_B,2.8,1.54,61.0,1862.0,85.1,OK
2024-02-22 05:00:00,COMP-C01,Zone_C,4.47,2.37,80.8,3892.0,88.3,OK
2024-02-22 05:00:00,COMP-C02,Zone_C,3.59,1.65,77.9,3816.0,83.9,OK
2024-02-22 05:00:00,FAN-D01,Zone_B,1.81,1.02,50.5,1273.0,82.7,OK
2024-02-22 06:00:00,PUMP-A01,Zone_A,3.57,1.82,61.6,1837.0,83.0,OK
2024-02-22 06:00:00,PUMP-A02,Zone_A,2.81,1.49,60.5,1826.0,80.5,OK
2024-02-22 06:00:00,PUMP-B01,Zone_B,3.05,1.52,62.8,1834.0,80.6,OK
2024-02-22 06:00:00,COMP-C01,Zone_C,4.06,1.89,81.1,3903.0,89.6,OK
2024-02-22 06:00:00,COMP-C02,Zone_C,3.95,1.98,80.4,3906.0,92.3,OK
2024-02-22 06:00:00,FAN-D01,Zone_B,1.63,0.95,49.0,1258.0,79.4,OK
2024-02-22 07:00:00,PUMP-A01,Zone_A,3.4,1.65,61.8,1887.0,88.4,OK
2024-02-22 07:00:00,PUMP-A02,Zone_A,2.17,1.1,66.2,1914.0,88.6,OK
2024-02-22 07:00:00,PUMP-B01,Zone_B,2.64,1.49,57.7,1917.0,86.0,OK
2024-02-22 07:00:00,COMP-C01,Zone_C,3.81,1.99,81.7,3801.0,78.7,OK
2024-02-22 07:00:00,COMP-C02,Zone_C,3.98,2.03,78.9,3897.0,92.3,OK
2024-02-22 07:00:00,FAN-D01,Zone_B,1.82,1.02,49.8,1285.0,86.6,OK
2024-02-22 08:00:00,PUMP-A01,Zone_A,3.37,1.75,64.4,1856.0,77.4,OK
2024-02-22 08:00:00,PUMP-A02,Zone_A,2.93,1.78,65.1,1894.0,89.7,OK
2024-02-22 08:00:00,PUMP-B01,Zone_B,2.27,1.3,61.7,1851.0,82.2,OK
2024-02-22 08:00:00,COMP-C01,Zone_C,4.16,2.0,79.9,3769.0,76.6,OK
2024-02-22 08:00:00,COMP-C02,Zone_C,3.49,1.73,80.0,3832.0,85.3,OK
2024-02-22 08:00:00,FAN-D01,Zone_B,1.98,1.0,52.1,1260.0,80.9,OK
2024-02-22 09:00:00,PUMP-A01,Zone_A,3.4,1.65,66.9,1887.0,87.7,OK
2024-02-22 09:00:00,PUMP-A02,Zone_A,2.57,1.31,61.0,1848.0,81.7,OK
2024-02-22 09:00:00,PUMP-B01,Zone_B,1.97,0.91,58.8,1811.0,76.0,OK
2024-02-22 09:00:00,COMP-C01,Zone_C,4.19,2.04,81.6,3875.0,84.1,OK
2024-02-22 09:00:00,COMP-C02,Zone_C,3.01,1.47,77.8,3849.0,77.9,OK
2024-02-22 09:00:00,FAN-D01,Zone_B,1.98,0.92,48.9,1255.0,71.2,OK
2024-02-22 10:00:00,PUMP-A01,Zone_A,3.88,1.84,62.6,1838.0,78.6,OK
2024-02-22 10:00:00,PUMP-A02,Zone_A,2.33,1.23,63.0,1815.0,70.0,OK
2024-02-22 10:00:00,PUMP-B01,Zone_B,2.25,1.29,60.4,1799.0,68.0,OK
2024-02-22 10:00:00,COMP-C01,Zone_C,4.2,2.11,82.5,3834.0,78.2,OK
2024-02-22 10:00:00,COMP-C02,Zone_C,3.46,1.81,79.9,3800.0,77.3,OK
2024-02-22 10:00:00,FAN-D01,Zone_B,1.94,1.07,50.8,1285.0,72.7,OK
2024-02-22 11:00:00,PUMP-A01,Zone_A,3.58,1.82,63.0,1863.0,82.1,OK
2024-02-22 11:00:00,PUMP-A02,Zone_A,2.0,0.99,59.4,1827.0,73.0,OK
2024-02-22 11:00:00,PUMP-B01,Zone_B,2.66,1.35,60.1,1831.0,76.0,OK
2024-02-22 11:00:00,COMP-C01,Zone_C,3.71,1.84,74.6,3738.0,66.9,OK
2024-02-22 11:00:00,COMP-C02,Zone_C,3.78,1.93,77.7,3746.0,72.0,OK
2024-02-22 11:00:00,FAN-D01,Zone_B,2.16,1.19,50.2,1240.0,67.8,OK
2024-02-22 12:00:00,PUMP-A01,Zone_A,3.44,1.61,66.3,1791.0,65.2,OK
2024-02-22 12:00:00,PUMP-A02,Zone_A,2.26,1.16,60.7,1798.0,72.8,OK
2024-02-22 12:00:00,PUMP-B01,Zone_B,2.25,1.15,60.4,1814.0,67.6,OK
2024-02-22 12:00:00,COMP-C01,Zone_C,4.14,2.08,79.1,3790.0,78.4,OK
2024-02-22 12:00:00,COMP-C02,Zone_C,2.95,1.45,77.7,3817.0,81.3,OK
2024-02-22 12:00:00,FAN-D01,Zone_B,1.79,0.7,44.9,1245.0,65.2,OK
2024-02-22 13:00:00,PUMP-A01,Zone_A,3.23,1.58,60.0,1780.0,64.4,OK
2024-02-22 13:00:00,PUMP-A02,Zone_A,2.54,1.34,59.2,1849.0,70.5,OK
2024-02-22 13:00:00,PUMP-B01,Zone_B,2.93,1.62,57.3,1813.0,70.4,OK
2024-02-22 13:00:00,COMP-C01,Zone_C,4.0,1.98,77.4,3714.0,66.3,OK
2024-02-22 13:00:00,COMP-C02,Zone_C,3.53,1.63,79.7,3725.0,70.6,OK
2024-02-22 13:00:00,FAN-D01,Zone_B,1.97,0.98,48.0,1243.0,66.3,OK
2024-02-22 14:00:00,PUMP-A01,Zone_A,2.71,1.45,58.1,1733.0,49.8,OK
2024-02-22 14:00:00,PUMP-A02,Zone_A,2.5,1.06,63.5,1831.0,66.6,OK
2024-02-22 14:00:00,PUMP-B01,Zone_B,2.81,1.31,58.4,1785.0,62.1,OK
2024-02-22 14:00:00,COMP-C01,Zone_C,3.69,1.9,74.3,3668.0,61.1,OK
2024-02-22 14:00:00,COMP-C02,Zone_C,4.03,2.05,79.9,3691.0,60.4,OK
2024-02-22 14:00:00,FAN-D01,Zone_B,2.29,1.0,44.7,1237.0,66.8,OK
2024-02-22 15:00:00,PUMP-A01,Zone_A,2.73,1.42,60.1,1771.0,50.9,OK
2024-02-22 15:00:00,PUMP-A02,Zone_A,2.93,1.46,60.4,1778.0,62.9,OK
2024-02-22 15:00:00,PUMP-B01,Zone_B,1.88,0.94,56.1,1775.0,53.5,OK
2024-02-22 15:00:00,COMP-C01,Zone_C,3.75,2.0,75.8,3639.0,59.4,OK
2024-02-22 15:00:00,COMP-C02,Zone_C,3.37,1.87,75.9,3626.0,57.5,OK
2024-02-22 15:00:00,FAN-D01,Zone_B,1.83,0.84,48.5,1229.0,65.0,OK
2024-02-22 16:00:00,PUMP-A01,Zone_A,3.01,1.54,58.5,1752.0,58.7,OK
2024-02-22 16:00:00,PUMP-A02,Zone_A,2.04,1.19,54.6,1757.0,52.4,OK
2024-02-22 16:00:00,PUMP-B01,Zone_B,2.27,1.12,59.4,1745.0,59.1,SUSPECT
2024-02-22 16:00:00,COMP-C01,Zone_C,3.73,1.92,78.1,3674.0,62.6,OK
2024-02-22 16:00:00,COMP-C02,Zone_C,3.29,1.78,73.3,3616.0,55.2,OK
2024-02-22 16:00:00,FAN-D01,Zone_B,1.54,0.62,49.7,1224.0,54.9,OK
2024-02-22 17:00:00,PUMP-A01,Zone_A,3.12,1.61,58.4,1747.0,51.7,OK
2024-02-22 17:00:00,PUMP-A02,Zone_A,1.99,0.94,59.3,1773.0,52.1,OK
2024-02-22 17:00:00,PUMP-B01,Zone_B,2.37,1.1,57.6,1794.0,61.5,OK
2024-02-22 17:00:00,COMP-C01,Zone_C,3.49,1.73,70.7,3601.0,51.1,OK
2024-02-22 17:00:00,COMP-C02,Zone_C,2.8,1.52,75.2,3613.0,49.8,OK
2024-02-22 17:00:00,FAN-D01,Zone_B,1.47,0.9,46.9,1238.0,50.2,OK
2024-02-22 18:00:00,PUMP-A01,Zone_A,3.22,1.76,61.6,1774.0,60.9,OK
2024-02-22 18:00:00,PUMP-A02,Zone_A,2.37,1.26,56.0,1754.0,60.1,OK
2024-02-22 18:00:00,PUMP-B01,Zone_B,2.54,1.23,60.0,1770.0,54.5,OK
2024-02-22 18:00:00,COMP-C01,Zone_C,4.41,2.25,79.4,3664.0,60.7,OK
2024-02-22 18:00:00,COMP-C02,Zone_C,3.34,1.63,77.8,3693.0,58.5,OK
2024-02-22 18:00:00,FAN-D01,Zone_B,1.7,0.7,46.7,1222.0,50.1,SUSPECT
2024-02-22 19:00:00,PUMP-A01,Zone_A,2.92,1.49,60.0,1755.0,58.8,OK
2024-02-22 19:00:00,PUMP-A02,Zone_A,2.45,1.17,56.0,1782.0,62.1,OK
2024-02-22 19:00:00,PUMP-B01,Zone_B,2.27,1.18,57.9,1781.0,53.6,OK
2024-02-22 19:00:00,COMP-C01,Zone_C,3.47,1.69,73.5,3626.0,54.8,OK
2024-02-22 19:00:00,COMP-C02,Zone_C,3.48,1.81,74.0,3541.0,47.7,OK
2024-02-22 19:00:00,FAN-D01,Zone_B,1.43,0.68,45.5,1238.0,49.2,OK
2024-02-22 20:00:00,PUMP-A01,Zone_A,3.1,1.64,62.0,1722.0,48.5,OK
2024-02-22 20:00:00,PUMP-A02,Zone_A,2.62,1.25,59.0,1806.0,62.0,OK
2024-02-22 20:00:00,PUMP-B01,Zone_B,2.62,1.45,60.3,1817.0,63.8,OK
2024-02-22 20:00:00,COMP-C01,Zone_C,4.34,2.2,78.3,3646.0,56.9,OK
2024-02-22 20:00:00,COMP-C02,Zone_C,3.75,1.76,74.4,3643.0,58.1,OK
2024-02-22 20:00:00,FAN-D01,Zone_B,1.6,0.44,48.0,1249.0,57.8,OK
2024-02-22 21:00:00,PUMP-A01,Zone_A,3.37,1.64,62.7,1785.0,66.1,OK
2024-02-22 21:00:00,PUMP-A02,Zone_A,1.87,0.94,60.1,1821.0,63.8,OK
2024-02-22 21:00:00,PUMP-B01,Zone_B,1.92,1.11,60.8,1835.0,67.7,OK
2024-02-22 21:00:00,COMP-C01,Zone_C,4.45,2.17,80.5,3663.0,60.0,OK
2024-02-22 21:00:00,COMP-C02,Zone_C,3.68,1.82,70.9,3616.0,50.6,OK
2024-02-22 21:00:00,FAN-D01,Zone_B,1.75,0.92,48.7,1205.0,51.9,OK
2024-02-22 22:00:00,PUMP-A01,Zone_A,3.22,1.62,62.8,1839.0,67.6,OK
2024-02-22 22:00:00,PUMP-A02,Zone_A,2.65,1.13,59.5,1781.0,58.8,OK
2024-02-22 22:00:00,PUMP-B01,Zone_B,2.84,1.46,61.2,1777.0,60.2,OK
2024-02-22 22:00:00,COMP-C01,Zone_C,4.17,2.23,75.3,3679.0,57.3,OK
2024-02-22 22:00:00,COMP-C02,Zone_C,3.83,1.87,77.7,3704.0,63.1,OK
2024-02-22 22:00:00,FAN-D01,Zone_B,1.63,0.82,47.5,1220.0,60.6,OK
2024-02-22 23:00:00,PUMP-A01,Zone_A,3.43,1.78,60.4,1765.0,62.3,OK
2024-02-22 23:00:00,PUMP-A02,Zone_A,2.6,1.39,57.9,1800.0,69.6,OK
2024-02-22 23:00:00,PUMP-B01,Zone_B,3.05,1.56,59.6,1833.0,66.9,OK
2024-02-22 23:00:00,COMP-C01,Zone_C,3.64,1.84,75.6,3711.0,68.6,OK
2024-02-22 23:00:00,COMP-C02,Zone_C,3.51,1.76,75.6,3739.0,67.2,OK
2024-02-22 23:00:00,FAN-D01,Zone_B,1.5,0.69,47.4,1208.0,64.7,OK
2024-02-23 00:00:00,PUMP-A01,Zone_A,3.15,1.58,61.4,1780.0,69.4,SUSPECT
2024-02-23 00:00:00,PUMP-A02,Zone_A,2.59,1.39,62.6,1823.0,73.4,OK
2024-02-23 00:00:00,PUMP-B01,Zone_B,2.64,1.4,58.5,1796.0,65.4,OK
2024-02-23 00:00:00,COMP-C01,Zone_C,4.28,2.06,81.2,3792.0,75.0,OK
2024-02-23 00:00:00,COMP-C02,Zone_C,3.98,2.16,79.1,3752.0,72.4,OK
2024-02-23 00:00:00,FAN-D01,Zone_B,1.7,0.75,48.7,1239.0,74.8,OK
2024-02-23 01:00:00,PUMP-A01,Zone_A,3.53,1.8,61.7,1833.0,74.8,SUSPECT
2024-02-23 01:00:00,PUMP-A02,Zone_A,2.64,1.55,60.8,1803.0,67.0,OK
2024-02-23 01:00:00,PUMP-B01,Zone_B,2.69,1.28,61.5,1829.0,78.1,OK
2024-02-23 01:00:00,COMP-C01,Zone_C,3.97,1.82,77.6,3726.0,68.9,OK
2024-02-23 01:00:00,COMP-C02,Zone_C,3.63,1.88,75.9,3838.0,82.6,OK
2024-02-23 01:00:00,FAN-D01,Zone_B,1.75,0.82,49.3,1252.0,70.0,OK
2024-02-23 02:00:00,PUMP-A01,Zone_A,3.21,1.58,63.4,1808.0,77.1,OK
2024-02-23 02:00:00,PUMP-A02,Zone_A,2.15,1.0,60.5,1847.0,80.1,OK
2024-02-23 02:00:00,PUMP-B01,Zone_B,2.6,1.12,60.1,1831.0,75.9,OK
2024-02-23 02:00:00,COMP-C01,Zone_C,4.49,2.41,80.4,3853.0,80.2,OK
2024-02-23 02:00:00,COMP-C02,Zone_C,3.54,1.89,77.9,3767.0,75.6,OK
2024-02-23 02:00:00,FAN-D01,Zone_B,2.28,1.26,48.7,1259.0,77.6,OK
2024-02-23 03:00:00,PUMP-A01,Zone_A,3.64,1.75,64.6,1861.0,81.4,OK
2024-02-23 03:00:00,PUMP-A02,Zone_A,2.27,1.19,60.5,1843.0,81.2,OK
2024-02-23 03:00:00,PUMP-B01,Zone_B,2.38,1.18,60.7,1839.0,78.3,OK
2024-02-23 03:00:00,COMP-C01,Zone_C,4.62,2.13,80.9,3852.0,83.1,OK
2024-02-23 03:00:00,COMP-C02,Zone_C,3.05,1.47,76.8,3778.0,79.7,OK
2024-02-23 03:00:00,FAN-D01,Zone_B,1.51,0.87,47.1,1274.0,78.5,OK
2024-02-23 04:00:00,PUMP-A01,Zone_A,3.52,1.73,63.3,1844.0,79.6,OK
2024-02-23 04:00:00,PUMP-A02,Zone_A,2.37,1.29,59.8,1855.0,84.4,OK
2024-02-23 04:00:00,PUMP-B01,Zone_B,2.65,1.33,61.3,1850.0,75.0,OK
2024-02-23 04:00:00,COMP-C01,Zone_C,4.59,2.38,78.4,3826.0,81.5,OK
2024-02-23 04:00:00,COMP-C02,Zone_C,3.67,1.81,78.0,3898.0,92.1,OK
2024-02-23 04:00:00,FAN-D01,Zone_B,1.06,0.58,49.2,1298.0,80.6,OK
2024-02-23 05:00:00,PUMP-A01,Zone_A,3.66,1.76,60.0,1844.0,77.8,OK
2024-02-23 05:00:00,PUMP-A02,Zone_A,1.9,0.79,59.5,1885.0,93.0,OK
2024-02-23 05:00:00,PUMP-B01,Zone_B,2.39,1.2,61.8,1871.0,82.8,OK
2024-02-23 05:00:00,COMP-C01,Zone_C,4.23,2.15,80.8,3870.0,86.0,OK
2024-02-23 05:00:00,COMP-C02,Zone_C,3.76,1.97,79.7,3861.0,85.9,OK
2024-02-23 05:00:00,FAN-D01,Zone_B,1.34,0.63,47.6,1259.0,85.0,OK
2024-02-23 06:00:00,PUMP-A01,Zone_A,3.47,1.72,65.1,1875.0,86.8,OK
2024-02-23 06:00:00,PUMP-A02,Zone_A,2.64,1.44,60.6,1903.0,89.4,OK
2024-02-23 06:00:00,PUMP-B01,Zone_B,2.91,1.43,62.4,1909.0,87.8,OK
2024-02-23 06:00:00,COMP-C01,Zone_C,4.43,2.1,79.6,3821.0,82.2,OK
2024-02-23 06:00:00,COMP-C02,Zone_C,3.47,1.72,78.6,3927.0,90.4,OK
2024-02-23 06:00:00,FAN-D01,Zone_B,2.16,0.89,56.3,1249.0,98.0,OK
2024-02-23 07:00:00,PUMP-A01,Zone_A,3.07,1.56,64.5,1880.0,81.9,OK
2024-02-23 07:00:00,PUMP-A02,Zone_A,2.09,1.09,62.3,1867.0,86.6,OK
2024-02-23 07:00:00,PUMP-B01,Zone_B,3.44,1.67,65.3,1864.0,88.5,OK
2024-02-23 07:00:00,COMP-C01,Zone_C,4.05,1.85,79.6,3925.0,94.4,OK
2024-02-23 07:00:00,COMP-C02,Zone_C,3.64,1.76,79.8,3905.0,92.2,OK
2024-02-23 07:00:00,FAN-D01,Zone_B,1.8,0.84,50.5,1293.0,88.5,OK
2024-02-23 08:00:00,PUMP-A01,Zone_A,3.07,1.68,65.3,1863.0,87.8,OK
2024-02-23 08:00:00,PUMP-A02,Zone_A,1.95,0.99,61.0,1940.0,91.6,OK
2024-02-23 08:00:00,PUMP-B01,Zone_B,3.0,1.48,62.7,1870.0,88.2,OK
2024-02-23 08:00:00,COMP-C01,Zone_C,4.43,2.31,78.1,3813.0,81.7,OK
2024-02-23 08:00:00,COMP-C02,Zone_C,3.77,1.95,77.3,3845.0,86.2,OK
2024-02-23 08:00:00,FAN-D01,Zone_B,1.65,0.83,49.3,1274.0,83.3,OK
2024-02-23 09:00:00,PUMP-A01,Zone_A,3.83,1.78,63.2,1885.0,80.8,OK
2024-02-23 09:00:00,PUMP-A02,Zone_A,2.84,1.44,56.4,1877.0,87.7,OK
2024-02-23 09:00:00,PUMP-B01,Zone_B,2.53,1.22,61.3,1830.0,78.7,OK
2024-02-23 09:00:00,COMP-C01,Zone_C,4.4,2.24,82.5,3807.0,79.2,OK
2024-02-23 09:00:00,COMP-C02,Zone_C,3.6,1.74,82.5,3879.0,88.0,OK
2024-02-23 09:00:00,FAN-D01,Zone_B,1.57,0.89,51.7,1305.0,86.1,OK
2024-02-23 10:00:00,PUMP-A01,Zone_A,3.4,1.8,64.2,1848.0,78.7,OK
2024-02-23 10:00:00,PUMP-A02,Zone_A,2.56,1.23,60.0,1829.0,77.4,OK
2024-02-23 10:00:00,PUMP-B01,Zone_B,3.17,1.6,63.3,1832.0,74.9,OK
2024-02-23 10:00:00,COMP-C01,Zone_C,3.95,1.87,74.4,3848.0,80.0,OK
2024-02-23 10:00:00,COMP-C02,Zone_C,3.59,1.79,78.1,3769.0,76.2,OK
2024-02-23 10:00:00,FAN-D01,Zone_B,2.27,1.0,51.5,1257.0,80.0,OK
2024-02-23 11:00:00,PUMP-A01,Zone_A,3.43,1.77,60.0,1825.0,70.7,OK
2024-02-23 11:00:00,PUMP-A02,Zone_A,2.23,1.2,56.7,1843.0,82.0,OK
2024-02-23 11:00:00,PUMP-B01,Zone_B,2.23,1.09,60.3,1827.0,76.9,OK
2024-02-23 11:00:00,COMP-C01,Zone_C,3.92,1.99,78.5,3776.0,75.2,OK
2024-02-23 11:00:00,COMP-C02,Zone_C,3.09,1.61,76.2,3749.0,69.0,OK
2024-02-23 11:00:00,FAN-D01,Zone_B,1.81,0.74,46.4,1245.0,66.8,OK
2024-02-23 12:00:00,PUMP-A01,Zone_A,3.78,1.74,61.7,1798.0,75.6,OK
2024-02-23 12:00:00,PUMP-A02,Zone_A,2.84,1.34,63.8,1868.0,71.4,OK
2024-02-23 12:00:00,PUMP-B01,Zone_B,2.49,1.26,57.7,1800.0,58.4,OK
2024-02-23 12:00:00,COMP-C01,Zone_C,4.03,1.99,74.7,3734.0,68.3,OK
2024-02-23 12:00:00,COMP-C02,Zone_C,3.51,1.8,79.4,3685.0,62.0,OK
2024-02-23 12:00:00,FAN-D01,Zone_B,1.72,0.81,51.3,1236.0,74.1,OK
2024-02-23 13:00:00,PUMP-A01,Zone_A,3.38,1.61,63.0,1810.0,70.9,OK
2024-02-23 13:00:00,PUMP-A02,Zone_A,2.86,1.44,61.0,1878.0,71.5,OK
2024-02-23 13:00:00,PUMP-B01,Zone_B,2.25,1.15,56.9,1846.0,70.8,OK
2024-02-23 13:00:00,COMP-C01,Zone_C,3.34,1.63,76.7,3721.0,62.5,OK
2024-02-23 13:00:00,COMP-C02,Zone_C,3.19,1.57,74.6,3718.0,68.0,OK
2024-02-23 13:00:00,FAN-D01,Zone_B,2.23,1.11,49.6,1259.0,69.2,OK
2024-02-23 14:00:00,PUMP-A01,Zone_A,3.23,1.66,63.5,1765.0,62.6,OK
2024-02-23 14:00:00,PUMP-A02,Zone_A,2.44,1.25,60.9,1799.0,71.6,OK
2024-02-23 14:00:00,PUMP-B01,Zone_B,2.12,1.27,60.4,1786.0,63.2,OK
2024-02-23 14:00:00,COMP-C01,Zone_C,4.02,2.08,77.4,3670.0,64.5,OK
2024-02-23 14:00:00,COMP-C02,Zone_C,3.52,1.89,73.1,3675.0,63.8,OK
2024-02-23 14:00:00,FAN-D01,Zone_B,1.79,0.84,49.0,1226.0,58.0,OK
2024-02-23 15:00:00,PUMP-A01,Zone_A,2.59,1.39,57.8,1746.0,46.6,OK
2024-02-23 15:00:00,PUMP-A02,Zone_A,2.42,1.31,60.3,1792.0,57.9,OK
2024-02-23 15:00:00,PUMP-B01,Zone_B,2.84,1.5,61.1,1786.0,64.0,OK
2024-02-23 15:00:00,COMP-C01,Zone_C,4.37,2.32,74.6,3698.0,62.0,OK
2024-02-23 15:00:00,COMP-C02,Zone_C,3.24,1.67,73.9,3675.0,60.6,OK
2024-02-23 15:00:00,FAN-D01,Zone_B,2.06,0.99,50.0,1255.0,60.1,OK
2024-02-23 16:00:00,PUMP-A01,Zone_A,3.3,1.6,62.8,1784.0,59.3,OK
2024-02-23 16:00:00,PUMP-A02,Zone_A,1.99,1.1,57.7,1776.0,58.3,OK
2024-02-23 16:00:00,PUMP-B01,Zone_B,2.06,0.93,58.3,1802.0,62.1,OK
2024-02-23 16:00:00,COMP-C01,Zone_C,3.89,1.87,74.9,3610.0,53.8,OK
2024-02-23 16:00:00,COMP-C02,Zone_C,3.17,1.67,74.1,3632.0,60.6,OK
2024-02-23 16:00:00,FAN-D01,Zone_B,1.56,0.73,45.9,1204.0,51.0,OK
2024-02-23 17:00:00,PUMP-A01,Zone_A,2.8,1.41,56.8,1785.0,57.9,OK
2024-02-23 17:00:00,PUMP-A02,Zone_A,2.18,1.04,60.3,1787.0,61.4,OK
2024-02-23 17:00:00,PUMP-B01,Zone_B,2.34,1.18,58.2,1755.0,54.8,OK
2024-02-23 17:00:00,COMP-C01,Zone_C,4.48,2.02,75.3,3685.0,55.1,OK
2024-02-23 17:00:00,COMP-C02,Zone_C,3.58,1.92,76.1,3700.0,62.2,OK
2024-02-23 17:00:00,FAN-D01,Zone_B,1.61,0.93,50.3,1217.0,60.1,OK
2024-02-23 18:00:00,PUMP-A01,Zone_A,3.03,1.39,62.9,1755.0,53.4,OK
2024-02-23 18:00:00,PUMP-A02,Zone_A,2.58,1.39,60.7,1759.0,60.0,OK
2024-02-23 18:00:00,PUMP-B01,Zone_B,1.97,0.97,54.7,1725.0,51.6,OK
2024-02-23 18:00:00,COMP-C01,Zone_C,3.49,1.68,76.1,3626.0,54.1,OK
2024-02-23 18:00:00,COMP-C02,Zone_C,3.46,1.75,77.9,3634.0,55.0,OK
2024-02-23 18:00:00,FAN-D01,Zone_B,1.53,0.69,47.1,1226.0,54.9,OK
2024-02-23 19:00:00,PUMP-A01,Zone_A,3.82,1.85,58.8,1741.0,54.9,OK
2024-02-23 19:00:00,PUMP-A02,Zone_A,2.6,1.21,58.9,1793.0,59.1,OK
2024-02-23 19:00:00,PUMP-B01,Zone_B,2.37,1.1,59.2,1772.0,60.4,OK
2024-02-23 19:00:00,COMP-C01,Zone_C,3.82,1.84,78.3,3671.0,55.7,OK
2024-02-23 19:00:00,COMP-C02,Zone_C,3.55,1.86,72.8,3657.0,60.1,OK
2024-02-23 19:00:00,FAN-D01,Zone_B,1.27,0.6,48.8,1185.0,53.5,OK
2024-02-23 20:00:00,PUMP-A01,Zone_A,2.99,1.47,57.9,1739.0,49.5,OK
2024-02-23 20:00:00,PUMP-A02,Zone_A,1.7,0.83,57.7,1767.0,53.4,OK
2024-02-23 20:00:00,PUMP-B01,Zone_B,2.04,0.92,57.9,1784.0,62.6,OK
2024-02-23 20:00:00,COMP-C01,Zone_C,4.3,2.01,78.5,3678.0,59.4,OK
2024-02-23 20:00:00,COMP-C02,Zone_C,3.27,1.57,70.5,3600.0,56.0,OK
2024-02-23 20:00:00,FAN-D01,Zone_B,1.72,0.91,41.9,1276.0,67.5,OK
2024-02-23 21:00:00,PUMP-A01,Zone_A,3.15,1.62,62.0,1809.0,59.9,OK
2024-02-23 21:00:00,PUMP-A02,Zone_A,2.59,1.36,62.1,1759.0,54.0,OK
2024-02-23 21:00:00,PUMP-B01,Zone_B,2.43,1.24,61.4,1813.0,64.1,OK
2024-02-23 21:00:00,COMP-C01,Zone_C,3.95,1.95,80.0,3662.0,59.4,OK
2024-02-23 21:00:00,COMP-C02,Zone_C,2.95,1.51,77.1,3682.0,59.0,OK
2024-02-23 21:00:00,FAN-D01,Zone_B,1.66,0.87,48.2,1192.0,55.3,OK
2024-02-23 22:00:00,PUMP-A01,Zone_A,3.42,1.69,55.5,1767.0,62.4,SUSPECT
2024-02-23 22:00:00,PUMP-A02,Zone_A,2.78,1.5,61.3,1819.0,66.4,OK
2024-02-23 22:00:00,PUMP-B01,Zone_B,2.24,1.17,56.2,1733.0,56.1,OK
2024-02-23 22:00:00,COMP-C01,Zone_C,4.29,2.13,77.6,3633.0,54.5,OK
2024-02-23 22:00:00,COMP-C02,Zone_C,3.08,1.59,77.7,3668.0,60.7,OK
2024-02-23 22:00:00,FAN-D01,Zone_B,1.45,0.78,47.4,1226.0,60.0,OK
2024-02-23 23:00:00,PUMP-A01,Zone_A,3.47,1.84,61.3,1814.0,71.0,OK
2024-02-23 23:00:00,PUMP-A02,Zone_A,2.56,1.29,59.7,1797.0,66.1,OK
2024-02-23 23:00:00,PUMP-B01,Zone_B,2.3,1.24,58.2,1798.0,68.3,OK
2024-02-23 23:00:00,COMP-C01,Zone_C,3.83,2.09,78.0,3742.0,70.2,OK
2024-02-23 23:00:00,COMP-C02,Zone_C,3.19,1.63,80.8,3712.0,64.6,OK
2024-02-23 23:00:00,FAN-D01,Zone_B,1.26,0.51,47.3,1194.0,55.1,OK
2024-02-24 00:00:00,PUMP-A01,Zone_A,2.85,1.4,58.5,1806.0,66.7,OK
2024-02-24 00:00:00,PUMP-A02,Zone_A,2.37,1.2,56.1,1823.0,69.7,SUSPECT
2024-02-24 00:00:00,PUMP-B01,Zone_B,2.49,1.33,59.3,1818.0,69.3,OK
2024-02-24 00:00:00,COMP-C01,Zone_C,4.14,1.88,77.4,3697.0,66.4,OK
2024-02-24 00:00:00,COMP-C02,Zone_C,3.82,1.83,74.3,3786.0,76.0,OK
2024-02-24 00:00:00,FAN-D01,Zone_B,1.37,0.62,47.2,1227.0,61.8,OK
2024-02-24 01:00:00,PUMP-A01,Zone_A,3.46,1.76,68.5,1827.0,79.4,OK
2024-02-24 01:00:00,PUMP-A02,Zone_A,2.28,1.38,58.3,1835.0,72.3,OK
2024-02-24 01:00:00,PUMP-B01,Zone_B,2.43,1.17,57.9,1880.0,77.7,OK
2024-02-24 01:00:00,COMP-C01,Zone_C,3.98,2.05,79.6,3784.0,76.5,OK
2024-02-24 01:00:00,COMP-C02,Zone_C,3.46,1.58,76.2,3809.0,77.4,OK
2024-02-24 01:00:00,FAN-D01,Zone_B,1.59,0.77,48.8,1280.0,68.8,OK
2024-02-24 02:00:00,PUMP-A01,Zone_A,3.23,1.82,61.4,1848.0,79.9,OK
2024-02-24 02:00:00,PUMP-A02,Zone_A,2.71,1.27,60.1,1886.0,80.8,OK
2024-02-24 02:00:00,PUMP-B01,Zone_B,2.73,1.63,62.2,1842.0,79.5,OK
2024-02-24 02:00:00,COMP-C01,Zone_C,4.02,2.07,80.8,3785.0,80.6,OK
2024-02-24 02:00:00,COMP-C02,Zone_C,3.67,1.78,78.6,3810.0,75.8,OK
2024-02-24 02:00:00,FAN-D01,Zone_B,2.0,1.09,49.4,1278.0,73.9,OK
2024-02-24 03:00:00,PUMP-A01,Zone_A,3.51,1.78,62.4,1958.0,95.4,OK
2024-02-24 03:00:00,PUMP-A02,Zone_A,3.18,1.64,64.0,1857.0,84.6,OK
2024-02-24 03:00:00,PUMP-B01,Zone_B,3.11,1.49,63.4,1848.0,78.3,OK
2024-02-24 03:00:00,COMP-C01,Zone_C,3.69,1.85,78.2,3794.0,77.7,OK
2024-02-24 03:00:00,COMP-C02,Zone_C,3.51,1.61,81.9,3827.0,82.9,OK
2024-02-24 03:00:00,FAN-D01,Zone_B,2.31,1.28,52.7,1279.0,82.0,OK
2024-02-24 04:00:00,PUMP-A01,Zone_A,2.98,1.47,62.8,1829.0,82.3,OK
2024-02-24 04:00:00,PUMP-A02,Zone_A,2.53,1.36,58.6,1886.0,87.1,OK
2024-02-24 04:00:00,PUMP-B01,Zone_B,2.44,1.24,59.2,1909.0,84.7,OK
2024-02-24 04:00:00,COMP-C01,Zone_C,4.35,2.26,82.3,3898.0,85.9,OK
2024-02-24 04:00:00,COMP-C02,Zone_C,4.06,1.91,78.7,3768.0,75.5,OK
2024-02-24 04:00:00,FAN-D01,Zone_B,2.14,1.04,52.1,1281.0,76.0,OK
2024-02-24 05:00:00,PUMP-A01,Zone_A,3.0,1.51,61.6,1840.0,79.2,OK
2024-02-24 05:00:00,PUMP-A02,Zone_A,2.28,1.14,64.2,1893.0,86.9,OK
2024-02-24 05:00:00,PUMP-B01,Zone_B,2.49,1.42,61.2,1858.0,80.8,OK
2024-02-24 05:00:00,COMP-C01,Zone_C,4.28,2.27,79.1,3877.0,86.1,OK
2024-02-24 05:00:00,COMP-C02,Zone_C,3.92,2.01,81.2,3863.0,87.0,OK
2024-02-24 05:00:00,FAN-D01,Zone_B,1.45,0.8,52.0,1303.0,84.9,OK
2024-02-24 06:00:00,PUMP-A01,Zone_A,3.06,1.55,60.1,1885.0,83.7,OK
2024-02-24 06:00:00,PUMP-A02,Zone_A,2.52,1.13,59.6,1888.0,84.5,OK
2024-02-24 06:00:00,PUMP-B01,Zone_B,2.62,1.46,64.8,1853.0,82.6,OK
2024-02-24 06:00:00,COMP-C01,Zone_C,3.85,1.92,80.1,3832.0,83.8,OK
2024-02-24 06:00:00,COMP-C02,Zone_C,3.73,1.83,78.7,3905.0,91.6,OK
2024-02-24 06:00:00,FAN-D01,Zone_B,2.77,1.46,53.5,1302.0,87.7,OK
2024-02-24 07:00:00,PUMP-A01,Zone_A,3.52,1.64,63.9,1867.0,84.5,OK
2024-02-24 07:00:00,PUMP-A02,Zone_A,2.69,1.54,61.7,1906.0,93.0,OK
2024-02-24 07:00:00,PUMP-B01,Zone_B,2.76,1.39,60.3,1837.0,84.8,OK
2024-02-24 07:00:00,COMP-C01,Zone_C,4.05,1.82,79.7,3838.0,85.3,OK
2024-02-24 07:00:00,COMP-C02,Zone_C,3.38,1.6,78.5,3860.0,84.9,OK
2024-02-24 07:00:00,FAN-D01,Zone_B,1.83,0.78,48.4,1314.0,85.0,OK
2024-02-24 08:00:00,PUMP-A01,Zone_A,3.4,1.76,60.6,1844.0,79.5,OK
2024-02-24 08:00:00,PUMP-A02,Zone_A,2.87,1.33,61.1,1847.0,82.6,OK
2024-02-24 08:00:00,PUMP-B01,Zone_B,2.62,1.26,57.8,1869.0,81.0,OK
2024-02-24 08:00:00,COMP-C01,Zone_C,4.23,2.08,79.1,3866.0,87.2,OK
2024-02-24 08:00:00,COMP-C02,Zone_C,3.67,1.77,75.8,3805.0,78.5,OK
2024-02-24 08:00:00,FAN-D01,Zone_B,1.92,0.74,50.2,1274.0,81.2,OK
2024-02-24 09:00:00,PUMP-A01,Zone_A,3.91,1.82,61.4,1889.0,83.9,OK
2024-02-24 09:00:00,PUMP-A02,Zone_A,3.09,1.32,61.4,1878.0,86.4,OK
2024-02-24 09:00:00,PUMP-B01,Zone_B,3.09,1.51,60.4,1867.0,81.5,OK
2024-02-24 09:00:00,COMP-C01,Zone_C,4.43,2.4,81.1,3861.0,85.2,OK
2024-02-24 09:00:00,COMP-C02,Zone_C,3.11,1.45,78.0,3803.0,77.0,OK
2024-02-24 09:00:00,FAN-D01,Zone_B,1.69,0.85,50.3,1265.0,80.3,OK
2024-02-24 10:00:00,PUMP-A01,Zone_A,3.94,2.07,63.2,1857.0,80.5,OK
2024-02-24 10:00:00,PUMP-A02,Zone_A,2.98,1.56,63.5,1865.0,81.3,OK
2024-02-24 10:00:00,PUMP-B01,Zone_B,3.1,1.6,63.4,1840.0,80.2,OK
2024-02-24 10:00:00,COMP-C01,Zone_C,4.3,2.0,77.4,3823.0,77.8,OK
2024-02-24 10:00:00,COMP-C02,Zone_C,3.81,1.96,79.2,3756.0,70.5,OK
2024-02-24 10:00:00,FAN-D01,Zone_B,2.1,1.26,50.7,1301.0,90.4,OK
2024-02-24 11:00:00,PUMP-A01,Zone_A,2.91,1.61,59.5,1817.0,74.0,OK
2024-02-24 11:00:00,PUMP-A02,Zone_A,2.45,1.09,59.8,1837.0,74.2,OK
2024-02-24 11:00:00,PUMP-B01,Zone_B,2.22,1.08,62.0,1854.0,71.7,OK
2024-02-24 11:00:00,COMP-C01,Zone_C,3.91,1.97,79.9,3794.0,75.6,OK
2024-02-24 11:00:00,COMP-C02,Zone_C,3.86,1.86,73.7,3766.0,73.4,OK
2024-02-24 11:00:00,FAN-D01,Zone_B,1.6,0.79,48.2,1231.0,72.8,OK
2024-02-24 12:00:00,PUMP-A01,Zone_A,3.51,1.78,63.3,1778.0,73.3,OK
2024-02-24 12:00:00,PUMP-A02,Zone_A,2.93,1.39,62.5,1795.0,60.4,OK
2024-02-24 12:00:00,PUMP-B01,Zone_B,2.81,1.43,60.5,1825.0,66.9,OK
2024-02-24 12:00:00,COMP-C01,Zone_C,4.11,2.09,77.6,3692.0,68.3,OK
2024-02-24 12:00:00,COMP-C02,Zone_C,3.65,1.92,80.8,3745.0,67.4,OK
2024-02-24 12:00:00,FAN-D01,Zone_B,1.49,0.79,48.2,1224.0,57.1,OK
2024-02-24 13:00:00,PUMP-A01,Zone_A,3.55,1.86,61.8,1817.0,67.3,OK
2024-02-24 13:00:00,PUMP-A02,Zone_A,2.65,1.46,61.0,1753.0,65.2,OK
2024-02-24 13:00:00,PUMP-B01,Zone_B,2.81,1.37,62.6,1803.0,63.5,OK
2024-02-24 13:00:00,COMP-C01,Zone_C,4.13,2.04,79.0,3762.0,71.7,OK
2024-02-24 13:00:00,COMP-C02,Zone_C,3.97,1.94,76.9,3602.0,51.6,SUSPECT
2024-02-24 13:00:00,FAN-D01,Zone_B,0.94,0.29,45.9,1258.0,69.6,OK
2024-02-24 14:00:00,PUMP-A01,Zone_A,3.1,1.63,59.7,1777.0,54.4,OK
2024-02-24 14:00:00,PUMP-A02,Zone_A,2.22,1.22,57.5,1790.0,55.6,OK
2024-02-24 14:00:00,PUMP-B01,Zone_B,2.22,0.97,60.0,1758.0,53.6,OK
2024-02-24 14:00:00,COMP-C01,Zone_C,4.54,2.35,82.2,3633.0,59.3,OK
2024-02-24 14:00:00,COMP-C02,Zone_C,3.07,1.68,70.3,3656.0,57.1,OK
2024-02-24 14:00:00,FAN-D01,Zone_B,1.8,0.86,45.2,1253.0,63.9,OK
2024-02-24 15:00:00,PUMP-A01,Zone_A,3.06,1.53,58.2,1764.0,58.6,OK
2024-02-24 15:00:00,PUMP-A02,Zone_A,2.44,1.18,61.0,1773.0,59.3,OK
2024-02-24 15:00:00,PUMP-B01,Zone_B,2.46,1.23,54.0,1764.0,62.3,OK
2024-02-24 15:00:00,COMP-C01,Zone_C,3.78,1.92,77.7,3634.0,56.9,OK
2024-02-24 15:00:00,COMP-C02,Zone_C,3.22,1.46,76.9,3714.0,64.3,OK
2024-02-24 15:00:00,FAN-D01,Zone_B,1.49,0.72,46.5,1212.0,53.5,OK
2024-02-24 16:00:00,PUMP-A01,Zone_A,3.03,1.58,59.6,1793.0,51.0,OK
2024-02-24 16:00:00,PUMP-A02,Zone_A,1.66,0.8,58.9,1749.0,54.5,OK
2024-02-24 16:00:00,PUMP-B01,Zone_B,2.26,1.01,58.9,1747.0,55.5,OK
2024-02-24 16:00:00,COMP-C01,Zone_C,3.68,1.69,78.3,3646.0,57.5,OK
2024-02-24 16:00:00,COMP-C02,Zone_C,3.45,1.47,74.4,3640.0,58.7,OK
2024-02-24 16:00:00,FAN-D01,Zone_B,2.11,1.0,48.1,1212.0,57.5,OK
2024-02-24 17:00:00,PUMP-A01,Zone_A,2.93,1.51,58.6,1713.0,45.9,OK
2024-02-24 17:00:00,PUMP-A02,Zone_A,2.17,1.19,55.6,1747.0,48.9,OK
2024-02-24 17:00:00,PUMP-B01,Zone_B,2.5,1.33,59.2,1786.0,53.7,OK
2024-02-24 17:00:00,COMP-C01,Zone_C,3.83,1.84,76.0,3682.0,57.8,OK
2024-02-24 17:00:00,COMP-C02,Zone_C,3.55,1.8,75.5,3598.0,50.5,OK
2024-02-24 17:00:00,FAN-D01,Zone_B,2.18,1.11,48.2,1244.0,61.1,OK
2024-02-24 18:00:00,PUMP-A01,Zone_A,3.45,1.7,59.1,1749.0,51.1,OK
2024-02-24 18:00:00,PUMP-A02,Zone_A,1.76,0.79,58.5,1734.0,53.6,OK
2024-02-24 18:00:00,PUMP-B01,Zone_B,2.38,1.21,59.4,1781.0,57.7,OK
2024-02-24 18:00:00,COMP-C01,Zone_C,3.66,1.7,73.5,3599.0,53.9,OK
2024-02-24 18:00:00,COMP-C02,Zone_C,3.73,1.81,77.1,3612.0,46.6,OK
2024-02-24 18:00:00,FAN-D01,Zone_B,1.98,1.07,52.8,1207.0,60.2,OK
2024-02-24 19:00:00,PUMP-A01,Zone_A,3.68,1.94,62.0,1746.0,46.0,OK
2024-02-24 19:00:00,PUMP-A02,Zone_A,2.38,1.14,61.3,1740.0,48.3,OK
2024-02-24 19:00:00,PUMP-B01,Zone_B,2.19,1.08,56.4,1760.0,53.6,OK
2024-02-24 19:00:00,COMP-C01,Zone_C,3.84,1.73,78.0,3625.0,55.3,OK
2024-02-24 19:00:00,COMP-C02,Zone_C,3.71,1.87,77.7,3689.0,61.5,OK
2024-02-24 19:00:00,FAN-D01,Zone_B,1.87,0.92,52.9,1200.0,60.5,OK
2024-02-24 20:00:00,PUMP-A01,Zone_A,3.12,1.63,58.3,1748.0,53.4,OK
2024-02-24 20:00:00,PUMP-A02,Zone_A,2.8,1.36,53.7,1792.0,61.5,OK
2024-02-24 20:00:00,PUMP-B01,Zone_B,2.36,1.13,57.5,1780.0,59.2,OK
2024-02-24 20:00:00,COMP-C01,Zone_C,4.04,1.82,78.8,3731.0,65.5,OK
2024-02-24 20:00:00,COMP-C02,Zone_C,3.22,1.59,73.2,3732.0,62.6,OK
2024-02-24 20:00:00,FAN-D01,Zone_B,1.52,0.75,50.6,1224.0,66.3,OK
2024-02-24 21:00:00,PUMP-A01,Zone_A,3.26,1.52,62.4,1820.0,71.3,OK
2024-02-24 21:00:00,PUMP-A02,Zone_A,2.14,1.27,57.3,1787.0,63.8,OK
2024-02-24 21:00:00,PUMP-B01,Zone_B,2.73,1.35,55.9,1766.0,53.4,OK
2024-02-24 21:00:00,COMP-C01,Zone_C,4.16,2.13,77.4,3658.0,59.6,OK
2024-02-24 21:00:00,COMP-C02,Zone_C,3.53,1.83,77.5,3664.0,60.0,OK
2024-02-24 21:00:00,FAN-D01,Zone_B,1.65,0.75,49.9,1204.0,57.9,OK
2024-02-24 22:00:00,PUMP-A01,Zone_A,3.1,1.55,57.3,1791.0,59.3,OK
2024-02-24 22:00:00,PUMP-A02,Zone_A,2.37,1.22,58.1,1814.0,69.5,OK
2024-02-24 22:00:00,PUMP-B01,Zone_B,2.34,1.23,59.9,1783.0,57.6,OK
2024-02-24 22:00:00,COMP-C01,Zone_C,4.47,2.26,78.5,3671.0,60.9,OK
2024-02-24 22:00:00,COMP-C02,Zone_C,3.19,1.8,76.5,3673.0,61.5,OK
2024-02-24 22:00:00,FAN-D01,Zone_B,1.22,0.61,45.5,1255.0,62.8,OK
2024-02-24 23:00:00,PUMP-A01,Zone_A,3.46,1.7,60.6,1822.0,68.8,OK
2024-02-24 23:00:00,PUMP-A02,Zone_A,2.37,1.2,57.5,1767.0,67.3,OK
2024-02-24 23:00:00,PUMP-B01,Zone_B,3.07,1.66,61.6,1792.0,62.3,OK
2024-02-24 23:00:00,COMP-C01,Zone_C,3.98,2.01,80.4,3789.0,75.2,OK
2024-02-24 23:00:00,COMP-C02,Zone_C,4.23,2.11,83.5,3713.0,73.2,OK
2024-02-24 23:00:00,FAN-D01,Zone_B,2.05,0.89,49.7,1252.0,74.8,SUSPECT
2024-02-25 00:00:00,PUMP-A01,Zone_A,3.28,1.8,63.5,1785.0,74.7,OK
2024-02-25 00:00:00,PUMP-A02,Zone_A,2.38,1.05,59.3,1798.0,62.4,OK
2024-02-25 00:00:00,PUMP-B01,Zone_B,2.68,1.59,62.1,1845.0,73.1,OK
2024-02-25 00:00:00,COMP-C01,Zone_C,4.35,2.07,78.4,3759.0,74.8,OK
2024-02-25 00:00:00,COMP-C02,Zone_C,3.64,1.93,78.1,3736.0,65.5,OK
2024-02-25 00:00:00,FAN-D01,Zone_B,2.0,1.11,48.2,1232.0,70.9,OK
2024-02-25 01:00:00,PUMP-A01,Zone_A,3.46,1.74,60.8,1865.0,70.6,OK
2024-02-25 01:00:00,PUMP-A02,Zone_A,2.72,1.4,59.1,1851.0,78.5,OK
2024-02-25 01:00:00,PUMP-B01,Zone_B,2.06,0.94,61.5,1819.0,76.3,OK
2024-02-25 01:00:00,COMP-C01,Zone_C,4.08,2.14,80.2,3827.0,75.7,OK
2024-02-25 01:00:00,COMP-C02,Zone_C,3.52,1.66,76.2,3770.0,75.6,OK
2024-02-25 01:00:00,FAN-D01,Zone_B,1.98,0.85,48.8,1250.0,68.2,OK
2024-02-25 02:00:00,PUMP-A01,Zone_A,3.54,1.88,59.5,1814.0,75.0,OK
2024-02-25 02:00:00,PUMP-A02,Zone_A,3.29,1.67,61.0,1844.0,76.9,OK
2024-02-25 02:00:00,PUMP-B01,Zone_B,2.5,1.41,59.8,1871.0,81.2,OK
2024-02-25 02:00:00,COMP-C01,Zone_C,3.99,2.07,76.4,3686.0,63.6,OK
2024-02-25 02:00:00,COMP-C02,Zone_C,3.27,1.58,78.9,3827.0,79.8,OK
2024-02-25 02:00:00,FAN-D01,Zone_B,2.11,0.93,50.2,1283.0,78.0,OK
2024-02-25 03:00:00,PUMP-A01,Zone_A,3.17,1.71,62.0,1841.0,71.8,OK
2024-02-25 03:00:00,PUMP-A02,Zone_A,2.32,1.2,61.9,1884.0,78.9,OK
2024-02-25 03:00:00,PUMP-B01,Zone_B,2.84,1.49,61.4,1879.0,84.7,OK
2024-02-25 03:00:00,COMP-C01,Zone_C,4.28,1.95,78.8,3817.0,78.4,OK
2024-02-25 03:00:00,COMP-C02,Zone_C,3.63,1.92,77.3,3781.0,74.4,OK
2024-02-25 03:00:00,FAN-D01,Zone_B,1.96,1.02,53.1,1293.0,85.9,OK
2024-02-25 04:00:00,PUMP-A01,Zone_A,3.58,2.02,64.9,1862.0,87.2,OK
2024-02-25 04:00:00,PUMP-A02,Zone_A,2.68,1.3,59.7,1870.0,78.9,OK
2024-02-25 04:00:00,PUMP-B01,Zone_B,2.5,1.11,61.4,1862.0,86.7,OK
2024-02-25 04:00:00,COMP-C01,Zone_C,4.07,2.03,78.4,3766.0,73.3,OK
2024-02-25 04:00:00,COMP-C02,Zone_C,3.12,1.63,76.8,3838.0,82.2,OK
2024-02-25 04:00:00,FAN-D01,Zone_B,1.46,0.67,48.9,1290.0,80.0,OK
2024-02-25 05:00:00,PUMP-A01,Zone_A,3.13,1.64,59.6,1861.0,84.5,OK
2024-02-25 05:00:00,PUMP-A02,Zone_A,2.98,1.43,63.9,1869.0,87.1,OK
2024-02-25 05:00:00,PUMP-B01,Zone_B,2.41,1.2,61.2,1851.0,84.4,OK
2024-02-25 05:00:00,COMP-C01,Zone_C,4.0,2.0,79.9,3839.0,90.8,OK
2024-02-25 05:00:00,COMP-C02,Zone_C,3.38,1.82,77.9,3855.0,89.3,OK
2024-02-25 05:00:00,FAN-D01,Zone_B,1.85,0.9,51.1,1291.0,91.4,OK
2024-02-25 06:00:00,PUMP-A01,Zone_A,3.71,1.79,67.7,1894.0,93.4,OK
2024-02-25 06:00:00,PUMP-A02,Zone_A,2.84,1.5,63.3,1849.0,86.5,OK
2024-02-25 06:00:00,PUMP-B01,Zone_B,2.66,1.35,60.1,1868.0,85.4,OK
2024-02-25 06:00:00,COMP-C01,Zone_C,4.08,2.07,80.7,3892.0,84.2,OK
2024-02-25 06:00:00,COMP-C02,Zone_C,4.06,2.11,75.5,3774.0,76.4,OK
2024-02-25 06:00:00,FAN-D01,Zone_B,1.96,0.99,52.8,1284.0,87.4,OK
2024-02-25 07:00:00,PUMP-A01,Zone_A,3.13,1.41,65.7,1849.0,85.6,OK
2024-02-25 07:00:00,PUMP-A02,Zone_A,3.18,1.62,58.9,1838.0,76.3,OK
2024-02-25 07:00:00,PUMP-B01,Zone_B,2.37,1.27,61.8,1849.0,80.1,OK
2024-02-25 07:00:00,COMP-C01,Zone_C,4.47,2.22,80.9,3850.0,85.7,OK
2024-02-25 07:00:00,COMP-C02,Zone_C,3.82,1.97,77.0,3874.0,85.2,OK
2024-02-25 07:00:00,FAN-D01,Zone_B,2.05,0.95,53.1,1303.0,87.1,OK
2024-02-25 08:00:00,PUMP-A01,Zone_A,3.3,1.59,61.7,1868.0,82.7,OK
2024-02-25 08:00:00,PUMP-A02,Zone_A,3.14,1.57,63.5,1868.0,82.4,SUSPECT
2024-02-25 08:00:00,PUMP-B01,Zone_B,2.62,1.29,59.9,1878.0,86.8,OK
2024-02-25 08:00:00,COMP-C01,Zone_C,4.23,2.03,80.5,3902.0,88.2,OK
2024-02-25 08:00:00,COMP-C02,Zone_C,4.07,2.09,82.9,3864.0,88.2,OK
2024-02-25 08:00:00,FAN-D01,Zone_B,2.34,1.26,50.1,1271.0,78.1,OK
2024-02-25 09:00:00,PUMP-A01,Zone_A,3.88,1.95,62.9,1859.0,81.1,OK
2024-02-25 09:00:00,PUMP-A02,Zone_A,2.8,1.12,61.9,1854.0,80.2,OK
2024-02-25 09:00:00,PUMP-B01,Zone_B,2.62,1.27,62.3,1893.0,83.1,OK
2024-02-25 09:00:00,COMP-C01,Zone_C,4.65,2.43,80.5,3896.0,89.3,OK
2024-02-25 09:00:00,COMP-C02,Zone_C,3.03,1.44,79.4,3822.0,80.7,OK
2024-02-25 09:00:00,FAN-D01,Zone_B,1.74,0.88,52.5,1232.0,79.3,OK
2024-02-25 10:00:00,PUMP-A01,Zone_A,3.4,1.58,61.0,1851.0,81.5,OK
2024-02-25 10:00:00,PUMP-A02,Zone_A,2.69,1.18,62.7,1844.0,75.9,OK
2024-02-25 10:00:00,PUMP-B01,Zone_B,2.52,1.1,59.6,1859.0,76.1,OK
2024-02-25 10:00:00,COMP-C01,Zone_C,3.97,2.03,77.4,3736.0,66.1,OK
2024-02-25 10:00:00,COMP-C02,Zone_C,3.17,1.69,78.7,3736.0,70.8,OK
2024-02-25 10:00:00,FAN-D01,Zone_B,1.97,0.95,50.0,1249.0,79.3,OK
2024-02-25 11:00:00,PUMP-A01,Zone_A,3.54,1.95,63.3,1824.0,70.9,OK
2024-02-25 11:00:00,PUMP-A02,Zone_A,2.67,1.34,62.1,1890.0,85.3,OK
2024-02-25 11:00:00,PUMP-B01,Zone_B,2.66,1.19,62.0,1837.0,73.0,OK
2024-02-25 11:00:00,COMP-C01,Zone_C,4.17,2.04,75.8,3723.0,66.5,OK
2024-02-25 11:00:00,COMP-C02,Zone_C,3.17,1.47,76.6,3759.0,68.9,OK
2024-02-25 11:00:00,FAN-D01,Zone_B,1.88,0.91,46.5,1248.0,73.6,OK
2024-02-25 12:00:00,PUMP-A01,Zone_A,3.34,1.53,63.2,1820.0,70.2,OK
2024-02-25 12:00:00,PUMP-A02,Zone_A,2.83,1.53,60.2,1827.0,75.2,OK
2024-02-25 12:00:00,PUMP-B01,Zone_B,2.59,1.32,61.1,1835.0,74.2,OK
2024-02-25 12:00:00,COMP-C01,Zone_C,4.17,2.03,80.8,3799.0,73.2,OK
2024-02-25 12:00:00,COMP-C02,Zone_C,2.75,1.42,75.5,3798.0,74.4,OK
2024-02-25 12:00:00,FAN-D01,Zone_B,1.91,1.03,50.3,1221.0,70.4,OK
2024-02-25 13:00:00,PUMP-A01,Zone_A,3.28,1.79,59.5,1774.0,61.8,OK
2024-02-25 13:00:00,PUMP-A02,Zone_A,3.02,1.51,57.8,1805.0,64.1,OK
2024-02-25 13:00:00,PUMP-B01,Zone_B,3.08,1.47,65.3,1807.0,65.2,OK
2024-02-25 13:00:00,COMP-C01,Zone_C,4.26,2.3,76.7,3753.0,69.8,OK
2024-02-25 13:00:00,COMP-C02,Zone_C,3.39,1.75,76.0,3649.0,61.4,OK
2024-02-25 13:00:00,FAN-D01,Zone_B,1.4,0.73,48.7,1275.0,69.1,OK
2024-02-25 14:00:00,PUMP-A01,Zone_A,3.15,1.69,57.5,1811.0,63.8,OK
2024-02-25 14:00:00,PUMP-A02,Zone_A,2.46,1.16,60.7,1810.0,70.9,OK
2024-02-25 14:00:00,PUMP-B01,Zone_B,2.37,1.27,58.8,1786.0,58.6,OK
2024-02-25 14:00:00,COMP-C01,Zone_C,4.84,2.53,78.4,3656.0,60.4,OK
2024-02-25 14:00:00,COMP-C02,Zone_C,3.19,1.61,70.5,3594.0,49.1,OK
2024-02-25 14:00:00,FAN-D01,Zone_B,2.0,1.15,49.6,1249.0,75.6,OK
2024-02-25 15:00:00,PUMP-A01,Zone_A,3.12,1.56,61.0,1730.0,53.0,OK
2024-02-25 15:00:00,PUMP-A02,Zone_A,2.76,1.46,58.5,1780.0,66.8,OK
2024-02-25 15:00:00,PUMP-B01,Zone_B,2.27,1.11,56.2,1816.0,65.7,OK
2024-02-25 15:00:00,COMP-C01,Zone_C,3.74,2.0,77.2,3718.0,62.5,OK
2024-02-25 15:00:00,COMP-C02,Zone_C,3.31,1.75,72.8,3653.0,58.5,OK
2024-02-25 15:00:00,FAN-D01,Zone_B,1.54,0.71,44.7,1238.0,59.7,OK
2024-02-25 16:00:00,PUMP-A01,Zone_A,3.69,1.8,60.3,1788.0,60.2,OK
2024-02-25 16:00:00,PUMP-A02,Zone_A,2.72,1.48,57.1,1784.0,63.2,OK
2024-02-25 16:00:00,PUMP-B01,Zone_B,2.27,1.11,59.6,1795.0,63.8,OK
2024-02-25 16:00:00,COMP-C01,Zone_C,3.3,1.75,77.5,3712.0,64.3,OK
2024-02-25 16:00:00,COMP-C02,Zone_C,3.54,1.89,74.4,3605.0,50.8,OK
2024-02-25 16:00:00,FAN-D01,Zone_B,1.92,0.93,48.5,1229.0,57.9,OK
2024-02-25 17:00:00,PUMP-A01,Zone_A,3.03,1.38,62.3,1734.0,60.8,OK
2024-02-25 17:00:00,PUMP-A02,Zone_A,2.51,1.31,59.2,1794.0,62.3,OK
2024-02-25 17:00:00,PUMP-B01,Zone_B,2.87,1.37,59.4,1797.0,62.4,OK
2024-02-25 17:00:00,COMP-C01,Zone_C,3.49,1.72,75.0,3635.0,57.8,OK
2024-02-25 17:00:00,COMP-C02,Zone_C,3.66,1.76,78.4,3590.0,47.3,OK
2024-02-25 17:00:00,FAN-D01,Zone_B,1.46,0.72,45.2,1210.0,59.9,OK
2024-02-25 18:00:00,PUMP-A01,Zone_A,3.22,1.53,58.8,1796.0,52.2,OK
2024-02-25 18:00:00,PUMP-A02,Zone_A,2.08,1.0,55.8,1757.0,57.1,OK
2024-02-25 18:00:00,PUMP-B01,Zone_B,2.06,1.12,59.2,1729.0,50.4,OK
2024-02-25 18:00:00,COMP-C01,Zone_C,4.71,2.28,77.5,3650.0,56.4,OK
2024-02-25 18:00:00,COMP-C02,Zone_C,3.35,1.68,77.0,3572.0,49.6,OK
2024-02-25 18:00:00,FAN-D01,Zone_B,1.33,0.57,43.3,1204.0,51.0,OK
2024-02-25 19:00:00,PUMP-A01,Zone_A,3.25,1.64,60.5,1788.0,53.2,OK
2024-02-25 19:00:00,PUMP-A02,Zone_A,2.57,1.61,65.3,1788.0,58.8,SUSPECT
2024-02-25 19:00:00,PUMP-B01,Zone_B,2.41,1.27,59.6,1803.0,63.3,OK
2024-02-25 19:00:00,COMP-C01,Zone_C,4.67,2.24,80.2,3624.0,51.8,OK
2024-02-25 19:00:00,COMP-C02,Zone_C,4.21,1.96,79.2,3645.0,59.3,OK
2024-02-25 19:00:00,FAN-D01,Zone_B,1.34,0.72,44.5,1230.0,53.1,OK
2024-02-25 20:00:00,PUMP-A01,Zone_A,3.04,1.55,60.1,1761.0,50.0,OK
2024-02-25 20:00:00,PUMP-A02,Zone_A,2.4,1.23,59.7,1716.0,48.4,OK
2024-02-25 20:00:00,PUMP-B01,Zone_B,2.81,1.5,59.5,1821.0,66.4,OK
2024-02-25 20:00:00,COMP-C01,Zone_C,4.2,2.16,77.6,3681.0,57.5,OK
2024-02-25 20:00:00,COMP-C02,Zone_C,3.26,1.68,74.7,3631.0,54.2,OK
2024-02-25 20:00:00,FAN-D01,Zone_B,1.35,0.73,45.7,1157.0,48.6,OK
2024-02-25 21:00:00,PUMP-A01,Zone_A,3.55,1.9,61.8,1781.0,65.4,OK
2024-02-25 21:00:00,PUMP-A02,Zone_A,2.01,1.03,57.1,1754.0,54.4,OK
2024-02-25 21:00:00,PUMP-B01,Zone_B,2.85,1.32,53.3,1779.0,62.0,OK
2024-02-25 21:00:00,COMP-C01,Zone_C,4.21,2.15,75.6,3614.0,55.5,OK
2024-02-25 21:00:00,COMP-C02,Zone_C,4.03,2.02,73.0,3671.0,61.3,OK
2024-02-25 21:00:00,FAN-D01,Zone_B,1.69,0.89,50.1,1182.0,52.5,OK
2024-02-25 22:00:00,PUMP-A01,Zone_A,3.58,1.66,59.0,1783.0,54.3,OK
2024-02-25 22:00:00,PUMP-A02,Zone_A,2.19,1.34,60.5,1807.0,65.0,OK
2024-02-25 22:00:00,PUMP-B01,Zone_B,2.26,1.08,59.1,1802.0,62.6,OK
2024-02-25 22:00:00,COMP-C01,Zone_C,3.3,1.83,76.4,3684.0,59.6,OK
2024-02-25 22:00:00,COMP-C02,Zone_C,3.86,1.97,75.4,3735.0,64.2,OK
2024-02-25 22:00:00,FAN-D01,Zone_B,2.35,1.29,49.1,1227.0,71.3,OK
2024-02-25 23:00:00,PUMP-A01,Zone_A,3.29,1.88,61.7,1829.0,70.5,OK
2024-02-25 23:00:00,PUMP-A02,Zone_A,2.8,1.25,59.8,1815.0,65.7,OK
2024-02-25 23:00:00,PUMP-B01,Zone_B,2.37,1.04,56.4,1753.0,60.4,OK
2024-02-25 23:00:00,COMP-C01,Zone_C,4.6,2.38,78.5,3725.0,71.5,SUSPECT
2024-02-25 23:00:00,COMP-C02,Zone_C,3.45,1.91,77.4,3726.0,63.0,OK
2024-02-25 23:00:00,FAN-D01,Zone_B,2.55,1.4,47.5,1254.0,65.6,OK
2024-02-26 00:00:00,PUMP-A01,Zone_A,3.48,1.77,63.5,1803.0,63.1,OK
2024-02-26 00:00:00,PUMP-A02,Zone_A,2.83,1.36,62.6,1801.0,66.8,OK
2024-02-26 00:00:00,PUMP-B01,Zone_B,2.35,1.08,59.2,1790.0,64.7,OK
2024-02-26 00:00:00,COMP-C01,Zone_C,4.09,1.95,76.9,3713.0,64.1,OK
2024-02-26 00:00:00,COMP-C02,Zone_C,3.85,1.87,77.1,3741.0,66.7,OK
2024-02-26 00:00:00,FAN-D01,Zone_B,1.55,0.91,46.9,1218.0,61.5,OK
2024-02-26 01:00:00,PUMP-A01,Zone_A,3.03,1.35,62.4,1789.0,66.4,OK
2024-02-26 01:00:00,PUMP-A02,Zone_A,3.09,1.46,60.9,1859.0,75.3,OK
2024-02-26 01:00:00,PUMP-B01,Zone_B,2.88,1.38,60.4,1863.0,81.3,OK
2024-02-26 01:00:00,COMP-C01,Zone_C,4.38,1.9,80.8,3756.0,72.1,OK
2024-02-26 01:00:00,COMP-C02,Zone_C,4.03,2.01,78.7,3730.0,72.0,OK
2024-02-26 01:00:00,FAN-D01,Zone_B,1.14,0.54,50.8,1262.0,68.4,OK
2024-02-26 02:00:00,PUMP-A01,Zone_A,2.79,1.58,59.8,1847.0,79.1,OK
2024-02-26 02:00:00,PUMP-A02,Zone_A,2.48,1.12,63.9,1786.0,70.8,OK
2024-02-26 02:00:00,PUMP-B01,Zone_B,2.71,1.29,63.0,1832.0,76.0,OK
2024-02-26 02:00:00,COMP-C01,Zone_C,3.95,1.9,79.8,3811.0,80.8,OK
2024-02-26 02:00:00,COMP-C02,Zone_C,3.82,1.95,78.9,3801.0,75.7,OK
2024-02-26 02:00:00,FAN-D01,Zone_B,2.58,1.49,52.2,1279.0,74.7,OK
2024-02-26 03:00:00,PUMP-A01,Zone_A,3.09,1.43,62.6,1830.0,82.7,OK
2024-02-26 03:00:00,PUMP-A02,Zone_A,2.83,1.32,63.7,1837.0,79.2,OK
2024-02-26 03:00:00,PUMP-B01,Zone_B,2.74,1.24,63.5,1868.0,78.5,OK
2024-02-26 03:00:00,COMP-C01,Zone_C,4.15,1.92,77.3,3801.0,81.1,OK
2024-02-26 03:00:00,COMP-C02,Zone_C,3.81,1.93,80.8,3861.0,87.3,OK
2024-02-26 03:00:00,FAN-D01,Zone_B,2.49,1.24,50.9,1329.0,89.0,OK
2024-02-26 04:00:00,PUMP-A01,Zone_A,3.58,1.79,63.9,1855.0,80.7,OK
2024-02-26 04:00:00,PUMP-A02,Zone_A,2.46,1.22,61.2,1860.0,76.4,OK
2024-02-26 04:00:00,PUMP-B01,Zone_B,2.11,0.97,61.5,1854.0,79.0,OK
2024-02-26 04:00:00,COMP-C01,Zone_C,4.31,2.1,78.8,3810.0,80.8,OK
2024-02-26 04:00:00,COMP-C02,Zone_C,3.52,1.65,82.2,3832.0,80.1,OK
2024-02-26 04:00:00,FAN-D01,Zone_B,1.97,0.9,50.1,1275.0,83.2,OK
2024-02-26 05:00:00,PUMP-A01,Zone_A,3.81,1.79,65.7,1874.0,86.3,OK
2024-02-26 05:00:00,PUMP-A02,Zone_A,2.57,1.31,65.4,1900.0,87.6,OK
2024-02-26 05:00:00,PUMP-B01,Zone_B,2.55,1.36,62.5,1848.0,81.5,OK
2024-02-26 05:00:00,COMP-C01,Zone_C,4.24,2.12,82.8,3883.0,89.5,OK
2024-02-26 05:00:00,COMP-C02,Zone_C,3.77,1.81,78.4,3837.0,82.0,OK
2024-02-26 05:00:00,FAN-D01,Zone_B,1.97,1.09,47.3,1294.0,82.3,OK
2024-02-26 06:00:00,PUMP-A01,Zone_A,3.59,1.84,63.2,1855.0,82.7,OK
2024-02-26 06:00:00,PUMP-A02,Zone_A,2.97,1.54,61.4,1877.0,80.6,OK
2024-02-26 06:00:00,PUMP-B01,Zone_B,2.78,1.33,61.7,1821.0,71.9,OK
2024-02-26 06:00:00,COMP-C01,Zone_C,3.95,1.94,79.9,3771.0,79.0,OK
2024-02-26 06:00:00,COMP-C02,Zone_C,3.33,1.71,77.2,3814.0,81.8,OK
2024-02-26 06:00:00,FAN-D01,Zone_B,2.0,0.99,50.3,1304.0,90.7,OK
2024-02-26 07:00:00,PUMP-A01,Zone_A,3.65,1.85,63.5,1815.0,78.0,OK
2024-02-26 07:00:00,PUMP-A02,Zone_A,2.89,1.23,60.2,1857.0,84.0,OK
2024-02-26 07:00:00,PUMP-B01,Zone_B,2.54,1.11,61.0,1859.0,77.2,OK
2024-02-26 07:00:00,COMP-C01,Zone_C,4.83,2.37,81.1,3832.0,82.9,OK
2024-02-26 07:00:00,COMP-C02,Zone_C,3.85,1.8,75.7,3793.0,75.2,OK
2024-02-26 07:00:00,FAN-D01,Zone_B,2.27,0.97,51.3,1263.0,86.2,OK
2024-02-26 08:00:00,PUMP-A01,Zone_A,3.75,1.8,64.7,1877.0,90.3,OK
2024-02-26 08:00:00,PUMP-A02,Zone_A,3.03,1.34,64.3,1905.0,93.4,OK
2024-02-26 08:00:00,PUMP-B01,Zone_B,2.76,1.31,60.5,1880.0,84.4,OK
2024-02-26 08:00:00,COMP-C01,Zone_C,4.1,2.06,83.3,3807.0,80.0,OK
2024-02-26 08:00:00,COMP-C02,Zone_C,3.54,1.92,79.5,3800.0,79.0,OK
2024-02-26 08:00:00,FAN-D01,Zone_B,1.85,0.85,51.6,1235.0,76.3,OK
2024-02-26 09:00:00,PUMP-A01,Zone_A,3.28,1.62,62.0,1895.0,84.4,OK
2024-02-26 09:00:00,PUMP-A02,Zone_A,2.03,1.19,60.4,1843.0,79.5,OK
2024-02-26 09:00:00,PUMP-B01,Zone_B,2.58,1.21,62.8,1881.0,88.9,OK
2024-02-26 09:00:00,COMP-C01,Zone_C,4.46,2.15,77.8,3788.0,77.1,OK
2024-02-26 09:00:00,COMP-C02,Zone_C,3.78,1.9,76.2,3820.0,81.0,OK
2024-02-26 09:00:00,FAN-D01,Zone_B,1.55,0.85,46.6,1257.0,70.0,OK
2024-02-26 10:00:00,PUMP-A01,Zone_A,3.58,1.97,63.9,1883.0,81.7,OK
2024-02-26 10:00:00,PUMP-A02,Zone_A,2.27,1.26,60.7,1872.0,87.5,OK
2024-02-26 10:00:00,PUMP-B01,Zone_B,3.04,1.57,63.3,1818.0,79.1,SUSPECT
2024-02-26 10:00:00,COMP-C01,Zone_C,4.0,2.06,82.4,3813.0,82.1,OK
2024-02-26 10:00:00,COMP-C02,Zone_C,4.03,1.97,77.7,3780.0,74.0,OK
2024-02-26 10:00:00,FAN-D01,Zone_B,2.02,1.14,49.7,1291.0,82.1,OK
2024-02-26 11:00:00,PUMP-A01,Zone_A,3.07,1.74,62.0,1837.0,72.4,OK
2024-02-26 11:00:00,PUMP-A02,Zone_A,2.85,1.31,62.2,1830.0,75.6,OK
2024-02-26 11:00:00,PUMP-B01,Zone_B,2.43,1.11,56.8,1790.0,64.5,OK
2024-02-26 11:00:00,COMP-C01,Zone_C,4.1,2.03,77.3,3754.0,74.1,OK
2024-02-26 11:00:00,COMP-C02,Zone_C,3.34,1.67,74.1,3750.0,70.6,OK
2024-02-26 11:00:00,FAN-D01,Zone_B,1.86,0.94,46.1,1250.0,66.9,OK
2024-02-26 12:00:00,PUMP-A01,Zone_A,3.26,1.58,63.2,1834.0,67.8,OK
2024-02-26 12:00:00,PUMP-A02,Zone_A,2.54,1.28,59.8,1835.0,66.1,SUSPECT
2024-02-26 12:00:00,PUMP-B01,Zone_B,2.52,1.46,61.2,1769.0,63.6,OK
2024-02-26 12:00:00,COMP-C01,Zone_C,4.12,2.11,78.7,3744.0,68.9,OK
2024-02-26 12:00:00,COMP-C02,Zone_C,3.48,1.92,76.8,3716.0,66.8,OK
2024-02-26 12:00:00,FAN-D01,Zone_B,1.32,0.63,50.0,1251.0,65.1,OK
2024-02-26 13:00:00,PUMP-A01,Zone_A,3.36,1.72,58.2,1798.0,61.9,OK
2024-02-26 13:00:00,PUMP-A02,Zone_A,2.35,1.07,57.2,1815.0,67.0,OK
2024-02-26 13:00:00,PUMP-B01,Zone_B,2.11,1.16,60.0,1823.0,73.0,OK
2024-02-26 13:00:00,COMP-C01,Zone_C,3.91,2.0,79.0,3694.0,64.5,OK
2024-02-26 13:00:00,COMP-C02,Zone_C,3.26,1.75,74.4,3686.0,62.0,OK
2024-02-26 13:00:00,FAN-D01,Zone_B,2.65,1.45,48.0,1212.0,73.7,OK
2024-02-26 14:00:00,PUMP-A01,Zone_A,3.15,1.59,62.8,1782.0,63.3,OK
2024-02-26 14:00:00,PUMP-A02,Zone_A,2.43,1.17,62.0,1804.0,65.3,OK
2024-02-26 14:00:00,PUMP-B01,Zone_B,2.02,1.01,54.9,1756.0,58.0,OK
2024-02-26 14:00:00,COMP-C01,Zone_C,4.03,2.09,74.4,3681.0,57.8,OK
2024-02-26 14:00:00,COMP-C02,Zone_C,3.05,1.57,74.3,3666.0,58.5,OK
2024-02-26 14:00:00,FAN-D01,Zone_B,1.34,0.64,48.2,1241.0,64.8,OK
2024-02-26 15:00:00,PUMP-A01,Zone_A,3.36,1.84,62.6,1765.0,53.1,OK
2024-02-26 15:00:00,PUMP-A02,Zone_A,2.54,1.19,60.2,1761.0,54.5,OK
2024-02-26 15:00:00,PUMP-B01,Zone_B,1.8,0.81,57.0,1763.0,58.9,OK
2024-02-26 15:00:00,COMP-C01,Zone_C,3.78,1.99,76.1,3730.0,66.5,OK
2024-02-26 15:00:00,COMP-C02,Zone_C,3.27,1.44,72.3,3644.0,57.1,OK
2024-02-26 15:00:00,FAN-D01,Zone_B,1.69,0.84,48.9,1245.0,54.6,OK
2024-02-26 16:00:00,PUMP-A01,Zone_A,3.1,1.83,61.1,1773.0,62.8,OK
2024-02-26 16:00:00,PUMP-A02,Zone_A,2.07,0.82,61.6,1763.0,55.7,OK
2024-02-26 16:00:00,PUMP-B01,Zone_B,1.85,0.91,57.2,1773.0,56.2,OK
2024-02-26 16:00:00,COMP-C01,Zone_C,3.49,1.67,72.3,3621.0,52.8,OK
2024-02-26 16:00:00,COMP-C02,Zone_C,3.38,1.57,77.1,3637.0,55.8,OK
2024-02-26 16:00:00,FAN-D01,Zone_B,1.7,0.85,49.3,1207.0,65.6,OK
2024-02-26 17:00:00,PUMP-A01,Zone_A,2.96,1.43,56.2,1740.0,52.0,OK
2024-02-26 17:00:00,PUMP-A02,Zone_A,2.18,1.04,59.3,1774.0,53.1,OK
2024-02-26 17:00:00,PUMP-B01,Zone_B,2.1,0.85,56.5,1795.0,56.9,OK
2024-02-26 17:00:00,COMP-C01,Zone_C,3.74,1.84,75.3,3667.0,60.3,OK
2024-02-26 17:00:00,COMP-C02,Zone_C,3.67,1.84,73.3,3618.0,53.3,OK
2024-02-26 17:00:00,FAN-D01,Zone_B,1.96,1.02,45.7,1206.0,51.9,OK
2024-02-26 18:00:00,PUMP-A01,Zone_A,3.74,1.86,55.8,1751.0,56.8,OK
2024-02-26 18:00:00,PUMP-A02,Zone_A,2.35,1.19,58.5,1764.0,56.9,OK
2024-02-26 18:00:00,PUMP-B01,Zone_B,2.33,0.87,58.9,1756.0,52.2,OK
2024-02-26 18:00:00,COMP-C01,Zone_C,4.39,2.15,77.5,3659.0,58.4,OK
2024-02-26 18:00:00,COMP-C02,Zone_C,3.06,1.33,73.3,3572.0,45.0,OK
2024-02-26 18:00:00,FAN-D01,Zone_B,1.56,0.87,45.5,1211.0,54.1,OK
2024-02-26 19:00:00,PUMP-A01,Zone_A,2.58,1.2,55.5,1765.0,52.3,OK
2024-02-26 19:00:00,PUMP-A02,Zone_A,2.25,1.14,59.1,1800.0,56.4,OK
2024-02-26 19:00:00,PUMP-B01,Zone_B,2.02,0.96,57.6,1801.0,55.7,OK
2024-02-26 19:00:00,COMP-C01,Zone_C,4.5,2.22,81.6,3685.0,62.7,OK
2024-02-26 19:00:00,COMP-C02,Zone_C,3.48,1.85,78.0,3681.0,61.1,OK
2024-02-26 19:00:00,FAN-D01,Zone_B,2.24,0.91,45.0,1251.0,60.4,OK
2024-02-26 20:00:00,PUMP-A01,Zone_A,3.41,1.76,62.8,1787.0,62.6,OK
2024-02-26 20:00:00,PUMP-A02,Zone_A,2.27,1.09,59.3,1765.0,54.7,OK
2024-02-26 20:00:00,PUMP-B01,Zone_B,1.86,0.86,59.5,1787.0,60.7,OK
2024-02-26 20:00:00,COMP-C01,Zone_C,4.64,2.22,77.4,3632.0,55.5,OK
2024-02-26 20:00:00,COMP-C02,Zone_C,3.23,1.72,69.7,3625.0,53.8,OK
2024-02-26 20:00:00,FAN-D01,Zone_B,1.39,0.7,44.9,1239.0,56.1,OK
2024-02-26 21:00:00,PUMP-A01,Zone_A,3.13,1.4,58.1,1752.0,53.0,OK
2024-02-26 21:00:00,PUMP-A02,Zone_A,2.64,1.46,59.4,1805.0,59.1,OK
2024-02-26 21:00:00,PUMP-B01,Zone_B,2.45,1.41,61.7,1750.0,57.4,OK
2024-02-26 21:00:00,COMP-C01,Zone_C,3.65,1.95,74.0,3724.0,62.7,OK
2024-02-26 21:00:00,COMP-C02,Zone_C,3.09,1.64,75.5,3611.0,51.9,OK
2024-02-26 21:00:00,FAN-D01,Zone_B,2.19,1.08,43.7,1183.0,55.2,OK
2024-02-26 22:00:00,PUMP-A01,Zone_A,3.42,1.64,58.5,1784.0,62.1,OK
2024-02-26 22:00:00,PUMP-A02,Zone_A,2.09,1.15,58.4,1766.0,58.5,OK
2024-02-26 22:00:00,PUMP-B01,Zone_B,3.14,1.47,60.6,1799.0,67.9,OK
2024-02-26 22:00:00,COMP-C01,Zone_C,4.15,1.96,80.0,3702.0,56.6,OK
2024-02-26 22:00:00,COMP-C02,Zone_C,3.51,1.77,78.9,3745.0,68.1,OK
2024-02-26 22:00:00,FAN-D01,Zone_B,1.96,0.91,47.5,1247.0,69.0,OK
2024-02-26 23:00:00,PUMP-A01,Zone_A,3.76,1.84,63.3,1823.0,72.5,OK
2024-02-26 23:00:00,PUMP-A02,Zone_A,2.74,1.38,58.3,1789.0,67.3,SUSPECT
2024-02-26 23:00:00,PUMP-B01,Zone_B,2.82,1.54,56.7,1788.0,61.4,OK
2024-02-26 23:00:00,COMP-C01,Zone_C,3.6,1.74,74.4,3693.0,57.5,OK
2024-02-26 23:00:00,COMP-C02,Zone_C,3.36,1.78,77.7,3750.0,72.0,OK
2024-02-26 23:00:00,FAN-D01,Zone_B,1.49,0.77,46.4,1224.0,65.9,OK
2024-02-27 00:00:00,PUMP-A01,Zone_A,3.29,1.74,63.5,1851.0,77.8,OK
2024-02-27 00:00:00,PUMP-A02,Zone_A,2.57,1.28,61.7,1806.0,67.8,OK
2024-02-27 00:00:00,PUMP-B01,Zone_B,2.2,1.06,62.3,1841.0,75.4,OK
2024-02-27 00:00:00,COMP-C01,Zone_C,4.01,2.09,80.9,3789.0,71.4,OK
2024-02-27 00:00:00,COMP-C02,Zone_C,3.51,1.87,78.2,3794.0,72.6,OK
2024-02-27 00:00:00,FAN-D01,Zone_B,2.08,1.03,46.8,1250.0,64.4,OK
2024-02-27 01:00:00,PUMP-A01,Zone_A,3.26,1.71,62.8,1824.0,77.5,SUSPECT
2024-02-27 01:00:00,PUMP-A02,Zone_A,2.08,1.09,59.2,1819.0,72.9,OK
2024-02-27 01:00:00,PUMP-B01,Zone_B,2.82,1.4,59.2,1829.0,69.5,OK
2024-02-27 01:00:00,COMP-C01,Zone_C,4.11,2.07,80.1,3731.0,72.3,OK
2024-02-27 01:00:00,COMP-C02,Zone_C,3.51,1.6,79.7,3768.0,71.7,OK
2024-02-27 01:00:00,FAN-D01,Zone_B,1.51,0.79,50.4,1289.0,79.3,OK
2024-02-27 02:00:00,PUMP-A01,Zone_A,3.58,1.68,59.9,1887.0,88.5,OK
2024-02-27 02:00:00,PUMP-A02,Zone_A,2.58,1.4,55.7,1845.0,75.7,OK
2024-02-27 02:00:00,PUMP-B01,Zone_B,2.47,1.2,62.4,1838.0,74.9,OK
2024-02-27 02:00:00,COMP-C01,Zone_C,3.59,1.85,77.5,3833.0,87.3,SUSPECT
2024-02-27 02:00:00,COMP-C02,Zone_C,3.72,1.97,76.0,3745.0,71.0,OK
2024-02-27 02:00:00,FAN-D01,Zone_B,1.82,0.81,50.9,1260.0,79.8,OK
2024-02-27 03:00:00,PUMP-A01,Zone_A,3.66,1.85,63.7,1840.0,80.4,OK
2024-02-27 03:00:00,PUMP-A02,Zone_A,2.93,1.54,61.3,1774.0,71.4,OK
2024-02-27 03:00:00,PUMP-B01,Zone_B,3.14,1.49,60.7,1879.0,75.7,OK
2024-02-27 03:00:00,COMP-C01,Zone_C,4.6,2.31,86.6,3885.0,91.3,OK
2024-02-27 03:00:00,COMP-C02,Zone_C,3.29,1.69,81.8,3823.0,83.5,OK
2024-02-27 03:00:00,FAN-D01,Zone_B,2.28,1.12,48.3,1278.0,77.9,OK
2024-02-27 04:00:00,PUMP-A01,Zone_A,3.76,1.85,65.9,1878.0,81.7,OK
2024-02-27 04:00:00,PUMP-A02,Zone_A,2.67,1.39,65.5,1843.0,85.6,OK
2024-02-27 04:00:00,PUMP-B01,Zone_B,2.77,1.43,63.6,1891.0,89.9,OK
2024-02-27 04:00:00,COMP-C01,Zone_C,4.45,2.23,83.4,3894.0,90.6,OK
2024-02-27 04:00:00,COMP-C02,Zone_C,3.08,1.46,77.2,3900.0,89.2,OK
2024-02-27 04:00:00,FAN-D01,Zone_B,1.79,0.9,49.9,1281.0,75.5,OK
2024-02-27 05:00:00,PUMP-A01,Zone_A,3.23,1.56,63.6,1877.0,94.1,OK
2024-02-27 05:00:00,PUMP-A02,Zone_A,2.46,1.26,56.6,1855.0,76.8,OK
2024-02-27 05:00:00,PUMP-B01,Zone_B,2.15,1.01,62.0,1885.0,79.6,OK
2024-02-27 05:00:00,COMP-C01,Zone_C,4.42,2.05,81.1,3837.0,82.5,OK
2024-02-27 05:00:00,COMP-C02,Zone_C,3.72,1.98,76.7,3803.0,78.7,OK
2024-02-27 05:00:00,FAN-D01,Zone_B,1.53,0.79,49.6,1275.0,82.1,OK
2024-02-27 06:00:00,PUMP-A01,Zone_A,3.96,2.16,65.0,1900.0,93.0,OK
2024-02-27 06:00:00,PUMP-A02,Zone_A,2.65,1.4,58.1,1900.0,82.2,OK
2024-02-27 06:00:00,PUMP-B01,Zone_B,2.01,0.96,61.6,1827.0,81.4,OK
2024-02-27 06:00:00,COMP-C01,Zone_C,4.04,2.08,79.6,3815.0,78.1,OK
2024-02-27 06:00:00,COMP-C02,Zone_C,3.96,1.85,80.7,3868.0,88.4,OK
2024-02-27 06:00:00,FAN-D01,Zone_B,2.63,1.37,50.7,1234.0,79.2,OK
2024-02-27 07:00:00,PUMP-A01,Zone_A,3.46,1.71,62.6,1921.0,95.2,OK
2024-02-27 07:00:00,PUMP-A02,Zone_A,1.85,0.88,58.5,1859.0,78.3,OK
2024-02-27 07:00:00,PUMP-B01,Zone_B,2.01,1.08,59.9,1827.0,74.0,OK
2024-02-27 07:00:00,COMP-C01,Zone_C,4.9,2.48,81.7,3841.0,83.4,OK
2024-02-27 07:00:00,COMP-C02,Zone_C,3.63,1.68,82.0,3819.0,81.9,OK
2024-02-27 07:00:00,FAN-D01,Zone_B,1.75,1.09,49.6,1290.0,85.3,OK
2024-02-27 08:00:00,PUMP-A01,Zone_A,3.47,1.74,63.0,1902.0,87.1,OK
2024-02-27 08:00:00,PUMP-A02,Zone_A,3.17,1.74,62.3,1881.0,88.0,OK
2024-02-27 08:00:00,PUMP-B01,Zone_B,2.85,1.22,62.5,1853.0,84.2,OK
2024-02-27 08:00:00,COMP-C01,Zone_C,3.97,1.98,78.2,3800.0,78.9,OK
2024-02-27 08:00:00,COMP-C02,Zone_C,3.25,1.65,79.0,3806.0,82.5,OK
2024-02-27 08:00:00,FAN-D01,Zone_B,2.02,0.89,52.1,1257.0,81.7,OK
2024-02-27 09:00:00,PUMP-A01,Zone_A,3.57,1.75,64.4,1864.0,80.2,OK
2024-02-27 09:00:00,PUMP-A02,Zone_A,2.53,1.3,60.5,1880.0,89.0,OK
2024-02-27 09:00:00,PUMP-B01,Zone_B,2.87,1.39,59.1,1863.0,79.6,OK
2024-02-27 09:00:00,COMP-C01,Zone_C,4.55,2.16,80.1,3860.0,84.1,OK
2024-02-27 09:00:00,COMP-C02,Zone_C,3.59,1.77,81.4,3757.0,72.6,OK
2024-02-27 09:00:00,FAN-D01,Zone_B,2.3,1.23,50.7,1270.0,82.6,OK
2024-02-27 10:00:00,PUMP-A01,Zone_A,4.0,1.98,67.3,1870.0,78.7,OK
2024-02-27 10:00:00,PUMP-A02,Zone_A,2.29,1.21,60.1,1794.0,70.7,OK
2024-02-27 10:00:00,PUMP-B01,Zone_B,3.12,1.52,63.0,1828.0,79.5,OK
2024-02-27 10:00:00,COMP-C01,Zone_C,3.89,1.88,79.8,3753.0,68.6,OK
2024-02-27 10:00:00,COMP-C02,Zone_C,3.36,1.63,77.5,3805.0,80.0,OK
2024-02-27 10:00:00,FAN-D01,Zone_B,2.2,0.9,52.5,1286.0,80.8,OK
2024-02-27 11:00:00,PUMP-A01,Zone_A,3.16,1.54,64.9,1878.0,76.8,OK
2024-02-27 11:00:00,PUMP-A02,Zone_A,2.63,1.3,57.8,1827.0,72.4,OK
2024-02-27 11:00:00,PUMP-B01,Zone_B,2.68,1.47,59.8,1788.0,63.8,OK
2024-02-27 11:00:00,COMP-C01,Zone_C,4.12,2.17,77.8,3804.0,76.3,OK
2024-02-27 11:00:00,COMP-C02,Zone_C,3.57,1.83,80.2,3839.0,81.0,OK
2024-02-27 11:00:00,FAN-D01,Zone_B,2.12,1.18,48.3,1264.0,74.0,OK
2024-02-27 12:00:00,PUMP-A01,Zone_A,2.97,1.51,64.8,1825.0,72.3,OK
2024-02-27 12:00:00,PUMP-A02,Zone_A,2.91,1.54,59.2,1775.0,56.4,OK
2024-02-27 12:00:00,PUMP-B01,Zone_B,2.22,1.27,58.3,1768.0,67.4,OK
2024-02-27 12:00:00,COMP-C01,Zone_C,3.87,1.8,75.6,3679.0,67.8,OK
2024-02-27 12:00:00,COMP-C02,Zone_C,3.25,1.54,74.2,3686.0,62.7,OK
2024-02-27 12:00:00,FAN-D01,Zone_B,1.22,0.5,49.6,1258.0,69.3,OK
2024-02-27 13:00:00,PUMP-A01,Zone_A,3.04,1.37,56.5,1829.0,69.4,OK
2024-02-27 13:00:00,PUMP-A02,Zone_A,2.47,1.22,60.5,1846.0,75.1,OK
2024-02-27 13:00:00,PUMP-B01,Zone_B,2.15,1.04,55.7,1779.0,65.8,OK
2024-02-27 13:00:00,COMP-C01,Zone_C,3.76,1.87,75.7,3693.0,61.8,OK
2024-02-27 13:00:00,COMP-C02,Zone_C,3.43,1.65,75.4,3621.0,58.6,OK
2024-02-27 13:00:00,FAN-D01,Zone_B,1.83,0.91,49.7,1226.0,67.8,OK
2024-02-27 14:00:00,PUMP-A01,Zone_A,3.62,1.7,58.3,1744.0,56.8,OK
2024-02-27 14:00:00,PUMP-A02,Zone_A,2.68,1.39,58.5,1759.0,56.8,OK
2024-02-27 14:00:00,PUMP-B01,Zone_B,2.31,1.36,61.3,1792.0,66.5,OK
2024-02-27 14:00:00,COMP-C01,Zone_C,3.71,1.79,73.4,3651.0,61.2,OK
2024-02-27 14:00:00,COMP-C02,Zone_C,3.05,1.5,74.4,3678.0,62.8,OK
2024-02-27 14:00:00,FAN-D01,Zone_B,1.81,0.78,46.5,1193.0,53.0,OK
2024-02-27 15:00:00,PUMP-A01,Zone_A,3.08,1.65,61.1,1766.0,52.9,OK
2024-02-27 15:00:00,PUMP-A02,Zone_A,2.41,1.12,59.6,1816.0,66.0,OK
2024-02-27 15:00:00,PUMP-B01,Zone_B,2.1,1.15,59.2,1804.0,62.8,OK
2024-02-27 15:00:00,COMP-C01,Zone_C,3.59,1.71,72.5,3644.0,52.0,OK
2024-02-27 15:00:00,COMP-C02,Zone_C,3.69,1.96,78.9,3730.0,69.3,OK
2024-02-27 15:00:00,FAN-D01,Zone_B,1.68,0.71,45.9,1241.0,60.1,OK
2024-02-27 16:00:00,PUMP-A01,Zone_A,3.32,1.71,62.3,1798.0,66.4,OK
2024-02-27 16:00:00,PUMP-A02,Zone_A,2.31,1.3,59.3,1785.0,58.5,OK
2024-02-27 16:00:00,PUMP-B01,Zone_B,2.42,1.32,57.6,1737.0,52.0,OK
2024-02-27 16:00:00,COMP-C01,Zone_C,3.35,1.33,75.1,3609.0,53.3,OK
2024-02-27 16:00:00,COMP-C02,Zone_C,3.47,1.63,74.5,3599.0,52.6,OK
2024-02-27 16:00:00,FAN-D01,Zone_B,1.71,0.91,49.7,1203.0,55.6,OK
2024-02-27 17:00:00,PUMP-A01,Zone_A,2.9,1.41,56.8,1751.0,49.4,OK
2024-02-27 17:00:00,PUMP-A02,Zone_A,2.51,1.18,57.2,1811.0,63.9,OK
2024-02-27 17:00:00,PUMP-B01,Zone_B,2.3,1.25,58.2,1772.0,53.3,OK
2024-02-27 17:00:00,COMP-C01,Zone_C,4.3,2.16,77.6,3644.0,55.5,OK
2024-02-27 17:00:00,COMP-C02,Zone_C,3.81,1.99,80.1,3687.0,60.1,OK
2024-02-27 17:00:00,FAN-D01,Zone_B,2.3,1.18,49.3,1215.0,52.8,OK
2024-02-27 18:00:00,PUMP-A01,Zone_A,2.92,1.51,59.2,1773.0,59.0,OK
2024-02-27 18:00:00,PUMP-A02,Zone_A,2.36,1.21,58.9,1783.0,58.3,OK
2024-02-27 18:00:00,PUMP-B01,Zone_B,2.9,1.43,54.8,1753.0,55.6,SUSPECT
2024-02-27 18:00:00,COMP-C01,Zone_C,4.05,1.98,77.9,3649.0,59.7,OK
2024-02-27 18:00:00,COMP-C02,Zone_C,3.51,1.73,79.8,3705.0,63.3,OK
2024-02-27 18:00:00,FAN-D01,Zone_B,1.97,0.96,48.2,1229.0,59.2,OK
2024-02-27 19:00:00,PUMP-A01,Zone_A,3.82,1.93,63.5,1770.0,53.7,OK
2024-02-27 19:00:00,PUMP-A02,Zone_A,2.51,1.29,60.3,1809.0,61.5,OK
2024-02-27 19:00:00,PUMP-B01,Zone_B,2.76,1.32,58.2,1695.0,44.6,OK
2024-02-27 19:00:00,COMP-C01,Zone_C,4.15,2.16,76.3,3684.0,64.3,OK
2024-02-27 19:00:00,COMP-C02,Zone_C,3.2,1.56,73.5,3611.0,54.2,OK
2024-02-27 19:00:00,FAN-D01,Zone_B,1.72,0.77,49.3,1187.0,52.1,OK
2024-02-27 20:00:00,PUMP-A01,Zone_A,3.69,1.7,60.1,1768.0,58.9,OK
2024-02-27 20:00:00,PUMP-A02,Zone_A,2.87,1.48,56.9,1731.0,56.5,OK
2024-02-27 20:00:00,PUMP-B01,Zone_B,2.29,1.15,57.6,1761.0,53.8,OK
2024-02-27 20:00:00,COMP-C01,Zone_C,4.75,2.43,74.6,3648.0,52.2,OK
2024-02-27 20:00:00,COMP-C02,Zone_C,3.35,1.59,77.8,3759.0,65.3,OK
2024-02-27 20:00:00,FAN-D01,Zone_B,1.73,0.97,50.4,1238.0,62.5,OK
2024-02-27 21:00:00,PUMP-A01,Zone_A,3.14,1.24,58.7,1744.0,56.1,OK
2024-02-27 21:00:00,PUMP-A02,Zone_A,2.26,1.01,59.5,1793.0,57.3,OK
2024-02-27 21:00:00,PUMP-B01,Zone_B,1.99,1.05,55.1,1766.0,59.6,OK
2024-02-27 21:00:00,COMP-C01,Zone_C,3.81,1.96,75.8,3688.0,62.8,OK
2024-02-27 21:00:00,COMP-C02,Zone_C,3.38,1.82,79.0,3673.0,62.4,OK
2024-02-27 21:00:00,FAN-D01,Zone_B,1.9,0.8,45.4,1181.0,52.5,OK
2024-02-27 22:00:00,PUMP-A01,Zone_A,4.06,2.15,63.7,1811.0,64.7,OK
2024-02-27 22:00:00,PUMP-A02,Zone_A,2.58,1.47,57.9,1796.0,51.8,OK
2024-02-27 22:00:00,PUMP-B01,Zone_B,2.13,1.01,54.2,1806.0,57.5,OK
2024-02-27 22:00:00,COMP-C01,Zone_C,4.23,2.05,77.5,3716.0,67.0,OK
2024-02-27 22:00:00,COMP-C02,Zone_C,2.95,1.49,74.0,3625.0,53.9,OK
2024-02-27 22:00:00,FAN-D01,Zone_B,2.25,1.18,45.1,1221.0,60.5,OK
2024-02-27 23:00:00,PUMP-A01,Zone_A,2.98,1.39,61.3,1799.0,61.5,OK
2024-02-27 23:00:00,PUMP-A02,Zone_A,2.3,1.03,58.4,1790.0,65.9,OK
2024-02-27 23:00:00,PUMP-B01,Zone_B,2.11,1.18,57.9,1803.0,61.5,OK
2024-02-27 23:00:00,COMP-C01,Zone_C,4.34,2.16,78.6,3693.0,62.8,OK
2024-02-27 23:00:00,COMP-C02,Zone_C,3.5,1.74,79.6,3724.0,68.7,OK
2024-02-27 23:00:00,FAN-D01,Zone_B,1.87,0.68,49.6,1198.0,56.8,OK
2024-02-28 00:00:00,PUMP-A01,Zone_A,3.58,1.64,62.6,1831.0,73.2,OK
2024-02-28 00:00:00,PUMP-A02,Zone_A,2.7,1.38,60.3,1818.0,75.5,OK
2024-02-28 00:00:00,PUMP-B01,Zone_B,3.33,1.55,62.2,1827.0,66.9,OK
2024-02-28 00:00:00,COMP-C01,Zone_C,4.48,2.19,79.2,3717.0,71.5,OK
2024-02-28 00:00:00,COMP-C02,Zone_C,3.2,1.59,75.3,3671.0,62.8,OK
2024-02-28 00:00:00,FAN-D01,Zone_B,1.47,0.82,46.8,1224.0,60.9,OK
2024-02-28 01:00:00,PUMP-A01,Zone_A,3.25,1.53,57.3,1826.0,66.1,OK
2024-02-28 01:00:00,PUMP-A02,Zone_A,2.55,1.25,57.6,1811.0,68.8,OK
2024-02-28 01:00:00,PUMP-B01,Zone_B,3.05,1.65,60.9,1830.0,76.7,OK
2024-02-28 01:00:00,COMP-C01,Zone_C,4.25,2.07,82.6,3771.0,72.6,OK
2024-02-28 01:00:00,COMP-C02,Zone_C,3.05,1.6,75.7,3725.0,68.5,OK
2024-02-28 01:00:00,FAN-D01,Zone_B,1.6,0.66,46.2,1274.0,77.8,OK
2024-02-28 02:00:00,PUMP-A01,Zone_A,2.99,1.47,62.6,1829.0,75.0,OK
2024-02-28 02:00:00,PUMP-A02,Zone_A,2.3,1.18,57.2,1816.0,75.2,OK
2024-02-28 02:00:00,PUMP-B01,Zone_B,2.82,1.5,60.0,1808.0,73.5,OK
2024-02-28 02:00:00,COMP-C01,Zone_C,4.36,2.21,78.7,3739.0,71.2,OK
2024-02-28 02:00:00,COMP-C02,Zone_C,3.66,1.94,77.0,3786.0,75.1,OK
2024-02-28 02:00:00,FAN-D01,Zone_B,2.07,0.73,48.1,1267.0,71.8,OK
2024-02-28 03:00:00,PUMP-A01,Zone_A,3.41,1.68,64.8,1848.0,80.1,OK
2024-02-28 03:00:00,PUMP-A02,Zone_A,2.64,1.32,57.6,1831.0,80.4,OK
2024-02-28 03:00:00,PUMP-B01,Zone_B,2.56,1.29,63.2,1846.0,80.1,OK
2024-02-28 03:00:00,COMP-C01,Zone_C,4.59,2.13,80.8,3849.0,83.8,OK
2024-02-28 03:00:00,COMP-C02,Zone_C,3.47,1.87,77.5,3900.0,86.5,OK
2024-02-28 03:00:00,FAN-D01,Zone_B,2.36,1.39,54.2,1286.0,83.5,OK
2024-02-28 04:00:00,PUMP-A01,Zone_A,3.55,1.61,65.2,1844.0,87.6,OK
2024-02-28 04:00:00,PUMP-A02,Zone_A,2.62,1.37,60.3,1874.0,83.4,OK
2024-02-28 04:00:00,PUMP-B01,Zone_B,2.97,1.59,61.1,1889.0,82.8,OK
2024-02-28 04:00:00,COMP-C01,Zone_C,3.99,1.96,79.7,3823.0,84.5,OK
2024-02-28 04:00:00,COMP-C02,Zone_C,3.48,1.72,82.2,3793.0,76.5,OK
2024-02-28 04:00:00,FAN-D01,Zone_B,2.16,1.06,51.5,1283.0,78.0,OK
2024-02-28 05:00:00,PUMP-A01,Zone_A,3.41,1.68,65.6,1897.0,84.4,OK
2024-02-28 05:00:00,PUMP-A02,Zone_A,2.74,1.44,62.1,1823.0,83.7,OK
2024-02-28 05:00:00,PUMP-B01,Zone_B,2.54,1.21,67.8,1875.0,86.2,OK
2024-02-28 05:00:00,COMP-C01,Zone_C,4.53,2.33,79.0,3772.0,76.8,OK
2024-02-28 05:00:00,COMP-C02,Zone_C,3.44,1.57,75.3,3815.0,79.4,OK
2024-02-28 05:00:00,FAN-D01,Zone_B,1.78,1.0,49.6,1307.0,89.0,OK
2024-02-28 06:00:00,PUMP-A01,Zone_A,3.66,1.75,63.1,1844.0,84.8,OK
2024-02-28 06:00:00,PUMP-A02,Zone_A,2.41,1.12,61.0,1879.0,90.7,OK
2024-02-28 06:00:00,PUMP-B01,Zone_B,2.41,1.06,62.5,1880.0,83.6,OK
2024-02-28 06:00:00,COMP-C01,Zone_C,4.04,2.0,77.8,3823.0,81.2,OK
2024-02-28 06:00:00,COMP-C02,Zone_C,3.68,1.83,79.5,3765.0,79.2,OK
2024-02-28 06:00:00,FAN-D01,Zone_B,2.06,1.0,51.9,1270.0,89.0,OK
2024-02-28 07:00:00,PUMP-A01,Zone_A,3.74,1.91,62.5,1862.0,92.2,OK
2024-02-28 07:00:00,PUMP-A02,Zone_A,2.25,1.18,61.5,1856.0,81.1,OK
2024-02-28 07:00:00,PUMP-B01,Zone_B,2.84,1.57,64.3,1887.0,85.4,OK
2024-02-28 07:00:00,COMP-C01,Zone_C,4.59,2.53,81.2,3813.0,84.6,OK
2024-02-28 07:00:00,COMP-C02,Zone_C,3.83,2.1,79.8,3834.0,83.7,OK
2024-02-28 07:00:00,FAN-D01,Zone_B,2.25,1.11,51.2,1321.0,94.0,OK
2024-02-28 08:00:00,PUMP-A01,Zone_A,3.39,1.72,63.7,1860.0,80.9,OK
2024-02-28 08:00:00,PUMP-A02,Zone_A,3.18,1.68,64.0,1882.0,89.3,OK
2024-02-28 08:00:00,PUMP-B01,Zone_B,2.58,1.13,59.5,1924.0,97.5,OK
2024-02-28 08:00:00,COMP-C01,Zone_C,4.44,2.4,81.1,3814.0,83.0,OK
2024-02-28 08:00:00,COMP-C02,Zone_C,3.42,1.82,82.3,3837.0,79.3,SUSPECT
2024-02-28 08:00:00,FAN-D01,Zone_B,1.71,0.7,51.2,1270.0,79.3,OK
2024-02-28 09:00:00,PUMP-A01,Zone_A,3.85,2.06,61.0,1878.0,78.6,OK
2024-02-28 09:00:00,PUMP-A02,Zone_A,2.45,1.16,59.3,1880.0,81.6,OK
2024-02-28 09:00:00,PUMP-B01,Zone_B,2.69,1.13,63.4,1892.0,85.0,OK
2024-02-28 09:00:00,COMP-C01,Zone_C,3.84,1.94,77.5,3785.0,76.9,OK
2024-02-28 09:00:00,COMP-C02,Zone_C,3.25,1.79,75.9,3834.0,80.2,OK
2024-02-28 09:00:00,FAN-D01,Zone_B,2.26,1.2,52.1,1253.0,79.9,OK
2024-02-28 10:00:00,PUMP-A01,Zone_A,4.23,2.16,64.7,1871.0,80.4,OK
2024-02-28 10:00:00,PUMP-A02,Zone_A,2.62,1.2,60.7,1833.0,79.2,OK
2024-02-28 10:00:00,PUMP-B01,Zone_B,2.71,1.39,61.5,1839.0,83.3,OK
2024-02-28 10:00:00,COMP-C01,Zone_C,3.83,1.87,78.5,3776.0,77.3,OK
2024-02-28 10:00:00,COMP-C02,Zone_C,3.17,1.64,75.1,3760.0,67.5,OK
2024-02-28 10:00:00,FAN-D01,Zone_B,1.79,1.05,47.4,1251.0,73.3,OK
2024-02-28 11:00:00,PUMP-A01,Zone_A,3.14,1.73,61.5,1833.0,73.9,OK
2024-02-28 11:00:00,PUMP-A02,Zone_A,2.69,1.24,62.2,1827.0,64.4,OK
2024-02-28 11:00:00,PUMP-B01,Zone_B,2.8,1.3,61.1,1837.0,73.3,OK
2024-02-28 11:00:00,COMP-C01,Zone_C,3.98,1.99,77.9,3838.0,83.2,OK
2024-02-28 11:00:00,COMP-C02,Zone_C,3.96,2.09,75.6,3715.0,66.2,OK
2024-02-28 11:00:00,FAN-D01,Zone_B,1.72,0.85,46.5,1291.0,76.0,OK
2024-02-28 12:00:00,PUMP-A01,Zone_A,2.93,1.39,60.4,1857.0,73.0,OK
2024-02-28 12:00:00,PUMP-A02,Zone_A,2.25,0.97,61.1,1815.0,66.3,OK
2024-02-28 12:00:00,PUMP-B01,Zone_B,3.11,1.76,62.2,1863.0,76.5,OK
2024-02-28 12:00:00,COMP-C01,Zone_C,4.17,2.33,78.1,3807.0,77.2,OK
2024-02-28 12:00:00,COMP-C02,Zone_C,2.92,1.5,76.2,3720.0,68.0,OK
2024-02-28 12:00:00,FAN-D01,Zone_B,2.13,1.01,46.1,1231.0,64.8,OK
2024-02-28 13:00:00,PUMP-A01,Zone_A,3.32,1.73,63.1,1810.0,66.2,OK
2024-02-28 13:00:00,PUMP-A02,Zone_A,2.03,1.03,60.9,1820.0,72.4,OK
2024-02-28 13:00:00,PUMP-B01,Zone_B,2.5,1.23,59.7,1782.0,63.1,OK
2024-02-28 13:00:00,COMP-C01,Zone_C,4.23,2.02,77.2,3657.0,58.4,OK
2024-02-28 13:00:00,COMP-C02,Zone_C,3.77,1.94,76.8,3677.0,60.9,OK
2024-02-28 13:00:00,FAN-D01,Zone_B,1.72,0.83,46.4,1245.0,64.2,OK
2024-02-28 14:00:00,PUMP-A01,Zone_A,3.93,2.03,65.0,1806.0,67.8,OK
2024-02-28 14:00:00,PUMP-A02,Zone_A,2.67,1.41,64.1,1748.0,54.4,OK
2024-02-28 14:00:00,PUMP-B01,Zone_B,1.91,0.69,59.0,1771.0,61.0,OK
2024-02-28 14:00:00,COMP-C01,Zone_C,3.89,1.98,78.7,3684.0,61.2,OK
2024-02-28 14:00:00,COMP-C02,Zone_C,3.42,1.69,77.7,3639.0,59.3,OK
2024-02-28 14:00:00,FAN-D01,Zone_B,1.16,0.56,47.1,1258.0,59.9,OK
2024-02-28 15:00:00,PUMP-A01,Zone_A,3.61,1.92,61.2,1754.0,59.3,OK
2024-02-28 15:00:00,PUMP-A02,Zone_A,1.82,0.83,59.3,1811.0,59.1,OK
2024-02-28 15:00:00,PUMP-B01,Zone_B,2.74,1.29,59.2,1822.0,63.5,OK
2024-02-28 15:00:00,COMP-C01,Zone_C,4.45,2.23,79.8,3716.0,61.7,OK
2024-02-28 15:00:00,COMP-C02,Zone_C,3.29,1.46,75.6,3739.0,63.6,OK
2024-02-28 15:00:00,FAN-D01,Zone_B,1.66,0.81,45.7,1211.0,61.7,OK
2024-02-28 16:00:00,PUMP-A01,Zone_A,2.96,1.54,57.1,1826.0,55.8,OK
2024-02-28 16:00:00,PUMP-A02,Zone_A,1.93,0.96,59.8,1799.0,58.7,OK
2024-02-28 16:00:00,PUMP-B01,Zone_B,2.08,1.16,59.7,1786.0,55.5,OK
2024-02-28 16:00:00,COMP-C01,Zone_C,4.29,2.19,77.3,3595.0,50.1,OK
2024-02-28 16:00:00,COMP-C02,Zone_C,3.23,1.71,76.9,3622.0,58.3,OK
2024-02-28 16:00:00,FAN-D01,Zone_B,1.67,0.83,49.1,1163.0,45.8,OK
2024-02-28 17:00:00,PUMP-A01,Zone_A,3.05,1.49,61.5,1756.0,57.0,OK
2024-02-28 17:00:00,PUMP-A02,Zone_A,2.54,1.29,58.6,1777.0,51.8,OK
2024-02-28 17:00:00,PUMP-B01,Zone_B,2.03,1.02,57.0,1747.0,51.8,OK
2024-02-28 17:00:00,COMP-C01,Zone_C,4.23,2.02,78.9,3686.0,59.8,OK
2024-02-28 17:00:00,COMP-C02,Zone_C,3.89,1.81,72.6,3641.0,54.5,OK
2024-02-28 17:00:00,FAN-D01,Zone_B,1.55,0.81,51.0,1199.0,58.7,OK
2024-02-28 18:00:00,PUMP-A01,Zone_A,3.27,1.48,55.0,1748.0,54.0,OK
2024-02-28 18:00:00,PUMP-A02,Zone_A,2.8,1.42,55.5,1737.0,47.2,OK
2024-02-28 18:00:00,PUMP-B01,Zone_B,2.07,0.94,58.3,1737.0,51.0,OK
2024-02-28 18:00:00,COMP-C01,Zone_C,3.78,1.89,76.9,3598.0,53.3,OK
2024-02-28 18:00:00,COMP-C02,Zone_C,2.96,1.47,73.5,3629.0,50.7,OK
2024-02-28 18:00:00,FAN-D01,Zone_B,1.37,0.74,45.8,1212.0,55.9,OK
2024-02-28 19:00:00,PUMP-A01,Zone_A,3.08,1.39,56.0,1813.0,62.2,OK
2024-02-28 19:00:00,PUMP-A02,Zone_A,2.49,1.21,59.4,1793.0,58.6,OK
2024-02-28 19:00:00,PUMP-B01,Zone_B,2.51,1.11,62.7,1802.0,64.0,OK
2024-02-28 19:00:00,COMP-C01,Zone_C,3.77,2.07,76.7,3636.0,54.7,OK
2024-02-28 19:00:00,COMP-C02,Zone_C,3.45,1.79,78.3,3672.0,57.2,OK
2024-02-28 19:00:00,FAN-D01,Zone_B,2.33,1.12,44.9,1193.0,46.8,OK
2024-02-28 20:00:00,PUMP-A01,Zone_A,3.03,1.65,61.2,1801.0,59.6,OK
2024-02-28 20:00:00,PUMP-A02,Zone_A,2.38,1.18,58.6,1792.0,64.2,OK
2024-02-28 20:00:00,PUMP-B01,Zone_B,2.65,1.42,60.4,1804.0,69.1,OK
2024-02-28 20:00:00,COMP-C01,Zone_C,4.21,2.32,79.9,3717.0,63.9,OK
2024-02-28 20:00:00,COMP-C02,Zone_C,3.59,1.95,77.4,3738.0,65.5,OK
2024-02-28 20:00:00,FAN-D01,Zone_B,1.42,0.78,44.4,1205.0,50.4,OK
2024-02-28 21:00:00,PUMP-A01,Zone_A,3.53,1.54,62.0,1813.0,66.9,OK
2024-02-28 21:00:00,PUMP-A02,Zone_A,2.56,1.33,60.8,1817.0,64.8,OK
2024-02-28 21:00:00,PUMP-B01,Zone_B,2.7,1.4,59.9,1784.0,59.6,OK
2024-02-28 21:00:00,COMP-C01,Zone_C,3.84,1.95,79.6,3652.0,56.9,OK
2024-02-28 21:00:00,COMP-C02,Zone_C,3.18,1.63,68.4,3650.0,55.9,OK
2024-02-28 21:00:00,FAN-D01,Zone_B,1.67,0.8,49.7,1194.0,57.4,SUSPECT
2024-02-28 22:00:00,PUMP-A01,Zone_A,3.59,1.85,62.0,1783.0,62.5,OK
2024-02-28 22:00:00,PUMP-A02,Zone_A,2.58,1.42,57.2,1767.0,62.8,OK
2024-02-28 22:00:00,PUMP-B01,Zone_B,2.27,1.12,54.8,1773.0,58.3,OK
2024-02-28 22:00:00,COMP-C01,Zone_C,4.66,2.31,84.2,3755.0,66.5,OK
2024-02-28 22:00:00,COMP-C02,Zone_C,3.51,1.75,77.3,3712.0,61.8,OK
2024-02-28 22:00:00,FAN-D01,Zone_B,2.04,0.92,46.6,1213.0,58.5,OK
2024-02-28 23:00:00,PUMP-A01,Zone_A,3.42,1.59,63.7,1804.0,64.2,OK
2024-02-28 23:00:00,PUMP-A02,Zone_A,2.31,1.16,57.6,1824.0,65.5,OK
2024-02-28 23:00:00,PUMP-B01,Zone_B,2.95,1.56,60.5,1819.0,65.3,OK
2024-02-28 23:00:00,COMP-C01,Zone_C,4.19,2.06,79.6,3691.0,64.7,OK
2024-02-28 23:00:00,COMP-C02,Zone_C,3.48,1.73,80.2,3755.0,73.7,OK
2024-02-28 23:00:00,FAN-D01,Zone_B,1.57,0.7,50.2,1226.0,62.3,OK
2024-02-29 00:00:00,PUMP-A01,Zone_A,3.38,1.68,62.7,1812.0,66.4,OK
2024-02-29 00:00:00,PUMP-A02,Zone_A,2.71,1.59,56.6,1809.0,65.7,OK
2024-02-29 00:00:00,PUMP-B01,Zone_B,2.57,1.42,59.6,1850.0,74.0,OK
2024-02-29 00:00:00,COMP-C01,Zone_C,4.31,2.33,79.6,3743.0,72.0,OK
2024-02-29 00:00:00,COMP-C02,Zone_C,3.89,1.97,80.1,3858.0,84.4,OK
2024-02-29 00:00:00,FAN-D01,Zone_B,1.89,0.89,48.0,1268.0,72.7,OK
2024-02-29 01:00:00,PUMP-A01,Zone_A,3.42,1.72,61.0,1875.0,69.5,OK
2024-02-29 01:00:00,PUMP-A02,Zone_A,2.73,1.36,63.1,1813.0,71.8,OK
2024-02-29 01:00:00,PUMP-B01,Zone_B,2.41,1.14,60.8,1841.0,73.9,OK
2024-02-29 01:00:00,COMP-C01,Zone_C,4.11,2.15,76.4,3799.0,73.3,OK
2024-02-29 01:00:00,COMP-C02,Zone_C,3.47,1.84,80.5,3806.0,80.8,OK
2024-02-29 01:00:00,FAN-D01,Zone_B,1.59,0.76,49.3,1276.0,70.7,OK
2024-02-29 02:00:00,PUMP-A01,Zone_A,3.62,1.78,64.7,1839.0,82.1,OK
2024-02-29 02:00:00,PUMP-A02,Zone_A,2.7,1.34,61.8,1867.0,81.5,OK
2024-02-29 02:00:00,PUMP-B01,Zone_B,2.75,1.31,58.9,1848.0,75.6,OK
2024-02-29 02:00:00,COMP-C01,Zone_C,4.43,2.19,77.1,3725.0,69.1,OK
2024-02-29 02:00:00,COMP-C02,Zone_C,3.77,1.97,79.1,3805.0,78.1,OK
2024-02-29 02:00:00,FAN-D01,Zone_B,2.05,1.02,50.8,1292.0,78.1,OK
2024-02-29 03:00:00,PUMP-A01,Zone_A,3.16,1.47,64.3,1831.0,75.8,OK
2024-02-29 03:00:00,PUMP-A02,Zone_A,2.59,1.19,59.6,1865.0,83.3,OK
2024-02-29 03:00:00,PUMP-B01,Zone_B,3.3,1.65,62.1,1875.0,86.4,OK
2024-02-29 03:00:00,COMP-C01,Zone_C,4.11,2.0,76.7,3855.0,85.2,OK
2024-02-29 03:00:00,COMP-C02,Zone_C,3.66,1.84,73.1,3833.0,80.0,OK
2024-02-29 03:00:00,FAN-D01,Zone_B,1.65,0.88,48.5,1304.0,79.8,OK
2024-02-29 04:00:00,PUMP-A01,Zone_A,3.65,1.7,65.0,1851.0,80.4,OK
2024-02-29 04:00:00,PUMP-A02,Zone_A,2.81,1.19,61.2,1840.0,76.2,OK
2024-02-29 04:00:00,PUMP-B01,Zone_B,2.51,1.34,61.1,1892.0,90.7,OK
2024-02-29 04:00:00,COMP-C01,Zone_C,4.46,2.27,82.1,3892.0,88.2,OK
2024-02-29 04:00:00,COMP-C02,Zone_C,3.86,2.12,79.8,3866.0,87.5,OK
2024-02-29 04:00:00,FAN-D01,Zone_B,2.21,0.96,50.0,1293.0,81.0,OK
2024-02-29 05:00:00,PUMP-A01,Zone_A,3.81,2.01,61.7,1860.0,78.5,OK
2024-02-29 05:00:00,PUMP-A02,Zone_A,2.08,1.06,58.9,1868.0,78.3,OK
2024-02-29 05:00:00,PUMP-B01,Zone_B,2.88,1.51,62.9,1857.0,81.6,OK
2024-02-29 05:00:00,COMP-C01,Zone_C,5.22,2.71,80.1,3880.0,89.6,OK
2024-02-29 05:00:00,COMP-C02,Zone_C,4.37,2.15,81.2,3854.0,88.6,OK
2024-02-29 05:00:00,FAN-D01,Zone_B,1.97,0.96,54.6,1295.0,83.5,OK
2024-02-29 06:00:00,PUMP-A01,Zone_A,3.77,2.04,65.0,1913.0,83.2,OK
2024-02-29 06:00:00,PUMP-A02,Zone_A,3.34,1.75,64.5,1890.0,85.4,OK
2024-02-29 06:00:00,PUMP-B01,Zone_B,2.81,1.4,59.9,1865.0,80.7,OK
2024-02-29 06:00:00,COMP-C01,Zone_C,4.18,2.26,78.5,3809.0,82.7,OK
2024-02-29 06:00:00,COMP-C02,Zone_C,3.59,1.71,79.8,3854.0,86.3,OK
2024-02-29 06:00:00,FAN-D01,Zone_B,2.43,1.14,51.5,1306.0,78.2,OK
2024-02-29 07:00:00,PUMP-A01,Zone_A,4.0,2.04,64.1,1857.0,77.7,OK
2024-02-29 07:00:00,PUMP-A02,Zone_A,2.86,1.53,60.9,1856.0,85.4,OK
2024-02-29 07:00:00,PUMP-B01,Zone_B,2.61,1.38,65.1,1860.0,88.4,OK
2024-02-29 07:00:00,COMP-C01,Zone_C,4.22,2.05,82.8,3882.0,93.4,OK
2024-02-29 07:00:00,COMP-C02,Zone_C,4.1,2.11,78.4,3896.0,86.8,OK
2024-02-29 07:00:00,FAN-D01,Zone_B,2.24,1.09,52.5,1278.0,88.4,OK
2024-02-29 08:00:00,PUMP-A01,Zone_A,3.2,1.51,63.4,1849.0,83.6,OK
2024-02-29 08:00:00,PUMP-A02,Zone_A,2.49,1.23,62.0,1818.0,75.7,OK
2024-02-29 08:00:00,PUMP-B01,Zone_B,2.24,1.06,63.2,1853.0,87.6,SUSPECT
2024-02-29 08:00:00,COMP-C01,Zone_C,4.31,2.15,85.0,3869.0,82.9,OK
2024-02-29 08:00:00,COMP-C02,Zone_C,3.79,1.67,78.9,3912.0,90.6,OK
2024-02-29 08:00:00,FAN-D01,Zone_B,2.1,1.13,50.2,1280.0,81.3,OK
2024-02-29 09:00:00,PUMP-A01,Zone_A,3.47,1.8,66.3,1840.0,87.1,OK
2024-02-29 09:00:00,PUMP-A02,Zone_A,2.7,1.48,65.3,1846.0,78.5,OK
2024-02-29 09:00:00,PUMP-B01,Zone_B,2.3,1.13,60.9,1882.0,75.7,OK
2024-02-29 09:00:00,COMP-C01,Zone_C,3.98,1.83,78.8,3743.0,69.9,OK
2024-02-29 09:00:00,COMP-C02,Zone_C,3.28,1.5,79.9,3839.0,82.4,OK
2024-02-29 09:00:00,FAN-D01,Zone_B,1.53,0.59,48.2,1283.0,77.3,OK
2024-02-29 10:00:00,PUMP-A01,Zone_A,3.6,1.7,62.6,1839.0,78.6,OK
2024-02-29 10:00:00,PUMP-A02,Zone_A,2.84,1.53,61.1,1867.0,79.5,OK
2024-02-29 10:00:00,PUMP-B01,Zone_B,3.06,1.54,61.1,1835.0,74.7,OK
2024-02-29 10:00:00,COMP-C01,Zone_C,4.06,1.97,78.9,3801.0,76.6,OK
2024-02-29 10:00:00,COMP-C02,Zone_C,3.67,1.9,77.7,3831.0,86.1,OK
2024-02-29 10:00:00,FAN-D01,Zone_B,1.64,0.87,46.4,1265.0,82.3,OK
2024-02-29 11:00:00,PUMP-A01,Zone_A,3.25,1.78,66.5,1828.0,70.4,OK
2024-02-29 11:00:00,PUMP-A02,Zone_A,2.66,1.29,59.9,1851.0,80.8,OK
2024-02-29 11:00:00,PUMP-B01,Zone_B,2.85,1.45,59.3,1802.0,68.8,OK
2024-02-29 11:00:00,COMP-C01,Zone_C,4.03,1.86,79.4,3706.0,64.7,OK
2024-02-29 11:00:00,COMP-C02,Zone_C,3.55,1.96,75.0,3760.0,73.2,OK
2024-02-29 11:00:00,FAN-D01,Zone_B,1.93,0.9,49.5,1255.0,73.7,OK
2024-02-29 12:00:00,PUMP-A01,Zone_A,3.14,1.53,60.9,1826.0,79.4,OK
2024-02-29 12:00:00,PUMP-A02,Zone_A,2.7,1.4,59.8,1827.0,72.1,OK
2024-02-29 12:00:00,PUMP-B01,Zone_B,3.1,1.43,60.5,1831.0,71.0,OK
2024-02-29 12:00:00,COMP-C01,Zone_C,4.66,2.28,79.3,3736.0,64.3,OK
2024-02-29 12:00:00,COMP-C02,Zone_C,3.75,1.75,75.1,3749.0,71.9,OK
2024-02-29 12:00:00,FAN-D01,Zone_B,1.98,1.03,47.4,1264.0,67.9,SUSPECT
2024-02-29 13:00:00,PUMP-A01,Zone_A,3.05,1.52,61.6,1847.0,70.6,OK
2024-02-29 13:00:00,PUMP-A02,Zone_A,2.5,1.32,60.8,1848.0,67.7,OK
2024-02-29 13:00:00,PUMP-B01,Zone_B,2.56,1.44,61.1,1817.0,72.1,OK
2024-02-29 13:00:00,COMP-C01,Zone_C,4.6,2.4,76.0,3703.0,65.7,OK
2024-02-29 13:00:00,COMP-C02,Zone_C,3.51,1.74,78.3,3740.0,66.5,OK
2024-02-29 13:00:00,FAN-D01,Zone_B,2.06,0.79,47.7,1214.0,64.2,OK
2024-02-29 14:00:00,PUMP-A01,Zone_A,2.55,1.31,59.6,1761.0,62.1,OK
2024-02-29 14:00:00,PUMP-A02,Zone_A,2.64,1.08,57.4,1781.0,55.6,OK
2024-02-29 14:00:00,PUMP-B01,Zone_B,2.77,1.41,61.3,1758.0,60.6,OK
2024-02-29 14:00:00,COMP-C01,Zone_C,4.19,1.98,76.5,3622.0,51.8,OK
2024-02-29 14:00:00,COMP-C02,Zone_C,3.48,1.67,77.1,3713.0,67.8,OK
2024-02-29 14:00:00,FAN-D01,Zone_B,1.58,0.8,46.5,1182.0,57.3,OK
2024-02-29 15:00:00,PUMP-A01,Zone_A,3.28,1.71,59.1,1798.0,62.0,OK
2024-02-29 15:00:00,PUMP-A02,Zone_A,2.59,1.3,59.4,1842.0,67.4,OK
2024-02-29 15:00:00,PUMP-B01,Zone_B,2.86,1.24,59.1,1793.0,55.3,OK
2024-02-29 15:00:00,COMP-C01,Zone_C,3.87,2.11,75.6,3640.0,60.9,OK
2024-02-29 15:00:00,COMP-C02,Zone_C,3.54,1.88,76.2,3716.0,66.2,OK
2024-02-29 15:00:00,FAN-D01,Zone_B,1.29,0.81,43.7,1207.0,54.6,OK
2024-02-29 16:00:00,PUMP-A01,Zone_A,3.3,1.44,60.8,1776.0,53.3,OK
2024-02-29 16:00:00,PUMP-A02,Zone_A,1.84,0.95,55.4,1780.0,54.9,OK
2024-02-29 16:00:00,PUMP-B01,Zone_B,1.82,0.82,60.2,1803.0,61.8,OK
2024-02-29 16:00:00,COMP-C01,Zone_C,4.0,2.12,77.9,3586.0,50.7,OK
2024-02-29 16:00:00,COMP-C02,Zone_C,3.34,1.54,75.5,3674.0,59.4,OK
2024-02-29 16:00:00,FAN-D01,Zone_B,1.68,0.82,47.5,1232.0,62.3,OK
2024-02-29 17:00:00,PUMP-A01,Zone_A,3.33,1.6,60.4,1752.0,50.6,OK
2024-02-29 17:00:00,PUMP-A02,Zone_A,2.28,1.08,58.8,1733.0,55.4,OK
2024-02-29 17:00:00,PUMP-B01,Zone_B,2.27,0.82,55.4,1781.0,55.2,OK
2024-02-29 17:00:00,COMP-C01,Zone_C,3.75,1.87,75.0,3544.0,44.7,OK
2024-02-29 17:00:00,COMP-C02,Zone_C,3.12,1.52,75.0,3676.0,60.3,OK
2024-02-29 17:00:00,FAN-D01,Zone_B,1.78,0.95,47.0,1210.0,48.6,OK
2024-02-29 18:00:00,PUMP-A01,Zone_A,3.38,1.56,64.7,1776.0,68.3,OK
2024-02-29 18:00:00,PUMP-A02,Zone_A,2.12,1.08,57.1,1776.0,56.2,OK
2024-02-29 18:00:00,PUMP-B01,Zone_B,2.36,0.95,58.9,1807.0,59.8,OK
2024-02-29 18:00:00,COMP-C01,Zone_C,4.49,2.33,78.3,3648.0,51.7,SUSPECT
2024-02-29 18:00:00,COMP-C02,Zone_C,3.69,1.9,77.2,3628.0,54.9,OK
2024-02-29 18:00:00,FAN-D01,Zone_B,1.37,0.53,44.5,1208.0,54.6,OK
2024-02-29 19:00:00,PUMP-A01,Zone_A,3.21,1.62,56.2,1749.0,55.0,OK
2024-02-29 19:00:00,PUMP-A02,Zone_A,2.34,1.15,58.0,1804.0,57.1,OK
2024-02-29 19:00:00,PUMP-B01,Zone_B,2.28,1.01,57.2,1762.0,56.3,OK
2024-02-29 19:00:00,COMP-C01,Zone_C,4.43,2.05,75.5,3692.0,64.9,OK
2024-02-29 19:00:00,COMP-C02,Zone_C,3.58,1.84,75.5,3634.0,55.4,OK
2024-02-29 19:00:00,FAN-D01,Zone_B,1.91,0.99,46.4,1175.0,60.6,OK
2024-02-29 20:00:00,PUMP-A01,Zone_A,3.36,1.62,62.0,1806.0,61.6,OK
2024-02-29 20:00:00,PUMP-A02,Zone_A,2.14,1.12,56.5,1765.0,48.8,OK
2024-02-29 20:00:00,PUMP-B01,Zone_B,1.96,0.84,59.3,1773.0,49.3,OK
2024-02-29 20:00:00,COMP-C01,Zone_C,3.96,2.16,75.7,3615.0,57.0,OK
2024-02-29 20:00:00,COMP-C02,Zone_C,3.67,1.91,72.3,3617.0,54.8,OK
2024-02-29 20:00:00,FAN-D01,Zone_B,1.2,0.7,47.6,1224.0,56.5,OK
2024-02-29 21:00:00,PUMP-A01,Zone_A,3.13,1.58,60.0,1781.0,59.1,SUSPECT
2024-02-29 21:00:00,PUMP-A02,Zone_A,2.54,1.48,62.6,1707.0,47.4,OK
2024-02-29 21:00:00,PUMP-B01,Zone_B,2.05,0.84,58.6,1759.0,61.9,OK
2024-02-29 21:00:00,COMP-C01,Zone_C,3.72,1.64,75.1,3605.0,57.7,OK
2024-02-29 21:00:00,COMP-C02,Zone_C,3.59,1.73,76.8,3645.0,56.4,OK
2024-02-29 21:00:00,FAN-D01,Zone_B,1.8,0.8,48.1,1227.0,63.3,OK
2024-02-29 22:00:00,PUMP-A01,Zone_A,3.33,1.81,60.6,1820.0,69.4,OK
2024-02-29 22:00:00,PUMP-A02,Zone_A,2.65,1.42,57.5,1771.0,62.5,OK
2024-02-29 22:00:00,PUMP-B01,Zone_B,2.32,1.25,58.8,1844.0,68.1,OK
2024-02-29 22:00:00,COMP-C01,Zone_C,4.01,1.96,81.1,3756.0,72.7,OK
2024-02-29 22:00:00,COMP-C02,Zone_C,3.7,2.03,77.8,3690.0,64.5,OK
2024-02-29 22:00:00,FAN-D01,Zone_B,1.57,0.59,46.4,1241.0,64.1,OK
2024-02-29 23:00:00,PUMP-A01,Zone_A,3.43,1.86,60.4,1866.0,66.4,OK
2024-02-29 23:00:00,PUMP-A02,Zone_A,2.28,1.23,62.0,1804.0,68.5,OK
2024-02-29 23:00:00,PUMP-B01,Zone_B,1.9,0.82,58.6,1792.0,63.7,OK
2024-02-29 23:00:00,COMP-C01,Zone_C,4.0,2.06,78.3,3701.0,64.9,OK
2024-02-29 23:00:00,COMP-C02,Zone_C,3.39,1.76,74.1,3711.0,65.3,OK
2024-02-29 23:00:00,FAN-D01,Zone_B,1.59,0.8,49.1,1245.0,68.7,OK
2024-03-01 00:00:00,PUMP-A01,Zone_A,3.44,1.59,59.3,1837.0,73.1,OK
2024-03-01 00:00:00,PUMP-A02,Zone_A,2.73,1.19,60.4,1797.0,64.2,OK
2024-03-01 00:00:00,PUMP-B01,Zone_B,2.77,1.4,61.3,1829.0,70.2,OK
2024-03-01 00:00:00,COMP-C01,Zone_C,4.36,2.11,79.3,3751.0,70.9,OK
2024-03-01 00:00:00,COMP-C02,Zone_C,2.74,1.37,75.3,3762.0,68.3,OK
2024-03-01 00:00:00,FAN-D01,Zone_B,1.83,0.99,48.5,1253.0,72.5,OK
2024-03-01 01:00:00,PUMP-A01,Zone_A,3.73,2.02,64.3,1834.0,74.4,OK
2024-03-01 01:00:00,PUMP-A02,Zone_A,2.37,1.23,63.8,1854.0,78.9,SUSPECT
2024-03-01 01:00:00,PUMP-B01,Zone_B,2.34,1.21,60.6,1874.0,79.1,OK
2024-03-01 01:00:00,COMP-C01,Zone_C,4.4,2.16,78.8,3760.0,73.6,OK
2024-03-01 01:00:00,COMP-C02,Zone_C,3.25,1.55,77.2,3723.0,69.6,OK
2024-03-01 01:00:00,FAN-D01,Zone_B,1.53,0.75,48.1,1231.0,64.1,SUSPECT
2024-03-01 02:00:00,PUMP-A01,Zone_A,2.92,1.53,62.7,1842.0,76.7,OK
2024-03-01 02:00:00,PUMP-A02,Zone_A,2.96,1.41,61.2,1902.0,81.6,OK
2024-03-01 02:00:00,PUMP-B01,Zone_B,3.08,1.77,58.5,1829.0,76.1,OK
2024-03-01 02:00:00,COMP-C01,Zone_C,3.82,1.83,77.3,3735.0,70.1,OK
2024-03-01 02:00:00,COMP-C02,Zone_C,3.42,1.67,74.0,3792.0,72.4,OK
2024-03-01 02:00:00,FAN-D01,Zone_B,1.88,0.88,50.8,1261.0,75.2,OK
2024-03-01 03:00:00,PUMP-A01,Zone_A,3.69,1.82,64.5,1858.0,74.5,OK
2024-03-01 03:00:00,PUMP-A02,Zone_A,2.36,1.17,56.6,1865.0,74.6,OK
2024-03-01 03:00:00,PUMP-B01,Zone_B,2.53,1.4,63.4,1878.0,87.5,OK
2024-03-01 03:00:00,COMP-C01,Zone_C,4.4,2.18,79.6,3855.0,80.5,OK
2024-03-01 03:00:00,COMP-C02,Zone_C,3.01,1.56,75.0,3818.0,75.8,OK
2024-03-01 03:00:00,FAN-D01,Zone_B,1.6,0.74,50.7,1305.0,89.5,OK
2024-03-01 04:00:00,PUMP-A01,Zone_A,3.23,1.69,62.6,1891.0,85.8,OK
2024-03-01 04:00:00,PUMP-A02,Zone_A,3.06,1.53,64.1,1845.0,84.8,OK
2024-03-01 04:00:00,PUMP-B01,Zone_B,1.91,1.0,59.1,1878.0,83.1,SUSPECT
2024-03-01 04:00:00,COMP-C01,Zone_C,4.39,2.1,78.7,3883.0,87.0,OK
2024-03-01 04:00:00,COMP-C02,Zone_C,3.5,1.79,75.7,3855.0,81.3,OK
2024-03-01 04:00:00,FAN-D01,Zone_B,1.5,0.7,52.2,1246.0,74.4,OK
2024-03-01 05:00:00,PUMP-A01,Zone_A,4.03,2.08,64.3,1881.0,88.0,OK
2024-03-01 05:00:00,PUMP-A02,Zone_A,2.57,1.36,63.3,1904.0,83.6,OK
2024-03-01 05:00:00,PUMP-B01,Zone_B,2.63,1.52,58.6,1863.0,79.4,OK
2024-03-01 05:00:00,COMP-C01,Zone_C,4.29,2.17,81.9,3818.0,80.9,OK
2024-03-01 05:00:00,COMP-C02,Zone_C,3.4,1.55,77.4,3884.0,90.0,OK
2024-03-01 05:00:00,FAN-D01,Zone_B,1.12,0.53,49.6,1290.0,87.6,OK
2024-03-01 06:00:00,PUMP-A01,Zone_A,3.91,1.96,66.5,1887.0,93.0,OK
2024-03-01 06:00:00,PUMP-A02,Zone_A,2.38,1.26,58.4,1831.0,80.9,OK
2024-03-01 06:00:00,PUMP-B01,Zone_B,2.79,1.4,61.7,1862.0,92.9,OK
2024-03-01 06:00:00,COMP-C01,Zone_C,4.16,2.23,80.3,3864.0,86.6,SUSPECT
2024-03-01 06:00:00,COMP-C02,Zone_C,3.72,1.75,75.8,3881.0,86.8,OK
2024-03-01 06:00:00,FAN-D01,Zone_B,2.2,1.28,45.3,1275.0,84.9,OK
2024-03-01 07:00:00,PUMP-A01,Zone_A,4.05,1.98,67.8,1851.0,91.7,OK
2024-03-01 07:00:00,PUMP-A02,Zone_A,2.74,1.25,61.6,1868.0,85.6,OK
2024-03-01 07:00:00,PUMP-B01,Zone_B,2.57,1.31,62.2,1854.0,77.0,OK
2024-03-01 07:00:00,COMP-C01,Zone_C,4.03,2.17,78.7,3840.0,83.3,OK
2024-03-01 07:00:00,COMP-C02,Zone_C,2.83,1.48,76.1,3784.0,81.8,OK
2024-03-01 07:00:00,FAN-D01,Zone_B,1.6,0.82,54.0,1310.0,94.6,OK
2024-03-01 08:00:00,PUMP-A01,Zone_A,3.85,2.01,66.1,1889.0,90.9,OK
2024-03-01 08:00:00,PUMP-A02,Zone_A,2.66,1.3,61.5,1870.0,76.1,OK
2024-03-01 08:00:00,PUMP-B01,Zone_B,2.49,1.11,62.4,1853.0,75.1,OK
2024-03-01 08:00:00,COMP-C01,Zone_C,4.06,1.95,78.0,3839.0,80.1,OK
2024-03-01 08:00:00,COMP-C02,Zone_C,3.64,1.97,77.6,3823.0,82.2,OK
2024-03-01 08:00:00,FAN-D01,Zone_B,1.8,1.06,50.9,1290.0,83.9,OK
2024-03-01 09:00:00,PUMP-A01,Zone_A,3.53,1.78,63.3,1870.0,86.9,OK
2024-03-01 09:00:00,PUMP-A02,Zone_A,2.43,1.21,58.6,1842.0,81.5,OK
2024-03-01 09:00:00,PUMP-B01,Zone_B,2.4,1.19,61.9,1860.0,82.8,OK
2024-03-01 09:00:00,COMP-C01,Zone_C,4.39,2.38,78.1,3839.0,81.2,OK
2024-03-01 09:00:00,COMP-C02,Zone_C,3.61,1.91,76.2,3832.0,80.6,OK
2024-03-01 09:00:00,FAN-D01,Zone_B,1.8,0.94,46.5,1299.0,88.5,OK
2024-03-01 10:00:00,PUMP-A01,Zone_A,3.17,1.63,60.1,1808.0,75.6,OK
2024-03-01 10:00:00,PUMP-A02,Zone_A,3.18,1.61,63.1,1825.0,74.2,OK
2024-03-01 10:00:00,PUMP-B01,Zone_B,2.56,1.07,62.3,1840.0,72.3,SUSPECT
2024-03-01 10:00:00,COMP-C01,Zone_C,4.23,2.15,78.6,3781.0,74.9,OK
2024-03-01 10:00:00,COMP-C02,Zone_C,3.6,1.84,77.3,3791.0,74.2,OK
2024-03-01 10:00:00,FAN-D01,Zone_B,2.05,0.91,52.7,1251.0,85.6,OK
2024-03-01 11:00:00,PUMP-A01,Zone_A,3.32,1.62,60.8,1824.0,75.9,OK
2024-03-01 11:00:00,PUMP-A02,Zone_A,2.3,1.39,62.8,1828.0,70.3,OK
2024-03-01 11:00:00,PUMP-B01,Zone_B,1.9,0.76,55.1,1833.0,77.7,OK
2024-03-01 11:00:00,COMP-C01,Zone_C,4.67,2.34,83.2,3811.0,81.6,OK
2024-03-01 11:00:00,COMP-C02,Zone_C,3.74,2.0,80.6,3792.0,73.5,OK
2024-03-01 11:00:00,FAN-D01,Zone_B,1.85,0.96,46.7,1242.0,72.1,OK
2024-03-01 12:00:00,PUMP-A01,Zone_A,3.23,1.62,62.2,1797.0,74.8,OK
2024-03-01 12:00:00,PUMP-A02,Zone_A,2.5,1.18,59.8,1852.0,80.2,OK
2024-03-01 12:00:00,PUMP-B01,Zone_B,1.66,0.65,57.7,1839.0,73.4,OK
2024-03-01 12:00:00,COMP-C01,Zone_C,3.98,2.02,77.7,3804.0,74.9,OK
2024-03-01 12:00:00,COMP-C02,Zone_C,3.08,1.84,76.8,3701.0,67.3,OK
2024-03-01 12:00:00,FAN-D01,Zone_B,1.26,0.6,43.8,1262.0,79.2,OK
2024-03-01 13:00:00,PUMP-A01,Zone_A,3.08,1.61,59.6,1799.0,63.2,OK
2024-03-01 13:00:00,PUMP-A02,Zone_A,2.05,0.96,60.3,1824.0,74.3,OK
2024-03-01 13:00:00,PUMP-B01,Zone_B,2.7,1.35,61.8,1795.0,67.1,OK
2024-03-01 13:00:00,COMP-C01,Zone_C,3.7,2.0,77.1,3744.0,69.7,OK
2024-03-01 13:00:00,COMP-C02,Zone_C,3.61,1.96,75.5,3704.0,62.9,OK
2024-03-01 13:00:00,FAN-D01,Zone_B,1.46,0.76,44.9,1268.0,64.5,OK
2024-03-01 14:00:00,PUMP-A01,Zone_A,3.02,1.48,59.5,1797.0,67.5,OK
2024-03-01 14:00:00,PUMP-A02,Zone_A,2.41,1.17,60.0,1791.0,58.2,OK
2024-03-01 14:00:00,PUMP-B01,Zone_B,2.28,1.27,55.6,1795.0,62.3,OK
2024-03-01 14:00:00,COMP-C01,Zone_C,4.17,2.14,78.4,3744.0,68.9,OK
2024-03-01 14:00:00,COMP-C02,Zone_C,3.75,1.88,79.3,3691.0,61.9,OK
2024-03-01 14:00:00,FAN-D01,Zone_B,2.04,0.99,47.3,1222.0,64.3,OK
2024-03-01 15:00:00,PUMP-A01,Zone_A,2.95,1.49,58.8,1789.0,63.4,OK
2024-03-01 15:00:00,PUMP-A02,Zone_A,2.52,1.31,56.7,1785.0,56.5,OK
2024-03-01 15:00:00,PUMP-B01,Zone_B,2.4,1.08,59.1,1855.0,68.4,OK
2024-03-01 15:00:00,COMP-C01,Zone_C,4.2,2.0,78.4,3657.0,60.0,OK
2024-03-01 15:00:00,COMP-C02,Zone_C,3.64,1.78,77.6,3642.0,52.1,OK
2024-03-01 15:00:00,FAN-D01,Zone_B,2.01,0.96,48.4,1211.0,52.9,OK
2024-03-01 16:00:00,PUMP-A01,Zone_A,2.8,1.51,59.0,1804.0,58.3,OK
2024-03-01 16:00:00,PUMP-A02,Zone_A,2.17,1.07,55.5,1782.0,50.0,OK
2024-03-01 16:00:00,PUMP-B01,Zone_B,2.3,1.26,60.1,1776.0,51.6,OK
2024-03-01 16:00:00,COMP-C01,Zone_C,4.35,2.25,77.9,3641.0,53.2,OK
2024-03-01 16:00:00,COMP-C02,Zone_C,3.27,1.59,74.6,3664.0,58.6,OK
2024-03-01 16:00:00,FAN-D01,Zone_B,1.51,0.75,47.1,1214.0,63.1,OK
2024-03-01 17:00:00,PUMP-A01,Zone_A,3.51,1.73,59.6,1805.0,60.6,OK
2024-03-01 17:00:00,PUMP-A02,Zone_A,2.35,1.32,56.9,1773.0,53.9,OK
2024-03-01 17:00:00,PUMP-B01,Zone_B,1.81,0.95,58.1,1770.0,54.3,OK
2024-03-01 17:00:00,COMP-C01,Zone_C,4.21,2.17,74.8,3655.0,58.2,OK
2024-03-01 17:00:00,COMP-C02,Zone_C,3.78,2.02,76.7,3649.0,58.8,OK
2024-03-01 17:00:00,FAN-D01,Zone_B,1.3,0.72,45.3,1199.0,57.4,OK
2024-03-01 18:00:00,PUMP-A01,Zone_A,3.45,1.56,58.2,1786.0,59.0,OK
2024-03-01 18:00:00,PUMP-A02,Zone_A,2.54,1.19,56.1,1760.0,54.0,OK
2024-03-01 18:00:00,PUMP-B01,Zone_B,1.87,0.74,56.7,1831.0,66.1,OK
2024-03-01 18:00:00,COMP-C01,Zone_C,4.08,2.11,78.1,3562.0,47.6,OK
2024-03-01 18:00:00,COMP-C02,Zone_C,4.1,2.07,76.1,3658.0,58.3,OK
2024-03-01 18:00:00,FAN-D01,Zone_B,1.86,0.75,52.3,1240.0,64.6,OK
2024-03-01 19:00:00,PUMP-A01,Zone_A,3.0,1.53,61.0,1764.0,47.7,OK
2024-03-01 19:00:00,PUMP-A02,Zone_A,2.42,1.2,57.0,1760.0,56.4,OK
2024-03-01 19:00:00,PUMP-B01,Zone_B,2.08,0.97,53.9,1739.0,55.0,OK
2024-03-01 19:00:00,COMP-C01,Zone_C,4.6,2.34,75.1,3660.0,56.2,OK
2024-03-01 19:00:00,COMP-C02,Zone_C,3.33,1.57,75.1,3653.0,55.7,OK
2024-03-01 19:00:00,FAN-D01,Zone_B,1.16,0.63,42.3,1257.0,53.6,OK
2024-03-01 20:00:00,PUMP-A01,Zone_A,3.21,1.4,60.3,1744.0,57.8,OK
2024-03-01 20:00:00,PUMP-A02,Zone_A,2.63,1.33,59.6,1761.0,50.8,OK
2024-03-01 20:00:00,PUMP-B01,Zone_B,2.74,1.16,61.2,1807.0,67.5,OK
2024-03-01 20:00:00,COMP-C01,Zone_C,3.87,1.91,75.5,3650.0,54.2,OK
2024-03-01 20:00:00,COMP-C02,Zone_C,3.19,1.61,76.1,3676.0,64.6,OK
2024-03-01 20:00:00,FAN-D01,Zone_B,1.75,0.88,52.1,1194.0,59.1,OK
2024-03-01 21:00:00,PUMP-A01,Zone_A,3.05,1.56,61.7,1783.0,66.7,OK
2024-03-01 21:00:00,PUMP-A02,Zone_A,2.59,1.27,60.4,1790.0,65.0,OK
2024-03-01 21:00:00,PUMP-B01,Zone_B,2.22,1.2,55.1,1794.0,56.7,OK
2024-03-01 21:00:00,COMP-C01,Zone_C,3.45,1.7,78.6,3668.0,60.8,OK
2024-03-01 21:00:00,COMP-C02,Zone_C,3.37,1.53,74.6,3685.0,59.7,OK
2024-03-01 21:00:00,FAN-D01,Zone_B,1.45,0.98,48.1,1215.0,49.8,OK
2024-03-01 22:00:00,PUMP-A01,Zone_A,2.97,1.58,59.6,1765.0,50.5,OK
2024-03-01 22:00:00,PUMP-A02,Zone_A,2.49,1.39,61.1,1776.0,65.8,SUSPECT
2024-03-01 22:00:00,PUMP-B01,Zone_B,2.88,1.6,61.8,1804.0,67.9,OK
2024-03-01 22:00:00,COMP-C01,Zone_C,3.97,1.99,74.9,3620.0,56.1,OK
2024-03-01 22:00:00,COMP-C02,Zone_C,3.06,1.55,76.6,3657.0,61.1,OK
2024-03-01 22:00:00,FAN-D01,Zone_B,1.92,1.08,47.9,1240.0,55.1,OK
2024-03-01 23:00:00,PUMP-A01,Zone_A,3.54,1.72,62.7,1840.0,67.8,OK
2024-03-01 23:00:00,PUMP-A02,Zone_A,2.44,1.1,60.1,1828.0,68.3,OK
2024-03-01 23:00:00,PUMP-B01,Zone_B,2.39,1.35,58.8,1775.0,61.2,OK
2024-03-01 23:00:00,COMP-C01,Zone_C,3.97,1.87,76.7,3724.0,68.0,OK
2024-03-01 23:00:00,COMP-C02,Zone_C,3.54,1.89,77.5,3703.0,64.1,OK
2024-03-01 23:00:00,FAN-D01,Zone_B,2.13,0.91,48.9,1188.0,61.2,OK
2024-03-02 00:00:00,PUMP-A01,Zone_A,3.68,1.8,65.5,1830.0,74.4,OK
2024-03-02 00:00:00,PUMP-A02,Zone_A,2.52,1.31,61.4,1796.0,60.7,OK
2024-03-02 00:00:00,PUMP-B01,Zone_B,2.64,1.33,62.1,1829.0,72.0,OK
2024-03-02 00:00:00,COMP-C01,Zone_C,4.47,2.43,78.3,3738.0,67.6,OK
2024-03-02 00:00:00,COMP-C02,Zone_C,3.89,1.94,79.7,3763.0,72.9,OK
2024-03-02 00:00:00,FAN-D01,Zone_B,1.45,0.73,45.8,1215.0,64.7,OK
2024-03-02 01:00:00,PUMP-A01,Zone_A,3.04,1.53,62.3,1862.0,74.4,OK
2024-03-02 01:00:00,PUMP-A02,Zone_A,2.57,1.24,60.9,1820.0,74.6,OK
2024-03-02 01:00:00,PUMP-B01,Zone_B,2.4,1.17,62.1,1823.0,70.8,OK
2024-03-02 01:00:00,COMP-C01,Zone_C,4.22,2.12,77.7,3767.0,73.1,OK
2024-03-02 01:00:00,COMP-C02,Zone_C,3.59,1.85,76.8,3804.0,77.5,OK
2024-03-02 01:00:00,FAN-D01,Zone_B,2.01,1.07,50.6,1256.0,74.1,OK
2024-03-02 02:00:00,PUMP-A01,Zone_A,3.27,1.68,60.7,1847.0,73.7,OK
2024-03-02 02:00:00,PUMP-A02,Zone_A,2.81,1.43,65.2,1859.0,78.9,OK
2024-03-02 02:00:00,PUMP-B01,Zone_B,2.76,1.33,62.2,1877.0,83.0,OK
2024-03-02 02:00:00,COMP-C01,Zone_C,3.93,2.15,75.5,3773.0,73.3,OK
2024-03-02 02:00:00,COMP-C02,Zone_C,3.41,1.66,75.9,3751.0,73.3,OK
2024-03-02 02:00:00,FAN-D01,Zone_B,1.96,1.07,53.6,1297.0,75.6,OK
2024-03-02 03:00:00,PUMP-A01,Zone_A,3.39,1.71,65.0,1876.0,84.5,OK
2024-03-02 03:00:00,PUMP-A02,Zone_A,2.96,1.48,62.2,1940.0,93.7,OK
2024-03-02 03:00:00,PUMP-B01,Zone_B,2.45,1.33,65.4,1845.0,76.8,OK
2024-03-02 03:00:00,COMP-C01,Zone_C,4.56,2.3,81.0,3832.0,85.2,OK
2024-03-02 03:00:00,COMP-C02,Zone_C,4.01,1.93,77.0,3811.0,82.1,OK
2024-03-02 03:00:00,FAN-D01,Zone_B,1.93,1.07,51.1,1248.0,76.2,OK
2024-03-02 04:00:00,PUMP-A01,Zone_A,3.5,1.78,64.0,1871.0,82.5,OK
2024-03-02 04:00:00,PUMP-A02,Zone_A,2.65,1.49,63.9,1883.0,95.1,OK
2024-03-02 04:00:00,PUMP-B01,Zone_B,2.16,0.98,61.4,1893.0,84.5,OK
2024-03-02 04:00:00,COMP-C01,Zone_C,4.28,2.2,78.7,3814.0,78.9,OK
2024-03-02 04:00:00,COMP-C02,Zone_C,4.13,1.96,77.4,3834.0,81.4,OK
2024-03-02 04:00:00,FAN-D01,Zone_B,1.89,0.88,47.7,1261.0,75.7,OK
2024-03-02 05:00:00,PUMP-A01,Zone_A,3.1,1.55,61.8,1856.0,79.3,OK
2024-03-02 05:00:00,PUMP-A02,Zone_A,3.01,1.45,64.6,1871.0,86.5,OK
2024-03-02 05:00:00,PUMP-B01,Zone_B,2.72,1.1,61.2,1868.0,94.3,OK
2024-03-02 05:00:00,COMP-C01,Zone_C,4.72,2.34,81.7,3930.0,93.2,OK
2024-03-02 05:00:00,COMP-C02,Zone_C,4.45,2.33,80.4,3871.0,85.8,OK
2024-03-02 05:00:00,FAN-D01,Zone_B,2.23,1.07,55.5,1305.0,87.0,OK
2024-03-02 06:00:00,PUMP-A01,Zone_A,3.48,1.68,67.1,1894.0,88.5,OK
2024-03-02 06:00:00,PUMP-A02,Zone_A,2.94,1.51,57.8,1849.0,79.9,OK
2024-03-02 06:00:00,PUMP-B01,Zone_B,2.98,1.57,58.7,1886.0,92.2,OK
2024-03-02 06:00:00,COMP-C01,Zone_C,4.12,2.02,80.7,3843.0,82.2,OK
2024-03-02 06:00:00,COMP-C02,Zone_C,3.46,1.79,79.1,3799.0,77.5,OK
2024-03-02 06:00:00,FAN-D01,Zone_B,2.03,0.99,51.6,1275.0,83.3,OK
2024-03-02 07:00:00,PUMP-A01,Zone_A,3.27,1.52,63.5,1823.0,73.1,OK
2024-03-02 07:00:00,PUMP-A02,Zone_A,2.59,1.31,61.3,1856.0,87.1,OK
2024-03-02 07:00:00,PUMP-B01,Zone_B,2.4,1.22,60.6,1888.0,89.6,OK
2024-03-02 07:00:00,COMP-C01,Zone_C,4.11,2.08,82.6,3844.0,87.8,OK
2024-03-02 07:00:00,COMP-C02,Zone_C,3.85,1.84,77.7,3866.0,90.4,OK
2024-03-02 07:00:00,FAN-D01,Zone_B,2.44,1.26,49.1,1296.0,89.1,OK
2024-03-02 08:00:00,PUMP-A01,Zone_A,3.71,1.8,64.7,1798.0,69.9,OK
2024-03-02 08:00:00,PUMP-A02,Zone_A,2.43,1.18,60.3,1927.0,93.2,OK
2024-03-02 08:00:00,PUMP-B01,Zone_B,2.34,1.25,63.3,1813.0,79.5,OK
2024-03-02 08:00:00,COMP-C01,Zone_C,4.87,2.41,85.6,3794.0,82.5,OK
2024-03-02 08:00:00,COMP-C02,Zone_C,3.24,1.71,77.7,3851.0,85.0,OK
2024-03-02 08:00:00,FAN-D01,Zone_B,2.55,1.25,48.0,1309.0,85.8,OK
2024-03-02 09:00:00,PUMP-A01,Zone_A,3.29,1.7,60.2,1854.0,77.8,OK
2024-03-02 09:00:00,PUMP-A02,Zone_A,2.68,1.37,60.9,1863.0,74.4,OK
2024-03-02 09:00:00,PUMP-B01,Zone_B,2.91,1.48,64.9,1889.0,87.0,OK
2024-03-02 09:00:00,COMP-C01,Zone_C,3.86,1.91,81.2,3826.0,82.4,OK
2024-03-02 09:00:00,COMP-C02,Zone_C,3.79,1.77,75.6,3857.0,86.9,OK
2024-03-02 09:00:00,FAN-D01,Zone_B,1.8,0.81,49.2,1314.0,88.0,OK
2024-03-02 10:00:00,PUMP-A01,Zone_A,3.71,1.84,60.0,1876.0,80.7,OK
2024-03-02 10:00:00,PUMP-A02,Zone_A,2.35,1.17,58.1,1824.0,72.2,OK
2024-03-02 10:00:00,PUMP-B01,Zone_B,2.26,1.08,59.9,1758.0,67.0,OK
2024-03-02 10:00:00,COMP-C01,Zone_C,3.83,2.07,78.5,3736.0,70.2,OK
2024-03-02 10:00:00,COMP-C02,Zone_C,3.97,1.99,80.5,3813.0,82.2,OK
2024-03-02 10:00:00,FAN-D01,Zone_B,2.03,1.04,47.8,1225.0,74.0,OK
2024-03-02 11:00:00,PUMP-A01,Zone_A,4.03,1.9,65.5,1871.0,86.7,OK
2024-03-02 11:00:00,PUMP-A02,Zone_A,2.49,1.15,57.9,1800.0,70.5,OK
2024-03-02 11:00:00,PUMP-B01,Zone_B,2.53,1.3,59.7,1813.0,66.8,OK
2024-03-02 11:00:00,COMP-C01,Zone_C,4.24,2.14,79.1,3750.0,71.0,OK
2024-03-02 11:00:00,COMP-C02,Zone_C,3.42,1.7,80.5,3838.0,83.7,OK
2024-03-02 11:00:00,FAN-D01,Zone_B,1.85,0.93,49.3,1255.0,73.7,OK
2024-03-02 12:00:00,PUMP-A01,Zone_A,2.91,1.64,61.4,1837.0,71.0,OK
2024-03-02 12:00:00,PUMP-A02,Zone_A,2.44,1.23,57.8,1813.0,61.0,OK
2024-03-02 12:00:00,PUMP-B01,Zone_B,2.75,1.39,61.2,1831.0,70.6,OK
2024-03-02 12:00:00,COMP-C01,Zone_C,4.26,2.13,78.5,3704.0,62.6,OK
2024-03-02 12:00:00,COMP-C02,Zone_C,3.44,1.7,75.5,3758.0,71.8,OK
2024-03-02 12:00:00,FAN-D01,Zone_B,1.52,0.74,44.5,1246.0,69.4,OK
2024-03-02 13:00:00,PUMP-A01,Zone_A,3.23,1.55,61.1,1788.0,60.6,OK
2024-03-02 13:00:00,PUMP-A02,Zone_A,2.36,1.17,60.2,1775.0,68.0,SUSPECT
2024-03-02 13:00:00,PUMP-B01,Zone_B,2.43,1.11,57.7,1807.0,64.1,OK
2024-03-02 13:00:00,COMP-C01,Zone_C,4.5,2.33,78.7,3777.0,71.9,OK
2024-03-02 13:00:00,COMP-C02,Zone_C,4.04,1.94,79.6,3745.0,69.2,OK
2024-03-02 13:00:00,FAN-D01,Zone_B,1.66,0.99,48.1,1268.0,62.0,OK
2024-03-02 14:00:00,PUMP-A01,Zone_A,3.32,1.67,60.0,1802.0,59.4,OK
2024-03-02 14:00:00,PUMP-A02,Zone_A,2.57,1.04,58.9,1764.0,62.0,OK
2024-03-02 14:00:00,PUMP-B01,Zone_B,2.12,1.19,58.0,1704.0,45.9,OK
2024-03-02 14:00:00,COMP-C01,Zone_C,3.97,1.93,76.4,3630.0,59.1,OK
2024-03-02 14:00:00,COMP-C02,Zone_C,3.29,1.69,76.2,3744.0,66.9,OK
2024-03-02 14:00:00,FAN-D01,Zone_B,2.15,0.95,44.8,1227.0,59.5,OK
2024-03-02 15:00:00,PUMP-A01,Zone_A,2.92,1.45,60.3,1776.0,56.8,OK
2024-03-02 15:00:00,PUMP-A02,Zone_A,2.81,1.41,59.9,1759.0,56.0,OK
2024-03-02 15:00:00,PUMP-B01,Zone_B,2.2,1.13,58.6,1753.0,60.0,OK
2024-03-02 15:00:00,COMP-C01,Zone_C,4.68,2.35,76.6,3711.0,65.4,OK
2024-03-02 15:00:00,COMP-C02,Zone_C,3.26,1.71,73.9,3667.0,58.5,OK
2024-03-02 15:00:00,FAN-D01,Zone_B,1.66,0.8,44.8,1191.0,54.3,OK
2024-03-02 16:00:00,PUMP-A01,Zone_A,3.39,1.63,61.4,1801.0,58.2,OK
2024-03-02 16:00:00,PUMP-A02,Zone_A,2.26,1.06,58.5,1778.0,59.6,OK
2024-03-02 16:00:00,PUMP-B01,Zone_B,2.29,1.17,63.8,1771.0,63.5,OK
2024-03-02 16:00:00,COMP-C01,Zone_C,4.12,2.16,79.0,3694.0,66.8,OK
2024-03-02 16:00:00,COMP-C02,Zone_C,3.24,1.61,75.1,3695.0,57.7,OK
2024-03-02 16:00:00,FAN-D01,Zone_B,2.11,0.95,48.1,1219.0,50.5,OK
2024-03-02 17:00:00,PUMP-A01,Zone_A,3.03,1.5,60.1,1804.0,59.2,OK
2024-03-02 17:00:00,PUMP-A02,Zone_A,2.3,1.08,55.3,1758.0,60.9,OK
2024-03-02 17:00:00,PUMP-B01,Zone_B,2.16,1.02,57.1,1772.0,51.8,OK
2024-03-02 17:00:00,COMP-C01,Zone_C,3.77,1.71,72.6,3556.0,44.7,OK
2024-03-02 17:00:00,COMP-C02,Zone_C,3.55,1.85,77.0,3653.0,56.6,OK
2024-03-02 17:00:00,FAN-D01,Zone_B,1.81,0.77,49.6,1241.0,63.2,OK
2024-03-02 18:00:00,PUMP-A01,Zone_A,3.16,1.54,59.6,1786.0,63.6,OK
2024-03-02 18:00:00,PUMP-A02,Zone_A,2.68,1.4,58.8,1768.0,52.7,OK
2024-03-02 18:00:00,PUMP-B01,Zone_B,1.78,0.76,56.6,1760.0,53.2,OK
2024-03-02 18:00:00,COMP-C01,Zone_C,4.23,2.13,78.0,3641.0,57.3,OK
2024-03-02 18:00:00,COMP-C02,Zone_C,3.53,1.86,75.7,3611.0,53.8,OK
2024-03-02 18:00:00,FAN-D01,Zone_B,1.9,1.04,45.9,1224.0,54.1,OK
2024-03-02 19:00:00,PUMP-A01,Zone_A,3.26,1.63,58.4,1757.0,51.3,OK
2024-03-02 19:00:00,PUMP-A02,Zone_A,2.62,1.46,60.1,1806.0,64.2,OK
2024-03-02 19:00:00,PUMP-B01,Zone_B,1.66,1.03,52.9,1732.0,49.8,OK
2024-03-02 19:00:00,COMP-C01,Zone_C,4.27,2.28,78.2,3667.0,56.4,OK
2024-03-02 19:00:00,COMP-C02,Zone_C,3.41,1.82,78.4,3633.0,54.9,OK
2024-03-02 19:00:00,FAN-D01,Zone_B,1.32,0.67,46.9,1194.0,54.2,OK
2024-03-02 20:00:00,PUMP-A01,Zone_A,3.02,1.57,57.8,1789.0,51.6,OK
2024-03-02 20:00:00,PUMP-A02,Zone_A,2.44,1.24,57.8,1819.0,67.8,OK
2024-03-02 20:00:00,PUMP-B01,Zone_B,2.15,0.9,59.2,1759.0,58.3,OK
2024-03-02 20:00:00,COMP-C01,Zone_C,4.31,2.22,77.7,3616.0,50.8,OK
2024-03-02 20:00:00,COMP-C02,Zone_C,3.19,1.63,76.4,3687.0,61.6,OK
2024-03-02 20:00:00,FAN-D01,Zone_B,1.84,0.73,49.2,1248.0,59.5,OK
2024-03-02 21:00:00,PUMP-A01,Zone_A,3.38,1.58,58.8,1769.0,59.8,OK
2024-03-02 21:00:00,PUMP-A02,Zone_A,2.44,1.02,58.8,1839.0,69.7,OK
2024-03-02 21:00:00,PUMP-B01,Zone_B,2.35,1.01,55.4,1774.0,55.6,OK
2024-03-02 21:00:00,COMP-C01,Zone_C,3.68,1.85,78.9,3610.0,54.1,OK
2024-03-02 21:00:00,COMP-C02,Zone_C,3.74,1.88,73.1,3628.0,58.5,OK
2024-03-02 21:00:00,FAN-D01,Zone_B,1.96,1.01,45.3,1266.0,61.3,OK
2024-03-02 22:00:00,PUMP-A01,Zone_A,3.47,1.89,61.2,1819.0,67.7,OK
2024-03-02 22:00:00,PUMP-A02,Zone_A,3.06,1.45,60.2,1792.0,66.5,OK
2024-03-02 22:00:00,PUMP-B01,Zone_B,2.58,1.19,58.1,1782.0,60.8,OK
2024-03-02 22:00:00,COMP-C01,Zone_C,4.18,2.01,80.6,3735.0,69.5,OK
2024-03-02 22:00:00,COMP-C02,Zone_C,3.7,1.81,76.9,3717.0,64.7,OK
2024-03-02 22:00:00,FAN-D01,Zone_B,1.39,0.8,46.2,1204.0,50.2,OK
2024-03-02 23:00:00,PUMP-A01,Zone_A,3.55,1.96,60.9,1772.0,65.4,OK
2024-03-02 23:00:00,PUMP-A02,Zone_A,2.52,1.26,58.0,1801.0,61.6,OK
2024-03-02 23:00:00,PUMP-B01,Zone_B,2.42,1.4,59.7,1751.0,66.8,OK
2024-03-02 23:00:00,COMP-C01,Zone_C,4.68,2.35,82.8,3748.0,70.2,OK
2024-03-02 23:00:00,COMP-C02,Zone_C,3.61,1.81,74.5,3738.0,73.3,OK
2024-03-02 23:00:00,FAN-D01,Zone_B,1.86,0.89,53.5,1254.0,70.0,OK
2024-03-03 00:00:00,PUMP-A01,Zone_A,3.21,1.61,59.2,1782.0,67.2,OK
2024-03-03 00:00:00,PUMP-A02,Zone_A,2.2,1.08,58.6,1866.0,72.9,OK
2024-03-03 00:00:00,PUMP-B01,Zone_B,2.56,1.34,58.9,1799.0,66.8,OK
2024-03-03 00:00:00,COMP-C01,Zone_C,4.66,2.28,83.0,3735.0,64.8,OK
2024-03-03 00:00:00,COMP-C02,Zone_C,3.42,1.78,77.6,3743.0,72.3,OK
2024-03-03 00:00:00,FAN-D01,Zone_B,1.41,0.71,46.8,1216.0,70.0,OK
2024-03-03 01:00:00,PUMP-A01,Zone_A,3.61,1.83,62.2,1827.0,75.8,OK
2024-03-03 01:00:00,PUMP-A02,Zone_A,2.42,1.34,61.9,1809.0,71.8,OK
2024-03-03 01:00:00,PUMP-B01,Zone_B,2.01,0.95,62.7,1831.0,72.7,OK
2024-03-03 01:00:00,COMP-C01,Zone_C,4.56,2.27,77.2,3690.0,65.0,OK
2024-03-03 01:00:00,COMP-C02,Zone_C,3.91,1.78,78.5,3828.0,81.0,OK
2024-03-03 01:00:00,FAN-D01,Zone_B,2.14,1.25,45.1,1212.0,62.2,OK
2024-03-03 02:00:00,PUMP-A01,Zone_A,3.23,1.44,61.1,1838.0,73.8,OK
2024-03-03 02:00:00,PUMP-A02,Zone_A,2.91,1.39,58.8,1890.0,85.7,OK
2024-03-03 02:00:00,PUMP-B01,Zone_B,2.66,1.2,62.0,1801.0,71.5,OK
2024-03-03 02:00:00,COMP-C01,Zone_C,4.31,2.17,79.1,3809.0,82.7,OK
2024-03-03 02:00:00,COMP-C02,Zone_C,3.56,1.76,78.9,3819.0,83.5,OK
2024-03-03 02:00:00,FAN-D01,Zone_B,1.94,1.06,49.4,1249.0,80.6,SUSPECT
2024-03-03 03:00:00,PUMP-A01,Zone_A,3.37,1.66,62.0,1830.0,77.3,OK
2024-03-03 03:00:00,PUMP-A02,Zone_A,1.99,1.17,59.5,1849.0,81.8,OK
2024-03-03 03:00:00,PUMP-B01,Zone_B,2.67,1.31,58.8,1892.0,86.8,OK
2024-03-03 03:00:00,COMP-C01,Zone_C,3.64,1.8,76.4,3785.0,81.3,OK
2024-03-03 03:00:00,COMP-C02,Zone_C,3.2,1.65,80.6,3756.0,78.8,OK
2024-03-03 03:00:00,FAN-D01,Zone_B,1.87,1.03,50.4,1290.0,76.2,OK
2024-03-03 04:00:00,PUMP-A01,Zone_A,3.31,1.57,65.5,1883.0,79.2,OK
2024-03-03 04:00:00,PUMP-A02,Zone_A,2.81,1.15,61.6,1866.0,79.8,OK
2024-03-03 04:00:00,PUMP-B01,Zone_B,2.61,1.44,64.5,1848.0,79.9,OK
2024-03-03 04:00:00,COMP-C01,Zone_C,4.61,2.21,80.1,3806.0,83.8,OK
2024-03-03 04:00:00,COMP-C02,Zone_C,3.58,1.9,78.8,3848.0,80.3,OK
2024-03-03 04:00:00,FAN-D01,Zone_B,1.8,0.96,51.9,1264.0,85.9,SUSPECT
2024-03-03 05:00:00,PUMP-A01,Zone_A,3.5,1.75,62.6,1862.0,86.0,OK
2024-03-03 05:00:00,PUMP-A02,Zone_A,2.71,1.48,63.8,1889.0,92.3,OK
2024-03-03 05:00:00,PUMP-B01,Zone_B,2.69,1.15,64.2,1836.0,89.0,OK
2024-03-03 05:00:00,COMP-C01,Zone_C,4.91,2.38,80.2,3852.0,89.5,OK
2024-03-03 05:00:00,COMP-C02,Zone_C,3.87,1.9,78.1,3905.0,88.8,OK
2024-03-03 05:00:00,FAN-D01,Zone_B,1.81,0.93,50.8,1277.0,84.9,OK
2024-03-03 06:00:00,PUMP-A01,Zone_A,3.5,1.83,65.8,1859.0,88.6,OK
2024-03-03 06:00:00,PUMP-A02,Zone_A,2.82,1.34,62.9,1867.0,85.3,OK
2024-03-03 06:00:00,PUMP-B01,Zone_B,2.83,1.33,64.2,1870.0,90.4,OK
2024-03-03 06:00:00,COMP-C01,Zone_C,4.45,2.32,78.3,3898.0,87.2,OK
2024-03-03 06:00:00,COMP-C02,Zone_C,3.43,1.69,76.3,3823.0,81.6,OK
2024-03-03 06:00:00,FAN-D01,Zone_B,1.96,1.13,50.1,1268.0,83.2,OK
2024-03-03 07:00:00,PUMP-A01,Zone_A,3.39,1.85,63.2,1834.0,78.4,OK
2024-03-03 07:00:00,PUMP-A02,Zone_A,2.8,1.56,63.3,1854.0,77.4,OK
2024-03-03 07:00:00,PUMP-B01,Zone_B,2.69,1.22,61.7,1861.0,84.1,OK
2024-03-03 07:00:00,COMP-C01,Zone_C,3.96,2.02,81.1,3834.0,83.3,OK
2024-03-03 07:00:00,COMP-C02,Zone_C,3.31,1.4,76.7,3876.0,88.3,OK
2024-03-03 07:00:00,FAN-D01,Zone_B,2.28,1.15,51.7,1280.0,89.8,OK
2024-03-03 08:00:00,PUMP-A01,Zone_A,3.51,1.85,63.0,1875.0,81.8,OK
2024-03-03 08:00:00,PUMP-A02,Zone_A,3.01,1.39,66.4,1844.0,85.4,OK
2024-03-03 08:00:00,PUMP-B01,Zone_B,2.71,1.22,63.0,1863.0,87.3,SUSPECT
2024-03-03 08:00:00,COMP-C01,Zone_C,3.86,1.99,75.9,3886.0,92.1,OK
2024-03-03 08:00:00,COMP-C02,Zone_C,3.61,1.68,80.4,3844.0,85.9,OK
2024-03-03 08:00:00,FAN-D01,Zone_B,2.26,1.21,50.8,1305.0,88.2,OK
2024-03-03 09:00:00,PUMP-A01,Zone_A,3.49,1.83,63.2,1862.0,87.5,OK
2024-03-03 09:00:00,PUMP-A02,Zone_A,2.47,1.02,58.4,1876.0,80.8,OK
2024-03-03 09:00:00,PUMP-B01,Zone_B,2.86,1.4,60.5,1842.0,76.2,OK
2024-03-03 09:00:00,COMP-C01,Zone_C,4.9,2.33,80.7,3857.0,86.0,OK
2024-03-03 09:00:00,COMP-C02,Zone_C,3.24,1.65,78.1,3847.0,85.9,OK
2024-03-03 09:00:00,FAN-D01,Zone_B,2.02,0.99,52.2,1272.0,76.0,OK
2024-03-03 10:00:00,PUMP-A01,Zone_A,2.95,1.37,64.3,1820.0,71.3,OK
2024-03-03 10:00:00,PUMP-A02,Zone_A,2.2,1.02,60.0,1813.0,72.0,OK
2024-03-03 10:00:00,PUMP-B01,Zone_B,2.18,1.04,61.5,1846.0,79.2,OK
2024-03-03 10:00:00,COMP-C01,Zone_C,4.8,2.44,80.4,3864.0,87.2,OK
2024-03-03 10:00:00,COMP-C02,Zone_C,3.46,1.9,78.8,3805.0,77.2,OK
2024-03-03 10:00:00,FAN-D01,Zone_B,2.09,1.02,46.4,1235.0,74.0,OK
2024-03-03 11:00:00,PUMP-A01,Zone_A,3.6,1.96,59.3,1826.0,70.7,OK
2024-03-03 11:00:00,PUMP-A02,Zone_A,2.54,1.32,62.9,1842.0,80.2,OK
2024-03-03 11:00:00,PUMP-B01,Zone_B,2.79,1.29,59.4,1822.0,76.7,OK
2024-03-03 11:00:00,COMP-C01,Zone_C,4.14,2.1,77.1,3761.0,71.6,OK
2024-03-03 11:00:00,COMP-C02,Zone_C,3.39,1.8,78.7,3723.0,67.0,OK
2024-03-03 11:00:00,FAN-D01,Zone_B,1.15,0.6,49.7,1232.0,73.0,OK
2024-03-03 12:00:00,PUMP-A01,Zone_A,3.1,1.49,62.2,1827.0,71.3,OK
2024-03-03 12:00:00,PUMP-A02,Zone_A,2.54,1.38,58.1,1803.0,68.3,OK
2024-03-03 12:00:00,PUMP-B01,Zone_B,2.59,1.29,61.5,1877.0,73.8,OK
2024-03-03 12:00:00,COMP-C01,Zone_C,4.37,2.32,80.4,3744.0,68.6,OK
2024-03-03 12:00:00,COMP-C02,Zone_C,3.39,1.58,77.1,3703.0,63.7,OK
2024-03-03 12:00:00,FAN-D01,Zone_B,2.37,1.17,53.5,1257.0,72.6,OK
2024-03-03 13:00:00,PUMP-A01,Zone_A,3.29,1.52,61.2,1791.0,72.1,OK
2024-03-03 13:00:00,PUMP-A02,Zone_A,2.0,0.87,59.0,1823.0,68.0,OK
2024-03-03 13:00:00,PUMP-B01,Zone_B,2.82,1.26,61.8,1857.0,70.5,OK
2024-03-03 13:00:00,COMP-C01,Zone_C,4.39,2.19,80.2,3663.0,63.8,OK
2024-03-03 13:00:00,COMP-C02,Zone_C,3.56,1.84,76.3,3719.0,65.0,OK
2024-03-03 13:00:00,FAN-D01,Zone_B,1.57,0.73,49.0,1249.0,72.8,OK
2024-03-03 14:00:00,PUMP-A01,Zone_A,3.08,1.64,56.8,1779.0,56.5,OK
2024-03-03 14:00:00,PUMP-A02,Zone_A,2.56,1.2,60.5,1778.0,69.1,OK
2024-03-03 14:00:00,PUMP-B01,Zone_B,2.37,1.26,59.0,1770.0,57.7,OK
2024-03-03 14:00:00,COMP-C01,Zone_C,4.32,2.17,76.4,3682.0,60.6,OK
2024-03-03 14:00:00,COMP-C02,Zone_C,3.21,1.66,72.1,3740.0,65.2,OK
2024-03-03 14:00:00,FAN-D01,Zone_B,1.33,0.77,49.0,1233.0,53.7,OK
2024-03-03 15:00:00,PUMP-A01,Zone_A,3.78,2.01,59.1,1768.0,62.6,OK
2024-03-03 15:00:00,PUMP-A02,Zone_A,1.71,0.83,56.0,1822.0,61.7,OK
2024-03-03 15:00:00,PUMP-B01,Zone_B,2.01,1.05,59.0,1854.0,70.1,OK
2024-03-03 15:00:00,COMP-C01,Zone_C,4.57,2.36,76.5,3665.0,63.6,OK
2024-03-03 15:00:00,COMP-C02,Zone_C,3.38,1.59,77.7,3704.0,62.1,OK
2024-03-03 15:00:00,FAN-D01,Zone_B,1.29,0.62,45.4,1185.0,54.4,OK
2024-03-03 16:00:00,PUMP-A01,Zone_A,3.2,1.73,60.6,1771.0,49.0,OK
2024-03-03 16:00:00,PUMP-A02,Zone_A,2.67,1.41,60.8,1795.0,60.3,OK
2024-03-03 16:00:00,PUMP-B01,Zone_B,2.51,1.19,58.7,1757.0,53.9,OK
2024-03-03 16:00:00,COMP-C01,Zone_C,3.99,2.07,76.3,3682.0,58.9,OK
2024-03-03 16:00:00,COMP-C02,Zone_C,3.38,1.79,74.4,3613.0,52.5,OK
2024-03-03 16:00:00,FAN-D01,Zone_B,1.6,0.83,46.4,1232.0,62.1,OK
2024-03-03 17:00:00,PUMP-A01,Zone_A,3.19,1.44,61.4,1799.0,62.3,OK
2024-03-03 17:00:00,PUMP-A02,Zone_A,2.41,1.28,59.1,1783.0,56.5,OK
2024-03-03 17:00:00,PUMP-B01,Zone_B,2.09,0.96,56.2,1756.0,51.0,OK
2024-03-03 17:00:00,COMP-C01,Zone_C,3.9,2.0,77.2,3628.0,54.2,OK
2024-03-03 17:00:00,COMP-C02,Zone_C,3.62,1.89,78.1,3625.0,51.3,OK
2024-03-03 17:00:00,FAN-D01,Zone_B,2.42,1.18,49.0,1205.0,56.5,OK
2024-03-03 18:00:00,PUMP-A01,Zone_A,3.37,1.65,60.2,1780.0,58.2,OK
2024-03-03 18:00:00,PUMP-A02,Zone_A,2.44,1.2,62.9,1789.0,54.3,OK
2024-03-03 18:00:00,PUMP-B01,Zone_B,2.48,1.15,59.0,1770.0,59.9,OK
2024-03-03 18:00:00,COMP-C01,Zone_C,4.44,2.17,81.2,3684.0,61.4,OK
2024-03-03 18:00:00,COMP-C02,Zone_C,3.55,1.64,74.3,3565.0,45.9,OK
2024-03-03 18:00:00,FAN-D01,Zone_B,2.03,1.22,48.0,1220.0,50.9,OK
2024-03-03 19:00:00,PUMP-A01,Zone_A,3.25,1.67,63.8,1739.0,59.6,OK
2024-03-03 19:00:00,PUMP-A02,Zone_A,2.59,1.43,56.4,1760.0,50.0,OK
2024-03-03 19:00:00,PUMP-B01,Zone_B,2.45,1.3,58.5,1732.0,47.5,OK
2024-03-03 19:00:00,COMP-C01,Zone_C,3.96,2.06,77.8,3713.0,60.4,OK
2024-03-03 19:00:00,COMP-C02,Zone_C,3.14,1.62,73.2,3585.0,50.5,OK
2024-03-03 19:00:00,FAN-D01,Zone_B,1.61,0.74,46.9,1176.0,54.0,OK
2024-03-03 20:00:00,PUMP-A01,Zone_A,3.63,1.73,61.2,1771.0,55.9,OK
2024-03-03 20:00:00,PUMP-A02,Zone_A,2.09,1.0,56.3,1753.0,58.5,OK
2024-03-03 20:00:00,PUMP-B01,Zone_B,2.22,1.13,54.8,1750.0,56.5,OK
2024-03-03 20:00:00,COMP-C01,Zone_C,3.99,1.88,77.5,3653.0,62.2,OK
2024-03-03 20:00:00,COMP-C02,Zone_C,3.6,1.78,73.2,3693.0,58.5,OK
2024-03-03 20:00:00,FAN-D01,Zone_B,1.81,1.0,45.3,1209.0,61.4,OK
2024-03-03 21:00:00,PUMP-A01,Zone_A,3.36,1.63,61.1,1763.0,51.8,SUSPECT
2024-03-03 21:00:00,PUMP-A02,Zone_A,2.03,1.12,60.0,1780.0,63.8,OK
2024-03-03 21:00:00,PUMP-B01,Zone_B,2.16,1.09,54.6,1805.0,57.6,OK
2024-03-03 21:00:00,COMP-C01,Zone_C,3.86,1.88,75.0,3574.0,50.1,OK
2024-03-03 21:00:00,COMP-C02,Zone_C,2.79,1.45,71.0,3748.0,65.4,OK
2024-03-03 21:00:00,FAN-D01,Zone_B,2.2,1.1,48.0,1219.0,52.6,OK
2024-03-03 22:00:00,PUMP-A01,Zone_A,3.18,1.63,58.2,1800.0,64.0,OK
2024-03-03 22:00:00,PUMP-A02,Zone_A,2.51,1.24,57.6,1800.0,57.5,SUSPECT
2024-03-03 22:00:00,PUMP-B01,Zone_B,2.23,1.1,58.7,1806.0,63.5,OK
2024-03-03 22:00:00,COMP-C01,Zone_C,3.57,1.91,77.6,3746.0,70.0,OK
2024-03-03 22:00:00,COMP-C02,Zone_C,3.7,1.96,77.4,3736.0,66.4,OK
2024-03-03 22:00:00,FAN-D01,Zone_B,1.93,1.05,45.6,1226.0,67.9,OK
2024-03-03 23:00:00,PUMP-A01,Zone_A,3.15,1.62,59.9,1843.0,67.8,OK
2024-03-03 23:00:00,PUMP-A02,Zone_A,2.81,1.39,63.5,1854.0,69.9,OK
2024-03-03 23:00:00,PUMP-B01,Zone_B,2.73,1.47,59.9,1812.0,69.0,OK
2024-03-03 23:00:00,COMP-C01,Zone_C,3.82,1.78,77.6,3699.0,69.1,OK
2024-03-03 23:00:00,COMP-C02,Zone_C,3.48,1.85,76.2,3742.0,71.5,OK
2024-03-03 23:00:00,FAN-D01,Zone_B,2.12,1.1,52.5,1225.0,64.4,OK
2024-03-04 00:00:00,PUMP-A01,Zone_A,3.54,1.81,60.4,1798.0,68.2,OK
2024-03-04 00:00:00,PUMP-A02,Zone_A,2.8,1.45,62.1,1880.0,75.9,OK
2024-03-04 00:00:00,PUMP-B01,Zone_B,2.46,1.17,58.7,1822.0,72.4,OK
2024-03-04 00:00:00,COMP-C01,Zone_C,4.26,1.99,81.8,3745.0,69.7,OK
2024-03-04 00:00:00,COMP-C02,Zone_C,3.47,1.7,80.9,3718.0,72.0,OK
2024-03-04 00:00:00,FAN-D01,Zone_B,1.83,1.01,47.2,1253.0,71.3,OK
2024-03-04 01:00:00,PUMP-A01,Zone_A,3.46,1.72,65.4,1861.0,81.0,OK
2024-03-04 01:00:00,PUMP-A02,Zone_A,2.14,1.17,64.0,1820.0,74.6,OK
2024-03-04 01:00:00,PUMP-B01,Zone_B,2.66,1.37,59.3,1777.0,62.9,OK
2024-03-04 01:00:00,COMP-C01,Zone_C,4.15,1.88,77.4,3749.0,69.4,OK
2024-03-04 01:00:00,COMP-C02,Zone_C,3.18,1.73,75.5,3787.0,75.7,OK
2024-03-04 01:00:00,FAN-D01,Zone_B,1.72,0.8,49.7,1219.0,76.1,OK
2024-03-04 02:00:00,PUMP-A01,Zone_A,3.76,1.75,61.6,1848.0,75.7,OK
2024-03-04 02:00:00,PUMP-A02,Zone_A,2.92,1.36,63.0,1845.0,82.2,OK
2024-03-04 02:00:00,PUMP-B01,Zone_B,2.54,1.24,59.5,1877.0,75.5,SUSPECT
2024-03-04 02:00:00,COMP-C01,Zone_C,4.02,2.23,77.7,3791.0,76.0,OK
2024-03-04 02:00:00,COMP-C02,Zone_C,3.4,1.48,78.9,3767.0,73.9,OK
2024-03-04 02:00:00,FAN-D01,Zone_B,1.3,0.45,45.5,1223.0,68.3,OK
2024-03-04 03:00:00,PUMP-A01,Zone_A,3.12,1.53,60.5,1860.0,86.7,OK
2024-03-04 03:00:00,PUMP-A02,Zone_A,2.82,1.58,57.9,1883.0,82.6,OK
2024-03-04 03:00:00,PUMP-B01,Zone_B,2.96,1.48,62.3,1894.0,79.9,OK
2024-03-04 03:00:00,COMP-C01,Zone_C,4.22,2.15,78.3,3835.0,88.3,OK
2024-03-04 03:00:00,COMP-C02,Zone_C,3.39,1.9,80.2,3828.0,80.4,OK
2024-03-04 03:00:00,FAN-D01,Zone_B,1.83,0.9,50.4,1304.0,80.9,OK
2024-03-04 04:00:00,PUMP-A01,Zone_A,3.76,1.84,64.6,1916.0,90.7,OK
2024-03-04 04:00:00,PUMP-A02,Zone_A,2.23,0.91,60.7,1785.0,69.8,OK
2024-03-04 04:00:00,PUMP-B01,Zone_B,3.07,1.61,61.4,1849.0,79.1,OK
2024-03-04 04:00:00,COMP-C01,Zone_C,4.0,1.94,83.3,3806.0,81.7,OK
2024-03-04 04:00:00,COMP-C02,Zone_C,3.12,1.49,77.3,3836.0,82.0,OK
2024-03-04 04:00:00,FAN-D01,Zone_B,1.73,0.99,49.9,1274.0,79.1,OK
2024-03-04 05:00:00,PUMP-A01,Zone_A,3.36,1.76,61.7,1846.0,82.7,OK
2024-03-04 05:00:00,PUMP-A02,Zone_A,2.69,1.41,60.1,1864.0,82.3,OK
2024-03-04 05:00:00,PUMP-B01,Zone_B,2.85,1.4,62.7,1889.0,87.5,OK
2024-03-04 05:00:00,COMP-C01,Zone_C,4.14,1.88,81.3,3917.0,89.1,OK
2024-03-04 05:00:00,COMP-C02,Zone_C,3.53,1.64,78.2,3864.0,86.3,OK
2024-03-04 05:00:00,FAN-D01,Zone_B,2.04,1.06,51.8,1298.0,85.6,OK
2024-03-04 06:00:00,PUMP-A01,Zone_A,3.64,1.9,62.6,1841.0,78.5,OK
2024-03-04 06:00:00,PUMP-A02,Zone_A,3.08,1.55,59.1,1848.0,81.0,OK
2024-03-04 06:00:00,PUMP-B01,Zone_B,2.56,1.34,61.4,1849.0,81.3,OK
2024-03-04 06:00:00,COMP-C01,Zone_C,4.43,2.06,81.5,3935.0,98.3,OK
2024-03-04 06:00:00,COMP-C02,Zone_C,3.45,1.62,80.5,3849.0,85.4,OK
2024-03-04 06:00:00,FAN-D01,Zone_B,2.52,1.29,57.6,1299.0,84.2,OK
2024-03-04 07:00:00,PUMP-A01,Zone_A,3.36,1.85,64.7,1892.0,84.3,OK
2024-03-04 07:00:00,PUMP-A02,Zone_A,2.78,1.3,57.9,1884.0,83.1,OK
2024-03-04 07:00:00,PUMP-B01,Zone_B,2.27,0.97,59.9,1860.0,82.1,OK
2024-03-04 07:00:00,COMP-C01,Zone_C,4.69,2.27,81.3,3810.0,79.7,OK
2024-03-04 07:00:00,COMP-C02,Zone_C,3.36,1.75,79.6,3909.0,93.4,OK
2024-03-04 07:00:00,FAN-D01,Zone_B,1.77,0.96,49.7,1302.0,90.5,OK
2024-03-04 08:00:00,PUMP-A01,Zone_A,3.51,1.73,65.0,1864.0,83.3,OK
2024-03-04 08:00:00,PUMP-A02,Zone_A,3.16,1.67,57.5,1878.0,78.4,OK
2024-03-04 08:00:00,PUMP-B01,Zone_B,2.63,1.42,58.6,1868.0,81.7,OK
2024-03-04 08:00:00,COMP-C01,Zone_C,4.4,2.04,76.4,3827.0,86.3,OK
2024-03-04 08:00:00,COMP-C02,Zone_C,4.08,2.05,83.1,3886.0,88.9,OK
2024-03-04 08:00:00,FAN-D01,Zone_B,2.12,1.04,49.5,1297.0,90.2,OK
2024-03-04 09:00:00,PUMP-A01,Zone_A,3.28,1.53,62.7,1873.0,88.9,OK
2024-03-04 09:00:00,PUMP-A02,Zone_A,2.8,1.42,63.5,1910.0,99.3,OK
2024-03-04 09:00:00,PUMP-B01,Zone_B,2.34,1.12,59.9,1851.0,85.5,OK
2024-03-04 09:00:00,COMP-C01,Zone_C,4.2,2.18,77.3,3871.0,83.9,OK
2024-03-04 09:00:00,COMP-C02,Zone_C,2.85,1.35,78.8,3820.0,78.1,OK
2024-03-04 09:00:00,FAN-D01,Zone_B,1.78,0.83,50.0,1256.0,79.6,OK
2024-03-04 10:00:00,PUMP-A01,Zone_A,3.78,1.99,62.9,1888.0,83.3,OK
2024-03-04 10:00:00,PUMP-A02,Zone_A,3.06,1.33,61.8,1868.0,84.9,OK
2024-03-04 10:00:00,PUMP-B01,Zone_B,2.14,1.31,60.0,1840.0,72.9,OK
2024-03-04 10:00:00,COMP-C01,Zone_C,5.36,2.66,83.1,3830.0,84.9,OK
2024-03-04 10:00:00,COMP-C02,Zone_C,3.27,1.64,80.6,3869.0,82.8,OK
2024-03-04 10:00:00,FAN-D01,Zone_B,2.24,1.2,54.3,1267.0,76.5,OK
2024-03-04 11:00:00,PUMP-A01,Zone_A,4.09,1.93,65.0,1836.0,72.7,OK
2024-03-04 11:00:00,PUMP-A02,Zone_A,2.55,1.37,57.8,1850.0,77.7,OK
2024-03-04 11:00:00,PUMP-B01,Zone_B,2.83,1.39,59.1,1842.0,67.6,OK
2024-03-04 11:00:00,COMP-C01,Zone_C,4.57,2.28,81.7,3702.0,69.3,OK
2024-03-04 11:00:00,COMP-C02,Zone_C,3.18,1.66,76.5,3695.0,65.0,OK
2024-03-04 11:00:00,FAN-D01,Zone_B,2.35,1.17,53.9,1268.0,83.6,OK
2024-03-04 12:00:00,PUMP-A01,Zone_A,3.83,2.11,65.5,1869.0,78.1,OK
2024-03-04 12:00:00,PUMP-A02,Zone_A,3.26,1.65,57.9,1796.0,63.9,OK
2024-03-04 12:00:00,PUMP-B01,Zone_B,2.5,1.32,57.6,1867.0,75.7,OK
2024-03-04 12:00:00,COMP-C01,Zone_C,4.19,2.06,74.6,3712.0,61.3,OK
2024-03-04 12:00:00,COMP-C02,Zone_C,3.56,1.72,76.0,3746.0,72.6,OK
2024-03-04 12:00:00,FAN-D01,Zone_B,1.66,0.79,48.3,1242.0,61.0,OK
2024-03-04 13:00:00,PUMP-A01,Zone_A,3.07,1.56,65.3,1768.0,62.6,OK
2024-03-04 13:00:00,PUMP-A02,Zone_A,2.57,1.35,60.7,1849.0,71.0,OK
2024-03-04 13:00:00,PUMP-B01,Zone_B,2.22,1.05,57.0,1776.0,59.1,OK
2024-03-04 13:00:00,COMP-C01,Zone_C,4.09,2.14,79.1,3769.0,73.3,OK
2024-03-04 13:00:00,COMP-C02,Zone_C,3.32,1.68,76.8,3683.0,62.8,OK
2024-03-04 13:00:00,FAN-D01,Zone_B,2.09,1.03,47.4,1211.0,61.4,OK
2024-03-04 14:00:00,PUMP-A01,Zone_A,3.47,1.93,60.7,1788.0,56.8,OK
2024-03-04 14:00:00,PUMP-A02,Zone_A,2.77,1.42,61.7,1827.0,62.8,OK
2024-03-04 14:00:00,PUMP-B01,Zone_B,2.78,1.35,54.0,1780.0,66.3,OK
2024-03-04 14:00:00,COMP-C01,Zone_C,4.73,2.5,77.9,3743.0,67.4,OK
2024-03-04 14:00:00,COMP-C02,Zone_C,3.66,1.88,71.7,3654.0,53.5,OK
2024-03-04 14:00:00,FAN-D01,Zone_B,2.42,1.25,47.2,1210.0,60.7,OK
2024-03-04 15:00:00,PUMP-A01,Zone_A,3.52,1.71,62.7,1807.0,64.9,OK
2024-03-04 15:00:00,PUMP-A02,Zone_A,1.93,1.09,59.6,1795.0,56.4,OK
2024-03-04 15:00:00,PUMP-B01,Zone_B,2.83,1.63,59.8,1806.0,55.4,OK
2024-03-04 15:00:00,COMP-C01,Zone_C,3.73,2.1,72.9,3650.0,58.0,OK
2024-03-04 15:00:00,COMP-C02,Zone_C,3.46,1.85,74.4,3696.0,62.2,OK
2024-03-04 15:00:00,FAN-D01,Zone_B,1.69,0.79,47.0,1258.0,56.0,OK
2024-03-04 16:00:00,PUMP-A01,Zone_A,3.06,1.48,55.9,1758.0,60.6,OK
2024-03-04 16:00:00,PUMP-A02,Zone_A,2.43,1.01,59.7,1763.0,57.0,OK
2024-03-04 16:00:00,PUMP-B01,Zone_B,2.68,1.31,62.0,1787.0,60.9,OK
2024-03-04 16:00:00,COMP-C01,Zone_C,4.0,2.09,77.5,3651.0,57.9,OK
2024-03-04 16:00:00,COMP-C02,Zone_C,3.49,1.61,76.3,3646.0,59.6,OK
2024-03-04 16:00:00,FAN-D01,Zone_B,1.61,0.71,47.7,1219.0,63.9,OK
2024-03-04 17:00:00,PUMP-A01,Zone_A,3.62,1.92,58.5,1770.0,54.6,OK
2024-03-04 17:00:00,PUMP-A02,Zone_A,2.55,1.38,59.1,1747.0,53.9,OK
2024-03-04 17:00:00,PUMP-B01,Zone_B,2.61,1.26,60.0,1774.0,55.8,OK
2024-03-04 17:00:00,COMP-C01,Zone_C,3.97,2.06,73.8,3644.0,55.4,OK
2024-03-04 17:00:00,COMP-C02,Zone_C,3.51,1.75,74.7,3682.0,60.0,OK
2024-03-04 17:00:00,FAN-D01,Zone_B,1.94,1.02,43.6,1189.0,45.2,OK
2024-03-04 18:00:00,PUMP-A01,Zone_A,3.09,1.76,62.2,1734.0,63.7,OK
2024-03-04 18:00:00,PUMP-A02,Zone_A,2.06,1.11,61.3,1752.0,54.4,OK
2024-03-04 18:00:00,PUMP-B01,Zone_B,2.49,1.29,60.0,1804.0,59.7,OK
2024-03-04 18:00:00,COMP-C01,Zone_C,4.09,1.97,76.4,3632.0,53.2,OK
2024-03-04 18:00:00,COMP-C02,Zone_C,3.46,1.61,78.9,3676.0,64.6,OK
2024-03-04 18:00:00,FAN-D01,Zone_B,1.35,0.78,47.0,1168.0,54.7,OK
2024-03-04 19:00:00,PUMP-A01,Zone_A,3.15,1.53,59.8,1796.0,66.4,OK
2024-03-04 19:00:00,PUMP-A02,Zone_A,2.28,1.07,56.8,1739.0,46.1,OK
2024-03-04 19:00:00,PUMP-B01,Zone_B,2.53,1.14,60.0,1770.0,62.4,OK
2024-03-04 19:00:00,COMP-C01,Zone_C,3.93,1.77,75.5,3646.0,57.0,OK
2024-03-04 19:00:00,COMP-C02,Zone_C,3.28,1.65,75.7,3592.0,50.5,OK
2024-03-04 19:00:00,FAN-D01,Zone_B,1.86,1.01,45.7,1185.0,56.3,OK
2024-03-04 20:00:00,PUMP-A01,Zone_A,2.77,1.44,57.1,1754.0,55.1,OK
2024-03-04 20:00:00,PUMP-A02,Zone_A,2.47,1.25,62.9,1798.0,66.1,OK
2024-03-04 20:00:00,PUMP-B01,Zone_B,2.11,0.91,55.5,1770.0,58.5,OK
2024-03-04 20:00:00,COMP-C01,Zone_C,4.42,2.3,73.8,3610.0,50.2,OK
2024-03-04 20:00:00,COMP-C02,Zone_C,3.57,1.59,73.3,3681.0,55.0,OK
2024-03-04 20:00:00,FAN-D01,Zone_B,1.59,0.87,43.3,1219.0,58.6,OK
2024-03-04 21:00:00,PUMP-A01,Zone_A,3.85,2.05,64.8,1795.0,64.9,OK
2024-03-04 21:00:00,PUMP-A02,Zone_A,2.33,1.35,57.2,1762.0,56.6,OK
2024-03-04 21:00:00,PUMP-B01,Zone_B,2.71,1.39,59.1,1777.0,62.8,OK
2024-03-04 21:00:00,COMP-C01,Zone_C,4.28,2.11,76.8,3752.0,67.3,OK
2024-03-04 21:00:00,COMP-C02,Zone_C,3.36,1.54,79.7,3743.0,66.7,OK
2024-03-04 21:00:00,FAN-D01,Zone_B,1.18,0.51,47.8,1224.0,64.7,OK
2024-03-04 22:00:00,PUMP-A01,Zone_A,3.46,1.59,58.5,1772.0,64.3,OK
2024-03-04 22:00:00,PUMP-A02,Zone_A,1.91,0.97,57.7,1758.0,55.7,OK
2024-03-04 22:00:00,PUMP-B01,Zone_B,2.56,1.31,61.2,1782.0,66.0,OK
2024-03-04 22:00:00,COMP-C01,Zone_C,4.23,2.13,77.7,3795.0,76.2,OK
2024-03-04 22:00:00,COMP-C02,Zone_C,2.9,1.53,75.8,3670.0,63.4,OK
2024-03-04 22:00:00,FAN-D01,Zone_B,1.91,0.98,48.8,1260.0,63.1,OK
2024-03-04 23:00:00,PUMP-A01,Zone_A,3.26,1.69,64.4,1816.0,63.2,OK
2024-03-04 23:00:00,PUMP-A02,Zone_A,2.99,1.61,59.7,1845.0,69.4,OK
2024-03-04 23:00:00,PUMP-B01,Zone_B,2.11,1.18,59.3,1805.0,72.3,OK
2024-03-04 23:00:00,COMP-C01,Zone_C,4.15,2.05,80.7,3720.0,67.2,OK
2024-03-04 23:00:00,COMP-C02,Zone_C,3.79,1.75,76.5,3724.0,64.5,OK
2024-03-04 23:00:00,FAN-D01,Zone_B,1.75,0.96,52.6,1248.0,69.8,OK
2024-03-05 00:00:00,PUMP-A01,Zone_A,3.88,1.92,62.1,1827.0,69.1,OK
2024-03-05 00:00:00,PUMP-A02,Zone_A,2.9,1.35,60.8,1831.0,75.7,OK
2024-03-05 00:00:00,PUMP-B01,Zone_B,3.03,1.48,59.9,1801.0,74.5,OK
2024-03-05 00:00:00,COMP-C01,Zone_C,3.63,1.81,78.4,3747.0,67.3,OK
2024-03-05 00:00:00,COMP-C02,Zone_C,3.25,1.69,75.3,3664.0,66.1,OK
2024-03-05 00:00:00,FAN-D01,Zone_B,2.29,1.31,50.0,1240.0,69.3,OK
2024-03-05 01:00:00,PUMP-A01,Zone_A,3.34,1.69,62.6,1843.0,76.0,OK
2024-03-05 01:00:00,PUMP-A02,Zone_A,2.84,1.42,62.3,1824.0,64.6,OK
2024-03-05 01:00:00,PUMP-B01,Zone_B,2.2,1.14,60.5,1765.0,68.4,OK
2024-03-05 01:00:00,COMP-C01,Zone_C,4.42,2.24,75.7,3727.0,70.9,OK
2024-03-05 01:00:00,COMP-C02,Zone_C,4.17,2.22,76.9,3776.0,71.2,OK
2024-03-05 01:00:00,FAN-D01,Zone_B,1.45,0.81,48.3,1210.0,74.4,OK
2024-03-05 02:00:00,PUMP-A01,Zone_A,3.53,1.79,64.0,1856.0,81.3,OK
2024-03-05 02:00:00,PUMP-A02,Zone_A,2.48,1.39,58.0,1818.0,77.0,OK
2024-03-05 02:00:00,PUMP-B01,Zone_B,2.45,1.26,58.7,1825.0,74.5,OK
2024-03-05 02:00:00,COMP-C01,Zone_C,3.94,1.95,79.3,3770.0,79.2,OK
2024-03-05 02:00:00,COMP-C02,Zone_C,3.68,1.93,78.4,3835.0,80.3,OK
2024-03-05 02:00:00,FAN-D01,Zone_B,1.58,0.82,48.1,1276.0,77.0,OK
2024-03-05 03:00:00,PUMP-A01,Zone_A,3.4,1.63,61.7,1832.0,83.5,OK
2024-03-05 03:00:00,PUMP-A02,Zone_A,3.03,1.59,62.3,1878.0,85.4,OK
2024-03-05 03:00:00,PUMP-B01,Zone_B,2.76,1.39,62.4,1878.0,85.6,OK
2024-03-05 03:00:00,COMP-C01,Zone_C,4.13,2.11,78.8,3887.0,86.2,OK
2024-03-05 03:00:00,COMP-C02,Zone_C,3.49,1.77,79.1,3840.0,81.9,OK
2024-03-05 03:00:00,FAN-D01,Zone_B,1.83,1.0,49.3,1278.0,78.8,SUSPECT
2024-03-05 04:00:00,PUMP-A01,Zone_A,3.57,1.69,65.9,1855.0,84.5,OK
2024-03-05 04:00:00,PUMP-A02,Zone_A,3.48,1.66,64.5,1914.0,83.1,OK
2024-03-05 04:00:00,PUMP-B01,Zone_B,2.15,1.02,62.2,1863.0,75.5,OK
2024-03-05 04:00:00,COMP-C01,Zone_C,4.4,2.28,80.7,3861.0,81.3,OK
2024-03-05 04:00:00,COMP-C02,Zone_C,3.49,1.62,74.3,3899.0,89.9,OK
2024-03-05 04:00:00,FAN-D01,Zone_B,2.09,1.04,51.3,1278.0,88.2,OK
2024-03-05 05:00:00,PUMP-A01,Zone_A,3.71,1.72,66.3,1869.0,75.7,OK
2024-03-05 05:00:00,PUMP-A02,Zone_A,2.66,1.38,62.4,1880.0,80.9,OK
2024-03-05 05:00:00,PUMP-B01,Zone_B,2.5,1.16,60.5,1864.0,80.3,OK
2024-03-05 05:00:00,COMP-C01,Zone_C,4.42,2.19,78.6,3824.0,81.2,OK
2024-03-05 05:00:00,COMP-C02,Zone_C,4.05,2.07,76.6,3777.0,73.5,OK
2024-03-05 05:00:00,FAN-D01,Zone_B,2.2,0.98,48.0,1295.0,79.4,OK
2024-03-05 06:00:00,PUMP-A01,Zone_A,3.26,1.77,62.0,1921.0,95.4,OK
2024-03-05 06:00:00,PUMP-A02,Zone_A,2.54,1.26,63.2,1832.0,79.5,OK
2024-03-05 06:00:00,PUMP-B01,Zone_B,3.01,1.64,66.4,1857.0,93.5,OK
2024-03-05 06:00:00,COMP-C01,Zone_C,4.49,2.41,79.6,3877.0,85.4,OK
2024-03-05 06:00:00,COMP-C02,Zone_C,4.03,2.01,80.0,3905.0,86.2,OK
2024-03-05 06:00:00,FAN-D01,Zone_B,1.93,0.95,48.7,1284.0,80.8,OK
2024-03-05 07:00:00,PUMP-A01,Zone_A,3.54,1.73,65.6,1831.0,86.3,OK
2024-03-05 07:00:00,PUMP-A02,Zone_A,3.01,1.5,61.0,1887.0,87.1,OK
2024-03-05 07:00:00,PUMP-B01,Zone_B,2.34,1.37,60.6,1805.0,84.3,OK
2024-03-05 07:00:00,COMP-C01,Zone_C,4.02,1.88,78.8,3841.0,84.0,OK
2024-03-05 07:00:00,COMP-C02,Zone_C,3.38,1.56,77.7,3834.0,78.9,OK
2024-03-05 07:00:00,FAN-D01,Zone_B,1.77,1.01,49.0,1269.0,80.4,OK
2024-03-05 08:00:00,PUMP-A01,Zone_A,3.47,1.54,64.9,1873.0,81.7,SUSPECT
2024-03-05 08:00:00,PUMP-A02,Zone_A,2.72,1.31,62.9,1882.0,82.5,OK
2024-03-05 08:00:00,PUMP-B01,Zone_B,2.67,1.46,62.4,1865.0,82.1,OK
2024-03-05 08:00:00,COMP-C01,Zone_C,4.83,2.48,82.6,3913.0,88.9,OK
2024-03-05 08:00:00,COMP-C02,Zone_C,3.3,1.51,78.8,3840.0,81.7,OK
2024-03-05 08:00:00,FAN-D01,Zone_B,1.92,0.74,48.2,1253.0,82.6,OK
2024-03-05 09:00:00,PUMP-A01,Zone_A,3.59,1.77,62.6,1868.0,86.5,OK
2024-03-05 09:00:00,PUMP-A02,Zone_A,2.41,1.24,60.9,1890.0,86.8,OK
2024-03-05 09:00:00,PUMP-B01,Zone_B,2.87,1.52,60.3,1872.0,84.3,OK
2024-03-05 09:00:00,COMP-C01,Zone_C,4.54,2.25,76.4,3836.0,84.5,OK
2024-03-05 09:00:00,COMP-C02,Zone_C,3.82,1.94,80.3,3844.0,77.1,OK
2024-03-05 09:00:00,FAN-D01,Zone_B,1.75,1.03,47.0,1264.0,79.3,OK
2024-03-05 10:00:00,PUMP-A01,Zone_A,3.13,1.3,61.4,1814.0,70.1,OK
2024-03-05 10:00:00,PUMP-A02,Zone_A,2.68,1.46,60.4,1834.0,80.4,OK
2024-03-05 10:00:00,PUMP-B01,Zone_B,2.63,1.44,62.7,1822.0,79.4,OK
2024-03-05 10:00:00,COMP-C01,Zone_C,4.33,2.07,78.3,3851.0,83.9,OK
2024-03-05 10:00:00,COMP-C02,Zone_C,3.65,1.62,80.4,3779.0,77.5,OK
2024-03-05 10:00:00,FAN-D01,Zone_B,2.14,1.08,48.4,1235.0,63.6,OK
2024-03-05 11:00:00,PUMP-A01,Zone_A,3.88,1.85,64.0,1872.0,78.3,OK
2024-03-05 11:00:00,PUMP-A02,Zone_A,2.7,1.55,59.0,1772.0,65.0,OK
2024-03-05 11:00:00,PUMP-B01,Zone_B,2.51,1.29,57.5,1831.0,75.8,OK
2024-03-05 11:00:00,COMP-C01,Zone_C,3.85,1.97,80.8,3719.0,66.4,OK
2024-03-05 11:00:00,COMP-C02,Zone_C,3.21,1.5,78.3,3681.0,63.8,OK
2024-03-05 11:00:00,FAN-D01,Zone_B,1.27,0.58,51.7,1253.0,77.2,OK
2024-03-05 12:00:00,PUMP-A01,Zone_A,3.69,1.7,58.6,1843.0,69.7,OK
2024-03-05 12:00:00,PUMP-A02,Zone_A,2.23,1.15,56.9,1839.0,69.4,OK
2024-03-05 12:00:00,PUMP-B01,Zone_B,2.26,0.98,58.9,1820.0,66.4,OK
2024-03-05 12:00:00,COMP-C01,Zone_C,4.23,2.11,76.3,3699.0,63.7,OK
2024-03-05 12:00:00,COMP-C02,Zone_C,3.6,1.77,79.6,3726.0,66.4,OK
2024-03-05 12:00:00,FAN-D01,Zone_B,2.23,1.09,50.7,1231.0,68.5,OK
2024-03-05 13:00:00,PUMP-A01,Zone_A,3.83,1.78,63.7,1851.0,77.0,OK
2024-03-05 13:00:00,PUMP-A02,Zone_A,2.1,0.97,59.9,1778.0,65.2,OK
2024-03-05 13:00:00,PUMP-B01,Zone_B,2.51,1.36,58.9,1811.0,66.9,OK
2024-03-05 13:00:00,COMP-C01,Zone_C,3.75,1.93,74.0,3694.0,63.5,OK
2024-03-05 13:00:00,COMP-C02,Zone_C,2.98,1.4,77.2,3654.0,61.7,OK
2024-03-05 13:00:00,FAN-D01,Zone_B,1.88,0.98,46.2,1227.0,72.6,OK
2024-03-05 14:00:00,PUMP-A01,Zone_A,3.31,1.63,61.8,1808.0,66.2,OK
2024-03-05 14:00:00,PUMP-A02,Zone_A,2.23,1.09,55.7,1796.0,63.7,OK
2024-03-05 14:00:00,PUMP-B01,Zone_B,2.25,1.29,57.5,1817.0,73.6,OK
2024-03-05 14:00:00,COMP-C01,Zone_C,3.94,2.07,74.4,3617.0,55.2,OK
2024-03-05 14:00:00,COMP-C02,Zone_C,2.93,1.55,78.1,3716.0,61.6,OK
2024-03-05 14:00:00,FAN-D01,Zone_B,1.79,0.9,46.7,1220.0,59.4,OK
2024-03-05 15:00:00,PUMP-A01,Zone_A,2.9,1.5,60.1,1773.0,59.6,OK
2024-03-05 15:00:00,PUMP-A02,Zone_A,2.97,1.61,60.0,1793.0,62.4,OK
2024-03-05 15:00:00,PUMP-B01,Zone_B,2.68,1.38,57.3,1808.0,67.0,OK
2024-03-05 15:00:00,COMP-C01,Zone_C,3.67,1.77,75.1,3640.0,52.9,OK
2024-03-05 15:00:00,COMP-C02,Zone_C,3.73,1.85,80.0,3681.0,59.5,OK
2024-03-05 15:00:00,FAN-D01,Zone_B,1.52,0.88,51.1,1190.0,55.7,OK
2024-03-05 16:00:00,PUMP-A01,Zone_A,3.29,1.71,56.7,1752.0,51.3,OK
2024-03-05 16:00:00,PUMP-A02,Zone_A,2.13,0.99,54.4,1769.0,48.4,OK
2024-03-05 16:00:00,PUMP-B01,Zone_B,2.27,0.91,58.9,1764.0,61.1,OK
2024-03-05 16:00:00,COMP-C01,Zone_C,4.34,2.13,77.7,3648.0,53.0,OK
2024-03-05 16:00:00,COMP-C02,Zone_C,3.38,1.74,80.1,3668.0,56.6,OK
2024-03-05 16:00:00,FAN-D01,Zone_B,1.61,0.74,45.6,1227.0,58.0,OK
2024-03-05 17:00:00,PUMP-A01,Zone_A,3.22,1.62,59.8,1710.0,44.2,OK
2024-03-05 17:00:00,PUMP-A02,Zone_A,2.04,1.04,59.0,1801.0,57.3,OK
2024-03-05 17:00:00,PUMP-B01,Zone_B,2.69,1.27,61.1,1802.0,60.3,OK
2024-03-05 17:00:00,COMP-C01,Zone_C,4.31,2.17,76.5,3608.0,54.7,OK
2024-03-05 17:00:00,COMP-C02,Zone_C,4.0,2.08,76.6,3632.0,53.0,OK
2024-03-05 17:00:00,FAN-D01,Zone_B,1.35,0.56,45.9,1204.0,54.2,OK
2024-03-05 18:00:00,PUMP-A01,Zone_A,3.28,1.7,60.0,1797.0,59.4,OK
2024-03-05 18:00:00,PUMP-A02,Zone_A,2.81,1.4,58.2,1766.0,53.9,OK
2024-03-05 18:00:00,PUMP-B01,Zone_B,2.39,1.24,59.1,1812.0,56.3,OK
2024-03-05 18:00:00,COMP-C01,Zone_C,4.57,2.19,80.4,3688.0,66.3,OK
2024-03-05 18:00:00,COMP-C02,Zone_C,3.81,2.01,78.4,3725.0,64.1,OK
2024-03-05 18:00:00,FAN-D01,Zone_B,1.91,0.94,44.3,1184.0,53.4,OK
2024-03-05 19:00:00,PUMP-A01,Zone_A,3.6,1.72,59.8,1828.0,60.5,OK
2024-03-05 19:00:00,PUMP-A02,Zone_A,2.78,1.2,60.8,1776.0,56.1,OK
2024-03-05 19:00:00,PUMP-B01,Zone_B,2.43,1.13,56.8,1780.0,57.4,OK
2024-03-05 19:00:00,COMP-C01,Zone_C,4.27,2.26,79.8,3613.0,57.2,OK
2024-03-05 19:00:00,COMP-C02,Zone_C,3.19,1.65,75.9,3679.0,63.9,OK
2024-03-05 19:00:00,FAN-D01,Zone_B,1.55,0.8,45.4,1204.0,55.8,OK
2024-03-05 20:00:00,PUMP-A01,Zone_A,3.67,1.73,60.7,1767.0,55.2,OK
2024-03-05 20:00:00,PUMP-A02,Zone_A,1.62,0.85,53.2,1763.0,49.2,OK
2024-03-05 20:00:00,PUMP-B01,Zone_B,1.76,1.04,56.1,1742.0,54.1,OK
2024-03-05 20:00:00,COMP-C01,Zone_C,3.58,1.99,74.4,3603.0,48.0,OK
2024-03-05 20:00:00,COMP-C02,Zone_C,3.59,1.94,75.2,3730.0,63.0,OK
2024-03-05 20:00:00,FAN-D01,Zone_B,1.53,0.77,47.8,1201.0,52.7,OK
2024-03-05 21:00:00,PUMP-A01,Zone_A,2.91,1.57,62.3,1791.0,56.9,OK
2024-03-05 21:00:00,PUMP-A02,Zone_A,2.49,1.4,59.2,1799.0,59.9,OK
2024-03-05 21:00:00,PUMP-B01,Zone_B,1.73,0.9,56.1,1745.0,50.5,OK
2024-03-05 21:00:00,COMP-C01,Zone_C,4.44,2.15,77.9,3662.0,58.5,OK
2024-03-05 21:00:00,COMP-C02,Zone_C,3.19,1.69,74.7,3644.0,54.8,OK
2024-03-05 21:00:00,FAN-D01,Zone_B,2.01,1.16,48.2,1234.0,59.0,OK
2024-03-05 22:00:00,PUMP-A01,Zone_A,3.14,1.27,56.8,1805.0,66.4,OK
2024-03-05 22:00:00,PUMP-A02,Zone_A,2.67,1.39,64.5,1807.0,66.2,OK
2024-03-05 22:00:00,PUMP-B01,Zone_B,2.84,1.24,60.7,1828.0,68.3,OK
2024-03-05 22:00:00,COMP-C01,Zone_C,4.22,2.1,73.6,3680.0,58.3,OK
2024-03-05 22:00:00,COMP-C02,Zone_C,3.08,1.55,77.9,3708.0,59.9,OK
2024-03-05 22:00:00,FAN-D01,Zone_B,1.11,0.45,47.4,1220.0,52.8,OK
2024-03-05 23:00:00,PUMP-A01,Zone_A,3.46,1.71,61.2,1772.0,64.6,OK
2024-03-05 23:00:00,PUMP-A02,Zone_A,2.23,1.17,55.3,1803.0,63.6,OK
2024-03-05 23:00:00,PUMP-B01,Zone_B,2.62,1.36,57.4,1814.0,64.5,OK
2024-03-05 23:00:00,COMP-C01,Zone_C,4.52,2.26,81.9,3706.0,65.2,OK
2024-03-05 23:00:00,COMP-C02,Zone_C,3.2,1.69,74.1,3709.0,64.6,OK
2024-03-05 23:00:00,FAN-D01,Zone_B,2.1,0.92,46.0,1254.0,68.9,OK
2024-03-06 00:00:00,PUMP-A01,Zone_A,3.64,1.92,64.1,1796.0,67.4,OK
2024-03-06 00:00:00,PUMP-A02,Zone_A,2.04,1.1,61.8,1795.0,71.2,SUSPECT
2024-03-06 00:00:00,PUMP-B01,Zone_B,2.58,1.31,62.9,1861.0,76.4,OK
2024-03-06 00:00:00,COMP-C01,Zone_C,4.82,2.44,78.6,3775.0,73.3,OK
2024-03-06 00:00:00,COMP-C02,Zone_C,3.33,1.62,75.2,3686.0,61.1,OK
2024-03-06 00:00:00,FAN-D01,Zone_B,1.53,0.77,48.4,1230.0,55.6,OK
2024-03-06 01:00:00,PUMP-A01,Zone_A,3.21,1.51,58.4,1817.0,66.9,OK
2024-03-06 01:00:00,PUMP-A02,Zone_A,2.85,1.46,62.0,1839.0,79.5,OK
2024-03-06 01:00:00,PUMP-B01,Zone_B,2.22,1.04,59.7,1840.0,71.9,OK
2024-03-06 01:00:00,COMP-C01,Zone_C,4.28,2.15,79.3,3751.0,74.1,OK
2024-03-06 01:00:00,COMP-C02,Zone_C,3.71,1.77,78.2,3777.0,76.9,OK
2024-03-06 01:00:00,FAN-D01,Zone_B,1.59,0.9,52.8,1275.0,78.0,OK
2024-03-06 02:00:00,PUMP-A01,Zone_A,3.47,1.75,66.0,1884.0,87.5,OK
2024-03-06 02:00:00,PUMP-A02,Zone_A,2.98,1.42,64.9,1874.0,83.9,OK
2024-03-06 02:00:00,PUMP-B01,Zone_B,2.03,1.07,55.6,1846.0,75.9,OK
2024-03-06 02:00:00,COMP-C01,Zone_C,4.68,2.4,78.4,3831.0,79.6,OK
2024-03-06 02:00:00,COMP-C02,Zone_C,3.46,1.65,79.6,3832.0,79.3,OK
2024-03-06 02:00:00,FAN-D01,Zone_B,2.17,1.09,55.5,1284.0,81.9,OK
2024-03-06 03:00:00,PUMP-A01,Zone_A,3.35,1.66,61.2,1825.0,75.6,OK
2024-03-06 03:00:00,PUMP-A02,Zone_A,2.73,1.29,61.5,1889.0,79.4,OK
2024-03-06 03:00:00,PUMP-B01,Zone_B,2.58,1.22,59.2,1847.0,82.1,OK
2024-03-06 03:00:00,COMP-C01,Zone_C,4.66,2.29,78.7,3795.0,76.2,OK
2024-03-06 03:00:00,COMP-C02,Zone_C,4.09,1.97,76.5,3818.0,79.1,OK
2024-03-06 03:00:00,FAN-D01,Zone_B,1.73,0.7,48.1,1242.0,81.6,OK
2024-03-06 04:00:00,PUMP-A01,Zone_A,3.37,1.75,60.3,1834.0,73.9,OK
2024-03-06 04:00:00,PUMP-A02,Zone_A,2.51,1.23,60.4,1892.0,86.4,SUSPECT
2024-03-06 04:00:00,PUMP-B01,Zone_B,3.03,1.33,63.5,1878.0,85.7,OK
2024-03-06 04:00:00,COMP-C01,Zone_C,4.26,2.23,77.4,3881.0,82.8,OK
2024-03-06 04:00:00,COMP-C02,Zone_C,3.68,1.87,81.6,3877.0,92.8,OK
2024-03-06 04:00:00,FAN-D01,Zone_B,1.65,0.99,52.8,1287.0,90.1,OK
2024-03-06 05:00:00,PUMP-A01,Zone_A,3.74,1.93,67.9,1873.0,94.8,OK
2024-03-06 05:00:00,PUMP-A02,Zone_A,2.15,1.13,63.4,1906.0,86.7,OK
2024-03-06 05:00:00,PUMP-B01,Zone_B,2.03,1.05,64.7,1826.0,86.0,OK
2024-03-06 05:00:00,COMP-C01,Zone_C,4.37,2.14,83.3,3886.0,85.8,OK
2024-03-06 05:00:00,COMP-C02,Zone_C,3.87,2.05,80.5,3832.0,83.5,OK
2024-03-06 05:00:00,FAN-D01,Zone_B,2.0,0.72,51.8,1266.0,79.7,OK
2024-03-06 06:00:00,PUMP-A01,Zone_A,3.34,1.64,64.6,1885.0,82.7,OK
2024-03-06 06:00:00,PUMP-A02,Zone_A,2.7,1.38,64.9,1873.0,85.2,OK
2024-03-06 06:00:00,PUMP-B01,Zone_B,2.84,1.5,62.7,1889.0,87.3,OK
2024-03-06 06:00:00,COMP-C01,Zone_C,5.17,2.63,81.6,3914.0,90.8,OK
2024-03-06 06:00:00,COMP-C02,Zone_C,3.83,1.98,83.1,3866.0,90.1,OK
2024-03-06 06:00:00,FAN-D01,Zone_B,1.92,0.89,50.1,1266.0,83.3,OK
2024-03-06 07:00:00,PUMP-A01,Zone_A,3.45,1.61,63.3,1852.0,82.3,OK
2024-03-06 07:00:00,PUMP-A02,Zone_A,2.7,1.34,64.0,1860.0,79.6,OK
2024-03-06 07:00:00,PUMP-B01,Zone_B,3.41,1.76,65.2,1885.0,93.1,OK
2024-03-06 07:00:00,COMP-C01,Zone_C,4.32,2.12,79.8,3903.0,85.7,OK
2024-03-06 07:00:00,COMP-C02,Zone_C,3.32,1.67,74.6,3826.0,81.6,OK
2024-03-06 07:00:00,FAN-D01,Zone_B,1.77,0.84,48.0,1278.0,81.8,OK
2024-03-06 08:00:00,PUMP-A01,Zone_A,3.9,2.08,66.3,1922.0,94.3,OK
2024-03-06 08:00:00,PUMP-A02,Zone_A,2.91,1.35,61.3,1838.0,76.0,OK
2024-03-06 08:00:00,PUMP-B01,Zone_B,2.42,1.21,60.3,1849.0,80.1,OK
2024-03-06 08:00:00,COMP-C01,Zone_C,4.8,2.41,77.6,3827.0,81.1,OK
2024-03-06 08:00:00,COMP-C02,Zone_C,3.67,1.83,79.4,3908.0,94.3,OK
2024-03-06 08:00:00,FAN-D01,Zone_B,1.4,0.8,51.8,1274.0,88.8,OK
2024-03-06 09:00:00,PUMP-A01,Zone_A,3.55,1.56,64.0,1862.0,80.2,OK
2024-03-06 09:00:00,PUMP-A02,Zone_A,2.47,1.2,60.9,1855.0,77.5,OK
2024-03-06 09:00:00,PUMP-B01,Zone_B,2.6,1.33,62.0,1870.0,79.3,OK
2024-03-06 09:00:00,COMP-C01,Zone_C,4.67,2.33,78.5,3782.0,74.0,OK
2024-03-06 09:00:00,COMP-C02,Zone_C,3.23,1.65,78.1,3832.0,79.9,OK
2024-03-06 09:00:00,FAN-D01,Zone_B,1.29,0.73,45.7,1217.0,72.7,SUSPECT
2024-03-06 10:00:00,PUMP-A01,Zone_A,3.42,1.72,62.4,1843.0,76.7,OK
2024-03-06 10:00:00,PUMP-A02,Zone_A,2.78,1.5,61.9,1850.0,81.1,OK
2024-03-06 10:00:00,PUMP-B01,Zone_B,2.94,1.32,60.6,1792.0,69.4,OK
2024-03-06 10:00:00,COMP-C01,Zone_C,4.77,2.38,81.6,3781.0,74.7,OK
2024-03-06 10:00:00,COMP-C02,Zone_C,4.04,1.99,74.9,3836.0,79.2,OK
2024-03-06 10:00:00,FAN-D01,Zone_B,2.17,1.0,50.8,1257.0,75.6,OK
2024-03-06 11:00:00,PUMP-A01,Zone_A,3.59,2.0,64.5,1859.0,73.5,OK
2024-03-06 11:00:00,PUMP-A02,Zone_A,2.2,1.2,58.4,1807.0,74.5,OK
2024-03-06 11:00:00,PUMP-B01,Zone_B,2.42,1.13,58.9,1828.0,67.3,OK
2024-03-06 11:00:00,COMP-C01,Zone_C,4.43,2.09,78.5,3820.0,78.3,OK
2024-03-06 11:00:00,COMP-C02,Zone_C,4.31,2.14,79.8,3837.0,84.0,OK
2024-03-06 11:00:00,FAN-D01,Zone_B,1.63,0.79,49.0,1278.0,72.4,OK
2024-03-06 12:00:00,PUMP-A01,Zone_A,3.96,1.97,62.8,1834.0,70.5,OK
2024-03-06 12:00:00,PUMP-A02,Zone_A,2.43,1.25,58.0,1845.0,70.7,OK
2024-03-06 12:00:00,PUMP-B01,Zone_B,2.41,1.05,61.4,1830.0,68.4,OK
2024-03-06 12:00:00,COMP-C01,Zone_C,4.23,2.12,76.9,3720.0,65.6,OK
2024-03-06 12:00:00,COMP-C02,Zone_C,3.8,1.89,78.0,3775.0,72.2,OK
2024-03-06 12:00:00,FAN-D01,Zone_B,1.76,0.78,51.0,1254.0,75.4,OK
2024-03-06 13:00:00,PUMP-A01,Zone_A,3.75,2.03,61.1,1854.0,70.7,OK
2024-03-06 13:00:00,PUMP-A02,Zone_A,2.52,1.17,56.0,1798.0,65.0,OK
2024-03-06 13:00:00,PUMP-B01,Zone_B,2.6,1.36,63.7,1845.0,74.4,OK
2024-03-06 13:00:00,COMP-C01,Zone_C,4.22,1.98,73.9,3594.0,53.0,OK
2024-03-06 13:00:00,COMP-C02,Zone_C,3.76,1.83,76.6,3751.0,69.6,OK
2024-03-06 13:00:00,FAN-D01,Zone_B,2.29,1.06,49.8,1265.0,74.4,SUSPECT
2024-03-06 14:00:00,PUMP-A01,Zone_A,3.53,1.78,60.9,1796.0,62.0,OK
2024-03-06 14:00:00,PUMP-A02,Zone_A,2.79,1.49,61.0,1778.0,63.2,OK
2024-03-06 14:00:00,PUMP-B01,Zone_B,2.11,1.11,56.0,1770.0,54.6,OK
2024-03-06 14:00:00,COMP-C01,Zone_C,3.99,1.92,77.9,3685.0,60.7,OK
2024-03-06 14:00:00,COMP-C02,Zone_C,3.64,1.84,78.5,3781.0,75.4,OK
2024-03-06 14:00:00,FAN-D01,Zone_B,2.6,1.41,46.8,1224.0,58.3,OK
2024-03-06 15:00:00,PUMP-A01,Zone_A,3.44,1.63,56.7,1800.0,65.1,OK
2024-03-06 15:00:00,PUMP-A02,Zone_A,2.27,1.4,53.6,1778.0,58.0,OK
2024-03-06 15:00:00,PUMP-B01,Zone_B,2.34,1.11,63.0,1770.0,62.3,OK
2024-03-06 15:00:00,COMP-C01,Zone_C,3.6,1.73,75.3,3665.0,57.5,OK
2024-03-06 15:00:00,COMP-C02,Zone_C,3.93,1.79,80.5,3643.0,60.3,OK
2024-03-06 15:00:00,FAN-D01,Zone_B,1.52,0.84,46.4,1205.0,59.3,OK
2024-03-06 16:00:00,PUMP-A01,Zone_A,3.69,1.9,64.3,1789.0,62.2,OK
2024-03-06 16:00:00,PUMP-A02,Zone_A,2.84,1.55,58.4,1759.0,55.2,OK
2024-03-06 16:00:00,PUMP-B01,Zone_B,2.01,1.18,60.4,1791.0,57.1,OK
2024-03-06 16:00:00,COMP-C01,Zone_C,4.49,2.37,79.2,3676.0,61.7,OK
2024-03-06 16:00:00,COMP-C02,Zone_C,3.55,1.82,78.7,3702.0,61.8,OK
2024-03-06 16:00:00,FAN-D01,Zone_B,1.76,0.86,48.9,1221.0,53.9,OK
2024-03-06 17:00:00,PUMP-A01,Zone_A,3.16,1.55,57.1,1745.0,51.2,OK
2024-03-06 17:00:00,PUMP-A02,Zone_A,2.62,1.42,59.7,1772.0,53.8,OK
2024-03-06 17:00:00,PUMP-B01,Zone_B,1.93,0.86,57.3,1770.0,52.6,OK
2024-03-06 17:00:00,COMP-C01,Zone_C,4.33,2.2,76.5,3672.0,58.1,OK
2024-03-06 17:00:00,COMP-C02,Zone_C,3.56,1.86,77.3,3731.0,64.5,OK
2024-03-06 17:00:00,FAN-D01,Zone_B,1.53,0.68,47.8,1214.0,60.9,OK
2024-03-06 18:00:00,PUMP-A01,Zone_A,3.38,1.81,61.4,1755.0,52.1,OK
2024-03-06 18:00:00,PUMP-A02,Zone_A,2.21,1.15,59.0,1810.0,60.6,OK
2024-03-06 18:00:00,PUMP-B01,Zone_B,1.93,0.96,58.8,1782.0,55.4,OK
2024-03-06 18:00:00,COMP-C01,Zone_C,3.92,1.97,76.6,3667.0,60.1,OK
2024-03-06 18:00:00,COMP-C02,Zone_C,3.64,1.84,74.6,3668.0,56.6,OK
2024-03-06 18:00:00,FAN-D01,Zone_B,2.26,1.17,46.9,1248.0,54.3,OK
2024-03-06 19:00:00,PUMP-A01,Zone_A,3.28,1.46,61.0,1744.0,57.0,OK
2024-03-06 19:00:00,PUMP-A02,Zone_A,2.27,1.23,53.7,1740.0,57.8,OK
2024-03-06 19:00:00,PUMP-B01,Zone_B,2.42,1.09,56.1,1759.0,55.0,OK
2024-03-06 19:00:00,COMP-C01,Zone_C,3.69,1.88,75.5,3642.0,52.4,OK
2024-03-06 19:00:00,COMP-C02,Zone_C,3.14,1.38,72.2,3716.0,64.1,OK
2024-03-06 19:00:00,FAN-D01,Zone_B,1.5,0.71,46.0,1239.0,59.9,OK
2024-03-06 20:00:00,PUMP-A01,Zone_A,3.18,1.67,61.7,1776.0,61.1,OK
2024-03-06 20:00:00,PUMP-A02,Zone_A,2.78,1.15,62.7,1793.0,59.3,OK
2024-03-06 20:00:00,PUMP-B01,Zone_B,2.52,1.21,58.7,1798.0,53.7,OK
2024-03-06 20:00:00,COMP-C01,Zone_C,4.55,2.35,77.9,3632.0,50.8,OK
2024-03-06 20:00:00,COMP-C02,Zone_C,3.7,1.87,75.0,3722.0,64.3,OK
2024-03-06 20:00:00,FAN-D01,Zone_B,1.44,0.54,49.1,1302.0,66.3,OK
2024-03-06 21:00:00,PUMP-A01,Zone_A,3.17,1.45,56.6,1795.0,55.8,OK
2024-03-06 21:00:00,PUMP-A02,Zone_A,2.16,0.94,55.8,1813.0,58.3,OK
2024-03-06 21:00:00,PUMP-B01,Zone_B,2.57,1.17,59.9,1786.0,60.1,OK
2024-03-06 21:00:00,COMP-C01,Zone_C,3.18,1.58,77.0,3606.0,51.0,OK
2024-03-06 21:00:00,COMP-C02,Zone_C,3.88,2.01,75.1,3675.0,61.6,OK
2024-03-06 21:00:00,FAN-D01,Zone_B,1.93,1.14,50.2,1220.0,51.4,OK
2024-03-06 22:00:00,PUMP-A01,Zone_A,3.64,1.83,63.9,1832.0,66.3,OK
2024-03-06 22:00:00,PUMP-A02,Zone_A,2.72,1.35,58.8,1802.0,63.0,OK
2024-03-06 22:00:00,PUMP-B01,Zone_B,2.45,1.29,59.7,1799.0,58.3,OK
2024-03-06 22:00:00,COMP-C01,Zone_C,4.59,2.35,79.5,3652.0,58.0,OK
2024-03-06 22:00:00,COMP-C02,Zone_C,3.62,1.76,80.4,3750.0,63.7,OK
2024-03-06 22:00:00,FAN-D01,Zone_B,1.64,0.81,47.4,1238.0,54.3,OK
2024-03-06 23:00:00,PUMP-A01,Zone_A,2.73,1.44,60.1,1797.0,72.6,OK
2024-03-06 23:00:00,PUMP-A02,Zone_A,2.67,1.38,57.7,1845.0,74.7,OK
2024-03-06 23:00:00,PUMP-B01,Zone_B,2.37,1.28,60.1,1806.0,64.5,OK
2024-03-06 23:00:00,COMP-C01,Zone_C,3.62,1.7,75.6,3723.0,63.6,OK
2024-03-06 23:00:00,COMP-C02,Zone_C,3.46,1.6,78.1,3718.0,68.3,OK
2024-03-06 23:00:00,FAN-D01,Zone_B,2.57,1.22,54.2,1266.0,66.6,OK
2024-03-07 00:00:00,PUMP-A01,Zone_A,3.42,1.7,65.0,1792.0,64.8,OK
2024-03-07 00:00:00,PUMP-A02,Zone_A,1.97,1.12,60.8,1804.0,65.7,OK
2024-03-07 00:00:00,PUMP-B01,Zone_B,2.64,1.34,60.5,1792.0,65.6,OK
2024-03-07 00:00:00,COMP-C01,Zone_C,4.76,2.47,76.6,3716.0,63.0,OK
2024-03-07 00:00:00,COMP-C02,Zone_C,3.07,1.44,75.8,3717.0,63.4,OK
2024-03-07 00:00:00,FAN-D01,Zone_B,1.7,0.95,44.2,1261.0,66.9,OK
2024-03-07 01:00:00,PUMP-A01,Zone_A,3.55,1.71,59.8,1812.0,77.3,OK
2024-03-07 01:00:00,PUMP-A02,Zone_A,2.51,1.23,61.6,1814.0,67.5,OK
2024-03-07 01:00:00,PUMP-B01,Zone_B,2.19,1.0,61.7,1825.0,75.3,OK
2024-03-07 01:00:00,COMP-C01,Zone_C,4.16,2.18,75.7,3695.0,63.5,OK
2024-03-07 01:00:00,COMP-C02,Zone_C,3.58,1.83,77.4,3765.0,74.4,OK
2024-03-07 01:00:00,FAN-D01,Zone_B,1.86,0.94,49.3,1279.0,76.0,OK
2024-03-07 02:00:00,PUMP-A01,Zone_A,3.6,2.0,64.5,1838.0,76.1,OK
2024-03-07 02:00:00,PUMP-A02,Zone_A,2.56,1.18,61.5,1856.0,81.0,OK
2024-03-07 02:00:00,PUMP-B01,Zone_B,2.75,1.37,62.9,1886.0,83.6,OK
2024-03-07 02:00:00,COMP-C01,Zone_C,4.83,2.36,80.0,3780.0,76.3,OK
2024-03-07 02:00:00,COMP-C02,Zone_C,3.66,1.73,79.0,3767.0,76.8,OK
2024-03-07 02:00:00,FAN-D01,Zone_B,2.01,0.91,47.6,1238.0,70.4,OK
2024-03-07 03:00:00,PUMP-A01,Zone_A,4.15,2.1,62.4,1887.0,82.7,OK
2024-03-07 03:00:00,PUMP-A02,Zone_A,3.09,1.51,65.5,1887.0,86.9,OK
2024-03-07 03:00:00,PUMP-B01,Zone_B,2.3,1.05,63.1,1841.0,78.1,OK
2024-03-07 03:00:00,COMP-C01,Zone_C,4.09,2.13,77.4,3770.0,71.9,OK
2024-03-07 03:00:00,COMP-C02,Zone_C,3.43,1.54,77.3,3746.0,75.4,OK
2024-03-07 03:00:00,FAN-D01,Zone_B,1.66,0.78,48.9,1234.0,74.9,OK
2024-03-07 04:00:00,PUMP-A01,Zone_A,3.8,1.86,62.3,1836.0,72.6,OK
2024-03-07 04:00:00,PUMP-A02,Zone_A,2.74,1.32,56.6,1861.0,80.2,OK
2024-03-07 04:00:00,PUMP-B01,Zone_B,1.9,0.91,58.1,1883.0,86.5,OK
2024-03-07 04:00:00,COMP-C01,Zone_C,4.08,2.08,80.0,3882.0,87.9,OK
2024-03-07 04:00:00,COMP-C02,Zone_C,3.68,1.94,76.8,3806.0,82.4,OK
2024-03-07 04:00:00,FAN-D01,Zone_B,1.7,0.68,46.3,1254.0,83.1,OK
2024-03-07 05:00:00,PUMP-A01,Zone_A,3.67,1.76,63.9,1892.0,88.4,OK
2024-03-07 05:00:00,PUMP-A02,Zone_A,2.33,1.12,61.4,1860.0,84.3,OK
2024-03-07 05:00:00,PUMP-B01,Zone_B,3.18,1.35,64.2,1856.0,89.5,OK
2024-03-07 05:00:00,COMP-C01,Zone_C,4.17,2.11,79.5,3818.0,81.2,OK
2024-03-07 05:00:00,COMP-C02,Zone_C,3.41,1.76,78.7,3822.0,81.2,OK
2024-03-07 05:00:00,FAN-D01,Zone_B,2.45,1.11,51.2,1309.0,85.6,OK
2024-03-07 06:00:00,PUMP-A01,Zone_A,3.39,1.64,63.3,1904.0,96.5,OK
2024-03-07 06:00:00,PUMP-A02,Zone_A,2.74,1.34,61.6,1859.0,90.4,OK
2024-03-07 06:00:00,PUMP-B01,Zone_B,3.19,1.58,62.6,1896.0,87.6,OK
2024-03-07 06:00:00,COMP-C01,Zone_C,4.34,2.24,79.6,3855.0,87.0,OK
2024-03-07 06:00:00,COMP-C02,Zone_C,3.94,1.89,78.7,3903.0,86.6,OK
2024-03-07 06:00:00,FAN-D01,Zone_B,1.76,0.85,50.1,1286.0,78.1,OK
2024-03-07 07:00:00,PUMP-A01,Zone_A,3.3,1.65,61.3,1807.0,74.8,SUSPECT
2024-03-07 07:00:00,PUMP-A02,Zone_A,3.08,1.58,62.7,1905.0,88.0,OK
2024-03-07 07:00:00,PUMP-B01,Zone_B,2.22,0.99,58.7,1882.0,81.9,OK
2024-03-07 07:00:00,COMP-C01,Zone_C,4.39,2.21,78.7,3915.0,90.4,OK
2024-03-07 07:00:00,COMP-C02,Zone_C,3.26,1.72,77.0,3833.0,83.8,OK
2024-03-07 07:00:00,FAN-D01,Zone_B,1.5,0.86,48.8,1283.0,69.8,OK
2024-03-07 08:00:00,PUMP-A01,Zone_A,3.51,1.75,59.3,1834.0,82.2,OK
2024-03-07 08:00:00,PUMP-A02,Zone_A,2.67,1.41,64.9,1836.0,86.7,OK
2024-03-07 08:00:00,PUMP-B01,Zone_B,2.39,1.19,60.7,1836.0,79.7,OK
2024-03-07 08:00:00,COMP-C01,Zone_C,4.4,2.16,77.1,3834.0,88.1,OK
2024-03-07 08:00:00,COMP-C02,Zone_C,3.54,1.83,80.3,3850.0,90.8,OK
2024-03-07 08:00:00,FAN-D01,Zone_B,2.38,1.3,52.5,1275.0,75.6,OK
2024-03-07 09:00:00,PUMP-A01,Zone_A,4.16,1.99,67.0,1895.0,96.7,OK
2024-03-07 09:00:00,PUMP-A02,Zone_A,2.19,1.25,59.4,1801.0,67.6,OK
2024-03-07 09:00:00,PUMP-B01,Zone_B,3.36,1.51,62.5,1894.0,85.8,OK
2024-03-07 09:00:00,COMP-C01,Zone_C,4.17,2.1,82.0,3822.0,80.8,OK
2024-03-07 09:00:00,COMP-C02,Zone_C,3.42,1.54,77.3,3776.0,80.5,OK
2024-03-07 09:00:00,FAN-D01,Zone_B,1.56,0.71,48.4,1282.0,78.1,OK
2024-03-07 10:00:00,PUMP-A01,Zone_A,3.73,1.86,63.2,1873.0,83.8,OK
2024-03-07 10:00:00,PUMP-A02,Zone_A,2.6,1.28,59.1,1839.0,79.5,OK
2024-03-07 10:00:00,PUMP-B01,Zone_B,3.03,1.38,64.2,1815.0,78.5,OK
2024-03-07 10:00:00,COMP-C01,Zone_C,3.72,1.82,80.1,3749.0,76.3,OK
2024-03-07 10:00:00,COMP-C02,Zone_C,3.06,1.56,75.1,3771.0,73.0,OK
2024-03-07 10:00:00,FAN-D01,Zone_B,1.66,0.85,49.4,1261.0,73.6,OK
2024-03-07 11:00:00,PUMP-A01,Zone_A,3.46,1.77,62.3,1802.0,76.4,OK
2024-03-07 11:00:00,PUMP-A02,Zone_A,2.43,1.19,57.4,1805.0,57.3,OK
2024-03-07 11:00:00,PUMP-B01,Zone_B,2.09,1.11,63.5,1853.0,77.6,OK
2024-03-07 11:00:00,COMP-C01,Zone_C,4.52,2.18,78.7,3762.0,75.6,OK
2024-03-07 11:00:00,COMP-C02,Zone_C,4.01,2.0,75.0,3765.0,71.0,OK
2024-03-07 11:00:00,FAN-D01,Zone_B,1.89,0.9,51.0,1272.0,74.1,OK
2024-03-07 12:00:00,PUMP-A01,Zone_A,3.2,1.7,61.6,1853.0,74.1,OK
2024-03-07 12:00:00,PUMP-A02,Zone_A,2.31,1.09,61.6,1862.0,68.8,SUSPECT
2024-03-07 12:00:00,PUMP-B01,Zone_B,3.32,1.59,60.9,1823.0,71.3,OK
2024-03-07 12:00:00,COMP-C01,Zone_C,3.85,1.85,76.9,3738.0,71.5,OK
2024-03-07 12:00:00,COMP-C02,Zone_C,3.26,1.56,78.7,3755.0,75.2,OK
2024-03-07 12:00:00,FAN-D01,Zone_B,1.63,0.68,48.2,1277.0,77.3,OK
2024-03-07 13:00:00,PUMP-A01,Zone_A,3.54,1.7,60.9,1833.0,77.1,OK
2024-03-07 13:00:00,PUMP-A02,Zone_A,2.98,1.44,62.3,1820.0,72.6,OK
2024-03-07 13:00:00,PUMP-B01,Zone_B,2.69,1.42,59.4,1808.0,68.5,OK
2024-03-07 13:00:00,COMP-C01,Zone_C,4.15,2.1,74.4,3721.0,68.4,OK
2024-03-07 13:00:00,COMP-C02,Zone_C,3.91,2.0,77.6,3717.0,62.4,OK
2024-03-07 13:00:00,FAN-D01,Zone_B,1.8,0.87,47.7,1215.0,66.2,OK
2024-03-07 14:00:00,PUMP-A01,Zone_A,3.23,1.52,62.7,1735.0,53.5,OK
2024-03-07 14:00:00,PUMP-A02,Zone_A,2.18,1.05,56.4,1736.0,55.2,OK
2024-03-07 14:00:00,PUMP-B01,Zone_B,2.52,1.17,60.5,1762.0,59.4,OK
2024-03-07 14:00:00,COMP-C01,Zone_C,3.54,1.62,76.7,3598.0,55.1,OK
2024-03-07 14:00:00,COMP-C02,Zone_C,3.8,1.9,73.6,3766.0,68.5,OK
2024-03-07 14:00:00,FAN-D01,Zone_B,2.19,0.93,48.4,1214.0,62.9,OK
2024-03-07 15:00:00,PUMP-A01,Zone_A,3.2,1.49,60.7,1784.0,58.1,OK
2024-03-07 15:00:00,PUMP-A02,Zone_A,2.49,1.2,55.8,1739.0,50.5,OK
2024-03-07 15:00:00,PUMP-B01,Zone_B,2.82,1.23,57.7,1773.0,58.4,OK
2024-03-07 15:00:00,COMP-C01,Zone_C,4.07,1.9,79.3,3693.0,63.1,OK
2024-03-07 15:00:00,COMP-C02,Zone_C,3.17,1.54,72.4,3654.0,57.4,OK
2024-03-07 15:00:00,FAN-D01,Zone_B,1.5,0.82,45.3,1218.0,62.8,OK
2024-03-07 16:00:00,PUMP-A01,Zone_A,3.46,1.86,62.3,1814.0,69.6,OK
2024-03-07 16:00:00,PUMP-A02,Zone_A,2.07,1.17,60.4,1787.0,56.5,OK
2024-03-07 16:00:00,PUMP-B01,Zone_B,2.24,1.19,60.6,1819.0,58.1,OK
2024-03-07 16:00:00,COMP-C01,Zone_C,4.1,2.18,79.3,3738.0,62.2,OK
2024-03-07 16:00:00,COMP-C02,Zone_C,3.29,1.6,77.3,3563.0,45.5,OK
2024-03-07 16:00:00,FAN-D01,Zone_B,1.97,1.11,53.0,1201.0,57.5,OK
2024-03-07 17:00:00,PUMP-A01,Zone_A,3.29,1.69,60.4,1795.0,60.4,OK
2024-03-07 17:00:00,PUMP-A02,Zone_A,2.47,1.17,55.6,1780.0,57.0,OK
2024-03-07 17:00:00,PUMP-B01,Zone_B,2.91,1.57,58.4,1747.0,57.1,OK
2024-03-07 17:00:00,COMP-C01,Zone_C,4.27,2.04,80.0,3619.0,53.7,OK
2024-03-07 17:00:00,COMP-C02,Zone_C,3.31,1.66,74.1,3642.0,57.0,OK
2024-03-07 17:00:00,FAN-D01,Zone_B,2.4,1.33,49.1,1233.0,66.9,OK
2024-03-07 18:00:00,PUMP-A01,Zone_A,3.33,1.58,61.0,1757.0,53.7,OK
2024-03-07 18:00:00,PUMP-A02,Zone_A,2.43,1.25,59.6,1792.0,56.0,OK
2024-03-07 18:00:00,PUMP-B01,Zone_B,2.3,1.16,59.0,1725.0,50.1,OK
2024-03-07 18:00:00,COMP-C01,Zone_C,4.4,2.04,78.1,3668.0,57.9,OK
2024-03-07 18:00:00,COMP-C02,Zone_C,3.57,1.79,76.0,3623.0,56.4,OK
2024-03-07 18:00:00,FAN-D01,Zone_B,1.9,0.74,45.3,1230.0,57.7,OK
2024-03-07 19:00:00,PUMP-A01,Zone_A,2.79,1.56,60.1,1745.0,52.7,SUSPECT
2024-03-07 19:00:00,PUMP-A02,Zone_A,2.26,1.08,60.6,1769.0,52.4,OK
2024-03-07 19:00:00,PUMP-B01,Zone_B,2.35,1.11,56.2,1745.0,54.1,OK
2024-03-07 19:00:00,COMP-C01,Zone_C,3.95,2.03,76.7,3646.0,60.3,OK
2024-03-07 19:00:00,COMP-C02,Zone_C,2.91,1.48,72.0,3650.0,58.1,OK
2024-03-07 19:00:00,FAN-D01,Zone_B,1.68,0.99,44.7,1213.0,45.6,OK
2024-03-07 20:00:00,PUMP-A01,Zone_A,3.45,1.79,58.0,1760.0,56.2,OK
2024-03-07 20:00:00,PUMP-A02,Zone_A,2.12,0.95,56.9,1754.0,55.4,OK
2024-03-07 20:00:00,PUMP-B01,Zone_B,1.94,1.0,53.7,1779.0,54.6,OK
2024-03-07 20:00:00,COMP-C01,Zone_C,4.27,2.01,76.3,3647.0,56.7,OK
2024-03-07 20:00:00,COMP-C02,Zone_C,2.82,1.4,76.6,3619.0,49.9,OK
2024-03-07 20:00:00,FAN-D01,Zone_B,1.81,0.95,44.2,1169.0,57.7,OK
2024-03-07 21:00:00,PUMP-A01,Zone_A,3.7,1.92,62.3,1752.0,60.4,OK
2024-03-07 21:00:00,PUMP-A02,Zone_A,2.51,1.06,60.7,1831.0,70.6,OK
2024-03-07 21:00:00,PUMP-B01,Zone_B,2.23,1.0,56.9,1749.0,50.3,OK
2024-03-07 21:00:00,COMP-C01,Zone_C,4.25,2.18,79.3,3679.0,61.6,OK
2024-03-07 21:00:00,COMP-C02,Zone_C,3.46,1.75,77.5,3679.0,63.1,OK
2024-03-07 21:00:00,FAN-D01,Zone_B,1.73,0.76,45.2,1217.0,59.6,OK
2024-03-07 22:00:00,PUMP-A01,Zone_A,3.7,1.96,58.3,1801.0,65.5,OK
2024-03-07 22:00:00,PUMP-A02,Zone_A,2.32,1.05,57.8,1751.0,58.3,OK
2024-03-07 22:00:00,PUMP-B01,Zone_B,2.56,1.54,61.4,1818.0,64.2,OK
2024-03-07 22:00:00,COMP-C01,Zone_C,4.06,1.93,73.8,3738.0,67.0,OK
2024-03-07 22:00:00,COMP-C02,Zone_C,3.59,1.88,78.6,3688.0,62.7,OK
2024-03-07 22:00:00,FAN-D01,Zone_B,2.16,0.99,48.8,1213.0,61.0,OK
2024-03-07 23:00:00,PUMP-A01,Zone_A,3.29,1.56,62.3,1794.0,66.2,OK
2024-03-07 23:00:00,PUMP-A02,Zone_A,2.25,1.2,54.9,1718.0,53.9,OK
2024-03-07 23:00:00,PUMP-B01,Zone_B,2.9,1.4,62.9,1830.0,66.1,OK
2024-03-07 23:00:00,COMP-C01,Zone_C,4.17,2.17,78.2,3624.0,55.2,OK
2024-03-07 23:00:00,COMP-C02,Zone_C,3.63,1.85,78.5,3651.0,58.2,OK
2024-03-07 23:00:00,FAN-D01,Zone_B,1.38,0.87,43.8,1237.0,69.5,OK
2024-03-08 00:00:00,PUMP-A01,Zone_A,3.48,1.55,60.5,1809.0,65.9,OK
2024-03-08 00:00:00,PUMP-A02,Zone_A,2.87,1.5,61.4,1854.0,74.7,OK
2024-03-08 00:00:00,PUMP-B01,Zone_B,2.65,1.28,57.8,1827.0,67.9,OK
2024-03-08 00:00:00,COMP-C01,Zone_C,4.45,2.24,80.8,3799.0,78.3,OK
2024-03-08 00:00:00,COMP-C02,Zone_C,3.44,1.88,82.8,3752.0,76.0,OK
2024-03-08 00:00:00,FAN-D01,Zone_B,1.67,0.82,51.5,1256.0,68.1,OK
2024-03-08 01:00:00,PUMP-A01,Zone_A,3.1,1.37,63.3,1801.0,77.9,OK
2024-03-08 01:00:00,PUMP-A02,Zone_A,2.19,1.13,57.2,1818.0,69.2,OK
2024-03-08 01:00:00,PUMP-B01,Zone_B,2.08,0.99,61.7,1868.0,86.0,OK
2024-03-08 01:00:00,COMP-C01,Zone_C,4.73,2.21,79.9,3778.0,75.8,OK
2024-03-08 01:00:00,COMP-C02,Zone_C,3.52,1.86,76.7,3762.0,74.9,OK
2024-03-08 01:00:00,FAN-D01,Zone_B,1.81,1.07,44.7,1292.0,70.2,OK
2024-03-08 02:00:00,PUMP-A01,Zone_A,3.68,1.84,65.7,1827.0,76.8,OK
2024-03-08 02:00:00,PUMP-A02,Zone_A,2.46,1.24,60.0,1837.0,71.8,SUSPECT
2024-03-08 02:00:00,PUMP-B01,Zone_B,2.45,1.19,63.7,1879.0,83.6,OK
2024-03-08 02:00:00,COMP-C01,Zone_C,4.32,2.12,76.1,3812.0,78.3,OK
2024-03-08 02:00:00,COMP-C02,Zone_C,3.45,1.7,77.4,3793.0,77.1,OK
2024-03-08 02:00:00,FAN-D01,Zone_B,1.79,0.93,49.4,1259.0,84.8,OK
2024-03-08 03:00:00,PUMP-A01,Zone_A,4.29,2.16,65.3,1836.0,85.4,OK
2024-03-08 03:00:00,PUMP-A02,Zone_A,2.51,1.44,62.0,1839.0,73.6,OK
2024-03-08 03:00:00,PUMP-B01,Zone_B,2.55,1.31,61.8,1877.0,79.8,OK
2024-03-08 03:00:00,COMP-C01,Zone_C,4.72,2.33,78.5,3844.0,85.2,OK
2024-03-08 03:00:00,COMP-C02,Zone_C,3.6,1.66,77.9,3814.0,82.6,OK
2024-03-08 03:00:00,FAN-D01,Zone_B,1.84,0.93,54.3,1268.0,85.5,OK
2024-03-08 04:00:00,PUMP-A01,Zone_A,3.82,1.81,64.1,1857.0,88.1,OK
2024-03-08 04:00:00,PUMP-A02,Zone_A,2.7,1.45,61.5,1859.0,79.2,OK
2024-03-08 04:00:00,PUMP-B01,Zone_B,2.8,1.49,65.7,1900.0,92.0,OK
2024-03-08 04:00:00,COMP-C01,Zone_C,4.55,2.35,81.4,3849.0,83.6,OK
2024-03-08 04:00:00,COMP-C02,Zone_C,3.74,1.94,76.2,3867.0,86.5,OK
2024-03-08 04:00:00,FAN-D01,Zone_B,2.16,1.02,51.4,1314.0,89.6,OK
2024-03-08 05:00:00,PUMP-A01,Zone_A,3.28,1.89,59.7,1861.0,85.9,OK
2024-03-08 05:00:00,PUMP-A02,Zone_A,2.25,1.06,60.8,1900.0,86.2,OK
2024-03-08 05:00:00,PUMP-B01,Zone_B,2.52,1.33,57.9,1853.0,82.9,OK
2024-03-08 05:00:00,COMP-C01,Zone_C,4.61,2.46,78.2,3808.0,80.7,OK
2024-03-08 05:00:00,COMP-C02,Zone_C,3.31,1.64,77.5,3835.0,80.4,OK
2024-03-08 05:00:00,FAN-D01,Zone_B,1.91,1.12,46.9,1284.0,80.7,OK
2024-03-08 06:00:00,PUMP-A01,Zone_A,3.26,1.64,59.7,1879.0,85.8,OK
2024-03-08 06:00:00,PUMP-A02,Zone_A,2.52,1.21,59.9,1807.0,81.9,OK
2024-03-08 06:00:00,PUMP-B01,Zone_B,2.26,1.07,60.2,1845.0,74.2,OK
2024-03-08 06:00:00,COMP-C01,Zone_C,4.63,2.17,80.9,3847.0,85.4,OK
2024-03-08 06:00:00,COMP-C02,Zone_C,3.93,2.03,80.7,3956.0,100.0,OK
2024-03-08 06:00:00,FAN-D01,Zone_B,2.63,1.13,50.1,1272.0,87.2,OK
2024-03-08 07:00:00,PUMP-A01,Zone_A,3.57,1.71,63.9,1926.0,96.1,OK
2024-03-08 07:00:00,PUMP-A02,Zone_A,2.88,1.58,59.7,1809.0,74.2,OK
2024-03-08 07:00:00,PUMP-B01,Zone_B,3.18,1.42,62.8,1889.0,88.5,OK
2024-03-08 07:00:00,COMP-C01,Zone_C,4.49,2.29,81.9,3870.0,87.3,OK
2024-03-08 07:00:00,COMP-C02,Zone_C,3.55,1.6,80.9,3853.0,88.3,OK
2024-03-08 07:00:00,FAN-D01,Zone_B,1.6,0.71,48.5,1296.0,90.5,OK
2024-03-08 08:00:00,PUMP-A01,Zone_A,3.87,1.91,63.9,1903.0,82.9,OK
2024-03-08 08:00:00,PUMP-A02,Zone_A,2.85,1.23,63.2,1890.0,92.4,OK
2024-03-08 08:00:00,PUMP-B01,Zone_B,2.59,1.49,61.3,1886.0,88.0,OK
2024-03-08 08:00:00,COMP-C01,Zone_C,4.09,2.02,75.7,3813.0,77.5,OK
2024-03-08 08:00:00,COMP-C02,Zone_C,3.13,1.7,75.9,3899.0,94.0,OK
2024-03-08 08:00:00,FAN-D01,Zone_B,2.34,1.32,48.0,1268.0,78.9,OK
2024-03-08 09:00:00,PUMP-A01,Zone_A,3.35,1.78,60.1,1857.0,74.4,OK
2024-03-08 09:00:00,PUMP-A02,Zone_A,2.8,1.45,63.1,1828.0,79.5,OK
2024-03-08 09:00:00,PUMP-B01,Zone_B,2.78,1.45,59.1,1852.0,82.0,OK
2024-03-08 09:00:00,COMP-C01,Zone_C,3.93,1.93,77.8,3831.0,83.0,OK
2024-03-08 09:00:00,COMP-C02,Zone_C,3.18,1.82,75.7,3751.0,71.1,OK
2024-03-08 09:00:00,FAN-D01,Zone_B,1.92,1.01,48.9,1264.0,79.3,OK
2024-03-08 10:00:00,PUMP-A01,Zone_A,3.68,1.79,62.9,1867.0,82.3,OK
2024-03-08 10:00:00,PUMP-A02,Zone_A,2.32,1.21,57.3,1868.0,77.0,OK
2024-03-08 10:00:00,PUMP-B01,Zone_B,2.29,1.09,60.2,1827.0,68.6,OK
2024-03-08 10:00:00,COMP-C01,Zone_C,3.96,1.92,79.6,3829.0,83.0,OK
2024-03-08 10:00:00,COMP-C02,Zone_C,3.14,1.65,77.9,3798.0,81.0,OK
2024-03-08 10:00:00,FAN-D01,Zone_B,1.71,0.82,49.6,1300.0,71.6,OK
2024-03-08 11:00:00,PUMP-A01,Zone_A,3.92,2.08,62.2,1804.0,71.6,OK
2024-03-08 11:00:00,PUMP-A02,Zone_A,2.42,1.23,59.5,1834.0,72.3,OK
2024-03-08 11:00:00,PUMP-B01,Zone_B,2.29,0.98,58.2,1866.0,76.3,OK
2024-03-08 11:00:00,COMP-C01,Zone_C,4.34,1.87,80.2,3824.0,76.7,OK
2024-03-08 11:00:00,COMP-C02,Zone_C,3.65,1.84,79.0,3805.0,80.6,OK
2024-03-08 11:00:00,FAN-D01,Zone_B,1.63,0.78,48.8,1270.0,71.5,OK
2024-03-08 12:00:00,PUMP-A01,Zone_A,4.12,2.1,63.2,1800.0,72.8,OK
2024-03-08 12:00:00,PUMP-A02,Zone_A,2.79,1.31,57.7,1836.0,74.1,OK
2024-03-08 12:00:00,PUMP-B01,Zone_B,2.64,1.34,61.9,1854.0,74.8,OK
2024-03-08 12:00:00,COMP-C01,Zone_C,4.35,2.21,79.8,3765.0,72.1,OK
2024-03-08 12:00:00,COMP-C02,Zone_C,3.5,1.69,78.0,3728.0,73.5,OK
2024-03-08 12:00:00,FAN-D01,Zone_B,1.57,0.81,50.0,1231.0,67.2,OK
2024-03-08 13:00:00,PUMP-A01,Zone_A,3.26,1.65,61.6,1788.0,58.9,OK
2024-03-08 13:00:00,PUMP-A02,Zone_A,2.2,1.14,56.0,1769.0,59.7,OK
2024-03-08 13:00:00,PUMP-B01,Zone_B,1.71,1.06,57.6,1785.0,61.8,OK
2024-03-08 13:00:00,COMP-C01,Zone_C,4.55,2.41,75.6,3751.0,71.1,OK
2024-03-08 13:00:00,COMP-C02,Zone_C,4.07,1.93,79.3,3753.0,71.3,OK
2024-03-08 13:00:00,FAN-D01,Zone_B,2.14,1.22,47.2,1217.0,61.0,OK
2024-03-08 14:00:00,PUMP-A01,Zone_A,3.45,1.61,59.7,1816.0,66.2,OK
2024-03-08 14:00:00,PUMP-A02,Zone_A,2.67,1.36,58.6,1784.0,59.7,OK
2024-03-08 14:00:00,PUMP-B01,Zone_B,2.63,1.16,64.6,1825.0,68.1,OK
2024-03-08 14:00:00,COMP-C01,Zone_C,3.99,1.91,79.4,3694.0,61.1,OK
2024-03-08 14:00:00,COMP-C02,Zone_C,3.42,1.47,76.3,3673.0,64.5,OK
2024-03-08 14:00:00,FAN-D01,Zone_B,1.98,1.13,48.9,1225.0,69.4,OK
2024-03-08 15:00:00,PUMP-A01,Zone_A,3.36,1.6,61.0,1795.0,60.2,OK
2024-03-08 15:00:00,PUMP-A02,Zone_A,2.54,1.18,59.9,1775.0,59.7,OK
2024-03-08 15:00:00,PUMP-B01,Zone_B,2.39,1.1,62.5,1808.0,70.8,OK
2024-03-08 15:00:00,COMP-C01,Zone_C,4.22,2.17,81.8,3736.0,66.3,OK
2024-03-08 15:00:00,COMP-C02,Zone_C,3.73,1.96,82.2,3765.0,68.8,OK
2024-03-08 15:00:00,FAN-D01,Zone_B,1.62,0.83,47.5,1214.0,63.3,OK
2024-03-08 16:00:00,PUMP-A01,Zone_A,3.47,1.83,62.2,1762.0,57.6,OK
2024-03-08 16:00:00,PUMP-A02,Zone_A,2.38,1.08,58.5,1794.0,59.4,OK
2024-03-08 16:00:00,PUMP-B01,Zone_B,2.23,1.03,58.6,1735.0,46.2,OK
2024-03-08 16:00:00,COMP-C01,Zone_C,4.62,2.27,78.8,3667.0,61.7,OK
2024-03-08 16:00:00,COMP-C02,Zone_C,3.15,1.56,76.5,3651.0,55.2,OK
2024-03-08 16:00:00,FAN-D01,Zone_B,1.19,0.77,45.9,1199.0,57.0,OK
2024-03-08 17:00:00,PUMP-A01,Zone_A,3.71,1.83,61.9,1728.0,50.2,OK
2024-03-08 17:00:00,PUMP-A02,Zone_A,2.51,1.26,60.6,1775.0,52.0,OK
2024-03-08 17:00:00,PUMP-B01,Zone_B,2.39,1.17,61.0,1779.0,51.9,OK
2024-03-08 17:00:00,COMP-C01,Zone_C,3.74,1.98,75.4,3575.0,46.0,OK
2024-03-08 17:00:00,COMP-C02,Zone_C,3.35,1.55,72.8,3607.0,57.9,OK
2024-03-08 17:00:00,FAN-D01,Zone_B,1.45,0.72,48.2,1174.0,54.1,OK
2024-03-08 18:00:00,PUMP-A01,Zone_A,3.49,1.75,62.1,1776.0,52.4,OK
2024-03-08 18:00:00,PUMP-A02,Zone_A,1.39,0.83,50.2,1733.0,48.8,OK
2024-03-08 18:00:00,PUMP-B01,Zone_B,2.26,1.04,55.4,1800.0,58.0,OK
2024-03-08 18:00:00,COMP-C01,Zone_C,4.2,2.19,75.5,3628.0,55.2,OK
2024-03-08 18:00:00,COMP-C02,Zone_C,3.7,1.78,74.2,3696.0,61.0,OK
2024-03-08 18:00:00,FAN-D01,Zone_B,2.0,1.01,48.0,1211.0,51.6,OK
2024-03-08 19:00:00,PUMP-A01,Zone_A,3.08,1.45,57.6,1776.0,53.0,OK
2024-03-08 19:00:00,PUMP-A02,Zone_A,1.92,1.14,57.5,1756.0,48.4,OK
2024-03-08 19:00:00,PUMP-B01,Zone_B,2.37,1.1,60.8,1699.0,51.0,OK
2024-03-08 19:00:00,COMP-C01,Zone_C,3.89,2.09,75.8,3673.0,57.0,OK
2024-03-08 19:00:00,COMP-C02,Zone_C,2.94,1.49,74.2,3610.0,51.4,OK
2024-03-08 19:00:00,FAN-D01,Zone_B,1.83,0.88,47.7,1220.0,58.3,OK
2024-03-08 20:00:00,PUMP-A01,Zone_A,3.27,1.71,60.3,1772.0,58.0,OK
2024-03-08 20:00:00,PUMP-A02,Zone_A,1.67,0.91,51.8,1780.0,62.3,OK
2024-03-08 20:00:00,PUMP-B01,Zone_B,2.48,1.11,60.9,1736.0,57.8,OK
2024-03-08 20:00:00,COMP-C01,Zone_C,4.57,2.11,78.0,3684.0,63.7,OK
2024-03-08 20:00:00,COMP-C02,Zone_C,2.97,1.39,74.0,3592.0,49.8,OK
2024-03-08 20:00:00,FAN-D01,Zone_B,1.93,0.94,48.5,1229.0,61.4,OK
2024-03-08 21:00:00,PUMP-A01,Zone_A,3.53,1.72,59.6,1771.0,62.2,OK
2024-03-08 21:00:00,PUMP-A02,Zone_A,2.39,1.28,55.9,1773.0,55.1,OK
2024-03-08 21:00:00,PUMP-B01,Zone_B,2.54,1.18,59.9,1791.0,63.9,OK
2024-03-08 21:00:00,COMP-C01,Zone_C,4.23,2.19,78.4,3604.0,50.6,OK
2024-03-08 21:00:00,COMP-C02,Zone_C,3.16,1.63,73.5,3730.0,64.8,OK
2024-03-08 21:00:00,FAN-D01,Zone_B,1.41,0.8,47.9,1223.0,65.2,OK
2024-03-08 22:00:00,PUMP-A01,Zone_A,2.9,1.55,59.5,1799.0,62.6,OK
2024-03-08 22:00:00,PUMP-A02,Zone_A,2.41,1.18,57.4,1801.0,60.3,OK
2024-03-08 22:00:00,PUMP-B01,Zone_B,1.56,0.89,55.0,1786.0,64.2,OK
2024-03-08 22:00:00,COMP-C01,Zone_C,3.9,1.81,76.1,3726.0,67.2,OK
2024-03-08 22:00:00,COMP-C02,Zone_C,3.63,1.76,81.0,3654.0,62.0,OK
2024-03-08 22:00:00,FAN-D01,Zone_B,1.26,0.52,44.0,1260.0,60.1,OK
2024-03-08 23:00:00,PUMP-A01,Zone_A,3.56,1.83,62.0,1833.0,66.7,OK
2024-03-08 23:00:00,PUMP-A02,Zone_A,2.48,1.2,58.9,1820.0,62.9,OK
2024-03-08 23:00:00,PUMP-B01,Zone_B,2.68,1.51,64.1,1838.0,70.6,OK
2024-03-08 23:00:00,COMP-C01,Zone_C,4.42,2.03,72.6,3709.0,66.4,OK
2024-03-08 23:00:00,COMP-C02,Zone_C,3.15,1.75,77.4,3675.0,63.1,OK
2024-03-08 23:00:00,FAN-D01,Zone_B,2.13,1.02,45.5,1223.0,58.7,OK
2024-03-09 00:00:00,PUMP-A01,Zone_A,3.08,1.44,62.4,1869.0,77.8,OK
2024-03-09 00:00:00,PUMP-A02,Zone_A,2.35,0.97,58.6,1848.0,75.6,OK
2024-03-09 00:00:00,PUMP-B01,Zone_B,1.67,0.86,58.9,1773.0,62.5,OK
2024-03-09 00:00:00,COMP-C01,Zone_C,3.83,1.85,78.8,3745.0,73.6,OK
2024-03-09 00:00:00,COMP-C02,Zone_C,3.4,1.82,75.0,3789.0,75.9,OK
2024-03-09 00:00:00,FAN-D01,Zone_B,1.83,1.11,44.4,1226.0,62.6,OK
2024-03-09 01:00:00,PUMP-A01,Zone_A,3.71,1.81,64.5,1794.0,70.0,OK
2024-03-09 01:00:00,PUMP-A02,Zone_A,1.76,0.92,61.8,1823.0,76.2,OK
2024-03-09 01:00:00,PUMP-B01,Zone_B,2.02,1.02,59.8,1837.0,74.2,OK
2024-03-09 01:00:00,COMP-C01,Zone_C,4.21,2.17,76.7,3721.0,68.1,OK
2024-03-09 01:00:00,COMP-C02,Zone_C,3.64,1.81,76.5,3791.0,75.7,OK
2024-03-09 01:00:00,FAN-D01,Zone_B,2.01,0.97,50.0,1244.0,73.4,OK
2024-03-09 02:00:00,PUMP-A01,Zone_A,3.01,1.71,65.6,1854.0,74.5,OK
2024-03-09 02:00:00,PUMP-A02,Zone_A,2.83,1.37,59.1,1871.0,77.8,OK
2024-03-09 02:00:00,PUMP-B01,Zone_B,2.42,1.17,59.2,1836.0,70.3,OK
2024-03-09 02:00:00,COMP-C01,Zone_C,3.61,1.73,82.8,3775.0,71.9,OK
2024-03-09 02:00:00,COMP-C02,Zone_C,2.93,1.43,77.4,3731.0,68.3,OK
2024-03-09 02:00:00,FAN-D01,Zone_B,1.84,1.04,52.1,1299.0,85.1,OK
2024-03-09 03:00:00,PUMP-A01,Zone_A,3.98,2.0,64.9,1867.0,84.2,OK
2024-03-09 03:00:00,PUMP-A02,Zone_A,2.65,1.25,64.3,1811.0,78.1,OK
2024-03-09 03:00:00,PUMP-B01,Zone_B,2.63,1.19,60.0,1824.0,76.5,OK
2024-03-09 03:00:00,COMP-C01,Zone_C,3.91,1.96,82.1,3808.0,77.2,OK
2024-03-09 03:00:00,COMP-C02,Zone_C,3.49,1.7,79.2,3827.0,78.9,OK
2024-03-09 03:00:00,FAN-D01,Zone_B,2.22,1.04,52.3,1263.0,76.7,OK
2024-03-09 04:00:00,PUMP-A01,Zone_A,3.52,1.85,61.4,1902.0,89.4,OK
2024-03-09 04:00:00,PUMP-A02,Zone_A,2.16,1.02,62.5,1843.0,80.5,OK
2024-03-09 04:00:00,PUMP-B01,Zone_B,2.53,1.18,64.7,1868.0,83.5,OK
2024-03-09 04:00:00,COMP-C01,Zone_C,4.28,2.21,79.0,3821.0,79.9,OK
2024-03-09 04:00:00,COMP-C02,Zone_C,3.81,1.79,77.4,3816.0,78.6,OK
2024-03-09 04:00:00,FAN-D01,Zone_B,1.67,1.06,50.1,1303.0,78.5,OK
2024-03-09 05:00:00,PUMP-A01,Zone_A,4.25,2.18,67.0,1919.0,91.8,OK
2024-03-09 05:00:00,PUMP-A02,Zone_A,2.43,1.2,62.7,1905.0,87.8,OK
2024-03-09 05:00:00,PUMP-B01,Zone_B,3.01,1.48,59.8,1845.0,80.2,OK
2024-03-09 05:00:00,COMP-C01,Zone_C,4.01,2.06,74.8,3821.0,79.3,OK
2024-03-09 05:00:00,COMP-C02,Zone_C,4.1,2.09,83.8,3855.0,84.1,OK
2024-03-09 05:00:00,FAN-D01,Zone_B,1.63,0.82,49.5,1306.0,75.1,OK
2024-03-09 06:00:00,PUMP-A01,Zone_A,3.86,2.0,63.1,1822.0,83.2,OK
2024-03-09 06:00:00,PUMP-A02,Zone_A,2.76,1.3,61.5,1874.0,88.9,OK
2024-03-09 06:00:00,PUMP-B01,Zone_B,2.56,1.08,59.9,1831.0,84.8,OK
2024-03-09 06:00:00,COMP-C01,Zone_C,4.82,2.59,82.2,3787.0,77.9,OK
2024-03-09 06:00:00,COMP-C02,Zone_C,3.08,1.47,81.9,3913.0,87.5,OK
2024-03-09 06:00:00,FAN-D01,Zone_B,2.06,0.98,46.8,1294.0,80.4,OK
2024-03-09 07:00:00,PUMP-A01,Zone_A,3.92,2.08,64.4,1860.0,83.0,OK
2024-03-09 07:00:00,PUMP-A02,Zone_A,2.14,1.11,62.5,1791.0,68.5,OK
2024-03-09 07:00:00,PUMP-B01,Zone_B,2.42,1.05,62.2,1936.0,90.2,OK
2024-03-09 07:00:00,COMP-C01,Zone_C,4.39,2.31,82.9,3886.0,89.3,OK
2024-03-09 07:00:00,COMP-C02,Zone_C,4.01,1.79,79.4,3786.0,79.8,OK
2024-03-09 07:00:00,FAN-D01,Zone_B,2.39,1.2,53.1,1270.0,82.6,OK
2024-03-09 08:00:00,PUMP-A01,Zone_A,3.72,1.85,61.7,1858.0,77.7,OK
2024-03-09 08:00:00,PUMP-A02,Zone_A,2.32,1.15,62.9,1864.0,87.3,OK
2024-03-09 08:00:00,PUMP-B01,Zone_B,2.62,1.34,62.7,1867.0,85.0,OK
2024-03-09 08:00:00,COMP-C01,Zone_C,3.74,1.74,79.4,3883.0,83.6,OK
2024-03-09 08:00:00,COMP-C02,Zone_C,3.38,1.5,75.9,3793.0,77.0,OK
2024-03-09 08:00:00,FAN-D01,Zone_B,2.42,1.12,50.7,1290.0,76.5,OK
2024-03-09 09:00:00,PUMP-A01,Zone_A,3.87,2.04,62.4,1832.0,76.9,OK
2024-03-09 09:00:00,PUMP-A02,Zone_A,2.28,1.14,59.5,1826.0,78.4,OK
2024-03-09 09:00:00,PUMP-B01,Zone_B,2.46,1.48,60.1,1846.0,77.0,OK
2024-03-09 09:00:00,COMP-C01,Zone_C,4.36,2.19,80.6,3845.0,84.3,OK
2024-03-09 09:00:00,COMP-C02,Zone_C,2.95,1.69,77.2,3908.0,93.0,OK
2024-03-09 09:00:00,FAN-D01,Zone_B,1.52,0.92,48.3,1264.0,81.0,OK
2024-03-09 10:00:00,PUMP-A01,Zone_A,4.21,2.13,60.6,1828.0,69.3,OK
2024-03-09 10:00:00,PUMP-A02,Zone_A,2.65,1.47,63.0,1864.0,79.5,OK
2024-03-09 10:00:00,PUMP-B01,Zone_B,2.88,1.39,66.9,1839.0,79.1,OK
2024-03-09 10:00:00,COMP-C01,Zone_C,4.39,2.13,80.2,3769.0,74.3,OK
2024-03-09 10:00:00,COMP-C02,Zone_C,3.61,1.78,79.7,3737.0,70.7,OK
2024-03-09 10:00:00,FAN-D01,Zone_B,2.13,1.03,52.7,1266.0,72.8,OK
2024-03-09 11:00:00,PUMP-A01,Zone_A,3.76,1.89,65.2,1824.0,80.5,OK
2024-03-09 11:00:00,PUMP-A02,Zone_A,2.24,1.05,59.8,1813.0,73.5,OK
2024-03-09 11:00:00,PUMP-B01,Zone_B,2.6,1.3,63.1,1868.0,78.2,OK
2024-03-09 11:00:00,COMP-C01,Zone_C,4.34,2.13,75.4,3759.0,72.7,OK
2024-03-09 11:00:00,COMP-C02,Zone_C,3.45,1.82,78.5,3789.0,79.6,OK
2024-03-09 11:00:00,FAN-D01,Zone_B,1.89,0.99,46.8,1225.0,68.0,OK
2024-03-09 12:00:00,PUMP-A01,Zone_A,3.92,1.97,64.0,1815.0,74.1,OK
2024-03-09 12:00:00,PUMP-A02,Zone_A,2.59,1.28,62.0,1824.0,69.6,OK
2024-03-09 12:00:00,PUMP-B01,Zone_B,2.83,1.47,63.9,1831.0,77.3,OK
2024-03-09 12:00:00,COMP-C01,Zone_C,4.66,2.33,76.7,3755.0,70.6,OK
2024-03-09 12:00:00,COMP-C02,Zone_C,3.48,1.85,76.5,3680.0,66.1,OK
2024-03-09 12:00:00,FAN-D01,Zone_B,1.77,0.99,50.7,1302.0,79.4,OK
2024-03-09 13:00:00,PUMP-A01,Zone_A,3.58,1.93,64.7,1829.0,65.5,OK
2024-03-09 13:00:00,PUMP-A02,Zone_A,2.31,1.23,59.7,1802.0,66.2,OK
2024-03-09 13:00:00,PUMP-B01,Zone_B,1.66,0.73,56.5,1811.0,63.6,OK
2024-03-09 13:00:00,COMP-C01,Zone_C,3.96,1.81,75.7,3720.0,65.7,OK
2024-03-09 13:00:00,COMP-C02,Zone_C,3.15,1.64,75.5,3741.0,71.8,OK
2024-03-09 13:00:00,FAN-D01,Zone_B,1.53,0.76,43.6,1231.0,67.0,OK
2024-03-09 14:00:00,PUMP-A01,Zone_A,3.45,1.73,59.4,1791.0,55.2,OK
2024-03-09 14:00:00,PUMP-A02,Zone_A,2.32,1.12,58.6,1809.0,60.5,OK
2024-03-09 14:00:00,PUMP-B01,Zone_B,2.38,1.19,62.2,1819.0,57.4,OK
2024-03-09 14:00:00,COMP-C01,Zone_C,3.83,2.01,74.2,3681.0,64.6,OK
2024-03-09 14:00:00,COMP-C02,Zone_C,4.12,2.14,76.5,3652.0,62.4,OK
2024-03-09 14:00:00,FAN-D01,Zone_B,1.77,0.84,49.1,1237.0,64.7,OK
2024-03-09 15:00:00,PUMP-A01,Zone_A,3.56,1.76,60.7,1803.0,64.9,OK
2024-03-09 15:00:00,PUMP-A02,Zone_A,2.25,1.1,55.8,1744.0,55.5,SUSPECT
2024-03-09 15:00:00,PUMP-B01,Zone_B,2.65,1.36,60.2,1805.0,67.9,OK
2024-03-09 15:00:00,COMP-C01,Zone_C,4.33,2.22,75.1,3594.0,54.6,OK
2024-03-09 15:00:00,COMP-C02,Zone_C,3.51,1.72,76.0,3730.0,66.3,OK
2024-03-09 15:00:00,FAN-D01,Zone_B,1.34,0.74,47.1,1175.0,53.7,OK
2024-03-09 16:00:00,PUMP-A01,Zone_A,2.93,1.49,59.4,1717.0,43.8,OK
2024-03-09 16:00:00,PUMP-A02,Zone_A,2.61,1.61,61.2,1788.0,59.9,OK
2024-03-09 16:00:00,PUMP-B01,Zone_B,2.25,1.06,58.5,1802.0,65.7,OK
2024-03-09 16:00:00,COMP-C01,Zone_C,4.22,2.32,77.7,3717.0,63.0,SUSPECT
2024-03-09 16:00:00,COMP-C02,Zone_C,3.42,1.77,73.6,3621.0,50.9,OK
2024-03-09 16:00:00,FAN-D01,Zone_B,1.18,0.59,45.5,1220.0,55.1,OK
2024-03-09 17:00:00,PUMP-A01,Zone_A,2.87,1.33,59.4,1718.0,56.1,OK
2024-03-09 17:00:00,PUMP-A02,Zone_A,2.16,1.01,54.5,1757.0,50.4,OK
2024-03-09 17:00:00,PUMP-B01,Zone_B,1.92,1.06,57.0,1809.0,61.4,OK
2024-03-09 17:00:00,COMP-C01,Zone_C,4.38,2.22,79.0,3740.0,65.3,OK
2024-03-09 17:00:00,COMP-C02,Zone_C,3.27,1.56,77.2,3667.0,60.2,OK
2024-03-09 17:00:00,FAN-D01,Zone_B,2.04,1.15,49.0,1206.0,56.7,OK
2024-03-09 18:00:00,PUMP-A01,Zone_A,3.47,1.85,63.8,1733.0,53.4,OK
2024-03-09 18:00:00,PUMP-A02,Zone_A,2.57,1.33,56.5,1786.0,58.3,OK
2024-03-09 18:00:00,PUMP-B01,Zone_B,2.77,1.39,61.6,1803.0,55.4,OK
2024-03-09 18:00:00,COMP-C01,Zone_C,3.79,1.6,73.4,3582.0,51.1,OK
2024-03-09 18:00:00,COMP-C02,Zone_C,3.31,1.53,73.7,3669.0,58.9,OK
2024-03-09 18:00:00,FAN-D01,Zone_B,1.38,0.64,44.8,1234.0,53.8,OK
2024-03-09 19:00:00,PUMP-A01,Zone_A,3.28,1.6,61.5,1758.0,51.1,OK
2024-03-09 19:00:00,PUMP-A02,Zone_A,2.29,1.14,56.8,1783.0,56.4,OK
2024-03-09 19:00:00,PUMP-B01,Zone_B,1.67,1.03,53.5,1711.0,48.9,OK
2024-03-09 19:00:00,COMP-C01,Zone_C,4.68,2.35,78.1,3622.0,53.9,OK
2024-03-09 19:00:00,COMP-C02,Zone_C,3.56,1.72,75.4,3648.0,56.6,OK
2024-03-09 19:00:00,FAN-D01,Zone_B,1.39,0.68,45.1,1221.0,48.9,OK
2024-03-09 20:00:00,PUMP-A01,Zone_A,3.57,1.66,60.6,1756.0,54.6,OK
2024-03-09 20:00:00,PUMP-A02,Zone_A,2.52,1.27,58.0,1763.0,57.4,OK
2024-03-09 20:00:00,PUMP-B01,Zone_B,2.23,1.18,54.4,1740.0,50.0,OK
2024-03-09 20:00:00,COMP-C01,Zone_C,4.18,2.21,75.7,3662.0,55.5,OK
2024-03-09 20:00:00,COMP-C02,Zone_C,3.61,1.78,78.3,3625.0,54.5,OK
2024-03-09 20:00:00,FAN-D01,Zone_B,1.17,0.56,43.9,1170.0,48.8,OK
2024-03-09 21:00:00,PUMP-A01,Zone_A,3.46,1.73,59.1,1806.0,61.8,OK
2024-03-09 21:00:00,PUMP-A02,Zone_A,2.1,0.99,57.2,1802.0,63.0,OK
2024-03-09 21:00:00,PUMP-B01,Zone_B,2.85,1.44,58.1,1789.0,58.4,OK
2024-03-09 21:00:00,COMP-C01,Zone_C,4.45,2.19,78.2,3623.0,52.2,OK
2024-03-09 21:00:00,COMP-C02,Zone_C,3.66,1.78,76.2,3622.0,54.0,OK
2024-03-09 21:00:00,FAN-D01,Zone_B,1.76,0.9,49.1,1224.0,65.0,OK
2024-03-09 22:00:00,PUMP-A01,Zone_A,4.14,2.12,63.4,1786.0,68.6,OK
2024-03-09 22:00:00,PUMP-A02,Zone_A,2.33,1.12,56.7,1804.0,65.1,OK
2024-03-09 22:00:00,PUMP-B01,Zone_B,2.71,1.48,59.8,1802.0,63.0,OK
2024-03-09 22:00:00,COMP-C01,Zone_C,4.49,2.25,75.9,3623.0,60.6,OK
2024-03-09 22:00:00,COMP-C02,Zone_C,3.06,1.38,75.6,3745.0,68.9,OK
2024-03-09 22:00:00,FAN-D01,Zone_B,2.24,1.2,48.4,1241.0,65.5,OK
2024-03-09 23:00:00,PUMP-A01,Zone_A,3.15,1.7,59.3,1810.0,66.3,OK
2024-03-09 23:00:00,PUMP-A02,Zone_A,2.7,1.45,58.1,1792.0,67.7,OK
2024-03-09 23:00:00,PUMP-B01,Zone_B,2.58,1.25,61.0,1835.0,67.8,OK
2024-03-09 23:00:00,COMP-C01,Zone_C,4.32,2.25,76.5,3736.0,68.4,OK
2024-03-09 23:00:00,COMP-C02,Zone_C,3.04,1.39,77.8,3672.0,65.4,SUSPECT
2024-03-09 23:00:00,FAN-D01,Zone_B,1.78,0.93,46.7,1225.0,65.9,OK
2024-03-10 00:00:00,PUMP-A01,Zone_A,3.99,2.07,61.6,1817.0,73.3,OK
2024-03-10 00:00:00,PUMP-A02,Zone_A,2.18,1.0,57.1,1808.0,68.6,OK
2024-03-10 00:00:00,PUMP-B01,Zone_B,2.76,1.42,57.5,1792.0,69.0,OK
2024-03-10 00:00:00,COMP-C01,Zone_C,4.28,2.07,75.3,3667.0,64.8,OK
2024-03-10 00:00:00,COMP-C02,Zone_C,3.76,1.72,76.4,3758.0,73.3,OK
2024-03-10 00:00:00,FAN-D01,Zone_B,1.83,0.71,47.8,1251.0,69.5,OK
2024-03-10 01:00:00,PUMP-A01,Zone_A,3.59,1.89,60.1,1780.0,68.3,OK
2024-03-10 01:00:00,PUMP-A02,Zone_A,2.44,1.28,61.7,1836.0,78.9,OK
2024-03-10 01:00:00,PUMP-B01,Zone_B,2.69,1.29,59.4,1815.0,62.3,OK
2024-03-10 01:00:00,COMP-C01,Zone_C,4.12,2.08,80.2,3840.0,82.0,OK
2024-03-10 01:00:00,COMP-C02,Zone_C,2.73,1.26,74.0,3711.0,68.3,OK
2024-03-10 01:00:00,FAN-D01,Zone_B,2.04,1.17,49.3,1278.0,75.5,OK
2024-03-10 02:00:00,PUMP-A01,Zone_A,3.94,1.88,61.3,1853.0,76.6,OK
2024-03-10 02:00:00,PUMP-A02,Zone_A,3.24,1.66,61.2,1852.0,85.6,OK
2024-03-10 02:00:00,PUMP-B01,Zone_B,2.63,1.23,60.7,1856.0,82.8,OK
2024-03-10 02:00:00,COMP-C01,Zone_C,4.29,2.14,80.6,3748.0,71.9,OK
2024-03-10 02:00:00,COMP-C02,Zone_C,3.89,1.82,77.8,3816.0,80.4,OK
2024-03-10 02:00:00,FAN-D01,Zone_B,2.12,1.13,50.6,1270.0,80.8,SUSPECT
2024-03-10 03:00:00,PUMP-A01,Zone_A,3.82,1.98,68.5,1846.0,74.3,OK
2024-03-10 03:00:00,PUMP-A02,Zone_A,2.73,1.4,62.0,1848.0,76.0,OK
2024-03-10 03:00:00,PUMP-B01,Zone_B,2.95,1.72,58.2,1861.0,81.0,OK
2024-03-10 03:00:00,COMP-C01,Zone_C,4.61,2.36,81.7,3862.0,87.1,OK
2024-03-10 03:00:00,COMP-C02,Zone_C,3.4,1.63,76.0,3821.0,80.9,OK
2024-03-10 03:00:00,FAN-D01,Zone_B,1.64,0.9,47.3,1291.0,78.1,OK
2024-03-10 04:00:00,PUMP-A01,Zone_A,3.82,1.99,63.2,1891.0,78.7,OK
2024-03-10 04:00:00,PUMP-A02,Zone_A,2.71,1.45,60.5,1875.0,86.0,OK
2024-03-10 04:00:00,PUMP-B01,Zone_B,2.38,1.18,64.1,1838.0,88.0,OK
2024-03-10 04:00:00,COMP-C01,Zone_C,4.43,2.28,80.4,3863.0,84.2,OK
2024-03-10 04:00:00,COMP-C02,Zone_C,4.11,2.08,77.5,3839.0,81.3,OK
2024-03-10 04:00:00,FAN-D01,Zone_B,1.82,0.96,48.7,1307.0,80.9,OK
2024-03-10 05:00:00,PUMP-A01,Zone_A,3.16,1.54,62.3,1891.0,85.2,OK
2024-03-10 05:00:00,PUMP-A02,Zone_A,2.67,1.14,60.6,1878.0,80.4,OK
2024-03-10 05:00:00,PUMP-B01,Zone_B,2.44,1.14,62.9,1877.0,80.0,OK
2024-03-10 05:00:00,COMP-C01,Zone_C,4.14,2.05,79.0,3856.0,86.0,OK
2024-03-10 05:00:00,COMP-C02,Zone_C,3.4,1.63,77.2,3832.0,84.0,OK
2024-03-10 05:00:00,FAN-D01,Zone_B,1.97,1.03,51.1,1291.0,83.0,OK
2024-03-10 06:00:00,PUMP-A01,Zone_A,3.55,1.75,64.5,1904.0,88.6,OK
2024-03-10 06:00:00,PUMP-A02,Zone_A,2.97,1.45,59.7,1856.0,82.9,OK
2024-03-10 06:00:00,PUMP-B01,Zone_B,2.78,1.42,63.1,1848.0,81.0,OK
2024-03-10 06:00:00,COMP-C01,Zone_C,4.56,2.28,83.0,3950.0,97.7,OK
2024-03-10 06:00:00,COMP-C02,Zone_C,3.95,1.85,75.3,3832.0,83.0,OK
2024-03-10 06:00:00,FAN-D01,Zone_B,1.98,1.16,49.2,1280.0,80.9,OK
2024-03-10 07:00:00,PUMP-A01,Zone_A,3.91,1.93,65.9,1888.0,84.4,OK
2024-03-10 07:00:00,PUMP-A02,Zone_A,2.96,1.59,63.3,1876.0,81.2,OK
2024-03-10 07:00:00,PUMP-B01,Zone_B,2.41,1.31,61.2,1918.0,85.4,OK
2024-03-10 07:00:00,COMP-C01,Zone_C,4.32,2.07,81.3,3891.0,90.4,OK
2024-03-10 07:00:00,COMP-C02,Zone_C,3.07,1.58,75.4,3883.0,87.7,OK
2024-03-10 07:00:00,FAN-D01,Zone_B,2.79,1.41,50.0,1260.0,87.7,OK
2024-03-10 08:00:00,PUMP-A01,Zone_A,3.86,1.88,62.8,1882.0,84.8,OK
2024-03-10 08:00:00,PUMP-A02,Zone_A,2.46,1.07,59.2,1891.0,87.2,OK
2024-03-10 08:00:00,PUMP-B01,Zone_B,2.66,1.4,64.7,1885.0,90.1,OK
2024-03-10 08:00:00,COMP-C01,Zone_C,4.63,2.34,85.5,3882.0,86.0,OK
2024-03-10 08:00:00,COMP-C02,Zone_C,3.54,1.81,78.7,3827.0,78.7,OK
2024-03-10 08:00:00,FAN-D01,Zone_B,1.89,0.91,49.7,1257.0,80.1,OK
2024-03-10 09:00:00,PUMP-A01,Zone_A,3.34,1.72,64.1,1845.0,82.5,OK
2024-03-10 09:00:00,PUMP-A02,Zone_A,2.13,1.11,59.5,1834.0,83.2,OK
2024-03-10 09:00:00,PUMP-B01,Zone_B,2.53,1.27,62.7,1886.0,76.7,OK
2024-03-10 09:00:00,COMP-C01,Zone_C,4.55,2.31,80.9,3911.0,88.4,OK
2024-03-10 09:00:00,COMP-C02,Zone_C,3.37,1.68,77.7,3812.0,78.9,OK
2024-03-10 09:00:00,FAN-D01,Zone_B,0.91,0.41,45.3,1255.0,75.3,OK
2024-03-10 10:00:00,PUMP-A01,Zone_A,3.86,2.01,63.7,1869.0,77.3,OK
2024-03-10 10:00:00,PUMP-A02,Zone_A,3.24,1.7,68.4,1858.0,75.0,OK
2024-03-10 10:00:00,PUMP-B01,Zone_B,2.84,1.17,57.9,1837.0,71.5,OK
2024-03-10 10:00:00,COMP-C01,Zone_C,4.18,2.26,77.1,3774.0,75.2,OK
2024-03-10 10:00:00,COMP-C02,Zone_C,3.54,1.6,78.4,3837.0,79.4,OK
2024-03-10 10:00:00,FAN-D01,Zone_B,1.56,0.72,45.1,1265.0,72.0,OK
2024-03-10 11:00:00,PUMP-A01,Zone_A,3.77,1.85,60.6,1825.0,77.5,OK
2024-03-10 11:00:00,PUMP-A02,Zone_A,2.56,1.13,58.9,1840.0,69.3,OK
2024-03-10 11:00:00,PUMP-B01,Zone_B,2.14,1.19,61.0,1842.0,72.5,OK
2024-03-10 11:00:00,COMP-C01,Zone_C,4.56,2.38,80.6,3787.0,75.6,SUSPECT
2024-03-10 11:00:00,COMP-C02,Zone_C,3.38,1.63,79.0,3728.0,69.8,OK
2024-03-10 11:00:00,FAN-D01,Zone_B,1.95,0.94,46.2,1268.0,66.4,OK
2024-03-10 12:00:00,PUMP-A01,Zone_A,3.25,1.58,64.6,1818.0,74.1,OK
2024-03-10 12:00:00,PUMP-A02,Zone_A,2.51,1.19,62.6,1846.0,67.7,OK
2024-03-10 12:00:00,PUMP-B01,Zone_B,2.48,1.25,60.5,1823.0,68.2,OK
2024-03-10 12:00:00,COMP-C01,Zone_C,4.28,2.09,79.8,3728.0,67.4,OK
2024-03-10 12:00:00,COMP-C02,Zone_C,3.28,1.8,80.0,3740.0,72.5,OK
2024-03-10 12:00:00,FAN-D01,Zone_B,2.17,1.16,53.6,1277.0,76.0,OK
2024-03-10 13:00:00,PUMP-A01,Zone_A,3.37,1.7,61.9,1828.0,67.4,OK
2024-03-10 13:00:00,PUMP-A02,Zone_A,1.85,0.9,56.5,1836.0,65.4,OK
2024-03-10 13:00:00,PUMP-B01,Zone_B,2.38,1.19,59.4,1853.0,72.1,OK
2024-03-10 13:00:00,COMP-C01,Zone_C,4.17,2.11,75.2,3713.0,64.7,OK
2024-03-10 13:00:00,COMP-C02,Zone_C,3.46,1.56,79.7,3709.0,66.7,OK
2024-03-10 13:00:00,FAN-D01,Zone_B,1.63,0.91,47.8,1238.0,61.3,OK
2024-03-10 14:00:00,PUMP-A01,Zone_A,3.17,1.63,58.3,1827.0,67.1,OK
2024-03-10 14:00:00,PUMP-A02,Zone_A,2.64,1.45,63.7,1820.0,72.5,OK
2024-03-10 14:00:00,PUMP-B01,Zone_B,2.44,1.2,56.6,1773.0,57.6,OK
2024-03-10 14:00:00,COMP-C01,Zone_C,4.27,2.12,81.0,3684.0,62.8,OK
2024-03-10 14:00:00,COMP-C02,Zone_C,3.69,1.88,78.5,3666.0,58.5,OK
2024-03-10 14:00:00,FAN-D01,Zone_B,1.8,0.73,42.9,1220.0,55.1,OK
2024-03-10 15:00:00,PUMP-A01,Zone_A,3.37,1.55,58.8,1777.0,55.3,OK
2024-03-10 15:00:00,PUMP-A02,Zone_A,1.9,0.61,58.6,1745.0,52.7,OK
2024-03-10 15:00:00,PUMP-B01,Zone_B,2.15,1.07,58.0,1744.0,53.9,OK
2024-03-10 15:00:00,COMP-C01,Zone_C,4.0,1.85,75.7,3659.0,58.4,OK
2024-03-10 15:00:00,COMP-C02,Zone_C,3.9,1.8,79.6,3633.0,58.3,OK
2024-03-10 15:00:00,FAN-D01,Zone_B,1.85,0.81,47.7,1174.0,49.4,OK
2024-03-10 16:00:00,PUMP-A01,Zone_A,3.61,1.79,62.9,1798.0,56.5,OK
2024-03-10 16:00:00,PUMP-A02,Zone_A,1.99,0.88,61.6,1794.0,62.9,OK
2024-03-10 16:00:00,PUMP-B01,Zone_B,2.39,1.25,59.5,1808.0,62.4,OK
2024-03-10 16:00:00,COMP-C01,Zone_C,3.99,1.8,76.4,3648.0,56.3,OK
2024-03-10 16:00:00,COMP-C02,Zone_C,3.55,1.99,73.6,3714.0,66.3,OK
2024-03-10 16:00:00,FAN-D01,Zone_B,1.22,0.7,44.2,1220.0,49.3,OK
2024-03-10 17:00:00,PUMP-A01,Zone_A,2.84,1.42,56.7,1791.0,50.4,OK
2024-03-10 17:00:00,PUMP-A02,Zone_A,2.22,1.28,56.0,1806.0,55.7,OK
2024-03-10 17:00:00,PUMP-B01,Zone_B,2.97,1.45,59.8,1760.0,55.5,OK
2024-03-10 17:00:00,COMP-C01,Zone_C,4.85,2.53,78.7,3661.0,55.9,OK
2024-03-10 17:00:00,COMP-C02,Zone_C,3.47,1.64,78.4,3634.0,54.4,OK
2024-03-10 17:00:00,FAN-D01,Zone_B,2.5,1.22,49.4,1204.0,56.6,OK
2024-03-10 18:00:00,PUMP-A01,Zone_A,3.48,1.82,59.6,1741.0,54.2,OK
2024-03-10 18:00:00,PUMP-A02,Zone_A,2.45,1.23,59.1,1778.0,56.2,SUSPECT
2024-03-10 18:00:00,PUMP-B01,Zone_B,2.1,1.09,57.3,1753.0,52.8,OK
2024-03-10 18:00:00,COMP-C01,Zone_C,3.98,2.09,78.5,3648.0,58.0,OK
2024-03-10 18:00:00,COMP-C02,Zone_C,3.36,1.59,76.1,3628.0,53.7,OK
2024-03-10 18:00:00,FAN-D01,Zone_B,0.8,0.43,47.4,1213.0,56.2,OK
2024-03-10 19:00:00,PUMP-A01,Zone_A,3.42,1.75,63.1,1822.0,66.5,OK
2024-03-10 19:00:00,PUMP-A02,Zone_A,2.03,1.11,58.6,1760.0,56.1,OK
2024-03-10 19:00:00,PUMP-B01,Zone_B,2.25,1.06,56.9,1771.0,59.0,OK
2024-03-10 19:00:00,COMP-C01,Zone_C,4.05,2.06,75.3,3599.0,58.1,OK
2024-03-10 19:00:00,COMP-C02,Zone_C,3.33,1.86,74.4,3623.0,50.0,OK
2024-03-10 19:00:00,FAN-D01,Zone_B,1.55,0.65,47.7,1221.0,61.3,OK
2024-03-10 20:00:00,PUMP-A01,Zone_A,2.91,1.23,60.0,1726.0,46.9,OK
2024-03-10 20:00:00,PUMP-A02,Zone_A,2.53,1.29,55.0,1781.0,53.1,OK
2024-03-10 20:00:00,PUMP-B01,Zone_B,2.56,1.37,59.9,1802.0,53.6,OK
2024-03-10 20:00:00,COMP-C01,Zone_C,4.24,2.12,77.8,3666.0,59.7,OK
2024-03-10 20:00:00,COMP-C02,Zone_C,3.48,1.61,75.4,3694.0,63.5,OK
2024-03-10 20:00:00,FAN-D01,Zone_B,1.55,0.83,46.8,1171.0,50.9,OK
2024-03-10 21:00:00,PUMP-A01,Zone_A,3.12,1.61,60.4,1730.0,49.7,OK
2024-03-10 21:00:00,PUMP-A02,Zone_A,2.4,1.24,60.5,1768.0,59.2,OK
2024-03-10 21:00:00,PUMP-B01,Zone_B,2.33,1.11,56.9,1793.0,65.1,OK
2024-03-10 21:00:00,COMP-C01,Zone_C,4.34,2.27,80.2,3673.0,60.1,OK
2024-03-10 21:00:00,COMP-C02,Zone_C,3.32,1.63,76.0,3649.0,57.7,OK
2024-03-10 21:00:00,FAN-D01,Zone_B,1.94,0.86,48.0,1265.0,70.0,OK
2024-03-10 22:00:00,PUMP-A01,Zone_A,3.81,1.89,60.3,1801.0,71.4,OK
2024-03-10 22:00:00,PUMP-A02,Zone_A,2.35,1.15,59.3,1817.0,60.6,SUSPECT
2024-03-10 22:00:00,PUMP-B01,Zone_B,2.47,1.36,56.9,1797.0,60.8,OK
2024-03-10 22:00:00,COMP-C01,Zone_C,4.64,2.48,77.7,3676.0,61.0,OK
2024-03-10 22:00:00,COMP-C02,Zone_C,3.43,1.77,78.0,3687.0,60.3,OK
2024-03-10 22:00:00,FAN-D01,Zone_B,1.65,0.87,50.9,1263.0,67.2,OK
2024-03-10 23:00:00,PUMP-A01,Zone_A,3.47,1.73,63.5,1762.0,57.6,OK
2024-03-10 23:00:00,PUMP-A02,Zone_A,2.38,1.26,61.2,1769.0,60.3,OK
2024-03-10 23:00:00,PUMP-B01,Zone_B,2.86,1.42,62.3,1827.0,71.5,OK
2024-03-10 23:00:00,COMP-C01,Zone_C,4.5,2.18,79.2,3750.0,70.4,OK
2024-03-10 23:00:00,COMP-C02,Zone_C,3.31,1.51,76.8,3680.0,59.7,OK
2024-03-10 23:00:00,FAN-D01,Zone_B,2.05,0.98,52.9,1245.0,70.8,OK
2024-03-11 00:00:00,PUMP-A01,Zone_A,3.14,1.5,63.0,1791.0,69.6,OK
2024-03-11 00:00:00,PUMP-A02,Zone_A,2.7,1.2,59.4,1840.0,81.7,OK
2024-03-11 00:00:00,PUMP-B01,Zone_B,2.62,1.25,59.9,1826.0,68.8,OK
2024-03-11 00:00:00,COMP-C01,Zone_C,3.79,1.84,76.4,3735.0,67.1,OK
2024-03-11 00:00:00,COMP-C02,Zone_C,3.25,1.74,74.5,3675.0,63.9,OK
2024-03-11 00:00:00,FAN-D01,Zone_B,2.29,1.16,49.3,1249.0,72.8,OK
2024-03-11 01:00:00,PUMP-A01,Zone_A,2.98,1.57,59.7,1826.0,65.2,OK
2024-03-11 01:00:00,PUMP-A02,Zone_A,2.95,1.49,62.1,1876.0,83.0,OK
2024-03-11 01:00:00,PUMP-B01,Zone_B,2.38,1.17,59.2,1923.0,88.0,OK
2024-03-11 01:00:00,COMP-C01,Zone_C,4.63,2.43,79.8,3724.0,70.8,OK
2024-03-11 01:00:00,COMP-C02,Zone_C,3.82,1.95,79.0,3781.0,73.7,OK
2024-03-11 01:00:00,FAN-D01,Zone_B,1.84,0.95,50.2,1280.0,72.7,OK
2024-03-11 02:00:00,PUMP-A01,Zone_A,3.9,1.96,64.3,1875.0,83.5,OK
2024-03-11 02:00:00,PUMP-A02,Zone_A,2.47,1.32,58.7,1866.0,82.3,OK
2024-03-11 02:00:00,PUMP-B01,Zone_B,2.61,1.41,62.9,1841.0,76.3,OK
2024-03-11 02:00:00,COMP-C01,Zone_C,4.06,2.12,76.9,3754.0,70.3,OK
2024-03-11 02:00:00,COMP-C02,Zone_C,3.57,1.78,75.6,3802.0,76.1,OK
2024-03-11 02:00:00,FAN-D01,Zone_B,1.64,0.88,50.0,1247.0,74.8,OK
2024-03-11 03:00:00,PUMP-A01,Zone_A,3.26,1.49,64.3,1874.0,84.7,OK
2024-03-11 03:00:00,PUMP-A02,Zone_A,2.42,1.25,59.9,1846.0,84.3,OK
2024-03-11 03:00:00,PUMP-B01,Zone_B,2.49,1.17,63.5,1869.0,80.1,OK
2024-03-11 03:00:00,COMP-C01,Zone_C,4.27,2.07,81.8,3857.0,87.2,OK
2024-03-11 03:00:00,COMP-C02,Zone_C,3.3,1.59,78.3,3830.0,79.2,OK
2024-03-11 03:00:00,FAN-D01,Zone_B,1.83,0.9,52.2,1267.0,71.6,OK
2024-03-11 04:00:00,PUMP-A01,Zone_A,4.09,2.04,63.2,1896.0,83.1,OK
2024-03-11 04:00:00,PUMP-A02,Zone_A,2.79,1.35,63.6,1900.0,87.3,OK
2024-03-11 04:00:00,PUMP-B01,Zone_B,3.03,1.44,61.9,1875.0,74.6,OK
2024-03-11 04:00:00,COMP-C01,Zone_C,4.58,2.32,84.5,3801.0,81.9,OK
2024-03-11 04:00:00,COMP-C02,Zone_C,3.02,1.54,76.0,3841.0,81.0,OK
2024-03-11 04:00:00,FAN-D01,Zone_B,1.93,0.97,49.1,1310.0,91.1,OK
2024-03-11 05:00:00,PUMP-A01,Zone_A,3.52,1.9,64.7,1891.0,85.1,OK
2024-03-11 05:00:00,PUMP-A02,Zone_A,2.52,1.14,60.3,1854.0,81.3,OK
2024-03-11 05:00:00,PUMP-B01,Zone_B,2.75,1.21,61.1,1873.0,86.0,OK
2024-03-11 05:00:00,COMP-C01,Zone_C,4.31,2.09,80.6,3803.0,79.6,OK
2024-03-11 05:00:00,COMP-C02,Zone_C,4.0,1.99,82.1,3908.0,92.6,OK
2024-03-11 05:00:00,FAN-D01,Zone_B,1.53,0.67,53.2,1227.0,80.6,OK
2024-03-11 06:00:00,PUMP-A01,Zone_A,3.81,1.89,62.8,1873.0,88.7,OK
2024-03-11 06:00:00,PUMP-A02,Zone_A,2.78,1.31,60.5,1885.0,85.4,OK
2024-03-11 06:00:00,PUMP-B01,Zone_B,2.86,1.42,59.1,1864.0,80.0,OK
2024-03-11 06:00:00,COMP-C01,Zone_C,4.86,2.63,84.7,3895.0,93.7,OK
2024-03-11 06:00:00,COMP-C02,Zone_C,3.09,1.68,77.8,3862.0,89.1,OK
2024-03-11 06:00:00,FAN-D01,Zone_B,2.37,1.19,51.1,1281.0,83.0,OK
2024-03-11 07:00:00,PUMP-A01,Zone_A,3.61,1.68,65.3,1851.0,82.0,OK
2024-03-11 07:00:00,PUMP-A02,Zone_A,2.45,1.05,60.7,1814.0,88.5,OK
2024-03-11 07:00:00,PUMP-B01,Zone_B,2.93,1.45,65.0,1923.0,97.0,OK
2024-03-11 07:00:00,COMP-C01,Zone_C,3.5,1.75,80.5,3831.0,83.0,OK
2024-03-11 07:00:00,COMP-C02,Zone_C,3.71,1.74,79.6,3833.0,82.0,OK
2024-03-11 07:00:00,FAN-D01,Zone_B,2.19,1.17,55.7,1298.0,95.1,OK
2024-03-11 08:00:00,PUMP-A01,Zone_A,3.55,1.82,64.4,1829.0,80.8,OK
2024-03-11 08:00:00,PUMP-A02,Zone_A,2.38,1.23,60.6,1810.0,78.8,OK
2024-03-11 08:00:00,PUMP-B01,Zone_B,2.16,1.22,61.1,1910.0,81.4,OK
2024-03-11 08:00:00,COMP-C01,Zone_C,4.55,2.25,80.1,3797.0,76.9,OK
2024-03-11 08:00:00,COMP-C02,Zone_C,3.27,1.44,75.9,3872.0,88.8,OK
2024-03-11 08:00:00,FAN-D01,Zone_B,1.86,1.02,49.6,1273.0,87.0,OK
2024-03-11 09:00:00,PUMP-A01,Zone_A,3.51,1.71,63.1,1871.0,83.8,OK
2024-03-11 09:00:00,PUMP-A02,Zone_A,2.52,1.3,63.5,1864.0,76.1,OK
2024-03-11 09:00:00,PUMP-B01,Zone_B,2.6,1.2,58.0,1844.0,81.8,OK
2024-03-11 09:00:00,COMP-C01,Zone_C,3.98,1.72,77.5,3817.0,79.3,OK
2024-03-11 09:00:00,COMP-C02,Zone_C,3.51,1.66,74.1,3816.0,77.8,OK
2024-03-11 09:00:00,FAN-D01,Zone_B,2.23,1.11,52.4,1277.0,83.5,OK
2024-03-11 10:00:00,PUMP-A01,Zone_A,4.04,2.14,63.7,1851.0,76.8,OK
2024-03-11 10:00:00,PUMP-A02,Zone_A,2.6,1.34,57.8,1841.0,75.6,OK
2024-03-11 10:00:00,PUMP-B01,Zone_B,2.99,1.55,63.1,1846.0,81.7,OK
2024-03-11 10:00:00,COMP-C01,Zone_C,4.44,2.13,79.7,3776.0,76.2,OK
2024-03-11 10:00:00,COMP-C02,Zone_C,3.11,1.6,74.4,3801.0,74.3,OK
2024-03-11 10:00:00,FAN-D01,Zone_B,2.0,0.9,51.6,1263.0,84.1,OK
2024-03-11 11:00:00,PUMP-A01,Zone_A,3.41,1.6,63.6,1815.0,80.0,OK
2024-03-11 11:00:00,PUMP-A02,Zone_A,1.88,0.89,56.4,1807.0,71.4,OK
2024-03-11 11:00:00,PUMP-B01,Zone_B,3.01,1.65,63.5,1820.0,77.0,OK
2024-03-11 11:00:00,COMP-C01,Zone_C,4.42,2.13,77.1,3690.0,68.2,OK
2024-03-11 11:00:00,COMP-C02,Zone_C,3.47,1.69,80.3,3739.0,70.0,OK
2024-03-11 11:00:00,FAN-D01,Zone_B,2.13,1.15,49.9,1234.0,70.5,OK
2024-03-11 12:00:00,PUMP-A01,Zone_A,3.4,1.79,59.4,1858.0,75.1,OK
2024-03-11 12:00:00,PUMP-A02,Zone_A,2.62,1.35,60.9,1811.0,67.6,OK
2024-03-11 12:00:00,PUMP-B01,Zone_B,2.38,1.11,61.5,1782.0,60.2,SUSPECT
2024-03-11 12:00:00,COMP-C01,Zone_C,4.65,2.19,78.6,3705.0,65.4,OK
2024-03-11 12:00:00,COMP-C02,Zone_C,3.46,1.71,79.9,3777.0,75.6,OK
2024-03-11 12:00:00,FAN-D01,Zone_B,1.37,0.64,47.2,1257.0,78.1,OK
2024-03-11 13:00:00,PUMP-A01,Zone_A,3.76,1.88,58.9,1804.0,68.0,OK
2024-03-11 13:00:00,PUMP-A02,Zone_A,2.34,1.16,57.3,1797.0,69.2,OK
2024-03-11 13:00:00,PUMP-B01,Zone_B,1.95,0.99,59.7,1802.0,65.7,OK
2024-03-11 13:00:00,COMP-C01,Zone_C,3.75,1.95,78.6,3664.0,59.4,OK
2024-03-11 13:00:00,COMP-C02,Zone_C,3.38,1.64,74.2,3748.0,72.9,OK
2024-03-11 13:00:00,FAN-D01,Zone_B,1.85,1.02,48.7,1282.0,70.4,OK
2024-03-11 14:00:00,PUMP-A01,Zone_A,3.32,1.76,63.7,1831.0,63.9,OK
2024-03-11 14:00:00,PUMP-A02,Zone_A,2.29,1.06,62.2,1815.0,62.1,OK
2024-03-11 14:00:00,PUMP-B01,Zone_B,2.54,1.25,59.8,1785.0,62.1,OK
2024-03-11 14:00:00,COMP-C01,Zone_C,4.13,2.04,78.7,3654.0,58.5,OK
2024-03-11 14:00:00,COMP-C02,Zone_C,3.46,1.86,79.6,3715.0,64.7,OK
2024-03-11 14:00:00,FAN-D01,Zone_B,1.3,0.66,43.8,1187.0,56.7,OK
2024-03-11 15:00:00,PUMP-A01,Zone_A,3.46,1.76,57.6,1771.0,54.7,OK
2024-03-11 15:00:00,PUMP-A02,Zone_A,2.75,1.44,64.4,1796.0,65.6,OK
2024-03-11 15:00:00,PUMP-B01,Zone_B,2.75,1.31,62.1,1787.0,61.5,OK
2024-03-11 15:00:00,COMP-C01,Zone_C,4.35,2.29,76.0,3672.0,63.3,OK
2024-03-11 15:00:00,COMP-C02,Zone_C,3.81,1.94,77.8,3666.0,57.5,OK
2024-03-11 15:00:00,FAN-D01,Zone_B,2.08,1.15,47.6,1196.0,49.5,OK
2024-03-11 16:00:00,PUMP-A01,Zone_A,3.52,1.61,60.2,1766.0,44.5,OK
2024-03-11 16:00:00,PUMP-A02,Zone_A,2.33,1.27,58.4,1797.0,58.8,SUSPECT
2024-03-11 16:00:00,PUMP-B01,Zone_B,2.48,1.23,57.1,1789.0,61.1,OK
2024-03-11 16:00:00,COMP-C01,Zone_C,3.64,1.89,75.6,3645.0,56.7,OK
2024-03-11 16:00:00,COMP-C02,Zone_C,3.54,1.64,75.9,3703.0,60.9,OK
2024-03-11 16:00:00,FAN-D01,Zone_B,1.76,0.86,46.5,1221.0,51.2,OK
2024-03-11 17:00:00,PUMP-A01,Zone_A,3.07,1.54,60.7,1790.0,55.3,OK
2024-03-11 17:00:00,PUMP-A02,Zone_A,2.34,1.19,58.8,1697.0,42.4,OK
2024-03-11 17:00:00,PUMP-B01,Zone_B,2.61,1.23,58.6,1744.0,48.0,OK
2024-03-11 17:00:00,COMP-C01,Zone_C,3.62,1.72,75.1,3627.0,53.6,OK
2024-03-11 17:00:00,COMP-C02,Zone_C,3.5,1.71,77.0,3601.0,54.1,OK
2024-03-11 17:00:00,FAN-D01,Zone_B,1.26,0.84,47.9,1215.0,53.9,OK
2024-03-11 18:00:00,PUMP-A01,Zone_A,3.41,1.75,58.3,1733.0,49.5,OK
2024-03-11 18:00:00,PUMP-A02,Zone_A,2.74,1.42,57.6,1764.0,58.1,OK
2024-03-11 18:00:00,PUMP-B01,Zone_B,2.51,1.11,59.9,1751.0,48.6,OK
2024-03-11 18:00:00,COMP-C01,Zone_C,4.54,2.23,77.7,3700.0,65.6,OK
2024-03-11 18:00:00,COMP-C02,Zone_C,3.08,1.51,75.2,3633.0,53.8,OK
2024-03-11 18:00:00,FAN-D01,Zone_B,1.75,0.89,45.7,1189.0,44.4,OK
2024-03-11 19:00:00,PUMP-A01,Zone_A,3.54,1.77,59.9,1798.0,60.2,OK
2024-03-11 19:00:00,PUMP-A02,Zone_A,2.44,1.24,64.5,1744.0,50.7,OK
2024-03-11 19:00:00,PUMP-B01,Zone_B,2.85,1.46,57.5,1744.0,46.3,OK
2024-03-11 19:00:00,COMP-C01,Zone_C,3.97,2.05,72.2,3603.0,50.3,OK
2024-03-11 19:00:00,COMP-C02,Zone_C,2.96,1.33,74.2,3613.0,56.5,OK
2024-03-11 19:00:00,FAN-D01,Zone_B,1.25,0.7,45.4,1182.0,51.3,OK
2024-03-11 20:00:00,PUMP-A01,Zone_A,3.56,1.82,62.6,1783.0,57.4,OK
2024-03-11 20:00:00,PUMP-A02,Zone_A,2.52,1.29,64.1,1769.0,63.0,OK
2024-03-11 20:00:00,PUMP-B01,Zone_B,2.45,1.39,61.2,1782.0,58.4,OK
2024-03-11 20:00:00,COMP-C01,Zone_C,4.26,2.05,81.6,3676.0,65.0,OK
2024-03-11 20:00:00,COMP-C02,Zone_C,3.09,1.61,74.5,3663.0,57.0,OK
2024-03-11 20:00:00,FAN-D01,Zone_B,1.75,0.82,47.6,1253.0,70.0,OK
2024-03-11 21:00:00,PUMP-A01,Zone_A,3.3,1.78,62.5,1785.0,62.5,OK
2024-03-11 21:00:00,PUMP-A02,Zone_A,2.26,1.18,58.6,1778.0,55.4,OK
2024-03-11 21:00:00,PUMP-B01,Zone_B,2.23,1.36,60.5,1841.0,67.4,OK
2024-03-11 21:00:00,COMP-C01,Zone_C,3.94,1.9,77.4,3633.0,52.3,OK
2024-03-11 21:00:00,COMP-C02,Zone_C,3.63,1.94,75.5,3643.0,56.5,OK
2024-03-11 21:00:00,FAN-D01,Zone_B,1.92,1.01,48.8,1237.0,64.9,OK
2024-03-11 22:00:00,PUMP-A01,Zone_A,3.49,1.82,61.1,1768.0,56.3,OK
2024-03-11 22:00:00,PUMP-A02,Zone_A,2.26,1.32,61.7,1765.0,56.1,OK
2024-03-11 22:00:00,PUMP-B01,Zone_B,2.01,1.01,59.9,1795.0,63.9,OK
2024-03-11 22:00:00,COMP-C01,Zone_C,4.5,2.38,80.5,3682.0,61.7,OK
2024-03-11 22:00:00,COMP-C02,Zone_C,3.5,1.54,73.2,3772.0,67.8,OK
2024-03-11 22:00:00,FAN-D01,Zone_B,1.8,0.99,47.6,1221.0,58.1,SUSPECT
2024-03-11 23:00:00,PUMP-A01,Zone_A,2.72,1.42,60.1,1800.0,64.1,OK
2024-03-11 23:00:00,PUMP-A02,Zone_A,2.13,1.14,57.8,1797.0,64.9,OK
2024-03-11 23:00:00,PUMP-B01,Zone_B,2.05,1.08,55.8,1764.0,59.8,OK
2024-03-11 23:00:00,COMP-C01,Zone_C,3.97,2.04,76.9,3735.0,65.9,OK
2024-03-11 23:00:00,COMP-C02,Zone_C,3.15,1.44,74.4,3695.0,65.2,OK
2024-03-11 23:00:00,FAN-D01,Zone_B,1.43,0.6,45.6,1241.0,58.9,OK
2024-03-12 00:00:00,PUMP-A01,Zone_A,3.48,1.59,62.7,1815.0,76.4,OK
2024-03-12 00:00:00,PUMP-A02,Zone_A,1.9,0.98,57.5,1857.0,73.0,OK
2024-03-12 00:00:00,PUMP-B01,Zone_B,2.49,1.25,60.0,1841.0,78.4,OK
2024-03-12 00:00:00,COMP-C01,Zone_C,4.65,2.36,80.7,3736.0,69.1,OK
2024-03-12 00:00:00,COMP-C02,Zone_C,4.1,2.19,81.9,3776.0,77.3,OK
2024-03-12 00:00:00,FAN-D01,Zone_B,2.05,0.85,49.0,1259.0,66.9,OK
2024-03-12 01:00:00,PUMP-A01,Zone_A,4.12,1.98,62.6,1814.0,72.0,OK
2024-03-12 01:00:00,PUMP-A02,Zone_A,2.59,1.33,61.7,1816.0,72.0,OK
2024-03-12 01:00:00,PUMP-B01,Zone_B,3.17,1.46,56.3,1839.0,75.0,OK
2024-03-12 01:00:00,COMP-C01,Zone_C,4.56,2.28,80.5,3798.0,76.1,OK
2024-03-12 01:00:00,COMP-C02,Zone_C,3.19,1.44,76.6,3708.0,68.6,OK
2024-03-12 01:00:00,FAN-D01,Zone_B,1.78,0.9,46.9,1233.0,70.6,OK
2024-03-12 02:00:00,PUMP-A01,Zone_A,4.29,2.08,67.2,1887.0,85.3,OK
2024-03-12 02:00:00,PUMP-A02,Zone_A,3.08,1.25,60.0,1862.0,80.0,OK
2024-03-12 02:00:00,PUMP-B01,Zone_B,2.65,1.4,59.7,1864.0,80.9,OK
2024-03-12 02:00:00,COMP-C01,Zone_C,4.45,2.3,78.8,3848.0,81.7,OK
2024-03-12 02:00:00,COMP-C02,Zone_C,3.34,1.72,73.7,3794.0,77.7,OK
2024-03-12 02:00:00,FAN-D01,Zone_B,2.11,0.92,50.6,1314.0,79.0,OK
2024-03-12 03:00:00,PUMP-A01,Zone_A,3.85,1.86,67.1,1886.0,85.4,OK
2024-03-12 03:00:00,PUMP-A02,Zone_A,2.57,1.41,60.3,1863.0,75.2,OK
2024-03-12 03:00:00,PUMP-B01,Zone_B,2.47,1.2,59.6,1847.0,83.0,OK
2024-03-12 03:00:00,COMP-C01,Zone_C,5.16,2.67,82.8,3830.0,82.0,OK
2024-03-12 03:00:00,COMP-C02,Zone_C,2.79,1.42,76.1,3768.0,72.1,OK
2024-03-12 03:00:00,FAN-D01,Zone_B,1.95,0.99,47.0,1279.0,72.9,OK
2024-03-12 04:00:00,PUMP-A01,Zone_A,3.72,1.93,68.7,1876.0,87.3,OK
2024-03-12 04:00:00,PUMP-A02,Zone_A,2.36,1.13,66.0,1885.0,82.0,OK
2024-03-12 04:00:00,PUMP-B01,Zone_B,3.09,1.66,63.2,1850.0,83.1,OK
2024-03-12 04:00:00,COMP-C01,Zone_C,4.56,2.15,78.5,3829.0,80.9,OK
2024-03-12 04:00:00,COMP-C02,Zone_C,3.89,1.87,79.8,3775.0,78.0,OK
2024-03-12 04:00:00,FAN-D01,Zone_B,2.3,1.12,50.8,1297.0,93.8,OK
2024-03-12 05:00:00,PUMP-A01,Zone_A,3.51,1.73,64.0,1867.0,80.5,OK
2024-03-12 05:00:00,PUMP-A02,Zone_A,2.61,1.38,61.6,1859.0,88.1,OK
2024-03-12 05:00:00,PUMP-B01,Zone_B,3.23,1.56,63.9,1876.0,88.8,OK
2024-03-12 05:00:00,COMP-C01,Zone_C,4.87,2.45,82.6,3819.0,81.2,OK
2024-03-12 05:00:00,COMP-C02,Zone_C,3.83,2.04,76.5,3812.0,81.3,OK
2024-03-12 05:00:00,FAN-D01,Zone_B,1.95,0.92,49.8,1288.0,88.2,OK
2024-03-12 06:00:00,PUMP-A01,Zone_A,3.43,1.78,61.5,1910.0,92.3,OK
2024-03-12 06:00:00,PUMP-A02,Zone_A,2.02,1.03,60.2,1892.0,85.0,OK
2024-03-12 06:00:00,PUMP-B01,Zone_B,2.55,1.36,63.5,1928.0,89.0,OK
2024-03-12 06:00:00,COMP-C01,Zone_C,4.66,2.33,83.6,3820.0,82.6,OK
2024-03-12 06:00:00,COMP-C02,Zone_C,3.53,1.71,76.2,3826.0,84.4,OK
2024-03-12 06:00:00,FAN-D01,Zone_B,1.7,0.78,45.7,1280.0,81.0,OK
2024-03-12 07:00:00,PUMP-A01,Zone_A,3.57,1.68,60.6,1845.0,78.4,OK
2024-03-12 07:00:00,PUMP-A02,Zone_A,2.63,1.49,62.0,1896.0,88.3,OK
2024-03-12 07:00:00,PUMP-B01,Zone_B,2.26,0.99,60.2,1893.0,90.4,OK
2024-03-12 07:00:00,COMP-C01,Zone_C,4.34,2.16,81.9,3879.0,88.2,OK
2024-03-12 07:00:00,COMP-C02,Zone_C,2.92,1.47,81.8,3918.0,93.3,OK
2024-03-12 07:00:00,FAN-D01,Zone_B,1.97,0.78,49.4,1252.0,85.9,OK
2024-03-12 08:00:00,PUMP-A01,Zone_A,4.2,1.97,66.0,1910.0,91.7,OK
2024-03-12 08:00:00,PUMP-A02,Zone_A,3.06,1.55,61.6,1852.0,77.9,OK
2024-03-12 08:00:00,PUMP-B01,Zone_B,2.57,1.12,57.3,1858.0,84.7,OK
2024-03-12 08:00:00,COMP-C01,Zone_C,4.82,2.47,82.8,3892.0,93.0,OK
2024-03-12 08:00:00,COMP-C02,Zone_C,3.16,1.66,77.5,3788.0,77.5,OK
2024-03-12 08:00:00,FAN-D01,Zone_B,2.23,0.96,54.0,1305.0,88.8,OK
2024-03-12 09:00:00,PUMP-A01,Zone_A,3.74,1.81,62.5,1848.0,75.4,OK
2024-03-12 09:00:00,PUMP-A02,Zone_A,2.18,1.12,64.6,1882.0,76.4,OK
2024-03-12 09:00:00,PUMP-B01,Zone_B,2.71,1.18,62.6,1879.0,86.3,OK
2024-03-12 09:00:00,COMP-C01,Zone_C,4.27,2.09,77.3,3777.0,74.2,OK
2024-03-12 09:00:00,COMP-C02,Zone_C,3.26,1.66,79.1,3800.0,81.2,OK
2024-03-12 09:00:00,FAN-D01,Zone_B,1.95,1.09,50.6,1274.0,73.1,OK
2024-03-12 10:00:00,PUMP-A01,Zone_A,3.55,2.07,62.7,1840.0,85.0,OK
2024-03-12 10:00:00,PUMP-A02,Zone_A,2.68,1.34,62.7,1862.0,79.6,OK
2024-03-12 10:00:00,PUMP-B01,Zone_B,2.35,1.07,60.9,1877.0,86.2,OK
2024-03-12 10:00:00,COMP-C01,Zone_C,4.51,2.24,79.5,3844.0,80.9,OK
2024-03-12 10:00:00,COMP-C02,Zone_C,3.62,1.8,77.3,3727.0,69.1,SUSPECT
2024-03-12 10:00:00,FAN-D01,Zone_B,1.82,0.88,47.7,1285.0,76.1,OK
2024-03-12 11:00:00,PUMP-A01,Zone_A,3.6,1.92,62.7,1841.0,80.7,OK
2024-03-12 11:00:00,PUMP-A02,Zone_A,2.55,1.26,59.3,1840.0,78.3,OK
2024-03-12 11:00:00,PUMP-B01,Zone_B,2.6,0.98,59.6,1846.0,73.1,OK
2024-03-12 11:00:00,COMP-C01,Zone_C,4.36,2.35,78.3,3785.0,75.5,OK
2024-03-12 11:00:00,COMP-C02,Zone_C,3.74,1.93,74.4,3716.0,68.1,OK
2024-03-12 11:00:00,FAN-D01,Zone_B,1.58,0.88,49.6,1273.0,80.9,OK
2024-03-12 12:00:00,PUMP-A01,Zone_A,3.63,1.96,61.9,1812.0,70.8,OK
2024-03-12 12:00:00,PUMP-A02,Zone_A,2.54,1.17,60.2,1805.0,68.5,OK
2024-03-12 12:00:00,PUMP-B01,Zone_B,2.29,1.17,60.5,1751.0,62.9,OK
2024-03-12 12:00:00,COMP-C01,Zone_C,4.37,2.18,80.1,3714.0,63.3,OK
2024-03-12 12:00:00,COMP-C02,Zone_C,3.91,1.93,77.1,3752.0,69.6,SUSPECT
2024-03-12 12:00:00,FAN-D01,Zone_B,1.83,0.7,49.4,1256.0,70.7,OK
2024-03-12 13:00:00,PUMP-A01,Zone_A,3.12,1.44,56.4,1811.0,68.6,OK
2024-03-12 13:00:00,PUMP-A02,Zone_A,2.36,1.25,60.9,1840.0,74.4,OK
2024-03-12 13:00:00,PUMP-B01,Zone_B,2.27,1.19,58.6,1793.0,70.6,OK
2024-03-12 13:00:00,COMP-C01,Zone_C,4.77,2.35,78.9,3695.0,62.6,OK
2024-03-12 13:00:00,COMP-C02,Zone_C,3.51,1.71,80.5,3733.0,65.1,OK
2024-03-12 13:00:00,FAN-D01,Zone_B,1.51,0.75,46.6,1234.0,68.1,OK
2024-03-12 14:00:00,PUMP-A01,Zone_A,3.61,1.71,60.0,1791.0,63.5,OK
2024-03-12 14:00:00,PUMP-A02,Zone_A,2.28,1.23,58.9,1803.0,60.8,OK
2024-03-12 14:00:00,PUMP-B01,Zone_B,2.76,1.37,60.3,1798.0,60.3,OK
2024-03-12 14:00:00,COMP-C01,Zone_C,4.38,2.14,77.2,3722.0,59.6,SUSPECT
2024-03-12 14:00:00,COMP-C02,Zone_C,3.76,1.97,80.8,3621.0,54.3,OK
2024-03-12 14:00:00,FAN-D01,Zone_B,1.54,0.8,45.8,1228.0,62.9,OK
2024-03-12 15:00:00,PUMP-A01,Zone_A,3.3,1.69,61.4,1773.0,63.1,OK
2024-03-12 15:00:00,PUMP-A02,Zone_A,2.47,1.15,58.7,1800.0,54.1,OK
2024-03-12 15:00:00,PUMP-B01,Zone_B,2.09,1.17,61.5,1762.0,60.6,OK
2024-03-12 15:00:00,COMP-C01,Zone_C,4.04,2.2,76.0,3670.0,59.2,OK
2024-03-12 15:00:00,COMP-C02,Zone_C,3.27,1.69,77.9,3668.0,60.2,OK
2024-03-12 15:00:00,FAN-D01,Zone_B,1.7,0.8,50.4,1239.0,62.1,OK
2024-03-12 16:00:00,PUMP-A01,Zone_A,3.67,1.64,61.8,1756.0,54.4,OK
2024-03-12 16:00:00,PUMP-A02,Zone_A,3.02,1.7,59.1,1809.0,58.4,OK
2024-03-12 16:00:00,PUMP-B01,Zone_B,2.48,1.35,61.5,1793.0,61.5,OK
2024-03-12 16:00:00,COMP-C01,Zone_C,4.44,2.15,78.5,3674.0,59.4,OK
2024-03-12 16:00:00,COMP-C02,Zone_C,3.28,1.68,75.4,3653.0,59.5,OK
2024-03-12 16:00:00,FAN-D01,Zone_B,2.04,1.1,42.4,1225.0,63.6,OK
2024-03-12 17:00:00,PUMP-A01,Zone_A,2.86,1.35,60.5,1755.0,56.0,OK
2024-03-12 17:00:00,PUMP-A02,Zone_A,1.43,0.73,59.9,1756.0,54.5,OK
2024-03-12 17:00:00,PUMP-B01,Zone_B,1.98,0.97,59.4,1782.0,63.3,OK
2024-03-12 17:00:00,COMP-C01,Zone_C,4.27,2.24,76.7,3635.0,58.9,OK
2024-03-12 17:00:00,COMP-C02,Zone_C,3.41,1.64,78.0,3684.0,62.6,OK
2024-03-12 17:00:00,FAN-D01,Zone_B,1.59,0.73,44.8,1154.0,49.3,OK
2024-03-12 18:00:00,PUMP-A01,Zone_A,3.12,1.38,57.1,1773.0,49.4,OK
2024-03-12 18:00:00,PUMP-A02,Zone_A,1.71,0.97,53.6,1778.0,49.9,OK
2024-03-12 18:00:00,PUMP-B01,Zone_B,2.28,1.28,59.2,1786.0,57.9,OK
2024-03-12 18:00:00,COMP-C01,Zone_C,4.07,1.98,76.1,3630.0,51.0,OK
2024-03-12 18:00:00,COMP-C02,Zone_C,3.65,1.95,74.1,3614.0,54.1,OK
2024-03-12 18:00:00,FAN-D01,Zone_B,1.71,0.8,49.7,1229.0,62.4,OK
2024-03-12 19:00:00,PUMP-A01,Zone_A,3.1,1.64,59.5,1739.0,53.1,OK
2024-03-12 19:00:00,PUMP-A02,Zone_A,1.92,0.85,56.9,1762.0,50.0,OK
2024-03-12 19:00:00,PUMP-B01,Zone_B,2.83,1.36,62.0,1778.0,56.5,OK
2024-03-12 19:00:00,COMP-C01,Zone_C,4.06,1.97,77.9,3613.0,53.4,OK
2024-03-12 19:00:00,COMP-C02,Zone_C,3.46,1.81,74.2,3690.0,59.4,OK
2024-03-12 19:00:00,FAN-D01,Zone_B,1.75,0.93,50.0,1215.0,63.1,OK
2024-03-12 20:00:00,PUMP-A01,Zone_A,3.93,2.01,63.9,1841.0,66.4,OK
2024-03-12 20:00:00,PUMP-A02,Zone_A,2.2,1.13,57.9,1818.0,51.6,OK
2024-03-12 20:00:00,PUMP-B01,Zone_B,2.38,1.27,59.3,1802.0,58.0,OK
2024-03-12 20:00:00,COMP-C01,Zone_C,4.11,1.96,79.8,3662.0,55.6,OK
2024-03-12 20:00:00,COMP-C02,Zone_C,3.67,1.84,76.3,3634.0,55.7,OK
2024-03-12 20:00:00,FAN-D01,Zone_B,2.03,1.01,48.6,1219.0,51.7,OK
2024-03-12 21:00:00,PUMP-A01,Zone_A,3.15,1.56,61.6,1822.0,66.5,OK
2024-03-12 21:00:00,PUMP-A02,Zone_A,2.49,1.25,61.6,1802.0,55.9,OK
2024-03-12 21:00:00,PUMP-B01,Zone_B,2.12,1.14,60.0,1804.0,57.2,OK
2024-03-12 21:00:00,COMP-C01,Zone_C,4.64,2.34,80.8,3644.0,57.4,OK
2024-03-12 21:00:00,COMP-C02,Zone_C,3.3,1.83,77.8,3713.0,64.0,OK
2024-03-12 21:00:00,FAN-D01,Zone_B,1.93,0.92,48.9,1190.0,57.1,OK
2024-03-12 22:00:00,PUMP-A01,Zone_A,3.38,1.61,58.9,1797.0,60.6,OK
2024-03-12 22:00:00,PUMP-A02,Zone_A,2.49,1.27,59.8,1808.0,68.8,OK
2024-03-12 22:00:00,PUMP-B01,Zone_B,2.82,1.4,59.6,1786.0,63.5,OK
2024-03-12 22:00:00,COMP-C01,Zone_C,4.62,2.26,78.1,3681.0,60.9,OK
2024-03-12 22:00:00,COMP-C02,Zone_C,3.3,1.79,77.6,3637.0,56.1,OK
2024-03-12 22:00:00,FAN-D01,Zone_B,1.68,0.89,48.4,1235.0,64.5,OK
2024-03-12 23:00:00,PUMP-A01,Zone_A,3.24,1.59,61.6,1775.0,61.9,OK
2024-03-12 23:00:00,PUMP-A02,Zone_A,3.45,1.89,63.0,1816.0,67.0,OK
2024-03-12 23:00:00,PUMP-B01,Zone_B,2.36,1.38,62.9,1846.0,71.5,OK
2024-03-12 23:00:00,COMP-C01,Zone_C,4.43,2.14,80.2,3768.0,71.0,OK
2024-03-12 23:00:00,COMP-C02,Zone_C,4.04,2.04,77.1,3714.0,66.2,OK
2024-03-12 23:00:00,FAN-D01,Zone_B,2.02,0.95,48.2,1251.0,67.6,OK
2024-03-13 00:00:00,PUMP-A01,Zone_A,4.15,2.11,67.0,1786.0,68.5,OK
2024-03-13 00:00:00,PUMP-A02,Zone_A,2.81,1.42,62.5,1798.0,69.4,OK
2024-03-13 00:00:00,PUMP-B01,Zone_B,2.33,1.32,60.8,1863.0,67.0,OK
2024-03-13 00:00:00,COMP-C01,Zone_C,4.23,2.05,77.8,3742.0,73.8,OK
2024-03-13 00:00:00,COMP-C02,Zone_C,2.79,1.39,75.2,3707.0,64.5,OK
2024-03-13 00:00:00,FAN-D01,Zone_B,1.87,0.84,48.4,1269.0,72.8,OK
2024-03-13 01:00:00,PUMP-A01,Zone_A,3.35,1.48,65.8,1859.0,76.0,OK
2024-03-13 01:00:00,PUMP-A02,Zone_A,3.03,1.57,58.7,1797.0,75.5,OK
2024-03-13 01:00:00,PUMP-B01,Zone_B,2.67,1.29,60.0,1855.0,77.6,OK
2024-03-13 01:00:00,COMP-C01,Zone_C,4.22,2.23,79.3,3806.0,77.9,OK
2024-03-13 01:00:00,COMP-C02,Zone_C,3.2,1.6,78.9,3795.0,77.4,OK
2024-03-13 01:00:00,FAN-D01,Zone_B,1.86,0.99,48.6,1258.0,67.8,OK
2024-03-13 02:00:00,PUMP-A01,Zone_A,3.5,1.88,66.4,1841.0,85.0,OK
2024-03-13 02:00:00,PUMP-A02,Zone_A,2.51,1.27,59.3,1829.0,70.5,OK
2024-03-13 02:00:00,PUMP-B01,Zone_B,2.35,1.15,64.1,1820.0,73.8,OK
2024-03-13 02:00:00,COMP-C01,Zone_C,4.27,2.2,81.1,3826.0,81.6,OK
2024-03-13 02:00:00,COMP-C02,Zone_C,3.5,1.7,78.8,3785.0,78.7,OK
2024-03-13 02:00:00,FAN-D01,Zone_B,1.79,0.96,46.9,1230.0,74.0,OK
2024-03-13 03:00:00,PUMP-A01,Zone_A,3.3,1.61,62.5,1830.0,76.8,OK
2024-03-13 03:00:00,PUMP-A02,Zone_A,2.59,1.18,58.0,1848.0,76.2,OK
2024-03-13 03:00:00,PUMP-B01,Zone_B,2.01,1.05,63.5,1913.0,87.2,OK
2024-03-13 03:00:00,COMP-C01,Zone_C,4.74,2.5,81.1,3788.0,78.9,OK
2024-03-13 03:00:00,COMP-C02,Zone_C,3.53,1.66,75.7,3766.0,78.4,OK
2024-03-13 03:00:00,FAN-D01,Zone_B,2.15,1.01,48.5,1288.0,77.2,OK
2024-03-13 04:00:00,PUMP-A01,Zone_A,3.77,1.86,65.1,1877.0,87.0,OK
2024-03-13 04:00:00,PUMP-A02,Zone_A,2.65,1.37,62.8,1895.0,86.4,OK
2024-03-13 04:00:00,PUMP-B01,Zone_B,2.58,1.14,63.5,1863.0,87.3,OK
2024-03-13 04:00:00,COMP-C01,Zone_C,4.53,2.26,83.5,3881.0,89.1,OK
2024-03-13 04:00:00,COMP-C02,Zone_C,3.99,2.18,76.3,3857.0,86.7,OK
2024-03-13 04:00:00,FAN-D01,Zone_B,1.89,0.86,54.4,1260.0,82.5,OK
2024-03-13 05:00:00,PUMP-A01,Zone_A,3.83,1.81,65.0,1895.0,92.8,SUSPECT
2024-03-13 05:00:00,PUMP-A02,Zone_A,2.36,1.28,58.1,1910.0,91.3,OK
2024-03-13 05:00:00,PUMP-B01,Zone_B,2.84,1.33,63.3,1859.0,84.5,OK
2024-03-13 05:00:00,COMP-C01,Zone_C,4.81,2.43,79.7,3916.0,90.6,OK
2024-03-13 05:00:00,COMP-C02,Zone_C,3.66,1.84,76.9,3795.0,77.4,OK
2024-03-13 05:00:00,FAN-D01,Zone_B,1.81,0.89,50.9,1272.0,90.7,OK
2024-03-13 06:00:00,PUMP-A01,Zone_A,3.84,1.81,65.2,1853.0,81.7,OK
2024-03-13 06:00:00,PUMP-A02,Zone_A,3.02,1.42,63.5,1874.0,84.5,OK
2024-03-13 06:00:00,PUMP-B01,Zone_B,2.2,1.08,63.4,1866.0,86.3,OK
2024-03-13 06:00:00,COMP-C01,Zone_C,4.13,1.95,83.4,3852.0,84.7,OK
2024-03-13 06:00:00,COMP-C02,Zone_C,3.65,1.77,77.6,3823.0,83.0,OK
2024-03-13 06:00:00,FAN-D01,Zone_B,2.03,1.21,49.4,1285.0,85.8,OK
2024-03-13 07:00:00,PUMP-A01,Zone_A,3.69,2.14,64.4,1883.0,86.3,OK
2024-03-13 07:00:00,PUMP-A02,Zone_A,3.39,1.63,63.1,1926.0,97.5,OK
2024-03-13 07:00:00,PUMP-B01,Zone_B,1.97,0.98,59.4,1901.0,97.6,OK
2024-03-13 07:00:00,COMP-C01,Zone_C,4.68,2.41,81.5,3813.0,84.2,OK
2024-03-13 07:00:00,COMP-C02,Zone_C,3.8,1.84,77.5,3787.0,81.2,OK
2024-03-13 07:00:00,FAN-D01,Zone_B,2.01,1.27,50.6,1303.0,85.1,OK
2024-03-13 08:00:00,PUMP-A01,Zone_A,3.38,1.69,62.4,1833.0,75.9,OK
2024-03-13 08:00:00,PUMP-A02,Zone_A,2.72,1.12,64.9,1895.0,83.8,OK
2024-03-13 08:00:00,PUMP-B01,Zone_B,2.48,1.24,63.5,1874.0,83.6,OK
2024-03-13 08:00:00,COMP-C01,Zone_C,4.44,2.34,82.0,3858.0,86.3,OK
2024-03-13 08:00:00,COMP-C02,Zone_C,3.18,1.68,74.6,3753.0,74.3,OK
2024-03-13 08:00:00,FAN-D01,Zone_B,1.93,0.83,50.9,1310.0,86.9,OK
2024-03-13 09:00:00,PUMP-A01,Zone_A,3.55,1.86,68.2,1857.0,80.5,OK
2024-03-13 09:00:00,PUMP-A02,Zone_A,3.0,1.37,61.4,1860.0,81.2,OK
2024-03-13 09:00:00,PUMP-B01,Zone_B,3.01,1.47,60.5,1834.0,71.7,OK
2024-03-13 09:00:00,COMP-C01,Zone_C,5.03,2.36,81.8,3926.0,92.1,OK
2024-03-13 09:00:00,COMP-C02,Zone_C,3.77,1.92,78.7,3839.0,84.0,OK
2024-03-13 09:00:00,FAN-D01,Zone_B,1.73,0.75,49.6,1299.0,86.7,OK
2024-03-13 10:00:00,PUMP-A01,Zone_A,3.52,1.77,64.9,1882.0,76.6,OK
2024-03-13 10:00:00,PUMP-A02,Zone_A,3.05,1.57,62.1,1830.0,72.7,OK
2024-03-13 10:00:00,PUMP-B01,Zone_B,2.6,1.1,58.3,1829.0,77.1,OK
2024-03-13 10:00:00,COMP-C01,Zone_C,4.72,2.27,80.7,3761.0,76.8,OK
2024-03-13 10:00:00,COMP-C02,Zone_C,3.77,2.01,75.4,3815.0,77.2,OK
2024-03-13 10:00:00,FAN-D01,Zone_B,1.89,1.0,46.6,1238.0,72.4,OK
2024-03-13 11:00:00,PUMP-A01,Zone_A,3.99,1.98,60.9,1826.0,76.9,OK
2024-03-13 11:00:00,PUMP-A02,Zone_A,2.27,1.15,57.4,1852.0,70.0,OK
2024-03-13 11:00:00,PUMP-B01,Zone_B,2.62,1.37,60.9,1828.0,69.9,OK
2024-03-13 11:00:00,COMP-C01,Zone_C,4.54,2.29,82.1,3882.0,83.5,OK
2024-03-13 11:00:00,COMP-C02,Zone_C,3.64,2.03,82.4,3795.0,76.1,OK
2024-03-13 11:00:00,FAN-D01,Zone_B,2.25,1.18,51.4,1285.0,75.5,OK
2024-03-13 12:00:00,PUMP-A01,Zone_A,3.19,1.65,61.9,1806.0,66.4,OK
2024-03-13 12:00:00,PUMP-A02,Zone_A,2.11,0.88,60.0,1850.0,73.5,OK
2024-03-13 12:00:00,PUMP-B01,Zone_B,2.12,0.99,56.6,1801.0,63.2,OK
2024-03-13 12:00:00,COMP-C01,Zone_C,4.35,2.11,76.5,3725.0,67.1,SUSPECT
2024-03-13 12:00:00,COMP-C02,Zone_C,2.97,1.46,76.1,3700.0,67.9,OK
2024-03-13 12:00:00,FAN-D01,Zone_B,1.69,0.64,50.1,1253.0,64.2,OK
2024-03-13 13:00:00,PUMP-A01,Zone_A,3.57,1.82,61.4,1821.0,71.5,OK
2024-03-13 13:00:00,PUMP-A02,Zone_A,2.85,1.52,58.4,1753.0,62.2,OK
2024-03-13 13:00:00,PUMP-B01,Zone_B,2.85,1.43,61.4,1815.0,63.7,OK
2024-03-13 13:00:00,COMP-C01,Zone_C,4.19,2.03,79.5,3779.0,75.5,OK
2024-03-13 13:00:00,COMP-C02,Zone_C,3.88,1.82,77.3,3709.0,66.9,OK
2024-03-13 13:00:00,FAN-D01,Zone_B,1.68,0.96,47.7,1239.0,60.9,OK
2024-03-13 14:00:00,PUMP-A01,Zone_A,3.6,1.75,65.7,1809.0,66.1,OK
2024-03-13 14:00:00,PUMP-A02,Zone_A,2.26,1.09,58.0,1792.0,66.5,OK
2024-03-13 14:00:00,PUMP-B01,Zone_B,2.41,1.22,59.0,1787.0,61.3,OK
2024-03-13 14:00:00,COMP-C01,Zone_C,4.04,1.87,77.9,3747.0,64.5,OK
2024-03-13 14:00:00,COMP-C02,Zone_C,3.42,1.82,75.4,3674.0,61.7,OK
2024-03-13 14:00:00,FAN-D01,Zone_B,2.08,1.02,45.9,1242.0,59.7,OK
2024-03-13 15:00:00,PUMP-A01,Zone_A,2.99,1.35,54.9,1761.0,63.7,OK
2024-03-13 15:00:00,PUMP-A02,Zone_A,2.98,1.27,58.3,1852.0,68.9,OK
2024-03-13 15:00:00,PUMP-B01,Zone_B,2.3,1.09,58.0,1812.0,65.5,OK
2024-03-13 15:00:00,COMP-C01,Zone_C,4.55,2.32,78.1,3621.0,54.3,OK
2024-03-13 15:00:00,COMP-C02,Zone_C,3.09,1.49,75.9,3637.0,56.4,OK
2024-03-13 15:00:00,FAN-D01,Zone_B,1.87,0.98,45.7,1210.0,65.4,OK
2024-03-13 16:00:00,PUMP-A01,Zone_A,3.13,1.62,59.6,1782.0,63.1,OK
2024-03-13 16:00:00,PUMP-A02,Zone_A,2.25,1.18,58.7,1776.0,58.5,OK
2024-03-13 16:00:00,PUMP-B01,Zone_B,2.83,1.54,64.9,1807.0,65.5,OK
2024-03-13 16:00:00,COMP-C01,Zone_C,4.93,2.54,76.7,3664.0,58.6,OK
2024-03-13 16:00:00,COMP-C02,Zone_C,3.64,1.95,75.3,3630.0,57.9,OK
2024-03-13 16:00:00,FAN-D01,Zone_B,1.54,0.64,46.7,1208.0,54.8,OK
2024-03-13 17:00:00,PUMP-A01,Zone_A,3.28,1.82,62.4,1816.0,59.1,OK
2024-03-13 17:00:00,PUMP-A02,Zone_A,2.39,1.09,61.6,1779.0,55.1,OK
2024-03-13 17:00:00,PUMP-B01,Zone_B,2.24,1.23,59.3,1778.0,59.0,OK
2024-03-13 17:00:00,COMP-C01,Zone_C,4.32,2.25,77.8,3586.0,53.1,OK
2024-03-13 17:00:00,COMP-C02,Zone_C,3.34,1.78,73.8,3606.0,47.6,OK
2024-03-13 17:00:00,FAN-D01,Zone_B,1.86,0.92,48.6,1216.0,57.9,OK
2024-03-13 18:00:00,PUMP-A01,Zone_A,3.09,1.65,62.1,1773.0,51.9,OK
2024-03-13 18:00:00,PUMP-A02,Zone_A,2.42,1.38,57.6,1780.0,57.4,OK
2024-03-13 18:00:00,PUMP-B01,Zone_B,2.43,1.14,59.5,1783.0,60.8,OK
2024-03-13 18:00:00,COMP-C01,Zone_C,4.05,1.81,72.1,3548.0,44.7,OK
2024-03-13 18:00:00,COMP-C02,Zone_C,3.13,1.48,72.1,3640.0,52.6,OK
2024-03-13 18:00:00,FAN-D01,Zone_B,1.79,0.86,47.0,1233.0,60.7,OK
2024-03-13 19:00:00,PUMP-A01,Zone_A,3.09,1.71,56.8,1707.0,47.8,OK
2024-03-13 19:00:00,PUMP-A02,Zone_A,2.22,1.3,57.8,1749.0,52.4,OK
2024-03-13 19:00:00,PUMP-B01,Zone_B,2.05,1.3,56.0,1761.0,57.9,OK
2024-03-13 19:00:00,COMP-C01,Zone_C,4.13,1.96,77.1,3645.0,59.5,OK
2024-03-13 19:00:00,COMP-C02,Zone_C,3.62,1.84,76.0,3654.0,61.8,OK
2024-03-13 19:00:00,FAN-D01,Zone_B,1.83,0.95,48.2,1191.0,51.7,OK
2024-03-13 20:00:00,PUMP-A01,Zone_A,3.15,1.67,62.8,1762.0,57.0,OK
2024-03-13 20:00:00,PUMP-A02,Zone_A,2.79,1.14,58.0,1810.0,59.9,OK
2024-03-13 20:00:00,PUMP-B01,Zone_B,2.85,1.4,59.9,1762.0,53.2,OK
2024-03-13 20:00:00,COMP-C01,Zone_C,4.19,1.88,77.0,3528.0,42.5,OK
2024-03-13 20:00:00,COMP-C02,Zone_C,3.45,1.87,74.4,3638.0,51.0,OK
2024-03-13 20:00:00,FAN-D01,Zone_B,1.5,0.89,43.3,1215.0,53.2,OK
2024-03-13 21:00:00,PUMP-A01,Zone_A,3.3,1.79,61.5,1760.0,51.1,OK
2024-03-13 21:00:00,PUMP-A02,Zone_A,2.13,1.08,59.9,1810.0,60.1,OK
2024-03-13 21:00:00,PUMP-B01,Zone_B,2.02,0.95,57.6,1716.0,48.3,OK
2024-03-13 21:00:00,COMP-C01,Zone_C,4.11,2.04,77.5,3602.0,51.1,OK
2024-03-13 21:00:00,COMP-C02,Zone_C,3.18,1.43,78.1,3611.0,54.6,OK
2024-03-13 21:00:00,FAN-D01,Zone_B,1.21,0.59,43.7,1238.0,59.4,OK
2024-03-13 22:00:00,PUMP-A01,Zone_A,3.23,1.7,58.7,1792.0,65.4,OK
2024-03-13 22:00:00,PUMP-A02,Zone_A,2.75,1.35,59.2,1753.0,61.1,OK
2024-03-13 22:00:00,PUMP-B01,Zone_B,2.27,1.06,59.5,1797.0,64.8,OK
2024-03-13 22:00:00,COMP-C01,Zone_C,4.49,2.21,79.1,3693.0,68.1,OK
2024-03-13 22:00:00,COMP-C02,Zone_C,3.25,1.68,76.0,3749.0,71.1,OK
2024-03-13 22:00:00,FAN-D01,Zone_B,1.75,1.0,47.5,1242.0,64.7,OK
2024-03-13 23:00:00,PUMP-A01,Zone_A,3.62,1.76,62.7,1807.0,67.7,OK
2024-03-13 23:00:00,PUMP-A02,Zone_A,1.99,1.08,59.3,1817.0,67.9,OK
2024-03-13 23:00:00,PUMP-B01,Zone_B,1.98,0.96,58.9,1762.0,56.0,OK
2024-03-13 23:00:00,COMP-C01,Zone_C,4.3,2.07,75.5,3709.0,62.5,OK
2024-03-13 23:00:00,COMP-C02,Zone_C,4.11,2.02,80.9,3782.0,69.9,OK
2024-03-13 23:00:00,FAN-D01,Zone_B,1.55,0.68,43.2,1243.0,65.8,OK
2024-03-14 00:00:00,PUMP-A01,Zone_A,4.3,2.0,63.7,1833.0,74.7,OK
2024-03-14 00:00:00,PUMP-A02,Zone_A,2.28,1.11,58.6,1782.0,62.8,OK
2024-03-14 00:00:00,PUMP-B01,Zone_B,2.7,1.16,61.5,1861.0,74.2,OK
2024-03-14 00:00:00,COMP-C01,Zone_C,4.03,1.99,74.9,3776.0,71.6,OK
2024-03-14 00:00:00,COMP-C02,Zone_C,3.59,1.79,78.6,3810.0,74.9,OK
2024-03-14 00:00:00,FAN-D01,Zone_B,1.9,1.08,46.0,1235.0,65.8,OK
2024-03-14 01:00:00,PUMP-A01,Zone_A,4.03,2.06,62.0,1827.0,72.2,OK
2024-03-14 01:00:00,PUMP-A02,Zone_A,3.09,1.69,61.6,1839.0,68.9,OK
2024-03-14 01:00:00,PUMP-B01,Zone_B,2.41,1.2,64.3,1850.0,73.2,OK
2024-03-14 01:00:00,COMP-C01,Zone_C,4.67,2.39,77.0,3734.0,72.0,OK
2024-03-14 01:00:00,COMP-C02,Zone_C,4.16,2.15,83.0,3820.0,79.7,OK
2024-03-14 01:00:00,FAN-D01,Zone_B,1.86,0.97,51.3,1294.0,82.3,OK
2024-03-14 02:00:00,PUMP-A01,Zone_A,3.83,1.87,68.6,1861.0,83.4,OK
2024-03-14 02:00:00,PUMP-A02,Zone_A,2.15,1.02,58.9,1806.0,73.7,OK
2024-03-14 02:00:00,PUMP-B01,Zone_B,2.47,1.28,63.5,1862.0,82.0,OK
2024-03-14 02:00:00,COMP-C01,Zone_C,4.36,2.12,84.7,3823.0,78.5,OK
2024-03-14 02:00:00,COMP-C02,Zone_C,3.73,1.92,78.8,3843.0,80.7,OK
2024-03-14 02:00:00,FAN-D01,Zone_B,1.8,0.9,52.6,1276.0,78.8,OK
2024-03-14 03:00:00,PUMP-A01,Zone_A,3.78,1.95,62.7,1887.0,79.8,OK
2024-03-14 03:00:00,PUMP-A02,Zone_A,2.21,1.13,62.0,1873.0,77.6,OK
2024-03-14 03:00:00,PUMP-B01,Zone_B,3.19,1.6,58.4,1822.0,81.8,OK
2024-03-14 03:00:00,COMP-C01,Zone_C,4.34,2.12,83.7,3851.0,81.7,OK
2024-03-14 03:00:00,COMP-C02,Zone_C,3.7,1.87,78.9,3846.0,82.6,OK
2024-03-14 03:00:00,FAN-D01,Zone_B,2.3,1.08,50.3,1278.0,88.1,OK
2024-03-14 04:00:00,PUMP-A01,Zone_A,3.97,2.05,65.7,1827.0,79.7,OK
2024-03-14 04:00:00,PUMP-A02,Zone_A,2.68,1.39,61.0,1856.0,80.6,OK
2024-03-14 04:00:00,PUMP-B01,Zone_B,2.9,1.43,62.0,1815.0,76.3,OK
2024-03-14 04:00:00,COMP-C01,Zone_C,4.83,2.44,78.7,3887.0,88.5,OK
2024-03-14 04:00:00,COMP-C02,Zone_C,3.93,1.99,78.8,3853.0,88.3,OK
2024-03-14 04:00:00,FAN-D01,Zone_B,1.99,1.13,48.4,1250.0,77.0,OK
2024-03-14 05:00:00,PUMP-A01,Zone_A,3.59,1.65,64.9,1919.0,89.3,OK
2024-03-14 05:00:00,PUMP-A02,Zone_A,2.35,1.2,64.7,1850.0,82.5,OK
2024-03-14 05:00:00,PUMP-B01,Zone_B,2.62,1.12,68.7,1887.0,85.4,OK
2024-03-14 05:00:00,COMP-C01,Zone_C,4.88,2.48,79.4,3809.0,84.7,OK
2024-03-14 05:00:00,COMP-C02,Zone_C,3.7,1.83,81.4,3858.0,86.0,OK
2024-03-14 05:00:00,FAN-D01,Zone_B,2.1,0.92,47.6,1291.0,89.1,OK
2024-03-14 06:00:00,PUMP-A01,Zone_A,3.95,1.97,67.7,1875.0,86.1,OK
2024-03-14 06:00:00,PUMP-A02,Zone_A,2.68,1.26,63.6,1903.0,87.5,OK
2024-03-14 06:00:00,PUMP-B01,Zone_B,2.75,1.38,63.4,1872.0,90.5,OK
2024-03-14 06:00:00,COMP-C01,Zone_C,4.38,2.37,81.0,3785.0,80.2,OK
2024-03-14 06:00:00,COMP-C02,Zone_C,4.02,2.07,81.9,3837.0,83.7,OK
2024-03-14 06:00:00,FAN-D01,Zone_B,1.78,1.06,49.3,1324.0,94.8,OK
2024-03-14 07:00:00,PUMP-A01,Zone_A,4.09,1.98,61.4,1872.0,81.7,OK
2024-03-14 07:00:00,PUMP-A02,Zone_A,2.03,1.1,60.0,1894.0,83.2,SUSPECT
2024-03-14 07:00:00,PUMP-B01,Zone_B,2.63,1.4,64.1,1885.0,91.9,OK
2024-03-14 07:00:00,COMP-C01,Zone_C,4.85,2.47,82.7,3890.0,93.4,OK
2024-03-14 07:00:00,COMP-C02,Zone_C,3.23,1.52,76.4,3814.0,80.0,OK
2024-03-14 07:00:00,FAN-D01,Zone_B,2.03,0.97,54.8,1338.0,92.6,OK
2024-03-14 08:00:00,PUMP-A01,Zone_A,3.53,1.76,64.4,1839.0,77.3,OK
2024-03-14 08:00:00,PUMP-A02,Zone_A,2.75,1.53,64.5,1838.0,81.7,OK
2024-03-14 08:00:00,PUMP-B01,Zone_B,2.64,1.45,61.6,1899.0,82.0,OK
2024-03-14 08:00:00,COMP-C01,Zone_C,4.69,2.39,79.2,3863.0,84.3,OK
2024-03-14 08:00:00,COMP-C02,Zone_C,3.93,1.89,76.1,3826.0,85.6,OK
2024-03-14 08:00:00,FAN-D01,Zone_B,2.23,1.07,54.2,1301.0,92.2,OK
2024-03-14 09:00:00,PUMP-A01,Zone_A,3.49,1.72,61.4,1837.0,78.3,OK
2024-03-14 09:00:00,PUMP-A02,Zone_A,2.37,1.19,61.5,1781.0,66.4,OK
2024-03-14 09:00:00,PUMP-B01,Zone_B,2.17,1.0,58.4,1810.0,74.3,OK
2024-03-14 09:00:00,COMP-C01,Zone_C,4.72,2.14,86.2,3847.0,85.2,OK
2024-03-14 09:00:00,COMP-C02,Zone_C,3.3,1.64,76.0,3786.0,75.6,OK
2024-03-14 09:00:00,FAN-D01,Zone_B,2.43,1.14,50.9,1287.0,81.2,SUSPECT
2024-03-14 10:00:00,PUMP-A01,Zone_A,3.47,1.77,64.7,1853.0,83.4,OK
2024-03-14 10:00:00,PUMP-A02,Zone_A,2.82,1.47,59.7,1891.0,86.3,OK
2024-03-14 10:00:00,PUMP-B01,Zone_B,2.91,1.76,60.7,1856.0,74.8,OK
2024-03-14 10:00:00,COMP-C01,Zone_C,4.63,2.21,76.4,3796.0,76.1,OK
2024-03-14 10:00:00,COMP-C02,Zone_C,3.4,1.75,77.6,3764.0,73.9,OK
2024-03-14 10:00:00,FAN-D01,Zone_B,2.39,1.04,51.2,1290.0,81.6,OK
2024-03-14 11:00:00,PUMP-A01,Zone_A,3.79,1.84,61.2,1799.0,73.5,OK
2024-03-14 11:00:00,PUMP-A02,Zone_A,2.75,1.29,61.8,1828.0,69.6,OK
2024-03-14 11:00:00,PUMP-B01,Zone_B,2.94,1.43,62.1,1858.0,74.7,OK
2024-03-14 11:00:00,COMP-C01,Zone_C,4.78,2.34,85.7,3823.0,76.8,OK
2024-03-14 11:00:00,COMP-C02,Zone_C,3.57,1.85,77.9,3841.0,82.2,OK
2024-03-14 11:00:00,FAN-D01,Zone_B,1.63,0.89,50.4,1265.0,73.7,OK
2024-03-14 12:00:00,PUMP-A01,Zone_A,4.18,2.13,64.6,1867.0,80.7,OK
2024-03-14 12:00:00,PUMP-A02,Zone_A,2.26,0.98,60.0,1830.0,74.8,OK
2024-03-14 12:00:00,PUMP-B01,Zone_B,2.32,1.05,57.0,1802.0,68.1,OK
2024-03-14 12:00:00,COMP-C01,Zone_C,4.63,2.37,75.9,3694.0,66.8,OK
2024-03-14 12:00:00,COMP-C02,Zone_C,3.31,1.63,77.6,3691.0,66.1,OK
2024-03-14 12:00:00,FAN-D01,Zone_B,1.67,0.92,47.8,1226.0,58.5,OK
2024-03-14 13:00:00,PUMP-A01,Zone_A,2.99,1.45,56.1,1812.0,63.3,OK
2024-03-14 13:00:00,PUMP-A02,Zone_A,2.28,1.17,60.5,1770.0,66.0,OK
2024-03-14 13:00:00,PUMP-B01,Zone_B,2.21,1.23,61.2,1794.0,71.3,OK
2024-03-14 13:00:00,COMP-C01,Zone_C,4.91,2.29,80.2,3794.0,73.1,OK
2024-03-14 13:00:00,COMP-C02,Zone_C,3.45,1.83,77.8,3713.0,68.2,OK
2024-03-14 13:00:00,FAN-D01,Zone_B,1.79,0.86,51.5,1218.0,63.7,OK
2024-03-14 14:00:00,PUMP-A01,Zone_A,3.53,1.73,62.9,1808.0,62.4,OK
2024-03-14 14:00:00,PUMP-A02,Zone_A,2.64,1.39,57.7,1810.0,63.9,OK
2024-03-14 14:00:00,PUMP-B01,Zone_B,2.66,1.42,58.3,1777.0,59.9,OK
2024-03-14 14:00:00,COMP-C01,Zone_C,4.23,2.09,75.2,3667.0,59.1,OK
2024-03-14 14:00:00,COMP-C02,Zone_C,3.31,1.64,80.2,3678.0,63.4,OK
2024-03-14 14:00:00,FAN-D01,Zone_B,1.88,1.02,46.0,1181.0,56.0,OK
2024-03-14 15:00:00,PUMP-A01,Zone_A,3.47,1.79,61.6,1794.0,65.3,OK
2024-03-14 15:00:00,PUMP-A02,Zone_A,2.6,1.34,59.1,1806.0,56.2,OK
2024-03-14 15:00:00,PUMP-B01,Zone_B,1.79,0.69,57.0,1759.0,58.7,OK
2024-03-14 15:00:00,COMP-C01,Zone_C,4.43,2.15,75.9,3692.0,61.9,OK
2024-03-14 15:00:00,COMP-C02,Zone_C,3.19,1.5,76.0,3665.0,62.5,OK
2024-03-14 15:00:00,FAN-D01,Zone_B,1.62,0.71,46.1,1206.0,62.3,OK
2024-03-14 16:00:00,PUMP-A01,Zone_A,3.42,1.63,58.7,1775.0,57.2,OK
2024-03-14 16:00:00,PUMP-A02,Zone_A,2.08,1.15,59.5,1728.0,60.3,OK
2024-03-14 16:00:00,PUMP-B01,Zone_B,2.75,1.31,58.1,1751.0,56.2,OK
2024-03-14 16:00:00,COMP-C01,Zone_C,4.48,2.22,75.5,3608.0,55.1,OK
2024-03-14 16:00:00,COMP-C02,Zone_C,3.74,1.71,74.5,3639.0,53.7,OK
2024-03-14 16:00:00,FAN-D01,Zone_B,1.38,0.75,47.7,1231.0,59.6,OK
2024-03-14 17:00:00,PUMP-A01,Zone_A,3.76,1.83,60.9,1768.0,57.1,OK
2024-03-14 17:00:00,PUMP-A02,Zone_A,2.29,1.19,55.5,1713.0,47.2,OK
2024-03-14 17:00:00,PUMP-B01,Zone_B,2.29,1.11,54.6,1750.0,63.2,OK
2024-03-14 17:00:00,COMP-C01,Zone_C,3.79,1.82,78.3,3632.0,54.9,OK
2024-03-14 17:00:00,COMP-C02,Zone_C,3.47,1.8,79.3,3653.0,54.5,OK
2024-03-14 17:00:00,FAN-D01,Zone_B,1.28,0.67,45.4,1213.0,57.7,OK
2024-03-14 18:00:00,PUMP-A01,Zone_A,3.7,1.95,61.1,1741.0,52.9,OK
2024-03-14 18:00:00,PUMP-A02,Zone_A,2.6,1.41,59.5,1715.0,50.0,OK
2024-03-14 18:00:00,PUMP-B01,Zone_B,2.3,1.39,56.8,1787.0,59.5,OK
2024-03-14 18:00:00,COMP-C01,Zone_C,4.29,1.98,79.8,3638.0,58.6,OK
2024-03-14 18:00:00,COMP-C02,Zone_C,3.12,1.42,76.4,3625.0,52.8,OK
2024-03-14 18:00:00,FAN-D01,Zone_B,1.63,0.8,47.2,1201.0,47.3,OK
2024-03-14 19:00:00,PUMP-A01,Zone_A,3.11,1.64,59.6,1738.0,46.7,OK
2024-03-14 19:00:00,PUMP-A02,Zone_A,2.22,1.15,56.6,1772.0,52.4,OK
2024-03-14 19:00:00,PUMP-B01,Zone_B,1.9,0.76,55.4,1786.0,54.8,OK
2024-03-14 19:00:00,COMP-C01,Zone_C,3.92,2.06,78.6,3633.0,58.8,OK
2024-03-14 19:00:00,COMP-C02,Zone_C,2.85,1.38,73.9,3645.0,60.7,OK
2024-03-14 19:00:00,FAN-D01,Zone_B,2.1,1.08,46.0,1244.0,59.7,OK
2024-03-14 20:00:00,PUMP-A01,Zone_A,3.33,1.45,61.2,1774.0,54.7,OK
2024-03-14 20:00:00,PUMP-A02,Zone_A,2.2,1.08,58.6,1779.0,62.9,OK
2024-03-14 20:00:00,PUMP-B01,Zone_B,1.94,1.11,54.2,1760.0,54.0,OK
2024-03-14 20:00:00,COMP-C01,Zone_C,4.19,2.11,75.8,3625.0,54.3,OK
2024-03-14 20:00:00,COMP-C02,Zone_C,3.27,1.62,76.5,3633.0,58.0,OK
2024-03-14 20:00:00,FAN-D01,Zone_B,1.96,1.1,49.4,1211.0,53.8,OK
2024-03-14 21:00:00,PUMP-A01,Zone_A,4.12,2.12,63.7,1784.0,59.8,OK
2024-03-14 21:00:00,PUMP-A02,Zone_A,2.64,1.4,62.1,1787.0,60.6,OK
2024-03-14 21:00:00,PUMP-B01,Zone_B,2.21,1.05,59.5,1789.0,62.7,OK
2024-03-14 21:00:00,COMP-C01,Zone_C,4.56,2.27,80.4,3724.0,68.3,OK
2024-03-14 21:00:00,COMP-C02,Zone_C,3.65,1.72,72.8,3705.0,56.9,OK
2024-03-14 21:00:00,FAN-D01,Zone_B,2.27,1.07,48.7,1219.0,52.9,OK
2024-03-14 22:00:00,PUMP-A01,Zone_A,3.85,1.9,63.9,1827.0,68.8,OK
2024-03-14 22:00:00,PUMP-A02,Zone_A,2.65,1.38,63.5,1839.0,69.9,OK
2024-03-14 22:00:00,PUMP-B01,Zone_B,2.07,1.12,59.2,1825.0,68.0,OK
2024-03-14 22:00:00,COMP-C01,Zone_C,4.12,1.95,79.2,3786.0,72.5,OK
2024-03-14 22:00:00,COMP-C02,Zone_C,3.73,1.82,78.2,3688.0,63.5,OK
2024-03-14 22:00:00,FAN-D01,Zone_B,2.0,0.93,47.4,1258.0,55.9,OK
2024-03-14 23:00:00,PUMP-A01,Zone_A,3.58,1.84,61.8,1775.0,59.7,OK
2024-03-14 23:00:00,PUMP-A02,Zone_A,2.95,1.38,57.1,1784.0,57.2,OK
2024-03-14 23:00:00,PUMP-B01,Zone_B,2.06,1.09,55.8,1788.0,62.5,OK
2024-03-14 23:00:00,COMP-C01,Zone_C,4.33,2.1,79.3,3760.0,71.5,OK
2024-03-14 23:00:00,COMP-C02,Zone_C,3.48,1.56,77.7,3771.0,73.2,OK
2024-03-14 23:00:00,FAN-D01,Zone_B,1.97,0.94,48.1,1206.0,66.1,OK
2024-03-15 00:00:00,PUMP-A01,Zone_A,3.59,1.9,59.6,1852.0,69.0,OK
2024-03-15 00:00:00,PUMP-A02,Zone_A,1.8,0.83,57.3,1814.0,66.2,OK
2024-03-15 00:00:00,PUMP-B01,Zone_B,2.47,1.34,61.8,1809.0,66.3,OK
2024-03-15 00:00:00,COMP-C01,Zone_C,3.93,1.91,80.1,3772.0,66.7,OK
2024-03-15 00:00:00,COMP-C02,Zone_C,3.93,1.83,78.5,3796.0,75.1,OK
2024-03-15 00:00:00,FAN-D01,Zone_B,1.72,0.91,49.6,1270.0,75.5,OK
2024-03-15 01:00:00,PUMP-A01,Zone_A,3.46,1.76,65.0,1865.0,76.0,OK
2024-03-15 01:00:00,PUMP-A02,Zone_A,2.12,1.21,61.9,1818.0,70.0,OK
2024-03-15 01:00:00,PUMP-B01,Zone_B,2.52,1.04,58.3,1819.0,69.3,OK
2024-03-15 01:00:00,COMP-C01,Zone_C,4.54,2.15,80.9,3691.0,67.1,OK
2024-03-15 01:00:00,COMP-C02,Zone_C,3.73,1.74,80.3,3806.0,76.0,OK
2024-03-15 01:00:00,FAN-D01,Zone_B,1.17,0.71,48.4,1271.0,76.6,OK
2024-03-15 02:00:00,PUMP-A01,Zone_A,3.42,1.83,64.2,1860.0,75.5,OK
2024-03-15 02:00:00,PUMP-A02,Zone_A,2.86,1.54,63.7,1887.0,80.7,OK
2024-03-15 02:00:00,PUMP-B01,Zone_B,2.67,1.4,60.8,1821.0,74.1,OK
2024-03-15 02:00:00,COMP-C01,Zone_C,4.75,2.36,82.3,3779.0,75.1,OK
2024-03-15 02:00:00,COMP-C02,Zone_C,3.72,1.86,80.5,3799.0,72.0,OK
2024-03-15 02:00:00,FAN-D01,Zone_B,1.68,0.81,47.7,1315.0,76.5,OK
2024-03-15 03:00:00,PUMP-A01,Zone_A,3.94,1.92,65.3,1849.0,79.4,OK
2024-03-15 03:00:00,PUMP-A02,Zone_A,2.86,1.48,57.6,1903.0,84.2,OK
2024-03-15 03:00:00,PUMP-B01,Zone_B,2.68,1.43,56.0,1865.0,87.4,OK
2024-03-15 03:00:00,COMP-C01,Zone_C,4.11,2.11,78.7,3828.0,80.4,OK
2024-03-15 03:00:00,COMP-C02,Zone_C,3.28,1.68,75.5,3828.0,76.6,OK
2024-03-15 03:00:00,FAN-D01,Zone_B,1.85,0.93,49.2,1256.0,79.4,OK
2024-03-15 04:00:00,PUMP-A01,Zone_A,3.35,1.54,61.3,1853.0,79.2,OK
2024-03-15 04:00:00,PUMP-A02,Zone_A,2.43,1.12,62.8,1915.0,91.4,OK
2024-03-15 04:00:00,PUMP-B01,Zone_B,2.65,1.31,61.4,1890.0,86.2,OK
2024-03-15 04:00:00,COMP-C01,Zone_C,4.53,2.13,81.1,3796.0,78.8,OK
2024-03-15 04:00:00,COMP-C02,Zone_C,4.23,2.19,77.3,3856.0,89.3,OK
2024-03-15 04:00:00,FAN-D01,Zone_B,1.38,0.71,51.3,1282.0,80.1,OK
2024-03-15 05:00:00,PUMP-A01,Zone_A,3.81,1.98,64.2,1894.0,89.3,OK
2024-03-15 05:00:00,PUMP-A02,Zone_A,2.42,1.31,61.5,1877.0,91.8,OK
2024-03-15 05:00:00,PUMP-B01,Zone_B,3.31,1.62,63.1,1841.0,86.3,OK
2024-03-15 05:00:00,COMP-C01,Zone_C,4.76,2.37,82.1,3859.0,82.9,OK
2024-03-15 05:00:00,COMP-C02,Zone_C,3.67,1.86,79.8,3799.0,79.0,OK
2024-03-15 05:00:00,FAN-D01,Zone_B,1.51,0.94,49.0,1266.0,76.3,OK
2024-03-15 06:00:00,PUMP-A01,Zone_A,3.72,1.91,60.6,1871.0,78.3,OK
2024-03-15 06:00:00,PUMP-A02,Zone_A,2.68,1.3,62.2,1910.0,91.8,OK
2024-03-15 06:00:00,PUMP-B01,Zone_B,2.57,1.3,63.2,1863.0,83.2,OK
2024-03-15 06:00:00,COMP-C01,Zone_C,4.88,2.45,83.6,3818.0,81.2,OK
2024-03-15 06:00:00,COMP-C02,Zone_C,3.98,2.01,81.6,3917.0,97.8,OK
2024-03-15 06:00:00,FAN-D01,Zone_B,2.19,1.15,49.2,1271.0,79.0,OK
2024-03-15 07:00:00,PUMP-A01,Zone_A,3.73,1.97,64.7,1859.0,83.3,OK
2024-03-15 07:00:00,PUMP-A02,Zone_A,2.46,1.17,62.4,1831.0,79.3,OK
2024-03-15 07:00:00,PUMP-B01,Zone_B,2.91,1.58,62.4,1958.0,94.5,OK
2024-03-15 07:00:00,COMP-C01,Zone_C,4.57,2.29,78.3,3824.0,81.7,OK
2024-03-15 07:00:00,COMP-C02,Zone_C,3.9,2.1,79.2,3801.0,78.4,OK
2024-03-15 07:00:00,FAN-D01,Zone_B,1.99,0.85,50.5,1300.0,91.2,OK
2024-03-15 08:00:00,PUMP-A01,Zone_A,3.87,2.06,63.8,1842.0,80.7,OK
2024-03-15 08:00:00,PUMP-A02,Zone_A,2.26,1.0,61.9,1878.0,84.5,OK
2024-03-15 08:00:00,PUMP-B01,Zone_B,3.6,1.84,66.0,1838.0,77.5,OK
2024-03-15 08:00:00,COMP-C01,Zone_C,4.33,1.9,82.8,3910.0,91.0,OK
2024-03-15 08:00:00,COMP-C02,Zone_C,3.99,1.73,83.0,3963.0,100.0,OK
2024-03-15 08:00:00,FAN-D01,Zone_B,1.5,0.64,52.0,1284.0,72.2,OK
2024-03-15 09:00:00,PUMP-A01,Zone_A,4.25,2.0,62.5,1824.0,76.4,OK
2024-03-15 09:00:00,PUMP-A02,Zone_A,2.96,1.54,61.1,1864.0,91.6,OK
2024-03-15 09:00:00,PUMP-B01,Zone_B,2.81,1.17,62.0,1843.0,77.5,OK
2024-03-15 09:00:00,COMP-C01,Zone_C,4.27,2.27,80.0,3861.0,84.4,OK
2024-03-15 09:00:00,COMP-C02,Zone_C,3.78,1.84,80.1,3769.0,73.3,OK
2024-03-15 09:00:00,FAN-D01,Zone_B,2.48,1.01,49.3,1283.0,85.2,OK
2024-03-15 10:00:00,PUMP-A01,Zone_A,3.28,1.71,60.1,1845.0,79.8,OK
2024-03-15 10:00:00,PUMP-A02,Zone_A,3.07,1.38,62.5,1855.0,76.2,OK
2024-03-15 10:00:00,PUMP-B01,Zone_B,2.7,1.42,63.6,1862.0,75.3,OK
2024-03-15 10:00:00,COMP-C01,Zone_C,3.98,1.93,78.6,3770.0,73.0,OK
2024-03-15 10:00:00,COMP-C02,Zone_C,3.51,1.62,80.0,3795.0,72.2,OK
2024-03-15 10:00:00,FAN-D01,Zone_B,1.51,0.76,46.0,1261.0,69.0,OK
2024-03-15 11:00:00,PUMP-A01,Zone_A,3.6,1.72,63.9,1836.0,80.3,OK
2024-03-15 11:00:00,PUMP-A02,Zone_A,2.39,1.11,58.3,1817.0,68.5,OK
2024-03-15 11:00:00,PUMP-B01,Zone_B,1.75,0.93,58.5,1814.0,75.0,OK
2024-03-15 11:00:00,COMP-C01,Zone_C,5.0,2.5,82.5,3757.0,68.3,OK
2024-03-15 11:00:00,COMP-C02,Zone_C,3.76,2.08,80.5,3728.0,69.3,OK
2024-03-15 11:00:00,FAN-D01,Zone_B,2.33,1.05,48.8,1279.0,74.7,OK
2024-03-15 12:00:00,PUMP-A01,Zone_A,3.88,2.0,62.0,1831.0,69.8,OK
2024-03-15 12:00:00,PUMP-A02,Zone_A,2.5,1.3,57.9,1787.0,65.8,OK
2024-03-15 12:00:00,PUMP-B01,Zone_B,2.83,1.42,58.1,1798.0,70.2,OK
2024-03-15 12:00:00,COMP-C01,Zone_C,4.83,2.49,81.4,3758.0,73.1,OK
2024-03-15 12:00:00,COMP-C02,Zone_C,3.53,1.89,78.2,3755.0,68.2,OK
2024-03-15 12:00:00,FAN-D01,Zone_B,1.68,0.96,49.7,1224.0,65.5,OK
2024-03-15 13:00:00,PUMP-A01,Zone_A,3.83,2.04,60.4,1755.0,62.6,SUSPECT
2024-03-15 13:00:00,PUMP-A02,Zone_A,2.12,1.1,61.5,1803.0,70.0,OK
2024-03-15 13:00:00,PUMP-B01,Zone_B,2.12,0.99,60.0,1760.0,67.5,OK
2024-03-15 13:00:00,COMP-C01,Zone_C,4.26,2.18,78.0,3675.0,58.5,OK
2024-03-15 13:00:00,COMP-C02,Zone_C,3.51,1.89,77.5,3713.0,66.3,OK
2024-03-15 13:00:00,FAN-D01,Zone_B,2.19,0.98,48.8,1240.0,66.4,OK
2024-03-15 14:00:00,PUMP-A01,Zone_A,3.66,1.98,62.0,1814.0,61.2,OK
2024-03-15 14:00:00,PUMP-A02,Zone_A,2.61,1.28,60.8,1784.0,61.7,SUSPECT
2024-03-15 14:00:00,PUMP-B01,Zone_B,2.55,1.34,53.8,1773.0,59.6,OK
2024-03-15 14:00:00,COMP-C01,Zone_C,3.84,1.94,75.6,3677.0,58.8,OK
2024-03-15 14:00:00,COMP-C02,Zone_C,3.02,1.48,73.3,3716.0,64.4,OK
2024-03-15 14:00:00,FAN-D01,Zone_B,2.15,1.11,50.6,1199.0,65.5,OK
2024-03-15 15:00:00,PUMP-A01,Zone_A,3.51,1.71,61.4,1794.0,56.2,OK
2024-03-15 15:00:00,PUMP-A02,Zone_A,2.29,1.32,55.4,1757.0,51.5,OK
2024-03-15 15:00:00,PUMP-B01,Zone_B,2.51,1.28,55.0,1750.0,58.8,OK
2024-03-15 15:00:00,COMP-C01,Zone_C,3.44,1.96,75.8,3571.0,47.0,OK
2024-03-15 15:00:00,COMP-C02,Zone_C,3.5,1.73,72.1,3684.0,56.5,OK
2024-03-15 15:00:00,FAN-D01,Zone_B,1.7,0.76,49.3,1215.0,59.9,OK
2024-03-15 16:00:00,PUMP-A01,Zone_A,3.11,1.69,56.5,1819.0,54.5,OK
2024-03-15 16:00:00,PUMP-A02,Zone_A,2.49,1.21,62.1,1753.0,59.2,OK
2024-03-15 16:00:00,PUMP-B01,Zone_B,2.24,1.28,57.1,1764.0,52.4,OK
2024-03-15 16:00:00,COMP-C01,Zone_C,4.04,2.11,80.3,3637.0,58.4,OK
2024-03-15 16:00:00,COMP-C02,Zone_C,3.07,1.5,75.8,3635.0,52.5,OK
2024-03-15 16:00:00,FAN-D01,Zone_B,1.91,0.95,48.1,1259.0,57.7,OK
2024-03-15 17:00:00,PUMP-A01,Zone_A,3.13,1.64,59.1,1758.0,52.3,OK
2024-03-15 17:00:00,PUMP-A02,Zone_A,2.5,1.15,54.9,1761.0,50.0,OK
2024-03-15 17:00:00,PUMP-B01,Zone_B,2.7,1.34,60.3,1792.0,61.0,OK
2024-03-15 17:00:00,COMP-C01,Zone_C,4.65,2.29,78.6,3635.0,54.0,OK
2024-03-15 17:00:00,COMP-C02,Zone_C,3.93,2.04,75.5,3666.0,57.6,OK
2024-03-15 17:00:00,FAN-D01,Zone_B,1.73,0.91,46.2,1198.0,52.4,OK
2024-03-15 18:00:00,PUMP-A01,Zone_A,3.62,1.98,60.8,1796.0,53.4,OK
2024-03-15 18:00:00,PUMP-A02,Zone_A,2.08,1.05,57.5,1748.0,51.3,OK
2024-03-15 18:00:00,PUMP-B01,Zone_B,2.15,0.97,60.1,1811.0,59.3,OK
2024-03-15 18:00:00,COMP-C01,Zone_C,4.79,2.43,82.2,3660.0,56.3,OK
2024-03-15 18:00:00,COMP-C02,Zone_C,3.3,1.59,72.9,3639.0,52.6,OK
2024-03-15 18:00:00,FAN-D01,Zone_B,1.76,0.82,47.1,1201.0,59.4,OK
2024-03-15 19:00:00,PUMP-A01,Zone_A,3.76,1.92,61.0,1768.0,52.4,OK
2024-03-15 19:00:00,PUMP-A02,Zone_A,1.49,0.94,58.0,1771.0,59.6,OK
2024-03-15 19:00:00,PUMP-B01,Zone_B,2.49,1.31,59.0,1804.0,58.1,OK
2024-03-15 19:00:00,COMP-C01,Zone_C,4.52,2.36,76.5,3653.0,56.2,OK
2024-03-15 19:00:00,COMP-C02,Zone_C,3.32,1.55,74.9,3656.0,60.4,OK
2024-03-15 19:00:00,FAN-D01,Zone_B,1.55,0.6,46.3,1245.0,67.5,OK
2024-03-15 20:00:00,PUMP-A01,Zone_A,4.1,2.14,64.7,1807.0,67.9,OK
2024-03-15 20:00:00,PUMP-A02,Zone_A,2.74,1.34,61.6,1798.0,56.2,OK
2024-03-15 20:00:00,PUMP-B01,Zone_B,2.29,1.1,56.3,1783.0,56.3,OK
2024-03-15 20:00:00,COMP-C01,Zone_C,4.38,2.12,76.9,3729.0,61.6,OK
2024-03-15 20:00:00,COMP-C02,Zone_C,3.65,1.77,75.9,3687.0,59.7,OK
2024-03-15 20:00:00,FAN-D01,Zone_B,1.13,0.76,43.3,1213.0,57.8,OK
2024-03-15 21:00:00,PUMP-A01,Zone_A,3.54,1.8,58.7,1776.0,60.5,OK
2024-03-15 21:00:00,PUMP-A02,Zone_A,2.84,1.45,60.8,1816.0,60.1,OK
2024-03-15 21:00:00,PUMP-B01,Zone_B,2.53,1.2,56.4,1745.0,53.8,OK
2024-03-15 21:00:00,COMP-C01,Zone_C,4.67,2.3,78.3,3707.0,65.8,OK
2024-03-15 21:00:00,COMP-C02,Zone_C,3.01,1.68,77.6,3637.0,57.7,OK
2024-03-15 21:00:00,FAN-D01,Zone_B,1.5,0.58,44.4,1176.0,58.9,OK
2024-03-15 22:00:00,PUMP-A01,Zone_A,3.48,1.76,60.6,1745.0,60.2,OK
2024-03-15 22:00:00,PUMP-A02,Zone_A,2.5,1.29,61.9,1807.0,73.4,OK
2024-03-15 22:00:00,PUMP-B01,Zone_B,2.25,1.29,57.4,1741.0,53.7,OK
2024-03-15 22:00:00,COMP-C01,Zone_C,4.41,2.16,76.5,3680.0,59.1,OK
2024-03-15 22:00:00,COMP-C02,Zone_C,3.96,2.08,76.3,3776.0,71.0,OK
2024-03-15 22:00:00,FAN-D01,Zone_B,1.66,0.78,45.9,1222.0,62.3,OK
2024-03-15 23:00:00,PUMP-A01,Zone_A,3.16,1.57,59.9,1831.0,66.7,OK
2024-03-15 23:00:00,PUMP-A02,Zone_A,2.01,1.02,60.0,1795.0,71.1,SUSPECT
2024-03-15 23:00:00,PUMP-B01,Zone_B,2.52,1.19,59.0,1851.0,70.4,OK
2024-03-15 23:00:00,COMP-C01,Zone_C,4.41,2.07,79.3,3749.0,71.9,OK
2024-03-15 23:00:00,COMP-C02,Zone_C,3.46,1.58,75.0,3677.0,59.2,OK
2024-03-15 23:00:00,FAN-D01,Zone_B,1.74,0.64,47.8,1230.0,64.7,OK
2024-03-16 00:00:00,PUMP-A01,Zone_A,3.57,1.95,59.8,1788.0,63.1,SUSPECT
2024-03-16 00:00:00,PUMP-A02,Zone_A,2.7,1.53,59.6,1835.0,74.2,OK
2024-03-16 00:00:00,PUMP-B01,Zone_B,2.68,1.28,60.1,1831.0,67.3,OK
2024-03-16 00:00:00,COMP-C01,Zone_C,4.73,2.36,76.0,3742.0,70.6,OK
2024-03-16 00:00:00,COMP-C02,Zone_C,3.85,1.9,79.7,3699.0,67.9,OK
2024-03-16 00:00:00,FAN-D01,Zone_B,1.91,0.99,51.4,1236.0,73.4,OK
2024-03-16 01:00:00,PUMP-A01,Zone_A,4.08,1.81,60.7,1842.0,70.4,OK
2024-03-16 01:00:00,PUMP-A02,Zone_A,2.65,1.22,62.5,1833.0,69.8,OK
2024-03-16 01:00:00,PUMP-B01,Zone_B,2.96,1.41,59.8,1858.0,80.1,OK
2024-03-16 01:00:00,COMP-C01,Zone_C,4.57,2.33,80.0,3705.0,67.5,OK
2024-03-16 01:00:00,COMP-C02,Zone_C,3.52,1.87,76.2,3692.0,63.8,OK
2024-03-16 01:00:00,FAN-D01,Zone_B,1.39,0.69,47.1,1230.0,74.6,OK
2024-03-16 02:00:00,PUMP-A01,Zone_A,3.65,1.86,68.7,1839.0,80.0,OK
2024-03-16 02:00:00,PUMP-A02,Zone_A,2.81,1.42,59.8,1843.0,77.1,OK
2024-03-16 02:00:00,PUMP-B01,Zone_B,2.25,1.22,58.1,1817.0,71.5,OK
2024-03-16 02:00:00,COMP-C01,Zone_C,4.59,2.24,81.9,3825.0,81.8,OK
2024-03-16 02:00:00,COMP-C02,Zone_C,3.85,2.09,77.3,3775.0,75.2,OK
2024-03-16 02:00:00,FAN-D01,Zone_B,1.58,0.85,49.1,1257.0,77.0,OK
2024-03-16 03:00:00,PUMP-A01,Zone_A,4.0,1.92,62.5,1854.0,80.9,OK
2024-03-16 03:00:00,PUMP-A02,Zone_A,2.07,0.84,56.3,1809.0,71.4,OK
2024-03-16 03:00:00,PUMP-B01,Zone_B,2.57,1.27,61.3,1834.0,74.6,OK
2024-03-16 03:00:00,COMP-C01,Zone_C,4.19,2.21,78.5,3811.0,82.6,OK
2024-03-16 03:00:00,COMP-C02,Zone_C,3.83,2.02,82.9,3916.0,92.3,OK
2024-03-16 03:00:00,FAN-D01,Zone_B,1.97,0.92,48.9,1221.0,76.0,OK
2024-03-16 04:00:00,PUMP-A01,Zone_A,3.72,1.87,66.6,1935.0,97.1,OK
2024-03-16 04:00:00,PUMP-A02,Zone_A,2.28,1.11,61.8,1886.0,87.4,OK
2024-03-16 04:00:00,PUMP-B01,Zone_B,2.54,1.3,58.0,1830.0,78.3,OK
2024-03-16 04:00:00,COMP-C01,Zone_C,4.21,1.99,80.7,3896.0,93.2,OK
2024-03-16 04:00:00,COMP-C02,Zone_C,3.58,1.98,77.9,3771.0,73.4,OK
2024-03-16 04:00:00,FAN-D01,Zone_B,1.73,0.71,49.9,1278.0,83.9,OK
2024-03-16 05:00:00,PUMP-A01,Zone_A,3.93,1.87,65.7,1852.0,83.8,OK
2024-03-16 05:00:00,PUMP-A02,Zone_A,3.11,1.44,62.6,1883.0,86.4,OK
2024-03-16 05:00:00,PUMP-B01,Zone_B,2.63,1.35,64.7,1886.0,84.3,OK
2024-03-16 05:00:00,COMP-C01,Zone_C,4.31,2.29,80.4,3876.0,87.3,OK
2024-03-16 05:00:00,COMP-C02,Zone_C,3.99,2.06,78.5,3804.0,77.8,OK
2024-03-16 05:00:00,FAN-D01,Zone_B,2.29,1.16,51.8,1273.0,75.9,OK
2024-03-16 06:00:00,PUMP-A01,Zone_A,3.79,1.85,64.0,1871.0,83.2,OK
2024-03-16 06:00:00,PUMP-A02,Zone_A,2.21,1.06,59.7,1855.0,80.9,OK
2024-03-16 06:00:00,PUMP-B01,Zone_B,3.05,1.6,61.7,1869.0,83.0,OK
2024-03-16 06:00:00,COMP-C01,Zone_C,3.93,1.95,76.9,3833.0,81.8,OK
2024-03-16 06:00:00,COMP-C02,Zone_C,3.45,1.85,73.9,3796.0,77.7,OK
2024-03-16 06:00:00,FAN-D01,Zone_B,2.02,1.0,53.2,1247.0,80.0,OK
2024-03-16 07:00:00,PUMP-A01,Zone_A,3.77,1.76,62.9,1880.0,83.7,OK
2024-03-16 07:00:00,PUMP-A02,Zone_A,1.65,0.75,57.9,1840.0,76.4,OK
2024-03-16 07:00:00,PUMP-B01,Zone_B,2.95,1.47,64.6,1895.0,87.1,OK
2024-03-16 07:00:00,COMP-C01,Zone_C,4.57,2.17,79.7,3825.0,81.5,OK
2024-03-16 07:00:00,COMP-C02,Zone_C,4.04,2.09,80.6,3860.0,83.1,OK
2024-03-16 07:00:00,FAN-D01,Zone_B,1.99,0.87,50.7,1296.0,84.1,OK
2024-03-16 08:00:00,PUMP-A01,Zone_A,4.69,2.51,64.1,1882.0,90.3,OK
2024-03-16 08:00:00,PUMP-A02,Zone_A,2.22,1.2,64.2,1855.0,89.2,OK
2024-03-16 08:00:00,PUMP-B01,Zone_B,2.5,1.03,63.0,1872.0,80.7,OK
2024-03-16 08:00:00,COMP-C01,Zone_C,3.87,2.06,83.4,3873.0,84.8,OK
2024-03-16 08:00:00,COMP-C02,Zone_C,3.24,1.57,76.1,3904.0,88.9,OK
2024-03-16 08:00:00,FAN-D01,Zone_B,1.34,0.62,51.4,1265.0,86.2,OK
2024-03-16 09:00:00,PUMP-A01,Zone_A,3.74,1.61,65.1,1882.0,82.9,OK
2024-03-16 09:00:00,PUMP-A02,Zone_A,2.8,1.52,56.8,1824.0,70.5,OK
2024-03-16 09:00:00,PUMP-B01,Zone_B,2.67,1.28,61.5,1843.0,81.1,OK
2024-03-16 09:00:00,COMP-C01,Zone_C,4.22,2.04,78.2,3823.0,78.7,OK
2024-03-16 09:00:00,COMP-C02,Zone_C,3.47,1.81,76.5,3795.0,78.6,SUSPECT
2024-03-16 09:00:00,FAN-D01,Zone_B,1.66,0.87,50.1,1279.0,78.7,OK
2024-03-16 10:00:00,PUMP-A01,Zone_A,3.84,1.9,61.7,1879.0,82.0,OK
2024-03-16 10:00:00,PUMP-A02,Zone_A,2.36,1.33,63.2,1825.0,70.6,OK
2024-03-16 10:00:00,PUMP-B01,Zone_B,3.1,1.77,63.4,1861.0,77.8,OK
2024-03-16 10:00:00,COMP-C01,Zone_C,4.45,2.15,78.5,3831.0,77.7,OK
2024-03-16 10:00:00,COMP-C02,Zone_C,3.02,1.58,77.0,3825.0,86.1,OK
2024-03-16 10:00:00,FAN-D01,Zone_B,1.9,1.0,49.1,1262.0,79.7,OK
2024-03-16 11:00:00,PUMP-A01,Zone_A,4.09,2.03,65.4,1881.0,78.5,SUSPECT
2024-03-16 11:00:00,PUMP-A02,Zone_A,2.62,1.31,61.0,1824.0,76.0,OK
2024-03-16 11:00:00,PUMP-B01,Zone_B,2.67,1.33,59.6,1889.0,83.0,OK
2024-03-16 11:00:00,COMP-C01,Zone_C,4.72,2.28,80.4,3833.0,83.0,OK
2024-03-16 11:00:00,COMP-C02,Zone_C,3.66,1.85,76.0,3806.0,78.4,OK
2024-03-16 11:00:00,FAN-D01,Zone_B,1.46,0.74,52.1,1274.0,75.7,OK
2024-03-16 12:00:00,PUMP-A01,Zone_A,3.42,1.81,61.5,1814.0,75.3,OK
2024-03-16 12:00:00,PUMP-A02,Zone_A,2.76,1.48,61.1,1781.0,60.1,OK
2024-03-16 12:00:00,PUMP-B01,Zone_B,2.93,1.57,58.5,1782.0,63.3,OK
2024-03-16 12:00:00,COMP-C01,Zone_C,4.49,2.26,79.6,3690.0,63.9,OK
2024-03-16 12:00:00,COMP-C02,Zone_C,3.85,1.93,76.7,3750.0,73.2,OK
2024-03-16 12:00:00,FAN-D01,Zone_B,2.29,1.16,48.2,1263.0,74.5,OK
2024-03-16 13:00:00,PUMP-A01,Zone_A,3.84,1.88,61.5,1780.0,69.9,OK
2024-03-16 13:00:00,PUMP-A02,Zone_A,2.21,1.24,60.8,1815.0,59.5,OK
2024-03-16 13:00:00,PUMP-B01,Zone_B,2.13,0.96,57.4,1789.0,65.8,OK
2024-03-16 13:00:00,COMP-C01,Zone_C,4.44,2.16,78.1,3685.0,61.6,OK
2024-03-16 13:00:00,COMP-C02,Zone_C,2.89,1.35,72.0,3703.0,64.9,OK
2024-03-16 13:00:00,FAN-D01,Zone_B,1.97,1.01,46.3,1274.0,70.2,OK
2024-03-16 14:00:00,PUMP-A01,Zone_A,3.93,1.9,60.0,1816.0,73.1,OK
2024-03-16 14:00:00,PUMP-A02,Zone_A,2.7,1.23,58.8,1799.0,69.6,OK
2024-03-16 14:00:00,PUMP-B01,Zone_B,2.71,1.32,59.1,1761.0,65.3,OK
2024-03-16 14:00:00,COMP-C01,Zone_C,4.0,2.0,78.0,3638.0,57.1,OK
2024-03-16 14:00:00,COMP-C02,Zone_C,3.33,1.81,78.2,3686.0,66.1,OK
2024-03-16 14:00:00,FAN-D01,Zone_B,1.6,0.83,44.6,1255.0,64.2,OK
2024-03-16 15:00:00,PUMP-A01,Zone_A,3.77,1.89,62.8,1829.0,65.6,OK
2024-03-16 15:00:00,PUMP-A02,Zone_A,2.64,1.34,58.6,1752.0,57.6,OK
2024-03-16 15:00:00,PUMP-B01,Zone_B,2.77,1.49,57.2,1771.0,56.8,OK
2024-03-16 15:00:00,COMP-C01,Zone_C,4.26,2.04,75.6,3691.0,65.3,OK
2024-03-16 15:00:00,COMP-C02,Zone_C,3.39,1.57,76.6,3630.0,58.4,OK
2024-03-16 15:00:00,FAN-D01,Zone_B,1.73,0.8,47.8,1222.0,66.2,OK
2024-03-16 16:00:00,PUMP-A01,Zone_A,3.9,1.76,61.6,1770.0,51.6,OK
2024-03-16 16:00:00,PUMP-A02,Zone_A,2.44,1.24,60.9,1791.0,69.7,OK
2024-03-16 16:00:00,PUMP-B01,Zone_B,2.66,1.39,59.0,1726.0,48.5,OK
2024-03-16 16:00:00,COMP-C01,Zone_C,4.45,2.37,76.7,3648.0,60.5,OK
2024-03-16 16:00:00,COMP-C02,Zone_C,3.28,1.79,73.8,3579.0,47.7,SUSPECT
2024-03-16 16:00:00,FAN-D01,Zone_B,1.6,0.81,43.6,1176.0,57.5,OK
2024-03-16 17:00:00,PUMP-A01,Zone_A,3.53,1.82,64.1,1772.0,48.0,OK
2024-03-16 17:00:00,PUMP-A02,Zone_A,2.26,1.22,59.3,1764.0,53.8,OK
2024-03-16 17:00:00,PUMP-B01,Zone_B,2.32,1.14,56.1,1749.0,52.3,OK
2024-03-16 17:00:00,COMP-C01,Zone_C,4.44,2.45,77.9,3571.0,44.2,OK
2024-03-16 17:00:00,COMP-C02,Zone_C,3.37,1.73,75.0,3765.0,68.0,OK
2024-03-16 17:00:00,FAN-D01,Zone_B,1.86,1.03,49.9,1184.0,52.1,OK
2024-03-16 18:00:00,PUMP-A01,Zone_A,4.02,2.07,60.0,1769.0,57.1,OK
2024-03-16 18:00:00,PUMP-A02,Zone_A,2.07,1.05,57.6,1719.0,45.3,OK
2024-03-16 18:00:00,PUMP-B01,Zone_B,2.43,1.35,58.5,1763.0,54.5,OK
2024-03-16 18:00:00,COMP-C01,Zone_C,3.89,1.99,75.1,3621.0,52.1,OK
2024-03-16 18:00:00,COMP-C02,Zone_C,3.82,1.92,80.5,3649.0,54.0,OK
2024-03-16 18:00:00,FAN-D01,Zone_B,1.71,0.95,47.6,1257.0,62.2,OK
2024-03-16 19:00:00,PUMP-A01,Zone_A,3.9,1.97,61.5,1786.0,58.7,OK
2024-03-16 19:00:00,PUMP-A02,Zone_A,1.93,0.94,57.4,1788.0,55.3,OK
2024-03-16 19:00:00,PUMP-B01,Zone_B,2.06,1.02,60.4,1783.0,57.6,OK
2024-03-16 19:00:00,COMP-C01,Zone_C,4.34,2.06,79.0,3722.0,67.8,OK
2024-03-16 19:00:00,COMP-C02,Zone_C,3.82,1.95,75.9,3598.0,48.7,OK
2024-03-16 19:00:00,FAN-D01,Zone_B,1.45,0.63,45.0,1212.0,52.4,OK
2024-03-16 20:00:00,PUMP-A01,Zone_A,3.25,1.54,60.9,1840.0,68.3,OK
2024-03-16 20:00:00,PUMP-A02,Zone_A,2.56,1.13,55.2,1793.0,56.2,OK
2024-03-16 20:00:00,PUMP-B01,Zone_B,2.15,0.99,55.2,1743.0,54.0,OK
2024-03-16 20:00:00,COMP-C01,Zone_C,4.19,2.13,79.6,3686.0,62.4,OK
2024-03-16 20:00:00,COMP-C02,Zone_C,3.41,1.75,72.4,3582.0,51.6,OK
2024-03-16 20:00:00,FAN-D01,Zone_B,1.88,1.07,48.2,1219.0,54.4,OK
2024-03-16 21:00:00,PUMP-A01,Zone_A,3.66,1.75,62.6,1805.0,57.1,OK
2024-03-16 21:00:00,PUMP-A02,Zone_A,2.16,1.0,55.1,1761.0,55.9,OK
2024-03-16 21:00:00,PUMP-B01,Zone_B,2.53,1.09,58.0,1747.0,56.7,OK
2024-03-16 21:00:00,COMP-C01,Zone_C,4.69,2.33,81.0,3681.0,62.7,OK
2024-03-16 21:00:00,COMP-C02,Zone_C,2.97,1.41,75.3,3635.0,54.4,OK
2024-03-16 21:00:00,FAN-D01,Zone_B,1.43,0.67,46.7,1225.0,60.3,OK
2024-03-16 22:00:00,PUMP-A01,Zone_A,3.04,1.59,61.1,1775.0,59.3,OK
2024-03-16 22:00:00,PUMP-A02,Zone_A,2.46,1.48,59.2,1734.0,56.7,OK
2024-03-16 22:00:00,PUMP-B01,Zone_B,2.49,1.14,62.0,1807.0,73.1,OK
2024-03-16 22:00:00,COMP-C01,Zone_C,4.18,2.15,77.0,3646.0,60.7,OK
2024-03-16 22:00:00,COMP-C02,Zone_C,3.42,1.67,77.2,3687.0,61.9,OK
2024-03-16 22:00:00,FAN-D01,Zone_B,1.74,0.89,49.5,1224.0,66.7,OK
2024-03-16 23:00:00,PUMP-A01,Zone_A,3.58,1.89,64.0,1792.0,61.1,OK
2024-03-16 23:00:00,PUMP-A02,Zone_A,2.3,1.13,58.3,1734.0,50.9,OK
2024-03-16 23:00:00,PUMP-B01,Zone_B,2.86,1.46,58.2,1826.0,71.9,OK
2024-03-16 23:00:00,COMP-C01,Zone_C,4.29,2.25,78.6,3688.0,61.3,OK
2024-03-16 23:00:00,COMP-C02,Zone_C,3.56,1.74,76.1,3722.0,66.8,OK
2024-03-16 23:00:00,FAN-D01,Zone_B,2.02,1.07,45.8,1262.0,68.5,OK
2024-03-17 00:00:00,PUMP-A01,Zone_A,3.77,1.86,59.3,1838.0,74.4,OK
2024-03-17 00:00:00,PUMP-A02,Zone_A,2.51,1.39,63.8,1780.0,66.6,OK
2024-03-17 00:00:00,PUMP-B01,Zone_B,2.33,1.22,62.2,1821.0,68.4,OK
2024-03-17 00:00:00,COMP-C01,Zone_C,4.26,1.93,79.6,3804.0,77.1,OK
2024-03-17 00:00:00,COMP-C02,Zone_C,3.74,1.81,78.6,3762.0,74.3,OK
2024-03-17 00:00:00,FAN-D01,Zone_B,1.5,0.7,46.7,1247.0,67.5,OK
2024-03-17 01:00:00,PUMP-A01,Zone_A,2.99,1.49,61.5,1844.0,75.4,OK
2024-03-17 01:00:00,PUMP-A02,Zone_A,2.38,1.08,63.0,1818.0,74.3,OK
2024-03-17 01:00:00,PUMP-B01,Zone_B,2.14,1.28,59.7,1811.0,74.5,OK
2024-03-17 01:00:00,COMP-C01,Zone_C,4.11,2.08,82.6,3765.0,72.3,OK
2024-03-17 01:00:00,COMP-C02,Zone_C,3.66,1.89,76.3,3743.0,69.1,OK
2024-03-17 01:00:00,FAN-D01,Zone_B,1.79,1.04,50.6,1300.0,82.9,OK
2024-03-17 02:00:00,PUMP-A01,Zone_A,3.49,1.8,63.6,1829.0,67.4,OK
2024-03-17 02:00:00,PUMP-A02,Zone_A,2.04,1.13,61.4,1881.0,78.5,OK
2024-03-17 02:00:00,PUMP-B01,Zone_B,2.92,1.52,56.7,1840.0,76.1,OK
2024-03-17 02:00:00,COMP-C01,Zone_C,4.85,2.49,80.9,3778.0,78.5,OK
2024-03-17 02:00:00,COMP-C02,Zone_C,3.14,1.65,77.0,3812.0,76.2,OK
2024-03-17 02:00:00,FAN-D01,Zone_B,1.95,0.92,50.0,1257.0,73.2,OK
2024-03-17 03:00:00,PUMP-A01,Zone_A,3.73,1.99,63.0,1848.0,81.3,OK
2024-03-17 03:00:00,PUMP-A02,Zone_A,3.0,1.59,62.3,1847.0,73.4,OK
2024-03-17 03:00:00,PUMP-B01,Zone_B,1.88,0.88,61.0,1873.0,82.6,OK
2024-03-17 03:00:00,COMP-C01,Zone_C,4.39,2.15,79.1,3852.0,86.1,OK
2024-03-17 03:00:00,COMP-C02,Zone_C,3.53,1.72,78.9,3880.0,84.9,OK
2024-03-17 03:00:00,FAN-D01,Zone_B,1.82,0.75,50.9,1306.0,77.7,OK
2024-03-17 04:00:00,PUMP-A01,Zone_A,3.62,1.8,61.5,1873.0,87.6,OK
2024-03-17 04:00:00,PUMP-A02,Zone_A,2.59,1.3,63.0,1863.0,85.4,OK
2024-03-17 04:00:00,PUMP-B01,Zone_B,2.43,1.0,58.1,1875.0,73.9,OK
2024-03-17 04:00:00,COMP-C01,Zone_C,4.76,2.43,81.2,3848.0,86.0,OK
2024-03-17 04:00:00,COMP-C02,Zone_C,3.8,1.9,80.7,3902.0,90.4,SUSPECT
2024-03-17 04:00:00,FAN-D01,Zone_B,1.7,0.77,48.6,1277.0,79.0,OK
2024-03-17 05:00:00,PUMP-A01,Zone_A,3.84,2.01,65.2,1798.0,73.7,OK
2024-03-17 05:00:00,PUMP-A02,Zone_A,2.97,1.46,59.5,1881.0,77.8,OK
2024-03-17 05:00:00,PUMP-B01,Zone_B,3.19,1.45,62.9,1881.0,87.2,OK
2024-03-17 05:00:00,COMP-C01,Zone_C,4.72,2.53,80.8,3809.0,78.8,OK
2024-03-17 05:00:00,COMP-C02,Zone_C,3.83,1.83,83.2,3859.0,85.3,SUSPECT
2024-03-17 05:00:00,FAN-D01,Zone_B,1.94,1.05,54.8,1330.0,92.3,OK
2024-03-17 06:00:00,PUMP-A01,Zone_A,3.23,1.57,63.8,1878.0,85.7,OK
2024-03-17 06:00:00,PUMP-A02,Zone_A,3.21,1.52,63.6,1810.0,73.7,OK
2024-03-17 06:00:00,PUMP-B01,Zone_B,2.55,1.28,63.2,1888.0,85.0,OK
2024-03-17 06:00:00,COMP-C01,Zone_C,4.68,2.17,82.4,3859.0,85.0,OK
2024-03-17 06:00:00,COMP-C02,Zone_C,3.4,1.75,76.6,3849.0,87.8,OK
2024-03-17 06:00:00,FAN-D01,Zone_B,1.89,0.97,47.4,1283.0,79.5,OK
2024-03-17 07:00:00,PUMP-A01,Zone_A,3.56,1.82,63.1,1906.0,89.4,OK
2024-03-17 07:00:00,PUMP-A02,Zone_A,3.15,1.66,62.1,1836.0,78.2,OK
2024-03-17 07:00:00,PUMP-B01,Zone_B,2.65,1.36,57.8,1823.0,79.2,OK
2024-03-17 07:00:00,COMP-C01,Zone_C,4.54,2.25,82.6,3889.0,88.6,OK
2024-03-17 07:00:00,COMP-C02,Zone_C,3.61,1.77,79.8,3863.0,83.8,OK
2024-03-17 07:00:00,FAN-D01,Zone_B,1.54,0.66,50.3,1272.0,85.2,OK
2024-03-17 08:00:00,PUMP-A01,Zone_A,3.99,1.98,66.6,1890.0,90.3,OK
2024-03-17 08:00:00,PUMP-A02,Zone_A,2.63,1.23,62.4,1876.0,82.5,OK
2024-03-17 08:00:00,PUMP-B01,Zone_B,2.74,1.46,58.1,1832.0,79.4,OK
2024-03-17 08:00:00,COMP-C01,Zone_C,4.41,2.05,79.1,3849.0,84.0,OK
2024-03-17 08:00:00,COMP-C02,Zone_C,3.64,1.64,81.5,3859.0,82.3,OK
2024-03-17 08:00:00,FAN-D01,Zone_B,1.79,0.93,49.2,1276.0,87.1,OK
2024-03-17 09:00:00,PUMP-A01,Zone_A,3.88,2.03,64.7,1867.0,80.0,OK
2024-03-17 09:00:00,PUMP-A02,Zone_A,2.96,1.48,61.1,1864.0,87.9,OK
2024-03-17 09:00:00,PUMP-B01,Zone_B,2.56,1.07,60.5,1832.0,77.5,OK
2024-03-17 09:00:00,COMP-C01,Zone_C,4.37,2.31,80.8,3852.0,81.6,OK
2024-03-17 09:00:00,COMP-C02,Zone_C,4.26,2.12,78.8,3901.0,88.2,OK
2024-03-17 09:00:00,FAN-D01,Zone_B,1.41,0.79,48.4,1262.0,74.8,OK
2024-03-17 10:00:00,PUMP-A01,Zone_A,3.38,1.59,63.3,1827.0,74.7,OK
2024-03-17 10:00:00,PUMP-A02,Zone_A,3.34,1.63,60.4,1866.0,84.9,OK
2024-03-17 10:00:00,PUMP-B01,Zone_B,2.12,1.15,60.4,1857.0,73.6,OK
2024-03-17 10:00:00,COMP-C01,Zone_C,4.42,2.11,82.7,3836.0,79.5,OK
2024-03-17 10:00:00,COMP-C02,Zone_C,3.65,1.75,75.6,3745.0,71.8,OK
2024-03-17 10:00:00,FAN-D01,Zone_B,2.17,1.28,50.5,1241.0,70.3,OK
2024-03-17 11:00:00,PUMP-A01,Zone_A,3.81,1.92,61.8,1857.0,79.9,OK
2024-03-17 11:00:00,PUMP-A02,Zone_A,2.67,1.31,62.1,1813.0,69.5,OK
2024-03-17 11:00:00,PUMP-B01,Zone_B,2.34,1.2,56.4,1835.0,70.1,OK
2024-03-17 11:00:00,COMP-C01,Zone_C,4.47,2.25,84.7,3794.0,74.7,OK
2024-03-17 11:00:00,COMP-C02,Zone_C,3.46,1.72,77.1,3830.0,81.6,OK
2024-03-17 11:00:00,FAN-D01,Zone_B,2.03,1.13,49.7,1244.0,71.5,OK
2024-03-17 12:00:00,PUMP-A01,Zone_A,4.07,2.0,65.5,1827.0,71.4,OK
2024-03-17 12:00:00,PUMP-A02,Zone_A,2.18,1.07,60.8,1795.0,65.7,OK
2024-03-17 12:00:00,PUMP-B01,Zone_B,2.55,1.34,65.0,1836.0,68.9,OK
2024-03-17 12:00:00,COMP-C01,Zone_C,4.58,2.39,76.2,3660.0,60.1,OK
2024-03-17 12:00:00,COMP-C02,Zone_C,2.91,1.46,75.0,3658.0,56.7,OK
2024-03-17 12:00:00,FAN-D01,Zone_B,1.58,0.86,48.5,1260.0,74.5,OK
2024-03-17 13:00:00,PUMP-A01,Zone_A,3.94,1.96,63.5,1821.0,67.6,OK
2024-03-17 13:00:00,PUMP-A02,Zone_A,2.15,1.11,56.1,1825.0,69.7,OK
2024-03-17 13:00:00,PUMP-B01,Zone_B,2.16,1.03,57.9,1871.0,73.8,OK
2024-03-17 13:00:00,COMP-C01,Zone_C,5.26,2.66,79.9,3875.0,83.6,OK
2024-03-17 13:00:00,COMP-C02,Zone_C,3.18,1.46,77.1,3751.0,70.1,OK
2024-03-17 13:00:00,FAN-D01,Zone_B,1.21,0.44,47.6,1192.0,66.8,OK
2024-03-17 14:00:00,PUMP-A01,Zone_A,3.74,1.74,63.9,1804.0,64.6,OK
2024-03-17 14:00:00,PUMP-A02,Zone_A,2.83,1.51,60.5,1807.0,62.7,OK
2024-03-17 14:00:00,PUMP-B01,Zone_B,2.85,1.31,61.0,1836.0,67.0,OK
2024-03-17 14:00:00,COMP-C01,Zone_C,3.97,1.97,76.8,3630.0,55.6,OK
2024-03-17 14:00:00,COMP-C02,Zone_C,3.68,1.87,78.0,3704.0,61.7,OK
2024-03-17 14:00:00,FAN-D01,Zone_B,2.02,0.95,46.1,1243.0,65.7,OK
2024-03-17 15:00:00,PUMP-A01,Zone_A,3.49,1.72,60.3,1781.0,61.6,OK
2024-03-17 15:00:00,PUMP-A02,Zone_A,2.6,1.41,60.9,1790.0,53.9,OK
2024-03-17 15:00:00,PUMP-B01,Zone_B,2.34,1.03,58.5,1767.0,55.5,OK
2024-03-17 15:00:00,COMP-C01,Zone_C,4.33,2.15,79.2,3640.0,56.7,OK
2024-03-17 15:00:00,COMP-C02,Zone_C,3.87,1.94,77.2,3668.0,56.2,OK
2024-03-17 15:00:00,FAN-D01,Zone_B,1.95,0.92,46.7,1202.0,52.0,OK
2024-03-17 16:00:00,PUMP-A01,Zone_A,3.54,1.83,64.9,1809.0,63.1,OK
2024-03-17 16:00:00,PUMP-A02,Zone_A,2.28,1.14,54.7,1770.0,51.2,OK
2024-03-17 16:00:00,PUMP-B01,Zone_B,2.95,1.43,58.0,1781.0,60.5,OK
2024-03-17 16:00:00,COMP-C01,Zone_C,4.03,1.85,77.6,3687.0,61.5,OK
2024-03-17 16:00:00,COMP-C02,Zone_C,2.94,1.43,74.3,3658.0,58.6,OK
2024-03-17 16:00:00,FAN-D01,Zone_B,1.82,0.96,45.6,1262.0,59.6,OK
2024-03-17 17:00:00,PUMP-A01,Zone_A,3.47,1.56,58.5,1750.0,54.0,OK
2024-03-17 17:00:00,PUMP-A02,Zone_A,2.63,1.33,58.2,1737.0,50.6,OK
2024-03-17 17:00:00,PUMP-B01,Zone_B,2.56,1.34,60.9,1763.0,48.2,OK
2024-03-17 17:00:00,COMP-C01,Zone_C,4.01,2.11,77.6,3700.0,64.4,OK
2024-03-17 17:00:00,COMP-C02,Zone_C,2.74,1.4,72.9,3642.0,53.8,OK
2024-03-17 17:00:00,FAN-D01,Zone_B,1.6,0.76,50.1,1222.0,54.4,OK
2024-03-17 18:00:00,PUMP-A01,Zone_A,3.28,1.67,59.6,1756.0,55.7,OK
2024-03-17 18:00:00,PUMP-A02,Zone_A,2.97,1.41,58.4,1794.0,64.9,OK
2024-03-17 18:00:00,PUMP-B01,Zone_B,2.08,0.97,57.4,1807.0,63.0,OK
2024-03-17 18:00:00,COMP-C01,Zone_C,4.13,2.03,76.8,3630.0,51.0,OK
2024-03-17 18:00:00,COMP-C02,Zone_C,3.31,1.69,80.7,3669.0,60.7,OK
2024-03-17 18:00:00,FAN-D01,Zone_B,1.34,0.59,44.4,1188.0,52.2,OK
2024-03-17 19:00:00,PUMP-A01,Zone_A,4.03,2.04,60.9,1814.0,57.2,OK
2024-03-17 19:00:00,PUMP-A02,Zone_A,2.21,0.99,58.4,1794.0,57.4,OK
2024-03-17 19:00:00,PUMP-B01,Zone_B,2.6,1.19,58.3,1781.0,54.2,OK
2024-03-17 19:00:00,COMP-C01,Zone_C,4.13,2.16,77.7,3715.0,61.0,OK
2024-03-17 19:00:00,COMP-C02,Zone_C,3.5,1.86,74.7,3688.0,59.2,OK
2024-03-17 19:00:00,FAN-D01,Zone_B,1.91,1.02,44.9,1210.0,55.2,OK
2024-03-17 20:00:00,PUMP-A01,Zone_A,3.79,1.91,61.5,1803.0,61.9,OK
2024-03-17 20:00:00,PUMP-A02,Zone_A,2.27,1.17,58.6,1768.0,51.1,OK
2024-03-17 20:00:00,PUMP-B01,Zone_B,2.17,1.21,57.3,1737.0,50.9,OK
2024-03-17 20:00:00,COMP-C01,Zone_C,4.36,2.16,78.4,3677.0,57.7,OK
2024-03-17 20:00:00,COMP-C02,Zone_C,3.57,1.81,76.6,3684.0,57.6,OK
2024-03-17 20:00:00,FAN-D01,Zone_B,1.15,0.55,49.7,1168.0,47.8,OK
2024-03-17 21:00:00,PUMP-A01,Zone_A,3.49,1.75,59.1,1836.0,63.1,OK
2024-03-17 21:00:00,PUMP-A02,Zone_A,2.39,1.15,56.5,1755.0,54.1,OK
2024-03-17 21:00:00,PUMP-B01,Zone_B,1.7,0.9,61.0,1789.0,58.4,OK
2024-03-17 21:00:00,COMP-C01,Zone_C,4.28,2.09,77.9,3727.0,65.1,OK
2024-03-17 21:00:00,COMP-C02,Zone_C,3.47,1.68,77.2,3590.0,47.8,OK
2024-03-17 21:00:00,FAN-D01,Zone_B,1.41,0.8,44.6,1220.0,51.2,OK
2024-03-17 22:00:00,PUMP-A01,Zone_A,2.93,1.46,59.9,1784.0,58.9,OK
2024-03-17 22:00:00,PUMP-A02,Zone_A,2.09,0.9,60.3,1826.0,68.5,OK
2024-03-17 22:00:00,PUMP-B01,Zone_B,2.22,1.05,62.0,1722.0,54.0,OK
2024-03-17 22:00:00,COMP-C01,Zone_C,4.07,2.03,76.4,3731.0,64.2,OK
2024-03-17 22:00:00,COMP-C02,Zone_C,3.27,1.74,75.5,3695.0,63.3,OK
2024-03-17 22:00:00,FAN-D01,Zone_B,1.88,1.0,45.0,1160.0,57.4,OK
2024-03-17 23:00:00,PUMP-A01,Zone_A,3.68,1.87,61.9,1839.0,66.6,OK
2024-03-17 23:00:00,PUMP-A02,Zone_A,2.36,1.06,59.2,1771.0,65.0,OK
2024-03-17 23:00:00,PUMP-B01,Zone_B,2.89,1.48,59.9,1814.0,66.6,OK
2024-03-17 23:00:00,COMP-C01,Zone_C,4.55,2.27,76.8,3696.0,63.0,OK
2024-03-17 23:00:00,COMP-C02,Zone_C,4.02,1.96,78.8,3681.0,62.2,OK
2024-03-17 23:00:00,FAN-D01,Zone_B,2.06,1.01,48.8,1244.0,71.4,OK
2024-03-18 00:00:00,PUMP-A01,Zone_A,3.49,1.66,62.5,1793.0,64.2,OK
2024-03-18 00:00:00,PUMP-A02,Zone_A,2.44,1.28,61.3,1793.0,67.5,OK
2024-03-18 00:00:00,PUMP-B01,Zone_B,2.7,1.42,63.8,1834.0,70.6,OK
2024-03-18 00:00:00,COMP-C01,Zone_C,3.78,2.05,76.0,3751.0,70.6,OK
2024-03-18 00:00:00,COMP-C02,Zone_C,3.76,1.8,78.8,3824.0,79.3,OK
2024-03-18 00:00:00,FAN-D01,Zone_B,1.81,0.96,48.8,1239.0,69.4,OK
2024-03-18 01:00:00,PUMP-A01,Zone_A,4.24,1.99,62.2,1916.0,89.1,OK
2024-03-18 01:00:00,PUMP-A02,Zone_A,1.85,0.93,60.5,1797.0,75.3,OK
2024-03-18 01:00:00,PUMP-B01,Zone_B,2.35,1.28,61.3,1858.0,75.0,OK
2024-03-18 01:00:00,COMP-C01,Zone_C,4.28,2.05,81.9,3738.0,69.3,OK
2024-03-18 01:00:00,COMP-C02,Zone_C,3.97,2.01,81.0,3739.0,68.7,OK
2024-03-18 01:00:00,FAN-D01,Zone_B,1.79,0.85,47.5,1299.0,79.2,OK
2024-03-18 02:00:00,PUMP-A01,Zone_A,3.86,1.99,65.6,1901.0,77.2,OK
2024-03-18 02:00:00,PUMP-A02,Zone_A,2.54,1.24,62.5,1825.0,70.1,OK
2024-03-18 02:00:00,PUMP-B01,Zone_B,2.09,1.14,59.3,1851.0,74.0,OK
2024-03-18 02:00:00,COMP-C01,Zone_C,4.43,2.31,81.5,3779.0,77.0,OK
2024-03-18 02:00:00,COMP-C02,Zone_C,3.3,1.68,78.0,3811.0,79.2,OK
2024-03-18 02:00:00,FAN-D01,Zone_B,1.46,0.8,50.1,1284.0,84.1,OK
2024-03-18 03:00:00,PUMP-A01,Zone_A,4.51,2.25,66.5,1866.0,89.7,OK
2024-03-18 03:00:00,PUMP-A02,Zone_A,2.71,1.42,61.4,1871.0,80.9,OK
2024-03-18 03:00:00,PUMP-B01,Zone_B,2.86,1.36,61.5,1826.0,79.4,OK
2024-03-18 03:00:00,COMP-C01,Zone_C,4.8,2.45,79.7,3871.0,86.5,OK
2024-03-18 03:00:00,COMP-C02,Zone_C,3.6,1.8,78.4,3797.0,74.1,OK
2024-03-18 03:00:00,FAN-D01,Zone_B,1.82,1.11,50.0,1277.0,80.0,OK
2024-03-18 04:00:00,PUMP-A01,Zone_A,4.12,1.97,68.2,1864.0,84.3,OK
2024-03-18 04:00:00,PUMP-A02,Zone_A,2.36,1.25,60.2,1835.0,86.5,OK
2024-03-18 04:00:00,PUMP-B01,Zone_B,2.81,1.53,58.4,1835.0,82.0,OK
2024-03-18 04:00:00,COMP-C01,Zone_C,4.11,2.06,81.3,3807.0,80.9,OK
2024-03-18 04:00:00,COMP-C02,Zone_C,3.22,1.58,77.1,3820.0,80.0,OK
2024-03-18 04:00:00,FAN-D01,Zone_B,2.12,1.14,50.4,1273.0,80.0,OK
2024-03-18 05:00:00,PUMP-A01,Zone_A,4.29,2.24,61.3,1892.0,87.1,OK
2024-03-18 05:00:00,PUMP-A02,Zone_A,2.37,1.36,64.8,1876.0,88.7,OK
2024-03-18 05:00:00,PUMP-B01,Zone_B,3.01,1.53,64.2,1893.0,86.2,OK
2024-03-18 05:00:00,COMP-C01,Zone_C,4.93,2.38,81.4,3816.0,79.6,OK
2024-03-18 05:00:00,COMP-C02,Zone_C,3.86,2.1,80.1,3861.0,84.5,OK
2024-03-18 05:00:00,FAN-D01,Zone_B,2.29,1.08,52.0,1271.0,84.0,OK
2024-03-18 06:00:00,PUMP-A01,Zone_A,4.31,2.15,64.7,1887.0,85.4,OK
2024-03-18 06:00:00,PUMP-A02,Zone_A,2.52,1.22,61.6,1794.0,71.7,OK
2024-03-18 06:00:00,PUMP-B01,Zone_B,1.99,0.98,61.9,1872.0,82.8,OK
2024-03-18 06:00:00,COMP-C01,Zone_C,4.45,2.23,79.4,3838.0,79.8,OK
2024-03-18 06:00:00,COMP-C02,Zone_C,3.74,1.77,81.0,3829.0,79.7,OK
2024-03-18 06:00:00,FAN-D01,Zone_B,1.58,0.65,49.7,1285.0,88.6,OK
2024-03-18 07:00:00,PUMP-A01,Zone_A,3.21,1.62,64.4,1875.0,83.4,OK
2024-03-18 07:00:00,PUMP-A02,Zone_A,2.58,1.43,58.8,1852.0,74.1,OK
2024-03-18 07:00:00,PUMP-B01,Zone_B,2.72,1.4,62.0,1884.0,87.0,OK
2024-03-18 07:00:00,COMP-C01,Zone_C,4.38,2.04,79.1,3813.0,79.6,OK
2024-03-18 07:00:00,COMP-C02,Zone_C,3.46,1.75,80.4,3873.0,86.3,OK
2024-03-18 07:00:00,FAN-D01,Zone_B,1.8,0.95,51.5,1257.0,79.4,OK
2024-03-18 08:00:00,PUMP-A01,Zone_A,3.95,2.04,64.4,1841.0,77.1,OK
2024-03-18 08:00:00,PUMP-A02,Zone_A,3.03,1.72,65.3,1889.0,79.7,OK
2024-03-18 08:00:00,PUMP-B01,Zone_B,2.54,1.34,59.2,1868.0,87.2,OK
2024-03-18 08:00:00,COMP-C01,Zone_C,4.46,2.35,83.7,3843.0,81.8,OK
2024-03-18 08:00:00,COMP-C02,Zone_C,3.87,1.89,77.8,3814.0,81.2,OK
2024-03-18 08:00:00,FAN-D01,Zone_B,1.89,1.01,49.8,1291.0,85.0,OK
2024-03-18 09:00:00,PUMP-A01,Zone_A,3.75,1.93,63.6,1883.0,84.4,OK
2024-03-18 09:00:00,PUMP-A02,Zone_A,2.98,1.51,62.0,1856.0,82.8,OK
2024-03-18 09:00:00,PUMP-B01,Zone_B,2.74,1.39,67.3,1825.0,83.8,OK
2024-03-18 09:00:00,COMP-C01,Zone_C,4.14,2.23,80.5,3885.0,82.8,OK
2024-03-18 09:00:00,COMP-C02,Zone_C,3.13,1.49,73.0,3843.0,78.0,OK
2024-03-18 09:00:00,FAN-D01,Zone_B,1.84,0.81,53.3,1293.0,95.4,OK
2024-03-18 10:00:00,PUMP-A01,Zone_A,3.88,1.93,67.3,1819.0,80.8,OK
2024-03-18 10:00:00,PUMP-A02,Zone_A,2.62,1.42,60.8,1850.0,77.7,OK
2024-03-18 10:00:00,PUMP-B01,Zone_B,2.77,1.28,60.7,1841.0,72.9,OK
2024-03-18 10:00:00,COMP-C01,Zone_C,3.96,1.88,78.2,3743.0,68.8,OK
2024-03-18 10:00:00,COMP-C02,Zone_C,3.5,1.68,78.0,3791.0,82.1,OK
2024-03-18 10:00:00,FAN-D01,Zone_B,1.43,0.62,51.6,1250.0,84.4,OK
2024-03-18 11:00:00,PUMP-A01,Zone_A,3.3,1.66,60.1,1850.0,69.4,OK
2024-03-18 11:00:00,PUMP-A02,Zone_A,2.44,1.2,63.1,1822.0,76.9,OK
2024-03-18 11:00:00,PUMP-B01,Zone_B,2.63,1.52,55.1,1788.0,67.9,OK
2024-03-18 11:00:00,COMP-C01,Zone_C,4.8,2.41,79.9,3713.0,66.4,OK
2024-03-18 11:00:00,COMP-C02,Zone_C,3.22,1.67,78.6,3824.0,78.3,OK
2024-03-18 11:00:00,FAN-D01,Zone_B,1.59,0.88,44.3,1244.0,72.2,OK
2024-03-18 12:00:00,PUMP-A01,Zone_A,3.82,1.87,62.3,1791.0,70.1,SUSPECT
2024-03-18 12:00:00,PUMP-A02,Zone_A,2.95,1.67,62.6,1857.0,81.2,OK
2024-03-18 12:00:00,PUMP-B01,Zone_B,2.52,1.15,62.3,1815.0,71.8,OK
2024-03-18 12:00:00,COMP-C01,Zone_C,4.51,2.1,79.7,3785.0,75.0,OK
2024-03-18 12:00:00,COMP-C02,Zone_C,3.31,1.85,74.9,3778.0,71.5,OK
2024-03-18 12:00:00,FAN-D01,Zone_B,1.51,0.73,50.0,1249.0,73.3,OK
2024-03-18 13:00:00,PUMP-A01,Zone_A,3.87,1.87,60.6,1827.0,69.7,OK
2024-03-18 13:00:00,PUMP-A02,Zone_A,2.66,1.24,58.5,1800.0,62.0,OK
2024-03-18 13:00:00,PUMP-B01,Zone_B,2.41,1.12,63.6,1785.0,65.1,OK
2024-03-18 13:00:00,COMP-C01,Zone_C,4.12,2.09,78.6,3666.0,58.2,OK
2024-03-18 13:00:00,COMP-C02,Zone_C,3.6,1.94,76.5,3704.0,61.5,OK
2024-03-18 13:00:00,FAN-D01,Zone_B,1.65,0.89,47.1,1285.0,71.6,OK
2024-03-18 14:00:00,PUMP-A01,Zone_A,3.69,1.82,62.3,1795.0,66.4,OK
2024-03-18 14:00:00,PUMP-A02,Zone_A,2.4,1.19,63.6,1835.0,66.2,OK
2024-03-18 14:00:00,PUMP-B01,Zone_B,2.73,1.29,56.6,1800.0,57.8,OK
2024-03-18 14:00:00,COMP-C01,Zone_C,4.12,2.31,76.5,3716.0,63.7,OK
2024-03-18 14:00:00,COMP-C02,Zone_C,3.0,1.56,76.8,3686.0,64.5,OK
2024-03-18 14:00:00,FAN-D01,Zone_B,1.84,0.87,47.6,1203.0,63.8,OK
2024-03-18 15:00:00,PUMP-A01,Zone_A,3.58,1.83,58.8,1769.0,55.3,OK
2024-03-18 15:00:00,PUMP-A02,Zone_A,2.86,1.37,58.3,1738.0,57.9,OK
2024-03-18 15:00:00,PUMP-B01,Zone_B,2.27,1.26,58.1,1789.0,61.2,OK
2024-03-18 15:00:00,COMP-C01,Zone_C,4.54,2.45,75.7,3675.0,58.3,OK
2024-03-18 15:00:00,COMP-C02,Zone_C,3.3,1.57,78.0,3681.0,63.7,OK
2024-03-18 15:00:00,FAN-D01,Zone_B,1.84,0.94,49.3,1239.0,71.1,OK
2024-03-18 16:00:00,PUMP-A01,Zone_A,3.6,1.82,61.2,1812.0,61.6,OK
2024-03-18 16:00:00,PUMP-A02,Zone_A,2.88,1.53,56.7,1729.0,54.2,OK
2024-03-18 16:00:00,PUMP-B01,Zone_B,2.74,1.38,59.6,1784.0,54.8,OK
2024-03-18 16:00:00,COMP-C01,Zone_C,4.41,2.17,77.6,3718.0,63.1,OK
2024-03-18 16:00:00,COMP-C02,Zone_C,3.03,1.5,74.2,3601.0,48.5,OK
2024-03-18 16:00:00,FAN-D01,Zone_B,1.35,0.86,43.4,1202.0,56.2,OK
2024-03-18 17:00:00,PUMP-A01,Zone_A,3.35,1.6,58.9,1740.0,48.9,OK
2024-03-18 17:00:00,PUMP-A02,Zone_A,2.28,1.02,57.6,1778.0,53.1,OK
2024-03-18 17:00:00,PUMP-B01,Zone_B,2.11,1.18,58.1,1815.0,60.5,OK
2024-03-18 17:00:00,COMP-C01,Zone_C,4.32,2.3,80.6,3710.0,65.7,OK
2024-03-18 17:00:00,COMP-C02,Zone_C,3.77,1.93,73.5,3608.0,49.1,OK
2024-03-18 17:00:00,FAN-D01,Zone_B,1.25,0.65,45.0,1236.0,60.6,OK
2024-03-18 18:00:00,PUMP-A01,Zone_A,3.27,1.71,58.3,1727.0,52.4,OK
2024-03-18 18:00:00,PUMP-A02,Zone_A,1.73,0.81,56.8,1815.0,60.4,OK
2024-03-18 18:00:00,PUMP-B01,Zone_B,2.03,1.01,55.7,1770.0,56.8,OK
2024-03-18 18:00:00,COMP-C01,Zone_C,4.64,2.35,78.8,3606.0,51.8,OK
2024-03-18 18:00:00,COMP-C02,Zone_C,3.72,2.01,77.5,3632.0,57.8,OK
2024-03-18 18:00:00,FAN-D01,Zone_B,1.9,1.05,47.5,1237.0,55.4,OK
2024-03-18 19:00:00,PUMP-A01,Zone_A,3.44,1.78,63.7,1769.0,63.5,OK
2024-03-18 19:00:00,PUMP-A02,Zone_A,2.48,1.22,60.6,1740.0,49.7,OK
2024-03-18 19:00:00,PUMP-B01,Zone_B,2.3,1.1,57.5,1738.0,49.9,OK
2024-03-18 19:00:00,COMP-C01,Zone_C,4.25,2.1,77.7,3610.0,53.0,OK
2024-03-18 19:00:00,COMP-C02,Zone_C,3.57,1.77,72.1,3650.0,55.4,OK
2024-03-18 19:00:00,FAN-D01,Zone_B,1.16,0.59,51.0,1208.0,56.8,OK
2024-03-18 20:00:00,PUMP-A01,Zone_A,3.95,1.99,59.3,1768.0,49.3,OK
2024-03-18 20:00:00,PUMP-A02,Zone_A,2.27,1.19,58.9,1770.0,58.3,OK
2024-03-18 20:00:00,PUMP-B01,Zone_B,2.36,1.17,57.8,1771.0,59.0,OK
2024-03-18 20:00:00,COMP-C01,Zone_C,4.23,2.07,81.1,3683.0,59.6,OK
2024-03-18 20:00:00,COMP-C02,Zone_C,3.49,1.61,78.3,3693.0,61.2,OK
2024-03-18 20:00:00,FAN-D01,Zone_B,0.91,0.38,45.5,1237.0,57.5,OK
2024-03-18 21:00:00,PUMP-A01,Zone_A,3.19,1.57,62.1,1766.0,60.9,OK
2024-03-18 21:00:00,PUMP-A02,Zone_A,2.46,1.27,58.2,1789.0,62.5,OK
2024-03-18 21:00:00,PUMP-B01,Zone_B,2.86,1.45,58.5,1793.0,59.1,OK
2024-03-18 21:00:00,COMP-C01,Zone_C,4.39,2.21,79.3,3640.0,52.1,OK
2024-03-18 21:00:00,COMP-C02,Zone_C,2.99,1.6,77.6,3671.0,61.7,OK
2024-03-18 21:00:00,FAN-D01,Zone_B,0.97,0.48,48.1,1203.0,57.7,OK
2024-03-18 22:00:00,PUMP-A01,Zone_A,3.96,1.8,65.7,1765.0,63.6,OK
2024-03-18 22:00:00,PUMP-A02,Zone_A,2.49,1.2,56.9,1843.0,71.6,OK
2024-03-18 22:00:00,PUMP-B01,Zone_B,2.73,1.47,60.8,1757.0,56.6,OK
2024-03-18 22:00:00,COMP-C01,Zone_C,4.04,2.05,82.9,3706.0,59.8,OK
2024-03-18 22:00:00,COMP-C02,Zone_C,3.72,2.04,75.8,3713.0,65.0,OK
2024-03-18 22:00:00,FAN-D01,Zone_B,2.01,1.0,47.2,1193.0,59.8,OK
2024-03-18 23:00:00,PUMP-A01,Zone_A,3.22,1.6,62.7,1775.0,61.9,OK
2024-03-18 23:00:00,PUMP-A02,Zone_A,2.58,1.3,61.8,1829.0,68.2,OK
2024-03-18 23:00:00,PUMP-B01,Zone_B,2.32,1.39,55.8,1845.0,72.3,OK
2024-03-18 23:00:00,COMP-C01,Zone_C,4.24,2.12,79.6,3713.0,66.3,OK
2024-03-18 23:00:00,COMP-C02,Zone_C,3.89,1.86,80.8,3740.0,66.9,OK
2024-03-18 23:00:00,FAN-D01,Zone_B,1.39,0.79,43.9,1231.0,64.0,OK
2024-03-19 00:00:00,PUMP-A01,Zone_A,4.06,1.94,65.0,1831.0,71.1,OK
2024-03-19 00:00:00,PUMP-A02,Zone_A,2.71,1.4,59.4,1778.0,70.3,OK
2024-03-19 00:00:00,PUMP-B01,Zone_B,2.83,1.55,58.9,1809.0,68.9,OK
2024-03-19 00:00:00,COMP-C01,Zone_C,4.47,2.36,76.2,3697.0,63.8,OK
2024-03-19 00:00:00,COMP-C02,Zone_C,4.17,2.12,77.0,3749.0,70.2,OK
2024-03-19 00:00:00,FAN-D01,Zone_B,1.59,0.94,47.7,1231.0,64.9,OK
2024-03-19 01:00:00,PUMP-A01,Zone_A,3.67,1.89,60.3,1803.0,66.3,OK
2024-03-19 01:00:00,PUMP-A02,Zone_A,2.84,1.4,60.2,1836.0,76.0,OK
2024-03-19 01:00:00,PUMP-B01,Zone_B,2.48,1.28,60.5,1800.0,75.2,OK
2024-03-19 01:00:00,COMP-C01,Zone_C,4.69,2.19,83.1,3846.0,84.8,OK
2024-03-19 01:00:00,COMP-C02,Zone_C,3.78,1.84,76.2,3820.0,79.4,OK
2024-03-19 01:00:00,FAN-D01,Zone_B,1.6,0.89,44.7,1260.0,68.1,OK
2024-03-19 02:00:00,PUMP-A01,Zone_A,3.25,1.63,61.1,1811.0,72.5,OK
2024-03-19 02:00:00,PUMP-A02,Zone_A,3.24,1.58,60.9,1846.0,77.0,OK
2024-03-19 02:00:00,PUMP-B01,Zone_B,2.69,1.23,60.6,1941.0,91.3,OK
2024-03-19 02:00:00,COMP-C01,Zone_C,4.8,2.58,84.3,3796.0,78.7,OK
2024-03-19 02:00:00,COMP-C02,Zone_C,3.63,1.8,75.8,3741.0,70.5,OK
2024-03-19 02:00:00,FAN-D01,Zone_B,2.04,1.07,51.5,1286.0,77.9,OK
2024-03-19 03:00:00,PUMP-A01,Zone_A,3.69,1.92,63.3,1856.0,81.3,OK
2024-03-19 03:00:00,PUMP-A02,Zone_A,3.16,1.75,65.5,1851.0,83.3,OK
2024-03-19 03:00:00,PUMP-B01,Zone_B,2.69,1.33,60.4,1871.0,78.4,OK
2024-03-19 03:00:00,COMP-C01,Zone_C,4.57,2.37,79.6,3868.0,82.0,OK
2024-03-19 03:00:00,COMP-C02,Zone_C,3.51,1.67,77.2,3821.0,82.5,OK
2024-03-19 03:00:00,FAN-D01,Zone_B,1.72,0.86,50.5,1252.0,85.7,OK
2024-03-19 04:00:00,PUMP-A01,Zone_A,3.49,1.74,63.0,1851.0,76.5,OK
2024-03-19 04:00:00,PUMP-A02,Zone_A,2.9,1.36,65.4,1912.0,92.3,OK
2024-03-19 04:00:00,PUMP-B01,Zone_B,3.08,1.68,62.2,1934.0,89.4,OK
2024-03-19 04:00:00,COMP-C01,Zone_C,4.77,2.24,81.7,3887.0,91.4,OK
2024-03-19 04:00:00,COMP-C02,Zone_C,4.47,2.23,81.1,3925.0,90.7,OK
2024-03-19 04:00:00,FAN-D01,Zone_B,1.76,0.89,51.1,1269.0,86.8,OK
2024-03-19 05:00:00,PUMP-A01,Zone_A,3.63,1.82,62.9,1876.0,80.2,OK
2024-03-19 05:00:00,PUMP-A02,Zone_A,2.6,1.25,61.2,1885.0,85.4,OK
2024-03-19 05:00:00,PUMP-B01,Zone_B,3.06,1.46,64.2,1852.0,85.0,OK
2024-03-19 05:00:00,COMP-C01,Zone_C,4.96,2.41,79.8,3872.0,88.1,OK
2024-03-19 05:00:00,COMP-C02,Zone_C,3.53,1.8,78.5,3848.0,83.8,OK
2024-03-19 05:00:00,FAN-D01,Zone_B,1.58,0.72,49.1,1281.0,83.5,OK
2024-03-19 06:00:00,PUMP-A01,Zone_A,3.68,1.85,59.5,1857.0,78.1,OK
2024-03-19 06:00:00,PUMP-A02,Zone_A,2.89,1.3,60.1,1887.0,87.4,OK
2024-03-19 06:00:00,PUMP-B01,Zone_B,2.67,1.28,61.6,1817.0,73.3,OK
2024-03-19 06:00:00,COMP-C01,Zone_C,4.38,2.11,80.7,3828.0,81.7,OK
2024-03-19 06:00:00,COMP-C02,Zone_C,3.62,1.53,79.5,3847.0,82.9,OK
2024-03-19 06:00:00,FAN-D01,Zone_B,2.44,0.99,52.0,1312.0,88.0,OK
2024-03-19 07:00:00,PUMP-A01,Zone_A,3.41,1.68,65.8,1897.0,85.6,OK
2024-03-19 07:00:00,PUMP-A02,Zone_A,1.91,0.92,57.7,1860.0,81.7,OK
2024-03-19 07:00:00,PUMP-B01,Zone_B,2.75,1.32,64.5,1896.0,85.7,OK
2024-03-19 07:00:00,COMP-C01,Zone_C,4.35,2.17,81.8,3844.0,87.6,OK
2024-03-19 07:00:00,COMP-C02,Zone_C,3.71,1.9,80.7,3906.0,89.0,OK
2024-03-19 07:00:00,FAN-D01,Zone_B,1.99,0.92,52.1,1291.0,86.8,OK
2024-03-19 08:00:00,PUMP-A01,Zone_A,4.28,2.19,64.0,1861.0,91.4,SUSPECT
2024-03-19 08:00:00,PUMP-A02,Zone_A,2.25,1.03,60.3,1807.0,76.6,OK
2024-03-19 08:00:00,PUMP-B01,Zone_B,2.54,1.41,61.1,1896.0,89.4,OK
2024-03-19 08:00:00,COMP-C01,Zone_C,4.65,2.45,81.5,3839.0,82.5,OK
2024-03-19 08:00:00,COMP-C02,Zone_C,4.09,2.01,80.5,3803.0,81.0,OK
2024-03-19 08:00:00,FAN-D01,Zone_B,2.27,1.06,52.2,1263.0,86.8,OK
2024-03-19 09:00:00,PUMP-A01,Zone_A,3.93,1.89,63.0,1890.0,84.8,OK
2024-03-19 09:00:00,PUMP-A02,Zone_A,2.65,1.21,60.4,1817.0,77.1,OK
2024-03-19 09:00:00,PUMP-B01,Zone_B,2.68,1.38,63.3,1912.0,90.4,OK
2024-03-19 09:00:00,COMP-C01,Zone_C,4.71,2.41,78.0,3796.0,75.8,OK
2024-03-19 09:00:00,COMP-C02,Zone_C,3.91,2.03,78.4,3820.0,82.3,OK
2024-03-19 09:00:00,FAN-D01,Zone_B,1.48,0.72,51.1,1283.0,83.3,OK
2024-03-19 10:00:00,PUMP-A01,Zone_A,3.61,1.78,66.3,1811.0,79.5,OK
2024-03-19 10:00:00,PUMP-A02,Zone_A,2.31,1.1,61.1,1823.0,77.4,OK
2024-03-19 10:00:00,PUMP-B01,Zone_B,2.34,1.37,59.8,1810.0,72.5,OK
2024-03-19 10:00:00,COMP-C01,Zone_C,4.18,1.96,74.5,3774.0,70.7,OK
2024-03-19 10:00:00,COMP-C02,Zone_C,3.6,1.84,80.3,3755.0,74.2,OK
2024-03-19 10:00:00,FAN-D01,Zone_B,1.75,0.76,49.1,1239.0,79.3,OK
2024-03-19 11:00:00,PUMP-A01,Zone_A,3.74,1.74,61.2,1823.0,74.8,OK
2024-03-19 11:00:00,PUMP-A02,Zone_A,2.53,1.32,61.4,1849.0,84.4,OK
2024-03-19 11:00:00,PUMP-B01,Zone_B,3.13,1.54,61.5,1799.0,68.5,OK
2024-03-19 11:00:00,COMP-C01,Zone_C,4.6,2.29,80.3,3784.0,77.3,OK
2024-03-19 11:00:00,COMP-C02,Zone_C,3.34,1.3,78.0,3707.0,69.2,OK
2024-03-19 11:00:00,FAN-D01,Zone_B,2.15,1.2,46.9,1252.0,76.7,OK
2024-03-19 12:00:00,PUMP-A01,Zone_A,3.67,1.69,62.8,1802.0,68.7,OK
2024-03-19 12:00:00,PUMP-A02,Zone_A,2.11,0.88,55.7,1833.0,64.0,OK
2024-03-19 12:00:00,PUMP-B01,Zone_B,3.05,1.34,62.0,1805.0,69.5,OK
2024-03-19 12:00:00,COMP-C01,Zone_C,4.78,2.55,83.2,3768.0,76.4,OK
2024-03-19 12:00:00,COMP-C02,Zone_C,3.1,1.58,72.4,3713.0,65.2,OK
2024-03-19 12:00:00,FAN-D01,Zone_B,2.28,1.16,50.0,1262.0,76.5,OK
2024-03-19 13:00:00,PUMP-A01,Zone_A,3.93,2.09,63.1,1789.0,64.3,OK
2024-03-19 13:00:00,PUMP-A02,Zone_A,2.48,1.32,59.7,1853.0,73.6,OK
2024-03-19 13:00:00,PUMP-B01,Zone_B,2.68,1.34,60.3,1785.0,63.7,OK
2024-03-19 13:00:00,COMP-C01,Zone_C,4.93,2.53,79.7,3664.0,59.9,OK
2024-03-19 13:00:00,COMP-C02,Zone_C,3.37,1.76,76.2,3729.0,65.9,OK
2024-03-19 13:00:00,FAN-D01,Zone_B,2.06,1.15,49.4,1280.0,70.5,OK
2024-03-19 14:00:00,PUMP-A01,Zone_A,3.35,1.7,62.2,1853.0,65.6,OK
2024-03-19 14:00:00,PUMP-A02,Zone_A,2.19,1.22,59.9,1825.0,59.9,OK
2024-03-19 14:00:00,PUMP-B01,Zone_B,2.28,1.03,57.2,1783.0,59.0,OK
2024-03-19 14:00:00,COMP-C01,Zone_C,4.99,2.57,79.6,3703.0,63.6,OK
2024-03-19 14:00:00,COMP-C02,Zone_C,3.3,1.58,76.8,3690.0,59.4,OK
2024-03-19 14:00:00,FAN-D01,Zone_B,2.24,0.99,46.2,1224.0,69.6,OK
2024-03-19 15:00:00,PUMP-A01,Zone_A,3.92,1.84,57.7,1778.0,56.2,OK
2024-03-19 15:00:00,PUMP-A02,Zone_A,2.6,1.42,58.7,1789.0,66.8,OK
2024-03-19 15:00:00,PUMP-B01,Zone_B,2.54,1.2,58.5,1798.0,62.7,OK
2024-03-19 15:00:00,COMP-C01,Zone_C,4.26,2.08,80.1,3657.0,59.4,OK
2024-03-19 15:00:00,COMP-C02,Zone_C,3.96,1.93,76.9,3638.0,55.8,OK
2024-03-19 15:00:00,FAN-D01,Zone_B,1.4,0.76,44.5,1225.0,61.0,OK
2024-03-19 16:00:00,PUMP-A01,Zone_A,3.3,1.7,59.1,1799.0,59.1,OK
2024-03-19 16:00:00,PUMP-A02,Zone_A,2.53,1.29,56.9,1795.0,52.5,OK
2024-03-19 16:00:00,PUMP-B01,Zone_B,2.04,1.04,56.8,1714.0,50.3,OK
2024-03-19 16:00:00,COMP-C01,Zone_C,4.13,2.11,77.2,3689.0,60.2,OK
2024-03-19 16:00:00,COMP-C02,Zone_C,3.52,1.79,72.1,3650.0,57.7,OK
2024-03-19 16:00:00,FAN-D01,Zone_B,1.73,0.78,47.4,1243.0,64.4,OK
2024-03-19 17:00:00,PUMP-A01,Zone_A,3.18,1.48,58.1,1778.0,55.1,OK
2024-03-19 17:00:00,PUMP-A02,Zone_A,2.87,1.53,61.5,1805.0,62.1,OK
2024-03-19 17:00:00,PUMP-B01,Zone_B,2.65,1.11,56.8,1747.0,50.7,OK
2024-03-19 17:00:00,COMP-C01,Zone_C,4.92,2.35,77.6,3640.0,59.5,OK
2024-03-19 17:00:00,COMP-C02,Zone_C,3.04,1.56,76.6,3675.0,59.6,OK
2024-03-19 17:00:00,FAN-D01,Zone_B,1.97,1.05,53.2,1195.0,57.3,OK
2024-03-19 18:00:00,PUMP-A01,Zone_A,3.47,1.7,62.7,1795.0,62.1,OK
2024-03-19 18:00:00,PUMP-A02,Zone_A,2.21,1.31,59.1,1785.0,60.3,OK
2024-03-19 18:00:00,PUMP-B01,Zone_B,2.08,0.99,57.5,1728.0,49.7,OK
2024-03-19 18:00:00,COMP-C01,Zone_C,3.95,1.99,73.9,3617.0,54.5,OK
2024-03-19 18:00:00,COMP-C02,Zone_C,3.05,1.52,77.3,3607.0,55.1,OK
2024-03-19 18:00:00,FAN-D01,Zone_B,1.71,0.9,48.6,1234.0,56.1,OK
2024-03-19 19:00:00,PUMP-A01,Zone_A,4.01,1.91,61.4,1786.0,53.6,OK
2024-03-19 19:00:00,PUMP-A02,Zone_A,2.16,0.9,57.5,1774.0,59.5,OK
2024-03-19 19:00:00,PUMP-B01,Zone_B,2.39,1.06,59.4,1750.0,44.1,OK
2024-03-19 19:00:00,COMP-C01,Zone_C,4.32,2.24,75.9,3680.0,58.8,OK
2024-03-19 19:00:00,COMP-C02,Zone_C,3.91,1.92,79.7,3657.0,58.3,OK
2024-03-19 19:00:00,FAN-D01,Zone_B,1.98,0.99,47.6,1219.0,57.0,SUSPECT
2024-03-19 20:00:00,PUMP-A01,Zone_A,3.5,1.69,60.1,1741.0,51.1,OK
2024-03-19 20:00:00,PUMP-A02,Zone_A,2.19,1.19,57.2,1765.0,58.0,OK
2024-03-19 20:00:00,PUMP-B01,Zone_B,2.28,1.14,58.3,1708.0,47.0,OK
2024-03-19 20:00:00,COMP-C01,Zone_C,4.94,2.58,79.6,3722.0,65.6,OK
2024-03-19 20:00:00,COMP-C02,Zone_C,3.39,1.56,75.1,3687.0,62.8,OK
2024-03-19 20:00:00,FAN-D01,Zone_B,1.34,0.75,41.9,1242.0,55.4,OK
2024-03-19 21:00:00,PUMP-A01,Zone_A,3.93,1.95,64.7,1811.0,63.5,OK
2024-03-19 21:00:00,PUMP-A02,Zone_A,2.33,1.28,58.7,1790.0,55.9,OK
2024-03-19 21:00:00,PUMP-B01,Zone_B,2.3,1.25,55.9,1755.0,49.4,OK
2024-03-19 21:00:00,COMP-C01,Zone_C,4.25,2.23,76.9,3708.0,65.4,OK
2024-03-19 21:00:00,COMP-C02,Zone_C,2.76,1.45,73.2,3643.0,59.6,OK
2024-03-19 21:00:00,FAN-D01,Zone_B,1.83,0.92,45.8,1224.0,56.8,OK
2024-03-19 22:00:00,PUMP-A01,Zone_A,3.4,1.79,57.5,1740.0,51.7,OK
2024-03-19 22:00:00,PUMP-A02,Zone_A,2.07,1.06,56.6,1847.0,63.2,OK
2024-03-19 22:00:00,PUMP-B01,Zone_B,2.5,1.24,61.3,1798.0,65.5,OK
2024-03-19 22:00:00,COMP-C01,Zone_C,4.15,1.99,79.9,3672.0,65.1,OK
2024-03-19 22:00:00,COMP-C02,Zone_C,3.27,1.72,77.3,3703.0,66.6,OK
2024-03-19 22:00:00,FAN-D01,Zone_B,1.85,0.86,45.9,1176.0,52.8,OK
2024-03-19 23:00:00,PUMP-A01,Zone_A,3.1,1.49,61.9,1798.0,60.9,OK
2024-03-19 23:00:00,PUMP-A02,Zone_A,2.07,0.99,58.8,1775.0,68.1,OK
2024-03-19 23:00:00,PUMP-B01,Zone_B,2.7,1.38,59.4,1810.0,64.2,OK
2024-03-19 23:00:00,COMP-C01,Zone_C,4.27,2.11,76.8,3694.0,62.6,OK
2024-03-19 23:00:00,COMP-C02,Zone_C,2.77,1.41,76.7,3675.0,60.5,OK
2024-03-19 23:00:00,FAN-D01,Zone_B,1.95,1.13,49.7,1299.0,77.9,OK
2024-03-20 00:00:00,PUMP-A01,Zone_A,3.48,1.6,64.3,1838.0,73.0,OK
2024-03-20 00:00:00,PUMP-A02,Zone_A,2.65,1.29,61.4,1866.0,71.3,OK
2024-03-20 00:00:00,PUMP-B01,Zone_B,2.53,1.34,58.9,1798.0,72.7,SUSPECT
2024-03-20 00:00:00,COMP-C01,Zone_C,4.35,2.3,82.2,3738.0,70.7,OK
2024-03-20 00:00:00,COMP-C02,Zone_C,3.85,1.93,75.6,3685.0,61.6,OK
2024-03-20 00:00:00,FAN-D01,Zone_B,1.56,0.68,50.3,1284.0,67.3,OK
2024-03-20 01:00:00,PUMP-A01,Zone_A,3.45,1.72,60.1,1857.0,74.5,OK
2024-03-20 01:00:00,PUMP-A02,Zone_A,2.91,1.39,61.3,1860.0,78.1,OK
2024-03-20 01:00:00,PUMP-B01,Zone_B,2.66,1.24,57.4,1850.0,74.1,OK
2024-03-20 01:00:00,COMP-C01,Zone_C,4.73,2.35,80.5,3753.0,72.9,OK
2024-03-20 01:00:00,COMP-C02,Zone_C,3.69,1.84,80.5,3859.0,83.6,OK
2024-03-20 01:00:00,FAN-D01,Zone_B,2.08,0.99,49.4,1240.0,67.8,OK
2024-03-20 02:00:00,PUMP-A01,Zone_A,3.44,1.57,62.9,1867.0,74.9,OK
2024-03-20 02:00:00,PUMP-A02,Zone_A,3.08,1.54,62.0,1851.0,73.9,OK
2024-03-20 02:00:00,PUMP-B01,Zone_B,2.93,1.31,63.8,1887.0,78.5,OK
2024-03-20 02:00:00,COMP-C01,Zone_C,5.12,2.66,81.7,3736.0,71.0,OK
2024-03-20 02:00:00,COMP-C02,Zone_C,3.64,1.88,78.3,3782.0,79.9,OK
2024-03-20 02:00:00,FAN-D01,Zone_B,1.75,0.87,45.4,1278.0,73.2,OK
2024-03-20 03:00:00,PUMP-A01,Zone_A,3.42,1.75,66.6,1851.0,78.7,OK
2024-03-20 03:00:00,PUMP-A02,Zone_A,2.62,1.29,58.9,1900.0,81.0,OK
2024-03-20 03:00:00,PUMP-B01,Zone_B,2.33,1.15,61.1,1875.0,84.9,OK
2024-03-20 03:00:00,COMP-C01,Zone_C,4.07,1.95,77.5,3809.0,77.4,OK
2024-03-20 03:00:00,COMP-C02,Zone_C,3.5,1.68,79.1,3796.0,81.0,OK
2024-03-20 03:00:00,FAN-D01,Zone_B,1.99,0.85,48.9,1234.0,72.5,OK
2024-03-20 04:00:00,PUMP-A01,Zone_A,4.31,2.16,61.5,1851.0,72.5,OK
2024-03-20 04:00:00,PUMP-A02,Zone_A,2.91,1.66,60.6,1852.0,77.5,OK
2024-03-20 04:00:00,PUMP-B01,Zone_B,2.87,1.42,63.9,1880.0,80.2,OK
2024-03-20 04:00:00,COMP-C01,Zone_C,4.65,2.26,79.0,3884.0,88.2,OK
2024-03-20 04:00:00,COMP-C02,Zone_C,3.71,1.69,82.7,3856.0,89.6,OK
2024-03-20 04:00:00,FAN-D01,Zone_B,1.98,1.08,50.7,1298.0,77.2,OK
2024-03-20 05:00:00,PUMP-A01,Zone_A,4.07,1.98,66.8,1870.0,84.6,OK
2024-03-20 05:00:00,PUMP-A02,Zone_A,2.62,1.28,62.2,1861.0,86.0,OK
2024-03-20 05:00:00,PUMP-B01,Zone_B,2.84,1.48,60.9,1884.0,83.7,OK
2024-03-20 05:00:00,COMP-C01,Zone_C,4.99,2.47,79.5,3797.0,80.2,OK
2024-03-20 05:00:00,COMP-C02,Zone_C,3.27,1.74,79.8,3864.0,90.3,OK
2024-03-20 05:00:00,FAN-D01,Zone_B,1.9,1.12,49.5,1289.0,84.9,OK
2024-03-20 06:00:00,PUMP-A01,Zone_A,3.99,2.12,64.4,1880.0,87.3,OK
2024-03-20 06:00:00,PUMP-A02,Zone_A,2.57,1.28,58.0,1885.0,83.6,OK
2024-03-20 06:00:00,PUMP-B01,Zone_B,2.53,1.22,59.9,1912.0,92.8,OK
2024-03-20 06:00:00,COMP-C01,Zone_C,3.75,1.91,77.2,3935.0,93.1,OK
2024-03-20 06:00:00,COMP-C02,Zone_C,3.39,1.79,79.0,3852.0,86.7,OK
2024-03-20 06:00:00,FAN-D01,Zone_B,1.76,1.02,45.6,1271.0,71.6,OK
2024-03-20 07:00:00,PUMP-A01,Zone_A,3.56,1.74,63.2,1838.0,79.9,OK
2024-03-20 07:00:00,PUMP-A02,Zone_A,2.56,1.34,65.6,1896.0,86.6,OK
2024-03-20 07:00:00,PUMP-B01,Zone_B,2.56,1.15,61.1,1870.0,80.8,OK
2024-03-20 07:00:00,COMP-C01,Zone_C,4.94,2.28,79.9,3847.0,85.9,OK
2024-03-20 07:00:00,COMP-C02,Zone_C,3.7,1.96,80.9,3904.0,92.8,OK
2024-03-20 07:00:00,FAN-D01,Zone_B,2.18,1.19,51.1,1294.0,83.2,OK
2024-03-20 08:00:00,PUMP-A01,Zone_A,4.72,2.34,64.4,1899.0,87.3,OK
2024-03-20 08:00:00,PUMP-A02,Zone_A,2.31,1.28,61.0,1896.0,85.3,OK
2024-03-20 08:00:00,PUMP-B01,Zone_B,2.16,1.02,63.8,1885.0,86.4,OK
2024-03-20 08:00:00,COMP-C01,Zone_C,4.34,2.08,78.5,3829.0,81.6,OK
2024-03-20 08:00:00,COMP-C02,Zone_C,3.6,1.79,80.6,3881.0,87.9,OK
2024-03-20 08:00:00,FAN-D01,Zone_B,2.33,1.09,51.6,1289.0,93.1,OK
2024-03-20 09:00:00,PUMP-A01,Zone_A,4.01,1.89,62.4,1866.0,81.4,OK
2024-03-20 09:00:00,PUMP-A02,Zone_A,2.9,1.64,62.1,1851.0,79.0,OK
2024-03-20 09:00:00,PUMP-B01,Zone_B,3.09,1.48,60.6,1832.0,76.0,OK
2024-03-20 09:00:00,COMP-C01,Zone_C,4.88,2.44,84.1,3850.0,81.2,OK
2024-03-20 09:00:00,COMP-C02,Zone_C,3.43,1.61,76.1,3858.0,83.9,OK
2024-03-20 09:00:00,FAN-D01,Zone_B,2.23,1.07,49.4,1282.0,82.9,OK
2024-03-20 10:00:00,PUMP-A01,Zone_A,3.4,1.86,58.6,1824.0,75.7,OK
2024-03-20 10:00:00,PUMP-A02,Zone_A,2.64,1.19,60.3,1860.0,74.5,OK
2024-03-20 10:00:00,PUMP-B01,Zone_B,2.3,1.17,59.6,1856.0,73.8,OK
2024-03-20 10:00:00,COMP-C01,Zone_C,4.8,2.64,79.8,3835.0,79.9,OK
2024-03-20 10:00:00,COMP-C02,Zone_C,2.88,1.46,78.2,3793.0,78.9,OK
2024-03-20 10:00:00,FAN-D01,Zone_B,1.94,1.03,50.1,1241.0,70.8,OK
2024-03-20 11:00:00,PUMP-A01,Zone_A,3.33,1.76,61.7,1820.0,70.3,OK
2024-03-20 11:00:00,PUMP-A02,Zone_A,2.46,1.13,56.4,1816.0,68.2,OK
2024-03-20 11:00:00,PUMP-B01,Zone_B,2.32,1.22,60.9,1877.0,73.5,OK
2024-03-20 11:00:00,COMP-C01,Zone_C,4.54,2.25,81.4,3836.0,82.6,OK
2024-03-20 11:00:00,COMP-C02,Zone_C,3.89,1.92,78.4,3801.0,75.1,OK
2024-03-20 11:00:00,FAN-D01,Zone_B,1.82,0.98,50.4,1235.0,81.0,OK
2024-03-20 12:00:00,PUMP-A01,Zone_A,4.46,2.15,64.0,1834.0,67.7,OK
2024-03-20 12:00:00,PUMP-A02,Zone_A,2.71,1.36,64.1,1801.0,70.0,OK
2024-03-20 12:00:00,PUMP-B01,Zone_B,2.51,1.26,59.1,1800.0,68.5,OK
2024-03-20 12:00:00,COMP-C01,Zone_C,3.82,2.0,81.1,3732.0,70.0,OK
2024-03-20 12:00:00,COMP-C02,Zone_C,4.18,1.92,80.8,3738.0,67.9,OK
2024-03-20 12:00:00,FAN-D01,Zone_B,2.02,1.08,49.0,1262.0,71.1,OK
2024-03-20 13:00:00,PUMP-A01,Zone_A,3.5,1.61,64.0,1803.0,63.5,OK
2024-03-20 13:00:00,PUMP-A02,Zone_A,2.55,1.32,62.2,1820.0,67.9,OK
2024-03-20 13:00:00,PUMP-B01,Zone_B,2.37,1.31,58.1,1830.0,66.9,OK
2024-03-20 13:00:00,COMP-C01,Zone_C,4.2,2.03,77.3,3709.0,66.3,OK
2024-03-20 13:00:00,COMP-C02,Zone_C,3.6,1.74,77.8,3696.0,63.8,OK
2024-03-20 13:00:00,FAN-D01,Zone_B,1.43,0.57,46.7,1250.0,64.5,OK
2024-03-20 14:00:00,PUMP-A01,Zone_A,3.11,1.66,62.6,1779.0,61.9,OK
2024-03-20 14:00:00,PUMP-A02,Zone_A,2.48,1.39,58.8,1791.0,58.9,SUSPECT
2024-03-20 14:00:00,PUMP-B01,Zone_B,2.09,1.06,59.0,1822.0,64.0,OK
2024-03-20 14:00:00,COMP-C01,Zone_C,4.29,2.35,78.5,3642.0,56.7,OK
2024-03-20 14:00:00,COMP-C02,Zone_C,3.51,1.73,73.3,3690.0,64.5,OK
2024-03-20 14:00:00,FAN-D01,Zone_B,1.43,0.67,47.4,1239.0,63.9,OK
2024-03-20 15:00:00,PUMP-A01,Zone_A,3.57,1.97,60.6,1798.0,62.2,OK
2024-03-20 15:00:00,PUMP-A02,Zone_A,2.77,1.49,56.5,1806.0,64.2,OK
2024-03-20 15:00:00,PUMP-B01,Zone_B,2.06,0.93,58.4,1809.0,64.6,OK
2024-03-20 15:00:00,COMP-C01,Zone_C,4.62,2.5,75.5,3564.0,50.9,OK
2024-03-20 15:00:00,COMP-C02,Zone_C,3.32,1.63,76.5,3665.0,60.4,OK
2024-03-20 15:00:00,FAN-D01,Zone_B,1.85,0.72,47.6,1230.0,59.2,OK
2024-03-20 16:00:00,PUMP-A01,Zone_A,3.75,2.07,60.6,1764.0,58.5,OK
2024-03-20 16:00:00,PUMP-A02,Zone_A,2.7,1.18,60.4,1804.0,61.0,OK
2024-03-20 16:00:00,PUMP-B01,Zone_B,2.0,1.06,59.8,1768.0,50.8,OK
2024-03-20 16:00:00,COMP-C01,Zone_C,3.91,2.22,76.3,3616.0,53.7,OK
2024-03-20 16:00:00,COMP-C02,Zone_C,3.56,1.78,75.7,3628.0,55.1,OK
2024-03-20 16:00:00,FAN-D01,Zone_B,1.52,0.84,46.4,1226.0,57.8,OK
2024-03-20 17:00:00,PUMP-A01,Zone_A,3.89,2.09,64.1,1784.0,63.9,OK
2024-03-20 17:00:00,PUMP-A02,Zone_A,1.89,0.92,53.5,1718.0,53.0,OK
2024-03-20 17:00:00,PUMP-B01,Zone_B,2.38,1.17,57.4,1784.0,50.6,OK
2024-03-20 17:00:00,COMP-C01,Zone_C,4.4,2.18,77.0,3578.0,48.6,OK
2024-03-20 17:00:00,COMP-C02,Zone_C,3.37,1.72,75.3,3652.0,54.3,OK
2024-03-20 17:00:00,FAN-D01,Zone_B,2.1,1.0,50.1,1272.0,63.7,OK
2024-03-20 18:00:00,PUMP-A01,Zone_A,3.52,1.68,57.7,1753.0,55.9,OK
2024-03-20 18:00:00,PUMP-A02,Zone_A,2.5,1.25,59.4,1756.0,56.8,OK
2024-03-20 18:00:00,PUMP-B01,Zone_B,1.84,0.77,60.1,1794.0,56.7,OK
2024-03-20 18:00:00,COMP-C01,Zone_C,4.43,2.14,77.3,3550.0,46.6,OK
2024-03-20 18:00:00,COMP-C02,Zone_C,3.83,2.09,76.3,3603.0,50.5,SUSPECT
2024-03-20 18:00:00,FAN-D01,Zone_B,1.8,0.74,46.3,1180.0,47.0,OK
2024-03-20 19:00:00,PUMP-A01,Zone_A,3.99,1.91,59.3,1730.0,42.9,OK
2024-03-20 19:00:00,PUMP-A02,Zone_A,2.47,1.1,56.0,1780.0,60.0,OK
2024-03-20 19:00:00,PUMP-B01,Zone_B,2.5,1.36,62.2,1748.0,58.5,OK
2024-03-20 19:00:00,COMP-C01,Zone_C,4.41,2.11,75.0,3637.0,53.6,OK
2024-03-20 19:00:00,COMP-C02,Zone_C,2.8,1.28,70.6,3659.0,57.1,OK
2024-03-20 19:00:00,FAN-D01,Zone_B,1.93,0.77,46.4,1179.0,47.2,OK
2024-03-20 20:00:00,PUMP-A01,Zone_A,3.92,1.95,60.2,1758.0,56.0,OK
2024-03-20 20:00:00,PUMP-A02,Zone_A,2.29,1.07,56.5,1784.0,55.7,OK
2024-03-20 20:00:00,PUMP-B01,Zone_B,2.47,1.07,58.2,1733.0,48.0,OK
2024-03-20 20:00:00,COMP-C01,Zone_C,4.6,2.31,74.7,3697.0,61.2,OK
2024-03-20 20:00:00,COMP-C02,Zone_C,3.48,1.81,73.2,3669.0,59.2,OK
2024-03-20 20:00:00,FAN-D01,Zone_B,1.6,0.75,50.4,1205.0,57.3,OK
2024-03-20 21:00:00,PUMP-A01,Zone_A,3.56,1.97,62.7,1777.0,56.9,OK
2024-03-20 21:00:00,PUMP-A02,Zone_A,2.69,1.31,61.9,1832.0,59.3,OK
2024-03-20 21:00:00,PUMP-B01,Zone_B,2.61,1.29,59.3,1846.0,59.2,OK
2024-03-20 21:00:00,COMP-C01,Zone_C,4.6,2.61,76.3,3652.0,60.3,OK
2024-03-20 21:00:00,COMP-C02,Zone_C,3.32,1.74,72.6,3685.0,58.7,OK
2024-03-20 21:00:00,FAN-D01,Zone_B,1.7,1.04,45.3,1233.0,56.8,OK
2024-03-20 22:00:00,PUMP-A01,Zone_A,4.1,1.92,60.3,1800.0,66.2,OK
2024-03-20 22:00:00,PUMP-A02,Zone_A,2.91,1.44,56.2,1792.0,71.8,OK
2024-03-20 22:00:00,PUMP-B01,Zone_B,2.47,1.2,61.1,1817.0,59.9,OK
2024-03-20 22:00:00,COMP-C01,Zone_C,4.53,2.29,75.0,3707.0,65.5,OK
2024-03-20 22:00:00,COMP-C02,Zone_C,3.83,1.78,78.0,3699.0,64.9,OK
2024-03-20 22:00:00,FAN-D01,Zone_B,1.58,0.94,45.3,1197.0,58.0,OK
2024-03-20 23:00:00,PUMP-A01,Zone_A,3.83,1.99,61.5,1795.0,59.2,OK
2024-03-20 23:00:00,PUMP-A02,Zone_A,1.86,0.91,55.3,1806.0,60.7,OK
2024-03-20 23:00:00,PUMP-B01,Zone_B,2.38,1.32,60.4,1801.0,66.3,OK
2024-03-20 23:00:00,COMP-C01,Zone_C,4.23,2.14,79.3,3763.0,69.6,OK
2024-03-20 23:00:00,COMP-C02,Zone_C,4.08,1.85,79.0,3804.0,76.7,OK
2024-03-20 23:00:00,FAN-D01,Zone_B,1.97,0.93,44.1,1261.0,70.2,OK
2024-03-21 00:00:00,PUMP-A01,Zone_A,3.71,1.66,59.9,1811.0,70.6,OK
2024-03-21 00:00:00,PUMP-A02,Zone_A,2.88,1.47,61.6,1858.0,76.4,OK
2024-03-21 00:00:00,PUMP-B01,Zone_B,3.01,1.39,62.5,1814.0,79.0,OK
2024-03-21 00:00:00,COMP-C01,Zone_C,4.58,2.17,83.0,3756.0,73.1,OK
2024-03-21 00:00:00,COMP-C02,Zone_C,4.07,1.96,80.4,3795.0,77.0,OK
2024-03-21 00:00:00,FAN-D01,Zone_B,1.91,0.86,42.8,1257.0,70.8,OK
2024-03-21 01:00:00,PUMP-A01,Zone_A,3.53,1.83,62.5,1804.0,65.6,OK
2024-03-21 01:00:00,PUMP-A02,Zone_A,2.3,1.07,63.1,1823.0,72.5,OK
2024-03-21 01:00:00,PUMP-B01,Zone_B,2.04,0.98,59.6,1807.0,66.2,OK
2024-03-21 01:00:00,COMP-C01,Zone_C,4.96,2.51,84.3,3717.0,63.2,OK
2024-03-21 01:00:00,COMP-C02,Zone_C,3.78,1.9,75.0,3796.0,77.9,OK
2024-03-21 01:00:00,FAN-D01,Zone_B,2.29,1.07,52.3,1242.0,66.4,OK
2024-03-21 02:00:00,PUMP-A01,Zone_A,3.97,2.12,63.6,1829.0,73.0,OK
2024-03-21 02:00:00,PUMP-A02,Zone_A,2.54,1.2,62.1,1893.0,80.8,OK
2024-03-21 02:00:00,PUMP-B01,Zone_B,2.38,0.98,63.1,1853.0,81.6,OK
2024-03-21 02:00:00,COMP-C01,Zone_C,4.72,2.45,79.0,3778.0,78.5,OK
2024-03-21 02:00:00,COMP-C02,Zone_C,3.77,1.94,80.2,3849.0,80.2,OK
2024-03-21 02:00:00,FAN-D01,Zone_B,1.7,0.78,51.9,1254.0,76.3,OK
2024-03-21 03:00:00,PUMP-A01,Zone_A,3.84,1.82,64.9,1890.0,87.3,SUSPECT
2024-03-21 03:00:00,PUMP-A02,Zone_A,3.12,1.44,62.5,1882.0,81.5,OK
2024-03-21 03:00:00,PUMP-B01,Zone_B,2.4,1.28,58.9,1822.0,73.7,OK
2024-03-21 03:00:00,COMP-C01,Zone_C,4.68,2.26,80.9,3772.0,75.6,OK
2024-03-21 03:00:00,COMP-C02,Zone_C,3.26,1.5,77.2,3832.0,82.7,OK
2024-03-21 03:00:00,FAN-D01,Zone_B,1.63,0.89,46.0,1262.0,73.5,OK
2024-03-21 04:00:00,PUMP-A01,Zone_A,3.94,2.0,63.3,1886.0,86.3,OK
2024-03-21 04:00:00,PUMP-A02,Zone_A,3.33,1.74,60.8,1881.0,82.9,OK
2024-03-21 04:00:00,PUMP-B01,Zone_B,2.65,1.14,62.3,1872.0,88.3,OK
2024-03-21 04:00:00,COMP-C01,Zone_C,4.39,2.19,77.9,3782.0,75.5,OK
2024-03-21 04:00:00,COMP-C02,Zone_C,3.59,1.57,77.8,3805.0,83.7,OK
2024-03-21 04:00:00,FAN-D01,Zone_B,1.96,0.84,53.8,1299.0,92.2,OK
2024-03-21 05:00:00,PUMP-A01,Zone_A,4.36,2.08,65.9,1897.0,87.0,OK
2024-03-21 05:00:00,PUMP-A02,Zone_A,2.59,1.43,58.0,1804.0,75.7,OK
2024-03-21 05:00:00,PUMP-B01,Zone_B,2.51,1.26,69.0,1876.0,91.0,OK
2024-03-21 05:00:00,COMP-C01,Zone_C,4.52,2.15,81.6,3832.0,82.3,OK
2024-03-21 05:00:00,COMP-C02,Zone_C,3.37,1.69,76.3,3854.0,83.0,OK
2024-03-21 05:00:00,FAN-D01,Zone_B,1.84,0.91,52.3,1244.0,82.4,OK
2024-03-21 06:00:00,PUMP-A01,Zone_A,4.32,2.04,65.4,1912.0,87.3,OK
2024-03-21 06:00:00,PUMP-A02,Zone_A,2.6,1.22,63.1,1883.0,91.4,OK
2024-03-21 06:00:00,PUMP-B01,Zone_B,2.43,1.28,58.3,1845.0,83.2,OK
2024-03-21 06:00:00,COMP-C01,Zone_C,4.81,2.45,77.5,3819.0,82.2,OK
2024-03-21 06:00:00,COMP-C02,Zone_C,3.94,1.88,77.1,3822.0,80.9,OK
2024-03-21 06:00:00,FAN-D01,Zone_B,2.4,1.12,50.0,1267.0,86.1,OK
2024-03-21 07:00:00,PUMP-A01,Zone_A,3.85,1.99,67.8,1810.0,82.3,OK
2024-03-21 07:00:00,PUMP-A02,Zone_A,2.98,1.38,65.2,1884.0,87.5,OK
2024-03-21 07:00:00,PUMP-B01,Zone_B,2.91,1.41,63.4,1866.0,83.4,OK
2024-03-21 07:00:00,COMP-C01,Zone_C,4.24,2.15,80.8,3848.0,84.5,OK
2024-03-21 07:00:00,COMP-C02,Zone_C,3.58,1.82,79.3,3835.0,86.4,OK
2024-03-21 07:00:00,FAN-D01,Zone_B,2.12,1.16,52.4,1228.0,87.0,OK
2024-03-21 08:00:00,PUMP-A01,Zone_A,4.15,2.23,64.9,1830.0,72.6,OK
2024-03-21 08:00:00,PUMP-A02,Zone_A,2.64,1.46,65.9,1901.0,89.3,OK
2024-03-21 08:00:00,PUMP-B01,Zone_B,2.69,1.41,61.0,1891.0,81.3,OK
2024-03-21 08:00:00,COMP-C01,Zone_C,4.74,2.43,80.7,3887.0,86.7,OK
2024-03-21 08:00:00,COMP-C02,Zone_C,3.1,1.59,78.2,3737.0,70.8,OK
2024-03-21 08:00:00,FAN-D01,Zone_B,2.35,1.2,47.6,1294.0,82.9,OK
2024-03-21 09:00:00,PUMP-A01,Zone_A,4.02,1.97,62.4,1899.0,89.7,OK
2024-03-21 09:00:00,PUMP-A02,Zone_A,2.71,1.25,60.2,1842.0,79.3,OK
2024-03-21 09:00:00,PUMP-B01,Zone_B,2.55,1.34,59.4,1854.0,82.4,OK
2024-03-21 09:00:00,COMP-C01,Zone_C,4.43,2.31,82.4,3832.0,80.6,OK
2024-03-21 09:00:00,COMP-C02,Zone_C,3.88,1.89,75.7,3770.0,78.6,OK
2024-03-21 09:00:00,FAN-D01,Zone_B,1.25,0.59,46.2,1269.0,90.0,OK
2024-03-21 10:00:00,PUMP-A01,Zone_A,3.91,1.91,62.4,1821.0,75.3,OK
2024-03-21 10:00:00,PUMP-A02,Zone_A,2.65,1.33,63.4,1849.0,80.7,OK
2024-03-21 10:00:00,PUMP-B01,Zone_B,2.81,1.35,66.6,1857.0,81.7,OK
2024-03-21 10:00:00,COMP-C01,Zone_C,4.5,2.26,80.0,3828.0,80.6,OK
2024-03-21 10:00:00,COMP-C02,Zone_C,3.73,1.9,78.8,3751.0,71.0,OK
2024-03-21 10:00:00,FAN-D01,Zone_B,1.02,0.44,48.1,1280.0,85.0,OK
2024-03-21 11:00:00,PUMP-A01,Zone_A,3.52,1.84,63.4,1854.0,80.4,OK
2024-03-21 11:00:00,PUMP-A02,Zone_A,2.71,1.29,64.2,1870.0,74.8,OK
2024-03-21 11:00:00,PUMP-B01,Zone_B,2.52,1.32,57.9,1845.0,73.1,OK
2024-03-21 11:00:00,COMP-C01,Zone_C,5.01,2.65,81.3,3834.0,74.6,OK
2024-03-21 11:00:00,COMP-C02,Zone_C,3.38,1.63,74.8,3763.0,73.6,OK
2024-03-21 11:00:00,FAN-D01,Zone_B,1.88,1.01,51.1,1216.0,67.4,OK
2024-03-21 12:00:00,PUMP-A01,Zone_A,3.65,1.79,63.4,1817.0,71.0,OK
2024-03-21 12:00:00,PUMP-A02,Zone_A,1.92,1.15,54.7,1782.0,62.3,OK
2024-03-21 12:00:00,PUMP-B01,Zone_B,2.93,1.56,58.2,1801.0,70.9,OK
2024-03-21 12:00:00,COMP-C01,Zone_C,4.38,2.14,80.6,3739.0,69.5,OK
2024-03-21 12:00:00,COMP-C02,Zone_C,3.31,1.66,76.6,3714.0,66.9,OK
2024-03-21 12:00:00,FAN-D01,Zone_B,2.27,1.2,48.5,1254.0,71.2,OK
2024-03-21 13:00:00,PUMP-A01,Zone_A,4.3,2.22,65.9,1846.0,72.6,OK
2024-03-21 13:00:00,PUMP-A02,Zone_A,2.41,1.05,61.3,1772.0,62.1,OK
2024-03-21 13:00:00,PUMP-B01,Zone_B,2.68,1.41,60.6,1792.0,68.0,OK
2024-03-21 13:00:00,COMP-C01,Zone_C,5.02,2.57,79.5,3738.0,68.1,OK
2024-03-21 13:00:00,COMP-C02,Zone_C,3.63,1.78,72.3,3739.0,68.6,OK
2024-03-21 13:00:00,FAN-D01,Zone_B,1.45,0.73,50.0,1195.0,63.1,OK
2024-03-21 14:00:00,PUMP-A01,Zone_A,3.51,1.9,60.9,1819.0,69.2,OK
2024-03-21 14:00:00,PUMP-A02,Zone_A,2.7,1.36,64.3,1831.0,64.6,OK
2024-03-21 14:00:00,PUMP-B01,Zone_B,2.68,1.22,59.6,1785.0,69.2,OK
2024-03-21 14:00:00,COMP-C01,Zone_C,4.19,2.02,77.5,3699.0,61.4,OK
2024-03-21 14:00:00,COMP-C02,Zone_C,3.59,1.8,75.4,3675.0,64.9,OK
2024-03-21 14:00:00,FAN-D01,Zone_B,1.82,1.03,45.1,1196.0,60.3,OK
2024-03-21 15:00:00,PUMP-A01,Zone_A,2.92,1.43,59.6,1797.0,59.6,OK
2024-03-21 15:00:00,PUMP-A02,Zone_A,2.7,1.35,54.3,1750.0,51.2,OK
2024-03-21 15:00:00,PUMP-B01,Zone_B,3.32,1.56,60.3,1763.0,57.2,OK
2024-03-21 15:00:00,COMP-C01,Zone_C,4.55,2.11,78.4,3669.0,61.8,OK
2024-03-21 15:00:00,COMP-C02,Zone_C,3.26,1.62,79.0,3718.0,63.3,OK
2024-03-21 15:00:00,FAN-D01,Zone_B,1.87,1.03,50.3,1230.0,65.0,OK
2024-03-21 16:00:00,PUMP-A01,Zone_A,4.09,2.11,63.1,1815.0,64.0,OK
2024-03-21 16:00:00,PUMP-A02,Zone_A,2.53,1.35,56.4,1775.0,57.3,OK
2024-03-21 16:00:00,PUMP-B01,Zone_B,2.15,1.01,60.4,1777.0,52.8,OK
2024-03-21 16:00:00,COMP-C01,Zone_C,4.0,2.02,74.1,3589.0,51.5,OK
2024-03-21 16:00:00,COMP-C02,Zone_C,3.4,1.77,76.6,3725.0,66.5,OK
2024-03-21 16:00:00,FAN-D01,Zone_B,1.42,0.89,42.6,1194.0,57.3,OK
2024-03-21 17:00:00,PUMP-A01,Zone_A,3.18,1.63,61.0,1764.0,52.0,OK
2024-03-21 17:00:00,PUMP-A02,Zone_A,2.08,1.02,59.2,1777.0,60.7,OK
2024-03-21 17:00:00,PUMP-B01,Zone_B,2.44,1.37,60.1,1760.0,57.0,OK
2024-03-21 17:00:00,COMP-C01,Zone_C,4.62,2.44,73.6,3665.0,60.1,OK
2024-03-21 17:00:00,COMP-C02,Zone_C,3.4,1.54,76.1,3570.0,45.3,OK
2024-03-21 17:00:00,FAN-D01,Zone_B,1.62,0.72,45.8,1214.0,53.4,OK
2024-03-21 18:00:00,PUMP-A01,Zone_A,3.54,1.88,60.7,1768.0,54.7,OK
2024-03-21 18:00:00,PUMP-A02,Zone_A,1.67,0.85,56.3,1779.0,52.1,OK
2024-03-21 18:00:00,PUMP-B01,Zone_B,2.39,1.1,58.8,1792.0,56.0,OK
2024-03-21 18:00:00,COMP-C01,Zone_C,4.39,2.19,76.3,3685.0,58.6,OK
2024-03-21 18:00:00,COMP-C02,Zone_C,3.62,1.81,75.0,3652.0,55.0,OK
2024-03-21 18:00:00,FAN-D01,Zone_B,1.8,0.96,45.6,1211.0,55.9,OK
2024-03-21 19:00:00,PUMP-A01,Zone_A,3.28,1.57,60.1,1742.0,52.2,OK
2024-03-21 19:00:00,PUMP-A02,Zone_A,2.6,1.47,61.0,1808.0,61.5,OK
2024-03-21 19:00:00,PUMP-B01,Zone_B,2.03,0.97,54.8,1764.0,53.6,OK
2024-03-21 19:00:00,COMP-C01,Zone_C,4.18,2.08,75.2,3656.0,56.8,OK
2024-03-21 19:00:00,COMP-C02,Zone_C,3.34,1.72,76.0,3644.0,58.0,OK
2024-03-21 19:00:00,FAN-D01,Zone_B,1.39,0.72,47.4,1226.0,59.0,OK
2024-03-21 20:00:00,PUMP-A01,Zone_A,3.17,1.55,58.5,1782.0,55.1,OK
2024-03-21 20:00:00,PUMP-A02,Zone_A,2.28,1.0,58.6,1814.0,59.0,OK
2024-03-21 20:00:00,PUMP-B01,Zone_B,1.9,0.95,57.3,1765.0,52.6,OK
2024-03-21 20:00:00,COMP-C01,Zone_C,4.21,2.23,78.7,3600.0,50.0,OK
2024-03-21 20:00:00,COMP-C02,Zone_C,2.95,1.47,75.3,3676.0,58.3,OK
2024-03-21 20:00:00,FAN-D01,Zone_B,1.54,0.71,46.4,1195.0,52.2,OK
2024-03-21 21:00:00,PUMP-A01,Zone_A,3.67,1.85,61.3,1763.0,55.6,OK
2024-03-21 21:00:00,PUMP-A02,Zone_A,2.08,1.01,58.0,1777.0,58.2,OK
2024-03-21 21:00:00,PUMP-B01,Zone_B,2.6,1.2,61.8,1818.0,65.6,OK
2024-03-21 21:00:00,COMP-C01,Zone_C,4.3,2.03,75.1,3668.0,60.1,OK
2024-03-21 21:00:00,COMP-C02,Zone_C,3.29,1.72,74.7,3631.0,54.3,OK
2024-03-21 21:00:00,FAN-D01,Zone_B,1.49,0.79,45.6,1175.0,50.3,OK
2024-03-21 22:00:00,PUMP-A01,Zone_A,3.94,1.94,62.7,1824.0,73.0,OK
2024-03-21 22:00:00,PUMP-A02,Zone_A,2.23,1.05,56.7,1776.0,60.1,SUSPECT
2024-03-21 22:00:00,PUMP-B01,Zone_B,2.84,1.4,59.6,1799.0,64.4,OK
2024-03-21 22:00:00,COMP-C01,Zone_C,4.58,2.49,79.1,3693.0,62.7,OK
2024-03-21 22:00:00,COMP-C02,Zone_C,3.69,2.0,77.2,3646.0,52.5,OK
2024-03-21 22:00:00,FAN-D01,Zone_B,1.63,0.64,47.9,1211.0,57.8,OK
2024-03-21 23:00:00,PUMP-A01,Zone_A,3.5,1.66,57.8,1806.0,64.5,OK
2024-03-21 23:00:00,PUMP-A02,Zone_A,2.24,1.16,59.5,1815.0,70.8,OK
2024-03-21 23:00:00,PUMP-B01,Zone_B,2.76,1.34,62.4,1840.0,67.6,OK
2024-03-21 23:00:00,COMP-C01,Zone_C,4.8,2.41,80.2,3655.0,57.4,OK
2024-03-21 23:00:00,COMP-C02,Zone_C,3.22,1.49,77.3,3721.0,66.1,OK
2024-03-21 23:00:00,FAN-D01,Zone_B,2.03,0.92,49.1,1250.0,65.8,OK
2024-03-22 00:00:00,PUMP-A01,Zone_A,3.74,2.01,61.8,1801.0,66.1,OK
2024-03-22 00:00:00,PUMP-A02,Zone_A,2.83,1.39,63.8,1830.0,78.4,OK
2024-03-22 00:00:00,PUMP-B01,Zone_B,2.75,1.49,62.9,1820.0,76.0,OK
2024-03-22 00:00:00,COMP-C01,Zone_C,4.38,2.19,75.9,3700.0,67.7,OK
2024-03-22 00:00:00,COMP-C02,Zone_C,3.3,1.58,76.9,3779.0,69.7,OK
2024-03-22 00:00:00,FAN-D01,Zone_B,1.5,0.66,48.6,1265.0,70.2,OK
2024-03-22 01:00:00,PUMP-A01,Zone_A,4.05,2.03,65.1,1788.0,69.8,OK
2024-03-22 01:00:00,PUMP-A02,Zone_A,3.22,1.6,62.9,1812.0,71.6,OK
2024-03-22 01:00:00,PUMP-B01,Zone_B,2.58,1.35,61.7,1862.0,76.4,OK
2024-03-22 01:00:00,COMP-C01,Zone_C,4.21,2.16,79.2,3761.0,74.2,OK
2024-03-22 01:00:00,COMP-C02,Zone_C,3.16,1.59,75.1,3761.0,71.7,OK
2024-03-22 01:00:00,FAN-D01,Zone_B,1.83,0.97,50.8,1244.0,71.3,OK
2024-03-22 02:00:00,PUMP-A01,Zone_A,3.92,1.85,61.2,1829.0,76.7,OK
2024-03-22 02:00:00,PUMP-A02,Zone_A,2.46,1.12,60.2,1869.0,76.5,OK
2024-03-22 02:00:00,PUMP-B01,Zone_B,3.06,1.41,62.3,1804.0,77.6,OK
2024-03-22 02:00:00,COMP-C01,Zone_C,3.94,1.85,79.9,3789.0,78.3,OK
2024-03-22 02:00:00,COMP-C02,Zone_C,3.94,1.81,78.2,3871.0,84.1,OK
2024-03-22 02:00:00,FAN-D01,Zone_B,1.19,0.5,46.3,1276.0,74.9,OK
2024-03-22 03:00:00,PUMP-A01,Zone_A,3.76,1.99,62.8,1875.0,83.1,OK
2024-03-22 03:00:00,PUMP-A02,Zone_A,2.85,1.3,61.9,1856.0,86.1,OK
2024-03-22 03:00:00,PUMP-B01,Zone_B,2.76,1.31,61.2,1880.0,81.9,OK
2024-03-22 03:00:00,COMP-C01,Zone_C,4.9,2.38,81.4,3874.0,82.0,OK
2024-03-22 03:00:00,COMP-C02,Zone_C,3.39,1.74,77.6,3835.0,80.6,OK
2024-03-22 03:00:00,FAN-D01,Zone_B,1.87,1.06,49.5,1298.0,89.2,OK
2024-03-22 04:00:00,PUMP-A01,Zone_A,3.42,1.9,63.8,1862.0,82.1,OK
2024-03-22 04:00:00,PUMP-A02,Zone_A,2.33,1.14,61.6,1910.0,92.3,OK
2024-03-22 04:00:00,PUMP-B01,Zone_B,2.43,1.01,61.1,1913.0,81.3,OK
2024-03-22 04:00:00,COMP-C01,Zone_C,4.42,2.33,75.1,3820.0,83.1,OK
2024-03-22 04:00:00,COMP-C02,Zone_C,4.45,2.18,80.9,3863.0,83.6,OK
2024-03-22 04:00:00,FAN-D01,Zone_B,2.03,0.96,52.9,1297.0,87.0,OK
2024-03-22 05:00:00,PUMP-A01,Zone_A,4.0,2.06,63.6,1889.0,90.5,OK
2024-03-22 05:00:00,PUMP-A02,Zone_A,2.67,1.3,64.0,1878.0,86.7,OK
2024-03-22 05:00:00,PUMP-B01,Zone_B,2.85,1.53,64.5,1906.0,85.9,OK
2024-03-22 05:00:00,COMP-C01,Zone_C,4.42,2.09,82.0,3840.0,82.0,OK
2024-03-22 05:00:00,COMP-C02,Zone_C,4.07,1.95,78.2,3838.0,88.9,OK
2024-03-22 05:00:00,FAN-D01,Zone_B,2.49,1.19,50.6,1345.0,96.9,OK
2024-03-22 06:00:00,PUMP-A01,Zone_A,3.67,1.8,62.7,1867.0,74.3,OK
2024-03-22 06:00:00,PUMP-A02,Zone_A,2.27,1.07,60.7,1867.0,81.0,OK
2024-03-22 06:00:00,PUMP-B01,Zone_B,1.95,1.04,64.6,1886.0,81.5,OK
2024-03-22 06:00:00,COMP-C01,Zone_C,5.25,2.5,83.1,3801.0,79.8,OK
2024-03-22 06:00:00,COMP-C02,Zone_C,3.64,1.85,79.3,3850.0,85.2,OK
2024-03-22 06:00:00,FAN-D01,Zone_B,1.81,0.86,50.1,1293.0,85.0,OK
2024-03-22 07:00:00,PUMP-A01,Zone_A,3.83,1.92,64.1,1855.0,74.2,OK
2024-03-22 07:00:00,PUMP-A02,Zone_A,3.0,1.56,59.7,1833.0,80.7,OK
2024-03-22 07:00:00,PUMP-B01,Zone_B,2.08,0.95,59.4,1879.0,84.4,OK
2024-03-22 07:00:00,COMP-C01,Zone_C,4.55,2.37,78.7,3893.0,88.3,OK
2024-03-22 07:00:00,COMP-C02,Zone_C,3.6,1.94,78.9,3790.0,78.6,OK
2024-03-22 07:00:00,FAN-D01,Zone_B,2.29,1.08,51.3,1294.0,85.0,OK
2024-03-22 08:00:00,PUMP-A01,Zone_A,3.88,2.1,65.0,1832.0,82.2,OK
2024-03-22 08:00:00,PUMP-A02,Zone_A,2.75,1.46,63.1,1846.0,76.1,OK
2024-03-22 08:00:00,PUMP-B01,Zone_B,2.41,1.09,59.2,1877.0,80.3,OK
2024-03-22 08:00:00,COMP-C01,Zone_C,4.53,2.28,80.2,3835.0,86.5,OK
2024-03-22 08:00:00,COMP-C02,Zone_C,3.99,2.05,77.4,3864.0,89.9,OK
2024-03-22 08:00:00,FAN-D01,Zone_B,1.73,0.73,51.7,1225.0,79.4,OK
2024-03-22 09:00:00,PUMP-A01,Zone_A,4.29,2.08,64.1,1832.0,77.4,OK
2024-03-22 09:00:00,PUMP-A02,Zone_A,2.57,1.23,61.1,1836.0,74.3,OK
2024-03-22 09:00:00,PUMP-B01,Zone_B,2.8,1.4,61.0,1826.0,75.6,OK
2024-03-22 09:00:00,COMP-C01,Zone_C,4.29,2.1,80.5,3823.0,83.6,OK
2024-03-22 09:00:00,COMP-C02,Zone_C,3.4,1.7,78.7,3791.0,75.8,OK
2024-03-22 09:00:00,FAN-D01,Zone_B,1.7,0.98,53.5,1280.0,81.9,OK
2024-03-22 10:00:00,PUMP-A01,Zone_A,3.34,1.55,60.8,1800.0,70.5,OK
2024-03-22 10:00:00,PUMP-A02,Zone_A,3.01,1.65,61.8,1840.0,82.8,OK
2024-03-22 10:00:00,PUMP-B01,Zone_B,2.49,1.32,62.2,1839.0,75.5,OK
2024-03-22 10:00:00,COMP-C01,Zone_C,4.42,2.22,79.0,3757.0,69.8,OK
2024-03-22 10:00:00,COMP-C02,Zone_C,3.45,1.71,78.8,3779.0,76.8,OK
2024-03-22 10:00:00,FAN-D01,Zone_B,1.74,0.68,52.3,1290.0,76.6,OK
2024-03-22 11:00:00,PUMP-A01,Zone_A,3.2,1.41,60.6,1850.0,74.8,OK
2024-03-22 11:00:00,PUMP-A02,Zone_A,2.72,1.34,63.3,1797.0,76.6,OK
2024-03-22 11:00:00,PUMP-B01,Zone_B,2.56,1.34,63.9,1822.0,69.7,OK
2024-03-22 11:00:00,COMP-C01,Zone_C,4.6,2.29,77.0,3780.0,74.0,OK
2024-03-22 11:00:00,COMP-C02,Zone_C,3.8,1.76,78.4,3776.0,73.6,OK
2024-03-22 11:00:00,FAN-D01,Zone_B,2.12,1.14,49.4,1231.0,67.2,OK
2024-03-22 12:00:00,PUMP-A01,Zone_A,3.66,1.8,60.9,1852.0,77.0,OK
2024-03-22 12:00:00,PUMP-A02,Zone_A,2.78,1.52,59.2,1843.0,77.3,OK
2024-03-22 12:00:00,PUMP-B01,Zone_B,2.31,1.25,60.3,1832.0,75.2,OK
2024-03-22 12:00:00,COMP-C01,Zone_C,4.0,1.98,75.5,3666.0,58.8,OK
2024-03-22 12:00:00,COMP-C02,Zone_C,3.22,1.7,76.7,3680.0,64.6,OK
2024-03-22 12:00:00,FAN-D01,Zone_B,1.39,0.76,53.2,1286.0,80.3,OK
2024-03-22 13:00:00,PUMP-A01,Zone_A,2.89,1.46,58.6,1792.0,67.3,OK
2024-03-22 13:00:00,PUMP-A02,Zone_A,2.12,1.13,57.2,1842.0,64.0,OK
2024-03-22 13:00:00,PUMP-B01,Zone_B,2.32,1.08,59.9,1812.0,70.3,OK
2024-03-22 13:00:00,COMP-C01,Zone_C,4.15,2.08,78.0,3644.0,58.5,OK
2024-03-22 13:00:00,COMP-C02,Zone_C,3.54,1.72,80.5,3690.0,67.4,OK
2024-03-22 13:00:00,FAN-D01,Zone_B,1.73,1.05,47.9,1256.0,67.1,OK
2024-03-22 14:00:00,PUMP-A01,Zone_A,3.68,1.77,61.5,1820.0,66.2,OK
2024-03-22 14:00:00,PUMP-A02,Zone_A,2.19,1.13,59.2,1792.0,57.2,OK
2024-03-22 14:00:00,PUMP-B01,Zone_B,2.76,1.31,58.4,1792.0,61.3,OK
2024-03-22 14:00:00,COMP-C01,Zone_C,4.07,2.05,80.0,3745.0,67.7,OK
2024-03-22 14:00:00,COMP-C02,Zone_C,3.33,1.55,78.1,3656.0,59.5,OK
2024-03-22 14:00:00,FAN-D01,Zone_B,2.05,0.88,50.8,1248.0,63.4,OK
2024-03-22 15:00:00,PUMP-A01,Zone_A,3.62,1.8,61.5,1787.0,55.4,OK
2024-03-22 15:00:00,PUMP-A02,Zone_A,1.95,0.75,56.8,1818.0,69.1,OK
2024-03-22 15:00:00,PUMP-B01,Zone_B,2.57,1.53,58.6,1764.0,62.7,OK
2024-03-22 15:00:00,COMP-C01,Zone_C,4.23,2.15,76.9,3686.0,61.5,OK
2024-03-22 15:00:00,COMP-C02,Zone_C,3.56,1.65,75.8,3645.0,53.4,OK
2024-03-22 15:00:00,FAN-D01,Zone_B,1.68,0.95,44.7,1214.0,54.8,OK
2024-03-22 16:00:00,PUMP-A01,Zone_A,3.34,1.75,60.2,1779.0,55.7,OK
2024-03-22 16:00:00,PUMP-A02,Zone_A,2.19,1.17,57.5,1742.0,54.6,OK
2024-03-22 16:00:00,PUMP-B01,Zone_B,1.8,1.02,57.8,1727.0,49.6,OK
2024-03-22 16:00:00,COMP-C01,Zone_C,4.52,2.31,78.0,3678.0,62.5,OK
2024-03-22 16:00:00,COMP-C02,Zone_C,3.21,1.58,71.5,3611.0,53.8,OK
2024-03-22 16:00:00,FAN-D01,Zone_B,1.55,0.72,44.4,1192.0,50.8,OK
2024-03-22 17:00:00,PUMP-A01,Zone_A,3.81,1.95,64.3,1774.0,54.5,OK
2024-03-22 17:00:00,PUMP-A02,Zone_A,3.03,1.57,59.2,1773.0,55.7,OK
2024-03-22 17:00:00,PUMP-B01,Zone_B,2.25,1.22,58.4,1770.0,59.8,OK
2024-03-22 17:00:00,COMP-C01,Zone_C,4.08,2.0,75.6,3614.0,50.9,OK
2024-03-22 17:00:00,COMP-C02,Zone_C,3.6,1.76,75.9,3600.0,48.6,OK
2024-03-22 17:00:00,FAN-D01,Zone_B,1.94,1.16,46.7,1199.0,53.5,OK
2024-03-22 18:00:00,PUMP-A01,Zone_A,3.79,1.83,63.4,1760.0,51.0,OK
2024-03-22 18:00:00,PUMP-A02,Zone_A,2.54,1.3,60.3,1777.0,62.5,OK
2024-03-22 18:00:00,PUMP-B01,Zone_B,2.57,1.28,56.0,1784.0,57.1,SUSPECT
2024-03-22 18:00:00,COMP-C01,Zone_C,4.15,2.08,77.5,3732.0,65.4,OK
2024-03-22 18:00:00,COMP-C02,Zone_C,3.8,1.97,74.1,3635.0,55.2,OK
2024-03-22 18:00:00,FAN-D01,Zone_B,1.99,0.96,47.4,1245.0,65.4,OK
2024-03-22 19:00:00,PUMP-A01,Zone_A,4.06,2.12,61.3,1792.0,60.8,OK
2024-03-22 19:00:00,PUMP-A02,Zone_A,2.24,1.15,61.2,1776.0,60.8,OK
2024-03-22 19:00:00,PUMP-B01,Zone_B,2.38,1.29,62.9,1777.0,57.6,OK
2024-03-22 19:00:00,COMP-C01,Zone_C,4.55,2.17,78.9,3646.0,60.0,OK
2024-03-22 19:00:00,COMP-C02,Zone_C,3.29,1.55,78.5,3678.0,59.8,SUSPECT
2024-03-22 19:00:00,FAN-D01,Zone_B,1.87,0.95,47.3,1209.0,55.1,OK
2024-03-22 20:00:00,PUMP-A01,Zone_A,3.8,1.98,60.0,1725.0,55.7,OK
2024-03-22 20:00:00,PUMP-A02,Zone_A,2.14,1.05,58.6,1786.0,53.7,OK
2024-03-22 20:00:00,PUMP-B01,Zone_B,1.97,1.0,53.7,1760.0,55.7,OK
2024-03-22 20:00:00,COMP-C01,Zone_C,4.33,1.96,76.9,3656.0,58.9,OK
2024-03-22 20:00:00,COMP-C02,Zone_C,2.91,1.45,74.4,3676.0,61.4,OK
2024-03-22 20:00:00,FAN-D01,Zone_B,1.88,0.84,47.3,1249.0,64.1,OK
2024-03-22 21:00:00,PUMP-A01,Zone_A,3.9,1.98,64.0,1815.0,61.8,OK
2024-03-22 21:00:00,PUMP-A02,Zone_A,2.41,1.26,60.1,1775.0,60.2,OK
2024-03-22 21:00:00,PUMP-B01,Zone_B,2.21,0.97,58.9,1728.0,51.2,OK
2024-03-22 21:00:00,COMP-C01,Zone_C,4.86,2.36,78.3,3608.0,50.8,OK
2024-03-22 21:00:00,COMP-C02,Zone_C,3.2,1.63,76.6,3714.0,63.8,OK
2024-03-22 21:00:00,FAN-D01,Zone_B,1.69,0.95,45.7,1193.0,57.0,OK
2024-03-22 22:00:00,PUMP-A01,Zone_A,3.39,1.81,62.7,1784.0,61.7,OK
2024-03-22 22:00:00,PUMP-A02,Zone_A,2.65,1.25,57.4,1775.0,61.8,OK
2024-03-22 22:00:00,PUMP-B01,Zone_B,2.73,1.52,57.3,1769.0,59.7,OK
2024-03-22 22:00:00,COMP-C01,Zone_C,3.77,1.98,78.8,3692.0,59.6,OK
2024-03-22 22:00:00,COMP-C02,Zone_C,4.09,2.03,76.3,3661.0,56.8,OK
2024-03-22 22:00:00,FAN-D01,Zone_B,1.5,0.73,47.4,1234.0,63.3,OK
2024-03-22 23:00:00,PUMP-A01,Zone_A,3.93,1.92,60.0,1805.0,63.9,OK
2024-03-22 23:00:00,PUMP-A02,Zone_A,2.72,1.3,61.2,1819.0,71.5,OK
2024-03-22 23:00:00,PUMP-B01,Zone_B,2.62,1.37,59.9,1855.0,65.0,OK
2024-03-22 23:00:00,COMP-C01,Zone_C,3.93,1.96,81.5,3633.0,56.9,OK
2024-03-22 23:00:00,COMP-C02,Zone_C,3.01,1.45,76.8,3707.0,64.3,OK
2024-03-22 23:00:00,FAN-D01,Zone_B,2.06,1.13,51.7,1306.0,80.8,OK
2024-03-23 00:00:00,PUMP-A01,Zone_A,3.11,1.63,60.4,1812.0,65.2,OK
2024-03-23 00:00:00,PUMP-A02,Zone_A,2.78,1.15,62.8,1805.0,73.5,OK
2024-03-23 00:00:00,PUMP-B01,Zone_B,2.47,1.19,61.0,1804.0,73.6,OK
2024-03-23 00:00:00,COMP-C01,Zone_C,4.55,2.32,79.0,3785.0,73.6,OK
2024-03-23 00:00:00,COMP-C02,Zone_C,3.67,1.82,79.5,3684.0,67.4,OK
2024-03-23 00:00:00,FAN-D01,Zone_B,1.89,0.78,48.4,1221.0,72.1,OK
2024-03-23 01:00:00,PUMP-A01,Zone_A,3.84,2.06,61.1,1822.0,71.3,OK
2024-03-23 01:00:00,PUMP-A02,Zone_A,2.61,1.17,57.8,1831.0,66.9,OK
2024-03-23 01:00:00,PUMP-B01,Zone_B,3.1,1.6,60.3,1813.0,70.7,OK
2024-03-23 01:00:00,COMP-C01,Zone_C,4.26,2.2,77.9,3751.0,70.4,OK
2024-03-23 01:00:00,COMP-C02,Zone_C,3.17,1.66,76.5,3799.0,75.9,OK
2024-03-23 01:00:00,FAN-D01,Zone_B,1.88,1.01,50.8,1233.0,70.2,OK
2024-03-23 02:00:00,PUMP-A01,Zone_A,3.99,1.99,62.1,1853.0,78.0,OK
2024-03-23 02:00:00,PUMP-A02,Zone_A,2.51,1.17,58.9,1833.0,75.1,OK
2024-03-23 02:00:00,PUMP-B01,Zone_B,2.38,1.21,57.9,1845.0,79.5,OK
2024-03-23 02:00:00,COMP-C01,Zone_C,4.5,2.18,76.1,3800.0,72.2,OK
2024-03-23 02:00:00,COMP-C02,Zone_C,3.45,1.68,74.2,3812.0,77.9,OK
2024-03-23 02:00:00,FAN-D01,Zone_B,2.04,0.96,54.2,1242.0,71.4,OK
2024-03-23 03:00:00,PUMP-A01,Zone_A,3.34,1.78,61.9,1854.0,73.3,OK
2024-03-23 03:00:00,PUMP-A02,Zone_A,2.82,1.5,64.4,1843.0,76.1,OK
2024-03-23 03:00:00,PUMP-B01,Zone_B,2.54,1.29,62.7,1836.0,79.5,OK
2024-03-23 03:00:00,COMP-C01,Zone_C,4.76,2.31,80.4,3770.0,78.6,OK
2024-03-23 03:00:00,COMP-C02,Zone_C,3.68,1.79,78.2,3784.0,80.0,OK
2024-03-23 03:00:00,FAN-D01,Zone_B,2.15,1.05,50.3,1283.0,85.3,OK
2024-03-23 04:00:00,PUMP-A01,Zone_A,4.02,2.02,65.3,1886.0,91.4,OK
2024-03-23 04:00:00,PUMP-A02,Zone_A,2.07,1.07,59.3,1850.0,85.4,OK
2024-03-23 04:00:00,PUMP-B01,Zone_B,2.66,1.35,63.4,1864.0,78.4,OK
2024-03-23 04:00:00,COMP-C01,Zone_C,4.89,2.32,79.8,3801.0,80.0,OK
2024-03-23 04:00:00,COMP-C02,Zone_C,3.77,1.92,77.2,3842.0,83.5,OK
2024-03-23 04:00:00,FAN-D01,Zone_B,1.75,0.82,48.6,1248.0,89.5,SUSPECT
2024-03-23 05:00:00,PUMP-A01,Zone_A,4.06,2.02,63.0,1922.0,89.9,OK
2024-03-23 05:00:00,PUMP-A02,Zone_A,2.99,1.4,61.1,1942.0,88.5,OK
2024-03-23 05:00:00,PUMP-B01,Zone_B,3.07,1.45,63.4,1876.0,84.0,OK
2024-03-23 05:00:00,COMP-C01,Zone_C,4.54,2.33,80.8,3836.0,79.4,OK
2024-03-23 05:00:00,COMP-C02,Zone_C,3.81,1.94,77.5,3938.0,96.3,OK
2024-03-23 05:00:00,FAN-D01,Zone_B,1.86,0.97,47.0,1222.0,78.0,OK
2024-03-23 06:00:00,PUMP-A01,Zone_A,3.98,2.06,65.8,1845.0,77.4,OK
2024-03-23 06:00:00,PUMP-A02,Zone_A,3.18,1.61,62.5,1863.0,91.0,OK
2024-03-23 06:00:00,PUMP-B01,Zone_B,2.65,1.43,57.5,1888.0,83.7,OK
2024-03-23 06:00:00,COMP-C01,Zone_C,4.51,2.27,81.9,3826.0,81.4,OK
2024-03-23 06:00:00,COMP-C02,Zone_C,3.4,1.63,79.5,3854.0,80.3,OK
2024-03-23 06:00:00,FAN-D01,Zone_B,1.81,0.92,50.5,1283.0,80.4,OK
2024-03-23 07:00:00,PUMP-A01,Zone_A,4.25,2.06,64.1,1856.0,84.5,OK
2024-03-23 07:00:00,PUMP-A02,Zone_A,2.96,1.58,62.5,1885.0,86.6,OK
2024-03-23 07:00:00,PUMP-B01,Zone_B,2.49,1.3,60.2,1848.0,81.1,SUSPECT
2024-03-23 07:00:00,COMP-C01,Zone_C,4.64,2.31,78.2,3867.0,88.6,OK
2024-03-23 07:00:00,COMP-C02,Zone_C,3.74,1.79,77.7,3864.0,86.7,OK
2024-03-23 07:00:00,FAN-D01,Zone_B,1.63,0.82,50.8,1297.0,84.5,OK
2024-03-23 08:00:00,PUMP-A01,Zone_A,3.67,1.88,63.6,1863.0,83.1,OK
2024-03-23 08:00:00,PUMP-A02,Zone_A,2.47,1.33,60.9,1878.0,79.2,OK
2024-03-23 08:00:00,PUMP-B01,Zone_B,2.83,1.43,61.9,1896.0,90.1,OK
2024-03-23 08:00:00,COMP-C01,Zone_C,4.75,2.48,79.4,3833.0,85.2,OK
2024-03-23 08:00:00,COMP-C02,Zone_C,3.42,1.65,76.0,3846.0,82.2,OK
2024-03-23 08:00:00,FAN-D01,Zone_B,2.52,1.28,54.4,1282.0,90.2,OK
2024-03-23 09:00:00,PUMP-A01,Zone_A,4.17,2.18,61.6,1815.0,73.4,OK
2024-03-23 09:00:00,PUMP-A02,Zone_A,2.58,1.43,60.1,1844.0,81.6,OK
2024-03-23 09:00:00,PUMP-B01,Zone_B,2.27,1.01,58.1,1875.0,82.6,OK
2024-03-23 09:00:00,COMP-C01,Zone_C,4.03,1.98,77.9,3856.0,85.9,OK
2024-03-23 09:00:00,COMP-C02,Zone_C,3.4,1.53,77.9,3752.0,72.1,OK
2024-03-23 09:00:00,FAN-D01,Zone_B,2.04,1.03,48.9,1266.0,83.5,OK
2024-03-23 10:00:00,PUMP-A01,Zone_A,3.49,1.67,63.7,1796.0,65.6,OK
2024-03-23 10:00:00,PUMP-A02,Zone_A,2.89,1.35,64.4,1841.0,78.8,OK
2024-03-23 10:00:00,PUMP-B01,Zone_B,2.69,1.41,63.1,1863.0,69.0,OK
2024-03-23 10:00:00,COMP-C01,Zone_C,3.91,2.04,78.4,3749.0,71.9,OK
2024-03-23 10:00:00,COMP-C02,Zone_C,3.66,1.96,79.3,3830.0,83.8,OK
2024-03-23 10:00:00,FAN-D01,Zone_B,1.67,0.78,44.8,1278.0,76.8,OK
2024-03-23 11:00:00,PUMP-A01,Zone_A,4.03,1.97,64.9,1811.0,69.2,OK
2024-03-23 11:00:00,PUMP-A02,Zone_A,2.98,1.41,58.0,1802.0,65.3,OK
2024-03-23 11:00:00,PUMP-B01,Zone_B,2.59,1.44,61.1,1845.0,75.7,OK
2024-03-23 11:00:00,COMP-C01,Zone_C,4.58,2.22,79.0,3753.0,67.8,OK
2024-03-23 11:00:00,COMP-C02,Zone_C,3.05,1.46,76.6,3765.0,71.8,OK
2024-03-23 11:00:00,FAN-D01,Zone_B,2.31,1.02,49.1,1298.0,77.2,OK
2024-03-23 12:00:00,PUMP-A01,Zone_A,4.21,1.88,62.4,1816.0,75.2,OK
2024-03-23 12:00:00,PUMP-A02,Zone_A,2.55,1.19,62.6,1822.0,74.4,OK
2024-03-23 12:00:00,PUMP-B01,Zone_B,2.43,1.21,57.7,1823.0,70.7,OK
2024-03-23 12:00:00,COMP-C01,Zone_C,4.61,2.44,76.4,3727.0,66.3,OK
2024-03-23 12:00:00,COMP-C02,Zone_C,3.85,1.71,78.7,3780.0,77.8,OK
2024-03-23 12:00:00,FAN-D01,Zone_B,0.97,0.46,47.3,1228.0,65.0,OK
2024-03-23 13:00:00,PUMP-A01,Zone_A,3.78,1.99,64.2,1803.0,65.6,OK
2024-03-23 13:00:00,PUMP-A02,Zone_A,2.33,1.13,61.4,1802.0,65.0,OK
2024-03-23 13:00:00,PUMP-B01,Zone_B,2.9,1.57,60.7,1827.0,68.4,OK
2024-03-23 13:00:00,COMP-C01,Zone_C,4.02,1.96,77.7,3751.0,65.9,OK
2024-03-23 13:00:00,COMP-C02,Zone_C,3.92,2.11,76.8,3744.0,65.8,OK
2024-03-23 13:00:00,FAN-D01,Zone_B,1.73,0.79,46.4,1215.0,65.7,OK
2024-03-23 14:00:00,PUMP-A01,Zone_A,3.57,1.9,60.7,1784.0,66.3,OK
2024-03-23 14:00:00,PUMP-A02,Zone_A,2.5,1.1,62.0,1808.0,64.0,OK
2024-03-23 14:00:00,PUMP-B01,Zone_B,2.4,1.0,58.3,1799.0,70.6,OK
2024-03-23 14:00:00,COMP-C01,Zone_C,4.56,2.15,78.7,3729.0,66.4,OK
2024-03-23 14:00:00,COMP-C02,Zone_C,3.73,1.97,78.3,3633.0,54.5,OK
2024-03-23 14:00:00,FAN-D01,Zone_B,2.0,0.96,49.3,1251.0,64.0,OK
2024-03-23 15:00:00,PUMP-A01,Zone_A,3.84,1.86,58.9,1768.0,53.6,OK
2024-03-23 15:00:00,PUMP-A02,Zone_A,2.33,1.08,59.1,1793.0,61.9,OK
2024-03-23 15:00:00,PUMP-B01,Zone_B,2.2,1.16,59.0,1808.0,67.0,OK
2024-03-23 15:00:00,COMP-C01,Zone_C,4.4,2.17,74.8,3649.0,58.4,OK
2024-03-23 15:00:00,COMP-C02,Zone_C,3.71,1.98,74.8,3637.0,59.4,SUSPECT
2024-03-23 15:00:00,FAN-D01,Zone_B,1.98,0.95,49.2,1207.0,56.3,OK
2024-03-23 16:00:00,PUMP-A01,Zone_A,3.49,1.71,59.7,1779.0,55.5,OK
2024-03-23 16:00:00,PUMP-A02,Zone_A,2.61,1.4,58.6,1797.0,60.5,OK
2024-03-23 16:00:00,PUMP-B01,Zone_B,2.19,1.05,58.3,1775.0,50.6,OK
2024-03-23 16:00:00,COMP-C01,Zone_C,4.01,1.94,77.6,3579.0,46.8,OK
2024-03-23 16:00:00,COMP-C02,Zone_C,2.5,1.19,73.9,3611.0,44.7,OK
2024-03-23 16:00:00,FAN-D01,Zone_B,2.01,0.98,50.2,1215.0,64.3,OK
2024-03-23 17:00:00,PUMP-A01,Zone_A,3.4,1.68,60.8,1746.0,46.9,OK
2024-03-23 17:00:00,PUMP-A02,Zone_A,2.53,1.26,59.1,1808.0,56.7,OK
2024-03-23 17:00:00,PUMP-B01,Zone_B,2.46,1.3,56.0,1755.0,52.6,OK
2024-03-23 17:00:00,COMP-C01,Zone_C,4.54,2.2,78.7,3609.0,49.4,OK
2024-03-23 17:00:00,COMP-C02,Zone_C,3.74,1.86,78.2,3754.0,66.3,OK
2024-03-23 17:00:00,FAN-D01,Zone_B,1.63,0.99,43.1,1213.0,48.4,OK
2024-03-23 18:00:00,PUMP-A01,Zone_A,3.6,1.79,62.4,1747.0,55.3,OK
2024-03-23 18:00:00,PUMP-A02,Zone_A,2.02,0.98,58.4,1760.0,51.8,OK
2024-03-23 18:00:00,PUMP-B01,Zone_B,3.17,1.72,60.9,1750.0,57.4,OK
2024-03-23 18:00:00,COMP-C01,Zone_C,3.93,1.97,72.8,3616.0,47.0,OK
2024-03-23 18:00:00,COMP-C02,Zone_C,3.41,1.59,74.7,3557.0,49.0,OK
2024-03-23 18:00:00,FAN-D01,Zone_B,1.49,0.88,47.0,1217.0,49.7,OK
2024-03-23 19:00:00,PUMP-A01,Zone_A,3.66,1.92,56.6,1722.0,50.8,OK
2024-03-23 19:00:00,PUMP-A02,Zone_A,2.65,1.26,61.7,1770.0,55.1,OK
2024-03-23 19:00:00,PUMP-B01,Zone_B,2.25,0.94,60.9,1786.0,60.0,SUSPECT
2024-03-23 19:00:00,COMP-C01,Zone_C,3.44,1.75,75.1,3573.0,50.8,OK
2024-03-23 19:00:00,COMP-C02,Zone_C,3.81,1.86,77.2,3629.0,56.1,OK
2024-03-23 19:00:00,FAN-D01,Zone_B,1.24,0.53,46.0,1188.0,54.4,OK
2024-03-23 20:00:00,PUMP-A01,Zone_A,3.29,1.67,61.3,1766.0,49.1,OK
2024-03-23 20:00:00,PUMP-A02,Zone_A,2.95,1.43,61.0,1755.0,55.8,OK
2024-03-23 20:00:00,PUMP-B01,Zone_B,1.84,0.85,57.3,1814.0,59.7,OK
2024-03-23 20:00:00,COMP-C01,Zone_C,4.83,2.44,76.9,3630.0,57.6,OK
2024-03-23 20:00:00,COMP-C02,Zone_C,3.14,1.62,75.2,3554.0,48.5,OK
2024-03-23 20:00:00,FAN-D01,Zone_B,1.82,0.88,44.2,1201.0,52.5,OK
2024-03-23 21:00:00,PUMP-A01,Zone_A,4.03,1.98,57.5,1719.0,50.0,OK
2024-03-23 21:00:00,PUMP-A02,Zone_A,2.57,1.34,58.1,1796.0,61.5,OK
2024-03-23 21:00:00,PUMP-B01,Zone_B,2.6,1.3,55.7,1780.0,53.9,OK
2024-03-23 21:00:00,COMP-C01,Zone_C,4.39,2.11,80.2,3695.0,63.4,OK
2024-03-23 21:00:00,COMP-C02,Zone_C,3.3,1.75,79.7,3744.0,70.1,OK
2024-03-23 21:00:00,FAN-D01,Zone_B,1.23,0.59,41.9,1187.0,49.1,OK
2024-03-23 22:00:00,PUMP-A01,Zone_A,3.3,1.74,62.2,1825.0,70.1,OK
2024-03-23 22:00:00,PUMP-A02,Zone_A,2.19,1.12,55.2,1799.0,58.2,OK
2024-03-23 22:00:00,PUMP-B01,Zone_B,1.96,1.05,56.0,1798.0,64.1,OK
2024-03-23 22:00:00,COMP-C01,Zone_C,4.0,1.87,77.4,3667.0,59.6,OK
2024-03-23 22:00:00,COMP-C02,Zone_C,3.42,1.61,74.9,3721.0,67.9,OK
2024-03-23 22:00:00,FAN-D01,Zone_B,1.58,0.77,47.1,1271.0,69.7,OK
2024-03-23 23:00:00,PUMP-A01,Zone_A,3.33,1.89,64.6,1777.0,60.0,OK
2024-03-23 23:00:00,PUMP-A02,Zone_A,2.9,1.5,63.3,1829.0,71.9,OK
2024-03-23 23:00:00,PUMP-B01,Zone_B,3.03,1.34,59.2,1846.0,69.0,OK
2024-03-23 23:00:00,COMP-C01,Zone_C,4.59,2.44,78.5,3727.0,65.1,OK
2024-03-23 23:00:00,COMP-C02,Zone_C,3.54,1.87,73.9,3712.0,64.7,OK
2024-03-23 23:00:00,FAN-D01,Zone_B,1.62,0.76,48.7,1228.0,69.6,OK
2024-03-24 00:00:00,PUMP-A01,Zone_A,3.77,1.99,63.7,1831.0,73.0,OK
2024-03-24 00:00:00,PUMP-A02,Zone_A,2.68,1.46,62.5,1833.0,72.5,OK
2024-03-24 00:00:00,PUMP-B01,Zone_B,2.14,1.0,59.1,1854.0,72.2,OK
2024-03-24 00:00:00,COMP-C01,Zone_C,4.49,2.18,78.7,3794.0,77.0,OK
2024-03-24 00:00:00,COMP-C02,Zone_C,3.22,1.69,77.8,3757.0,73.4,OK
2024-03-24 00:00:00,FAN-D01,Zone_B,1.83,0.97,50.5,1243.0,66.7,OK
2024-03-24 01:00:00,PUMP-A01,Zone_A,4.37,2.13,60.3,1812.0,72.2,OK
2024-03-24 01:00:00,PUMP-A02,Zone_A,2.43,1.22,58.5,1799.0,67.8,OK
2024-03-24 01:00:00,PUMP-B01,Zone_B,2.6,1.42,61.0,1830.0,65.9,OK
2024-03-24 01:00:00,COMP-C01,Zone_C,4.62,2.2,77.0,3751.0,67.0,OK
2024-03-24 01:00:00,COMP-C02,Zone_C,4.08,2.1,82.7,3731.0,68.2,OK
2024-03-24 01:00:00,FAN-D01,Zone_B,1.98,1.08,47.8,1249.0,73.1,OK
2024-03-24 02:00:00,PUMP-A01,Zone_A,3.74,2.01,67.1,1878.0,79.3,OK
2024-03-24 02:00:00,PUMP-A02,Zone_A,3.01,1.39,63.6,1840.0,81.8,OK
2024-03-24 02:00:00,PUMP-B01,Zone_B,2.73,1.47,60.7,1827.0,72.2,OK
2024-03-24 02:00:00,COMP-C01,Zone_C,4.16,2.09,79.1,3794.0,75.4,OK
2024-03-24 02:00:00,COMP-C02,Zone_C,3.89,2.08,77.4,3806.0,82.6,OK
2024-03-24 02:00:00,FAN-D01,Zone_B,1.95,0.92,48.3,1260.0,82.2,OK
2024-03-24 03:00:00,PUMP-A01,Zone_A,3.37,1.71,62.8,1828.0,81.3,OK
2024-03-24 03:00:00,PUMP-A02,Zone_A,2.52,1.07,62.3,1867.0,83.9,OK
2024-03-24 03:00:00,PUMP-B01,Zone_B,2.33,1.23,61.6,1826.0,79.8,OK
2024-03-24 03:00:00,COMP-C01,Zone_C,4.58,2.28,77.2,3714.0,66.6,OK
2024-03-24 03:00:00,COMP-C02,Zone_C,3.66,1.89,78.6,3849.0,82.6,OK
2024-03-24 03:00:00,FAN-D01,Zone_B,1.84,0.87,49.2,1238.0,69.2,OK
2024-03-24 04:00:00,PUMP-A01,Zone_A,3.58,1.73,59.8,1865.0,81.0,OK
2024-03-24 04:00:00,PUMP-A02,Zone_A,2.45,1.18,61.6,1881.0,84.4,OK
2024-03-24 04:00:00,PUMP-B01,Zone_B,2.61,1.12,58.4,1872.0,81.4,OK
2024-03-24 04:00:00,COMP-C01,Zone_C,4.45,2.36,81.1,3864.0,87.2,OK
2024-03-24 04:00:00,COMP-C02,Zone_C,3.27,1.44,75.3,3793.0,79.0,OK
2024-03-24 04:00:00,FAN-D01,Zone_B,1.38,0.61,45.8,1296.0,86.5,OK
2024-03-24 05:00:00,PUMP-A01,Zone_A,4.25,1.99,67.5,1868.0,81.9,OK
2024-03-24 05:00:00,PUMP-A02,Zone_A,2.51,1.24,58.0,1884.0,86.7,OK
2024-03-24 05:00:00,PUMP-B01,Zone_B,3.18,1.51,60.7,1844.0,82.4,OK
2024-03-24 05:00:00,COMP-C01,Zone_C,4.39,2.26,78.8,3813.0,81.4,OK
2024-03-24 05:00:00,COMP-C02,Zone_C,3.69,1.9,81.4,3787.0,79.5,OK
2024-03-24 05:00:00,FAN-D01,Zone_B,1.93,0.99,53.6,1327.0,91.5,OK
2024-03-24 06:00:00,PUMP-A01,Zone_A,3.55,1.98,63.9,1883.0,82.2,OK
2024-03-24 06:00:00,PUMP-A02,Zone_A,2.46,1.22,59.6,1873.0,81.3,OK
2024-03-24 06:00:00,PUMP-B01,Zone_B,2.77,1.5,63.7,1872.0,89.1,OK
2024-03-24 06:00:00,COMP-C01,Zone_C,4.67,2.19,81.9,3835.0,78.9,OK
2024-03-24 06:00:00,COMP-C02,Zone_C,3.65,1.96,79.4,3941.0,93.9,OK
2024-03-24 06:00:00,FAN-D01,Zone_B,2.42,1.28,49.6,1291.0,84.6,OK
2024-03-24 07:00:00,PUMP-A01,Zone_A,4.0,2.04,65.0,1886.0,87.0,OK
2024-03-24 07:00:00,PUMP-A02,Zone_A,3.15,1.56,67.3,1889.0,86.2,OK
2024-03-24 07:00:00,PUMP-B01,Zone_B,2.33,1.17,60.8,1878.0,83.8,OK
2024-03-24 07:00:00,COMP-C01,Zone_C,4.56,2.25,81.0,3878.0,88.9,OK
2024-03-24 07:00:00,COMP-C02,Zone_C,3.35,1.66,80.6,3829.0,81.8,OK
2024-03-24 07:00:00,FAN-D01,Zone_B,1.45,0.73,51.0,1278.0,89.3,OK
2024-03-24 08:00:00,PUMP-A01,Zone_A,3.56,1.71,65.1,1862.0,80.8,OK
2024-03-24 08:00:00,PUMP-A02,Zone_A,2.63,1.33,60.9,1869.0,91.1,OK
2024-03-24 08:00:00,PUMP-B01,Zone_B,2.51,1.15,62.5,1859.0,82.0,OK
2024-03-24 08:00:00,COMP-C01,Zone_C,5.01,2.33,81.5,3853.0,82.7,OK
2024-03-24 08:00:00,COMP-C02,Zone_C,4.1,1.82,76.8,3799.0,80.5,OK
2024-03-24 08:00:00,FAN-D01,Zone_B,1.94,0.89,50.8,1275.0,85.3,OK
2024-03-24 09:00:00,PUMP-A01,Zone_A,4.1,2.14,62.5,1875.0,89.1,OK
2024-03-24 09:00:00,PUMP-A02,Zone_A,2.56,1.2,60.4,1830.0,75.0,OK
2024-03-24 09:00:00,PUMP-B01,Zone_B,2.56,1.31,63.0,1814.0,79.5,OK
2024-03-24 09:00:00,COMP-C01,Zone_C,4.61,2.3,81.4,3853.0,86.3,OK
2024-03-24 09:00:00,COMP-C02,Zone_C,3.76,1.86,83.1,3882.0,88.7,OK
2024-03-24 09:00:00,FAN-D01,Zone_B,2.23,1.14,51.6,1263.0,83.3,OK
2024-03-24 10:00:00,PUMP-A01,Zone_A,3.91,1.83,68.0,1877.0,81.2,OK
2024-03-24 10:00:00,PUMP-A02,Zone_A,2.74,1.36,60.5,1842.0,80.8,OK
2024-03-24 10:00:00,PUMP-B01,Zone_B,2.58,1.42,61.5,1854.0,80.6,OK
2024-03-24 10:00:00,COMP-C01,Zone_C,4.67,2.34,84.3,3858.0,89.4,OK
2024-03-24 10:00:00,COMP-C02,Zone_C,3.83,1.89,79.8,3859.0,87.1,OK
2024-03-24 10:00:00,FAN-D01,Zone_B,2.44,1.12,53.0,1246.0,83.2,OK
2024-03-24 11:00:00,PUMP-A01,Zone_A,3.84,1.82,65.2,1908.0,80.3,OK
2024-03-24 11:00:00,PUMP-A02,Zone_A,3.12,1.51,60.7,1854.0,74.3,OK
2024-03-24 11:00:00,PUMP-B01,Zone_B,2.51,1.31,60.3,1852.0,78.7,OK
2024-03-24 11:00:00,COMP-C01,Zone_C,4.62,2.28,81.3,3736.0,70.2,OK
2024-03-24 11:00:00,COMP-C02,Zone_C,3.36,1.81,78.3,3862.0,86.4,OK
2024-03-24 11:00:00,FAN-D01,Zone_B,2.08,1.12,45.4,1302.0,75.3,OK
2024-03-24 12:00:00,PUMP-A01,Zone_A,3.72,2.04,64.9,1800.0,65.7,OK
2024-03-24 12:00:00,PUMP-A02,Zone_A,2.54,1.28,60.2,1826.0,68.1,OK
2024-03-24 12:00:00,PUMP-B01,Zone_B,2.85,1.44,61.7,1819.0,71.9,OK
2024-03-24 12:00:00,COMP-C01,Zone_C,5.3,2.66,82.6,3791.0,75.4,OK
2024-03-24 12:00:00,COMP-C02,Zone_C,3.48,1.81,73.7,3736.0,68.5,OK
2024-03-24 12:00:00,FAN-D01,Zone_B,1.79,0.85,48.4,1307.0,70.9,OK
2024-03-24 13:00:00,PUMP-A01,Zone_A,3.59,1.83,62.3,1829.0,68.3,OK
2024-03-24 13:00:00,PUMP-A02,Zone_A,2.0,1.1,61.5,1877.0,83.8,OK
2024-03-24 13:00:00,PUMP-B01,Zone_B,2.5,1.17,56.8,1799.0,66.5,OK
2024-03-24 13:00:00,COMP-C01,Zone_C,4.29,2.1,77.0,3708.0,61.9,OK
2024-03-24 13:00:00,COMP-C02,Zone_C,3.19,1.34,76.6,3750.0,72.0,OK
2024-03-24 13:00:00,FAN-D01,Zone_B,2.23,1.36,50.5,1226.0,65.9,OK
2024-03-24 14:00:00,PUMP-A01,Zone_A,3.47,1.74,61.3,1773.0,65.9,OK
2024-03-24 14:00:00,PUMP-A02,Zone_A,2.57,1.36,62.0,1785.0,65.2,OK
2024-03-24 14:00:00,PUMP-B01,Zone_B,2.73,1.3,58.0,1743.0,57.6,OK
2024-03-24 14:00:00,COMP-C01,Zone_C,4.57,2.31,80.3,3739.0,66.2,OK
2024-03-24 14:00:00,COMP-C02,Zone_C,3.26,1.73,75.1,3720.0,67.4,OK
2024-03-24 14:00:00,FAN-D01,Zone_B,1.63,0.75,48.2,1223.0,63.1,OK
2024-03-24 15:00:00,PUMP-A01,Zone_A,3.82,1.95,58.5,1764.0,55.6,OK
2024-03-24 15:00:00,PUMP-A02,Zone_A,2.68,1.41,59.2,1829.0,69.2,OK
2024-03-24 15:00:00,PUMP-B01,Zone_B,2.38,1.18,57.1,1814.0,71.3,OK
2024-03-24 15:00:00,COMP-C01,Zone_C,4.56,2.32,77.5,3704.0,62.0,OK
2024-03-24 15:00:00,COMP-C02,Zone_C,3.19,1.66,70.8,3556.0,50.1,OK
2024-03-24 15:00:00,FAN-D01,Zone_B,1.6,1.06,51.3,1212.0,63.9,OK
2024-03-24 16:00:00,PUMP-A01,Zone_A,3.44,1.64,59.8,1759.0,56.8,OK
2024-03-24 16:00:00,PUMP-A02,Zone_A,2.71,1.31,58.0,1759.0,56.4,OK
2024-03-24 16:00:00,PUMP-B01,Zone_B,2.61,1.28,63.6,1821.0,69.3,OK
2024-03-24 16:00:00,COMP-C01,Zone_C,4.14,2.01,78.0,3670.0,61.3,OK
2024-03-24 16:00:00,COMP-C02,Zone_C,3.81,2.0,72.5,3647.0,58.8,OK
2024-03-24 16:00:00,FAN-D01,Zone_B,2.02,0.92,47.9,1202.0,51.4,OK
2024-03-24 17:00:00,PUMP-A01,Zone_A,3.16,1.39,58.9,1837.0,56.9,OK
2024-03-24 17:00:00,PUMP-A02,Zone_A,2.16,1.02,56.5,1753.0,51.9,OK
2024-03-24 17:00:00,PUMP-B01,Zone_B,2.11,1.03,57.7,1764.0,54.8,OK
2024-03-24 17:00:00,COMP-C01,Zone_C,4.3,2.07,78.8,3682.0,60.3,OK
2024-03-24 17:00:00,COMP-C02,Zone_C,3.53,1.75,74.6,3648.0,56.3,OK
2024-03-24 17:00:00,FAN-D01,Zone_B,1.17,0.56,43.8,1247.0,60.5,OK
2024-03-24 18:00:00,PUMP-A01,Zone_A,3.15,1.66,58.8,1768.0,61.9,OK
2024-03-24 18:00:00,PUMP-A02,Zone_A,1.99,0.97,56.4,1764.0,49.1,OK
2024-03-24 18:00:00,PUMP-B01,Zone_B,1.75,0.63,57.1,1737.0,51.1,OK
2024-03-24 18:00:00,COMP-C01,Zone_C,4.27,2.14,76.9,3608.0,48.4,OK
2024-03-24 18:00:00,COMP-C02,Zone_C,2.81,1.39,77.3,3694.0,57.1,OK
2024-03-24 18:00:00,FAN-D01,Zone_B,1.27,0.69,48.8,1199.0,56.5,OK
2024-03-24 19:00:00,PUMP-A01,Zone_A,3.87,2.06,61.9,1787.0,55.9,OK
2024-03-24 19:00:00,PUMP-A02,Zone_A,2.25,1.18,58.9,1753.0,57.2,OK
2024-03-24 19:00:00,PUMP-B01,Zone_B,2.74,1.45,55.1,1776.0,60.8,OK
2024-03-24 19:00:00,COMP-C01,Zone_C,5.25,2.54,80.7,3684.0,59.5,OK
2024-03-24 19:00:00,COMP-C02,Zone_C,3.35,1.77,75.1,3667.0,54.7,OK
2024-03-24 19:00:00,FAN-D01,Zone_B,1.89,0.72,47.6,1210.0,54.9,OK
2024-03-24 20:00:00,PUMP-A01,Zone_A,3.26,1.78,62.4,1756.0,56.6,OK
2024-03-24 20:00:00,PUMP-A02,Zone_A,2.57,1.22,58.6,1735.0,55.2,OK
2024-03-24 20:00:00,PUMP-B01,Zone_B,2.16,1.21,56.7,1775.0,54.7,OK
2024-03-24 20:00:00,COMP-C01,Zone_C,4.49,2.26,78.9,3616.0,51.9,OK
2024-03-24 20:00:00,COMP-C02,Zone_C,3.15,1.55,74.6,3621.0,52.5,OK
2024-03-24 20:00:00,FAN-D01,Zone_B,1.5,0.77,45.2,1283.0,60.7,OK
2024-03-24 21:00:00,PUMP-A01,Zone_A,3.75,1.85,64.0,1803.0,64.4,OK
2024-03-24 21:00:00,PUMP-A02,Zone_A,2.22,1.05,58.9,1818.0,67.6,OK
2024-03-24 21:00:00,PUMP-B01,Zone_B,2.06,1.01,58.0,1785.0,60.2,OK
2024-03-24 21:00:00,COMP-C01,Zone_C,4.41,2.12,77.9,3606.0,54.0,OK
2024-03-24 21:00:00,COMP-C02,Zone_C,3.44,1.64,77.1,3682.0,60.9,OK
2024-03-24 21:00:00,FAN-D01,Zone_B,1.58,0.74,45.7,1194.0,60.8,OK
2024-03-24 22:00:00,PUMP-A01,Zone_A,3.37,1.65,59.4,1769.0,55.8,OK
2024-03-24 22:00:00,PUMP-A02,Zone_A,2.17,1.24,57.5,1764.0,59.3,OK
2024-03-24 22:00:00,PUMP-B01,Zone_B,2.59,1.23,61.8,1787.0,65.5,SUSPECT
2024-03-24 22:00:00,COMP-C01,Zone_C,4.85,2.31,78.8,3699.0,62.7,OK
2024-03-24 22:00:00,COMP-C02,Zone_C,2.96,1.5,71.6,3680.0,60.1,OK
2024-03-24 22:00:00,FAN-D01,Zone_B,1.88,0.8,48.9,1225.0,62.1,OK
2024-03-24 23:00:00,PUMP-A01,Zone_A,3.61,1.78,62.8,1832.0,75.7,OK
2024-03-24 23:00:00,PUMP-A02,Zone_A,1.95,1.02,59.3,1823.0,64.3,OK
2024-03-24 23:00:00,PUMP-B01,Zone_B,2.92,1.52,57.6,1787.0,63.8,OK
2024-03-24 23:00:00,COMP-C01,Zone_C,4.61,2.42,79.2,3692.0,63.9,OK
2024-03-24 23:00:00,COMP-C02,Zone_C,3.48,1.75,73.9,3697.0,58.6,OK
2024-03-24 23:00:00,FAN-D01,Zone_B,1.77,0.78,47.4,1229.0,62.9,OK
2024-03-25 00:00:00,PUMP-A01,Zone_A,3.72,1.76,62.8,1771.0,73.4,OK
2024-03-25 00:00:00,PUMP-A02,Zone_A,2.37,1.14,60.4,1859.0,81.8,OK
2024-03-25 00:00:00,PUMP-B01,Zone_B,2.1,1.21,61.0,1832.0,69.2,OK
2024-03-25 00:00:00,COMP-C01,Zone_C,5.02,2.5,80.7,3752.0,74.4,OK
2024-03-25 00:00:00,COMP-C02,Zone_C,3.07,1.47,76.7,3685.0,61.6,OK
2024-03-25 00:00:00,FAN-D01,Zone_B,1.57,0.85,47.8,1306.0,69.4,OK
2024-03-25 01:00:00,PUMP-A01,Zone_A,3.79,1.96,65.1,1835.0,74.6,OK
2024-03-25 01:00:00,PUMP-A02,Zone_A,1.76,0.77,57.5,1825.0,72.7,OK
2024-03-25 01:00:00,PUMP-B01,Zone_B,2.32,1.15,59.1,1832.0,76.4,OK
2024-03-25 01:00:00,COMP-C01,Zone_C,4.28,2.32,77.3,3781.0,72.7,OK
2024-03-25 01:00:00,COMP-C02,Zone_C,3.7,2.0,78.3,3757.0,70.9,OK
2024-03-25 01:00:00,FAN-D01,Zone_B,1.83,0.79,49.1,1226.0,71.9,OK
2024-03-25 02:00:00,PUMP-A01,Zone_A,3.72,1.88,63.0,1835.0,81.1,OK
2024-03-25 02:00:00,PUMP-A02,Zone_A,2.85,1.42,63.1,1862.0,78.0,OK
2024-03-25 02:00:00,PUMP-B01,Zone_B,2.57,1.29,58.7,1826.0,71.4,OK
2024-03-25 02:00:00,COMP-C01,Zone_C,4.48,2.37,76.4,3869.0,83.1,OK
2024-03-25 02:00:00,COMP-C02,Zone_C,3.58,1.8,74.2,3764.0,71.7,OK
2024-03-25 02:00:00,FAN-D01,Zone_B,2.39,1.17,52.2,1216.0,70.6,OK
2024-03-25 03:00:00,PUMP-A01,Zone_A,4.19,2.11,65.8,1886.0,80.3,OK
2024-03-25 03:00:00,PUMP-A02,Zone_A,2.54,1.31,62.0,1905.0,86.5,OK
2024-03-25 03:00:00,PUMP-B01,Zone_B,2.45,1.13,59.8,1815.0,72.0,OK
2024-03-25 03:00:00,COMP-C01,Zone_C,4.0,1.84,75.8,3768.0,75.0,OK
2024-03-25 03:00:00,COMP-C02,Zone_C,3.45,1.74,76.8,3730.0,67.6,OK
2024-03-25 03:00:00,FAN-D01,Zone_B,1.62,0.82,52.1,1307.0,87.0,OK
2024-03-25 04:00:00,PUMP-A01,Zone_A,3.74,2.07,61.7,1870.0,89.3,OK
2024-03-25 04:00:00,PUMP-A02,Zone_A,3.24,1.7,61.9,1867.0,86.8,OK
2024-03-25 04:00:00,PUMP-B01,Zone_B,2.55,1.21,58.9,1851.0,82.9,OK
2024-03-25 04:00:00,COMP-C01,Zone_C,5.15,2.53,78.5,3816.0,81.5,OK
2024-03-25 04:00:00,COMP-C02,Zone_C,3.29,1.66,76.0,3852.0,83.0,OK
2024-03-25 04:00:00,FAN-D01,Zone_B,1.92,1.04,47.1,1286.0,76.9,OK
2024-03-25 05:00:00,PUMP-A01,Zone_A,3.63,1.8,62.5,1838.0,81.0,OK
2024-03-25 05:00:00,PUMP-A02,Zone_A,2.38,1.22,62.6,1825.0,78.7,OK
2024-03-25 05:00:00,PUMP-B01,Zone_B,2.58,1.31,62.1,1859.0,82.0,OK
2024-03-25 05:00:00,COMP-C01,Zone_C,4.42,2.0,78.1,3832.0,82.2,OK
2024-03-25 05:00:00,COMP-C02,Zone_C,3.92,1.95,78.7,3839.0,81.1,OK
2024-03-25 05:00:00,FAN-D01,Zone_B,0.82,0.28,48.5,1246.0,84.3,OK
2024-03-25 06:00:00,PUMP-A01,Zone_A,4.27,2.21,63.9,1839.0,81.2,OK
2024-03-25 06:00:00,PUMP-A02,Zone_A,3.15,1.57,63.4,1897.0,86.1,OK
2024-03-25 06:00:00,PUMP-B01,Zone_B,2.42,1.34,64.2,1864.0,75.4,OK
2024-03-25 06:00:00,COMP-C01,Zone_C,4.7,2.3,81.2,3894.0,94.3,OK
2024-03-25 06:00:00,COMP-C02,Zone_C,3.63,1.85,78.2,3905.0,88.7,OK
2024-03-25 06:00:00,FAN-D01,Zone_B,2.13,0.99,50.9,1302.0,87.3,OK
2024-03-25 07:00:00,PUMP-A01,Zone_A,3.69,1.69,61.9,1856.0,82.5,OK
2024-03-25 07:00:00,PUMP-A02,Zone_A,2.9,1.64,58.3,1838.0,84.8,OK
2024-03-25 07:00:00,PUMP-B01,Zone_B,2.35,1.28,62.1,1861.0,80.9,OK
2024-03-25 07:00:00,COMP-C01,Zone_C,4.47,2.27,82.5,3800.0,77.9,OK
2024-03-25 07:00:00,COMP-C02,Zone_C,3.79,1.98,80.5,3810.0,80.3,OK
2024-03-25 07:00:00,FAN-D01,Zone_B,2.98,1.53,57.3,1291.0,85.6,OK
2024-03-25 08:00:00,PUMP-A01,Zone_A,3.93,1.86,65.0,1842.0,83.6,OK
2024-03-25 08:00:00,PUMP-A02,Zone_A,2.78,1.31,65.3,1859.0,86.0,OK
2024-03-25 08:00:00,PUMP-B01,Zone_B,2.4,1.17,62.7,1856.0,82.3,OK
2024-03-25 08:00:00,COMP-C01,Zone_C,4.26,2.1,81.7,3900.0,86.6,OK
2024-03-25 08:00:00,COMP-C02,Zone_C,4.04,2.01,82.8,3912.0,90.5,OK
2024-03-25 08:00:00,FAN-D01,Zone_B,2.25,1.1,46.4,1261.0,76.1,OK
2024-03-25 09:00:00,PUMP-A01,Zone_A,3.54,1.83,64.6,1832.0,75.5,OK
2024-03-25 09:00:00,PUMP-A02,Zone_A,3.04,1.57,60.0,1884.0,83.7,OK
2024-03-25 09:00:00,PUMP-B01,Zone_B,2.62,1.33,62.7,1841.0,80.9,OK
2024-03-25 09:00:00,COMP-C01,Zone_C,4.16,1.84,78.7,3754.0,71.2,OK
2024-03-25 09:00:00,COMP-C02,Zone_C,4.1,2.1,83.0,3896.0,89.5,OK
2024-03-25 09:00:00,FAN-D01,Zone_B,2.03,1.09,50.0,1282.0,86.0,OK
2024-03-25 10:00:00,PUMP-A01,Zone_A,4.01,1.93,65.7,1867.0,77.1,OK
2024-03-25 10:00:00,PUMP-A02,Zone_A,2.62,1.32,61.8,1854.0,71.6,OK
2024-03-25 10:00:00,PUMP-B01,Zone_B,3.21,1.66,63.6,1867.0,74.0,OK
2024-03-25 10:00:00,COMP-C01,Zone_C,4.83,2.45,78.6,3862.0,84.3,OK
2024-03-25 10:00:00,COMP-C02,Zone_C,3.29,1.62,77.8,3770.0,71.2,OK
2024-03-25 10:00:00,FAN-D01,Zone_B,1.94,0.96,48.7,1257.0,85.1,OK
2024-03-25 11:00:00,PUMP-A01,Zone_A,4.18,2.07,62.2,1833.0,69.2,OK
2024-03-25 11:00:00,PUMP-A02,Zone_A,2.53,1.39,60.8,1816.0,71.0,OK
2024-03-25 11:00:00,PUMP-B01,Zone_B,2.62,1.29,59.2,1827.0,68.3,OK
2024-03-25 11:00:00,COMP-C01,Zone_C,4.52,2.41,76.4,3752.0,71.8,OK
2024-03-25 11:00:00,COMP-C02,Zone_C,3.47,1.69,77.7,3769.0,71.0,OK
2024-03-25 11:00:00,FAN-D01,Zone_B,1.52,0.58,47.5,1250.0,71.9,OK
2024-03-25 12:00:00,PUMP-A01,Zone_A,3.89,1.76,60.3,1857.0,73.3,OK
2024-03-25 12:00:00,PUMP-A02,Zone_A,2.48,1.33,57.0,1792.0,71.8,OK
2024-03-25 12:00:00,PUMP-B01,Zone_B,2.53,1.27,63.6,1820.0,68.6,OK
2024-03-25 12:00:00,COMP-C01,Zone_C,4.9,2.38,81.6,3798.0,77.0,OK
2024-03-25 12:00:00,COMP-C02,Zone_C,3.07,1.52,72.9,3728.0,65.0,OK
2024-03-25 12:00:00,FAN-D01,Zone_B,1.58,0.89,43.9,1233.0,69.5,OK
2024-03-25 13:00:00,PUMP-A01,Zone_A,3.63,1.76,57.5,1796.0,66.4,OK
2024-03-25 13:00:00,PUMP-A02,Zone_A,2.26,1.1,60.9,1786.0,65.9,OK
2024-03-25 13:00:00,PUMP-B01,Zone_B,2.43,1.32,60.5,1802.0,64.1,OK
2024-03-25 13:00:00,COMP-C01,Zone_C,4.64,2.41,78.4,3756.0,73.1,OK
2024-03-25 13:00:00,COMP-C02,Zone_C,3.34,1.6,78.1,3690.0,61.2,OK
2024-03-25 13:00:00,FAN-D01,Zone_B,1.84,0.9,44.5,1200.0,57.7,OK
2024-03-25 14:00:00,PUMP-A01,Zone_A,3.41,1.55,63.5,1780.0,62.9,OK
2024-03-25 14:00:00,PUMP-A02,Zone_A,2.34,1.21,60.7,1848.0,71.6,OK
2024-03-25 14:00:00,PUMP-B01,Zone_B,3.02,1.58,59.5,1828.0,68.2,OK
2024-03-25 14:00:00,COMP-C01,Zone_C,4.68,2.52,74.0,3672.0,62.9,OK
2024-03-25 14:00:00,COMP-C02,Zone_C,3.79,1.93,73.5,3681.0,65.5,OK
2024-03-25 14:00:00,FAN-D01,Zone_B,1.49,0.75,49.1,1240.0,64.8,OK
2024-03-25 15:00:00,PUMP-A01,Zone_A,3.85,1.98,58.0,1794.0,63.7,OK
2024-03-25 15:00:00,PUMP-A02,Zone_A,2.22,1.21,55.4,1821.0,65.6,OK
2024-03-25 15:00:00,PUMP-B01,Zone_B,2.36,1.12,60.5,1833.0,57.0,OK
2024-03-25 15:00:00,COMP-C01,Zone_C,4.58,2.12,77.6,3689.0,58.8,OK
2024-03-25 15:00:00,COMP-C02,Zone_C,2.96,1.58,76.0,3612.0,54.8,OK
2024-03-25 15:00:00,FAN-D01,Zone_B,1.51,0.77,47.6,1238.0,62.0,OK
2024-03-25 16:00:00,PUMP-A01,Zone_A,3.37,1.77,60.1,1783.0,58.8,OK
2024-03-25 16:00:00,PUMP-A02,Zone_A,1.88,0.81,56.9,1743.0,50.0,OK
2024-03-25 16:00:00,PUMP-B01,Zone_B,2.07,1.03,59.7,1793.0,59.0,OK
2024-03-25 16:00:00,COMP-C01,Zone_C,4.35,2.22,78.3,3676.0,62.1,OK
2024-03-25 16:00:00,COMP-C02,Zone_C,3.21,1.63,75.0,3697.0,60.9,OK
2024-03-25 16:00:00,FAN-D01,Zone_B,1.68,0.98,46.6,1218.0,58.1,OK
2024-03-25 17:00:00,PUMP-A01,Zone_A,3.65,1.79,62.9,1799.0,57.7,OK
2024-03-25 17:00:00,PUMP-A02,Zone_A,2.76,1.34,63.7,1791.0,64.2,OK
2024-03-25 17:00:00,PUMP-B01,Zone_B,1.71,0.85,56.7,1828.0,61.9,OK
2024-03-25 17:00:00,COMP-C01,Zone_C,4.21,2.07,76.1,3621.0,52.0,OK
2024-03-25 17:00:00,COMP-C02,Zone_C,3.57,1.73,71.4,3569.0,45.4,OK
2024-03-25 17:00:00,FAN-D01,Zone_B,1.72,0.76,44.2,1212.0,56.0,OK
2024-03-25 18:00:00,PUMP-A01,Zone_A,3.65,1.84,60.6,1746.0,52.4,OK
2024-03-25 18:00:00,PUMP-A02,Zone_A,2.49,1.26,57.8,1745.0,50.2,OK
2024-03-25 18:00:00,PUMP-B01,Zone_B,2.64,1.15,60.2,1776.0,62.3,OK
2024-03-25 18:00:00,COMP-C01,Zone_C,4.64,2.38,80.4,3595.0,47.4,OK
2024-03-25 18:00:00,COMP-C02,Zone_C,2.83,1.48,73.1,3654.0,55.4,OK
2024-03-25 18:00:00,FAN-D01,Zone_B,1.64,0.72,45.9,1193.0,56.5,OK
2024-03-25 19:00:00,PUMP-A01,Zone_A,3.8,2.23,60.8,1759.0,57.5,OK
2024-03-25 19:00:00,PUMP-A02,Zone_A,2.32,1.04,54.2,1734.0,47.6,OK
2024-03-25 19:00:00,PUMP-B01,Zone_B,2.49,1.34,57.7,1740.0,51.6,OK
2024-03-25 19:00:00,COMP-C01,Zone_C,4.72,2.49,81.6,3655.0,58.0,OK
2024-03-25 19:00:00,COMP-C02,Zone_C,3.36,1.8,75.2,3603.0,51.8,OK
2024-03-25 19:00:00,FAN-D01,Zone_B,1.43,0.68,46.7,1193.0,44.9,OK
2024-03-25 20:00:00,PUMP-A01,Zone_A,3.07,1.4,57.2,1722.0,55.1,OK
2024-03-25 20:00:00,PUMP-A02,Zone_A,2.21,0.9,59.4,1770.0,61.4,OK
2024-03-25 20:00:00,PUMP-B01,Zone_B,2.64,1.36,62.4,1782.0,56.3,OK
2024-03-25 20:00:00,COMP-C01,Zone_C,3.98,1.92,76.7,3696.0,59.2,OK
2024-03-25 20:00:00,COMP-C02,Zone_C,2.83,1.43,72.4,3652.0,58.1,OK
2024-03-25 20:00:00,FAN-D01,Zone_B,1.03,0.48,45.7,1205.0,57.6,OK
2024-03-25 21:00:00,PUMP-A01,Zone_A,3.7,1.81,63.1,1842.0,59.9,OK
2024-03-25 21:00:00,PUMP-A02,Zone_A,2.72,1.29,60.6,1776.0,56.4,OK
2024-03-25 21:00:00,PUMP-B01,Zone_B,2.32,1.17,58.6,1770.0,54.0,OK
2024-03-25 21:00:00,COMP-C01,Zone_C,4.25,2.23,78.8,3649.0,55.3,OK
2024-03-25 21:00:00,COMP-C02,Zone_C,3.17,1.5,78.7,3649.0,55.4,OK
2024-03-25 21:00:00,FAN-D01,Zone_B,1.58,0.9,46.2,1226.0,57.3,OK
2024-03-25 22:00:00,PUMP-A01,Zone_A,3.83,1.91,62.9,1801.0,67.8,OK
2024-03-25 22:00:00,PUMP-A02,Zone_A,2.54,1.29,58.6,1808.0,63.0,OK
2024-03-25 22:00:00,PUMP-B01,Zone_B,3.13,1.62,60.5,1789.0,62.6,OK
2024-03-25 22:00:00,COMP-C01,Zone_C,4.79,2.53,76.1,3663.0,60.8,OK
2024-03-25 22:00:00,COMP-C02,Zone_C,3.27,1.84,75.7,3685.0,63.3,OK
2024-03-25 22:00:00,FAN-D01,Zone_B,1.76,1.04,46.8,1245.0,64.2,OK
2024-03-25 23:00:00,PUMP-A01,Zone_A,3.81,1.83,63.4,1808.0,67.8,OK
2024-03-25 23:00:00,PUMP-A02,Zone_A,2.27,1.09,60.2,1807.0,66.4,OK
2024-03-25 23:00:00,PUMP-B01,Zone_B,2.59,1.32,59.7,1773.0,60.9,OK
2024-03-25 23:00:00,COMP-C01,Zone_C,4.69,2.28,77.8,3707.0,65.5,OK
2024-03-25 23:00:00,COMP-C02,Zone_C,3.47,1.52,74.0,3691.0,67.0,OK
2024-03-25 23:00:00,FAN-D01,Zone_B,1.57,0.66,47.9,1246.0,61.3,OK
2024-03-26 00:00:00,PUMP-A01,Zone_A,3.47,1.79,61.3,1813.0,69.4,OK
2024-03-26 00:00:00,PUMP-A02,Zone_A,2.37,1.18,61.5,1767.0,66.7,OK
2024-03-26 00:00:00,PUMP-B01,Zone_B,2.16,1.07,57.9,1816.0,70.4,OK
2024-03-26 00:00:00,COMP-C01,Zone_C,4.21,1.97,76.6,3681.0,66.8,OK
2024-03-26 00:00:00,COMP-C02,Zone_C,3.83,1.82,77.0,3842.0,81.0,OK
2024-03-26 00:00:00,FAN-D01,Zone_B,2.29,1.19,46.0,1204.0,62.9,OK
2024-03-26 01:00:00,PUMP-A01,Zone_A,3.9,1.86,61.7,1799.0,68.3,OK
2024-03-26 01:00:00,PUMP-A02,Zone_A,1.76,0.66,63.1,1878.0,81.4,SUSPECT
2024-03-26 01:00:00,PUMP-B01,Zone_B,2.21,1.11,62.0,1789.0,63.2,OK
2024-03-26 01:00:00,COMP-C01,Zone_C,4.98,2.53,80.4,3823.0,76.1,OK
2024-03-26 01:00:00,COMP-C02,Zone_C,3.74,1.9,76.7,3775.0,73.7,OK
2024-03-26 01:00:00,FAN-D01,Zone_B,2.11,1.01,48.9,1302.0,85.5,OK
2024-03-26 02:00:00,PUMP-A01,Zone_A,3.92,1.96,62.1,1820.0,76.2,OK
2024-03-26 02:00:00,PUMP-A02,Zone_A,2.53,1.23,60.5,1840.0,82.2,OK
2024-03-26 02:00:00,PUMP-B01,Zone_B,2.39,1.24,58.7,1837.0,77.9,OK
2024-03-26 02:00:00,COMP-C01,Zone_C,5.08,2.41,79.3,3855.0,80.1,OK
2024-03-26 02:00:00,COMP-C02,Zone_C,3.52,1.89,76.8,3785.0,74.2,OK
2024-03-26 02:00:00,FAN-D01,Zone_B,1.86,0.9,49.4,1272.0,77.3,OK
2024-03-26 03:00:00,PUMP-A01,Zone_A,3.89,1.95,66.1,1860.0,81.0,OK
2024-03-26 03:00:00,PUMP-A02,Zone_A,1.96,0.93,60.4,1862.0,75.7,OK
2024-03-26 03:00:00,PUMP-B01,Zone_B,3.27,1.78,66.9,1902.0,90.7,OK
2024-03-26 03:00:00,COMP-C01,Zone_C,4.22,2.13,79.9,3775.0,74.9,OK
2024-03-26 03:00:00,COMP-C02,Zone_C,3.48,1.75,75.0,3860.0,86.6,OK
2024-03-26 03:00:00,FAN-D01,Zone_B,1.79,0.85,48.7,1249.0,73.9,OK
2024-03-26 04:00:00,PUMP-A01,Zone_A,3.54,1.59,61.8,1900.0,78.9,OK
2024-03-26 04:00:00,PUMP-A02,Zone_A,2.71,1.5,62.6,1897.0,85.6,OK
2024-03-26 04:00:00,PUMP-B01,Zone_B,2.77,1.49,64.6,1853.0,83.8,OK
2024-03-26 04:00:00,COMP-C01,Zone_C,4.67,2.21,81.9,3841.0,85.1,OK
2024-03-26 04:00:00,COMP-C02,Zone_C,3.38,1.84,77.4,3858.0,80.5,OK
2024-03-26 04:00:00,FAN-D01,Zone_B,1.66,0.91,48.6,1292.0,88.2,OK
2024-03-26 05:00:00,PUMP-A01,Zone_A,3.95,1.92,63.2,1863.0,84.5,OK
2024-03-26 05:00:00,PUMP-A02,Zone_A,3.03,1.46,63.8,1819.0,82.4,OK
2024-03-26 05:00:00,PUMP-B01,Zone_B,2.15,0.85,61.5,1859.0,77.1,OK
2024-03-26 05:00:00,COMP-C01,Zone_C,4.34,2.18,80.4,3871.0,87.9,OK
2024-03-26 05:00:00,COMP-C02,Zone_C,3.76,2.1,79.9,3825.0,86.5,OK
2024-03-26 05:00:00,FAN-D01,Zone_B,1.5,0.72,48.6,1267.0,77.6,OK
2024-03-26 06:00:00,PUMP-A01,Zone_A,3.87,1.86,65.8,1860.0,83.2,OK
2024-03-26 06:00:00,PUMP-A02,Zone_A,2.56,1.18,62.5,1869.0,85.9,OK
2024-03-26 06:00:00,PUMP-B01,Zone_B,2.44,1.34,59.8,1835.0,82.1,OK
2024-03-26 06:00:00,COMP-C01,Zone_C,4.42,2.15,76.9,3917.0,89.5,OK
2024-03-26 06:00:00,COMP-C02,Zone_C,3.7,1.73,80.3,3874.0,91.5,OK
2024-03-26 06:00:00,FAN-D01,Zone_B,1.7,0.9,51.6,1222.0,84.0,OK
2024-03-26 07:00:00,PUMP-A01,Zone_A,4.07,2.01,69.8,1893.0,90.0,OK
2024-03-26 07:00:00,PUMP-A02,Zone_A,2.42,1.29,61.6,1914.0,86.5,OK
2024-03-26 07:00:00,PUMP-B01,Zone_B,2.64,1.41,61.9,1835.0,83.9,OK
2024-03-26 07:00:00,COMP-C01,Zone_C,4.82,2.43,76.5,3782.0,78.7,OK
2024-03-26 07:00:00,COMP-C02,Zone_C,3.84,2.0,78.8,3859.0,87.5,OK
2024-03-26 07:00:00,FAN-D01,Zone_B,2.39,1.31,49.5,1261.0,76.9,OK
2024-03-26 08:00:00,PUMP-A01,Zone_A,3.94,2.02,65.8,1809.0,77.3,OK
2024-03-26 08:00:00,PUMP-A02,Zone_A,2.84,1.44,61.7,1848.0,88.0,OK
2024-03-26 08:00:00,PUMP-B01,Zone_B,2.58,1.5,64.3,1856.0,88.1,OK
2024-03-26 08:00:00,COMP-C01,Zone_C,4.5,2.13,81.2,3848.0,83.9,OK
2024-03-26 08:00:00,COMP-C02,Zone_C,3.37,1.71,76.9,3887.0,87.3,OK
2024-03-26 08:00:00,FAN-D01,Zone_B,1.94,0.99,50.7,1293.0,74.8,OK
2024-03-26 09:00:00,PUMP-A01,Zone_A,4.12,1.94,63.6,1832.0,77.8,SUSPECT
2024-03-26 09:00:00,PUMP-A02,Zone_A,2.95,1.64,61.1,1818.0,74.9,OK
2024-03-26 09:00:00,PUMP-B01,Zone_B,2.44,1.32,64.0,1900.0,91.5,OK
2024-03-26 09:00:00,COMP-C01,Zone_C,4.69,2.48,79.8,3868.0,87.1,OK
2024-03-26 09:00:00,COMP-C02,Zone_C,3.06,1.42,76.9,3784.0,75.2,OK
2024-03-26 09:00:00,FAN-D01,Zone_B,2.03,1.02,53.8,1261.0,81.7,OK
2024-03-26 10:00:00,PUMP-A01,Zone_A,3.38,1.75,64.0,1865.0,85.4,OK
2024-03-26 10:00:00,PUMP-A02,Zone_A,2.43,1.37,59.0,1852.0,73.1,OK
2024-03-26 10:00:00,PUMP-B01,Zone_B,2.53,1.22,62.2,1818.0,76.6,OK
2024-03-26 10:00:00,COMP-C01,Zone_C,5.01,2.44,81.0,3829.0,83.7,OK
2024-03-26 10:00:00,COMP-C02,Zone_C,3.67,1.87,78.1,3797.0,71.9,OK
2024-03-26 10:00:00,FAN-D01,Zone_B,1.6,0.92,50.3,1316.0,85.6,OK
2024-03-26 11:00:00,PUMP-A01,Zone_A,3.85,2.0,59.6,1844.0,64.7,OK
2024-03-26 11:00:00,PUMP-A02,Zone_A,2.23,1.04,56.4,1811.0,67.1,OK
2024-03-26 11:00:00,PUMP-B01,Zone_B,2.85,1.38,60.5,1838.0,76.0,OK
2024-03-26 11:00:00,COMP-C01,Zone_C,4.61,2.49,78.9,3785.0,74.7,OK
2024-03-26 11:00:00,COMP-C02,Zone_C,2.96,1.5,74.5,3767.0,74.0,OK
2024-03-26 11:00:00,FAN-D01,Zone_B,1.63,0.83,45.4,1279.0,78.2,OK
2024-03-26 12:00:00,PUMP-A01,Zone_A,3.87,2.01,60.6,1818.0,64.9,OK
2024-03-26 12:00:00,PUMP-A02,Zone_A,2.73,1.36,57.6,1824.0,68.3,OK
2024-03-26 12:00:00,PUMP-B01,Zone_B,2.41,1.29,61.7,1833.0,72.4,OK
2024-03-26 12:00:00,COMP-C01,Zone_C,4.87,2.4,81.7,3734.0,67.3,OK
2024-03-26 12:00:00,COMP-C02,Zone_C,3.65,1.95,78.6,3746.0,73.4,OK
2024-03-26 12:00:00,FAN-D01,Zone_B,1.5,0.83,46.1,1239.0,61.3,OK
2024-03-26 13:00:00,PUMP-A01,Zone_A,3.53,1.8,63.2,1841.0,75.8,OK
2024-03-26 13:00:00,PUMP-A02,Zone_A,2.62,1.19,62.2,1808.0,67.4,OK
2024-03-26 13:00:00,PUMP-B01,Zone_B,3.2,1.57,59.3,1788.0,73.0,OK
2024-03-26 13:00:00,COMP-C01,Zone_C,4.91,2.4,79.7,3750.0,70.7,OK
2024-03-26 13:00:00,COMP-C02,Zone_C,3.98,1.92,77.3,3718.0,66.1,OK
2024-03-26 13:00:00,FAN-D01,Zone_B,1.66,0.8,45.6,1278.0,63.9,OK
2024-03-26 14:00:00,PUMP-A01,Zone_A,3.5,1.81,61.1,1778.0,66.9,OK
2024-03-26 14:00:00,PUMP-A02,Zone_A,2.65,1.21,58.0,1793.0,69.8,OK
2024-03-26 14:00:00,PUMP-B01,Zone_B,2.51,1.13,58.1,1805.0,59.0,OK
2024-03-26 14:00:00,COMP-C01,Zone_C,4.64,2.44,78.9,3689.0,62.3,SUSPECT
2024-03-26 14:00:00,COMP-C02,Zone_C,3.66,1.97,76.5,3686.0,64.8,OK
2024-03-26 14:00:00,FAN-D01,Zone_B,1.68,0.84,50.2,1236.0,65.6,OK
2024-03-26 15:00:00,PUMP-A01,Zone_A,3.43,1.5,60.0,1718.0,57.5,OK
2024-03-26 15:00:00,PUMP-A02,Zone_A,2.52,1.26,56.4,1809.0,63.0,OK
2024-03-26 15:00:00,PUMP-B01,Zone_B,1.82,0.94,59.8,1765.0,59.3,OK
2024-03-26 15:00:00,COMP-C01,Zone_C,4.2,1.93,80.6,3764.0,71.0,OK
2024-03-26 15:00:00,COMP-C02,Zone_C,3.88,1.92,73.8,3636.0,53.2,OK
2024-03-26 15:00:00,FAN-D01,Zone_B,1.13,0.65,50.2,1222.0,63.3,OK
2024-03-26 16:00:00,PUMP-A01,Zone_A,3.9,1.97,60.6,1786.0,63.9,OK
2024-03-26 16:00:00,PUMP-A02,Zone_A,2.71,1.48,56.2,1742.0,55.2,OK
2024-03-26 16:00:00,PUMP-B01,Zone_B,1.91,1.01,56.5,1791.0,54.5,OK
2024-03-26 16:00:00,COMP-C01,Zone_C,4.3,2.07,84.2,3646.0,56.5,OK
2024-03-26 16:00:00,COMP-C02,Zone_C,3.96,1.86,75.4,3614.0,55.9,OK
2024-03-26 16:00:00,FAN-D01,Zone_B,1.58,0.85,48.5,1246.0,62.8,OK
2024-03-26 17:00:00,PUMP-A01,Zone_A,3.59,1.51,61.0,1752.0,53.6,OK
2024-03-26 17:00:00,PUMP-A02,Zone_A,2.95,1.41,61.1,1751.0,53.9,OK
2024-03-26 17:00:00,PUMP-B01,Zone_B,1.72,0.84,57.2,1746.0,57.8,OK
2024-03-26 17:00:00,COMP-C01,Zone_C,4.05,2.12,81.7,3651.0,55.0,OK
2024-03-26 17:00:00,COMP-C02,Zone_C,3.55,1.77,76.4,3578.0,44.1,OK
2024-03-26 17:00:00,FAN-D01,Zone_B,1.65,0.79,48.2,1240.0,57.3,OK
2024-03-26 18:00:00,PUMP-A01,Zone_A,3.22,1.46,55.9,1753.0,45.6,OK
2024-03-26 18:00:00,PUMP-A02,Zone_A,2.71,1.25,57.9,1771.0,52.6,OK
2024-03-26 18:00:00,PUMP-B01,Zone_B,2.16,1.02,55.6,1776.0,57.4,OK
2024-03-26 18:00:00,COMP-C01,Zone_C,4.08,1.97,77.3,3634.0,52.7,OK
2024-03-26 18:00:00,COMP-C02,Zone_C,3.03,1.56,71.7,3626.0,54.1,OK
2024-03-26 18:00:00,FAN-D01,Zone_B,1.76,0.84,49.0,1219.0,59.2,OK
2024-03-26 19:00:00,PUMP-A01,Zone_A,3.99,2.04,63.7,1777.0,56.5,OK
2024-03-26 19:00:00,PUMP-A02,Zone_A,2.35,1.14,60.8,1792.0,57.5,OK
2024-03-26 19:00:00,PUMP-B01,Zone_B,2.31,1.07,57.6,1771.0,52.9,OK
2024-03-26 19:00:00,COMP-C01,Zone_C,4.29,2.18,71.9,3613.0,53.9,OK
2024-03-26 19:00:00,COMP-C02,Zone_C,3.42,1.6,75.2,3645.0,58.1,OK
2024-03-26 19:00:00,FAN-D01,Zone_B,1.56,0.78,47.7,1205.0,60.9,OK
2024-03-26 20:00:00,PUMP-A01,Zone_A,3.28,1.68,61.5,1748.0,54.5,OK
2024-03-26 20:00:00,PUMP-A02,Zone_A,1.71,0.71,57.3,1779.0,57.0,OK
2024-03-26 20:00:00,PUMP-B01,Zone_B,2.32,1.25,58.0,1785.0,66.3,OK
2024-03-26 20:00:00,COMP-C01,Zone_C,4.12,2.14,75.4,3662.0,57.6,OK
2024-03-26 20:00:00,COMP-C02,Zone_C,3.95,2.0,74.1,3642.0,54.9,OK
2024-03-26 20:00:00,FAN-D01,Zone_B,1.4,0.9,48.2,1181.0,52.7,OK
2024-03-26 21:00:00,PUMP-A01,Zone_A,3.61,1.94,56.8,1816.0,60.3,OK
2024-03-26 21:00:00,PUMP-A02,Zone_A,2.79,1.55,60.0,1736.0,55.7,OK
2024-03-26 21:00:00,PUMP-B01,Zone_B,2.42,1.26,56.5,1760.0,54.2,OK
2024-03-26 21:00:00,COMP-C01,Zone_C,4.12,2.15,76.3,3671.0,58.5,OK
2024-03-26 21:00:00,COMP-C02,Zone_C,3.08,1.61,73.9,3623.0,56.5,OK
2024-03-26 21:00:00,FAN-D01,Zone_B,1.62,0.72,48.2,1202.0,51.3,OK
2024-03-26 22:00:00,PUMP-A01,Zone_A,3.35,1.62,61.9,1756.0,55.0,OK
2024-03-26 22:00:00,PUMP-A02,Zone_A,2.01,0.98,55.9,1769.0,57.2,OK
2024-03-26 22:00:00,PUMP-B01,Zone_B,2.46,1.38,59.5,1752.0,63.8,OK
2024-03-26 22:00:00,COMP-C01,Zone_C,4.65,2.43,81.1,3653.0,63.1,OK
2024-03-26 22:00:00,COMP-C02,Zone_C,3.5,1.47,74.0,3629.0,53.9,OK
2024-03-26 22:00:00,FAN-D01,Zone_B,1.33,0.31,50.6,1262.0,58.9,OK
2024-03-26 23:00:00,PUMP-A01,Zone_A,3.43,1.6,63.3,1788.0,64.8,OK
2024-03-26 23:00:00,PUMP-A02,Zone_A,2.7,1.36,57.6,1781.0,61.6,OK
2024-03-26 23:00:00,PUMP-B01,Zone_B,2.73,1.38,58.6,1791.0,64.3,OK
2024-03-26 23:00:00,COMP-C01,Zone_C,4.35,1.99,78.1,3740.0,68.6,OK
2024-03-26 23:00:00,COMP-C02,Zone_C,2.85,1.5,75.0,3733.0,63.8,SUSPECT
2024-03-26 23:00:00,FAN-D01,Zone_B,1.34,0.65,51.4,1255.0,75.2,OK
2024-03-27 00:00:00,PUMP-A01,Zone_A,3.33,1.7,59.2,1800.0,70.2,OK
2024-03-27 00:00:00,PUMP-A02,Zone_A,2.77,1.46,59.0,1790.0,64.9,OK
2024-03-27 00:00:00,PUMP-B01,Zone_B,2.63,1.38,59.6,1848.0,73.3,OK
2024-03-27 00:00:00,COMP-C01,Zone_C,4.86,2.38,79.7,3718.0,64.4,OK
2024-03-27 00:00:00,COMP-C02,Zone_C,3.68,1.77,77.7,3808.0,81.4,OK
2024-03-27 00:00:00,FAN-D01,Zone_B,1.82,0.79,47.1,1239.0,66.2,OK
2024-03-27 01:00:00,PUMP-A01,Zone_A,4.01,2.04,63.5,1885.0,86.9,OK
2024-03-27 01:00:00,PUMP-A02,Zone_A,2.28,1.17,60.4,1806.0,69.0,OK
2024-03-27 01:00:00,PUMP-B01,Zone_B,2.38,1.12,52.8,1819.0,77.0,OK
2024-03-27 01:00:00,COMP-C01,Zone_C,4.33,2.08,79.3,3745.0,71.6,OK
2024-03-27 01:00:00,COMP-C02,Zone_C,3.62,1.74,76.4,3738.0,72.7,OK
2024-03-27 01:00:00,FAN-D01,Zone_B,1.5,0.66,47.0,1211.0,72.8,OK
2024-03-27 02:00:00,PUMP-A01,Zone_A,3.88,2.09,63.7,1844.0,82.9,OK
2024-03-27 02:00:00,PUMP-A02,Zone_A,2.46,1.16,60.9,1845.0,72.0,OK
2024-03-27 02:00:00,PUMP-B01,Zone_B,2.34,1.18,62.5,1837.0,78.1,OK
2024-03-27 02:00:00,COMP-C01,Zone_C,4.39,2.17,75.2,3709.0,62.7,OK
2024-03-27 02:00:00,COMP-C02,Zone_C,3.5,1.77,78.9,3808.0,80.0,OK
2024-03-27 02:00:00,FAN-D01,Zone_B,2.35,1.06,51.2,1250.0,85.1,OK
2024-03-27 03:00:00,PUMP-A01,Zone_A,3.97,1.92,64.4,1850.0,80.3,OK
2024-03-27 03:00:00,PUMP-A02,Zone_A,2.64,1.26,63.3,1901.0,82.5,OK
2024-03-27 03:00:00,PUMP-B01,Zone_B,2.46,1.22,64.0,1852.0,82.1,OK
2024-03-27 03:00:00,COMP-C01,Zone_C,3.89,1.91,79.5,3816.0,81.3,OK
2024-03-27 03:00:00,COMP-C02,Zone_C,3.54,1.77,77.7,3782.0,76.5,OK
2024-03-27 03:00:00,FAN-D01,Zone_B,1.65,0.83,48.4,1301.0,75.7,OK
2024-03-27 04:00:00,PUMP-A01,Zone_A,3.24,1.69,65.2,1880.0,87.3,OK
2024-03-27 04:00:00,PUMP-A02,Zone_A,2.57,1.37,60.2,1849.0,81.4,OK
2024-03-27 04:00:00,PUMP-B01,Zone_B,2.8,1.42,62.3,1928.0,85.2,OK
2024-03-27 04:00:00,COMP-C01,Zone_C,4.84,2.51,83.5,3909.0,91.3,OK
2024-03-27 04:00:00,COMP-C02,Zone_C,3.74,1.8,78.7,3803.0,79.6,OK
2024-03-27 04:00:00,FAN-D01,Zone_B,1.73,0.75,50.7,1267.0,81.2,OK
2024-03-27 05:00:00,PUMP-A01,Zone_A,3.61,1.89,63.1,1906.0,91.3,OK
2024-03-27 05:00:00,PUMP-A02,Zone_A,2.79,1.45,61.9,1831.0,79.7,OK
2024-03-27 05:00:00,PUMP-B01,Zone_B,2.15,0.95,61.3,1855.0,77.4,OK
2024-03-27 05:00:00,COMP-C01,Zone_C,4.66,2.37,78.6,3818.0,80.3,OK
2024-03-27 05:00:00,COMP-C02,Zone_C,3.14,1.55,80.0,3835.0,85.4,OK
2024-03-27 05:00:00,FAN-D01,Zone_B,1.81,0.99,51.3,1244.0,84.2,OK
2024-03-27 06:00:00,PUMP-A01,Zone_A,3.89,1.92,61.3,1848.0,79.7,OK
2024-03-27 06:00:00,PUMP-A02,Zone_A,2.76,1.37,64.4,1888.0,92.3,OK
2024-03-27 06:00:00,PUMP-B01,Zone_B,2.26,1.02,63.8,1888.0,90.0,OK
2024-03-27 06:00:00,COMP-C01,Zone_C,4.68,2.32,82.4,3878.0,90.2,OK
2024-03-27 06:00:00,COMP-C02,Zone_C,3.44,1.7,79.0,3805.0,84.6,OK
2024-03-27 06:00:00,FAN-D01,Zone_B,1.96,1.0,51.2,1292.0,84.4,OK
2024-03-27 07:00:00,PUMP-A01,Zone_A,3.73,1.83,61.5,1879.0,86.7,OK
2024-03-27 07:00:00,PUMP-A02,Zone_A,2.54,1.33,62.4,1860.0,77.3,OK
2024-03-27 07:00:00,PUMP-B01,Zone_B,2.9,1.42,63.2,1859.0,81.7,OK
2024-03-27 07:00:00,COMP-C01,Zone_C,4.37,2.07,81.6,3881.0,87.4,OK
2024-03-27 07:00:00,COMP-C02,Zone_C,3.31,1.59,78.1,3874.0,88.8,OK
2024-03-27 07:00:00,FAN-D01,Zone_B,1.55,0.77,52.8,1280.0,89.9,OK
2024-03-27 08:00:00,PUMP-A01,Zone_A,3.69,1.91,65.1,1850.0,83.6,OK
2024-03-27 08:00:00,PUMP-A02,Zone_A,2.36,1.1,60.1,1852.0,82.1,OK
2024-03-27 08:00:00,PUMP-B01,Zone_B,2.57,1.03,61.3,1853.0,80.0,OK
2024-03-27 08:00:00,COMP-C01,Zone_C,4.6,2.27,78.5,3827.0,81.7,OK
2024-03-27 08:00:00,COMP-C02,Zone_C,3.58,1.74,78.1,3897.0,88.5,OK
2024-03-27 08:00:00,FAN-D01,Zone_B,1.57,0.92,48.4,1259.0,82.3,OK
2024-03-27 09:00:00,PUMP-A01,Zone_A,3.56,1.7,64.3,1815.0,71.6,OK
2024-03-27 09:00:00,PUMP-A02,Zone_A,2.06,1.08,62.4,1864.0,76.9,OK
2024-03-27 09:00:00,PUMP-B01,Zone_B,2.51,1.25,60.3,1824.0,76.6,OK
2024-03-27 09:00:00,COMP-C01,Zone_C,4.72,2.43,82.0,3887.0,89.0,OK
2024-03-27 09:00:00,COMP-C02,Zone_C,3.76,1.96,79.9,3891.0,91.8,OK
2024-03-27 09:00:00,FAN-D01,Zone_B,2.08,1.06,49.4,1283.0,79.2,OK
2024-03-27 10:00:00,PUMP-A01,Zone_A,3.35,1.81,66.8,1911.0,89.2,OK
2024-03-27 10:00:00,PUMP-A02,Zone_A,2.87,1.65,63.6,1899.0,83.5,OK
2024-03-27 10:00:00,PUMP-B01,Zone_B,2.36,1.06,60.1,1859.0,81.3,OK
2024-03-27 10:00:00,COMP-C01,Zone_C,5.04,2.6,82.1,3850.0,81.0,OK
2024-03-27 10:00:00,COMP-C02,Zone_C,3.82,2.02,78.5,3803.0,77.2,OK
2024-03-27 10:00:00,FAN-D01,Zone_B,1.87,1.06,52.7,1281.0,75.1,OK
2024-03-27 11:00:00,PUMP-A01,Zone_A,4.14,1.98,61.6,1817.0,61.1,OK
2024-03-27 11:00:00,PUMP-A02,Zone_A,3.01,1.28,61.5,1905.0,81.1,OK
2024-03-27 11:00:00,PUMP-B01,Zone_B,2.97,1.54,61.4,1857.0,81.0,OK
2024-03-27 11:00:00,COMP-C01,Zone_C,5.11,2.36,81.8,3799.0,76.4,OK
2024-03-27 11:00:00,COMP-C02,Zone_C,3.08,1.61,77.9,3798.0,78.3,OK
2024-03-27 11:00:00,FAN-D01,Zone_B,1.67,0.74,50.2,1227.0,69.9,OK
2024-03-27 12:00:00,PUMP-A01,Zone_A,3.05,1.53,61.0,1836.0,72.7,OK
2024-03-27 12:00:00,PUMP-A02,Zone_A,2.22,1.17,61.9,1827.0,66.3,OK
2024-03-27 12:00:00,PUMP-B01,Zone_B,2.92,1.65,63.7,1814.0,69.6,OK
2024-03-27 12:00:00,COMP-C01,Zone_C,5.04,2.4,81.1,3734.0,68.0,OK
2024-03-27 12:00:00,COMP-C02,Zone_C,3.15,1.71,77.2,3740.0,72.3,OK
2024-03-27 12:00:00,FAN-D01,Zone_B,1.66,0.82,48.6,1258.0,72.2,OK
2024-03-27 13:00:00,PUMP-A01,Zone_A,3.83,1.94,64.5,1832.0,69.7,OK
2024-03-27 13:00:00,PUMP-A02,Zone_A,2.47,1.37,57.9,1773.0,61.4,OK
2024-03-27 13:00:00,PUMP-B01,Zone_B,2.56,1.09,59.8,1784.0,67.9,OK
2024-03-27 13:00:00,COMP-C01,Zone_C,4.32,2.32,76.1,3648.0,56.1,OK
2024-03-27 13:00:00,COMP-C02,Zone_C,3.74,1.94,79.8,3701.0,67.2,OK
2024-03-27 13:00:00,FAN-D01,Zone_B,2.35,1.2,51.2,1230.0,69.7,OK
2024-03-27 14:00:00,PUMP-A01,Zone_A,3.8,1.86,57.8,1821.0,68.5,OK
2024-03-27 14:00:00,PUMP-A02,Zone_A,2.26,1.16,57.4,1802.0,62.7,OK
2024-03-27 14:00:00,PUMP-B01,Zone_B,2.77,1.4,57.4,1789.0,59.9,OK
2024-03-27 14:00:00,COMP-C01,Zone_C,4.9,2.48,77.4,3658.0,58.3,OK
2024-03-27 14:00:00,COMP-C02,Zone_C,3.32,1.68,78.8,3692.0,63.4,OK
2024-03-27 14:00:00,FAN-D01,Zone_B,1.95,1.15,51.1,1217.0,63.2,OK
2024-03-27 15:00:00,PUMP-A01,Zone_A,4.02,2.31,58.5,1776.0,57.9,OK
2024-03-27 15:00:00,PUMP-A02,Zone_A,2.27,1.2,60.8,1756.0,56.8,OK
2024-03-27 15:00:00,PUMP-B01,Zone_B,2.18,1.05,57.6,1756.0,58.4,OK
2024-03-27 15:00:00,COMP-C01,Zone_C,4.34,2.24,79.1,3608.0,54.2,OK
2024-03-27 15:00:00,COMP-C02,Zone_C,3.19,1.58,74.6,3597.0,54.9,OK
2024-03-27 15:00:00,FAN-D01,Zone_B,1.49,0.75,46.0,1201.0,50.2,OK
2024-03-27 16:00:00,PUMP-A01,Zone_A,3.51,1.81,60.7,1783.0,59.2,OK
2024-03-27 16:00:00,PUMP-A02,Zone_A,2.64,1.22,58.1,1812.0,63.3,OK
2024-03-27 16:00:00,PUMP-B01,Zone_B,2.34,1.16,59.9,1763.0,54.7,OK
2024-03-27 16:00:00,COMP-C01,Zone_C,4.78,2.36,78.1,3611.0,57.7,OK
2024-03-27 16:00:00,COMP-C02,Zone_C,3.51,1.9,76.8,3732.0,63.4,OK
2024-03-27 16:00:00,FAN-D01,Zone_B,1.72,0.92,48.0,1190.0,50.1,OK
2024-03-27 17:00:00,PUMP-A01,Zone_A,3.88,2.07,63.0,1768.0,53.0,OK
2024-03-27 17:00:00,PUMP-A02,Zone_A,2.17,0.96,54.0,1738.0,49.9,OK
2024-03-27 17:00:00,PUMP-B01,Zone_B,2.21,1.1,60.3,1789.0,63.7,OK
2024-03-27 17:00:00,COMP-C01,Zone_C,4.62,2.14,77.5,3670.0,57.0,OK
2024-03-27 17:00:00,COMP-C02,Zone_C,3.31,1.67,72.7,3653.0,56.7,OK
2024-03-27 17:00:00,FAN-D01,Zone_B,2.09,1.03,45.9,1207.0,53.7,OK
2024-03-27 18:00:00,PUMP-A01,Zone_A,3.23,1.65,59.9,1733.0,52.6,OK
2024-03-27 18:00:00,PUMP-A02,Zone_A,2.13,1.03,56.6,1732.0,56.6,OK
2024-03-27 18:00:00,PUMP-B01,Zone_B,2.41,1.12,56.7,1756.0,43.4,OK
2024-03-27 18:00:00,COMP-C01,Zone_C,4.78,2.41,75.2,3637.0,52.9,OK
2024-03-27 18:00:00,COMP-C02,Zone_C,3.12,1.52,75.6,3634.0,55.4,OK
2024-03-27 18:00:00,FAN-D01,Zone_B,1.93,1.04,45.2,1216.0,60.9,OK
2024-03-27 19:00:00,PUMP-A01,Zone_A,3.69,1.76,59.5,1780.0,58.4,OK
2024-03-27 19:00:00,PUMP-A02,Zone_A,2.21,1.11,60.5,1746.0,52.1,OK
2024-03-27 19:00:00,PUMP-B01,Zone_B,2.56,1.28,57.7,1826.0,63.4,OK
2024-03-27 19:00:00,COMP-C01,Zone_C,4.6,2.31,75.9,3612.0,52.5,OK
2024-03-27 19:00:00,COMP-C02,Zone_C,2.62,1.31,71.6,3630.0,54.3,OK
2024-03-27 19:00:00,FAN-D01,Zone_B,1.89,0.98,47.6,1253.0,57.3,OK
2024-03-27 20:00:00,PUMP-A01,Zone_A,2.95,1.52,58.3,1737.0,47.1,OK
2024-03-27 20:00:00,PUMP-A02,Zone_A,3.09,1.5,60.0,1751.0,54.7,OK
2024-03-27 20:00:00,PUMP-B01,Zone_B,2.66,1.28,58.5,1767.0,61.6,OK
2024-03-27 20:00:00,COMP-C01,Zone_C,4.35,2.12,76.1,3696.0,61.4,OK
2024-03-27 20:00:00,COMP-C02,Zone_C,3.38,1.74,73.7,3649.0,58.2,OK
2024-03-27 20:00:00,FAN-D01,Zone_B,1.79,0.92,46.7,1191.0,59.2,SUSPECT
2024-03-27 21:00:00,PUMP-A01,Zone_A,3.94,2.08,60.0,1756.0,57.2,OK
2024-03-27 21:00:00,PUMP-A02,Zone_A,2.26,1.06,62.2,1700.0,53.6,OK
2024-03-27 21:00:00,PUMP-B01,Zone_B,2.33,1.19,60.0,1760.0,50.5,OK
2024-03-27 21:00:00,COMP-C01,Zone_C,4.7,2.34,79.9,3740.0,67.5,OK
2024-03-27 21:00:00,COMP-C02,Zone_C,3.79,1.91,78.8,3706.0,66.3,OK
2024-03-27 21:00:00,FAN-D01,Zone_B,2.06,0.96,51.0,1206.0,55.0,OK
2024-03-27 22:00:00,PUMP-A01,Zone_A,3.53,1.66,58.3,1796.0,59.3,OK
2024-03-27 22:00:00,PUMP-A02,Zone_A,1.98,0.93,56.5,1778.0,66.1,OK
2024-03-27 22:00:00,PUMP-B01,Zone_B,1.95,0.93,58.2,1787.0,61.4,OK
2024-03-27 22:00:00,COMP-C01,Zone_C,3.87,2.03,76.4,3697.0,64.8,OK
2024-03-27 22:00:00,COMP-C02,Zone_C,3.56,1.85,75.4,3705.0,67.4,OK
2024-03-27 22:00:00,FAN-D01,Zone_B,2.0,0.91,48.7,1220.0,66.4,OK
2024-03-27 23:00:00,PUMP-A01,Zone_A,3.84,2.04,62.6,1799.0,66.3,OK
2024-03-27 23:00:00,PUMP-A02,Zone_A,2.23,1.04,59.0,1796.0,71.1,OK
2024-03-27 23:00:00,PUMP-B01,Zone_B,1.3,0.52,55.1,1756.0,58.2,OK
2024-03-27 23:00:00,COMP-C01,Zone_C,4.86,2.62,81.2,3767.0,73.6,OK
2024-03-27 23:00:00,COMP-C02,Zone_C,3.68,1.78,79.2,3681.0,63.6,OK
2024-03-27 23:00:00,FAN-D01,Zone_B,1.71,0.93,46.8,1223.0,70.3,OK
2024-03-28 00:00:00,PUMP-A01,Zone_A,4.29,2.15,64.4,1822.0,72.9,OK
2024-03-28 00:00:00,PUMP-A02,Zone_A,2.14,1.03,58.8,1819.0,63.4,OK
2024-03-28 00:00:00,PUMP-B01,Zone_B,2.08,1.09,61.5,1785.0,64.7,OK
2024-03-28 00:00:00,COMP-C01,Zone_C,4.72,2.46,75.1,3720.0,69.2,OK
2024-03-28 00:00:00,COMP-C02,Zone_C,3.47,1.56,78.0,3784.0,67.3,OK
2024-03-28 00:00:00,FAN-D01,Zone_B,2.03,0.92,51.2,1217.0,60.8,OK
2024-03-28 01:00:00,PUMP-A01,Zone_A,4.04,2.14,63.5,1857.0,78.2,OK
2024-03-28 01:00:00,PUMP-A02,Zone_A,2.6,1.39,62.4,1850.0,81.2,OK
2024-03-28 01:00:00,PUMP-B01,Zone_B,2.88,1.46,65.8,1832.0,79.7,OK
2024-03-28 01:00:00,COMP-C01,Zone_C,4.76,2.6,81.3,3759.0,72.6,OK
2024-03-28 01:00:00,COMP-C02,Zone_C,3.35,1.64,76.1,3733.0,74.0,OK
2024-03-28 01:00:00,FAN-D01,Zone_B,1.94,1.0,47.8,1293.0,78.5,OK
2024-03-28 02:00:00,PUMP-A01,Zone_A,3.76,1.8,62.3,1870.0,79.4,SUSPECT
2024-03-28 02:00:00,PUMP-A02,Zone_A,1.94,1.03,64.9,1849.0,76.9,OK
2024-03-28 02:00:00,PUMP-B01,Zone_B,2.5,1.23,58.1,1817.0,71.6,OK
2024-03-28 02:00:00,COMP-C01,Zone_C,4.54,2.3,78.2,3801.0,80.1,OK
2024-03-28 02:00:00,COMP-C02,Zone_C,3.92,1.9,76.7,3754.0,70.8,OK
2024-03-28 02:00:00,FAN-D01,Zone_B,2.04,1.09,52.8,1309.0,79.7,OK
2024-03-28 03:00:00,PUMP-A01,Zone_A,4.46,2.19,64.8,1853.0,90.0,OK
2024-03-28 03:00:00,PUMP-A02,Zone_A,2.84,1.42,59.5,1864.0,77.0,OK
2024-03-28 03:00:00,PUMP-B01,Zone_B,2.11,1.08,55.3,1879.0,78.6,OK
2024-03-28 03:00:00,COMP-C01,Zone_C,4.08,2.07,76.2,3778.0,73.7,OK
2024-03-28 03:00:00,COMP-C02,Zone_C,3.92,1.97,79.8,3798.0,75.5,OK
2024-03-28 03:00:00,FAN-D01,Zone_B,2.47,1.12,48.5,1274.0,82.9,OK
2024-03-28 04:00:00,PUMP-A01,Zone_A,4.03,1.9,64.1,1911.0,87.8,OK
2024-03-28 04:00:00,PUMP-A02,Zone_A,2.32,1.13,63.8,1834.0,79.1,OK
2024-03-28 04:00:00,PUMP-B01,Zone_B,2.96,1.48,62.8,1839.0,84.5,OK
2024-03-28 04:00:00,COMP-C01,Zone_C,5.07,2.44,78.7,3804.0,78.5,OK
2024-03-28 04:00:00,COMP-C02,Zone_C,3.37,1.76,80.2,3837.0,83.0,OK
2024-03-28 04:00:00,FAN-D01,Zone_B,2.05,1.15,47.3,1251.0,87.6,OK
2024-03-28 05:00:00,PUMP-A01,Zone_A,4.18,2.05,68.0,1901.0,93.0,OK
2024-03-28 05:00:00,PUMP-A02,Zone_A,2.72,1.4,61.3,1879.0,85.9,OK
2024-03-28 05:00:00,PUMP-B01,Zone_B,3.22,1.62,61.3,1958.0,88.0,OK
2024-03-28 05:00:00,COMP-C01,Zone_C,5.13,2.46,81.6,3755.0,73.2,OK
2024-03-28 05:00:00,COMP-C02,Zone_C,3.93,1.99,79.1,3882.0,92.8,OK
2024-03-28 05:00:00,FAN-D01,Zone_B,1.8,0.82,52.3,1280.0,88.5,OK
2024-03-28 06:00:00,PUMP-A01,Zone_A,3.84,1.95,67.0,1907.0,93.5,OK
2024-03-28 06:00:00,PUMP-A02,Zone_A,2.55,1.2,56.8,1869.0,77.1,OK
2024-03-28 06:00:00,PUMP-B01,Zone_B,2.57,1.17,60.2,1880.0,83.6,OK
2024-03-28 06:00:00,COMP-C01,Zone_C,5.21,2.54,83.4,3854.0,85.1,OK
2024-03-28 06:00:00,COMP-C02,Zone_C,4.05,2.09,79.1,3907.0,94.0,OK
2024-03-28 06:00:00,FAN-D01,Zone_B,2.06,0.96,52.0,1283.0,85.1,OK
2024-03-28 07:00:00,PUMP-A01,Zone_A,4.13,1.98,65.5,1869.0,86.3,OK
2024-03-28 07:00:00,PUMP-A02,Zone_A,2.34,1.11,61.5,1829.0,82.7,OK
2024-03-28 07:00:00,PUMP-B01,Zone_B,2.78,1.36,62.3,1886.0,81.3,OK
2024-03-28 07:00:00,COMP-C01,Zone_C,4.19,2.13,84.8,3829.0,81.4,OK
2024-03-28 07:00:00,COMP-C02,Zone_C,3.96,2.11,75.4,3813.0,78.1,OK
2024-03-28 07:00:00,FAN-D01,Zone_B,1.73,0.76,50.7,1303.0,85.5,OK
2024-03-28 08:00:00,PUMP-A01,Zone_A,3.88,1.95,63.0,1859.0,86.0,OK
2024-03-28 08:00:00,PUMP-A02,Zone_A,2.84,1.39,66.1,1886.0,86.2,OK
2024-03-28 08:00:00,PUMP-B01,Zone_B,3.09,1.71,64.5,1821.0,76.9,OK
2024-03-28 08:00:00,COMP-C01,Zone_C,4.75,2.49,83.5,3828.0,80.1,OK
2024-03-28 08:00:00,COMP-C02,Zone_C,3.64,1.79,77.0,3887.0,89.9,OK
2024-03-28 08:00:00,FAN-D01,Zone_B,1.96,0.8,50.0,1253.0,69.0,OK
2024-03-28 09:00:00,PUMP-A01,Zone_A,3.73,1.8,61.8,1901.0,88.3,OK
2024-03-28 09:00:00,PUMP-A02,Zone_A,2.63,1.28,60.7,1883.0,83.7,OK
2024-03-28 09:00:00,PUMP-B01,Zone_B,2.67,1.39,64.6,1889.0,81.2,OK
2024-03-28 09:00:00,COMP-C01,Zone_C,4.37,2.2,76.8,3793.0,80.1,OK
2024-03-28 09:00:00,COMP-C02,Zone_C,3.95,1.9,79.5,3831.0,84.8,OK
2024-03-28 09:00:00,FAN-D01,Zone_B,1.33,0.63,51.0,1279.0,80.9,OK
2024-03-28 10:00:00,PUMP-A01,Zone_A,4.19,2.01,65.0,1837.0,75.1,OK
2024-03-28 10:00:00,PUMP-A02,Zone_A,3.03,1.38,59.5,1843.0,79.2,OK
2024-03-28 10:00:00,PUMP-B01,Zone_B,2.65,1.3,62.8,1864.0,84.1,OK
2024-03-28 10:00:00,COMP-C01,Zone_C,4.35,2.31,78.8,3812.0,73.9,OK
2024-03-28 10:00:00,COMP-C02,Zone_C,4.02,2.1,79.9,3891.0,83.2,OK
2024-03-28 10:00:00,FAN-D01,Zone_B,1.71,0.87,48.9,1293.0,83.8,OK
2024-03-28 11:00:00,PUMP-A01,Zone_A,3.74,1.79,65.7,1841.0,73.5,OK
2024-03-28 11:00:00,PUMP-A02,Zone_A,2.34,1.14,57.5,1816.0,71.7,OK
2024-03-28 11:00:00,PUMP-B01,Zone_B,2.03,1.03,61.9,1839.0,72.9,OK
2024-03-28 11:00:00,COMP-C01,Zone_C,4.39,2.26,81.1,3741.0,71.5,OK
2024-03-28 11:00:00,COMP-C02,Zone_C,3.2,1.56,75.0,3801.0,82.5,OK
2024-03-28 11:00:00,FAN-D01,Zone_B,2.37,1.16,51.3,1282.0,81.8,OK
2024-03-28 12:00:00,PUMP-A01,Zone_A,4.04,2.1,66.3,1840.0,72.8,OK
2024-03-28 12:00:00,PUMP-A02,Zone_A,2.09,0.9,63.9,1808.0,65.9,OK
2024-03-28 12:00:00,PUMP-B01,Zone_B,2.55,1.36,59.4,1810.0,66.4,SUSPECT
2024-03-28 12:00:00,COMP-C01,Zone_C,5.05,2.53,79.9,3785.0,74.6,OK
2024-03-28 12:00:00,COMP-C02,Zone_C,3.79,1.94,80.0,3702.0,66.6,OK
2024-03-28 12:00:00,FAN-D01,Zone_B,1.51,0.79,53.4,1229.0,75.7,OK
2024-03-28 13:00:00,PUMP-A01,Zone_A,3.66,1.77,63.9,1801.0,69.4,OK
2024-03-28 13:00:00,PUMP-A02,Zone_A,2.41,1.41,58.4,1851.0,68.0,OK
2024-03-28 13:00:00,PUMP-B01,Zone_B,3.01,1.53,62.7,1825.0,62.2,OK
2024-03-28 13:00:00,COMP-C01,Zone_C,5.04,2.42,79.9,3706.0,66.6,OK
2024-03-28 13:00:00,COMP-C02,Zone_C,3.41,1.62,74.1,3653.0,60.3,OK
2024-03-28 13:00:00,FAN-D01,Zone_B,1.58,0.84,44.3,1194.0,65.2,OK
2024-03-28 14:00:00,PUMP-A01,Zone_A,3.93,1.96,62.5,1812.0,69.8,OK
2024-03-28 14:00:00,PUMP-A02,Zone_A,3.13,1.57,59.3,1755.0,63.0,OK
2024-03-28 14:00:00,PUMP-B01,Zone_B,2.91,1.48,62.3,1811.0,68.0,OK
2024-03-28 14:00:00,COMP-C01,Zone_C,4.85,2.49,82.6,3692.0,63.4,OK
2024-03-28 14:00:00,COMP-C02,Zone_C,3.46,1.76,74.5,3744.0,71.9,OK
2024-03-28 14:00:00,FAN-D01,Zone_B,1.96,0.98,45.1,1208.0,55.6,OK
2024-03-28 15:00:00,PUMP-A01,Zone_A,4.11,2.06,61.0,1743.0,60.4,OK
2024-03-28 15:00:00,PUMP-A02,Zone_A,2.5,1.29,57.6,1797.0,63.8,OK
2024-03-28 15:00:00,PUMP-B01,Zone_B,2.4,1.07,58.4,1811.0,65.4,OK
2024-03-28 15:00:00,COMP-C01,Zone_C,4.09,2.08,74.2,3653.0,60.6,OK
2024-03-28 15:00:00,COMP-C02,Zone_C,3.29,1.59,74.9,3671.0,59.6,OK
2024-03-28 15:00:00,FAN-D01,Zone_B,1.68,0.77,46.6,1202.0,57.3,OK
2024-03-28 16:00:00,PUMP-A01,Zone_A,3.86,2.0,63.0,1754.0,54.5,OK
2024-03-28 16:00:00,PUMP-A02,Zone_A,1.73,0.98,57.9,1763.0,62.6,OK
2024-03-28 16:00:00,PUMP-B01,Zone_B,2.47,1.14,60.7,1740.0,55.3,OK
2024-03-28 16:00:00,COMP-C01,Zone_C,4.74,2.36,78.4,3645.0,58.2,OK
2024-03-28 16:00:00,COMP-C02,Zone_C,3.49,1.84,76.9,3683.0,61.9,OK
2024-03-28 16:00:00,FAN-D01,Zone_B,1.31,0.69,47.3,1181.0,53.1,OK
2024-03-28 17:00:00,PUMP-A01,Zone_A,3.88,2.01,60.4,1789.0,54.3,OK
2024-03-28 17:00:00,PUMP-A02,Zone_A,2.1,1.03,56.3,1817.0,59.1,OK
2024-03-28 17:00:00,PUMP-B01,Zone_B,2.1,1.08,62.1,1804.0,57.9,OK
2024-03-28 17:00:00,COMP-C01,Zone_C,4.15,1.99,76.5,3589.0,47.7,OK
2024-03-28 17:00:00,COMP-C02,Zone_C,3.56,1.89,72.8,3701.0,58.5,OK
2024-03-28 17:00:00,FAN-D01,Zone_B,1.26,0.63,50.4,1198.0,54.6,OK
2024-03-28 18:00:00,PUMP-A01,Zone_A,4.3,2.21,60.8,1804.0,59.5,OK
2024-03-28 18:00:00,PUMP-A02,Zone_A,2.14,1.3,56.4,1746.0,60.1,OK
2024-03-28 18:00:00,PUMP-B01,Zone_B,2.48,1.33,61.2,1795.0,57.3,OK
2024-03-28 18:00:00,COMP-C01,Zone_C,4.46,2.2,78.0,3601.0,47.8,OK
2024-03-28 18:00:00,COMP-C02,Zone_C,3.43,1.73,73.4,3614.0,51.1,OK
2024-03-28 18:00:00,FAN-D01,Zone_B,1.43,0.61,47.5,1217.0,61.9,OK
2024-03-28 19:00:00,PUMP-A01,Zone_A,3.67,1.93,59.7,1800.0,57.2,OK
2024-03-28 19:00:00,PUMP-A02,Zone_A,2.15,1.03,61.8,1796.0,60.8,OK
2024-03-28 19:00:00,PUMP-B01,Zone_B,2.3,1.17,58.8,1782.0,52.5,OK
2024-03-28 19:00:00,COMP-C01,Zone_C,4.47,2.21,76.3,3571.0,49.4,OK
2024-03-28 19:00:00,COMP-C02,Zone_C,3.75,1.92,78.1,3629.0,53.1,OK
2024-03-28 19:00:00,FAN-D01,Zone_B,1.91,0.88,46.1,1207.0,44.9,OK
2024-03-28 20:00:00,PUMP-A01,Zone_A,3.65,1.79,62.0,1736.0,54.0,OK
2024-03-28 20:00:00,PUMP-A02,Zone_A,2.02,0.93,56.3,1812.0,65.6,OK
2024-03-28 20:00:00,PUMP-B01,Zone_B,2.29,1.33,59.5,1862.0,69.8,OK
2024-03-28 20:00:00,COMP-C01,Zone_C,4.45,2.21,77.5,3588.0,50.2,OK
2024-03-28 20:00:00,COMP-C02,Zone_C,2.97,1.59,73.3,3628.0,51.3,OK
2024-03-28 20:00:00,FAN-D01,Zone_B,1.35,0.66,45.6,1211.0,48.8,OK
2024-03-28 21:00:00,PUMP-A01,Zone_A,3.7,1.9,60.5,1798.0,68.4,OK
2024-03-28 21:00:00,PUMP-A02,Zone_A,2.42,1.25,55.8,1768.0,61.6,OK
2024-03-28 21:00:00,PUMP-B01,Zone_B,2.25,1.03,57.1,1819.0,64.8,OK
2024-03-28 21:00:00,COMP-C01,Zone_C,4.63,2.37,80.8,3656.0,56.5,OK
2024-03-28 21:00:00,COMP-C02,Zone_C,3.99,2.1,77.9,3649.0,60.5,OK
2024-03-28 21:00:00,FAN-D01,Zone_B,1.32,0.57,44.8,1244.0,60.5,OK
2024-03-28 22:00:00,PUMP-A01,Zone_A,3.82,1.79,58.9,1790.0,60.1,OK
2024-03-28 22:00:00,PUMP-A02,Zone_A,2.57,1.31,60.3,1804.0,61.0,OK
2024-03-28 22:00:00,PUMP-B01,Zone_B,2.48,1.06,59.5,1739.0,58.4,OK
2024-03-28 22:00:00,COMP-C01,Zone_C,4.4,2.18,73.5,3662.0,61.4,OK
2024-03-28 22:00:00,COMP-C02,Zone_C,3.55,1.78,76.5,3716.0,67.7,OK
2024-03-28 22:00:00,FAN-D01,Zone_B,1.95,1.12,44.0,1187.0,61.5,OK
2024-03-28 23:00:00,PUMP-A01,Zone_A,4.18,2.04,65.9,1832.0,64.6,OK
2024-03-28 23:00:00,PUMP-A02,Zone_A,2.67,1.29,60.6,1812.0,68.2,OK
2024-03-28 23:00:00,PUMP-B01,Zone_B,2.31,1.13,58.5,1804.0,62.9,OK
2024-03-28 23:00:00,COMP-C01,Zone_C,4.72,2.21,79.4,3694.0,65.3,OK
2024-03-28 23:00:00,COMP-C02,Zone_C,3.41,1.53,74.6,3777.0,74.2,OK
2024-03-28 23:00:00,FAN-D01,Zone_B,1.83,0.93,50.3,1261.0,70.4,OK
2024-03-29 00:00:00,PUMP-A01,Zone_A,3.92,1.94,61.0,1850.0,76.8,OK
2024-03-29 00:00:00,PUMP-A02,Zone_A,2.41,1.23,57.9,1859.0,74.3,OK
2024-03-29 00:00:00,PUMP-B01,Zone_B,3.15,1.52,62.0,1823.0,74.0,OK
2024-03-29 00:00:00,COMP-C01,Zone_C,4.72,2.38,78.8,3785.0,76.9,OK
2024-03-29 00:00:00,COMP-C02,Zone_C,3.89,2.11,79.4,3812.0,76.8,OK
2024-03-29 00:00:00,FAN-D01,Zone_B,1.69,0.87,48.8,1231.0,68.0,OK
2024-03-29 01:00:00,PUMP-A01,Zone_A,4.31,2.08,66.4,1828.0,70.4,OK
2024-03-29 01:00:00,PUMP-A02,Zone_A,2.68,1.33,61.9,1776.0,69.5,OK
2024-03-29 01:00:00,PUMP-B01,Zone_B,2.66,1.38,63.6,1876.0,82.7,OK
2024-03-29 01:00:00,COMP-C01,Zone_C,4.19,2.19,77.9,3843.0,81.5,OK
2024-03-29 01:00:00,COMP-C02,Zone_C,2.68,1.44,75.0,3757.0,75.2,OK
2024-03-29 01:00:00,FAN-D01,Zone_B,1.99,0.97,46.8,1307.0,73.1,OK
2024-03-29 02:00:00,PUMP-A01,Zone_A,4.16,2.0,64.8,1847.0,81.2,OK
2024-03-29 02:00:00,PUMP-A02,Zone_A,2.51,1.24,58.1,1848.0,78.6,OK
2024-03-29 02:00:00,PUMP-B01,Zone_B,3.08,1.5,62.5,1906.0,83.1,OK
2024-03-29 02:00:00,COMP-C01,Zone_C,4.48,2.35,79.1,3825.0,77.1,OK
2024-03-29 02:00:00,COMP-C02,Zone_C,3.55,1.82,79.9,3780.0,78.2,OK
2024-03-29 02:00:00,FAN-D01,Zone_B,1.4,0.62,51.5,1276.0,81.3,OK
2024-03-29 03:00:00,PUMP-A01,Zone_A,3.67,1.75,61.0,1790.0,70.8,OK
2024-03-29 03:00:00,PUMP-A02,Zone_A,3.25,1.59,63.4,1873.0,84.5,OK
2024-03-29 03:00:00,PUMP-B01,Zone_B,2.27,1.16,59.4,1892.0,79.1,OK
2024-03-29 03:00:00,COMP-C01,Zone_C,4.11,1.98,77.9,3743.0,71.6,OK
2024-03-29 03:00:00,COMP-C02,Zone_C,3.66,1.71,76.4,3864.0,84.7,OK
2024-03-29 03:00:00,FAN-D01,Zone_B,1.76,0.94,45.1,1279.0,74.0,OK
2024-03-29 04:00:00,PUMP-A01,Zone_A,4.29,2.08,62.9,1845.0,76.7,OK
2024-03-29 04:00:00,PUMP-A02,Zone_A,2.45,1.21,59.5,1872.0,88.7,OK
2024-03-29 04:00:00,PUMP-B01,Zone_B,2.25,1.21,60.0,1888.0,83.6,OK
2024-03-29 04:00:00,COMP-C01,Zone_C,4.78,2.46,80.1,3768.0,76.6,OK
2024-03-29 04:00:00,COMP-C02,Zone_C,3.57,1.7,82.2,3785.0,79.5,OK
2024-03-29 04:00:00,FAN-D01,Zone_B,1.54,0.75,51.1,1303.0,84.9,OK
2024-03-29 05:00:00,PUMP-A01,Zone_A,4.17,2.06,63.4,1889.0,87.7,OK
2024-03-29 05:00:00,PUMP-A02,Zone_A,2.64,1.29,65.9,1869.0,78.1,OK
2024-03-29 05:00:00,PUMP-B01,Zone_B,2.67,1.61,63.3,1877.0,84.2,OK
2024-03-29 05:00:00,COMP-C01,Zone_C,4.79,2.44,81.9,3921.0,91.0,OK
2024-03-29 05:00:00,COMP-C02,Zone_C,3.28,1.61,75.8,3897.0,91.5,OK
2024-03-29 05:00:00,FAN-D01,Zone_B,1.87,1.0,52.6,1287.0,90.9,OK
2024-03-29 06:00:00,PUMP-A01,Zone_A,3.74,1.97,61.5,1926.0,88.9,OK
2024-03-29 06:00:00,PUMP-A02,Zone_A,2.59,1.07,62.2,1917.0,94.5,OK
2024-03-29 06:00:00,PUMP-B01,Zone_B,2.68,1.4,60.8,1886.0,87.9,OK
2024-03-29 06:00:00,COMP-C01,Zone_C,4.59,2.43,77.4,3834.0,81.2,OK
2024-03-29 06:00:00,COMP-C02,Zone_C,3.93,2.02,79.5,3854.0,86.2,OK
2024-03-29 06:00:00,FAN-D01,Zone_B,2.19,0.98,55.3,1286.0,79.3,OK
2024-03-29 07:00:00,PUMP-A01,Zone_A,4.02,2.11,66.2,1851.0,81.9,OK
2024-03-29 07:00:00,PUMP-A02,Zone_A,2.75,1.34,60.2,1854.0,77.6,OK
2024-03-29 07:00:00,PUMP-B01,Zone_B,2.89,1.34,62.7,1842.0,85.6,OK
2024-03-29 07:00:00,COMP-C01,Zone_C,3.82,1.88,77.1,3815.0,82.7,OK
2024-03-29 07:00:00,COMP-C02,Zone_C,3.5,1.76,74.2,3796.0,78.5,OK
2024-03-29 07:00:00,FAN-D01,Zone_B,1.56,0.71,51.9,1310.0,84.7,OK
2024-03-29 08:00:00,PUMP-A01,Zone_A,3.96,1.89,61.9,1885.0,80.1,OK
2024-03-29 08:00:00,PUMP-A02,Zone_A,2.54,1.01,62.9,1850.0,84.5,OK
2024-03-29 08:00:00,PUMP-B01,Zone_B,2.71,1.26,62.5,1842.0,76.9,OK
2024-03-29 08:00:00,COMP-C01,Zone_C,4.95,2.42,80.0,3788.0,80.5,OK
2024-03-29 08:00:00,COMP-C02,Zone_C,3.82,1.97,82.9,3874.0,82.6,OK
2024-03-29 08:00:00,FAN-D01,Zone_B,1.79,0.85,49.0,1229.0,79.2,OK
2024-03-29 09:00:00,PUMP-A01,Zone_A,4.25,2.2,65.6,1844.0,82.2,OK
2024-03-29 09:00:00,PUMP-A02,Zone_A,2.74,1.43,61.3,1829.0,78.3,OK
2024-03-29 09:00:00,PUMP-B01,Zone_B,2.32,1.26,58.4,1862.0,87.8,OK
2024-03-29 09:00:00,COMP-C01,Zone_C,5.17,2.46,81.5,3870.0,87.9,OK
2024-03-29 09:00:00,COMP-C02,Zone_C,3.81,1.88,80.0,3869.0,85.9,SUSPECT
2024-03-29 09:00:00,FAN-D01,Zone_B,1.84,0.95,49.8,1244.0,69.9,OK
2024-03-29 10:00:00,PUMP-A01,Zone_A,4.17,2.2,64.1,1873.0,81.4,OK
2024-03-29 10:00:00,PUMP-A02,Zone_A,2.72,1.3,64.5,1862.0,82.4,OK
2024-03-29 10:00:00,PUMP-B01,Zone_B,2.51,1.3,62.1,1821.0,72.9,OK
2024-03-29 10:00:00,COMP-C01,Zone_C,4.97,2.35,81.0,3796.0,70.9,OK
2024-03-29 10:00:00,COMP-C02,Zone_C,3.31,1.7,78.4,3819.0,83.0,OK
2024-03-29 10:00:00,FAN-D01,Zone_B,1.78,0.76,49.7,1253.0,73.5,OK
2024-03-29 11:00:00,PUMP-A01,Zone_A,3.82,2.03,61.4,1824.0,63.3,OK
2024-03-29 11:00:00,PUMP-A02,Zone_A,2.23,1.01,58.9,1799.0,69.0,OK
2024-03-29 11:00:00,PUMP-B01,Zone_B,2.47,1.28,58.6,1860.0,78.2,OK
2024-03-29 11:00:00,COMP-C01,Zone_C,4.4,2.35,78.2,3734.0,67.6,OK
2024-03-29 11:00:00,COMP-C02,Zone_C,3.2,1.53,77.2,3759.0,71.1,OK
2024-03-29 11:00:00,FAN-D01,Zone_B,1.64,0.73,45.3,1255.0,69.4,OK
2024-03-29 12:00:00,PUMP-A01,Zone_A,3.88,1.93,63.2,1813.0,68.9,OK
2024-03-29 12:00:00,PUMP-A02,Zone_A,2.7,1.48,59.6,1803.0,65.4,OK
2024-03-29 12:00:00,PUMP-B01,Zone_B,2.41,1.24,61.3,1846.0,80.8,OK
2024-03-29 12:00:00,COMP-C01,Zone_C,4.43,2.22,79.6,3706.0,71.3,OK
2024-03-29 12:00:00,COMP-C02,Zone_C,3.41,1.73,75.4,3781.0,73.6,OK
2024-03-29 12:00:00,FAN-D01,Zone_B,1.67,0.84,47.0,1191.0,63.1,OK
2024-03-29 13:00:00,PUMP-A01,Zone_A,3.69,1.94,61.0,1800.0,63.1,OK
2024-03-29 13:00:00,PUMP-A02,Zone_A,2.46,1.19,57.4,1805.0,59.8,OK
2024-03-29 13:00:00,PUMP-B01,Zone_B,2.31,1.17,57.6,1791.0,63.8,OK
2024-03-29 13:00:00,COMP-C01,Zone_C,4.08,2.03,75.4,3708.0,68.3,OK
2024-03-29 13:00:00,COMP-C02,Zone_C,3.08,1.37,73.6,3699.0,63.8,OK
2024-03-29 13:00:00,FAN-D01,Zone_B,1.89,0.7,50.2,1227.0,60.9,OK
2024-03-29 14:00:00,PUMP-A01,Zone_A,4.33,2.21,61.8,1810.0,71.3,SUSPECT
2024-03-29 14:00:00,PUMP-A02,Zone_A,2.23,0.99,61.7,1817.0,70.8,OK
2024-03-29 14:00:00,PUMP-B01,Zone_B,2.28,1.3,55.9,1779.0,60.5,OK
2024-03-29 14:00:00,COMP-C01,Zone_C,4.54,2.19,74.9,3696.0,61.4,OK
2024-03-29 14:00:00,COMP-C02,Zone_C,3.35,1.75,75.5,3752.0,66.8,SUSPECT
2024-03-29 14:00:00,FAN-D01,Zone_B,1.69,0.91,45.1,1168.0,55.7,OK
2024-03-29 15:00:00,PUMP-A01,Zone_A,4.11,2.05,60.9,1770.0,59.0,OK
2024-03-29 15:00:00,PUMP-A02,Zone_A,2.24,1.2,57.5,1768.0,60.2,OK
2024-03-29 15:00:00,PUMP-B01,Zone_B,2.39,1.13,60.6,1803.0,67.9,OK
2024-03-29 15:00:00,COMP-C01,Zone_C,4.19,2.09,74.1,3593.0,50.1,OK
2024-03-29 15:00:00,COMP-C02,Zone_C,3.61,1.78,79.9,3743.0,65.4,OK
2024-03-29 15:00:00,FAN-D01,Zone_B,1.41,0.64,45.8,1209.0,46.8,OK
2024-03-29 16:00:00,PUMP-A01,Zone_A,3.94,1.98,63.9,1807.0,59.8,OK
2024-03-29 16:00:00,PUMP-A02,Zone_A,3.0,1.3,60.7,1778.0,58.5,OK
2024-03-29 16:00:00,PUMP-B01,Zone_B,2.46,1.26,60.4,1789.0,62.2,OK
2024-03-29 16:00:00,COMP-C01,Zone_C,4.86,2.39,81.0,3651.0,59.5,OK
2024-03-29 16:00:00,COMP-C02,Zone_C,4.07,1.84,78.4,3654.0,55.6,OK
2024-03-29 16:00:00,FAN-D01,Zone_B,1.43,0.65,45.8,1214.0,59.4,OK
2024-03-29 17:00:00,PUMP-A01,Zone_A,3.55,1.88,58.4,1759.0,56.3,OK
2024-03-29 17:00:00,PUMP-A02,Zone_A,2.48,1.21,56.8,1774.0,55.3,OK
2024-03-29 17:00:00,PUMP-B01,Zone_B,2.44,1.26,57.6,1810.0,63.5,OK
2024-03-29 17:00:00,COMP-C01,Zone_C,4.39,2.11,81.4,3661.0,56.9,OK
2024-03-29 17:00:00,COMP-C02,Zone_C,3.42,1.64,74.0,3587.0,51.2,OK
2024-03-29 17:00:00,FAN-D01,Zone_B,1.61,0.78,46.6,1220.0,59.7,OK
2024-03-29 18:00:00,PUMP-A01,Zone_A,3.76,1.79,59.0,1737.0,49.2,OK
2024-03-29 18:00:00,PUMP-A02,Zone_A,2.64,1.21,57.1,1818.0,65.9,OK
2024-03-29 18:00:00,PUMP-B01,Zone_B,1.78,0.98,56.1,1813.0,60.3,OK
2024-03-29 18:00:00,COMP-C01,Zone_C,4.09,2.15,76.4,3691.0,61.6,OK
2024-03-29 18:00:00,COMP-C02,Zone_C,3.77,1.88,76.5,3614.0,51.4,OK
2024-03-29 18:00:00,FAN-D01,Zone_B,1.25,0.61,46.4,1207.0,58.5,OK
2024-03-29 19:00:00,PUMP-A01,Zone_A,4.35,2.22,61.2,1777.0,61.1,OK
2024-03-29 19:00:00,PUMP-A02,Zone_A,2.63,1.47,58.1,1803.0,60.4,OK
2024-03-29 19:00:00,PUMP-B01,Zone_B,2.07,0.9,59.1,1729.0,43.5,OK
2024-03-29 19:00:00,COMP-C01,Zone_C,4.53,2.11,78.4,3558.0,44.8,OK
2024-03-29 19:00:00,COMP-C02,Zone_C,3.43,1.62,74.9,3560.0,45.7,OK
2024-03-29 19:00:00,FAN-D01,Zone_B,2.01,1.07,48.8,1235.0,59.0,OK
2024-03-29 20:00:00,PUMP-A01,Zone_A,3.95,2.0,63.1,1787.0,61.5,OK
2024-03-29 20:00:00,PUMP-A02,Zone_A,2.61,1.18,60.0,1810.0,66.4,OK
2024-03-29 20:00:00,PUMP-B01,Zone_B,2.23,0.85,56.2,1783.0,56.7,OK
2024-03-29 20:00:00,COMP-C01,Zone_C,4.99,2.49,80.5,3696.0,64.1,OK
2024-03-29 20:00:00,COMP-C02,Zone_C,3.59,1.82,75.7,3665.0,60.6,OK
2024-03-29 20:00:00,FAN-D01,Zone_B,1.91,0.89,50.9,1216.0,60.9,OK
2024-03-29 21:00:00,PUMP-A01,Zone_A,3.56,1.71,60.0,1786.0,55.1,OK
2024-03-29 21:00:00,PUMP-A02,Zone_A,2.5,1.27,54.5,1771.0,53.3,OK
2024-03-29 21:00:00,PUMP-B01,Zone_B,1.79,1.01,57.0,1779.0,56.0,OK
2024-03-29 21:00:00,COMP-C01,Zone_C,4.73,2.17,77.1,3643.0,54.2,SUSPECT
2024-03-29 21:00:00,COMP-C02,Zone_C,3.58,1.7,75.5,3664.0,56.8,OK
2024-03-29 21:00:00,FAN-D01,Zone_B,1.62,0.81,45.9,1196.0,58.1,OK
2024-03-29 22:00:00,PUMP-A01,Zone_A,3.57,1.78,60.3,1758.0,57.5,OK
2024-03-29 22:00:00,PUMP-A02,Zone_A,2.7,1.24,62.5,1759.0,59.0,OK
2024-03-29 22:00:00,PUMP-B01,Zone_B,2.24,1.1,59.4,1817.0,76.5,OK
2024-03-29 22:00:00,COMP-C01,Zone_C,4.13,1.97,77.6,3655.0,56.6,OK
2024-03-29 22:00:00,COMP-C02,Zone_C,3.83,1.92,75.4,3698.0,60.8,OK
2024-03-29 22:00:00,FAN-D01,Zone_B,2.21,1.03,50.1,1222.0,68.9,OK
2024-03-29 23:00:00,PUMP-A01,Zone_A,4.46,2.07,62.1,1812.0,66.9,OK
2024-03-29 23:00:00,PUMP-A02,Zone_A,2.8,1.5,59.3,1801.0,63.8,OK
2024-03-29 23:00:00,PUMP-B01,Zone_B,2.39,1.22,57.6,1838.0,72.8,OK
2024-03-29 23:00:00,COMP-C01,Zone_C,4.64,2.36,79.5,3760.0,71.4,OK
2024-03-29 23:00:00,COMP-C02,Zone_C,4.16,2.22,79.6,3756.0,71.9,OK
2024-03-29 23:00:00,FAN-D01,Zone_B,1.46,0.75,46.7,1253.0,64.1,OK
2024-03-30 00:00:00,PUMP-A01,Zone_A,3.19,1.63,62.7,1814.0,65.3,OK
2024-03-30 00:00:00,PUMP-A02,Zone_A,2.27,1.01,62.5,1861.0,77.2,OK
2024-03-30 00:00:00,PUMP-B01,Zone_B,2.02,1.08,57.0,1800.0,64.7,OK
2024-03-30 00:00:00,COMP-C01,Zone_C,4.92,2.63,81.7,3746.0,69.6,OK
2024-03-30 00:00:00,COMP-C02,Zone_C,3.66,1.78,78.4,3773.0,70.8,OK
2024-03-30 00:00:00,FAN-D01,Zone_B,1.97,1.08,48.5,1206.0,68.2,OK
2024-03-30 01:00:00,PUMP-A01,Zone_A,4.17,2.12,65.0,1832.0,74.8,OK
2024-03-30 01:00:00,PUMP-A02,Zone_A,2.57,1.28,57.6,1794.0,64.7,OK
2024-03-30 01:00:00,PUMP-B01,Zone_B,2.8,1.34,59.0,1808.0,70.6,OK
2024-03-30 01:00:00,COMP-C01,Zone_C,4.89,2.39,79.9,3809.0,78.5,OK
2024-03-30 01:00:00,COMP-C02,Zone_C,3.69,1.83,76.4,3783.0,78.0,OK
2024-03-30 01:00:00,FAN-D01,Zone_B,1.81,0.99,50.4,1267.0,71.7,OK
2024-03-30 02:00:00,PUMP-A01,Zone_A,3.86,1.85,62.2,1834.0,75.2,OK
2024-03-30 02:00:00,PUMP-A02,Zone_A,2.55,1.41,63.9,1876.0,77.4,OK
2024-03-30 02:00:00,PUMP-B01,Zone_B,2.66,1.27,63.9,1853.0,75.8,OK
2024-03-30 02:00:00,COMP-C01,Zone_C,4.69,2.35,83.3,3815.0,81.3,OK
2024-03-30 02:00:00,COMP-C02,Zone_C,3.4,1.8,76.8,3797.0,80.3,OK
2024-03-30 02:00:00,FAN-D01,Zone_B,1.24,0.43,49.5,1313.0,81.9,OK
2024-03-30 03:00:00,PUMP-A01,Zone_A,3.37,1.7,63.3,1851.0,82.4,OK
2024-03-30 03:00:00,PUMP-A02,Zone_A,2.72,1.33,61.9,1906.0,91.1,OK
2024-03-30 03:00:00,PUMP-B01,Zone_B,2.09,0.97,60.0,1870.0,78.0,OK
2024-03-30 03:00:00,COMP-C01,Zone_C,4.71,2.44,80.3,3795.0,78.0,OK
2024-03-30 03:00:00,COMP-C02,Zone_C,3.53,1.64,78.0,3783.0,75.1,OK
2024-03-30 03:00:00,FAN-D01,Zone_B,1.6,0.72,49.2,1238.0,80.9,OK
2024-03-30 04:00:00,PUMP-A01,Zone_A,3.9,1.83,64.8,1882.0,88.6,OK
2024-03-30 04:00:00,PUMP-A02,Zone_A,2.47,1.3,65.1,1914.0,87.7,OK
2024-03-30 04:00:00,PUMP-B01,Zone_B,2.48,1.31,62.1,1842.0,85.1,OK
2024-03-30 04:00:00,COMP-C01,Zone_C,4.8,2.12,78.0,3882.0,87.5,OK
2024-03-30 04:00:00,COMP-C02,Zone_C,3.03,1.42,77.3,3830.0,81.8,OK
2024-03-30 04:00:00,FAN-D01,Zone_B,2.26,1.06,48.8,1259.0,76.0,OK
2024-03-30 05:00:00,PUMP-A01,Zone_A,4.71,2.46,63.9,1824.0,76.6,OK
2024-03-30 05:00:00,PUMP-A02,Zone_A,1.95,0.86,60.7,1827.0,77.8,OK
2024-03-30 05:00:00,PUMP-B01,Zone_B,3.0,1.37,65.0,1871.0,90.8,OK
2024-03-30 05:00:00,COMP-C01,Zone_C,4.13,1.97,80.0,3830.0,80.2,OK
2024-03-30 05:00:00,COMP-C02,Zone_C,3.85,1.83,84.3,3828.0,91.1,OK
2024-03-30 05:00:00,FAN-D01,Zone_B,2.1,1.27,53.8,1301.0,98.1,OK
2024-03-30 06:00:00,PUMP-A01,Zone_A,4.1,1.99,63.2,1886.0,88.1,OK
2024-03-30 06:00:00,PUMP-A02,Zone_A,2.21,1.22,57.3,1872.0,80.3,OK
2024-03-30 06:00:00,PUMP-B01,Zone_B,3.14,1.46,63.2,1841.0,83.5,OK
2024-03-30 06:00:00,COMP-C01,Zone_C,5.4,2.61,81.7,3906.0,94.1,SUSPECT
2024-03-30 06:00:00,COMP-C02,Zone_C,4.08,1.95,79.4,3856.0,85.4,OK
2024-03-30 06:00:00,FAN-D01,Zone_B,2.01,1.13,50.7,1286.0,92.5,OK
2024-03-30 07:00:00,PUMP-A01,Zone_A,4.12,2.06,64.0,1893.0,83.7,OK
2024-03-30 07:00:00,PUMP-A02,Zone_A,2.74,1.32,63.7,1916.0,88.5,OK
2024-03-30 07:00:00,PUMP-B01,Zone_B,2.85,1.51,63.8,1902.0,87.3,OK
2024-03-30 07:00:00,COMP-C01,Zone_C,4.75,2.48,75.7,3826.0,84.5,OK
2024-03-30 07:00:00,COMP-C02,Zone_C,4.13,2.17,82.0,3900.0,94.4,OK
2024-03-30 07:00:00,FAN-D01,Zone_B,1.78,1.08,50.0,1285.0,87.0,OK
2024-03-30 08:00:00,PUMP-A01,Zone_A,4.36,2.06,65.6,1886.0,87.7,OK
2024-03-30 08:00:00,PUMP-A02,Zone_A,2.5,1.38,65.0,1883.0,86.5,OK
2024-03-30 08:00:00,PUMP-B01,Zone_B,2.81,1.31,61.5,1874.0,79.4,OK
2024-03-30 08:00:00,COMP-C01,Zone_C,4.98,2.54,78.8,3776.0,75.5,OK
2024-03-30 08:00:00,COMP-C02,Zone_C,3.52,1.67,74.4,3818.0,80.5,OK
2024-03-30 08:00:00,FAN-D01,Zone_B,2.34,1.19,51.1,1275.0,83.0,OK
2024-03-30 09:00:00,PUMP-A01,Zone_A,3.95,1.97,65.5,1860.0,82.8,OK
2024-03-30 09:00:00,PUMP-A02,Zone_A,2.46,1.23,59.4,1838.0,77.1,OK
2024-03-30 09:00:00,PUMP-B01,Zone_B,2.22,1.18,61.8,1903.0,89.0,OK
2024-03-30 09:00:00,COMP-C01,Zone_C,4.33,2.03,79.0,3823.0,78.7,OK
2024-03-30 09:00:00,COMP-C02,Zone_C,3.45,1.73,77.4,3800.0,77.9,OK
2024-03-30 09:00:00,FAN-D01,Zone_B,1.76,0.84,46.0,1296.0,81.1,OK
2024-03-30 10:00:00,PUMP-A01,Zone_A,4.03,1.81,63.1,1840.0,78.0,OK
2024-03-30 10:00:00,PUMP-A02,Zone_A,2.61,1.36,55.4,1808.0,73.4,OK
2024-03-30 10:00:00,PUMP-B01,Zone_B,2.45,1.26,60.7,1832.0,70.5,OK
2024-03-30 10:00:00,COMP-C01,Zone_C,4.47,2.31,80.5,3839.0,84.4,OK
2024-03-30 10:00:00,COMP-C02,Zone_C,3.12,1.49,75.7,3827.0,76.9,OK
2024-03-30 10:00:00,FAN-D01,Zone_B,1.76,0.75,48.0,1285.0,77.5,OK
2024-03-30 11:00:00,PUMP-A01,Zone_A,3.48,1.78,59.6,1812.0,72.0,OK
2024-03-30 11:00:00,PUMP-A02,Zone_A,2.78,1.45,62.6,1864.0,77.2,OK
2024-03-30 11:00:00,PUMP-B01,Zone_B,1.8,0.79,57.3,1827.0,75.4,OK
2024-03-30 11:00:00,COMP-C01,Zone_C,4.95,2.67,77.9,3835.0,76.4,OK
2024-03-30 11:00:00,COMP-C02,Zone_C,3.76,1.81,79.2,3712.0,71.3,OK
2024-03-30 11:00:00,FAN-D01,Zone_B,1.7,0.94,49.2,1237.0,76.9,OK
2024-03-30 12:00:00,PUMP-A01,Zone_A,4.29,2.09,62.8,1778.0,66.7,OK
2024-03-30 12:00:00,PUMP-A02,Zone_A,2.06,1.09,63.8,1832.0,75.5,OK
2024-03-30 12:00:00,PUMP-B01,Zone_B,2.45,1.4,61.7,1812.0,70.7,OK
2024-03-30 12:00:00,COMP-C01,Zone_C,4.37,2.16,78.4,3702.0,63.2,OK
2024-03-30 12:00:00,COMP-C02,Zone_C,3.95,1.71,77.0,3669.0,66.0,OK
2024-03-30 12:00:00,FAN-D01,Zone_B,1.29,0.5,44.5,1229.0,61.1,OK
2024-03-30 13:00:00,PUMP-A01,Zone_A,3.42,1.68,62.3,1809.0,79.8,OK
2024-03-30 13:00:00,PUMP-A02,Zone_A,2.49,1.24,59.1,1804.0,66.7,OK
2024-03-30 13:00:00,PUMP-B01,Zone_B,2.49,1.2,59.8,1841.0,71.3,OK
2024-03-30 13:00:00,COMP-C01,Zone_C,4.9,2.38,78.2,3674.0,67.9,OK
2024-03-30 13:00:00,COMP-C02,Zone_C,3.5,1.67,72.6,3695.0,68.2,OK
2024-03-30 13:00:00,FAN-D01,Zone_B,1.6,0.82,50.3,1241.0,63.4,OK
2024-03-30 14:00:00,PUMP-A01,Zone_A,3.4,1.66,64.5,1793.0,64.6,OK
2024-03-30 14:00:00,PUMP-A02,Zone_A,2.19,1.0,60.3,1791.0,65.5,OK
2024-03-30 14:00:00,PUMP-B01,Zone_B,2.26,1.06,58.9,1809.0,59.2,OK
2024-03-30 14:00:00,COMP-C01,Zone_C,4.49,2.35,80.2,3681.0,59.6,OK
2024-03-30 14:00:00,COMP-C02,Zone_C,3.07,1.51,76.8,3765.0,71.6,OK
2024-03-30 14:00:00,FAN-D01,Zone_B,1.59,0.75,46.6,1196.0,54.1,OK
2024-03-30 15:00:00,PUMP-A01,Zone_A,3.55,1.93,59.2,1757.0,63.8,OK
2024-03-30 15:00:00,PUMP-A02,Zone_A,2.33,1.11,59.0,1761.0,54.0,OK
2024-03-30 15:00:00,PUMP-B01,Zone_B,2.52,1.26,59.3,1774.0,59.0,OK
2024-03-30 15:00:00,COMP-C01,Zone_C,4.22,2.11,78.5,3638.0,57.8,OK
2024-03-30 15:00:00,COMP-C02,Zone_C,3.54,1.68,67.8,3666.0,56.3,OK
2024-03-30 15:00:00,FAN-D01,Zone_B,1.36,0.59,49.3,1207.0,62.1,OK
2024-03-30 16:00:00,PUMP-A01,Zone_A,4.02,1.82,60.0,1837.0,68.0,OK
2024-03-30 16:00:00,PUMP-A02,Zone_A,2.64,1.37,55.6,1793.0,60.5,OK
2024-03-30 16:00:00,PUMP-B01,Zone_B,2.38,1.35,57.4,1792.0,53.2,OK
2024-03-30 16:00:00,COMP-C01,Zone_C,4.04,1.88,80.6,3720.0,67.3,OK
2024-03-30 16:00:00,COMP-C02,Zone_C,3.71,1.84,79.7,3648.0,58.8,OK
2024-03-30 16:00:00,FAN-D01,Zone_B,2.04,0.94,48.0,1195.0,51.7,OK
2024-03-30 17:00:00,PUMP-A01,Zone_A,3.95,1.84,64.5,1765.0,52.6,OK
2024-03-30 17:00:00,PUMP-A02,Zone_A,2.41,1.22,60.7,1803.0,60.5,OK
2024-03-30 17:00:00,PUMP-B01,Zone_B,2.44,1.16,61.1,1764.0,57.8,OK
2024-03-30 17:00:00,COMP-C01,Zone_C,4.28,2.1,80.4,3713.0,61.7,OK
2024-03-30 17:00:00,COMP-C02,Zone_C,3.54,1.82,75.6,3718.0,66.5,OK
2024-03-30 17:00:00,FAN-D01,Zone_B,2.35,1.09,47.3,1241.0,59.3,OK
2024-03-30 18:00:00,PUMP-A01,Zone_A,3.69,1.84,60.7,1771.0,53.7,OK
2024-03-30 18:00:00,PUMP-A02,Zone_A,2.5,1.16,58.6,1739.0,52.7,OK
2024-03-30 18:00:00,PUMP-B01,Zone_B,2.16,1.06,55.6,1761.0,54.8,OK
2024-03-30 18:00:00,COMP-C01,Zone_C,4.66,2.4,80.6,3667.0,58.0,OK
2024-03-30 18:00:00,COMP-C02,Zone_C,3.17,1.46,76.1,3629.0,59.3,OK
2024-03-30 18:00:00,FAN-D01,Zone_B,1.64,0.77,47.0,1159.0,52.3,OK
2024-03-30 19:00:00,PUMP-A01,Zone_A,3.44,1.82,60.3,1814.0,57.8,OK
2024-03-30 19:00:00,PUMP-A02,Zone_A,2.41,1.32,55.8,1743.0,50.8,OK
2024-03-30 19:00:00,PUMP-B01,Zone_B,2.43,1.31,56.8,1759.0,51.8,OK
2024-03-30 19:00:00,COMP-C01,Zone_C,4.67,2.39,80.3,3706.0,62.4,OK
2024-03-30 19:00:00,COMP-C02,Zone_C,2.4,1.4,73.1,3609.0,55.5,OK
2024-03-30 19:00:00,FAN-D01,Zone_B,1.24,0.71,52.8,1217.0,56.1,OK
2024-03-30 20:00:00,PUMP-A01,Zone_A,4.0,1.98,63.7,1811.0,66.4,OK
2024-03-30 20:00:00,PUMP-A02,Zone_A,2.59,1.12,58.5,1824.0,64.2,OK
2024-03-30 20:00:00,PUMP-B01,Zone_B,2.18,1.11,58.0,1771.0,53.4,OK
2024-03-30 20:00:00,COMP-C01,Zone_C,4.27,2.04,73.0,3685.0,60.9,OK
2024-03-30 20:00:00,COMP-C02,Zone_C,2.69,1.47,75.5,3619.0,54.9,OK
2024-03-30 20:00:00,FAN-D01,Zone_B,1.86,0.86,46.3,1216.0,59.5,OK
2024-03-30 21:00:00,PUMP-A01,Zone_A,3.51,1.77,61.4,1787.0,63.4,OK
2024-03-30 21:00:00,PUMP-A02,Zone_A,2.85,1.46,61.1,1798.0,61.9,OK
2024-03-30 21:00:00,PUMP-B01,Zone_B,2.41,1.09,56.1,1809.0,55.6,OK
2024-03-30 21:00:00,COMP-C01,Zone_C,4.87,2.33,81.0,3732.0,66.8,OK
2024-03-30 21:00:00,COMP-C02,Zone_C,3.37,1.83,74.3,3605.0,51.5,OK
2024-03-30 21:00:00,FAN-D01,Zone_B,2.18,1.18,49.4,1193.0,57.7,OK
2024-03-30 22:00:00,PUMP-A01,Zone_A,3.67,1.71,60.2,1777.0,61.2,OK
2024-03-30 22:00:00,PUMP-A02,Zone_A,3.16,1.58,59.0,1820.0,56.3,OK
2024-03-30 22:00:00,PUMP-B01,Zone_B,2.62,1.44,56.7,1817.0,63.5,OK
2024-03-30 22:00:00,COMP-C01,Zone_C,5.07,2.71,79.9,3735.0,67.7,OK
2024-03-30 22:00:00,COMP-C02,Zone_C,3.69,1.82,75.1,3697.0,63.2,OK
2024-03-30 22:00:00,FAN-D01,Zone_B,1.79,0.89,49.5,1251.0,69.5,OK
2024-03-30 23:00:00,PUMP-A01,Zone_A,3.58,1.71,65.0,1834.0,67.9,OK
2024-03-30 23:00:00,PUMP-A02,Zone_A,2.0,0.87,55.2,1764.0,63.8,OK
2024-03-30 23:00:00,PUMP-B01,Zone_B,2.34,1.12,59.3,1788.0,63.4,OK
2024-03-30 23:00:00,COMP-C01,Zone_C,4.39,2.09,79.1,3772.0,72.4,OK
2024-03-30 23:00:00,COMP-C02,Zone_C,3.1,1.43,74.9,3628.0,56.0,OK
2024-03-30 23:00:00,FAN-D01,Zone_B,1.33,0.63,49.9,1240.0,64.8,OK
