freq_*,freq_v,freq_w,freq_z,freq_y,freq_u,freq_.,freq_x,unique_symbols,most_common_freq,most_common_symbol,trans_*_*,trans_*_v,trans_*_w,trans_*_z,trans_*_y,trans_*_u,trans_*_.,trans_*_x,trans_v_*,trans_v_v,trans_v_w,trans_v_z,trans_v_y,trans_v_u,trans_v_.,trans_v_x,trans_w_*,trans_w_v,trans_w_w,trans_w_z,trans_w_y,trans_w_u,trans_w_.,trans_w_x,trans_z_*,trans_z_v,trans_z_w,trans_z_z,trans_z_y,trans_z_u,trans_z_.,trans_z_x,trans_y_*,trans_y_v,trans_y_w,trans_y_z,trans_y_y,trans_y_u,trans_y_.,trans_y_x,trans_u_*,trans_u_v,trans_u_w,trans_u_z,trans_u_y,trans_u_u,trans_u_.,trans_u_x,trans_._*,trans_._v,trans_._w,trans_._z,trans_._y,trans_._u,trans_._.,trans_._x,trans_x_*,trans_x_v,trans_x_w,trans_x_z,trans_x_y,trans_x_u,trans_x_.,trans_x_x,ngram_2_**,ngram_2_*v,ngram_2_*w,ngram_2_*z,ngram_2_*y,ngram_2_*u,ngram_2_*.,ngram_2_*x,ngram_2_v*,ngram_2_vv,ngram_2_vw,ngram_2_vz,ngram_2_vy,ngram_2_vu,ngram_2_v.,ngram_2_vx,ngram_2_w*,ngram_2_wv,ngram_2_ww,ngram_2_wz,ngram_2_wy,ngram_2_wu,ngram_2_w.,ngram_2_wx,ngram_2_z*,ngram_2_zv,ngram_2_zw,ngram_2_zz,ngram_2_zy,ngram_2_zu,ngram_2_z.,ngram_2_zx,ngram_2_y*,ngram_2_yv,ngram_2_yw,ngram_2_yz,ngram_2_yy,ngram_2_yu,ngram_2_y.,ngram_2_yx,ngram_2_u*,ngram_2_uv,ngram_2_uw,ngram_2_uz,ngram_2_uy,ngram_2_uu,ngram_2_u.,ngram_2_ux,ngram_2_.*,ngram_2_.v,ngram_2_.w,ngram_2_.z,ngram_2_.y,ngram_2_.u,ngram_2_..,ngram_2_.x,ngram_2_x*,ngram_2_xv,ngram_2_xw,ngram_2_xz,ngram_2_xy,ngram_2_xu,ngram_2_x.,ngram_2_xx,entropy,max_entropy,norm_entropy,repeat_fraction,object_id,field_id,label
0.075,0.075,0.15,0.075,0.15,0.15,0.1,0.225,8,0.225,7,0.0,0.0,0.0,0.07692307692307693,0.0,0.0,0.0,0.0,0.0,0.0,0.05128205128205128,0.0,0.0,0.0,0.02564102564102564,0.0,0.0,0.0,0.02564102564102564,0.0,0.02564102564102564,0.05128205128205128,0.0,0.05128205128205128,0.0,0.02564102564102564,0.0,0.0,0.0,0.02564102564102564,0.0,0.02564102564102564,0.0,0.02564102564102564,0.02564102564102564,0.0,0.02564102564102564,0.02564102564102564,0.0,0.05128205128205128,0.02564102564102564,0.0,0.05128205128205128,0.0,0.02564102564102564,0.0,0.02564102564102564,0.02564102564102564,0.0,0.0,0.0,0.0,0.02564102564102564,0.05128205128205128,0.0,0.02564102564102564,0.05128205128205128,0.02564102564102564,0.0,0.0,0.05128205128205128,0.0,0.02564102564102564,0.05128205128205128,0.0,0.0,0.0,0.07692307692307693,0.0,0.0,0.0,0.0,0.0,0.0,0.05128205128205128,0.0,0.0,0.0,0.02564102564102564,0.0,0.0,0.0,0.02564102564102564,0.0,0.02564102564102564,0.05128205128205128,0.0,0.05128205128205128,0.0,0.02564102564102564,0.0,0.0,0.0,0.02564102564102564,0.0,0.02564102564102564,0.0,0.02564102564102564,0.02564102564102564,0.0,0.02564102564102564,0.02564102564102564,0.0,0.05128205128205128,0.02564102564102564,0.0,0.05128205128205128,0.0,0.02564102564102564,0.0,0.02564102564102564,0.02564102564102564,0.0,0.0,0.0,0.0,0.02564102564102564,0.05128205128205128,0.0,0.02564102564102564,0.05128205128205128,0.02564102564102564,0.0,0.0,0.05128205128205128,0.0,0.02564102564102564,0.05128205128205128,2.888845281576061,3.0,0.9629484271920203,0.10256410256410256,obj0,fld5,1
0.2,0.075,0.125,0.125,0.15,0.125,0.075,0.125,8,0.2,0,0.05128205128205128,0.0,0.0,0.02564102564102564,0.05128205128205128,0.0,0.02564102564102564,0.02564102564102564,0.0,0.0,0.0,0.02564102564102564,0.0,0.02564102564102564,0.02564102564102564,0.0,0.02564102564102564,0.02564102564102564,0.02564102564102564,0.0,0.0,0.02564102564102564,0.02564102564102564,0.0,0.0,0.02564102564102564,0.02564102564102564,0.02564102564102564,0.0,0.02564102564102564,0.0,0.02564102564102564,0.02564102564102564,0.02564102564102564,0.02564102564102564,0.0,0.0,0.05128205128205128,0.0,0.02564102564102564,0.02564102564102564,0.0,0.02564102564102564,0.02564102564102564,0.02564102564102564,0.0,0.0,0.02564102564102564,0.02564102564102564,0.0,0.0,0.0,0.05128205128205128,0.0,0.0,0.0,0.02564102564102564,0.0,0.02564102564102564,0.02564102564102564,0.02564102564102564,0.0,0.0,0.02564102564102564,0.05128205128205128,0.0,0.0,0.02564102564102564,0.05128205128205128,0.0,0.02564102564102564,0.02564102564102564,0.0,0.0,0.0,0.02564102564102564,0.0,0.02564102564102564,0.02564102564102564,0.0,0.02564102564102564,0.02564102564102564,0.02564102564102564,0.0,0.0,0.02564102564102564,0.02564102564102564,0.0,0.0,0.02564102564102564,0.02564102564102564,0.02564102564102564,0.0,0.02564102564102564,0.0,0.02564102564102564,0.02564102564102564,0.02564102564102564,0.02564102564102564,0.0,0.0,0.05128205128205128,0.0,0.02564102564102564,0.02564102564102564,0.0,0.02564102564102564,0.02564102564102564,0.02564102564102564,0.0,0.0,0.02564102564102564,0.02564102564102564,0.0,0.0,0.0,0.05128205128205128,0.0,0.0,0.0,0.02564102564102564,0.0,0.02564102564102564,0.02564102564102564,0.02564102564102564,0.0,0.0,0.02564102564102564,2.935475297227334,3.0,0.9784917657424447,0.1282051282051282,obj1,fld1,1
0.025,0.15,0.175,0.15,0.175,0.025,0.1,0.2,8,0.2,7,0.0,0.0,0.0,0.0,0.0,0.02564102564102564,0.0,0.0,0.0,0.0,0.05128205128205128,0.02564102564102564,0.05128205128205128,0.0,0.02564102564102564,0.0,0.0,0.02564102564102564,0.05128205128205128,0.0,0.02564102564102564,0.0,0.0,0.05128205128205128,0.0,0.0,0.0,0.02564102564102564,0.02564102564102564,0.0,0.0,0.10256410256410256,0.0,0.05128205128205128,0.07692307692307693,0.02564102564102564,0.0,0.0,0.02564102564102564,0.0,0.0,0.0,0.0,0.0,0.02564102564102564,0.0,0.0,0.0,0.02564102564102564,0.0,0.0,0.05128205128205128,0.0,0.0,0.02564102564102564,0.0,0.0,0.07692307692307693,0.0,0.0,0.05128205128205128,0.0,0.02564102564102564,0.05128205128205128,0.0,0.0,0.0,0.0,0.0,0.02564102564102564,0.0,0.0,0.0,0.0,0.05128205128205128,0.02564102564102564,0.05128205128205128,0.0,0.02564102564102564,0.0,0.0,0.02564102564102564,0.05128205128205128,0.0,0.02564102564102564,0.0,0.0,0.05128205128205128,0.0,0.0,0.0,0.02564102564102564,0.02564102564102564,0.0,0.0,0.10256410256410256,0.0,0.05128205128205128,0.07692307692307693,0.02564102564102564,0.0,0.0,0.02564102564102564,0.0,0.0,0.0,0.0,0.0,0.02564102564102564,0.0,0.0,0.0,0.02564102564102564,0.0,0.0,0.05128205128205128,0.0,0.0,0.02564102564102564,0.0,0.0,0.07692307692307693,0.0,0.0,0.05128205128205128,0.0,0.02564102564102564,0.05128205128205128,2.7638651219508534,3.0,0.9212883739836178,0.15384615384615385,obj2,fld1,0
0.225,0.075,0.15,0.075,0.125,0.1,0.125,0.125,8,0.225,0,0.07692307692307693,0.02564102564102564,0.05128205128205128,0.02564102564102564,0.02564102564102564,0.0,0.02564102564102564,0.0,0.05128205128205128,0.0,0.0,0.0,0.02564102564102564,0.0,0.0,0.0,0.0,0.0,0.0,0.02564102564102564,0.02564102564102564,0.0,0.05128205128205128,0.05128205128205128,0.0,0.0,0.05128205128205128,0.0,0.0,0.0,0.0,0.02564102564102564,0.02564102564102564,0.0,0.02564102564102564,0.02564102564102564,0.0,0.0,0.02564102564102564,0.02564102564102564,0.05128205128205128,0.0,0.0,0.0,0.0,0.02564102564102564,0.0,0.0,0.02564102564102564,0.0,0.02564102564102564,0.0,0.05128205128205128,0.0,0.0,0.02564102564102564,0.0,0.05128205128205128,0.0,0.0,0.0,0.05128205128205128,0.02564102564102564,0.0,0.07692307692307693,0.02564102564102564,0.05128205128205128,0.02564102564102564,0.02564102564102564,0.0,0.02564102564102564,0.0,0.05128205128205128,0.0,0.0,0.0,0.02564102564102564,0.0,0.0,0.0,0.0,0.0,0.0,0.02564102564102564,0.02564102564102564,0.0,0.05128205128205128,0.05128205128205128,0.0,0.0,0.05128205128205128,0.0,0.0,0.0,0.0,0.02564102564102564,0.02564102564102564,0.0,0.02564102564102564,0.02564102564102564,0.0,0.0,0.02564102564102564,0.02564102564102564,0.05128205128205128,0.0,0.0,0.0,0.0,0.02564102564102564,0.0,0.0,0.02564102564102564,0.0,0.02564102564102564,0.0,0.05128205128205128,0.0,0.0,0.02564102564102564,0.0,0.05128205128205128,0.0,0.0,0.0,0.05128205128205128,0.02564102564102564,0.0,2.9124831837637344,3.0,0.9708277279212448,0.10256410256410256,obj3,fld1,1
0.075,0.175,0.2,0.175,0.075,0.05,0.1,0.15,8,0.2,2,0.0,0.0,0.0,0.0,0.0,0.0,0.02564102564102564,0.02564102564102564,0.0,0.0,0.02564102564102564,0.02564102564102564,0.05128205128205128,0.0,0.05128205128205128,0.02564102564102564,0.05128205128205128,0.02564102564102564,0.02564102564102564,0.02564102564102564,0.02564102564102564,0.02564102564102564,0.0,0.02564102564102564,0.0,0.02564102564102564,0.05128205128205128,0.02564102564102564,0.0,0.02564102564102564,0.02564102564102564,0.02564102564102564,0.0,0.0,0.05128205128205128,0.02564102564102564,0.0,0.0,0.0,0.0,0.0,0.02564102564102564,0.0,0.02564102564102564,0.0,0.0,0.0,0.0,0.02564102564102564,0.02564102564102564,0.02564102564102564,0.02564102564102564,0.0,0.0,0.0,0.0,0.0,0.05128205128205128,0.02564102564102564,0.02564102564102564,0.0,0.0,0.0,0.05128205128205128,0.0,0.0,0.0,0.0,0.0,0.0,0.02564102564102564,0.02564102564102564,0.0,0.0,0.02564102564102564,0.02564102564102564,0.05128205128205128,0.0,0.05128205128205128,0.02564102564102564,0.05128205128205128,0.02564102564102564,0.02564102564102564,0.02564102564102564,0.02564102564102564,0.02564102564102564,0.0,0.02564102564102564,0.0,0.02564102564102564,0.05128205128205128,0.02564102564102564,0.0,0.02564102564102564,0.02564102564102564,0.02564102564102564,0.0,0.0,0.05128205128205128,0.02564102564102564,0.0,0.0,0.0,0.0,0.0,0.02564102564102564,0.0,0.02564102564102564,0.0,0.0,0.0,0.0,0.02564102564102564,0.02564102564102564,0.02564102564102564,0.02564102564102564,0.0,0.0,0.0,0.0,0.0,0.05128205128205128,0.02564102564102564,0.02564102564102564,0.0,0.0,0.0,0.05128205128205128,2.863865121950854,3.0,0.9546217073169513,0.10256410256410256,obj4,fld4,0
0.05,0.1,0.225,0.075,0.075,0.125,0.125,0.225,8,0.225,2,0.0,0.0,0.0,0.0,0.0,0.02564102564102564,0.0,0.0,0.0,0.02564102564102564,0.02564102564102564,0.0,0.0,0.0,0.0,0.05128205128205128,0.02564102564102564,0.0,0.02564102564102564,0.05128205128205128,0.02564102564102564,0.02564102564102564,0.07692307692307693,0.0,0.0,0.0,0.05128205128205128,0.0,0.0,0.02564102564102564,0.0,0.0,0.02564102564102564,0.0,0.02564102564102564,0.0,0.02564102564102564,0.0,0.0,0.0,0.0,0.05128205128205128,0.0,0.0,0.0,0.02564102564102564,0.05128205128205128,0.0,0.0,0.0,0.05128205128205128,0.0,0.0,0.0,0.0,0.07692307692307693,0.0,0.0,0.05128205128205128,0.02564102564102564,0.02564102564102564,0.02564102564102564,0.0,0.10256410256410256,0.0,0.0,0.0,0.0,0.0,0.02564102564102564,0.0,0.0,0.0,0.02564102564102564,0.02564102564102564,0.0,0.0,0.0,0.0,0.05128205128205128,0.02564102564102564,0.0,0.02564102564102564,0.05128205128205128,0.02564102564102564,0.02564102564102564,0.07692307692307693,0.0,0.0,0.0,0.05128205128205128,0.0,0.0,0.02564102564102564,0.0,0.0,0.02564102564102564,0.0,0.02564102564102564,0.0,0.02564102564102564,0.0,0.0,0.0,0.0,0.05128205128205128,0.0,0.0,0.0,0.02564102564102564,0.05128205128205128,0.0,0.0,0.0,0.05128205128205128,0.0,0.0,0.0,0.0,0.07692307692307693,0.0,0.0,0.05128205128205128,0.02564102564102564,0.02564102564102564,0.02564102564102564,0.0,0.10256410256410256,2.8272354454083075,3.0,0.9424118151361025,0.20512820512820512,obj5,fld4,0
0.2,0.15,0.075,0.15,0.1,0.2,0.05,0.075,8,0.2,5,0.02564102564102564,0.07692307692307693,0.0,0.0,0.05128205128205128,0.02564102564102564,0.0,0.0,0.05128205128205128,0.02564102564102564,0.0,0.0,0.0,0.05128205128205128,0.0,0.02564102564102564,0.05128205128205128,0.0,0.02564102564102564,0.0,0.0,0.0,0.0,0.0,0.0,0.0,0.05128205128205128,0.02564102564102564,0.0,0.02564102564102564,0.02564102564102564,0.02564102564102564,0.0,0.02564102564102564,0.0,0.02564102564102564,0.0,0.05128205128205128,0.0,0.0,0.07692307692307693,0.0,0.0,0.02564102564102564,0.05128205128205128,0.05128205128205128,0.0,0.0,0.0,0.0,0.0,0.02564102564102564,0.0,0.0,0.02564102564102564,0.0,0.0,0.02564102564102564,0.0,0.02564102564102564,0.0,0.0,0.0,0.02564102564102564,0.02564102564102564,0.07692307692307693,0.0,0.0,0.05128205128205128,0.02564102564102564,0.0,0.0,0.05128205128205128,0.02564102564102564,0.0,0.0,0.0,0.05128205128205128,0.0,0.02564102564102564,0.05128205128205128,0.0,0.02564102564102564,0.0,0.0,0.0,0.0,0.0,0.0,0.0,0.05128205128205128,0.02564102564102564,0.0,0.02564102564102564,0.02564102564102564,0.02564102564102564,0.0,0.02564102564102564,0.0,0.02564102564102564,0.0,0.05128205128205128,0.0,0.0,0.07692307692307693,0.0,0.0,0.02564102564102564,0.05128205128205128,0.05128205128205128,0.0,0.0,0.0,0.0,0.0,0.02564102564102564,0.0,0.0,0.02564102564102564,0.0,0.0,0.02564102564102564,0.0,0.02564102564102564,0.0,0.0,0.0,0.02564102564102564,2.8586949695628414,3.0,0.9528983231876138,0.20512820512820512,obj6,fld3,1
0.175,0.225,0.175,0.125,0.075,0.075,0.025,0.125,8,0.225,1,0.05128205128205128,0.02564102564102564,0.05128205128205128,0.0,0.0,0.0,0.0,0.05128205128205128,0.0,0.07692307692307693,0.05128205128205128,0.05128205128205128,0.02564102564102564,0.0,0.0,0.02564102564102564,0.02564102564102564,0.02564102564102564,0.0,0.05128205128205128,0.0,0.02564102564102564,0.0,0.02564102564102564,0.02564102564102564,0.05128205128205128,0.0,0.02564102564102564,0.0,0.0,0.0,0.02564102564102564,0.0,0.0,0.02564102564102564,0.0,0.02564102564102564,0.0,0.02564102564102564,0.0,0.0,0.05128205128205128,0.02564102564102564,0.0,0.0,0.0,0.0,0.0,0.02564102564102564,0.0,0.0,0.0,0.0,0.0,0.0,0.0,0.02564102564102564,0.0,0.02564102564102564,0.0,0.02564102564102564,0.05128205128205128,0.0,0.0,0.05128205128205128,0.02564102564102564,0.05128205128205128,0.0,0.0,0.0,0.0,0.05128205128205128,0.0,0.07692307692307693,0.05128205128205128,0.05128205128205128,0.02564102564102564,0.0,0.0,0.02564102564102564,0.02564102564102564,0.02564102564102564,0.0,0.05128205128205128,0.0,0.02564102564102564,0.0,0.02564102564102564,0.02564102564102564,0.05128205128205128,0.0,0.02564102564102564,0.0,0.0,0.0,0.02564102564102564,0.0,0.0,0.02564102564102564,0.0,0.02564102564102564,0.0,0.02564102564102564,0.0,0.0,0.05128205128205128,0.02564102564102564,0.0,0.0,0.0,0.0,0.0,0.02564102564102564,0.0,0.0,0.0,0.0,0.0,0.0,0.0,0.02564102564102564,0.0,0.02564102564102564,0.0,0.02564102564102564,0.05128205128205128,0.0,0.0,2.8078943480126664,3.0,0.9359647826708888,0.1794871794871795,obj7,fld2,1
0.15,0.15,0.1,0.125,0.175,0.1,0.1,0.1,8,0.175,4,0.0,0.02564102564102564,0.0,0.0,0.05128205128205128,0.05128205128205128,0.0,0.0,0.05128205128205128,0.05128205128205128,0.0,0.0,0.0,0.02564102564102564,0.0,0.02564102564102564,0.0,0.0,0.02564102564102564,0.05128205128205128,0.0,0.0,0.0,0.02564102564102564,0.05128205128205128,0.02564102564102564,0.0,0.0,0.02564102564102564,0.0,0.02564102564102564,0.0,0.02564102564102564,0.02564102564102564,0.02564102564102564,0.02564102564102564,0.02564102564102564,0.02564102564102564,0.02564102564102564,0.0,0.0,0.0,0.02564102564102564,0.0,0.02564102564102564,0.0,0.02564102564102564,0.02564102564102564,0.0,0.0,0.0,0.02564102564102564,0.05128205128205128,0.0,0.02564102564102564,0.0,0.0,0.02564102564102564,0.02564102564102564,0.02564102564102564,0.0,0.0,0.0,0.02564102564102564,0.0,0.02564102564102564,0.0,0.0,0.05128205128205128,0.05128205128205128,0.0,0.0,0.05128205128205128,0.05128205128205128,0.0,0.0,0.0,0.02564102564102564,0.0,0.02564102564102564,0.0,0.0,0.02564102564102564,0.05128205128205128,0.0,0.0,0.0,0.02564102564102564,0.05128205128205128,0.02564102564102564,0.0,0.0,0.02564102564102564,0.0,0.02564102564102564,0.0,0.02564102564102564,0.02564102564102564,0.02564102564102564,0.02564102564102564,0.02564102564102564,0.02564102564102564,0.02564102564102564,0.0,0.0,0.0,0.02564102564102564,0.0,0.02564102564102564,0.0,0.02564102564102564,0.02564102564102564,0.0,0.0,0.0,0.02564102564102564,0.05128205128205128,0.0,0.02564102564102564,0.0,0.0,0.02564102564102564,0.02564102564102564,0.02564102564102564,0.0,0.0,0.0,0.02564102564102564,2.9649112214500146,3.0,0.9883037404833382,0.15384615384615385,obj8,fld4,0
0.075,0.125,0.075,0.075,0.05,0.175,0.25,0.175,8,0.25,6,0.0,0.0,0.02564102564102564,0.0,0.0,0.02564102564102564,0.02564102564102564,0.0,0.0,0.02564102564102564,0.0,0.0,0.0,0.02564102564102564,0.02564102564102564,0.05128205128205128,0.0,0.0,0.02564102564102564,0.0,0.0,0.0,0.05128205128205128,0.0,0.0,0.02564102564102564,0.0,0.0,0.0,0.0,0.02564102564102564,0.02564102564102564,0.02564102564102564,0.0,0.0,0.0,0.0,0.02564102564102564,0.0,0.0,0.0,0.0,0.0,0.0,0.05128205128205128,0.02564102564102564,0.02564102564102564,0.05128205128205128,0.02564102564102564,0.07692307692307693,0.0,0.02564102564102564,0.0,0.05128205128205128,0.05128205128205128,0.02564102564102564,0.02564102564102564,0.0,0.0,0.05128205128205128,0.0,0.02564102564102564,0.05128205128205128,0.02564102564102564,0.0,0.0,0.02564102564102564,0.0,0.0,0.02564102564102564,0.02564102564102564,0.0,0.0,0.02564102564102564,0.0,0.0,0.0,0.02564102564102564,0.02564102564102564,0.05128205128205128,0.0,0.0,0.02564102564102564,0.0,0.0,0.0,0.05128205128205128,0.0,0.0,0.02564102564102564,0.0,0.0,0.0,0.0,0.02564102564102564,0.02564102564102564,0.02564102564102564,0.0,0.0,0.0,0.0,0.02564102564102564,0.0,0.0,0.0,0.0,0.0,0.0,0.05128205128205128,0.02564102564102564,0.02564102564102564,0.05128205128205128,0.02564102564102564,0.07692307692307693,0.0,0.02564102564102564,0.0,0.05128205128205128,0.05128205128205128,0.02564102564102564,0.02564102564102564,0.0,0.0,0.05128205128205128,0.0,0.02564102564102564,0.05128205128205128,0.02564102564102564,2.8120142739221796,3.0,0.9373380913073932,0.15384615384615385,obj9,fld2,0
0.125,0.075,0.125,0.125,0.075,0.125,0.225,0.125,8,0.225,6,0.0,0.0,0.02564102564102564,0.0,0.0,0.02564102564102564,0.02564102564102564,0.05128205128205128,0.0,0.0,0.0,0.0,0.0,0.02564102564102564,0.05128205128205128,0.0,0.02564102564102564,0.0,0.02564102564102564,0.0,0.0,0.0,0.07692307692307693,0.0,0.0,0.02564102564102564,0.02564102564102564,0.02564102564102564,0.0,0.02564102564102564,0.0,0.02564102564102564,0.02564102564102564,0.0,0.0,0.0,0.0,0.0,0.02564102564102564,0.02564102564102564,0.02564102564102564,0.0,0.02564102564102564,0.02564102564102564,0.0,0.02564102564102564,0.02564102564102564,0.0,0.05128205128205128,0.0,0.02564102564102564,0.02564102564102564,0.05128205128205128,0.02564102564102564,0.02564102564102564,0.02564102564102564,0.0,0.05128205128205128,0.0,0.02564102564102564,0.02564102564102564,0.0,0.0,0.0,0.0,0.0,0.02564102564102564,0.0,0.0,0.02564102564102564,0.02564102564102564,0.05128205128205128,0.0,0.0,0.0,0.0,0.0,0.02564102564102564,0.05128205128205128,0.0,0.02564102564102564,0.0,0.02564102564102564,0.0,0.0,0.0,0.07692307692307693,0.0,0.0,0.02564102564102564,0.02564102564102564,0.02564102564102564,0.0,0.02564102564102564,0.0,0.02564102564102564,0.02564102564102564,0.0,0.0,0.0,0.0,0.0,0.02564102564102564,0.02564102564102564,0.02564102564102564,0.0,0.02564102564102564,0.02564102564102564,0.0,0.02564102564102564,0.02564102564102564,0.0,0.05128205128205128,0.0,0.02564102564102564,0.02564102564102564,0.05128205128205128,0.02564102564102564,0.02564102564102564,0.02564102564102564,0.0,0.05128205128205128,0.0,0.02564102564102564,0.02564102564102564,0.0,0.0,0.0,2.9197455351500667,3.0,0.9732485117166889,0.10256410256410256,obj10,fld4,1
0.125,0.15,0.175,0.1,0.15,0.1,0.125,0.075,8,0.175,2,0.0,0.0,0.02564102564102564,0.05128205128205128,0.0,0.0,0.0,0.05128205128205128,0.02564102564102564,0.02564102564102564,0.0,0.0,0.05128205128205128,0.02564102564102564,0.0,0.0,0.0,0.0,0.05128205128205128,0.0,0.05128205128205128,0.0,0.07692307692307693,0.0,0.02564102564102564,0.0,0.02564102564102564,0.0,0.0,0.05128205128205128,0.0,0.0,0.02564102564102564,0.10256410256410256,0.0,0.0,0.0,0.0,0.02564102564102564,0.0,0.02564102564102564,0.0,0.02564102564102564,0.0,0.02564102564102564,0.0,0.02564102564102564,0.0,0.0,0.02564102564102564,0.05128205128205128,0.0,0.02564102564102564,0.0,0.0,0.02564102564102564,0.02564102564102564,0.0,0.0,0.05128205128205128,0.0,0.0,0.0,0.0,0.0,0.0,0.02564102564102564,0.05128205128205128,0.0,0.0,0.0,0.05128205128205128,0.02564102564102564,0.02564102564102564,0.0,0.0,0.05128205128205128,0.02564102564102564,0.0,0.0,0.0,0.0,0.05128205128205128,0.0,0.05128205128205128,0.0,0.07692307692307693,0.0,0.02564102564102564,0.0,0.02564102564102564,0.0,0.0,0.05128205128205128,0.0,0.0,0.02564102564102564,0.10256410256410256,0.0,0.0,0.0,0.0,0.02564102564102564,0.0,0.02564102564102564,0.0,0.02564102564102564,0.0,0.02564102564102564,0.0,0.02564102564102564,0.0,0.0,0.02564102564102564,0.05128205128205128,0.0,0.02564102564102564,0.0,0.0,0.02564102564102564,0.02564102564102564,0.0,0.0,0.05128205128205128,0.0,0.0,0.0,0.0,2.9557980220350073,3.0,0.9852660073450025,0.07692307692307693,obj11,fld1,0
0.1,0.1,0.2,0.1,0.1,0.225,0.05,0.125,8,0.225,5,0.0,0.0,0.0,0.05128205128205128,0.0,0.0,0.02564102564102564,0.0,0.02564102564102564,0.0,0.02564102564102564,0.02564102564102564,0.0,0.0,0.0,0.02564102564102564,0.0,0.05128205128205128,0.02564102564102564,0.0,0.02564102564102564,0.02564102564102564,0.0,0.07692307692307693,0.0,0.02564102564102564,0.0,0.0,0.0,0.05128205128205128,0.0,0.02564102564102564,0.02564102564102564,0.0,0.07692307692307693,0.0,0.0,0.0,0.0,0.0,0.02564102564102564,0.0,0.07692307692307693,0.0,0.05128205128205128,0.07692307692307693,0.0,0.0,0.0,0.0,0.0,0.02564102564102564,0.0,0.02564102564102564,0.0,0.0,0.02564102564102564,0.02564102564102564,0.0,0.0,0.02564102564102564,0.02564102564102564,0.02564102564102564,0.0,0.0,0.0,0.0,0.05128205128205128,0.0,0.0,0.02564102564102564,0.0,0.02564102564102564,0.0,0.02564102564102564,0.02564102564102564,0.0,0.0,0.0,0.02564102564102564,0.0,0.05128205128205128,0.02564102564102564,0.0,0.02564102564102564,0.02564102564102564,0.0,0.07692307692307693,0.0,0.02564102564102564,0.0,0.0,0.0,0.05128205128205128,0.0,0.02564102564102564,0.02564102564102564,0.0,0.07692307692307693,0.0,0.0,0.0,0.0,0.0,0.02564102564102564,0.0,0.07692307692307693,0.0,0.05128205128205128,0.07692307692307693,0.0,0.0,0.0,0.0,0.0,0.02564102564102564,0.0,0.02564102564102564,0.0,0.0,0.02564102564102564,0.02564102564102564,0.0,0.0,0.02564102564102564,0.02564102564102564,0.02564102564102564,0.0,2.8684539577019215,3.0,0.9561513192339738,0.10256410256410256,obj12,fld1,0
0.125,0.15,0.1,0.125,0.075,0.2,0.1,0.125,8,0.2,5,0.0,0.0,0.02564102564102564,0.02564102564102564,0.0,0.05128205128205128,0.0,0.02564102564102564,0.02564102564102564,0.02564102564102564,0.02564102564102564,0.0,0.0,0.0,0.05128205128205128,0.02564102564102564,0.0,0.0,0.02564102564102564,0.0,0.0,0.02564102564102564,0.02564102564102564,0.02564102564102564,0.02564102564102564,0.05128205128205128,0.02564102564102564,0.02564102564102564,0.0,0.0,0.0,0.0,0.02564102564102564,0.02564102564102564,0.0,0.0,0.0,0.0,0.0,0.02564102564102564,0.02564102564102564,0.0,0.0,0.02564102564102564,0.05128205128205128,0.07692307692307693,0.0,0.0,0.0,0.02564102564102564,0.0,0.02564102564102564,0.0,0.02564102564102564,0.0,0.02564102564102564,0.0,0.02564102564102564,0.0,0.02564102564102564,0.02564102564102564,0.02564102564102564,0.02564102564102564,0.0,0.0,0.0,0.02564102564102564,0.02564102564102564,0.0,0.05128205128205128,0.0,0.02564102564102564,0.02564102564102564,0.02564102564102564,0.02564102564102564,0.0,0.0,0.0,0.05128205128205128,0.02564102564102564,0.0,0.0,0.02564102564102564,0.0,0.0,0.02564102564102564,0.02564102564102564,0.02564102564102564,0.02564102564102564,0.05128205128205128,0.02564102564102564,0.02564102564102564,0.0,0.0,0.0,0.0,0.02564102564102564,0.02564102564102564,0.0,0.0,0.0,0.0,0.0,0.02564102564102564,0.02564102564102564,0.0,0.0,0.02564102564102564,0.05128205128205128,0.07692307692307693,0.0,0.0,0.0,0.02564102564102564,0.0,0.02564102564102564,0.0,0.02564102564102564,0.0,0.02564102564102564,0.0,0.02564102564102564,0.0,0.02564102564102564,0.02564102564102564,0.02564102564102564,0.02564102564102564,0.0,2.9445884966423415,3.0,0.9815294988807804,0.15384615384615385,obj13,fld2,1
0.225,0.15,0.125,0.025,0.075,0.075,0.15,0.175,8,0.225,0,0.05128205128205128,0.10256410256410256,0.0,0.0,0.0,0.02564102564102564,0.02564102564102564,0.0,0.0,0.0,0.05128205128205128,0.02564102564102564,0.0,0.0,0.02564102564102564,0.05128205128205128,0.02564102564102564,0.0,0.02564102564102564,0.0,0.02564102564102564,0.02564102564102564,0.02564102564102564,0.0,0.0,0.02564102564102564,0.0,0.0,0.0,0.0,0.0,0.0,0.0,0.0,0.0,0.0,0.0,0.02564102564102564,0.0,0.05128205128205128,0.02564102564102564,0.0,0.02564102564102564,0.0,0.0,0.0,0.0,0.02564102564102564,0.02564102564102564,0.02564102564102564,0.02564102564102564,0.0,0.0,0.0,0.05128205128205128,0.02564102564102564,0.07692307692307693,0.0,0.0,0.0,0.05128205128205128,0.0,0.02564102564102564,0.02564102564102564,0.05128205128205128,0.10256410256410256,0.0,0.0,0.0,0.02564102564102564,0.02564102564102564,0.0,0.0,0.0,0.05128205128205128,0.02564102564102564,0.0,0.0,0.02564102564102564,0.05128205128205128,0.02564102564102564,0.0,0.02564102564102564,0.0,0.02564102564102564,0.02564102564102564,0.02564102564102564,0.0,0.0,0.02564102564102564,0.0,0.0,0.0,0.0,0.0,0.0,0.0,0.0,0.0,0.0,0.0,0.02564102564102564,0.0,0.05128205128205128,0.02564102564102564,0.0,0.02564102564102564,0.0,0.0,0.0,0.0,0.02564102564102564,0.02564102564102564,0.02564102564102564,0.02564102564102564,0.0,0.0,0.0,0.05128205128205128,0.02564102564102564,0.07692307692307693,0.0,0.0,0.0,0.05128205128205128,0.0,0.02564102564102564,0.02564102564102564,2.813933721017321,3.0,0.9379779070057737,0.15384615384615385,obj14,fld5,1
0.075,0.2,0.2,0.25,0.025,0.05,0.15,0.05,8,0.25,3,0.0,0.0,0.02564102564102564,0.02564102564102564,0.0,0.0,0.02564102564102564,0.0,0.05128205128205128,0.0,0.02564102564102564,0.0,0.02564102564102564,0.0,0.07692307692307693,0.0,0.0,0.05128205128205128,0.05128205128205128,0.07692307692307693,0.0,0.0,0.02564102564102564,0.0,0.0,0.10256410256410256,0.02564102564102564,0.10256410256410256,0.0,0.02564102564102564,0.0,0.0,0.0,0.02564102564102564,0.0,0.0,0.0,0.0,0.0,0.0,0.0,0.0,0.0,0.0,0.0,0.0,0.02564102564102564,0.02564102564102564,0.0,0.02564102564102564,0.05128205128205128,0.02564102564102564,0.0,0.02564102564102564,0.0,0.02564102564102564,0.0,0.0,0.02564102564102564,0.02564102564102564,0.0,0.0,0.0,0.0,0.0,0.0,0.02564102564102564,0.02564102564102564,0.0,0.0,0.02564102564102564,0.0,0.05128205128205128,0.0,0.02564102564102564,0.0,0.02564102564102564,0.0,0.07692307692307693,0.0,0.0,0.05128205128205128,0.05128205128205128,0.07692307692307693,0.0,0.0,0.02564102564102564,0.0,0.0,0.10256410256410256,0.02564102564102564,0.10256410256410256,0.0,0.02564102564102564,0.0,0.0,0.0,0.02564102564102564,0.0,0.0,0.0,0.0,0.0,0.0,0.0,0.0,0.0,0.0,0.0,0.0,0.02564102564102564,0.02564102564102564,0.0,0.02564102564102564,0.05128205128205128,0.02564102564102564,0.0,0.02564102564102564,0.0,0.02564102564102564,0.0,0.0,0.02564102564102564,0.02564102564102564,0.0,0.0,0.0,0.0,2.6848295085032614,3.0,0.8949431695010871,0.15384615384615385,obj15,fld1,0
0.15,0.125,0.15,0.075,0.15,0.15,0.1,0.1,8,0.15,4,0.02564102564102564,0.0,0.0,0.02564102564102564,0.02564102564102564,0.02564102564102564,0.05128205128205128,0.0,0.05128205128205128,0.0,0.0,0.0,0.0,0.02564102564102564,0.0,0.05128205128205128,0.02564102564102564,0.02564102564102564,0.0,0.0,0.02564102564102564,0.05128205128205128,0.0,0.0,0.02564102564102564,0.0,0.02564102564102564,0.0,0.0,0.02564102564102564,0.0,0.0,0.0,0.05128205128205128,0.02564102564102564,0.05128205128205128,0.0,0.0,0.0,0.02564102564102564,0.0,0.02564102564102564,0.02564102564102564,0.0,0.05128205128205128,0.0,0.05128205128205128,0.0,0.02564102564102564,0.0,0.02564102564102564,0.0,0.0,0.02564102564102564,0.0,0.02564102564102564,0.0,0.02564102564102564,0.05128205128205128,0.0,0.02564102564102564,0.0,0.0,0.0,0.02564102564102564,0.0,0.0,0.02564102564102564,0.02564102564102564,0.02564102564102564,0.05128205128205128,0.0,0.05128205128205128,0.0,0.0,0.0,0.0,0.02564102564102564,0.0,0.05128205128205128,0.02564102564102564,0.02564102564102564,0.0,0.0,0.02564102564102564,0.05128205128205128,0.0,0.0,0.02564102564102564,0.0,0.02564102564102564,0.0,0.0,0.02564102564102564,0.0,0.0,0.0,0.05128205128205128,0.02564102564102564,0.05128205128205128,0.0,0.0,0.0,0.02564102564102564,0.0,0.02564102564102564,0.02564102564102564,0.0,0.05128205128205128,0.0,0.05128205128205128,0.0,0.02564102564102564,0.0,0.02564102564102564,0.0,0.0,0.02564102564102564,0.0,0.02564102564102564,0.0,0.02564102564102564,0.05128205128205128,0.0,0.02564102564102564,0.0,0.0,0.0,2.961837395039662,3.0,0.9872791316798873,0.02564102564102564,obj16,fld4,1
0.15,0.075,0.1,0.1,0.175,0.05,0.225,0.125,8,0.225,6,0.0,0.02564102564102564,0.02564102564102564,0.0,0.05128205128205128,0.0,0.02564102564102564,0.02564102564102564,0.02564102564102564,0.0,0.0,0.02564102564102564,0.02564102564102564,0.0,0.0,0.0,0.02564102564102564,0.0,0.0,0.0,0.02564102564102564,0.02564102564102564,0.02564102564102564,0.0,0.0,0.0,0.02564102564102564,0.0,0.02564102564102564,0.0,0.02564102564102564,0.02564102564102564,0.02564102564102564,0.0,0.0,0.02564102564102564,0.0,0.0,0.07692307692307693,0.05128205128205128,0.0,0.0,0.02564102564102564,0.0,0.02564102564102564,0.0,0.0,0.0,0.05128205128205128,0.05128205128205128,0.0,0.02564102564102564,0.0,0.02564102564102564,0.05128205128205128,0.0,0.02564102564102564,0.0,0.02564102564102564,0.02564102564102564,0.0,0.0,0.02564102564102564,0.02564102564102564,0.0,0.02564102564102564,0.02564102564102564,0.0,0.05128205128205128,0.0,0.02564102564102564,0.02564102564102564,0.02564102564102564,0.0,0.0,0.02564102564102564,0.02564102564102564,0.0,0.0,0.0,0.02564102564102564,0.0,0.0,0.0,0.02564102564102564,0.02564102564102564,0.02564102564102564,0.0,0.0,0.0,0.02564102564102564,0.0,0.02564102564102564,0.0,0.02564102564102564,0.02564102564102564,0.02564102564102564,0.0,0.0,0.02564102564102564,0.0,0.0,0.07692307692307693,0.05128205128205128,0.0,0.0,0.02564102564102564,0.0,0.02564102564102564,0.0,0.0,0.0,0.05128205128205128,0.05128205128205128,0.0,0.02564102564102564,0.0,0.02564102564102564,0.05128205128205128,0.0,0.02564102564102564,0.0,0.02564102564102564,0.02564102564102564,0.0,0.0,0.02564102564102564,0.02564102564102564,2.870550283679581,3.0,0.9568500945598603,0.07692307692307693,obj17,fld3,1
0.075,0.05,0.2,0.15,0.05,0.125,0.225,0.125,8,0.225,6,0.0,0.0,0.0,0.0,0.02564102564102564,0.0,0.05128205128205128,0.0,0.0,0.0,0.0,0.0,0.0,0.02564102564102564,0.0,0.02564102564102564,0.0,0.0,0.0,0.05128205128205128,0.0,0.02564102564102564,0.05128205128205128,0.05128205128205128,0.02564102564102564,0.0,0.02564102564102564,0.02564102564102564,0.0,0.0,0.05128205128205128,0.02564102564102564,0.0,0.0,0.02564102564102564,0.0,0.0,0.0,0.0,0.02564102564102564,0.02564102564102564,0.0,0.07692307692307693,0.0,0.02564102564102564,0.0,0.0,0.0,0.02564102564102564,0.02564102564102564,0.05128205128205128,0.02564102564102564,0.0,0.07692307692307693,0.02564102564102564,0.0,0.0,0.02564102564102564,0.02564102564102564,0.02564102564102564,0.0,0.0,0.05128205128205128,0.0,0.0,0.0,0.0,0.0,0.02564102564102564,0.0,0.05128205128205128,0.0,0.0,0.0,0.0,0.0,0.0,0.02564102564102564,0.0,0.02564102564102564,0.0,0.0,0.0,0.05128205128205128,0.0,0.02564102564102564,0.05128205128205128,0.05128205128205128,0.02564102564102564,0.0,0.02564102564102564,0.02564102564102564,0.0,0.0,0.05128205128205128,0.02564102564102564,0.0,0.0,0.02564102564102564,0.0,0.0,0.0,0.0,0.02564102564102564,0.02564102564102564,0.0,0.07692307692307693,0.0,0.02564102564102564,0.0,0.0,0.0,0.02564102564102564,0.02564102564102564,0.05128205128205128,0.02564102564102564,0.0,0.07692307692307693,0.02564102564102564,0.0,0.0,0.02564102564102564,0.02564102564102564,0.02564102564102564,0.0,0.0,0.05128205128205128,0.0,2.821596383178741,3.0,0.9405321277262471,0.05128205128205128,obj18,fld5,0
0.125,0.15,0.05,0.15,0.175,0.1,0.15,0.1,8,0.175,4,0.0,0.02564102564102564,0.0,0.02564102564102564,0.0,0.02564102564102564,0.02564102564102564,0.02564102564102564,0.02564102564102564,0.05128205128205128,0.0,0.02564102564102564,0.02564102564102564,0.0,0.0,0.02564102564102564,0.0,0.0,0.0,0.0,0.02564102564102564,0.02564102564102564,0.0,0.0,0.0,0.0,0.02564102564102564,0.02564102564102564,0.0,0.02564102564102564,0.02564102564102564,0.02564102564102564,0.10256410256410256,0.02564102564102564,0.0,0.0,0.02564102564102564,0.02564102564102564,0.0,0.0,0.0,0.02564102564102564,0.0,0.0,0.02564102564102564,0.0,0.05128205128205128,0.0,0.0,0.0,0.0,0.07692307692307693,0.05128205128205128,0.0,0.02564102564102564,0.0,0.0,0.02564102564102564,0.02564102564102564,0.0,0.02564102564102564,0.0,0.0,0.02564102564102564,0.0,0.02564102564102564,0.0,0.02564102564102564,0.0,0.02564102564102564,0.02564102564102564,0.02564102564102564,0.02564102564102564,0.05128205128205128,0.0,0.02564102564102564,0.02564102564102564,0.0,0.0,0.02564102564102564,0.0,0.0,0.0,0.0,0.02564102564102564,0.02564102564102564,0.0,0.0,0.0,0.0,0.02564102564102564,0.02564102564102564,0.0,0.02564102564102564,0.02564102564102564,0.02564102564102564,0.10256410256410256,0.02564102564102564,0.0,0.0,0.02564102564102564,0.02564102564102564,0.0,0.0,0.0,0.02564102564102564,0.0,0.0,0.02564102564102564,0.0,0.05128205128205128,0.0,0.0,0.0,0.0,0.07692307692307693,0.05128205128205128,0.0,0.02564102564102564,0.0,0.0,0.02564102564102564,0.02564102564102564,0.0,0.02564102564102564,0.0,0.0,0.02564102564102564,2.9271668463418408,3.0,0.975722282113947,0.15384615384615385,obj19,fld1,0
0.125,0.15,0.125,0.175,0.15,0.1,0.075,0.1,8,0.175,3,0.0,0.05128205128205128,0.0,0.02564102564102564,0.0,0.0,0.05128205128205128,0.0,0.02564102564102564,0.0,0.05128205128205128,0.0,0.02564102564102564,0.0,0.0,0.05128205128205128,0.05128205128205128,0.02564102564102564,0.0,0.05128205128205128,0.0,0.0,0.0,0.0,0.0,0.02564102564102564,0.02564102564102564,0.0,0.02564102564102564,0.07692307692307693,0.0,0.02564102564102564,0.0,0.02564102564102564,0.0,0.02564102564102564,0.05128205128205128,0.0,0.02564102564102564,0.0,0.0,0.0,0.05128205128205128,0.0,0.02564102564102564,0.02564102564102564,0.0,0.0,0.02564102564102564,0.0,0.0,0.02564102564102564,0.02564102564102564,0.0,0.0,0.0,0.02564102564102564,0.02564102564102564,0.0,0.05128205128205128,0.0,0.0,0.0,0.0,0.0,0.05128205128205128,0.0,0.02564102564102564,0.0,0.0,0.05128205128205128,0.0,0.02564102564102564,0.0,0.05128205128205128,0.0,0.02564102564102564,0.0,0.0,0.05128205128205128,0.05128205128205128,0.02564102564102564,0.0,0.05128205128205128,0.0,0.0,0.0,0.0,0.0,0.02564102564102564,0.02564102564102564,0.0,0.02564102564102564,0.07692307692307693,0.0,0.02564102564102564,0.0,0.02564102564102564,0.0,0.02564102564102564,0.05128205128205128,0.0,0.02564102564102564,0.0,0.0,0.0,0.05128205128205128,0.0,0.02564102564102564,0.02564102564102564,0.0,0.0,0.02564102564102564,0.0,0.0,0.02564102564102564,0.02564102564102564,0.0,0.0,0.0,0.02564102564102564,0.02564102564102564,0.0,0.05128205128205128,0.0,0.0,0.0,0.0,2.9557980220350073,3.0,0.9852660073450025,0.07692307692307693,obj20,fld1,1
0.05,0.075,0.075,0.125,0.125,0.25,0.075,0.225,8,0.25,5,0.0,0.0,0.0,0.0,0.02564102564102564,0.0,0.0,0.02564102564102564,0.02564102564102564,0.0,0.0,0.0,0.0,0.02564102564102564,0.0,0.02564102564102564,0.0,0.0,0.0,0.0,0.0,0.02564102564102564,0.0,0.05128205128205128,0.0,0.02564102564102564,0.0,0.02564102564102564,0.02564102564102564,0.0,0.02564102564102564,0.02564102564102564,0.0,0.0,0.05128205128205128,0.0,0.0,0.07692307692307693,0.0,0.0,0.0,0.02564102564102564,0.0,0.05128205128205128,0.05128205128205128,0.05128205128205128,0.0,0.07692307692307693,0.0,0.0,0.0,0.0,0.0,0.05128205128205128,0.0,0.0,0.02564102564102564,0.02564102564102564,0.02564102564102564,0.05128205128205128,0.02564102564102564,0.02564102564102564,0.02564102564102564,0.02564102564102564,0.0,0.0,0.0,0.0,0.02564102564102564,0.0,0.0,0.02564102564102564,0.02564102564102564,0.0,0.0,0.0,0.0,0.02564102564102564,0.0,0.02564102564102564,0.0,0.0,0.0,0.0,0.0,0.02564102564102564,0.0,0.05128205128205128,0.0,0.02564102564102564,0.0,0.02564102564102564,0.02564102564102564,0.0,0.02564102564102564,0.02564102564102564,0.0,0.0,0.05128205128205128,0.0,0.0,0.07692307692307693,0.0,0.0,0.0,0.02564102564102564,0.0,0.05128205128205128,0.05128205128205128,0.05128205128205128,0.0,0.07692307692307693,0.0,0.0,0.0,0.0,0.0,0.05128205128205128,0.0,0.0,0.02564102564102564,0.02564102564102564,0.02564102564102564,0.05128205128205128,0.02564102564102564,0.02564102564102564,0.02564102564102564,0.02564102564102564,2.791114359456901,3.0,0.9303714531523003,0.10256410256410256,obj21,fld5,1
0.125,0.15,0.15,0.15,0.125,0.125,0.05,0.125,8,0.15,1,0.0,0.0,0.02564102564102564,0.0,0.02564102564102564,0.0,0.0,0.07692307692307693,0.0,0.05128205128205128,0.02564102564102564,0.02564102564102564,0.02564102564102564,0.02564102564102564,0.0,0.0,0.02564102564102564,0.02564102564102564,0.02564102564102564,0.0,0.02564102564102564,0.02564102564102564,0.02564102564102564,0.0,0.02564102564102564,0.0,0.02564102564102564,0.02564102564102564,0.02564102564102564,0.05128205128205128,0.0,0.0,0.02564102564102564,0.02564102564102564,0.0,0.07692307692307693,0.0,0.0,0.0,0.0,0.02564102564102564,0.0,0.05128205128205128,0.02564102564102564,0.0,0.0,0.0,0.02564102564102564,0.0,0.02564102564102564,0.0,0.0,0.0,0.0,0.02564102564102564,0.0,0.0,0.02564102564102564,0.0,0.0,0.02564102564102564,0.02564102564102564,0.0,0.02564102564102564,0.0,0.0,0.02564102564102564,0.0,0.02564102564102564,0.0,0.0,0.07692307692307693,0.0,0.05128205128205128,0.02564102564102564,0.02564102564102564,0.02564102564102564,0.02564102564102564,0.0,0.0,0.02564102564102564,0.02564102564102564,0.02564102564102564,0.0,0.02564102564102564,0.02564102564102564,0.02564102564102564,0.0,0.02564102564102564,0.0,0.02564102564102564,0.02564102564102564,0.02564102564102564,0.05128205128205128,0.0,0.0,0.02564102564102564,0.02564102564102564,0.0,0.07692307692307693,0.0,0.0,0.0,0.0,0.02564102564102564,0.0,0.05128205128205128,0.02564102564102564,0.0,0.0,0.0,0.02564102564102564,0.0,0.02564102564102564,0.0,0.0,0.0,0.0,0.02564102564102564,0.0,0.0,0.02564102564102564,0.0,0.0,0.02564102564102564,0.02564102564102564,0.0,0.02564102564102564,2.9477309221191605,3.0,0.9825769740397202,0.15384615384615385,obj22,fld2,0
0.1,0.15,0.1,0.125,0.15,0.075,0.2,0.1,8,0.2,6,0.0,0.0,0.0,0.05128205128205128,0.0,0.02564102564102564,0.02564102564102564,0.0,0.0,0.0,0.02564102564102564,0.02564102564102564,0.0,0.0,0.07692307692307693,0.02564102564102564,0.0,0.05128205128205128,0.0,0.0,0.02564102564102564,0.0,0.0,0.02564102564102564,0.02564102564102564,0.02564102564102564,0.02564102564102564,0.0,0.0,0.0,0.02564102564102564,0.0,0.02564102564102564,0.0,0.02564102564102564,0.0,0.05128205128205128,0.02564102564102564,0.02564102564102564,0.0,0.0,0.0,0.02564102564102564,0.05128205128205128,0.0,0.0,0.0,0.0,0.05128205128205128,0.02564102564102564,0.0,0.0,0.07692307692307693,0.02564102564102564,0.0,0.02564102564102564,0.0,0.02564102564102564,0.0,0.0,0.0,0.0,0.05128205128205128,0.02564102564102564,0.0,0.0,0.0,0.05128205128205128,0.0,0.02564102564102564,0.02564102564102564,0.0,0.0,0.0,0.02564102564102564,0.02564102564102564,0.0,0.0,0.07692307692307693,0.02564102564102564,0.0,0.05128205128205128,0.0,0.0,0.02564102564102564,0.0,0.0,0.02564102564102564,0.02564102564102564,0.02564102564102564,0.02564102564102564,0.0,0.0,0.0,0.02564102564102564,0.0,0.02564102564102564,0.0,0.02564102564102564,0.0,0.05128205128205128,0.02564102564102564,0.02564102564102564,0.0,0.0,0.0,0.02564102564102564,0.05128205128205128,0.0,0.0,0.0,0.0,0.05128205128205128,0.02564102564102564,0.0,0.0,0.07692307692307693,0.02564102564102564,0.0,0.02564102564102564,0.0,0.02564102564102564,0.0,0.0,0.0,0.0,0.05128205128205128,0.02564102564102564,2.937326145256008,3.0,0.979108715085336,0.07692307692307693,obj23,fld4,0
0.025,0.225,0.15,0.1,0.125,0.15,0.075,0.15,8,0.225,1,0.0,0.02564102564102564,0.0,0.0,0.0,0.0,0.0,0.0,0.0,0.10256410256410256,0.0,0.02564102564102564,0.02564102564102564,0.02564102564102564,0.0,0.05128205128205128,0.0,0.0,0.05128205128205128,0.0,0.02564102564102564,0.05128205128205128,0.0,0.02564102564102564,0.0,0.02564102564102564,0.05128205128205128,0.0,0.0,0.0,0.02564102564102564,0.0,0.0,0.0,0.02564102564102564,0.02564102564102564,0.02564102564102564,0.0,0.02564102564102564,0.02564102564102564,0.0,0.02564102564102564,0.02564102564102564,0.02564102564102564,0.02564102564102564,0.02564102564102564,0.02564102564102564,0.0,0.0,0.0,0.0,0.0,0.0,0.02564102564102564,0.0,0.02564102564102564,0.02564102564102564,0.05128205128205128,0.0,0.0,0.02564102564102564,0.02564102564102564,0.0,0.02564102564102564,0.0,0.02564102564102564,0.0,0.0,0.0,0.0,0.0,0.0,0.0,0.10256410256410256,0.0,0.02564102564102564,0.02564102564102564,0.02564102564102564,0.0,0.05128205128205128,0.0,0.0,0.05128205128205128,0.0,0.02564102564102564,0.05128205128205128,0.0,0.02564102564102564,0.0,0.02564102564102564,0.05128205128205128,0.0,0.0,0.0,0.02564102564102564,0.0,0.0,0.0,0.02564102564102564,0.02564102564102564,0.02564102564102564,0.0,0.02564102564102564,0.02564102564102564,0.0,0.02564102564102564,0.02564102564102564,0.02564102564102564,0.02564102564102564,0.02564102564102564,0.02564102564102564,0.0,0.0,0.0,0.0,0.0,0.0,0.02564102564102564,0.0,0.02564102564102564,0.02564102564102564,0.05128205128205128,0.0,0.0,0.02564102564102564,0.02564102564102564,0.0,0.02564102564102564,2.836348644823315,3.0,0.9454495482744383,0.23076923076923078,obj24,fld1,1
0.075,0.125,0.125,0.175,0.125,0.15,0.15,0.075,8,0.175,3,0.0,0.0,0.02564102564102564,0.0,0.02564102564102564,0.02564102564102564,0.0,0.0,0.02564102564102564,0.0,0.0,0.02564102564102564,0.05128205128205128,0.0,0.0,0.02564102564102564,0.0,0.02564102564102564,0.02564102564102564,0.0,0.0,0.02564102564102564,0.02564102564102564,0.02564102564102564,0.0,0.05128205128205128,0.02564102564102564,0.02564102564102564,0.02564102564102564,0.0,0.05128205128205128,0.0,0.02564102564102564,0.0,0.02564102564102564,0.0,0.0,0.05128205128205128,0.02564102564102564,0.0,0.0,0.02564102564102564,0.02564102564102564,0.07692307692307693,0.02564102564102564,0.0,0.0,0.0,0.02564102564102564,0.0,0.0,0.02564102564102564,0.0,0.0,0.05128205128205128,0.02564102564102564,0.0,0.02564102564102564,0.0,0.02564102564102564,0.0,0.02564102564102564,0.0,0.0,0.0,0.0,0.02564102564102564,0.0,0.02564102564102564,0.02564102564102564,0.0,0.0,0.02564102564102564,0.0,0.0,0.02564102564102564,0.05128205128205128,0.0,0.0,0.02564102564102564,0.0,0.02564102564102564,0.02564102564102564,0.0,0.0,0.02564102564102564,0.02564102564102564,0.02564102564102564,0.0,0.05128205128205128,0.02564102564102564,0.02564102564102564,0.02564102564102564,0.0,0.05128205128205128,0.0,0.02564102564102564,0.0,0.02564102564102564,0.0,0.0,0.05128205128205128,0.02564102564102564,0.0,0.0,0.02564102564102564,0.02564102564102564,0.07692307692307693,0.02564102564102564,0.0,0.0,0.0,0.02564102564102564,0.0,0.0,0.02564102564102564,0.0,0.0,0.05128205128205128,0.02564102564102564,0.0,0.02564102564102564,0.0,0.02564102564102564,0.0,0.02564102564102564,0.0,0.0,2.94668482262,3.0,0.9822282742066667,0.10256410256410256,obj25,fld5,1
0.125,0.15,0.1,0.125,0.25,0.075,0.075,0.1,8,0.25,4,0.0,0.02564102564102564,0.0,0.0,0.07692307692307693,0.0,0.02564102564102564,0.0,0.0,0.0,0.07692307692307693,0.02564102564102564,0.0,0.02564102564102564,0.02564102564102564,0.0,0.0,0.0,0.0,0.05128205128205128,0.0,0.0,0.0,0.05128205128205128,0.0,0.05128205128205128,0.0,0.0,0.02564102564102564,0.0,0.0,0.05128205128205128,0.05128205128205128,0.02564102564102564,0.0,0.05128205128205128,0.05128205128205128,0.05128205128205128,0.02564102564102564,0.0,0.0,0.02564102564102564,0.02564102564102564,0.0,0.0,0.0,0.0,0.0,0.02564102564102564,0.02564102564102564,0.0,0.0,0.02564102564102564,0.0,0.0,0.0,0.05128205128205128,0.0,0.0,0.0,0.05128205128205128,0.0,0.0,0.0,0.0,0.02564102564102564,0.0,0.0,0.07692307692307693,0.0,0.02564102564102564,0.0,0.0,0.0,0.07692307692307693,0.02564102564102564,0.0,0.02564102564102564,0.02564102564102564,0.0,0.0,0.0,0.0,0.05128205128205128,0.0,0.0,0.0,0.05128205128205128,0.0,0.05128205128205128,0.0,0.0,0.02564102564102564,0.0,0.0,0.05128205128205128,0.05128205128205128,0.02564102564102564,0.0,0.05128205128205128,0.05128205128205128,0.05128205128205128,0.02564102564102564,0.0,0.0,0.02564102564102564,0.02564102564102564,0.0,0.0,0.0,0.0,0.0,0.02564102564102564,0.02564102564102564,0.0,0.0,0.02564102564102564,0.0,0.0,0.0,0.05128205128205128,0.0,0.0,0.0,0.05128205128205128,0.0,0.0,0.0,2.885475297227334,3.0,0.961825099075778,0.05128205128205128,obj26,fld5,0
0.05,0.15,0.15,0.125,0.1,0.175,0.125,0.125,8,0.175,5,0.0,0.0,0.02564102564102564,0.02564102564102564,0.0,0.0,0.0,0.0,0.0,0.0,0.02564102564102564,0.0,0.05128205128205128,0.05128205128205128,0.0,0.02564102564102564,0.0,0.02564102564102564,0.0,0.05128205128205128,0.0,0.02564102564102564,0.0,0.05128205128205128,0.0,0.02564102564102564,0.02564102564102564,0.02564102564102564,0.0,0.02564102564102564,0.02564102564102564,0.0,0.0,0.0,0.02564102564102564,0.0,0.02564102564102564,0.0,0.02564102564102564,0.0,0.0,0.05128205128205128,0.02564102564102564,0.0,0.0,0.05128205128205128,0.05128205128205128,0.0,0.02564102564102564,0.02564102564102564,0.02564102564102564,0.02564102564102564,0.0,0.02564102564102564,0.0,0.0,0.0,0.02564102564102564,0.0,0.0,0.02564102564102564,0.0,0.02564102564102564,0.05128205128205128,0.0,0.0,0.02564102564102564,0.02564102564102564,0.0,0.0,0.0,0.0,0.0,0.0,0.02564102564102564,0.0,0.05128205128205128,0.05128205128205128,0.0,0.02564102564102564,0.0,0.02564102564102564,0.0,0.05128205128205128,0.0,0.02564102564102564,0.0,0.05128205128205128,0.0,0.02564102564102564,0.02564102564102564,0.02564102564102564,0.0,0.02564102564102564,0.02564102564102564,0.0,0.0,0.0,0.02564102564102564,0.0,0.02564102564102564,0.0,0.02564102564102564,0.0,0.0,0.05128205128205128,0.02564102564102564,0.0,0.0,0.05128205128205128,0.05128205128205128,0.0,0.02564102564102564,0.02564102564102564,0.02564102564102564,0.02564102564102564,0.0,0.02564102564102564,0.0,0.0,0.0,0.02564102564102564,0.0,0.0,0.02564102564102564,0.0,0.02564102564102564,0.05128205128205128,2.9344291977281736,3.0,0.9781430659093912,0.15384615384615385,obj27,fld5,0
0.1,0.15,0.05,0.1,0.2,0.175,0.15,0.075,8,0.2,4,0.0,0.02564102564102564,0.0,0.02564102564102564,0.0,0.02564102564102564,0.0,0.02564102564102564,0.0,0.05128205128205128,0.0,0.0,0.02564102564102564,0.05128205128205128,0.02564102564102564,0.0,0.0,0.0,0.0,0.0,0.0,0.02564102564102564,0.0,0.02564102564102564,0.02564102564102564,0.0,0.02564102564102564,0.02564102564102564,0.02564102564102564,0.0,0.0,0.0,0.02564102564102564,0.02564102564102564,0.0,0.0,0.02564102564102564,0.05128205128205128,0.05128205128205128,0.02564102564102564,0.0,0.02564102564102564,0.02564102564102564,0.02564102564102564,0.05128205128205128,0.02564102564102564,0.02564102564102564,0.0,0.02564102564102564,0.02564102564102564,0.0,0.0,0.02564102564102564,0.0,0.05128205128205128,0.0,0.0,0.0,0.0,0.02564102564102564,0.05128205128205128,0.0,0.0,0.0,0.0,0.02564102564102564,0.0,0.02564102564102564,0.0,0.02564102564102564,0.0,0.02564102564102564,0.0,0.05128205128205128,0.0,0.0,0.02564102564102564,0.05128205128205128,0.02564102564102564,0.0,0.0,0.0,0.0,0.0,0.0,0.02564102564102564,0.0,0.02564102564102564,0.02564102564102564,0.0,0.02564102564102564,0.02564102564102564,0.02564102564102564,0.0,0.0,0.0,0.02564102564102564,0.02564102564102564,0.0,0.0,0.02564102564102564,0.05128205128205128,0.05128205128205128,0.02564102564102564,0.0,0.02564102564102564,0.02564102564102564,0.02564102564102564,0.05128205128205128,0.02564102564102564,0.02564102564102564,0.0,0.02564102564102564,0.02564102564102564,0.0,0.0,0.02564102564102564,0.0,0.05128205128205128,0.0,0.0,0.0,0.0,0.02564102564102564,0.05128205128205128,0.0,0.0,0.0,2.8862800457568483,3.0,0.9620933485856161,0.1794871794871795,obj28,fld3,0
0.1,0.05,0.025,0.175,0.15,0.225,0.15,0.125,8,0.225,5,0.02564102564102564,0.0,0.0,0.0,0.0,0.02564102564102564,0.05128205128205128,0.0,0.02564102564102564,0.0,0.0,0.0,0.0,0.02564102564102564,0.0,0.0,0.0,0.0,0.0,0.02564102564102564,0.0,0.0,0.0,0.0,0.02564102564102564,0.0,0.0,0.05128205128205128,0.02564102564102564,0.0,0.07692307692307693,0.0,0.0,0.02564102564102564,0.0,0.02564102564102564,0.0,0.02564102564102564,0.02564102564102564,0.02564102564102564,0.0,0.0,0.0,0.05128205128205128,0.07692307692307693,0.05128205128205128,0.0,0.05128205128205128,0.02564102564102564,0.0,0.0,0.02564102564102564,0.02564102564102564,0.02564102564102564,0.0,0.05128205128205128,0.0,0.02564102564102564,0.02564102564102564,0.0,0.02564102564102564,0.05128205128205128,0.0,0.0,0.02564102564102564,0.0,0.0,0.0,0.0,0.02564102564102564,0.05128205128205128,0.0,0.02564102564102564,0.0,0.0,0.0,0.0,0.02564102564102564,0.0,0.0,0.0,0.0,0.0,0.02564102564102564,0.0,0.0,0.0,0.0,0.02564102564102564,0.0,0.0,0.05128205128205128,0.02564102564102564,0.0,0.07692307692307693,0.0,0.0,0.02564102564102564,0.0,0.02564102564102564,0.0,0.02564102564102564,0.02564102564102564,0.02564102564102564,0.0,0.0,0.0,0.05128205128205128,0.07692307692307693,0.05128205128205128,0.0,0.05128205128205128,0.02564102564102564,0.0,0.0,0.02564102564102564,0.02564102564102564,0.02564102564102564,0.0,0.05128205128205128,0.0,0.02564102564102564,0.02564102564102564,0.0,0.02564102564102564,0.05128205128205128,0.0,0.0,2.801678096125494,3.0,0.933892698708498,0.1282051282051282,obj29,fld1,1
0.2,0.05,0.1,0.125,0.1,0.175,0.125,0.125,8,0.2,0,0.0,0.0,0.0,0.02564102564102564,0.02564102564102564,0.05128205128205128,0.0,0.10256410256410256,0.0,0.0,0.0,0.0,0.0,0.0,0.05128205128205128,0.0,0.05128205128205128,0.0,0.02564102564102564,0.0,0.0,0.02564102564102564,0.0,0.0,0.05128205128205128,0.02564102564102564,0.0,0.0,0.0,0.05128205128205128,0.0,0.0,0.02564102564102564,0.0,0.05128205128205128,0.0,0.02564102564102564,0.0,0.0,0.0,0.02564102564102564,0.02564102564102564,0.0,0.02564102564102564,0.0,0.02564102564102564,0.05128205128205128,0.0,0.02564102564102564,0.0,0.0,0.02564102564102564,0.02564102564102564,0.02564102564102564,0.02564102564102564,0.0,0.02564102564102564,0.0,0.02564102564102564,0.05128205128205128,0.02564102564102564,0.0,0.0,0.0,0.0,0.0,0.0,0.02564102564102564,0.02564102564102564,0.05128205128205128,0.0,0.10256410256410256,0.0,0.0,0.0,0.0,0.0,0.0,0.05128205128205128,0.0,0.05128205128205128,0.0,0.02564102564102564,0.0,0.0,0.02564102564102564,0.0,0.0,0.05128205128205128,0.02564102564102564,0.0,0.0,0.0,0.05128205128205128,0.0,0.0,0.02564102564102564,0.0,0.05128205128205128,0.0,0.02564102564102564,0.0,0.0,0.0,0.02564102564102564,0.02564102564102564,0.0,0.02564102564102564,0.0,0.02564102564102564,0.05128205128205128,0.0,0.02564102564102564,0.0,0.0,0.02564102564102564,0.02564102564102564,0.02564102564102564,0.02564102564102564,0.0,0.02564102564102564,0.0,0.02564102564102564,0.05128205128205128,0.02564102564102564,0.0,0.0,0.0,2.9099179479445207,3.0,0.9699726493148403,0.10256410256410256,obj30,fld5,1
0.075,0.1,0.2,0.1,0.125,0.15,0.2,0.05,8,0.2,2,0.0,0.0,0.02564102564102564,0.0,0.0,0.02564102564102564,0.0,0.0,0.0,0.02564102564102564,0.02564102564102564,0.0,0.02564102564102564,0.02564102564102564,0.0,0.0,0.07692307692307693,0.0,0.0,0.05128205128205128,0.02564102564102564,0.0,0.05128205128205128,0.0,0.0,0.02564102564102564,0.0,0.0,0.02564102564102564,0.0,0.05128205128205128,0.0,0.0,0.0,0.02564102564102564,0.02564102564102564,0.02564102564102564,0.02564102564102564,0.0,0.02564102564102564,0.0,0.02564102564102564,0.05128205128205128,0.02564102564102564,0.02564102564102564,0.0,0.02564102564102564,0.0,0.0,0.02564102564102564,0.05128205128205128,0.0,0.0,0.02564102564102564,0.07692307692307693,0.02564102564102564,0.0,0.0,0.02564102564102564,0.0,0.0,0.02564102564102564,0.0,0.0,0.0,0.0,0.02564102564102564,0.0,0.0,0.02564102564102564,0.0,0.0,0.0,0.02564102564102564,0.02564102564102564,0.0,0.02564102564102564,0.02564102564102564,0.0,0.0,0.07692307692307693,0.0,0.0,0.05128205128205128,0.02564102564102564,0.0,0.05128205128205128,0.0,0.0,0.02564102564102564,0.0,0.0,0.02564102564102564,0.0,0.05128205128205128,0.0,0.0,0.0,0.02564102564102564,0.02564102564102564,0.02564102564102564,0.02564102564102564,0.0,0.02564102564102564,0.0,0.02564102564102564,0.05128205128205128,0.02564102564102564,0.02564102564102564,0.0,0.02564102564102564,0.0,0.0,0.02564102564102564,0.05128205128205128,0.0,0.0,0.02564102564102564,0.07692307692307693,0.02564102564102564,0.0,0.0,0.02564102564102564,0.0,0.0,0.02564102564102564,0.0,0.0,2.8750705203641815,3.0,0.9583568401213939,0.1282051282051282,obj31,fld5,0
0.075,0.225,0.075,0.025,0.125,0.25,0.175,0.05,8,0.25,5,0.02564102564102564,0.0,0.0,0.0,0.0,0.02564102564102564,0.02564102564102564,0.0,0.0,0.05128205128205128,0.0,0.0,0.02564102564102564,0.02564102564102564,0.07692307692307693,0.02564102564102564,0.0,0.0,0.0,0.0,0.02564102564102564,0.05128205128205128,0.0,0.0,0.0,0.0,0.0,0.0,0.0,0.02564102564102564,0.0,0.0,0.02564102564102564,0.05128205128205128,0.0,0.0,0.0,0.02564102564102564,0.02564102564102564,0.0,0.02564102564102564,0.02564102564102564,0.05128205128205128,0.02564102564102564,0.02564102564102564,0.05128205128205128,0.02564102564102564,0.02564102564102564,0.0,0.10256410256410256,0.0,0.0,0.02564102564102564,0.02564102564102564,0.02564102564102564,0.0,0.0,0.0,0.02564102564102564,0.0,0.02564102564102564,0.0,0.0,0.0,0.02564102564102564,0.0,0.0,0.0,0.0,0.02564102564102564,0.02564102564102564,0.0,0.0,0.05128205128205128,0.0,0.0,0.02564102564102564,0.02564102564102564,0.07692307692307693,0.02564102564102564,0.0,0.0,0.0,0.0,0.02564102564102564,0.05128205128205128,0.0,0.0,0.0,0.0,0.0,0.0,0.0,0.02564102564102564,0.0,0.0,0.02564102564102564,0.05128205128205128,0.0,0.0,0.0,0.02564102564102564,0.02564102564102564,0.0,0.02564102564102564,0.02564102564102564,0.05128205128205128,0.02564102564102564,0.02564102564102564,0.05128205128205128,0.02564102564102564,0.02564102564102564,0.0,0.10256410256410256,0.0,0.0,0.02564102564102564,0.02564102564102564,0.02564102564102564,0.0,0.0,0.0,0.02564102564102564,0.0,0.02564102564102564,0.0,0.0,0.0,2.708940447511827,3.0,0.902980149170609,0.15384615384615385,obj32,fld3,1
0.225,0.1,0.05,0.2,0.175,0.125,0.05,0.075,8,0.225,0,0.0,0.05128205128205128,0.0,0.02564102564102564,0.07692307692307693,0.05128205128205128,0.0,0.02564102564102564,0.02564102564102564,0.0,0.0,0.0,0.02564102564102564,0.02564102564102564,0.0,0.0,0.02564102564102564,0.0,0.0,0.02564102564102564,0.0,0.0,0.0,0.0,0.10256410256410256,0.02564102564102564,0.0,0.02564102564102564,0.0,0.0,0.0,0.05128205128205128,0.02564102564102564,0.0,0.0,0.05128205128205128,0.02564102564102564,0.02564102564102564,0.05128205128205128,0.0,0.05128205128205128,0.02564102564102564,0.0,0.02564102564102564,0.02564102564102564,0.0,0.0,0.0,0.0,0.0,0.02564102564102564,0.0,0.0,0.02564102564102564,0.0,0.0,0.0,0.0,0.02564102564102564,0.02564102564102564,0.02564102564102564,0.0,0.0,0.0,0.0,0.05128205128205128,0.0,0.02564102564102564,0.07692307692307693,0.05128205128205128,0.0,0.02564102564102564,0.02564102564102564,0.0,0.0,0.0,0.02564102564102564,0.02564102564102564,0.0,0.0,0.02564102564102564,0.0,0.0,0.02564102564102564,0.0,0.0,0.0,0.0,0.10256410256410256,0.02564102564102564,0.0,0.02564102564102564,0.0,0.0,0.0,0.05128205128205128,0.02564102564102564,0.0,0.0,0.05128205128205128,0.02564102564102564,0.02564102564102564,0.05128205128205128,0.0,0.05128205128205128,0.02564102564102564,0.0,0.02564102564102564,0.02564102564102564,0.0,0.0,0.0,0.0,0.0,0.02564102564102564,0.0,0.0,0.02564102564102564,0.0,0.0,0.0,0.0,0.02564102564102564,0.02564102564102564,0.02564102564102564,0.0,0.0,0.0,2.808294658787754,3.0,0.9360982195959181,0.05128205128205128,obj33,fld1,0
0.1,0.125,0.175,0.125,0.1,0.125,0.15,0.1,8,0.175,2,0.0,0.02564102564102564,0.0,0.0,0.0,0.02564102564102564,0.05128205128205128,0.0,0.0,0.0,0.05128205128205128,0.0,0.05128205128205128,0.0,0.02564102564102564,0.0,0.02564102564102564,0.02564102564102564,0.02564102564102564,0.02564102564102564,0.0,0.02564102564102564,0.02564102564102564,0.02564102564102564,0.0,0.02564102564102564,0.02564102564102564,0.02564102564102564,0.0,0.0,0.0,0.02564102564102564,0.02564102564102564,0.0,0.0,0.02564102564102564,0.02564102564102564,0.0,0.0,0.02564102564102564,0.02564102564102564,0.0,0.02564102564102564,0.0,0.02564102564102564,0.02564102564102564,0.02564102564102564,0.0,0.02564102564102564,0.05128205128205128,0.02564102564102564,0.02564102564102564,0.0,0.0,0.0,0.02564102564102564,0.0,0.0,0.02564102564102564,0.0,0.0,0.05128205128205128,0.02564102564102564,0.0,0.0,0.02564102564102564,0.0,0.0,0.0,0.02564102564102564,0.05128205128205128,0.0,0.0,0.0,0.05128205128205128,0.0,0.05128205128205128,0.0,0.02564102564102564,0.0,0.02564102564102564,0.02564102564102564,0.02564102564102564,0.02564102564102564,0.0,0.02564102564102564,0.02564102564102564,0.02564102564102564,0.0,0.02564102564102564,0.02564102564102564,0.02564102564102564,0.0,0.0,0.0,0.02564102564102564,0.02564102564102564,0.0,0.0,0.02564102564102564,0.02564102564102564,0.0,0.0,0.02564102564102564,0.02564102564102564,0.0,0.02564102564102564,0.0,0.02564102564102564,0.02564102564102564,0.02564102564102564,0.0,0.02564102564102564,0.05128205128205128,0.02564102564102564,0.02564102564102564,0.0,0.0,0.0,0.02564102564102564,0.0,0.0,0.02564102564102564,0.0,0.0,0.05128205128205128,0.02564102564102564,0.0,2.972173572836347,3.0,0.9907245242787823,0.10256410256410256,obj34,fld5,1
0.125,0.075,0.175,0.225,0.125,0.1,0.1,0.075,8,0.225,3,0.0,0.05128205128205128,0.02564102564102564,0.02564102564102564,0.0,0.0,0.02564102564102564,0.0,0.0,0.0,0.0,0.05128205128205128,0.0,0.0,0.0,0.02564102564102564,0.02564102564102564,0.0,0.05128205128205128,0.05128205128205128,0.02564102564102564,0.0,0.0,0.02564102564102564,0.05128205128205128,0.0,0.05128205128205128,0.02564102564102564,0.0,0.05128205128205128,0.02564102564102564,0.02564102564102564,0.0,0.0,0.05128205128205128,0.05128205128205128,0.02564102564102564,0.0,0.0,0.0,0.0,0.02564102564102564,0.0,0.02564102564102564,0.0,0.0,0.02564102564102564,0.0,0.02564102564102564,0.0,0.0,0.0,0.05128205128205128,0.02564102564102564,0.0,0.0,0.02564102564102564,0.0,0.0,0.0,0.02564102564102564,0.0,0.02564102564102564,0.0,0.0,0.05128205128205128,0.02564102564102564,0.02564102564102564,0.0,0.0,0.02564102564102564,0.0,0.0,0.0,0.0,0.05128205128205128,0.0,0.0,0.0,0.02564102564102564,0.02564102564102564,0.0,0.05128205128205128,0.05128205128205128,0.02564102564102564,0.0,0.0,0.02564102564102564,0.05128205128205128,0.0,0.05128205128205128,0.02564102564102564,0.0,0.05128205128205128,0.02564102564102564,0.02564102564102564,0.0,0.0,0.05128205128205128,0.05128205128205128,0.02564102564102564,0.0,0.0,0.0,0.0,0.02564102564102564,0.0,0.02564102564102564,0.0,0.0,0.02564102564102564,0.0,0.02564102564102564,0.0,0.0,0.0,0.05128205128205128,0.02564102564102564,0.0,0.0,0.02564102564102564,0.0,0.0,0.0,0.02564102564102564,0.0,0.02564102564102564,0.0,2.899181459372747,3.0,0.9663938197909157,0.10256410256410256,obj35,fld4,1
0.1,0.125,0.15,0.1,0.125,0.1,0.125,0.175,8,0.175,7,0.0,0.0,0.0,0.0,0.0,0.02564102564102564,0.02564102564102564,0.02564102564102564,0.05128205128205128,0.05128205128205128,0.0,0.0,0.0,0.02564102564102564,0.0,0.0,0.02564102564102564,0.02564102564102564,0.0,0.02564102564102564,0.05128205128205128,0.0,0.02564102564102564,0.0,0.0,0.02564102564102564,0.02564102564102564,0.0,0.02564102564102564,0.02564102564102564,0.0,0.0,0.02564102564102564,0.02564102564102564,0.02564102564102564,0.02564102564102564,0.0,0.0,0.0,0.02564102564102564,0.0,0.0,0.0,0.0,0.0,0.02564102564102564,0.02564102564102564,0.05128205128205128,0.0,0.0,0.05128205128205128,0.02564102564102564,0.0,0.0,0.0,0.05128205128205128,0.0,0.0,0.05128205128205128,0.02564102564102564,0.02564102564102564,0.0,0.05128205128205128,0.02564102564102564,0.0,0.0,0.0,0.0,0.0,0.02564102564102564,0.02564102564102564,0.02564102564102564,0.05128205128205128,0.05128205128205128,0.0,0.0,0.0,0.02564102564102564,0.0,0.0,0.02564102564102564,0.02564102564102564,0.0,0.02564102564102564,0.05128205128205128,0.0,0.02564102564102564,0.0,0.0,0.02564102564102564,0.02564102564102564,0.0,0.02564102564102564,0.02564102564102564,0.0,0.0,0.02564102564102564,0.02564102564102564,0.02564102564102564,0.02564102564102564,0.0,0.0,0.0,0.02564102564102564,0.0,0.0,0.0,0.0,0.0,0.02564102564102564,0.02564102564102564,0.05128205128205128,0.0,0.0,0.05128205128205128,0.02564102564102564,0.0,0.0,0.0,0.05128205128205128,0.0,0.0,0.05128205128205128,0.02564102564102564,0.02564102564102564,0.0,0.05128205128205128,0.02564102564102564,2.9721735728363474,3.0,0.9907245242787824,0.10256410256410256,obj36,fld3,0
0.05,0.2,0.1,0.1,0.25,0.05,0.15,0.1,8,0.25,4,0.0,0.02564102564102564,0.0,0.0,0.0,0.0,0.02564102564102564,0.0,0.0,0.07692307692307693,0.0,0.0,0.07692307692307693,0.0,0.0,0.02564102564102564,0.0,0.05128205128205128,0.02564102564102564,0.0,0.0,0.02564102564102564,0.0,0.0,0.0,0.02564102564102564,0.0,0.02564102564102564,0.02564102564102564,0.0,0.02564102564102564,0.0,0.0,0.0,0.02564102564102564,0.02564102564102564,0.1282051282051282,0.0,0.05128205128205128,0.02564102564102564,0.0,0.02564102564102564,0.0,0.0,0.0,0.0,0.02564102564102564,0.0,0.02564102564102564,0.0,0.0,0.02564102564102564,0.02564102564102564,0.02564102564102564,0.02564102564102564,0.02564102564102564,0.02564102564102564,0.0,0.05128205128205128,0.02564102564102564,0.0,0.0,0.0,0.0,0.0,0.02564102564102564,0.0,0.0,0.0,0.0,0.02564102564102564,0.0,0.0,0.07692307692307693,0.0,0.0,0.07692307692307693,0.0,0.0,0.02564102564102564,0.0,0.05128205128205128,0.02564102564102564,0.0,0.0,0.02564102564102564,0.0,0.0,0.0,0.02564102564102564,0.0,0.02564102564102564,0.02564102564102564,0.0,0.02564102564102564,0.0,0.0,0.0,0.02564102564102564,0.02564102564102564,0.1282051282051282,0.0,0.05128205128205128,0.02564102564102564,0.0,0.02564102564102564,0.0,0.0,0.0,0.0,0.02564102564102564,0.0,0.02564102564102564,0.0,0.0,0.02564102564102564,0.02564102564102564,0.02564102564102564,0.02564102564102564,0.02564102564102564,0.02564102564102564,0.0,0.05128205128205128,0.02564102564102564,0.0,0.0,0.0,0.0,2.8037016960573484,3.0,0.9345672320191162,0.28205128205128205,obj37,fld2,1
0.125,0.125,0.125,0.15,0.025,0.2,0.125,0.125,8,0.2,5,0.02564102564102564,0.0,0.02564102564102564,0.05128205128205128,0.0,0.0,0.02564102564102564,0.0,0.0,0.02564102564102564,0.0,0.0,0.0,0.07692307692307693,0.0,0.02564102564102564,0.02564102564102564,0.02564102564102564,0.0,0.0,0.0,0.0,0.05128205128205128,0.0,0.0,0.02564102564102564,0.0,0.02564102564102564,0.0,0.05128205128205128,0.02564102564102564,0.02564102564102564,0.0,0.02564102564102564,0.0,0.0,0.0,0.0,0.0,0.0,0.02564102564102564,0.0,0.05128205128205128,0.02564102564102564,0.02564102564102564,0.07692307692307693,0.0,0.0,0.0,0.0,0.02564102564102564,0.05128205128205128,0.0,0.0,0.0,0.05128205128205128,0.05128205128205128,0.02564102564102564,0.02564102564102564,0.0,0.0,0.0,0.02564102564102564,0.0,0.02564102564102564,0.0,0.02564102564102564,0.05128205128205128,0.0,0.0,0.02564102564102564,0.0,0.0,0.02564102564102564,0.0,0.0,0.0,0.07692307692307693,0.0,0.02564102564102564,0.02564102564102564,0.02564102564102564,0.0,0.0,0.0,0.0,0.05128205128205128,0.0,0.0,0.02564102564102564,0.0,0.02564102564102564,0.0,0.05128205128205128,0.02564102564102564,0.02564102564102564,0.0,0.02564102564102564,0.0,0.0,0.0,0.0,0.0,0.0,0.02564102564102564,0.0,0.05128205128205128,0.02564102564102564,0.02564102564102564,0.07692307692307693,0.0,0.0,0.0,0.0,0.02564102564102564,0.05128205128205128,0.0,0.0,0.0,0.05128205128205128,0.05128205128205128,0.02564102564102564,0.02564102564102564,0.0,0.0,0.0,0.02564102564102564,0.0,2.882978660474587,3.0,0.9609928868248624,0.15384615384615385,obj38,fld5,1
0.125,0.125,0.1,0.175,0.125,0.2,0.1,0.05,8,0.2,5,0.0,0.02564102564102564,0.0,0.02564102564102564,0.02564102564102564,0.02564102564102564,0.02564102564102564,0.0,0.0,0.0,0.05128205128205128,0.02564102564102564,0.0,0.0,0.0,0.05128205128205128,0.05128205128205128,0.0,0.0,0.02564102564102564,0.0,0.02564102564102564,0.0,0.0,0.02564102564102564,0.05128205128205128,0.0,0.0,0.05128205128205128,0.02564102564102564,0.0,0.0,0.0,0.02564102564102564,0.0,0.05128205128205128,0.0,0.02564102564102564,0.02564102564102564,0.0,0.02564102564102564,0.02564102564102564,0.02564102564102564,0.05128205128205128,0.0,0.02564102564102564,0.05128205128205128,0.0,0.02564102564102564,0.0,0.02564102564102564,0.0,0.0,0.05128205128205128,0.0,0.0,0.0,0.0,0.0,0.0,0.05128205128205128,0.0,0.0,0.0,0.0,0.02564102564102564,0.0,0.02564102564102564,0.02564102564102564,0.02564102564102564,0.02564102564102564,0.0,0.0,0.0,0.05128205128205128,0.02564102564102564,0.0,0.0,0.0,0.05128205128205128,0.05128205128205128,0.0,0.0,0.02564102564102564,0.0,0.02564102564102564,0.0,0.0,0.02564102564102564,0.05128205128205128,0.0,0.0,0.05128205128205128,0.02564102564102564,0.0,0.0,0.0,0.02564102564102564,0.0,0.05128205128205128,0.0,0.02564102564102564,0.02564102564102564,0.0,0.02564102564102564,0.02564102564102564,0.02564102564102564,0.05128205128205128,0.0,0.02564102564102564,0.05128205128205128,0.0,0.02564102564102564,0.0,0.02564102564102564,0.0,0.0,0.05128205128205128,0.0,0.0,0.0,0.0,0.0,0.0,0.05128205128205128,0.0,0.0,0.0,2.9099179479445207,3.0,0.9699726493148403,0.02564102564102564,obj39,fld4,1
0.175,0.15,0.125,0.1,0.125,0.075,0.125,0.125,8,0.175,0,0.05128205128205128,0.05128205128205128,0.0,0.02564102564102564,0.02564102564102564,0.0,0.0,0.02564102564102564,0.0,0.0,0.07692307692307693,0.02564102564102564,0.0,0.0,0.02564102564102564,0.02564102564102564,0.0,0.02564102564102564,0.02564102564102564,0.02564102564102564,0.0,0.05128205128205128,0.0,0.0,0.05128205128205128,0.0,0.0,0.0,0.05128205128205128,0.0,0.0,0.0,0.05128205128205128,0.0,0.0,0.02564102564102564,0.0,0.0,0.02564102564102564,0.02564102564102564,0.0,0.0,0.0,0.0,0.02564102564102564,0.02564102564102564,0.02564102564102564,0.0,0.02564102564102564,0.05128205128205128,0.0,0.0,0.0,0.0,0.0,0.02564102564102564,0.0,0.02564102564102564,0.0,0.0,0.02564102564102564,0.0,0.05128205128205128,0.02564102564102564,0.05128205128205128,0.05128205128205128,0.0,0.02564102564102564,0.02564102564102564,0.0,0.0,0.02564102564102564,0.0,0.0,0.07692307692307693,0.02564102564102564,0.0,0.0,0.02564102564102564,0.02564102564102564,0.0,0.02564102564102564,0.02564102564102564,0.02564102564102564,0.0,0.05128205128205128,0.0,0.0,0.05128205128205128,0.0,0.0,0.0,0.05128205128205128,0.0,0.0,0.0,0.05128205128205128,0.0,0.0,0.02564102564102564,0.0,0.0,0.02564102564102564,0.02564102564102564,0.0,0.0,0.0,0.0,0.02564102564102564,0.02564102564102564,0.02564102564102564,0.0,0.02564102564102564,0.05128205128205128,0.0,0.0,0.0,0.0,0.0,0.02564102564102564,0.0,0.02564102564102564,0.0,0.0,0.02564102564102564,0.0,0.05128205128205128,0.02564102564102564,2.9630603734213405,3.0,0.9876867911404469,0.1282051282051282,obj40,fld5,0
0.1,0.1,0.225,0.05,0.1,0.15,0.15,0.125,8,0.225,2,0.0,0.02564102564102564,0.02564102564102564,0.0,0.0,0.02564102564102564,0.02564102564102564,0.0,0.0,0.0,0.0,0.0,0.02564102564102564,0.0,0.02564102564102564,0.05128205128205128,0.05128205128205128,0.05128205128205128,0.02564102564102564,0.05128205128205128,0.0,0.02564102564102564,0.0,0.02564102564102564,0.02564102564102564,0.0,0.0,0.0,0.0,0.02564102564102564,0.0,0.0,0.0,0.0,0.05128205128205128,0.0,0.0,0.0,0.05128205128205128,0.0,0.0,0.02564102564102564,0.07692307692307693,0.0,0.0,0.02564102564102564,0.02564102564102564,0.0,0.02564102564102564,0.0,0.02564102564102564,0.0,0.02564102564102564,0.02564102564102564,0.0,0.02564102564102564,0.0,0.0,0.02564102564102564,0.0,0.05128205128205128,0.02564102564102564,0.0,0.02564102564102564,0.0,0.02564102564102564,0.02564102564102564,0.0,0.0,0.02564102564102564,0.02564102564102564,0.0,0.0,0.0,0.0,0.0,0.02564102564102564,0.0,0.02564102564102564,0.05128205128205128,0.05128205128205128,0.05128205128205128,0.02564102564102564,0.05128205128205128,0.0,0.02564102564102564,0.0,0.02564102564102564,0.02564102564102564,0.0,0.0,0.0,0.0,0.02564102564102564,0.0,0.0,0.0,0.0,0.05128205128205128,0.0,0.0,0.0,0.05128205128205128,0.0,0.0,0.02564102564102564,0.07692307692307693,0.0,0.0,0.02564102564102564,0.02564102564102564,0.0,0.02564102564102564,0.0,0.02564102564102564,0.0,0.02564102564102564,0.02564102564102564,0.0,0.02564102564102564,0.0,0.0,0.02564102564102564,0.0,0.05128205128205128,0.02564102564102564,0.0,0.02564102564102564,2.8929652074855747,3.0,0.9643217358285249,0.07692307692307693,obj41,fld3,1
0.1,0.15,0.1,0.2,0.075,0.15,0.125,0.1,8,0.2,3,0.0,0.05128205128205128,0.02564102564102564,0.02564102564102564,0.0,0.0,0.0,0.0,0.02564102564102564,0.0,0.0,0.02564102564102564,0.02564102564102564,0.02564102564102564,0.0,0.05128205128205128,0.05128205128205128,0.0,0.0,0.0,0.0,0.02564102564102564,0.0,0.02564102564102564,0.0,0.02564102564102564,0.0,0.10256410256410256,0.0,0.02564102564102564,0.02564102564102564,0.0,0.0,0.0,0.02564102564102564,0.0,0.0,0.0,0.05128205128205128,0.0,0.02564102564102564,0.0,0.02564102564102564,0.02564102564102564,0.0,0.02564102564102564,0.02564102564102564,0.02564102564102564,0.0,0.02564102564102564,0.02564102564102564,0.02564102564102564,0.02564102564102564,0.02564102564102564,0.0,0.0,0.0,0.02564102564102564,0.0,0.0,0.02564102564102564,0.02564102564102564,0.02564102564102564,0.0,0.0,0.05128205128205128,0.02564102564102564,0.02564102564102564,0.0,0.0,0.0,0.0,0.02564102564102564,0.0,0.0,0.02564102564102564,0.02564102564102564,0.02564102564102564,0.0,0.05128205128205128,0.05128205128205128,0.0,0.0,0.0,0.0,0.02564102564102564,0.0,0.02564102564102564,0.0,0.02564102564102564,0.0,0.10256410256410256,0.0,0.02564102564102564,0.02564102564102564,0.0,0.0,0.0,0.02564102564102564,0.0,0.0,0.0,0.05128205128205128,0.0,0.02564102564102564,0.0,0.02564102564102564,0.02564102564102564,0.0,0.02564102564102564,0.02564102564102564,0.02564102564102564,0.0,0.02564102564102564,0.02564102564102564,0.02564102564102564,0.02564102564102564,0.02564102564102564,0.0,0.0,0.0,0.02564102564102564,0.0,0.0,0.02564102564102564,0.02564102564102564,0.02564102564102564,0.0,2.9373261452560087,3.0,0.9791087150853363,0.1282051282051282,obj42,fld5,1
0.175,0.125,0.1,0.15,0.1,0.175,0.1,0.075,8,0.175,0,0.02564102564102564,0.05128205128205128,0.0,0.02564102564102564,0.0,0.02564102564102564,0.05128205128205128,0.0,0.10256410256410256,0.0,0.02564102564102564,0.0,0.0,0.0,0.0,0.0,0.0,0.02564102564102564,0.0,0.02564102564102564,0.0,0.02564102564102564,0.0,0.02564102564102564,0.02564102564102564,0.02564102564102564,0.0,0.02564102564102564,0.0,0.05128205128205128,0.0,0.0,0.0,0.0,0.0,0.0,0.05128205128205128,0.0,0.02564102564102564,0.02564102564102564,0.02564102564102564,0.0,0.02564102564102564,0.02564102564102564,0.0,0.07692307692307693,0.0,0.02564102564102564,0.0,0.0,0.02564102564102564,0.05128205128205128,0.02564102564102564,0.0,0.0,0.0,0.0,0.02564102564102564,0.0,0.0,0.02564102564102564,0.0,0.02564102564102564,0.0,0.02564102564102564,0.05128205128205128,0.0,0.02564102564102564,0.0,0.02564102564102564,0.05128205128205128,0.0,0.10256410256410256,0.0,0.02564102564102564,0.0,0.0,0.0,0.0,0.0,0.0,0.02564102564102564,0.0,0.02564102564102564,0.0,0.02564102564102564,0.0,0.02564102564102564,0.02564102564102564,0.02564102564102564,0.0,0.02564102564102564,0.0,0.05128205128205128,0.0,0.0,0.0,0.0,0.0,0.0,0.05128205128205128,0.0,0.02564102564102564,0.02564102564102564,0.02564102564102564,0.0,0.02564102564102564,0.02564102564102564,0.0,0.07692307692307693,0.0,0.02564102564102564,0.0,0.0,0.02564102564102564,0.05128205128205128,0.02564102564102564,0.0,0.0,0.0,0.0,0.02564102564102564,0.0,0.0,0.02564102564102564,0.0,0.02564102564102564,0.0,2.9424962976440208,3.0,0.9808320992146736,0.1794871794871795,obj43,fld2,0
0.075,0.075,0.15,0.125,0.125,0.15,0.075,0.225,8,0.225,7,0.0,0.0,0.05128205128205128,0.0,0.0,0.0,0.0,0.02564102564102564,0.0,0.0,0.02564102564102564,0.0,0.0,0.0,0.02564102564102564,0.02564102564102564,0.0,0.0,0.0,0.02564102564102564,0.0,0.07692307692307693,0.0,0.02564102564102564,0.02564102564102564,0.0,0.0,0.0,0.05128205128205128,0.0,0.02564102564102564,0.02564102564102564,0.05128205128205128,0.05128205128205128,0.0,0.0,0.02564102564102564,0.0,0.0,0.0,0.0,0.0,0.0,0.0,0.05128205128205128,0.02564102564102564,0.0,0.07692307692307693,0.0,0.0,0.0,0.05128205128205128,0.0,0.02564102564102564,0.0,0.0,0.0,0.02564102564102564,0.07692307692307693,0.05128205128205128,0.0,0.0,0.02564102564102564,0.05128205128205128,0.0,0.0,0.05128205128205128,0.0,0.0,0.0,0.0,0.02564102564102564,0.0,0.0,0.02564102564102564,0.0,0.0,0.0,0.02564102564102564,0.02564102564102564,0.0,0.0,0.0,0.02564102564102564,0.0,0.07692307692307693,0.0,0.02564102564102564,0.02564102564102564,0.0,0.0,0.0,0.05128205128205128,0.0,0.02564102564102564,0.02564102564102564,0.05128205128205128,0.05128205128205128,0.0,0.0,0.02564102564102564,0.0,0.0,0.0,0.0,0.0,0.0,0.0,0.05128205128205128,0.02564102564102564,0.0,0.07692307692307693,0.0,0.0,0.0,0.05128205128205128,0.0,0.02564102564102564,0.0,0.0,0.0,0.02564102564102564,0.07692307692307693,0.05128205128205128,0.0,0.0,0.02564102564102564,0.05128205128205128,2.896107632962394,3.0,0.9653692109874646,0.10256410256410256,obj44,fld4,1
0.125,0.075,0.075,0.05,0.2,0.175,0.125,0.175,8,0.2,4,0.0,0.0,0.02564102564102564,0.0,0.05128205128205128,0.05128205128205128,0.0,0.0,0.0,0.0,0.0,0.0,0.0,0.02564102564102564,0.02564102564102564,0.02564102564102564,0.0,0.02564102564102564,0.0,0.0,0.02564102564102564,0.02564102564102564,0.0,0.0,0.0,0.0,0.02564102564102564,0.0,0.02564102564102564,0.0,0.0,0.0,0.05128205128205128,0.02564102564102564,0.0,0.0,0.02564102564102564,0.02564102564102564,0.0,0.05128205128205128,0.02564102564102564,0.0,0.0,0.0,0.0,0.0,0.07692307692307693,0.07692307692307693,0.0,0.0,0.02564102564102564,0.05128205128205128,0.0,0.02564102564102564,0.02564102564102564,0.0,0.02564102564102564,0.02564102564102564,0.0,0.0,0.07692307692307693,0.02564102564102564,0.0,0.02564102564102564,0.0,0.0,0.02564102564102564,0.0,0.05128205128205128,0.05128205128205128,0.0,0.0,0.0,0.0,0.0,0.0,0.0,0.02564102564102564,0.02564102564102564,0.02564102564102564,0.0,0.02564102564102564,0.0,0.0,0.02564102564102564,0.02564102564102564,0.0,0.0,0.0,0.0,0.02564102564102564,0.0,0.02564102564102564,0.0,0.0,0.0,0.05128205128205128,0.02564102564102564,0.0,0.0,0.02564102564102564,0.02564102564102564,0.0,0.05128205128205128,0.02564102564102564,0.0,0.0,0.0,0.0,0.0,0.07692307692307693,0.07692307692307693,0.0,0.0,0.02564102564102564,0.05128205128205128,0.0,0.02564102564102564,0.02564102564102564,0.0,0.02564102564102564,0.02564102564102564,0.0,0.0,0.07692307692307693,0.02564102564102564,0.0,0.02564102564102564,2.8711274733371868,3.0,0.9570424911123956,0.07692307692307693,obj45,fld3,1
0.125,0.1,0.2,0.125,0.075,0.125,0.15,0.1,8,0.2,2,0.02564102564102564,0.0,0.05128205128205128,0.02564102564102564,0.0,0.0,0.0,0.0,0.05128205128205128,0.0,0.0,0.0,0.0,0.02564102564102564,0.02564102564102564,0.0,0.0,0.02564102564102564,0.07692307692307693,0.02564102564102564,0.02564102564102564,0.05128205128205128,0.0,0.0,0.02564102564102564,0.02564102564102564,0.02564102564102564,0.02564102564102564,0.0,0.0,0.0,0.02564102564102564,0.02564102564102564,0.0,0.02564102564102564,0.0,0.0,0.0,0.02564102564102564,0.0,0.0,0.02564102564102564,0.02564102564102564,0.0,0.02564102564102564,0.0,0.05128205128205128,0.0,0.0,0.0,0.0,0.02564102564102564,0.0,0.02564102564102564,0.02564102564102564,0.07692307692307693,0.0,0.02564102564102564,0.0,0.02564102564102564,0.0,0.02564102564102564,0.02564102564102564,0.0,0.02564102564102564,0.0,0.05128205128205128,0.02564102564102564,0.0,0.0,0.0,0.0,0.05128205128205128,0.0,0.0,0.0,0.0,0.02564102564102564,0.02564102564102564,0.0,0.0,0.02564102564102564,0.07692307692307693,0.02564102564102564,0.02564102564102564,0.05128205128205128,0.0,0.0,0.02564102564102564,0.02564102564102564,0.02564102564102564,0.02564102564102564,0.0,0.0,0.0,0.02564102564102564,0.02564102564102564,0.0,0.02564102564102564,0.0,0.0,0.0,0.02564102564102564,0.0,0.0,0.02564102564102564,0.02564102564102564,0.0,0.02564102564102564,0.0,0.05128205128205128,0.0,0.0,0.0,0.0,0.02564102564102564,0.0,0.02564102564102564,0.02564102564102564,0.07692307692307693,0.0,0.02564102564102564,0.0,0.02564102564102564,0.0,0.02564102564102564,0.02564102564102564,0.0,2.9445884966423415,3.0,0.9815294988807804,0.15384615384615385,obj46,fld1,0
0.25,0.075,0.125,0.15,0.05,0.1,0.1,0.15,8,0.25,0,0.07692307692307693,0.02564102564102564,0.05128205128205128,0.0,0.0,0.02564102564102564,0.0,0.05128205128205128,0.05128205128205128,0.0,0.0,0.0,0.02564102564102564,0.0,0.0,0.0,0.02564102564102564,0.0,0.02564102564102564,0.0,0.0,0.0,0.05128205128205128,0.02564102564102564,0.0,0.02564102564102564,0.02564102564102564,0.05128205128205128,0.0,0.0,0.0,0.05128205128205128,0.02564102564102564,0.0,0.0,0.02564102564102564,0.0,0.0,0.0,0.0,0.0,0.0,0.0,0.02564102564102564,0.0,0.05128205128205128,0.02564102564102564,0.0,0.05128205128205128,0.0,0.0,0.02564102564102564,0.0,0.0,0.0,0.02564102564102564,0.02564102564102564,0.02564102564102564,0.02564102564102564,0.02564102564102564,0.02564102564102564,0.0,0.02564102564102564,0.0,0.07692307692307693,0.02564102564102564,0.05128205128205128,0.0,0.0,0.02564102564102564,0.0,0.05128205128205128,0.05128205128205128,0.0,0.0,0.0,0.02564102564102564,0.0,0.0,0.0,0.02564102564102564,0.0,0.02564102564102564,0.0,0.0,0.0,0.05128205128205128,0.02564102564102564,0.0,0.02564102564102564,0.02564102564102564,0.05128205128205128,0.0,0.0,0.0,0.05128205128205128,0.02564102564102564,0.0,0.0,0.02564102564102564,0.0,0.0,0.0,0.0,0.0,0.0,0.0,0.02564102564102564,0.0,0.05128205128205128,0.02564102564102564,0.0,0.05128205128205128,0.0,0.0,0.02564102564102564,0.0,0.0,0.0,0.02564102564102564,0.02564102564102564,0.02564102564102564,0.02564102564102564,0.02564102564102564,0.02564102564102564,0.0,0.02564102564102564,0.0,2.8568441215341682,3.0,0.9522813738447228,0.20512820512820512,obj47,fld2,1
0.025,0.125,0.125,0.125,0.225,0.125,0.1,0.15,8,0.225,4,0.0,0.0,0.02564102564102564,0.0,0.0,0.0,0.0,0.0,0.0,0.02564102564102564,0.02564102564102564,0.0,0.05128205128205128,0.0,0.0,0.0,0.0,0.0,0.0,0.05128205128205128,0.0,0.02564102564102564,0.0,0.05128205128205128,0.0,0.0,0.02564102564102564,0.02564102564102564,0.02564102564102564,0.02564102564102564,0.0,0.02564102564102564,0.02564102564102564,0.05128205128205128,0.02564102564102564,0.02564102564102564,0.02564102564102564,0.05128205128205128,0.0,0.02564102564102564,0.0,0.02564102564102564,0.0,0.0,0.07692307692307693,0.02564102564102564,0.0,0.0,0.0,0.02564102564102564,0.0,0.02564102564102564,0.02564102564102564,0.0,0.02564102564102564,0.0,0.0,0.0,0.0,0.0,0.02564102564102564,0.0,0.07692307692307693,0.05128205128205128,0.0,0.0,0.02564102564102564,0.0,0.0,0.0,0.0,0.0,0.0,0.02564102564102564,0.02564102564102564,0.0,0.05128205128205128,0.0,0.0,0.0,0.0,0.0,0.0,0.05128205128205128,0.0,0.02564102564102564,0.0,0.05128205128205128,0.0,0.0,0.02564102564102564,0.02564102564102564,0.02564102564102564,0.02564102564102564,0.0,0.02564102564102564,0.02564102564102564,0.05128205128205128,0.02564102564102564,0.02564102564102564,0.02564102564102564,0.05128205128205128,0.0,0.02564102564102564,0.0,0.02564102564102564,0.0,0.0,0.07692307692307693,0.02564102564102564,0.0,0.0,0.0,0.02564102564102564,0.0,0.02564102564102564,0.02564102564102564,0.0,0.02564102564102564,0.0,0.0,0.0,0.0,0.0,0.02564102564102564,0.0,0.07692307692307693,0.05128205128205128,2.859986547010987,3.0,0.9533288490036623,0.1794871794871795,obj48,fld5,1
0.1,0.175,0.2,0.2,0.05,0.075,0.075,0.125,8,0.2,2,0.0,0.0,0.0,0.0,0.0,0.02564102564102564,0.05128205128205128,0.02564102564102564,0.02564102564102564,0.05128205128205128,0.05128205128205128,0.02564102564102564,0.02564102564102564,0.0,0.0,0.0,0.02564102564102564,0.02564102564102564,0.02564102564102564,0.07692307692307693,0.0,0.02564102564102564,0.02564102564102564,0.0,0.02564102564102564,0.07692307692307693,0.05128205128205128,0.02564102564102564,0.02564102564102564,0.0,0.0,0.0,0.0,0.0,0.0,0.02564102564102564,0.0,0.0,0.0,0.02564102564102564,0.0,0.0,0.02564102564102564,0.02564102564102564,0.0,0.0,0.0,0.02564102564102564,0.02564102564102564,0.0,0.0,0.0,0.0,0.02564102564102564,0.0,0.0,0.0,0.02564102564102564,0.05128205128205128,0.02564102564102564,0.0,0.0,0.0,0.02564102564102564,0.0,0.0,0.0,0.0,0.0,0.02564102564102564,0.05128205128205128,0.02564102564102564,0.02564102564102564,0.05128205128205128,0.05128205128205128,0.02564102564102564,0.02564102564102564,0.0,0.0,0.0,0.02564102564102564,0.02564102564102564,0.02564102564102564,0.07692307692307693,0.0,0.02564102564102564,0.02564102564102564,0.0,0.02564102564102564,0.07692307692307693,0.05128205128205128,0.02564102564102564,0.02564102564102564,0.0,0.0,0.0,0.0,0.0,0.0,0.02564102564102564,0.0,0.0,0.0,0.02564102564102564,0.0,0.0,0.02564102564102564,0.02564102564102564,0.0,0.0,0.0,0.02564102564102564,0.02564102564102564,0.0,0.0,0.0,0.0,0.02564102564102564,0.0,0.0,0.0,0.02564102564102564,0.05128205128205128,0.02564102564102564,0.0,0.0,0.0,0.02564102564102564,2.8526555965581872,3.0,0.950885198852729,0.1282051282051282,obj49,fld2,1
0.15,0.025,0.125,0.15,0.125,0.1,0.125,0.2,8,0.2,7,0.02564102564102564,0.0,0.0,0.02564102564102564,0.02564102564102564,0.0,0.05128205128205128,0.02564102564102564,0.0,0.0,0.0,0.0,0.02564102564102564,0.0,0.0,0.0,0.02564102564102564,0.0,0.0,0.02564102564102564,0.02564102564102564,0.02564102564102564,0.0,0.02564102564102564,0.0,0.02564102564102564,0.0,0.02564102564102564,0.05128205128205128,0.0,0.05128205128205128,0.0,0.02564102564102564,0.0,0.07692307692307693,0.0,0.0,0.02564102564102564,0.0,0.0,0.02564102564102564,0.0,0.0,0.02564102564102564,0.0,0.0,0.0,0.05128205128205128,0.02564102564102564,0.0,0.05128205128205128,0.02564102564102564,0.0,0.0,0.0,0.02564102564102564,0.02564102564102564,0.0,0.0,0.02564102564102564,0.0,0.02564102564102564,0.02564102564102564,0.07692307692307693,0.02564102564102564,0.0,0.0,0.02564102564102564,0.02564102564102564,0.0,0.05128205128205128,0.02564102564102564,0.0,0.0,0.0,0.0,0.02564102564102564,0.0,0.0,0.0,0.02564102564102564,0.0,0.0,0.02564102564102564,0.02564102564102564,0.02564102564102564,0.0,0.02564102564102564,0.0,0.02564102564102564,0.0,0.02564102564102564,0.05128205128205128,0.0,0.05128205128205128,0.0,0.02564102564102564,0.0,0.07692307692307693,0.0,0.0,0.02564102564102564,0.0,0.0,0.02564102564102564,0.0,0.0,0.02564102564102564,0.0,0.0,0.0,0.05128205128205128,0.02564102564102564,0.0,0.05128205128205128,0.02564102564102564,0.0,0.0,0.0,0.02564102564102564,0.02564102564102564,0.0,0.0,0.02564102564102564,0.0,0.02564102564102564,0.02564102564102564,0.07692307692307693,2.8757163090882547,3.0,0.9585721030294182,0.1282051282051282,obj50,fld2,1
0.05,0.025,0.25,0.125,0.075,0.175,0.15,0.15,8,0.25,2,0.0,0.0,0.0,0.0,0.0,0.02564102564102564,0.0,0.02564102564102564,0.0,0.0,0.0,0.0,0.0,0.02564102564102564,0.0,0.0,0.0,0.02564102564102564,0.07692307692307693,0.05128205128205128,0.02564102564102564,0.02564102564102564,0.0,0.02564102564102564,0.0,0.0,0.07692307692307693,0.0,0.0,0.0,0.0,0.05128205128205128,0.0,0.0,0.0,0.0,0.02564102564102564,0.0,0.02564102564102564,0.02564102564102564,0.0,0.0,0.0,0.02564102564102564,0.0,0.05128205128205128,0.10256410256410256,0.0,0.02564102564102564,0.0,0.02564102564102564,0.0,0.02564102564102564,0.05128205128205128,0.02564102564102564,0.0,0.02564102564102564,0.0,0.07692307692307693,0.02564102564102564,0.0,0.0,0.0,0.02564102564102564,0.0,0.0,0.0,0.0,0.0,0.02564102564102564,0.0,0.02564102564102564,0.0,0.0,0.0,0.0,0.0,0.02564102564102564,0.0,0.0,0.0,0.02564102564102564,0.07692307692307693,0.05128205128205128,0.02564102564102564,0.02564102564102564,0.0,0.02564102564102564,0.0,0.0,0.07692307692307693,0.0,0.0,0.0,0.0,0.05128205128205128,0.0,0.0,0.0,0.0,0.02564102564102564,0.0,0.02564102564102564,0.02564102564102564,0.0,0.0,0.0,0.02564102564102564,0.0,0.05128205128205128,0.10256410256410256,0.0,0.02564102564102564,0.0,0.02564102564102564,0.0,0.02564102564102564,0.05128205128205128,0.02564102564102564,0.0,0.02564102564102564,0.0,0.07692307692307693,0.02564102564102564,0.0,0.0,0.0,0.02564102564102564,2.765557010174087,3.0,0.9218523367246957,0.20512820512820512,obj51,fld1,1
0.15,0.125,0.075,0.075,0.2,0.175,0.075,0.125,8,0.2,4,0.02564102564102564,0.02564102564102564,0.0,0.0,0.07692307692307693,0.0,0.02564102564102564,0.0,0.0,0.0,0.0,0.02564102564102564,0.0,0.05128205128205128,0.0,0.05128205128205128,0.0,0.0,0.0,0.0,0.0,0.05128205128205128,0.02564102564102564,0.0,0.0,0.02564102564102564,0.0,0.0,0.02564102564102564,0.0,0.0,0.0,0.02564102564102564,0.02564102564102564,0.02564102564102564,0.0,0.07692307692307693,0.0,0.0,0.05128205128205128,0.02564102564102564,0.02564102564102564,0.0,0.02564102564102564,0.02564102564102564,0.02564102564102564,0.02564102564102564,0.02564102564102564,0.02564102564102564,0.0,0.02564102564102564,0.0,0.0,0.02564102564102564,0.0,0.0,0.05128205128205128,0.02564102564102564,0.0,0.02564102564102564,0.0,0.02564102564102564,0.0,0.0,0.02564102564102564,0.02564102564102564,0.0,0.0,0.07692307692307693,0.0,0.02564102564102564,0.0,0.0,0.0,0.0,0.02564102564102564,0.0,0.05128205128205128,0.0,0.05128205128205128,0.0,0.0,0.0,0.0,0.0,0.05128205128205128,0.02564102564102564,0.0,0.0,0.02564102564102564,0.0,0.0,0.02564102564102564,0.0,0.0,0.0,0.02564102564102564,0.02564102564102564,0.02564102564102564,0.0,0.07692307692307693,0.0,0.0,0.05128205128205128,0.02564102564102564,0.02564102564102564,0.0,0.02564102564102564,0.02564102564102564,0.02564102564102564,0.02564102564102564,0.02564102564102564,0.02564102564102564,0.0,0.02564102564102564,0.0,0.0,0.02564102564102564,0.0,0.0,0.05128205128205128,0.02564102564102564,0.0,0.02564102564102564,0.0,0.02564102564102564,0.0,0.0,2.905798022035007,3.0,0.9685993406783356,0.1282051282051282,obj52,fld3,1
0.1,0.125,0.125,0.075,0.175,0.075,0.225,0.1,8,0.225,6,0.02564102564102564,0.0,0.0,0.0,0.05128205128205128,0.0,0.02564102564102564,0.0,0.0,0.02564102564102564,0.0,0.02564102564102564,0.0,0.02564102564102564,0.05128205128205128,0.0,0.02564102564102564,0.02564102564102564,0.0,0.02564102564102564,0.0,0.0,0.02564102564102564,0.02564102564102564,0.0,0.02564102564102564,0.02564102564102564,0.0,0.0,0.02564102564102564,0.0,0.0,0.0,0.05128205128205128,0.02564102564102564,0.0,0.05128205128205128,0.0,0.05128205128205128,0.0,0.02564102564102564,0.0,0.0,0.0,0.02564102564102564,0.0,0.0,0.02564102564102564,0.02564102564102564,0.0,0.02564102564102564,0.02564102564102564,0.05128205128205128,0.02564102564102564,0.0,0.05128205128205128,0.0,0.0,0.02564102564102564,0.0,0.0,0.0,0.07692307692307693,0.0,0.02564102564102564,0.0,0.0,0.0,0.05128205128205128,0.0,0.02564102564102564,0.0,0.0,0.02564102564102564,0.0,0.02564102564102564,0.0,0.02564102564102564,0.05128205128205128,0.0,0.02564102564102564,0.02564102564102564,0.0,0.02564102564102564,0.0,0.0,0.02564102564102564,0.02564102564102564,0.0,0.02564102564102564,0.02564102564102564,0.0,0.0,0.02564102564102564,0.0,0.0,0.0,0.05128205128205128,0.02564102564102564,0.0,0.05128205128205128,0.0,0.05128205128205128,0.0,0.02564102564102564,0.0,0.0,0.0,0.02564102564102564,0.0,0.0,0.02564102564102564,0.02564102564102564,0.0,0.02564102564102564,0.02564102564102564,0.05128205128205128,0.02564102564102564,0.0,0.05128205128205128,0.0,0.0,0.02564102564102564,0.0,0.0,0.0,0.07692307692307693,0.0,2.899181459372747,3.0,0.9663938197909157,0.10256410256410256,obj53,fld4,1
0.125,0.15,0.1,0.225,0.125,0.1,0.1,0.075,8,0.225,3,0.02564102564102564,0.02564102564102564,0.0,0.05128205128205128,0.0,0.0,0.0,0.02564102564102564,0.02564102564102564,0.0,0.02564102564102564,0.02564102564102564,0.0,0.05128205128205128,0.0,0.02564102564102564,0.02564102564102564,0.0,0.0,0.0,0.02564102564102564,0.0,0.05128205128205128,0.0,0.02564102564102564,0.02564102564102564,0.05128205128205128,0.05128205128205128,0.05128205128205128,0.0,0.02564102564102564,0.0,0.0,0.02564102564102564,0.0,0.02564102564102564,0.02564102564102564,0.02564102564102564,0.0,0.0,0.02564102564102564,0.0,0.0,0.05128205128205128,0.0,0.0,0.0,0.02564102564102564,0.0,0.0,0.0,0.02564102564102564,0.02564102564102564,0.02564102564102564,0.02564102564102564,0.0,0.0,0.05128205128205128,0.02564102564102564,0.0,0.0,0.0,0.0,0.0,0.02564102564102564,0.02564102564102564,0.0,0.05128205128205128,0.0,0.0,0.0,0.02564102564102564,0.02564102564102564,0.0,0.02564102564102564,0.02564102564102564,0.0,0.05128205128205128,0.0,0.02564102564102564,0.02564102564102564,0.0,0.0,0.0,0.02564102564102564,0.0,0.05128205128205128,0.0,0.02564102564102564,0.02564102564102564,0.05128205128205128,0.05128205128205128,0.05128205128205128,0.0,0.02564102564102564,0.0,0.0,0.02564102564102564,0.0,0.02564102564102564,0.02564102564102564,0.02564102564102564,0.0,0.0,0.02564102564102564,0.0,0.0,0.05128205128205128,0.0,0.0,0.0,0.02564102564102564,0.0,0.0,0.0,0.02564102564102564,0.02564102564102564,0.02564102564102564,0.02564102564102564,0.0,0.0,0.05128205128205128,0.02564102564102564,0.0,0.0,0.0,0.0,0.0,2.9215963831787413,3.0,0.9738654610595804,0.1282051282051282,obj54,fld3,0
0.15,0.125,0.05,0.175,0.125,0.15,0.025,0.2,8,0.2,7,0.02564102564102564,0.05128205128205128,0.0,0.02564102564102564,0.0,0.02564102564102564,0.0,0.02564102564102564,0.0,0.0,0.05128205128205128,0.02564102564102564,0.02564102564102564,0.0,0.0,0.02564102564102564,0.0,0.0,0.0,0.0,0.0,0.02564102564102564,0.0,0.02564102564102564,0.0,0.05128205128205128,0.0,0.0,0.05128205128205128,0.05128205128205128,0.0,0.02564102564102564,0.02564102564102564,0.02564102564102564,0.0,0.02564102564102564,0.0,0.02564102564102564,0.0,0.0,0.05128205128205128,0.0,0.0,0.05128205128205128,0.02564102564102564,0.0,0.02564102564102564,0.0,0.0,0.0,0.0,0.0,0.0,0.0,0.0,0.02564102564102564,0.05128205128205128,0.0,0.0,0.02564102564102564,0.02564102564102564,0.02564102564102564,0.0,0.07692307692307693,0.02564102564102564,0.05128205128205128,0.0,0.02564102564102564,0.0,0.02564102564102564,0.0,0.02564102564102564,0.0,0.0,0.05128205128205128,0.02564102564102564,0.02564102564102564,0.0,0.0,0.02564102564102564,0.0,0.0,0.0,0.0,0.0,0.02564102564102564,0.0,0.02564102564102564,0.0,0.05128205128205128,0.0,0.0,0.05128205128205128,0.05128205128205128,0.0,0.02564102564102564,0.02564102564102564,0.02564102564102564,0.0,0.02564102564102564,0.0,0.02564102564102564,0.0,0.0,0.05128205128205128,0.0,0.0,0.05128205128205128,0.02564102564102564,0.0,0.02564102564102564,0.0,0.0,0.0,0.0,0.0,0.0,0.0,0.0,0.02564102564102564,0.05128205128205128,0.0,0.0,0.02564102564102564,0.02564102564102564,0.02564102564102564,0.0,0.07692307692307693,2.8246702095890943,3.0,0.9415567365296981,0.10256410256410256,obj55,fld1,0
0.075,0.225,0.2,0.075,0.025,0.15,0.1,0.15,8,0.225,1,0.0,0.02564102564102564,0.02564102564102564,0.0,0.0,0.02564102564102564,0.0,0.0,0.05128205128205128,0.02564102564102564,0.05128205128205128,0.0,0.0,0.05128205128205128,0.02564102564102564,0.02564102564102564,0.02564102564102564,0.02564102564102564,0.07692307692307693,0.02564102564102564,0.0,0.0,0.05128205128205128,0.0,0.0,0.05128205128205128,0.02564102564102564,0.0,0.0,0.0,0.0,0.0,0.0,0.0,0.0,0.02564102564102564,0.0,0.0,0.0,0.0,0.0,0.05128205128205128,0.0,0.0,0.0,0.05128205128205128,0.02564102564102564,0.02564102564102564,0.0,0.02564102564102564,0.02564102564102564,0.0,0.0,0.02564102564102564,0.0,0.02564102564102564,0.0,0.02564102564102564,0.0,0.02564102564102564,0.02564102564102564,0.0,0.0,0.05128205128205128,0.0,0.02564102564102564,0.02564102564102564,0.0,0.0,0.02564102564102564,0.0,0.0,0.05128205128205128,0.02564102564102564,0.05128205128205128,0.0,0.0,0.05128205128205128,0.02564102564102564,0.02564102564102564,0.02564102564102564,0.02564102564102564,0.07692307692307693,0.02564102564102564,0.0,0.0,0.05128205128205128,0.0,0.0,0.05128205128205128,0.02564102564102564,0.0,0.0,0.0,0.0,0.0,0.0,0.0,0.0,0.02564102564102564,0.0,0.0,0.0,0.0,0.0,0.05128205128205128,0.0,0.0,0.0,0.05128205128205128,0.02564102564102564,0.02564102564102564,0.0,0.02564102564102564,0.02564102564102564,0.0,0.0,0.02564102564102564,0.0,0.02564102564102564,0.0,0.02564102564102564,0.0,0.02564102564102564,0.02564102564102564,0.0,0.0,0.05128205128205128,2.795461844238321,3.0,0.931820614746107,0.20512820512820512,obj56,fld3,0
0.125,0.225,0.15,0.1,0.1,0.05,0.125,0.125,8,0.225,1,0.0,0.02564102564102564,0.0,0.0,0.07692307692307693,0.0,0.0,0.02564102564102564,0.0,0.02564102564102564,0.07692307692307693,0.0,0.0,0.02564102564102564,0.05128205128205128,0.05128205128205128,0.05128205128205128,0.02564102564102564,0.02564102564102564,0.02564102564102564,0.0,0.0,0.0,0.02564102564102564,0.0,0.0,0.0,0.02564102564102564,0.0,0.02564102564102564,0.02564102564102564,0.02564102564102564,0.05128205128205128,0.02564102564102564,0.02564102564102564,0.0,0.0,0.0,0.0,0.0,0.0,0.0,0.02564102564102564,0.0,0.0,0.0,0.02564102564102564,0.0,0.0,0.05128205128205128,0.0,0.05128205128205128,0.02564102564102564,0.0,0.0,0.0,0.02564102564102564,0.07692307692307693,0.0,0.0,0.0,0.0,0.0,0.0,0.0,0.02564102564102564,0.0,0.0,0.07692307692307693,0.0,0.0,0.02564102564102564,0.0,0.02564102564102564,0.07692307692307693,0.0,0.0,0.02564102564102564,0.05128205128205128,0.05128205128205128,0.05128205128205128,0.02564102564102564,0.02564102564102564,0.02564102564102564,0.0,0.0,0.0,0.02564102564102564,0.0,0.0,0.0,0.02564102564102564,0.0,0.02564102564102564,0.02564102564102564,0.02564102564102564,0.05128205128205128,0.02564102564102564,0.02564102564102564,0.0,0.0,0.0,0.0,0.0,0.0,0.0,0.02564102564102564,0.0,0.0,0.0,0.02564102564102564,0.0,0.0,0.05128205128205128,0.0,0.05128205128205128,0.02564102564102564,0.0,0.0,0.0,0.02564102564102564,0.07692307692307693,0.0,0.0,0.0,0.0,0.0,0.0,2.9002275588719075,3.0,0.9667425196239692,0.07692307692307693,obj57,fld3,1
0.05,0.1,0.175,0.1,0.125,0.175,0.175,0.1,8,0.175,6,0.0,0.0,0.02564102564102564,0.02564102564102564,0.0,0.0,0.0,0.0,0.0,0.0,0.05128205128205128,0.0,0.0,0.0,0.05128205128205128,0.0,0.0,0.02564102564102564,0.0,0.02564102564102564,0.07692307692307693,0.02564102564102564,0.0,0.02564102564102564,0.0,0.0,0.0,0.0,0.0,0.05128205128205128,0.02564102564102564,0.02564102564102564,0.0,0.02564102564102564,0.0,0.0,0.0,0.02564102564102564,0.05128205128205128,0.02564102564102564,0.05128205128205128,0.02564102564102564,0.0,0.02564102564102564,0.02564102564102564,0.02564102564102564,0.0,0.0,0.0,0.0,0.07692307692307693,0.0,0.02564102564102564,0.05128205128205128,0.02564102564102564,0.0,0.0,0.02564102564102564,0.02564102564102564,0.02564102564102564,0.0,0.0,0.0,0.02564102564102564,0.0,0.0,0.02564102564102564,0.02564102564102564,0.0,0.0,0.0,0.0,0.0,0.0,0.05128205128205128,0.0,0.0,0.0,0.05128205128205128,0.0,0.0,0.02564102564102564,0.0,0.02564102564102564,0.07692307692307693,0.02564102564102564,0.0,0.02564102564102564,0.0,0.0,0.0,0.0,0.0,0.05128205128205128,0.02564102564102564,0.02564102564102564,0.0,0.02564102564102564,0.0,0.0,0.0,0.02564102564102564,0.05128205128205128,0.02564102564102564,0.05128205128205128,0.02564102564102564,0.0,0.02564102564102564,0.02564102564102564,0.02564102564102564,0.0,0.0,0.0,0.0,0.07692307692307693,0.0,0.02564102564102564,0.05128205128205128,0.02564102564102564,0.0,0.0,0.02564102564102564,0.02564102564102564,0.02564102564102564,0.0,0.0,0.0,0.02564102564102564,2.9078257489461996,3.0,0.9692752496487332,0.07692307692307693,obj58,fld1,1
0.175,0.1,0.125,0.2,0.025,0.175,0.1,0.1,8,0.2,3,0.0,0.02564102564102564,0.0,0.07692307692307693,0.0,0.05128205128205128,0.0,0.0,0.0,0.02564102564102564,0.0,0.0,0.0,0.0,0.0,0.07692307692307693,0.05128205128205128,0.0,0.0,0.02564102564102564,0.0,0.05128205128205128,0.0,0.0,0.02564102564102564,0.05128205128205128,0.05128205128205128,0.05128205128205128,0.0,0.0,0.02564102564102564,0.0,0.0,0.0,0.0,0.0,0.0,0.0,0.0,0.02564102564102564,0.05128205128205128,0.0,0.02564102564102564,0.02564102564102564,0.0,0.02564102564102564,0.05128205128205128,0.0,0.02564102564102564,0.0,0.0,0.0,0.0,0.05128205128205128,0.02564102564102564,0.0,0.02564102564102564,0.0,0.02564102564102564,0.02564102564102564,0.02564102564102564,0.0,0.0,0.0,0.0,0.02564102564102564,0.0,0.07692307692307693,0.0,0.05128205128205128,0.0,0.0,0.0,0.02564102564102564,0.0,0.0,0.0,0.0,0.0,0.07692307692307693,0.05128205128205128,0.0,0.0,0.02564102564102564,0.0,0.05128205128205128,0.0,0.0,0.02564102564102564,0.05128205128205128,0.05128205128205128,0.05128205128205128,0.0,0.0,0.02564102564102564,0.0,0.0,0.0,0.0,0.0,0.0,0.0,0.0,0.02564102564102564,0.05128205128205128,0.0,0.02564102564102564,0.02564102564102564,0.0,0.02564102564102564,0.05128205128205128,0.0,0.02564102564102564,0.0,0.0,0.0,0.0,0.05128205128205128,0.02564102564102564,0.0,0.02564102564102564,0.0,0.02564102564102564,0.02564102564102564,0.02564102564102564,0.0,0.0,0.0,2.8491128603062803,3.0,0.9497042867687601,0.1282051282051282,obj59,fld1,0
0.25,0.15,0.175,0.05,0.1,0.025,0.175,0.075,8,0.25,0,0.05128205128205128,0.02564102564102564,0.05128205128205128,0.02564102564102564,0.02564102564102564,0.02564102564102564,0.05128205128205128,0.0,0.05128205128205128,0.05128205128205128,0.0,0.0,0.0,0.0,0.02564102564102564,0.02564102564102564,0.05128205128205128,0.02564102564102564,0.02564102564102564,0.0,0.02564102564102564,0.0,0.02564102564102564,0.02564102564102564,0.02564102564102564,0.02564102564102564,0.0,0.0,0.0,0.0,0.0,0.0,0.0,0.02564102564102564,0.05128205128205128,0.02564102564102564,0.0,0.0,0.0,0.0,0.0,0.0,0.0,0.0,0.0,0.0,0.0,0.0,0.02564102564102564,0.0,0.02564102564102564,0.0,0.05128205128205128,0.0,0.07692307692307693,0.0,0.05128205128205128,0.0,0.02564102564102564,0.0,0.0,0.0,0.0,0.0,0.05128205128205128,0.02564102564102564,0.05128205128205128,0.02564102564102564,0.02564102564102564,0.02564102564102564,0.05128205128205128,0.0,0.05128205128205128,0.05128205128205128,0.0,0.0,0.0,0.0,0.02564102564102564,0.02564102564102564,0.05128205128205128,0.02564102564102564,0.02564102564102564,0.0,0.02564102564102564,0.0,0.02564102564102564,0.02564102564102564,0.02564102564102564,0.02564102564102564,0.0,0.0,0.0,0.0,0.0,0.0,0.0,0.02564102564102564,0.05128205128205128,0.02564102564102564,0.0,0.0,0.0,0.0,0.0,0.0,0.0,0.0,0.0,0.0,0.0,0.0,0.02564102564102564,0.0,0.02564102564102564,0.0,0.05128205128205128,0.0,0.07692307692307693,0.0,0.05128205128205128,0.0,0.02564102564102564,0.0,0.0,0.0,0.0,0.0,2.7522552857831,3.0,0.9174184285943667,0.20512820512820512,obj60,fld5,0
0.125,0.1,0.1,0.075,0.175,0.15,0.15,0.125,8,0.175,4,0.02564102564102564,0.0,0.02564102564102564,0.0,0.02564102564102564,0.0,0.0,0.05128205128205128,0.02564102564102564,0.0,0.0,0.0,0.05128205128205128,0.02564102564102564,0.0,0.0,0.0,0.02564102564102564,0.02564102564102564,0.02564102564102564,0.0,0.0,0.02564102564102564,0.0,0.0,0.0,0.0,0.0,0.0,0.02564102564102564,0.02564102564102564,0.02564102564102564,0.02564102564102564,0.02564102564102564,0.02564102564102564,0.0,0.05128205128205128,0.0,0.02564102564102564,0.0,0.0,0.02564102564102564,0.02564102564102564,0.02564102564102564,0.02564102564102564,0.05128205128205128,0.0,0.0,0.05128205128205128,0.02564102564102564,0.0,0.0,0.0,0.05128205128205128,0.0,0.02564102564102564,0.0,0.0,0.0,0.02564102564102564,0.02564102564102564,0.0,0.05128205128205128,0.02564102564102564,0.02564102564102564,0.0,0.02564102564102564,0.0,0.02564102564102564,0.0,0.0,0.05128205128205128,0.02564102564102564,0.0,0.0,0.0,0.05128205128205128,0.02564102564102564,0.0,0.0,0.0,0.02564102564102564,0.02564102564102564,0.02564102564102564,0.0,0.0,0.02564102564102564,0.0,0.0,0.0,0.0,0.0,0.0,0.02564102564102564,0.02564102564102564,0.02564102564102564,0.02564102564102564,0.02564102564102564,0.02564102564102564,0.0,0.05128205128205128,0.0,0.02564102564102564,0.0,0.0,0.02564102564102564,0.02564102564102564,0.02564102564102564,0.02564102564102564,0.05128205128205128,0.0,0.0,0.05128205128205128,0.02564102564102564,0.0,0.0,0.0,0.05128205128205128,0.0,0.02564102564102564,0.0,0.0,0.0,0.02564102564102564,0.02564102564102564,0.0,0.05128205128205128,0.02564102564102564,2.9557980220350073,3.0,0.9852660073450025,0.1794871794871795,obj61,fld2,1
0.05,0.15,0.075,0.15,0.075,0.125,0.15,0.225,8,0.225,7,0.0,0.0,0.0,0.02564102564102564,0.0,0.0,0.0,0.02564102564102564,0.02564102564102564,0.02564102564102564,0.0,0.0,0.02564102564102564,0.02564102564102564,0.0,0.05128205128205128,0.0,0.02564102564102564,0.0,0.0,0.0,0.0,0.0,0.05128205128205128,0.0,0.02564102564102564,0.02564102564102564,0.05128205128205128,0.0,0.02564102564102564,0.02564102564102564,0.0,0.02564102564102564,0.0,0.0,0.0,0.0,0.0,0.02564102564102564,0.0,0.0,0.0,0.0,0.0,0.05128205128205128,0.02564102564102564,0.02564102564102564,0.02564102564102564,0.0,0.02564102564102564,0.0,0.02564102564102564,0.0,0.05128205128205128,0.02564102564102564,0.02564102564102564,0.0,0.05128205128205128,0.05128205128205128,0.05128205128205128,0.0,0.0,0.02564102564102564,0.05128205128205128,0.0,0.0,0.0,0.02564102564102564,0.0,0.0,0.0,0.02564102564102564,0.02564102564102564,0.02564102564102564,0.0,0.0,0.02564102564102564,0.02564102564102564,0.0,0.05128205128205128,0.0,0.02564102564102564,0.0,0.0,0.0,0.0,0.0,0.05128205128205128,0.0,0.02564102564102564,0.02564102564102564,0.05128205128205128,0.0,0.02564102564102564,0.02564102564102564,0.0,0.02564102564102564,0.0,0.0,0.0,0.0,0.0,0.02564102564102564,0.0,0.0,0.0,0.0,0.0,0.05128205128205128,0.02564102564102564,0.02564102564102564,0.02564102564102564,0.0,0.02564102564102564,0.0,0.02564102564102564,0.0,0.05128205128205128,0.02564102564102564,0.02564102564102564,0.0,0.05128205128205128,0.05128205128205128,0.05128205128205128,0.0,0.0,0.02564102564102564,0.05128205128205128,2.8674764572692277,3.0,0.9558254857564092,0.1794871794871795,obj62,fld3,1
0.1,0.2,0.175,0.15,0.1,0.125,0.025,0.125,8,0.2,1,0.02564102564102564,0.02564102564102564,0.0,0.02564102564102564,0.02564102564102564,0.0,0.0,0.0,0.0,0.02564102564102564,0.05128205128205128,0.0,0.02564102564102564,0.10256410256410256,0.0,0.0,0.0,0.02564102564102564,0.07692307692307693,0.02564102564102564,0.02564102564102564,0.0,0.0,0.02564102564102564,0.05128205128205128,0.02564102564102564,0.0,0.02564102564102564,0.0,0.0,0.0,0.05128205128205128,0.0,0.05128205128205128,0.02564102564102564,0.0,0.0,0.02564102564102564,0.0,0.0,0.02564102564102564,0.02564102564102564,0.0,0.05128205128205128,0.0,0.0,0.02564102564102564,0.0,0.0,0.0,0.0,0.0,0.0,0.0,0.0,0.02564102564102564,0.0,0.02564102564102564,0.0,0.02564102564102564,0.02564102564102564,0.0,0.0,0.02564102564102564,0.02564102564102564,0.02564102564102564,0.0,0.02564102564102564,0.02564102564102564,0.0,0.0,0.0,0.0,0.02564102564102564,0.05128205128205128,0.0,0.02564102564102564,0.10256410256410256,0.0,0.0,0.0,0.02564102564102564,0.07692307692307693,0.02564102564102564,0.02564102564102564,0.0,0.0,0.02564102564102564,0.05128205128205128,0.02564102564102564,0.0,0.02564102564102564,0.0,0.0,0.0,0.05128205128205128,0.0,0.05128205128205128,0.02564102564102564,0.0,0.0,0.02564102564102564,0.0,0.0,0.02564102564102564,0.02564102564102564,0.0,0.05128205128205128,0.0,0.0,0.02564102564102564,0.0,0.0,0.0,0.0,0.0,0.0,0.0,0.0,0.02564102564102564,0.0,0.02564102564102564,0.0,0.02564102564102564,0.02564102564102564,0.0,0.0,0.02564102564102564,2.8624145846972673,3.0,0.9541381948990891,0.1794871794871795,obj63,fld5,1
0.075,0.15,0.1,0.125,0.1,0.1,0.225,0.125,8,0.225,6,0.0,0.02564102564102564,0.0,0.02564102564102564,0.0,0.0,0.0,0.02564102564102564,0.02564102564102564,0.0,0.0,0.0,0.0,0.05128205128205128,0.05128205128205128,0.02564102564102564,0.02564102564102564,0.0,0.02564102564102564,0.0,0.0,0.0,0.05128205128205128,0.0,0.02564102564102564,0.0,0.0,0.05128205128205128,0.0,0.0,0.05128205128205128,0.0,0.0,0.02564102564102564,0.02564102564102564,0.0,0.02564102564102564,0.0,0.0,0.02564102564102564,0.0,0.0,0.0,0.05128205128205128,0.02564102564102564,0.0,0.0,0.0,0.0,0.07692307692307693,0.05128205128205128,0.0,0.05128205128205128,0.02564102564102564,0.0,0.02564102564102564,0.0,0.02564102564102564,0.0,0.0,0.0,0.02564102564102564,0.05128205128205128,0.02564102564102564,0.0,0.02564102564102564,0.0,0.02564102564102564,0.0,0.0,0.0,0.02564102564102564,0.02564102564102564,0.0,0.0,0.0,0.0,0.05128205128205128,0.05128205128205128,0.02564102564102564,0.02564102564102564,0.0,0.02564102564102564,0.0,0.0,0.0,0.05128205128205128,0.0,0.02564102564102564,0.0,0.0,0.05128205128205128,0.0,0.0,0.05128205128205128,0.0,0.0,0.02564102564102564,0.02564102564102564,0.0,0.02564102564102564,0.0,0.0,0.02564102564102564,0.0,0.0,0.0,0.05128205128205128,0.02564102564102564,0.0,0.0,0.0,0.0,0.07692307692307693,0.05128205128205128,0.0,0.05128205128205128,0.02564102564102564,0.0,0.02564102564102564,0.0,0.02564102564102564,0.0,0.0,0.0,0.02564102564102564,0.05128205128205128,0.02564102564102564,2.9215963831787413,3.0,0.9738654610595804,0.1282051282051282,obj64,fld2,1
0.175,0.125,0.1,0.175,0.1,0.125,0.125,0.075,8,0.175,3,0.05128205128205128,0.02564102564102564,0.02564102564102564,0.0,0.02564102564102564,0.02564102564102564,0.0,0.02564102564102564,0.02564102564102564,0.0,0.0,0.02564102564102564,0.0,0.05128205128205128,0.02564102564102564,0.0,0.02564102564102564,0.0,0.0,0.05128205128205128,0.0,0.02564102564102564,0.0,0.0,0.02564102564102564,0.02564102564102564,0.0,0.02564102564102564,0.0,0.0,0.07692307692307693,0.02564102564102564,0.0,0.0,0.0,0.02564102564102564,0.02564102564102564,0.0,0.02564102564102564,0.02564102564102564,0.0,0.02564102564102564,0.0,0.02564102564102564,0.05128205128205128,0.0,0.0,0.0,0.02564102564102564,0.0,0.07692307692307693,0.0,0.0,0.02564102564102564,0.0,0.0,0.02564102564102564,0.05128205128205128,0.0,0.0,0.0,0.0,0.0,0.0,0.05128205128205128,0.02564102564102564,0.02564102564102564,0.0,0.02564102564102564,0.02564102564102564,0.0,0.02564102564102564,0.02564102564102564,0.0,0.0,0.02564102564102564,0.0,0.05128205128205128,0.02564102564102564,0.0,0.02564102564102564,0.0,0.0,0.05128205128205128,0.0,0.02564102564102564,0.0,0.0,0.02564102564102564,0.02564102564102564,0.0,0.02564102564102564,0.0,0.0,0.07692307692307693,0.02564102564102564,0.0,0.0,0.0,0.02564102564102564,0.02564102564102564,0.0,0.02564102564102564,0.02564102564102564,0.0,0.02564102564102564,0.0,0.02564102564102564,0.05128205128205128,0.0,0.0,0.0,0.02564102564102564,0.0,0.07692307692307693,0.0,0.0,0.02564102564102564,0.0,0.0,0.02564102564102564,0.05128205128205128,0.0,0.0,0.0,0.0,0.0,0.0,2.949758649030353,3.0,0.9832528830101177,0.10256410256410256,obj65,fld4,0
0.1,0.1,0.15,0.075,0.075,0.2,0.2,0.1,8,0.2,5,0.0,0.0,0.0,0.02564102564102564,0.0,0.0,0.02564102564102564,0.05128205128205128,0.0,0.02564102564102564,0.02564102564102564,0.02564102564102564,0.0,0.0,0.02564102564102564,0.0,0.02564102564102564,0.0,0.02564102564102564,0.0,0.0,0.02564102564102564,0.05128205128205128,0.0,0.0,0.02564102564102564,0.02564102564102564,0.0,0.0,0.0,0.0,0.02564102564102564,0.0,0.05128205128205128,0.0,0.0,0.0,0.02564102564102564,0.0,0.0,0.07692307692307693,0.0,0.02564102564102564,0.02564102564102564,0.02564102564102564,0.02564102564102564,0.02564102564102564,0.0,0.0,0.0,0.05128205128205128,0.0,0.02564102564102564,0.05128205128205128,0.05128205128205128,0.02564102564102564,0.0,0.0,0.0,0.0,0.02564102564102564,0.05128205128205128,0.02564102564102564,0.0,0.0,0.0,0.0,0.02564102564102564,0.0,0.0,0.02564102564102564,0.05128205128205128,0.0,0.02564102564102564,0.02564102564102564,0.02564102564102564,0.0,0.0,0.02564102564102564,0.0,0.02564102564102564,0.0,0.02564102564102564,0.0,0.0,0.02564102564102564,0.05128205128205128,0.0,0.0,0.02564102564102564,0.02564102564102564,0.0,0.0,0.0,0.0,0.02564102564102564,0.0,0.05128205128205128,0.0,0.0,0.0,0.02564102564102564,0.0,0.0,0.07692307692307693,0.0,0.02564102564102564,0.02564102564102564,0.02564102564102564,0.02564102564102564,0.02564102564102564,0.0,0.0,0.0,0.05128205128205128,0.0,0.02564102564102564,0.05128205128205128,0.05128205128205128,0.02564102564102564,0.0,0.0,0.0,0.0,0.02564102564102564,0.05128205128205128,0.02564102564102564,0.0,2.8964393446710153,3.0,0.9654797815570051,0.1282051282051282,obj66,fld4,1
0.225,0.125,0.225,0.15,0.025,0.075,0.15,0.025,8,0.225,2,0.10256410256410256,0.0,0.02564102564102564,0.02564102564102564,0.0,0.02564102564102564,0.05128205128205128,0.0,0.02564102564102564,0.0,0.02564102564102564,0.02564102564102564,0.0,0.0,0.02564102564102564,0.02564102564102564,0.07692307692307693,0.02564102564102564,0.02564102564102564,0.02564102564102564,0.02564102564102564,0.02564102564102564,0.02564102564102564,0.0,0.0,0.02564102564102564,0.05128205128205128,0.02564102564102564,0.0,0.0,0.02564102564102564,0.0,0.0,0.0,0.0,0.02564102564102564,0.0,0.0,0.0,0.0,0.0,0.02564102564102564,0.02564102564102564,0.0,0.0,0.02564102564102564,0.0,0.0,0.02564102564102564,0.05128205128205128,0.05128205128205128,0.0,0.0,0.0,0.02564102564102564,0.0,0.0,0.0,0.0,0.02564102564102564,0.0,0.0,0.0,0.0,0.10256410256410256,0.0,0.02564102564102564,0.02564102564102564,0.0,0.02564102564102564,0.05128205128205128,0.0,0.02564102564102564,0.0,0.02564102564102564,0.02564102564102564,0.0,0.0,0.02564102564102564,0.02564102564102564,0.07692307692307693,0.02564102564102564,0.02564102564102564,0.02564102564102564,0.02564102564102564,0.02564102564102564,0.02564102564102564,0.0,0.0,0.02564102564102564,0.05128205128205128,0.02564102564102564,0.0,0.0,0.02564102564102564,0.0,0.0,0.0,0.0,0.02564102564102564,0.0,0.0,0.0,0.0,0.0,0.02564102564102564,0.02564102564102564,0.0,0.0,0.02564102564102564,0.0,0.0,0.02564102564102564,0.05128205128205128,0.05128205128205128,0.0,0.0,0.0,0.02564102564102564,0.0,0.0,0.0,0.0,0.02564102564102564,0.0,0.0,0.0,0.0,2.710859894606968,3.0,0.9036199648689894,0.20512820512820512,obj67,fld2,0
0.075,0.175,0.1,0.1,0.05,0.275,0.075,0.15,8,0.275,5,0.02564102564102564,0.0,0.0,0.0,0.0,0.05128205128205128,0.0,0.0,0.02564102564102564,0.07692307692307693,0.0,0.0,0.02564102564102564,0.05128205128205128,0.0,0.0,0.0,0.02564102564102564,0.0,0.0,0.02564102564102564,0.0,0.02564102564102564,0.02564102564102564,0.0,0.0,0.02564102564102564,0.0,0.0,0.05128205128205128,0.02564102564102564,0.0,0.0,0.02564102564102564,0.02564102564102564,0.0,0.0,0.0,0.0,0.0,0.0,0.05128205128205128,0.05128205128205128,0.05128205128205128,0.0,0.07692307692307693,0.0,0.02564102564102564,0.0,0.0,0.0,0.02564102564102564,0.0,0.0,0.0,0.05128205128205128,0.02564102564102564,0.0,0.0,0.02564102564102564,0.0,0.02564102564102564,0.02564102564102564,0.05128205128205128,0.02564102564102564,0.0,0.0,0.0,0.0,0.05128205128205128,0.0,0.0,0.02564102564102564,0.07692307692307693,0.0,0.0,0.02564102564102564,0.05128205128205128,0.0,0.0,0.0,0.02564102564102564,0.0,0.0,0.02564102564102564,0.0,0.02564102564102564,0.02564102564102564,0.0,0.0,0.02564102564102564,0.0,0.0,0.05128205128205128,0.02564102564102564,0.0,0.0,0.02564102564102564,0.02564102564102564,0.0,0.0,0.0,0.0,0.0,0.0,0.05128205128205128,0.05128205128205128,0.05128205128205128,0.0,0.07692307692307693,0.0,0.02564102564102564,0.0,0.0,0.0,0.02564102564102564,0.0,0.0,0.0,0.05128205128205128,0.02564102564102564,0.0,0.0,0.02564102564102564,0.0,0.02564102564102564,0.02564102564102564,0.05128205128205128,2.803808538185678,3.0,0.9346028460618926,0.23076923076923078,obj68,fld3,1
0.05,0.075,0.225,0.2,0.175,0.05,0.175,0.05,8,0.225,2,0.0,0.0,0.02564102564102564,0.02564102564102564,0.0,0.0,0.0,0.0,0.0,0.0,0.05128205128205128,0.0,0.0,0.02564102564102564,0.0,0.0,0.05128205128205128,0.0,0.05128205128205128,0.02564102564102564,0.07692307692307693,0.0,0.02564102564102564,0.0,0.0,0.02564102564102564,0.10256410256410256,0.0,0.02564102564102564,0.0,0.05128205128205128,0.0,0.0,0.0,0.0,0.05128205128205128,0.02564102564102564,0.02564102564102564,0.05128205128205128,0.02564102564102564,0.0,0.0,0.0,0.02564102564102564,0.02564102564102564,0.0,0.0,0.0,0.0,0.0,0.0,0.07692307692307693,0.02564102564102564,0.0,0.05128205128205128,0.02564102564102564,0.0,0.02564102564102564,0.0,0.0,0.0,0.0,0.0,0.0,0.0,0.0,0.02564102564102564,0.02564102564102564,0.0,0.0,0.0,0.0,0.0,0.0,0.05128205128205128,0.0,0.0,0.02564102564102564,0.0,0.0,0.05128205128205128,0.0,0.05128205128205128,0.02564102564102564,0.07692307692307693,0.0,0.02564102564102564,0.0,0.0,0.02564102564102564,0.10256410256410256,0.0,0.02564102564102564,0.0,0.05128205128205128,0.0,0.0,0.0,0.0,0.05128205128205128,0.02564102564102564,0.02564102564102564,0.05128205128205128,0.02564102564102564,0.0,0.0,0.0,0.02564102564102564,0.02564102564102564,0.0,0.0,0.0,0.0,0.0,0.0,0.07692307692307693,0.02564102564102564,0.0,0.05128205128205128,0.02564102564102564,0.0,0.02564102564102564,0.0,0.0,0.0,0.0,0.0,0.0,2.757248559288594,3.0,0.919082853096198,0.1282051282051282,obj69,fld3,1
0.1,0.125,0.1,0.1,0.15,0.125,0.15,0.15,8,0.15,4,0.02564102564102564,0.0,0.0,0.02564102564102564,0.0,0.02564102564102564,0.0,0.02564102564102564,0.0,0.0,0.0,0.0,0.0,0.05128205128205128,0.05128205128205128,0.02564102564102564,0.02564102564102564,0.0,0.0,0.0,0.0,0.02564102564102564,0.02564102564102564,0.02564102564102564,0.02564102564102564,0.0,0.02564102564102564,0.0,0.02564102564102564,0.0,0.02564102564102564,0.0,0.0,0.0,0.02564102564102564,0.02564102564102564,0.02564102564102564,0.0,0.05128205128205128,0.02564102564102564,0.0,0.05128205128205128,0.05128205128205128,0.0,0.0,0.02564102564102564,0.0,0.0,0.0,0.02564102564102564,0.0,0.02564102564102564,0.05128205128205128,0.0,0.0,0.02564102564102564,0.02564102564102564,0.05128205128205128,0.0,0.02564102564102564,0.02564102564102564,0.0,0.0,0.02564102564102564,0.02564102564102564,0.0,0.0,0.02564102564102564,0.0,0.02564102564102564,0.0,0.02564102564102564,0.0,0.0,0.0,0.0,0.0,0.05128205128205128,0.05128205128205128,0.02564102564102564,0.02564102564102564,0.0,0.0,0.0,0.0,0.02564102564102564,0.02564102564102564,0.02564102564102564,0.02564102564102564,0.0,0.02564102564102564,0.0,0.02564102564102564,0.0,0.02564102564102564,0.0,0.0,0.0,0.02564102564102564,0.02564102564102564,0.02564102564102564,0.0,0.05128205128205128,0.02564102564102564,0.0,0.05128205128205128,0.05128205128205128,0.0,0.0,0.02564102564102564,0.0,0.0,0.0,0.02564102564102564,0.0,0.02564102564102564,0.05128205128205128,0.0,0.0,0.02564102564102564,0.02564102564102564,0.05128205128205128,0.0,0.02564102564102564,0.02564102564102564,0.0,0.0,0.02564102564102564,2.978212945841002,3.0,0.9927376486136673,0.10256410256410256,obj70,fld4,1
0.1,0.175,0.15,0.075,0.15,0.025,0.2,0.125,8,0.2,6,0.0,0.02564102564102564,0.0,0.02564102564102564,0.0,0.0,0.05128205128205128,0.0,0.02564102564102564,0.05128205128205128,0.05128205128205128,0.0,0.05128205128205128,0.0,0.0,0.0,0.0,0.02564102564102564,0.02564102564102564,0.0,0.05128205128205128,0.0,0.02564102564102564,0.02564102564102564,0.0,0.0,0.02564102564102564,0.02564102564102564,0.02564102564102564,0.0,0.0,0.0,0.0,0.05128205128205128,0.0,0.0,0.0,0.02564102564102564,0.02564102564102564,0.02564102564102564,0.0,0.0,0.02564102564102564,0.0,0.0,0.0,0.0,0.0,0.07692307692307693,0.0,0.0,0.02564102564102564,0.02564102564102564,0.0,0.02564102564102564,0.05128205128205128,0.0,0.02564102564102564,0.02564102564102564,0.0,0.0,0.0,0.07692307692307693,0.0,0.0,0.02564102564102564,0.0,0.02564102564102564,0.0,0.0,0.05128205128205128,0.0,0.02564102564102564,0.05128205128205128,0.05128205128205128,0.0,0.05128205128205128,0.0,0.0,0.0,0.0,0.02564102564102564,0.02564102564102564,0.0,0.05128205128205128,0.0,0.02564102564102564,0.02564102564102564,0.0,0.0,0.02564102564102564,0.02564102564102564,0.02564102564102564,0.0,0.0,0.0,0.0,0.05128205128205128,0.0,0.0,0.0,0.02564102564102564,0.02564102564102564,0.02564102564102564,0.0,0.0,0.02564102564102564,0.0,0.0,0.0,0.0,0.0,0.07692307692307693,0.0,0.0,0.02564102564102564,0.02564102564102564,0.0,0.02564102564102564,0.05128205128205128,0.0,0.02564102564102564,0.02564102564102564,0.0,0.0,0.0,0.07692307692307693,0.0,2.8460390338959276,3.0,0.9486796779653092,0.1282051282051282,obj71,fld2,1
0.075,0.125,0.075,0.15,0.175,0.125,0.175,0.1,8,0.175,6,0.0,0.0,0.0,0.0,0.05128205128205128,0.02564102564102564,0.0,0.0,0.0,0.05128205128205128,0.02564102564102564,0.02564102564102564,0.0,0.0,0.0,0.02564102564102564,0.0,0.0,0.0,0.02564102564102564,0.02564102564102564,0.02564102564102564,0.0,0.0,0.0,0.0,0.0,0.05128205128205128,0.0,0.02564102564102564,0.05128205128205128,0.0,0.0,0.05128205128205128,0.0,0.02564102564102564,0.05128205128205128,0.0,0.02564102564102564,0.02564102564102564,0.0,0.0,0.02564102564102564,0.02564102564102564,0.0,0.02564102564102564,0.02564102564102564,0.02564102564102564,0.02564102564102564,0.0,0.0,0.0,0.05128205128205128,0.02564102564102564,0.05128205128205128,0.02564102564102564,0.02564102564102564,0.02564102564102564,0.02564102564102564,0.0,0.0,0.0,0.02564102564102564,0.0,0.0,0.0,0.0,0.0,0.05128205128205128,0.02564102564102564,0.0,0.0,0.0,0.05128205128205128,0.02564102564102564,0.02564102564102564,0.0,0.0,0.0,0.02564102564102564,0.0,0.0,0.0,0.02564102564102564,0.02564102564102564,0.02564102564102564,0.0,0.0,0.0,0.0,0.0,0.05128205128205128,0.0,0.02564102564102564,0.05128205128205128,0.0,0.0,0.05128205128205128,0.0,0.02564102564102564,0.05128205128205128,0.0,0.02564102564102564,0.02564102564102564,0.0,0.0,0.02564102564102564,0.02564102564102564,0.0,0.02564102564102564,0.02564102564102564,0.02564102564102564,0.02564102564102564,0.0,0.0,0.0,0.05128205128205128,0.02564102564102564,0.05128205128205128,0.02564102564102564,0.02564102564102564,0.02564102564102564,0.02564102564102564,0.0,0.0,0.0,0.02564102564102564,0.0,2.9333830982290134,3.0,0.9777943660763379,0.23076923076923078,obj72,fld3,0
0.125,0.125,0.125,0.1,0.1,0.225,0.175,0.025,8,0.225,5,0.0,0.02564102564102564,0.0,0.02564102564102564,0.02564102564102564,0.05128205128205128,0.0,0.0,0.02564102564102564,0.0,0.0,0.0,0.02564102564102564,0.02564102564102564,0.05128205128205128,0.0,0.02564102564102564,0.0,0.0,0.0,0.05128205128205128,0.05128205128205128,0.0,0.0,0.02564102564102564,0.02564102564102564,0.0,0.0,0.0,0.0,0.02564102564102564,0.0,0.0,0.02564102564102564,0.05128205128205128,0.02564102564102564,0.0,0.0,0.0,0.0,0.0,0.0,0.07692307692307693,0.02564102564102564,0.0,0.07692307692307693,0.02564102564102564,0.02564102564102564,0.05128205128205128,0.05128205128205128,0.0,0.0,0.0,0.02564102564102564,0.05128205128205128,0.0,0.0,0.0,0.0,0.02564102564102564,0.0,0.0,0.0,0.0,0.0,0.02564102564102564,0.0,0.02564102564102564,0.02564102564102564,0.05128205128205128,0.0,0.0,0.02564102564102564,0.0,0.0,0.0,0.02564102564102564,0.02564102564102564,0.05128205128205128,0.0,0.02564102564102564,0.0,0.0,0.0,0.05128205128205128,0.05128205128205128,0.0,0.0,0.02564102564102564,0.02564102564102564,0.0,0.0,0.0,0.0,0.02564102564102564,0.0,0.0,0.02564102564102564,0.05128205128205128,0.02564102564102564,0.0,0.0,0.0,0.0,0.0,0.0,0.07692307692307693,0.02564102564102564,0.0,0.07692307692307693,0.02564102564102564,0.02564102564102564,0.05128205128205128,0.05128205128205128,0.0,0.0,0.0,0.02564102564102564,0.05128205128205128,0.0,0.0,0.0,0.0,0.02564102564102564,0.0,0.0,0.0,0.0,2.84668482262,3.0,0.9488949408733333,0.1282051282051282,obj73,fld1,0
0.1,0.15,0.15,0.125,0.175,0.175,0.05,0.075,8,0.175,4,0.02564102564102564,0.0,0.02564102564102564,0.0,0.0,0.0,0.02564102564102564,0.02564102564102564,0.0,0.05128205128205128,0.0,0.02564102564102564,0.0,0.05128205128205128,0.0,0.02564102564102564,0.02564102564102564,0.0,0.02564102564102564,0.0,0.02564102564102564,0.07692307692307693,0.0,0.0,0.0,0.0,0.05128205128205128,0.0,0.05128205128205128,0.02564102564102564,0.0,0.0,0.0,0.05128205128205128,0.0,0.07692307692307693,0.02564102564102564,0.02564102564102564,0.0,0.0,0.02564102564102564,0.0,0.02564102564102564,0.02564102564102564,0.02564102564102564,0.0,0.02564102564102564,0.02564102564102564,0.02564102564102564,0.0,0.0,0.0,0.02564102564102564,0.0,0.0,0.0,0.0,0.05128205128205128,0.0,0.0,0.02564102564102564,0.0,0.0,0.0,0.02564102564102564,0.0,0.02564102564102564,0.0,0.0,0.0,0.02564102564102564,0.02564102564102564,0.0,0.05128205128205128,0.0,0.02564102564102564,0.0,0.05128205128205128,0.0,0.02564102564102564,0.02564102564102564,0.0,0.02564102564102564,0.0,0.02564102564102564,0.07692307692307693,0.0,0.0,0.0,0.0,0.05128205128205128,0.0,0.05128205128205128,0.02564102564102564,0.0,0.0,0.0,0.05128205128205128,0.0,0.07692307692307693,0.02564102564102564,0.02564102564102564,0.0,0.0,0.02564102564102564,0.0,0.02564102564102564,0.02564102564102564,0.02564102564102564,0.0,0.02564102564102564,0.02564102564102564,0.02564102564102564,0.0,0.0,0.0,0.02564102564102564,0.0,0.0,0.0,0.0,0.05128205128205128,0.0,0.0,0.02564102564102564,0.0,0.0,0.0,2.9047519225358465,3.0,0.9682506408452821,0.1282051282051282,obj74,fld3,0
0.125,0.175,0.125,0.125,0.025,0.1,0.175,0.15,8,0.175,6,0.05128205128205128,0.02564102564102564,0.0,0.02564102564102564,0.0,0.02564102564102564,0.0,0.0,0.02564102564102564,0.02564102564102564,0.0,0.02564102564102564,0.0,0.0,0.05128205128205128,0.05128205128205128,0.0,0.0,0.02564102564102564,0.0,0.02564102564102564,0.0,0.07692307692307693,0.0,0.0,0.02564102564102564,0.0,0.02564102564102564,0.0,0.02564102564102564,0.0,0.05128205128205128,0.0,0.02564102564102564,0.0,0.0,0.0,0.0,0.0,0.0,0.0,0.0,0.05128205128205128,0.0,0.0,0.0,0.02564102564102564,0.02564102564102564,0.02564102564102564,0.05128205128205128,0.05128205128205128,0.02564102564102564,0.0,0.0,0.0,0.02564102564102564,0.02564102564102564,0.02564102564102564,0.0,0.02564102564102564,0.0,0.05128205128205128,0.0,0.0,0.05128205128205128,0.02564102564102564,0.0,0.02564102564102564,0.0,0.02564102564102564,0.0,0.0,0.02564102564102564,0.02564102564102564,0.0,0.02564102564102564,0.0,0.0,0.05128205128205128,0.05128205128205128,0.0,0.0,0.02564102564102564,0.0,0.02564102564102564,0.0,0.07692307692307693,0.0,0.0,0.02564102564102564,0.0,0.02564102564102564,0.0,0.02564102564102564,0.0,0.05128205128205128,0.0,0.02564102564102564,0.0,0.0,0.0,0.0,0.0,0.0,0.0,0.0,0.05128205128205128,0.0,0.0,0.0,0.02564102564102564,0.02564102564102564,0.02564102564102564,0.05128205128205128,0.05128205128205128,0.02564102564102564,0.0,0.0,0.0,0.02564102564102564,0.02564102564102564,0.02564102564102564,0.0,0.02564102564102564,0.0,0.05128205128205128,0.0,0.0,2.8808864614762664,3.0,0.9602954871587555,0.1282051282051282,obj75,fld4,1
0.15,0.075,0.175,0.125,0.125,0.15,0.125,0.075,8,0.175,2,0.02564102564102564,0.0,0.02564102564102564,0.02564102564102564,0.05128205128205128,0.0,0.0,0.0,0.02564102564102564,0.0,0.0,0.02564102564102564,0.0,0.0,0.02564102564102564,0.0,0.02564102564102564,0.02564102564102564,0.05128205128205128,0.0,0.05128205128205128,0.02564102564102564,0.0,0.0,0.02564102564102564,0.0,0.0,0.02564102564102564,0.0,0.05128205128205128,0.0,0.02564102564102564,0.02564102564102564,0.0,0.0,0.05128205128205128,0.0,0.0,0.05128205128205128,0.0,0.0,0.02564102564102564,0.05128205128205128,0.0,0.0,0.02564102564102564,0.02564102564102564,0.02564102564102564,0.02564102564102564,0.02564102564102564,0.02564102564102564,0.0,0.02564102564102564,0.0,0.0,0.02564102564102564,0.0,0.0,0.02564102564102564,0.0,0.0,0.05128205128205128,0.0,0.0,0.02564102564102564,0.0,0.02564102564102564,0.02564102564102564,0.05128205128205128,0.0,0.0,0.0,0.02564102564102564,0.0,0.0,0.02564102564102564,0.0,0.0,0.02564102564102564,0.0,0.02564102564102564,0.02564102564102564,0.05128205128205128,0.0,0.05128205128205128,0.02564102564102564,0.0,0.0,0.02564102564102564,0.0,0.0,0.02564102564102564,0.0,0.05128205128205128,0.0,0.02564102564102564,0.02564102564102564,0.0,0.0,0.05128205128205128,0.0,0.0,0.05128205128205128,0.0,0.0,0.02564102564102564,0.05128205128205128,0.0,0.0,0.02564102564102564,0.02564102564102564,0.02564102564102564,0.02564102564102564,0.02564102564102564,0.02564102564102564,0.0,0.02564102564102564,0.0,0.0,0.02564102564102564,0.0,0.0,0.02564102564102564,0.0,0.0,0.05128205128205128,0.0,0.0,2.946684822620001,3.0,0.9822282742066669,0.1282051282051282,obj76,fld1,0
0.075,0.225,0.2,0.075,0.025,0.175,0.125,0.1,8,0.225,1,0.02564102564102564,0.02564102564102564,0.02564102564102564,0.0,0.0,0.0,0.0,0.0,0.02564102564102564,0.0,0.02564102564102564,0.02564102564102564,0.0,0.07692307692307693,0.07692307692307693,0.0,0.0,0.07692307692307693,0.02564102564102564,0.0,0.0,0.02564102564102564,0.0,0.05128205128205128,0.02564102564102564,0.0,0.0,0.0,0.02564102564102564,0.02564102564102564,0.0,0.0,0.0,0.02564102564102564,0.0,0.0,0.0,0.0,0.0,0.0,0.0,0.0,0.07692307692307693,0.02564102564102564,0.0,0.0,0.05128205128205128,0.02564102564102564,0.0,0.05128205128205128,0.0,0.02564102564102564,0.0,0.02564102564102564,0.0,0.02564102564102564,0.0,0.05128205128205128,0.02564102564102564,0.0,0.0,0.02564102564102564,0.0,0.0,0.02564102564102564,0.02564102564102564,0.02564102564102564,0.0,0.0,0.0,0.0,0.0,0.02564102564102564,0.0,0.02564102564102564,0.02564102564102564,0.0,0.07692307692307693,0.07692307692307693,0.0,0.0,0.07692307692307693,0.02564102564102564,0.0,0.0,0.02564102564102564,0.0,0.05128205128205128,0.02564102564102564,0.0,0.0,0.0,0.02564102564102564,0.02564102564102564,0.0,0.0,0.0,0.02564102564102564,0.0,0.0,0.0,0.0,0.0,0.0,0.0,0.0,0.07692307692307693,0.02564102564102564,0.0,0.0,0.05128205128205128,0.02564102564102564,0.0,0.05128205128205128,0.0,0.02564102564102564,0.0,0.02564102564102564,0.0,0.02564102564102564,0.0,0.05128205128205128,0.02564102564102564,0.0,0.0,0.02564102564102564,0.0,0.0,2.7894224712336677,3.0,0.9298074904112226,0.05128205128205128,obj77,fld3,0
0.1,0.1,0.175,0.1,0.125,0.15,0.1,0.15,8,0.175,2,0.0,0.02564102564102564,0.0,0.02564102564102564,0.05128205128205128,0.0,0.0,0.0,0.02564102564102564,0.0,0.05128205128205128,0.0,0.0,0.0,0.0,0.02564102564102564,0.02564102564102564,0.02564102564102564,0.0,0.02564102564102564,0.0,0.02564102564102564,0.02564102564102564,0.05128205128205128,0.02564102564102564,0.0,0.02564102564102564,0.0,0.0,0.02564102564102564,0.0,0.0,0.0,0.02564102564102564,0.02564102564102564,0.02564102564102564,0.0,0.02564102564102564,0.0,0.02564102564102564,0.0,0.02564102564102564,0.02564102564102564,0.0,0.0,0.0,0.07692307692307693,0.02564102564102564,0.02564102564102564,0.0,0.0,0.0,0.02564102564102564,0.02564102564102564,0.0,0.02564102564102564,0.0,0.0,0.02564102564102564,0.02564102564102564,0.05128205128205128,0.05128205128205128,0.0,0.0,0.0,0.02564102564102564,0.0,0.02564102564102564,0.05128205128205128,0.0,0.0,0.0,0.02564102564102564,0.0,0.05128205128205128,0.0,0.0,0.0,0.0,0.02564102564102564,0.02564102564102564,0.02564102564102564,0.0,0.02564102564102564,0.0,0.02564102564102564,0.02564102564102564,0.05128205128205128,0.02564102564102564,0.0,0.02564102564102564,0.0,0.0,0.02564102564102564,0.0,0.0,0.0,0.02564102564102564,0.02564102564102564,0.02564102564102564,0.0,0.02564102564102564,0.0,0.02564102564102564,0.0,0.02564102564102564,0.02564102564102564,0.0,0.0,0.0,0.07692307692307693,0.02564102564102564,0.02564102564102564,0.0,0.0,0.0,0.02564102564102564,0.02564102564102564,0.0,0.02564102564102564,0.0,0.0,0.02564102564102564,0.02564102564102564,0.05128205128205128,0.05128205128205128,0.0,0.0,2.964911221450014,3.0,0.988303740483338,0.0,obj78,fld1,0
0.075,0.1,0.15,0.125,0.075,0.175,0.2,0.1,8,0.2,6,0.0,0.02564102564102564,0.0,0.02564102564102564,0.0,0.0,0.02564102564102564,0.0,0.0,0.0,0.05128205128205128,0.0,0.02564102564102564,0.0,0.0,0.02564102564102564,0.0,0.02564102564102564,0.02564102564102564,0.0,0.0,0.05128205128205128,0.02564102564102564,0.02564102564102564,0.0,0.05128205128205128,0.0,0.02564102564102564,0.0,0.05128205128205128,0.0,0.0,0.0,0.0,0.02564102564102564,0.05128205128205128,0.0,0.0,0.0,0.0,0.05128205128205128,0.0,0.02564102564102564,0.0,0.02564102564102564,0.02564102564102564,0.05128205128205128,0.0,0.0,0.0,0.02564102564102564,0.02564102564102564,0.02564102564102564,0.05128205128205128,0.05128205128205128,0.02564102564102564,0.02564102564102564,0.0,0.0,0.0,0.0,0.0,0.02564102564102564,0.02564102564102564,0.0,0.02564102564102564,0.0,0.02564102564102564,0.0,0.0,0.02564102564102564,0.0,0.0,0.0,0.05128205128205128,0.0,0.02564102564102564,0.0,0.0,0.02564102564102564,0.0,0.02564102564102564,0.02564102564102564,0.0,0.0,0.05128205128205128,0.02564102564102564,0.02564102564102564,0.0,0.05128205128205128,0.0,0.02564102564102564,0.0,0.05128205128205128,0.0,0.0,0.0,0.0,0.02564102564102564,0.05128205128205128,0.0,0.0,0.0,0.0,0.05128205128205128,0.0,0.02564102564102564,0.0,0.02564102564102564,0.02564102564102564,0.05128205128205128,0.0,0.0,0.0,0.02564102564102564,0.02564102564102564,0.02564102564102564,0.05128205128205128,0.05128205128205128,0.02564102564102564,0.02564102564102564,0.0,0.0,0.0,0.0,0.0,0.02564102564102564,0.02564102564102564,2.914911221450014,3.0,0.9716370738166713,0.15384615384615385,obj79,fld2,0
0.175,0.05,0.125,0.1,0.125,0.125,0.125,0.175,8,0.175,0,0.02564102564102564,0.05128205128205128,0.02564102564102564,0.0,0.0,0.02564102564102564,0.02564102564102564,0.02564102564102564,0.0,0.0,0.02564102564102564,0.0,0.0,0.0,0.0,0.0,0.02564102564102564,0.0,0.02564102564102564,0.0,0.02564102564102564,0.02564102564102564,0.02564102564102564,0.0,0.0,0.0,0.0,0.0,0.02564102564102564,0.02564102564102564,0.0,0.05128205128205128,0.0,0.0,0.02564102564102564,0.0,0.02564102564102564,0.02564102564102564,0.0,0.05128205128205128,0.02564102564102564,0.0,0.0,0.05128205128205128,0.0,0.0,0.02564102564102564,0.02564102564102564,0.05128205128205128,0.0,0.0,0.02564102564102564,0.02564102564102564,0.0,0.0,0.02564102564102564,0.05128205128205128,0.0,0.0,0.02564102564102564,0.02564102564102564,0.02564102564102564,0.05128205128205128,0.0,0.02564102564102564,0.05128205128205128,0.02564102564102564,0.0,0.0,0.02564102564102564,0.02564102564102564,0.02564102564102564,0.0,0.0,0.02564102564102564,0.0,0.0,0.0,0.0,0.0,0.02564102564102564,0.0,0.02564102564102564,0.0,0.02564102564102564,0.02564102564102564,0.02564102564102564,0.0,0.0,0.0,0.0,0.0,0.02564102564102564,0.02564102564102564,0.0,0.05128205128205128,0.0,0.0,0.02564102564102564,0.0,0.02564102564102564,0.02564102564102564,0.0,0.05128205128205128,0.02564102564102564,0.0,0.0,0.05128205128205128,0.0,0.0,0.02564102564102564,0.02564102564102564,0.05128205128205128,0.0,0.0,0.02564102564102564,0.02564102564102564,0.0,0.0,0.02564102564102564,0.05128205128205128,0.0,0.0,0.02564102564102564,0.02564102564102564,0.02564102564102564,0.05128205128205128,0.0,2.9283898247235194,3.0,0.9761299415745065,0.07692307692307693,obj80,fld1,0
0.2,0.075,0.1,0.125,0.225,0.15,0.075,0.05,8,0.225,4,0.02564102564102564,0.0,0.0,0.05128205128205128,0.07692307692307693,0.02564102564102564,0.02564102564102564,0.0,0.02564102564102564,0.0,0.0,0.02564102564102564,0.0,0.02564102564102564,0.0,0.0,0.02564102564102564,0.02564102564102564,0.0,0.0,0.0,0.0,0.02564102564102564,0.02564102564102564,0.05128205128205128,0.02564102564102564,0.0,0.0,0.02564102564102564,0.02564102564102564,0.0,0.0,0.07692307692307693,0.0,0.05128205128205128,0.02564102564102564,0.02564102564102564,0.02564102564102564,0.02564102564102564,0.0,0.0,0.0,0.05128205128205128,0.0,0.07692307692307693,0.02564102564102564,0.0,0.0,0.0,0.02564102564102564,0.0,0.0,0.0,0.02564102564102564,0.0,0.02564102564102564,0.0,0.0,0.0,0.0,0.02564102564102564,0.0,0.0,0.0,0.02564102564102564,0.0,0.0,0.05128205128205128,0.07692307692307693,0.02564102564102564,0.02564102564102564,0.0,0.02564102564102564,0.0,0.0,0.02564102564102564,0.0,0.02564102564102564,0.0,0.0,0.02564102564102564,0.02564102564102564,0.0,0.0,0.0,0.0,0.02564102564102564,0.02564102564102564,0.05128205128205128,0.02564102564102564,0.0,0.0,0.02564102564102564,0.02564102564102564,0.0,0.0,0.07692307692307693,0.0,0.05128205128205128,0.02564102564102564,0.02564102564102564,0.02564102564102564,0.02564102564102564,0.0,0.0,0.0,0.05128205128205128,0.0,0.07692307692307693,0.02564102564102564,0.0,0.0,0.0,0.02564102564102564,0.0,0.0,0.0,0.02564102564102564,0.0,0.02564102564102564,0.0,0.0,0.0,0.0,0.02564102564102564,0.0,0.0,0.0,2.842965207485575,3.0,0.9476550691618583,0.07692307692307693,obj81,fld4,0
0.1,0.175,0.125,0.125,0.15,0.025,0.175,0.125,8,0.175,6,0.02564102564102564,0.02564102564102564,0.0,0.02564102564102564,0.0,0.0,0.0,0.02564102564102564,0.0,0.02564102564102564,0.02564102564102564,0.02564102564102564,0.07692307692307693,0.0,0.02564102564102564,0.0,0.0,0.0,0.02564102564102564,0.02564102564102564,0.0,0.02564102564102564,0.02564102564102564,0.02564102564102564,0.05128205128205128,0.0,0.0,0.0,0.02564102564102564,0.0,0.02564102564102564,0.02564102564102564,0.0,0.05128205128205128,0.07692307692307693,0.0,0.0,0.0,0.0,0.02564102564102564,0.0,0.02564102564102564,0.0,0.0,0.0,0.0,0.0,0.0,0.02564102564102564,0.02564102564102564,0.0,0.0,0.02564102564102564,0.0,0.05128205128205128,0.02564102564102564,0.0,0.02564102564102564,0.0,0.05128205128205128,0.02564102564102564,0.0,0.02564102564102564,0.0,0.02564102564102564,0.02564102564102564,0.0,0.02564102564102564,0.0,0.0,0.0,0.02564102564102564,0.0,0.02564102564102564,0.02564102564102564,0.02564102564102564,0.07692307692307693,0.0,0.02564102564102564,0.0,0.0,0.0,0.02564102564102564,0.02564102564102564,0.0,0.02564102564102564,0.02564102564102564,0.02564102564102564,0.05128205128205128,0.0,0.0,0.0,0.02564102564102564,0.0,0.02564102564102564,0.02564102564102564,0.0,0.05128205128205128,0.07692307692307693,0.0,0.0,0.0,0.0,0.02564102564102564,0.0,0.02564102564102564,0.0,0.0,0.0,0.0,0.0,0.0,0.02564102564102564,0.02564102564102564,0.0,0.0,0.02564102564102564,0.0,0.05128205128205128,0.02564102564102564,0.0,0.02564102564102564,0.0,0.05128205128205128,0.02564102564102564,0.0,0.02564102564102564,0.0,2.8808864614762664,3.0,0.9602954871587555,0.1282051282051282,obj82,fld2,0
0.15,0.125,0.075,0.1,0.15,0.125,0.2,0.075,8,0.2,6,0.0,0.0,0.02564102564102564,0.07692307692307693,0.02564102564102564,0.0,0.02564102564102564,0.0,0.02564102564102564,0.02564102564102564,0.0,0.0,0.02564102564102564,0.0,0.02564102564102564,0.02564102564102564,0.0,0.0,0.0,0.0,0.0,0.05128205128205128,0.02564102564102564,0.0,0.02564102564102564,0.02564102564102564,0.0,0.0,0.0,0.0,0.05128205128205128,0.0,0.02564102564102564,0.02564102564102564,0.0,0.0,0.02564102564102564,0.02564102564102564,0.02564102564102564,0.02564102564102564,0.02564102564102564,0.02564102564102564,0.0,0.0,0.05128205128205128,0.0,0.02564102564102564,0.0,0.02564102564102564,0.02564102564102564,0.0,0.02564102564102564,0.02564102564102564,0.05128205128205128,0.02564102564102564,0.0,0.02564102564102564,0.0,0.02564102564102564,0.0,0.0,0.0,0.0,0.02564102564102564,0.0,0.0,0.02564102564102564,0.07692307692307693,0.02564102564102564,0.0,0.02564102564102564,0.0,0.02564102564102564,0.02564102564102564,0.0,0.0,0.02564102564102564,0.0,0.02564102564102564,0.02564102564102564,0.0,0.0,0.0,0.0,0.0,0.05128205128205128,0.02564102564102564,0.0,0.02564102564102564,0.02564102564102564,0.0,0.0,0.0,0.0,0.05128205128205128,0.0,0.02564102564102564,0.02564102564102564,0.0,0.0,0.02564102564102564,0.02564102564102564,0.02564102564102564,0.02564102564102564,0.02564102564102564,0.02564102564102564,0.0,0.0,0.05128205128205128,0.0,0.02564102564102564,0.0,0.02564102564102564,0.02564102564102564,0.0,0.02564102564102564,0.02564102564102564,0.05128205128205128,0.02564102564102564,0.0,0.02564102564102564,0.0,0.02564102564102564,0.0,0.0,0.0,0.0,0.02564102564102564,2.9282129458410013,3.0,0.9760709819470005,0.10256410256410256,obj83,fld3,0
0.2,0.075,0.1,0.25,0.075,0.075,0.025,0.2,8,0.25,3,0.02564102564102564,0.0,0.05128205128205128,0.0,0.02564102564102564,0.02564102564102564,0.0,0.07692307692307693,0.02564102564102564,0.0,0.02564102564102564,0.0,0.0,0.02564102564102564,0.0,0.0,0.0,0.0,0.02564102564102564,0.02564102564102564,0.0,0.0,0.0,0.02564102564102564,0.02564102564102564,0.0,0.0,0.07692307692307693,0.05128205128205128,0.02564102564102564,0.02564102564102564,0.05128205128205128,0.0,0.0,0.0,0.02564102564102564,0.0,0.0,0.0,0.05128205128205128,0.05128205128205128,0.0,0.0,0.02564102564102564,0.0,0.0,0.0,0.0,0.0,0.02564102564102564,0.0,0.0,0.0,0.0,0.0,0.0,0.05128205128205128,0.05128205128205128,0.0,0.10256410256410256,0.0,0.0,0.0,0.0,0.02564102564102564,0.0,0.05128205128205128,0.0,0.02564102564102564,0.02564102564102564,0.0,0.07692307692307693,0.02564102564102564,0.0,0.02564102564102564,0.0,0.0,0.02564102564102564,0.0,0.0,0.0,0.0,0.02564102564102564,0.02564102564102564,0.0,0.0,0.0,0.02564102564102564,0.02564102564102564,0.0,0.0,0.07692307692307693,0.05128205128205128,0.02564102564102564,0.02564102564102564,0.05128205128205128,0.0,0.0,0.0,0.02564102564102564,0.0,0.0,0.0,0.05128205128205128,0.05128205128205128,0.0,0.0,0.02564102564102564,0.0,0.0,0.0,0.0,0.0,0.02564102564102564,0.0,0.0,0.0,0.0,0.0,0.0,0.05128205128205128,0.05128205128205128,0.0,0.10256410256410256,0.0,0.0,0.0,0.0,2.7348295085032612,3.0,0.9116098361677537,0.1282051282051282,obj84,fld2,1
0.15,0.175,0.2,0.2,0.075,0.05,0.075,0.075,8,0.2,2,0.02564102564102564,0.07692307692307693,0.0,0.02564102564102564,0.0,0.0,0.02564102564102564,0.0,0.0,0.02564102564102564,0.07692307692307693,0.0,0.02564102564102564,0.02564102564102564,0.0,0.02564102564102564,0.02564102564102564,0.02564102564102564,0.05128205128205128,0.07692307692307693,0.0,0.02564102564102564,0.0,0.0,0.02564102564102564,0.05128205128205128,0.0,0.02564102564102564,0.02564102564102564,0.0,0.05128205128205128,0.02564102564102564,0.02564102564102564,0.0,0.0,0.0,0.02564102564102564,0.0,0.0,0.0,0.0,0.0,0.02564102564102564,0.02564102564102564,0.0,0.0,0.0,0.0,0.05128205128205128,0.0,0.0,0.02564102564102564,0.0,0.0,0.0,0.0,0.0,0.0,0.02564102564102564,0.02564102564102564,0.0,0.0,0.0,0.02564102564102564,0.02564102564102564,0.07692307692307693,0.0,0.02564102564102564,0.0,0.0,0.02564102564102564,0.0,0.0,0.02564102564102564,0.07692307692307693,0.0,0.02564102564102564,0.02564102564102564,0.0,0.02564102564102564,0.02564102564102564,0.02564102564102564,0.05128205128205128,0.07692307692307693,0.0,0.02564102564102564,0.0,0.0,0.02564102564102564,0.05128205128205128,0.0,0.02564102564102564,0.02564102564102564,0.0,0.05128205128205128,0.02564102564102564,0.02564102564102564,0.0,0.0,0.0,0.02564102564102564,0.0,0.0,0.0,0.0,0.0,0.02564102564102564,0.02564102564102564,0.0,0.0,0.0,0.0,0.05128205128205128,0.0,0.0,0.02564102564102564,0.0,0.0,0.0,0.0,0.0,0.0,0.02564102564102564,0.02564102564102564,0.0,0.0,0.0,0.02564102564102564,2.8362800457568476,3.0,0.9454266819189492,0.1794871794871795,obj85,fld3,1
0.175,0.125,0.1,0.1,0.175,0.1,0.075,0.15,8,0.175,0,0.05128205128205128,0.02564102564102564,0.02564102564102564,0.0,0.02564102564102564,0.02564102564102564,0.02564102564102564,0.0,0.02564102564102564,0.02564102564102564,0.0,0.02564102564102564,0.02564102564102564,0.02564102564102564,0.0,0.0,0.02564102564102564,0.0,0.0,0.02564102564102564,0.02564102564102564,0.0,0.0,0.02564102564102564,0.0,0.02564102564102564,0.0,0.0,0.02564102564102564,0.0,0.0,0.02564102564102564,0.02564102564102564,0.02564102564102564,0.02564102564102564,0.0,0.02564102564102564,0.02564102564102564,0.0,0.05128205128205128,0.02564102564102564,0.0,0.0,0.02564102564102564,0.02564102564102564,0.0,0.02564102564102564,0.0,0.0,0.0,0.02564102564102564,0.0,0.0,0.02564102564102564,0.0,0.02564102564102564,0.02564102564102564,0.02564102564102564,0.02564102564102564,0.02564102564102564,0.02564102564102564,0.0,0.0,0.02564102564102564,0.05128205128205128,0.02564102564102564,0.02564102564102564,0.0,0.02564102564102564,0.02564102564102564,0.02564102564102564,0.0,0.02564102564102564,0.02564102564102564,0.0,0.02564102564102564,0.02564102564102564,0.02564102564102564,0.0,0.0,0.02564102564102564,0.0,0.0,0.02564102564102564,0.02564102564102564,0.0,0.0,0.02564102564102564,0.0,0.02564102564102564,0.0,0.0,0.02564102564102564,0.0,0.0,0.02564102564102564,0.02564102564102564,0.02564102564102564,0.02564102564102564,0.0,0.02564102564102564,0.02564102564102564,0.0,0.05128205128205128,0.02564102564102564,0.0,0.0,0.02564102564102564,0.02564102564102564,0.0,0.02564102564102564,0.0,0.0,0.0,0.02564102564102564,0.0,0.0,0.02564102564102564,0.0,0.02564102564102564,0.02564102564102564,0.02564102564102564,0.02564102564102564,0.02564102564102564,0.02564102564102564,0.0,0.0,0.02564102564102564,2.9424962976440203,3.0,0.9808320992146734,0.1282051282051282,obj86,fld5,1
0.125,0.075,0.175,0.075,0.15,0.1,0.125,0.175,8,0.175,2,0.0,0.0,0.05128205128205128,0.0,0.02564102564102564,0.0,0.0,0.05128205128205128,0.0,0.0,0.02564102564102564,0.0,0.0,0.0,0.05128205128205128,0.0,0.0,0.0,0.02564102564102564,0.0,0.02564102564102564,0.0,0.05128205128205128,0.05128205128205128,0.0,0.0,0.0,0.0,0.02564102564102564,0.05128205128205128,0.0,0.0,0.05128205128205128,0.02564102564102564,0.02564102564102564,0.0,0.0,0.02564102564102564,0.0,0.02564102564102564,0.02564102564102564,0.02564102564102564,0.02564102564102564,0.0,0.0,0.0,0.02564102564102564,0.0,0.05128205128205128,0.02564102564102564,0.0,0.0,0.02564102564102564,0.02564102564102564,0.0,0.0,0.0,0.0,0.0,0.07692307692307693,0.05128205128205128,0.0,0.0,0.05128205128205128,0.0,0.0,0.05128205128205128,0.0,0.02564102564102564,0.0,0.0,0.05128205128205128,0.0,0.0,0.02564102564102564,0.0,0.0,0.0,0.05128205128205128,0.0,0.0,0.0,0.02564102564102564,0.0,0.02564102564102564,0.0,0.05128205128205128,0.05128205128205128,0.0,0.0,0.0,0.0,0.02564102564102564,0.05128205128205128,0.0,0.0,0.05128205128205128,0.02564102564102564,0.02564102564102564,0.0,0.0,0.02564102564102564,0.0,0.02564102564102564,0.02564102564102564,0.02564102564102564,0.02564102564102564,0.0,0.0,0.0,0.02564102564102564,0.0,0.05128205128205128,0.02564102564102564,0.0,0.0,0.02564102564102564,0.02564102564102564,0.0,0.0,0.0,0.0,0.0,0.07692307692307693,0.05128205128205128,0.0,0.0,0.05128205128205128,2.9333830982290134,3.0,0.9777943660763379,0.07692307692307693,obj87,fld3,1
0.175,0.1,0.125,0.075,0.225,0.1,0.075,0.125,8,0.225,4,0.02564102564102564,0.0,0.05128205128205128,0.0,0.05128205128205128,0.02564102564102564,0.0,0.02564102564102564,0.0,0.02564102564102564,0.0,0.02564102564102564,0.0,0.02564102564102564,0.0,0.02564102564102564,0.05128205128205128,0.0,0.02564102564102564,0.0,0.05128205128205128,0.0,0.0,0.0,0.0,0.0,0.0,0.0,0.0,0.02564102564102564,0.0,0.02564102564102564,0.07692307692307693,0.05128205128205128,0.0,0.0,0.07692307692307693,0.0,0.02564102564102564,0.0,0.0,0.0,0.02564102564102564,0.0,0.02564102564102564,0.02564102564102564,0.0,0.02564102564102564,0.0,0.0,0.0,0.0,0.02564102564102564,0.0,0.02564102564102564,0.02564102564102564,0.02564102564102564,0.02564102564102564,0.0,0.05128205128205128,0.0,0.0,0.02564102564102564,0.0,0.02564102564102564,0.0,0.05128205128205128,0.0,0.05128205128205128,0.02564102564102564,0.0,0.02564102564102564,0.0,0.02564102564102564,0.0,0.02564102564102564,0.0,0.02564102564102564,0.0,0.02564102564102564,0.05128205128205128,0.0,0.02564102564102564,0.0,0.05128205128205128,0.0,0.0,0.0,0.0,0.0,0.0,0.0,0.0,0.02564102564102564,0.0,0.02564102564102564,0.07692307692307693,0.05128205128205128,0.0,0.0,0.07692307692307693,0.0,0.02564102564102564,0.0,0.0,0.0,0.02564102564102564,0.0,0.02564102564102564,0.02564102564102564,0.0,0.02564102564102564,0.0,0.0,0.0,0.0,0.02564102564102564,0.0,0.02564102564102564,0.02564102564102564,0.02564102564102564,0.02564102564102564,0.0,0.05128205128205128,0.0,0.0,0.02564102564102564,0.0,2.899181459372747,3.0,0.9663938197909157,0.20512820512820512,obj88,fld5,1
0.125,0.175,0.1,0.15,0.1,0.15,0.075,0.125,8,0.175,1,0.0,0.05128205128205128,0.02564102564102564,0.0,0.0,0.0,0.02564102564102564,0.0,0.02564102564102564,0.02564102564102564,0.02564102564102564,0.02564102564102564,0.0,0.05128205128205128,0.0,0.02564102564102564,0.0,0.0,0.0,0.05128205128205128,0.02564102564102564,0.0,0.02564102564102564,0.0,0.05128205128205128,0.0,0.02564102564102564,0.0,0.0,0.05128205128205128,0.0,0.02564102564102564,0.02564102564102564,0.0,0.0,0.0,0.02564102564102564,0.0,0.0,0.05128205128205128,0.02564102564102564,0.0,0.0,0.02564102564102564,0.02564102564102564,0.02564102564102564,0.02564102564102564,0.02564102564102564,0.0,0.05128205128205128,0.0,0.02564102564102564,0.0,0.0,0.0,0.0,0.0,0.05128205128205128,0.02564102564102564,0.02564102564102564,0.0,0.02564102564102564,0.0,0.0,0.0,0.05128205128205128,0.02564102564102564,0.0,0.0,0.0,0.02564102564102564,0.0,0.02564102564102564,0.02564102564102564,0.02564102564102564,0.02564102564102564,0.0,0.05128205128205128,0.0,0.02564102564102564,0.0,0.0,0.0,0.05128205128205128,0.02564102564102564,0.0,0.02564102564102564,0.0,0.05128205128205128,0.0,0.02564102564102564,0.0,0.0,0.05128205128205128,0.0,0.02564102564102564,0.02564102564102564,0.0,0.0,0.0,0.02564102564102564,0.0,0.0,0.05128205128205128,0.02564102564102564,0.0,0.0,0.02564102564102564,0.02564102564102564,0.02564102564102564,0.02564102564102564,0.02564102564102564,0.0,0.05128205128205128,0.0,0.02564102564102564,0.0,0.0,0.0,0.0,0.0,0.05128205128205128,0.02564102564102564,0.02564102564102564,0.0,0.02564102564102564,0.0,0.0,2.955798022035008,3.0,0.9852660073450027,0.07692307692307693,obj89,fld1,1
0.125,0.1,0.075,0.15,0.125,0.1,0.225,0.1,8,0.225,6,0.0,0.0,0.05128205128205128,0.0,0.02564102564102564,0.0,0.02564102564102564,0.02564102564102564,0.0,0.02564102564102564,0.0,0.0,0.0,0.0,0.0,0.05128205128205128,0.0,0.02564102564102564,0.0,0.02564102564102564,0.0,0.02564102564102564,0.0,0.0,0.0,0.0,0.0,0.02564102564102564,0.05128205128205128,0.05128205128205128,0.02564102564102564,0.0,0.05128205128205128,0.02564102564102564,0.0,0.0,0.02564102564102564,0.0,0.02564102564102564,0.0,0.02564102564102564,0.0,0.0,0.02564102564102564,0.0,0.0,0.05128205128205128,0.0,0.02564102564102564,0.02564102564102564,0.0,0.05128205128205128,0.02564102564102564,0.0,0.07692307692307693,0.02564102564102564,0.02564102564102564,0.0,0.02564102564102564,0.02564102564102564,0.0,0.0,0.02564102564102564,0.0,0.0,0.0,0.05128205128205128,0.0,0.02564102564102564,0.0,0.02564102564102564,0.02564102564102564,0.0,0.02564102564102564,0.0,0.0,0.0,0.0,0.0,0.05128205128205128,0.0,0.02564102564102564,0.0,0.02564102564102564,0.0,0.02564102564102564,0.0,0.0,0.0,0.0,0.0,0.02564102564102564,0.05128205128205128,0.05128205128205128,0.02564102564102564,0.0,0.05128205128205128,0.02564102564102564,0.0,0.0,0.02564102564102564,0.0,0.02564102564102564,0.0,0.02564102564102564,0.0,0.0,0.02564102564102564,0.0,0.0,0.05128205128205128,0.0,0.02564102564102564,0.02564102564102564,0.0,0.05128205128205128,0.02564102564102564,0.0,0.07692307692307693,0.02564102564102564,0.02564102564102564,0.0,0.02564102564102564,0.02564102564102564,0.0,0.0,0.02564102564102564,0.0,2.9215963831787413,3.0,0.9738654610595804,0.15384615384615385,obj90,fld5,0
0.125,0.1,0.075,0.25,0.1,0.175,0.075,0.1,8,0.25,3,0.02564102564102564,0.0,0.0,0.05128205128205128,0.0,0.02564102564102564,0.02564102564102564,0.0,0.0,0.0,0.0,0.02564102564102564,0.02564102564102564,0.0,0.02564102564102564,0.02564102564102564,0.0,0.02564102564102564,0.0,0.02564102564102564,0.0,0.02564102564102564,0.0,0.0,0.05128205128205128,0.02564102564102564,0.02564102564102564,0.02564102564102564,0.05128205128205128,0.05128205128205128,0.0,0.02564102564102564,0.0,0.0,0.0,0.05128205128205128,0.0,0.0,0.02564102564102564,0.02564102564102564,0.02564102564102564,0.05128205128205128,0.02564102564102564,0.05128205128205128,0.0,0.02564102564102564,0.0,0.0,0.0,0.0,0.0,0.02564102564102564,0.02564102564102564,0.02564102564102564,0.0,0.0,0.02564102564102564,0.0,0.02564102564102564,0.0,0.0,0.02564102564102564,0.0,0.0,0.02564102564102564,0.0,0.0,0.05128205128205128,0.0,0.02564102564102564,0.02564102564102564,0.0,0.0,0.0,0.0,0.02564102564102564,0.02564102564102564,0.0,0.02564102564102564,0.02564102564102564,0.0,0.02564102564102564,0.0,0.02564102564102564,0.0,0.02564102564102564,0.0,0.0,0.05128205128205128,0.02564102564102564,0.02564102564102564,0.02564102564102564,0.05128205128205128,0.05128205128205128,0.0,0.02564102564102564,0.0,0.0,0.0,0.05128205128205128,0.0,0.0,0.02564102564102564,0.02564102564102564,0.02564102564102564,0.05128205128205128,0.02564102564102564,0.05128205128205128,0.0,0.02564102564102564,0.0,0.0,0.0,0.0,0.0,0.02564102564102564,0.02564102564102564,0.02564102564102564,0.0,0.0,0.02564102564102564,0.0,0.02564102564102564,0.0,0.0,0.02564102564102564,0.0,0.0,2.8721735728363473,3.0,0.9573911909454491,0.07692307692307693,obj91,fld1,1
0.075,0.075,0.125,0.175,0.15,0.125,0.175,0.1,8,0.175,6,0.0,0.0,0.0,0.05128205128205128,0.0,0.02564102564102564,0.0,0.0,0.02564102564102564,0.0,0.02564102564102564,0.02564102564102564,0.0,0.0,0.0,0.0,0.0,0.0,0.05128205128205128,0.0,0.0,0.05128205128205128,0.0,0.02564102564102564,0.0,0.02564102564102564,0.0,0.02564102564102564,0.02564102564102564,0.05128205128205128,0.02564102564102564,0.02564102564102564,0.0,0.0,0.0,0.07692307692307693,0.0,0.0,0.05128205128205128,0.02564102564102564,0.0,0.0,0.02564102564102564,0.0,0.02564102564102564,0.0,0.05128205128205128,0.0,0.05128205128205128,0.02564102564102564,0.0,0.0,0.07692307692307693,0.0,0.02564102564102564,0.0,0.0,0.02564102564102564,0.02564102564102564,0.0,0.02564102564102564,0.0,0.02564102564102564,0.0,0.0,0.0,0.0,0.05128205128205128,0.0,0.02564102564102564,0.0,0.0,0.02564102564102564,0.0,0.02564102564102564,0.02564102564102564,0.0,0.0,0.0,0.0,0.0,0.0,0.05128205128205128,0.0,0.0,0.05128205128205128,0.0,0.02564102564102564,0.0,0.02564102564102564,0.0,0.02564102564102564,0.02564102564102564,0.05128205128205128,0.02564102564102564,0.02564102564102564,0.0,0.0,0.0,0.07692307692307693,0.0,0.0,0.05128205128205128,0.02564102564102564,0.0,0.0,0.02564102564102564,0.0,0.02564102564102564,0.0,0.05128205128205128,0.0,0.05128205128205128,0.02564102564102564,0.0,0.0,0.07692307692307693,0.0,0.02564102564102564,0.0,0.0,0.02564102564102564,0.02564102564102564,0.0,0.02564102564102564,0.0,0.02564102564102564,0.0,2.9333830982290134,3.0,0.9777943660763379,0.10256410256410256,obj92,fld4,0
0.1,0.05,0.025,0.225,0.175,0.125,0.15,0.15,8,0.225,3,0.0,0.0,0.0,0.0,0.02564102564102564,0.07692307692307693,0.0,0.0,0.0,0.0,0.02564102564102564,0.0,0.0,0.0,0.0,0.02564102564102564,0.0,0.02564102564102564,0.0,0.0,0.0,0.0,0.0,0.0,0.0,0.0,0.0,0.05128205128205128,0.07692307692307693,0.02564102564102564,0.02564102564102564,0.05128205128205128,0.0,0.02564102564102564,0.0,0.05128205128205128,0.02564102564102564,0.0,0.02564102564102564,0.02564102564102564,0.0,0.0,0.0,0.02564102564102564,0.02564102564102564,0.02564102564102564,0.02564102564102564,0.02564102564102564,0.05128205128205128,0.0,0.0,0.07692307692307693,0.0,0.0,0.02564102564102564,0.0,0.05128205128205128,0.0,0.0,0.0,0.02564102564102564,0.0,0.05128205128205128,0.02564102564102564,0.0,0.0,0.0,0.0,0.02564102564102564,0.07692307692307693,0.0,0.0,0.0,0.0,0.02564102564102564,0.0,0.0,0.0,0.0,0.02564102564102564,0.0,0.02564102564102564,0.0,0.0,0.0,0.0,0.0,0.0,0.0,0.0,0.0,0.05128205128205128,0.07692307692307693,0.02564102564102564,0.02564102564102564,0.05128205128205128,0.0,0.02564102564102564,0.0,0.05128205128205128,0.02564102564102564,0.0,0.02564102564102564,0.02564102564102564,0.0,0.0,0.0,0.02564102564102564,0.02564102564102564,0.02564102564102564,0.02564102564102564,0.02564102564102564,0.05128205128205128,0.0,0.0,0.07692307692307693,0.0,0.0,0.02564102564102564,0.0,0.05128205128205128,0.0,0.0,0.0,0.02564102564102564,0.0,0.05128205128205128,0.02564102564102564,2.801678096125494,3.0,0.933892698708498,0.15384615384615385,obj93,fld4,1
0.125,0.125,0.125,0.125,0.1,0.125,0.1,0.175,8,0.175,7,0.02564102564102564,0.02564102564102564,0.0,0.02564102564102564,0.0,0.02564102564102564,0.0,0.02564102564102564,0.0,0.02564102564102564,0.0,0.0,0.02564102564102564,0.02564102564102564,0.02564102564102564,0.02564102564102564,0.05128205128205128,0.0,0.02564102564102564,0.02564102564102564,0.0,0.0,0.0,0.02564102564102564,0.0,0.02564102564102564,0.0,0.0,0.0,0.02564102564102564,0.05128205128205128,0.02564102564102564,0.0,0.02564102564102564,0.02564102564102564,0.05128205128205128,0.0,0.0,0.0,0.0,0.02564102564102564,0.0,0.02564102564102564,0.0,0.02564102564102564,0.02564102564102564,0.0,0.02564102564102564,0.0,0.0,0.02564102564102564,0.02564102564102564,0.02564102564102564,0.02564102564102564,0.0,0.0,0.02564102564102564,0.02564102564102564,0.02564102564102564,0.0,0.02564102564102564,0.0,0.02564102564102564,0.02564102564102564,0.02564102564102564,0.02564102564102564,0.0,0.02564102564102564,0.0,0.02564102564102564,0.0,0.02564102564102564,0.0,0.02564102564102564,0.0,0.0,0.02564102564102564,0.02564102564102564,0.02564102564102564,0.02564102564102564,0.05128205128205128,0.0,0.02564102564102564,0.02564102564102564,0.0,0.0,0.0,0.02564102564102564,0.0,0.02564102564102564,0.0,0.0,0.0,0.02564102564102564,0.05128205128205128,0.02564102564102564,0.0,0.02564102564102564,0.02564102564102564,0.05128205128205128,0.0,0.0,0.0,0.0,0.02564102564102564,0.0,0.02564102564102564,0.0,0.02564102564102564,0.02564102564102564,0.0,0.02564102564102564,0.0,0.0,0.02564102564102564,0.02564102564102564,0.02564102564102564,0.02564102564102564,0.0,0.0,0.02564102564102564,0.02564102564102564,0.02564102564102564,0.0,0.02564102564102564,0.0,0.02564102564102564,0.02564102564102564,2.97943592422268,3.0,0.9931453080742267,0.1282051282051282,obj94,fld4,1
0.05,0.125,0.25,0.125,0.175,0.1,0.1,0.075,8,0.25,2,0.0,0.0,0.0,0.0,0.05128205128205128,0.0,0.0,0.0,0.0,0.0,0.05128205128205128,0.02564102564102564,0.0,0.0,0.02564102564102564,0.02564102564102564,0.02564102564102564,0.02564102564102564,0.05128205128205128,0.0,0.02564102564102564,0.05128205128205128,0.02564102564102564,0.05128205128205128,0.0,0.02564102564102564,0.02564102564102564,0.05128205128205128,0.0,0.0,0.0,0.0,0.0,0.0,0.02564102564102564,0.05128205128205128,0.05128205128205128,0.05128205128205128,0.0,0.0,0.0,0.02564102564102564,0.05128205128205128,0.0,0.02564102564102564,0.0,0.0,0.0,0.02564102564102564,0.02564102564102564,0.02564102564102564,0.0,0.0,0.0,0.02564102564102564,0.0,0.0,0.02564102564102564,0.02564102564102564,0.0,0.0,0.0,0.02564102564102564,0.0,0.0,0.0,0.0,0.0,0.05128205128205128,0.0,0.0,0.0,0.0,0.0,0.05128205128205128,0.02564102564102564,0.0,0.0,0.02564102564102564,0.02564102564102564,0.02564102564102564,0.02564102564102564,0.05128205128205128,0.0,0.02564102564102564,0.05128205128205128,0.02564102564102564,0.05128205128205128,0.0,0.02564102564102564,0.02564102564102564,0.05128205128205128,0.0,0.0,0.0,0.0,0.0,0.0,0.02564102564102564,0.05128205128205128,0.05128205128205128,0.05128205128205128,0.0,0.0,0.0,0.02564102564102564,0.05128205128205128,0.0,0.02564102564102564,0.0,0.0,0.0,0.02564102564102564,0.02564102564102564,0.02564102564102564,0.0,0.0,0.0,0.02564102564102564,0.0,0.0,0.02564102564102564,0.02564102564102564,0.0,0.0,0.0,0.02564102564102564,0.0,2.8508047485295136,3.0,0.9502682495098379,0.1794871794871795,obj95,fld4,0
0.025,0.075,0.225,0.1,0.1,0.225,0.15,0.1,8,0.225,5,0.0,0.0,0.0,0.02564102564102564,0.0,0.0,0.0,0.0,0.0,0.0,0.02564102564102564,0.05128205128205128,0.0,0.0,0.0,0.0,0.0,0.05128205128205128,0.05128205128205128,0.0,0.05128205128205128,0.02564102564102564,0.05128205128205128,0.0,0.0,0.0,0.02564102564102564,0.0,0.02564102564102564,0.02564102564102564,0.0,0.02564102564102564,0.0,0.0,0.05128205128205128,0.0,0.0,0.02564102564102564,0.0,0.02564102564102564,0.02564102564102564,0.0,0.02564102564102564,0.02564102564102564,0.02564102564102564,0.02564102564102564,0.05128205128205128,0.02564102564102564,0.0,0.0,0.05128205128205128,0.0,0.0,0.07692307692307693,0.0,0.02564102564102564,0.0,0.02564102564102564,0.0,0.0,0.0,0.05128205128205128,0.02564102564102564,0.0,0.0,0.0,0.0,0.02564102564102564,0.0,0.0,0.0,0.0,0.0,0.0,0.02564102564102564,0.05128205128205128,0.0,0.0,0.0,0.0,0.0,0.05128205128205128,0.05128205128205128,0.0,0.05128205128205128,0.02564102564102564,0.05128205128205128,0.0,0.0,0.0,0.02564102564102564,0.0,0.02564102564102564,0.02564102564102564,0.0,0.02564102564102564,0.0,0.0,0.05128205128205128,0.0,0.0,0.02564102564102564,0.0,0.02564102564102564,0.02564102564102564,0.0,0.02564102564102564,0.02564102564102564,0.02564102564102564,0.02564102564102564,0.05128205128205128,0.02564102564102564,0.0,0.0,0.05128205128205128,0.0,0.0,0.07692307692307693,0.0,0.02564102564102564,0.0,0.02564102564102564,0.0,0.0,0.0,0.05128205128205128,0.02564102564102564,0.0,2.7888452815760614,3.0,0.9296150938586871,0.07692307692307693,obj96,fld1,1
0.075,0.075,0.1,0.15,0.1,0.175,0.2,0.125,8,0.2,6,0.0,0.0,0.0,0.02564102564102564,0.02564102564102564,0.0,0.02564102564102564,0.0,0.0,0.0,0.02564102564102564,0.0,0.0,0.02564102564102564,0.0,0.0,0.0,0.0,0.0,0.0,0.02564102564102564,0.0,0.07692307692307693,0.0,0.02564102564102564,0.02564102564102564,0.02564102564102564,0.02564102564102564,0.0,0.02564102564102564,0.02564102564102564,0.0,0.0,0.0,0.0,0.05128205128205128,0.0,0.0,0.0,0.05128205128205128,0.02564102564102564,0.0,0.02564102564102564,0.0,0.02564102564102564,0.05128205128205128,0.0,0.05128205128205128,0.0,0.05128205128205128,0.0,0.02564102564102564,0.02564102564102564,0.07692307692307693,0.0,0.02564102564102564,0.02564102564102564,0.0,0.02564102564102564,0.0,0.0,0.0,0.07692307692307693,0.0,0.0,0.0,0.0,0.02564102564102564,0.02564102564102564,0.0,0.02564102564102564,0.0,0.0,0.0,0.02564102564102564,0.0,0.0,0.02564102564102564,0.0,0.0,0.0,0.0,0.0,0.0,0.02564102564102564,0.0,0.07692307692307693,0.0,0.02564102564102564,0.02564102564102564,0.02564102564102564,0.02564102564102564,0.0,0.02564102564102564,0.02564102564102564,0.0,0.0,0.0,0.0,0.05128205128205128,0.0,0.0,0.0,0.05128205128205128,0.02564102564102564,0.0,0.02564102564102564,0.0,0.02564102564102564,0.05128205128205128,0.0,0.05128205128205128,0.0,0.05128205128205128,0.0,0.02564102564102564,0.02564102564102564,0.07692307692307693,0.0,0.02564102564102564,0.02564102564102564,0.0,0.02564102564102564,0.0,0.0,0.0,0.07692307692307693,0.0,2.9149112214500144,3.0,0.9716370738166714,0.07692307692307693,obj97,fld4,1
0.075,0.075,0.1,0.275,0.15,0.125,0.125,0.075,8,0.275,3,0.02564102564102564,0.0,0.0,0.0,0.0,0.02564102564102564,0.02564102564102564,0.0,0.0,0.0,0.0,0.05128205128205128,0.02564102564102564,0.0,0.0,0.0,0.02564102564102564,0.0,0.0,0.02564102564102564,0.02564102564102564,0.0,0.02564102564102564,0.0,0.0,0.0,0.05128205128205128,0.05128205128205128,0.02564102564102564,0.07692307692307693,0.05128205128205128,0.02564102564102564,0.02564102564102564,0.0,0.0,0.10256410256410256,0.0,0.0,0.02564102564102564,0.0,0.0,0.02564102564102564,0.0,0.02564102564102564,0.02564102564102564,0.0,0.0,0.02564102564102564,0.0,0.02564102564102564,0.0,0.02564102564102564,0.02564102564102564,0.02564102564102564,0.0,0.02564102564102564,0.0,0.02564102564102564,0.02564102564102564,0.0,0.02564102564102564,0.0,0.0,0.0,0.02564102564102564,0.0,0.0,0.0,0.0,0.02564102564102564,0.02564102564102564,0.0,0.0,0.0,0.0,0.05128205128205128,0.02564102564102564,0.0,0.0,0.0,0.02564102564102564,0.0,0.0,0.02564102564102564,0.02564102564102564,0.0,0.02564102564102564,0.0,0.0,0.0,0.05128205128205128,0.05128205128205128,0.02564102564102564,0.07692307692307693,0.05128205128205128,0.02564102564102564,0.02564102564102564,0.0,0.0,0.10256410256410256,0.0,0.0,0.02564102564102564,0.0,0.0,0.02564102564102564,0.0,0.02564102564102564,0.02564102564102564,0.0,0.0,0.02564102564102564,0.0,0.02564102564102564,0.0,0.02564102564102564,0.02564102564102564,0.02564102564102564,0.0,0.02564102564102564,0.0,0.02564102564102564,0.02564102564102564,0.0,0.02564102564102564,0.0,0.0,0.0,2.8457414382698314,3.0,0.9485804794232772,0.07692307692307693,obj98,fld5,0
0.175,0.075,0.2,0.125,0.125,0.125,0.075,0.1,8,0.2,2,0.02564102564102564,0.0,0.05128205128205128,0.05128205128205128,0.02564102564102564,0.0,0.0,0.02564102564102564,0.0,0.02564102564102564,0.0,0.0,0.02564102564102564,0.0,0.0,0.0,0.07692307692307693,0.02564102564102564,0.0,0.0,0.02564102564102564,0.02564102564102564,0.02564102564102564,0.02564102564102564,0.05128205128205128,0.0,0.02564102564102564,0.02564102564102564,0.0,0.02564102564102564,0.0,0.0,0.0,0.0,0.0,0.05128205128205128,0.02564102564102564,0.02564102564102564,0.02564102564102564,0.0,0.02564102564102564,0.0,0.07692307692307693,0.0,0.0,0.0,0.0,0.02564102564102564,0.0,0.02564102564102564,0.02564102564102564,0.0,0.0,0.02564102564102564,0.0,0.0,0.0,0.0,0.02564102564102564,0.0,0.0,0.02564102564102564,0.02564102564102564,0.02564102564102564,0.02564102564102564,0.0,0.05128205128205128,0.05128205128205128,0.02564102564102564,0.0,0.0,0.02564102564102564,0.0,0.02564102564102564,0.0,0.0,0.02564102564102564,0.0,0.0,0.0,0.07692307692307693,0.02564102564102564,0.0,0.0,0.02564102564102564,0.02564102564102564,0.02564102564102564,0.02564102564102564,0.05128205128205128,0.0,0.02564102564102564,0.02564102564102564,0.0,0.02564102564102564,0.0,0.0,0.0,0.0,0.0,0.05128205128205128,0.02564102564102564,0.02564102564102564,0.02564102564102564,0.0,0.02564102564102564,0.0,0.07692307692307693,0.0,0.0,0.0,0.0,0.02564102564102564,0.0,0.02564102564102564,0.02564102564102564,0.0,0.0,0.02564102564102564,0.0,0.0,0.0,0.0,0.02564102564102564,0.0,0.0,0.02564102564102564,0.02564102564102564,0.02564102564102564,2.9221735728363467,3.0,0.9740578576121156,0.1282051282051282,obj99,fld1,1
0.075,0.15,0.175,0.125,0.125,0.075,0.15,0.125,8,0.175,2,0.0,0.0,0.0,0.02564102564102564,0.02564102564102564,0.0,0.0,0.02564102564102564,0.0,0.02564102564102564,0.0,0.0,0.05128205128205128,0.0,0.07692307692307693,0.0,0.0,0.02564102564102564,0.02564102564102564,0.05128205128205128,0.0,0.02564102564102564,0.0,0.02564102564102564,0.02564102564102564,0.02564102564102564,0.0,0.0,0.0,0.02564102564102564,0.02564102564102564,0.02564102564102564,0.0,0.0,0.05128205128205128,0.02564102564102564,0.02564102564102564,0.0,0.0,0.02564102564102564,0.02564102564102564,0.02564102564102564,0.0,0.0,0.0,0.02564102564102564,0.0,0.0,0.02564102564102564,0.02564102564102564,0.05128205128205128,0.02564102564102564,0.0,0.0,0.0,0.02564102564102564,0.0,0.02564102564102564,0.05128205128205128,0.0,0.0,0.0,0.05128205128205128,0.0,0.0,0.0,0.0,0.02564102564102564,0.02564102564102564,0.0,0.0,0.02564102564102564,0.0,0.02564102564102564,0.0,0.0,0.05128205128205128,0.0,0.07692307692307693,0.0,0.0,0.02564102564102564,0.02564102564102564,0.05128205128205128,0.0,0.02564102564102564,0.0,0.02564102564102564,0.02564102564102564,0.02564102564102564,0.0,0.0,0.0,0.02564102564102564,0.02564102564102564,0.02564102564102564,0.0,0.0,0.05128205128205128,0.02564102564102564,0.02564102564102564,0.0,0.0,0.02564102564102564,0.02564102564102564,0.02564102564102564,0.0,0.0,0.0,0.02564102564102564,0.0,0.0,0.02564102564102564,0.02564102564102564,0.05128205128205128,0.02564102564102564,0.0,0.0,0.0,0.02564102564102564,0.0,0.02564102564102564,0.05128205128205128,0.0,0.0,0.0,0.05128205128205128,0.0,2.94668482262,3.0,0.9822282742066667,0.10256410256410256,obj100,fld5,1
0.175,0.2,0.075,0.225,0.125,0.1,0.025,0.075,8,0.225,3,0.05128205128205128,0.0,0.05128205128205128,0.0,0.05128205128205128,0.0,0.0,0.02564102564102564,0.0,0.0,0.0,0.05128205128205128,0.02564102564102564,0.07692307692307693,0.0,0.02564102564102564,0.05128205128205128,0.0,0.0,0.02564102564102564,0.0,0.0,0.0,0.0,0.0,0.07692307692307693,0.0,0.05128205128205128,0.05128205128205128,0.0,0.02564102564102564,0.02564102564102564,0.0,0.02564102564102564,0.02564102564102564,0.07692307692307693,0.0,0.0,0.0,0.0,0.0,0.07692307692307693,0.0,0.0,0.0,0.02564102564102564,0.0,0.0,0.02564102564102564,0.0,0.0,0.0,0.0,0.0,0.0,0.0,0.02564102564102564,0.02564102564102564,0.0,0.02564102564102564,0.0,0.0,0.0,0.0,0.05128205128205128,0.0,0.05128205128205128,0.0,0.05128205128205128,0.0,0.0,0.02564102564102564,0.0,0.0,0.0,0.05128205128205128,0.02564102564102564,0.07692307692307693,0.0,0.02564102564102564,0.05128205128205128,0.0,0.0,0.02564102564102564,0.0,0.0,0.0,0.0,0.0,0.07692307692307693,0.0,0.05128205128205128,0.05128205128205128,0.0,0.02564102564102564,0.02564102564102564,0.0,0.02564102564102564,0.02564102564102564,0.07692307692307693,0.0,0.0,0.0,0.0,0.0,0.07692307692307693,0.0,0.0,0.0,0.02564102564102564,0.0,0.0,0.02564102564102564,0.0,0.0,0.0,0.0,0.0,0.0,0.0,0.02564102564102564,0.02564102564102564,0.0,0.02564102564102564,0.0,0.0,0.0,0.0,2.7894224712336673,3.0,0.9298074904112225,0.1282051282051282,obj101,fld5,0
0.15,0.125,0.1,0.125,0.125,0.2,0.075,0.1,8,0.2,5,0.0,0.02564102564102564,0.05128205128205128,0.02564102564102564,0.0,0.05128205128205128,0.0,0.0,0.0,0.02564102564102564,0.0,0.0,0.02564102564102564,0.02564102564102564,0.0,0.05128205128205128,0.02564102564102564,0.0,0.0,0.02564102564102564,0.0,0.02564102564102564,0.02564102564102564,0.0,0.0,0.02564102564102564,0.02564102564102564,0.0,0.0,0.02564102564102564,0.05128205128205128,0.0,0.0,0.05128205128205128,0.02564102564102564,0.02564102564102564,0.0,0.0,0.0,0.02564102564102564,0.07692307692307693,0.0,0.0,0.02564102564102564,0.02564102564102564,0.07692307692307693,0.0,0.0,0.0,0.0,0.0,0.0,0.05128205128205128,0.0,0.0,0.0,0.05128205128205128,0.0,0.0,0.02564102564102564,0.0,0.0,0.0,0.02564102564102564,0.0,0.02564102564102564,0.05128205128205128,0.02564102564102564,0.0,0.05128205128205128,0.0,0.0,0.0,0.02564102564102564,0.0,0.0,0.02564102564102564,0.02564102564102564,0.0,0.05128205128205128,0.02564102564102564,0.0,0.0,0.02564102564102564,0.0,0.02564102564102564,0.02564102564102564,0.0,0.0,0.02564102564102564,0.02564102564102564,0.0,0.0,0.02564102564102564,0.05128205128205128,0.0,0.0,0.05128205128205128,0.02564102564102564,0.02564102564102564,0.0,0.0,0.0,0.02564102564102564,0.07692307692307693,0.0,0.0,0.02564102564102564,0.02564102564102564,0.07692307692307693,0.0,0.0,0.0,0.0,0.0,0.0,0.05128205128205128,0.0,0.0,0.0,0.05128205128205128,0.0,0.0,0.02564102564102564,0.0,0.0,0.0,0.02564102564102564,2.9445884966423415,3.0,0.9815294988807804,0.1282051282051282,obj102,fld5,1
0.125,0.175,0.05,0.125,0.15,0.175,0.075,0.125,8,0.175,1,0.02564102564102564,0.0,0.02564102564102564,0.0,0.02564102564102564,0.02564102564102564,0.02564102564102564,0.0,0.02564102564102564,0.05128205128205128,0.0,0.0,0.02564102564102564,0.0,0.02564102564102564,0.02564102564102564,0.0,0.02564102564102564,0.0,0.0,0.0,0.0,0.0,0.02564102564102564,0.0,0.05128205128205128,0.0,0.02564102564102564,0.0,0.02564102564102564,0.0,0.02564102564102564,0.02564102564102564,0.0,0.0,0.05128205128205128,0.02564102564102564,0.02564102564102564,0.0,0.02564102564102564,0.02564102564102564,0.0,0.02564102564102564,0.02564102564102564,0.02564102564102564,0.02564102564102564,0.02564102564102564,0.02564102564102564,0.0,0.02564102564102564,0.0,0.0,0.02564102564102564,0.02564102564102564,0.0,0.0,0.02564102564102564,0.02564102564102564,0.0,0.0,0.02564102564102564,0.05128205128205128,0.0,0.0,0.02564102564102564,0.0,0.02564102564102564,0.0,0.02564102564102564,0.02564102564102564,0.02564102564102564,0.0,0.02564102564102564,0.05128205128205128,0.0,0.0,0.02564102564102564,0.0,0.02564102564102564,0.02564102564102564,0.0,0.02564102564102564,0.0,0.0,0.0,0.0,0.0,0.02564102564102564,0.0,0.05128205128205128,0.0,0.02564102564102564,0.0,0.02564102564102564,0.0,0.02564102564102564,0.02564102564102564,0.0,0.0,0.05128205128205128,0.02564102564102564,0.02564102564102564,0.0,0.02564102564102564,0.02564102564102564,0.0,0.02564102564102564,0.02564102564102564,0.02564102564102564,0.02564102564102564,0.02564102564102564,0.02564102564102564,0.0,0.02564102564102564,0.0,0.0,0.02564102564102564,0.02564102564102564,0.0,0.0,0.02564102564102564,0.02564102564102564,0.0,0.0,0.02564102564102564,0.05128205128205128,0.0,0.0,2.9120142739221797,3.0,0.9706714246407265,0.15384615384615385,obj103,fld4,1
0.1,0.2,0.125,0.05,0.1,0.2,0.025,0.2,8,0.2,1,0.0,0.05128205128205128,0.0,0.0,0.0,0.0,0.02564102564102564,0.02564102564102564,0.0,0.05128205128205128,0.05128205128205128,0.02564102564102564,0.0,0.05128205128205128,0.0,0.02564102564102564,0.02564102564102564,0.05128205128205128,0.0,0.0,0.0,0.0,0.0,0.05128205128205128,0.02564102564102564,0.0,0.0,0.0,0.0,0.02564102564102564,0.0,0.0,0.0,0.02564102564102564,0.0,0.0,0.05128205128205128,0.02564102564102564,0.0,0.0,0.02564102564102564,0.0,0.05128205128205128,0.02564102564102564,0.0,0.05128205128205128,0.0,0.05128205128205128,0.0,0.0,0.02564102564102564,0.0,0.0,0.0,0.0,0.0,0.02564102564102564,0.02564102564102564,0.0,0.0,0.02564102564102564,0.05128205128205128,0.0,0.05128205128205128,0.0,0.05128205128205128,0.0,0.0,0.0,0.0,0.02564102564102564,0.02564102564102564,0.0,0.05128205128205128,0.05128205128205128,0.02564102564102564,0.0,0.05128205128205128,0.0,0.02564102564102564,0.02564102564102564,0.05128205128205128,0.0,0.0,0.0,0.0,0.0,0.05128205128205128,0.02564102564102564,0.0,0.0,0.0,0.0,0.02564102564102564,0.0,0.0,0.0,0.02564102564102564,0.0,0.0,0.05128205128205128,0.02564102564102564,0.0,0.0,0.02564102564102564,0.0,0.05128205128205128,0.02564102564102564,0.0,0.05128205128205128,0.0,0.05128205128205128,0.0,0.0,0.02564102564102564,0.0,0.0,0.0,0.0,0.0,0.02564102564102564,0.02564102564102564,0.0,0.0,0.02564102564102564,0.05128205128205128,0.0,0.05128205128205128,2.781687083026442,3.0,0.9272290276754807,0.20512820512820512,obj104,fld2,1
0.075,0.1,0.125,0.175,0.1,0.175,0.15,0.1,8,0.175,5,0.0,0.0,0.02564102564102564,0.0,0.0,0.0,0.02564102564102564,0.0,0.0,0.0,0.0,0.02564102564102564,0.02564102564102564,0.02564102564102564,0.0,0.02564102564102564,0.02564102564102564,0.0,0.0,0.02564102564102564,0.02564102564102564,0.05128205128205128,0.0,0.0,0.05128205128205128,0.02564102564102564,0.0,0.05128205128205128,0.02564102564102564,0.02564102564102564,0.0,0.0,0.0,0.02564102564102564,0.0,0.0,0.0,0.02564102564102564,0.05128205128205128,0.0,0.0,0.0,0.02564102564102564,0.02564102564102564,0.0,0.02564102564102564,0.07692307692307693,0.02564102564102564,0.0,0.05128205128205128,0.05128205128205128,0.0,0.0,0.0,0.0,0.05128205128205128,0.0,0.0,0.02564102564102564,0.05128205128205128,0.02564102564102564,0.0,0.0,0.0,0.0,0.0,0.02564102564102564,0.0,0.0,0.0,0.02564102564102564,0.0,0.0,0.0,0.0,0.02564102564102564,0.02564102564102564,0.02564102564102564,0.0,0.02564102564102564,0.02564102564102564,0.0,0.0,0.02564102564102564,0.02564102564102564,0.05128205128205128,0.0,0.0,0.05128205128205128,0.02564102564102564,0.0,0.05128205128205128,0.02564102564102564,0.02564102564102564,0.0,0.0,0.0,0.02564102564102564,0.0,0.0,0.0,0.02564102564102564,0.05128205128205128,0.0,0.0,0.0,0.02564102564102564,0.02564102564102564,0.0,0.02564102564102564,0.07692307692307693,0.02564102564102564,0.0,0.05128205128205128,0.05128205128205128,0.0,0.0,0.0,0.0,0.05128205128205128,0.0,0.0,0.02564102564102564,0.05128205128205128,0.02564102564102564,0.0,0.0,0.0,2.9424962976440203,3.0,0.9808320992146734,0.07692307692307693,obj105,fld2,1
0.15,0.15,0.1,0.075,0.1,0.175,0.15,0.1,8,0.175,5,0.0,0.02564102564102564,0.05128205128205128,0.02564102564102564,0.02564102564102564,0.02564102564102564,0.0,0.0,0.05128205128205128,0.02564102564102564,0.0,0.0,0.0,0.05128205128205128,0.0,0.02564102564102564,0.02564102564102564,0.0,0.0,0.02564102564102564,0.0,0.02564102564102564,0.0,0.02564102564102564,0.02564102564102564,0.02564102564102564,0.0,0.0,0.0,0.0,0.0,0.0,0.0,0.02564102564102564,0.0,0.0,0.02564102564102564,0.0,0.05128205128205128,0.0,0.02564102564102564,0.0,0.05128205128205128,0.02564102564102564,0.05128205128205128,0.0,0.02564102564102564,0.0,0.0,0.02564102564102564,0.0,0.0,0.0,0.05128205128205128,0.05128205128205128,0.02564102564102564,0.0,0.02564102564102564,0.0,0.0,0.0,0.02564102564102564,0.02564102564102564,0.02564102564102564,0.0,0.02564102564102564,0.05128205128205128,0.02564102564102564,0.02564102564102564,0.02564102564102564,0.0,0.0,0.05128205128205128,0.02564102564102564,0.0,0.0,0.0,0.05128205128205128,0.0,0.02564102564102564,0.02564102564102564,0.0,0.0,0.02564102564102564,0.0,0.02564102564102564,0.0,0.02564102564102564,0.02564102564102564,0.02564102564102564,0.0,0.0,0.0,0.0,0.0,0.0,0.0,0.02564102564102564,0.0,0.0,0.02564102564102564,0.0,0.05128205128205128,0.0,0.02564102564102564,0.0,0.05128205128205128,0.02564102564102564,0.05128205128205128,0.0,0.02564102564102564,0.0,0.0,0.02564102564102564,0.0,0.0,0.0,0.05128205128205128,0.05128205128205128,0.02564102564102564,0.0,0.02564102564102564,0.0,0.0,0.0,0.02564102564102564,0.02564102564102564,0.02564102564102564,2.948535670648674,3.0,0.9828452235495581,0.1282051282051282,obj106,fld1,1
0.15,0.075,0.2,0.05,0.175,0.175,0.1,0.075,8,0.2,2,0.02564102564102564,0.02564102564102564,0.02564102564102564,0.02564102564102564,0.02564102564102564,0.0,0.02564102564102564,0.0,0.02564102564102564,0.0,0.0,0.0,0.02564102564102564,0.0,0.02564102564102564,0.0,0.02564102564102564,0.0,0.02564102564102564,0.0,0.02564102564102564,0.07692307692307693,0.0,0.05128205128205128,0.0,0.0,0.02564102564102564,0.0,0.0,0.0,0.0,0.0,0.0,0.0,0.05128205128205128,0.0,0.02564102564102564,0.10256410256410256,0.0,0.0,0.02564102564102564,0.02564102564102564,0.05128205128205128,0.0,0.02564102564102564,0.0,0.02564102564102564,0.02564102564102564,0.0,0.02564102564102564,0.0,0.0,0.05128205128205128,0.0,0.02564102564102564,0.0,0.05128205128205128,0.0,0.02564102564102564,0.0,0.0,0.0,0.0,0.0,0.02564102564102564,0.02564102564102564,0.02564102564102564,0.02564102564102564,0.02564102564102564,0.0,0.02564102564102564,0.0,0.02564102564102564,0.0,0.0,0.0,0.02564102564102564,0.0,0.02564102564102564,0.0,0.02564102564102564,0.0,0.02564102564102564,0.0,0.02564102564102564,0.07692307692307693,0.0,0.05128205128205128,0.0,0.0,0.02564102564102564,0.0,0.0,0.0,0.0,0.0,0.0,0.0,0.05128205128205128,0.0,0.02564102564102564,0.10256410256410256,0.0,0.0,0.02564102564102564,0.02564102564102564,0.05128205128205128,0.0,0.02564102564102564,0.0,0.02564102564102564,0.02564102564102564,0.0,0.02564102564102564,0.0,0.0,0.05128205128205128,0.0,0.02564102564102564,0.0,0.05128205128205128,0.0,0.02564102564102564,0.0,0.0,0.0,0.0,0.0,2.8638651219508535,3.0,0.9546217073169512,0.10256410256410256,obj107,fld4,1
0.125,0.175,0.1,0.125,0.15,0.05,0.2,0.075,8,0.2,6,0.02564102564102564,0.02564102564102564,0.02564102564102564,0.0,0.05128205128205128,0.0,0.0,0.0,0.05128205128205128,0.02564102564102564,0.02564102564102564,0.02564102564102564,0.0,0.0,0.05128205128205128,0.0,0.0,0.02564102564102564,0.0,0.0,0.0,0.02564102564102564,0.0,0.02564102564102564,0.0,0.02564102564102564,0.02564102564102564,0.02564102564102564,0.0,0.0,0.05128205128205128,0.0,0.0,0.05128205128205128,0.0,0.02564102564102564,0.05128205128205128,0.0,0.02564102564102564,0.0,0.0,0.0,0.0,0.0,0.0,0.0,0.0,0.05128205128205128,0.02564102564102564,0.0,0.02564102564102564,0.02564102564102564,0.05128205128205128,0.0,0.07692307692307693,0.0,0.0,0.02564102564102564,0.0,0.02564102564102564,0.0,0.02564102564102564,0.0,0.0,0.02564102564102564,0.02564102564102564,0.02564102564102564,0.0,0.05128205128205128,0.0,0.0,0.0,0.05128205128205128,0.02564102564102564,0.02564102564102564,0.02564102564102564,0.0,0.0,0.05128205128205128,0.0,0.0,0.02564102564102564,0.0,0.0,0.0,0.02564102564102564,0.0,0.02564102564102564,0.0,0.02564102564102564,0.02564102564102564,0.02564102564102564,0.0,0.0,0.05128205128205128,0.0,0.0,0.05128205128205128,0.0,0.02564102564102564,0.05128205128205128,0.0,0.02564102564102564,0.0,0.0,0.0,0.0,0.0,0.0,0.0,0.0,0.05128205128205128,0.02564102564102564,0.0,0.02564102564102564,0.02564102564102564,0.05128205128205128,0.0,0.07692307692307693,0.0,0.0,0.02564102564102564,0.0,0.02564102564102564,0.0,0.02564102564102564,0.0,0.0,2.8935423971431806,3.0,0.9645141323810602,0.20512820512820512,obj108,fld5,0
0.225,0.025,0.15,0.05,0.175,0.175,0.15,0.05,8,0.225,0,0.05128205128205128,0.0,0.02564102564102564,0.0,0.05128205128205128,0.05128205128205128,0.05128205128205128,0.0,0.0,0.0,0.0,0.0,0.0,0.0,0.0,0.02564102564102564,0.02564102564102564,0.0,0.0,0.0,0.0,0.05128205128205128,0.05128205128205128,0.0,0.05128205128205128,0.0,0.0,0.0,0.0,0.0,0.0,0.0,0.05128205128205128,0.0,0.02564102564102564,0.05128205128205128,0.0,0.05128205128205128,0.0,0.0,0.02564102564102564,0.02564102564102564,0.07692307692307693,0.0,0.02564102564102564,0.0,0.02564102564102564,0.0,0.0,0.0,0.02564102564102564,0.0,0.07692307692307693,0.02564102564102564,0.0,0.02564102564102564,0.02564102564102564,0.0,0.0,0.0,0.02564102564102564,0.0,0.0,0.0,0.05128205128205128,0.0,0.02564102564102564,0.0,0.05128205128205128,0.05128205128205128,0.05128205128205128,0.0,0.0,0.0,0.0,0.0,0.0,0.0,0.0,0.02564102564102564,0.02564102564102564,0.0,0.0,0.0,0.0,0.05128205128205128,0.05128205128205128,0.0,0.05128205128205128,0.0,0.0,0.0,0.0,0.0,0.0,0.0,0.05128205128205128,0.0,0.02564102564102564,0.05128205128205128,0.0,0.05128205128205128,0.0,0.0,0.02564102564102564,0.02564102564102564,0.07692307692307693,0.0,0.02564102564102564,0.0,0.02564102564102564,0.0,0.0,0.0,0.02564102564102564,0.0,0.07692307692307693,0.02564102564102564,0.0,0.02564102564102564,0.02564102564102564,0.0,0.0,0.0,0.02564102564102564,0.0,0.0,0.0,2.7506319966263333,3.0,0.9168773322087778,0.05128205128205128,obj109,fld3,0
0.125,0.1,0.125,0.1,0.125,0.225,0.1,0.1,8,0.225,5,0.02564102564102564,0.02564102564102564,0.02564102564102564,0.0,0.0,0.05128205128205128,0.0,0.0,0.0,0.02564102564102564,0.02564102564102564,0.0,0.0,0.02564102564102564,0.0,0.02564102564102564,0.02564102564102564,0.0,0.0,0.0,0.0,0.02564102564102564,0.02564102564102564,0.02564102564102564,0.02564102564102564,0.0,0.02564102564102564,0.0,0.02564102564102564,0.02564102564102564,0.0,0.0,0.0,0.0,0.02564102564102564,0.02564102564102564,0.02564102564102564,0.02564102564102564,0.02564102564102564,0.0,0.02564102564102564,0.02564102564102564,0.0,0.02564102564102564,0.05128205128205128,0.05128205128205128,0.02564102564102564,0.02564102564102564,0.02564102564102564,0.02564102564102564,0.02564102564102564,0.0,0.02564102564102564,0.0,0.0,0.0,0.0,0.0,0.0,0.05128205128205128,0.0,0.0,0.02564102564102564,0.02564102564102564,0.02564102564102564,0.02564102564102564,0.02564102564102564,0.0,0.0,0.05128205128205128,0.0,0.0,0.0,0.02564102564102564,0.02564102564102564,0.0,0.0,0.02564102564102564,0.0,0.02564102564102564,0.02564102564102564,0.0,0.0,0.0,0.0,0.02564102564102564,0.02564102564102564,0.02564102564102564,0.02564102564102564,0.0,0.02564102564102564,0.0,0.02564102564102564,0.02564102564102564,0.0,0.0,0.0,0.0,0.02564102564102564,0.02564102564102564,0.02564102564102564,0.02564102564102564,0.02564102564102564,0.0,0.02564102564102564,0.02564102564102564,0.0,0.02564102564102564,0.05128205128205128,0.05128205128205128,0.02564102564102564,0.02564102564102564,0.02564102564102564,0.02564102564102564,0.02564102564102564,0.0,0.02564102564102564,0.0,0.0,0.0,0.0,0.0,0.0,0.05128205128205128,0.0,0.0,0.02564102564102564,0.02564102564102564,2.937971933980081,3.0,0.9793239779933604,0.15384615384615385,obj110,fld3,1
0.225,0.125,0.075,0.075,0.2,0.05,0.125,0.125,8,0.225,0,0.05128205128205128,0.02564102564102564,0.0,0.0,0.02564102564102564,0.02564102564102564,0.02564102564102564,0.07692307692307693,0.05128205128205128,0.0,0.0,0.0,0.02564102564102564,0.0,0.05128205128205128,0.0,0.0,0.0,0.0,0.0,0.02564102564102564,0.0,0.02564102564102564,0.02564102564102564,0.0,0.0,0.02564102564102564,0.0,0.05128205128205128,0.0,0.0,0.0,0.02564102564102564,0.07692307692307693,0.02564102564102564,0.0,0.02564102564102564,0.02564102564102564,0.0,0.02564102564102564,0.0,0.0,0.0,0.02564102564102564,0.02564102564102564,0.0,0.0,0.0,0.05128205128205128,0.0,0.0,0.05128205128205128,0.0,0.0,0.02564102564102564,0.0,0.05128205128205128,0.02564102564102564,0.0,0.0,0.02564102564102564,0.0,0.0,0.0,0.05128205128205128,0.02564102564102564,0.0,0.0,0.02564102564102564,0.02564102564102564,0.02564102564102564,0.07692307692307693,0.05128205128205128,0.0,0.0,0.0,0.02564102564102564,0.0,0.05128205128205128,0.0,0.0,0.0,0.0,0.0,0.02564102564102564,0.0,0.02564102564102564,0.02564102564102564,0.0,0.0,0.02564102564102564,0.0,0.05128205128205128,0.0,0.0,0.0,0.02564102564102564,0.07692307692307693,0.02564102564102564,0.0,0.02564102564102564,0.02564102564102564,0.0,0.02564102564102564,0.0,0.0,0.0,0.02564102564102564,0.02564102564102564,0.0,0.0,0.0,0.05128205128205128,0.0,0.0,0.05128205128205128,0.0,0.0,0.02564102564102564,0.0,0.05128205128205128,0.02564102564102564,0.0,0.0,0.02564102564102564,0.0,0.0,0.0,2.8502275588719077,3.0,0.9500758529573026,0.10256410256410256,obj111,fld4,1
0.15,0.125,0.125,0.15,0.1,0.075,0.125,0.15,8,0.15,0,0.0,0.05128205128205128,0.0,0.0,0.0,0.02564102564102564,0.02564102564102564,0.05128205128205128,0.0,0.0,0.02564102564102564,0.02564102564102564,0.0,0.0,0.02564102564102564,0.05128205128205128,0.02564102564102564,0.0,0.02564102564102564,0.02564102564102564,0.05128205128205128,0.0,0.0,0.0,0.0,0.02564102564102564,0.02564102564102564,0.05128205128205128,0.02564102564102564,0.0,0.0,0.0,0.02564102564102564,0.02564102564102564,0.02564102564102564,0.0,0.0,0.02564102564102564,0.0,0.0,0.0,0.0,0.0,0.0,0.02564102564102564,0.0,0.0,0.05128205128205128,0.02564102564102564,0.0,0.0,0.05128205128205128,0.0,0.02564102564102564,0.02564102564102564,0.0,0.05128205128205128,0.02564102564102564,0.02564102564102564,0.0,0.0,0.0,0.05128205128205128,0.0,0.0,0.05128205128205128,0.0,0.0,0.0,0.02564102564102564,0.02564102564102564,0.05128205128205128,0.0,0.0,0.02564102564102564,0.02564102564102564,0.0,0.0,0.02564102564102564,0.05128205128205128,0.02564102564102564,0.0,0.02564102564102564,0.02564102564102564,0.05128205128205128,0.0,0.0,0.0,0.0,0.02564102564102564,0.02564102564102564,0.05128205128205128,0.02564102564102564,0.0,0.0,0.0,0.02564102564102564,0.02564102564102564,0.02564102564102564,0.0,0.0,0.02564102564102564,0.0,0.0,0.0,0.0,0.0,0.0,0.02564102564102564,0.0,0.0,0.05128205128205128,0.02564102564102564,0.0,0.0,0.05128205128205128,0.0,0.02564102564102564,0.02564102564102564,0.0,0.05128205128205128,0.02564102564102564,0.02564102564102564,0.0,0.0,0.0,0.05128205128205128,0.0,2.969099746425994,3.0,0.9896999154753313,0.10256410256410256,obj112,fld2,0
0.05,0.125,0.125,0.025,0.075,0.2,0.325,0.075,8,0.325,6,0.0,0.0,0.0,0.0,0.0,0.05128205128205128,0.0,0.0,0.0,0.05128205128205128,0.02564102564102564,0.02564102564102564,0.0,0.02564102564102564,0.0,0.0,0.0,0.02564102564102564,0.02564102564102564,0.0,0.0,0.02564102564102564,0.05128205128205128,0.0,0.0,0.0,0.0,0.0,0.0,0.0,0.02564102564102564,0.0,0.0,0.0,0.0,0.0,0.02564102564102564,0.02564102564102564,0.02564102564102564,0.0,0.02564102564102564,0.02564102564102564,0.0,0.0,0.05128205128205128,0.0,0.07692307692307693,0.02564102564102564,0.02564102564102564,0.0,0.07692307692307693,0.0,0.0,0.07692307692307693,0.07692307692307693,0.05128205128205128,0.0,0.02564102564102564,0.0,0.0,0.0,0.0,0.05128205128205128,0.0,0.0,0.0,0.0,0.0,0.0,0.05128205128205128,0.0,0.0,0.0,0.05128205128205128,0.02564102564102564,0.02564102564102564,0.0,0.02564102564102564,0.0,0.0,0.0,0.02564102564102564,0.02564102564102564,0.0,0.0,0.02564102564102564,0.05128205128205128,0.0,0.0,0.0,0.0,0.0,0.0,0.0,0.02564102564102564,0.0,0.0,0.0,0.0,0.0,0.02564102564102564,0.02564102564102564,0.02564102564102564,0.0,0.02564102564102564,0.02564102564102564,0.0,0.0,0.05128205128205128,0.0,0.07692307692307693,0.02564102564102564,0.02564102564102564,0.0,0.07692307692307693,0.0,0.0,0.07692307692307693,0.07692307692307693,0.05128205128205128,0.0,0.02564102564102564,0.0,0.0,0.0,0.0,0.05128205128205128,0.0,2.651058787661493,3.0,0.883686262553831,0.1794871794871795,obj113,fld4,1
0.125,0.125,0.15,0.125,0.1,0.15,0.175,0.05,8,0.175,6,0.0,0.02564102564102564,0.05128205128205128,0.0,0.0,0.0,0.0,0.02564102564102564,0.02564102564102564,0.0,0.0,0.02564102564102564,0.0,0.02564102564102564,0.05128205128205128,0.0,0.02564102564102564,0.02564102564102564,0.02564102564102564,0.0,0.0,0.02564102564102564,0.05128205128205128,0.0,0.0,0.05128205128205128,0.0,0.02564102564102564,0.05128205128205128,0.0,0.0,0.0,0.02564102564102564,0.0,0.02564102564102564,0.0,0.02564102564102564,0.0,0.02564102564102564,0.0,0.02564102564102564,0.0,0.02564102564102564,0.0,0.0,0.07692307692307693,0.02564102564102564,0.0,0.02564102564102564,0.02564102564102564,0.02564102564102564,0.07692307692307693,0.0,0.02564102564102564,0.0,0.0,0.0,0.0,0.0,0.0,0.0,0.0,0.02564102564102564,0.02564102564102564,0.0,0.02564102564102564,0.05128205128205128,0.0,0.0,0.0,0.0,0.02564102564102564,0.02564102564102564,0.0,0.0,0.02564102564102564,0.0,0.02564102564102564,0.05128205128205128,0.0,0.02564102564102564,0.02564102564102564,0.02564102564102564,0.0,0.0,0.02564102564102564,0.05128205128205128,0.0,0.0,0.05128205128205128,0.0,0.02564102564102564,0.05128205128205128,0.0,0.0,0.0,0.02564102564102564,0.0,0.02564102564102564,0.0,0.02564102564102564,0.0,0.02564102564102564,0.0,0.02564102564102564,0.0,0.02564102564102564,0.0,0.0,0.07692307692307693,0.02564102564102564,0.0,0.02564102564102564,0.02564102564102564,0.02564102564102564,0.07692307692307693,0.0,0.02564102564102564,0.0,0.0,0.0,0.0,0.0,0.0,0.0,0.0,0.02564102564102564,0.02564102564102564,2.934429197728174,3.0,0.9781430659093914,0.1794871794871795,obj114,fld2,1
0.125,0.175,0.075,0.05,0.1,0.125,0.15,0.2,8,0.2,7,0.0,0.02564102564102564,0.02564102564102564,0.02564102564102564,0.02564102564102564,0.0,0.02564102564102564,0.0,0.02564102564102564,0.02564102564102564,0.0,0.0,0.0,0.05128205128205128,0.05128205128205128,0.02564102564102564,0.02564102564102564,0.0,0.0,0.0,0.0,0.0,0.0,0.02564102564102564,0.0,0.0,0.0,0.0,0.02564102564102564,0.02564102564102564,0.0,0.0,0.02564102564102564,0.0,0.0,0.0,0.02564102564102564,0.0,0.02564102564102564,0.02564102564102564,0.0,0.05128205128205128,0.0,0.02564102564102564,0.02564102564102564,0.0,0.0,0.02564102564102564,0.0,0.02564102564102564,0.0,0.0,0.0,0.05128205128205128,0.02564102564102564,0.05128205128205128,0.05128205128205128,0.05128205128205128,0.05128205128205128,0.0,0.0,0.0,0.02564102564102564,0.02564102564102564,0.0,0.02564102564102564,0.02564102564102564,0.02564102564102564,0.02564102564102564,0.0,0.02564102564102564,0.0,0.02564102564102564,0.02564102564102564,0.0,0.0,0.0,0.05128205128205128,0.05128205128205128,0.02564102564102564,0.02564102564102564,0.0,0.0,0.0,0.0,0.0,0.0,0.02564102564102564,0.0,0.0,0.0,0.0,0.02564102564102564,0.02564102564102564,0.0,0.0,0.02564102564102564,0.0,0.0,0.0,0.02564102564102564,0.0,0.02564102564102564,0.02564102564102564,0.0,0.05128205128205128,0.0,0.02564102564102564,0.02564102564102564,0.0,0.0,0.02564102564102564,0.0,0.02564102564102564,0.0,0.0,0.0,0.05128205128205128,0.02564102564102564,0.05128205128205128,0.05128205128205128,0.05128205128205128,0.05128205128205128,0.0,0.0,0.0,0.02564102564102564,0.02564102564102564,2.893542397143181,3.0,0.9645141323810603,0.10256410256410256,obj115,fld1,1
0.1,0.075,0.05,0.15,0.2,0.125,0.125,0.175,8,0.2,4,0.0,0.02564102564102564,0.0,0.0,0.05128205128205128,0.0,0.0,0.02564102564102564,0.0,0.0,0.0,0.02564102564102564,0.05128205128205128,0.0,0.0,0.0,0.0,0.0,0.0,0.0,0.0,0.0,0.0,0.05128205128205128,0.05128205128205128,0.02564102564102564,0.0,0.0,0.02564102564102564,0.02564102564102564,0.0,0.0,0.0,0.0,0.02564102564102564,0.02564102564102564,0.02564102564102564,0.05128205128205128,0.02564102564102564,0.05128205128205128,0.0,0.02564102564102564,0.02564102564102564,0.05128205128205128,0.0,0.0,0.02564102564102564,0.0,0.05128205128205128,0.0,0.0,0.02564102564102564,0.0,0.02564102564102564,0.02564102564102564,0.0,0.0,0.0,0.0,0.02564102564102564,0.02564102564102564,0.02564102564102564,0.05128205128205128,0.05128205128205128,0.0,0.02564102564102564,0.0,0.0,0.05128205128205128,0.0,0.0,0.02564102564102564,0.0,0.0,0.0,0.02564102564102564,0.05128205128205128,0.0,0.0,0.0,0.0,0.0,0.0,0.0,0.0,0.0,0.0,0.05128205128205128,0.05128205128205128,0.02564102564102564,0.0,0.0,0.02564102564102564,0.02564102564102564,0.0,0.0,0.0,0.0,0.02564102564102564,0.02564102564102564,0.02564102564102564,0.05128205128205128,0.02564102564102564,0.05128205128205128,0.0,0.02564102564102564,0.02564102564102564,0.05128205128205128,0.0,0.0,0.02564102564102564,0.0,0.05128205128205128,0.0,0.0,0.02564102564102564,0.0,0.02564102564102564,0.02564102564102564,0.0,0.0,0.0,0.0,0.02564102564102564,0.02564102564102564,0.02564102564102564,0.05128205128205128,0.05128205128205128,2.893542397143181,3.0,0.9645141323810603,0.10256410256410256,obj116,fld2,1
0.125,0.075,0.225,0.025,0.225,0.1,0.075,0.15,8,0.225,2,0.0,0.0,0.0,0.0,0.02564102564102564,0.02564102564102564,0.05128205128205128,0.02564102564102564,0.0,0.0,0.02564102564102564,0.0,0.02564102564102564,0.0,0.0,0.0,0.07692307692307693,0.0,0.05128205128205128,0.02564102564102564,0.07692307692307693,0.0,0.0,0.0,0.0,0.0,0.0,0.0,0.0,0.0,0.0,0.02564102564102564,0.02564102564102564,0.02564102564102564,0.05128205128205128,0.0,0.02564102564102564,0.02564102564102564,0.0,0.07692307692307693,0.0,0.02564102564102564,0.05128205128205128,0.0,0.02564102564102564,0.0,0.0,0.0,0.0,0.02564102564102564,0.0,0.0,0.02564102564102564,0.02564102564102564,0.0,0.0,0.02564102564102564,0.0,0.02564102564102564,0.0,0.02564102564102564,0.02564102564102564,0.02564102564102564,0.02564102564102564,0.0,0.0,0.0,0.0,0.02564102564102564,0.02564102564102564,0.05128205128205128,0.02564102564102564,0.0,0.0,0.02564102564102564,0.0,0.02564102564102564,0.0,0.0,0.0,0.07692307692307693,0.0,0.05128205128205128,0.02564102564102564,0.07692307692307693,0.0,0.0,0.0,0.0,0.0,0.0,0.0,0.0,0.0,0.0,0.02564102564102564,0.02564102564102564,0.02564102564102564,0.05128205128205128,0.0,0.02564102564102564,0.02564102564102564,0.0,0.07692307692307693,0.0,0.02564102564102564,0.05128205128205128,0.0,0.02564102564102564,0.0,0.0,0.0,0.0,0.02564102564102564,0.0,0.0,0.02564102564102564,0.02564102564102564,0.0,0.0,0.02564102564102564,0.0,0.02564102564102564,0.0,0.02564102564102564,0.02564102564102564,0.02564102564102564,0.02564102564102564,2.779732082161054,3.0,0.9265773607203514,0.10256410256410256,obj117,fld1,0
0.075,0.125,0.125,0.125,0.1,0.175,0.1,0.175,8,0.175,5,0.0,0.0,0.0,0.0,0.0,0.02564102564102564,0.0,0.05128205128205128,0.02564102564102564,0.0,0.0,0.0,0.0,0.02564102564102564,0.0,0.07692307692307693,0.02564102564102564,0.02564102564102564,0.0,0.0,0.0,0.05128205128205128,0.02564102564102564,0.0,0.0,0.0,0.05128205128205128,0.02564102564102564,0.02564102564102564,0.0,0.02564102564102564,0.0,0.0,0.0,0.0,0.0,0.05128205128205128,0.05128205128205128,0.0,0.0,0.02564102564102564,0.05128205128205128,0.05128205128205128,0.05128205128205128,0.0,0.0,0.0,0.0,0.0,0.02564102564102564,0.02564102564102564,0.0,0.0,0.02564102564102564,0.0,0.02564102564102564,0.0,0.02564102564102564,0.0,0.02564102564102564,0.02564102564102564,0.0,0.05128205128205128,0.02564102564102564,0.0,0.0,0.0,0.0,0.0,0.02564102564102564,0.0,0.05128205128205128,0.02564102564102564,0.0,0.0,0.0,0.0,0.02564102564102564,0.0,0.07692307692307693,0.02564102564102564,0.02564102564102564,0.0,0.0,0.0,0.05128205128205128,0.02564102564102564,0.0,0.0,0.0,0.05128205128205128,0.02564102564102564,0.02564102564102564,0.0,0.02564102564102564,0.0,0.0,0.0,0.0,0.0,0.05128205128205128,0.05128205128205128,0.0,0.0,0.02564102564102564,0.05128205128205128,0.05128205128205128,0.05128205128205128,0.0,0.0,0.0,0.0,0.0,0.02564102564102564,0.02564102564102564,0.0,0.0,0.02564102564102564,0.0,0.02564102564102564,0.0,0.02564102564102564,0.0,0.02564102564102564,0.02564102564102564,0.0,0.05128205128205128,0.02564102564102564,2.949758649030353,3.0,0.9832528830101177,0.10256410256410256,obj118,fld4,1
0.125,0.1,0.125,0.125,0.05,0.175,0.15,0.15,8,0.175,5,0.0,0.0,0.02564102564102564,0.02564102564102564,0.02564102564102564,0.02564102564102564,0.0,0.0,0.02564102564102564,0.02564102564102564,0.02564102564102564,0.02564102564102564,0.0,0.0,0.0,0.0,0.02564102564102564,0.0,0.02564102564102564,0.02564102564102564,0.0,0.0,0.05128205128205128,0.0,0.02564102564102564,0.02564102564102564,0.0,0.0,0.0,0.02564102564102564,0.05128205128205128,0.0,0.0,0.02564102564102564,0.0,0.0,0.0,0.0,0.0,0.02564102564102564,0.0,0.0,0.0,0.02564102564102564,0.02564102564102564,0.05128205128205128,0.0,0.07692307692307693,0.02564102564102564,0.02564102564102564,0.0,0.0,0.0,0.05128205128205128,0.02564102564102564,0.02564102564102564,0.0,0.0,0.05128205128205128,0.02564102564102564,0.0,0.02564102564102564,0.02564102564102564,0.02564102564102564,0.0,0.0,0.02564102564102564,0.02564102564102564,0.02564102564102564,0.02564102564102564,0.0,0.0,0.02564102564102564,0.02564102564102564,0.02564102564102564,0.02564102564102564,0.0,0.0,0.0,0.0,0.02564102564102564,0.0,0.02564102564102564,0.02564102564102564,0.0,0.0,0.05128205128205128,0.0,0.02564102564102564,0.02564102564102564,0.0,0.0,0.0,0.02564102564102564,0.05128205128205128,0.0,0.0,0.02564102564102564,0.0,0.0,0.0,0.0,0.0,0.02564102564102564,0.0,0.0,0.0,0.02564102564102564,0.02564102564102564,0.05128205128205128,0.0,0.07692307692307693,0.02564102564102564,0.02564102564102564,0.0,0.0,0.0,0.05128205128205128,0.02564102564102564,0.02564102564102564,0.0,0.0,0.05128205128205128,0.02564102564102564,0.0,0.02564102564102564,0.02564102564102564,0.02564102564102564,2.9344291977281736,3.0,0.9781430659093912,0.15384615384615385,obj119,fld3,1
0.15,0.15,0.1,0.075,0.175,0.125,0.1,0.125,8,0.175,4,0.0,0.02564102564102564,0.0,0.02564102564102564,0.05128205128205128,0.02564102564102564,0.0,0.02564102564102564,0.05128205128205128,0.0,0.0,0.05128205128205128,0.02564102564102564,0.0,0.02564102564102564,0.0,0.02564102564102564,0.0,0.02564102564102564,0.0,0.0,0.02564102564102564,0.0,0.02564102564102564,0.0,0.0,0.02564102564102564,0.0,0.02564102564102564,0.02564102564102564,0.0,0.0,0.05128205128205128,0.02564102564102564,0.02564102564102564,0.0,0.02564102564102564,0.0,0.02564102564102564,0.02564102564102564,0.02564102564102564,0.05128205128205128,0.0,0.0,0.0,0.02564102564102564,0.02564102564102564,0.0,0.0,0.02564102564102564,0.02564102564102564,0.0,0.02564102564102564,0.0,0.0,0.02564102564102564,0.0,0.02564102564102564,0.0,0.0,0.0,0.02564102564102564,0.02564102564102564,0.02564102564102564,0.0,0.02564102564102564,0.0,0.02564102564102564,0.05128205128205128,0.02564102564102564,0.0,0.02564102564102564,0.05128205128205128,0.0,0.0,0.05128205128205128,0.02564102564102564,0.0,0.02564102564102564,0.0,0.02564102564102564,0.0,0.02564102564102564,0.0,0.0,0.02564102564102564,0.0,0.02564102564102564,0.0,0.0,0.02564102564102564,0.0,0.02564102564102564,0.02564102564102564,0.0,0.0,0.05128205128205128,0.02564102564102564,0.02564102564102564,0.0,0.02564102564102564,0.0,0.02564102564102564,0.02564102564102564,0.02564102564102564,0.05128205128205128,0.0,0.0,0.0,0.02564102564102564,0.02564102564102564,0.0,0.0,0.02564102564102564,0.02564102564102564,0.0,0.02564102564102564,0.0,0.0,0.02564102564102564,0.0,0.02564102564102564,0.0,0.0,0.0,0.02564102564102564,0.02564102564102564,0.02564102564102564,2.9557980220350073,3.0,0.9852660073450025,0.10256410256410256,obj120,fld1,1
0.1,0.1,0.05,0.2,0.075,0.05,0.275,0.15,8,0.275,6,0.02564102564102564,0.0,0.0,0.0,0.0,0.0,0.05128205128205128,0.02564102564102564,0.02564102564102564,0.0,0.0,0.0,0.0,0.0,0.07692307692307693,0.0,0.0,0.0,0.0,0.02564102564102564,0.02564102564102564,0.0,0.0,0.0,0.0,0.02564102564102564,0.05128205128205128,0.05128205128205128,0.0,0.02564102564102564,0.02564102564102564,0.0,0.0,0.0,0.0,0.02564102564102564,0.0,0.0,0.05128205128205128,0.0,0.0,0.0,0.0,0.05128205128205128,0.0,0.0,0.0,0.0,0.02564102564102564,0.05128205128205128,0.0,0.0,0.05128205128205128,0.0,0.07692307692307693,0.07692307692307693,0.02564102564102564,0.0,0.0,0.05128205128205128,0.0,0.02564102564102564,0.0,0.05128205128205128,0.02564102564102564,0.0,0.0,0.0,0.0,0.0,0.05128205128205128,0.02564102564102564,0.02564102564102564,0.0,0.0,0.0,0.0,0.0,0.07692307692307693,0.0,0.0,0.0,0.0,0.02564102564102564,0.02564102564102564,0.0,0.0,0.0,0.0,0.02564102564102564,0.05128205128205128,0.05128205128205128,0.0,0.02564102564102564,0.02564102564102564,0.0,0.0,0.0,0.0,0.02564102564102564,0.0,0.0,0.05128205128205128,0.0,0.0,0.0,0.0,0.05128205128205128,0.0,0.0,0.0,0.0,0.02564102564102564,0.05128205128205128,0.0,0.0,0.05128205128205128,0.0,0.07692307692307693,0.07692307692307693,0.02564102564102564,0.0,0.0,0.05128205128205128,0.0,0.02564102564102564,0.0,0.05128205128205128,2.7639678370998455,3.0,0.9213226123666152,0.20512820512820512,obj121,fld4,1
0.175,0.15,0.175,0.075,0.075,0.15,0.125,0.075,8,0.175,2,0.02564102564102564,0.05128205128205128,0.02564102564102564,0.0,0.0,0.02564102564102564,0.02564102564102564,0.02564102564102564,0.02564102564102564,0.05128205128205128,0.05128205128205128,0.0,0.0,0.0,0.0,0.02564102564102564,0.02564102564102564,0.0,0.02564102564102564,0.02564102564102564,0.02564102564102564,0.02564102564102564,0.05128205128205128,0.0,0.0,0.02564102564102564,0.02564102564102564,0.0,0.02564102564102564,0.0,0.0,0.0,0.02564102564102564,0.02564102564102564,0.0,0.02564102564102564,0.0,0.0,0.0,0.0,0.02564102564102564,0.0,0.02564102564102564,0.02564102564102564,0.02564102564102564,0.02564102564102564,0.0,0.0,0.02564102564102564,0.0,0.02564102564102564,0.0,0.0,0.05128205128205128,0.02564102564102564,0.0,0.02564102564102564,0.0,0.0,0.0,0.0,0.02564102564102564,0.02564102564102564,0.0,0.02564102564102564,0.05128205128205128,0.02564102564102564,0.0,0.0,0.02564102564102564,0.02564102564102564,0.02564102564102564,0.02564102564102564,0.05128205128205128,0.05128205128205128,0.0,0.0,0.0,0.0,0.02564102564102564,0.02564102564102564,0.0,0.02564102564102564,0.02564102564102564,0.02564102564102564,0.02564102564102564,0.05128205128205128,0.0,0.0,0.02564102564102564,0.02564102564102564,0.0,0.02564102564102564,0.0,0.0,0.0,0.02564102564102564,0.02564102564102564,0.0,0.02564102564102564,0.0,0.0,0.0,0.0,0.02564102564102564,0.0,0.02564102564102564,0.02564102564102564,0.02564102564102564,0.02564102564102564,0.0,0.0,0.02564102564102564,0.0,0.02564102564102564,0.0,0.0,0.05128205128205128,0.02564102564102564,0.0,0.02564102564102564,0.0,0.0,0.0,0.0,0.02564102564102564,0.02564102564102564,0.0,2.9170075474276733,3.0,0.9723358491425578,0.15384615384615385,obj122,fld1,1
0.1,0.3,0.075,0.125,0.1,0.15,0.025,0.125,8,0.3,1,0.0,0.02564102564102564,0.0,0.0,0.02564102564102564,0.05128205128205128,0.0,0.0,0.02564102564102564,0.07692307692307693,0.0,0.05128205128205128,0.02564102564102564,0.05128205128205128,0.0,0.07692307692307693,0.02564102564102564,0.05128205128205128,0.0,0.0,0.0,0.0,0.0,0.0,0.0,0.02564102564102564,0.02564102564102564,0.0,0.0,0.0,0.02564102564102564,0.02564102564102564,0.02564102564102564,0.02564102564102564,0.02564102564102564,0.02564102564102564,0.0,0.0,0.0,0.0,0.0,0.07692307692307693,0.0,0.0,0.0,0.05128205128205128,0.0,0.02564102564102564,0.0,0.02564102564102564,0.0,0.0,0.0,0.0,0.0,0.0,0.0,0.0,0.02564102564102564,0.05128205128205128,0.05128205128205128,0.0,0.0,0.0,0.0,0.02564102564102564,0.0,0.0,0.02564102564102564,0.05128205128205128,0.0,0.0,0.02564102564102564,0.07692307692307693,0.0,0.05128205128205128,0.02564102564102564,0.05128205128205128,0.0,0.07692307692307693,0.02564102564102564,0.05128205128205128,0.0,0.0,0.0,0.0,0.0,0.0,0.0,0.02564102564102564,0.02564102564102564,0.0,0.0,0.0,0.02564102564102564,0.02564102564102564,0.02564102564102564,0.02564102564102564,0.02564102564102564,0.02564102564102564,0.0,0.0,0.0,0.0,0.0,0.07692307692307693,0.0,0.0,0.0,0.05128205128205128,0.0,0.02564102564102564,0.0,0.02564102564102564,0.0,0.0,0.0,0.0,0.0,0.0,0.0,0.0,0.02564102564102564,0.05128205128205128,0.05128205128205128,0.0,0.0,0.0,2.759340758286915,3.0,0.919780252762305,0.1282051282051282,obj123,fld3,0
0.125,0.125,0.05,0.125,0.175,0.075,0.15,0.175,8,0.175,7,0.02564102564102564,0.02564102564102564,0.0,0.0,0.02564102564102564,0.02564102564102564,0.02564102564102564,0.0,0.0,0.0,0.0,0.02564102564102564,0.05128205128205128,0.0,0.02564102564102564,0.02564102564102564,0.0,0.0,0.02564102564102564,0.02564102564102564,0.0,0.0,0.0,0.0,0.05128205128205128,0.0,0.0,0.0,0.0,0.0,0.05128205128205128,0.0,0.02564102564102564,0.0,0.0,0.05128205128205128,0.02564102564102564,0.0,0.05128205128205128,0.02564102564102564,0.0,0.02564102564102564,0.0,0.0,0.02564102564102564,0.0,0.0,0.02564102564102564,0.0,0.02564102564102564,0.02564102564102564,0.02564102564102564,0.05128205128205128,0.0,0.0,0.02564102564102564,0.02564102564102564,0.05128205128205128,0.0,0.0,0.0,0.05128205128205128,0.0,0.05128205128205128,0.02564102564102564,0.02564102564102564,0.0,0.0,0.02564102564102564,0.02564102564102564,0.02564102564102564,0.0,0.0,0.0,0.0,0.02564102564102564,0.05128205128205128,0.0,0.02564102564102564,0.02564102564102564,0.0,0.0,0.02564102564102564,0.02564102564102564,0.0,0.0,0.0,0.0,0.05128205128205128,0.0,0.0,0.0,0.0,0.0,0.05128205128205128,0.0,0.02564102564102564,0.0,0.0,0.05128205128205128,0.02564102564102564,0.0,0.05128205128205128,0.02564102564102564,0.0,0.02564102564102564,0.0,0.0,0.02564102564102564,0.0,0.0,0.02564102564102564,0.0,0.02564102564102564,0.02564102564102564,0.02564102564102564,0.05128205128205128,0.0,0.0,0.02564102564102564,0.02564102564102564,0.05128205128205128,0.0,0.0,0.0,0.05128205128205128,0.0,0.05128205128205128,2.9120142739221797,3.0,0.9706714246407265,0.1282051282051282,obj124,fld2,0
0.15,0.1,0.025,0.125,0.15,0.075,0.225,0.15,8,0.225,6,0.0,0.02564102564102564,0.0,0.0,0.02564102564102564,0.02564102564102564,0.05128205128205128,0.02564102564102564,0.02564102564102564,0.0,0.0,0.0,0.0,0.0,0.05128205128205128,0.02564102564102564,0.0,0.0,0.0,0.0,0.02564102564102564,0.0,0.0,0.0,0.02564102564102564,0.0,0.0,0.0,0.02564102564102564,0.02564102564102564,0.02564102564102564,0.0,0.05128205128205128,0.0,0.0,0.02564102564102564,0.0,0.0,0.02564102564102564,0.05128205128205128,0.0,0.02564102564102564,0.0,0.0,0.02564102564102564,0.0,0.02564102564102564,0.0,0.05128205128205128,0.02564102564102564,0.02564102564102564,0.02564102564102564,0.05128205128205128,0.02564102564102564,0.0,0.02564102564102564,0.0,0.02564102564102564,0.0,0.07692307692307693,0.0,0.0,0.02564102564102564,0.02564102564102564,0.0,0.02564102564102564,0.0,0.0,0.02564102564102564,0.02564102564102564,0.05128205128205128,0.02564102564102564,0.02564102564102564,0.0,0.0,0.0,0.0,0.0,0.05128205128205128,0.02564102564102564,0.0,0.0,0.0,0.0,0.02564102564102564,0.0,0.0,0.0,0.02564102564102564,0.0,0.0,0.0,0.02564102564102564,0.02564102564102564,0.02564102564102564,0.0,0.05128205128205128,0.0,0.0,0.02564102564102564,0.0,0.0,0.02564102564102564,0.05128205128205128,0.0,0.02564102564102564,0.0,0.0,0.02564102564102564,0.0,0.02564102564102564,0.0,0.05128205128205128,0.02564102564102564,0.02564102564102564,0.02564102564102564,0.05128205128205128,0.02564102564102564,0.0,0.02564102564102564,0.0,0.02564102564102564,0.0,0.07692307692307693,0.0,0.0,0.02564102564102564,0.02564102564102564,2.8363486448233144,3.0,0.9454495482744382,0.02564102564102564,obj125,fld2,0
0.15,0.05,0.15,0.225,0.15,0.175,0.025,0.075,8,0.225,3,0.02564102564102564,0.0,0.02564102564102564,0.02564102564102564,0.0,0.05128205128205128,0.0,0.02564102564102564,0.0,0.0,0.0,0.0,0.02564102564102564,0.02564102564102564,0.0,0.0,0.0,0.05128205128205128,0.0,0.02564102564102564,0.02564102564102564,0.0,0.0,0.02564102564102564,0.05128205128205128,0.0,0.02564102564102564,0.05128205128205128,0.05128205128205128,0.05128205128205128,0.0,0.0,0.02564102564102564,0.0,0.02564102564102564,0.02564102564102564,0.02564102564102564,0.02564102564102564,0.02564102564102564,0.0,0.02564102564102564,0.0,0.05128205128205128,0.05128205128205128,0.0,0.02564102564102564,0.0,0.02564102564102564,0.0,0.0,0.0,0.02564102564102564,0.0,0.0,0.0,0.0,0.02564102564102564,0.0,0.0,0.02564102564102564,0.02564102564102564,0.0,0.0,0.0,0.02564102564102564,0.0,0.02564102564102564,0.02564102564102564,0.0,0.05128205128205128,0.0,0.02564102564102564,0.0,0.0,0.0,0.0,0.02564102564102564,0.02564102564102564,0.0,0.0,0.0,0.05128205128205128,0.0,0.02564102564102564,0.02564102564102564,0.0,0.0,0.02564102564102564,0.05128205128205128,0.0,0.02564102564102564,0.05128205128205128,0.05128205128205128,0.05128205128205128,0.0,0.0,0.02564102564102564,0.0,0.02564102564102564,0.02564102564102564,0.02564102564102564,0.02564102564102564,0.02564102564102564,0.0,0.02564102564102564,0.0,0.05128205128205128,0.05128205128205128,0.0,0.02564102564102564,0.0,0.02564102564102564,0.0,0.0,0.0,0.02564102564102564,0.0,0.0,0.0,0.0,0.02564102564102564,0.0,0.0,0.02564102564102564,0.02564102564102564,0.0,0.0,0.0,2.785302545324154,3.0,0.928434181774718,0.1282051282051282,obj126,fld1,0
0.175,0.175,0.125,0.075,0.175,0.1,0.15,0.025,8,0.175,4,0.02564102564102564,0.02564102564102564,0.0,0.02564102564102564,0.02564102564102564,0.0,0.05128205128205128,0.02564102564102564,0.05128205128205128,0.05128205128205128,0.02564102564102564,0.0,0.05128205128205128,0.0,0.0,0.0,0.02564102564102564,0.0,0.02564102564102564,0.0,0.0,0.05128205128205128,0.02564102564102564,0.0,0.02564102564102564,0.0,0.0,0.0,0.0,0.0,0.05128205128205128,0.0,0.0,0.05128205128205128,0.05128205128205128,0.05128205128205128,0.0,0.0,0.0,0.0,0.0,0.0,0.02564102564102564,0.0,0.02564102564102564,0.02564102564102564,0.02564102564102564,0.0,0.02564102564102564,0.05128205128205128,0.0,0.0,0.05128205128205128,0.02564102564102564,0.0,0.0,0.02564102564102564,0.0,0.0,0.0,0.0,0.0,0.0,0.0,0.02564102564102564,0.02564102564102564,0.0,0.02564102564102564,0.02564102564102564,0.0,0.05128205128205128,0.02564102564102564,0.05128205128205128,0.05128205128205128,0.02564102564102564,0.0,0.05128205128205128,0.0,0.0,0.0,0.02564102564102564,0.0,0.02564102564102564,0.0,0.0,0.05128205128205128,0.02564102564102564,0.0,0.02564102564102564,0.0,0.0,0.0,0.0,0.0,0.05128205128205128,0.0,0.0,0.05128205128205128,0.05128205128205128,0.05128205128205128,0.0,0.0,0.0,0.0,0.0,0.0,0.02564102564102564,0.0,0.02564102564102564,0.02564102564102564,0.02564102564102564,0.0,0.02564102564102564,0.05128205128205128,0.0,0.0,0.05128205128205128,0.02564102564102564,0.0,0.0,0.02564102564102564,0.0,0.0,0.0,0.0,0.0,0.0,0.0,2.8512091862839397,3.0,0.9504030620946465,0.1282051282051282,obj127,fld1,0
0.125,0.05,0.1,0.15,0.275,0.075,0.1,0.125,8,0.275,4,0.0,0.0,0.0,0.05128205128205128,0.05128205128205128,0.0,0.0,0.02564102564102564,0.0,0.0,0.0,0.0,0.02564102564102564,0.0,0.02564102564102564,0.0,0.02564102564102564,0.02564102564102564,0.02564102564102564,0.0,0.0,0.02564102564102564,0.0,0.0,0.05128205128205128,0.02564102564102564,0.0,0.0,0.02564102564102564,0.0,0.0,0.05128205128205128,0.02564102564102564,0.0,0.05128205128205128,0.02564102564102564,0.10256410256410256,0.02564102564102564,0.0,0.02564102564102564,0.0,0.0,0.02564102564102564,0.02564102564102564,0.0,0.02564102564102564,0.0,0.0,0.0,0.0,0.0,0.02564102564102564,0.05128205128205128,0.0,0.0,0.02564102564102564,0.0,0.0,0.0,0.02564102564102564,0.02564102564102564,0.0,0.07692307692307693,0.0,0.0,0.0,0.0,0.05128205128205128,0.05128205128205128,0.0,0.0,0.02564102564102564,0.0,0.0,0.0,0.0,0.02564102564102564,0.0,0.02564102564102564,0.0,0.02564102564102564,0.02564102564102564,0.02564102564102564,0.0,0.0,0.02564102564102564,0.0,0.0,0.05128205128205128,0.02564102564102564,0.0,0.0,0.02564102564102564,0.0,0.0,0.05128205128205128,0.02564102564102564,0.0,0.05128205128205128,0.02564102564102564,0.10256410256410256,0.02564102564102564,0.0,0.02564102564102564,0.0,0.0,0.02564102564102564,0.02564102564102564,0.0,0.02564102564102564,0.0,0.0,0.0,0.0,0.0,0.02564102564102564,0.05128205128205128,0.0,0.0,0.02564102564102564,0.0,0.0,0.0,0.02564102564102564,0.02564102564102564,0.0,0.07692307692307693,0.0,2.8334858133780045,3.0,0.9444952711260015,0.15384615384615385,obj128,fld4,0
0.075,0.075,0.1,0.175,0.15,0.125,0.2,0.1,8,0.2,6,0.0,0.0,0.0,0.02564102564102564,0.0,0.0,0.05128205128205128,0.0,0.0,0.02564102564102564,0.0,0.02564102564102564,0.02564102564102564,0.0,0.0,0.0,0.0,0.0,0.02564102564102564,0.05128205128205128,0.0,0.0,0.02564102564102564,0.0,0.0,0.02564102564102564,0.02564102564102564,0.05128205128205128,0.0,0.02564102564102564,0.02564102564102564,0.02564102564102564,0.02564102564102564,0.0,0.0,0.02564102564102564,0.05128205128205128,0.02564102564102564,0.02564102564102564,0.0,0.0,0.02564102564102564,0.05128205128205128,0.0,0.0,0.02564102564102564,0.0,0.02564102564102564,0.05128205128205128,0.0,0.0,0.0,0.02564102564102564,0.02564102564102564,0.05128205128205128,0.02564102564102564,0.0,0.0,0.0,0.0,0.02564102564102564,0.02564102564102564,0.02564102564102564,0.02564102564102564,0.0,0.0,0.0,0.02564102564102564,0.0,0.0,0.05128205128205128,0.0,0.0,0.02564102564102564,0.0,0.02564102564102564,0.02564102564102564,0.0,0.0,0.0,0.0,0.0,0.02564102564102564,0.05128205128205128,0.0,0.0,0.02564102564102564,0.0,0.0,0.02564102564102564,0.02564102564102564,0.05128205128205128,0.0,0.02564102564102564,0.02564102564102564,0.02564102564102564,0.02564102564102564,0.0,0.0,0.02564102564102564,0.05128205128205128,0.02564102564102564,0.02564102564102564,0.0,0.0,0.02564102564102564,0.05128205128205128,0.0,0.0,0.02564102564102564,0.0,0.02564102564102564,0.05128205128205128,0.0,0.0,0.0,0.02564102564102564,0.02564102564102564,0.05128205128205128,0.02564102564102564,0.0,0.0,0.0,0.0,0.02564102564102564,0.02564102564102564,0.02564102564102564,0.02564102564102564,2.914911221450014,3.0,0.9716370738166713,0.2564102564102564,obj129,fld4,0
0.1,0.175,0.2,0.1,0.15,0.05,0.15,0.075,8,0.2,2,0.0,0.02564102564102564,0.02564102564102564,0.0,0.02564102564102564,0.0,0.02564102564102564,0.0,0.05128205128205128,0.02564102564102564,0.05128205128205128,0.02564102564102564,0.0,0.0,0.0,0.02564102564102564,0.0,0.0,0.05128205128205128,0.02564102564102564,0.02564102564102564,0.05128205128205128,0.05128205128205128,0.0,0.0,0.05128205128205128,0.0,0.0,0.02564102564102564,0.0,0.0,0.0,0.0,0.0,0.0,0.02564102564102564,0.02564102564102564,0.0,0.05128205128205128,0.05128205128205128,0.0,0.02564102564102564,0.02564102564102564,0.0,0.0,0.0,0.0,0.0,0.05128205128205128,0.02564102564102564,0.02564102564102564,0.0,0.05128205128205128,0.0,0.0,0.0,0.0,0.0,0.02564102564102564,0.02564102564102564,0.0,0.0,0.02564102564102564,0.0,0.0,0.02564102564102564,0.02564102564102564,0.0,0.02564102564102564,0.0,0.02564102564102564,0.0,0.05128205128205128,0.02564102564102564,0.05128205128205128,0.02564102564102564,0.0,0.0,0.0,0.02564102564102564,0.0,0.0,0.05128205128205128,0.02564102564102564,0.02564102564102564,0.05128205128205128,0.05128205128205128,0.0,0.0,0.05128205128205128,0.0,0.0,0.02564102564102564,0.0,0.0,0.0,0.0,0.0,0.0,0.02564102564102564,0.02564102564102564,0.0,0.05128205128205128,0.05128205128205128,0.0,0.02564102564102564,0.02564102564102564,0.0,0.0,0.0,0.0,0.0,0.05128205128205128,0.02564102564102564,0.02564102564102564,0.0,0.05128205128205128,0.0,0.0,0.0,0.0,0.0,0.02564102564102564,0.02564102564102564,0.0,0.0,0.02564102564102564,0.0,2.886280045756848,3.0,0.9620933485856159,0.10256410256410256,obj130,fld2,0
0.05,0.15,0.15,0.1,0.1,0.125,0.175,0.15,8,0.175,6,0.0,0.02564102564102564,0.02564102564102564,0.0,0.0,0.0,0.0,0.0,0.0,0.02564102564102564,0.02564102564102564,0.05128205128205128,0.0,0.0,0.0,0.05128205128205128,0.0,0.0,0.02564102564102564,0.0,0.0,0.0,0.02564102564102564,0.07692307692307693,0.0,0.0,0.05128205128205128,0.02564102564102564,0.0,0.0,0.02564102564102564,0.0,0.02564102564102564,0.0,0.0,0.0,0.02564102564102564,0.0,0.05128205128205128,0.0,0.0,0.02564102564102564,0.0,0.0,0.02564102564102564,0.02564102564102564,0.05128205128205128,0.0,0.0,0.05128205128205128,0.0,0.02564102564102564,0.0,0.05128205128205128,0.02564102564102564,0.02564102564102564,0.02564102564102564,0.02564102564102564,0.02564102564102564,0.0,0.02564102564102564,0.05128205128205128,0.0,0.0,0.0,0.02564102564102564,0.02564102564102564,0.0,0.0,0.0,0.0,0.0,0.0,0.02564102564102564,0.02564102564102564,0.05128205128205128,0.0,0.0,0.0,0.05128205128205128,0.0,0.0,0.02564102564102564,0.0,0.0,0.0,0.02564102564102564,0.07692307692307693,0.0,0.0,0.05128205128205128,0.02564102564102564,0.0,0.0,0.02564102564102564,0.0,0.02564102564102564,0.0,0.0,0.0,0.02564102564102564,0.0,0.05128205128205128,0.0,0.0,0.02564102564102564,0.0,0.0,0.02564102564102564,0.02564102564102564,0.05128205128205128,0.0,0.0,0.05128205128205128,0.0,0.02564102564102564,0.0,0.05128205128205128,0.02564102564102564,0.02564102564102564,0.02564102564102564,0.02564102564102564,0.02564102564102564,0.0,0.02564102564102564,0.05128205128205128,0.0,0.0,2.9271668463418408,3.0,0.975722282113947,0.15384615384615385,obj131,fld5,0
0.075,0.175,0.05,0.2,0.1,0.1,0.15,0.15,8,0.2,3,0.02564102564102564,0.0,0.0,0.05128205128205128,0.0,0.0,0.0,0.0,0.0,0.0,0.0,0.05128205128205128,0.0,0.0,0.0,0.10256410256410256,0.02564102564102564,0.0,0.0,0.02564102564102564,0.0,0.0,0.0,0.0,0.0,0.05128205128205128,0.02564102564102564,0.02564102564102564,0.05128205128205128,0.02564102564102564,0.02564102564102564,0.0,0.0,0.02564102564102564,0.02564102564102564,0.0,0.02564102564102564,0.0,0.02564102564102564,0.0,0.02564102564102564,0.02564102564102564,0.0,0.0,0.0,0.0,0.05128205128205128,0.0,0.0,0.02564102564102564,0.0,0.02564102564102564,0.0,0.05128205128205128,0.05128205128205128,0.0,0.0,0.05128205128205128,0.0,0.02564102564102564,0.02564102564102564,0.02564102564102564,0.0,0.02564102564102564,0.02564102564102564,0.0,0.0,0.05128205128205128,0.0,0.0,0.0,0.0,0.0,0.0,0.0,0.05128205128205128,0.0,0.0,0.0,0.10256410256410256,0.02564102564102564,0.0,0.0,0.02564102564102564,0.0,0.0,0.0,0.0,0.0,0.05128205128205128,0.02564102564102564,0.02564102564102564,0.05128205128205128,0.02564102564102564,0.02564102564102564,0.0,0.0,0.02564102564102564,0.02564102564102564,0.0,0.02564102564102564,0.0,0.02564102564102564,0.0,0.02564102564102564,0.02564102564102564,0.0,0.0,0.0,0.0,0.05128205128205128,0.0,0.0,0.02564102564102564,0.0,0.02564102564102564,0.0,0.05128205128205128,0.05128205128205128,0.0,0.0,0.05128205128205128,0.0,0.02564102564102564,0.02564102564102564,0.02564102564102564,0.0,0.02564102564102564,2.886280045756848,3.0,0.9620933485856159,0.15384615384615385,obj132,fld2,1
0.15,0.0,0.225,0.175,0.1,0.05,0.175,0.125,7,0.225,2,0.02564102564102564,0.0,0.05128205128205128,0.02564102564102564,0.0,0.0,0.0,0.02564102564102564,0.0,0.0,0.0,0.0,0.0,0.0,0.0,0.0,0.05128205128205128,0.0,0.05128205128205128,0.05128205128205128,0.0,0.02564102564102564,0.02564102564102564,0.02564102564102564,0.02564102564102564,0.0,0.05128205128205128,0.0,0.07692307692307693,0.0,0.0,0.02564102564102564,0.0,0.0,0.02564102564102564,0.0,0.0,0.0,0.05128205128205128,0.02564102564102564,0.02564102564102564,0.0,0.0,0.02564102564102564,0.0,0.0,0.0,0.0,0.0,0.0,0.02564102564102564,0.02564102564102564,0.02564102564102564,0.02564102564102564,0.07692307692307693,0.0,0.0,0.0,0.02564102564102564,0.05128205128205128,0.0,0.0,0.02564102564102564,0.02564102564102564,0.02564102564102564,0.0,0.05128205128205128,0.02564102564102564,0.0,0.0,0.0,0.02564102564102564,0.0,0.0,0.0,0.0,0.0,0.0,0.0,0.0,0.05128205128205128,0.0,0.05128205128205128,0.05128205128205128,0.0,0.02564102564102564,0.02564102564102564,0.02564102564102564,0.02564102564102564,0.0,0.05128205128205128,0.0,0.07692307692307693,0.0,0.0,0.02564102564102564,0.0,0.0,0.02564102564102564,0.0,0.0,0.0,0.05128205128205128,0.02564102564102564,0.02564102564102564,0.0,0.0,0.02564102564102564,0.0,0.0,0.0,0.0,0.0,0.0,0.02564102564102564,0.02564102564102564,0.02564102564102564,0.02564102564102564,0.07692307692307693,0.0,0.0,0.0,0.02564102564102564,0.05128205128205128,0.0,0.0,0.02564102564102564,0.02564102564102564,2.6981353598735867,2.807354922057604,0.8993784532911956,0.1794871794871795,obj133,fld4,0
0.05,0.125,0.125,0.15,0.175,0.175,0.15,0.05,8,0.175,4,0.0,0.0,0.0,0.02564102564102564,0.0,0.0,0.02564102564102564,0.0,0.0,0.02564102564102564,0.0,0.0,0.0,0.07692307692307693,0.02564102564102564,0.0,0.02564102564102564,0.0,0.02564102564102564,0.0,0.05128205128205128,0.02564102564102564,0.0,0.0,0.0,0.02564102564102564,0.0,0.0,0.0,0.02564102564102564,0.07692307692307693,0.0,0.02564102564102564,0.02564102564102564,0.0,0.02564102564102564,0.05128205128205128,0.02564102564102564,0.0,0.02564102564102564,0.0,0.02564102564102564,0.02564102564102564,0.07692307692307693,0.02564102564102564,0.0,0.02564102564102564,0.0,0.0,0.02564102564102564,0.02564102564102564,0.02564102564102564,0.05128205128205128,0.02564102564102564,0.0,0.0,0.0,0.0,0.05128205128205128,0.0,0.0,0.0,0.0,0.0,0.0,0.0,0.0,0.02564102564102564,0.0,0.0,0.02564102564102564,0.0,0.0,0.02564102564102564,0.0,0.0,0.0,0.07692307692307693,0.02564102564102564,0.0,0.02564102564102564,0.0,0.02564102564102564,0.0,0.05128205128205128,0.02564102564102564,0.0,0.0,0.0,0.02564102564102564,0.0,0.0,0.0,0.02564102564102564,0.07692307692307693,0.0,0.02564102564102564,0.02564102564102564,0.0,0.02564102564102564,0.05128205128205128,0.02564102564102564,0.0,0.02564102564102564,0.0,0.02564102564102564,0.02564102564102564,0.07692307692307693,0.02564102564102564,0.0,0.02564102564102564,0.0,0.0,0.02564102564102564,0.02564102564102564,0.02564102564102564,0.05128205128205128,0.02564102564102564,0.0,0.0,0.0,0.0,0.05128205128205128,0.0,0.0,0.0,0.0,0.0,2.8833830982290136,3.0,0.9611276994096712,0.10256410256410256,obj134,fld2,0
0.175,0.075,0.125,0.075,0.125,0.1,0.125,0.2,8,0.2,7,0.02564102564102564,0.0,0.0,0.02564102564102564,0.05128205128205128,0.0,0.05128205128205128,0.02564102564102564,0.02564102564102564,0.0,0.0,0.0,0.02564102564102564,0.02564102564102564,0.0,0.0,0.05128205128205128,0.0,0.0,0.0,0.0,0.05128205128205128,0.02564102564102564,0.0,0.0,0.02564102564102564,0.02564102564102564,0.0,0.0,0.0,0.0,0.02564102564102564,0.02564102564102564,0.0,0.0,0.02564102564102564,0.02564102564102564,0.0,0.0,0.05128205128205128,0.0,0.0,0.05128205128205128,0.02564102564102564,0.0,0.0,0.0,0.02564102564102564,0.0,0.0,0.0,0.0,0.02564102564102564,0.0,0.02564102564102564,0.05128205128205128,0.05128205128205128,0.02564102564102564,0.05128205128205128,0.0,0.0,0.02564102564102564,0.02564102564102564,0.02564102564102564,0.02564102564102564,0.0,0.0,0.02564102564102564,0.05128205128205128,0.0,0.05128205128205128,0.02564102564102564,0.02564102564102564,0.0,0.0,0.0,0.02564102564102564,0.02564102564102564,0.0,0.0,0.05128205128205128,0.0,0.0,0.0,0.0,0.05128205128205128,0.02564102564102564,0.0,0.0,0.02564102564102564,0.02564102564102564,0.0,0.0,0.0,0.0,0.02564102564102564,0.02564102564102564,0.0,0.0,0.02564102564102564,0.02564102564102564,0.0,0.0,0.05128205128205128,0.0,0.0,0.05128205128205128,0.02564102564102564,0.0,0.0,0.0,0.02564102564102564,0.0,0.0,0.0,0.0,0.02564102564102564,0.0,0.02564102564102564,0.05128205128205128,0.05128205128205128,0.02564102564102564,0.05128205128205128,0.0,0.0,0.02564102564102564,0.02564102564102564,0.02564102564102564,2.922173572836347,3.0,0.9740578576121157,0.10256410256410256,obj135,fld2,0
0.1,0.15,0.075,0.1,0.05,0.2,0.125,0.2,8,0.2,5,0.0,0.0,0.0,0.0,0.0,0.05128205128205128,0.02564102564102564,0.02564102564102564,0.02564102564102564,0.02564102564102564,0.0,0.02564102564102564,0.0,0.02564102564102564,0.0,0.05128205128205128,0.02564102564102564,0.0,0.0,0.0,0.0,0.0,0.0,0.05128205128205128,0.05128205128205128,0.0,0.0,0.0,0.0,0.0,0.02564102564102564,0.0,0.0,0.0,0.02564102564102564,0.0,0.0,0.02564102564102564,0.0,0.0,0.0,0.05128205128205128,0.02564102564102564,0.02564102564102564,0.0,0.05128205128205128,0.02564102564102564,0.02564102564102564,0.0,0.0,0.0,0.02564102564102564,0.02564102564102564,0.02564102564102564,0.02564102564102564,0.02564102564102564,0.0,0.07692307692307693,0.0,0.02564102564102564,0.02564102564102564,0.02564102564102564,0.02564102564102564,0.02564102564102564,0.0,0.0,0.0,0.0,0.0,0.05128205128205128,0.02564102564102564,0.02564102564102564,0.02564102564102564,0.02564102564102564,0.0,0.02564102564102564,0.0,0.02564102564102564,0.0,0.05128205128205128,0.02564102564102564,0.0,0.0,0.0,0.0,0.0,0.0,0.05128205128205128,0.05128205128205128,0.0,0.0,0.0,0.0,0.0,0.02564102564102564,0.0,0.0,0.0,0.02564102564102564,0.0,0.0,0.02564102564102564,0.0,0.0,0.0,0.05128205128205128,0.02564102564102564,0.02564102564102564,0.0,0.05128205128205128,0.02564102564102564,0.02564102564102564,0.0,0.0,0.0,0.02564102564102564,0.02564102564102564,0.02564102564102564,0.02564102564102564,0.02564102564102564,0.0,0.07692307692307693,0.0,0.02564102564102564,0.02564102564102564,0.02564102564102564,0.02564102564102564,0.02564102564102564,2.8750705203641815,3.0,0.9583568401213939,0.1282051282051282,obj136,fld1,0
0.1,0.15,0.05,0.2,0.225,0.075,0.125,0.075,8,0.225,4,0.0,0.02564102564102564,0.0,0.02564102564102564,0.0,0.0,0.05128205128205128,0.0,0.02564102564102564,0.0,0.02564102564102564,0.0,0.05128205128205128,0.02564102564102564,0.0,0.02564102564102564,0.0,0.02564102564102564,0.0,0.0,0.0,0.02564102564102564,0.0,0.0,0.05128205128205128,0.02564102564102564,0.0,0.0,0.05128205128205128,0.0,0.02564102564102564,0.05128205128205128,0.0,0.07692307692307693,0.02564102564102564,0.07692307692307693,0.05128205128205128,0.0,0.0,0.0,0.0,0.0,0.0,0.05128205128205128,0.02564102564102564,0.0,0.0,0.0,0.0,0.0,0.0,0.05128205128205128,0.0,0.02564102564102564,0.05128205128205128,0.0,0.02564102564102564,0.0,0.0,0.0,0.02564102564102564,0.0,0.0,0.0,0.0,0.02564102564102564,0.0,0.02564102564102564,0.0,0.0,0.05128205128205128,0.0,0.02564102564102564,0.0,0.02564102564102564,0.0,0.05128205128205128,0.02564102564102564,0.0,0.02564102564102564,0.0,0.02564102564102564,0.0,0.0,0.0,0.02564102564102564,0.0,0.0,0.05128205128205128,0.02564102564102564,0.0,0.0,0.05128205128205128,0.0,0.02564102564102564,0.05128205128205128,0.0,0.07692307692307693,0.02564102564102564,0.07692307692307693,0.05128205128205128,0.0,0.0,0.0,0.0,0.0,0.0,0.05128205128205128,0.02564102564102564,0.0,0.0,0.0,0.0,0.0,0.0,0.05128205128205128,0.0,0.02564102564102564,0.05128205128205128,0.0,0.02564102564102564,0.0,0.0,0.0,0.02564102564102564,0.0,0.0,0.0,2.842965207485575,3.0,0.9476550691618583,0.10256410256410256,obj137,fld3,1
0.075,0.125,0.1,0.075,0.175,0.15,0.15,0.15,8,0.175,4,0.02564102564102564,0.02564102564102564,0.02564102564102564,0.0,0.0,0.0,0.0,0.0,0.02564102564102564,0.0,0.0,0.02564102564102564,0.02564102564102564,0.0,0.02564102564102564,0.02564102564102564,0.0,0.05128205128205128,0.0,0.0,0.02564102564102564,0.0,0.0,0.02564102564102564,0.0,0.0,0.0,0.02564102564102564,0.02564102564102564,0.02564102564102564,0.0,0.0,0.02564102564102564,0.0,0.02564102564102564,0.0,0.05128205128205128,0.02564102564102564,0.02564102564102564,0.0,0.0,0.0,0.0,0.02564102564102564,0.02564102564102564,0.05128205128205128,0.05128205128205128,0.0,0.0,0.0,0.02564102564102564,0.0,0.0,0.0,0.02564102564102564,0.10256410256410256,0.0,0.05128205128205128,0.02564102564102564,0.0,0.02564102564102564,0.02564102564102564,0.02564102564102564,0.0,0.02564102564102564,0.02564102564102564,0.02564102564102564,0.0,0.0,0.0,0.0,0.0,0.02564102564102564,0.0,0.0,0.02564102564102564,0.02564102564102564,0.0,0.02564102564102564,0.02564102564102564,0.0,0.05128205128205128,0.0,0.0,0.02564102564102564,0.0,0.0,0.02564102564102564,0.0,0.0,0.0,0.02564102564102564,0.02564102564102564,0.02564102564102564,0.0,0.0,0.02564102564102564,0.0,0.02564102564102564,0.0,0.05128205128205128,0.02564102564102564,0.02564102564102564,0.0,0.0,0.0,0.0,0.02564102564102564,0.02564102564102564,0.05128205128205128,0.05128205128205128,0.0,0.0,0.0,0.02564102564102564,0.0,0.0,0.0,0.02564102564102564,0.10256410256410256,0.0,0.05128205128205128,0.02564102564102564,0.0,0.02564102564102564,0.02564102564102564,0.02564102564102564,0.0,2.939422471233667,3.0,0.9798074904112224,0.1794871794871795,obj138,fld2,0
0.075,0.1,0.175,0.125,0.125,0.075,0.125,0.2,8,0.2,7,0.02564102564102564,0.0,0.0,0.0,0.0,0.02564102564102564,0.0,0.02564102564102564,0.02564102564102564,0.02564102564102564,0.02564102564102564,0.02564102564102564,0.0,0.0,0.0,0.0,0.0,0.02564102564102564,0.0,0.0,0.05128205128205128,0.0,0.02564102564102564,0.07692307692307693,0.0,0.0,0.0,0.02564102564102564,0.05128205128205128,0.02564102564102564,0.02564102564102564,0.0,0.0,0.0,0.02564102564102564,0.05128205128205128,0.02564102564102564,0.0,0.0,0.02564102564102564,0.0,0.0,0.07692307692307693,0.0,0.0,0.0,0.0,0.0,0.02564102564102564,0.02564102564102564,0.0,0.0,0.0,0.02564102564102564,0.0,0.05128205128205128,0.0,0.02564102564102564,0.05128205128205128,0.02564102564102564,0.0,0.0,0.05128205128205128,0.02564102564102564,0.02564102564102564,0.0,0.0,0.0,0.0,0.02564102564102564,0.0,0.02564102564102564,0.02564102564102564,0.02564102564102564,0.02564102564102564,0.02564102564102564,0.0,0.0,0.0,0.0,0.0,0.02564102564102564,0.0,0.0,0.05128205128205128,0.0,0.02564102564102564,0.07692307692307693,0.0,0.0,0.0,0.02564102564102564,0.05128205128205128,0.02564102564102564,0.02564102564102564,0.0,0.0,0.0,0.02564102564102564,0.05128205128205128,0.02564102564102564,0.0,0.0,0.02564102564102564,0.0,0.0,0.07692307692307693,0.0,0.0,0.0,0.0,0.0,0.02564102564102564,0.02564102564102564,0.0,0.0,0.0,0.02564102564102564,0.0,0.05128205128205128,0.0,0.02564102564102564,0.05128205128205128,0.02564102564102564,0.0,0.0,0.05128205128205128,0.02564102564102564,2.922173572836347,3.0,0.9740578576121157,0.1282051282051282,obj139,fld1,0
0.1,0.15,0.15,0.1,0.125,0.15,0.15,0.075,8,0.15,6,0.0,0.0,0.05128205128205128,0.0,0.02564102564102564,0.0,0.02564102564102564,0.0,0.02564102564102564,0.0,0.02564102564102564,0.05128205128205128,0.0,0.05128205128205128,0.0,0.0,0.0,0.02564102564102564,0.0,0.0,0.0,0.02564102564102564,0.05128205128205128,0.05128205128205128,0.0,0.05128205128205128,0.0,0.02564102564102564,0.0,0.02564102564102564,0.0,0.0,0.02564102564102564,0.05128205128205128,0.02564102564102564,0.0,0.02564102564102564,0.0,0.0,0.0,0.0,0.0,0.02564102564102564,0.02564102564102564,0.02564102564102564,0.02564102564102564,0.05128205128205128,0.0,0.02564102564102564,0.02564102564102564,0.02564102564102564,0.0,0.05128205128205128,0.0,0.0,0.0,0.02564102564102564,0.0,0.0,0.0,0.0,0.02564102564102564,0.0,0.02564102564102564,0.0,0.0,0.05128205128205128,0.0,0.02564102564102564,0.0,0.02564102564102564,0.0,0.02564102564102564,0.0,0.02564102564102564,0.05128205128205128,0.0,0.05128205128205128,0.0,0.0,0.0,0.02564102564102564,0.0,0.0,0.0,0.02564102564102564,0.05128205128205128,0.05128205128205128,0.0,0.05128205128205128,0.0,0.02564102564102564,0.0,0.02564102564102564,0.0,0.0,0.02564102564102564,0.05128205128205128,0.02564102564102564,0.0,0.02564102564102564,0.0,0.0,0.0,0.0,0.0,0.02564102564102564,0.02564102564102564,0.02564102564102564,0.02564102564102564,0.05128205128205128,0.0,0.02564102564102564,0.02564102564102564,0.02564102564102564,0.0,0.05128205128205128,0.0,0.0,0.0,0.02564102564102564,0.0,0.0,0.0,0.0,0.02564102564102564,0.0,0.02564102564102564,2.9618373950396615,3.0,0.9872791316798871,0.10256410256410256,obj140,fld4,0
0.15,0.125,0.1,0.125,0.125,0.15,0.125,0.1,8,0.15,5,0.0,0.0,0.02564102564102564,0.02564102564102564,0.02564102564102564,0.02564102564102564,0.02564102564102564,0.02564102564102564,0.0,0.0,0.0,0.02564102564102564,0.0,0.05128205128205128,0.02564102564102564,0.02564102564102564,0.0,0.02564102564102564,0.02564102564102564,0.02564102564102564,0.0,0.0,0.0,0.02564102564102564,0.05128205128205128,0.02564102564102564,0.0,0.02564102564102564,0.02564102564102564,0.0,0.0,0.0,0.02564102564102564,0.0,0.02564102564102564,0.02564102564102564,0.02564102564102564,0.02564102564102564,0.0,0.0,0.05128205128205128,0.0,0.02564102564102564,0.0,0.0,0.02564102564102564,0.02564102564102564,0.02564102564102564,0.0,0.02564102564102564,0.0,0.0,0.05128205128205128,0.02564102564102564,0.02564102564102564,0.0,0.02564102564102564,0.02564102564102564,0.0,0.0,0.0,0.0,0.02564102564102564,0.0,0.0,0.0,0.02564102564102564,0.02564102564102564,0.02564102564102564,0.02564102564102564,0.02564102564102564,0.02564102564102564,0.0,0.0,0.0,0.02564102564102564,0.0,0.05128205128205128,0.02564102564102564,0.02564102564102564,0.0,0.02564102564102564,0.02564102564102564,0.02564102564102564,0.0,0.0,0.0,0.02564102564102564,0.05128205128205128,0.02564102564102564,0.0,0.02564102564102564,0.02564102564102564,0.0,0.0,0.0,0.02564102564102564,0.0,0.02564102564102564,0.02564102564102564,0.02564102564102564,0.02564102564102564,0.0,0.0,0.05128205128205128,0.0,0.02564102564102564,0.0,0.0,0.02564102564102564,0.02564102564102564,0.02564102564102564,0.0,0.02564102564102564,0.0,0.0,0.05128205128205128,0.02564102564102564,0.02564102564102564,0.0,0.02564102564102564,0.02564102564102564,0.0,0.0,0.0,0.0,0.02564102564102564,0.0,2.985475297227334,3.0,0.9951584324091113,0.1282051282051282,obj141,fld5,1
0.1,0.1,0.125,0.2,0.175,0.15,0.0,0.15,7,0.2,3,0.02564102564102564,0.02564102564102564,0.0,0.0,0.0,0.0,0.0,0.02564102564102564,0.02564102564102564,0.0,0.02564102564102564,0.0,0.0,0.0,0.0,0.05128205128205128,0.02564102564102564,0.0,0.0,0.05128205128205128,0.05128205128205128,0.0,0.0,0.0,0.02564102564102564,0.05128205128205128,0.02564102564102564,0.02564102564102564,0.02564102564102564,0.02564102564102564,0.0,0.02564102564102564,0.0,0.0,0.02564102564102564,0.05128205128205128,0.05128205128205128,0.02564102564102564,0.0,0.02564102564102564,0.0,0.02564102564102564,0.05128205128205128,0.02564102564102564,0.02564102564102564,0.02564102564102564,0.0,0.0,0.0,0.0,0.0,0.0,0.0,0.0,0.0,0.0,0.0,0.0,0.0,0.05128205128205128,0.02564102564102564,0.07692307692307693,0.0,0.0,0.02564102564102564,0.02564102564102564,0.0,0.0,0.0,0.0,0.0,0.02564102564102564,0.02564102564102564,0.0,0.02564102564102564,0.0,0.0,0.0,0.0,0.05128205128205128,0.02564102564102564,0.0,0.0,0.05128205128205128,0.05128205128205128,0.0,0.0,0.0,0.02564102564102564,0.05128205128205128,0.02564102564102564,0.02564102564102564,0.02564102564102564,0.02564102564102564,0.0,0.02564102564102564,0.0,0.0,0.02564102564102564,0.05128205128205128,0.05128205128205128,0.02564102564102564,0.0,0.02564102564102564,0.0,0.02564102564102564,0.05128205128205128,0.02564102564102564,0.02564102564102564,0.02564102564102564,0.0,0.0,0.0,0.0,0.0,0.0,0.0,0.0,0.0,0.0,0.0,0.0,0.0,0.05128205128205128,0.02564102564102564,0.07692307692307693,0.0,0.0,2.764911221450014,2.807354922057604,0.9216370738166714,0.1282051282051282,obj142,fld4,1
0.1,0.15,0.1,0.25,0.125,0.2,0.075,0.0,7,0.25,3,0.0,0.02564102564102564,0.0,0.05128205128205128,0.0,0.0,0.02564102564102564,0.0,0.02564102564102564,0.0,0.0,0.02564102564102564,0.05128205128205128,0.05128205128205128,0.0,0.0,0.02564102564102564,0.0,0.0,0.05128205128205128,0.0,0.0,0.02564102564102564,0.0,0.0,0.02564102564102564,0.07692307692307693,0.05128205128205128,0.05128205128205128,0.05128205128205128,0.0,0.0,0.0,0.02564102564102564,0.0,0.0,0.0,0.10256410256410256,0.0,0.0,0.05128205128205128,0.05128205128205128,0.02564102564102564,0.02564102564102564,0.0,0.0,0.02564102564102564,0.0,0.0,0.02564102564102564,0.0,0.05128205128205128,0.0,0.0,0.0,0.0,0.0,0.0,0.0,0.0,0.0,0.0,0.0,0.0,0.0,0.02564102564102564,0.0,0.05128205128205128,0.0,0.0,0.02564102564102564,0.0,0.02564102564102564,0.0,0.0,0.02564102564102564,0.05128205128205128,0.05128205128205128,0.0,0.0,0.02564102564102564,0.0,0.0,0.05128205128205128,0.0,0.0,0.02564102564102564,0.0,0.0,0.02564102564102564,0.07692307692307693,0.05128205128205128,0.05128205128205128,0.05128205128205128,0.0,0.0,0.0,0.02564102564102564,0.0,0.0,0.0,0.10256410256410256,0.0,0.0,0.05128205128205128,0.05128205128205128,0.02564102564102564,0.02564102564102564,0.0,0.0,0.02564102564102564,0.0,0.0,0.02564102564102564,0.0,0.05128205128205128,0.0,0.0,0.0,0.0,0.0,0.0,0.0,0.0,0.0,0.0,0.0,0.0,2.694588496642341,2.807354922057604,0.898196165547447,0.05128205128205128,obj143,fld1,1
0.1,0.15,0.075,0.075,0.1,0.125,0.225,0.15,8,0.225,6,0.0,0.02564102564102564,0.02564102564102564,0.0,0.0,0.0,0.02564102564102564,0.02564102564102564,0.02564102564102564,0.05128205128205128,0.02564102564102564,0.02564102564102564,0.0,0.02564102564102564,0.0,0.0,0.0,0.0,0.0,0.0,0.0,0.0,0.02564102564102564,0.02564102564102564,0.0,0.0,0.0,0.0,0.0,0.0,0.05128205128205128,0.02564102564102564,0.0,0.02564102564102564,0.0,0.0,0.0,0.05128205128205128,0.0,0.02564102564102564,0.0,0.0,0.02564102564102564,0.0,0.02564102564102564,0.0,0.05128205128205128,0.02564102564102564,0.02564102564102564,0.0,0.0,0.02564102564102564,0.07692307692307693,0.05128205128205128,0.05128205128205128,0.0,0.05128205128205128,0.05128205128205128,0.0,0.02564102564102564,0.0,0.0,0.0,0.02564102564102564,0.0,0.02564102564102564,0.02564102564102564,0.0,0.0,0.0,0.02564102564102564,0.02564102564102564,0.02564102564102564,0.05128205128205128,0.02564102564102564,0.02564102564102564,0.0,0.02564102564102564,0.0,0.0,0.0,0.0,0.0,0.0,0.0,0.0,0.02564102564102564,0.02564102564102564,0.0,0.0,0.0,0.0,0.0,0.0,0.05128205128205128,0.02564102564102564,0.0,0.02564102564102564,0.0,0.0,0.0,0.05128205128205128,0.0,0.02564102564102564,0.0,0.0,0.02564102564102564,0.0,0.02564102564102564,0.0,0.05128205128205128,0.02564102564102564,0.02564102564102564,0.0,0.0,0.02564102564102564,0.07692307692307693,0.05128205128205128,0.05128205128205128,0.0,0.05128205128205128,0.05128205128205128,0.0,0.02564102564102564,0.0,0.0,0.0,0.02564102564102564,2.905220832377401,3.0,0.9684069441258004,0.1282051282051282,obj144,fld4,1
0.075,0.15,0.15,0.1,0.15,0.125,0.15,0.1,8,0.15,6,0.0,0.0,0.0,0.0,0.02564102564102564,0.02564102564102564,0.0,0.02564102564102564,0.02564102564102564,0.0,0.0,0.02564102564102564,0.0,0.02564102564102564,0.05128205128205128,0.02564102564102564,0.02564102564102564,0.0,0.0,0.05128205128205128,0.02564102564102564,0.0,0.0,0.05128205128205128,0.0,0.0,0.05128205128205128,0.02564102564102564,0.0,0.02564102564102564,0.0,0.0,0.0,0.07692307692307693,0.0,0.0,0.02564102564102564,0.0,0.05128205128205128,0.0,0.02564102564102564,0.05128205128205128,0.02564102564102564,0.0,0.0,0.0,0.02564102564102564,0.0,0.0,0.0,0.07692307692307693,0.0,0.05128205128205128,0.02564102564102564,0.0,0.0,0.0,0.02564102564102564,0.0,0.0,0.02564102564102564,0.02564102564102564,0.0,0.0,0.0,0.0,0.0,0.0,0.02564102564102564,0.02564102564102564,0.0,0.02564102564102564,0.02564102564102564,0.0,0.0,0.02564102564102564,0.0,0.02564102564102564,0.05128205128205128,0.02564102564102564,0.02564102564102564,0.0,0.0,0.05128205128205128,0.02564102564102564,0.0,0.0,0.05128205128205128,0.0,0.0,0.05128205128205128,0.02564102564102564,0.0,0.02564102564102564,0.0,0.0,0.0,0.07692307692307693,0.0,0.0,0.02564102564102564,0.0,0.05128205128205128,0.0,0.02564102564102564,0.05128205128205128,0.02564102564102564,0.0,0.0,0.0,0.02564102564102564,0.0,0.0,0.0,0.07692307692307693,0.0,0.05128205128205128,0.02564102564102564,0.0,0.0,0.0,0.02564102564102564,0.0,0.0,0.02564102564102564,0.02564102564102564,0.0,0.0,2.961837395039662,3.0,0.9872791316798873,0.05128205128205128,obj145,fld3,1
0.2,0.125,0.175,0.125,0.1,0.075,0.1,0.1,8,0.2,0,0.02564102564102564,0.02564102564102564,0.0,0.05128205128205128,0.02564102564102564,0.0,0.0,0.07692307692307693,0.05128205128205128,0.0,0.02564102564102564,0.05128205128205128,0.0,0.0,0.0,0.0,0.05128205128205128,0.0,0.0,0.02564102564102564,0.05128205128205128,0.02564102564102564,0.02564102564102564,0.0,0.0,0.05128205128205128,0.02564102564102564,0.0,0.0,0.0,0.0,0.02564102564102564,0.05128205128205128,0.0,0.02564102564102564,0.0,0.0,0.0,0.02564102564102564,0.0,0.0,0.0,0.02564102564102564,0.0,0.02564102564102564,0.0,0.02564102564102564,0.0,0.02564102564102564,0.02564102564102564,0.05128205128205128,0.0,0.0,0.0,0.0,0.0,0.0,0.02564102564102564,0.02564102564102564,0.0,0.0,0.02564102564102564,0.02564102564102564,0.0,0.02564102564102564,0.02564102564102564,0.0,0.05128205128205128,0.02564102564102564,0.0,0.0,0.07692307692307693,0.05128205128205128,0.0,0.02564102564102564,0.05128205128205128,0.0,0.0,0.0,0.0,0.05128205128205128,0.0,0.0,0.02564102564102564,0.05128205128205128,0.02564102564102564,0.02564102564102564,0.0,0.0,0.05128205128205128,0.02564102564102564,0.0,0.0,0.0,0.0,0.02564102564102564,0.05128205128205128,0.0,0.02564102564102564,0.0,0.0,0.0,0.02564102564102564,0.0,0.0,0.0,0.02564102564102564,0.0,0.02564102564102564,0.0,0.02564102564102564,0.0,0.02564102564102564,0.02564102564102564,0.05128205128205128,0.0,0.0,0.0,0.0,0.0,0.0,0.02564102564102564,0.02564102564102564,0.0,0.0,0.02564102564102564,0.02564102564102564,0.0,2.9312867722513545,3.0,0.9770955907504515,0.02564102564102564,obj146,fld3,1
0.05,0.125,0.175,0.15,0.125,0.15,0.1,0.125,8,0.175,2,0.0,0.0,0.0,0.05128205128205128,0.0,0.0,0.0,0.0,0.0,0.0,0.02564102564102564,0.05128205128205128,0.05128205128205128,0.0,0.0,0.0,0.02564102564102564,0.05128205128205128,0.0,0.02564102564102564,0.0,0.02564102564102564,0.02564102564102564,0.02564102564102564,0.02564102564102564,0.0,0.02564102564102564,0.0,0.02564102564102564,0.05128205128205128,0.0,0.02564102564102564,0.0,0.0,0.02564102564102564,0.0,0.0,0.05128205128205128,0.02564102564102564,0.02564102564102564,0.0,0.05128205128205128,0.05128205128205128,0.0,0.0,0.0,0.0,0.02564102564102564,0.0,0.02564102564102564,0.02564102564102564,0.0,0.0,0.0,0.05128205128205128,0.0,0.0,0.0,0.0,0.02564102564102564,0.05128205128205128,0.02564102564102564,0.0,0.02564102564102564,0.0,0.0,0.0,0.05128205128205128,0.0,0.0,0.0,0.0,0.0,0.0,0.02564102564102564,0.05128205128205128,0.05128205128205128,0.0,0.0,0.0,0.02564102564102564,0.05128205128205128,0.0,0.02564102564102564,0.0,0.02564102564102564,0.02564102564102564,0.02564102564102564,0.02564102564102564,0.0,0.02564102564102564,0.0,0.02564102564102564,0.05128205128205128,0.0,0.02564102564102564,0.0,0.0,0.02564102564102564,0.0,0.0,0.05128205128205128,0.02564102564102564,0.02564102564102564,0.0,0.05128205128205128,0.05128205128205128,0.0,0.0,0.0,0.0,0.02564102564102564,0.0,0.02564102564102564,0.02564102564102564,0.0,0.0,0.0,0.05128205128205128,0.0,0.0,0.0,0.0,0.02564102564102564,0.05128205128205128,0.02564102564102564,0.0,0.02564102564102564,2.9344291977281736,3.0,0.9781430659093912,0.07692307692307693,obj147,fld4,0
0.15,0.175,0.15,0.075,0.125,0.125,0.125,0.075,8,0.175,1,0.02564102564102564,0.07692307692307693,0.02564102564102564,0.0,0.02564102564102564,0.0,0.0,0.0,0.02564102564102564,0.02564102564102564,0.02564102564102564,0.02564102564102564,0.05128205128205128,0.0,0.0,0.02564102564102564,0.0,0.0,0.05128205128205128,0.0,0.02564102564102564,0.05128205128205128,0.0,0.0,0.0,0.0,0.02564102564102564,0.02564102564102564,0.0,0.02564102564102564,0.0,0.0,0.02564102564102564,0.02564102564102564,0.02564102564102564,0.02564102564102564,0.02564102564102564,0.0,0.0,0.0,0.05128205128205128,0.02564102564102564,0.0,0.0,0.0,0.02564102564102564,0.02564102564102564,0.0,0.02564102564102564,0.0,0.0,0.0,0.0,0.02564102564102564,0.02564102564102564,0.05128205128205128,0.0,0.02564102564102564,0.0,0.0,0.0,0.0,0.05128205128205128,0.0,0.02564102564102564,0.07692307692307693,0.02564102564102564,0.0,0.02564102564102564,0.0,0.0,0.0,0.02564102564102564,0.02564102564102564,0.02564102564102564,0.02564102564102564,0.05128205128205128,0.0,0.0,0.02564102564102564,0.0,0.0,0.05128205128205128,0.0,0.02564102564102564,0.05128205128205128,0.0,0.0,0.0,0.0,0.02564102564102564,0.02564102564102564,0.0,0.02564102564102564,0.0,0.0,0.02564102564102564,0.02564102564102564,0.02564102564102564,0.02564102564102564,0.02564102564102564,0.0,0.0,0.0,0.05128205128205128,0.02564102564102564,0.0,0.0,0.0,0.02564102564102564,0.02564102564102564,0.0,0.02564102564102564,0.0,0.0,0.0,0.0,0.02564102564102564,0.02564102564102564,0.05128205128205128,0.0,0.02564102564102564,0.0,0.0,0.0,0.0,0.05128205128205128,0.0,2.9466848226200004,3.0,0.9822282742066668,0.20512820512820512,obj148,fld4,0
0.15,0.1,0.175,0.125,0.1,0.075,0.125,0.15,8,0.175,2,0.0,0.02564102564102564,0.02564102564102564,0.02564102564102564,0.05128205128205128,0.0,0.02564102564102564,0.0,0.0,0.0,0.02564102564102564,0.0,0.0,0.02564102564102564,0.02564102564102564,0.02564102564102564,0.0,0.02564102564102564,0.02564102564102564,0.05128205128205128,0.0,0.0,0.0,0.07692307692307693,0.02564102564102564,0.02564102564102564,0.02564102564102564,0.0,0.0,0.0,0.0,0.05128205128205128,0.07692307692307693,0.0,0.0,0.0,0.0,0.02564102564102564,0.0,0.0,0.0,0.02564102564102564,0.05128205128205128,0.0,0.0,0.0,0.0,0.0,0.02564102564102564,0.0,0.0,0.02564102564102564,0.02564102564102564,0.02564102564102564,0.02564102564102564,0.0,0.02564102564102564,0.0,0.0,0.02564102564102564,0.02564102564102564,0.0,0.05128205128205128,0.0,0.0,0.02564102564102564,0.02564102564102564,0.02564102564102564,0.05128205128205128,0.0,0.02564102564102564,0.0,0.0,0.0,0.02564102564102564,0.0,0.0,0.02564102564102564,0.02564102564102564,0.02564102564102564,0.0,0.02564102564102564,0.02564102564102564,0.05128205128205128,0.0,0.0,0.0,0.07692307692307693,0.02564102564102564,0.02564102564102564,0.02564102564102564,0.0,0.0,0.0,0.0,0.05128205128205128,0.07692307692307693,0.0,0.0,0.0,0.0,0.02564102564102564,0.0,0.0,0.0,0.02564102564102564,0.05128205128205128,0.0,0.0,0.0,0.0,0.0,0.02564102564102564,0.0,0.0,0.02564102564102564,0.02564102564102564,0.02564102564102564,0.02564102564102564,0.0,0.02564102564102564,0.0,0.0,0.02564102564102564,0.02564102564102564,0.0,0.05128205128205128,0.0,2.9557980220350073,3.0,0.9852660073450025,0.05128205128205128,obj149,fld1,1
0.125,0.075,0.2,0.1,0.075,0.125,0.15,0.15,8,0.2,2,0.0,0.02564102564102564,0.02564102564102564,0.0,0.0,0.0,0.02564102564102564,0.05128205128205128,0.02564102564102564,0.0,0.0,0.0,0.0,0.02564102564102564,0.0,0.02564102564102564,0.05128205128205128,0.05128205128205128,0.02564102564102564,0.02564102564102564,0.02564102564102564,0.0,0.02564102564102564,0.0,0.0,0.0,0.05128205128205128,0.02564102564102564,0.0,0.02564102564102564,0.0,0.0,0.02564102564102564,0.0,0.0,0.0,0.0,0.0,0.05128205128205128,0.0,0.0,0.0,0.02564102564102564,0.0,0.0,0.02564102564102564,0.02564102564102564,0.02564102564102564,0.02564102564102564,0.0,0.02564102564102564,0.0,0.0,0.02564102564102564,0.02564102564102564,0.05128205128205128,0.0,0.0,0.02564102564102564,0.05128205128205128,0.05128205128205128,0.02564102564102564,0.0,0.0,0.0,0.02564102564102564,0.02564102564102564,0.0,0.0,0.0,0.02564102564102564,0.05128205128205128,0.02564102564102564,0.0,0.0,0.0,0.0,0.02564102564102564,0.0,0.02564102564102564,0.05128205128205128,0.05128205128205128,0.02564102564102564,0.02564102564102564,0.02564102564102564,0.0,0.02564102564102564,0.0,0.0,0.0,0.05128205128205128,0.02564102564102564,0.0,0.02564102564102564,0.0,0.0,0.02564102564102564,0.0,0.0,0.0,0.0,0.0,0.05128205128205128,0.0,0.0,0.0,0.02564102564102564,0.0,0.0,0.02564102564102564,0.02564102564102564,0.02564102564102564,0.02564102564102564,0.0,0.02564102564102564,0.0,0.0,0.02564102564102564,0.02564102564102564,0.05128205128205128,0.0,0.0,0.02564102564102564,0.05128205128205128,0.05128205128205128,0.02564102564102564,0.0,0.0,2.9282129458410013,3.0,0.9760709819470005,0.10256410256410256,obj150,fld1,1
0.075,0.275,0.15,0.05,0.075,0.075,0.15,0.15,8,0.275,1,0.0,0.0,0.02564102564102564,0.0,0.0,0.0,0.0,0.05128205128205128,0.02564102564102564,0.05128205128205128,0.07692307692307693,0.0,0.02564102564102564,0.02564102564102564,0.05128205128205128,0.02564102564102564,0.0,0.0,0.02564102564102564,0.02564102564102564,0.02564102564102564,0.02564102564102564,0.02564102564102564,0.0,0.0,0.02564102564102564,0.0,0.0,0.0,0.0,0.0,0.02564102564102564,0.02564102564102564,0.02564102564102564,0.0,0.0,0.0,0.0,0.02564102564102564,0.0,0.0,0.02564102564102564,0.02564102564102564,0.0,0.0,0.0,0.0,0.02564102564102564,0.02564102564102564,0.10256410256410256,0.0,0.02564102564102564,0.0,0.0,0.0,0.0,0.0,0.05128205128205128,0.0,0.0,0.02564102564102564,0.02564102564102564,0.02564102564102564,0.02564102564102564,0.0,0.0,0.02564102564102564,0.0,0.0,0.0,0.0,0.05128205128205128,0.02564102564102564,0.05128205128205128,0.07692307692307693,0.0,0.02564102564102564,0.02564102564102564,0.05128205128205128,0.02564102564102564,0.0,0.0,0.02564102564102564,0.02564102564102564,0.02564102564102564,0.02564102564102564,0.02564102564102564,0.0,0.0,0.02564102564102564,0.0,0.0,0.0,0.0,0.0,0.02564102564102564,0.02564102564102564,0.02564102564102564,0.0,0.0,0.0,0.0,0.02564102564102564,0.0,0.0,0.02564102564102564,0.02564102564102564,0.0,0.0,0.0,0.0,0.02564102564102564,0.02564102564102564,0.10256410256410256,0.0,0.02564102564102564,0.0,0.0,0.0,0.0,0.0,0.05128205128205128,0.0,0.0,0.02564102564102564,0.02564102564102564,0.02564102564102564,0.02564102564102564,2.8007347117753247,3.0,0.9335782372584416,0.10256410256410256,obj151,fld3,1
0.175,0.075,0.05,0.125,0.2,0.125,0.15,0.1,8,0.2,4,0.0,0.02564102564102564,0.0,0.02564102564102564,0.02564102564102564,0.05128205128205128,0.02564102564102564,0.02564102564102564,0.0,0.0,0.02564102564102564,0.0,0.0,0.0,0.02564102564102564,0.0,0.0,0.0,0.0,0.0,0.02564102564102564,0.0,0.02564102564102564,0.0,0.05128205128205128,0.0,0.0,0.02564102564102564,0.05128205128205128,0.0,0.0,0.0,0.02564102564102564,0.0,0.0,0.0,0.05128205128205128,0.05128205128205128,0.0,0.07692307692307693,0.05128205128205128,0.02564102564102564,0.0,0.0,0.02564102564102564,0.0,0.02564102564102564,0.0,0.02564102564102564,0.0,0.02564102564102564,0.07692307692307693,0.02564102564102564,0.0,0.0,0.0,0.02564102564102564,0.02564102564102564,0.0,0.0,0.0,0.02564102564102564,0.02564102564102564,0.0,0.0,0.02564102564102564,0.0,0.02564102564102564,0.02564102564102564,0.05128205128205128,0.02564102564102564,0.02564102564102564,0.0,0.0,0.02564102564102564,0.0,0.0,0.0,0.02564102564102564,0.0,0.0,0.0,0.0,0.0,0.02564102564102564,0.0,0.02564102564102564,0.0,0.05128205128205128,0.0,0.0,0.02564102564102564,0.05128205128205128,0.0,0.0,0.0,0.02564102564102564,0.0,0.0,0.0,0.05128205128205128,0.05128205128205128,0.0,0.07692307692307693,0.05128205128205128,0.02564102564102564,0.0,0.0,0.02564102564102564,0.0,0.02564102564102564,0.0,0.02564102564102564,0.0,0.02564102564102564,0.07692307692307693,0.02564102564102564,0.0,0.0,0.0,0.02564102564102564,0.02564102564102564,0.0,0.0,0.0,0.02564102564102564,0.02564102564102564,0.0,2.893542397143181,3.0,0.9645141323810603,0.07692307692307693,obj152,fld1,1
0.2,0.15,0.05,0.05,0.175,0.175,0.05,0.15,8,0.2,0,0.02564102564102564,0.02564102564102564,0.02564102564102564,0.02564102564102564,0.05128205128205128,0.05128205128205128,0.0,0.0,0.02564102564102564,0.0,0.02564102564102564,0.0,0.02564102564102564,0.02564102564102564,0.02564102564102564,0.02564102564102564,0.02564102564102564,0.0,0.0,0.0,0.0,0.02564102564102564,0.0,0.0,0.05128205128205128,0.0,0.0,0.0,0.0,0.0,0.0,0.0,0.05128205128205128,0.02564102564102564,0.0,0.0,0.0,0.02564102564102564,0.02564102564102564,0.05128205128205128,0.0,0.02564102564102564,0.0,0.02564102564102564,0.05128205128205128,0.02564102564102564,0.0,0.05128205128205128,0.0,0.02564102564102564,0.0,0.0,0.02564102564102564,0.0,0.0,0.0,0.02564102564102564,0.05128205128205128,0.0,0.0,0.02564102564102564,0.0,0.0,0.02564102564102564,0.02564102564102564,0.02564102564102564,0.02564102564102564,0.02564102564102564,0.05128205128205128,0.05128205128205128,0.0,0.0,0.02564102564102564,0.0,0.02564102564102564,0.0,0.02564102564102564,0.02564102564102564,0.02564102564102564,0.02564102564102564,0.02564102564102564,0.0,0.0,0.0,0.0,0.02564102564102564,0.0,0.0,0.05128205128205128,0.0,0.0,0.0,0.0,0.0,0.0,0.0,0.05128205128205128,0.02564102564102564,0.0,0.0,0.0,0.02564102564102564,0.02564102564102564,0.05128205128205128,0.0,0.02564102564102564,0.0,0.02564102564102564,0.05128205128205128,0.02564102564102564,0.0,0.05128205128205128,0.0,0.02564102564102564,0.0,0.0,0.02564102564102564,0.0,0.0,0.0,0.02564102564102564,0.05128205128205128,0.0,0.0,0.02564102564102564,0.0,0.0,0.02564102564102564,2.8138651219508537,3.0,0.9379550406502846,0.07692307692307693,obj153,fld4,1
0.175,0.125,0.075,0.1,0.175,0.1,0.15,0.1,8,0.175,0,0.02564102564102564,0.02564102564102564,0.0,0.05128205128205128,0.02564102564102564,0.0,0.0,0.05128205128205128,0.02564102564102564,0.0,0.0,0.0,0.02564102564102564,0.02564102564102564,0.02564102564102564,0.0,0.02564102564102564,0.0,0.0,0.0,0.02564102564102564,0.0,0.02564102564102564,0.0,0.0,0.0,0.05128205128205128,0.0,0.0,0.02564102564102564,0.02564102564102564,0.0,0.0,0.05128205128205128,0.0,0.02564102564102564,0.02564102564102564,0.0,0.02564102564102564,0.05128205128205128,0.02564102564102564,0.02564102564102564,0.0,0.0,0.0,0.02564102564102564,0.02564102564102564,0.0,0.02564102564102564,0.02564102564102564,0.0,0.02564102564102564,0.05128205128205128,0.02564102564102564,0.0,0.0,0.05128205128205128,0.0,0.0,0.0,0.02564102564102564,0.0,0.02564102564102564,0.0,0.02564102564102564,0.02564102564102564,0.0,0.05128205128205128,0.02564102564102564,0.0,0.0,0.05128205128205128,0.02564102564102564,0.0,0.0,0.0,0.02564102564102564,0.02564102564102564,0.02564102564102564,0.0,0.02564102564102564,0.0,0.0,0.0,0.02564102564102564,0.0,0.02564102564102564,0.0,0.0,0.0,0.05128205128205128,0.0,0.0,0.02564102564102564,0.02564102564102564,0.0,0.0,0.05128205128205128,0.0,0.02564102564102564,0.02564102564102564,0.0,0.02564102564102564,0.05128205128205128,0.02564102564102564,0.02564102564102564,0.0,0.0,0.0,0.02564102564102564,0.02564102564102564,0.0,0.02564102564102564,0.02564102564102564,0.0,0.02564102564102564,0.05128205128205128,0.02564102564102564,0.0,0.0,0.05128205128205128,0.0,0.0,0.0,0.02564102564102564,0.0,0.02564102564102564,0.0,2.9424962976440203,3.0,0.9808320992146734,0.07692307692307693,obj154,fld1,1
0.175,0.075,0.075,0.175,0.1,0.05,0.1,0.25,8,0.25,7,0.02564102564102564,0.05128205128205128,0.02564102564102564,0.02564102564102564,0.0,0.0,0.02564102564102564,0.0,0.0,0.0,0.02564102564102564,0.0,0.02564102564102564,0.0,0.0,0.02564102564102564,0.0,0.0,0.0,0.0,0.02564102564102564,0.0,0.0,0.05128205128205128,0.02564102564102564,0.0,0.02564102564102564,0.02564102564102564,0.02564102564102564,0.0,0.02564102564102564,0.05128205128205128,0.02564102564102564,0.0,0.0,0.0,0.0,0.0,0.0,0.07692307692307693,0.02564102564102564,0.0,0.0,0.0,0.02564102564102564,0.0,0.0,0.0,0.0,0.02564102564102564,0.0,0.0,0.0,0.02564102564102564,0.0,0.05128205128205128,0.05128205128205128,0.0,0.0,0.1282051282051282,0.0,0.02564102564102564,0.05128205128205128,0.0,0.02564102564102564,0.05128205128205128,0.02564102564102564,0.02564102564102564,0.0,0.0,0.02564102564102564,0.0,0.0,0.0,0.02564102564102564,0.0,0.02564102564102564,0.0,0.0,0.02564102564102564,0.0,0.0,0.0,0.0,0.02564102564102564,0.0,0.0,0.05128205128205128,0.02564102564102564,0.0,0.02564102564102564,0.02564102564102564,0.02564102564102564,0.0,0.02564102564102564,0.05128205128205128,0.02564102564102564,0.0,0.0,0.0,0.0,0.0,0.0,0.07692307692307693,0.02564102564102564,0.0,0.0,0.0,0.02564102564102564,0.0,0.0,0.0,0.0,0.02564102564102564,0.0,0.0,0.0,0.02564102564102564,0.0,0.05128205128205128,0.05128205128205128,0.0,0.0,0.1282051282051282,0.0,0.02564102564102564,0.05128205128205128,0.0,2.8211274733371865,3.0,0.9403758244457289,0.05128205128205128,obj155,fld5,1
0.2,0.15,0.15,0.15,0.05,0.125,0.075,0.1,8,0.2,0,0.05128205128205128,0.05128205128205128,0.02564102564102564,0.05128205128205128,0.02564102564102564,0.0,0.0,0.0,0.0,0.02564102564102564,0.07692307692307693,0.0,0.0,0.0,0.02564102564102564,0.02564102564102564,0.02564102564102564,0.0,0.02564102564102564,0.0,0.0,0.07692307692307693,0.0,0.0,0.07692307692307693,0.02564102564102564,0.02564102564102564,0.0,0.0,0.0,0.0,0.02564102564102564,0.0,0.02564102564102564,0.0,0.0,0.0,0.0,0.02564102564102564,0.0,0.02564102564102564,0.02564102564102564,0.0,0.02564102564102564,0.0,0.02564102564102564,0.0,0.02564102564102564,0.0,0.0,0.0,0.02564102564102564,0.0,0.02564102564102564,0.0,0.02564102564102564,0.0,0.0,0.0,0.05128205128205128,0.02564102564102564,0.0,0.02564102564102564,0.0,0.05128205128205128,0.05128205128205128,0.02564102564102564,0.05128205128205128,0.02564102564102564,0.0,0.0,0.0,0.0,0.02564102564102564,0.07692307692307693,0.0,0.0,0.0,0.02564102564102564,0.02564102564102564,0.02564102564102564,0.0,0.02564102564102564,0.0,0.0,0.07692307692307693,0.0,0.0,0.07692307692307693,0.02564102564102564,0.02564102564102564,0.0,0.0,0.0,0.0,0.02564102564102564,0.0,0.02564102564102564,0.0,0.0,0.0,0.0,0.02564102564102564,0.0,0.02564102564102564,0.02564102564102564,0.0,0.02564102564102564,0.0,0.02564102564102564,0.0,0.02564102564102564,0.0,0.0,0.0,0.02564102564102564,0.0,0.02564102564102564,0.0,0.02564102564102564,0.0,0.0,0.0,0.05128205128205128,0.02564102564102564,0.0,0.02564102564102564,0.0,2.899581770147835,3.0,0.966527256715945,0.1282051282051282,obj156,fld3,1
0.1,0.075,0.175,0.175,0.15,0.125,0.075,0.125,8,0.175,2,0.0,0.0,0.0,0.0,0.0,0.05128205128205128,0.0,0.02564102564102564,0.02564102564102564,0.0,0.02564102564102564,0.0,0.0,0.02564102564102564,0.0,0.0,0.0,0.0,0.0,0.05128205128205128,0.02564102564102564,0.05128205128205128,0.02564102564102564,0.02564102564102564,0.05128205128205128,0.02564102564102564,0.02564102564102564,0.05128205128205128,0.02564102564102564,0.0,0.0,0.0,0.0,0.02564102564102564,0.07692307692307693,0.0,0.02564102564102564,0.0,0.0,0.02564102564102564,0.0,0.0,0.0,0.02564102564102564,0.05128205128205128,0.0,0.02564102564102564,0.02564102564102564,0.0,0.02564102564102564,0.0,0.05128205128205128,0.0,0.0,0.0,0.0,0.02564102564102564,0.0,0.02564102564102564,0.0,0.02564102564102564,0.0,0.02564102564102564,0.02564102564102564,0.0,0.0,0.0,0.0,0.0,0.05128205128205128,0.0,0.02564102564102564,0.02564102564102564,0.0,0.02564102564102564,0.0,0.0,0.02564102564102564,0.0,0.0,0.0,0.0,0.0,0.05128205128205128,0.02564102564102564,0.05128205128205128,0.02564102564102564,0.02564102564102564,0.05128205128205128,0.02564102564102564,0.02564102564102564,0.05128205128205128,0.02564102564102564,0.0,0.0,0.0,0.0,0.02564102564102564,0.07692307692307693,0.0,0.02564102564102564,0.0,0.0,0.02564102564102564,0.0,0.0,0.0,0.02564102564102564,0.05128205128205128,0.0,0.02564102564102564,0.02564102564102564,0.0,0.02564102564102564,0.0,0.05128205128205128,0.0,0.0,0.0,0.0,0.02564102564102564,0.0,0.02564102564102564,0.0,0.02564102564102564,0.0,0.02564102564102564,0.02564102564102564,2.933383098229013,3.0,0.9777943660763376,0.10256410256410256,obj157,fld3,1
0.125,0.125,0.125,0.125,0.125,0.125,0.075,0.175,8,0.175,7,0.02564102564102564,0.02564102564102564,0.0,0.0,0.0,0.02564102564102564,0.02564102564102564,0.0,0.0,0.0,0.0,0.07692307692307693,0.05128205128205128,0.0,0.0,0.0,0.05128205128205128,0.0,0.05128205128205128,0.0,0.0,0.0,0.0,0.02564102564102564,0.02564102564102564,0.02564102564102564,0.0,0.0,0.0,0.02564102564102564,0.02564102564102564,0.02564102564102564,0.02564102564102564,0.0,0.02564102564102564,0.0,0.02564102564102564,0.0,0.02564102564102564,0.02564102564102564,0.0,0.02564102564102564,0.02564102564102564,0.0,0.0,0.02564102564102564,0.0,0.05128205128205128,0.0,0.0,0.02564102564102564,0.02564102564102564,0.02564102564102564,0.0,0.0,0.0,0.0,0.05128205128205128,0.0,0.0,0.02564102564102564,0.05128205128205128,0.0,0.05128205128205128,0.02564102564102564,0.02564102564102564,0.0,0.0,0.0,0.02564102564102564,0.02564102564102564,0.0,0.0,0.0,0.0,0.07692307692307693,0.05128205128205128,0.0,0.0,0.0,0.05128205128205128,0.0,0.05128205128205128,0.0,0.0,0.0,0.0,0.02564102564102564,0.02564102564102564,0.02564102564102564,0.0,0.0,0.0,0.02564102564102564,0.02564102564102564,0.02564102564102564,0.02564102564102564,0.0,0.02564102564102564,0.0,0.02564102564102564,0.0,0.02564102564102564,0.02564102564102564,0.0,0.02564102564102564,0.02564102564102564,0.0,0.0,0.02564102564102564,0.0,0.05128205128205128,0.0,0.0,0.02564102564102564,0.02564102564102564,0.02564102564102564,0.0,0.0,0.0,0.0,0.05128205128205128,0.0,0.0,0.02564102564102564,0.05128205128205128,0.0,0.05128205128205128,2.970322724807673,3.0,0.990107574935891,0.1794871794871795,obj158,fld3,0
0.2,0.125,0.125,0.05,0.125,0.175,0.075,0.125,8,0.2,0,0.02564102564102564,0.07692307692307693,0.0,0.0,0.0,0.05128205128205128,0.0,0.02564102564102564,0.02564102564102564,0.0,0.02564102564102564,0.0,0.02564102564102564,0.02564102564102564,0.02564102564102564,0.0,0.05128205128205128,0.0,0.0,0.02564102564102564,0.0,0.0,0.02564102564102564,0.02564102564102564,0.0,0.02564102564102564,0.02564102564102564,0.0,0.0,0.0,0.0,0.0,0.05128205128205128,0.02564102564102564,0.0,0.0,0.02564102564102564,0.0,0.0,0.02564102564102564,0.05128205128205128,0.0,0.05128205128205128,0.0,0.02564102564102564,0.02564102564102564,0.0,0.02564102564102564,0.0,0.0,0.02564102564102564,0.0,0.0,0.02564102564102564,0.0,0.02564102564102564,0.0,0.0,0.0,0.02564102564102564,0.02564102564102564,0.05128205128205128,0.02564102564102564,0.0,0.02564102564102564,0.07692307692307693,0.0,0.0,0.0,0.05128205128205128,0.0,0.02564102564102564,0.02564102564102564,0.0,0.02564102564102564,0.0,0.02564102564102564,0.02564102564102564,0.02564102564102564,0.0,0.05128205128205128,0.0,0.0,0.02564102564102564,0.0,0.0,0.02564102564102564,0.02564102564102564,0.0,0.02564102564102564,0.02564102564102564,0.0,0.0,0.0,0.0,0.0,0.05128205128205128,0.02564102564102564,0.0,0.0,0.02564102564102564,0.0,0.0,0.02564102564102564,0.05128205128205128,0.0,0.05128205128205128,0.0,0.02564102564102564,0.02564102564102564,0.0,0.02564102564102564,0.0,0.0,0.02564102564102564,0.0,0.0,0.02564102564102564,0.0,0.02564102564102564,0.0,0.0,0.0,0.02564102564102564,0.02564102564102564,0.05128205128205128,0.02564102564102564,0.0,2.9008047485295134,3.0,0.9669349161765045,0.07692307692307693,obj159,fld3,1
0.15,0.175,0.05,0.125,0.175,0.05,0.175,0.1,8,0.175,4,0.05128205128205128,0.02564102564102564,0.0,0.02564102564102564,0.02564102564102564,0.0,0.0,0.02564102564102564,0.02564102564102564,0.02564102564102564,0.0,0.02564102564102564,0.02564102564102564,0.0,0.02564102564102564,0.05128205128205128,0.02564102564102564,0.0,0.0,0.02564102564102564,0.0,0.0,0.0,0.0,0.02564102564102564,0.0,0.02564102564102564,0.02564102564102564,0.02564102564102564,0.0,0.02564102564102564,0.0,0.0,0.02564102564102564,0.0,0.0,0.02564102564102564,0.02564102564102564,0.05128205128205128,0.02564102564102564,0.0,0.02564102564102564,0.0,0.0,0.0,0.0,0.02564102564102564,0.0,0.0,0.05128205128205128,0.02564102564102564,0.0,0.02564102564102564,0.02564102564102564,0.05128205128205128,0.0,0.02564102564102564,0.02564102564102564,0.0,0.0,0.05128205128205128,0.0,0.0,0.0,0.05128205128205128,0.02564102564102564,0.0,0.02564102564102564,0.02564102564102564,0.0,0.0,0.02564102564102564,0.02564102564102564,0.02564102564102564,0.0,0.02564102564102564,0.02564102564102564,0.0,0.02564102564102564,0.05128205128205128,0.02564102564102564,0.0,0.0,0.02564102564102564,0.0,0.0,0.0,0.0,0.02564102564102564,0.0,0.02564102564102564,0.02564102564102564,0.02564102564102564,0.0,0.02564102564102564,0.0,0.0,0.02564102564102564,0.0,0.0,0.02564102564102564,0.02564102564102564,0.05128205128205128,0.02564102564102564,0.0,0.02564102564102564,0.0,0.0,0.0,0.0,0.02564102564102564,0.0,0.0,0.05128205128205128,0.02564102564102564,0.0,0.02564102564102564,0.02564102564102564,0.05128205128205128,0.0,0.02564102564102564,0.02564102564102564,0.0,0.0,0.05128205128205128,0.0,0.0,0.0,2.870081373838026,3.0,0.9566937912793421,0.1794871794871795,obj160,fld4,0
0.1,0.175,0.15,0.05,0.075,0.175,0.2,0.075,8,0.2,6,0.0,0.0,0.02564102564102564,0.02564102564102564,0.02564102564102564,0.02564102564102564,0.0,0.0,0.05128205128205128,0.05128205128205128,0.0,0.0,0.0,0.02564102564102564,0.02564102564102564,0.02564102564102564,0.02564102564102564,0.0,0.0,0.0,0.0,0.05128205128205128,0.05128205128205128,0.02564102564102564,0.0,0.0,0.02564102564102564,0.0,0.0,0.0,0.02564102564102564,0.0,0.02564102564102564,0.0,0.02564102564102564,0.0,0.0,0.0,0.02564102564102564,0.0,0.0,0.0,0.0,0.02564102564102564,0.05128205128205128,0.05128205128205128,0.0,0.02564102564102564,0.0,0.10256410256410256,0.05128205128205128,0.0,0.0,0.02564102564102564,0.02564102564102564,0.0,0.0,0.02564102564102564,0.02564102564102564,0.0,0.0,0.0,0.02564102564102564,0.0,0.0,0.0,0.02564102564102564,0.02564102564102564,0.02564102564102564,0.02564102564102564,0.0,0.0,0.05128205128205128,0.05128205128205128,0.0,0.0,0.0,0.02564102564102564,0.02564102564102564,0.02564102564102564,0.02564102564102564,0.0,0.0,0.0,0.0,0.05128205128205128,0.05128205128205128,0.02564102564102564,0.0,0.0,0.02564102564102564,0.0,0.0,0.0,0.02564102564102564,0.0,0.02564102564102564,0.0,0.02564102564102564,0.0,0.0,0.0,0.02564102564102564,0.0,0.0,0.0,0.0,0.02564102564102564,0.05128205128205128,0.05128205128205128,0.0,0.02564102564102564,0.0,0.10256410256410256,0.05128205128205128,0.0,0.0,0.02564102564102564,0.02564102564102564,0.0,0.0,0.02564102564102564,0.02564102564102564,0.0,0.0,0.0,0.02564102564102564,0.0,2.8638651219508535,3.0,0.9546217073169512,0.1282051282051282,obj161,fld5,0
0.15,0.125,0.1,0.15,0.15,0.075,0.125,0.125,8,0.15,4,0.07692307692307693,0.02564102564102564,0.0,0.0,0.0,0.0,0.02564102564102564,0.02564102564102564,0.0,0.0,0.02564102564102564,0.02564102564102564,0.02564102564102564,0.02564102564102564,0.0,0.02564102564102564,0.0,0.02564102564102564,0.0,0.05128205128205128,0.02564102564102564,0.0,0.0,0.0,0.02564102564102564,0.02564102564102564,0.0,0.02564102564102564,0.02564102564102564,0.02564102564102564,0.02564102564102564,0.0,0.05128205128205128,0.0,0.0,0.02564102564102564,0.0,0.0,0.02564102564102564,0.02564102564102564,0.0,0.02564102564102564,0.02564102564102564,0.0,0.02564102564102564,0.0,0.0,0.0,0.0,0.02564102564102564,0.0,0.02564102564102564,0.0,0.02564102564102564,0.02564102564102564,0.02564102564102564,0.0,0.0,0.05128205128205128,0.0,0.02564102564102564,0.0,0.02564102564102564,0.02564102564102564,0.07692307692307693,0.02564102564102564,0.0,0.0,0.0,0.0,0.02564102564102564,0.02564102564102564,0.0,0.0,0.02564102564102564,0.02564102564102564,0.02564102564102564,0.02564102564102564,0.0,0.02564102564102564,0.0,0.02564102564102564,0.0,0.05128205128205128,0.02564102564102564,0.0,0.0,0.0,0.02564102564102564,0.02564102564102564,0.0,0.02564102564102564,0.02564102564102564,0.02564102564102564,0.02564102564102564,0.0,0.05128205128205128,0.0,0.0,0.02564102564102564,0.0,0.0,0.02564102564102564,0.02564102564102564,0.0,0.02564102564102564,0.02564102564102564,0.0,0.02564102564102564,0.0,0.0,0.0,0.0,0.02564102564102564,0.0,0.02564102564102564,0.0,0.02564102564102564,0.02564102564102564,0.02564102564102564,0.0,0.0,0.05128205128205128,0.0,0.02564102564102564,0.0,0.02564102564102564,0.02564102564102564,2.9690997464259943,3.0,0.9896999154753314,0.15384615384615385,obj162,fld5,1
0.1,0.075,0.1,0.2,0.125,0.175,0.05,0.175,8,0.2,3,0.02564102564102564,0.02564102564102564,0.02564102564102564,0.0,0.0,0.02564102564102564,0.0,0.0,0.02564102564102564,0.0,0.0,0.0,0.0,0.02564102564102564,0.0,0.02564102564102564,0.0,0.02564102564102564,0.0,0.02564102564102564,0.02564102564102564,0.0,0.0,0.0,0.0,0.0,0.0,0.07692307692307693,0.02564102564102564,0.05128205128205128,0.02564102564102564,0.02564102564102564,0.05128205128205128,0.0,0.0,0.0,0.02564102564102564,0.02564102564102564,0.0,0.02564102564102564,0.0,0.0,0.05128205128205128,0.05128205128205128,0.0,0.02564102564102564,0.0,0.05128205128205128,0.0,0.0,0.02564102564102564,0.0,0.0,0.0,0.0,0.02564102564102564,0.0,0.02564102564102564,0.0,0.05128205128205128,0.05128205128205128,0.02564102564102564,0.0,0.02564102564102564,0.02564102564102564,0.02564102564102564,0.02564102564102564,0.0,0.0,0.02564102564102564,0.0,0.0,0.02564102564102564,0.0,0.0,0.0,0.0,0.02564102564102564,0.0,0.02564102564102564,0.0,0.02564102564102564,0.0,0.02564102564102564,0.02564102564102564,0.0,0.0,0.0,0.0,0.0,0.0,0.07692307692307693,0.02564102564102564,0.05128205128205128,0.02564102564102564,0.02564102564102564,0.05128205128205128,0.0,0.0,0.0,0.02564102564102564,0.02564102564102564,0.0,0.02564102564102564,0.0,0.0,0.05128205128205128,0.05128205128205128,0.0,0.02564102564102564,0.0,0.05128205128205128,0.0,0.0,0.02564102564102564,0.0,0.0,0.0,0.0,0.02564102564102564,0.0,0.02564102564102564,0.0,0.05128205128205128,0.05128205128205128,0.02564102564102564,0.0,0.02564102564102564,2.8802406727521936,3.0,0.9600802242507313,0.1794871794871795,obj163,fld4,1
0.175,0.1,0.175,0.05,0.05,0.1,0.225,0.125,8,0.225,6,0.02564102564102564,0.0,0.0,0.02564102564102564,0.0,0.05128205128205128,0.02564102564102564,0.05128205128205128,0.05128205128205128,0.0,0.0,0.0,0.0,0.0,0.05128205128205128,0.0,0.0,0.05128205128205128,0.05128205128205128,0.0,0.0,0.0,0.05128205128205128,0.02564102564102564,0.0,0.0,0.02564102564102564,0.0,0.02564102564102564,0.0,0.0,0.0,0.02564102564102564,0.0,0.0,0.0,0.0,0.0,0.02564102564102564,0.0,0.02564102564102564,0.02564102564102564,0.05128205128205128,0.0,0.0,0.0,0.0,0.0,0.0,0.0,0.02564102564102564,0.0,0.02564102564102564,0.05128205128205128,0.07692307692307693,0.02564102564102564,0.02564102564102564,0.02564102564102564,0.02564102564102564,0.02564102564102564,0.0,0.0,0.0,0.02564102564102564,0.02564102564102564,0.0,0.0,0.02564102564102564,0.0,0.05128205128205128,0.02564102564102564,0.05128205128205128,0.05128205128205128,0.0,0.0,0.0,0.0,0.0,0.05128205128205128,0.0,0.0,0.05128205128205128,0.05128205128205128,0.0,0.0,0.0,0.05128205128205128,0.02564102564102564,0.0,0.0,0.02564102564102564,0.0,0.02564102564102564,0.0,0.0,0.0,0.02564102564102564,0.0,0.0,0.0,0.0,0.0,0.02564102564102564,0.0,0.02564102564102564,0.02564102564102564,0.05128205128205128,0.0,0.0,0.0,0.0,0.0,0.0,0.0,0.02564102564102564,0.0,0.02564102564102564,0.05128205128205128,0.07692307692307693,0.02564102564102564,0.02564102564102564,0.02564102564102564,0.02564102564102564,0.02564102564102564,0.0,0.0,0.0,0.02564102564102564,2.83587973498176,3.0,0.9452932449939201,0.1794871794871795,obj164,fld4,1
0.15,0.15,0.075,0.15,0.15,0.175,0.05,0.1,8,0.175,5,0.02564102564102564,0.02564102564102564,0.0,0.07692307692307693,0.02564102564102564,0.0,0.0,0.0,0.02564102564102564,0.02564102564102564,0.0,0.02564102564102564,0.02564102564102564,0.02564102564102564,0.02564102564102564,0.0,0.02564102564102564,0.02564102564102564,0.0,0.0,0.0,0.0,0.0,0.02564102564102564,0.0,0.02564102564102564,0.0,0.05128205128205128,0.0,0.05128205128205128,0.0,0.02564102564102564,0.05128205128205128,0.02564102564102564,0.0,0.0,0.02564102564102564,0.02564102564102564,0.02564102564102564,0.0,0.0,0.0,0.07692307692307693,0.0,0.0,0.02564102564102564,0.0,0.05128205128205128,0.0,0.0,0.0,0.0,0.02564102564102564,0.02564102564102564,0.0,0.0,0.0,0.02564102564102564,0.0,0.0,0.05128205128205128,0.02564102564102564,0.0,0.0,0.02564102564102564,0.02564102564102564,0.0,0.07692307692307693,0.02564102564102564,0.0,0.0,0.0,0.02564102564102564,0.02564102564102564,0.0,0.02564102564102564,0.02564102564102564,0.02564102564102564,0.02564102564102564,0.0,0.02564102564102564,0.02564102564102564,0.0,0.0,0.0,0.0,0.0,0.02564102564102564,0.0,0.02564102564102564,0.0,0.05128205128205128,0.0,0.05128205128205128,0.0,0.02564102564102564,0.05128205128205128,0.02564102564102564,0.0,0.0,0.02564102564102564,0.02564102564102564,0.02564102564102564,0.0,0.0,0.0,0.07692307692307693,0.0,0.0,0.02564102564102564,0.0,0.05128205128205128,0.0,0.0,0.0,0.0,0.02564102564102564,0.02564102564102564,0.0,0.0,0.0,0.02564102564102564,0.0,0.0,0.05128205128205128,0.02564102564102564,0.0,0.0,2.910791295540501,3.0,0.970263765180167,0.15384615384615385,obj165,fld5,0
0.125,0.225,0.1,0.05,0.15,0.125,0.125,0.1,8,0.225,1,0.0,0.02564102564102564,0.02564102564102564,0.02564102564102564,0.0,0.0,0.02564102564102564,0.02564102564102564,0.02564102564102564,0.02564102564102564,0.02564102564102564,0.0,0.02564102564102564,0.07692307692307693,0.02564102564102564,0.02564102564102564,0.0,0.0,0.02564102564102564,0.0,0.05128205128205128,0.0,0.02564102564102564,0.0,0.0,0.05128205128205128,0.0,0.0,0.0,0.0,0.0,0.0,0.0,0.0,0.0,0.02564102564102564,0.02564102564102564,0.05128205128205128,0.02564102564102564,0.02564102564102564,0.02564102564102564,0.0,0.02564102564102564,0.0,0.02564102564102564,0.0,0.0,0.02564102564102564,0.05128205128205128,0.05128205128205128,0.0,0.0,0.02564102564102564,0.0,0.0,0.0,0.0,0.07692307692307693,0.0,0.0,0.0,0.0,0.02564102564102564,0.0,0.0,0.02564102564102564,0.02564102564102564,0.02564102564102564,0.0,0.0,0.02564102564102564,0.02564102564102564,0.02564102564102564,0.02564102564102564,0.02564102564102564,0.0,0.02564102564102564,0.07692307692307693,0.02564102564102564,0.02564102564102564,0.0,0.0,0.02564102564102564,0.0,0.05128205128205128,0.0,0.02564102564102564,0.0,0.0,0.05128205128205128,0.0,0.0,0.0,0.0,0.0,0.0,0.0,0.0,0.0,0.02564102564102564,0.02564102564102564,0.05128205128205128,0.02564102564102564,0.02564102564102564,0.02564102564102564,0.0,0.02564102564102564,0.0,0.02564102564102564,0.0,0.0,0.02564102564102564,0.05128205128205128,0.05128205128205128,0.0,0.0,0.02564102564102564,0.0,0.0,0.0,0.0,0.07692307692307693,0.0,0.0,0.0,0.0,0.02564102564102564,0.0,2.900227558871908,3.0,0.9667425196239693,0.07692307692307693,obj166,fld5,1
0.2,0.1,0.125,0.125,0.125,0.125,0.15,0.05,8,0.2,0,0.05128205128205128,0.0,0.05128205128205128,0.05128205128205128,0.0,0.02564102564102564,0.02564102564102564,0.0,0.02564102564102564,0.0,0.0,0.0,0.02564102564102564,0.0,0.02564102564102564,0.02564102564102564,0.0,0.05128205128205128,0.0,0.05128205128205128,0.02564102564102564,0.0,0.0,0.0,0.05128205128205128,0.0,0.0,0.0,0.0,0.05128205128205128,0.02564102564102564,0.0,0.02564102564102564,0.0,0.07692307692307693,0.0,0.02564102564102564,0.0,0.0,0.0,0.0,0.02564102564102564,0.0,0.0,0.0,0.02564102564102564,0.05128205128205128,0.0,0.05128205128205128,0.02564102564102564,0.0,0.0,0.02564102564102564,0.02564102564102564,0.02564102564102564,0.0,0.0,0.0,0.0,0.02564102564102564,0.02564102564102564,0.0,0.0,0.0,0.05128205128205128,0.0,0.05128205128205128,0.05128205128205128,0.0,0.02564102564102564,0.02564102564102564,0.0,0.02564102564102564,0.0,0.0,0.0,0.02564102564102564,0.0,0.02564102564102564,0.02564102564102564,0.0,0.05128205128205128,0.0,0.05128205128205128,0.02564102564102564,0.0,0.0,0.0,0.05128205128205128,0.0,0.0,0.0,0.0,0.05128205128205128,0.02564102564102564,0.0,0.02564102564102564,0.0,0.07692307692307693,0.0,0.02564102564102564,0.0,0.0,0.0,0.0,0.02564102564102564,0.0,0.0,0.0,0.02564102564102564,0.05128205128205128,0.0,0.05128205128205128,0.02564102564102564,0.0,0.0,0.02564102564102564,0.02564102564102564,0.02564102564102564,0.0,0.0,0.0,0.0,0.02564102564102564,0.02564102564102564,0.0,0.0,0.0,2.9232196723355077,3.0,0.9744065574451692,0.1282051282051282,obj167,fld4,1
0.125,0.175,0.2,0.05,0.125,0.1,0.05,0.175,8,0.2,2,0.0,0.05128205128205128,0.0,0.0,0.02564102564102564,0.0,0.02564102564102564,0.02564102564102564,0.05128205128205128,0.05128205128205128,0.0,0.0,0.02564102564102564,0.05128205128205128,0.0,0.0,0.02564102564102564,0.02564102564102564,0.0,0.02564102564102564,0.02564102564102564,0.05128205128205128,0.0,0.05128205128205128,0.0,0.0,0.0,0.0,0.0,0.0,0.0,0.05128205128205128,0.0,0.02564102564102564,0.05128205128205128,0.02564102564102564,0.0,0.0,0.0,0.0,0.02564102564102564,0.0,0.05128205128205128,0.0,0.0,0.0,0.0,0.02564102564102564,0.0,0.0,0.05128205128205128,0.0,0.0,0.0,0.0,0.0,0.02564102564102564,0.02564102564102564,0.05128205128205128,0.0,0.05128205128205128,0.0,0.02564102564102564,0.0,0.0,0.05128205128205128,0.0,0.0,0.02564102564102564,0.0,0.02564102564102564,0.02564102564102564,0.05128205128205128,0.05128205128205128,0.0,0.0,0.02564102564102564,0.05128205128205128,0.0,0.0,0.02564102564102564,0.02564102564102564,0.0,0.02564102564102564,0.02564102564102564,0.05128205128205128,0.0,0.05128205128205128,0.0,0.0,0.0,0.0,0.0,0.0,0.0,0.05128205128205128,0.0,0.02564102564102564,0.05128205128205128,0.02564102564102564,0.0,0.0,0.0,0.0,0.02564102564102564,0.0,0.05128205128205128,0.0,0.0,0.0,0.0,0.02564102564102564,0.0,0.0,0.05128205128205128,0.0,0.0,0.0,0.0,0.0,0.02564102564102564,0.02564102564102564,0.05128205128205128,0.0,0.05128205128205128,0.0,0.02564102564102564,0.0,2.8588718484453604,3.0,0.9529572828151202,0.05128205128205128,obj168,fld3,1
0.075,0.025,0.1,0.175,0.15,0.125,0.25,0.1,8,0.25,6,0.0,0.0,0.0,0.02564102564102564,0.0,0.02564102564102564,0.02564102564102564,0.0,0.0,0.0,0.0,0.0,0.0,0.02564102564102564,0.0,0.0,0.0,0.02564102564102564,0.0,0.02564102564102564,0.0,0.0,0.02564102564102564,0.02564102564102564,0.02564102564102564,0.0,0.0,0.02564102564102564,0.02564102564102564,0.0,0.05128205128205128,0.02564102564102564,0.02564102564102564,0.0,0.0,0.05128205128205128,0.0,0.02564102564102564,0.05128205128205128,0.0,0.0,0.0,0.0,0.02564102564102564,0.05128205128205128,0.05128205128205128,0.0,0.0,0.02564102564102564,0.0,0.07692307692307693,0.02564102564102564,0.05128205128205128,0.0,0.05128205128205128,0.02564102564102564,0.0,0.0,0.02564102564102564,0.0,0.02564102564102564,0.0,0.02564102564102564,0.02564102564102564,0.0,0.0,0.0,0.02564102564102564,0.0,0.02564102564102564,0.02564102564102564,0.0,0.0,0.0,0.0,0.0,0.0,0.02564102564102564,0.0,0.0,0.0,0.02564102564102564,0.0,0.02564102564102564,0.0,0.0,0.02564102564102564,0.02564102564102564,0.02564102564102564,0.0,0.0,0.02564102564102564,0.02564102564102564,0.0,0.05128205128205128,0.02564102564102564,0.02564102564102564,0.0,0.0,0.05128205128205128,0.0,0.02564102564102564,0.05128205128205128,0.0,0.0,0.0,0.0,0.02564102564102564,0.05128205128205128,0.05128205128205128,0.0,0.0,0.02564102564102564,0.0,0.07692307692307693,0.02564102564102564,0.05128205128205128,0.0,0.05128205128205128,0.02564102564102564,0.0,0.0,0.02564102564102564,0.0,0.02564102564102564,0.0,0.02564102564102564,0.02564102564102564,2.803301385282261,3.0,0.934433795094087,0.15384615384615385,obj169,fld1,0
0.175,0.05,0.175,0.175,0.075,0.125,0.125,0.1,8,0.175,3,0.02564102564102564,0.0,0.02564102564102564,0.07692307692307693,0.0,0.02564102564102564,0.0,0.0,0.02564102564102564,0.0,0.0,0.02564102564102564,0.0,0.0,0.0,0.0,0.0,0.0,0.02564102564102564,0.02564102564102564,0.07692307692307693,0.0,0.02564102564102564,0.02564102564102564,0.02564102564102564,0.0,0.05128205128205128,0.0,0.0,0.02564102564102564,0.02564102564102564,0.05128205128205128,0.0,0.02564102564102564,0.02564102564102564,0.0,0.0,0.0,0.02564102564102564,0.0,0.05128205128205128,0.02564102564102564,0.0,0.0,0.0,0.02564102564102564,0.0,0.02564102564102564,0.02564102564102564,0.0,0.05128205128205128,0.02564102564102564,0.0,0.02564102564102564,0.0,0.0,0.02564102564102564,0.0,0.0,0.0,0.0,0.02564102564102564,0.05128205128205128,0.0,0.02564102564102564,0.0,0.02564102564102564,0.07692307692307693,0.0,0.02564102564102564,0.0,0.0,0.02564102564102564,0.0,0.0,0.02564102564102564,0.0,0.0,0.0,0.0,0.0,0.0,0.02564102564102564,0.02564102564102564,0.07692307692307693,0.0,0.02564102564102564,0.02564102564102564,0.02564102564102564,0.0,0.05128205128205128,0.0,0.0,0.02564102564102564,0.02564102564102564,0.05128205128205128,0.0,0.02564102564102564,0.02564102564102564,0.0,0.0,0.0,0.02564102564102564,0.0,0.05128205128205128,0.02564102564102564,0.0,0.0,0.0,0.02564102564102564,0.0,0.02564102564102564,0.02564102564102564,0.0,0.05128205128205128,0.02564102564102564,0.0,0.02564102564102564,0.0,0.0,0.02564102564102564,0.0,0.0,0.0,0.0,0.02564102564102564,0.05128205128205128,0.0,2.8987125495311927,3.0,0.9662375165103976,0.07692307692307693,obj170,fld1,0
0.125,0.175,0.1,0.05,0.275,0.025,0.1,0.15,8,0.275,4,0.0,0.02564102564102564,0.0,0.0,0.07692307692307693,0.0,0.0,0.02564102564102564,0.0,0.05128205128205128,0.02564102564102564,0.02564102564102564,0.05128205128205128,0.0,0.0,0.02564102564102564,0.0,0.02564102564102564,0.0,0.0,0.02564102564102564,0.0,0.0,0.05128205128205128,0.02564102564102564,0.0,0.02564102564102564,0.0,0.0,0.0,0.0,0.0,0.07692307692307693,0.05128205128205128,0.02564102564102564,0.02564102564102564,0.02564102564102564,0.0,0.05128205128205128,0.02564102564102564,0.0,0.02564102564102564,0.0,0.0,0.0,0.0,0.0,0.0,0.0,0.0,0.0,0.0,0.05128205128205128,0.0,0.02564102564102564,0.0,0.0,0.0,0.02564102564102564,0.0,0.05128205128205128,0.02564102564102564,0.02564102564102564,0.02564102564102564,0.0,0.02564102564102564,0.0,0.0,0.07692307692307693,0.0,0.0,0.02564102564102564,0.0,0.05128205128205128,0.02564102564102564,0.02564102564102564,0.05128205128205128,0.0,0.0,0.02564102564102564,0.0,0.02564102564102564,0.0,0.0,0.02564102564102564,0.0,0.0,0.05128205128205128,0.02564102564102564,0.0,0.02564102564102564,0.0,0.0,0.0,0.0,0.0,0.07692307692307693,0.05128205128205128,0.02564102564102564,0.02564102564102564,0.02564102564102564,0.0,0.05128205128205128,0.02564102564102564,0.0,0.02564102564102564,0.0,0.0,0.0,0.0,0.0,0.0,0.0,0.0,0.0,0.0,0.05128205128205128,0.0,0.02564102564102564,0.0,0.0,0.0,0.02564102564102564,0.0,0.05128205128205128,0.02564102564102564,0.02564102564102564,0.02564102564102564,2.7513119014329313,3.0,0.9171039671443104,0.1282051282051282,obj171,fld2,0
0.15,0.1,0.075,0.05,0.1,0.175,0.25,0.1,8,0.25,6,0.05128205128205128,0.0,0.02564102564102564,0.0,0.0,0.05128205128205128,0.02564102564102564,0.0,0.0,0.0,0.0,0.0,0.0,0.02564102564102564,0.05128205128205128,0.0,0.0,0.0,0.0,0.02564102564102564,0.02564102564102564,0.02564102564102564,0.0,0.0,0.02564102564102564,0.02564102564102564,0.0,0.0,0.0,0.0,0.0,0.0,0.0,0.05128205128205128,0.0,0.0,0.0,0.0,0.02564102564102564,0.02564102564102564,0.05128205128205128,0.0,0.05128205128205128,0.0,0.05128205128205128,0.0,0.02564102564102564,0.0,0.02564102564102564,0.02564102564102564,0.0,0.0,0.0,0.05128205128205128,0.07692307692307693,0.07692307692307693,0.0,0.0,0.0,0.02564102564102564,0.02564102564102564,0.0,0.05128205128205128,0.0,0.05128205128205128,0.0,0.02564102564102564,0.0,0.0,0.05128205128205128,0.02564102564102564,0.0,0.0,0.0,0.0,0.0,0.0,0.02564102564102564,0.05128205128205128,0.0,0.0,0.0,0.0,0.02564102564102564,0.02564102564102564,0.02564102564102564,0.0,0.0,0.02564102564102564,0.02564102564102564,0.0,0.0,0.0,0.0,0.0,0.0,0.0,0.05128205128205128,0.0,0.0,0.0,0.0,0.02564102564102564,0.02564102564102564,0.05128205128205128,0.0,0.05128205128205128,0.0,0.05128205128205128,0.0,0.02564102564102564,0.0,0.02564102564102564,0.02564102564102564,0.0,0.0,0.0,0.05128205128205128,0.07692307692307693,0.07692307692307693,0.0,0.0,0.0,0.02564102564102564,0.02564102564102564,0.0,0.05128205128205128,0.0,2.843542397143181,3.0,0.9478474657143936,0.1282051282051282,obj172,fld5,0
0.175,0.1,0.2,0.075,0.175,0.075,0.1,0.1,8,0.2,2,0.05128205128205128,0.0,0.02564102564102564,0.02564102564102564,0.02564102564102564,0.02564102564102564,0.02564102564102564,0.0,0.0,0.0,0.05128205128205128,0.0,0.05128205128205128,0.0,0.0,0.0,0.05128205128205128,0.02564102564102564,0.02564102564102564,0.02564102564102564,0.0,0.02564102564102564,0.02564102564102564,0.02564102564102564,0.02564102564102564,0.02564102564102564,0.0,0.0,0.02564102564102564,0.0,0.0,0.0,0.0,0.02564102564102564,0.02564102564102564,0.0,0.07692307692307693,0.0,0.02564102564102564,0.02564102564102564,0.02564102564102564,0.0,0.0,0.0,0.0,0.0,0.0,0.02564102564102564,0.02564102564102564,0.0,0.05128205128205128,0.02564102564102564,0.0,0.0,0.0,0.0,0.0,0.02564102564102564,0.02564102564102564,0.0,0.0,0.02564102564102564,0.0,0.02564102564102564,0.05128205128205128,0.0,0.02564102564102564,0.02564102564102564,0.02564102564102564,0.02564102564102564,0.02564102564102564,0.0,0.0,0.0,0.05128205128205128,0.0,0.05128205128205128,0.0,0.0,0.0,0.05128205128205128,0.02564102564102564,0.02564102564102564,0.02564102564102564,0.0,0.02564102564102564,0.02564102564102564,0.02564102564102564,0.02564102564102564,0.02564102564102564,0.0,0.0,0.02564102564102564,0.0,0.0,0.0,0.0,0.02564102564102564,0.02564102564102564,0.0,0.07692307692307693,0.0,0.02564102564102564,0.02564102564102564,0.02564102564102564,0.0,0.0,0.0,0.0,0.0,0.0,0.02564102564102564,0.02564102564102564,0.0,0.05128205128205128,0.02564102564102564,0.0,0.0,0.0,0.0,0.0,0.02564102564102564,0.02564102564102564,0.0,0.0,0.02564102564102564,0.0,0.02564102564102564,2.9016094970590274,3.0,0.9672031656863425,0.1794871794871795,obj173,fld5,0
0.35,0.125,0.075,0.1,0.1,0.05,0.075,0.125,8,0.35,0,0.07692307692307693,0.05128205128205128,0.05128205128205128,0.05128205128205128,0.02564102564102564,0.0,0.02564102564102564,0.05128205128205128,0.0,0.0,0.0,0.0,0.02564102564102564,0.02564102564102564,0.05128205128205128,0.02564102564102564,0.02564102564102564,0.0,0.0,0.0,0.0,0.02564102564102564,0.0,0.02564102564102564,0.05128205128205128,0.02564102564102564,0.02564102564102564,0.0,0.0,0.0,0.0,0.0,0.05128205128205128,0.0,0.0,0.02564102564102564,0.02564102564102564,0.0,0.0,0.0,0.02564102564102564,0.0,0.0,0.02564102564102564,0.0,0.0,0.0,0.0,0.02564102564102564,0.02564102564102564,0.0,0.0,0.02564102564102564,0.0,0.0,0.0,0.07692307692307693,0.02564102564102564,0.0,0.0,0.0,0.0,0.0,0.02564102564102564,0.07692307692307693,0.05128205128205128,0.05128205128205128,0.05128205128205128,0.02564102564102564,0.0,0.02564102564102564,0.05128205128205128,0.0,0.0,0.0,0.0,0.02564102564102564,0.02564102564102564,0.05128205128205128,0.02564102564102564,0.02564102564102564,0.0,0.0,0.0,0.0,0.02564102564102564,0.0,0.02564102564102564,0.05128205128205128,0.02564102564102564,0.02564102564102564,0.0,0.0,0.0,0.0,0.0,0.05128205128205128,0.0,0.0,0.02564102564102564,0.02564102564102564,0.0,0.0,0.0,0.02564102564102564,0.0,0.0,0.02564102564102564,0.0,0.0,0.0,0.0,0.02564102564102564,0.02564102564102564,0.0,0.0,0.02564102564102564,0.0,0.0,0.0,0.07692307692307693,0.02564102564102564,0.0,0.0,0.0,0.0,0.0,0.02564102564102564,2.721127473337187,3.0,0.9070424911123957,0.1282051282051282,obj174,fld1,0
0.15,0.05,0.225,0.1,0.075,0.15,0.15,0.1,8,0.225,2,0.02564102564102564,0.0,0.0,0.02564102564102564,0.0,0.02564102564102564,0.05128205128205128,0.02564102564102564,0.02564102564102564,0.0,0.02564102564102564,0.0,0.0,0.0,0.0,0.0,0.02564102564102564,0.02564102564102564,0.0,0.02564102564102564,0.02564102564102564,0.02564102564102564,0.05128205128205128,0.02564102564102564,0.02564102564102564,0.0,0.02564102564102564,0.0,0.02564102564102564,0.02564102564102564,0.0,0.0,0.0,0.0,0.05128205128205128,0.02564102564102564,0.0,0.0,0.0,0.0,0.02564102564102564,0.02564102564102564,0.02564102564102564,0.02564102564102564,0.02564102564102564,0.0,0.02564102564102564,0.0,0.0,0.0,0.05128205128205128,0.0,0.0,0.05128205128205128,0.02564102564102564,0.02564102564102564,0.02564102564102564,0.0,0.05128205128205128,0.0,0.0,0.02564102564102564,0.0,0.0,0.02564102564102564,0.0,0.0,0.02564102564102564,0.0,0.02564102564102564,0.05128205128205128,0.02564102564102564,0.02564102564102564,0.0,0.02564102564102564,0.0,0.0,0.0,0.0,0.0,0.02564102564102564,0.02564102564102564,0.0,0.02564102564102564,0.02564102564102564,0.02564102564102564,0.05128205128205128,0.02564102564102564,0.02564102564102564,0.0,0.02564102564102564,0.0,0.02564102564102564,0.02564102564102564,0.0,0.0,0.0,0.0,0.05128205128205128,0.02564102564102564,0.0,0.0,0.0,0.0,0.02564102564102564,0.02564102564102564,0.02564102564102564,0.02564102564102564,0.02564102564102564,0.0,0.02564102564102564,0.0,0.0,0.0,0.05128205128205128,0.0,0.0,0.05128205128205128,0.02564102564102564,0.02564102564102564,0.02564102564102564,0.0,0.05128205128205128,0.0,0.0,0.02564102564102564,0.0,0.0,2.8765896566842346,3.0,0.9588632188947449,0.05128205128205128,obj175,fld3,0
0.1,0.15,0.05,0.15,0.15,0.15,0.1,0.15,8,0.15,7,0.02564102564102564,0.0,0.0,0.02564102564102564,0.0,0.02564102564102564,0.02564102564102564,0.0,0.0,0.0,0.0,0.02564102564102564,0.02564102564102564,0.02564102564102564,0.02564102564102564,0.02564102564102564,0.02564102564102564,0.02564102564102564,0.0,0.0,0.0,0.0,0.0,0.0,0.02564102564102564,0.02564102564102564,0.0,0.0,0.05128205128205128,0.0,0.0,0.05128205128205128,0.0,0.02564102564102564,0.02564102564102564,0.02564102564102564,0.02564102564102564,0.02564102564102564,0.02564102564102564,0.0,0.02564102564102564,0.07692307692307693,0.0,0.02564102564102564,0.0,0.02564102564102564,0.0,0.0,0.0,0.0,0.02564102564102564,0.0,0.02564102564102564,0.02564102564102564,0.0,0.02564102564102564,0.0,0.0,0.0,0.05128205128205128,0.02564102564102564,0.02564102564102564,0.02564102564102564,0.02564102564102564,0.02564102564102564,0.0,0.0,0.02564102564102564,0.0,0.02564102564102564,0.02564102564102564,0.0,0.0,0.0,0.0,0.02564102564102564,0.02564102564102564,0.02564102564102564,0.02564102564102564,0.02564102564102564,0.02564102564102564,0.02564102564102564,0.0,0.0,0.0,0.0,0.0,0.0,0.02564102564102564,0.02564102564102564,0.0,0.0,0.05128205128205128,0.0,0.0,0.05128205128205128,0.0,0.02564102564102564,0.02564102564102564,0.02564102564102564,0.02564102564102564,0.02564102564102564,0.02564102564102564,0.0,0.02564102564102564,0.07692307692307693,0.0,0.02564102564102564,0.0,0.02564102564102564,0.0,0.0,0.0,0.0,0.02564102564102564,0.0,0.02564102564102564,0.02564102564102564,0.0,0.02564102564102564,0.0,0.0,0.0,0.05128205128205128,0.02564102564102564,0.02564102564102564,0.02564102564102564,0.02564102564102564,2.933206219346495,3.0,0.9777354064488316,0.10256410256410256,obj176,fld5,0
0.225,0.05,0.15,0.125,0.075,0.15,0.1,0.125,8,0.225,0,0.02564102564102564,0.02564102564102564,0.0,0.05128205128205128,0.05128205128205128,0.02564102564102564,0.02564102564102564,0.02564102564102564,0.0,0.0,0.02564102564102564,0.0,0.0,0.02564102564102564,0.0,0.0,0.02564102564102564,0.0,0.05128205128205128,0.02564102564102564,0.0,0.0,0.0,0.02564102564102564,0.07692307692307693,0.0,0.02564102564102564,0.0,0.0,0.0,0.0,0.02564102564102564,0.05128205128205128,0.0,0.0,0.0,0.0,0.02564102564102564,0.0,0.0,0.02564102564102564,0.02564102564102564,0.02564102564102564,0.0,0.0,0.0,0.05128205128205128,0.02564102564102564,0.02564102564102564,0.0,0.02564102564102564,0.02564102564102564,0.0,0.0,0.02564102564102564,0.0,0.0,0.0,0.0,0.02564102564102564,0.02564102564102564,0.05128205128205128,0.0,0.02564102564102564,0.02564102564102564,0.02564102564102564,0.0,0.05128205128205128,0.05128205128205128,0.02564102564102564,0.02564102564102564,0.02564102564102564,0.0,0.0,0.02564102564102564,0.0,0.0,0.02564102564102564,0.0,0.0,0.02564102564102564,0.0,0.05128205128205128,0.02564102564102564,0.0,0.0,0.0,0.02564102564102564,0.07692307692307693,0.0,0.02564102564102564,0.0,0.0,0.0,0.0,0.02564102564102564,0.05128205128205128,0.0,0.0,0.0,0.0,0.02564102564102564,0.0,0.0,0.02564102564102564,0.02564102564102564,0.02564102564102564,0.0,0.0,0.0,0.05128205128205128,0.02564102564102564,0.02564102564102564,0.0,0.02564102564102564,0.02564102564102564,0.0,0.0,0.02564102564102564,0.0,0.0,0.0,0.0,0.02564102564102564,0.02564102564102564,0.05128205128205128,0.0,0.02564102564102564,2.8838520080705674,3.0,0.9612840026901891,0.1282051282051282,obj177,fld1,0
0.1,0.125,0.2,0.075,0.075,0.175,0.125,0.125,8,0.2,2,0.0,0.02564102564102564,0.02564102564102564,0.02564102564102564,0.0,0.0,0.0,0.02564102564102564,0.05128205128205128,0.0,0.02564102564102564,0.0,0.02564102564102564,0.02564102564102564,0.0,0.0,0.02564102564102564,0.02564102564102564,0.05128205128205128,0.05128205128205128,0.0,0.02564102564102564,0.0,0.0,0.0,0.0,0.0,0.0,0.0,0.0,0.02564102564102564,0.05128205128205128,0.0,0.0,0.0,0.0,0.0,0.05128205128205128,0.0,0.02564102564102564,0.0,0.02564102564102564,0.07692307692307693,0.0,0.02564102564102564,0.02564102564102564,0.02564102564102564,0.0,0.02564102564102564,0.0,0.0,0.0,0.0,0.05128205128205128,0.02564102564102564,0.02564102564102564,0.0,0.02564102564102564,0.02564102564102564,0.0,0.02564102564102564,0.0,0.05128205128205128,0.0,0.0,0.02564102564102564,0.02564102564102564,0.02564102564102564,0.0,0.0,0.0,0.02564102564102564,0.05128205128205128,0.0,0.02564102564102564,0.0,0.02564102564102564,0.02564102564102564,0.0,0.0,0.02564102564102564,0.02564102564102564,0.05128205128205128,0.05128205128205128,0.0,0.02564102564102564,0.0,0.0,0.0,0.0,0.0,0.0,0.0,0.0,0.02564102564102564,0.05128205128205128,0.0,0.0,0.0,0.0,0.0,0.05128205128205128,0.0,0.02564102564102564,0.0,0.02564102564102564,0.07692307692307693,0.0,0.02564102564102564,0.02564102564102564,0.02564102564102564,0.0,0.02564102564102564,0.0,0.0,0.0,0.0,0.05128205128205128,0.02564102564102564,0.02564102564102564,0.0,0.02564102564102564,0.02564102564102564,0.0,0.02564102564102564,0.0,0.05128205128205128,0.0,2.922173572836347,3.0,0.9740578576121157,0.10256410256410256,obj178,fld5,0
0.2,0.075,0.025,0.125,0.1,0.1,0.15,0.225,8,0.225,7,0.02564102564102564,0.0,0.0,0.05128205128205128,0.02564102564102564,0.02564102564102564,0.02564102564102564,0.05128205128205128,0.02564102564102564,0.02564102564102564,0.0,0.0,0.0,0.0,0.0,0.02564102564102564,0.0,0.0,0.0,0.0,0.0,0.02564102564102564,0.0,0.0,0.05128205128205128,0.0,0.0,0.02564102564102564,0.02564102564102564,0.0,0.0,0.02564102564102564,0.02564102564102564,0.0,0.02564102564102564,0.02564102564102564,0.0,0.02564102564102564,0.0,0.0,0.0,0.02564102564102564,0.0,0.0,0.0,0.02564102564102564,0.02564102564102564,0.02564102564102564,0.02564102564102564,0.02564102564102564,0.0,0.0,0.02564102564102564,0.0,0.02564102564102564,0.02564102564102564,0.02564102564102564,0.0,0.0,0.02564102564102564,0.02564102564102564,0.0,0.07692307692307693,0.07692307692307693,0.02564102564102564,0.0,0.0,0.05128205128205128,0.02564102564102564,0.02564102564102564,0.02564102564102564,0.05128205128205128,0.02564102564102564,0.02564102564102564,0.0,0.0,0.0,0.0,0.0,0.02564102564102564,0.0,0.0,0.0,0.0,0.0,0.02564102564102564,0.0,0.0,0.05128205128205128,0.0,0.0,0.02564102564102564,0.02564102564102564,0.0,0.0,0.02564102564102564,0.02564102564102564,0.0,0.02564102564102564,0.02564102564102564,0.0,0.02564102564102564,0.0,0.0,0.0,0.02564102564102564,0.0,0.0,0.0,0.02564102564102564,0.02564102564102564,0.02564102564102564,0.02564102564102564,0.02564102564102564,0.0,0.0,0.02564102564102564,0.0,0.02564102564102564,0.02564102564102564,0.02564102564102564,0.0,0.0,0.02564102564102564,0.02564102564102564,0.0,0.07692307692307693,0.07692307692307693,2.8118373950396616,3.0,0.9372791316798872,0.20512820512820512,obj179,fld4,0
0.1,0.15,0.15,0.025,0.15,0.1,0.175,0.15,8,0.175,6,0.02564102564102564,0.0,0.0,0.0,0.05128205128205128,0.0,0.02564102564102564,0.0,0.0,0.02564102564102564,0.07692307692307693,0.0,0.0,0.0,0.02564102564102564,0.0,0.0,0.02564102564102564,0.0,0.02564102564102564,0.05128205128205128,0.02564102564102564,0.0,0.02564102564102564,0.0,0.0,0.0,0.0,0.02564102564102564,0.0,0.0,0.0,0.02564102564102564,0.02564102564102564,0.02564102564102564,0.0,0.0,0.0,0.05128205128205128,0.02564102564102564,0.02564102564102564,0.02564102564102564,0.0,0.0,0.02564102564102564,0.0,0.02564102564102564,0.0,0.0,0.05128205128205128,0.02564102564102564,0.0,0.0,0.02564102564102564,0.02564102564102564,0.05128205128205128,0.02564102564102564,0.0,0.0,0.0,0.0,0.05128205128205128,0.02564102564102564,0.05128205128205128,0.02564102564102564,0.0,0.0,0.0,0.05128205128205128,0.0,0.02564102564102564,0.0,0.0,0.02564102564102564,0.07692307692307693,0.0,0.0,0.0,0.02564102564102564,0.0,0.0,0.02564102564102564,0.0,0.02564102564102564,0.05128205128205128,0.02564102564102564,0.0,0.02564102564102564,0.0,0.0,0.0,0.0,0.02564102564102564,0.0,0.0,0.0,0.02564102564102564,0.02564102564102564,0.02564102564102564,0.0,0.0,0.0,0.05128205128205128,0.02564102564102564,0.02564102564102564,0.02564102564102564,0.0,0.0,0.02564102564102564,0.0,0.02564102564102564,0.0,0.0,0.05128205128205128,0.02564102564102564,0.0,0.0,0.02564102564102564,0.02564102564102564,0.05128205128205128,0.02564102564102564,0.0,0.0,0.0,0.0,0.05128205128205128,0.02564102564102564,0.05128205128205128,2.8796634830945878,3.0,0.9598878276981959,0.1282051282051282,obj180,fld4,1
0.1,0.15,0.05,0.225,0.125,0.1,0.125,0.125,8,0.225,3,0.0,0.02564102564102564,0.0,0.0,0.0,0.0,0.02564102564102564,0.02564102564102564,0.02564102564102564,0.0,0.0,0.02564102564102564,0.05128205128205128,0.05128205128205128,0.0,0.0,0.0,0.02564102564102564,0.0,0.0,0.0,0.0,0.0,0.02564102564102564,0.0,0.02564102564102564,0.02564102564102564,0.07692307692307693,0.02564102564102564,0.02564102564102564,0.0,0.05128205128205128,0.02564102564102564,0.0,0.0,0.05128205128205128,0.02564102564102564,0.0,0.0,0.02564102564102564,0.0,0.02564102564102564,0.0,0.02564102564102564,0.0,0.0,0.05128205128205128,0.0,0.0,0.05128205128205128,0.02564102564102564,0.0,0.02564102564102564,0.02564102564102564,0.0,0.0,0.05128205128205128,0.0,0.0,0.02564102564102564,0.0,0.0,0.05128205128205128,0.0,0.0,0.02564102564102564,0.0,0.0,0.0,0.0,0.02564102564102564,0.02564102564102564,0.02564102564102564,0.0,0.0,0.02564102564102564,0.05128205128205128,0.05128205128205128,0.0,0.0,0.0,0.02564102564102564,0.0,0.0,0.0,0.0,0.0,0.02564102564102564,0.0,0.02564102564102564,0.02564102564102564,0.07692307692307693,0.02564102564102564,0.02564102564102564,0.0,0.05128205128205128,0.02564102564102564,0.0,0.0,0.05128205128205128,0.02564102564102564,0.0,0.0,0.02564102564102564,0.0,0.02564102564102564,0.0,0.02564102564102564,0.0,0.0,0.05128205128205128,0.0,0.0,0.05128205128205128,0.02564102564102564,0.0,0.02564102564102564,0.02564102564102564,0.0,0.0,0.05128205128205128,0.0,0.0,0.02564102564102564,0.0,0.0,0.05128205128205128,0.0,2.9002275588719075,3.0,0.9667425196239692,0.10256410256410256,obj181,fld5,0
0.05,0.1,0.2,0.15,0.2,0.125,0.075,0.1,8,0.2,4,0.0,0.0,0.0,0.0,0.02564102564102564,0.02564102564102564,0.0,0.0,0.0,0.02564102564102564,0.0,0.05128205128205128,0.02564102564102564,0.0,0.0,0.0,0.02564102564102564,0.0,0.05128205128205128,0.02564102564102564,0.07692307692307693,0.0,0.0,0.02564102564102564,0.0,0.02564102564102564,0.05128205128205128,0.05128205128205128,0.0,0.0,0.0,0.02564102564102564,0.0,0.0,0.05128205128205128,0.0,0.02564102564102564,0.05128205128205128,0.02564102564102564,0.02564102564102564,0.02564102564102564,0.02564102564102564,0.0,0.0,0.02564102564102564,0.0,0.02564102564102564,0.02564102564102564,0.0,0.02564102564102564,0.02564102564102564,0.0,0.0,0.0,0.02564102564102564,0.0,0.0,0.0,0.02564102564102564,0.02564102564102564,0.0,0.05128205128205128,0.0,0.0,0.0,0.0,0.0,0.0,0.02564102564102564,0.02564102564102564,0.0,0.0,0.0,0.02564102564102564,0.0,0.05128205128205128,0.02564102564102564,0.0,0.0,0.0,0.02564102564102564,0.0,0.05128205128205128,0.02564102564102564,0.07692307692307693,0.0,0.0,0.02564102564102564,0.0,0.02564102564102564,0.05128205128205128,0.05128205128205128,0.0,0.0,0.0,0.02564102564102564,0.0,0.0,0.05128205128205128,0.0,0.02564102564102564,0.05128205128205128,0.02564102564102564,0.02564102564102564,0.02564102564102564,0.02564102564102564,0.0,0.0,0.02564102564102564,0.0,0.02564102564102564,0.02564102564102564,0.0,0.02564102564102564,0.02564102564102564,0.0,0.0,0.0,0.02564102564102564,0.0,0.0,0.0,0.02564102564102564,0.02564102564102564,0.0,0.05128205128205128,0.0,0.0,2.875070520364182,3.0,0.958356840121394,0.1794871794871795,obj182,fld5,1
0.0,0.1,0.125,0.1,0.125,0.05,0.225,0.275,7,0.275,7,0.0,0.0,0.0,0.0,0.0,0.0,0.0,0.0,0.0,0.0,0.0,0.02564102564102564,0.05128205128205128,0.0,0.0,0.02564102564102564,0.0,0.0,0.02564102564102564,0.02564102564102564,0.0,0.0,0.02564102564102564,0.05128205128205128,0.0,0.0,0.0,0.0,0.02564102564102564,0.0,0.02564102564102564,0.02564102564102564,0.0,0.02564102564102564,0.0,0.0,0.0,0.0,0.07692307692307693,0.02564102564102564,0.0,0.0,0.02564102564102564,0.0,0.0,0.0,0.0,0.02564102564102564,0.0,0.05128205128205128,0.05128205128205128,0.02564102564102564,0.0,0.02564102564102564,0.02564102564102564,0.05128205128205128,0.0,0.02564102564102564,0.02564102564102564,0.02564102564102564,0.02564102564102564,0.02564102564102564,0.07692307692307693,0.07692307692307693,0.0,0.0,0.0,0.0,0.0,0.0,0.0,0.0,0.0,0.0,0.0,0.02564102564102564,0.05128205128205128,0.0,0.0,0.02564102564102564,0.0,0.0,0.02564102564102564,0.02564102564102564,0.0,0.0,0.02564102564102564,0.05128205128205128,0.0,0.0,0.0,0.0,0.02564102564102564,0.0,0.02564102564102564,0.02564102564102564,0.0,0.02564102564102564,0.0,0.0,0.0,0.0,0.07692307692307693,0.02564102564102564,0.0,0.0,0.02564102564102564,0.0,0.0,0.0,0.0,0.02564102564102564,0.0,0.05128205128205128,0.05128205128205128,0.02564102564102564,0.0,0.02564102564102564,0.02564102564102564,0.05128205128205128,0.0,0.02564102564102564,0.02564102564102564,0.02564102564102564,0.02564102564102564,0.02564102564102564,0.07692307692307693,0.07692307692307693,2.6268692507157447,2.807354922057604,0.8756230835719149,0.1282051282051282,obj183,fld1,0
0.125,0.175,0.15,0.1,0.15,0.1,0.15,0.05,8,0.175,1,0.0,0.02564102564102564,0.0,0.0,0.02564102564102564,0.05128205128205128,0.02564102564102564,0.0,0.0,0.0,0.05128205128205128,0.02564102564102564,0.05128205128205128,0.0,0.02564102564102564,0.02564102564102564,0.02564102564102564,0.05128205128205128,0.02564102564102564,0.0,0.02564102564102564,0.02564102564102564,0.0,0.0,0.02564102564102564,0.0,0.0,0.02564102564102564,0.02564102564102564,0.0,0.02564102564102564,0.0,0.02564102564102564,0.07692307692307693,0.0,0.0,0.0,0.0,0.02564102564102564,0.0,0.0,0.02564102564102564,0.02564102564102564,0.0,0.02564102564102564,0.0,0.0,0.02564102564102564,0.02564102564102564,0.0,0.02564102564102564,0.05128205128205128,0.0,0.02564102564102564,0.02564102564102564,0.0,0.0,0.0,0.02564102564102564,0.0,0.0,0.0,0.02564102564102564,0.0,0.0,0.02564102564102564,0.0,0.0,0.02564102564102564,0.05128205128205128,0.02564102564102564,0.0,0.0,0.0,0.05128205128205128,0.02564102564102564,0.05128205128205128,0.0,0.02564102564102564,0.02564102564102564,0.02564102564102564,0.05128205128205128,0.02564102564102564,0.0,0.02564102564102564,0.02564102564102564,0.0,0.0,0.02564102564102564,0.0,0.0,0.02564102564102564,0.02564102564102564,0.0,0.02564102564102564,0.0,0.02564102564102564,0.07692307692307693,0.0,0.0,0.0,0.0,0.02564102564102564,0.0,0.0,0.02564102564102564,0.02564102564102564,0.0,0.02564102564102564,0.0,0.0,0.02564102564102564,0.02564102564102564,0.0,0.02564102564102564,0.05128205128205128,0.0,0.02564102564102564,0.02564102564102564,0.0,0.0,0.0,0.02564102564102564,0.0,0.0,0.0,0.02564102564102564,0.0,2.9271668463418408,3.0,0.975722282113947,0.07692307692307693,obj184,fld3,1
0.175,0.175,0.075,0.15,0.15,0.1,0.1,0.075,8,0.175,1,0.02564102564102564,0.05128205128205128,0.0,0.0,0.0,0.02564102564102564,0.02564102564102564,0.05128205128205128,0.02564102564102564,0.02564102564102564,0.02564102564102564,0.02564102564102564,0.02564102564102564,0.02564102564102564,0.02564102564102564,0.0,0.0,0.02564102564102564,0.0,0.02564102564102564,0.0,0.02564102564102564,0.0,0.0,0.05128205128205128,0.02564102564102564,0.0,0.0,0.0,0.0,0.02564102564102564,0.02564102564102564,0.02564102564102564,0.0,0.02564102564102564,0.02564102564102564,0.07692307692307693,0.0,0.0,0.0,0.0,0.02564102564102564,0.0,0.05128205128205128,0.0,0.0,0.02564102564102564,0.0,0.05128205128205128,0.02564102564102564,0.0,0.0,0.02564102564102564,0.0,0.0,0.0,0.0,0.0,0.0,0.02564102564102564,0.02564102564102564,0.02564102564102564,0.0,0.0,0.02564102564102564,0.05128205128205128,0.0,0.0,0.0,0.02564102564102564,0.02564102564102564,0.05128205128205128,0.02564102564102564,0.02564102564102564,0.02564102564102564,0.02564102564102564,0.02564102564102564,0.02564102564102564,0.02564102564102564,0.0,0.0,0.02564102564102564,0.0,0.02564102564102564,0.0,0.02564102564102564,0.0,0.0,0.05128205128205128,0.02564102564102564,0.0,0.0,0.0,0.0,0.02564102564102564,0.02564102564102564,0.02564102564102564,0.0,0.02564102564102564,0.02564102564102564,0.07692307692307693,0.0,0.0,0.0,0.0,0.02564102564102564,0.0,0.05128205128205128,0.0,0.0,0.02564102564102564,0.0,0.05128205128205128,0.02564102564102564,0.0,0.0,0.02564102564102564,0.0,0.0,0.0,0.0,0.0,0.0,0.02564102564102564,0.02564102564102564,0.02564102564102564,0.0,0.0,2.92612074684268,3.0,0.9753735822808934,0.1282051282051282,obj185,fld1,1
0.275,0.1,0.025,0.275,0.075,0.075,0.125,0.05,8,0.275,3,0.05128205128205128,0.02564102564102564,0.0,0.05128205128205128,0.05128205128205128,0.05128205128205128,0.02564102564102564,0.02564102564102564,0.02564102564102564,0.0,0.02564102564102564,0.05128205128205128,0.0,0.0,0.0,0.0,0.0,0.0,0.0,0.02564102564102564,0.0,0.0,0.0,0.0,0.07692307692307693,0.0,0.0,0.05128205128205128,0.02564102564102564,0.0,0.07692307692307693,0.02564102564102564,0.05128205128205128,0.0,0.0,0.02564102564102564,0.0,0.0,0.0,0.0,0.0,0.02564102564102564,0.0,0.02564102564102564,0.0,0.0,0.02564102564102564,0.0,0.07692307692307693,0.02564102564102564,0.0,0.02564102564102564,0.0,0.0,0.0,0.0,0.0,0.02564102564102564,0.0,0.0,0.0,0.02564102564102564,0.0,0.0,0.05128205128205128,0.02564102564102564,0.0,0.05128205128205128,0.05128205128205128,0.05128205128205128,0.02564102564102564,0.02564102564102564,0.02564102564102564,0.0,0.02564102564102564,0.05128205128205128,0.0,0.0,0.0,0.0,0.0,0.0,0.0,0.02564102564102564,0.0,0.0,0.0,0.0,0.07692307692307693,0.0,0.0,0.05128205128205128,0.02564102564102564,0.0,0.07692307692307693,0.02564102564102564,0.05128205128205128,0.0,0.0,0.02564102564102564,0.0,0.0,0.0,0.0,0.0,0.02564102564102564,0.0,0.02564102564102564,0.0,0.0,0.02564102564102564,0.0,0.07692307692307693,0.02564102564102564,0.0,0.02564102564102564,0.0,0.0,0.0,0.0,0.0,0.02564102564102564,0.0,0.0,0.0,0.02564102564102564,0.0,0.0,2.641255317667755,3.0,0.880418439222585,0.10256410256410256,obj186,fld1,1
0.125,0.125,0.05,0.1,0.175,0.225,0.175,0.025,8,0.225,5,0.02564102564102564,0.0,0.02564102564102564,0.0,0.02564102564102564,0.02564102564102564,0.0,0.0,0.02564102564102564,0.02564102564102564,0.0,0.0,0.0,0.05128205128205128,0.02564102564102564,0.0,0.0,0.0,0.0,0.0,0.0,0.02564102564102564,0.02564102564102564,0.0,0.0,0.02564102564102564,0.0,0.0,0.0,0.0,0.05128205128205128,0.02564102564102564,0.0,0.02564102564102564,0.0,0.0,0.05128205128205128,0.07692307692307693,0.02564102564102564,0.0,0.02564102564102564,0.0,0.0,0.07692307692307693,0.05128205128205128,0.02564102564102564,0.05128205128205128,0.0,0.05128205128205128,0.05128205128205128,0.02564102564102564,0.02564102564102564,0.02564102564102564,0.0,0.0,0.0,0.0,0.0,0.0,0.0,0.0,0.02564102564102564,0.0,0.0,0.02564102564102564,0.0,0.02564102564102564,0.0,0.02564102564102564,0.02564102564102564,0.0,0.0,0.02564102564102564,0.02564102564102564,0.0,0.0,0.0,0.05128205128205128,0.02564102564102564,0.0,0.0,0.0,0.0,0.0,0.0,0.02564102564102564,0.02564102564102564,0.0,0.0,0.02564102564102564,0.0,0.0,0.0,0.0,0.05128205128205128,0.02564102564102564,0.0,0.02564102564102564,0.0,0.0,0.05128205128205128,0.07692307692307693,0.02564102564102564,0.0,0.02564102564102564,0.0,0.0,0.07692307692307693,0.05128205128205128,0.02564102564102564,0.05128205128205128,0.0,0.05128205128205128,0.05128205128205128,0.02564102564102564,0.02564102564102564,0.02564102564102564,0.0,0.0,0.0,0.0,0.0,0.0,0.0,0.0,0.02564102564102564,0.0,0.0,2.79563872312084,3.0,0.9318795743736134,0.1282051282051282,obj187,fld5,0
0.075,0.075,0.175,0.2,0.1,0.1,0.15,0.125,8,0.2,3,0.0,0.02564102564102564,0.0,0.05128205128205128,0.0,0.0,0.0,0.0,0.02564102564102564,0.0,0.02564102564102564,0.02564102564102564,0.0,0.0,0.0,0.0,0.02564102564102564,0.0,0.05128205128205128,0.02564102564102564,0.02564102564102564,0.0,0.0,0.02564102564102564,0.02564102564102564,0.0,0.0,0.02564102564102564,0.0,0.05128205128205128,0.05128205128205128,0.05128205128205128,0.0,0.0,0.02564102564102564,0.05128205128205128,0.0,0.02564102564102564,0.0,0.0,0.0,0.0,0.02564102564102564,0.02564102564102564,0.02564102564102564,0.0,0.0,0.02564102564102564,0.0,0.02564102564102564,0.02564102564102564,0.0,0.05128205128205128,0.0,0.02564102564102564,0.02564102564102564,0.0,0.0,0.02564102564102564,0.0,0.0,0.02564102564102564,0.07692307692307693,0.0,0.0,0.02564102564102564,0.0,0.05128205128205128,0.0,0.0,0.0,0.0,0.02564102564102564,0.0,0.02564102564102564,0.02564102564102564,0.0,0.0,0.0,0.0,0.02564102564102564,0.0,0.05128205128205128,0.02564102564102564,0.02564102564102564,0.0,0.0,0.02564102564102564,0.02564102564102564,0.0,0.0,0.02564102564102564,0.0,0.05128205128205128,0.05128205128205128,0.05128205128205128,0.0,0.0,0.02564102564102564,0.05128205128205128,0.0,0.02564102564102564,0.0,0.0,0.0,0.0,0.02564102564102564,0.02564102564102564,0.02564102564102564,0.0,0.0,0.02564102564102564,0.0,0.02564102564102564,0.02564102564102564,0.0,0.05128205128205128,0.0,0.02564102564102564,0.02564102564102564,0.0,0.0,0.02564102564102564,0.0,0.0,0.02564102564102564,0.07692307692307693,0.0,2.9149112214500144,3.0,0.9716370738166714,0.10256410256410256,obj188,fld4,1
0.175,0.05,0.175,0.15,0.15,0.05,0.1,0.15,8,0.175,0,0.02564102564102564,0.0,0.05128205128205128,0.0,0.05128205128205128,0.02564102564102564,0.02564102564102564,0.0,0.0,0.0,0.0,0.0,0.02564102564102564,0.0,0.0,0.02564102564102564,0.02564102564102564,0.02564102564102564,0.0,0.02564102564102564,0.02564102564102564,0.0,0.02564102564102564,0.05128205128205128,0.10256410256410256,0.0,0.0,0.0,0.0,0.0,0.02564102564102564,0.0,0.0,0.0,0.07692307692307693,0.05128205128205128,0.0,0.02564102564102564,0.0,0.0,0.0,0.0,0.0,0.0,0.0,0.0,0.0,0.05128205128205128,0.0,0.0,0.0,0.0,0.05128205128205128,0.0,0.02564102564102564,0.02564102564102564,0.02564102564102564,0.02564102564102564,0.05128205128205128,0.05128205128205128,0.0,0.0,0.0,0.0,0.02564102564102564,0.0,0.05128205128205128,0.0,0.05128205128205128,0.02564102564102564,0.02564102564102564,0.0,0.0,0.0,0.0,0.0,0.02564102564102564,0.0,0.0,0.02564102564102564,0.02564102564102564,0.02564102564102564,0.0,0.02564102564102564,0.02564102564102564,0.0,0.02564102564102564,0.05128205128205128,0.10256410256410256,0.0,0.0,0.0,0.0,0.0,0.02564102564102564,0.0,0.0,0.0,0.07692307692307693,0.05128205128205128,0.0,0.02564102564102564,0.0,0.0,0.0,0.0,0.0,0.0,0.0,0.0,0.0,0.05128205128205128,0.0,0.0,0.0,0.0,0.05128205128205128,0.0,0.02564102564102564,0.02564102564102564,0.02564102564102564,0.02564102564102564,0.05128205128205128,0.05128205128205128,0.0,0.0,0.0,0.0,2.8761207468426804,3.0,0.9587069156142268,0.05128205128205128,obj189,fld3,0
0.125,0.15,0.075,0.075,0.075,0.125,0.275,0.1,8,0.275,6,0.05128205128205128,0.0,0.0,0.02564102564102564,0.0,0.05128205128205128,0.0,0.0,0.0,0.02564102564102564,0.0,0.02564102564102564,0.0,0.0,0.07692307692307693,0.02564102564102564,0.0,0.02564102564102564,0.0,0.0,0.02564102564102564,0.02564102564102564,0.0,0.0,0.0,0.05128205128205128,0.0,0.0,0.0,0.0,0.02564102564102564,0.0,0.0,0.0,0.02564102564102564,0.0,0.02564102564102564,0.0,0.02564102564102564,0.0,0.02564102564102564,0.0,0.0,0.02564102564102564,0.0,0.0,0.05128205128205128,0.0,0.05128205128205128,0.02564102564102564,0.05128205128205128,0.0,0.02564102564102564,0.02564102564102564,0.07692307692307693,0.02564102564102564,0.0,0.02564102564102564,0.0,0.0,0.0,0.02564102564102564,0.0,0.05128205128205128,0.05128205128205128,0.0,0.0,0.02564102564102564,0.0,0.05128205128205128,0.0,0.0,0.0,0.02564102564102564,0.0,0.02564102564102564,0.0,0.0,0.07692307692307693,0.02564102564102564,0.0,0.02564102564102564,0.0,0.0,0.02564102564102564,0.02564102564102564,0.0,0.0,0.0,0.05128205128205128,0.0,0.0,0.0,0.0,0.02564102564102564,0.0,0.0,0.0,0.02564102564102564,0.0,0.02564102564102564,0.0,0.02564102564102564,0.0,0.02564102564102564,0.0,0.0,0.02564102564102564,0.0,0.0,0.05128205128205128,0.0,0.05128205128205128,0.02564102564102564,0.05128205128205128,0.0,0.02564102564102564,0.02564102564102564,0.07692307692307693,0.02564102564102564,0.0,0.02564102564102564,0.0,0.0,0.0,0.02564102564102564,0.0,0.05128205128205128,2.8457414382698314,3.0,0.9485804794232772,0.23076923076923078,obj190,fld4,1
0.15,0.15,0.175,0.075,0.125,0.1,0.075,0.15,8,0.175,2,0.05128205128205128,0.02564102564102564,0.02564102564102564,0.0,0.0,0.02564102564102564,0.0,0.02564102564102564,0.02564102564102564,0.0,0.05128205128205128,0.0,0.05128205128205128,0.0,0.02564102564102564,0.0,0.0,0.02564102564102564,0.0,0.05128205128205128,0.02564102564102564,0.0,0.05128205128205128,0.0,0.0,0.0,0.02564102564102564,0.0,0.02564102564102564,0.02564102564102564,0.0,0.0,0.0,0.02564102564102564,0.0,0.0,0.02564102564102564,0.0,0.0,0.07692307692307693,0.0,0.0,0.05128205128205128,0.0,0.0,0.02564102564102564,0.0,0.02564102564102564,0.02564102564102564,0.02564102564102564,0.0,0.02564102564102564,0.0,0.0,0.0,0.0,0.05128205128205128,0.05128205128205128,0.02564102564102564,0.0,0.0,0.0,0.0,0.02564102564102564,0.05128205128205128,0.02564102564102564,0.02564102564102564,0.0,0.0,0.02564102564102564,0.0,0.02564102564102564,0.02564102564102564,0.0,0.05128205128205128,0.0,0.05128205128205128,0.0,0.02564102564102564,0.0,0.0,0.02564102564102564,0.0,0.05128205128205128,0.02564102564102564,0.0,0.05128205128205128,0.0,0.0,0.0,0.02564102564102564,0.0,0.02564102564102564,0.02564102564102564,0.0,0.0,0.0,0.02564102564102564,0.0,0.0,0.02564102564102564,0.0,0.0,0.07692307692307693,0.0,0.0,0.05128205128205128,0.0,0.0,0.02564102564102564,0.0,0.02564102564102564,0.02564102564102564,0.02564102564102564,0.0,0.02564102564102564,0.0,0.0,0.0,0.0,0.05128205128205128,0.05128205128205128,0.02564102564102564,0.0,0.0,0.0,0.0,0.02564102564102564,2.9394224712336676,3.0,0.9798074904112225,0.1282051282051282,obj191,fld1,1
0.05,0.15,0.1,0.1,0.2,0.075,0.15,0.175,8,0.2,4,0.0,0.02564102564102564,0.0,0.0,0.0,0.0,0.02564102564102564,0.0,0.0,0.0,0.02564102564102564,0.02564102564102564,0.0,0.02564102564102564,0.02564102564102564,0.05128205128205128,0.0,0.0,0.02564102564102564,0.0,0.02564102564102564,0.0,0.02564102564102564,0.0,0.02564102564102564,0.0,0.0,0.0,0.02564102564102564,0.02564102564102564,0.0,0.02564102564102564,0.02564102564102564,0.07692307692307693,0.02564102564102564,0.02564102564102564,0.0,0.0,0.02564102564102564,0.02564102564102564,0.0,0.0,0.0,0.0,0.05128205128205128,0.0,0.02564102564102564,0.0,0.0,0.02564102564102564,0.0,0.02564102564102564,0.05128205128205128,0.0,0.02564102564102564,0.02564102564102564,0.0,0.02564102564102564,0.02564102564102564,0.02564102564102564,0.02564102564102564,0.02564102564102564,0.0,0.05128205128205128,0.0,0.02564102564102564,0.0,0.0,0.0,0.0,0.02564102564102564,0.0,0.0,0.0,0.02564102564102564,0.02564102564102564,0.0,0.02564102564102564,0.02564102564102564,0.05128205128205128,0.0,0.0,0.02564102564102564,0.0,0.02564102564102564,0.0,0.02564102564102564,0.0,0.02564102564102564,0.0,0.0,0.0,0.02564102564102564,0.02564102564102564,0.0,0.02564102564102564,0.02564102564102564,0.07692307692307693,0.02564102564102564,0.02564102564102564,0.0,0.0,0.02564102564102564,0.02564102564102564,0.0,0.0,0.0,0.0,0.05128205128205128,0.0,0.02564102564102564,0.0,0.0,0.02564102564102564,0.0,0.02564102564102564,0.05128205128205128,0.0,0.02564102564102564,0.02564102564102564,0.0,0.02564102564102564,0.02564102564102564,0.02564102564102564,0.02564102564102564,0.02564102564102564,0.0,0.05128205128205128,2.886280045756848,3.0,0.9620933485856159,0.10256410256410256,obj192,fld5,1
0.075,0.125,0.175,0.15,0.075,0.275,0.075,0.05,8,0.275,5,0.0,0.05128205128205128,0.02564102564102564,0.0,0.0,0.0,0.0,0.0,0.0,0.0,0.0,0.02564102564102564,0.0,0.07692307692307693,0.02564102564102564,0.0,0.0,0.0,0.02564102564102564,0.05128205128205128,0.0,0.07692307692307693,0.0,0.0,0.0,0.02564102564102564,0.0,0.0,0.02564102564102564,0.02564102564102564,0.02564102564102564,0.05128205128205128,0.0,0.0,0.05128205128205128,0.0,0.0,0.02564102564102564,0.0,0.0,0.02564102564102564,0.05128205128205128,0.05128205128205128,0.07692307692307693,0.05128205128205128,0.0,0.02564102564102564,0.0,0.05128205128205128,0.0,0.0,0.0,0.0,0.02564102564102564,0.0,0.0,0.0,0.0,0.02564102564102564,0.0,0.0,0.02564102564102564,0.0,0.0,0.0,0.05128205128205128,0.02564102564102564,0.0,0.0,0.0,0.0,0.0,0.0,0.0,0.0,0.02564102564102564,0.0,0.07692307692307693,0.02564102564102564,0.0,0.0,0.0,0.02564102564102564,0.05128205128205128,0.0,0.07692307692307693,0.0,0.0,0.0,0.02564102564102564,0.0,0.0,0.02564102564102564,0.02564102564102564,0.02564102564102564,0.05128205128205128,0.0,0.0,0.05128205128205128,0.0,0.0,0.02564102564102564,0.0,0.0,0.02564102564102564,0.05128205128205128,0.05128205128205128,0.07692307692307693,0.05128205128205128,0.0,0.02564102564102564,0.0,0.05128205128205128,0.0,0.0,0.0,0.0,0.02564102564102564,0.0,0.0,0.0,0.0,0.02564102564102564,0.0,0.0,0.02564102564102564,0.0,0.0,2.794695338770671,3.0,0.931565112923557,0.02564102564102564,obj193,fld3,0
0.05,0.0,0.2,0.2,0.075,0.15,0.225,0.1,7,0.225,6,0.0,0.0,0.05128205128205128,0.0,0.0,0.0,0.0,0.0,0.0,0.0,0.0,0.0,0.0,0.0,0.0,0.0,0.0,0.0,0.02564102564102564,0.02564102564102564,0.02564102564102564,0.05128205128205128,0.05128205128205128,0.02564102564102564,0.0,0.0,0.0,0.05128205128205128,0.02564102564102564,0.02564102564102564,0.07692307692307693,0.02564102564102564,0.0,0.0,0.0,0.0,0.0,0.02564102564102564,0.02564102564102564,0.02564102564102564,0.02564102564102564,0.0,0.07692307692307693,0.0,0.0,0.05128205128205128,0.0,0.0,0.02564102564102564,0.0,0.02564102564102564,0.07692307692307693,0.02564102564102564,0.0,0.05128205128205128,0.02564102564102564,0.0,0.0,0.02564102564102564,0.02564102564102564,0.0,0.0,0.02564102564102564,0.0,0.0,0.0,0.05128205128205128,0.0,0.0,0.0,0.0,0.0,0.0,0.0,0.0,0.0,0.0,0.0,0.0,0.0,0.0,0.0,0.02564102564102564,0.02564102564102564,0.02564102564102564,0.05128205128205128,0.05128205128205128,0.02564102564102564,0.0,0.0,0.0,0.05128205128205128,0.02564102564102564,0.02564102564102564,0.07692307692307693,0.02564102564102564,0.0,0.0,0.0,0.0,0.0,0.02564102564102564,0.02564102564102564,0.02564102564102564,0.02564102564102564,0.0,0.07692307692307693,0.0,0.0,0.05128205128205128,0.0,0.0,0.02564102564102564,0.0,0.02564102564102564,0.07692307692307693,0.02564102564102564,0.0,0.05128205128205128,0.02564102564102564,0.0,0.0,0.02564102564102564,0.02564102564102564,0.0,0.0,0.02564102564102564,0.0,2.6520784069005816,2.807354922057604,0.8840261356335272,0.1794871794871795,obj194,fld2,1
0.05,0.15,0.1,0.225,0.075,0.175,0.075,0.15,8,0.225,3,0.0,0.0,0.02564102564102564,0.02564102564102564,0.0,0.0,0.0,0.0,0.02564102564102564,0.02564102564102564,0.02564102564102564,0.0,0.02564102564102564,0.02564102564102564,0.0,0.02564102564102564,0.0,0.0,0.0,0.02564102564102564,0.0,0.05128205128205128,0.02564102564102564,0.0,0.0,0.07692307692307693,0.0,0.05128205128205128,0.02564102564102564,0.02564102564102564,0.02564102564102564,0.02564102564102564,0.0,0.05128205128205128,0.0,0.02564102564102564,0.0,0.0,0.0,0.0,0.0,0.0,0.02564102564102564,0.02564102564102564,0.0,0.0,0.02564102564102564,0.07692307692307693,0.0,0.0,0.02564102564102564,0.02564102564102564,0.0,0.0,0.0,0.02564102564102564,0.0,0.0,0.0,0.05128205128205128,0.02564102564102564,0.07692307692307693,0.0,0.0,0.0,0.0,0.02564102564102564,0.02564102564102564,0.0,0.0,0.0,0.0,0.02564102564102564,0.02564102564102564,0.02564102564102564,0.0,0.02564102564102564,0.02564102564102564,0.0,0.02564102564102564,0.0,0.0,0.0,0.02564102564102564,0.0,0.05128205128205128,0.02564102564102564,0.0,0.0,0.07692307692307693,0.0,0.05128205128205128,0.02564102564102564,0.02564102564102564,0.02564102564102564,0.02564102564102564,0.0,0.05128205128205128,0.0,0.02564102564102564,0.0,0.0,0.0,0.0,0.0,0.0,0.02564102564102564,0.02564102564102564,0.0,0.0,0.02564102564102564,0.07692307692307693,0.0,0.0,0.02564102564102564,0.02564102564102564,0.0,0.0,0.0,0.02564102564102564,0.0,0.0,0.0,0.05128205128205128,0.02564102564102564,0.07692307692307693,0.0,0.0,2.8541747328782408,3.0,0.9513915776260803,0.07692307692307693,obj195,fld3,0
0.05,0.075,0.1,0.125,0.2,0.15,0.15,0.15,8,0.2,4,0.0,0.0,0.0,0.02564102564102564,0.0,0.02564102564102564,0.0,0.0,0.0,0.02564102564102564,0.0,0.0,0.0,0.0,0.0,0.02564102564102564,0.0,0.0,0.02564102564102564,0.02564102564102564,0.02564102564102564,0.0,0.0,0.02564102564102564,0.0,0.0,0.0,0.0,0.07692307692307693,0.0,0.05128205128205128,0.0,0.0,0.0,0.02564102564102564,0.0,0.05128205128205128,0.07692307692307693,0.0,0.05128205128205128,0.02564102564102564,0.02564102564102564,0.0,0.05128205128205128,0.0,0.0,0.02564102564102564,0.02564102564102564,0.0,0.02564102564102564,0.02564102564102564,0.02564102564102564,0.02564102564102564,0.05128205128205128,0.0,0.0,0.02564102564102564,0.0,0.02564102564102564,0.0,0.0,0.0,0.07692307692307693,0.02564102564102564,0.0,0.0,0.0,0.02564102564102564,0.0,0.02564102564102564,0.0,0.0,0.0,0.02564102564102564,0.0,0.0,0.0,0.0,0.0,0.02564102564102564,0.0,0.0,0.02564102564102564,0.02564102564102564,0.02564102564102564,0.0,0.0,0.02564102564102564,0.0,0.0,0.0,0.0,0.07692307692307693,0.0,0.05128205128205128,0.0,0.0,0.0,0.02564102564102564,0.0,0.05128205128205128,0.07692307692307693,0.0,0.05128205128205128,0.02564102564102564,0.02564102564102564,0.0,0.05128205128205128,0.0,0.0,0.02564102564102564,0.02564102564102564,0.0,0.02564102564102564,0.02564102564102564,0.02564102564102564,0.02564102564102564,0.05128205128205128,0.0,0.0,0.02564102564102564,0.0,0.02564102564102564,0.0,0.0,0.0,0.07692307692307693,0.02564102564102564,2.899581770147835,3.0,0.966527256715945,0.1282051282051282,obj196,fld3,1
0.075,0.175,0.125,0.075,0.1,0.175,0.175,0.1,8,0.175,1,0.0,0.02564102564102564,0.0,0.0,0.02564102564102564,0.02564102564102564,0.0,0.0,0.0,0.02564102564102564,0.05128205128205128,0.0,0.0,0.07692307692307693,0.0,0.02564102564102564,0.02564102564102564,0.02564102564102564,0.0,0.0,0.02564102564102564,0.0,0.02564102564102564,0.0,0.0,0.02564102564102564,0.02564102564102564,0.0,0.0,0.0,0.02564102564102564,0.0,0.0,0.02564102564102564,0.0,0.0,0.0,0.02564102564102564,0.02564102564102564,0.02564102564102564,0.02564102564102564,0.02564102564102564,0.0,0.0,0.02564102564102564,0.0,0.07692307692307693,0.02564102564102564,0.0,0.0,0.05128205128205128,0.05128205128205128,0.02564102564102564,0.02564102564102564,0.0,0.02564102564102564,0.02564102564102564,0.0,0.0,0.02564102564102564,0.0,0.02564102564102564,0.02564102564102564,0.0,0.0,0.02564102564102564,0.0,0.0,0.02564102564102564,0.02564102564102564,0.0,0.0,0.0,0.02564102564102564,0.05128205128205128,0.0,0.0,0.07692307692307693,0.0,0.02564102564102564,0.02564102564102564,0.02564102564102564,0.0,0.0,0.02564102564102564,0.0,0.02564102564102564,0.0,0.0,0.02564102564102564,0.02564102564102564,0.0,0.0,0.0,0.02564102564102564,0.0,0.0,0.02564102564102564,0.0,0.0,0.0,0.02564102564102564,0.02564102564102564,0.02564102564102564,0.02564102564102564,0.02564102564102564,0.0,0.0,0.02564102564102564,0.0,0.07692307692307693,0.02564102564102564,0.0,0.0,0.05128205128205128,0.05128205128205128,0.02564102564102564,0.02564102564102564,0.0,0.02564102564102564,0.02564102564102564,0.0,0.0,0.02564102564102564,0.0,0.02564102564102564,0.02564102564102564,0.0,2.9200813738380265,3.0,0.9733604579460088,0.02564102564102564,obj197,fld5,1
0.225,0.175,0.025,0.075,0.125,0.075,0.125,0.175,8,0.225,0,0.05128205128205128,0.05128205128205128,0.0,0.0,0.0,0.02564102564102564,0.07692307692307693,0.0,0.02564102564102564,0.02564102564102564,0.0,0.02564102564102564,0.02564102564102564,0.0,0.02564102564102564,0.05128205128205128,0.0,0.0,0.0,0.0,0.0,0.0,0.0,0.02564102564102564,0.05128205128205128,0.0,0.0,0.0,0.0,0.0,0.02564102564102564,0.0,0.02564102564102564,0.0,0.0,0.02564102564102564,0.05128205128205128,0.0,0.0,0.02564102564102564,0.02564102564102564,0.02564102564102564,0.02564102564102564,0.0,0.0,0.0,0.0,0.0,0.02564102564102564,0.02564102564102564,0.0,0.0,0.0,0.05128205128205128,0.0,0.02564102564102564,0.02564102564102564,0.05128205128205128,0.0,0.02564102564102564,0.05128205128205128,0.0,0.0,0.02564102564102564,0.05128205128205128,0.05128205128205128,0.0,0.0,0.0,0.02564102564102564,0.07692307692307693,0.0,0.02564102564102564,0.02564102564102564,0.0,0.02564102564102564,0.02564102564102564,0.0,0.02564102564102564,0.05128205128205128,0.0,0.0,0.0,0.0,0.0,0.0,0.0,0.02564102564102564,0.05128205128205128,0.0,0.0,0.0,0.0,0.0,0.02564102564102564,0.0,0.02564102564102564,0.0,0.0,0.02564102564102564,0.05128205128205128,0.0,0.0,0.02564102564102564,0.02564102564102564,0.02564102564102564,0.02564102564102564,0.0,0.0,0.0,0.0,0.0,0.02564102564102564,0.02564102564102564,0.0,0.0,0.0,0.05128205128205128,0.0,0.02564102564102564,0.02564102564102564,0.05128205128205128,0.0,0.02564102564102564,0.05128205128205128,0.0,0.0,0.02564102564102564,2.8078943480126664,3.0,0.9359647826708888,0.15384615384615385,obj198,fld1,1
0.15,0.05,0.05,0.125,0.15,0.125,0.15,0.2,8,0.2,7,0.02564102564102564,0.0,0.0,0.0,0.0,0.02564102564102564,0.05128205128205128,0.05128205128205128,0.02564102564102564,0.0,0.0,0.02564102564102564,0.0,0.0,0.0,0.0,0.02564102564102564,0.0,0.02564102564102564,0.0,0.0,0.0,0.0,0.0,0.0,0.0,0.02564102564102564,0.0,0.02564102564102564,0.0,0.0,0.07692307692307693,0.0,0.0,0.0,0.0,0.02564102564102564,0.05128205128205128,0.02564102564102564,0.02564102564102564,0.0,0.0,0.0,0.02564102564102564,0.05128205128205128,0.0,0.05128205128205128,0.0,0.05128205128205128,0.0,0.0,0.05128205128205128,0.02564102564102564,0.02564102564102564,0.0,0.0,0.02564102564102564,0.05128205128205128,0.0,0.02564102564102564,0.02564102564102564,0.02564102564102564,0.02564102564102564,0.02564102564102564,0.02564102564102564,0.0,0.0,0.0,0.0,0.02564102564102564,0.05128205128205128,0.05128205128205128,0.02564102564102564,0.0,0.0,0.02564102564102564,0.0,0.0,0.0,0.0,0.02564102564102564,0.0,0.02564102564102564,0.0,0.0,0.0,0.0,0.0,0.0,0.0,0.02564102564102564,0.0,0.02564102564102564,0.0,0.0,0.07692307692307693,0.0,0.0,0.0,0.0,0.02564102564102564,0.05128205128205128,0.02564102564102564,0.02564102564102564,0.0,0.0,0.0,0.02564102564102564,0.05128205128205128,0.0,0.05128205128205128,0.0,0.05128205128205128,0.0,0.0,0.05128205128205128,0.02564102564102564,0.02564102564102564,0.0,0.0,0.02564102564102564,0.05128205128205128,0.0,0.02564102564102564,0.02564102564102564,0.02564102564102564,0.02564102564102564,0.02564102564102564,2.8782129458410015,3.0,0.9594043152803339,0.10256410256410256,obj199,fld5,1
0.15,0.075,0.1,0.1,0.175,0.2,0.075,0.125,8,0.2,5,0.02564102564102564,0.0,0.0,0.02564102564102564,0.05128205128205128,0.0,0.0,0.02564102564102564,0.02564102564102564,0.0,0.0,0.02564102564102564,0.0,0.0,0.0,0.02564102564102564,0.02564102564102564,0.02564102564102564,0.0,0.02564102564102564,0.0,0.0,0.0,0.02564102564102564,0.0,0.02564102564102564,0.02564102564102564,0.0,0.0,0.05128205128205128,0.0,0.0,0.02564102564102564,0.02564102564102564,0.0,0.02564102564102564,0.02564102564102564,0.05128205128205128,0.02564102564102564,0.0,0.0,0.0,0.02564102564102564,0.0,0.05128205128205128,0.05128205128205128,0.02564102564102564,0.05128205128205128,0.0,0.0,0.0,0.0,0.02564102564102564,0.02564102564102564,0.02564102564102564,0.0,0.05128205128205128,0.0,0.02564102564102564,0.0,0.02564102564102564,0.02564102564102564,0.0,0.0,0.02564102564102564,0.0,0.0,0.02564102564102564,0.05128205128205128,0.0,0.0,0.02564102564102564,0.02564102564102564,0.0,0.0,0.02564102564102564,0.0,0.0,0.0,0.02564102564102564,0.02564102564102564,0.02564102564102564,0.0,0.02564102564102564,0.0,0.0,0.0,0.02564102564102564,0.0,0.02564102564102564,0.02564102564102564,0.0,0.0,0.05128205128205128,0.0,0.0,0.02564102564102564,0.02564102564102564,0.0,0.02564102564102564,0.02564102564102564,0.05128205128205128,0.02564102564102564,0.0,0.0,0.0,0.02564102564102564,0.0,0.05128205128205128,0.05128205128205128,0.02564102564102564,0.05128205128205128,0.0,0.0,0.0,0.0,0.02564102564102564,0.02564102564102564,0.02564102564102564,0.0,0.05128205128205128,0.0,0.02564102564102564,0.0,0.02564102564102564,0.02564102564102564,0.0,0.0,2.914911221450014,3.0,0.9716370738166713,0.1282051282051282,obj200,fld3,0
0.175,0.175,0.15,0.175,0.1,0.1,0.075,0.05,8,0.175,3,0.05128205128205128,0.02564102564102564,0.0,0.0,0.0,0.02564102564102564,0.05128205128205128,0.02564102564102564,0.02564102564102564,0.0,0.10256410256410256,0.02564102564102564,0.02564102564102564,0.0,0.0,0.0,0.02564102564102564,0.02564102564102564,0.0,0.02564102564102564,0.02564102564102564,0.0,0.02564102564102564,0.02564102564102564,0.0,0.07692307692307693,0.02564102564102564,0.02564102564102564,0.02564102564102564,0.02564102564102564,0.0,0.0,0.0,0.05128205128205128,0.0,0.02564102564102564,0.0,0.0,0.0,0.0,0.02564102564102564,0.0,0.0,0.02564102564102564,0.0,0.05128205128205128,0.0,0.0,0.02564102564102564,0.0,0.0,0.02564102564102564,0.02564102564102564,0.0,0.0,0.0,0.02564102564102564,0.0,0.0,0.02564102564102564,0.0,0.0,0.0,0.0,0.05128205128205128,0.02564102564102564,0.0,0.0,0.0,0.02564102564102564,0.05128205128205128,0.02564102564102564,0.02564102564102564,0.0,0.10256410256410256,0.02564102564102564,0.02564102564102564,0.0,0.0,0.0,0.02564102564102564,0.02564102564102564,0.0,0.02564102564102564,0.02564102564102564,0.0,0.02564102564102564,0.02564102564102564,0.0,0.07692307692307693,0.02564102564102564,0.02564102564102564,0.02564102564102564,0.02564102564102564,0.0,0.0,0.0,0.05128205128205128,0.0,0.02564102564102564,0.0,0.0,0.0,0.0,0.02564102564102564,0.0,0.0,0.02564102564102564,0.0,0.05128205128205128,0.0,0.0,0.02564102564102564,0.0,0.0,0.02564102564102564,0.02564102564102564,0.0,0.0,0.0,0.02564102564102564,0.0,0.0,0.02564102564102564,0.0,0.0,0.0,0.0,2.8914501981448595,3.0,0.9638167327149532,0.1282051282051282,obj201,fld1,0
0.1,0.175,0.15,0.075,0.15,0.175,0.125,0.05,8,0.175,1,0.0,0.02564102564102564,0.0,0.0,0.0,0.02564102564102564,0.02564102564102564,0.02564102564102564,0.0,0.05128205128205128,0.0,0.02564102564102564,0.02564102564102564,0.05128205128205128,0.0,0.0,0.0,0.02564102564102564,0.02564102564102564,0.02564102564102564,0.02564102564102564,0.05128205128205128,0.0,0.0,0.0,0.0,0.02564102564102564,0.0,0.0,0.0,0.05128205128205128,0.0,0.02564102564102564,0.0,0.05128205128205128,0.0,0.05128205128205128,0.02564102564102564,0.0,0.0,0.07692307692307693,0.0,0.02564102564102564,0.02564102564102564,0.02564102564102564,0.02564102564102564,0.0,0.0,0.0,0.02564102564102564,0.02564102564102564,0.0,0.02564102564102564,0.0,0.02564102564102564,0.02564102564102564,0.0,0.02564102564102564,0.0,0.0,0.0,0.0,0.02564102564102564,0.0,0.0,0.02564102564102564,0.0,0.0,0.0,0.02564102564102564,0.02564102564102564,0.02564102564102564,0.0,0.05128205128205128,0.0,0.02564102564102564,0.02564102564102564,0.05128205128205128,0.0,0.0,0.0,0.02564102564102564,0.02564102564102564,0.02564102564102564,0.02564102564102564,0.05128205128205128,0.0,0.0,0.0,0.0,0.02564102564102564,0.0,0.0,0.0,0.05128205128205128,0.0,0.02564102564102564,0.0,0.05128205128205128,0.0,0.05128205128205128,0.02564102564102564,0.0,0.0,0.07692307692307693,0.0,0.02564102564102564,0.02564102564102564,0.02564102564102564,0.02564102564102564,0.0,0.0,0.0,0.02564102564102564,0.02564102564102564,0.0,0.02564102564102564,0.0,0.02564102564102564,0.02564102564102564,0.0,0.02564102564102564,0.0,0.0,0.0,0.0,0.02564102564102564,0.0,2.904751922535847,3.0,0.9682506408452823,0.1794871794871795,obj202,fld1,0
0.05,0.225,0.15,0.1,0.1,0.025,0.25,0.1,8,0.25,6,0.0,0.02564102564102564,0.0,0.0,0.0,0.0,0.02564102564102564,0.0,0.0,0.0,0.07692307692307693,0.05128205128205128,0.0,0.02564102564102564,0.05128205128205128,0.02564102564102564,0.0,0.07692307692307693,0.0,0.02564102564102564,0.0,0.0,0.02564102564102564,0.02564102564102564,0.0,0.05128205128205128,0.0,0.0,0.0,0.0,0.05128205128205128,0.0,0.0,0.0,0.0,0.0,0.02564102564102564,0.0,0.07692307692307693,0.0,0.0,0.02564102564102564,0.0,0.0,0.0,0.0,0.0,0.0,0.02564102564102564,0.02564102564102564,0.05128205128205128,0.02564102564102564,0.05128205128205128,0.0,0.02564102564102564,0.02564102564102564,0.0,0.02564102564102564,0.02564102564102564,0.0,0.02564102564102564,0.0,0.0,0.02564102564102564,0.0,0.02564102564102564,0.0,0.0,0.0,0.0,0.02564102564102564,0.0,0.0,0.0,0.07692307692307693,0.05128205128205128,0.0,0.02564102564102564,0.05128205128205128,0.02564102564102564,0.0,0.07692307692307693,0.0,0.02564102564102564,0.0,0.0,0.02564102564102564,0.02564102564102564,0.0,0.05128205128205128,0.0,0.0,0.0,0.0,0.05128205128205128,0.0,0.0,0.0,0.0,0.0,0.02564102564102564,0.0,0.07692307692307693,0.0,0.0,0.02564102564102564,0.0,0.0,0.0,0.0,0.0,0.0,0.02564102564102564,0.02564102564102564,0.05128205128205128,0.02564102564102564,0.05128205128205128,0.0,0.02564102564102564,0.02564102564102564,0.0,0.02564102564102564,0.02564102564102564,0.0,0.02564102564102564,0.0,0.0,0.02564102564102564,2.7404685707328276,3.0,0.9134895235776092,0.07692307692307693,obj203,fld1,1
0.125,0.05,0.125,0.125,0.15,0.1,0.225,0.1,8,0.225,6,0.0,0.02564102564102564,0.02564102564102564,0.0,0.05128205128205128,0.0,0.02564102564102564,0.0,0.0,0.0,0.02564102564102564,0.0,0.0,0.0,0.02564102564102564,0.0,0.02564102564102564,0.0,0.02564102564102564,0.0,0.0,0.02564102564102564,0.02564102564102564,0.0,0.0,0.0,0.0,0.05128205128205128,0.02564102564102564,0.02564102564102564,0.02564102564102564,0.0,0.02564102564102564,0.02564102564102564,0.0,0.02564102564102564,0.0,0.0,0.05128205128205128,0.02564102564102564,0.02564102564102564,0.0,0.0,0.0,0.02564102564102564,0.0,0.0,0.05128205128205128,0.05128205128205128,0.0,0.0,0.02564102564102564,0.0,0.05128205128205128,0.07692307692307693,0.02564102564102564,0.0,0.0,0.05128205128205128,0.02564102564102564,0.02564102564102564,0.0,0.0,0.0,0.0,0.02564102564102564,0.02564102564102564,0.0,0.05128205128205128,0.0,0.02564102564102564,0.0,0.0,0.0,0.02564102564102564,0.0,0.0,0.0,0.02564102564102564,0.0,0.02564102564102564,0.0,0.02564102564102564,0.0,0.0,0.02564102564102564,0.02564102564102564,0.0,0.0,0.0,0.0,0.05128205128205128,0.02564102564102564,0.02564102564102564,0.02564102564102564,0.0,0.02564102564102564,0.02564102564102564,0.0,0.02564102564102564,0.0,0.0,0.05128205128205128,0.02564102564102564,0.02564102564102564,0.0,0.0,0.0,0.02564102564102564,0.0,0.0,0.05128205128205128,0.05128205128205128,0.0,0.0,0.02564102564102564,0.0,0.05128205128205128,0.07692307692307693,0.02564102564102564,0.0,0.0,0.05128205128205128,0.02564102564102564,0.02564102564102564,0.0,0.0,0.0,2.9002275588719075,3.0,0.9667425196239692,0.15384615384615385,obj204,fld1,1
0.1,0.15,0.05,0.2,0.075,0.075,0.3,0.05,8,0.3,6,0.0,0.0,0.0,0.02564102564102564,0.02564102564102564,0.0,0.05128205128205128,0.0,0.0,0.0,0.02564102564102564,0.05128205128205128,0.02564102564102564,0.02564102564102564,0.02564102564102564,0.0,0.02564102564102564,0.0,0.0,0.02564102564102564,0.0,0.0,0.0,0.0,0.02564102564102564,0.02564102564102564,0.0,0.0,0.02564102564102564,0.0,0.10256410256410256,0.02564102564102564,0.0,0.0,0.0,0.02564102564102564,0.0,0.02564102564102564,0.02564102564102564,0.0,0.0,0.02564102564102564,0.0,0.02564102564102564,0.0,0.0,0.02564102564102564,0.0,0.02564102564102564,0.07692307692307693,0.02564102564102564,0.02564102564102564,0.0,0.02564102564102564,0.07692307692307693,0.02564102564102564,0.0,0.02564102564102564,0.0,0.02564102564102564,0.0,0.0,0.0,0.0,0.0,0.0,0.0,0.02564102564102564,0.02564102564102564,0.0,0.05128205128205128,0.0,0.0,0.0,0.02564102564102564,0.05128205128205128,0.02564102564102564,0.02564102564102564,0.02564102564102564,0.0,0.02564102564102564,0.0,0.0,0.02564102564102564,0.0,0.0,0.0,0.0,0.02564102564102564,0.02564102564102564,0.0,0.0,0.02564102564102564,0.0,0.10256410256410256,0.02564102564102564,0.0,0.0,0.0,0.02564102564102564,0.0,0.02564102564102564,0.02564102564102564,0.0,0.0,0.02564102564102564,0.0,0.02564102564102564,0.0,0.0,0.02564102564102564,0.0,0.02564102564102564,0.07692307692307693,0.02564102564102564,0.02564102564102564,0.0,0.02564102564102564,0.07692307692307693,0.02564102564102564,0.0,0.02564102564102564,0.0,0.02564102564102564,0.0,0.0,0.0,0.0,2.7209505944546684,3.0,0.9069835314848894,0.07692307692307693,obj205,fld4,1
0.1,0.175,0.075,0.075,0.075,0.075,0.25,0.175,8,0.25,6,0.0,0.0,0.0,0.0,0.0,0.0,0.05128205128205128,0.02564102564102564,0.05128205128205128,0.0,0.02564102564102564,0.0,0.0,0.0,0.07692307692307693,0.02564102564102564,0.0,0.0,0.0,0.0,0.0,0.02564102564102564,0.0,0.05128205128205128,0.0,0.0,0.0,0.0,0.0,0.02564102564102564,0.0,0.05128205128205128,0.0,0.0,0.0,0.05128205128205128,0.0,0.0,0.02564102564102564,0.0,0.02564102564102564,0.02564102564102564,0.0,0.0,0.0,0.0,0.02564102564102564,0.0,0.02564102564102564,0.10256410256410256,0.0,0.0,0.02564102564102564,0.02564102564102564,0.07692307692307693,0.0,0.0,0.05128205128205128,0.02564102564102564,0.02564102564102564,0.05128205128205128,0.0,0.0,0.02564102564102564,0.0,0.0,0.0,0.0,0.0,0.0,0.05128205128205128,0.02564102564102564,0.05128205128205128,0.0,0.02564102564102564,0.0,0.0,0.0,0.07692307692307693,0.02564102564102564,0.0,0.0,0.0,0.0,0.0,0.02564102564102564,0.0,0.05128205128205128,0.0,0.0,0.0,0.0,0.0,0.02564102564102564,0.0,0.05128205128205128,0.0,0.0,0.0,0.05128205128205128,0.0,0.0,0.02564102564102564,0.0,0.02564102564102564,0.02564102564102564,0.0,0.0,0.0,0.0,0.02564102564102564,0.0,0.02564102564102564,0.10256410256410256,0.0,0.0,0.02564102564102564,0.02564102564102564,0.07692307692307693,0.0,0.0,0.05128205128205128,0.02564102564102564,0.02564102564102564,0.05128205128205128,0.0,0.0,0.02564102564102564,2.833383098229013,3.0,0.9444610327430043,0.10256410256410256,obj206,fld3,1
0.125,0.1,0.075,0.1,0.15,0.225,0.1,0.125,8,0.225,5,0.0,0.0,0.02564102564102564,0.0,0.05128205128205128,0.02564102564102564,0.0,0.02564102564102564,0.0,0.02564102564102564,0.0,0.0,0.02564102564102564,0.0,0.02564102564102564,0.02564102564102564,0.0,0.0,0.02564102564102564,0.0,0.0,0.02564102564102564,0.02564102564102564,0.0,0.0,0.02564102564102564,0.0,0.02564102564102564,0.0,0.05128205128205128,0.0,0.0,0.02564102564102564,0.02564102564102564,0.0,0.0,0.02564102564102564,0.0,0.0,0.05128205128205128,0.02564102564102564,0.0,0.0,0.05128205128205128,0.02564102564102564,0.07692307692307693,0.05128205128205128,0.0,0.02564102564102564,0.02564102564102564,0.0,0.0,0.02564102564102564,0.0,0.0,0.02564102564102564,0.05128205128205128,0.0,0.02564102564102564,0.02564102564102564,0.0,0.02564102564102564,0.0,0.0,0.0,0.0,0.02564102564102564,0.0,0.05128205128205128,0.02564102564102564,0.0,0.02564102564102564,0.0,0.02564102564102564,0.0,0.0,0.02564102564102564,0.0,0.02564102564102564,0.02564102564102564,0.0,0.0,0.02564102564102564,0.0,0.0,0.02564102564102564,0.02564102564102564,0.0,0.0,0.02564102564102564,0.0,0.02564102564102564,0.0,0.05128205128205128,0.0,0.0,0.02564102564102564,0.02564102564102564,0.0,0.0,0.02564102564102564,0.0,0.0,0.05128205128205128,0.02564102564102564,0.0,0.0,0.05128205128205128,0.02564102564102564,0.07692307692307693,0.05128205128205128,0.0,0.02564102564102564,0.02564102564102564,0.0,0.0,0.02564102564102564,0.0,0.0,0.02564102564102564,0.05128205128205128,0.0,0.02564102564102564,0.02564102564102564,0.0,0.02564102564102564,0.0,0.0,2.921596383178741,3.0,0.9738654610595803,0.1794871794871795,obj207,fld1,0
0.125,0.1,0.125,0.1,0.15,0.175,0.15,0.075,8,0.175,5,0.0,0.0,0.02564102564102564,0.02564102564102564,0.05128205128205128,0.0,0.02564102564102564,0.0,0.0,0.02564102564102564,0.02564102564102564,0.0,0.0,0.02564102564102564,0.02564102564102564,0.0,0.07692307692307693,0.02564102564102564,0.0,0.0,0.02564102564102564,0.0,0.0,0.0,0.02564102564102564,0.02564102564102564,0.0,0.02564102564102564,0.0,0.0,0.0,0.0,0.0,0.02564102564102564,0.0,0.0,0.0,0.02564102564102564,0.07692307692307693,0.02564102564102564,0.0,0.0,0.02564102564102564,0.0,0.05128205128205128,0.05128205128205128,0.02564102564102564,0.02564102564102564,0.0,0.0,0.05128205128205128,0.0,0.0,0.07692307692307693,0.0,0.02564102564102564,0.02564102564102564,0.0,0.0,0.02564102564102564,0.02564102564102564,0.0,0.0,0.0,0.0,0.0,0.02564102564102564,0.02564102564102564,0.05128205128205128,0.0,0.02564102564102564,0.0,0.0,0.02564102564102564,0.02564102564102564,0.0,0.0,0.02564102564102564,0.02564102564102564,0.0,0.07692307692307693,0.02564102564102564,0.0,0.0,0.02564102564102564,0.0,0.0,0.0,0.02564102564102564,0.02564102564102564,0.0,0.02564102564102564,0.0,0.0,0.0,0.0,0.0,0.02564102564102564,0.0,0.0,0.0,0.02564102564102564,0.07692307692307693,0.02564102564102564,0.0,0.0,0.02564102564102564,0.0,0.05128205128205128,0.05128205128205128,0.02564102564102564,0.02564102564102564,0.0,0.0,0.05128205128205128,0.0,0.0,0.07692307692307693,0.0,0.02564102564102564,0.02564102564102564,0.0,0.0,0.02564102564102564,0.02564102564102564,0.0,0.0,0.0,2.9557980220350073,3.0,0.9852660073450025,0.10256410256410256,obj208,fld3,1
0.075,0.175,0.125,0.1,0.075,0.15,0.175,0.125,8,0.175,6,0.02564102564102564,0.0,0.02564102564102564,0.0,0.0,0.02564102564102564,0.0,0.0,0.0,0.05128205128205128,0.02564102564102564,0.0,0.02564102564102564,0.05128205128205128,0.02564102564102564,0.0,0.0,0.05128205128205128,0.02564102564102564,0.02564102564102564,0.0,0.0,0.02564102564102564,0.0,0.0,0.02564102564102564,0.0,0.02564102564102564,0.0,0.0,0.05128205128205128,0.0,0.0,0.0,0.05128205128205128,0.0,0.0,0.0,0.02564102564102564,0.0,0.02564102564102564,0.02564102564102564,0.0,0.0,0.05128205128205128,0.02564102564102564,0.0,0.02564102564102564,0.02564102564102564,0.02564102564102564,0.0,0.02564102564102564,0.0,0.0,0.0,0.10256410256410256,0.0,0.0,0.0,0.0,0.0,0.05128205128205128,0.05128205128205128,0.0,0.02564102564102564,0.0,0.02564102564102564,0.0,0.0,0.02564102564102564,0.0,0.0,0.0,0.05128205128205128,0.02564102564102564,0.0,0.02564102564102564,0.05128205128205128,0.02564102564102564,0.0,0.0,0.05128205128205128,0.02564102564102564,0.02564102564102564,0.0,0.0,0.02564102564102564,0.0,0.0,0.02564102564102564,0.0,0.02564102564102564,0.0,0.0,0.05128205128205128,0.0,0.0,0.0,0.05128205128205128,0.0,0.0,0.0,0.02564102564102564,0.0,0.02564102564102564,0.02564102564102564,0.0,0.0,0.05128205128205128,0.02564102564102564,0.0,0.02564102564102564,0.02564102564102564,0.02564102564102564,0.0,0.02564102564102564,0.0,0.0,0.0,0.10256410256410256,0.0,0.0,0.0,0.0,0.0,0.05128205128205128,0.05128205128205128,0.0,2.9333830982290134,3.0,0.9777943660763379,0.15384615384615385,obj209,fld1,0
0.125,0.075,0.125,0.075,0.175,0.1,0.225,0.1,8,0.225,6,0.0,0.0,0.0,0.0,0.07692307692307693,0.02564102564102564,0.0,0.02564102564102564,0.0,0.0,0.02564102564102564,0.02564102564102564,0.0,0.0,0.02564102564102564,0.0,0.05128205128205128,0.0,0.02564102564102564,0.0,0.0,0.0,0.02564102564102564,0.02564102564102564,0.0,0.0,0.0,0.0,0.0,0.02564102564102564,0.02564102564102564,0.02564102564102564,0.0,0.02564102564102564,0.02564102564102564,0.0,0.0,0.0,0.07692307692307693,0.02564102564102564,0.02564102564102564,0.0,0.05128205128205128,0.0,0.02564102564102564,0.0,0.0,0.0,0.02564102564102564,0.0,0.0,0.02564102564102564,0.07692307692307693,0.02564102564102564,0.07692307692307693,0.0,0.02564102564102564,0.05128205128205128,0.0,0.02564102564102564,0.0,0.0,0.0,0.0,0.0,0.0,0.0,0.0,0.07692307692307693,0.02564102564102564,0.0,0.02564102564102564,0.0,0.0,0.02564102564102564,0.02564102564102564,0.0,0.0,0.02564102564102564,0.0,0.05128205128205128,0.0,0.02564102564102564,0.0,0.0,0.0,0.02564102564102564,0.02564102564102564,0.0,0.0,0.0,0.0,0.0,0.02564102564102564,0.02564102564102564,0.02564102564102564,0.0,0.02564102564102564,0.02564102564102564,0.0,0.0,0.0,0.07692307692307693,0.02564102564102564,0.02564102564102564,0.0,0.05128205128205128,0.0,0.02564102564102564,0.0,0.0,0.0,0.02564102564102564,0.0,0.0,0.02564102564102564,0.07692307692307693,0.02564102564102564,0.07692307692307693,0.0,0.02564102564102564,0.05128205128205128,0.0,0.02564102564102564,0.0,0.0,0.0,0.0,2.8991814593727474,3.0,0.9663938197909158,0.10256410256410256,obj210,fld1,0
0.1,0.125,0.15,0.15,0.125,0.075,0.075,0.2,8,0.2,7,0.02564102564102564,0.02564102564102564,0.02564102564102564,0.0,0.0,0.0,0.0,0.02564102564102564,0.0,0.0,0.0,0.02564102564102564,0.02564102564102564,0.05128205128205128,0.02564102564102564,0.0,0.02564102564102564,0.0,0.02564102564102564,0.02564102564102564,0.0,0.0,0.0,0.05128205128205128,0.02564102564102564,0.0,0.02564102564102564,0.02564102564102564,0.02564102564102564,0.0,0.02564102564102564,0.02564102564102564,0.02564102564102564,0.0,0.0,0.02564102564102564,0.05128205128205128,0.0,0.0,0.02564102564102564,0.0,0.02564102564102564,0.0,0.02564102564102564,0.02564102564102564,0.0,0.0,0.0,0.0,0.02564102564102564,0.0,0.0,0.0,0.0,0.0,0.05128205128205128,0.0,0.05128205128205128,0.07692307692307693,0.02564102564102564,0.0,0.02564102564102564,0.0,0.02564102564102564,0.02564102564102564,0.02564102564102564,0.02564102564102564,0.0,0.0,0.0,0.0,0.02564102564102564,0.0,0.0,0.0,0.02564102564102564,0.02564102564102564,0.05128205128205128,0.02564102564102564,0.0,0.02564102564102564,0.0,0.02564102564102564,0.02564102564102564,0.0,0.0,0.0,0.05128205128205128,0.02564102564102564,0.0,0.02564102564102564,0.02564102564102564,0.02564102564102564,0.0,0.02564102564102564,0.02564102564102564,0.02564102564102564,0.0,0.0,0.02564102564102564,0.05128205128205128,0.0,0.0,0.02564102564102564,0.0,0.02564102564102564,0.0,0.02564102564102564,0.02564102564102564,0.0,0.0,0.0,0.0,0.02564102564102564,0.0,0.0,0.0,0.0,0.0,0.05128205128205128,0.0,0.05128205128205128,0.07692307692307693,0.02564102564102564,0.0,0.02564102564102564,0.0,0.02564102564102564,2.9282129458410013,3.0,0.9760709819470005,0.15384615384615385,obj211,fld3,0
0.175,0.1,0.05,0.225,0.15,0.125,0.1,0.075,8,0.225,3,0.05128205128205128,0.02564102564102564,0.0,0.0,0.02564102564102564,0.05128205128205128,0.0,0.02564102564102564,0.0,0.0,0.0,0.05128205128205128,0.0,0.02564102564102564,0.02564102564102564,0.0,0.0,0.0,0.0,0.0,0.05128205128205128,0.0,0.0,0.0,0.07692307692307693,0.02564102564102564,0.0,0.05128205128205128,0.05128205128205128,0.0,0.0,0.0,0.05128205128205128,0.0,0.0,0.05128205128205128,0.0,0.0,0.05128205128205128,0.0,0.0,0.05128205128205128,0.02564102564102564,0.0,0.0,0.02564102564102564,0.0,0.02564102564102564,0.0,0.0,0.02564102564102564,0.02564102564102564,0.0,0.02564102564102564,0.02564102564102564,0.0,0.0,0.0,0.0,0.05128205128205128,0.0,0.0,0.0,0.02564102564102564,0.05128205128205128,0.02564102564102564,0.0,0.0,0.02564102564102564,0.05128205128205128,0.0,0.02564102564102564,0.0,0.0,0.0,0.05128205128205128,0.0,0.02564102564102564,0.02564102564102564,0.0,0.0,0.0,0.0,0.0,0.05128205128205128,0.0,0.0,0.0,0.07692307692307693,0.02564102564102564,0.0,0.05128205128205128,0.05128205128205128,0.0,0.0,0.0,0.05128205128205128,0.0,0.0,0.05128205128205128,0.0,0.0,0.05128205128205128,0.0,0.0,0.05128205128205128,0.02564102564102564,0.0,0.0,0.02564102564102564,0.0,0.02564102564102564,0.0,0.0,0.02564102564102564,0.02564102564102564,0.0,0.02564102564102564,0.02564102564102564,0.0,0.0,0.0,0.0,0.05128205128205128,0.0,0.0,0.0,0.02564102564102564,2.870550283679581,3.0,0.9568500945598603,0.1794871794871795,obj212,fld4,0
0.075,0.225,0.05,0.225,0.05,0.125,0.15,0.1,8,0.225,1,0.02564102564102564,0.0,0.0,0.02564102564102564,0.0,0.0,0.0,0.02564102564102564,0.0,0.02564102564102564,0.02564102564102564,0.02564102564102564,0.0,0.0,0.10256410256410256,0.02564102564102564,0.0,0.0,0.0,0.02564102564102564,0.02564102564102564,0.0,0.0,0.0,0.02564102564102564,0.05128205128205128,0.02564102564102564,0.05128205128205128,0.0,0.05128205128205128,0.02564102564102564,0.0,0.0,0.0,0.0,0.02564102564102564,0.0,0.02564102564102564,0.0,0.0,0.0,0.07692307692307693,0.0,0.0,0.0,0.02564102564102564,0.0,0.02564102564102564,0.02564102564102564,0.05128205128205128,0.0,0.02564102564102564,0.02564102564102564,0.0,0.0,0.02564102564102564,0.0,0.02564102564102564,0.0,0.05128205128205128,0.0,0.02564102564102564,0.0,0.0,0.02564102564102564,0.0,0.0,0.02564102564102564,0.0,0.0,0.0,0.02564102564102564,0.0,0.02564102564102564,0.02564102564102564,0.02564102564102564,0.0,0.0,0.10256410256410256,0.02564102564102564,0.0,0.0,0.0,0.02564102564102564,0.02564102564102564,0.0,0.0,0.0,0.02564102564102564,0.05128205128205128,0.02564102564102564,0.05128205128205128,0.0,0.05128205128205128,0.02564102564102564,0.0,0.0,0.0,0.0,0.02564102564102564,0.0,0.02564102564102564,0.0,0.0,0.0,0.07692307692307693,0.0,0.0,0.0,0.02564102564102564,0.0,0.02564102564102564,0.02564102564102564,0.05128205128205128,0.0,0.02564102564102564,0.02564102564102564,0.0,0.0,0.02564102564102564,0.0,0.02564102564102564,0.0,0.05128205128205128,0.0,0.02564102564102564,0.0,0.0,2.798604269715141,3.0,0.932868089905047,0.1282051282051282,obj213,fld4,1
0.15,0.075,0.1,0.125,0.125,0.2,0.15,0.075,8,0.2,5,0.0,0.05128205128205128,0.05128205128205128,0.02564102564102564,0.02564102564102564,0.0,0.0,0.0,0.0,0.0,0.0,0.0,0.02564102564102564,0.02564102564102564,0.02564102564102564,0.0,0.0,0.0,0.0,0.02564102564102564,0.02564102564102564,0.0,0.05128205128205128,0.0,0.05128205128205128,0.02564102564102564,0.02564102564102564,0.0,0.0,0.02564102564102564,0.0,0.0,0.0,0.0,0.0,0.0,0.0,0.02564102564102564,0.02564102564102564,0.05128205128205128,0.02564102564102564,0.0,0.0,0.02564102564102564,0.0,0.07692307692307693,0.05128205128205128,0.02564102564102564,0.05128205128205128,0.0,0.02564102564102564,0.02564102564102564,0.05128205128205128,0.0,0.0,0.0,0.02564102564102564,0.0,0.0,0.02564102564102564,0.0,0.02564102564102564,0.0,0.0,0.0,0.05128205128205128,0.05128205128205128,0.02564102564102564,0.02564102564102564,0.0,0.0,0.0,0.0,0.0,0.0,0.0,0.02564102564102564,0.02564102564102564,0.02564102564102564,0.0,0.0,0.0,0.0,0.02564102564102564,0.02564102564102564,0.0,0.05128205128205128,0.0,0.05128205128205128,0.02564102564102564,0.02564102564102564,0.0,0.0,0.02564102564102564,0.0,0.0,0.0,0.0,0.0,0.0,0.0,0.02564102564102564,0.02564102564102564,0.05128205128205128,0.02564102564102564,0.0,0.0,0.02564102564102564,0.0,0.07692307692307693,0.05128205128205128,0.02564102564102564,0.05128205128205128,0.0,0.02564102564102564,0.02564102564102564,0.05128205128205128,0.0,0.0,0.0,0.02564102564102564,0.0,0.0,0.02564102564102564,0.0,0.02564102564102564,0.0,0.0,2.9282129458410013,3.0,0.9760709819470005,0.07692307692307693,obj214,fld3,1
0.175,0.175,0.075,0.1,0.1,0.075,0.25,0.05,8,0.25,6,0.05128205128205128,0.02564102564102564,0.0,0.0,0.02564102564102564,0.02564102564102564,0.05128205128205128,0.0,0.0,0.0,0.02564102564102564,0.02564102564102564,0.02564102564102564,0.0,0.07692307692307693,0.02564102564102564,0.0,0.02564102564102564,0.0,0.02564102564102564,0.0,0.0,0.02564102564102564,0.0,0.0,0.02564102564102564,0.0,0.0,0.02564102564102564,0.0,0.02564102564102564,0.0,0.02564102564102564,0.02564102564102564,0.0,0.02564102564102564,0.02564102564102564,0.0,0.0,0.0,0.0,0.02564102564102564,0.0,0.02564102564102564,0.0,0.0,0.0,0.02564102564102564,0.07692307692307693,0.05128205128205128,0.02564102564102564,0.0,0.0,0.02564102564102564,0.07692307692307693,0.0,0.02564102564102564,0.0,0.02564102564102564,0.0,0.0,0.0,0.0,0.0,0.05128205128205128,0.02564102564102564,0.0,0.0,0.02564102564102564,0.02564102564102564,0.05128205128205128,0.0,0.0,0.0,0.02564102564102564,0.02564102564102564,0.02564102564102564,0.0,0.07692307692307693,0.02564102564102564,0.0,0.02564102564102564,0.0,0.02564102564102564,0.0,0.0,0.02564102564102564,0.0,0.0,0.02564102564102564,0.0,0.0,0.02564102564102564,0.0,0.02564102564102564,0.0,0.02564102564102564,0.02564102564102564,0.0,0.02564102564102564,0.02564102564102564,0.0,0.0,0.0,0.0,0.02564102564102564,0.0,0.02564102564102564,0.0,0.0,0.0,0.02564102564102564,0.07692307692307693,0.05128205128205128,0.02564102564102564,0.0,0.0,0.02564102564102564,0.07692307692307693,0.0,0.02564102564102564,0.0,0.02564102564102564,0.0,0.0,0.0,0.0,0.0,2.8211274733371865,3.0,0.9403758244457289,0.15384615384615385,obj215,fld3,0
0.15,0.075,0.125,0.1,0.125,0.175,0.025,0.225,8,0.225,7,0.02564102564102564,0.02564102564102564,0.0,0.0,0.02564102564102564,0.02564102564102564,0.0,0.05128205128205128,0.02564102564102564,0.0,0.02564102564102564,0.0,0.0,0.02564102564102564,0.0,0.0,0.02564102564102564,0.0,0.0,0.0,0.0,0.02564102564102564,0.0,0.05128205128205128,0.0,0.02564102564102564,0.05128205128205128,0.0,0.0,0.0,0.0,0.02564102564102564,0.0,0.0,0.02564102564102564,0.02564102564102564,0.0,0.05128205128205128,0.02564102564102564,0.0,0.05128205128205128,0.02564102564102564,0.02564102564102564,0.02564102564102564,0.02564102564102564,0.0,0.0,0.02564102564102564,0.0,0.0,0.0,0.0,0.02564102564102564,0.0,0.0,0.0,0.02564102564102564,0.0,0.0,0.05128205128205128,0.02564102564102564,0.05128205128205128,0.0,0.07692307692307693,0.02564102564102564,0.02564102564102564,0.0,0.0,0.02564102564102564,0.02564102564102564,0.0,0.05128205128205128,0.02564102564102564,0.0,0.02564102564102564,0.0,0.0,0.02564102564102564,0.0,0.0,0.02564102564102564,0.0,0.0,0.0,0.0,0.02564102564102564,0.0,0.05128205128205128,0.0,0.02564102564102564,0.05128205128205128,0.0,0.0,0.0,0.0,0.02564102564102564,0.0,0.0,0.02564102564102564,0.02564102564102564,0.0,0.05128205128205128,0.02564102564102564,0.0,0.05128205128205128,0.02564102564102564,0.02564102564102564,0.02564102564102564,0.02564102564102564,0.0,0.0,0.02564102564102564,0.0,0.0,0.0,0.0,0.02564102564102564,0.0,0.0,0.0,0.02564102564102564,0.0,0.0,0.05128205128205128,0.02564102564102564,0.05128205128205128,0.0,0.07692307692307693,2.8303092718186607,3.0,0.9434364239395535,0.10256410256410256,obj216,fld1,0
0.1,0.2,0.05,0.075,0.15,0.1,0.075,0.25,8,0.25,7,0.0,0.02564102564102564,0.0,0.0,0.0,0.05128205128205128,0.0,0.02564102564102564,0.02564102564102564,0.05128205128205128,0.0,0.02564102564102564,0.02564102564102564,0.0,0.02564102564102564,0.05128205128205128,0.0,0.0,0.0,0.0,0.02564102564102564,0.0,0.0,0.02564102564102564,0.0,0.0,0.02564102564102564,0.02564102564102564,0.0,0.0,0.0,0.02564102564102564,0.0,0.02564102564102564,0.02564102564102564,0.02564102564102564,0.0,0.02564102564102564,0.02564102564102564,0.02564102564102564,0.02564102564102564,0.0,0.0,0.0,0.02564102564102564,0.0,0.0,0.05128205128205128,0.02564102564102564,0.02564102564102564,0.0,0.0,0.02564102564102564,0.0,0.0,0.0,0.02564102564102564,0.07692307692307693,0.0,0.0,0.05128205128205128,0.02564102564102564,0.0,0.05128205128205128,0.0,0.02564102564102564,0.0,0.0,0.0,0.05128205128205128,0.0,0.02564102564102564,0.02564102564102564,0.05128205128205128,0.0,0.02564102564102564,0.02564102564102564,0.0,0.02564102564102564,0.05128205128205128,0.0,0.0,0.0,0.0,0.02564102564102564,0.0,0.0,0.02564102564102564,0.0,0.0,0.02564102564102564,0.02564102564102564,0.0,0.0,0.0,0.02564102564102564,0.0,0.02564102564102564,0.02564102564102564,0.02564102564102564,0.0,0.02564102564102564,0.02564102564102564,0.02564102564102564,0.02564102564102564,0.0,0.0,0.0,0.02564102564102564,0.0,0.0,0.05128205128205128,0.02564102564102564,0.02564102564102564,0.0,0.0,0.02564102564102564,0.0,0.0,0.0,0.02564102564102564,0.07692307692307693,0.0,0.0,0.05128205128205128,0.02564102564102564,0.0,0.05128205128205128,2.815957320949175,3.0,0.9386524403163916,0.1282051282051282,obj217,fld5,1
0.175,0.075,0.05,0.175,0.05,0.175,0.175,0.125,8,0.175,6,0.0,0.0,0.0,0.02564102564102564,0.02564102564102564,0.02564102564102564,0.02564102564102564,0.05128205128205128,0.0,0.0,0.0,0.02564102564102564,0.0,0.0,0.05128205128205128,0.0,0.02564102564102564,0.0,0.0,0.0,0.0,0.02564102564102564,0.0,0.0,0.02564102564102564,0.0,0.0,0.07692307692307693,0.0,0.02564102564102564,0.05128205128205128,0.0,0.02564102564102564,0.0,0.02564102564102564,0.0,0.0,0.0,0.0,0.0,0.05128205128205128,0.02564102564102564,0.0,0.05128205128205128,0.0,0.0,0.02564102564102564,0.02564102564102564,0.02564102564102564,0.0,0.02564102564102564,0.0,0.0,0.07692307692307693,0.02564102564102564,0.02564102564102564,0.02564102564102564,0.02564102564102564,0.0,0.0,0.02564102564102564,0.02564102564102564,0.0,0.02564102564102564,0.0,0.0,0.0,0.02564102564102564,0.02564102564102564,0.02564102564102564,0.02564102564102564,0.05128205128205128,0.0,0.0,0.0,0.02564102564102564,0.0,0.0,0.05128205128205128,0.0,0.02564102564102564,0.0,0.0,0.0,0.0,0.02564102564102564,0.0,0.0,0.02564102564102564,0.0,0.0,0.07692307692307693,0.0,0.02564102564102564,0.05128205128205128,0.0,0.02564102564102564,0.0,0.02564102564102564,0.0,0.0,0.0,0.0,0.0,0.05128205128205128,0.02564102564102564,0.0,0.05128205128205128,0.0,0.0,0.02564102564102564,0.02564102564102564,0.02564102564102564,0.0,0.02564102564102564,0.0,0.0,0.07692307692307693,0.02564102564102564,0.02564102564102564,0.02564102564102564,0.02564102564102564,0.0,0.0,0.02564102564102564,0.02564102564102564,0.0,0.02564102564102564,2.8476664500320323,3.0,0.9492221500106774,0.1282051282051282,obj218,fld4,0
0.175,0.075,0.2,0.1,0.075,0.125,0.15,0.1,8,0.2,2,0.0,0.02564102564102564,0.07692307692307693,0.0,0.0,0.02564102564102564,0.02564102564102564,0.0,0.02564102564102564,0.0,0.05128205128205128,0.0,0.0,0.0,0.0,0.0,0.02564102564102564,0.02564102564102564,0.02564102564102564,0.07692307692307693,0.0,0.0,0.02564102564102564,0.02564102564102564,0.07692307692307693,0.0,0.0,0.0,0.02564102564102564,0.0,0.0,0.0,0.02564102564102564,0.0,0.02564102564102564,0.0,0.0,0.02564102564102564,0.0,0.0,0.0,0.0,0.0,0.02564102564102564,0.02564102564102564,0.05128205128205128,0.0,0.02564102564102564,0.02564102564102564,0.0,0.02564102564102564,0.0,0.0,0.0,0.07692307692307693,0.02564102564102564,0.0,0.02564102564102564,0.0,0.0,0.02564102564102564,0.02564102564102564,0.02564102564102564,0.0,0.0,0.02564102564102564,0.07692307692307693,0.0,0.0,0.02564102564102564,0.02564102564102564,0.0,0.02564102564102564,0.0,0.05128205128205128,0.0,0.0,0.0,0.0,0.0,0.02564102564102564,0.02564102564102564,0.02564102564102564,0.07692307692307693,0.0,0.0,0.02564102564102564,0.02564102564102564,0.07692307692307693,0.0,0.0,0.0,0.02564102564102564,0.0,0.0,0.0,0.02564102564102564,0.0,0.02564102564102564,0.0,0.0,0.02564102564102564,0.0,0.0,0.0,0.0,0.0,0.02564102564102564,0.02564102564102564,0.05128205128205128,0.0,0.02564102564102564,0.02564102564102564,0.0,0.02564102564102564,0.0,0.0,0.0,0.07692307692307693,0.02564102564102564,0.0,0.02564102564102564,0.0,0.0,0.02564102564102564,0.02564102564102564,0.02564102564102564,0.0,2.914911221450014,3.0,0.9716370738166713,0.15384615384615385,obj219,fld4,0
0.1,0.125,0.1,0.15,0.175,0.125,0.075,0.15,8,0.175,4,0.02564102564102564,0.0,0.0,0.02564102564102564,0.0,0.02564102564102564,0.0,0.02564102564102564,0.0,0.0,0.02564102564102564,0.02564102564102564,0.05128205128205128,0.02564102564102564,0.0,0.0,0.0,0.0,0.02564102564102564,0.0,0.02564102564102564,0.0,0.02564102564102564,0.02564102564102564,0.05128205128205128,0.02564102564102564,0.0,0.02564102564102564,0.0,0.0,0.02564102564102564,0.0,0.0,0.02564102564102564,0.0,0.02564102564102564,0.05128205128205128,0.05128205128205128,0.0,0.02564102564102564,0.0,0.0,0.0,0.02564102564102564,0.05128205128205128,0.0,0.0,0.05128205128205128,0.0,0.02564102564102564,0.05128205128205128,0.0,0.0,0.0,0.0,0.0,0.02564102564102564,0.05128205128205128,0.0,0.0,0.0,0.02564102564102564,0.02564102564102564,0.02564102564102564,0.02564102564102564,0.0,0.0,0.02564102564102564,0.0,0.02564102564102564,0.0,0.02564102564102564,0.0,0.0,0.02564102564102564,0.02564102564102564,0.05128205128205128,0.02564102564102564,0.0,0.0,0.0,0.0,0.02564102564102564,0.0,0.02564102564102564,0.0,0.02564102564102564,0.02564102564102564,0.05128205128205128,0.02564102564102564,0.0,0.02564102564102564,0.0,0.0,0.02564102564102564,0.0,0.0,0.02564102564102564,0.0,0.02564102564102564,0.05128205128205128,0.05128205128205128,0.0,0.02564102564102564,0.0,0.0,0.0,0.02564102564102564,0.05128205128205128,0.0,0.0,0.05128205128205128,0.0,0.02564102564102564,0.05128205128205128,0.0,0.0,0.0,0.0,0.0,0.02564102564102564,0.05128205128205128,0.0,0.0,0.0,0.02564102564102564,0.02564102564102564,0.02564102564102564,2.9557980220350073,3.0,0.9852660073450025,0.15384615384615385,obj220,fld4,1
0.175,0.15,0.15,0.125,0.1,0.15,0.05,0.1,8,0.175,0,0.02564102564102564,0.02564102564102564,0.02564102564102564,0.02564102564102564,0.0,0.02564102564102564,0.0,0.05128205128205128,0.02564102564102564,0.02564102564102564,0.0,0.02564102564102564,0.02564102564102564,0.02564102564102564,0.02564102564102564,0.0,0.0,0.05128205128205128,0.02564102564102564,0.02564102564102564,0.0,0.02564102564102564,0.0,0.02564102564102564,0.02564102564102564,0.02564102564102564,0.0,0.02564102564102564,0.0,0.02564102564102564,0.0,0.0,0.0,0.02564102564102564,0.02564102564102564,0.0,0.02564102564102564,0.0,0.02564102564102564,0.0,0.05128205128205128,0.0,0.02564102564102564,0.02564102564102564,0.02564102564102564,0.02564102564102564,0.0,0.0,0.02564102564102564,0.0,0.0,0.0,0.0,0.02564102564102564,0.0,0.0,0.02564102564102564,0.0,0.05128205128205128,0.0,0.02564102564102564,0.0,0.0,0.0,0.02564102564102564,0.02564102564102564,0.02564102564102564,0.02564102564102564,0.0,0.02564102564102564,0.0,0.05128205128205128,0.02564102564102564,0.02564102564102564,0.0,0.02564102564102564,0.02564102564102564,0.02564102564102564,0.02564102564102564,0.0,0.0,0.05128205128205128,0.02564102564102564,0.02564102564102564,0.0,0.02564102564102564,0.0,0.02564102564102564,0.02564102564102564,0.02564102564102564,0.0,0.02564102564102564,0.0,0.02564102564102564,0.0,0.0,0.0,0.02564102564102564,0.02564102564102564,0.0,0.02564102564102564,0.0,0.02564102564102564,0.0,0.05128205128205128,0.0,0.02564102564102564,0.02564102564102564,0.02564102564102564,0.02564102564102564,0.0,0.0,0.02564102564102564,0.0,0.0,0.0,0.0,0.02564102564102564,0.0,0.0,0.02564102564102564,0.0,0.05128205128205128,0.0,0.02564102564102564,0.0,0.0,0.0,2.9271668463418408,3.0,0.975722282113947,0.15384615384615385,obj221,fld4,0
0.15,0.1,0.15,0.1,0.15,0.05,0.125,0.175,8,0.175,7,0.0,0.0,0.02564102564102564,0.0,0.05128205128205128,0.0,0.05128205128205128,0.02564102564102564,0.0,0.02564102564102564,0.0,0.02564102564102564,0.0,0.0,0.02564102564102564,0.02564102564102564,0.02564102564102564,0.0,0.02564102564102564,0.02564102564102564,0.05128205128205128,0.0,0.0,0.02564102564102564,0.0,0.0,0.05128205128205128,0.0,0.0,0.0,0.0,0.02564102564102564,0.02564102564102564,0.02564102564102564,0.0,0.02564102564102564,0.02564102564102564,0.02564102564102564,0.02564102564102564,0.0,0.0,0.0,0.0,0.0,0.0,0.02564102564102564,0.02564102564102564,0.0,0.02564102564102564,0.0,0.0,0.0,0.02564102564102564,0.0,0.0,0.07692307692307693,0.05128205128205128,0.05128205128205128,0.05128205128205128,0.02564102564102564,0.0,0.0,0.0,0.0,0.0,0.0,0.02564102564102564,0.0,0.05128205128205128,0.0,0.05128205128205128,0.02564102564102564,0.0,0.02564102564102564,0.0,0.02564102564102564,0.0,0.0,0.02564102564102564,0.02564102564102564,0.02564102564102564,0.0,0.02564102564102564,0.02564102564102564,0.05128205128205128,0.0,0.0,0.02564102564102564,0.0,0.0,0.05128205128205128,0.0,0.0,0.0,0.0,0.02564102564102564,0.02564102564102564,0.02564102564102564,0.0,0.02564102564102564,0.02564102564102564,0.02564102564102564,0.02564102564102564,0.0,0.0,0.0,0.0,0.0,0.0,0.02564102564102564,0.02564102564102564,0.0,0.02564102564102564,0.0,0.0,0.0,0.02564102564102564,0.0,0.0,0.07692307692307693,0.05128205128205128,0.05128205128205128,0.05128205128205128,0.02564102564102564,0.0,0.0,0.0,0.0,2.9271668463418408,3.0,0.975722282113947,0.10256410256410256,obj222,fld2,0
0.25,0.125,0.125,0.15,0.1,0.05,0.1,0.1,8,0.25,0,0.07692307692307693,0.02564102564102564,0.0,0.05128205128205128,0.02564102564102564,0.02564102564102564,0.02564102564102564,0.02564102564102564,0.05128205128205128,0.0,0.02564102564102564,0.02564102564102564,0.02564102564102564,0.0,0.0,0.0,0.0,0.05128205128205128,0.02564102564102564,0.0,0.0,0.0,0.02564102564102564,0.02564102564102564,0.02564102564102564,0.02564102564102564,0.02564102564102564,0.02564102564102564,0.0,0.0,0.05128205128205128,0.0,0.0,0.0,0.05128205128205128,0.0,0.02564102564102564,0.0,0.0,0.0,0.0,0.02564102564102564,0.0,0.02564102564102564,0.0,0.0,0.0,0.0,0.02564102564102564,0.0,0.0,0.0,0.02564102564102564,0.02564102564102564,0.0,0.02564102564102564,0.05128205128205128,0.0,0.0,0.02564102564102564,0.0,0.0,0.0,0.02564102564102564,0.07692307692307693,0.02564102564102564,0.0,0.05128205128205128,0.02564102564102564,0.02564102564102564,0.02564102564102564,0.02564102564102564,0.05128205128205128,0.0,0.02564102564102564,0.02564102564102564,0.02564102564102564,0.0,0.0,0.0,0.0,0.05128205128205128,0.02564102564102564,0.0,0.0,0.0,0.02564102564102564,0.02564102564102564,0.02564102564102564,0.02564102564102564,0.02564102564102564,0.02564102564102564,0.0,0.0,0.05128205128205128,0.0,0.0,0.0,0.05128205128205128,0.0,0.02564102564102564,0.0,0.0,0.0,0.0,0.02564102564102564,0.0,0.02564102564102564,0.0,0.0,0.0,0.0,0.02564102564102564,0.0,0.0,0.0,0.02564102564102564,0.02564102564102564,0.0,0.02564102564102564,0.05128205128205128,0.0,0.0,0.02564102564102564,0.0,0.0,0.0,0.02564102564102564,2.8732196723355075,3.0,0.9577398907785025,0.1794871794871795,obj223,fld2,1
0.1,0.075,0.1,0.2,0.15,0.075,0.125,0.175,8,0.2,3,0.0,0.0,0.02564102564102564,0.0,0.02564102564102564,0.0,0.0,0.05128205128205128,0.0,0.02564102564102564,0.0,0.0,0.02564102564102564,0.02564102564102564,0.0,0.0,0.02564102564102564,0.0,0.0,0.02564102564102564,0.0,0.02564102564102564,0.02564102564102564,0.0,0.02564102564102564,0.0,0.02564102564102564,0.0,0.02564102564102564,0.0,0.05128205128205128,0.05128205128205128,0.02564102564102564,0.0,0.0,0.10256410256410256,0.0,0.0,0.02564102564102564,0.0,0.02564102564102564,0.0,0.02564102564102564,0.0,0.0,0.0,0.0,0.02564102564102564,0.0,0.02564102564102564,0.0,0.05128205128205128,0.0,0.02564102564102564,0.0,0.02564102564102564,0.0,0.02564102564102564,0.02564102564102564,0.02564102564102564,0.05128205128205128,0.0,0.02564102564102564,0.02564102564102564,0.0,0.0,0.02564102564102564,0.0,0.02564102564102564,0.0,0.0,0.05128205128205128,0.0,0.02564102564102564,0.0,0.0,0.02564102564102564,0.02564102564102564,0.0,0.0,0.02564102564102564,0.0,0.0,0.02564102564102564,0.0,0.02564102564102564,0.02564102564102564,0.0,0.02564102564102564,0.0,0.02564102564102564,0.0,0.02564102564102564,0.0,0.05128205128205128,0.05128205128205128,0.02564102564102564,0.0,0.0,0.10256410256410256,0.0,0.0,0.02564102564102564,0.0,0.02564102564102564,0.0,0.02564102564102564,0.0,0.0,0.0,0.0,0.02564102564102564,0.0,0.02564102564102564,0.0,0.05128205128205128,0.0,0.02564102564102564,0.0,0.02564102564102564,0.0,0.02564102564102564,0.02564102564102564,0.02564102564102564,0.05128205128205128,0.0,0.02564102564102564,0.02564102564102564,2.9149112214500144,3.0,0.9716370738166714,0.05128205128205128,obj224,fld5,0
0.175,0.2,0.075,0.075,0.125,0.05,0.175,0.125,8,0.2,1,0.05128205128205128,0.0,0.0,0.0,0.02564102564102564,0.0,0.05128205128205128,0.05128205128205128,0.0,0.1282051282051282,0.0,0.02564102564102564,0.0,0.0,0.02564102564102564,0.02564102564102564,0.02564102564102564,0.0,0.0,0.0,0.02564102564102564,0.0,0.02564102564102564,0.0,0.0,0.02564102564102564,0.0,0.0,0.0,0.0,0.02564102564102564,0.02564102564102564,0.02564102564102564,0.0,0.05128205128205128,0.0,0.0,0.02564102564102564,0.0,0.0,0.02564102564102564,0.0,0.0,0.0,0.02564102564102564,0.0,0.0,0.0,0.02564102564102564,0.02564102564102564,0.02564102564102564,0.02564102564102564,0.05128205128205128,0.0,0.02564102564102564,0.0,0.0,0.02564102564102564,0.0,0.02564102564102564,0.0,0.02564102564102564,0.02564102564102564,0.02564102564102564,0.05128205128205128,0.0,0.0,0.0,0.02564102564102564,0.0,0.05128205128205128,0.05128205128205128,0.0,0.1282051282051282,0.0,0.02564102564102564,0.0,0.0,0.02564102564102564,0.02564102564102564,0.02564102564102564,0.0,0.0,0.0,0.02564102564102564,0.0,0.02564102564102564,0.0,0.0,0.02564102564102564,0.0,0.0,0.0,0.0,0.02564102564102564,0.02564102564102564,0.02564102564102564,0.0,0.05128205128205128,0.0,0.0,0.02564102564102564,0.0,0.0,0.02564102564102564,0.0,0.0,0.0,0.02564102564102564,0.0,0.0,0.0,0.02564102564102564,0.02564102564102564,0.02564102564102564,0.02564102564102564,0.05128205128205128,0.0,0.02564102564102564,0.0,0.0,0.02564102564102564,0.0,0.02564102564102564,0.0,0.02564102564102564,0.02564102564102564,0.02564102564102564,2.8711274733371868,3.0,0.9570424911123956,0.23076923076923078,obj225,fld5,0
0.15,0.05,0.15,0.1,0.075,0.15,0.2,0.125,8,0.2,6,0.02564102564102564,0.0,0.02564102564102564,0.0,0.05128205128205128,0.05128205128205128,0.0,0.0,0.0,0.0,0.0,0.02564102564102564,0.0,0.0,0.02564102564102564,0.0,0.05128205128205128,0.02564102564102564,0.0,0.02564102564102564,0.0,0.0,0.05128205128205128,0.0,0.0,0.02564102564102564,0.0,0.0,0.02564102564102564,0.0,0.02564102564102564,0.02564102564102564,0.05128205128205128,0.0,0.0,0.0,0.0,0.02564102564102564,0.0,0.0,0.0,0.0,0.05128205128205128,0.02564102564102564,0.0,0.0,0.02564102564102564,0.02564102564102564,0.02564102564102564,0.0,0.05128205128205128,0.0,0.0,0.05128205128205128,0.02564102564102564,0.05128205128205128,0.0,0.0,0.02564102564102564,0.0,0.0,0.02564102564102564,0.05128205128205128,0.02564102564102564,0.02564102564102564,0.0,0.02564102564102564,0.0,0.05128205128205128,0.05128205128205128,0.0,0.0,0.0,0.0,0.0,0.02564102564102564,0.0,0.0,0.02564102564102564,0.0,0.05128205128205128,0.02564102564102564,0.0,0.02564102564102564,0.0,0.0,0.05128205128205128,0.0,0.0,0.02564102564102564,0.0,0.0,0.02564102564102564,0.0,0.02564102564102564,0.02564102564102564,0.05128205128205128,0.0,0.0,0.0,0.0,0.02564102564102564,0.0,0.0,0.0,0.0,0.05128205128205128,0.02564102564102564,0.0,0.0,0.02564102564102564,0.02564102564102564,0.02564102564102564,0.0,0.05128205128205128,0.0,0.0,0.05128205128205128,0.02564102564102564,0.05128205128205128,0.0,0.0,0.02564102564102564,0.0,0.0,0.02564102564102564,0.05128205128205128,0.02564102564102564,2.8995817701478352,3.0,0.9665272567159451,0.07692307692307693,obj226,fld4,1
0.15,0.1,0.1,0.075,0.2,0.175,0.1,0.1,8,0.2,4,0.07692307692307693,0.0,0.02564102564102564,0.0,0.02564102564102564,0.02564102564102564,0.0,0.0,0.0,0.02564102564102564,0.02564102564102564,0.0,0.0,0.02564102564102564,0.0,0.02564102564102564,0.0,0.0,0.0,0.0,0.02564102564102564,0.07692307692307693,0.0,0.0,0.0,0.0,0.0,0.0,0.02564102564102564,0.0,0.05128205128205128,0.0,0.02564102564102564,0.02564102564102564,0.0,0.02564102564102564,0.07692307692307693,0.02564102564102564,0.02564102564102564,0.0,0.0,0.02564102564102564,0.0,0.02564102564102564,0.02564102564102564,0.0,0.02564102564102564,0.05128205128205128,0.02564102564102564,0.02564102564102564,0.02564102564102564,0.02564102564102564,0.0,0.0,0.0,0.0,0.02564102564102564,0.0,0.02564102564102564,0.0,0.02564102564102564,0.02564102564102564,0.0,0.0,0.07692307692307693,0.0,0.02564102564102564,0.0,0.02564102564102564,0.02564102564102564,0.0,0.0,0.0,0.02564102564102564,0.02564102564102564,0.0,0.0,0.02564102564102564,0.0,0.02564102564102564,0.0,0.0,0.0,0.0,0.02564102564102564,0.07692307692307693,0.0,0.0,0.0,0.0,0.0,0.0,0.02564102564102564,0.0,0.05128205128205128,0.0,0.02564102564102564,0.02564102564102564,0.0,0.02564102564102564,0.07692307692307693,0.02564102564102564,0.02564102564102564,0.0,0.0,0.02564102564102564,0.0,0.02564102564102564,0.02564102564102564,0.0,0.02564102564102564,0.05128205128205128,0.02564102564102564,0.02564102564102564,0.02564102564102564,0.02564102564102564,0.0,0.0,0.0,0.0,0.02564102564102564,0.0,0.02564102564102564,0.0,0.02564102564102564,0.02564102564102564,0.0,0.0,2.9240244208650217,3.0,0.9746748069550072,0.1794871794871795,obj227,fld2,0
0.125,0.1,0.1,0.1,0.025,0.1,0.2,0.25,8,0.25,7,0.02564102564102564,0.02564102564102564,0.02564102564102564,0.0,0.0,0.0,0.0,0.05128205128205128,0.02564102564102564,0.02564102564102564,0.0,0.0,0.0,0.0,0.02564102564102564,0.02564102564102564,0.0,0.0,0.0,0.0,0.02564102564102564,0.05128205128205128,0.02564102564102564,0.0,0.02564102564102564,0.02564102564102564,0.0,0.0,0.0,0.0,0.0,0.02564102564102564,0.0,0.0,0.0,0.0,0.0,0.0,0.0,0.02564102564102564,0.0,0.0,0.0,0.02564102564102564,0.0,0.02564102564102564,0.05128205128205128,0.0,0.0,0.02564102564102564,0.05128205128205128,0.02564102564102564,0.0,0.02564102564102564,0.02564102564102564,0.05128205128205128,0.05128205128205128,0.0,0.0,0.05128205128205128,0.0,0.0,0.07692307692307693,0.07692307692307693,0.02564102564102564,0.02564102564102564,0.02564102564102564,0.0,0.0,0.0,0.0,0.05128205128205128,0.02564102564102564,0.02564102564102564,0.0,0.0,0.0,0.0,0.02564102564102564,0.02564102564102564,0.0,0.0,0.0,0.0,0.02564102564102564,0.05128205128205128,0.02564102564102564,0.0,0.02564102564102564,0.02564102564102564,0.0,0.0,0.0,0.0,0.0,0.02564102564102564,0.0,0.0,0.0,0.0,0.0,0.0,0.0,0.02564102564102564,0.0,0.0,0.0,0.02564102564102564,0.0,0.02564102564102564,0.05128205128205128,0.0,0.0,0.02564102564102564,0.05128205128205128,0.02564102564102564,0.0,0.02564102564102564,0.02564102564102564,0.05128205128205128,0.05128205128205128,0.0,0.0,0.05128205128205128,0.0,0.0,0.07692307692307693,0.07692307692307693,2.8012050593046016,3.0,0.9337350197682005,0.1794871794871795,obj228,fld4,0
0.075,0.15,0.075,0.1,0.15,0.125,0.15,0.175,8,0.175,7,0.0,0.0,0.0,0.0,0.02564102564102564,0.05128205128205128,0.0,0.0,0.0,0.02564102564102564,0.0,0.0,0.05128205128205128,0.0,0.02564102564102564,0.05128205128205128,0.0,0.07692307692307693,0.0,0.0,0.0,0.0,0.0,0.0,0.02564102564102564,0.0,0.0,0.02564102564102564,0.0,0.0,0.0,0.05128205128205128,0.02564102564102564,0.02564102564102564,0.05128205128205128,0.02564102564102564,0.0,0.0,0.0,0.02564102564102564,0.0,0.0,0.0,0.0,0.02564102564102564,0.02564102564102564,0.02564102564102564,0.05128205128205128,0.0,0.02564102564102564,0.0,0.02564102564102564,0.02564102564102564,0.05128205128205128,0.0,0.0,0.02564102564102564,0.0,0.02564102564102564,0.0,0.02564102564102564,0.0,0.10256410256410256,0.0,0.0,0.0,0.0,0.0,0.02564102564102564,0.05128205128205128,0.0,0.0,0.0,0.02564102564102564,0.0,0.0,0.05128205128205128,0.0,0.02564102564102564,0.05128205128205128,0.0,0.07692307692307693,0.0,0.0,0.0,0.0,0.0,0.0,0.02564102564102564,0.0,0.0,0.02564102564102564,0.0,0.0,0.0,0.05128205128205128,0.02564102564102564,0.02564102564102564,0.05128205128205128,0.02564102564102564,0.0,0.0,0.0,0.02564102564102564,0.0,0.0,0.0,0.0,0.02564102564102564,0.02564102564102564,0.02564102564102564,0.05128205128205128,0.0,0.02564102564102564,0.0,0.02564102564102564,0.02564102564102564,0.05128205128205128,0.0,0.0,0.02564102564102564,0.0,0.02564102564102564,0.0,0.02564102564102564,0.0,0.10256410256410256,0.0,2.939422471233667,3.0,0.9798074904112224,0.07692307692307693,obj229,fld3,1
0.15,0.125,0.2,0.175,0.025,0.05,0.225,0.05,8,0.225,6,0.02564102564102564,0.05128205128205128,0.02564102564102564,0.0,0.02564102564102564,0.0,0.02564102564102564,0.0,0.0,0.0,0.0,0.02564102564102564,0.0,0.02564102564102564,0.05128205128205128,0.0,0.02564102564102564,0.0,0.02564102564102564,0.05128205128205128,0.0,0.0,0.07692307692307693,0.02564102564102564,0.05128205128205128,0.02564102564102564,0.05128205128205128,0.02564102564102564,0.0,0.02564102564102564,0.0,0.0,0.0,0.0,0.02564102564102564,0.0,0.0,0.0,0.0,0.0,0.02564102564102564,0.0,0.0,0.02564102564102564,0.0,0.0,0.0,0.0,0.0,0.05128205128205128,0.07692307692307693,0.02564102564102564,0.0,0.0,0.05128205128205128,0.02564102564102564,0.0,0.0,0.0,0.02564102564102564,0.0,0.0,0.02564102564102564,0.0,0.02564102564102564,0.05128205128205128,0.02564102564102564,0.0,0.02564102564102564,0.0,0.02564102564102564,0.0,0.0,0.0,0.0,0.02564102564102564,0.0,0.02564102564102564,0.05128205128205128,0.0,0.02564102564102564,0.0,0.02564102564102564,0.05128205128205128,0.0,0.0,0.07692307692307693,0.02564102564102564,0.05128205128205128,0.02564102564102564,0.05128205128205128,0.02564102564102564,0.0,0.02564102564102564,0.0,0.0,0.0,0.0,0.02564102564102564,0.0,0.0,0.0,0.0,0.0,0.02564102564102564,0.0,0.0,0.02564102564102564,0.0,0.0,0.0,0.0,0.0,0.05128205128205128,0.07692307692307693,0.02564102564102564,0.0,0.0,0.05128205128205128,0.02564102564102564,0.0,0.0,0.0,0.02564102564102564,0.0,0.0,0.02564102564102564,0.0,2.7394224712336674,3.0,0.9131408237445559,0.1282051282051282,obj230,fld5,0
0.1,0.15,0.125,0.175,0.075,0.175,0.075,0.125,8,0.175,3,0.02564102564102564,0.0,0.0,0.05128205128205128,0.0,0.0,0.0,0.02564102564102564,0.02564102564102564,0.0,0.02564102564102564,0.0,0.0,0.02564102564102564,0.02564102564102564,0.05128205128205128,0.0,0.0,0.02564102564102564,0.0,0.02564102564102564,0.05128205128205128,0.0,0.0,0.0,0.05128205128205128,0.02564102564102564,0.05128205128205128,0.02564102564102564,0.02564102564102564,0.0,0.0,0.0,0.02564102564102564,0.0,0.0,0.02564102564102564,0.02564102564102564,0.0,0.0,0.02564102564102564,0.05128205128205128,0.0,0.02564102564102564,0.0,0.0,0.05128205128205128,0.02564102564102564,0.0,0.0,0.0,0.02564102564102564,0.0,0.02564102564102564,0.0,0.02564102564102564,0.0,0.02564102564102564,0.05128205128205128,0.02564102564102564,0.0,0.02564102564102564,0.0,0.0,0.02564102564102564,0.0,0.0,0.05128205128205128,0.0,0.0,0.0,0.02564102564102564,0.02564102564102564,0.0,0.02564102564102564,0.0,0.0,0.02564102564102564,0.02564102564102564,0.05128205128205128,0.0,0.0,0.02564102564102564,0.0,0.02564102564102564,0.05128205128205128,0.0,0.0,0.0,0.05128205128205128,0.02564102564102564,0.05128205128205128,0.02564102564102564,0.02564102564102564,0.0,0.0,0.0,0.02564102564102564,0.0,0.0,0.02564102564102564,0.02564102564102564,0.0,0.0,0.02564102564102564,0.05128205128205128,0.0,0.02564102564102564,0.0,0.0,0.05128205128205128,0.02564102564102564,0.0,0.0,0.0,0.02564102564102564,0.0,0.02564102564102564,0.0,0.02564102564102564,0.0,0.02564102564102564,0.05128205128205128,0.02564102564102564,0.0,0.02564102564102564,0.0,0.0,2.9333830982290134,3.0,0.9777943660763379,0.1282051282051282,obj231,fld5,1
0.1,0.125,0.125,0.125,0.075,0.075,0.175,0.2,8,0.2,7,0.0,0.02564102564102564,0.0,0.02564102564102564,0.0,0.02564102564102564,0.0,0.02564102564102564,0.02564102564102564,0.0,0.02564102564102564,0.0,0.0,0.02564102564102564,0.02564102564102564,0.02564102564102564,0.0,0.0,0.02564102564102564,0.0,0.0,0.0,0.02564102564102564,0.07692307692307693,0.0,0.0,0.02564102564102564,0.0,0.0,0.0,0.05128205128205128,0.05128205128205128,0.02564102564102564,0.02564102564102564,0.0,0.0,0.02564102564102564,0.0,0.0,0.0,0.0,0.0,0.02564102564102564,0.02564102564102564,0.02564102564102564,0.0,0.0,0.0,0.05128205128205128,0.02564102564102564,0.0,0.02564102564102564,0.02564102564102564,0.0,0.02564102564102564,0.0,0.0,0.05128205128205128,0.02564102564102564,0.05128205128205128,0.0,0.02564102564102564,0.02564102564102564,0.02564102564102564,0.0,0.02564102564102564,0.0,0.02564102564102564,0.0,0.02564102564102564,0.0,0.02564102564102564,0.02564102564102564,0.0,0.02564102564102564,0.0,0.0,0.02564102564102564,0.02564102564102564,0.02564102564102564,0.0,0.0,0.02564102564102564,0.0,0.0,0.0,0.02564102564102564,0.07692307692307693,0.0,0.0,0.02564102564102564,0.0,0.0,0.0,0.05128205128205128,0.05128205128205128,0.02564102564102564,0.02564102564102564,0.0,0.0,0.02564102564102564,0.0,0.0,0.0,0.0,0.0,0.02564102564102564,0.02564102564102564,0.02564102564102564,0.0,0.0,0.0,0.05128205128205128,0.02564102564102564,0.0,0.02564102564102564,0.02564102564102564,0.0,0.02564102564102564,0.0,0.0,0.05128205128205128,0.02564102564102564,0.05128205128205128,0.0,0.02564102564102564,0.02564102564102564,0.02564102564102564,2.922173572836347,3.0,0.9740578576121157,0.10256410256410256,obj232,fld4,0
0.125,0.175,0.1,0.125,0.1,0.125,0.125,0.125,8,0.175,1,0.02564102564102564,0.05128205128205128,0.0,0.0,0.0,0.02564102564102564,0.02564102564102564,0.0,0.0,0.02564102564102564,0.02564102564102564,0.0,0.02564102564102564,0.07692307692307693,0.02564102564102564,0.0,0.0,0.02564102564102564,0.0,0.0,0.05128205128205128,0.0,0.0,0.02564102564102564,0.02564102564102564,0.02564102564102564,0.02564102564102564,0.0,0.0,0.0,0.0,0.02564102564102564,0.05128205128205128,0.0,0.02564102564102564,0.02564102564102564,0.0,0.0,0.0,0.0,0.0,0.0,0.02564102564102564,0.02564102564102564,0.0,0.0,0.05128205128205128,0.02564102564102564,0.02564102564102564,0.02564102564102564,0.0,0.02564102564102564,0.02564102564102564,0.0,0.0,0.02564102564102564,0.0,0.0,0.0,0.05128205128205128,0.0,0.02564102564102564,0.02564102564102564,0.02564102564102564,0.02564102564102564,0.05128205128205128,0.0,0.0,0.0,0.02564102564102564,0.02564102564102564,0.0,0.0,0.02564102564102564,0.02564102564102564,0.0,0.02564102564102564,0.07692307692307693,0.02564102564102564,0.0,0.0,0.02564102564102564,0.0,0.0,0.05128205128205128,0.0,0.0,0.02564102564102564,0.02564102564102564,0.02564102564102564,0.02564102564102564,0.0,0.0,0.0,0.0,0.02564102564102564,0.05128205128205128,0.0,0.02564102564102564,0.02564102564102564,0.0,0.0,0.0,0.0,0.0,0.0,0.02564102564102564,0.02564102564102564,0.0,0.0,0.05128205128205128,0.02564102564102564,0.02564102564102564,0.02564102564102564,0.0,0.02564102564102564,0.02564102564102564,0.0,0.0,0.02564102564102564,0.0,0.0,0.0,0.05128205128205128,0.0,0.02564102564102564,0.02564102564102564,0.02564102564102564,2.97943592422268,3.0,0.9931453080742267,0.07692307692307693,obj233,fld5,0
0.1,0.175,0.125,0.075,0.2,0.15,0.05,0.125,8,0.2,4,0.0,0.02564102564102564,0.0,0.0,0.02564102564102564,0.02564102564102564,0.0,0.02564102564102564,0.0,0.05128205128205128,0.02564102564102564,0.0,0.05128205128205128,0.02564102564102564,0.0,0.0,0.02564102564102564,0.0,0.0,0.02564102564102564,0.02564102564102564,0.02564102564102564,0.0,0.02564102564102564,0.0,0.02564102564102564,0.02564102564102564,0.02564102564102564,0.0,0.0,0.0,0.0,0.02564102564102564,0.02564102564102564,0.02564102564102564,0.0,0.07692307692307693,0.02564102564102564,0.0,0.02564102564102564,0.02564102564102564,0.02564102564102564,0.02564102564102564,0.02564102564102564,0.02564102564102564,0.0,0.0,0.02564102564102564,0.0,0.0,0.02564102564102564,0.0,0.0,0.02564102564102564,0.0,0.0,0.0,0.02564102564102564,0.0,0.0,0.0,0.02564102564102564,0.05128205128205128,0.02564102564102564,0.0,0.02564102564102564,0.0,0.0,0.02564102564102564,0.02564102564102564,0.0,0.02564102564102564,0.0,0.05128205128205128,0.02564102564102564,0.0,0.05128205128205128,0.02564102564102564,0.0,0.0,0.02564102564102564,0.0,0.0,0.02564102564102564,0.02564102564102564,0.02564102564102564,0.0,0.02564102564102564,0.0,0.02564102564102564,0.02564102564102564,0.02564102564102564,0.0,0.0,0.0,0.0,0.02564102564102564,0.02564102564102564,0.02564102564102564,0.0,0.07692307692307693,0.02564102564102564,0.0,0.02564102564102564,0.02564102564102564,0.02564102564102564,0.02564102564102564,0.02564102564102564,0.02564102564102564,0.0,0.0,0.02564102564102564,0.0,0.0,0.02564102564102564,0.0,0.0,0.02564102564102564,0.0,0.0,0.0,0.02564102564102564,0.0,0.0,0.0,0.02564102564102564,0.05128205128205128,0.02564102564102564,2.893542397143181,3.0,0.9645141323810603,0.1794871794871795,obj234,fld2,1
0.1,0.05,0.1,0.075,0.1,0.2,0.175,0.2,8,0.2,5,0.0,0.02564102564102564,0.0,0.02564102564102564,0.0,0.02564102564102564,0.0,0.02564102564102564,0.02564102564102564,0.0,0.0,0.0,0.0,0.0,0.0,0.02564102564102564,0.0,0.0,0.02564102564102564,0.02564102564102564,0.02564102564102564,0.0,0.02564102564102564,0.0,0.0,0.02564102564102564,0.02564102564102564,0.0,0.0,0.0,0.0,0.02564102564102564,0.0,0.0,0.02564102564102564,0.0,0.0,0.02564102564102564,0.05128205128205128,0.0,0.02564102564102564,0.0,0.0,0.02564102564102564,0.0,0.05128205128205128,0.05128205128205128,0.05128205128205128,0.05128205128205128,0.0,0.02564102564102564,0.0,0.02564102564102564,0.02564102564102564,0.02564102564102564,0.0,0.0,0.0,0.0,0.0,0.02564102564102564,0.07692307692307693,0.02564102564102564,0.07692307692307693,0.0,0.02564102564102564,0.0,0.02564102564102564,0.0,0.02564102564102564,0.0,0.02564102564102564,0.02564102564102564,0.0,0.0,0.0,0.0,0.0,0.0,0.02564102564102564,0.0,0.0,0.02564102564102564,0.02564102564102564,0.02564102564102564,0.0,0.02564102564102564,0.0,0.0,0.02564102564102564,0.02564102564102564,0.0,0.0,0.0,0.0,0.02564102564102564,0.0,0.0,0.02564102564102564,0.0,0.0,0.02564102564102564,0.05128205128205128,0.0,0.02564102564102564,0.0,0.0,0.02564102564102564,0.0,0.05128205128205128,0.05128205128205128,0.05128205128205128,0.05128205128205128,0.0,0.02564102564102564,0.0,0.02564102564102564,0.02564102564102564,0.02564102564102564,0.0,0.0,0.0,0.0,0.0,0.02564102564102564,0.07692307692307693,0.02564102564102564,0.07692307692307693,2.861768795973195,3.0,0.953922931991065,0.1794871794871795,obj235,fld2,1
0.1,0.15,0.125,0.2,0.15,0.15,0.05,0.075,8,0.2,3,0.0,0.0,0.0,0.02564102564102564,0.05128205128205128,0.0,0.02564102564102564,0.0,0.02564102564102564,0.02564102564102564,0.02564102564102564,0.0,0.0,0.02564102564102564,0.02564102564102564,0.02564102564102564,0.02564102564102564,0.0,0.02564102564102564,0.02564102564102564,0.0,0.02564102564102564,0.0,0.0,0.05128205128205128,0.02564102564102564,0.02564102564102564,0.07692307692307693,0.0,0.02564102564102564,0.0,0.0,0.0,0.05128205128205128,0.0,0.0,0.02564102564102564,0.07692307692307693,0.0,0.0,0.0,0.05128205128205128,0.0,0.02564102564102564,0.07692307692307693,0.0,0.0,0.0,0.0,0.0,0.02564102564102564,0.0,0.0,0.0,0.0,0.02564102564102564,0.0,0.0,0.02564102564102564,0.02564102564102564,0.0,0.0,0.0,0.02564102564102564,0.0,0.0,0.0,0.02564102564102564,0.05128205128205128,0.0,0.02564102564102564,0.0,0.02564102564102564,0.02564102564102564,0.02564102564102564,0.0,0.0,0.02564102564102564,0.02564102564102564,0.02564102564102564,0.02564102564102564,0.0,0.02564102564102564,0.02564102564102564,0.0,0.02564102564102564,0.0,0.0,0.05128205128205128,0.02564102564102564,0.02564102564102564,0.07692307692307693,0.0,0.02564102564102564,0.0,0.0,0.0,0.05128205128205128,0.0,0.0,0.02564102564102564,0.07692307692307693,0.0,0.0,0.0,0.05128205128205128,0.0,0.02564102564102564,0.07692307692307693,0.0,0.0,0.0,0.0,0.0,0.02564102564102564,0.0,0.0,0.0,0.0,0.02564102564102564,0.0,0.0,0.02564102564102564,0.02564102564102564,0.0,0.0,0.0,0.02564102564102564,2.899581770147835,3.0,0.966527256715945,0.1794871794871795,obj236,fld3,0
0.125,0.175,0.1,0.175,0.225,0.05,0.05,0.1,8,0.225,4,0.0,0.02564102564102564,0.0,0.02564102564102564,0.05128205128205128,0.0,0.0,0.02564102564102564,0.02564102564102564,0.02564102564102564,0.05128205128205128,0.02564102564102564,0.0,0.0,0.0,0.05128205128205128,0.0,0.0,0.02564102564102564,0.05128205128205128,0.02564102564102564,0.0,0.0,0.0,0.05128205128205128,0.05128205128205128,0.0,0.02564102564102564,0.02564102564102564,0.0,0.02564102564102564,0.0,0.02564102564102564,0.05128205128205128,0.02564102564102564,0.02564102564102564,0.02564102564102564,0.02564102564102564,0.02564102564102564,0.02564102564102564,0.0,0.02564102564102564,0.0,0.02564102564102564,0.0,0.0,0.0,0.0,0.02564102564102564,0.0,0.0,0.0,0.02564102564102564,0.0,0.0,0.0,0.0,0.0,0.0,0.0,0.05128205128205128,0.02564102564102564,0.0,0.0,0.0,0.02564102564102564,0.0,0.02564102564102564,0.05128205128205128,0.0,0.0,0.02564102564102564,0.02564102564102564,0.02564102564102564,0.05128205128205128,0.02564102564102564,0.0,0.0,0.0,0.05128205128205128,0.0,0.0,0.02564102564102564,0.05128205128205128,0.02564102564102564,0.0,0.0,0.0,0.05128205128205128,0.05128205128205128,0.0,0.02564102564102564,0.02564102564102564,0.0,0.02564102564102564,0.0,0.02564102564102564,0.05128205128205128,0.02564102564102564,0.02564102564102564,0.02564102564102564,0.02564102564102564,0.02564102564102564,0.02564102564102564,0.0,0.02564102564102564,0.0,0.02564102564102564,0.0,0.0,0.0,0.0,0.02564102564102564,0.0,0.0,0.0,0.02564102564102564,0.0,0.0,0.0,0.0,0.0,0.0,0.0,0.05128205128205128,0.02564102564102564,0.0,0.0,2.8358797349817606,3.0,0.9452932449939202,0.10256410256410256,obj237,fld2,0
0.125,0.075,0.15,0.15,0.075,0.075,0.175,0.175,8,0.175,7,0.02564102564102564,0.0,0.02564102564102564,0.02564102564102564,0.0,0.0,0.0,0.02564102564102564,0.02564102564102564,0.0,0.0,0.05128205128205128,0.0,0.0,0.0,0.0,0.02564102564102564,0.0,0.0,0.02564102564102564,0.02564102564102564,0.05128205128205128,0.02564102564102564,0.0,0.0,0.02564102564102564,0.02564102564102564,0.0,0.02564102564102564,0.0,0.0,0.07692307692307693,0.02564102564102564,0.0,0.02564102564102564,0.0,0.0,0.0,0.02564102564102564,0.0,0.0,0.0,0.02564102564102564,0.0,0.0,0.02564102564102564,0.0,0.02564102564102564,0.02564102564102564,0.02564102564102564,0.0,0.02564102564102564,0.02564102564102564,0.0,0.07692307692307693,0.0,0.0,0.0,0.05128205128205128,0.02564102564102564,0.0,0.0,0.05128205128205128,0.05128205128205128,0.02564102564102564,0.0,0.02564102564102564,0.02564102564102564,0.0,0.0,0.0,0.02564102564102564,0.02564102564102564,0.0,0.0,0.05128205128205128,0.0,0.0,0.0,0.0,0.02564102564102564,0.0,0.0,0.02564102564102564,0.02564102564102564,0.05128205128205128,0.02564102564102564,0.0,0.0,0.02564102564102564,0.02564102564102564,0.0,0.02564102564102564,0.0,0.0,0.07692307692307693,0.02564102564102564,0.0,0.02564102564102564,0.0,0.0,0.0,0.02564102564102564,0.0,0.0,0.0,0.02564102564102564,0.0,0.0,0.02564102564102564,0.0,0.02564102564102564,0.02564102564102564,0.02564102564102564,0.0,0.02564102564102564,0.02564102564102564,0.0,0.07692307692307693,0.0,0.0,0.0,0.05128205128205128,0.02564102564102564,0.0,0.0,0.05128205128205128,0.05128205128205128,2.917007547427673,3.0,0.9723358491425577,0.1794871794871795,obj238,fld3,0
0.15,0.075,0.15,0.075,0.175,0.1,0.15,0.125,8,0.175,4,0.0,0.0,0.02564102564102564,0.0,0.05128205128205128,0.02564102564102564,0.02564102564102564,0.02564102564102564,0.02564102564102564,0.02564102564102564,0.0,0.0,0.0,0.0,0.0,0.02564102564102564,0.05128205128205128,0.02564102564102564,0.0,0.02564102564102564,0.0,0.02564102564102564,0.02564102564102564,0.0,0.0,0.0,0.0,0.0,0.0,0.02564102564102564,0.02564102564102564,0.02564102564102564,0.0,0.02564102564102564,0.02564102564102564,0.0,0.02564102564102564,0.0,0.07692307692307693,0.02564102564102564,0.0,0.0,0.05128205128205128,0.0,0.05128205128205128,0.0,0.0,0.0,0.05128205128205128,0.0,0.02564102564102564,0.05128205128205128,0.02564102564102564,0.0,0.0,0.0,0.0,0.0,0.02564102564102564,0.0,0.02564102564102564,0.02564102564102564,0.0,0.02564102564102564,0.0,0.0,0.02564102564102564,0.0,0.05128205128205128,0.02564102564102564,0.02564102564102564,0.02564102564102564,0.02564102564102564,0.02564102564102564,0.0,0.0,0.0,0.0,0.0,0.02564102564102564,0.05128205128205128,0.02564102564102564,0.0,0.02564102564102564,0.0,0.02564102564102564,0.02564102564102564,0.0,0.0,0.0,0.0,0.0,0.0,0.02564102564102564,0.02564102564102564,0.02564102564102564,0.0,0.02564102564102564,0.02564102564102564,0.0,0.02564102564102564,0.0,0.07692307692307693,0.02564102564102564,0.0,0.0,0.05128205128205128,0.0,0.05128205128205128,0.0,0.0,0.0,0.05128205128205128,0.0,0.02564102564102564,0.05128205128205128,0.02564102564102564,0.0,0.0,0.0,0.0,0.0,0.02564102564102564,0.0,0.02564102564102564,0.02564102564102564,0.0,0.02564102564102564,2.9394224712336676,3.0,0.9798074904112225,0.07692307692307693,obj239,fld2,0
0.1,0.05,0.15,0.2,0.1,0.15,0.075,0.175,8,0.2,3,0.02564102564102564,0.0,0.0,0.0,0.0,0.0,0.0,0.07692307692307693,0.0,0.02564102564102564,0.0,0.0,0.0,0.02564102564102564,0.0,0.0,0.02564102564102564,0.0,0.02564102564102564,0.07692307692307693,0.0,0.02564102564102564,0.0,0.0,0.0,0.0,0.07692307692307693,0.02564102564102564,0.0,0.05128205128205128,0.0,0.05128205128205128,0.0,0.02564102564102564,0.02564102564102564,0.0,0.02564102564102564,0.0,0.02564102564102564,0.0,0.02564102564102564,0.0,0.02564102564102564,0.05128205128205128,0.02564102564102564,0.0,0.0,0.0,0.02564102564102564,0.0,0.0,0.0,0.0,0.02564102564102564,0.0,0.02564102564102564,0.0,0.0,0.0,0.05128205128205128,0.05128205128205128,0.02564102564102564,0.02564102564102564,0.02564102564102564,0.02564102564102564,0.0,0.0,0.0,0.0,0.0,0.0,0.07692307692307693,0.0,0.02564102564102564,0.0,0.0,0.0,0.02564102564102564,0.0,0.0,0.02564102564102564,0.0,0.02564102564102564,0.07692307692307693,0.0,0.02564102564102564,0.0,0.0,0.0,0.0,0.07692307692307693,0.02564102564102564,0.0,0.05128205128205128,0.0,0.05128205128205128,0.0,0.02564102564102564,0.02564102564102564,0.0,0.02564102564102564,0.0,0.02564102564102564,0.0,0.02564102564102564,0.0,0.02564102564102564,0.05128205128205128,0.02564102564102564,0.0,0.0,0.0,0.02564102564102564,0.0,0.0,0.0,0.0,0.02564102564102564,0.0,0.02564102564102564,0.0,0.0,0.0,0.05128205128205128,0.05128205128205128,0.02564102564102564,0.02564102564102564,0.02564102564102564,2.8862800457568483,3.0,0.9620933485856161,0.15384615384615385,obj240,fld5,1
0.125,0.1,0.175,0.2,0.125,0.125,0.075,0.075,8,0.2,3,0.02564102564102564,0.0,0.05128205128205128,0.0,0.0,0.02564102564102564,0.0,0.02564102564102564,0.0,0.0,0.02564102564102564,0.02564102564102564,0.02564102564102564,0.0,0.02564102564102564,0.0,0.0,0.05128205128205128,0.0,0.05128205128205128,0.05128205128205128,0.02564102564102564,0.0,0.0,0.05128205128205128,0.02564102564102564,0.0,0.05128205128205128,0.0,0.07692307692307693,0.0,0.0,0.02564102564102564,0.02564102564102564,0.0,0.05128205128205128,0.0,0.0,0.0,0.0,0.02564102564102564,0.0,0.05128205128205128,0.02564102564102564,0.02564102564102564,0.0,0.0,0.0,0.0,0.0,0.0,0.0,0.02564102564102564,0.0,0.02564102564102564,0.02564102564102564,0.0,0.0,0.05128205128205128,0.0,0.0,0.0,0.0,0.02564102564102564,0.02564102564102564,0.0,0.05128205128205128,0.0,0.0,0.02564102564102564,0.0,0.02564102564102564,0.0,0.0,0.02564102564102564,0.02564102564102564,0.02564102564102564,0.0,0.02564102564102564,0.0,0.0,0.05128205128205128,0.0,0.05128205128205128,0.05128205128205128,0.02564102564102564,0.0,0.0,0.05128205128205128,0.02564102564102564,0.0,0.05128205128205128,0.0,0.07692307692307693,0.0,0.0,0.02564102564102564,0.02564102564102564,0.0,0.05128205128205128,0.0,0.0,0.0,0.0,0.02564102564102564,0.0,0.05128205128205128,0.02564102564102564,0.02564102564102564,0.0,0.0,0.0,0.0,0.0,0.0,0.0,0.02564102564102564,0.0,0.02564102564102564,0.02564102564102564,0.0,0.0,0.05128205128205128,0.0,0.0,0.0,0.0,0.02564102564102564,2.922173572836347,3.0,0.9740578576121157,0.1282051282051282,obj241,fld4,1
0.075,0.175,0.15,0.1,0.125,0.05,0.15,0.175,8,0.175,1,0.0,0.02564102564102564,0.02564102564102564,0.0,0.0,0.0,0.0,0.02564102564102564,0.05128205128205128,0.02564102564102564,0.02564102564102564,0.02564102564102564,0.02564102564102564,0.0,0.0,0.02564102564102564,0.02564102564102564,0.02564102564102564,0.0,0.02564102564102564,0.05128205128205128,0.0,0.0,0.02564102564102564,0.0,0.02564102564102564,0.02564102564102564,0.0,0.02564102564102564,0.0,0.02564102564102564,0.0,0.0,0.0,0.05128205128205128,0.0,0.0,0.0,0.05128205128205128,0.0,0.0,0.02564102564102564,0.02564102564102564,0.0,0.0,0.0,0.0,0.0,0.0,0.05128205128205128,0.0,0.0,0.0,0.02564102564102564,0.02564102564102564,0.05128205128205128,0.0,0.0,0.0,0.05128205128205128,0.02564102564102564,0.02564102564102564,0.02564102564102564,0.05128205128205128,0.0,0.02564102564102564,0.02564102564102564,0.0,0.0,0.0,0.0,0.02564102564102564,0.05128205128205128,0.02564102564102564,0.02564102564102564,0.02564102564102564,0.02564102564102564,0.0,0.0,0.02564102564102564,0.02564102564102564,0.02564102564102564,0.0,0.02564102564102564,0.05128205128205128,0.0,0.0,0.02564102564102564,0.0,0.02564102564102564,0.02564102564102564,0.0,0.02564102564102564,0.0,0.02564102564102564,0.0,0.0,0.0,0.05128205128205128,0.0,0.0,0.0,0.05128205128205128,0.0,0.0,0.02564102564102564,0.02564102564102564,0.0,0.0,0.0,0.0,0.0,0.0,0.05128205128205128,0.0,0.0,0.0,0.02564102564102564,0.02564102564102564,0.05128205128205128,0.0,0.0,0.0,0.05128205128205128,0.02564102564102564,0.02564102564102564,0.02564102564102564,0.05128205128205128,2.904751922535847,3.0,0.9682506408452823,0.10256410256410256,obj242,fld2,1
0.1,0.1,0.05,0.125,0.05,0.3,0.175,0.1,8,0.3,5,0.0,0.0,0.0,0.0,0.02564102564102564,0.02564102564102564,0.02564102564102564,0.02564102564102564,0.0,0.0,0.0,0.05128205128205128,0.0,0.05128205128205128,0.0,0.0,0.0,0.0,0.0,0.0,0.0,0.02564102564102564,0.0,0.02564102564102564,0.05128205128205128,0.02564102564102564,0.02564102564102564,0.0,0.0,0.0,0.02564102564102564,0.0,0.0,0.0,0.0,0.0,0.0,0.02564102564102564,0.02564102564102564,0.0,0.02564102564102564,0.02564102564102564,0.0,0.07692307692307693,0.0,0.07692307692307693,0.05128205128205128,0.05128205128205128,0.02564102564102564,0.02564102564102564,0.0,0.0,0.0,0.07692307692307693,0.02564102564102564,0.0,0.0,0.0,0.02564102564102564,0.0,0.02564102564102564,0.02564102564102564,0.02564102564102564,0.0,0.0,0.0,0.0,0.0,0.02564102564102564,0.02564102564102564,0.02564102564102564,0.02564102564102564,0.0,0.0,0.0,0.05128205128205128,0.0,0.05128205128205128,0.0,0.0,0.0,0.0,0.0,0.0,0.0,0.02564102564102564,0.0,0.02564102564102564,0.05128205128205128,0.02564102564102564,0.02564102564102564,0.0,0.0,0.0,0.02564102564102564,0.0,0.0,0.0,0.0,0.0,0.0,0.02564102564102564,0.02564102564102564,0.0,0.02564102564102564,0.02564102564102564,0.0,0.07692307692307693,0.0,0.07692307692307693,0.05128205128205128,0.05128205128205128,0.02564102564102564,0.02564102564102564,0.0,0.0,0.0,0.07692307692307693,0.02564102564102564,0.0,0.0,0.0,0.02564102564102564,0.0,0.02564102564102564,0.02564102564102564,0.02564102564102564,0.0,2.7649112214500144,3.0,0.9216370738166715,0.10256410256410256,obj243,fld4,1
0.175,0.15,0.125,0.05,0.125,0.225,0.075,0.075,8,0.225,5,0.05128205128205128,0.0,0.02564102564102564,0.02564102564102564,0.02564102564102564,0.02564102564102564,0.0,0.02564102564102564,0.02564102564102564,0.0,0.0,0.0,0.0,0.07692307692307693,0.02564102564102564,0.0,0.02564102564102564,0.02564102564102564,0.02564102564102564,0.0,0.05128205128205128,0.0,0.0,0.0,0.0,0.02564102564102564,0.0,0.0,0.0,0.0,0.02564102564102564,0.0,0.05128205128205128,0.0,0.0,0.0,0.0,0.02564102564102564,0.0,0.05128205128205128,0.02564102564102564,0.05128205128205128,0.02564102564102564,0.02564102564102564,0.02564102564102564,0.05128205128205128,0.02564102564102564,0.0,0.0,0.0,0.02564102564102564,0.0,0.0,0.05128205128205128,0.0,0.0,0.0,0.05128205128205128,0.02564102564102564,0.0,0.0,0.0,0.0,0.0,0.05128205128205128,0.0,0.02564102564102564,0.02564102564102564,0.02564102564102564,0.02564102564102564,0.0,0.02564102564102564,0.02564102564102564,0.0,0.0,0.0,0.0,0.07692307692307693,0.02564102564102564,0.0,0.02564102564102564,0.02564102564102564,0.02564102564102564,0.0,0.05128205128205128,0.0,0.0,0.0,0.0,0.02564102564102564,0.0,0.0,0.0,0.0,0.02564102564102564,0.0,0.05128205128205128,0.0,0.0,0.0,0.0,0.02564102564102564,0.0,0.05128205128205128,0.02564102564102564,0.05128205128205128,0.02564102564102564,0.02564102564102564,0.02564102564102564,0.05128205128205128,0.02564102564102564,0.0,0.0,0.0,0.02564102564102564,0.0,0.0,0.05128205128205128,0.0,0.0,0.0,0.05128205128205128,0.02564102564102564,0.0,0.0,0.0,0.0,0.0,2.8614370842645735,3.0,0.9538123614215245,0.1282051282051282,obj244,fld3,0
0.025,0.125,0.175,0.175,0.1,0.1,0.175,0.125,8,0.175,2,0.0,0.0,0.0,0.0,0.0,0.02564102564102564,0.0,0.0,0.02564102564102564,0.02564102564102564,0.0,0.02564102564102564,0.02564102564102564,0.0,0.0,0.02564102564102564,0.0,0.0,0.02564102564102564,0.0,0.02564102564102564,0.0,0.10256410256410256,0.0,0.0,0.05128205128205128,0.07692307692307693,0.0,0.0,0.02564102564102564,0.02564102564102564,0.0,0.0,0.0,0.0,0.05128205128205128,0.02564102564102564,0.0,0.0,0.02564102564102564,0.0,0.0,0.02564102564102564,0.02564102564102564,0.0,0.0,0.0,0.05128205128205128,0.0,0.02564102564102564,0.02564102564102564,0.05128205128205128,0.02564102564102564,0.02564102564102564,0.02564102564102564,0.0,0.0,0.02564102564102564,0.02564102564102564,0.02564102564102564,0.0,0.0,0.02564102564102564,0.02564102564102564,0.0,0.0,0.0,0.0,0.0,0.02564102564102564,0.0,0.0,0.02564102564102564,0.02564102564102564,0.0,0.02564102564102564,0.02564102564102564,0.0,0.0,0.02564102564102564,0.0,0.0,0.02564102564102564,0.0,0.02564102564102564,0.0,0.10256410256410256,0.0,0.0,0.05128205128205128,0.07692307692307693,0.0,0.0,0.02564102564102564,0.02564102564102564,0.0,0.0,0.0,0.0,0.05128205128205128,0.02564102564102564,0.0,0.0,0.02564102564102564,0.0,0.0,0.02564102564102564,0.02564102564102564,0.0,0.0,0.0,0.05128205128205128,0.0,0.02564102564102564,0.02564102564102564,0.05128205128205128,0.02564102564102564,0.02564102564102564,0.02564102564102564,0.0,0.0,0.02564102564102564,0.02564102564102564,0.02564102564102564,0.0,0.0,0.02564102564102564,0.02564102564102564,2.8675847370852794,3.0,0.9558615790284265,0.1282051282051282,obj245,fld3,0
0.075,0.2,0.1,0.1,0.125,0.075,0.175,0.15,8,0.2,1,0.0,0.0,0.0,0.0,0.05128205128205128,0.0,0.0,0.02564102564102564,0.02564102564102564,0.07692307692307693,0.02564102564102564,0.02564102564102564,0.02564102564102564,0.0,0.02564102564102564,0.0,0.0,0.02564102564102564,0.0,0.0,0.0,0.0,0.02564102564102564,0.02564102564102564,0.0,0.0,0.02564102564102564,0.0,0.0,0.02564102564102564,0.05128205128205128,0.0,0.0,0.0,0.0,0.0,0.05128205128205128,0.02564102564102564,0.02564102564102564,0.02564102564102564,0.0,0.0,0.0,0.05128205128205128,0.0,0.0,0.0,0.02564102564102564,0.05128205128205128,0.05128205128205128,0.02564102564102564,0.02564102564102564,0.0,0.0,0.02564102564102564,0.0,0.0,0.05128205128205128,0.02564102564102564,0.0,0.0,0.0,0.02564102564102564,0.05128205128205128,0.0,0.0,0.0,0.0,0.05128205128205128,0.0,0.0,0.02564102564102564,0.02564102564102564,0.07692307692307693,0.02564102564102564,0.02564102564102564,0.02564102564102564,0.0,0.02564102564102564,0.0,0.0,0.02564102564102564,0.0,0.0,0.0,0.0,0.02564102564102564,0.02564102564102564,0.0,0.0,0.02564102564102564,0.0,0.0,0.02564102564102564,0.05128205128205128,0.0,0.0,0.0,0.0,0.0,0.05128205128205128,0.02564102564102564,0.02564102564102564,0.02564102564102564,0.0,0.0,0.0,0.05128205128205128,0.0,0.0,0.0,0.02564102564102564,0.05128205128205128,0.05128205128205128,0.02564102564102564,0.02564102564102564,0.0,0.0,0.02564102564102564,0.0,0.0,0.05128205128205128,0.02564102564102564,0.0,0.0,0.0,0.02564102564102564,0.05128205128205128,2.9149112214500144,3.0,0.9716370738166714,0.20512820512820512,obj246,fld1,0
0.125,0.2,0.125,0.125,0.125,0.1,0.1,0.1,8,0.2,1,0.02564102564102564,0.0,0.0,0.0,0.0,0.0,0.05128205128205128,0.05128205128205128,0.02564102564102564,0.02564102564102564,0.0,0.02564102564102564,0.05128205128205128,0.02564102564102564,0.05128205128205128,0.0,0.02564102564102564,0.0,0.05128205128205128,0.0,0.0,0.0,0.0,0.05128205128205128,0.02564102564102564,0.02564102564102564,0.02564102564102564,0.02564102564102564,0.02564102564102564,0.0,0.0,0.0,0.02564102564102564,0.05128205128205128,0.02564102564102564,0.02564102564102564,0.0,0.0,0.0,0.0,0.0,0.02564102564102564,0.0,0.0,0.0,0.05128205128205128,0.0,0.0,0.0,0.02564102564102564,0.0,0.02564102564102564,0.02564102564102564,0.02564102564102564,0.0,0.0,0.0,0.05128205128205128,0.02564102564102564,0.0,0.02564102564102564,0.0,0.0,0.0,0.02564102564102564,0.0,0.0,0.0,0.0,0.0,0.05128205128205128,0.05128205128205128,0.02564102564102564,0.02564102564102564,0.0,0.02564102564102564,0.05128205128205128,0.02564102564102564,0.05128205128205128,0.0,0.02564102564102564,0.0,0.05128205128205128,0.0,0.0,0.0,0.0,0.05128205128205128,0.02564102564102564,0.02564102564102564,0.02564102564102564,0.02564102564102564,0.02564102564102564,0.0,0.0,0.0,0.02564102564102564,0.05128205128205128,0.02564102564102564,0.02564102564102564,0.0,0.0,0.0,0.0,0.0,0.02564102564102564,0.0,0.0,0.0,0.05128205128205128,0.0,0.0,0.0,0.02564102564102564,0.0,0.02564102564102564,0.02564102564102564,0.02564102564102564,0.0,0.0,0.0,0.05128205128205128,0.02564102564102564,0.0,0.02564102564102564,0.0,0.0,0.0,2.960964047443681,3.0,0.9869880158145604,0.1794871794871795,obj247,fld2,1
0.1,0.125,0.075,0.15,0.2,0.15,0.05,0.15,8,0.2,4,0.0,0.0,0.0,0.02564102564102564,0.02564102564102564,0.02564102564102564,0.0,0.02564102564102564,0.02564102564102564,0.0,0.0,0.0,0.05128205128205128,0.02564102564102564,0.02564102564102564,0.0,0.0,0.0,0.0,0.0,0.05128205128205128,0.02564102564102564,0.0,0.0,0.0,0.02564102564102564,0.0,0.02564102564102564,0.02564102564102564,0.0,0.02564102564102564,0.05128205128205128,0.02564102564102564,0.05128205128205128,0.0,0.05128205128205128,0.0,0.02564102564102564,0.0,0.05128205128205128,0.02564102564102564,0.02564102564102564,0.07692307692307693,0.0,0.02564102564102564,0.0,0.0,0.0,0.02564102564102564,0.0,0.0,0.0,0.02564102564102564,0.0,0.0,0.0,0.0,0.02564102564102564,0.0,0.02564102564102564,0.0,0.05128205128205128,0.0,0.02564102564102564,0.0,0.0,0.0,0.02564102564102564,0.02564102564102564,0.02564102564102564,0.0,0.02564102564102564,0.02564102564102564,0.0,0.0,0.0,0.05128205128205128,0.02564102564102564,0.02564102564102564,0.0,0.0,0.0,0.0,0.0,0.05128205128205128,0.02564102564102564,0.0,0.0,0.0,0.02564102564102564,0.0,0.02564102564102564,0.02564102564102564,0.0,0.02564102564102564,0.05128205128205128,0.02564102564102564,0.05128205128205128,0.0,0.05128205128205128,0.0,0.02564102564102564,0.0,0.05128205128205128,0.02564102564102564,0.02564102564102564,0.07692307692307693,0.0,0.02564102564102564,0.0,0.0,0.0,0.02564102564102564,0.0,0.0,0.0,0.02564102564102564,0.0,0.0,0.0,0.0,0.02564102564102564,0.0,0.02564102564102564,0.0,0.05128205128205128,0.0,0.02564102564102564,2.899581770147835,3.0,0.966527256715945,0.05128205128205128,obj248,fld4,0
0.1,0.1,0.175,0.075,0.2,0.15,0.125,0.075,8,0.2,4,0.02564102564102564,0.0,0.0,0.0,0.0,0.02564102564102564,0.05128205128205128,0.0,0.0,0.0,0.05128205128205128,0.02564102564102564,0.0,0.02564102564102564,0.0,0.0,0.0,0.05128205128205128,0.0,0.02564102564102564,0.0,0.05128205128205128,0.02564102564102564,0.0,0.0,0.0,0.0,0.0,0.0,0.0,0.05128205128205128,0.02564102564102564,0.0,0.0,0.07692307692307693,0.02564102564102564,0.07692307692307693,0.0,0.0,0.02564102564102564,0.02564102564102564,0.02564102564102564,0.02564102564102564,0.0,0.05128205128205128,0.02564102564102564,0.0,0.0,0.0,0.02564102564102564,0.0,0.0,0.05128205128205128,0.02564102564102564,0.0,0.02564102564102564,0.02564102564102564,0.0,0.02564102564102564,0.0,0.02564102564102564,0.0,0.0,0.0,0.02564102564102564,0.0,0.0,0.0,0.0,0.02564102564102564,0.05128205128205128,0.0,0.0,0.0,0.05128205128205128,0.02564102564102564,0.0,0.02564102564102564,0.0,0.0,0.0,0.05128205128205128,0.0,0.02564102564102564,0.0,0.05128205128205128,0.02564102564102564,0.0,0.0,0.0,0.0,0.0,0.0,0.0,0.05128205128205128,0.02564102564102564,0.0,0.0,0.07692307692307693,0.02564102564102564,0.07692307692307693,0.0,0.0,0.02564102564102564,0.02564102564102564,0.02564102564102564,0.02564102564102564,0.0,0.05128205128205128,0.02564102564102564,0.0,0.0,0.0,0.02564102564102564,0.0,0.0,0.05128205128205128,0.02564102564102564,0.0,0.02564102564102564,0.02564102564102564,0.0,0.02564102564102564,0.0,0.02564102564102564,0.0,0.0,0.0,2.9149112214500144,3.0,0.9716370738166714,0.1282051282051282,obj249,fld5,1
0.2,0.15,0.05,0.1,0.1,0.075,0.1,0.225,8,0.225,7,0.05128205128205128,0.07692307692307693,0.02564102564102564,0.0,0.0,0.0,0.0,0.05128205128205128,0.05128205128205128,0.0,0.02564102564102564,0.0,0.0,0.02564102564102564,0.05128205128205128,0.0,0.02564102564102564,0.0,0.0,0.0,0.0,0.02564102564102564,0.0,0.0,0.02564102564102564,0.02564102564102564,0.0,0.0,0.02564102564102564,0.0,0.0,0.0,0.0,0.02564102564102564,0.0,0.0,0.0,0.0,0.0,0.07692307692307693,0.0,0.0,0.0,0.02564102564102564,0.0,0.0,0.02564102564102564,0.02564102564102564,0.02564102564102564,0.02564102564102564,0.0,0.0,0.02564102564102564,0.0,0.0,0.02564102564102564,0.0,0.0,0.0,0.07692307692307693,0.05128205128205128,0.02564102564102564,0.02564102564102564,0.05128205128205128,0.05128205128205128,0.07692307692307693,0.02564102564102564,0.0,0.0,0.0,0.0,0.05128205128205128,0.05128205128205128,0.0,0.02564102564102564,0.0,0.0,0.02564102564102564,0.05128205128205128,0.0,0.02564102564102564,0.0,0.0,0.0,0.0,0.02564102564102564,0.0,0.0,0.02564102564102564,0.02564102564102564,0.0,0.0,0.02564102564102564,0.0,0.0,0.0,0.0,0.02564102564102564,0.0,0.0,0.0,0.0,0.0,0.07692307692307693,0.0,0.0,0.0,0.02564102564102564,0.0,0.0,0.02564102564102564,0.02564102564102564,0.02564102564102564,0.02564102564102564,0.0,0.0,0.02564102564102564,0.0,0.0,0.02564102564102564,0.0,0.0,0.0,0.07692307692307693,0.05128205128205128,0.02564102564102564,0.02564102564102564,0.05128205128205128,2.8520784069005813,3.0,0.9506928023001938,0.10256410256410256,obj250,fld5,0
0.125,0.175,0.125,0.175,0.075,0.075,0.125,0.125,8,0.175,1,0.0,0.02564102564102564,0.02564102564102564,0.05128205128205128,0.0,0.0,0.02564102564102564,0.0,0.05128205128205128,0.0,0.0,0.02564102564102564,0.0,0.05128205128205128,0.02564102564102564,0.02564102564102564,0.02564102564102564,0.02564102564102564,0.0,0.0,0.02564102564102564,0.0,0.02564102564102564,0.0,0.02564102564102564,0.0,0.05128205128205128,0.02564102564102564,0.0,0.0,0.02564102564102564,0.05128205128205128,0.0,0.05128205128205128,0.0,0.0,0.02564102564102564,0.0,0.0,0.0,0.02564102564102564,0.0,0.0,0.02564102564102564,0.0,0.02564102564102564,0.0,0.0,0.0,0.02564102564102564,0.0,0.02564102564102564,0.0,0.0,0.02564102564102564,0.05128205128205128,0.0,0.05128205128205128,0.02564102564102564,0.02564102564102564,0.02564102564102564,0.0,0.0,0.0,0.0,0.02564102564102564,0.02564102564102564,0.05128205128205128,0.0,0.0,0.02564102564102564,0.0,0.05128205128205128,0.0,0.0,0.02564102564102564,0.0,0.05128205128205128,0.02564102564102564,0.02564102564102564,0.02564102564102564,0.02564102564102564,0.0,0.0,0.02564102564102564,0.0,0.02564102564102564,0.0,0.02564102564102564,0.0,0.05128205128205128,0.02564102564102564,0.0,0.0,0.02564102564102564,0.05128205128205128,0.0,0.05128205128205128,0.0,0.0,0.02564102564102564,0.0,0.0,0.0,0.02564102564102564,0.0,0.0,0.02564102564102564,0.0,0.02564102564102564,0.0,0.0,0.0,0.02564102564102564,0.0,0.02564102564102564,0.0,0.0,0.02564102564102564,0.05128205128205128,0.0,0.05128205128205128,0.02564102564102564,0.02564102564102564,0.02564102564102564,0.0,0.0,0.0,2.9406454496153462,3.0,0.980215149871782,0.10256410256410256,obj251,fld4,1
0.175,0.125,0.075,0.05,0.075,0.2,0.15,0.15,8,0.2,5,0.05128205128205128,0.02564102564102564,0.02564102564102564,0.0,0.0,0.05128205128205128,0.0,0.0,0.02564102564102564,0.02564102564102564,0.0,0.02564102564102564,0.0,0.02564102564102564,0.02564102564102564,0.0,0.02564102564102564,0.0,0.02564102564102564,0.0,0.02564102564102564,0.0,0.0,0.0,0.0,0.0,0.0,0.0,0.0,0.02564102564102564,0.02564102564102564,0.0,0.0,0.0,0.0,0.0,0.02564102564102564,0.02564102564102564,0.0,0.02564102564102564,0.02564102564102564,0.0,0.0,0.0,0.02564102564102564,0.07692307692307693,0.0,0.07692307692307693,0.05128205128205128,0.0,0.02564102564102564,0.02564102564102564,0.0,0.0,0.02564102564102564,0.02564102564102564,0.0,0.05128205128205128,0.0,0.0,0.0,0.0,0.07692307692307693,0.02564102564102564,0.05128205128205128,0.02564102564102564,0.02564102564102564,0.0,0.0,0.05128205128205128,0.0,0.0,0.02564102564102564,0.02564102564102564,0.0,0.02564102564102564,0.0,0.02564102564102564,0.02564102564102564,0.0,0.02564102564102564,0.0,0.02564102564102564,0.0,0.02564102564102564,0.0,0.0,0.0,0.0,0.0,0.0,0.0,0.0,0.02564102564102564,0.02564102564102564,0.0,0.0,0.0,0.0,0.0,0.02564102564102564,0.02564102564102564,0.0,0.02564102564102564,0.02564102564102564,0.0,0.0,0.0,0.02564102564102564,0.07692307692307693,0.0,0.07692307692307693,0.05128205128205128,0.0,0.02564102564102564,0.02564102564102564,0.0,0.0,0.02564102564102564,0.02564102564102564,0.0,0.05128205128205128,0.0,0.0,0.0,0.0,0.07692307692307693,0.02564102564102564,2.8771668463418414,3.0,0.9590556154472805,0.2564102564102564,obj252,fld2,0
0.125,0.05,0.225,0.1,0.125,0.075,0.175,0.125,8,0.225,2,0.0,0.0,0.07692307692307693,0.0,0.0,0.0,0.0,0.05128205128205128,0.0,0.0,0.0,0.0,0.02564102564102564,0.02564102564102564,0.0,0.0,0.07692307692307693,0.02564102564102564,0.0,0.05128205128205128,0.0,0.0,0.02564102564102564,0.02564102564102564,0.0,0.0,0.05128205128205128,0.0,0.0,0.0,0.05128205128205128,0.0,0.02564102564102564,0.0,0.02564102564102564,0.0,0.0,0.0,0.02564102564102564,0.05128205128205128,0.0,0.0,0.0,0.0,0.02564102564102564,0.0,0.05128205128205128,0.0,0.0,0.0,0.05128205128205128,0.05128205128205128,0.05128205128205128,0.0,0.02564102564102564,0.0,0.02564102564102564,0.02564102564102564,0.02564102564102564,0.0,0.02564102564102564,0.02564102564102564,0.0,0.0,0.0,0.0,0.07692307692307693,0.0,0.0,0.0,0.0,0.05128205128205128,0.0,0.0,0.0,0.0,0.02564102564102564,0.02564102564102564,0.0,0.0,0.07692307692307693,0.02564102564102564,0.0,0.05128205128205128,0.0,0.0,0.02564102564102564,0.02564102564102564,0.0,0.0,0.05128205128205128,0.0,0.0,0.0,0.05128205128205128,0.0,0.02564102564102564,0.0,0.02564102564102564,0.0,0.0,0.0,0.02564102564102564,0.05128205128205128,0.0,0.0,0.0,0.0,0.02564102564102564,0.0,0.05128205128205128,0.0,0.0,0.0,0.05128205128205128,0.05128205128205128,0.05128205128205128,0.0,0.02564102564102564,0.0,0.02564102564102564,0.02564102564102564,0.02564102564102564,0.0,0.02564102564102564,0.02564102564102564,0.0,0.0,2.8778126350659137,3.0,0.9592708783553046,0.02564102564102564,obj253,fld1,1
0.15,0.075,0.1,0.125,0.225,0.125,0.125,0.075,8,0.225,4,0.05128205128205128,0.02564102564102564,0.0,0.0,0.02564102564102564,0.0,0.05128205128205128,0.0,0.0,0.0,0.0,0.0,0.02564102564102564,0.02564102564102564,0.02564102564102564,0.0,0.02564102564102564,0.0,0.02564102564102564,0.02564102564102564,0.0,0.02564102564102564,0.0,0.0,0.0,0.0,0.05128205128205128,0.0,0.05128205128205128,0.02564102564102564,0.0,0.0,0.02564102564102564,0.02564102564102564,0.0,0.0,0.05128205128205128,0.02564102564102564,0.02564102564102564,0.05128205128205128,0.0,0.0,0.0,0.02564102564102564,0.02564102564102564,0.02564102564102564,0.02564102564102564,0.02564102564102564,0.0,0.02564102564102564,0.02564102564102564,0.02564102564102564,0.05128205128205128,0.0,0.0,0.0,0.02564102564102564,0.0,0.0,0.05128205128205128,0.0,0.0,0.0,0.0,0.05128205128205128,0.02564102564102564,0.0,0.0,0.02564102564102564,0.0,0.05128205128205128,0.0,0.0,0.0,0.0,0.0,0.02564102564102564,0.02564102564102564,0.02564102564102564,0.0,0.02564102564102564,0.0,0.02564102564102564,0.02564102564102564,0.0,0.02564102564102564,0.0,0.0,0.0,0.0,0.05128205128205128,0.0,0.05128205128205128,0.02564102564102564,0.0,0.0,0.02564102564102564,0.02564102564102564,0.0,0.0,0.05128205128205128,0.02564102564102564,0.02564102564102564,0.05128205128205128,0.0,0.0,0.0,0.02564102564102564,0.02564102564102564,0.02564102564102564,0.02564102564102564,0.02564102564102564,0.0,0.02564102564102564,0.02564102564102564,0.02564102564102564,0.05128205128205128,0.0,0.0,0.0,0.02564102564102564,0.0,0.0,0.05128205128205128,0.0,0.0,0.0,0.0,2.9124831837637344,3.0,0.9708277279212448,0.15384615384615385,obj254,fld3,0
0.075,0.1,0.025,0.25,0.125,0.15,0.125,0.15,8,0.25,3,0.0,0.0,0.0,0.05128205128205128,0.0,0.0,0.02564102564102564,0.0,0.02564102564102564,0.02564102564102564,0.0,0.0,0.0,0.02564102564102564,0.0,0.02564102564102564,0.0,0.0,0.0,0.02564102564102564,0.0,0.0,0.0,0.0,0.0,0.07692307692307693,0.02564102564102564,0.02564102564102564,0.02564102564102564,0.0,0.0,0.10256410256410256,0.0,0.0,0.0,0.02564102564102564,0.02564102564102564,0.02564102564102564,0.02564102564102564,0.02564102564102564,0.02564102564102564,0.0,0.0,0.02564102564102564,0.0,0.05128205128205128,0.05128205128205128,0.0,0.02564102564102564,0.0,0.0,0.05128205128205128,0.05128205128205128,0.0,0.0,0.0,0.0,0.0,0.0,0.05128205128205128,0.02564102564102564,0.05128205128205128,0.0,0.0,0.0,0.0,0.0,0.05128205128205128,0.0,0.0,0.02564102564102564,0.0,0.02564102564102564,0.02564102564102564,0.0,0.0,0.0,0.02564102564102564,0.0,0.02564102564102564,0.0,0.0,0.0,0.02564102564102564,0.0,0.0,0.0,0.0,0.0,0.07692307692307693,0.02564102564102564,0.02564102564102564,0.02564102564102564,0.0,0.0,0.10256410256410256,0.0,0.0,0.0,0.02564102564102564,0.02564102564102564,0.02564102564102564,0.02564102564102564,0.02564102564102564,0.02564102564102564,0.0,0.0,0.02564102564102564,0.0,0.05128205128205128,0.05128205128205128,0.0,0.02564102564102564,0.0,0.0,0.05128205128205128,0.05128205128205128,0.0,0.0,0.0,0.0,0.0,0.0,0.05128205128205128,0.02564102564102564,0.05128205128205128,0.0,0.0,2.816603109673247,3.0,0.9388677032244157,0.1282051282051282,obj255,fld2,1
0.075,0.175,0.025,0.075,0.15,0.175,0.1,0.225,8,0.225,7,0.0,0.02564102564102564,0.0,0.0,0.0,0.0,0.02564102564102564,0.02564102564102564,0.05128205128205128,0.0,0.0,0.0,0.07692307692307693,0.02564102564102564,0.02564102564102564,0.0,0.0,0.0,0.0,0.0,0.02564102564102564,0.0,0.0,0.0,0.0,0.0,0.02564102564102564,0.0,0.0,0.05128205128205128,0.0,0.0,0.02564102564102564,0.05128205128205128,0.0,0.0,0.02564102564102564,0.0,0.0,0.05128205128205128,0.0,0.02564102564102564,0.0,0.05128205128205128,0.0,0.02564102564102564,0.0,0.07692307692307693,0.0,0.0,0.0,0.0,0.0,0.05128205128205128,0.0,0.02564102564102564,0.0,0.07692307692307693,0.0,0.02564102564102564,0.02564102564102564,0.0,0.05128205128205128,0.05128205128205128,0.0,0.02564102564102564,0.0,0.0,0.0,0.0,0.02564102564102564,0.02564102564102564,0.05128205128205128,0.0,0.0,0.0,0.07692307692307693,0.02564102564102564,0.02564102564102564,0.0,0.0,0.0,0.0,0.0,0.02564102564102564,0.0,0.0,0.0,0.0,0.0,0.02564102564102564,0.0,0.0,0.05128205128205128,0.0,0.0,0.02564102564102564,0.05128205128205128,0.0,0.0,0.02564102564102564,0.0,0.0,0.05128205128205128,0.0,0.02564102564102564,0.0,0.05128205128205128,0.0,0.02564102564102564,0.0,0.07692307692307693,0.0,0.0,0.0,0.0,0.0,0.05128205128205128,0.0,0.02564102564102564,0.0,0.07692307692307693,0.0,0.02564102564102564,0.02564102564102564,0.0,0.05128205128205128,0.05128205128205128,2.800631996626334,3.0,0.9335439988754447,0.10256410256410256,obj256,fld5,0
0.15,0.05,0.2,0.125,0.15,0.075,0.15,0.1,8,0.2,2,0.0,0.0,0.05128205128205128,0.02564102564102564,0.05128205128205128,0.0,0.02564102564102564,0.0,0.0,0.0,0.0,0.02564102564102564,0.0,0.0,0.02564102564102564,0.0,0.05128205128205128,0.0,0.05128205128205128,0.0,0.05128205128205128,0.0,0.02564102564102564,0.02564102564102564,0.02564102564102564,0.02564102564102564,0.0,0.02564102564102564,0.0,0.02564102564102564,0.0,0.02564102564102564,0.02564102564102564,0.02564102564102564,0.02564102564102564,0.02564102564102564,0.0,0.0,0.05128205128205128,0.0,0.0,0.0,0.0,0.02564102564102564,0.0,0.0,0.02564102564102564,0.0,0.02564102564102564,0.0,0.07692307692307693,0.0,0.02564102564102564,0.0,0.0,0.02564102564102564,0.02564102564102564,0.0,0.0,0.0,0.02564102564102564,0.02564102564102564,0.0,0.02564102564102564,0.0,0.0,0.05128205128205128,0.02564102564102564,0.05128205128205128,0.0,0.02564102564102564,0.0,0.0,0.0,0.0,0.02564102564102564,0.0,0.0,0.02564102564102564,0.0,0.05128205128205128,0.0,0.05128205128205128,0.0,0.05128205128205128,0.0,0.02564102564102564,0.02564102564102564,0.02564102564102564,0.02564102564102564,0.0,0.02564102564102564,0.0,0.02564102564102564,0.0,0.02564102564102564,0.02564102564102564,0.02564102564102564,0.02564102564102564,0.02564102564102564,0.0,0.0,0.05128205128205128,0.0,0.0,0.0,0.0,0.02564102564102564,0.0,0.0,0.02564102564102564,0.0,0.02564102564102564,0.0,0.07692307692307693,0.0,0.02564102564102564,0.0,0.0,0.02564102564102564,0.02564102564102564,0.0,0.0,0.0,0.02564102564102564,0.02564102564102564,0.0,0.02564102564102564,2.899581770147835,3.0,0.966527256715945,0.10256410256410256,obj257,fld5,1
0.175,0.075,0.125,0.15,0.15,0.025,0.1,0.2,8,0.2,7,0.0,0.05128205128205128,0.02564102564102564,0.05128205128205128,0.02564102564102564,0.0,0.0,0.02564102564102564,0.02564102564102564,0.0,0.0,0.0,0.0,0.0,0.02564102564102564,0.02564102564102564,0.0,0.0,0.0,0.02564102564102564,0.02564102564102564,0.0,0.02564102564102564,0.05128205128205128,0.02564102564102564,0.0,0.02564102564102564,0.05128205128205128,0.02564102564102564,0.0,0.02564102564102564,0.0,0.02564102564102564,0.0,0.02564102564102564,0.0,0.02564102564102564,0.0,0.0,0.05128205128205128,0.0,0.0,0.0,0.02564102564102564,0.0,0.0,0.0,0.0,0.02564102564102564,0.0,0.0,0.0,0.02564102564102564,0.0,0.0,0.05128205128205128,0.07692307692307693,0.02564102564102564,0.02564102564102564,0.0,0.02564102564102564,0.02564102564102564,0.02564102564102564,0.0,0.0,0.05128205128205128,0.02564102564102564,0.05128205128205128,0.02564102564102564,0.0,0.0,0.02564102564102564,0.02564102564102564,0.0,0.0,0.0,0.0,0.0,0.02564102564102564,0.02564102564102564,0.0,0.0,0.0,0.02564102564102564,0.02564102564102564,0.0,0.02564102564102564,0.05128205128205128,0.02564102564102564,0.0,0.02564102564102564,0.05128205128205128,0.02564102564102564,0.0,0.02564102564102564,0.0,0.02564102564102564,0.0,0.02564102564102564,0.0,0.02564102564102564,0.0,0.0,0.05128205128205128,0.0,0.0,0.0,0.02564102564102564,0.0,0.0,0.0,0.0,0.02564102564102564,0.0,0.0,0.0,0.02564102564102564,0.0,0.0,0.05128205128205128,0.07692307692307693,0.02564102564102564,0.02564102564102564,0.0,0.02564102564102564,0.02564102564102564,0.02564102564102564,0.0,2.8460390338959276,3.0,0.9486796779653092,0.07692307692307693,obj258,fld1,1
0.125,0.15,0.125,0.1,0.2,0.1,0.1,0.1,8,0.2,4,0.02564102564102564,0.07692307692307693,0.0,0.0,0.0,0.02564102564102564,0.0,0.0,0.0,0.02564102564102564,0.02564102564102564,0.02564102564102564,0.02564102564102564,0.02564102564102564,0.02564102564102564,0.0,0.05128205128205128,0.02564102564102564,0.0,0.0,0.02564102564102564,0.0,0.02564102564102564,0.0,0.0,0.02564102564102564,0.02564102564102564,0.0,0.02564102564102564,0.0,0.0,0.0,0.0,0.0,0.02564102564102564,0.05128205128205128,0.05128205128205128,0.02564102564102564,0.0,0.05128205128205128,0.0,0.0,0.0,0.02564102564102564,0.05128205128205128,0.02564102564102564,0.0,0.0,0.02564102564102564,0.0,0.02564102564102564,0.0,0.02564102564102564,0.0,0.02564102564102564,0.0,0.02564102564102564,0.0,0.02564102564102564,0.0,0.0,0.0,0.02564102564102564,0.02564102564102564,0.02564102564102564,0.07692307692307693,0.0,0.0,0.0,0.02564102564102564,0.0,0.0,0.0,0.02564102564102564,0.02564102564102564,0.02564102564102564,0.02564102564102564,0.02564102564102564,0.02564102564102564,0.0,0.05128205128205128,0.02564102564102564,0.0,0.0,0.02564102564102564,0.0,0.02564102564102564,0.0,0.0,0.02564102564102564,0.02564102564102564,0.0,0.02564102564102564,0.0,0.0,0.0,0.0,0.0,0.02564102564102564,0.05128205128205128,0.05128205128205128,0.02564102564102564,0.0,0.05128205128205128,0.0,0.0,0.0,0.02564102564102564,0.05128205128205128,0.02564102564102564,0.0,0.0,0.02564102564102564,0.0,0.02564102564102564,0.0,0.02564102564102564,0.0,0.02564102564102564,0.0,0.02564102564102564,0.0,0.02564102564102564,0.0,0.0,0.0,0.02564102564102564,0.02564102564102564,2.9537016960573483,3.0,0.9845672320191161,0.1794871794871795,obj259,fld4,1
0.175,0.1,0.15,0.15,0.1,0.125,0.2,0.0,7,0.2,6,0.0,0.0,0.02564102564102564,0.02564102564102564,0.02564102564102564,0.05128205128205128,0.05128205128205128,0.0,0.0,0.02564102564102564,0.0,0.0,0.0,0.0,0.05128205128205128,0.0,0.02564102564102564,0.02564102564102564,0.02564102564102564,0.02564102564102564,0.0,0.0,0.05128205128205128,0.0,0.10256410256410256,0.0,0.02564102564102564,0.02564102564102564,0.0,0.0,0.0,0.0,0.02564102564102564,0.02564102564102564,0.02564102564102564,0.0,0.0,0.0,0.02564102564102564,0.0,0.02564102564102564,0.02564102564102564,0.02564102564102564,0.05128205128205128,0.0,0.0,0.0,0.0,0.0,0.0,0.02564102564102564,0.02564102564102564,0.07692307692307693,0.05128205128205128,0.02564102564102564,0.0,0.0,0.0,0.0,0.0,0.0,0.0,0.0,0.0,0.0,0.0,0.02564102564102564,0.02564102564102564,0.02564102564102564,0.05128205128205128,0.05128205128205128,0.0,0.0,0.02564102564102564,0.0,0.0,0.0,0.0,0.05128205128205128,0.0,0.02564102564102564,0.02564102564102564,0.02564102564102564,0.02564102564102564,0.0,0.0,0.05128205128205128,0.0,0.10256410256410256,0.0,0.02564102564102564,0.02564102564102564,0.0,0.0,0.0,0.0,0.02564102564102564,0.02564102564102564,0.02564102564102564,0.0,0.0,0.0,0.02564102564102564,0.0,0.02564102564102564,0.02564102564102564,0.02564102564102564,0.05128205128205128,0.0,0.0,0.0,0.0,0.0,0.0,0.02564102564102564,0.02564102564102564,0.07692307692307693,0.05128205128205128,0.02564102564102564,0.0,0.0,0.0,0.0,0.0,0.0,0.0,0.0,0.0,2.764911221450015,2.807354922057604,0.9216370738166716,0.10256410256410256,obj260,fld2,0
0.225,0.075,0.075,0.1,0.1,0.25,0.1,0.075,8,0.25,5,0.05128205128205128,0.0,0.02564102564102564,0.02564102564102564,0.0,0.07692307692307693,0.02564102564102564,0.02564102564102564,0.05128205128205128,0.0,0.0,0.0,0.0,0.0,0.02564102564102564,0.0,0.02564102564102564,0.0,0.0,0.02564102564102564,0.0,0.02564102564102564,0.0,0.0,0.0,0.0,0.0,0.0,0.02564102564102564,0.02564102564102564,0.02564102564102564,0.0,0.02564102564102564,0.02564102564102564,0.0,0.0,0.0,0.02564102564102564,0.0,0.02564102564102564,0.02564102564102564,0.05128205128205128,0.02564102564102564,0.05128205128205128,0.02564102564102564,0.02564102564102564,0.02564102564102564,0.02564102564102564,0.02564102564102564,0.0,0.02564102564102564,0.0,0.02564102564102564,0.02564102564102564,0.0,0.0,0.02564102564102564,0.0,0.0,0.0,0.0,0.05128205128205128,0.0,0.0,0.05128205128205128,0.0,0.02564102564102564,0.02564102564102564,0.0,0.07692307692307693,0.02564102564102564,0.02564102564102564,0.05128205128205128,0.0,0.0,0.0,0.0,0.0,0.02564102564102564,0.0,0.02564102564102564,0.0,0.0,0.02564102564102564,0.0,0.02564102564102564,0.0,0.0,0.0,0.0,0.0,0.0,0.02564102564102564,0.02564102564102564,0.02564102564102564,0.0,0.02564102564102564,0.02564102564102564,0.0,0.0,0.0,0.02564102564102564,0.0,0.02564102564102564,0.02564102564102564,0.05128205128205128,0.02564102564102564,0.05128205128205128,0.02564102564102564,0.02564102564102564,0.02564102564102564,0.02564102564102564,0.02564102564102564,0.0,0.02564102564102564,0.0,0.02564102564102564,0.02564102564102564,0.0,0.0,0.02564102564102564,0.0,0.0,0.0,0.0,0.05128205128205128,0.0,0.0,2.821596383178741,3.0,0.9405321277262471,0.07692307692307693,obj261,fld2,0
0.075,0.075,0.2,0.2,0.125,0.1,0.1,0.125,8,0.2,2,0.0,0.0,0.0,0.02564102564102564,0.02564102564102564,0.0,0.02564102564102564,0.0,0.0,0.02564102564102564,0.02564102564102564,0.0,0.0,0.02564102564102564,0.0,0.0,0.05128205128205128,0.0,0.02564102564102564,0.05128205128205128,0.02564102564102564,0.0,0.02564102564102564,0.02564102564102564,0.02564102564102564,0.0,0.02564102564102564,0.05128205128205128,0.05128205128205128,0.02564102564102564,0.0,0.02564102564102564,0.0,0.0,0.02564102564102564,0.05128205128205128,0.0,0.02564102564102564,0.02564102564102564,0.0,0.0,0.02564102564102564,0.07692307692307693,0.0,0.0,0.0,0.0,0.0,0.0,0.0,0.0,0.0,0.0,0.02564102564102564,0.0,0.05128205128205128,0.0,0.02564102564102564,0.0,0.02564102564102564,0.02564102564102564,0.0,0.02564102564102564,0.02564102564102564,0.0,0.0,0.0,0.02564102564102564,0.02564102564102564,0.0,0.02564102564102564,0.0,0.0,0.02564102564102564,0.02564102564102564,0.0,0.0,0.02564102564102564,0.0,0.0,0.05128205128205128,0.0,0.02564102564102564,0.05128205128205128,0.02564102564102564,0.0,0.02564102564102564,0.02564102564102564,0.02564102564102564,0.0,0.02564102564102564,0.05128205128205128,0.05128205128205128,0.02564102564102564,0.0,0.02564102564102564,0.0,0.0,0.02564102564102564,0.05128205128205128,0.0,0.02564102564102564,0.02564102564102564,0.0,0.0,0.02564102564102564,0.07692307692307693,0.0,0.0,0.0,0.0,0.0,0.0,0.0,0.0,0.0,0.0,0.02564102564102564,0.0,0.05128205128205128,0.0,0.02564102564102564,0.0,0.02564102564102564,0.02564102564102564,0.0,0.02564102564102564,0.02564102564102564,2.903701696057348,3.0,0.9679005653524494,0.1282051282051282,obj262,fld3,1
0.025,0.175,0.125,0.175,0.075,0.1,0.175,0.15,8,0.175,3,0.0,0.0,0.02564102564102564,0.0,0.0,0.0,0.0,0.0,0.0,0.07692307692307693,0.02564102564102564,0.05128205128205128,0.0,0.02564102564102564,0.0,0.0,0.0,0.0,0.0,0.02564102564102564,0.02564102564102564,0.05128205128205128,0.0,0.02564102564102564,0.0,0.02564102564102564,0.02564102564102564,0.0,0.02564102564102564,0.02564102564102564,0.02564102564102564,0.05128205128205128,0.02564102564102564,0.0,0.0,0.02564102564102564,0.0,0.0,0.0,0.02564102564102564,0.0,0.02564102564102564,0.0,0.02564102564102564,0.0,0.0,0.02564102564102564,0.02564102564102564,0.0,0.05128205128205128,0.0,0.0,0.0,0.0,0.10256410256410256,0.02564102564102564,0.0,0.0,0.05128205128205128,0.02564102564102564,0.02564102564102564,0.0,0.02564102564102564,0.0,0.0,0.0,0.02564102564102564,0.0,0.0,0.0,0.0,0.0,0.0,0.07692307692307693,0.02564102564102564,0.05128205128205128,0.0,0.02564102564102564,0.0,0.0,0.0,0.0,0.0,0.02564102564102564,0.02564102564102564,0.05128205128205128,0.0,0.02564102564102564,0.0,0.02564102564102564,0.02564102564102564,0.0,0.02564102564102564,0.02564102564102564,0.02564102564102564,0.05128205128205128,0.02564102564102564,0.0,0.0,0.02564102564102564,0.0,0.0,0.0,0.02564102564102564,0.0,0.02564102564102564,0.0,0.02564102564102564,0.0,0.0,0.02564102564102564,0.02564102564102564,0.0,0.05128205128205128,0.0,0.0,0.0,0.0,0.10256410256410256,0.02564102564102564,0.0,0.0,0.05128205128205128,0.02564102564102564,0.02564102564102564,0.0,0.02564102564102564,0.0,2.8512091862839397,3.0,0.9504030620946465,0.1794871794871795,obj263,fld3,0
0.075,0.125,0.15,0.225,0.2,0.05,0.05,0.125,8,0.225,3,0.0,0.0,0.02564102564102564,0.0,0.05128205128205128,0.0,0.0,0.0,0.02564102564102564,0.0,0.0,0.05128205128205128,0.02564102564102564,0.0,0.0,0.02564102564102564,0.02564102564102564,0.02564102564102564,0.0,0.02564102564102564,0.02564102564102564,0.0,0.0,0.02564102564102564,0.02564102564102564,0.02564102564102564,0.0,0.05128205128205128,0.05128205128205128,0.05128205128205128,0.02564102564102564,0.0,0.0,0.07692307692307693,0.02564102564102564,0.07692307692307693,0.0,0.0,0.0,0.02564102564102564,0.0,0.0,0.02564102564102564,0.0,0.02564102564102564,0.0,0.0,0.0,0.0,0.0,0.02564102564102564,0.0,0.02564102564102564,0.0,0.0,0.0,0.0,0.0,0.02564102564102564,0.02564102564102564,0.0,0.0,0.02564102564102564,0.05128205128205128,0.0,0.0,0.02564102564102564,0.0,0.05128205128205128,0.0,0.0,0.0,0.02564102564102564,0.0,0.0,0.05128205128205128,0.02564102564102564,0.0,0.0,0.02564102564102564,0.02564102564102564,0.02564102564102564,0.0,0.02564102564102564,0.02564102564102564,0.0,0.0,0.02564102564102564,0.02564102564102564,0.02564102564102564,0.0,0.05128205128205128,0.05128205128205128,0.05128205128205128,0.02564102564102564,0.0,0.0,0.07692307692307693,0.02564102564102564,0.07692307692307693,0.0,0.0,0.0,0.02564102564102564,0.0,0.0,0.02564102564102564,0.0,0.02564102564102564,0.0,0.0,0.0,0.0,0.0,0.02564102564102564,0.0,0.02564102564102564,0.0,0.0,0.0,0.0,0.0,0.02564102564102564,0.02564102564102564,0.0,0.0,0.02564102564102564,0.05128205128205128,2.8215963831787416,3.0,0.9405321277262472,0.10256410256410256,obj264,fld2,0
0.2,0.05,0.1,0.025,0.15,0.125,0.1,0.25,8,0.25,7,0.02564102564102564,0.0,0.02564102564102564,0.0,0.05128205128205128,0.02564102564102564,0.02564102564102564,0.02564102564102564,0.0,0.0,0.02564102564102564,0.0,0.0,0.0,0.02564102564102564,0.0,0.0,0.02564102564102564,0.0,0.0,0.02564102564102564,0.02564102564102564,0.0,0.02564102564102564,0.02564102564102564,0.0,0.0,0.0,0.0,0.0,0.0,0.0,0.02564102564102564,0.0,0.02564102564102564,0.0,0.02564102564102564,0.0,0.02564102564102564,0.05128205128205128,0.02564102564102564,0.02564102564102564,0.0,0.02564102564102564,0.0,0.0,0.0,0.05128205128205128,0.02564102564102564,0.0,0.0,0.0,0.02564102564102564,0.0,0.0,0.05128205128205128,0.05128205128205128,0.0,0.02564102564102564,0.0,0.02564102564102564,0.07692307692307693,0.02564102564102564,0.05128205128205128,0.02564102564102564,0.0,0.02564102564102564,0.0,0.05128205128205128,0.02564102564102564,0.02564102564102564,0.02564102564102564,0.0,0.0,0.02564102564102564,0.0,0.0,0.0,0.02564102564102564,0.0,0.0,0.02564102564102564,0.0,0.0,0.02564102564102564,0.02564102564102564,0.0,0.02564102564102564,0.02564102564102564,0.0,0.0,0.0,0.0,0.0,0.0,0.0,0.02564102564102564,0.0,0.02564102564102564,0.0,0.02564102564102564,0.0,0.02564102564102564,0.05128205128205128,0.02564102564102564,0.02564102564102564,0.0,0.02564102564102564,0.0,0.0,0.0,0.05128205128205128,0.02564102564102564,0.0,0.0,0.0,0.02564102564102564,0.0,0.0,0.05128205128205128,0.05128205128205128,0.0,0.02564102564102564,0.0,0.02564102564102564,0.07692307692307693,0.02564102564102564,0.05128205128205128,2.763460684196428,3.0,0.9211535613988094,0.10256410256410256,obj265,fld2,1
0.025,0.075,0.2,0.1,0.15,0.125,0.225,0.1,8,0.225,6,0.0,0.0,0.0,0.0,0.0,0.0,0.02564102564102564,0.0,0.0,0.0,0.0,0.02564102564102564,0.0,0.0,0.05128205128205128,0.0,0.0,0.02564102564102564,0.05128205128205128,0.02564102564102564,0.0,0.05128205128205128,0.05128205128205128,0.0,0.02564102564102564,0.0,0.02564102564102564,0.0,0.02564102564102564,0.0,0.0,0.02564102564102564,0.0,0.02564102564102564,0.02564102564102564,0.0,0.05128205128205128,0.0,0.02564102564102564,0.0,0.0,0.0,0.05128205128205128,0.02564102564102564,0.0,0.0,0.02564102564102564,0.02564102564102564,0.0,0.0,0.02564102564102564,0.0,0.07692307692307693,0.07692307692307693,0.02564102564102564,0.02564102564102564,0.0,0.02564102564102564,0.02564102564102564,0.02564102564102564,0.0,0.0,0.02564102564102564,0.0,0.0,0.0,0.0,0.0,0.0,0.0,0.02564102564102564,0.0,0.0,0.0,0.0,0.02564102564102564,0.0,0.0,0.05128205128205128,0.0,0.0,0.02564102564102564,0.05128205128205128,0.02564102564102564,0.0,0.05128205128205128,0.05128205128205128,0.0,0.02564102564102564,0.0,0.02564102564102564,0.0,0.02564102564102564,0.0,0.0,0.02564102564102564,0.0,0.02564102564102564,0.02564102564102564,0.0,0.05128205128205128,0.0,0.02564102564102564,0.0,0.0,0.0,0.05128205128205128,0.02564102564102564,0.0,0.0,0.02564102564102564,0.02564102564102564,0.0,0.0,0.02564102564102564,0.0,0.07692307692307693,0.07692307692307693,0.02564102564102564,0.02564102564102564,0.0,0.02564102564102564,0.02564102564102564,0.02564102564102564,0.0,0.0,0.02564102564102564,0.0,2.811837395039661,3.0,0.9372791316798871,0.1282051282051282,obj266,fld5,1
0.1,0.1,0.075,0.1,0.15,0.175,0.175,0.125,8,0.175,5,0.0,0.0,0.0,0.0,0.0,0.02564102564102564,0.05128205128205128,0.0,0.0,0.02564102564102564,0.05128205128205128,0.0,0.02564102564102564,0.0,0.0,0.0,0.02564102564102564,0.02564102564102564,0.0,0.0,0.02564102564102564,0.0,0.0,0.0,0.0,0.05128205128205128,0.0,0.02564102564102564,0.0,0.0,0.02564102564102564,0.0,0.05128205128205128,0.0,0.0,0.02564102564102564,0.0,0.02564102564102564,0.05128205128205128,0.0,0.0,0.0,0.0,0.02564102564102564,0.05128205128205128,0.05128205128205128,0.05128205128205128,0.0,0.02564102564102564,0.0,0.0,0.02564102564102564,0.02564102564102564,0.05128205128205128,0.0,0.05128205128205128,0.0,0.0,0.02564102564102564,0.0,0.0,0.02564102564102564,0.0,0.07692307692307693,0.0,0.0,0.0,0.0,0.0,0.02564102564102564,0.05128205128205128,0.0,0.0,0.02564102564102564,0.05128205128205128,0.0,0.02564102564102564,0.0,0.0,0.0,0.02564102564102564,0.02564102564102564,0.0,0.0,0.02564102564102564,0.0,0.0,0.0,0.0,0.05128205128205128,0.0,0.02564102564102564,0.0,0.0,0.02564102564102564,0.0,0.05128205128205128,0.0,0.0,0.02564102564102564,0.0,0.02564102564102564,0.05128205128205128,0.0,0.0,0.0,0.0,0.02564102564102564,0.05128205128205128,0.05128205128205128,0.05128205128205128,0.0,0.02564102564102564,0.0,0.0,0.02564102564102564,0.02564102564102564,0.05128205128205128,0.0,0.05128205128205128,0.0,0.0,0.02564102564102564,0.0,0.0,0.02564102564102564,0.0,0.07692307692307693,2.9424962976440208,3.0,0.9808320992146736,0.1794871794871795,obj267,fld2,0
0.25,0.125,0.15,0.1,0.025,0.125,0.025,0.2,8,0.25,0,0.07692307692307693,0.02564102564102564,0.07692307692307693,0.0,0.0,0.05128205128205128,0.0,0.02564102564102564,0.02564102564102564,0.0,0.02564102564102564,0.02564102564102564,0.0,0.02564102564102564,0.0,0.02564102564102564,0.02564102564102564,0.07692307692307693,0.02564102564102564,0.02564102564102564,0.0,0.0,0.0,0.0,0.0,0.0,0.0,0.02564102564102564,0.0,0.0,0.0,0.05128205128205128,0.0,0.0,0.02564102564102564,0.0,0.0,0.0,0.0,0.0,0.02564102564102564,0.0,0.0,0.0,0.0,0.0,0.0,0.10256410256410256,0.02564102564102564,0.0,0.0,0.0,0.0,0.0,0.0,0.0,0.07692307692307693,0.0,0.0,0.02564102564102564,0.02564102564102564,0.05128205128205128,0.02564102564102564,0.0,0.07692307692307693,0.02564102564102564,0.07692307692307693,0.0,0.0,0.05128205128205128,0.0,0.02564102564102564,0.02564102564102564,0.0,0.02564102564102564,0.02564102564102564,0.0,0.02564102564102564,0.0,0.02564102564102564,0.02564102564102564,0.07692307692307693,0.02564102564102564,0.02564102564102564,0.0,0.0,0.0,0.0,0.0,0.0,0.0,0.02564102564102564,0.0,0.0,0.0,0.05128205128205128,0.0,0.0,0.02564102564102564,0.0,0.0,0.0,0.0,0.0,0.02564102564102564,0.0,0.0,0.0,0.0,0.0,0.0,0.10256410256410256,0.02564102564102564,0.0,0.0,0.0,0.0,0.0,0.0,0.0,0.07692307692307693,0.0,0.0,0.02564102564102564,0.02564102564102564,0.05128205128205128,0.02564102564102564,0.0,2.723219672335507,3.0,0.9077398907785024,0.1282051282051282,obj268,fld4,0
0.125,0.05,0.175,0.125,0.175,0.125,0.125,0.1,8,0.175,2,0.0,0.0,0.02564102564102564,0.0,0.02564102564102564,0.0,0.05128205128205128,0.02564102564102564,0.0,0.0,0.02564102564102564,0.0,0.0,0.0,0.02564102564102564,0.0,0.05128205128205128,0.0,0.02564102564102564,0.05128205128205128,0.02564102564102564,0.02564102564102564,0.0,0.0,0.0,0.0,0.0,0.02564102564102564,0.02564102564102564,0.05128205128205128,0.02564102564102564,0.0,0.05128205128205128,0.02564102564102564,0.05128205128205128,0.02564102564102564,0.02564102564102564,0.0,0.0,0.0,0.0,0.0,0.0,0.02564102564102564,0.02564102564102564,0.02564102564102564,0.0,0.02564102564102564,0.0,0.02564102564102564,0.0,0.0,0.02564102564102564,0.0,0.02564102564102564,0.05128205128205128,0.02564102564102564,0.0,0.02564102564102564,0.0,0.02564102564102564,0.02564102564102564,0.0,0.0,0.0,0.0,0.02564102564102564,0.0,0.02564102564102564,0.0,0.05128205128205128,0.02564102564102564,0.0,0.0,0.02564102564102564,0.0,0.0,0.0,0.02564102564102564,0.0,0.05128205128205128,0.0,0.02564102564102564,0.05128205128205128,0.02564102564102564,0.02564102564102564,0.0,0.0,0.0,0.0,0.0,0.02564102564102564,0.02564102564102564,0.05128205128205128,0.02564102564102564,0.0,0.05128205128205128,0.02564102564102564,0.05128205128205128,0.02564102564102564,0.02564102564102564,0.0,0.0,0.0,0.0,0.0,0.0,0.02564102564102564,0.02564102564102564,0.02564102564102564,0.0,0.02564102564102564,0.0,0.02564102564102564,0.0,0.0,0.02564102564102564,0.0,0.02564102564102564,0.05128205128205128,0.02564102564102564,0.0,0.02564102564102564,0.0,0.02564102564102564,0.02564102564102564,0.0,0.0,2.9283898247235194,3.0,0.9761299415745065,0.1282051282051282,obj269,fld4,0
0.125,0.175,0.075,0.05,0.175,0.175,0.1,0.125,8,0.175,5,0.0,0.0,0.05128205128205128,0.02564102564102564,0.0,0.0,0.0,0.02564102564102564,0.0,0.0,0.02564102564102564,0.02564102564102564,0.02564102564102564,0.05128205128205128,0.05128205128205128,0.0,0.0,0.07692307692307693,0.0,0.0,0.0,0.0,0.0,0.0,0.0,0.0,0.0,0.0,0.02564102564102564,0.0,0.0,0.02564102564102564,0.05128205128205128,0.0,0.0,0.0,0.05128205128205128,0.05128205128205128,0.0,0.02564102564102564,0.0,0.05128205128205128,0.0,0.0,0.05128205128205128,0.02564102564102564,0.05128205128205128,0.0,0.02564102564102564,0.02564102564102564,0.0,0.0,0.02564102564102564,0.0,0.0,0.02564102564102564,0.05128205128205128,0.02564102564102564,0.0,0.0,0.0,0.02564102564102564,0.0,0.02564102564102564,0.0,0.0,0.05128205128205128,0.02564102564102564,0.0,0.0,0.0,0.02564102564102564,0.0,0.0,0.02564102564102564,0.02564102564102564,0.02564102564102564,0.05128205128205128,0.05128205128205128,0.0,0.0,0.07692307692307693,0.0,0.0,0.0,0.0,0.0,0.0,0.0,0.0,0.0,0.0,0.02564102564102564,0.0,0.0,0.02564102564102564,0.05128205128205128,0.0,0.0,0.0,0.05128205128205128,0.05128205128205128,0.0,0.02564102564102564,0.0,0.05128205128205128,0.0,0.0,0.05128205128205128,0.02564102564102564,0.05128205128205128,0.0,0.02564102564102564,0.02564102564102564,0.0,0.0,0.02564102564102564,0.0,0.0,0.02564102564102564,0.05128205128205128,0.02564102564102564,0.0,0.0,0.0,0.02564102564102564,0.0,0.02564102564102564,2.8987125495311927,3.0,0.9662375165103976,0.10256410256410256,obj270,fld4,0
0.225,0.1,0.125,0.075,0.05,0.125,0.175,0.125,8,0.225,0,0.02564102564102564,0.05128205128205128,0.02564102564102564,0.0,0.02564102564102564,0.0,0.05128205128205128,0.02564102564102564,0.0,0.02564102564102564,0.0,0.0,0.02564102564102564,0.05128205128205128,0.0,0.0,0.05128205128205128,0.0,0.02564102564102564,0.0,0.0,0.02564102564102564,0.0,0.02564102564102564,0.02564102564102564,0.0,0.0,0.0,0.0,0.0,0.02564102564102564,0.02564102564102564,0.05128205128205128,0.0,0.0,0.0,0.0,0.0,0.0,0.0,0.0,0.02564102564102564,0.02564102564102564,0.02564102564102564,0.0,0.02564102564102564,0.02564102564102564,0.0,0.0,0.0,0.02564102564102564,0.05128205128205128,0.0,0.02564102564102564,0.05128205128205128,0.02564102564102564,0.05128205128205128,0.0,0.02564102564102564,0.0,0.0,0.0,0.02564102564102564,0.02564102564102564,0.02564102564102564,0.05128205128205128,0.02564102564102564,0.0,0.02564102564102564,0.0,0.05128205128205128,0.02564102564102564,0.0,0.02564102564102564,0.0,0.0,0.02564102564102564,0.05128205128205128,0.0,0.0,0.05128205128205128,0.0,0.02564102564102564,0.0,0.0,0.02564102564102564,0.0,0.02564102564102564,0.02564102564102564,0.0,0.0,0.0,0.0,0.0,0.02564102564102564,0.02564102564102564,0.05128205128205128,0.0,0.0,0.0,0.0,0.0,0.0,0.0,0.0,0.02564102564102564,0.02564102564102564,0.02564102564102564,0.0,0.02564102564102564,0.02564102564102564,0.0,0.0,0.0,0.02564102564102564,0.05128205128205128,0.0,0.02564102564102564,0.05128205128205128,0.02564102564102564,0.05128205128205128,0.0,0.02564102564102564,0.0,0.0,0.0,0.02564102564102564,0.02564102564102564,2.8778126350659132,3.0,0.9592708783553044,0.1794871794871795,obj271,fld5,1
0.2,0.2,0.025,0.075,0.125,0.15,0.125,0.1,8,0.2,1,0.05128205128205128,0.05128205128205128,0.0,0.02564102564102564,0.02564102564102564,0.0,0.02564102564102564,0.0,0.02564102564102564,0.0,0.02564102564102564,0.02564102564102564,0.02564102564102564,0.07692307692307693,0.02564102564102564,0.0,0.02564102564102564,0.0,0.0,0.0,0.0,0.0,0.0,0.0,0.0,0.02564102564102564,0.0,0.0,0.0,0.02564102564102564,0.0,0.02564102564102564,0.0,0.02564102564102564,0.0,0.0,0.0,0.0,0.05128205128205128,0.05128205128205128,0.05128205128205128,0.02564102564102564,0.0,0.0,0.02564102564102564,0.02564102564102564,0.0,0.02564102564102564,0.05128205128205128,0.07692307692307693,0.0,0.0,0.0,0.0,0.0,0.0,0.0,0.0,0.0,0.02564102564102564,0.02564102564102564,0.02564102564102564,0.02564102564102564,0.0,0.05128205128205128,0.05128205128205128,0.0,0.02564102564102564,0.02564102564102564,0.0,0.02564102564102564,0.0,0.02564102564102564,0.0,0.02564102564102564,0.02564102564102564,0.02564102564102564,0.07692307692307693,0.02564102564102564,0.0,0.02564102564102564,0.0,0.0,0.0,0.0,0.0,0.0,0.0,0.0,0.02564102564102564,0.0,0.0,0.0,0.02564102564102564,0.0,0.02564102564102564,0.0,0.02564102564102564,0.0,0.0,0.0,0.0,0.05128205128205128,0.05128205128205128,0.05128205128205128,0.02564102564102564,0.0,0.0,0.02564102564102564,0.02564102564102564,0.0,0.02564102564102564,0.05128205128205128,0.07692307692307693,0.0,0.0,0.0,0.0,0.0,0.0,0.0,0.0,0.0,0.02564102564102564,0.02564102564102564,0.02564102564102564,0.02564102564102564,0.0,2.8348295085032613,3.0,0.9449431695010871,0.07692307692307693,obj272,fld2,1
0.125,0.1,0.15,0.1,0.175,0.075,0.175,0.1,8,0.175,4,0.0,0.02564102564102564,0.10256410256410256,0.0,0.0,0.0,0.0,0.0,0.02564102564102564,0.0,0.02564102564102564,0.02564102564102564,0.0,0.0,0.0,0.0,0.02564102564102564,0.0,0.02564102564102564,0.0,0.05128205128205128,0.0,0.02564102564102564,0.02564102564102564,0.02564102564102564,0.0,0.0,0.0,0.05128205128205128,0.0,0.02564102564102564,0.0,0.02564102564102564,0.0,0.0,0.0,0.02564102564102564,0.05128205128205128,0.05128205128205128,0.02564102564102564,0.0,0.02564102564102564,0.0,0.0,0.02564102564102564,0.0,0.02564102564102564,0.0,0.0,0.02564102564102564,0.0,0.05128205128205128,0.02564102564102564,0.0,0.02564102564102564,0.05128205128205128,0.0,0.02564102564102564,0.0,0.02564102564102564,0.0,0.02564102564102564,0.02564102564102564,0.0,0.0,0.02564102564102564,0.10256410256410256,0.0,0.0,0.0,0.0,0.0,0.02564102564102564,0.0,0.02564102564102564,0.02564102564102564,0.0,0.0,0.0,0.0,0.02564102564102564,0.0,0.02564102564102564,0.0,0.05128205128205128,0.0,0.02564102564102564,0.02564102564102564,0.02564102564102564,0.0,0.0,0.0,0.05128205128205128,0.0,0.02564102564102564,0.0,0.02564102564102564,0.0,0.0,0.0,0.02564102564102564,0.05128205128205128,0.05128205128205128,0.02564102564102564,0.0,0.02564102564102564,0.0,0.0,0.02564102564102564,0.0,0.02564102564102564,0.0,0.0,0.02564102564102564,0.0,0.05128205128205128,0.02564102564102564,0.0,0.02564102564102564,0.05128205128205128,0.0,0.02564102564102564,0.0,0.02564102564102564,0.0,0.02564102564102564,0.02564102564102564,0.0,2.9424962976440203,3.0,0.9808320992146734,0.07692307692307693,obj273,fld1,1
0.05,0.15,0.125,0.125,0.15,0.05,0.125,0.225,8,0.225,7,0.0,0.0,0.02564102564102564,0.0,0.0,0.0,0.02564102564102564,0.0,0.0,0.02564102564102564,0.0,0.02564102564102564,0.02564102564102564,0.0,0.0,0.07692307692307693,0.02564102564102564,0.02564102564102564,0.0,0.0,0.05128205128205128,0.0,0.02564102564102564,0.0,0.0,0.02564102564102564,0.02564102564102564,0.0,0.02564102564102564,0.0,0.02564102564102564,0.02564102564102564,0.0,0.0,0.05128205128205128,0.05128205128205128,0.02564102564102564,0.0,0.0,0.02564102564102564,0.0,0.0,0.02564102564102564,0.0,0.0,0.0,0.0,0.02564102564102564,0.0,0.02564102564102564,0.0,0.02564102564102564,0.02564102564102564,0.0,0.0,0.05128205128205128,0.02564102564102564,0.05128205128205128,0.0,0.02564102564102564,0.0,0.02564102564102564,0.05128205128205128,0.02564102564102564,0.0,0.0,0.02564102564102564,0.0,0.0,0.0,0.02564102564102564,0.0,0.0,0.02564102564102564,0.0,0.02564102564102564,0.02564102564102564,0.0,0.0,0.07692307692307693,0.02564102564102564,0.02564102564102564,0.0,0.0,0.05128205128205128,0.0,0.02564102564102564,0.0,0.0,0.02564102564102564,0.02564102564102564,0.0,0.02564102564102564,0.0,0.02564102564102564,0.02564102564102564,0.0,0.0,0.05128205128205128,0.05128205128205128,0.02564102564102564,0.0,0.0,0.02564102564102564,0.0,0.0,0.02564102564102564,0.0,0.0,0.0,0.0,0.02564102564102564,0.0,0.02564102564102564,0.0,0.02564102564102564,0.02564102564102564,0.0,0.0,0.05128205128205128,0.02564102564102564,0.05128205128205128,0.0,0.02564102564102564,0.0,0.02564102564102564,0.05128205128205128,0.02564102564102564,2.862483183763734,3.0,0.954161061254578,0.07692307692307693,obj274,fld3,1
0.2,0.125,0.125,0.15,0.1,0.075,0.15,0.075,8,0.2,0,0.07692307692307693,0.0,0.02564102564102564,0.0,0.02564102564102564,0.0,0.02564102564102564,0.05128205128205128,0.05128205128205128,0.0,0.05128205128205128,0.0,0.02564102564102564,0.0,0.0,0.0,0.02564102564102564,0.0,0.0,0.05128205128205128,0.0,0.02564102564102564,0.0,0.0,0.02564102564102564,0.02564102564102564,0.02564102564102564,0.02564102564102564,0.0,0.0,0.05128205128205128,0.0,0.0,0.0,0.0,0.0,0.02564102564102564,0.02564102564102564,0.05128205128205128,0.0,0.0,0.02564102564102564,0.02564102564102564,0.02564102564102564,0.0,0.0,0.0,0.0,0.0,0.02564102564102564,0.0,0.05128205128205128,0.02564102564102564,0.02564102564102564,0.02564102564102564,0.0,0.02564102564102564,0.02564102564102564,0.0,0.0,0.0,0.0,0.0,0.02564102564102564,0.07692307692307693,0.0,0.02564102564102564,0.0,0.02564102564102564,0.0,0.02564102564102564,0.05128205128205128,0.05128205128205128,0.0,0.05128205128205128,0.0,0.02564102564102564,0.0,0.0,0.0,0.02564102564102564,0.0,0.0,0.05128205128205128,0.0,0.02564102564102564,0.0,0.0,0.02564102564102564,0.02564102564102564,0.02564102564102564,0.02564102564102564,0.0,0.0,0.05128205128205128,0.0,0.0,0.0,0.0,0.0,0.02564102564102564,0.02564102564102564,0.05128205128205128,0.0,0.0,0.02564102564102564,0.02564102564102564,0.02564102564102564,0.0,0.0,0.0,0.0,0.0,0.02564102564102564,0.0,0.05128205128205128,0.02564102564102564,0.02564102564102564,0.02564102564102564,0.0,0.02564102564102564,0.02564102564102564,0.0,0.0,0.0,0.0,0.0,0.02564102564102564,2.9282129458410013,3.0,0.9760709819470005,0.1794871794871795,obj275,fld5,1
0.125,0.175,0.15,0.125,0.05,0.175,0.1,0.1,8,0.175,5,0.0,0.02564102564102564,0.02564102564102564,0.0,0.0,0.05128205128205128,0.0,0.02564102564102564,0.05128205128205128,0.07692307692307693,0.0,0.0,0.0,0.0,0.0,0.02564102564102564,0.02564102564102564,0.05128205128205128,0.0,0.02564102564102564,0.0,0.0,0.0,0.05128205128205128,0.0,0.0,0.05128205128205128,0.0,0.02564102564102564,0.02564102564102564,0.02564102564102564,0.0,0.0,0.0,0.02564102564102564,0.0,0.0,0.0,0.02564102564102564,0.0,0.0,0.02564102564102564,0.02564102564102564,0.07692307692307693,0.0,0.02564102564102564,0.02564102564102564,0.0,0.02564102564102564,0.0,0.0,0.0,0.02564102564102564,0.05128205128205128,0.0,0.0,0.02564102564102564,0.0,0.02564102564102564,0.02564102564102564,0.0,0.02564102564102564,0.0,0.0,0.0,0.02564102564102564,0.02564102564102564,0.0,0.0,0.05128205128205128,0.0,0.02564102564102564,0.05128205128205128,0.07692307692307693,0.0,0.0,0.0,0.0,0.0,0.02564102564102564,0.02564102564102564,0.05128205128205128,0.0,0.02564102564102564,0.0,0.0,0.0,0.05128205128205128,0.0,0.0,0.05128205128205128,0.0,0.02564102564102564,0.02564102564102564,0.02564102564102564,0.0,0.0,0.0,0.02564102564102564,0.0,0.0,0.0,0.02564102564102564,0.0,0.0,0.02564102564102564,0.02564102564102564,0.07692307692307693,0.0,0.02564102564102564,0.02564102564102564,0.0,0.02564102564102564,0.0,0.0,0.0,0.02564102564102564,0.05128205128205128,0.0,0.0,0.02564102564102564,0.0,0.02564102564102564,0.02564102564102564,0.0,0.02564102564102564,0.0,0.0,2.921127473337187,3.0,0.9737091577790623,0.10256410256410256,obj276,fld1,1
0.1,0.0,0.25,0.175,0.125,0.075,0.1,0.175,7,0.25,2,0.02564102564102564,0.0,0.05128205128205128,0.02564102564102564,0.0,0.0,0.0,0.0,0.0,0.0,0.0,0.0,0.0,0.0,0.0,0.0,0.05128205128205128,0.0,0.02564102564102564,0.05128205128205128,0.0,0.05128205128205128,0.02564102564102564,0.05128205128205128,0.0,0.0,0.10256410256410256,0.0,0.02564102564102564,0.0,0.0,0.05128205128205128,0.0,0.0,0.0,0.02564102564102564,0.05128205128205128,0.0,0.02564102564102564,0.02564102564102564,0.0,0.0,0.02564102564102564,0.02564102564102564,0.0,0.0,0.0,0.02564102564102564,0.0,0.0,0.02564102564102564,0.0,0.02564102564102564,0.02564102564102564,0.02564102564102564,0.0,0.02564102564102564,0.0,0.02564102564102564,0.02564102564102564,0.02564102564102564,0.0,0.02564102564102564,0.02564102564102564,0.02564102564102564,0.0,0.05128205128205128,0.02564102564102564,0.0,0.0,0.0,0.0,0.0,0.0,0.0,0.0,0.0,0.0,0.0,0.0,0.05128205128205128,0.0,0.02564102564102564,0.05128205128205128,0.0,0.05128205128205128,0.02564102564102564,0.05128205128205128,0.0,0.0,0.10256410256410256,0.0,0.02564102564102564,0.0,0.0,0.05128205128205128,0.0,0.0,0.0,0.02564102564102564,0.05128205128205128,0.0,0.02564102564102564,0.02564102564102564,0.0,0.0,0.02564102564102564,0.02564102564102564,0.0,0.0,0.0,0.02564102564102564,0.0,0.0,0.02564102564102564,0.0,0.02564102564102564,0.02564102564102564,0.02564102564102564,0.0,0.02564102564102564,0.0,0.02564102564102564,0.02564102564102564,0.02564102564102564,0.0,0.02564102564102564,0.02564102564102564,2.6997586490303536,2.807354922057604,0.8999195496767846,0.15384615384615385,obj277,fld1,0
0.125,0.15,0.1,0.075,0.125,0.175,0.15,0.1,8,0.175,5,0.0,0.02564102564102564,0.0,0.0,0.02564102564102564,0.05128205128205128,0.02564102564102564,0.0,0.0,0.05128205128205128,0.0,0.05128205128205128,0.02564102564102564,0.02564102564102564,0.0,0.0,0.0,0.02564102564102564,0.0,0.02564102564102564,0.0,0.0,0.05128205128205128,0.0,0.02564102564102564,0.0,0.0,0.0,0.02564102564102564,0.0,0.0,0.02564102564102564,0.0,0.0,0.02564102564102564,0.0,0.0,0.02564102564102564,0.02564102564102564,0.02564102564102564,0.05128205128205128,0.0,0.05128205128205128,0.0,0.0,0.02564102564102564,0.02564102564102564,0.02564102564102564,0.02564102564102564,0.02564102564102564,0.0,0.0,0.05128205128205128,0.02564102564102564,0.0,0.02564102564102564,0.0,0.02564102564102564,0.02564102564102564,0.0,0.0,0.02564102564102564,0.02564102564102564,0.0,0.0,0.02564102564102564,0.0,0.0,0.02564102564102564,0.05128205128205128,0.02564102564102564,0.0,0.0,0.05128205128205128,0.0,0.05128205128205128,0.02564102564102564,0.02564102564102564,0.0,0.0,0.0,0.02564102564102564,0.0,0.02564102564102564,0.0,0.0,0.05128205128205128,0.0,0.02564102564102564,0.0,0.0,0.0,0.02564102564102564,0.0,0.0,0.02564102564102564,0.0,0.0,0.02564102564102564,0.0,0.0,0.02564102564102564,0.02564102564102564,0.02564102564102564,0.05128205128205128,0.0,0.05128205128205128,0.0,0.0,0.02564102564102564,0.02564102564102564,0.02564102564102564,0.02564102564102564,0.02564102564102564,0.0,0.0,0.05128205128205128,0.02564102564102564,0.0,0.02564102564102564,0.0,0.02564102564102564,0.02564102564102564,0.0,0.0,0.02564102564102564,0.02564102564102564,0.0,2.9557980220350073,3.0,0.9852660073450025,0.07692307692307693,obj278,fld3,1
0.1,0.1,0.175,0.175,0.075,0.125,0.075,0.175,8,0.175,3,0.0,0.0,0.05128205128205128,0.02564102564102564,0.02564102564102564,0.0,0.0,0.0,0.0,0.0,0.02564102564102564,0.02564102564102564,0.0,0.0,0.0,0.05128205128205128,0.02564102564102564,0.0,0.02564102564102564,0.02564102564102564,0.02564102564102564,0.0,0.02564102564102564,0.02564102564102564,0.0,0.0,0.02564102564102564,0.05128205128205128,0.0,0.05128205128205128,0.02564102564102564,0.02564102564102564,0.02564102564102564,0.0,0.0,0.02564102564102564,0.0,0.0,0.02564102564102564,0.0,0.0,0.02564102564102564,0.0,0.02564102564102564,0.02564102564102564,0.02564102564102564,0.0,0.02564102564102564,0.02564102564102564,0.02564102564102564,0.0,0.0,0.0,0.0,0.0,0.02564102564102564,0.02564102564102564,0.05128205128205128,0.05128205128205128,0.0,0.0,0.02564102564102564,0.0,0.02564102564102564,0.0,0.0,0.05128205128205128,0.02564102564102564,0.02564102564102564,0.0,0.0,0.0,0.0,0.0,0.02564102564102564,0.02564102564102564,0.0,0.0,0.0,0.05128205128205128,0.02564102564102564,0.0,0.02564102564102564,0.02564102564102564,0.02564102564102564,0.0,0.02564102564102564,0.02564102564102564,0.0,0.0,0.02564102564102564,0.05128205128205128,0.0,0.05128205128205128,0.02564102564102564,0.02564102564102564,0.02564102564102564,0.0,0.0,0.02564102564102564,0.0,0.0,0.02564102564102564,0.0,0.0,0.02564102564102564,0.0,0.02564102564102564,0.02564102564102564,0.02564102564102564,0.0,0.02564102564102564,0.02564102564102564,0.02564102564102564,0.0,0.0,0.0,0.0,0.0,0.02564102564102564,0.02564102564102564,0.05128205128205128,0.05128205128205128,0.0,0.0,0.02564102564102564,0.0,0.02564102564102564,2.920081373838026,3.0,0.9733604579460087,0.1282051282051282,obj279,fld2,0
0.025,0.175,0.15,0.15,0.125,0.125,0.15,0.1,8,0.175,1,0.0,0.0,0.0,0.0,0.0,0.0,0.02564102564102564,0.0,0.02564102564102564,0.0,0.05128205128205128,0.0,0.0,0.0,0.05128205128205128,0.05128205128205128,0.0,0.02564102564102564,0.0,0.0,0.05128205128205128,0.02564102564102564,0.05128205128205128,0.0,0.0,0.02564102564102564,0.02564102564102564,0.05128205128205128,0.02564102564102564,0.02564102564102564,0.0,0.0,0.0,0.07692307692307693,0.0,0.0,0.0,0.0,0.02564102564102564,0.02564102564102564,0.0,0.0,0.02564102564102564,0.0,0.02564102564102564,0.05128205128205128,0.0,0.02564102564102564,0.0,0.02564102564102564,0.05128205128205128,0.02564102564102564,0.02564102564102564,0.02564102564102564,0.0,0.0,0.0,0.02564102564102564,0.0,0.05128205128205128,0.0,0.0,0.0,0.0,0.0,0.0,0.0,0.0,0.0,0.0,0.02564102564102564,0.0,0.02564102564102564,0.0,0.05128205128205128,0.0,0.0,0.0,0.05128205128205128,0.05128205128205128,0.0,0.02564102564102564,0.0,0.0,0.05128205128205128,0.02564102564102564,0.05128205128205128,0.0,0.0,0.02564102564102564,0.02564102564102564,0.05128205128205128,0.02564102564102564,0.02564102564102564,0.0,0.0,0.0,0.07692307692307693,0.0,0.0,0.0,0.0,0.02564102564102564,0.02564102564102564,0.0,0.0,0.02564102564102564,0.0,0.02564102564102564,0.05128205128205128,0.0,0.02564102564102564,0.0,0.02564102564102564,0.05128205128205128,0.02564102564102564,0.02564102564102564,0.02564102564102564,0.0,0.0,0.0,0.02564102564102564,0.0,0.05128205128205128,0.0,0.0,0.0,0.0,2.8869258344809205,3.0,0.9623086114936402,0.10256410256410256,obj280,fld4,1
0.075,0.05,0.175,0.25,0.125,0.15,0.125,0.05,8,0.25,3,0.0,0.0,0.02564102564102564,0.02564102564102564,0.0,0.0,0.0,0.02564102564102564,0.0,0.0,0.0,0.0,0.0,0.02564102564102564,0.02564102564102564,0.0,0.02564102564102564,0.0,0.02564102564102564,0.07692307692307693,0.02564102564102564,0.0,0.02564102564102564,0.0,0.02564102564102564,0.0,0.05128205128205128,0.07692307692307693,0.02564102564102564,0.02564102564102564,0.05128205128205128,0.0,0.0,0.02564102564102564,0.02564102564102564,0.0,0.05128205128205128,0.02564102564102564,0.0,0.0,0.02564102564102564,0.0,0.0,0.05128205128205128,0.02564102564102564,0.02564102564102564,0.0,0.0,0.0,0.02564102564102564,0.0,0.02564102564102564,0.0,0.02564102564102564,0.02564102564102564,0.02564102564102564,0.0,0.0,0.02564102564102564,0.0,0.0,0.02564102564102564,0.0,0.0,0.0,0.0,0.02564102564102564,0.02564102564102564,0.0,0.0,0.0,0.02564102564102564,0.0,0.0,0.0,0.0,0.0,0.02564102564102564,0.02564102564102564,0.0,0.02564102564102564,0.0,0.02564102564102564,0.07692307692307693,0.02564102564102564,0.0,0.02564102564102564,0.0,0.02564102564102564,0.0,0.05128205128205128,0.07692307692307693,0.02564102564102564,0.02564102564102564,0.05128205128205128,0.0,0.0,0.02564102564102564,0.02564102564102564,0.0,0.05128205128205128,0.02564102564102564,0.0,0.0,0.02564102564102564,0.0,0.0,0.05128205128205128,0.02564102564102564,0.02564102564102564,0.0,0.0,0.0,0.02564102564102564,0.0,0.02564102564102564,0.0,0.02564102564102564,0.02564102564102564,0.02564102564102564,0.0,0.0,0.02564102564102564,0.0,0.0,0.02564102564102564,0.0,0.0,2.81306037342134,3.0,0.9376867911404467,0.20512820512820512,obj281,fld1,1
0.125,0.1,0.125,0.1,0.075,0.075,0.15,0.25,8,0.25,7,0.02564102564102564,0.02564102564102564,0.05128205128205128,0.0,0.0,0.02564102564102564,0.0,0.0,0.0,0.0,0.0,0.02564102564102564,0.0,0.0,0.0,0.05128205128205128,0.0,0.02564102564102564,0.02564102564102564,0.0,0.0,0.02564102564102564,0.02564102564102564,0.02564102564102564,0.02564102564102564,0.0,0.0,0.02564102564102564,0.0,0.0,0.0,0.05128205128205128,0.02564102564102564,0.02564102564102564,0.0,0.0,0.0,0.02564102564102564,0.0,0.0,0.0,0.0,0.0,0.0,0.0,0.0,0.05128205128205128,0.02564102564102564,0.05128205128205128,0.02564102564102564,0.0,0.02564102564102564,0.0,0.0,0.02564102564102564,0.02564102564102564,0.0,0.0,0.05128205128205128,0.02564102564102564,0.07692307692307693,0.0,0.05128205128205128,0.05128205128205128,0.02564102564102564,0.02564102564102564,0.05128205128205128,0.0,0.0,0.02564102564102564,0.0,0.0,0.0,0.0,0.0,0.02564102564102564,0.0,0.0,0.0,0.05128205128205128,0.0,0.02564102564102564,0.02564102564102564,0.0,0.0,0.02564102564102564,0.02564102564102564,0.02564102564102564,0.02564102564102564,0.0,0.0,0.02564102564102564,0.0,0.0,0.0,0.05128205128205128,0.02564102564102564,0.02564102564102564,0.0,0.0,0.0,0.02564102564102564,0.0,0.0,0.0,0.0,0.0,0.0,0.0,0.0,0.05128205128205128,0.02564102564102564,0.05128205128205128,0.02564102564102564,0.0,0.02564102564102564,0.0,0.0,0.02564102564102564,0.02564102564102564,0.0,0.0,0.05128205128205128,0.02564102564102564,0.07692307692307693,0.0,0.05128205128205128,0.05128205128205128,2.885475297227334,3.0,0.961825099075778,0.15384615384615385,obj282,fld4,0
0.1,0.15,0.1,0.175,0.1,0.15,0.1,0.125,8,0.175,3,0.0,0.02564102564102564,0.02564102564102564,0.02564102564102564,0.02564102564102564,0.0,0.0,0.0,0.0,0.02564102564102564,0.02564102564102564,0.0,0.02564102564102564,0.02564102564102564,0.02564102564102564,0.02564102564102564,0.02564102564102564,0.02564102564102564,0.0,0.0,0.02564102564102564,0.02564102564102564,0.0,0.0,0.0,0.02564102564102564,0.0,0.07692307692307693,0.0,0.02564102564102564,0.02564102564102564,0.02564102564102564,0.02564102564102564,0.0,0.0,0.02564102564102564,0.0,0.0,0.02564102564102564,0.0,0.02564102564102564,0.02564102564102564,0.0,0.05128205128205128,0.0,0.02564102564102564,0.0,0.02564102564102564,0.0,0.0,0.02564102564102564,0.0,0.02564102564102564,0.02564102564102564,0.0,0.02564102564102564,0.02564102564102564,0.02564102564102564,0.02564102564102564,0.0,0.0,0.02564102564102564,0.02564102564102564,0.0,0.0,0.02564102564102564,0.02564102564102564,0.02564102564102564,0.02564102564102564,0.0,0.0,0.0,0.0,0.02564102564102564,0.02564102564102564,0.0,0.02564102564102564,0.02564102564102564,0.02564102564102564,0.02564102564102564,0.02564102564102564,0.02564102564102564,0.0,0.0,0.02564102564102564,0.02564102564102564,0.0,0.0,0.0,0.02564102564102564,0.0,0.07692307692307693,0.0,0.02564102564102564,0.02564102564102564,0.02564102564102564,0.02564102564102564,0.0,0.0,0.02564102564102564,0.0,0.0,0.02564102564102564,0.0,0.02564102564102564,0.02564102564102564,0.0,0.05128205128205128,0.0,0.02564102564102564,0.0,0.02564102564102564,0.0,0.0,0.02564102564102564,0.0,0.02564102564102564,0.02564102564102564,0.0,0.02564102564102564,0.02564102564102564,0.02564102564102564,0.02564102564102564,0.0,0.0,0.02564102564102564,0.02564102564102564,0.0,2.964911221450014,3.0,0.988303740483338,0.1282051282051282,obj283,fld5,0
0.15,0.1,0.1,0.125,0.1,0.175,0.125,0.125,8,0.175,5,0.02564102564102564,0.02564102564102564,0.0,0.0,0.0,0.02564102564102564,0.05128205128205128,0.0,0.0,0.0,0.02564102564102564,0.02564102564102564,0.0,0.05128205128205128,0.0,0.0,0.0,0.02564102564102564,0.02564102564102564,0.0,0.0,0.0,0.02564102564102564,0.02564102564102564,0.05128205128205128,0.02564102564102564,0.0,0.0,0.02564102564102564,0.02564102564102564,0.0,0.0,0.0,0.0,0.02564102564102564,0.0,0.02564102564102564,0.0,0.0,0.05128205128205128,0.02564102564102564,0.02564102564102564,0.02564102564102564,0.02564102564102564,0.0,0.02564102564102564,0.02564102564102564,0.02564102564102564,0.02564102564102564,0.0,0.0,0.02564102564102564,0.02564102564102564,0.02564102564102564,0.0,0.02564102564102564,0.02564102564102564,0.0,0.0,0.02564102564102564,0.02564102564102564,0.02564102564102564,0.02564102564102564,0.0,0.02564102564102564,0.02564102564102564,0.0,0.0,0.0,0.02564102564102564,0.05128205128205128,0.0,0.0,0.0,0.02564102564102564,0.02564102564102564,0.0,0.05128205128205128,0.0,0.0,0.0,0.02564102564102564,0.02564102564102564,0.0,0.0,0.0,0.02564102564102564,0.02564102564102564,0.05128205128205128,0.02564102564102564,0.0,0.0,0.02564102564102564,0.02564102564102564,0.0,0.0,0.0,0.0,0.02564102564102564,0.0,0.02564102564102564,0.0,0.0,0.05128205128205128,0.02564102564102564,0.02564102564102564,0.02564102564102564,0.02564102564102564,0.0,0.02564102564102564,0.02564102564102564,0.02564102564102564,0.02564102564102564,0.0,0.0,0.02564102564102564,0.02564102564102564,0.02564102564102564,0.0,0.02564102564102564,0.02564102564102564,0.0,0.0,0.02564102564102564,0.02564102564102564,0.02564102564102564,0.02564102564102564,0.0,2.9721735728363474,3.0,0.9907245242787824,0.10256410256410256,obj284,fld5,1
0.1,0.05,0.125,0.2,0.05,0.125,0.15,0.2,8,0.2,3,0.05128205128205128,0.0,0.02564102564102564,0.0,0.0,0.0,0.02564102564102564,0.0,0.02564102564102564,0.0,0.0,0.0,0.0,0.0,0.0,0.02564102564102564,0.0,0.0,0.02564102564102564,0.02564102564102564,0.0,0.0,0.05128205128205128,0.02564102564102564,0.02564102564102564,0.0,0.02564102564102564,0.02564102564102564,0.0,0.05128205128205128,0.0,0.05128205128205128,0.0,0.0,0.02564102564102564,0.0,0.0,0.02564102564102564,0.0,0.0,0.0,0.0,0.0,0.02564102564102564,0.02564102564102564,0.0,0.02564102564102564,0.05128205128205128,0.0,0.0,0.0,0.07692307692307693,0.02564102564102564,0.0,0.02564102564102564,0.02564102564102564,0.0,0.05128205128205128,0.02564102564102564,0.05128205128205128,0.0,0.02564102564102564,0.02564102564102564,0.02564102564102564,0.05128205128205128,0.0,0.02564102564102564,0.0,0.0,0.0,0.02564102564102564,0.0,0.02564102564102564,0.0,0.0,0.0,0.0,0.0,0.0,0.02564102564102564,0.0,0.0,0.02564102564102564,0.02564102564102564,0.0,0.0,0.05128205128205128,0.02564102564102564,0.02564102564102564,0.0,0.02564102564102564,0.02564102564102564,0.0,0.05128205128205128,0.0,0.05128205128205128,0.0,0.0,0.02564102564102564,0.0,0.0,0.02564102564102564,0.0,0.0,0.0,0.0,0.0,0.02564102564102564,0.02564102564102564,0.0,0.02564102564102564,0.05128205128205128,0.0,0.0,0.0,0.07692307692307693,0.02564102564102564,0.0,0.02564102564102564,0.02564102564102564,0.0,0.05128205128205128,0.02564102564102564,0.05128205128205128,0.0,0.02564102564102564,0.02564102564102564,0.02564102564102564,2.8537016960573482,3.0,0.9512338986857828,0.15384615384615385,obj285,fld2,1
0.225,0.125,0.075,0.125,0.15,0.075,0.075,0.15,8,0.225,0,0.07692307692307693,0.05128205128205128,0.02564102564102564,0.0,0.02564102564102564,0.02564102564102564,0.02564102564102564,0.0,0.0,0.02564102564102564,0.0,0.05128205128205128,0.0,0.0,0.0,0.05128205128205128,0.0,0.0,0.0,0.0,0.02564102564102564,0.02564102564102564,0.0,0.02564102564102564,0.0,0.0,0.02564102564102564,0.02564102564102564,0.02564102564102564,0.0,0.0,0.05128205128205128,0.02564102564102564,0.0,0.02564102564102564,0.02564102564102564,0.05128205128205128,0.0,0.02564102564102564,0.0,0.05128205128205128,0.02564102564102564,0.0,0.0,0.0,0.0,0.0,0.0,0.02564102564102564,0.0,0.0,0.0,0.0,0.02564102564102564,0.0,0.0,0.05128205128205128,0.02564102564102564,0.0,0.0,0.02564102564102564,0.0,0.02564102564102564,0.02564102564102564,0.07692307692307693,0.05128205128205128,0.02564102564102564,0.0,0.02564102564102564,0.02564102564102564,0.02564102564102564,0.0,0.0,0.02564102564102564,0.0,0.05128205128205128,0.0,0.0,0.0,0.05128205128205128,0.0,0.0,0.0,0.0,0.02564102564102564,0.02564102564102564,0.0,0.02564102564102564,0.0,0.0,0.02564102564102564,0.02564102564102564,0.02564102564102564,0.0,0.0,0.05128205128205128,0.02564102564102564,0.0,0.02564102564102564,0.02564102564102564,0.05128205128205128,0.0,0.02564102564102564,0.0,0.05128205128205128,0.02564102564102564,0.0,0.0,0.0,0.0,0.0,0.0,0.02564102564102564,0.0,0.0,0.0,0.0,0.02564102564102564,0.0,0.0,0.05128205128205128,0.02564102564102564,0.0,0.0,0.02564102564102564,0.0,0.02564102564102564,0.02564102564102564,2.8961076329623947,3.0,0.9653692109874649,0.20512820512820512,obj286,fld5,1
0.1,0.15,0.125,0.175,0.025,0.2,0.175,0.05,8,0.2,5,0.0,0.02564102564102564,0.02564102564102564,0.0,0.0,0.0,0.02564102564102564,0.0,0.0,0.02564102564102564,0.02564102564102564,0.02564102564102564,0.0,0.02564102564102564,0.05128205128205128,0.0,0.0,0.0,0.0,0.05128205128205128,0.0,0.0,0.07692307692307693,0.0,0.05128205128205128,0.02564102564102564,0.0,0.02564102564102564,0.0,0.05128205128205128,0.0,0.02564102564102564,0.0,0.0,0.0,0.02564102564102564,0.0,0.0,0.0,0.0,0.02564102564102564,0.0,0.05128205128205128,0.0,0.02564102564102564,0.07692307692307693,0.0,0.02564102564102564,0.02564102564102564,0.05128205128205128,0.02564102564102564,0.02564102564102564,0.0,0.05128205128205128,0.0,0.0,0.0,0.0,0.0,0.02564102564102564,0.0,0.0,0.02564102564102564,0.0,0.0,0.02564102564102564,0.02564102564102564,0.0,0.0,0.0,0.02564102564102564,0.0,0.0,0.02564102564102564,0.02564102564102564,0.02564102564102564,0.0,0.02564102564102564,0.05128205128205128,0.0,0.0,0.0,0.0,0.05128205128205128,0.0,0.0,0.07692307692307693,0.0,0.05128205128205128,0.02564102564102564,0.0,0.02564102564102564,0.0,0.05128205128205128,0.0,0.02564102564102564,0.0,0.0,0.0,0.02564102564102564,0.0,0.0,0.0,0.0,0.02564102564102564,0.0,0.05128205128205128,0.0,0.02564102564102564,0.07692307692307693,0.0,0.02564102564102564,0.02564102564102564,0.05128205128205128,0.02564102564102564,0.02564102564102564,0.0,0.05128205128205128,0.0,0.0,0.0,0.0,0.0,0.02564102564102564,0.0,0.0,0.02564102564102564,0.0,2.811368485198107,3.0,0.937122828399369,0.1282051282051282,obj287,fld5,1
0.125,0.2,0.125,0.15,0.175,0.05,0.075,0.1,8,0.2,1,0.02564102564102564,0.0,0.0,0.02564102564102564,0.02564102564102564,0.0,0.0,0.05128205128205128,0.02564102564102564,0.05128205128205128,0.02564102564102564,0.02564102564102564,0.05128205128205128,0.0,0.02564102564102564,0.0,0.05128205128205128,0.02564102564102564,0.0,0.02564102564102564,0.0,0.0,0.02564102564102564,0.0,0.0,0.02564102564102564,0.02564102564102564,0.02564102564102564,0.05128205128205128,0.02564102564102564,0.0,0.0,0.02564102564102564,0.05128205128205128,0.02564102564102564,0.02564102564102564,0.0,0.02564102564102564,0.02564102564102564,0.0,0.0,0.0,0.02564102564102564,0.0,0.0,0.0,0.0,0.02564102564102564,0.0,0.02564102564102564,0.02564102564102564,0.0,0.0,0.0,0.0,0.02564102564102564,0.0,0.02564102564102564,0.0,0.02564102564102564,0.02564102564102564,0.0,0.0,0.0,0.02564102564102564,0.0,0.0,0.02564102564102564,0.02564102564102564,0.0,0.0,0.05128205128205128,0.02564102564102564,0.05128205128205128,0.02564102564102564,0.02564102564102564,0.05128205128205128,0.0,0.02564102564102564,0.0,0.05128205128205128,0.02564102564102564,0.0,0.02564102564102564,0.0,0.0,0.02564102564102564,0.0,0.0,0.02564102564102564,0.02564102564102564,0.02564102564102564,0.05128205128205128,0.02564102564102564,0.0,0.0,0.02564102564102564,0.05128205128205128,0.02564102564102564,0.02564102564102564,0.0,0.02564102564102564,0.02564102564102564,0.0,0.0,0.0,0.02564102564102564,0.0,0.0,0.0,0.0,0.02564102564102564,0.0,0.02564102564102564,0.02564102564102564,0.0,0.0,0.0,0.0,0.02564102564102564,0.0,0.02564102564102564,0.0,0.02564102564102564,0.02564102564102564,0.0,0.0,0.0,2.8935423971431806,3.0,0.9645141323810602,0.10256410256410256,obj288,fld3,1
0.125,0.2,0.125,0.1,0.2,0.05,0.05,0.15,8,0.2,1,0.05128205128205128,0.02564102564102564,0.0,0.0,0.0,0.0,0.0,0.02564102564102564,0.0,0.07692307692307693,0.02564102564102564,0.0,0.07692307692307693,0.0,0.0,0.02564102564102564,0.02564102564102564,0.02564102564102564,0.02564102564102564,0.0,0.02564102564102564,0.02564102564102564,0.0,0.0,0.0,0.02564102564102564,0.0,0.0,0.05128205128205128,0.0,0.02564102564102564,0.0,0.02564102564102564,0.0,0.05128205128205128,0.02564102564102564,0.02564102564102564,0.0,0.0,0.07692307692307693,0.02564102564102564,0.0,0.0,0.0,0.02564102564102564,0.0,0.0,0.0,0.0,0.0,0.02564102564102564,0.02564102564102564,0.0,0.0,0.0,0.0,0.0,0.05128205128205128,0.0,0.05128205128205128,0.0,0.02564102564102564,0.02564102564102564,0.0,0.05128205128205128,0.02564102564102564,0.0,0.0,0.0,0.0,0.0,0.02564102564102564,0.0,0.07692307692307693,0.02564102564102564,0.0,0.07692307692307693,0.0,0.0,0.02564102564102564,0.02564102564102564,0.02564102564102564,0.02564102564102564,0.0,0.02564102564102564,0.02564102564102564,0.0,0.0,0.0,0.02564102564102564,0.0,0.0,0.05128205128205128,0.0,0.02564102564102564,0.0,0.02564102564102564,0.0,0.05128205128205128,0.02564102564102564,0.02564102564102564,0.0,0.0,0.07692307692307693,0.02564102564102564,0.0,0.0,0.0,0.02564102564102564,0.0,0.0,0.0,0.0,0.0,0.02564102564102564,0.02564102564102564,0.0,0.0,0.0,0.0,0.0,0.05128205128205128,0.0,0.05128205128205128,0.0,0.02564102564102564,0.02564102564102564,0.0,2.8537016960573482,3.0,0.9512338986857828,0.1794871794871795,obj289,fld2,1
0.1,0.2,0.125,0.125,0.15,0.05,0.1,0.15,8,0.2,1,0.02564102564102564,0.0,0.0,0.02564102564102564,0.02564102564102564,0.0,0.02564102564102564,0.0,0.0,0.10256410256410256,0.07692307692307693,0.0,0.0,0.0,0.02564102564102564,0.0,0.0,0.02564102564102564,0.0,0.02564102564102564,0.02564102564102564,0.0,0.05128205128205128,0.0,0.02564102564102564,0.02564102564102564,0.0,0.0,0.0,0.02564102564102564,0.0,0.05128205128205128,0.0,0.02564102564102564,0.02564102564102564,0.05128205128205128,0.02564102564102564,0.02564102564102564,0.0,0.0,0.0,0.0,0.02564102564102564,0.02564102564102564,0.0,0.0,0.0,0.0,0.0,0.0,0.0,0.0,0.02564102564102564,0.0,0.0,0.07692307692307693,0.05128205128205128,0.02564102564102564,0.0,0.0,0.02564102564102564,0.0,0.0,0.02564102564102564,0.02564102564102564,0.0,0.0,0.02564102564102564,0.02564102564102564,0.0,0.02564102564102564,0.0,0.0,0.10256410256410256,0.07692307692307693,0.0,0.0,0.0,0.02564102564102564,0.0,0.0,0.02564102564102564,0.0,0.02564102564102564,0.02564102564102564,0.0,0.05128205128205128,0.0,0.02564102564102564,0.02564102564102564,0.0,0.0,0.0,0.02564102564102564,0.0,0.05128205128205128,0.0,0.02564102564102564,0.02564102564102564,0.05128205128205128,0.02564102564102564,0.02564102564102564,0.0,0.0,0.0,0.0,0.02564102564102564,0.02564102564102564,0.0,0.0,0.0,0.0,0.0,0.0,0.0,0.0,0.02564102564102564,0.0,0.0,0.07692307692307693,0.05128205128205128,0.02564102564102564,0.0,0.0,0.02564102564102564,0.0,0.0,0.02564102564102564,2.9159573209491745,3.0,0.9719857736497248,0.1794871794871795,obj290,fld5,1
0.1,0.1,0.15,0.125,0.075,0.2,0.15,0.1,8,0.2,5,0.0,0.05128205128205128,0.0,0.0,0.0,0.0,0.02564102564102564,0.02564102564102564,0.02564102564102564,0.0,0.02564102564102564,0.0,0.0,0.02564102564102564,0.02564102564102564,0.0,0.02564102564102564,0.0,0.02564102564102564,0.02564102564102564,0.0,0.02564102564102564,0.02564102564102564,0.02564102564102564,0.0,0.02564102564102564,0.02564102564102564,0.0,0.02564102564102564,0.05128205128205128,0.0,0.0,0.0,0.0,0.0,0.02564102564102564,0.0,0.05128205128205128,0.0,0.0,0.02564102564102564,0.02564102564102564,0.02564102564102564,0.02564102564102564,0.0,0.02564102564102564,0.02564102564102564,0.02564102564102564,0.02564102564102564,0.0,0.02564102564102564,0.02564102564102564,0.0,0.02564102564102564,0.02564102564102564,0.02564102564102564,0.0,0.0,0.02564102564102564,0.0,0.05128205128205128,0.0,0.02564102564102564,0.0,0.0,0.05128205128205128,0.0,0.0,0.0,0.0,0.02564102564102564,0.02564102564102564,0.02564102564102564,0.0,0.02564102564102564,0.0,0.0,0.02564102564102564,0.02564102564102564,0.0,0.02564102564102564,0.0,0.02564102564102564,0.02564102564102564,0.0,0.02564102564102564,0.02564102564102564,0.02564102564102564,0.0,0.02564102564102564,0.02564102564102564,0.0,0.02564102564102564,0.05128205128205128,0.0,0.0,0.0,0.0,0.0,0.02564102564102564,0.0,0.05128205128205128,0.0,0.0,0.02564102564102564,0.02564102564102564,0.02564102564102564,0.02564102564102564,0.0,0.02564102564102564,0.02564102564102564,0.02564102564102564,0.02564102564102564,0.0,0.02564102564102564,0.02564102564102564,0.0,0.02564102564102564,0.02564102564102564,0.02564102564102564,0.0,0.0,0.02564102564102564,0.0,0.05128205128205128,0.0,0.02564102564102564,0.0,2.937326145256008,3.0,0.979108715085336,0.07692307692307693,obj291,fld5,0
0.175,0.125,0.1,0.075,0.225,0.1,0.05,0.15,8,0.225,4,0.07692307692307693,0.02564102564102564,0.02564102564102564,0.0,0.02564102564102564,0.0,0.0,0.02564102564102564,0.0,0.0,0.02564102564102564,0.02564102564102564,0.07692307692307693,0.0,0.0,0.0,0.0,0.0,0.02564102564102564,0.0,0.05128205128205128,0.0,0.02564102564102564,0.0,0.0,0.02564102564102564,0.0,0.0,0.0,0.02564102564102564,0.02564102564102564,0.0,0.05128205128205128,0.02564102564102564,0.0,0.02564102564102564,0.02564102564102564,0.02564102564102564,0.0,0.05128205128205128,0.02564102564102564,0.02564102564102564,0.0,0.0,0.02564102564102564,0.0,0.0,0.02564102564102564,0.02564102564102564,0.0,0.0,0.02564102564102564,0.0,0.0,0.0,0.0,0.0,0.02564102564102564,0.02564102564102564,0.0,0.0,0.05128205128205128,0.0,0.05128205128205128,0.07692307692307693,0.02564102564102564,0.02564102564102564,0.0,0.02564102564102564,0.0,0.0,0.02564102564102564,0.0,0.0,0.02564102564102564,0.02564102564102564,0.07692307692307693,0.0,0.0,0.0,0.0,0.0,0.02564102564102564,0.0,0.05128205128205128,0.0,0.02564102564102564,0.0,0.0,0.02564102564102564,0.0,0.0,0.0,0.02564102564102564,0.02564102564102564,0.0,0.05128205128205128,0.02564102564102564,0.0,0.02564102564102564,0.02564102564102564,0.02564102564102564,0.0,0.05128205128205128,0.02564102564102564,0.02564102564102564,0.0,0.0,0.02564102564102564,0.0,0.0,0.02564102564102564,0.02564102564102564,0.0,0.0,0.02564102564102564,0.0,0.0,0.0,0.0,0.0,0.02564102564102564,0.02564102564102564,0.0,0.0,0.05128205128205128,0.0,0.05128205128205128,2.870550283679581,3.0,0.9568500945598603,0.1794871794871795,obj292,fld1,1
0.125,0.15,0.075,0.05,0.15,0.2,0.05,0.2,8,0.2,5,0.02564102564102564,0.02564102564102564,0.0,0.0,0.02564102564102564,0.02564102564102564,0.02564102564102564,0.0,0.02564102564102564,0.0,0.02564102564102564,0.0,0.0,0.02564102564102564,0.0,0.07692307692307693,0.0,0.0,0.05128205128205128,0.0,0.0,0.0,0.02564102564102564,0.0,0.0,0.0,0.0,0.0,0.0,0.05128205128205128,0.0,0.0,0.02564102564102564,0.05128205128205128,0.0,0.0,0.0,0.02564102564102564,0.0,0.05128205128205128,0.05128205128205128,0.02564102564102564,0.0,0.0,0.05128205128205128,0.02564102564102564,0.0,0.05128205128205128,0.0,0.02564102564102564,0.0,0.0,0.0,0.02564102564102564,0.0,0.0,0.0,0.02564102564102564,0.0,0.05128205128205128,0.05128205128205128,0.02564102564102564,0.0,0.02564102564102564,0.02564102564102564,0.02564102564102564,0.0,0.0,0.02564102564102564,0.02564102564102564,0.02564102564102564,0.0,0.02564102564102564,0.0,0.02564102564102564,0.0,0.0,0.02564102564102564,0.0,0.07692307692307693,0.0,0.0,0.05128205128205128,0.0,0.0,0.0,0.02564102564102564,0.0,0.0,0.0,0.0,0.0,0.0,0.05128205128205128,0.0,0.0,0.02564102564102564,0.05128205128205128,0.0,0.0,0.0,0.02564102564102564,0.0,0.05128205128205128,0.05128205128205128,0.02564102564102564,0.0,0.0,0.05128205128205128,0.02564102564102564,0.0,0.05128205128205128,0.0,0.02564102564102564,0.0,0.0,0.0,0.02564102564102564,0.0,0.0,0.0,0.02564102564102564,0.0,0.05128205128205128,0.05128205128205128,0.02564102564102564,0.0,0.02564102564102564,2.837326145256008,3.0,0.9457753817520027,0.1282051282051282,obj293,fld2,1
0.075,0.125,0.1,0.2,0.1,0.175,0.175,0.05,8,0.2,3,0.0,0.02564102564102564,0.02564102564102564,0.0,0.0,0.02564102564102564,0.0,0.0,0.05128205128205128,0.0,0.0,0.0,0.0,0.0,0.05128205128205128,0.02564102564102564,0.0,0.0,0.0,0.0,0.05128205128205128,0.02564102564102564,0.0,0.02564102564102564,0.0,0.05128205128205128,0.0,0.02564102564102564,0.0,0.07692307692307693,0.02564102564102564,0.0,0.02564102564102564,0.0,0.0,0.07692307692307693,0.0,0.0,0.0,0.0,0.0,0.0,0.0,0.07692307692307693,0.02564102564102564,0.0,0.07692307692307693,0.0,0.0,0.02564102564102564,0.05128205128205128,0.02564102564102564,0.02564102564102564,0.02564102564102564,0.02564102564102564,0.0,0.0,0.02564102564102564,0.02564102564102564,0.0,0.0,0.0,0.0,0.0,0.0,0.02564102564102564,0.02564102564102564,0.0,0.0,0.02564102564102564,0.0,0.0,0.05128205128205128,0.0,0.0,0.0,0.0,0.0,0.05128205128205128,0.02564102564102564,0.0,0.0,0.0,0.0,0.05128205128205128,0.02564102564102564,0.0,0.02564102564102564,0.0,0.05128205128205128,0.0,0.02564102564102564,0.0,0.07692307692307693,0.02564102564102564,0.0,0.02564102564102564,0.0,0.0,0.07692307692307693,0.0,0.0,0.0,0.0,0.0,0.0,0.0,0.07692307692307693,0.02564102564102564,0.0,0.07692307692307693,0.0,0.0,0.02564102564102564,0.05128205128205128,0.02564102564102564,0.02564102564102564,0.02564102564102564,0.02564102564102564,0.0,0.0,0.02564102564102564,0.02564102564102564,0.0,0.0,0.0,0.0,0.0,2.8802406727521936,3.0,0.9600802242507313,0.05128205128205128,obj294,fld3,1
0.15,0.15,0.125,0.15,0.05,0.075,0.15,0.15,8,0.15,7,0.0,0.05128205128205128,0.02564102564102564,0.05128205128205128,0.0,0.02564102564102564,0.0,0.0,0.07692307692307693,0.0,0.0,0.02564102564102564,0.02564102564102564,0.0,0.02564102564102564,0.0,0.02564102564102564,0.0,0.02564102564102564,0.0,0.0,0.0,0.05128205128205128,0.0,0.02564102564102564,0.05128205128205128,0.0,0.0,0.02564102564102564,0.0,0.02564102564102564,0.02564102564102564,0.0,0.0,0.02564102564102564,0.0,0.0,0.0,0.0,0.02564102564102564,0.0,0.0,0.02564102564102564,0.0,0.0,0.0,0.0,0.05128205128205128,0.0,0.02564102564102564,0.02564102564102564,0.05128205128205128,0.0,0.0,0.02564102564102564,0.02564102564102564,0.02564102564102564,0.02564102564102564,0.0,0.02564102564102564,0.0,0.05128205128205128,0.02564102564102564,0.0,0.0,0.05128205128205128,0.02564102564102564,0.05128205128205128,0.0,0.02564102564102564,0.0,0.0,0.07692307692307693,0.0,0.0,0.02564102564102564,0.02564102564102564,0.0,0.02564102564102564,0.0,0.02564102564102564,0.0,0.02564102564102564,0.0,0.0,0.0,0.05128205128205128,0.0,0.02564102564102564,0.05128205128205128,0.0,0.0,0.02564102564102564,0.0,0.02564102564102564,0.02564102564102564,0.0,0.0,0.02564102564102564,0.0,0.0,0.0,0.0,0.02564102564102564,0.0,0.0,0.02564102564102564,0.0,0.0,0.0,0.0,0.05128205128205128,0.0,0.02564102564102564,0.02564102564102564,0.05128205128205128,0.0,0.0,0.02564102564102564,0.02564102564102564,0.02564102564102564,0.02564102564102564,0.0,0.02564102564102564,0.0,0.05128205128205128,0.02564102564102564,0.0,2.9240930199314885,3.0,0.9746976733104962,0.05128205128205128,obj295,fld4,0
0.175,0.175,0.1,0.175,0.1,0.1,0.1,0.075,8,0.175,0,0.02564102564102564,0.05128205128205128,0.0,0.07692307692307693,0.02564102564102564,0.0,0.0,0.0,0.02564102564102564,0.02564102564102564,0.02564102564102564,0.07692307692307693,0.02564102564102564,0.0,0.0,0.0,0.02564102564102564,0.05128205128205128,0.0,0.0,0.0,0.0,0.0,0.0,0.05128205128205128,0.05128205128205128,0.0,0.02564102564102564,0.0,0.0,0.0,0.05128205128205128,0.0,0.0,0.02564102564102564,0.0,0.02564102564102564,0.0,0.05128205128205128,0.0,0.02564102564102564,0.0,0.0,0.0,0.0,0.05128205128205128,0.0,0.02564102564102564,0.0,0.0,0.02564102564102564,0.0,0.02564102564102564,0.0,0.05128205128205128,0.0,0.02564102564102564,0.0,0.02564102564102564,0.0,0.0,0.02564102564102564,0.0,0.0,0.02564102564102564,0.05128205128205128,0.0,0.07692307692307693,0.02564102564102564,0.0,0.0,0.0,0.02564102564102564,0.02564102564102564,0.02564102564102564,0.07692307692307693,0.02564102564102564,0.0,0.0,0.0,0.02564102564102564,0.05128205128205128,0.0,0.0,0.0,0.0,0.0,0.0,0.05128205128205128,0.05128205128205128,0.0,0.02564102564102564,0.0,0.0,0.0,0.05128205128205128,0.0,0.0,0.02564102564102564,0.0,0.02564102564102564,0.0,0.05128205128205128,0.0,0.02564102564102564,0.0,0.0,0.0,0.0,0.05128205128205128,0.0,0.02564102564102564,0.0,0.0,0.02564102564102564,0.0,0.02564102564102564,0.0,0.05128205128205128,0.0,0.02564102564102564,0.0,0.02564102564102564,0.0,0.0,0.02564102564102564,0.0,0.0,2.929194573253033,3.0,0.9763981910843443,0.20512820512820512,obj296,fld3,1
0.1,0.2,0.025,0.15,0.2,0.125,0.15,0.05,8,0.2,1,0.0,0.02564102564102564,0.0,0.0,0.02564102564102564,0.02564102564102564,0.02564102564102564,0.0,0.05128205128205128,0.0,0.0,0.02564102564102564,0.02564102564102564,0.02564102564102564,0.02564102564102564,0.02564102564102564,0.0,0.0,0.0,0.0,0.0,0.02564102564102564,0.0,0.0,0.0,0.05128205128205128,0.0,0.05128205128205128,0.0,0.02564102564102564,0.02564102564102564,0.0,0.02564102564102564,0.02564102564102564,0.0,0.0,0.05128205128205128,0.02564102564102564,0.07692307692307693,0.0,0.0,0.05128205128205128,0.0,0.0,0.05128205128205128,0.0,0.0,0.02564102564102564,0.02564102564102564,0.0,0.02564102564102564,0.05128205128205128,0.05128205128205128,0.0,0.0,0.0,0.0,0.02564102564102564,0.0,0.02564102564102564,0.0,0.0,0.0,0.0,0.0,0.02564102564102564,0.0,0.0,0.02564102564102564,0.02564102564102564,0.02564102564102564,0.0,0.05128205128205128,0.0,0.0,0.02564102564102564,0.02564102564102564,0.02564102564102564,0.02564102564102564,0.02564102564102564,0.0,0.0,0.0,0.0,0.0,0.02564102564102564,0.0,0.0,0.0,0.05128205128205128,0.0,0.05128205128205128,0.0,0.02564102564102564,0.02564102564102564,0.0,0.02564102564102564,0.02564102564102564,0.0,0.0,0.05128205128205128,0.02564102564102564,0.07692307692307693,0.0,0.0,0.05128205128205128,0.0,0.0,0.05128205128205128,0.0,0.0,0.02564102564102564,0.02564102564102564,0.0,0.02564102564102564,0.05128205128205128,0.05128205128205128,0.0,0.0,0.0,0.0,0.02564102564102564,0.0,0.02564102564102564,0.0,0.0,0.0,0.0,2.8061983328100952,3.0,0.9353994442700317,0.10256410256410256,obj297,fld2,1
0.05,0.15,0.15,0.2,0.1,0.15,0.1,0.1,8,0.2,3,0.0,0.0,0.0,0.0,0.02564102564102564,0.0,0.02564102564102564,0.0,0.0,0.0,0.07692307692307693,0.0,0.0,0.05128205128205128,0.02564102564102564,0.0,0.0,0.02564102564102564,0.0,0.05128205128205128,0.0,0.02564102564102564,0.0,0.05128205128205128,0.0,0.02564102564102564,0.07692307692307693,0.02564102564102564,0.05128205128205128,0.0,0.0,0.02564102564102564,0.0,0.07692307692307693,0.0,0.02564102564102564,0.0,0.0,0.0,0.0,0.0,0.02564102564102564,0.0,0.07692307692307693,0.02564102564102564,0.0,0.02564102564102564,0.0,0.02564102564102564,0.0,0.0,0.02564102564102564,0.0,0.02564102564102564,0.02564102564102564,0.0,0.02564102564102564,0.0,0.0,0.0,0.0,0.02564102564102564,0.0,0.02564102564102564,0.0,0.0,0.0,0.0,0.02564102564102564,0.0,0.02564102564102564,0.0,0.0,0.0,0.07692307692307693,0.0,0.0,0.05128205128205128,0.02564102564102564,0.0,0.0,0.02564102564102564,0.0,0.05128205128205128,0.0,0.02564102564102564,0.0,0.05128205128205128,0.0,0.02564102564102564,0.07692307692307693,0.02564102564102564,0.05128205128205128,0.0,0.0,0.02564102564102564,0.0,0.07692307692307693,0.0,0.02564102564102564,0.0,0.0,0.0,0.0,0.0,0.02564102564102564,0.0,0.07692307692307693,0.02564102564102564,0.0,0.02564102564102564,0.0,0.02564102564102564,0.0,0.0,0.02564102564102564,0.0,0.02564102564102564,0.02564102564102564,0.0,0.02564102564102564,0.0,0.0,0.0,0.0,0.02564102564102564,0.0,0.02564102564102564,2.9086949695628417,3.0,0.9695649898542805,0.07692307692307693,obj298,fld3,1
0.25,0.075,0.125,0.15,0.1,0.075,0.125,0.1,8,0.25,0,0.07692307692307693,0.0,0.05128205128205128,0.02564102564102564,0.05128205128205128,0.02564102564102564,0.0,0.02564102564102564,0.02564102564102564,0.0,0.0,0.02564102564102564,0.0,0.0,0.02564102564102564,0.0,0.05128205128205128,0.02564102564102564,0.0,0.0,0.02564102564102564,0.02564102564102564,0.0,0.0,0.0,0.0,0.02564102564102564,0.02564102564102564,0.02564102564102564,0.02564102564102564,0.0,0.05128205128205128,0.0,0.02564102564102564,0.0,0.02564102564102564,0.0,0.0,0.05128205128205128,0.0,0.02564102564102564,0.0,0.0,0.0,0.0,0.0,0.02564102564102564,0.02564102564102564,0.05128205128205128,0.02564102564102564,0.02564102564102564,0.02564102564102564,0.0,0.0,0.0,0.0,0.0,0.0,0.02564102564102564,0.02564102564102564,0.0,0.0,0.02564102564102564,0.0,0.07692307692307693,0.0,0.05128205128205128,0.02564102564102564,0.05128205128205128,0.02564102564102564,0.0,0.02564102564102564,0.02564102564102564,0.0,0.0,0.02564102564102564,0.0,0.0,0.02564102564102564,0.0,0.05128205128205128,0.02564102564102564,0.0,0.0,0.02564102564102564,0.02564102564102564,0.0,0.0,0.0,0.0,0.02564102564102564,0.02564102564102564,0.02564102564102564,0.02564102564102564,0.0,0.05128205128205128,0.0,0.02564102564102564,0.0,0.02564102564102564,0.0,0.0,0.05128205128205128,0.0,0.02564102564102564,0.0,0.0,0.0,0.0,0.0,0.02564102564102564,0.02564102564102564,0.05128205128205128,0.02564102564102564,0.02564102564102564,0.02564102564102564,0.0,0.0,0.0,0.0,0.0,0.0,0.02564102564102564,0.02564102564102564,0.0,0.0,0.02564102564102564,0.0,2.8854752972273343,3.0,0.9618250990757781,0.10256410256410256,obj299,fld5,0
0.05,0.1,0.25,0.1,0.125,0.15,0.1,0.125,8,0.25,2,0.0,0.0,0.0,0.0,0.0,0.05128205128205128,0.0,0.0,0.0,0.02564102564102564,0.02564102564102564,0.0,0.02564102564102564,0.0,0.0,0.0,0.05128205128205128,0.02564102564102564,0.05128205128205128,0.02564102564102564,0.02564102564102564,0.05128205128205128,0.0,0.02564102564102564,0.0,0.0,0.02564102564102564,0.02564102564102564,0.02564102564102564,0.0,0.02564102564102564,0.0,0.0,0.02564102564102564,0.02564102564102564,0.02564102564102564,0.02564102564102564,0.0,0.0,0.02564102564102564,0.0,0.0,0.05128205128205128,0.02564102564102564,0.0,0.02564102564102564,0.02564102564102564,0.02564102564102564,0.0,0.0,0.02564102564102564,0.0,0.02564102564102564,0.02564102564102564,0.02564102564102564,0.0,0.0,0.02564102564102564,0.05128205128205128,0.0,0.0,0.0,0.02564102564102564,0.02564102564102564,0.0,0.0,0.0,0.0,0.0,0.05128205128205128,0.0,0.0,0.0,0.02564102564102564,0.02564102564102564,0.0,0.02564102564102564,0.0,0.0,0.0,0.05128205128205128,0.02564102564102564,0.05128205128205128,0.02564102564102564,0.02564102564102564,0.05128205128205128,0.0,0.02564102564102564,0.0,0.0,0.02564102564102564,0.02564102564102564,0.02564102564102564,0.0,0.02564102564102564,0.0,0.0,0.02564102564102564,0.02564102564102564,0.02564102564102564,0.02564102564102564,0.0,0.0,0.02564102564102564,0.0,0.0,0.05128205128205128,0.02564102564102564,0.0,0.02564102564102564,0.02564102564102564,0.02564102564102564,0.0,0.0,0.02564102564102564,0.0,0.02564102564102564,0.02564102564102564,0.02564102564102564,0.0,0.0,0.02564102564102564,0.05128205128205128,0.0,0.0,0.0,0.02564102564102564,0.02564102564102564,2.8732196723355075,3.0,0.9577398907785025,0.20512820512820512,obj300,fld5,0
0.075,0.05,0.2,0.15,0.05,0.2,0.1,0.175,8,0.2,5,0.02564102564102564,0.0,0.0,0.0,0.0,0.0,0.0,0.05128205128205128,0.0,0.0,0.02564102564102564,0.02564102564102564,0.0,0.0,0.0,0.0,0.0,0.0,0.0,0.07692307692307693,0.0,0.07692307692307693,0.02564102564102564,0.02564102564102564,0.0,0.02564102564102564,0.0,0.0,0.02564102564102564,0.05128205128205128,0.05128205128205128,0.0,0.0,0.0,0.0,0.0,0.0,0.0,0.0,0.05128205128205128,0.02564102564102564,0.02564102564102564,0.05128205128205128,0.02564102564102564,0.02564102564102564,0.05128205128205128,0.0,0.0,0.0,0.0,0.05128205128205128,0.02564102564102564,0.0,0.0,0.0,0.02564102564102564,0.02564102564102564,0.0,0.07692307692307693,0.0,0.0,0.0,0.02564102564102564,0.02564102564102564,0.02564102564102564,0.0,0.0,0.0,0.0,0.0,0.0,0.05128205128205128,0.0,0.0,0.02564102564102564,0.02564102564102564,0.0,0.0,0.0,0.0,0.0,0.0,0.0,0.07692307692307693,0.0,0.07692307692307693,0.02564102564102564,0.02564102564102564,0.0,0.02564102564102564,0.0,0.0,0.02564102564102564,0.05128205128205128,0.05128205128205128,0.0,0.0,0.0,0.0,0.0,0.0,0.0,0.0,0.05128205128205128,0.02564102564102564,0.02564102564102564,0.05128205128205128,0.02564102564102564,0.02564102564102564,0.05128205128205128,0.0,0.0,0.0,0.0,0.05128205128205128,0.02564102564102564,0.0,0.0,0.0,0.02564102564102564,0.02564102564102564,0.0,0.07692307692307693,0.0,0.0,0.0,0.02564102564102564,0.02564102564102564,2.8240244208650216,3.0,0.9413414736216739,0.10256410256410256,obj301,fld3,1
0.075,0.075,0.175,0.2,0.1,0.25,0.1,0.025,8,0.25,5,0.0,0.02564102564102564,0.0,0.02564102564102564,0.02564102564102564,0.0,0.0,0.0,0.0,0.0,0.0,0.0,0.02564102564102564,0.02564102564102564,0.0,0.0,0.02564102564102564,0.02564102564102564,0.05128205128205128,0.02564102564102564,0.0,0.02564102564102564,0.02564102564102564,0.0,0.02564102564102564,0.0,0.02564102564102564,0.0,0.02564102564102564,0.05128205128205128,0.07692307692307693,0.0,0.02564102564102564,0.0,0.02564102564102564,0.02564102564102564,0.0,0.02564102564102564,0.0,0.0,0.0,0.0,0.05128205128205128,0.10256410256410256,0.02564102564102564,0.05128205128205128,0.0,0.02564102564102564,0.0,0.0,0.02564102564102564,0.02564102564102564,0.0,0.05128205128205128,0.0,0.0,0.0,0.02564102564102564,0.0,0.0,0.0,0.0,0.0,0.0,0.0,0.02564102564102564,0.0,0.02564102564102564,0.02564102564102564,0.0,0.0,0.0,0.0,0.0,0.0,0.0,0.02564102564102564,0.02564102564102564,0.0,0.0,0.02564102564102564,0.02564102564102564,0.05128205128205128,0.02564102564102564,0.0,0.02564102564102564,0.02564102564102564,0.0,0.02564102564102564,0.0,0.02564102564102564,0.0,0.02564102564102564,0.05128205128205128,0.07692307692307693,0.0,0.02564102564102564,0.0,0.02564102564102564,0.02564102564102564,0.0,0.02564102564102564,0.0,0.0,0.0,0.0,0.05128205128205128,0.10256410256410256,0.02564102564102564,0.05128205128205128,0.0,0.02564102564102564,0.0,0.0,0.02564102564102564,0.02564102564102564,0.0,0.05128205128205128,0.0,0.0,0.0,0.02564102564102564,0.0,0.0,0.0,0.0,0.0,0.0,2.762414584697267,3.0,0.9208048615657557,0.10256410256410256,obj302,fld2,1
0.075,0.175,0.15,0.075,0.125,0.175,0.175,0.05,8,0.175,5,0.0,0.02564102564102564,0.0,0.0,0.0,0.05128205128205128,0.0,0.0,0.0,0.07692307692307693,0.05128205128205128,0.02564102564102564,0.0,0.0,0.0,0.0,0.02564102564102564,0.02564102564102564,0.02564102564102564,0.0,0.07692307692307693,0.0,0.0,0.0,0.0,0.0,0.0,0.0,0.0,0.05128205128205128,0.02564102564102564,0.0,0.0,0.02564102564102564,0.0,0.0,0.0,0.02564102564102564,0.05128205128205128,0.02564102564102564,0.02564102564102564,0.0,0.02564102564102564,0.02564102564102564,0.02564102564102564,0.02564102564102564,0.05128205128205128,0.0,0.02564102564102564,0.0,0.02564102564102564,0.02564102564102564,0.02564102564102564,0.0,0.05128205128205128,0.02564102564102564,0.0,0.02564102564102564,0.02564102564102564,0.0,0.0,0.0,0.0,0.0,0.0,0.02564102564102564,0.0,0.0,0.0,0.05128205128205128,0.0,0.0,0.0,0.07692307692307693,0.05128205128205128,0.02564102564102564,0.0,0.0,0.0,0.0,0.02564102564102564,0.02564102564102564,0.02564102564102564,0.0,0.07692307692307693,0.0,0.0,0.0,0.0,0.0,0.0,0.0,0.0,0.05128205128205128,0.02564102564102564,0.0,0.0,0.02564102564102564,0.0,0.0,0.0,0.02564102564102564,0.05128205128205128,0.02564102564102564,0.02564102564102564,0.0,0.02564102564102564,0.02564102564102564,0.02564102564102564,0.02564102564102564,0.05128205128205128,0.0,0.02564102564102564,0.0,0.02564102564102564,0.02564102564102564,0.02564102564102564,0.0,0.05128205128205128,0.02564102564102564,0.0,0.02564102564102564,0.02564102564102564,0.0,0.0,0.0,0.0,0.0,2.882336998729853,3.0,0.9607789995766177,0.1794871794871795,obj303,fld5,1
0.15,0.175,0.1,0.05,0.125,0.175,0.175,0.05,8,0.175,5,0.0,0.02564102564102564,0.02564102564102564,0.0,0.02564102564102564,0.02564102564102564,0.02564102564102564,0.02564102564102564,0.02564102564102564,0.0,0.0,0.0,0.02564102564102564,0.07692307692307693,0.02564102564102564,0.0,0.02564102564102564,0.05128205128205128,0.02564102564102564,0.0,0.0,0.0,0.0,0.0,0.0,0.02564102564102564,0.0,0.0,0.0,0.02564102564102564,0.0,0.0,0.02564102564102564,0.0,0.0,0.0,0.0,0.0,0.07692307692307693,0.02564102564102564,0.0,0.02564102564102564,0.02564102564102564,0.02564102564102564,0.02564102564102564,0.02564102564102564,0.05128205128205128,0.0,0.07692307692307693,0.0,0.02564102564102564,0.02564102564102564,0.05128205128205128,0.0,0.0,0.0,0.0,0.05128205128205128,0.0,0.0,0.0,0.0,0.0,0.0,0.0,0.02564102564102564,0.02564102564102564,0.0,0.02564102564102564,0.02564102564102564,0.02564102564102564,0.02564102564102564,0.02564102564102564,0.0,0.0,0.0,0.02564102564102564,0.07692307692307693,0.02564102564102564,0.0,0.02564102564102564,0.05128205128205128,0.02564102564102564,0.0,0.0,0.0,0.0,0.0,0.0,0.02564102564102564,0.0,0.0,0.0,0.02564102564102564,0.0,0.0,0.02564102564102564,0.0,0.0,0.0,0.0,0.0,0.07692307692307693,0.02564102564102564,0.0,0.02564102564102564,0.02564102564102564,0.02564102564102564,0.02564102564102564,0.02564102564102564,0.05128205128205128,0.0,0.07692307692307693,0.0,0.02564102564102564,0.02564102564102564,0.05128205128205128,0.0,0.0,0.0,0.0,0.05128205128205128,0.0,0.0,0.0,0.0,0.0,0.0,2.870081373838026,3.0,0.9566937912793421,0.05128205128205128,obj304,fld2,1
0.1,0.15,0.05,0.15,0.125,0.075,0.1,0.25,8,0.25,7,0.0,0.02564102564102564,0.0,0.02564102564102564,0.0,0.02564102564102564,0.02564102564102564,0.0,0.02564102564102564,0.0,0.02564102564102564,0.0,0.05128205128205128,0.02564102564102564,0.0,0.02564102564102564,0.0,0.0,0.0,0.0,0.02564102564102564,0.0,0.0,0.02564102564102564,0.02564102564102564,0.02564102564102564,0.0,0.05128205128205128,0.0,0.0,0.0,0.05128205128205128,0.02564102564102564,0.02564102564102564,0.0,0.05128205128205128,0.02564102564102564,0.0,0.0,0.0,0.0,0.0,0.02564102564102564,0.0,0.0,0.02564102564102564,0.02564102564102564,0.0,0.02564102564102564,0.02564102564102564,0.0,0.0,0.0,0.0,0.0,0.05128205128205128,0.0,0.05128205128205128,0.0,0.02564102564102564,0.02564102564102564,0.0,0.05128205128205128,0.07692307692307693,0.0,0.02564102564102564,0.0,0.02564102564102564,0.0,0.02564102564102564,0.02564102564102564,0.0,0.02564102564102564,0.0,0.02564102564102564,0.0,0.05128205128205128,0.02564102564102564,0.0,0.02564102564102564,0.0,0.0,0.0,0.0,0.02564102564102564,0.0,0.0,0.02564102564102564,0.02564102564102564,0.02564102564102564,0.0,0.05128205128205128,0.0,0.0,0.0,0.05128205128205128,0.02564102564102564,0.02564102564102564,0.0,0.05128205128205128,0.02564102564102564,0.0,0.0,0.0,0.0,0.0,0.02564102564102564,0.0,0.0,0.02564102564102564,0.02564102564102564,0.0,0.02564102564102564,0.02564102564102564,0.0,0.0,0.0,0.0,0.0,0.05128205128205128,0.0,0.05128205128205128,0.0,0.02564102564102564,0.02564102564102564,0.0,0.05128205128205128,0.07692307692307693,2.856844121534168,3.0,0.9522813738447226,0.1794871794871795,obj305,fld1,1
0.1,0.175,0.125,0.125,0.1,0.05,0.1,0.225,8,0.225,7,0.0,0.02564102564102564,0.02564102564102564,0.02564102564102564,0.0,0.0,0.02564102564102564,0.0,0.02564102564102564,0.02564102564102564,0.02564102564102564,0.05128205128205128,0.0,0.02564102564102564,0.0,0.02564102564102564,0.05128205128205128,0.02564102564102564,0.02564102564102564,0.0,0.0,0.0,0.0,0.02564102564102564,0.02564102564102564,0.0,0.0,0.02564102564102564,0.05128205128205128,0.0,0.0,0.0,0.0,0.0,0.02564102564102564,0.02564102564102564,0.0,0.0,0.02564102564102564,0.02564102564102564,0.0,0.0,0.0,0.0,0.02564102564102564,0.0,0.0,0.02564102564102564,0.0,0.07692307692307693,0.0,0.0,0.0,0.0,0.0,0.02564102564102564,0.0,0.02564102564102564,0.02564102564102564,0.0,0.02564102564102564,0.0,0.05128205128205128,0.10256410256410256,0.0,0.02564102564102564,0.02564102564102564,0.02564102564102564,0.0,0.0,0.02564102564102564,0.0,0.02564102564102564,0.02564102564102564,0.02564102564102564,0.05128205128205128,0.0,0.02564102564102564,0.0,0.02564102564102564,0.05128205128205128,0.02564102564102564,0.02564102564102564,0.0,0.0,0.0,0.0,0.02564102564102564,0.02564102564102564,0.0,0.0,0.02564102564102564,0.05128205128205128,0.0,0.0,0.0,0.0,0.0,0.02564102564102564,0.02564102564102564,0.0,0.0,0.02564102564102564,0.02564102564102564,0.0,0.0,0.0,0.0,0.02564102564102564,0.0,0.0,0.02564102564102564,0.0,0.07692307692307693,0.0,0.0,0.0,0.0,0.0,0.02564102564102564,0.0,0.02564102564102564,0.02564102564102564,0.0,0.02564102564102564,0.0,0.05128205128205128,0.10256410256410256,2.886925834480921,3.0,0.9623086114936403,0.1794871794871795,obj306,fld4,1
0.1,0.05,0.075,0.15,0.15,0.125,0.2,0.15,8,0.2,6,0.0,0.0,0.0,0.02564102564102564,0.02564102564102564,0.0,0.02564102564102564,0.02564102564102564,0.0,0.0,0.0,0.0,0.02564102564102564,0.02564102564102564,0.0,0.0,0.02564102564102564,0.0,0.0,0.0,0.0,0.0,0.05128205128205128,0.0,0.0,0.0,0.0,0.02564102564102564,0.02564102564102564,0.02564102564102564,0.02564102564102564,0.02564102564102564,0.02564102564102564,0.0,0.02564102564102564,0.02564102564102564,0.02564102564102564,0.02564102564102564,0.0,0.02564102564102564,0.02564102564102564,0.0,0.0,0.05128205128205128,0.02564102564102564,0.0,0.02564102564102564,0.0,0.0,0.02564102564102564,0.05128205128205128,0.02564102564102564,0.02564102564102564,0.02564102564102564,0.02564102564102564,0.02564102564102564,0.0,0.02564102564102564,0.0,0.0,0.0,0.02564102564102564,0.05128205128205128,0.05128205128205128,0.0,0.0,0.0,0.02564102564102564,0.02564102564102564,0.0,0.02564102564102564,0.02564102564102564,0.0,0.0,0.0,0.0,0.02564102564102564,0.02564102564102564,0.0,0.0,0.02564102564102564,0.0,0.0,0.0,0.0,0.0,0.05128205128205128,0.0,0.0,0.0,0.0,0.02564102564102564,0.02564102564102564,0.02564102564102564,0.02564102564102564,0.02564102564102564,0.02564102564102564,0.0,0.02564102564102564,0.02564102564102564,0.02564102564102564,0.02564102564102564,0.0,0.02564102564102564,0.02564102564102564,0.0,0.0,0.05128205128205128,0.02564102564102564,0.0,0.02564102564102564,0.0,0.0,0.02564102564102564,0.05128205128205128,0.02564102564102564,0.02564102564102564,0.02564102564102564,0.02564102564102564,0.02564102564102564,0.0,0.02564102564102564,0.0,0.0,0.0,0.02564102564102564,0.05128205128205128,0.05128205128205128,2.899581770147835,3.0,0.966527256715945,0.1282051282051282,obj307,fld1,1
0.125,0.05,0.2,0.025,0.1,0.2,0.175,0.125,8,0.2,2,0.05128205128205128,0.0,0.0,0.0,0.0,0.07692307692307693,0.0,0.0,0.0,0.0,0.02564102564102564,0.0,0.0,0.02564102564102564,0.0,0.0,0.05128205128205128,0.0,0.02564102564102564,0.0,0.0,0.02564102564102564,0.05128205128205128,0.05128205128205128,0.0,0.0,0.02564102564102564,0.0,0.0,0.0,0.0,0.0,0.0,0.0,0.0,0.0,0.05128205128205128,0.0,0.02564102564102564,0.0,0.02564102564102564,0.0,0.05128205128205128,0.0,0.02564102564102564,0.02564102564102564,0.05128205128205128,0.02564102564102564,0.0,0.05128205128205128,0.0,0.02564102564102564,0.0,0.05128205128205128,0.02564102564102564,0.02564102564102564,0.0,0.0,0.05128205128205128,0.0,0.02564102564102564,0.0,0.02564102564102564,0.02564102564102564,0.05128205128205128,0.0,0.0,0.0,0.0,0.07692307692307693,0.0,0.0,0.0,0.0,0.02564102564102564,0.0,0.0,0.02564102564102564,0.0,0.0,0.05128205128205128,0.0,0.02564102564102564,0.0,0.0,0.02564102564102564,0.05128205128205128,0.05128205128205128,0.0,0.0,0.02564102564102564,0.0,0.0,0.0,0.0,0.0,0.0,0.0,0.0,0.0,0.05128205128205128,0.0,0.02564102564102564,0.0,0.02564102564102564,0.0,0.05128205128205128,0.0,0.02564102564102564,0.02564102564102564,0.05128205128205128,0.02564102564102564,0.0,0.05128205128205128,0.0,0.02564102564102564,0.0,0.05128205128205128,0.02564102564102564,0.02564102564102564,0.0,0.0,0.05128205128205128,0.0,0.02564102564102564,0.0,0.02564102564102564,0.02564102564102564,2.8001589598054406,3.0,0.9333863199351469,0.20512820512820512,obj308,fld5,0
0.15,0.175,0.075,0.125,0.075,0.15,0.075,0.175,8,0.175,7,0.05128205128205128,0.0,0.0,0.02564102564102564,0.02564102564102564,0.0,0.02564102564102564,0.02564102564102564,0.05128205128205128,0.0,0.0,0.02564102564102564,0.02564102564102564,0.05128205128205128,0.0,0.02564102564102564,0.0,0.0,0.0,0.0,0.0,0.05128205128205128,0.0,0.02564102564102564,0.0,0.05128205128205128,0.02564102564102564,0.0,0.0,0.0,0.0,0.05128205128205128,0.02564102564102564,0.0,0.0,0.0,0.0,0.0,0.0,0.02564102564102564,0.02564102564102564,0.05128205128205128,0.02564102564102564,0.0,0.0,0.02564102564102564,0.02564102564102564,0.0,0.0,0.0,0.02564102564102564,0.02564102564102564,0.0,0.0,0.0,0.02564102564102564,0.0,0.07692307692307693,0.0,0.02564102564102564,0.02564102564102564,0.02564102564102564,0.02564102564102564,0.0,0.05128205128205128,0.0,0.0,0.02564102564102564,0.02564102564102564,0.0,0.02564102564102564,0.02564102564102564,0.05128205128205128,0.0,0.0,0.02564102564102564,0.02564102564102564,0.05128205128205128,0.0,0.02564102564102564,0.0,0.0,0.0,0.0,0.0,0.05128205128205128,0.0,0.02564102564102564,0.0,0.05128205128205128,0.02564102564102564,0.0,0.0,0.0,0.0,0.05128205128205128,0.02564102564102564,0.0,0.0,0.0,0.0,0.0,0.0,0.02564102564102564,0.02564102564102564,0.05128205128205128,0.02564102564102564,0.0,0.0,0.02564102564102564,0.02564102564102564,0.0,0.0,0.0,0.02564102564102564,0.02564102564102564,0.0,0.0,0.0,0.02564102564102564,0.0,0.07692307692307693,0.0,0.02564102564102564,0.02564102564102564,0.02564102564102564,0.02564102564102564,0.0,2.917007547427673,3.0,0.9723358491425577,0.07692307692307693,obj309,fld3,0
0.15,0.175,0.125,0.175,0.05,0.05,0.175,0.1,8,0.175,6,0.0,0.05128205128205128,0.05128205128205128,0.02564102564102564,0.0,0.0,0.02564102564102564,0.0,0.02564102564102564,0.02564102564102564,0.0,0.07692307692307693,0.0,0.0,0.02564102564102564,0.0,0.02564102564102564,0.0,0.0,0.0,0.02564102564102564,0.02564102564102564,0.05128205128205128,0.0,0.0,0.02564102564102564,0.02564102564102564,0.0,0.02564102564102564,0.0,0.02564102564102564,0.07692307692307693,0.02564102564102564,0.02564102564102564,0.0,0.0,0.0,0.0,0.0,0.0,0.0,0.0,0.02564102564102564,0.0,0.0,0.0,0.02564102564102564,0.0,0.07692307692307693,0.02564102564102564,0.02564102564102564,0.02564102564102564,0.0,0.02564102564102564,0.0,0.0,0.0,0.02564102564102564,0.0,0.05128205128205128,0.0,0.0,0.02564102564102564,0.0,0.0,0.05128205128205128,0.05128205128205128,0.02564102564102564,0.0,0.0,0.02564102564102564,0.0,0.02564102564102564,0.02564102564102564,0.0,0.07692307692307693,0.0,0.0,0.02564102564102564,0.0,0.02564102564102564,0.0,0.0,0.0,0.02564102564102564,0.02564102564102564,0.05128205128205128,0.0,0.0,0.02564102564102564,0.02564102564102564,0.0,0.02564102564102564,0.0,0.02564102564102564,0.07692307692307693,0.02564102564102564,0.02564102564102564,0.0,0.0,0.0,0.0,0.0,0.0,0.0,0.0,0.02564102564102564,0.0,0.0,0.0,0.02564102564102564,0.0,0.07692307692307693,0.02564102564102564,0.02564102564102564,0.02564102564102564,0.0,0.02564102564102564,0.0,0.0,0.0,0.02564102564102564,0.0,0.05128205128205128,0.0,0.0,0.02564102564102564,0.0,2.870081373838026,3.0,0.9566937912793421,0.02564102564102564,obj310,fld3,0
0.075,0.1,0.125,0.15,0.1,0.175,0.1,0.175,8,0.175,7,0.0,0.0,0.02564102564102564,0.0,0.0,0.0,0.0,0.05128205128205128,0.0,0.02564102564102564,0.0,0.0,0.0,0.05128205128205128,0.0,0.02564102564102564,0.0,0.0,0.02564102564102564,0.02564102564102564,0.02564102564102564,0.02564102564102564,0.02564102564102564,0.0,0.02564102564102564,0.02564102564102564,0.0,0.05128205128205128,0.0,0.02564102564102564,0.0,0.02564102564102564,0.0,0.0,0.05128205128205128,0.02564102564102564,0.0,0.0,0.02564102564102564,0.0,0.02564102564102564,0.02564102564102564,0.0,0.0,0.02564102564102564,0.02564102564102564,0.05128205128205128,0.02564102564102564,0.0,0.0,0.02564102564102564,0.02564102564102564,0.0,0.02564102564102564,0.0,0.02564102564102564,0.02564102564102564,0.02564102564102564,0.0,0.02564102564102564,0.02564102564102564,0.02564102564102564,0.0,0.02564102564102564,0.0,0.0,0.02564102564102564,0.0,0.0,0.0,0.0,0.05128205128205128,0.0,0.02564102564102564,0.0,0.0,0.0,0.05128205128205128,0.0,0.02564102564102564,0.0,0.0,0.02564102564102564,0.02564102564102564,0.02564102564102564,0.02564102564102564,0.02564102564102564,0.0,0.02564102564102564,0.02564102564102564,0.0,0.05128205128205128,0.0,0.02564102564102564,0.0,0.02564102564102564,0.0,0.0,0.05128205128205128,0.02564102564102564,0.0,0.0,0.02564102564102564,0.0,0.02564102564102564,0.02564102564102564,0.0,0.0,0.02564102564102564,0.02564102564102564,0.05128205128205128,0.02564102564102564,0.0,0.0,0.02564102564102564,0.02564102564102564,0.0,0.02564102564102564,0.0,0.02564102564102564,0.02564102564102564,0.02564102564102564,0.0,0.02564102564102564,0.02564102564102564,0.02564102564102564,0.0,0.02564102564102564,2.9424962976440203,3.0,0.9808320992146734,0.15384615384615385,obj311,fld1,0
0.2,0.1,0.05,0.05,0.1,0.175,0.2,0.125,8,0.2,0,0.02564102564102564,0.0,0.05128205128205128,0.0,0.02564102564102564,0.0,0.05128205128205128,0.05128205128205128,0.0,0.0,0.0,0.0,0.02564102564102564,0.02564102564102564,0.05128205128205128,0.0,0.0,0.0,0.0,0.0,0.0,0.02564102564102564,0.0,0.0,0.0,0.02564102564102564,0.0,0.0,0.0,0.0,0.02564102564102564,0.0,0.02564102564102564,0.0,0.0,0.02564102564102564,0.0,0.05128205128205128,0.0,0.0,0.0,0.05128205128205128,0.0,0.0,0.02564102564102564,0.05128205128205128,0.02564102564102564,0.02564102564102564,0.07692307692307693,0.0,0.0,0.02564102564102564,0.0,0.02564102564102564,0.02564102564102564,0.05128205128205128,0.05128205128205128,0.02564102564102564,0.0,0.0,0.02564102564102564,0.0,0.02564102564102564,0.0,0.02564102564102564,0.0,0.05128205128205128,0.0,0.02564102564102564,0.0,0.05128205128205128,0.05128205128205128,0.0,0.0,0.0,0.0,0.02564102564102564,0.02564102564102564,0.05128205128205128,0.0,0.0,0.0,0.0,0.0,0.0,0.02564102564102564,0.0,0.0,0.0,0.02564102564102564,0.0,0.0,0.0,0.0,0.02564102564102564,0.0,0.02564102564102564,0.0,0.0,0.02564102564102564,0.0,0.05128205128205128,0.0,0.0,0.0,0.05128205128205128,0.0,0.0,0.02564102564102564,0.05128205128205128,0.02564102564102564,0.02564102564102564,0.07692307692307693,0.0,0.0,0.02564102564102564,0.0,0.02564102564102564,0.02564102564102564,0.05128205128205128,0.05128205128205128,0.02564102564102564,0.0,0.0,0.02564102564102564,0.0,0.02564102564102564,0.0,2.8403999716663613,3.0,0.9467999905554537,0.10256410256410256,obj312,fld5,1
0.025,0.2,0.05,0.125,0.125,0.2,0.225,0.05,8,0.225,6,0.0,0.02564102564102564,0.0,0.0,0.0,0.0,0.0,0.0,0.0,0.05128205128205128,0.0,0.07692307692307693,0.0,0.0,0.07692307692307693,0.0,0.0,0.0,0.0,0.02564102564102564,0.0,0.0,0.0,0.02564102564102564,0.0,0.02564102564102564,0.0,0.0,0.05128205128205128,0.02564102564102564,0.02564102564102564,0.0,0.0,0.0,0.0,0.0,0.02564102564102564,0.07692307692307693,0.02564102564102564,0.0,0.02564102564102564,0.02564102564102564,0.0,0.0,0.02564102564102564,0.05128205128205128,0.05128205128205128,0.0,0.0,0.05128205128205128,0.05128205128205128,0.02564102564102564,0.02564102564102564,0.02564102564102564,0.02564102564102564,0.02564102564102564,0.0,0.02564102564102564,0.0,0.0,0.0,0.02564102564102564,0.0,0.0,0.0,0.02564102564102564,0.0,0.0,0.0,0.0,0.0,0.0,0.0,0.05128205128205128,0.0,0.07692307692307693,0.0,0.0,0.07692307692307693,0.0,0.0,0.0,0.0,0.02564102564102564,0.0,0.0,0.0,0.02564102564102564,0.0,0.02564102564102564,0.0,0.0,0.05128205128205128,0.02564102564102564,0.02564102564102564,0.0,0.0,0.0,0.0,0.0,0.02564102564102564,0.07692307692307693,0.02564102564102564,0.0,0.02564102564102564,0.02564102564102564,0.0,0.0,0.02564102564102564,0.05128205128205128,0.05128205128205128,0.0,0.0,0.05128205128205128,0.05128205128205128,0.02564102564102564,0.02564102564102564,0.02564102564102564,0.02564102564102564,0.02564102564102564,0.0,0.02564102564102564,0.0,0.0,0.0,0.02564102564102564,0.0,0.0,2.728212945841001,3.0,0.9094043152803337,0.15384615384615385,obj313,fld2,1
0.075,0.15,0.2,0.125,0.075,0.125,0.15,0.1,8,0.2,2,0.0,0.0,0.02564102564102564,0.02564102564102564,0.0,0.02564102564102564,0.0,0.0,0.02564102564102564,0.02564102564102564,0.02564102564102564,0.0,0.02564102564102564,0.02564102564102564,0.02564102564102564,0.0,0.02564102564102564,0.02564102564102564,0.02564102564102564,0.05128205128205128,0.0,0.02564102564102564,0.02564102564102564,0.02564102564102564,0.0,0.0,0.0,0.02564102564102564,0.0,0.0,0.05128205128205128,0.02564102564102564,0.0,0.02564102564102564,0.02564102564102564,0.0,0.0,0.0,0.02564102564102564,0.0,0.0,0.05128205128205128,0.02564102564102564,0.02564102564102564,0.0,0.02564102564102564,0.0,0.0,0.02564102564102564,0.0,0.02564102564102564,0.0,0.02564102564102564,0.02564102564102564,0.0,0.05128205128205128,0.0,0.0,0.05128205128205128,0.0,0.02564102564102564,0.0,0.02564102564102564,0.0,0.0,0.0,0.02564102564102564,0.02564102564102564,0.0,0.02564102564102564,0.0,0.0,0.02564102564102564,0.02564102564102564,0.02564102564102564,0.0,0.02564102564102564,0.02564102564102564,0.02564102564102564,0.0,0.02564102564102564,0.02564102564102564,0.02564102564102564,0.05128205128205128,0.0,0.02564102564102564,0.02564102564102564,0.02564102564102564,0.0,0.0,0.0,0.02564102564102564,0.0,0.0,0.05128205128205128,0.02564102564102564,0.0,0.02564102564102564,0.02564102564102564,0.0,0.0,0.0,0.02564102564102564,0.0,0.0,0.05128205128205128,0.02564102564102564,0.02564102564102564,0.0,0.02564102564102564,0.0,0.0,0.02564102564102564,0.0,0.02564102564102564,0.0,0.02564102564102564,0.02564102564102564,0.0,0.05128205128205128,0.0,0.0,0.05128205128205128,0.0,0.02564102564102564,0.0,0.02564102564102564,0.0,2.9282129458410013,3.0,0.9760709819470005,0.10256410256410256,obj314,fld3,1
0.125,0.075,0.15,0.075,0.15,0.15,0.15,0.125,8,0.15,5,0.02564102564102564,0.0,0.0,0.0,0.02564102564102564,0.02564102564102564,0.02564102564102564,0.02564102564102564,0.0,0.0,0.02564102564102564,0.0,0.02564102564102564,0.0,0.02564102564102564,0.0,0.0,0.0,0.02564102564102564,0.02564102564102564,0.02564102564102564,0.0,0.05128205128205128,0.0,0.02564102564102564,0.0,0.0,0.0,0.0,0.02564102564102564,0.0,0.02564102564102564,0.05128205128205128,0.02564102564102564,0.02564102564102564,0.02564102564102564,0.0,0.0,0.0,0.02564102564102564,0.0,0.02564102564102564,0.0,0.0,0.07692307692307693,0.0,0.02564102564102564,0.02564102564102564,0.02564102564102564,0.02564102564102564,0.05128205128205128,0.02564102564102564,0.0,0.02564102564102564,0.0,0.0,0.0,0.0,0.02564102564102564,0.0,0.0,0.05128205128205128,0.02564102564102564,0.02564102564102564,0.02564102564102564,0.0,0.0,0.0,0.02564102564102564,0.02564102564102564,0.02564102564102564,0.02564102564102564,0.0,0.0,0.02564102564102564,0.0,0.02564102564102564,0.0,0.02564102564102564,0.0,0.0,0.0,0.02564102564102564,0.02564102564102564,0.02564102564102564,0.0,0.05128205128205128,0.0,0.02564102564102564,0.0,0.0,0.0,0.0,0.02564102564102564,0.0,0.02564102564102564,0.05128205128205128,0.02564102564102564,0.02564102564102564,0.02564102564102564,0.0,0.0,0.0,0.02564102564102564,0.0,0.02564102564102564,0.0,0.0,0.07692307692307693,0.0,0.02564102564102564,0.02564102564102564,0.02564102564102564,0.02564102564102564,0.05128205128205128,0.02564102564102564,0.0,0.02564102564102564,0.0,0.0,0.0,0.0,0.02564102564102564,0.0,0.0,0.05128205128205128,0.02564102564102564,0.02564102564102564,2.9527241956246546,3.0,0.9842413985415516,0.07692307692307693,obj315,fld5,0
0.075,0.225,0.125,0.075,0.075,0.175,0.125,0.125,8,0.225,1,0.02564102564102564,0.0,0.0,0.0,0.0,0.02564102564102564,0.02564102564102564,0.0,0.0,0.07692307692307693,0.02564102564102564,0.0,0.05128205128205128,0.05128205128205128,0.0,0.0,0.0,0.0,0.0,0.02564102564102564,0.0,0.05128205128205128,0.05128205128205128,0.0,0.0,0.02564102564102564,0.0,0.0,0.02564102564102564,0.0,0.0,0.02564102564102564,0.0,0.0,0.02564102564102564,0.0,0.0,0.02564102564102564,0.0,0.02564102564102564,0.0,0.02564102564102564,0.05128205128205128,0.05128205128205128,0.0,0.0,0.0,0.05128205128205128,0.02564102564102564,0.02564102564102564,0.0,0.0,0.0,0.02564102564102564,0.02564102564102564,0.02564102564102564,0.02564102564102564,0.05128205128205128,0.02564102564102564,0.0,0.0,0.0,0.02564102564102564,0.0,0.02564102564102564,0.0,0.0,0.0,0.0,0.02564102564102564,0.02564102564102564,0.0,0.0,0.07692307692307693,0.02564102564102564,0.0,0.05128205128205128,0.05128205128205128,0.0,0.0,0.0,0.0,0.0,0.02564102564102564,0.0,0.05128205128205128,0.05128205128205128,0.0,0.0,0.02564102564102564,0.0,0.0,0.02564102564102564,0.0,0.0,0.02564102564102564,0.0,0.0,0.02564102564102564,0.0,0.0,0.02564102564102564,0.0,0.02564102564102564,0.0,0.02564102564102564,0.05128205128205128,0.05128205128205128,0.0,0.0,0.0,0.05128205128205128,0.02564102564102564,0.02564102564102564,0.0,0.0,0.0,0.02564102564102564,0.02564102564102564,0.02564102564102564,0.02564102564102564,0.05128205128205128,0.02564102564102564,0.0,0.0,0.0,0.02564102564102564,0.0,2.89006825995774,3.0,0.96335608665258,0.1282051282051282,obj316,fld3,0
0.2,0.15,0.075,0.1,0.15,0.075,0.1,0.15,8,0.2,0,0.02564102564102564,0.02564102564102564,0.02564102564102564,0.0,0.05128205128205128,0.02564102564102564,0.0,0.05128205128205128,0.05128205128205128,0.0,0.0,0.0,0.05128205128205128,0.0,0.02564102564102564,0.02564102564102564,0.02564102564102564,0.0,0.02564102564102564,0.0,0.0,0.0,0.02564102564102564,0.0,0.0,0.07692307692307693,0.0,0.0,0.0,0.0,0.0,0.02564102564102564,0.0,0.0,0.02564102564102564,0.02564102564102564,0.05128205128205128,0.02564102564102564,0.02564102564102564,0.0,0.0,0.0,0.0,0.0,0.0,0.02564102564102564,0.0,0.05128205128205128,0.05128205128205128,0.02564102564102564,0.0,0.02564102564102564,0.0,0.0,0.0,0.0,0.02564102564102564,0.02564102564102564,0.0,0.05128205128205128,0.0,0.0,0.02564102564102564,0.0,0.02564102564102564,0.02564102564102564,0.02564102564102564,0.0,0.05128205128205128,0.02564102564102564,0.0,0.05128205128205128,0.05128205128205128,0.0,0.0,0.0,0.05128205128205128,0.0,0.02564102564102564,0.02564102564102564,0.02564102564102564,0.0,0.02564102564102564,0.0,0.0,0.0,0.02564102564102564,0.0,0.0,0.07692307692307693,0.0,0.0,0.0,0.0,0.0,0.02564102564102564,0.0,0.0,0.02564102564102564,0.02564102564102564,0.05128205128205128,0.02564102564102564,0.02564102564102564,0.0,0.0,0.0,0.0,0.0,0.0,0.02564102564102564,0.0,0.05128205128205128,0.05128205128205128,0.02564102564102564,0.0,0.02564102564102564,0.0,0.0,0.0,0.0,0.02564102564102564,0.02564102564102564,0.0,0.05128205128205128,0.0,0.0,0.02564102564102564,0.0,2.920950594454668,3.0,0.9736501981515561,0.1282051282051282,obj317,fld4,0
0.125,0.25,0.075,0.05,0.125,0.175,0.1,0.1,8,0.25,1,0.02564102564102564,0.05128205128205128,0.0,0.0,0.05128205128205128,0.0,0.0,0.0,0.02564102564102564,0.02564102564102564,0.05128205128205128,0.02564102564102564,0.0,0.02564102564102564,0.05128205128205128,0.05128205128205128,0.0,0.0,0.0,0.0,0.05128205128205128,0.02564102564102564,0.0,0.0,0.0,0.02564102564102564,0.0,0.0,0.02564102564102564,0.0,0.0,0.0,0.0,0.02564102564102564,0.0,0.0,0.0,0.05128205128205128,0.02564102564102564,0.02564102564102564,0.02564102564102564,0.02564102564102564,0.02564102564102564,0.02564102564102564,0.0,0.02564102564102564,0.02564102564102564,0.02564102564102564,0.05128205128205128,0.02564102564102564,0.0,0.0,0.0,0.02564102564102564,0.0,0.0,0.0,0.05128205128205128,0.0,0.0,0.0,0.02564102564102564,0.0,0.0,0.02564102564102564,0.05128205128205128,0.0,0.0,0.05128205128205128,0.0,0.0,0.0,0.02564102564102564,0.02564102564102564,0.05128205128205128,0.02564102564102564,0.0,0.02564102564102564,0.05128205128205128,0.05128205128205128,0.0,0.0,0.0,0.0,0.05128205128205128,0.02564102564102564,0.0,0.0,0.0,0.02564102564102564,0.0,0.0,0.02564102564102564,0.0,0.0,0.0,0.0,0.02564102564102564,0.0,0.0,0.0,0.05128205128205128,0.02564102564102564,0.02564102564102564,0.02564102564102564,0.02564102564102564,0.02564102564102564,0.02564102564102564,0.0,0.02564102564102564,0.02564102564102564,0.02564102564102564,0.05128205128205128,0.02564102564102564,0.0,0.0,0.0,0.02564102564102564,0.0,0.0,0.0,0.05128205128205128,0.0,0.0,0.0,0.02564102564102564,0.0,0.0,2.8508047485295136,3.0,0.9502682495098379,0.07692307692307693,obj318,fld1,0
0.075,0.175,0.175,0.075,0.175,0.1,0.1,0.125,8,0.175,4,0.0,0.0,0.0,0.05128205128205128,0.02564102564102564,0.0,0.0,0.0,0.02564102564102564,0.07692307692307693,0.0,0.0,0.0,0.0,0.0,0.05128205128205128,0.0,0.0,0.02564102564102564,0.0,0.05128205128205128,0.05128205128205128,0.02564102564102564,0.02564102564102564,0.0,0.02564102564102564,0.02564102564102564,0.0,0.0,0.0,0.02564102564102564,0.0,0.02564102564102564,0.05128205128205128,0.02564102564102564,0.0,0.02564102564102564,0.02564102564102564,0.0,0.02564102564102564,0.0,0.0,0.02564102564102564,0.02564102564102564,0.02564102564102564,0.0,0.02564102564102564,0.0,0.0,0.0,0.05128205128205128,0.0,0.05128205128205128,0.0,0.0,0.0,0.0,0.02564102564102564,0.02564102564102564,0.0,0.0,0.02564102564102564,0.02564102564102564,0.02564102564102564,0.0,0.0,0.0,0.05128205128205128,0.02564102564102564,0.0,0.0,0.0,0.02564102564102564,0.07692307692307693,0.0,0.0,0.0,0.0,0.0,0.05128205128205128,0.0,0.0,0.02564102564102564,0.0,0.05128205128205128,0.05128205128205128,0.02564102564102564,0.02564102564102564,0.0,0.02564102564102564,0.02564102564102564,0.0,0.0,0.0,0.02564102564102564,0.0,0.02564102564102564,0.05128205128205128,0.02564102564102564,0.0,0.02564102564102564,0.02564102564102564,0.0,0.02564102564102564,0.0,0.0,0.02564102564102564,0.02564102564102564,0.02564102564102564,0.0,0.02564102564102564,0.0,0.0,0.0,0.05128205128205128,0.0,0.05128205128205128,0.0,0.0,0.0,0.0,0.02564102564102564,0.02564102564102564,0.0,0.0,0.02564102564102564,0.02564102564102564,0.02564102564102564,2.9200813738380265,3.0,0.9733604579460088,0.15384615384615385,obj319,fld2,0
0.05,0.15,0.175,0.1,0.1,0.1,0.2,0.125,8,0.2,6,0.0,0.05128205128205128,0.0,0.0,0.0,0.0,0.0,0.0,0.0,0.02564102564102564,0.02564102564102564,0.0,0.0,0.02564102564102564,0.05128205128205128,0.02564102564102564,0.02564102564102564,0.0,0.0,0.02564102564102564,0.02564102564102564,0.02564102564102564,0.05128205128205128,0.02564102564102564,0.0,0.0,0.02564102564102564,0.02564102564102564,0.02564102564102564,0.02564102564102564,0.0,0.0,0.02564102564102564,0.0,0.02564102564102564,0.0,0.0,0.0,0.05128205128205128,0.0,0.0,0.0,0.0,0.02564102564102564,0.0,0.02564102564102564,0.02564102564102564,0.02564102564102564,0.0,0.05128205128205128,0.07692307692307693,0.0,0.0,0.0,0.02564102564102564,0.02564102564102564,0.0,0.02564102564102564,0.02564102564102564,0.02564102564102564,0.02564102564102564,0.0,0.0,0.02564102564102564,0.0,0.05128205128205128,0.0,0.0,0.0,0.0,0.0,0.0,0.0,0.02564102564102564,0.02564102564102564,0.0,0.0,0.02564102564102564,0.05128205128205128,0.02564102564102564,0.02564102564102564,0.0,0.0,0.02564102564102564,0.02564102564102564,0.02564102564102564,0.05128205128205128,0.02564102564102564,0.0,0.0,0.02564102564102564,0.02564102564102564,0.02564102564102564,0.02564102564102564,0.0,0.0,0.02564102564102564,0.0,0.02564102564102564,0.0,0.0,0.0,0.05128205128205128,0.0,0.0,0.0,0.0,0.02564102564102564,0.0,0.02564102564102564,0.02564102564102564,0.02564102564102564,0.0,0.05128205128205128,0.07692307692307693,0.0,0.0,0.0,0.02564102564102564,0.02564102564102564,0.0,0.02564102564102564,0.02564102564102564,0.02564102564102564,0.02564102564102564,0.0,0.0,0.02564102564102564,2.902655596558188,3.0,0.967551865519396,0.1282051282051282,obj320,fld3,1
0.175,0.175,0.075,0.075,0.2,0.1,0.125,0.075,8,0.2,4,0.02564102564102564,0.02564102564102564,0.02564102564102564,0.02564102564102564,0.02564102564102564,0.0,0.02564102564102564,0.02564102564102564,0.10256410256410256,0.0,0.0,0.02564102564102564,0.0,0.0,0.02564102564102564,0.0,0.0,0.0,0.0,0.02564102564102564,0.0,0.0,0.02564102564102564,0.02564102564102564,0.0,0.0,0.0,0.0,0.07692307692307693,0.0,0.0,0.0,0.0,0.05128205128205128,0.02564102564102564,0.0,0.05128205128205128,0.02564102564102564,0.05128205128205128,0.0,0.0,0.05128205128205128,0.0,0.0,0.02564102564102564,0.0,0.0,0.02564102564102564,0.02564102564102564,0.05128205128205128,0.0,0.0,0.02564102564102564,0.02564102564102564,0.0,0.0,0.0,0.0,0.02564102564102564,0.0,0.0,0.05128205128205128,0.0,0.0,0.02564102564102564,0.02564102564102564,0.02564102564102564,0.02564102564102564,0.02564102564102564,0.0,0.02564102564102564,0.02564102564102564,0.10256410256410256,0.0,0.0,0.02564102564102564,0.0,0.0,0.02564102564102564,0.0,0.0,0.0,0.0,0.02564102564102564,0.0,0.0,0.02564102564102564,0.02564102564102564,0.0,0.0,0.0,0.0,0.07692307692307693,0.0,0.0,0.0,0.0,0.05128205128205128,0.02564102564102564,0.0,0.05128205128205128,0.02564102564102564,0.05128205128205128,0.0,0.0,0.05128205128205128,0.0,0.0,0.02564102564102564,0.0,0.0,0.02564102564102564,0.02564102564102564,0.05128205128205128,0.0,0.0,0.02564102564102564,0.02564102564102564,0.0,0.0,0.0,0.0,0.02564102564102564,0.0,0.0,0.05128205128205128,0.0,0.0,2.89249629764402,3.0,0.9641654325480067,0.07692307692307693,obj321,fld3,1
0.075,0.075,0.125,0.175,0.1,0.075,0.25,0.125,8,0.25,6,0.0,0.02564102564102564,0.0,0.0,0.02564102564102564,0.0,0.02564102564102564,0.0,0.0,0.02564102564102564,0.0,0.0,0.02564102564102564,0.0,0.02564102564102564,0.0,0.0,0.0,0.02564102564102564,0.02564102564102564,0.0,0.0,0.02564102564102564,0.05128205128205128,0.02564102564102564,0.0,0.02564102564102564,0.02564102564102564,0.0,0.02564102564102564,0.05128205128205128,0.02564102564102564,0.02564102564102564,0.02564102564102564,0.02564102564102564,0.0,0.0,0.0,0.0,0.02564102564102564,0.0,0.0,0.0,0.02564102564102564,0.02564102564102564,0.0,0.02564102564102564,0.0,0.02564102564102564,0.0,0.02564102564102564,0.10256410256410256,0.02564102564102564,0.02564102564102564,0.02564102564102564,0.02564102564102564,0.0,0.0,0.0,0.0,0.0,0.02564102564102564,0.07692307692307693,0.0,0.0,0.02564102564102564,0.0,0.0,0.02564102564102564,0.0,0.02564102564102564,0.0,0.0,0.02564102564102564,0.0,0.0,0.02564102564102564,0.0,0.02564102564102564,0.0,0.0,0.0,0.02564102564102564,0.02564102564102564,0.0,0.0,0.02564102564102564,0.05128205128205128,0.02564102564102564,0.0,0.02564102564102564,0.02564102564102564,0.0,0.02564102564102564,0.05128205128205128,0.02564102564102564,0.02564102564102564,0.02564102564102564,0.02564102564102564,0.0,0.0,0.0,0.0,0.02564102564102564,0.0,0.0,0.0,0.02564102564102564,0.02564102564102564,0.0,0.02564102564102564,0.0,0.02564102564102564,0.0,0.02564102564102564,0.10256410256410256,0.02564102564102564,0.02564102564102564,0.02564102564102564,0.02564102564102564,0.0,0.0,0.0,0.0,0.0,0.02564102564102564,0.07692307692307693,0.0,2.8630603734213396,3.0,0.9543534578071132,0.10256410256410256,obj322,fld1,1
0.025,0.175,0.15,0.075,0.125,0.025,0.175,0.25,8,0.25,7,0.0,0.0,0.0,0.0,0.0,0.0,0.0,0.02564102564102564,0.0,0.0,0.05128205128205128,0.02564102564102564,0.02564102564102564,0.0,0.05128205128205128,0.02564102564102564,0.0,0.02564102564102564,0.05128205128205128,0.0,0.02564102564102564,0.0,0.02564102564102564,0.02564102564102564,0.0,0.02564102564102564,0.0,0.02564102564102564,0.0,0.0,0.02564102564102564,0.0,0.02564102564102564,0.02564102564102564,0.02564102564102564,0.0,0.0,0.0,0.0,0.05128205128205128,0.0,0.0,0.0,0.0,0.0,0.0,0.0,0.02564102564102564,0.0,0.05128205128205128,0.0,0.0,0.02564102564102564,0.0,0.05128205128205128,0.05128205128205128,0.0,0.05128205128205128,0.02564102564102564,0.02564102564102564,0.05128205128205128,0.0,0.02564102564102564,0.05128205128205128,0.0,0.0,0.0,0.0,0.0,0.0,0.0,0.02564102564102564,0.0,0.0,0.05128205128205128,0.02564102564102564,0.02564102564102564,0.0,0.05128205128205128,0.02564102564102564,0.0,0.02564102564102564,0.05128205128205128,0.0,0.02564102564102564,0.0,0.02564102564102564,0.02564102564102564,0.0,0.02564102564102564,0.0,0.02564102564102564,0.0,0.0,0.02564102564102564,0.0,0.02564102564102564,0.02564102564102564,0.02564102564102564,0.0,0.0,0.0,0.0,0.05128205128205128,0.0,0.0,0.0,0.0,0.0,0.0,0.0,0.02564102564102564,0.0,0.05128205128205128,0.0,0.0,0.02564102564102564,0.0,0.05128205128205128,0.05128205128205128,0.0,0.05128205128205128,0.02564102564102564,0.02564102564102564,0.05128205128205128,0.0,0.02564102564102564,0.05128205128205128,2.71201427392218,3.0,0.90400475797406,0.1794871794871795,obj323,fld5,0
0.175,0.125,0.15,0.125,0.15,0.075,0.1,0.1,8,0.175,0,0.05128205128205128,0.02564102564102564,0.02564102564102564,0.0,0.05128205128205128,0.0,0.0,0.02564102564102564,0.02564102564102564,0.02564102564102564,0.02564102564102564,0.0,0.02564102564102564,0.0,0.02564102564102564,0.0,0.0,0.0,0.05128205128205128,0.02564102564102564,0.0,0.02564102564102564,0.02564102564102564,0.02564102564102564,0.02564102564102564,0.0,0.0,0.02564102564102564,0.02564102564102564,0.0,0.02564102564102564,0.02564102564102564,0.02564102564102564,0.02564102564102564,0.02564102564102564,0.0,0.02564102564102564,0.05128205128205128,0.0,0.0,0.0,0.0,0.02564102564102564,0.05128205128205128,0.0,0.0,0.0,0.0,0.05128205128205128,0.02564102564102564,0.0,0.02564102564102564,0.0,0.0,0.0,0.0,0.0,0.02564102564102564,0.0,0.0,0.02564102564102564,0.0,0.02564102564102564,0.0,0.05128205128205128,0.02564102564102564,0.02564102564102564,0.0,0.05128205128205128,0.0,0.0,0.02564102564102564,0.02564102564102564,0.02564102564102564,0.02564102564102564,0.0,0.02564102564102564,0.0,0.02564102564102564,0.0,0.0,0.0,0.05128205128205128,0.02564102564102564,0.0,0.02564102564102564,0.02564102564102564,0.02564102564102564,0.02564102564102564,0.0,0.0,0.02564102564102564,0.02564102564102564,0.0,0.02564102564102564,0.02564102564102564,0.02564102564102564,0.02564102564102564,0.02564102564102564,0.0,0.02564102564102564,0.05128205128205128,0.0,0.0,0.0,0.0,0.02564102564102564,0.05128205128205128,0.0,0.0,0.0,0.0,0.05128205128205128,0.02564102564102564,0.0,0.02564102564102564,0.0,0.0,0.0,0.0,0.0,0.02564102564102564,0.0,0.0,0.02564102564102564,0.0,0.02564102564102564,0.0,2.9557980220350073,3.0,0.9852660073450025,0.1794871794871795,obj324,fld1,1
0.175,0.1,0.125,0.175,0.125,0.075,0.1,0.125,8,0.175,3,0.0,0.0,0.05128205128205128,0.02564102564102564,0.02564102564102564,0.0,0.02564102564102564,0.05128205128205128,0.0,0.05128205128205128,0.0,0.0,0.02564102564102564,0.0,0.02564102564102564,0.0,0.05128205128205128,0.02564102564102564,0.02564102564102564,0.0,0.0,0.0,0.0,0.02564102564102564,0.05128205128205128,0.02564102564102564,0.0,0.07692307692307693,0.0,0.0,0.0,0.02564102564102564,0.0,0.0,0.02564102564102564,0.05128205128205128,0.05128205128205128,0.0,0.0,0.0,0.05128205128205128,0.0,0.0,0.0,0.02564102564102564,0.0,0.0,0.0,0.0,0.0,0.0,0.02564102564102564,0.0,0.02564102564102564,0.0,0.02564102564102564,0.02564102564102564,0.0,0.02564102564102564,0.0,0.0,0.02564102564102564,0.05128205128205128,0.0,0.0,0.0,0.05128205128205128,0.02564102564102564,0.02564102564102564,0.0,0.02564102564102564,0.05128205128205128,0.0,0.05128205128205128,0.0,0.0,0.02564102564102564,0.0,0.02564102564102564,0.0,0.05128205128205128,0.02564102564102564,0.02564102564102564,0.0,0.0,0.0,0.0,0.02564102564102564,0.05128205128205128,0.02564102564102564,0.0,0.07692307692307693,0.0,0.0,0.0,0.02564102564102564,0.0,0.0,0.02564102564102564,0.05128205128205128,0.05128205128205128,0.0,0.0,0.0,0.05128205128205128,0.0,0.0,0.0,0.02564102564102564,0.0,0.0,0.0,0.0,0.0,0.0,0.02564102564102564,0.0,0.02564102564102564,0.0,0.02564102564102564,0.02564102564102564,0.0,0.02564102564102564,0.0,0.0,0.02564102564102564,0.05128205128205128,0.0,2.9497586490303536,3.0,0.9832528830101178,0.20512820512820512,obj325,fld3,1
0.225,0.1,0.0,0.075,0.125,0.15,0.15,0.175,7,0.225,0,0.05128205128205128,0.02564102564102564,0.0,0.05128205128205128,0.05128205128205128,0.0,0.0,0.05128205128205128,0.02564102564102564,0.0,0.0,0.0,0.0,0.0,0.05128205128205128,0.0,0.0,0.0,0.0,0.0,0.0,0.0,0.0,0.0,0.0,0.0,0.0,0.0,0.0,0.02564102564102564,0.02564102564102564,0.02564102564102564,0.02564102564102564,0.05128205128205128,0.0,0.0,0.0,0.0,0.05128205128205128,0.0,0.02564102564102564,0.0,0.0,0.02564102564102564,0.02564102564102564,0.05128205128205128,0.0,0.02564102564102564,0.05128205128205128,0.0,0.0,0.0,0.0,0.05128205128205128,0.02564102564102564,0.02564102564102564,0.05128205128205128,0.02564102564102564,0.0,0.0,0.05128205128205128,0.02564102564102564,0.0,0.02564102564102564,0.05128205128205128,0.02564102564102564,0.0,0.05128205128205128,0.05128205128205128,0.0,0.0,0.05128205128205128,0.02564102564102564,0.0,0.0,0.0,0.0,0.0,0.05128205128205128,0.0,0.0,0.0,0.0,0.0,0.0,0.0,0.0,0.0,0.0,0.0,0.0,0.0,0.0,0.02564102564102564,0.02564102564102564,0.02564102564102564,0.02564102564102564,0.05128205128205128,0.0,0.0,0.0,0.0,0.05128205128205128,0.0,0.02564102564102564,0.0,0.0,0.02564102564102564,0.02564102564102564,0.05128205128205128,0.0,0.02564102564102564,0.05128205128205128,0.0,0.0,0.0,0.0,0.05128205128205128,0.02564102564102564,0.02564102564102564,0.05128205128205128,0.02564102564102564,0.0,0.0,0.05128205128205128,0.02564102564102564,0.0,0.02564102564102564,2.732805908571407,2.807354922057604,0.9109353028571356,0.15384615384615385,obj326,fld2,0
0.175,0.175,0.175,0.05,0.05,0.075,0.15,0.15,8,0.175,1,0.05128205128205128,0.05128205128205128,0.0,0.0,0.0,0.02564102564102564,0.0,0.02564102564102564,0.02564102564102564,0.02564102564102564,0.05128205128205128,0.02564102564102564,0.02564102564102564,0.0,0.0,0.02564102564102564,0.05128205128205128,0.05128205128205128,0.0,0.0,0.0,0.0,0.02564102564102564,0.05128205128205128,0.0,0.0,0.02564102564102564,0.0,0.0,0.0,0.02564102564102564,0.0,0.0,0.0,0.0,0.0,0.0,0.0,0.05128205128205128,0.0,0.02564102564102564,0.0,0.0,0.0,0.0,0.0,0.02564102564102564,0.02564102564102564,0.0,0.02564102564102564,0.07692307692307693,0.0,0.0,0.02564102564102564,0.0,0.02564102564102564,0.02564102564102564,0.02564102564102564,0.02564102564102564,0.0,0.02564102564102564,0.02564102564102564,0.02564102564102564,0.0,0.05128205128205128,0.05128205128205128,0.0,0.0,0.0,0.02564102564102564,0.0,0.02564102564102564,0.02564102564102564,0.02564102564102564,0.05128205128205128,0.02564102564102564,0.02564102564102564,0.0,0.0,0.02564102564102564,0.05128205128205128,0.05128205128205128,0.0,0.0,0.0,0.0,0.02564102564102564,0.05128205128205128,0.0,0.0,0.02564102564102564,0.0,0.0,0.0,0.02564102564102564,0.0,0.0,0.0,0.0,0.0,0.0,0.0,0.05128205128205128,0.0,0.02564102564102564,0.0,0.0,0.0,0.0,0.0,0.02564102564102564,0.02564102564102564,0.0,0.02564102564102564,0.07692307692307693,0.0,0.0,0.02564102564102564,0.0,0.02564102564102564,0.02564102564102564,0.02564102564102564,0.02564102564102564,0.0,0.02564102564102564,0.02564102564102564,0.02564102564102564,0.0,2.8537058230366865,3.0,0.9512352743455622,0.07692307692307693,obj327,fld4,1
0.225,0.125,0.075,0.2,0.05,0.1,0.1,0.125,8,0.225,0,0.0,0.02564102564102564,0.02564102564102564,0.10256410256410256,0.0,0.05128205128205128,0.0,0.02564102564102564,0.05128205128205128,0.02564102564102564,0.0,0.02564102564102564,0.0,0.0,0.0,0.02564102564102564,0.02564102564102564,0.0,0.0,0.02564102564102564,0.02564102564102564,0.0,0.0,0.0,0.07692307692307693,0.0,0.02564102564102564,0.05128205128205128,0.0,0.02564102564102564,0.02564102564102564,0.0,0.02564102564102564,0.02564102564102564,0.0,0.0,0.0,0.0,0.0,0.0,0.0,0.02564102564102564,0.0,0.0,0.0,0.0,0.02564102564102564,0.02564102564102564,0.0,0.0,0.0,0.0,0.0,0.02564102564102564,0.02564102564102564,0.05128205128205128,0.05128205128205128,0.02564102564102564,0.02564102564102564,0.0,0.02564102564102564,0.0,0.0,0.0,0.0,0.02564102564102564,0.02564102564102564,0.10256410256410256,0.0,0.05128205128205128,0.0,0.02564102564102564,0.05128205128205128,0.02564102564102564,0.0,0.02564102564102564,0.0,0.0,0.0,0.02564102564102564,0.02564102564102564,0.0,0.0,0.02564102564102564,0.02564102564102564,0.0,0.0,0.0,0.07692307692307693,0.0,0.02564102564102564,0.05128205128205128,0.0,0.02564102564102564,0.02564102564102564,0.0,0.02564102564102564,0.02564102564102564,0.0,0.0,0.0,0.0,0.0,0.0,0.0,0.02564102564102564,0.0,0.0,0.0,0.0,0.02564102564102564,0.02564102564102564,0.0,0.0,0.0,0.0,0.0,0.02564102564102564,0.02564102564102564,0.05128205128205128,0.05128205128205128,0.02564102564102564,0.02564102564102564,0.0,0.02564102564102564,0.0,0.0,0.0,2.8593407582869146,3.0,0.9531135860956382,0.10256410256410256,obj328,fld4,0
0.175,0.15,0.075,0.05,0.05,0.15,0.075,0.275,8,0.275,7,0.05128205128205128,0.07692307692307693,0.0,0.02564102564102564,0.0,0.0,0.0,0.02564102564102564,0.05128205128205128,0.02564102564102564,0.0,0.0,0.05128205128205128,0.0,0.0,0.02564102564102564,0.02564102564102564,0.0,0.0,0.0,0.0,0.0,0.0,0.05128205128205128,0.0,0.0,0.0,0.0,0.0,0.0,0.02564102564102564,0.0,0.0,0.0,0.0,0.0,0.0,0.02564102564102564,0.02564102564102564,0.0,0.02564102564102564,0.0,0.0,0.0,0.0,0.02564102564102564,0.0,0.10256410256410256,0.02564102564102564,0.02564102564102564,0.0,0.0,0.0,0.02564102564102564,0.0,0.0,0.0,0.02564102564102564,0.07692307692307693,0.0,0.0,0.07692307692307693,0.02564102564102564,0.07692307692307693,0.05128205128205128,0.07692307692307693,0.0,0.02564102564102564,0.0,0.0,0.0,0.02564102564102564,0.05128205128205128,0.02564102564102564,0.0,0.0,0.05128205128205128,0.0,0.0,0.02564102564102564,0.02564102564102564,0.0,0.0,0.0,0.0,0.0,0.0,0.05128205128205128,0.0,0.0,0.0,0.0,0.0,0.0,0.02564102564102564,0.0,0.0,0.0,0.0,0.0,0.0,0.02564102564102564,0.02564102564102564,0.0,0.02564102564102564,0.0,0.0,0.0,0.0,0.02564102564102564,0.0,0.10256410256410256,0.02564102564102564,0.02564102564102564,0.0,0.0,0.0,0.02564102564102564,0.0,0.0,0.0,0.02564102564102564,0.07692307692307693,0.0,0.0,0.07692307692307693,0.02564102564102564,0.07692307692307693,2.7660641630775045,3.0,0.9220213876925015,0.1794871794871795,obj329,fld4,0
0.15,0.1,0.075,0.275,0.1,0.075,0.175,0.05,8,0.275,3,0.0,0.05128205128205128,0.0,0.05128205128205128,0.0,0.0,0.05128205128205128,0.0,0.0,0.02564102564102564,0.0,0.02564102564102564,0.02564102564102564,0.0,0.02564102564102564,0.0,0.0,0.0,0.0,0.02564102564102564,0.0,0.0,0.05128205128205128,0.0,0.07692307692307693,0.02564102564102564,0.02564102564102564,0.05128205128205128,0.05128205128205128,0.02564102564102564,0.0,0.0,0.0,0.0,0.02564102564102564,0.07692307692307693,0.0,0.0,0.0,0.0,0.02564102564102564,0.0,0.0,0.0,0.0,0.0,0.02564102564102564,0.02564102564102564,0.05128205128205128,0.0,0.02564102564102564,0.0,0.02564102564102564,0.02564102564102564,0.02564102564102564,0.02564102564102564,0.0,0.0,0.0,0.05128205128205128,0.0,0.0,0.0,0.0,0.0,0.05128205128205128,0.0,0.05128205128205128,0.0,0.0,0.05128205128205128,0.0,0.0,0.02564102564102564,0.0,0.02564102564102564,0.02564102564102564,0.0,0.02564102564102564,0.0,0.0,0.0,0.0,0.02564102564102564,0.0,0.0,0.05128205128205128,0.0,0.07692307692307693,0.02564102564102564,0.02564102564102564,0.05128205128205128,0.05128205128205128,0.02564102564102564,0.0,0.0,0.0,0.0,0.02564102564102564,0.07692307692307693,0.0,0.0,0.0,0.0,0.02564102564102564,0.0,0.0,0.0,0.0,0.0,0.02564102564102564,0.02564102564102564,0.05128205128205128,0.0,0.02564102564102564,0.0,0.02564102564102564,0.02564102564102564,0.02564102564102564,0.02564102564102564,0.0,0.0,0.0,0.05128205128205128,0.0,0.0,0.0,0.0,2.8038085381856783,3.0,0.9346028460618928,0.10256410256410256,obj330,fld4,1
0.175,0.075,0.15,0.15,0.05,0.15,0.1,0.15,8,0.175,0,0.05128205128205128,0.0,0.0,0.0,0.0,0.07692307692307693,0.02564102564102564,0.02564102564102564,0.0,0.0,0.0,0.02564102564102564,0.02564102564102564,0.0,0.0,0.0,0.02564102564102564,0.0,0.02564102564102564,0.02564102564102564,0.0,0.05128205128205128,0.02564102564102564,0.0,0.02564102564102564,0.02564102564102564,0.0,0.0,0.0,0.0,0.02564102564102564,0.07692307692307693,0.02564102564102564,0.0,0.0,0.02564102564102564,0.0,0.0,0.0,0.0,0.05128205128205128,0.0,0.02564102564102564,0.02564102564102564,0.02564102564102564,0.0,0.0,0.02564102564102564,0.0,0.02564102564102564,0.05128205128205128,0.0,0.0,0.02564102564102564,0.0,0.0,0.0,0.0,0.05128205128205128,0.05128205128205128,0.0,0.0,0.02564102564102564,0.02564102564102564,0.05128205128205128,0.0,0.0,0.0,0.0,0.07692307692307693,0.02564102564102564,0.02564102564102564,0.0,0.0,0.0,0.02564102564102564,0.02564102564102564,0.0,0.0,0.0,0.02564102564102564,0.0,0.02564102564102564,0.02564102564102564,0.0,0.05128205128205128,0.02564102564102564,0.0,0.02564102564102564,0.02564102564102564,0.0,0.0,0.0,0.0,0.02564102564102564,0.07692307692307693,0.02564102564102564,0.0,0.0,0.02564102564102564,0.0,0.0,0.0,0.0,0.05128205128205128,0.0,0.02564102564102564,0.02564102564102564,0.02564102564102564,0.0,0.0,0.02564102564102564,0.0,0.02564102564102564,0.05128205128205128,0.0,0.0,0.02564102564102564,0.0,0.0,0.0,0.0,0.05128205128205128,0.05128205128205128,0.0,0.0,0.02564102564102564,0.02564102564102564,2.910791295540501,3.0,0.970263765180167,0.10256410256410256,obj331,fld4,0
0.175,0.05,0.1,0.175,0.075,0.125,0.2,0.1,8,0.2,6,0.0,0.0,0.05128205128205128,0.02564102564102564,0.0,0.0,0.07692307692307693,0.02564102564102564,0.02564102564102564,0.0,0.0,0.0,0.0,0.0,0.0,0.02564102564102564,0.0,0.0,0.02564102564102564,0.0,0.02564102564102564,0.02564102564102564,0.02564102564102564,0.0,0.02564102564102564,0.0,0.0,0.02564102564102564,0.02564102564102564,0.07692307692307693,0.02564102564102564,0.0,0.02564102564102564,0.0,0.0,0.02564102564102564,0.0,0.0,0.0,0.02564102564102564,0.02564102564102564,0.02564102564102564,0.0,0.02564102564102564,0.0,0.0,0.02564102564102564,0.0,0.02564102564102564,0.02564102564102564,0.0,0.05128205128205128,0.02564102564102564,0.02564102564102564,0.02564102564102564,0.02564102564102564,0.05128205128205128,0.0,0.0,0.02564102564102564,0.0,0.0,0.02564102564102564,0.0,0.0,0.0,0.05128205128205128,0.02564102564102564,0.0,0.0,0.07692307692307693,0.02564102564102564,0.02564102564102564,0.0,0.0,0.0,0.0,0.0,0.0,0.02564102564102564,0.0,0.0,0.02564102564102564,0.0,0.02564102564102564,0.02564102564102564,0.02564102564102564,0.0,0.02564102564102564,0.0,0.0,0.02564102564102564,0.02564102564102564,0.07692307692307693,0.02564102564102564,0.0,0.02564102564102564,0.0,0.0,0.02564102564102564,0.0,0.0,0.0,0.02564102564102564,0.02564102564102564,0.02564102564102564,0.0,0.02564102564102564,0.0,0.0,0.02564102564102564,0.0,0.02564102564102564,0.02564102564102564,0.0,0.05128205128205128,0.02564102564102564,0.02564102564102564,0.02564102564102564,0.02564102564102564,0.05128205128205128,0.0,0.0,0.02564102564102564,0.0,0.0,0.02564102564102564,0.0,2.8802406727521936,3.0,0.9600802242507313,0.07692307692307693,obj332,fld5,0
0.05,0.15,0.075,0.2,0.025,0.175,0.15,0.175,8,0.2,3,0.0,0.0,0.0,0.0,0.0,0.02564102564102564,0.0,0.02564102564102564,0.0,0.02564102564102564,0.02564102564102564,0.0,0.0,0.02564102564102564,0.02564102564102564,0.05128205128205128,0.0,0.02564102564102564,0.02564102564102564,0.0,0.02564102564102564,0.0,0.0,0.0,0.0,0.02564102564102564,0.02564102564102564,0.05128205128205128,0.0,0.02564102564102564,0.07692307692307693,0.0,0.0,0.0,0.0,0.02564102564102564,0.0,0.0,0.0,0.0,0.02564102564102564,0.02564102564102564,0.0,0.02564102564102564,0.0,0.0,0.05128205128205128,0.02564102564102564,0.0,0.02564102564102564,0.0,0.05128205128205128,0.0,0.02564102564102564,0.0,0.05128205128205128,0.0,0.02564102564102564,0.0,0.05128205128205128,0.0,0.07692307692307693,0.0,0.02564102564102564,0.0,0.0,0.0,0.0,0.0,0.02564102564102564,0.0,0.02564102564102564,0.0,0.02564102564102564,0.02564102564102564,0.0,0.0,0.02564102564102564,0.02564102564102564,0.05128205128205128,0.0,0.02564102564102564,0.02564102564102564,0.0,0.02564102564102564,0.0,0.0,0.0,0.0,0.02564102564102564,0.02564102564102564,0.05128205128205128,0.0,0.02564102564102564,0.07692307692307693,0.0,0.0,0.0,0.0,0.02564102564102564,0.0,0.0,0.0,0.0,0.02564102564102564,0.02564102564102564,0.0,0.02564102564102564,0.0,0.0,0.05128205128205128,0.02564102564102564,0.0,0.02564102564102564,0.0,0.05128205128205128,0.0,0.02564102564102564,0.0,0.05128205128205128,0.0,0.02564102564102564,0.0,0.05128205128205128,0.0,0.07692307692307693,0.0,0.02564102564102564,2.7949929343967668,3.0,0.9316643114655889,0.1282051282051282,obj333,fld2,0
0.15,0.075,0.1,0.2,0.075,0.1,0.15,0.15,8,0.2,3,0.0,0.0,0.02564102564102564,0.05128205128205128,0.02564102564102564,0.0,0.02564102564102564,0.02564102564102564,0.0,0.0,0.0,0.05128205128205128,0.0,0.0,0.0,0.02564102564102564,0.02564102564102564,0.02564102564102564,0.0,0.02564102564102564,0.0,0.0,0.02564102564102564,0.0,0.02564102564102564,0.02564102564102564,0.0,0.05128205128205128,0.02564102564102564,0.02564102564102564,0.0,0.02564102564102564,0.0,0.0,0.02564102564102564,0.0,0.0,0.02564102564102564,0.02564102564102564,0.0,0.02564102564102564,0.02564102564102564,0.0,0.0,0.0,0.0,0.05128205128205128,0.0,0.0,0.0,0.02564102564102564,0.0,0.02564102564102564,0.05128205128205128,0.0,0.05128205128205128,0.05128205128205128,0.0,0.02564102564102564,0.02564102564102564,0.0,0.0,0.02564102564102564,0.02564102564102564,0.0,0.0,0.02564102564102564,0.05128205128205128,0.02564102564102564,0.0,0.02564102564102564,0.02564102564102564,0.0,0.0,0.0,0.05128205128205128,0.0,0.0,0.0,0.02564102564102564,0.02564102564102564,0.02564102564102564,0.0,0.02564102564102564,0.0,0.0,0.02564102564102564,0.0,0.02564102564102564,0.02564102564102564,0.0,0.05128205128205128,0.02564102564102564,0.02564102564102564,0.0,0.02564102564102564,0.0,0.0,0.02564102564102564,0.0,0.0,0.02564102564102564,0.02564102564102564,0.0,0.02564102564102564,0.02564102564102564,0.0,0.0,0.0,0.0,0.05128205128205128,0.0,0.0,0.0,0.02564102564102564,0.0,0.02564102564102564,0.05128205128205128,0.0,0.05128205128205128,0.05128205128205128,0.0,0.02564102564102564,0.02564102564102564,0.0,0.0,0.02564102564102564,0.02564102564102564,2.9209505944546685,3.0,0.9736501981515562,0.07692307692307693,obj334,fld1,1
0.125,0.15,0.1,0.1,0.1,0.25,0.1,0.075,8,0.25,5,0.0,0.02564102564102564,0.02564102564102564,0.02564102564102564,0.02564102564102564,0.02564102564102564,0.0,0.0,0.02564102564102564,0.02564102564102564,0.02564102564102564,0.0,0.05128205128205128,0.02564102564102564,0.0,0.0,0.0,0.07692307692307693,0.0,0.0,0.0,0.02564102564102564,0.0,0.0,0.02564102564102564,0.02564102564102564,0.0,0.0,0.0,0.05128205128205128,0.0,0.0,0.0,0.0,0.02564102564102564,0.02564102564102564,0.0,0.02564102564102564,0.0,0.02564102564102564,0.05128205128205128,0.0,0.02564102564102564,0.02564102564102564,0.0,0.07692307692307693,0.05128205128205128,0.0,0.0,0.0,0.0,0.0,0.02564102564102564,0.0,0.05128205128205128,0.02564102564102564,0.02564102564102564,0.0,0.0,0.02564102564102564,0.0,0.0,0.0,0.02564102564102564,0.0,0.02564102564102564,0.02564102564102564,0.02564102564102564,0.02564102564102564,0.02564102564102564,0.0,0.0,0.02564102564102564,0.02564102564102564,0.02564102564102564,0.0,0.05128205128205128,0.02564102564102564,0.0,0.0,0.0,0.07692307692307693,0.0,0.0,0.0,0.02564102564102564,0.0,0.0,0.02564102564102564,0.02564102564102564,0.0,0.0,0.0,0.05128205128205128,0.0,0.0,0.0,0.0,0.02564102564102564,0.02564102564102564,0.0,0.02564102564102564,0.0,0.02564102564102564,0.05128205128205128,0.0,0.02564102564102564,0.02564102564102564,0.0,0.07692307692307693,0.05128205128205128,0.0,0.0,0.0,0.0,0.0,0.02564102564102564,0.0,0.05128205128205128,0.02564102564102564,0.02564102564102564,0.0,0.0,0.02564102564102564,0.0,0.0,0.0,0.02564102564102564,2.894588496642341,3.0,0.9648628322141137,0.1794871794871795,obj335,fld5,0
0.125,0.2,0.125,0.1,0.1,0.1,0.1,0.15,8,0.2,1,0.0,0.02564102564102564,0.02564102564102564,0.02564102564102564,0.02564102564102564,0.0,0.0,0.02564102564102564,0.07692307692307693,0.02564102564102564,0.0,0.0,0.02564102564102564,0.02564102564102564,0.02564102564102564,0.02564102564102564,0.02564102564102564,0.05128205128205128,0.0,0.02564102564102564,0.0,0.02564102564102564,0.0,0.0,0.0,0.02564102564102564,0.02564102564102564,0.0,0.0,0.05128205128205128,0.0,0.0,0.0,0.0,0.0,0.0,0.0,0.0,0.05128205128205128,0.05128205128205128,0.0,0.02564102564102564,0.02564102564102564,0.0,0.05128205128205128,0.0,0.0,0.0,0.02564102564102564,0.0,0.0,0.0,0.0,0.0,0.02564102564102564,0.05128205128205128,0.0,0.02564102564102564,0.05128205128205128,0.05128205128205128,0.0,0.0,0.0,0.0,0.0,0.02564102564102564,0.02564102564102564,0.02564102564102564,0.02564102564102564,0.0,0.0,0.02564102564102564,0.07692307692307693,0.02564102564102564,0.0,0.0,0.02564102564102564,0.02564102564102564,0.02564102564102564,0.02564102564102564,0.02564102564102564,0.05128205128205128,0.0,0.02564102564102564,0.0,0.02564102564102564,0.0,0.0,0.0,0.02564102564102564,0.02564102564102564,0.0,0.0,0.05128205128205128,0.0,0.0,0.0,0.0,0.0,0.0,0.0,0.0,0.05128205128205128,0.05128205128205128,0.0,0.02564102564102564,0.02564102564102564,0.0,0.05128205128205128,0.0,0.0,0.0,0.02564102564102564,0.0,0.0,0.0,0.0,0.0,0.02564102564102564,0.05128205128205128,0.0,0.02564102564102564,0.05128205128205128,0.05128205128205128,0.0,0.0,0.0,0.0,2.9537016960573483,3.0,0.9845672320191161,0.05128205128205128,obj336,fld5,0
0.075,0.275,0.2,0.025,0.125,0.05,0.125,0.125,8,0.275,1,0.0,0.0,0.05128205128205128,0.0,0.0,0.0,0.02564102564102564,0.0,0.0,0.10256410256410256,0.02564102564102564,0.0,0.05128205128205128,0.0,0.07692307692307693,0.0,0.02564102564102564,0.05128205128205128,0.02564102564102564,0.02564102564102564,0.0,0.02564102564102564,0.0,0.05128205128205128,0.0,0.0,0.02564102564102564,0.0,0.0,0.0,0.0,0.0,0.0,0.02564102564102564,0.02564102564102564,0.0,0.02564102564102564,0.0,0.0,0.05128205128205128,0.0,0.0,0.02564102564102564,0.0,0.02564102564102564,0.0,0.0,0.0,0.02564102564102564,0.07692307692307693,0.0,0.0,0.0,0.0,0.0,0.02564102564102564,0.02564102564102564,0.02564102564102564,0.02564102564102564,0.0,0.02564102564102564,0.0,0.02564102564102564,0.0,0.0,0.0,0.05128205128205128,0.0,0.0,0.0,0.02564102564102564,0.0,0.0,0.10256410256410256,0.02564102564102564,0.0,0.05128205128205128,0.0,0.07692307692307693,0.0,0.02564102564102564,0.05128205128205128,0.02564102564102564,0.02564102564102564,0.0,0.02564102564102564,0.0,0.05128205128205128,0.0,0.0,0.02564102564102564,0.0,0.0,0.0,0.0,0.0,0.0,0.02564102564102564,0.02564102564102564,0.0,0.02564102564102564,0.0,0.0,0.05128205128205128,0.0,0.0,0.02564102564102564,0.0,0.02564102564102564,0.0,0.0,0.0,0.02564102564102564,0.07692307692307693,0.0,0.0,0.0,0.0,0.0,0.02564102564102564,0.02564102564102564,0.02564102564102564,0.02564102564102564,0.0,0.02564102564102564,0.0,0.02564102564102564,0.0,2.7309891766252576,3.0,0.9103297255417525,0.15384615384615385,obj337,fld4,0
0.125,0.15,0.075,0.075,0.125,0.175,0.125,0.15,8,0.175,5,0.0,0.0,0.02564102564102564,0.05128205128205128,0.0,0.0,0.0,0.05128205128205128,0.02564102564102564,0.02564102564102564,0.0,0.0,0.02564102564102564,0.05128205128205128,0.02564102564102564,0.0,0.0,0.0,0.0,0.02564102564102564,0.0,0.0,0.05128205128205128,0.0,0.02564102564102564,0.0,0.0,0.0,0.0,0.0,0.02564102564102564,0.0,0.05128205128205128,0.0,0.0,0.0,0.02564102564102564,0.0,0.0,0.05128205128205128,0.02564102564102564,0.02564102564102564,0.0,0.0,0.05128205128205128,0.02564102564102564,0.0,0.05128205128205128,0.0,0.05128205128205128,0.02564102564102564,0.0,0.02564102564102564,0.02564102564102564,0.0,0.0,0.0,0.02564102564102564,0.02564102564102564,0.0,0.0,0.07692307692307693,0.02564102564102564,0.0,0.0,0.0,0.02564102564102564,0.05128205128205128,0.0,0.0,0.0,0.05128205128205128,0.02564102564102564,0.02564102564102564,0.0,0.0,0.02564102564102564,0.05128205128205128,0.02564102564102564,0.0,0.0,0.0,0.0,0.02564102564102564,0.0,0.0,0.05128205128205128,0.0,0.02564102564102564,0.0,0.0,0.0,0.0,0.0,0.02564102564102564,0.0,0.05128205128205128,0.0,0.0,0.0,0.02564102564102564,0.0,0.0,0.05128205128205128,0.02564102564102564,0.02564102564102564,0.0,0.0,0.05128205128205128,0.02564102564102564,0.0,0.05128205128205128,0.0,0.05128205128205128,0.02564102564102564,0.0,0.02564102564102564,0.02564102564102564,0.0,0.0,0.0,0.02564102564102564,0.02564102564102564,0.0,0.0,0.07692307692307693,0.02564102564102564,0.0,2.9466848226200004,3.0,0.9822282742066668,0.07692307692307693,obj338,fld4,0
0.175,0.125,0.1,0.1,0.025,0.175,0.125,0.175,8,0.175,7,0.0,0.0,0.07692307692307693,0.02564102564102564,0.0,0.02564102564102564,0.02564102564102564,0.02564102564102564,0.02564102564102564,0.02564102564102564,0.0,0.02564102564102564,0.02564102564102564,0.0,0.0,0.0,0.05128205128205128,0.0,0.0,0.02564102564102564,0.0,0.0,0.0,0.02564102564102564,0.02564102564102564,0.02564102564102564,0.0,0.0,0.0,0.0,0.02564102564102564,0.02564102564102564,0.02564102564102564,0.0,0.0,0.0,0.0,0.0,0.0,0.0,0.0,0.07692307692307693,0.0,0.0,0.0,0.02564102564102564,0.02564102564102564,0.05128205128205128,0.02564102564102564,0.0,0.0,0.02564102564102564,0.0,0.02564102564102564,0.05128205128205128,0.0,0.02564102564102564,0.0,0.02564102564102564,0.0,0.0,0.10256410256410256,0.0,0.02564102564102564,0.0,0.0,0.07692307692307693,0.02564102564102564,0.0,0.02564102564102564,0.02564102564102564,0.02564102564102564,0.02564102564102564,0.02564102564102564,0.0,0.02564102564102564,0.02564102564102564,0.0,0.0,0.0,0.05128205128205128,0.0,0.0,0.02564102564102564,0.0,0.0,0.0,0.02564102564102564,0.02564102564102564,0.02564102564102564,0.0,0.0,0.0,0.0,0.02564102564102564,0.02564102564102564,0.02564102564102564,0.0,0.0,0.0,0.0,0.0,0.0,0.0,0.0,0.07692307692307693,0.0,0.0,0.0,0.02564102564102564,0.02564102564102564,0.05128205128205128,0.02564102564102564,0.0,0.0,0.02564102564102564,0.0,0.02564102564102564,0.05128205128205128,0.0,0.02564102564102564,0.0,0.02564102564102564,0.0,0.0,0.10256410256410256,0.0,0.02564102564102564,2.8675847370852794,3.0,0.9558615790284265,0.1282051282051282,obj339,fld4,0
0.125,0.125,0.15,0.1,0.175,0.05,0.175,0.1,8,0.175,4,0.02564102564102564,0.02564102564102564,0.0,0.05128205128205128,0.0,0.0,0.02564102564102564,0.0,0.0,0.0,0.0,0.0,0.0,0.05128205128205128,0.05128205128205128,0.0,0.05128205128205128,0.02564102564102564,0.02564102564102564,0.0,0.02564102564102564,0.0,0.0,0.02564102564102564,0.0,0.0,0.0,0.02564102564102564,0.0,0.0,0.05128205128205128,0.02564102564102564,0.02564102564102564,0.02564102564102564,0.02564102564102564,0.02564102564102564,0.05128205128205128,0.0,0.0,0.02564102564102564,0.02564102564102564,0.0,0.0,0.0,0.02564102564102564,0.0,0.0,0.0,0.0,0.02564102564102564,0.05128205128205128,0.0,0.07692307692307693,0.0,0.02564102564102564,0.0,0.0,0.02564102564102564,0.02564102564102564,0.0,0.0,0.0,0.02564102564102564,0.02564102564102564,0.02564102564102564,0.02564102564102564,0.0,0.05128205128205128,0.0,0.0,0.02564102564102564,0.0,0.0,0.0,0.0,0.0,0.0,0.05128205128205128,0.05128205128205128,0.0,0.05128205128205128,0.02564102564102564,0.02564102564102564,0.0,0.02564102564102564,0.0,0.0,0.02564102564102564,0.0,0.0,0.0,0.02564102564102564,0.0,0.0,0.05128205128205128,0.02564102564102564,0.02564102564102564,0.02564102564102564,0.02564102564102564,0.02564102564102564,0.05128205128205128,0.0,0.0,0.02564102564102564,0.02564102564102564,0.0,0.0,0.0,0.02564102564102564,0.0,0.0,0.0,0.0,0.02564102564102564,0.05128205128205128,0.0,0.07692307692307693,0.0,0.02564102564102564,0.0,0.0,0.02564102564102564,0.02564102564102564,0.0,0.0,0.0,0.02564102564102564,0.02564102564102564,2.9211274733371866,3.0,0.9737091577790622,0.1794871794871795,obj340,fld1,0
0.1,0.225,0.05,0.125,0.075,0.15,0.15,0.125,8,0.225,1,0.02564102564102564,0.02564102564102564,0.0,0.02564102564102564,0.0,0.0,0.0,0.02564102564102564,0.05128205128205128,0.05128205128205128,0.02564102564102564,0.0,0.0,0.0,0.07692307692307693,0.02564102564102564,0.0,0.0,0.0,0.02564102564102564,0.0,0.0,0.02564102564102564,0.0,0.0,0.02564102564102564,0.0,0.02564102564102564,0.02564102564102564,0.05128205128205128,0.0,0.0,0.0,0.0,0.02564102564102564,0.0,0.0,0.05128205128205128,0.0,0.0,0.0,0.02564102564102564,0.0,0.02564102564102564,0.05128205128205128,0.0,0.02564102564102564,0.02564102564102564,0.02564102564102564,0.02564102564102564,0.0,0.0,0.0,0.02564102564102564,0.02564102564102564,0.02564102564102564,0.0,0.05128205128205128,0.0,0.02564102564102564,0.0,0.02564102564102564,0.0,0.02564102564102564,0.02564102564102564,0.02564102564102564,0.0,0.02564102564102564,0.0,0.0,0.0,0.02564102564102564,0.05128205128205128,0.05128205128205128,0.02564102564102564,0.0,0.0,0.0,0.07692307692307693,0.02564102564102564,0.0,0.0,0.0,0.02564102564102564,0.0,0.0,0.02564102564102564,0.0,0.0,0.02564102564102564,0.0,0.02564102564102564,0.02564102564102564,0.05128205128205128,0.0,0.0,0.0,0.0,0.02564102564102564,0.0,0.0,0.05128205128205128,0.0,0.0,0.0,0.02564102564102564,0.0,0.02564102564102564,0.05128205128205128,0.0,0.02564102564102564,0.02564102564102564,0.02564102564102564,0.02564102564102564,0.0,0.0,0.0,0.02564102564102564,0.02564102564102564,0.02564102564102564,0.0,0.05128205128205128,0.0,0.02564102564102564,0.0,0.02564102564102564,0.0,0.02564102564102564,2.883852008070568,3.0,0.9612840026901893,0.15384615384615385,obj341,fld3,1
0.15,0.15,0.1,0.125,0.15,0.05,0.175,0.1,8,0.175,6,0.02564102564102564,0.07692307692307693,0.0,0.0,0.0,0.02564102564102564,0.02564102564102564,0.0,0.0,0.0,0.0,0.05128205128205128,0.02564102564102564,0.0,0.07692307692307693,0.0,0.0,0.05128205128205128,0.02564102564102564,0.0,0.02564102564102564,0.0,0.0,0.0,0.05128205128205128,0.0,0.0,0.0,0.05128205128205128,0.02564102564102564,0.0,0.0,0.0,0.0,0.02564102564102564,0.02564102564102564,0.02564102564102564,0.0,0.0,0.07692307692307693,0.0,0.0,0.02564102564102564,0.0,0.02564102564102564,0.0,0.0,0.0,0.02564102564102564,0.0,0.0,0.05128205128205128,0.0,0.0,0.07692307692307693,0.0,0.05128205128205128,0.02564102564102564,0.0,0.0,0.0,0.0,0.0,0.02564102564102564,0.02564102564102564,0.07692307692307693,0.0,0.0,0.0,0.02564102564102564,0.02564102564102564,0.0,0.0,0.0,0.0,0.05128205128205128,0.02564102564102564,0.0,0.07692307692307693,0.0,0.0,0.05128205128205128,0.02564102564102564,0.0,0.02564102564102564,0.0,0.0,0.0,0.05128205128205128,0.0,0.0,0.0,0.05128205128205128,0.02564102564102564,0.0,0.0,0.0,0.0,0.02564102564102564,0.02564102564102564,0.02564102564102564,0.0,0.0,0.07692307692307693,0.0,0.0,0.02564102564102564,0.0,0.02564102564102564,0.0,0.0,0.0,0.02564102564102564,0.0,0.0,0.05128205128205128,0.0,0.0,0.07692307692307693,0.0,0.05128205128205128,0.02564102564102564,0.0,0.0,0.0,0.0,0.0,0.02564102564102564,2.9271668463418408,3.0,0.975722282113947,0.1794871794871795,obj342,fld5,1
0.125,0.25,0.175,0.05,0.025,0.15,0.075,0.15,8,0.25,1,0.0,0.05128205128205128,0.0,0.0,0.0,0.05128205128205128,0.0,0.02564102564102564,0.05128205128205128,0.02564102564102564,0.05128205128205128,0.0,0.02564102564102564,0.0,0.02564102564102564,0.07692307692307693,0.0,0.05128205128205128,0.02564102564102564,0.02564102564102564,0.0,0.02564102564102564,0.02564102564102564,0.02564102564102564,0.02564102564102564,0.0,0.0,0.02564102564102564,0.0,0.0,0.0,0.0,0.0,0.0,0.0,0.0,0.0,0.0,0.0,0.0,0.0,0.05128205128205128,0.05128205128205128,0.0,0.0,0.02564102564102564,0.02564102564102564,0.0,0.02564102564102564,0.02564102564102564,0.0,0.0,0.0,0.02564102564102564,0.0,0.0,0.0,0.05128205128205128,0.05128205128205128,0.0,0.0,0.02564102564102564,0.0,0.02564102564102564,0.0,0.05128205128205128,0.0,0.0,0.0,0.05128205128205128,0.0,0.02564102564102564,0.05128205128205128,0.02564102564102564,0.05128205128205128,0.0,0.02564102564102564,0.0,0.02564102564102564,0.07692307692307693,0.0,0.05128205128205128,0.02564102564102564,0.02564102564102564,0.0,0.02564102564102564,0.02564102564102564,0.02564102564102564,0.02564102564102564,0.0,0.0,0.02564102564102564,0.0,0.0,0.0,0.0,0.0,0.0,0.0,0.0,0.0,0.0,0.0,0.0,0.0,0.05128205128205128,0.05128205128205128,0.0,0.0,0.02564102564102564,0.02564102564102564,0.0,0.02564102564102564,0.02564102564102564,0.0,0.0,0.0,0.02564102564102564,0.0,0.0,0.0,0.05128205128205128,0.05128205128205128,0.0,0.0,0.02564102564102564,0.0,0.02564102564102564,2.765557010174087,3.0,0.9218523367246957,0.1282051282051282,obj343,fld1,0
0.15,0.05,0.125,0.15,0.05,0.15,0.175,0.15,8,0.175,6,0.02564102564102564,0.0,0.02564102564102564,0.05128205128205128,0.0,0.02564102564102564,0.02564102564102564,0.0,0.0,0.0,0.0,0.0,0.0,0.0,0.02564102564102564,0.02564102564102564,0.0,0.02564102564102564,0.0,0.0,0.0,0.0,0.05128205128205128,0.05128205128205128,0.0,0.0,0.02564102564102564,0.0,0.02564102564102564,0.02564102564102564,0.02564102564102564,0.05128205128205128,0.05128205128205128,0.0,0.0,0.0,0.0,0.0,0.0,0.0,0.02564102564102564,0.0,0.07692307692307693,0.02564102564102564,0.0,0.0,0.02564102564102564,0.0,0.05128205128205128,0.02564102564102564,0.0,0.0,0.0,0.07692307692307693,0.0,0.02564102564102564,0.0,0.0,0.0,0.05128205128205128,0.02564102564102564,0.02564102564102564,0.02564102564102564,0.0,0.02564102564102564,0.0,0.02564102564102564,0.05128205128205128,0.0,0.02564102564102564,0.02564102564102564,0.0,0.0,0.0,0.0,0.0,0.0,0.0,0.02564102564102564,0.02564102564102564,0.0,0.02564102564102564,0.0,0.0,0.0,0.0,0.05128205128205128,0.05128205128205128,0.0,0.0,0.02564102564102564,0.0,0.02564102564102564,0.02564102564102564,0.02564102564102564,0.05128205128205128,0.05128205128205128,0.0,0.0,0.0,0.0,0.0,0.0,0.0,0.02564102564102564,0.0,0.07692307692307693,0.02564102564102564,0.0,0.0,0.02564102564102564,0.0,0.05128205128205128,0.02564102564102564,0.0,0.0,0.0,0.07692307692307693,0.0,0.02564102564102564,0.0,0.0,0.0,0.05128205128205128,0.02564102564102564,0.02564102564102564,0.02564102564102564,0.0,2.8894224712336674,3.0,0.9631408237445558,0.02564102564102564,obj344,fld5,0
0.05,0.075,0.075,0.2,0.2,0.075,0.125,0.2,8,0.2,3,0.0,0.0,0.0,0.02564102564102564,0.0,0.0,0.02564102564102564,0.0,0.0,0.02564102564102564,0.0,0.05128205128205128,0.0,0.0,0.0,0.0,0.0,0.02564102564102564,0.0,0.0,0.05128205128205128,0.0,0.0,0.0,0.0,0.0,0.02564102564102564,0.02564102564102564,0.02564102564102564,0.02564102564102564,0.02564102564102564,0.05128205128205128,0.0,0.0,0.02564102564102564,0.02564102564102564,0.07692307692307693,0.0,0.05128205128205128,0.02564102564102564,0.0,0.02564102564102564,0.0,0.0,0.0,0.0,0.0,0.05128205128205128,0.0,0.0,0.0,0.02564102564102564,0.05128205128205128,0.0,0.0,0.05128205128205128,0.05128205128205128,0.0,0.0,0.05128205128205128,0.0,0.05128205128205128,0.02564102564102564,0.02564102564102564,0.0,0.0,0.0,0.02564102564102564,0.0,0.0,0.02564102564102564,0.0,0.0,0.02564102564102564,0.0,0.05128205128205128,0.0,0.0,0.0,0.0,0.0,0.02564102564102564,0.0,0.0,0.05128205128205128,0.0,0.0,0.0,0.0,0.0,0.02564102564102564,0.02564102564102564,0.02564102564102564,0.02564102564102564,0.02564102564102564,0.05128205128205128,0.0,0.0,0.02564102564102564,0.02564102564102564,0.07692307692307693,0.0,0.05128205128205128,0.02564102564102564,0.0,0.02564102564102564,0.0,0.0,0.0,0.0,0.0,0.05128205128205128,0.0,0.0,0.0,0.02564102564102564,0.05128205128205128,0.0,0.0,0.05128205128205128,0.05128205128205128,0.0,0.0,0.05128205128205128,0.0,0.05128205128205128,0.02564102564102564,0.02564102564102564,2.8250705203641817,3.0,0.9416901734547273,0.15384615384615385,obj345,fld4,1
0.025,0.15,0.125,0.1,0.1,0.275,0.1,0.125,8,0.275,5,0.0,0.0,0.0,0.02564102564102564,0.0,0.0,0.0,0.0,0.0,0.0,0.0,0.05128205128205128,0.02564102564102564,0.02564102564102564,0.0,0.02564102564102564,0.0,0.02564102564102564,0.02564102564102564,0.0,0.0,0.02564102564102564,0.02564102564102564,0.02564102564102564,0.0,0.0,0.0,0.0,0.05128205128205128,0.05128205128205128,0.0,0.0,0.02564102564102564,0.0,0.02564102564102564,0.0,0.0,0.0,0.02564102564102564,0.02564102564102564,0.0,0.05128205128205128,0.02564102564102564,0.0,0.02564102564102564,0.10256410256410256,0.02564102564102564,0.05128205128205128,0.0,0.02564102564102564,0.02564102564102564,0.0,0.0,0.02564102564102564,0.02564102564102564,0.0,0.0,0.05128205128205128,0.0,0.02564102564102564,0.0,0.05128205128205128,0.0,0.0,0.0,0.0,0.0,0.02564102564102564,0.0,0.0,0.0,0.0,0.0,0.0,0.0,0.05128205128205128,0.02564102564102564,0.02564102564102564,0.0,0.02564102564102564,0.0,0.02564102564102564,0.02564102564102564,0.0,0.0,0.02564102564102564,0.02564102564102564,0.02564102564102564,0.0,0.0,0.0,0.0,0.05128205128205128,0.05128205128205128,0.0,0.0,0.02564102564102564,0.0,0.02564102564102564,0.0,0.0,0.0,0.02564102564102564,0.02564102564102564,0.0,0.05128205128205128,0.02564102564102564,0.0,0.02564102564102564,0.10256410256410256,0.02564102564102564,0.05128205128205128,0.0,0.02564102564102564,0.02564102564102564,0.0,0.0,0.02564102564102564,0.02564102564102564,0.0,0.0,0.05128205128205128,0.0,0.02564102564102564,0.0,0.05128205128205128,0.0,0.0,2.802358000932091,3.0,0.9341193336440304,0.15384615384615385,obj346,fld3,0
0.15,0.125,0.125,0.175,0.1,0.15,0.05,0.125,8,0.175,3,0.0,0.07692307692307693,0.02564102564102564,0.0,0.02564102564102564,0.02564102564102564,0.0,0.0,0.0,0.0,0.0,0.02564102564102564,0.02564102564102564,0.07692307692307693,0.0,0.0,0.05128205128205128,0.0,0.0,0.05128205128205128,0.0,0.0,0.0,0.02564102564102564,0.0,0.0,0.02564102564102564,0.0,0.02564102564102564,0.02564102564102564,0.05128205128205128,0.05128205128205128,0.05128205128205128,0.02564102564102564,0.0,0.0,0.0,0.0,0.0,0.02564102564102564,0.02564102564102564,0.0,0.02564102564102564,0.05128205128205128,0.0,0.02564102564102564,0.0,0.02564102564102564,0.02564102564102564,0.0,0.0,0.02564102564102564,0.0,0.0,0.0,0.0,0.0,0.02564102564102564,0.02564102564102564,0.02564102564102564,0.02564102564102564,0.0,0.0,0.0,0.0,0.07692307692307693,0.02564102564102564,0.0,0.02564102564102564,0.02564102564102564,0.0,0.0,0.0,0.0,0.0,0.02564102564102564,0.02564102564102564,0.07692307692307693,0.0,0.0,0.05128205128205128,0.0,0.0,0.05128205128205128,0.0,0.0,0.0,0.02564102564102564,0.0,0.0,0.02564102564102564,0.0,0.02564102564102564,0.02564102564102564,0.05128205128205128,0.05128205128205128,0.05128205128205128,0.02564102564102564,0.0,0.0,0.0,0.0,0.0,0.02564102564102564,0.02564102564102564,0.0,0.02564102564102564,0.05128205128205128,0.0,0.02564102564102564,0.0,0.02564102564102564,0.02564102564102564,0.0,0.0,0.02564102564102564,0.0,0.0,0.0,0.0,0.0,0.02564102564102564,0.02564102564102564,0.02564102564102564,0.02564102564102564,0.0,0.0,0.0,2.934429197728174,3.0,0.9781430659093914,0.02564102564102564,obj347,fld1,1
0.1,0.125,0.15,0.15,0.075,0.175,0.15,0.075,8,0.175,5,0.0,0.02564102564102564,0.0,0.0,0.0,0.07692307692307693,0.0,0.0,0.0,0.0,0.02564102564102564,0.0,0.02564102564102564,0.0,0.05128205128205128,0.02564102564102564,0.02564102564102564,0.0,0.02564102564102564,0.05128205128205128,0.02564102564102564,0.02564102564102564,0.0,0.0,0.02564102564102564,0.05128205128205128,0.0,0.0,0.0,0.05128205128205128,0.02564102564102564,0.0,0.0,0.0,0.0,0.0,0.0,0.0,0.0,0.05128205128205128,0.02564102564102564,0.0,0.05128205128205128,0.05128205128205128,0.02564102564102564,0.0,0.02564102564102564,0.0,0.02564102564102564,0.0,0.02564102564102564,0.05128205128205128,0.0,0.0,0.05128205128205128,0.0,0.0,0.02564102564102564,0.02564102564102564,0.0,0.0,0.02564102564102564,0.0,0.0,0.0,0.02564102564102564,0.0,0.0,0.0,0.07692307692307693,0.0,0.0,0.0,0.0,0.02564102564102564,0.0,0.02564102564102564,0.0,0.05128205128205128,0.02564102564102564,0.02564102564102564,0.0,0.02564102564102564,0.05128205128205128,0.02564102564102564,0.02564102564102564,0.0,0.0,0.02564102564102564,0.05128205128205128,0.0,0.0,0.0,0.05128205128205128,0.02564102564102564,0.0,0.0,0.0,0.0,0.0,0.0,0.0,0.0,0.05128205128205128,0.02564102564102564,0.0,0.05128205128205128,0.05128205128205128,0.02564102564102564,0.0,0.02564102564102564,0.0,0.02564102564102564,0.0,0.02564102564102564,0.05128205128205128,0.0,0.0,0.05128205128205128,0.0,0.0,0.02564102564102564,0.02564102564102564,0.0,0.0,0.02564102564102564,0.0,0.0,2.9394224712336676,3.0,0.9798074904112225,0.07692307692307693,obj348,fld2,0
0.175,0.075,0.1,0.125,0.15,0.15,0.125,0.1,8,0.175,0,0.05128205128205128,0.0,0.0,0.05128205128205128,0.0,0.02564102564102564,0.0,0.05128205128205128,0.0,0.05128205128205128,0.0,0.0,0.02564102564102564,0.0,0.0,0.0,0.0,0.0,0.0,0.02564102564102564,0.0,0.02564102564102564,0.02564102564102564,0.0,0.02564102564102564,0.0,0.02564102564102564,0.02564102564102564,0.0,0.02564102564102564,0.02564102564102564,0.0,0.02564102564102564,0.0,0.02564102564102564,0.0,0.07692307692307693,0.02564102564102564,0.0,0.0,0.02564102564102564,0.0,0.0,0.02564102564102564,0.0,0.02564102564102564,0.07692307692307693,0.0,0.0,0.0,0.02564102564102564,0.0,0.02564102564102564,0.02564102564102564,0.0,0.05128205128205128,0.05128205128205128,0.02564102564102564,0.02564102564102564,0.0,0.0,0.0,0.0,0.0,0.05128205128205128,0.0,0.0,0.05128205128205128,0.0,0.02564102564102564,0.0,0.05128205128205128,0.0,0.05128205128205128,0.0,0.0,0.02564102564102564,0.0,0.0,0.0,0.0,0.0,0.0,0.02564102564102564,0.0,0.02564102564102564,0.02564102564102564,0.0,0.02564102564102564,0.0,0.02564102564102564,0.02564102564102564,0.0,0.02564102564102564,0.02564102564102564,0.0,0.02564102564102564,0.0,0.02564102564102564,0.0,0.07692307692307693,0.02564102564102564,0.0,0.0,0.02564102564102564,0.0,0.0,0.02564102564102564,0.0,0.02564102564102564,0.07692307692307693,0.0,0.0,0.0,0.02564102564102564,0.0,0.02564102564102564,0.02564102564102564,0.0,0.05128205128205128,0.05128205128205128,0.02564102564102564,0.02564102564102564,0.0,0.0,0.0,0.0,0.0,2.9557980220350073,3.0,0.9852660073450025,0.23076923076923078,obj349,fld5,0
0.2,0.125,0.2,0.075,0.1,0.0,0.25,0.05,7,0.25,6,0.0,0.05128205128205128,0.02564102564102564,0.02564102564102564,0.05128205128205128,0.0,0.02564102564102564,0.02564102564102564,0.02564102564102564,0.0,0.05128205128205128,0.0,0.0,0.0,0.05128205128205128,0.0,0.07692307692307693,0.02564102564102564,0.0,0.0,0.05128205128205128,0.0,0.05128205128205128,0.0,0.05128205128205128,0.0,0.02564102564102564,0.0,0.0,0.0,0.0,0.0,0.02564102564102564,0.02564102564102564,0.0,0.02564102564102564,0.0,0.0,0.02564102564102564,0.0,0.0,0.0,0.0,0.0,0.0,0.0,0.0,0.0,0.02564102564102564,0.02564102564102564,0.07692307692307693,0.02564102564102564,0.0,0.0,0.05128205128205128,0.02564102564102564,0.0,0.0,0.0,0.0,0.0,0.0,0.05128205128205128,0.0,0.0,0.05128205128205128,0.02564102564102564,0.02564102564102564,0.05128205128205128,0.0,0.02564102564102564,0.02564102564102564,0.02564102564102564,0.0,0.05128205128205128,0.0,0.0,0.0,0.05128205128205128,0.0,0.07692307692307693,0.02564102564102564,0.0,0.0,0.05128205128205128,0.0,0.05128205128205128,0.0,0.05128205128205128,0.0,0.02564102564102564,0.0,0.0,0.0,0.0,0.0,0.02564102564102564,0.02564102564102564,0.0,0.02564102564102564,0.0,0.0,0.02564102564102564,0.0,0.0,0.0,0.0,0.0,0.0,0.0,0.0,0.0,0.02564102564102564,0.02564102564102564,0.07692307692307693,0.02564102564102564,0.0,0.0,0.05128205128205128,0.02564102564102564,0.0,0.0,0.0,0.0,0.0,0.0,0.05128205128205128,0.0,2.632332871750515,2.807354922057604,0.8774442905835049,0.05128205128205128,obj350,fld3,1
0.05,0.075,0.025,0.15,0.15,0.1,0.2,0.25,8,0.25,7,0.02564102564102564,0.0,0.0,0.0,0.0,0.0,0.0,0.02564102564102564,0.0,0.0,0.0,0.0,0.02564102564102564,0.02564102564102564,0.0,0.02564102564102564,0.0,0.0,0.0,0.0,0.0,0.0,0.02564102564102564,0.0,0.0,0.0,0.02564102564102564,0.0,0.0,0.05128205128205128,0.07692307692307693,0.0,0.0,0.0,0.0,0.02564102564102564,0.02564102564102564,0.02564102564102564,0.05128205128205128,0.02564102564102564,0.0,0.0,0.0,0.0,0.05128205128205128,0.0,0.0,0.02564102564102564,0.0,0.05128205128205128,0.0,0.05128205128205128,0.02564102564102564,0.0,0.02564102564102564,0.05128205128205128,0.02564102564102564,0.02564102564102564,0.0,0.07692307692307693,0.02564102564102564,0.0,0.0,0.10256410256410256,0.02564102564102564,0.0,0.0,0.0,0.0,0.0,0.0,0.02564102564102564,0.0,0.0,0.0,0.0,0.02564102564102564,0.02564102564102564,0.0,0.02564102564102564,0.0,0.0,0.0,0.0,0.0,0.0,0.02564102564102564,0.0,0.0,0.0,0.02564102564102564,0.0,0.0,0.05128205128205128,0.07692307692307693,0.0,0.0,0.0,0.0,0.02564102564102564,0.02564102564102564,0.02564102564102564,0.05128205128205128,0.02564102564102564,0.0,0.0,0.0,0.0,0.05128205128205128,0.0,0.0,0.02564102564102564,0.0,0.05128205128205128,0.0,0.05128205128205128,0.02564102564102564,0.0,0.02564102564102564,0.05128205128205128,0.02564102564102564,0.02564102564102564,0.0,0.07692307692307693,0.02564102564102564,0.0,0.0,0.10256410256410256,2.747085133395088,3.0,0.9156950444650294,0.1794871794871795,obj351,fld1,0
0.125,0.2,0.125,0.075,0.25,0.075,0.05,0.1,8,0.25,4,0.0,0.02564102564102564,0.02564102564102564,0.0,0.05128205128205128,0.0,0.02564102564102564,0.0,0.05128205128205128,0.02564102564102564,0.05128205128205128,0.02564102564102564,0.05128205128205128,0.0,0.0,0.0,0.0,0.0,0.0,0.02564102564102564,0.05128205128205128,0.0,0.02564102564102564,0.02564102564102564,0.02564102564102564,0.0,0.0,0.0,0.0,0.02564102564102564,0.0,0.02564102564102564,0.02564102564102564,0.07692307692307693,0.02564102564102564,0.02564102564102564,0.05128205128205128,0.05128205128205128,0.0,0.0,0.0,0.02564102564102564,0.0,0.0,0.0,0.0,0.0,0.02564102564102564,0.0,0.02564102564102564,0.0,0.0,0.0,0.0,0.0,0.02564102564102564,0.02564102564102564,0.0,0.02564102564102564,0.0,0.05128205128205128,0.0,0.0,0.0,0.0,0.02564102564102564,0.02564102564102564,0.0,0.05128205128205128,0.0,0.02564102564102564,0.0,0.05128205128205128,0.02564102564102564,0.05128205128205128,0.02564102564102564,0.05128205128205128,0.0,0.0,0.0,0.0,0.0,0.0,0.02564102564102564,0.05128205128205128,0.0,0.02564102564102564,0.02564102564102564,0.02564102564102564,0.0,0.0,0.0,0.0,0.02564102564102564,0.0,0.02564102564102564,0.02564102564102564,0.07692307692307693,0.02564102564102564,0.02564102564102564,0.05128205128205128,0.05128205128205128,0.0,0.0,0.0,0.02564102564102564,0.0,0.0,0.0,0.0,0.0,0.02564102564102564,0.0,0.02564102564102564,0.0,0.0,0.0,0.0,0.0,0.02564102564102564,0.02564102564102564,0.0,0.02564102564102564,0.0,0.05128205128205128,0.0,0.0,0.0,2.823219672335507,3.0,0.9410732241118357,0.07692307692307693,obj352,fld3,1
0.2,0.2,0.025,0.125,0.075,0.15,0.1,0.125,8,0.2,1,0.02564102564102564,0.07692307692307693,0.0,0.0,0.02564102564102564,0.02564102564102564,0.02564102564102564,0.02564102564102564,0.02564102564102564,0.05128205128205128,0.0,0.05128205128205128,0.0,0.02564102564102564,0.02564102564102564,0.02564102564102564,0.0,0.0,0.0,0.0,0.0,0.0,0.0,0.02564102564102564,0.07692307692307693,0.02564102564102564,0.02564102564102564,0.0,0.0,0.0,0.0,0.0,0.0,0.0,0.0,0.02564102564102564,0.0,0.0,0.02564102564102564,0.02564102564102564,0.02564102564102564,0.02564102564102564,0.0,0.0,0.02564102564102564,0.05128205128205128,0.02564102564102564,0.0,0.02564102564102564,0.02564102564102564,0.0,0.0,0.0,0.0,0.0,0.02564102564102564,0.02564102564102564,0.0,0.0,0.05128205128205128,0.02564102564102564,0.02564102564102564,0.0,0.0,0.02564102564102564,0.07692307692307693,0.0,0.0,0.02564102564102564,0.02564102564102564,0.02564102564102564,0.02564102564102564,0.02564102564102564,0.05128205128205128,0.0,0.05128205128205128,0.0,0.02564102564102564,0.02564102564102564,0.02564102564102564,0.0,0.0,0.0,0.0,0.0,0.0,0.0,0.02564102564102564,0.07692307692307693,0.02564102564102564,0.02564102564102564,0.0,0.0,0.0,0.0,0.0,0.0,0.0,0.0,0.02564102564102564,0.0,0.0,0.02564102564102564,0.02564102564102564,0.02564102564102564,0.02564102564102564,0.0,0.0,0.02564102564102564,0.05128205128205128,0.02564102564102564,0.0,0.02564102564102564,0.02564102564102564,0.0,0.0,0.0,0.0,0.0,0.02564102564102564,0.02564102564102564,0.0,0.0,0.05128205128205128,0.02564102564102564,0.02564102564102564,0.0,0.0,2.8348295085032613,3.0,0.9449431695010871,0.1282051282051282,obj353,fld1,1
0.075,0.15,0.1,0.1,0.125,0.15,0.175,0.125,8,0.175,6,0.0,0.02564102564102564,0.0,0.02564102564102564,0.0,0.0,0.0,0.0,0.02564102564102564,0.0,0.05128205128205128,0.0,0.0,0.05128205128205128,0.0,0.02564102564102564,0.0,0.02564102564102564,0.0,0.0,0.02564102564102564,0.0,0.02564102564102564,0.02564102564102564,0.02564102564102564,0.0,0.0,0.02564102564102564,0.02564102564102564,0.02564102564102564,0.0,0.0,0.02564102564102564,0.05128205128205128,0.0,0.0,0.0,0.0,0.0,0.05128205128205128,0.0,0.02564102564102564,0.0,0.02564102564102564,0.02564102564102564,0.0,0.05128205128205128,0.02564102564102564,0.0,0.02564102564102564,0.02564102564102564,0.0,0.02564102564102564,0.02564102564102564,0.07692307692307693,0.0,0.0,0.0,0.02564102564102564,0.02564102564102564,0.0,0.05128205128205128,0.02564102564102564,0.0,0.0,0.02564102564102564,0.0,0.02564102564102564,0.0,0.0,0.0,0.0,0.02564102564102564,0.0,0.05128205128205128,0.0,0.0,0.05128205128205128,0.0,0.02564102564102564,0.0,0.02564102564102564,0.0,0.0,0.02564102564102564,0.0,0.02564102564102564,0.02564102564102564,0.02564102564102564,0.0,0.0,0.02564102564102564,0.02564102564102564,0.02564102564102564,0.0,0.0,0.02564102564102564,0.05128205128205128,0.0,0.0,0.0,0.0,0.0,0.05128205128205128,0.0,0.02564102564102564,0.0,0.02564102564102564,0.02564102564102564,0.0,0.05128205128205128,0.02564102564102564,0.0,0.02564102564102564,0.02564102564102564,0.0,0.02564102564102564,0.02564102564102564,0.07692307692307693,0.0,0.0,0.0,0.02564102564102564,0.02564102564102564,0.0,0.05128205128205128,0.02564102564102564,0.0,2.9557980220350077,3.0,0.9852660073450026,0.10256410256410256,obj354,fld1,1
0.25,0.025,0.225,0.1,0.075,0.125,0.05,0.15,8,0.25,0,0.07692307692307693,0.0,0.02564102564102564,0.05128205128205128,0.0,0.0,0.02564102564102564,0.07692307692307693,0.0,0.0,0.0,0.0,0.0,0.02564102564102564,0.0,0.0,0.05128205128205128,0.02564102564102564,0.07692307692307693,0.0,0.02564102564102564,0.02564102564102564,0.02564102564102564,0.0,0.02564102564102564,0.0,0.02564102564102564,0.0,0.0,0.05128205128205128,0.0,0.0,0.02564102564102564,0.0,0.0,0.02564102564102564,0.02564102564102564,0.0,0.0,0.0,0.05128205128205128,0.0,0.02564102564102564,0.0,0.0,0.0,0.0,0.05128205128205128,0.02564102564102564,0.0,0.02564102564102564,0.0,0.0,0.0,0.0,0.0,0.0,0.0,0.02564102564102564,0.02564102564102564,0.02564102564102564,0.02564102564102564,0.0,0.02564102564102564,0.07692307692307693,0.0,0.02564102564102564,0.05128205128205128,0.0,0.0,0.02564102564102564,0.07692307692307693,0.0,0.0,0.0,0.0,0.0,0.02564102564102564,0.0,0.0,0.05128205128205128,0.02564102564102564,0.07692307692307693,0.0,0.02564102564102564,0.02564102564102564,0.02564102564102564,0.0,0.02564102564102564,0.0,0.02564102564102564,0.0,0.0,0.05128205128205128,0.0,0.0,0.02564102564102564,0.0,0.0,0.02564102564102564,0.02564102564102564,0.0,0.0,0.0,0.05128205128205128,0.0,0.02564102564102564,0.0,0.0,0.0,0.0,0.05128205128205128,0.02564102564102564,0.0,0.02564102564102564,0.0,0.0,0.0,0.0,0.0,0.0,0.0,0.02564102564102564,0.02564102564102564,0.02564102564102564,0.02564102564102564,0.0,0.02564102564102564,2.731355371317821,3.0,0.9104517904392737,0.20512820512820512,obj355,fld1,0
0.025,0.275,0.25,0.1,0.05,0.1,0.1,0.1,8,0.275,1,0.0,0.0,0.02564102564102564,0.0,0.0,0.0,0.0,0.0,0.02564102564102564,0.07692307692307693,0.05128205128205128,0.02564102564102564,0.02564102564102564,0.0,0.02564102564102564,0.02564102564102564,0.0,0.02564102564102564,0.05128205128205128,0.05128205128205128,0.02564102564102564,0.02564102564102564,0.02564102564102564,0.05128205128205128,0.0,0.05128205128205128,0.02564102564102564,0.0,0.0,0.02564102564102564,0.0,0.0,0.0,0.0,0.02564102564102564,0.0,0.0,0.0,0.0,0.02564102564102564,0.0,0.07692307692307693,0.0,0.0,0.0,0.02564102564102564,0.0,0.0,0.0,0.0,0.05128205128205128,0.02564102564102564,0.0,0.0,0.02564102564102564,0.0,0.0,0.05128205128205128,0.02564102564102564,0.0,0.0,0.0,0.02564102564102564,0.0,0.0,0.0,0.02564102564102564,0.0,0.0,0.0,0.0,0.0,0.02564102564102564,0.07692307692307693,0.05128205128205128,0.02564102564102564,0.02564102564102564,0.0,0.02564102564102564,0.02564102564102564,0.0,0.02564102564102564,0.05128205128205128,0.05128205128205128,0.02564102564102564,0.02564102564102564,0.02564102564102564,0.05128205128205128,0.0,0.05128205128205128,0.02564102564102564,0.0,0.0,0.02564102564102564,0.0,0.0,0.0,0.0,0.02564102564102564,0.0,0.0,0.0,0.0,0.02564102564102564,0.0,0.07692307692307693,0.0,0.0,0.0,0.02564102564102564,0.0,0.0,0.0,0.0,0.05128205128205128,0.02564102564102564,0.0,0.0,0.02564102564102564,0.0,0.0,0.05128205128205128,0.02564102564102564,0.0,0.0,0.0,0.02564102564102564,0.0,2.6901023760402647,3.0,0.8967007920134216,0.1794871794871795,obj356,fld1,0
0.075,0.1,0.225,0.15,0.125,0.1,0.075,0.15,8,0.225,2,0.0,0.0,0.0,0.02564102564102564,0.02564102564102564,0.02564102564102564,0.0,0.0,0.0,0.0,0.05128205128205128,0.0,0.0,0.02564102564102564,0.02564102564102564,0.0,0.0,0.02564102564102564,0.05128205128205128,0.0,0.02564102564102564,0.02564102564102564,0.0,0.07692307692307693,0.02564102564102564,0.02564102564102564,0.05128205128205128,0.02564102564102564,0.0,0.0,0.0,0.02564102564102564,0.02564102564102564,0.0,0.02564102564102564,0.02564102564102564,0.05128205128205128,0.0,0.0,0.0,0.0,0.02564102564102564,0.0,0.0,0.02564102564102564,0.02564102564102564,0.0,0.02564102564102564,0.0,0.02564102564102564,0.02564102564102564,0.0,0.0,0.0,0.02564102564102564,0.0,0.0,0.0,0.02564102564102564,0.07692307692307693,0.0,0.0,0.02564102564102564,0.02564102564102564,0.0,0.0,0.0,0.02564102564102564,0.02564102564102564,0.02564102564102564,0.0,0.0,0.0,0.0,0.05128205128205128,0.0,0.0,0.02564102564102564,0.02564102564102564,0.0,0.0,0.02564102564102564,0.05128205128205128,0.0,0.02564102564102564,0.02564102564102564,0.0,0.07692307692307693,0.02564102564102564,0.02564102564102564,0.05128205128205128,0.02564102564102564,0.0,0.0,0.0,0.02564102564102564,0.02564102564102564,0.0,0.02564102564102564,0.02564102564102564,0.05128205128205128,0.0,0.0,0.0,0.0,0.02564102564102564,0.0,0.0,0.02564102564102564,0.02564102564102564,0.0,0.02564102564102564,0.0,0.02564102564102564,0.02564102564102564,0.0,0.0,0.0,0.02564102564102564,0.0,0.0,0.0,0.02564102564102564,0.07692307692307693,0.0,0.0,0.02564102564102564,0.02564102564102564,2.9052208323774016,3.0,0.9684069441258005,0.20512820512820512,obj357,fld1,0
0.075,0.1,0.1,0.175,0.15,0.1,0.175,0.125,8,0.175,3,0.0,0.0,0.0,0.02564102564102564,0.0,0.02564102564102564,0.0,0.02564102564102564,0.0,0.0,0.02564102564102564,0.0,0.05128205128205128,0.0,0.02564102564102564,0.0,0.0,0.02564102564102564,0.0,0.0,0.0,0.02564102564102564,0.05128205128205128,0.0,0.02564102564102564,0.0,0.02564102564102564,0.05128205128205128,0.05128205128205128,0.0,0.0,0.02564102564102564,0.0,0.02564102564102564,0.0,0.05128205128205128,0.0,0.02564102564102564,0.0,0.02564102564102564,0.05128205128205128,0.0,0.0,0.0,0.02564102564102564,0.0,0.02564102564102564,0.0,0.0,0.02564102564102564,0.02564102564102564,0.02564102564102564,0.02564102564102564,0.02564102564102564,0.05128205128205128,0.0,0.0,0.02564102564102564,0.0,0.02564102564102564,0.0,0.0,0.02564102564102564,0.05128205128205128,0.0,0.0,0.0,0.02564102564102564,0.0,0.02564102564102564,0.0,0.02564102564102564,0.0,0.0,0.02564102564102564,0.0,0.05128205128205128,0.0,0.02564102564102564,0.0,0.0,0.02564102564102564,0.0,0.0,0.0,0.02564102564102564,0.05128205128205128,0.0,0.02564102564102564,0.0,0.02564102564102564,0.05128205128205128,0.05128205128205128,0.0,0.0,0.02564102564102564,0.0,0.02564102564102564,0.0,0.05128205128205128,0.0,0.02564102564102564,0.0,0.02564102564102564,0.05128205128205128,0.0,0.0,0.0,0.02564102564102564,0.0,0.02564102564102564,0.0,0.0,0.02564102564102564,0.02564102564102564,0.02564102564102564,0.02564102564102564,0.02564102564102564,0.05128205128205128,0.0,0.0,0.02564102564102564,0.0,0.02564102564102564,0.0,0.0,0.02564102564102564,0.05128205128205128,2.94249629764402,3.0,0.9808320992146733,0.15384615384615385,obj358,fld1,1
0.1,0.25,0.1,0.05,0.075,0.1,0.275,0.05,8,0.275,6,0.0,0.0,0.02564102564102564,0.0,0.05128205128205128,0.0,0.0,0.02564102564102564,0.05128205128205128,0.0,0.02564102564102564,0.0,0.0,0.02564102564102564,0.15384615384615385,0.0,0.0,0.05128205128205128,0.0,0.0,0.0,0.02564102564102564,0.0,0.0,0.0,0.02564102564102564,0.02564102564102564,0.0,0.0,0.0,0.0,0.0,0.0,0.0,0.0,0.0,0.0,0.0,0.07692307692307693,0.0,0.0,0.05128205128205128,0.0,0.0,0.02564102564102564,0.0,0.02564102564102564,0.0,0.05128205128205128,0.10256410256410256,0.0,0.05128205128205128,0.0,0.02564102564102564,0.02564102564102564,0.02564102564102564,0.0,0.0,0.02564102564102564,0.0,0.0,0.02564102564102564,0.0,0.0,0.0,0.0,0.02564102564102564,0.0,0.05128205128205128,0.0,0.0,0.02564102564102564,0.05128205128205128,0.0,0.02564102564102564,0.0,0.0,0.02564102564102564,0.15384615384615385,0.0,0.0,0.05128205128205128,0.0,0.0,0.0,0.02564102564102564,0.0,0.0,0.0,0.02564102564102564,0.02564102564102564,0.0,0.0,0.0,0.0,0.0,0.0,0.0,0.0,0.0,0.0,0.0,0.07692307692307693,0.0,0.0,0.05128205128205128,0.0,0.0,0.02564102564102564,0.0,0.02564102564102564,0.0,0.05128205128205128,0.10256410256410256,0.0,0.05128205128205128,0.0,0.02564102564102564,0.02564102564102564,0.02564102564102564,0.0,0.0,0.02564102564102564,0.0,0.0,0.02564102564102564,0.0,0.0,2.7212301884861785,3.0,0.9070767294953929,0.02564102564102564,obj359,fld1,1
0.05,0.175,0.125,0.125,0.125,0.175,0.05,0.175,8,0.175,7,0.0,0.0,0.0,0.0,0.0,0.0,0.0,0.05128205128205128,0.0,0.02564102564102564,0.0,0.07692307692307693,0.0,0.05128205128205128,0.0,0.02564102564102564,0.05128205128205128,0.0,0.02564102564102564,0.0,0.0,0.02564102564102564,0.0,0.02564102564102564,0.0,0.0,0.02564102564102564,0.02564102564102564,0.02564102564102564,0.02564102564102564,0.0,0.02564102564102564,0.0,0.0,0.0,0.0,0.05128205128205128,0.02564102564102564,0.05128205128205128,0.0,0.0,0.05128205128205128,0.05128205128205128,0.0,0.05128205128205128,0.0,0.0,0.0,0.0,0.05128205128205128,0.0,0.0,0.0,0.0,0.0,0.0,0.0,0.05128205128205128,0.02564102564102564,0.02564102564102564,0.0,0.05128205128205128,0.0,0.02564102564102564,0.0,0.0,0.0,0.0,0.0,0.0,0.0,0.05128205128205128,0.0,0.02564102564102564,0.0,0.07692307692307693,0.0,0.05128205128205128,0.0,0.02564102564102564,0.05128205128205128,0.0,0.02564102564102564,0.0,0.0,0.02564102564102564,0.0,0.02564102564102564,0.0,0.0,0.02564102564102564,0.02564102564102564,0.02564102564102564,0.02564102564102564,0.0,0.02564102564102564,0.0,0.0,0.0,0.0,0.05128205128205128,0.02564102564102564,0.05128205128205128,0.0,0.0,0.05128205128205128,0.05128205128205128,0.0,0.05128205128205128,0.0,0.0,0.0,0.0,0.05128205128205128,0.0,0.0,0.0,0.0,0.0,0.0,0.0,0.05128205128205128,0.02564102564102564,0.02564102564102564,0.0,0.05128205128205128,0.0,0.02564102564102564,2.8773437252243594,3.0,0.9591145750747865,0.15384615384615385,obj360,fld1,0
0.125,0.2,0.05,0.075,0.075,0.15,0.25,0.075,8,0.25,6,0.02564102564102564,0.02564102564102564,0.0,0.0,0.02564102564102564,0.0,0.05128205128205128,0.0,0.0,0.0,0.02564102564102564,0.02564102564102564,0.02564102564102564,0.02564102564102564,0.07692307692307693,0.0,0.0,0.0,0.0,0.0,0.0,0.0,0.05128205128205128,0.0,0.05128205128205128,0.0,0.0,0.0,0.0,0.0,0.02564102564102564,0.0,0.0,0.0,0.02564102564102564,0.0,0.0,0.02564102564102564,0.02564102564102564,0.0,0.0,0.05128205128205128,0.0,0.02564102564102564,0.02564102564102564,0.0,0.0,0.05128205128205128,0.02564102564102564,0.10256410256410256,0.0,0.02564102564102564,0.0,0.05128205128205128,0.02564102564102564,0.02564102564102564,0.02564102564102564,0.0,0.0,0.0,0.0,0.05128205128205128,0.0,0.0,0.02564102564102564,0.02564102564102564,0.0,0.0,0.02564102564102564,0.0,0.05128205128205128,0.0,0.0,0.0,0.02564102564102564,0.02564102564102564,0.02564102564102564,0.02564102564102564,0.07692307692307693,0.0,0.0,0.0,0.0,0.0,0.0,0.0,0.05128205128205128,0.0,0.05128205128205128,0.0,0.0,0.0,0.0,0.0,0.02564102564102564,0.0,0.0,0.0,0.02564102564102564,0.0,0.0,0.02564102564102564,0.02564102564102564,0.0,0.0,0.05128205128205128,0.0,0.02564102564102564,0.02564102564102564,0.0,0.0,0.05128205128205128,0.02564102564102564,0.10256410256410256,0.0,0.02564102564102564,0.0,0.05128205128205128,0.02564102564102564,0.02564102564102564,0.02564102564102564,0.0,0.0,0.0,0.0,0.05128205128205128,0.0,0.0,2.806844121534168,3.0,0.935614707178056,0.05128205128205128,obj361,fld1,1
0.125,0.25,0.1,0.1,0.075,0.175,0.1,0.075,8,0.25,1,0.0,0.05128205128205128,0.02564102564102564,0.02564102564102564,0.0,0.0,0.0,0.0,0.05128205128205128,0.02564102564102564,0.0,0.0,0.05128205128205128,0.05128205128205128,0.05128205128205128,0.02564102564102564,0.0,0.05128205128205128,0.0,0.0,0.0,0.02564102564102564,0.02564102564102564,0.0,0.05128205128205128,0.02564102564102564,0.0,0.0,0.0,0.02564102564102564,0.0,0.0,0.0,0.02564102564102564,0.0,0.05128205128205128,0.0,0.0,0.0,0.0,0.02564102564102564,0.05128205128205128,0.0,0.0,0.02564102564102564,0.05128205128205128,0.0,0.02564102564102564,0.0,0.0,0.02564102564102564,0.0,0.0,0.02564102564102564,0.02564102564102564,0.02564102564102564,0.0,0.02564102564102564,0.05128205128205128,0.0,0.0,0.0,0.0,0.0,0.0,0.05128205128205128,0.02564102564102564,0.02564102564102564,0.0,0.0,0.0,0.0,0.05128205128205128,0.02564102564102564,0.0,0.0,0.05128205128205128,0.05128205128205128,0.05128205128205128,0.02564102564102564,0.0,0.05128205128205128,0.0,0.0,0.0,0.02564102564102564,0.02564102564102564,0.0,0.05128205128205128,0.02564102564102564,0.0,0.0,0.0,0.02564102564102564,0.0,0.0,0.0,0.02564102564102564,0.0,0.05128205128205128,0.0,0.0,0.0,0.0,0.02564102564102564,0.05128205128205128,0.0,0.0,0.02564102564102564,0.05128205128205128,0.0,0.02564102564102564,0.0,0.0,0.02564102564102564,0.0,0.0,0.02564102564102564,0.02564102564102564,0.02564102564102564,0.0,0.02564102564102564,0.05128205128205128,0.0,0.0,0.0,0.0,0.0,2.8721735728363473,3.0,0.9573911909454491,0.10256410256410256,obj362,fld4,0
0.1,0.05,0.075,0.1,0.125,0.275,0.125,0.15,8,0.275,5,0.0,0.02564102564102564,0.0,0.02564102564102564,0.0,0.02564102564102564,0.02564102564102564,0.0,0.0,0.0,0.0,0.0,0.0,0.0,0.0,0.05128205128205128,0.0,0.0,0.0,0.0,0.0,0.02564102564102564,0.0,0.02564102564102564,0.0,0.0,0.02564102564102564,0.02564102564102564,0.0,0.05128205128205128,0.0,0.0,0.0,0.02564102564102564,0.02564102564102564,0.0,0.02564102564102564,0.02564102564102564,0.02564102564102564,0.0,0.05128205128205128,0.0,0.0,0.05128205128205128,0.02564102564102564,0.02564102564102564,0.07692307692307693,0.05128205128205128,0.02564102564102564,0.0,0.02564102564102564,0.0,0.0,0.07692307692307693,0.0,0.0,0.0,0.0,0.0,0.0,0.07692307692307693,0.05128205128205128,0.0,0.02564102564102564,0.0,0.02564102564102564,0.0,0.02564102564102564,0.0,0.02564102564102564,0.02564102564102564,0.0,0.0,0.0,0.0,0.0,0.0,0.0,0.0,0.05128205128205128,0.0,0.0,0.0,0.0,0.0,0.02564102564102564,0.0,0.02564102564102564,0.0,0.0,0.02564102564102564,0.02564102564102564,0.0,0.05128205128205128,0.0,0.0,0.0,0.02564102564102564,0.02564102564102564,0.0,0.02564102564102564,0.02564102564102564,0.02564102564102564,0.0,0.05128205128205128,0.0,0.0,0.05128205128205128,0.02564102564102564,0.02564102564102564,0.07692307692307693,0.05128205128205128,0.02564102564102564,0.0,0.02564102564102564,0.0,0.0,0.07692307692307693,0.0,0.0,0.0,0.0,0.0,0.0,0.07692307692307693,0.05128205128205128,0.0,0.02564102564102564,2.833485813378005,3.0,0.9444952711260016,0.10256410256410256,obj363,fld3,0
0.025,0.1,0.125,0.2,0.05,0.125,0.175,0.2,8,0.2,7,0.0,0.02564102564102564,0.0,0.0,0.0,0.0,0.0,0.0,0.0,0.0,0.02564102564102564,0.02564102564102564,0.0,0.02564102564102564,0.02564102564102564,0.0,0.0,0.0,0.0,0.02564102564102564,0.02564102564102564,0.0,0.02564102564102564,0.05128205128205128,0.0,0.02564102564102564,0.05128205128205128,0.0,0.0,0.02564102564102564,0.10256410256410256,0.0,0.02564102564102564,0.0,0.0,0.02564102564102564,0.0,0.0,0.0,0.0,0.0,0.02564102564102564,0.0,0.02564102564102564,0.0,0.0,0.0,0.07692307692307693,0.0,0.0,0.02564102564102564,0.05128205128205128,0.02564102564102564,0.05128205128205128,0.0,0.02564102564102564,0.0,0.0,0.02564102564102564,0.05128205128205128,0.0,0.02564102564102564,0.02564102564102564,0.05128205128205128,0.0,0.02564102564102564,0.0,0.0,0.0,0.0,0.0,0.0,0.0,0.0,0.02564102564102564,0.02564102564102564,0.0,0.02564102564102564,0.02564102564102564,0.0,0.0,0.0,0.0,0.02564102564102564,0.02564102564102564,0.0,0.02564102564102564,0.05128205128205128,0.0,0.02564102564102564,0.05128205128205128,0.0,0.0,0.02564102564102564,0.10256410256410256,0.0,0.02564102564102564,0.0,0.0,0.02564102564102564,0.0,0.0,0.0,0.0,0.0,0.02564102564102564,0.0,0.02564102564102564,0.0,0.0,0.0,0.07692307692307693,0.0,0.0,0.02564102564102564,0.05128205128205128,0.02564102564102564,0.05128205128205128,0.0,0.02564102564102564,0.0,0.0,0.02564102564102564,0.05128205128205128,0.0,0.02564102564102564,0.02564102564102564,0.05128205128205128,2.800158959805441,3.0,0.933386319935147,0.05128205128205128,obj364,fld4,1
0.075,0.025,0.15,0.15,0.325,0.075,0.05,0.15,8,0.325,4,0.0,0.0,0.0,0.02564102564102564,0.05128205128205128,0.0,0.0,0.0,0.0,0.0,0.0,0.0,0.0,0.0,0.0,0.02564102564102564,0.02564102564102564,0.0,0.0,0.02564102564102564,0.05128205128205128,0.0,0.0,0.05128205128205128,0.02564102564102564,0.0,0.07692307692307693,0.0,0.05128205128205128,0.0,0.0,0.0,0.0,0.02564102564102564,0.05128205128205128,0.02564102564102564,0.07692307692307693,0.05128205128205128,0.05128205128205128,0.02564102564102564,0.02564102564102564,0.0,0.0,0.0,0.0,0.0,0.0,0.05128205128205128,0.0,0.0,0.0,0.0,0.02564102564102564,0.02564102564102564,0.0,0.0,0.0,0.0,0.02564102564102564,0.05128205128205128,0.07692307692307693,0.0,0.0,0.0,0.0,0.0,0.0,0.02564102564102564,0.05128205128205128,0.0,0.0,0.0,0.0,0.0,0.0,0.0,0.0,0.0,0.0,0.02564102564102564,0.02564102564102564,0.0,0.0,0.02564102564102564,0.05128205128205128,0.0,0.0,0.05128205128205128,0.02564102564102564,0.0,0.07692307692307693,0.0,0.05128205128205128,0.0,0.0,0.0,0.0,0.02564102564102564,0.05128205128205128,0.02564102564102564,0.07692307692307693,0.05128205128205128,0.05128205128205128,0.02564102564102564,0.02564102564102564,0.0,0.0,0.0,0.0,0.0,0.0,0.05128205128205128,0.0,0.0,0.0,0.0,0.02564102564102564,0.02564102564102564,0.0,0.0,0.0,0.0,0.02564102564102564,0.05128205128205128,0.07692307692307693,0.0,0.0,0.0,2.6683076860588133,3.0,0.8894358953529378,0.07692307692307693,obj365,fld5,0
0.15,0.15,0.175,0.1,0.1,0.15,0.025,0.15,8,0.175,2,0.0,0.05128205128205128,0.05128205128205128,0.02564102564102564,0.0,0.0,0.0,0.02564102564102564,0.02564102564102564,0.0,0.02564102564102564,0.02564102564102564,0.05128205128205128,0.0,0.0,0.0,0.02564102564102564,0.02564102564102564,0.0,0.05128205128205128,0.0,0.05128205128205128,0.0,0.02564102564102564,0.0,0.02564102564102564,0.02564102564102564,0.0,0.02564102564102564,0.0,0.02564102564102564,0.0,0.0,0.0,0.05128205128205128,0.0,0.0,0.02564102564102564,0.0,0.02564102564102564,0.02564102564102564,0.05128205128205128,0.02564102564102564,0.0,0.0,0.0,0.0,0.05128205128205128,0.02564102564102564,0.0,0.0,0.0,0.0,0.0,0.0,0.0,0.02564102564102564,0.0,0.0,0.0,0.02564102564102564,0.07692307692307693,0.0,0.02564102564102564,0.0,0.05128205128205128,0.05128205128205128,0.02564102564102564,0.0,0.0,0.0,0.02564102564102564,0.02564102564102564,0.0,0.02564102564102564,0.02564102564102564,0.05128205128205128,0.0,0.0,0.0,0.02564102564102564,0.02564102564102564,0.0,0.05128205128205128,0.0,0.05128205128205128,0.0,0.02564102564102564,0.0,0.02564102564102564,0.02564102564102564,0.0,0.02564102564102564,0.0,0.02564102564102564,0.0,0.0,0.0,0.05128205128205128,0.0,0.0,0.02564102564102564,0.0,0.02564102564102564,0.02564102564102564,0.05128205128205128,0.02564102564102564,0.0,0.0,0.0,0.0,0.05128205128205128,0.02564102564102564,0.0,0.0,0.0,0.0,0.0,0.0,0.0,0.02564102564102564,0.0,0.0,0.0,0.02564102564102564,0.07692307692307693,0.0,0.02564102564102564,2.8796634830945878,3.0,0.9598878276981959,0.02564102564102564,obj366,fld3,1
0.175,0.125,0.125,0.125,0.175,0.125,0.1,0.05,8,0.175,4,0.0,0.02564102564102564,0.05128205128205128,0.0,0.0,0.02564102564102564,0.07692307692307693,0.0,0.02564102564102564,0.0,0.02564102564102564,0.02564102564102564,0.02564102564102564,0.0,0.0,0.0,0.02564102564102564,0.0,0.0,0.05128205128205128,0.0,0.02564102564102564,0.0,0.02564102564102564,0.0,0.02564102564102564,0.02564102564102564,0.0,0.05128205128205128,0.0,0.0,0.02564102564102564,0.02564102564102564,0.02564102564102564,0.02564102564102564,0.05128205128205128,0.0,0.02564102564102564,0.02564102564102564,0.0,0.05128205128205128,0.02564102564102564,0.0,0.0,0.02564102564102564,0.02564102564102564,0.0,0.0,0.02564102564102564,0.0,0.0,0.0,0.07692307692307693,0.0,0.0,0.0,0.02564102564102564,0.02564102564102564,0.0,0.0,0.0,0.0,0.0,0.0,0.0,0.02564102564102564,0.05128205128205128,0.0,0.0,0.02564102564102564,0.07692307692307693,0.0,0.02564102564102564,0.0,0.02564102564102564,0.02564102564102564,0.02564102564102564,0.0,0.0,0.0,0.02564102564102564,0.0,0.0,0.05128205128205128,0.0,0.02564102564102564,0.0,0.02564102564102564,0.0,0.02564102564102564,0.02564102564102564,0.0,0.05128205128205128,0.0,0.0,0.02564102564102564,0.02564102564102564,0.02564102564102564,0.02564102564102564,0.05128205128205128,0.0,0.02564102564102564,0.02564102564102564,0.0,0.05128205128205128,0.02564102564102564,0.0,0.0,0.02564102564102564,0.02564102564102564,0.0,0.0,0.02564102564102564,0.0,0.0,0.0,0.07692307692307693,0.0,0.0,0.0,0.02564102564102564,0.02564102564102564,0.0,0.0,0.0,0.0,0.0,0.0,2.9283898247235194,3.0,0.9761299415745065,0.02564102564102564,obj367,fld1,0
0.175,0.05,0.075,0.15,0.175,0.025,0.25,0.1,8,0.25,6,0.05128205128205128,0.02564102564102564,0.02564102564102564,0.0,0.05128205128205128,0.0,0.02564102564102564,0.0,0.0,0.0,0.0,0.02564102564102564,0.0,0.0,0.0,0.02564102564102564,0.02564102564102564,0.0,0.0,0.02564102564102564,0.0,0.0,0.02564102564102564,0.0,0.0,0.0,0.02564102564102564,0.0,0.02564102564102564,0.0,0.02564102564102564,0.05128205128205128,0.10256410256410256,0.0,0.0,0.0,0.02564102564102564,0.02564102564102564,0.02564102564102564,0.0,0.0,0.0,0.0,0.02564102564102564,0.0,0.0,0.0,0.0,0.0,0.02564102564102564,0.0,0.05128205128205128,0.05128205128205128,0.0,0.10256410256410256,0.02564102564102564,0.0,0.0,0.02564102564102564,0.0,0.02564102564102564,0.0,0.05128205128205128,0.0,0.05128205128205128,0.02564102564102564,0.02564102564102564,0.0,0.05128205128205128,0.0,0.02564102564102564,0.0,0.0,0.0,0.0,0.02564102564102564,0.0,0.0,0.0,0.02564102564102564,0.02564102564102564,0.0,0.0,0.02564102564102564,0.0,0.0,0.02564102564102564,0.0,0.0,0.0,0.02564102564102564,0.0,0.02564102564102564,0.0,0.02564102564102564,0.05128205128205128,0.10256410256410256,0.0,0.0,0.0,0.02564102564102564,0.02564102564102564,0.02564102564102564,0.0,0.0,0.0,0.0,0.02564102564102564,0.0,0.0,0.0,0.0,0.0,0.02564102564102564,0.0,0.05128205128205128,0.05128205128205128,0.0,0.10256410256410256,0.02564102564102564,0.0,0.0,0.02564102564102564,0.0,0.02564102564102564,0.0,0.05128205128205128,0.0,2.7522552857831,3.0,0.9174184285943667,0.1794871794871795,obj368,fld2,0
0.125,0.125,0.1,0.175,0.175,0.15,0.1,0.05,8,0.175,4,0.0,0.05128205128205128,0.02564102564102564,0.02564102564102564,0.0,0.0,0.02564102564102564,0.0,0.02564102564102564,0.0,0.0,0.05128205128205128,0.0,0.02564102564102564,0.02564102564102564,0.0,0.02564102564102564,0.0,0.0,0.02564102564102564,0.05128205128205128,0.0,0.0,0.0,0.02564102564102564,0.02564102564102564,0.0,0.02564102564102564,0.07692307692307693,0.0,0.02564102564102564,0.0,0.05128205128205128,0.02564102564102564,0.02564102564102564,0.05128205128205128,0.0,0.02564102564102564,0.0,0.0,0.0,0.0,0.05128205128205128,0.0,0.02564102564102564,0.02564102564102564,0.02564102564102564,0.0,0.0,0.0,0.0,0.0,0.0,0.07692307692307693,0.0,0.02564102564102564,0.0,0.0,0.0,0.0,0.02564102564102564,0.0,0.0,0.02564102564102564,0.0,0.05128205128205128,0.02564102564102564,0.02564102564102564,0.0,0.0,0.02564102564102564,0.0,0.02564102564102564,0.0,0.0,0.05128205128205128,0.0,0.02564102564102564,0.02564102564102564,0.0,0.02564102564102564,0.0,0.0,0.02564102564102564,0.05128205128205128,0.0,0.0,0.0,0.02564102564102564,0.02564102564102564,0.0,0.02564102564102564,0.07692307692307693,0.0,0.02564102564102564,0.0,0.05128205128205128,0.02564102564102564,0.02564102564102564,0.05128205128205128,0.0,0.02564102564102564,0.0,0.0,0.0,0.0,0.05128205128205128,0.0,0.02564102564102564,0.02564102564102564,0.02564102564102564,0.0,0.0,0.0,0.0,0.0,0.0,0.07692307692307693,0.0,0.02564102564102564,0.0,0.0,0.0,0.0,0.02564102564102564,0.0,0.0,0.02564102564102564,2.9211274733371866,3.0,0.9737091577790622,0.07692307692307693,obj369,fld2,0
0.125,0.075,0.1,0.1,0.175,0.175,0.075,0.175,8,0.175,5,0.02564102564102564,0.0,0.0,0.05128205128205128,0.02564102564102564,0.0,0.0,0.02564102564102564,0.0,0.0,0.0,0.02564102564102564,0.0,0.02564102564102564,0.0,0.02564102564102564,0.0,0.02564102564102564,0.02564102564102564,0.0,0.0,0.0,0.02564102564102564,0.02564102564102564,0.02564102564102564,0.0,0.02564102564102564,0.0,0.02564102564102564,0.0,0.0,0.02564102564102564,0.0,0.0,0.02564102564102564,0.02564102564102564,0.07692307692307693,0.0,0.02564102564102564,0.02564102564102564,0.05128205128205128,0.02564102564102564,0.02564102564102564,0.0,0.0,0.0,0.02564102564102564,0.02564102564102564,0.0,0.02564102564102564,0.0,0.0,0.0,0.02564102564102564,0.0,0.02564102564102564,0.02564102564102564,0.0,0.0,0.0,0.05128205128205128,0.10256410256410256,0.0,0.0,0.02564102564102564,0.0,0.0,0.05128205128205128,0.02564102564102564,0.0,0.0,0.02564102564102564,0.0,0.0,0.0,0.02564102564102564,0.0,0.02564102564102564,0.0,0.02564102564102564,0.0,0.02564102564102564,0.02564102564102564,0.0,0.0,0.0,0.02564102564102564,0.02564102564102564,0.02564102564102564,0.0,0.02564102564102564,0.0,0.02564102564102564,0.0,0.0,0.02564102564102564,0.0,0.0,0.02564102564102564,0.02564102564102564,0.07692307692307693,0.0,0.02564102564102564,0.02564102564102564,0.05128205128205128,0.02564102564102564,0.02564102564102564,0.0,0.0,0.0,0.02564102564102564,0.02564102564102564,0.0,0.02564102564102564,0.0,0.0,0.0,0.02564102564102564,0.0,0.02564102564102564,0.02564102564102564,0.0,0.0,0.0,0.05128205128205128,0.10256410256410256,0.0,0.0,2.9200813738380265,3.0,0.9733604579460088,0.1282051282051282,obj370,fld5,0
0.05,0.175,0.15,0.15,0.175,0.075,0.125,0.1,8,0.175,4,0.0,0.02564102564102564,0.0,0.02564102564102564,0.0,0.0,0.0,0.0,0.02564102564102564,0.0,0.07692307692307693,0.02564102564102564,0.0,0.0,0.02564102564102564,0.02564102564102564,0.02564102564102564,0.02564102564102564,0.0,0.02564102564102564,0.02564102564102564,0.02564102564102564,0.0,0.02564102564102564,0.0,0.02564102564102564,0.02564102564102564,0.02564102564102564,0.02564102564102564,0.0,0.02564102564102564,0.0,0.0,0.05128205128205128,0.02564102564102564,0.02564102564102564,0.0,0.0,0.05128205128205128,0.02564102564102564,0.0,0.0,0.0,0.0,0.0,0.02564102564102564,0.02564102564102564,0.02564102564102564,0.0,0.02564102564102564,0.02564102564102564,0.0,0.05128205128205128,0.02564102564102564,0.0,0.0,0.0,0.02564102564102564,0.0,0.02564102564102564,0.05128205128205128,0.0,0.0,0.0,0.0,0.02564102564102564,0.0,0.02564102564102564,0.0,0.0,0.0,0.0,0.02564102564102564,0.0,0.07692307692307693,0.02564102564102564,0.0,0.0,0.02564102564102564,0.02564102564102564,0.02564102564102564,0.02564102564102564,0.0,0.02564102564102564,0.02564102564102564,0.02564102564102564,0.0,0.02564102564102564,0.0,0.02564102564102564,0.02564102564102564,0.02564102564102564,0.02564102564102564,0.0,0.02564102564102564,0.0,0.0,0.05128205128205128,0.02564102564102564,0.02564102564102564,0.0,0.0,0.05128205128205128,0.02564102564102564,0.0,0.0,0.0,0.0,0.0,0.02564102564102564,0.02564102564102564,0.02564102564102564,0.0,0.02564102564102564,0.02564102564102564,0.0,0.05128205128205128,0.02564102564102564,0.0,0.0,0.0,0.02564102564102564,0.0,0.02564102564102564,0.05128205128205128,0.0,0.0,0.0,2.9047519225358474,3.0,0.9682506408452825,0.05128205128205128,obj371,fld5,1
0.125,0.1,0.125,0.15,0.075,0.15,0.15,0.125,8,0.15,3,0.0,0.02564102564102564,0.0,0.02564102564102564,0.0,0.05128205128205128,0.0,0.02564102564102564,0.02564102564102564,0.02564102564102564,0.0,0.02564102564102564,0.02564102564102564,0.0,0.0,0.0,0.0,0.0,0.02564102564102564,0.0,0.02564102564102564,0.0,0.05128205128205128,0.02564102564102564,0.0,0.02564102564102564,0.0,0.0,0.02564102564102564,0.02564102564102564,0.02564102564102564,0.05128205128205128,0.02564102564102564,0.0,0.05128205128205128,0.0,0.0,0.0,0.0,0.0,0.0,0.0,0.02564102564102564,0.0,0.0,0.02564102564102564,0.05128205128205128,0.02564102564102564,0.02564102564102564,0.02564102564102564,0.02564102564102564,0.02564102564102564,0.0,0.05128205128205128,0.0,0.0,0.05128205128205128,0.0,0.0,0.05128205128205128,0.0,0.0,0.02564102564102564,0.0,0.0,0.02564102564102564,0.0,0.02564102564102564,0.0,0.05128205128205128,0.0,0.02564102564102564,0.02564102564102564,0.02564102564102564,0.0,0.02564102564102564,0.02564102564102564,0.0,0.0,0.0,0.0,0.0,0.02564102564102564,0.0,0.02564102564102564,0.0,0.05128205128205128,0.02564102564102564,0.0,0.02564102564102564,0.0,0.0,0.02564102564102564,0.02564102564102564,0.02564102564102564,0.05128205128205128,0.02564102564102564,0.0,0.05128205128205128,0.0,0.0,0.0,0.0,0.0,0.0,0.0,0.02564102564102564,0.0,0.0,0.02564102564102564,0.05128205128205128,0.02564102564102564,0.02564102564102564,0.02564102564102564,0.02564102564102564,0.02564102564102564,0.0,0.05128205128205128,0.0,0.0,0.05128205128205128,0.0,0.0,0.05128205128205128,0.0,0.0,0.02564102564102564,0.0,2.9690997464259947,3.0,0.9896999154753315,0.07692307692307693,obj372,fld3,1
0.1,0.175,0.1,0.125,0.075,0.125,0.15,0.15,8,0.175,1,0.0,0.07692307692307693,0.0,0.0,0.0,0.0,0.0,0.0,0.02564102564102564,0.02564102564102564,0.0,0.02564102564102564,0.02564102564102564,0.0,0.05128205128205128,0.02564102564102564,0.0,0.0,0.0,0.02564102564102564,0.0,0.02564102564102564,0.02564102564102564,0.02564102564102564,0.02564102564102564,0.02564102564102564,0.0,0.02564102564102564,0.0,0.0,0.02564102564102564,0.02564102564102564,0.02564102564102564,0.02564102564102564,0.0,0.0,0.0,0.0,0.0,0.02564102564102564,0.0,0.02564102564102564,0.05128205128205128,0.05128205128205128,0.0,0.0,0.0,0.0,0.0,0.0,0.0,0.0,0.05128205128205128,0.05128205128205128,0.02564102564102564,0.02564102564102564,0.02564102564102564,0.0,0.05128205128205128,0.0,0.0,0.05128205128205128,0.0,0.02564102564102564,0.0,0.07692307692307693,0.0,0.0,0.0,0.0,0.0,0.0,0.02564102564102564,0.02564102564102564,0.0,0.02564102564102564,0.02564102564102564,0.0,0.05128205128205128,0.02564102564102564,0.0,0.0,0.0,0.02564102564102564,0.0,0.02564102564102564,0.02564102564102564,0.02564102564102564,0.02564102564102564,0.02564102564102564,0.0,0.02564102564102564,0.0,0.0,0.02564102564102564,0.02564102564102564,0.02564102564102564,0.02564102564102564,0.0,0.0,0.0,0.0,0.0,0.02564102564102564,0.0,0.02564102564102564,0.05128205128205128,0.05128205128205128,0.0,0.0,0.0,0.0,0.0,0.0,0.0,0.0,0.05128205128205128,0.05128205128205128,0.02564102564102564,0.02564102564102564,0.02564102564102564,0.0,0.05128205128205128,0.0,0.0,0.05128205128205128,0.0,0.02564102564102564,2.9557980220350077,3.0,0.9852660073450026,0.10256410256410256,obj373,fld3,1
0.1,0.1,0.1,0.15,0.125,0.175,0.1,0.15,8,0.175,5,0.0,0.0,0.02564102564102564,0.0,0.0,0.05128205128205128,0.0,0.02564102564102564,0.0,0.0,0.0,0.0,0.02564102564102564,0.02564102564102564,0.02564102564102564,0.02564102564102564,0.0,0.0,0.0,0.05128205128205128,0.0,0.02564102564102564,0.0,0.0,0.02564102564102564,0.0,0.0,0.05128205128205128,0.0,0.02564102564102564,0.02564102564102564,0.02564102564102564,0.0,0.0,0.05128205128205128,0.02564102564102564,0.0,0.0,0.0,0.05128205128205128,0.05128205128205128,0.0,0.02564102564102564,0.02564102564102564,0.05128205128205128,0.0,0.02564102564102564,0.0,0.02564102564102564,0.02564102564102564,0.0,0.0,0.05128205128205128,0.0,0.0,0.0,0.0,0.07692307692307693,0.0,0.0,0.0,0.05128205128205128,0.0,0.02564102564102564,0.0,0.0,0.02564102564102564,0.0,0.0,0.05128205128205128,0.0,0.02564102564102564,0.0,0.0,0.0,0.0,0.02564102564102564,0.02564102564102564,0.02564102564102564,0.02564102564102564,0.0,0.0,0.0,0.05128205128205128,0.0,0.02564102564102564,0.0,0.0,0.02564102564102564,0.0,0.0,0.05128205128205128,0.0,0.02564102564102564,0.02564102564102564,0.02564102564102564,0.0,0.0,0.05128205128205128,0.02564102564102564,0.0,0.0,0.0,0.05128205128205128,0.05128205128205128,0.0,0.02564102564102564,0.02564102564102564,0.05128205128205128,0.0,0.02564102564102564,0.0,0.02564102564102564,0.02564102564102564,0.0,0.0,0.05128205128205128,0.0,0.0,0.0,0.0,0.07692307692307693,0.0,0.0,0.0,0.05128205128205128,0.0,0.02564102564102564,2.964911221450014,3.0,0.988303740483338,0.07692307692307693,obj374,fld1,1
0.025,0.2,0.1,0.125,0.075,0.15,0.15,0.175,8,0.2,1,0.0,0.0,0.0,0.02564102564102564,0.0,0.0,0.0,0.0,0.0,0.07692307692307693,0.05128205128205128,0.02564102564102564,0.0,0.02564102564102564,0.02564102564102564,0.0,0.0,0.02564102564102564,0.02564102564102564,0.0,0.0,0.0,0.02564102564102564,0.02564102564102564,0.0,0.0,0.0,0.0,0.0,0.07692307692307693,0.02564102564102564,0.02564102564102564,0.0,0.0,0.0,0.02564102564102564,0.0,0.02564102564102564,0.02564102564102564,0.0,0.02564102564102564,0.02564102564102564,0.0,0.02564102564102564,0.02564102564102564,0.02564102564102564,0.0,0.02564102564102564,0.0,0.05128205128205128,0.0,0.0,0.02564102564102564,0.0,0.0,0.07692307692307693,0.0,0.02564102564102564,0.02564102564102564,0.02564102564102564,0.0,0.0,0.05128205128205128,0.02564102564102564,0.0,0.0,0.0,0.02564102564102564,0.0,0.0,0.0,0.0,0.0,0.07692307692307693,0.05128205128205128,0.02564102564102564,0.0,0.02564102564102564,0.02564102564102564,0.0,0.0,0.02564102564102564,0.02564102564102564,0.0,0.0,0.0,0.02564102564102564,0.02564102564102564,0.0,0.0,0.0,0.0,0.0,0.07692307692307693,0.02564102564102564,0.02564102564102564,0.0,0.0,0.0,0.02564102564102564,0.0,0.02564102564102564,0.02564102564102564,0.0,0.02564102564102564,0.02564102564102564,0.0,0.02564102564102564,0.02564102564102564,0.02564102564102564,0.0,0.02564102564102564,0.0,0.05128205128205128,0.0,0.0,0.02564102564102564,0.0,0.0,0.07692307692307693,0.0,0.02564102564102564,0.02564102564102564,0.02564102564102564,0.0,0.0,0.05128205128205128,0.02564102564102564,2.846039033895928,3.0,0.9486796779653094,0.15384615384615385,obj375,fld2,1
0.05,0.2,0.075,0.1,0.1,0.225,0.175,0.075,8,0.225,5,0.0,0.02564102564102564,0.02564102564102564,0.0,0.0,0.0,0.0,0.0,0.0,0.02564102564102564,0.0,0.0,0.02564102564102564,0.10256410256410256,0.05128205128205128,0.0,0.0,0.02564102564102564,0.0,0.0,0.02564102564102564,0.02564102564102564,0.0,0.0,0.0,0.02564102564102564,0.0,0.0,0.02564102564102564,0.02564102564102564,0.02564102564102564,0.0,0.0,0.02564102564102564,0.0,0.02564102564102564,0.02564102564102564,0.02564102564102564,0.0,0.0,0.0,0.05128205128205128,0.0,0.05128205128205128,0.0,0.05128205128205128,0.05128205128205128,0.0,0.05128205128205128,0.0,0.05128205128205128,0.0,0.0,0.0,0.02564102564102564,0.05128205128205128,0.0,0.02564102564102564,0.0,0.0,0.0,0.0,0.02564102564102564,0.02564102564102564,0.0,0.02564102564102564,0.02564102564102564,0.0,0.0,0.0,0.0,0.0,0.0,0.02564102564102564,0.0,0.0,0.02564102564102564,0.10256410256410256,0.05128205128205128,0.0,0.0,0.02564102564102564,0.0,0.0,0.02564102564102564,0.02564102564102564,0.0,0.0,0.0,0.02564102564102564,0.0,0.0,0.02564102564102564,0.02564102564102564,0.02564102564102564,0.0,0.0,0.02564102564102564,0.0,0.02564102564102564,0.02564102564102564,0.02564102564102564,0.0,0.0,0.0,0.05128205128205128,0.0,0.05128205128205128,0.0,0.05128205128205128,0.05128205128205128,0.0,0.05128205128205128,0.0,0.05128205128205128,0.0,0.0,0.0,0.02564102564102564,0.05128205128205128,0.0,0.02564102564102564,0.0,0.0,0.0,0.0,0.02564102564102564,0.02564102564102564,2.8296634830945875,3.0,0.9432211610315292,0.15384615384615385,obj376,fld1,1
0.1,0.175,0.15,0.075,0.15,0.05,0.1,0.2,8,0.2,7,0.0,0.02564102564102564,0.02564102564102564,0.02564102564102564,0.0,0.0,0.0,0.02564102564102564,0.02564102564102564,0.05128205128205128,0.05128205128205128,0.0,0.0,0.0,0.0,0.02564102564102564,0.0,0.05128205128205128,0.0,0.0,0.07692307692307693,0.02564102564102564,0.0,0.0,0.0,0.02564102564102564,0.02564102564102564,0.0,0.0,0.0,0.02564102564102564,0.0,0.02564102564102564,0.0,0.02564102564102564,0.0,0.02564102564102564,0.0,0.02564102564102564,0.05128205128205128,0.0,0.0,0.02564102564102564,0.02564102564102564,0.0,0.0,0.0,0.0,0.0,0.02564102564102564,0.0,0.0,0.02564102564102564,0.0,0.02564102564102564,0.02564102564102564,0.05128205128205128,0.0,0.0,0.02564102564102564,0.02564102564102564,0.02564102564102564,0.02564102564102564,0.05128205128205128,0.0,0.02564102564102564,0.02564102564102564,0.02564102564102564,0.0,0.0,0.0,0.02564102564102564,0.02564102564102564,0.05128205128205128,0.05128205128205128,0.0,0.0,0.0,0.0,0.02564102564102564,0.0,0.05128205128205128,0.0,0.0,0.07692307692307693,0.02564102564102564,0.0,0.0,0.0,0.02564102564102564,0.02564102564102564,0.0,0.0,0.0,0.02564102564102564,0.0,0.02564102564102564,0.0,0.02564102564102564,0.0,0.02564102564102564,0.0,0.02564102564102564,0.05128205128205128,0.0,0.0,0.02564102564102564,0.02564102564102564,0.0,0.0,0.0,0.0,0.0,0.02564102564102564,0.0,0.0,0.02564102564102564,0.0,0.02564102564102564,0.02564102564102564,0.05128205128205128,0.0,0.0,0.02564102564102564,0.02564102564102564,0.02564102564102564,0.02564102564102564,0.05128205128205128,2.886280045756848,3.0,0.9620933485856159,0.15384615384615385,obj377,fld3,1
0.1,0.125,0.075,0.1,0.1,0.2,0.15,0.15,8,0.2,5,0.0,0.0,0.0,0.02564102564102564,0.0,0.0,0.0,0.07692307692307693,0.0,0.0,0.0,0.0,0.0,0.05128205128205128,0.02564102564102564,0.02564102564102564,0.0,0.0,0.0,0.02564102564102564,0.0,0.05128205128205128,0.0,0.0,0.0,0.05128205128205128,0.0,0.02564102564102564,0.0,0.02564102564102564,0.0,0.0,0.02564102564102564,0.02564102564102564,0.0,0.02564102564102564,0.02564102564102564,0.0,0.0,0.0,0.05128205128205128,0.0,0.05128205128205128,0.0,0.02564102564102564,0.02564102564102564,0.0,0.05128205128205128,0.0,0.02564102564102564,0.02564102564102564,0.0,0.05128205128205128,0.0,0.05128205128205128,0.0,0.02564102564102564,0.02564102564102564,0.0,0.0,0.0,0.05128205128205128,0.05128205128205128,0.0,0.0,0.0,0.0,0.02564102564102564,0.0,0.0,0.0,0.07692307692307693,0.0,0.0,0.0,0.0,0.0,0.05128205128205128,0.02564102564102564,0.02564102564102564,0.0,0.0,0.0,0.02564102564102564,0.0,0.05128205128205128,0.0,0.0,0.0,0.05128205128205128,0.0,0.02564102564102564,0.0,0.02564102564102564,0.0,0.0,0.02564102564102564,0.02564102564102564,0.0,0.02564102564102564,0.02564102564102564,0.0,0.0,0.0,0.05128205128205128,0.0,0.05128205128205128,0.0,0.02564102564102564,0.02564102564102564,0.0,0.05128205128205128,0.0,0.02564102564102564,0.02564102564102564,0.0,0.05128205128205128,0.0,0.05128205128205128,0.0,0.02564102564102564,0.02564102564102564,0.0,0.0,0.0,0.05128205128205128,0.05128205128205128,0.0,2.937326145256008,3.0,0.979108715085336,0.1282051282051282,obj378,fld2,0
0.125,0.075,0.2,0.2,0.125,0.1,0.125,0.05,8,0.2,3,0.0,0.02564102564102564,0.0,0.05128205128205128,0.0,0.0,0.02564102564102564,0.02564102564102564,0.0,0.0,0.05128205128205128,0.0,0.0,0.0,0.02564102564102564,0.0,0.0,0.02564102564102564,0.02564102564102564,0.02564102564102564,0.05128205128205128,0.05128205128205128,0.0,0.0,0.02564102564102564,0.0,0.05128205128205128,0.02564102564102564,0.0,0.02564102564102564,0.05128205128205128,0.02564102564102564,0.02564102564102564,0.0,0.05128205128205128,0.0,0.02564102564102564,0.02564102564102564,0.0,0.0,0.02564102564102564,0.0,0.0,0.02564102564102564,0.02564102564102564,0.0,0.02564102564102564,0.0,0.05128205128205128,0.02564102564102564,0.02564102564102564,0.02564102564102564,0.0,0.0,0.0,0.0,0.0,0.0,0.0,0.05128205128205128,0.0,0.0,0.0,0.0,0.0,0.02564102564102564,0.0,0.05128205128205128,0.0,0.0,0.02564102564102564,0.02564102564102564,0.0,0.0,0.05128205128205128,0.0,0.0,0.0,0.02564102564102564,0.0,0.0,0.02564102564102564,0.02564102564102564,0.02564102564102564,0.05128205128205128,0.05128205128205128,0.0,0.0,0.02564102564102564,0.0,0.05128205128205128,0.02564102564102564,0.0,0.02564102564102564,0.05128205128205128,0.02564102564102564,0.02564102564102564,0.0,0.05128205128205128,0.0,0.02564102564102564,0.02564102564102564,0.0,0.0,0.02564102564102564,0.0,0.0,0.02564102564102564,0.02564102564102564,0.0,0.02564102564102564,0.0,0.05128205128205128,0.02564102564102564,0.02564102564102564,0.02564102564102564,0.0,0.0,0.0,0.0,0.0,0.0,0.0,0.05128205128205128,0.0,0.0,0.0,0.0,2.8823328717505143,3.0,0.9607776239168381,0.07692307692307693,obj379,fld3,0
0.075,0.175,0.15,0.075,0.175,0.075,0.175,0.1,8,0.175,1,0.0,0.0,0.0,0.0,0.05128205128205128,0.0,0.0,0.02564102564102564,0.02564102564102564,0.05128205128205128,0.02564102564102564,0.0,0.05128205128205128,0.0,0.02564102564102564,0.0,0.02564102564102564,0.02564102564102564,0.0,0.0,0.02564102564102564,0.02564102564102564,0.05128205128205128,0.0,0.0,0.02564102564102564,0.02564102564102564,0.0,0.0,0.02564102564102564,0.0,0.0,0.0,0.0,0.02564102564102564,0.05128205128205128,0.0,0.0,0.05128205128205128,0.05128205128205128,0.0,0.05128205128205128,0.02564102564102564,0.0,0.0,0.0,0.0,0.0,0.0,0.02564102564102564,0.05128205128205128,0.0,0.02564102564102564,0.0,0.05128205128205128,0.0,0.02564102564102564,0.0,0.0,0.02564102564102564,0.02564102564102564,0.0,0.0,0.02564102564102564,0.0,0.0,0.0,0.0,0.05128205128205128,0.0,0.0,0.02564102564102564,0.02564102564102564,0.05128205128205128,0.02564102564102564,0.0,0.05128205128205128,0.0,0.02564102564102564,0.0,0.02564102564102564,0.02564102564102564,0.0,0.0,0.02564102564102564,0.02564102564102564,0.05128205128205128,0.0,0.0,0.02564102564102564,0.02564102564102564,0.0,0.0,0.02564102564102564,0.0,0.0,0.0,0.0,0.02564102564102564,0.05128205128205128,0.0,0.0,0.05128205128205128,0.05128205128205128,0.0,0.05128205128205128,0.02564102564102564,0.0,0.0,0.0,0.0,0.0,0.0,0.02564102564102564,0.05128205128205128,0.0,0.02564102564102564,0.0,0.05128205128205128,0.0,0.02564102564102564,0.0,0.0,0.02564102564102564,0.02564102564102564,0.0,0.0,0.02564102564102564,2.9037058230366863,3.0,0.9679019410122288,0.1282051282051282,obj380,fld3,0
0.075,0.15,0.15,0.1,0.175,0.175,0.1,0.075,8,0.175,5,0.0,0.0,0.0,0.0,0.05128205128205128,0.0,0.02564102564102564,0.0,0.02564102564102564,0.05128205128205128,0.0,0.0,0.0,0.05128205128205128,0.02564102564102564,0.0,0.0,0.0,0.05128205128205128,0.0,0.05128205128205128,0.05128205128205128,0.0,0.0,0.02564102564102564,0.0,0.0,0.02564102564102564,0.0,0.0,0.0,0.02564102564102564,0.02564102564102564,0.0,0.05128205128205128,0.05128205128205128,0.0,0.02564102564102564,0.02564102564102564,0.0,0.0,0.07692307692307693,0.0,0.0,0.02564102564102564,0.02564102564102564,0.0,0.05128205128205128,0.0,0.0,0.02564102564102564,0.0,0.05128205128205128,0.02564102564102564,0.0,0.0,0.0,0.0,0.02564102564102564,0.02564102564102564,0.0,0.0,0.02564102564102564,0.0,0.0,0.0,0.0,0.0,0.05128205128205128,0.0,0.02564102564102564,0.0,0.02564102564102564,0.05128205128205128,0.0,0.0,0.0,0.05128205128205128,0.02564102564102564,0.0,0.0,0.0,0.05128205128205128,0.0,0.05128205128205128,0.05128205128205128,0.0,0.0,0.02564102564102564,0.0,0.0,0.02564102564102564,0.0,0.0,0.0,0.02564102564102564,0.02564102564102564,0.0,0.05128205128205128,0.05128205128205128,0.0,0.02564102564102564,0.02564102564102564,0.0,0.0,0.07692307692307693,0.0,0.0,0.02564102564102564,0.02564102564102564,0.0,0.05128205128205128,0.0,0.0,0.02564102564102564,0.0,0.05128205128205128,0.02564102564102564,0.0,0.0,0.0,0.0,0.02564102564102564,0.02564102564102564,0.0,0.0,0.02564102564102564,0.0,2.92612074684268,3.0,0.9753735822808934,0.15384615384615385,obj381,fld3,0
0.125,0.25,0.1,0.1,0.1,0.1,0.075,0.15,8,0.25,1,0.02564102564102564,0.02564102564102564,0.0,0.02564102564102564,0.0,0.02564102564102564,0.02564102564102564,0.0,0.07692307692307693,0.07692307692307693,0.02564102564102564,0.02564102564102564,0.0,0.02564102564102564,0.0,0.0,0.0,0.05128205128205128,0.0,0.02564102564102564,0.0,0.02564102564102564,0.0,0.0,0.0,0.0,0.02564102564102564,0.0,0.05128205128205128,0.0,0.0,0.02564102564102564,0.02564102564102564,0.02564102564102564,0.0,0.02564102564102564,0.0,0.0,0.0,0.02564102564102564,0.0,0.0,0.02564102564102564,0.0,0.0,0.02564102564102564,0.02564102564102564,0.02564102564102564,0.0,0.0,0.0,0.0,0.02564102564102564,0.0,0.0,0.05128205128205128,0.0,0.07692307692307693,0.02564102564102564,0.0,0.02564102564102564,0.0,0.0,0.02564102564102564,0.02564102564102564,0.02564102564102564,0.0,0.02564102564102564,0.0,0.02564102564102564,0.02564102564102564,0.0,0.07692307692307693,0.07692307692307693,0.02564102564102564,0.02564102564102564,0.0,0.02564102564102564,0.0,0.0,0.0,0.05128205128205128,0.0,0.02564102564102564,0.0,0.02564102564102564,0.0,0.0,0.0,0.0,0.02564102564102564,0.0,0.05128205128205128,0.0,0.0,0.02564102564102564,0.02564102564102564,0.02564102564102564,0.0,0.02564102564102564,0.0,0.0,0.0,0.02564102564102564,0.0,0.0,0.02564102564102564,0.0,0.0,0.02564102564102564,0.02564102564102564,0.02564102564102564,0.0,0.0,0.0,0.0,0.02564102564102564,0.0,0.0,0.05128205128205128,0.0,0.07692307692307693,0.02564102564102564,0.0,0.02564102564102564,0.0,0.0,0.02564102564102564,2.894588496642341,3.0,0.9648628322141137,0.15384615384615385,obj382,fld5,0
0.1,0.2,0.125,0.1,0.075,0.075,0.225,0.1,8,0.225,6,0.02564102564102564,0.0,0.02564102564102564,0.02564102564102564,0.02564102564102564,0.0,0.0,0.0,0.0,0.05128205128205128,0.02564102564102564,0.0,0.0,0.05128205128205128,0.02564102564102564,0.05128205128205128,0.02564102564102564,0.02564102564102564,0.0,0.0,0.0,0.0,0.07692307692307693,0.0,0.0,0.02564102564102564,0.02564102564102564,0.0,0.02564102564102564,0.0,0.02564102564102564,0.0,0.0,0.0,0.0,0.05128205128205128,0.0,0.0,0.02564102564102564,0.0,0.02564102564102564,0.0,0.0,0.02564102564102564,0.0,0.02564102564102564,0.0,0.0,0.0,0.05128205128205128,0.02564102564102564,0.0,0.02564102564102564,0.0,0.07692307692307693,0.02564102564102564,0.02564102564102564,0.02564102564102564,0.02564102564102564,0.0,0.0,0.0,0.0,0.02564102564102564,0.02564102564102564,0.0,0.02564102564102564,0.02564102564102564,0.02564102564102564,0.0,0.0,0.0,0.0,0.05128205128205128,0.02564102564102564,0.0,0.0,0.05128205128205128,0.02564102564102564,0.05128205128205128,0.02564102564102564,0.02564102564102564,0.0,0.0,0.0,0.0,0.07692307692307693,0.0,0.0,0.02564102564102564,0.02564102564102564,0.0,0.02564102564102564,0.0,0.02564102564102564,0.0,0.0,0.0,0.0,0.05128205128205128,0.0,0.0,0.02564102564102564,0.0,0.02564102564102564,0.0,0.0,0.02564102564102564,0.0,0.02564102564102564,0.0,0.0,0.0,0.05128205128205128,0.02564102564102564,0.0,0.02564102564102564,0.0,0.07692307692307693,0.02564102564102564,0.02564102564102564,0.02564102564102564,0.02564102564102564,0.0,0.0,0.0,0.0,0.02564102564102564,2.8807095825937483,3.0,0.9602365275312494,0.20512820512820512,obj383,fld1,0
0.1,0.05,0.05,0.2,0.125,0.3,0.075,0.1,8,0.3,5,0.0,0.0,0.0,0.05128205128205128,0.0,0.02564102564102564,0.0,0.02564102564102564,0.0,0.0,0.02564102564102564,0.0,0.02564102564102564,0.0,0.0,0.0,0.02564102564102564,0.0,0.0,0.0,0.02564102564102564,0.0,0.0,0.0,0.0,0.05128205128205128,0.0,0.05128205128205128,0.02564102564102564,0.05128205128205128,0.0,0.02564102564102564,0.0,0.0,0.0,0.0,0.02564102564102564,0.07692307692307693,0.02564102564102564,0.0,0.07692307692307693,0.0,0.02564102564102564,0.05128205128205128,0.02564102564102564,0.05128205128205128,0.02564102564102564,0.05128205128205128,0.0,0.0,0.0,0.02564102564102564,0.0,0.02564102564102564,0.02564102564102564,0.0,0.0,0.0,0.0,0.02564102564102564,0.0,0.05128205128205128,0.0,0.0,0.0,0.0,0.0,0.05128205128205128,0.0,0.02564102564102564,0.0,0.02564102564102564,0.0,0.0,0.02564102564102564,0.0,0.02564102564102564,0.0,0.0,0.0,0.02564102564102564,0.0,0.0,0.0,0.02564102564102564,0.0,0.0,0.0,0.0,0.05128205128205128,0.0,0.05128205128205128,0.02564102564102564,0.05128205128205128,0.0,0.02564102564102564,0.0,0.0,0.0,0.0,0.02564102564102564,0.07692307692307693,0.02564102564102564,0.0,0.07692307692307693,0.0,0.02564102564102564,0.05128205128205128,0.02564102564102564,0.05128205128205128,0.02564102564102564,0.05128205128205128,0.0,0.0,0.0,0.02564102564102564,0.0,0.02564102564102564,0.02564102564102564,0.0,0.0,0.0,0.0,0.02564102564102564,0.0,0.05128205128205128,0.0,0.0,2.7373261452560085,3.0,0.9124420484186695,0.15384615384615385,obj384,fld1,0
0.075,0.125,0.025,0.15,0.225,0.125,0.175,0.1,8,0.225,4,0.0,0.0,0.0,0.0,0.02564102564102564,0.02564102564102564,0.0,0.02564102564102564,0.0,0.05128205128205128,0.0,0.02564102564102564,0.0,0.0,0.02564102564102564,0.02564102564102564,0.0,0.0,0.0,0.02564102564102564,0.0,0.0,0.0,0.0,0.0,0.05128205128205128,0.0,0.0,0.05128205128205128,0.0,0.05128205128205128,0.0,0.0,0.0,0.02564102564102564,0.02564102564102564,0.07692307692307693,0.0,0.07692307692307693,0.02564102564102564,0.02564102564102564,0.0,0.0,0.05128205128205128,0.05128205128205128,0.0,0.0,0.0,0.02564102564102564,0.0,0.0,0.02564102564102564,0.0,0.07692307692307693,0.02564102564102564,0.0,0.02564102564102564,0.02564102564102564,0.0,0.0,0.0,0.02564102564102564,0.0,0.02564102564102564,0.0,0.0,0.0,0.0,0.02564102564102564,0.02564102564102564,0.0,0.02564102564102564,0.0,0.05128205128205128,0.0,0.02564102564102564,0.0,0.0,0.02564102564102564,0.02564102564102564,0.0,0.0,0.0,0.02564102564102564,0.0,0.0,0.0,0.0,0.0,0.05128205128205128,0.0,0.0,0.05128205128205128,0.0,0.05128205128205128,0.0,0.0,0.0,0.02564102564102564,0.02564102564102564,0.07692307692307693,0.0,0.07692307692307693,0.02564102564102564,0.02564102564102564,0.0,0.0,0.05128205128205128,0.05128205128205128,0.0,0.0,0.0,0.02564102564102564,0.0,0.0,0.02564102564102564,0.0,0.07692307692307693,0.02564102564102564,0.0,0.02564102564102564,0.02564102564102564,0.0,0.0,0.0,0.02564102564102564,0.0,0.02564102564102564,2.83030927181866,3.0,0.9434364239395534,0.1794871794871795,obj385,fld2,0
0.15,0.15,0.125,0.1,0.125,0.1,0.15,0.1,8,0.15,6,0.05128205128205128,0.05128205128205128,0.02564102564102564,0.02564102564102564,0.0,0.0,0.0,0.0,0.02564102564102564,0.02564102564102564,0.02564102564102564,0.02564102564102564,0.05128205128205128,0.0,0.0,0.0,0.02564102564102564,0.0,0.0,0.02564102564102564,0.02564102564102564,0.02564102564102564,0.02564102564102564,0.0,0.0,0.0,0.0,0.02564102564102564,0.0,0.02564102564102564,0.05128205128205128,0.0,0.02564102564102564,0.02564102564102564,0.05128205128205128,0.0,0.0,0.0,0.02564102564102564,0.0,0.0,0.0,0.0,0.0,0.0,0.0,0.02564102564102564,0.05128205128205128,0.02564102564102564,0.0,0.02564102564102564,0.0,0.02564102564102564,0.02564102564102564,0.02564102564102564,0.02564102564102564,0.0,0.05128205128205128,0.0,0.0,0.0,0.02564102564102564,0.0,0.02564102564102564,0.05128205128205128,0.05128205128205128,0.02564102564102564,0.02564102564102564,0.0,0.0,0.0,0.0,0.02564102564102564,0.02564102564102564,0.02564102564102564,0.02564102564102564,0.05128205128205128,0.0,0.0,0.0,0.02564102564102564,0.0,0.0,0.02564102564102564,0.02564102564102564,0.02564102564102564,0.02564102564102564,0.0,0.0,0.0,0.0,0.02564102564102564,0.0,0.02564102564102564,0.05128205128205128,0.0,0.02564102564102564,0.02564102564102564,0.05128205128205128,0.0,0.0,0.0,0.02564102564102564,0.0,0.0,0.0,0.0,0.0,0.0,0.0,0.02564102564102564,0.05128205128205128,0.02564102564102564,0.0,0.02564102564102564,0.0,0.02564102564102564,0.02564102564102564,0.02564102564102564,0.02564102564102564,0.0,0.05128205128205128,0.0,0.0,0.0,0.02564102564102564,0.0,0.02564102564102564,2.978212945841001,3.0,0.9927376486136671,0.15384615384615385,obj386,fld3,0
0.15,0.125,0.15,0.05,0.075,0.225,0.1,0.125,8,0.225,5,0.0,0.05128205128205128,0.02564102564102564,0.0,0.02564102564102564,0.0,0.0,0.05128205128205128,0.02564102564102564,0.0,0.02564102564102564,0.0,0.0,0.05128205128205128,0.0,0.02564102564102564,0.0,0.02564102564102564,0.02564102564102564,0.0,0.0,0.02564102564102564,0.05128205128205128,0.02564102564102564,0.02564102564102564,0.0,0.0,0.0,0.02564102564102564,0.0,0.0,0.0,0.02564102564102564,0.02564102564102564,0.0,0.0,0.0,0.02564102564102564,0.0,0.0,0.02564102564102564,0.0,0.02564102564102564,0.02564102564102564,0.0,0.10256410256410256,0.02564102564102564,0.02564102564102564,0.05128205128205128,0.02564102564102564,0.0,0.0,0.0,0.0,0.0,0.0,0.0,0.0,0.02564102564102564,0.02564102564102564,0.02564102564102564,0.02564102564102564,0.02564102564102564,0.0,0.0,0.05128205128205128,0.02564102564102564,0.0,0.02564102564102564,0.0,0.0,0.05128205128205128,0.02564102564102564,0.0,0.02564102564102564,0.0,0.0,0.05128205128205128,0.0,0.02564102564102564,0.0,0.02564102564102564,0.02564102564102564,0.0,0.0,0.02564102564102564,0.05128205128205128,0.02564102564102564,0.02564102564102564,0.0,0.0,0.0,0.02564102564102564,0.0,0.0,0.0,0.02564102564102564,0.02564102564102564,0.0,0.0,0.0,0.02564102564102564,0.0,0.0,0.02564102564102564,0.0,0.02564102564102564,0.02564102564102564,0.0,0.10256410256410256,0.02564102564102564,0.02564102564102564,0.05128205128205128,0.02564102564102564,0.0,0.0,0.0,0.0,0.0,0.0,0.0,0.0,0.02564102564102564,0.02564102564102564,0.02564102564102564,0.02564102564102564,0.02564102564102564,0.0,2.883852008070568,3.0,0.9612840026901893,0.1282051282051282,obj387,fld4,0
0.075,0.15,0.1,0.175,0.125,0.1,0.075,0.2,8,0.2,7,0.0,0.02564102564102564,0.0,0.0,0.0,0.0,0.02564102564102564,0.02564102564102564,0.02564102564102564,0.02564102564102564,0.0,0.05128205128205128,0.0,0.0,0.0,0.05128205128205128,0.02564102564102564,0.0,0.02564102564102564,0.0,0.02564102564102564,0.02564102564102564,0.0,0.0,0.02564102564102564,0.02564102564102564,0.0,0.05128205128205128,0.0,0.02564102564102564,0.0,0.02564102564102564,0.0,0.0,0.0,0.02564102564102564,0.02564102564102564,0.0,0.02564102564102564,0.05128205128205128,0.0,0.0,0.02564102564102564,0.02564102564102564,0.0,0.0,0.0,0.05128205128205128,0.0,0.02564102564102564,0.02564102564102564,0.02564102564102564,0.0,0.0,0.0,0.0,0.0,0.05128205128205128,0.02564102564102564,0.0,0.05128205128205128,0.05128205128205128,0.02564102564102564,0.0,0.0,0.02564102564102564,0.0,0.0,0.0,0.0,0.02564102564102564,0.02564102564102564,0.02564102564102564,0.02564102564102564,0.0,0.05128205128205128,0.0,0.0,0.0,0.05128205128205128,0.02564102564102564,0.0,0.02564102564102564,0.0,0.02564102564102564,0.02564102564102564,0.0,0.0,0.02564102564102564,0.02564102564102564,0.0,0.05128205128205128,0.0,0.02564102564102564,0.0,0.02564102564102564,0.0,0.0,0.0,0.02564102564102564,0.02564102564102564,0.0,0.02564102564102564,0.05128205128205128,0.0,0.0,0.02564102564102564,0.02564102564102564,0.0,0.0,0.0,0.05128205128205128,0.0,0.02564102564102564,0.02564102564102564,0.02564102564102564,0.0,0.0,0.0,0.0,0.0,0.05128205128205128,0.02564102564102564,0.0,0.05128205128205128,0.05128205128205128,0.02564102564102564,0.0,2.914911221450015,3.0,0.9716370738166716,0.1282051282051282,obj388,fld4,0
0.05,0.1,0.225,0.075,0.125,0.1,0.125,0.2,8,0.225,2,0.0,0.0,0.02564102564102564,0.0,0.02564102564102564,0.0,0.0,0.0,0.0,0.02564102564102564,0.02564102564102564,0.0,0.0,0.02564102564102564,0.0,0.02564102564102564,0.02564102564102564,0.0,0.02564102564102564,0.02564102564102564,0.02564102564102564,0.0,0.05128205128205128,0.07692307692307693,0.0,0.0,0.02564102564102564,0.0,0.0,0.02564102564102564,0.0,0.02564102564102564,0.0,0.05128205128205128,0.02564102564102564,0.0,0.02564102564102564,0.02564102564102564,0.0,0.0,0.0,0.0,0.05128205128205128,0.0,0.02564102564102564,0.02564102564102564,0.0,0.0,0.0,0.0,0.0,0.05128205128205128,0.02564102564102564,0.0,0.02564102564102564,0.02564102564102564,0.02564102564102564,0.02564102564102564,0.02564102564102564,0.0,0.0,0.0,0.05128205128205128,0.05128205128205128,0.0,0.0,0.02564102564102564,0.0,0.02564102564102564,0.0,0.0,0.0,0.0,0.02564102564102564,0.02564102564102564,0.0,0.0,0.02564102564102564,0.0,0.02564102564102564,0.02564102564102564,0.0,0.02564102564102564,0.02564102564102564,0.02564102564102564,0.0,0.05128205128205128,0.07692307692307693,0.0,0.0,0.02564102564102564,0.0,0.0,0.02564102564102564,0.0,0.02564102564102564,0.0,0.05128205128205128,0.02564102564102564,0.0,0.02564102564102564,0.02564102564102564,0.0,0.0,0.0,0.0,0.05128205128205128,0.0,0.02564102564102564,0.02564102564102564,0.0,0.0,0.0,0.0,0.0,0.05128205128205128,0.02564102564102564,0.0,0.02564102564102564,0.02564102564102564,0.02564102564102564,0.02564102564102564,0.02564102564102564,0.0,0.0,0.0,0.05128205128205128,0.05128205128205128,2.8593407582869146,3.0,0.9531135860956382,0.1794871794871795,obj389,fld2,0
0.1,0.175,0.1,0.125,0.05,0.2,0.175,0.075,8,0.2,5,0.0,0.05128205128205128,0.0,0.02564102564102564,0.0,0.0,0.0,0.0,0.0,0.02564102564102564,0.02564102564102564,0.0,0.02564102564102564,0.05128205128205128,0.05128205128205128,0.0,0.05128205128205128,0.0,0.0,0.02564102564102564,0.0,0.0,0.02564102564102564,0.0,0.0,0.05128205128205128,0.02564102564102564,0.0,0.0,0.02564102564102564,0.0,0.02564102564102564,0.0,0.0,0.0,0.0,0.0,0.05128205128205128,0.0,0.0,0.02564102564102564,0.02564102564102564,0.0,0.05128205128205128,0.0,0.02564102564102564,0.05128205128205128,0.02564102564102564,0.0,0.02564102564102564,0.02564102564102564,0.0,0.02564102564102564,0.05128205128205128,0.05128205128205128,0.0,0.02564102564102564,0.0,0.0,0.02564102564102564,0.0,0.0,0.0,0.02564102564102564,0.0,0.05128205128205128,0.0,0.02564102564102564,0.0,0.0,0.0,0.0,0.0,0.02564102564102564,0.02564102564102564,0.0,0.02564102564102564,0.05128205128205128,0.05128205128205128,0.0,0.05128205128205128,0.0,0.0,0.02564102564102564,0.0,0.0,0.02564102564102564,0.0,0.0,0.05128205128205128,0.02564102564102564,0.0,0.0,0.02564102564102564,0.0,0.02564102564102564,0.0,0.0,0.0,0.0,0.0,0.05128205128205128,0.0,0.0,0.02564102564102564,0.02564102564102564,0.0,0.05128205128205128,0.0,0.02564102564102564,0.05128205128205128,0.02564102564102564,0.0,0.02564102564102564,0.02564102564102564,0.0,0.02564102564102564,0.05128205128205128,0.05128205128205128,0.0,0.02564102564102564,0.0,0.0,0.02564102564102564,0.0,0.0,0.0,0.02564102564102564,2.8802406727521936,3.0,0.9600802242507313,0.1282051282051282,obj390,fld4,0
0.125,0.15,0.125,0.1,0.2,0.1,0.075,0.125,8,0.2,4,0.0,0.02564102564102564,0.0,0.05128205128205128,0.0,0.0,0.02564102564102564,0.02564102564102564,0.0,0.0,0.0,0.05128205128205128,0.05128205128205128,0.02564102564102564,0.02564102564102564,0.0,0.05128205128205128,0.02564102564102564,0.0,0.0,0.05128205128205128,0.0,0.0,0.0,0.0,0.0,0.0,0.0,0.07692307692307693,0.0,0.0,0.0,0.02564102564102564,0.02564102564102564,0.07692307692307693,0.0,0.0,0.05128205128205128,0.02564102564102564,0.0,0.02564102564102564,0.02564102564102564,0.02564102564102564,0.0,0.0,0.0,0.0,0.02564102564102564,0.0,0.02564102564102564,0.0,0.0,0.0,0.0,0.0,0.05128205128205128,0.0,0.02564102564102564,0.02564102564102564,0.0,0.02564102564102564,0.02564102564102564,0.0,0.02564102564102564,0.0,0.02564102564102564,0.0,0.05128205128205128,0.0,0.0,0.02564102564102564,0.02564102564102564,0.0,0.0,0.0,0.05128205128205128,0.05128205128205128,0.02564102564102564,0.02564102564102564,0.0,0.05128205128205128,0.02564102564102564,0.0,0.0,0.05128205128205128,0.0,0.0,0.0,0.0,0.0,0.0,0.0,0.07692307692307693,0.0,0.0,0.0,0.02564102564102564,0.02564102564102564,0.07692307692307693,0.0,0.0,0.05128205128205128,0.02564102564102564,0.0,0.02564102564102564,0.02564102564102564,0.02564102564102564,0.0,0.0,0.0,0.0,0.02564102564102564,0.0,0.02564102564102564,0.0,0.0,0.0,0.0,0.0,0.05128205128205128,0.0,0.02564102564102564,0.02564102564102564,0.0,0.02564102564102564,0.02564102564102564,0.0,0.02564102564102564,2.944588496642341,3.0,0.9815294988807803,0.02564102564102564,obj391,fld5,0
0.15,0.05,0.15,0.15,0.175,0.1,0.1,0.125,8,0.175,4,0.05128205128205128,0.0,0.02564102564102564,0.0,0.0,0.0,0.02564102564102564,0.02564102564102564,0.0,0.0,0.0,0.0,0.05128205128205128,0.0,0.0,0.0,0.0,0.02564102564102564,0.02564102564102564,0.05128205128205128,0.0,0.02564102564102564,0.02564102564102564,0.0,0.0,0.0,0.0,0.05128205128205128,0.05128205128205128,0.0,0.02564102564102564,0.02564102564102564,0.02564102564102564,0.02564102564102564,0.02564102564102564,0.0,0.02564102564102564,0.02564102564102564,0.0,0.05128205128205128,0.02564102564102564,0.0,0.02564102564102564,0.02564102564102564,0.0,0.0,0.0,0.02564102564102564,0.05128205128205128,0.0,0.02564102564102564,0.0,0.02564102564102564,0.0,0.0,0.0,0.0,0.0,0.02564102564102564,0.02564102564102564,0.02564102564102564,0.02564102564102564,0.02564102564102564,0.0,0.05128205128205128,0.0,0.02564102564102564,0.0,0.0,0.0,0.02564102564102564,0.02564102564102564,0.0,0.0,0.0,0.0,0.05128205128205128,0.0,0.0,0.0,0.0,0.02564102564102564,0.02564102564102564,0.05128205128205128,0.0,0.02564102564102564,0.02564102564102564,0.0,0.0,0.0,0.0,0.05128205128205128,0.05128205128205128,0.0,0.02564102564102564,0.02564102564102564,0.02564102564102564,0.02564102564102564,0.02564102564102564,0.0,0.02564102564102564,0.02564102564102564,0.0,0.05128205128205128,0.02564102564102564,0.0,0.02564102564102564,0.02564102564102564,0.0,0.0,0.0,0.02564102564102564,0.05128205128205128,0.0,0.02564102564102564,0.0,0.02564102564102564,0.0,0.0,0.0,0.0,0.0,0.02564102564102564,0.02564102564102564,0.02564102564102564,0.02564102564102564,0.02564102564102564,0.0,2.9271668463418408,3.0,0.975722282113947,0.15384615384615385,obj392,fld1,1
0.15,0.1,0.175,0.1,0.125,0.15,0.1,0.1,8,0.175,2,0.0,0.02564102564102564,0.02564102564102564,0.02564102564102564,0.0,0.05128205128205128,0.0,0.02564102564102564,0.02564102564102564,0.0,0.02564102564102564,0.0,0.0,0.02564102564102564,0.02564102564102564,0.0,0.02564102564102564,0.05128205128205128,0.0,0.0,0.02564102564102564,0.02564102564102564,0.0,0.02564102564102564,0.02564102564102564,0.0,0.05128205128205128,0.0,0.0,0.0,0.02564102564102564,0.0,0.05128205128205128,0.0,0.02564102564102564,0.0,0.02564102564102564,0.0,0.0,0.02564102564102564,0.0,0.0,0.02564102564102564,0.05128205128205128,0.05128205128205128,0.02564102564102564,0.0,0.0,0.0,0.02564102564102564,0.02564102564102564,0.0,0.02564102564102564,0.0,0.0,0.02564102564102564,0.02564102564102564,0.0,0.0,0.02564102564102564,0.0,0.02564102564102564,0.02564102564102564,0.0,0.0,0.02564102564102564,0.02564102564102564,0.02564102564102564,0.0,0.05128205128205128,0.0,0.02564102564102564,0.02564102564102564,0.0,0.02564102564102564,0.0,0.0,0.02564102564102564,0.02564102564102564,0.0,0.02564102564102564,0.05128205128205128,0.0,0.0,0.02564102564102564,0.02564102564102564,0.0,0.02564102564102564,0.02564102564102564,0.0,0.05128205128205128,0.0,0.0,0.0,0.02564102564102564,0.0,0.05128205128205128,0.0,0.02564102564102564,0.0,0.02564102564102564,0.0,0.0,0.02564102564102564,0.0,0.0,0.02564102564102564,0.05128205128205128,0.05128205128205128,0.02564102564102564,0.0,0.0,0.0,0.02564102564102564,0.02564102564102564,0.0,0.02564102564102564,0.0,0.0,0.02564102564102564,0.02564102564102564,0.0,0.0,0.02564102564102564,0.0,0.02564102564102564,0.02564102564102564,0.0,2.964911221450014,3.0,0.988303740483338,0.05128205128205128,obj393,fld1,0
0.1,0.05,0.075,0.075,0.175,0.25,0.05,0.225,8,0.25,5,0.02564102564102564,0.0,0.02564102564102564,0.02564102564102564,0.0,0.02564102564102564,0.0,0.0,0.0,0.0,0.0,0.0,0.0,0.02564102564102564,0.0,0.02564102564102564,0.02564102564102564,0.0,0.0,0.0,0.02564102564102564,0.0,0.0,0.02564102564102564,0.0,0.02564102564102564,0.0,0.0,0.02564102564102564,0.0,0.0,0.02564102564102564,0.0,0.02564102564102564,0.0,0.02564102564102564,0.0,0.10256410256410256,0.0,0.02564102564102564,0.05128205128205128,0.0,0.02564102564102564,0.02564102564102564,0.02564102564102564,0.05128205128205128,0.02564102564102564,0.05128205128205128,0.0,0.0,0.0,0.0,0.02564102564102564,0.0,0.0,0.02564102564102564,0.0,0.0,0.02564102564102564,0.0,0.05128205128205128,0.05128205128205128,0.02564102564102564,0.05128205128205128,0.02564102564102564,0.0,0.02564102564102564,0.02564102564102564,0.0,0.02564102564102564,0.0,0.0,0.0,0.0,0.0,0.0,0.0,0.02564102564102564,0.0,0.02564102564102564,0.02564102564102564,0.0,0.0,0.0,0.02564102564102564,0.0,0.0,0.02564102564102564,0.0,0.02564102564102564,0.0,0.0,0.02564102564102564,0.0,0.0,0.02564102564102564,0.0,0.02564102564102564,0.0,0.02564102564102564,0.0,0.10256410256410256,0.0,0.02564102564102564,0.05128205128205128,0.0,0.02564102564102564,0.02564102564102564,0.02564102564102564,0.05128205128205128,0.02564102564102564,0.05128205128205128,0.0,0.0,0.0,0.0,0.02564102564102564,0.0,0.0,0.02564102564102564,0.0,0.0,0.02564102564102564,0.0,0.05128205128205128,0.05128205128205128,0.02564102564102564,0.05128205128205128,2.749181459372747,3.0,0.9163938197909157,0.1282051282051282,obj394,fld5,1
0.125,0.125,0.125,0.175,0.125,0.1,0.125,0.1,8,0.175,3,0.0,0.02564102564102564,0.05128205128205128,0.0,0.0,0.02564102564102564,0.0,0.02564102564102564,0.02564102564102564,0.0,0.02564102564102564,0.0,0.05128205128205128,0.0,0.0,0.02564102564102564,0.0,0.02564102564102564,0.0,0.02564102564102564,0.0,0.05128205128205128,0.02564102564102564,0.0,0.05128205128205128,0.0,0.0,0.02564102564102564,0.0,0.0,0.07692307692307693,0.02564102564102564,0.05128205128205128,0.02564102564102564,0.02564102564102564,0.0,0.02564102564102564,0.0,0.0,0.0,0.0,0.02564102564102564,0.0,0.07692307692307693,0.0,0.0,0.0,0.0,0.0,0.02564102564102564,0.02564102564102564,0.0,0.05128205128205128,0.0,0.02564102564102564,0.0,0.0,0.0,0.0,0.05128205128205128,0.0,0.0,0.0,0.02564102564102564,0.0,0.02564102564102564,0.05128205128205128,0.0,0.0,0.02564102564102564,0.0,0.02564102564102564,0.02564102564102564,0.0,0.02564102564102564,0.0,0.05128205128205128,0.0,0.0,0.02564102564102564,0.0,0.02564102564102564,0.0,0.02564102564102564,0.0,0.05128205128205128,0.02564102564102564,0.0,0.05128205128205128,0.0,0.0,0.02564102564102564,0.0,0.0,0.07692307692307693,0.02564102564102564,0.05128205128205128,0.02564102564102564,0.02564102564102564,0.0,0.02564102564102564,0.0,0.0,0.0,0.0,0.02564102564102564,0.0,0.07692307692307693,0.0,0.0,0.0,0.0,0.0,0.02564102564102564,0.02564102564102564,0.0,0.05128205128205128,0.0,0.02564102564102564,0.0,0.0,0.0,0.0,0.05128205128205128,0.0,0.0,0.0,0.02564102564102564,2.9794359242226798,3.0,0.9931453080742266,0.10256410256410256,obj395,fld2,1
0.15,0.05,0.1,0.15,0.125,0.175,0.15,0.1,8,0.175,5,0.05128205128205128,0.0,0.0,0.05128205128205128,0.02564102564102564,0.0,0.02564102564102564,0.0,0.0,0.0,0.0,0.02564102564102564,0.0,0.0,0.02564102564102564,0.0,0.02564102564102564,0.0,0.02564102564102564,0.0,0.05128205128205128,0.0,0.0,0.0,0.0,0.05128205128205128,0.0,0.0,0.02564102564102564,0.05128205128205128,0.02564102564102564,0.0,0.0,0.0,0.0,0.02564102564102564,0.0,0.05128205128205128,0.02564102564102564,0.0,0.02564102564102564,0.0,0.02564102564102564,0.02564102564102564,0.0,0.02564102564102564,0.05128205128205128,0.02564102564102564,0.05128205128205128,0.0,0.02564102564102564,0.02564102564102564,0.0,0.02564102564102564,0.0,0.02564102564102564,0.0,0.0,0.02564102564102564,0.0,0.0,0.02564102564102564,0.0,0.05128205128205128,0.05128205128205128,0.0,0.0,0.05128205128205128,0.02564102564102564,0.0,0.02564102564102564,0.0,0.0,0.0,0.0,0.02564102564102564,0.0,0.0,0.02564102564102564,0.0,0.02564102564102564,0.0,0.02564102564102564,0.0,0.05128205128205128,0.0,0.0,0.0,0.0,0.05128205128205128,0.0,0.0,0.02564102564102564,0.05128205128205128,0.02564102564102564,0.0,0.0,0.0,0.0,0.02564102564102564,0.0,0.05128205128205128,0.02564102564102564,0.0,0.02564102564102564,0.0,0.02564102564102564,0.02564102564102564,0.0,0.02564102564102564,0.05128205128205128,0.02564102564102564,0.05128205128205128,0.0,0.02564102564102564,0.02564102564102564,0.0,0.02564102564102564,0.0,0.02564102564102564,0.0,0.0,0.02564102564102564,0.0,0.0,0.02564102564102564,0.0,0.05128205128205128,2.9271668463418408,3.0,0.975722282113947,0.15384615384615385,obj396,fld2,0
0.2,0.175,0.125,0.075,0.1,0.05,0.175,0.1,8,0.2,0,0.07692307692307693,0.02564102564102564,0.0,0.0,0.0,0.0,0.07692307692307693,0.02564102564102564,0.02564102564102564,0.0,0.02564102564102564,0.02564102564102564,0.02564102564102564,0.0,0.02564102564102564,0.02564102564102564,0.05128205128205128,0.0,0.02564102564102564,0.02564102564102564,0.02564102564102564,0.0,0.0,0.0,0.0,0.02564102564102564,0.0,0.0,0.02564102564102564,0.02564102564102564,0.0,0.0,0.02564102564102564,0.0,0.02564102564102564,0.02564102564102564,0.02564102564102564,0.0,0.0,0.0,0.0,0.0,0.02564102564102564,0.0,0.0,0.0,0.02564102564102564,0.0,0.02564102564102564,0.05128205128205128,0.02564102564102564,0.0,0.0,0.0,0.05128205128205128,0.02564102564102564,0.0,0.05128205128205128,0.0,0.0,0.0,0.02564102564102564,0.0,0.02564102564102564,0.07692307692307693,0.02564102564102564,0.0,0.0,0.0,0.0,0.07692307692307693,0.02564102564102564,0.02564102564102564,0.0,0.02564102564102564,0.02564102564102564,0.02564102564102564,0.0,0.02564102564102564,0.02564102564102564,0.05128205128205128,0.0,0.02564102564102564,0.02564102564102564,0.02564102564102564,0.0,0.0,0.0,0.0,0.02564102564102564,0.0,0.0,0.02564102564102564,0.02564102564102564,0.0,0.0,0.02564102564102564,0.0,0.02564102564102564,0.02564102564102564,0.02564102564102564,0.0,0.0,0.0,0.0,0.0,0.02564102564102564,0.0,0.0,0.0,0.02564102564102564,0.0,0.02564102564102564,0.05128205128205128,0.02564102564102564,0.0,0.0,0.0,0.05128205128205128,0.02564102564102564,0.0,0.05128205128205128,0.0,0.0,0.0,0.02564102564102564,0.0,0.02564102564102564,2.8802406727521936,3.0,0.9600802242507313,0.20512820512820512,obj397,fld2,1
0.3,0.125,0.075,0.05,0.15,0.1,0.1,0.1,8,0.3,0,0.10256410256410256,0.05128205128205128,0.02564102564102564,0.0,0.02564102564102564,0.02564102564102564,0.05128205128205128,0.02564102564102564,0.05128205128205128,0.02564102564102564,0.0,0.0,0.0,0.02564102564102564,0.0,0.02564102564102564,0.02564102564102564,0.0,0.0,0.02564102564102564,0.0,0.0,0.02564102564102564,0.0,0.0,0.0,0.0,0.0,0.02564102564102564,0.0,0.0,0.02564102564102564,0.05128205128205128,0.0,0.02564102564102564,0.0,0.02564102564102564,0.02564102564102564,0.0,0.0,0.02564102564102564,0.0,0.0,0.0,0.05128205128205128,0.0,0.0,0.02564102564102564,0.0,0.0,0.0,0.02564102564102564,0.02564102564102564,0.02564102564102564,0.02564102564102564,0.0,0.02564102564102564,0.05128205128205128,0.02564102564102564,0.0,0.0,0.0,0.0,0.0,0.10256410256410256,0.05128205128205128,0.02564102564102564,0.0,0.02564102564102564,0.02564102564102564,0.05128205128205128,0.02564102564102564,0.05128205128205128,0.02564102564102564,0.0,0.0,0.0,0.02564102564102564,0.0,0.02564102564102564,0.02564102564102564,0.0,0.0,0.02564102564102564,0.0,0.0,0.02564102564102564,0.0,0.0,0.0,0.0,0.0,0.02564102564102564,0.0,0.0,0.02564102564102564,0.05128205128205128,0.0,0.02564102564102564,0.0,0.02564102564102564,0.02564102564102564,0.0,0.0,0.02564102564102564,0.0,0.0,0.0,0.05128205128205128,0.0,0.0,0.02564102564102564,0.0,0.0,0.0,0.02564102564102564,0.02564102564102564,0.02564102564102564,0.02564102564102564,0.0,0.02564102564102564,0.05128205128205128,0.02564102564102564,0.0,0.0,0.0,0.0,0.0,2.7995817701478347,3.0,0.9331939233826115,0.1794871794871795,obj398,fld2,1
0.125,0.125,0.125,0.075,0.125,0.175,0.125,0.125,8,0.175,5,0.05128205128205128,0.0,0.02564102564102564,0.0,0.0,0.02564102564102564,0.0,0.0,0.0,0.0,0.02564102564102564,0.02564102564102564,0.0,0.05128205128205128,0.02564102564102564,0.0,0.0,0.02564102564102564,0.0,0.0,0.05128205128205128,0.05128205128205128,0.0,0.0,0.0,0.02564102564102564,0.0,0.0,0.0,0.0,0.0,0.05128205128205128,0.05128205128205128,0.0,0.05128205128205128,0.0,0.0,0.0,0.02564102564102564,0.0,0.02564102564102564,0.02564102564102564,0.0,0.0,0.0,0.02564102564102564,0.07692307692307693,0.02564102564102564,0.0,0.0,0.0,0.05128205128205128,0.0,0.02564102564102564,0.0,0.05128205128205128,0.0,0.05128205128205128,0.02564102564102564,0.0,0.05128205128205128,0.0,0.0,0.0,0.05128205128205128,0.0,0.02564102564102564,0.0,0.0,0.02564102564102564,0.0,0.0,0.0,0.0,0.02564102564102564,0.02564102564102564,0.0,0.05128205128205128,0.02564102564102564,0.0,0.0,0.02564102564102564,0.0,0.0,0.05128205128205128,0.05128205128205128,0.0,0.0,0.0,0.02564102564102564,0.0,0.0,0.0,0.0,0.0,0.05128205128205128,0.05128205128205128,0.0,0.05128205128205128,0.0,0.0,0.0,0.02564102564102564,0.0,0.02564102564102564,0.02564102564102564,0.0,0.0,0.0,0.02564102564102564,0.07692307692307693,0.02564102564102564,0.0,0.0,0.0,0.05128205128205128,0.0,0.02564102564102564,0.0,0.05128205128205128,0.0,0.05128205128205128,0.02564102564102564,0.0,0.05128205128205128,0.0,0.0,0.0,2.970322724807673,3.0,0.990107574935891,0.07692307692307693,obj399,fld4,0
0.125,0.075,0.175,0.125,0.1,0.1,0.15,0.15,8,0.175,2,0.0,0.0,0.0,0.02564102564102564,0.0,0.02564102564102564,0.05128205128205128,0.02564102564102564,0.0,0.0,0.0,0.0,0.0,0.0,0.02564102564102564,0.05128205128205128,0.07692307692307693,0.05128205128205128,0.0,0.02564102564102564,0.0,0.02564102564102564,0.0,0.0,0.0,0.0,0.02564102564102564,0.07692307692307693,0.02564102564102564,0.0,0.0,0.0,0.0,0.0,0.02564102564102564,0.0,0.07692307692307693,0.0,0.0,0.0,0.0,0.0,0.02564102564102564,0.0,0.0,0.02564102564102564,0.02564102564102564,0.02564102564102564,0.02564102564102564,0.0,0.02564102564102564,0.0,0.0,0.0,0.05128205128205128,0.02564102564102564,0.02564102564102564,0.02564102564102564,0.05128205128205128,0.0,0.0,0.02564102564102564,0.0,0.02564102564102564,0.0,0.0,0.0,0.02564102564102564,0.0,0.02564102564102564,0.05128205128205128,0.02564102564102564,0.0,0.0,0.0,0.0,0.0,0.0,0.02564102564102564,0.05128205128205128,0.07692307692307693,0.05128205128205128,0.0,0.02564102564102564,0.0,0.02564102564102564,0.0,0.0,0.0,0.0,0.02564102564102564,0.07692307692307693,0.02564102564102564,0.0,0.0,0.0,0.0,0.0,0.02564102564102564,0.0,0.07692307692307693,0.0,0.0,0.0,0.0,0.0,0.02564102564102564,0.0,0.0,0.02564102564102564,0.02564102564102564,0.02564102564102564,0.02564102564102564,0.0,0.02564102564102564,0.0,0.0,0.0,0.05128205128205128,0.02564102564102564,0.02564102564102564,0.02564102564102564,0.05128205128205128,0.0,0.0,0.02564102564102564,0.0,0.02564102564102564,2.9557980220350073,3.0,0.9852660073450025,0.2564102564102564,obj400,fld2,0
0.05,0.075,0.1,0.25,0.15,0.225,0.05,0.1,8,0.25,3,0.0,0.0,0.02564102564102564,0.02564102564102564,0.0,0.0,0.0,0.0,0.0,0.0,0.0,0.02564102564102564,0.02564102564102564,0.02564102564102564,0.0,0.0,0.0,0.0,0.0,0.0,0.02564102564102564,0.05128205128205128,0.0,0.02564102564102564,0.0,0.02564102564102564,0.02564102564102564,0.07692307692307693,0.02564102564102564,0.05128205128205128,0.0,0.05128205128205128,0.0,0.0,0.0,0.10256410256410256,0.02564102564102564,0.0,0.02564102564102564,0.0,0.02564102564102564,0.0,0.05128205128205128,0.0,0.02564102564102564,0.05128205128205128,0.02564102564102564,0.02564102564102564,0.0,0.02564102564102564,0.0,0.0,0.0,0.02564102564102564,0.0,0.0,0.02564102564102564,0.02564102564102564,0.0,0.0,0.02564102564102564,0.02564102564102564,0.0,0.0,0.0,0.0,0.02564102564102564,0.02564102564102564,0.0,0.0,0.0,0.0,0.0,0.0,0.0,0.02564102564102564,0.02564102564102564,0.02564102564102564,0.0,0.0,0.0,0.0,0.0,0.0,0.02564102564102564,0.05128205128205128,0.0,0.02564102564102564,0.0,0.02564102564102564,0.02564102564102564,0.07692307692307693,0.02564102564102564,0.05128205128205128,0.0,0.05128205128205128,0.0,0.0,0.0,0.10256410256410256,0.02564102564102564,0.0,0.02564102564102564,0.0,0.02564102564102564,0.0,0.05128205128205128,0.0,0.02564102564102564,0.05128205128205128,0.02564102564102564,0.02564102564102564,0.0,0.02564102564102564,0.0,0.0,0.0,0.02564102564102564,0.0,0.0,0.02564102564102564,0.02564102564102564,0.0,0.0,0.02564102564102564,0.02564102564102564,0.0,0.0,2.771596383178741,3.0,0.9238654610595803,0.15384615384615385,obj401,fld2,1
0.075,0.075,0.175,0.1,0.225,0.05,0.1,0.2,8,0.225,4,0.0,0.0,0.02564102564102564,0.02564102564102564,0.02564102564102564,0.0,0.0,0.0,0.02564102564102564,0.0,0.02564102564102564,0.02564102564102564,0.0,0.0,0.0,0.0,0.0,0.0,0.05128205128205128,0.0,0.07692307692307693,0.0,0.05128205128205128,0.0,0.02564102564102564,0.0,0.0,0.0,0.02564102564102564,0.0,0.0,0.05128205128205128,0.0,0.02564102564102564,0.0,0.0,0.07692307692307693,0.02564102564102564,0.05128205128205128,0.05128205128205128,0.0,0.02564102564102564,0.02564102564102564,0.0,0.0,0.0,0.0,0.0,0.0,0.0,0.0,0.0,0.02564102564102564,0.0,0.0,0.07692307692307693,0.02564102564102564,0.02564102564102564,0.02564102564102564,0.05128205128205128,0.0,0.02564102564102564,0.0,0.02564102564102564,0.0,0.0,0.02564102564102564,0.02564102564102564,0.02564102564102564,0.0,0.0,0.0,0.02564102564102564,0.0,0.02564102564102564,0.02564102564102564,0.0,0.0,0.0,0.0,0.0,0.0,0.05128205128205128,0.0,0.07692307692307693,0.0,0.05128205128205128,0.0,0.02564102564102564,0.0,0.0,0.0,0.02564102564102564,0.0,0.0,0.05128205128205128,0.0,0.02564102564102564,0.0,0.0,0.07692307692307693,0.02564102564102564,0.05128205128205128,0.05128205128205128,0.0,0.02564102564102564,0.02564102564102564,0.0,0.0,0.0,0.0,0.0,0.0,0.0,0.0,0.0,0.02564102564102564,0.0,0.0,0.07692307692307693,0.02564102564102564,0.02564102564102564,0.02564102564102564,0.05128205128205128,0.0,0.02564102564102564,0.0,0.02564102564102564,2.8296634830945875,3.0,0.9432211610315292,0.15384615384615385,obj402,fld3,1
0.1,0.075,0.15,0.25,0.075,0.1,0.2,0.05,8,0.25,3,0.0,0.0,0.02564102564102564,0.05128205128205128,0.0,0.0,0.02564102564102564,0.0,0.02564102564102564,0.0,0.0,0.02564102564102564,0.0,0.02564102564102564,0.0,0.0,0.02564102564102564,0.0,0.02564102564102564,0.05128205128205128,0.02564102564102564,0.0,0.02564102564102564,0.0,0.0,0.02564102564102564,0.02564102564102564,0.02564102564102564,0.05128205128205128,0.02564102564102564,0.07692307692307693,0.02564102564102564,0.02564102564102564,0.02564102564102564,0.0,0.0,0.0,0.02564102564102564,0.0,0.0,0.0,0.02564102564102564,0.02564102564102564,0.0,0.0,0.02564102564102564,0.0,0.02564102564102564,0.02564102564102564,0.0,0.05128205128205128,0.02564102564102564,0.0,0.0,0.07692307692307693,0.0,0.0,0.0,0.0,0.05128205128205128,0.0,0.0,0.0,0.0,0.0,0.0,0.02564102564102564,0.05128205128205128,0.0,0.0,0.02564102564102564,0.0,0.02564102564102564,0.0,0.0,0.02564102564102564,0.0,0.02564102564102564,0.0,0.0,0.02564102564102564,0.0,0.02564102564102564,0.05128205128205128,0.02564102564102564,0.0,0.02564102564102564,0.0,0.0,0.02564102564102564,0.02564102564102564,0.02564102564102564,0.05128205128205128,0.02564102564102564,0.07692307692307693,0.02564102564102564,0.02564102564102564,0.02564102564102564,0.0,0.0,0.0,0.02564102564102564,0.0,0.0,0.0,0.02564102564102564,0.02564102564102564,0.0,0.0,0.02564102564102564,0.0,0.02564102564102564,0.02564102564102564,0.0,0.05128205128205128,0.02564102564102564,0.0,0.0,0.07692307692307693,0.0,0.0,0.0,0.0,0.05128205128205128,0.0,0.0,0.0,0.0,2.8159573209491744,3.0,0.9386524403163915,0.15384615384615385,obj403,fld5,1
0.175,0.025,0.15,0.175,0.15,0.175,0.1,0.05,8,0.175,0,0.02564102564102564,0.02564102564102564,0.02564102564102564,0.02564102564102564,0.02564102564102564,0.02564102564102564,0.0,0.0,0.0,0.0,0.0,0.0,0.0,0.0,0.0,0.02564102564102564,0.0,0.0,0.02564102564102564,0.02564102564102564,0.02564102564102564,0.05128205128205128,0.02564102564102564,0.0,0.05128205128205128,0.0,0.02564102564102564,0.05128205128205128,0.02564102564102564,0.02564102564102564,0.0,0.0,0.02564102564102564,0.0,0.0,0.02564102564102564,0.02564102564102564,0.0,0.05128205128205128,0.02564102564102564,0.05128205128205128,0.0,0.02564102564102564,0.0,0.02564102564102564,0.05128205128205128,0.02564102564102564,0.0,0.0,0.0,0.02564102564102564,0.02564102564102564,0.02564102564102564,0.02564102564102564,0.0,0.0,0.0,0.0,0.02564102564102564,0.02564102564102564,0.0,0.0,0.0,0.0,0.02564102564102564,0.02564102564102564,0.02564102564102564,0.02564102564102564,0.02564102564102564,0.02564102564102564,0.0,0.0,0.0,0.0,0.0,0.0,0.0,0.0,0.0,0.02564102564102564,0.0,0.0,0.02564102564102564,0.02564102564102564,0.02564102564102564,0.05128205128205128,0.02564102564102564,0.0,0.05128205128205128,0.0,0.02564102564102564,0.05128205128205128,0.02564102564102564,0.02564102564102564,0.0,0.0,0.02564102564102564,0.0,0.0,0.02564102564102564,0.02564102564102564,0.0,0.05128205128205128,0.02564102564102564,0.05128205128205128,0.0,0.02564102564102564,0.0,0.02564102564102564,0.05128205128205128,0.02564102564102564,0.0,0.0,0.0,0.02564102564102564,0.02564102564102564,0.02564102564102564,0.02564102564102564,0.0,0.0,0.0,0.0,0.02564102564102564,0.02564102564102564,0.0,0.0,0.0,0.0,2.8225780105907727,3.0,0.9408593368635909,0.1794871794871795,obj404,fld1,0
0.175,0.15,0.075,0.125,0.1,0.125,0.25,0.0,7,0.25,6,0.05128205128205128,0.05128205128205128,0.0,0.02564102564102564,0.0,0.0,0.05128205128205128,0.0,0.0,0.02564102564102564,0.02564102564102564,0.02564102564102564,0.02564102564102564,0.0,0.05128205128205128,0.0,0.0,0.02564102564102564,0.0,0.02564102564102564,0.02564102564102564,0.0,0.0,0.0,0.0,0.02564102564102564,0.02564102564102564,0.0,0.0,0.05128205128205128,0.02564102564102564,0.0,0.05128205128205128,0.0,0.0,0.0,0.0,0.0,0.05128205128205128,0.0,0.05128205128205128,0.0,0.0,0.02564102564102564,0.02564102564102564,0.0,0.02564102564102564,0.0,0.02564102564102564,0.02564102564102564,0.02564102564102564,0.0,0.02564102564102564,0.07692307692307693,0.05128205128205128,0.0,0.0,0.0,0.0,0.0,0.0,0.0,0.0,0.0,0.05128205128205128,0.05128205128205128,0.0,0.02564102564102564,0.0,0.0,0.05128205128205128,0.0,0.0,0.02564102564102564,0.02564102564102564,0.02564102564102564,0.02564102564102564,0.0,0.05128205128205128,0.0,0.0,0.02564102564102564,0.0,0.02564102564102564,0.02564102564102564,0.0,0.0,0.0,0.0,0.02564102564102564,0.02564102564102564,0.0,0.0,0.05128205128205128,0.02564102564102564,0.0,0.05128205128205128,0.0,0.0,0.0,0.0,0.0,0.05128205128205128,0.0,0.05128205128205128,0.0,0.0,0.02564102564102564,0.02564102564102564,0.0,0.02564102564102564,0.0,0.02564102564102564,0.02564102564102564,0.02564102564102564,0.0,0.02564102564102564,0.07692307692307693,0.05128205128205128,0.0,0.0,0.0,0.0,0.0,0.0,0.0,0.0,0.0,2.7130603734213397,2.807354922057604,0.9043534578071132,0.1282051282051282,obj405,fld3,0
0.05,0.125,0.125,0.05,0.2,0.15,0.175,0.125,8,0.2,4,0.0,0.0,0.0,0.0,0.05128205128205128,0.0,0.0,0.0,0.0,0.02564102564102564,0.02564102564102564,0.02564102564102564,0.0,0.02564102564102564,0.0,0.0,0.0,0.0,0.0,0.0,0.05128205128205128,0.02564102564102564,0.02564102564102564,0.02564102564102564,0.0,0.02564102564102564,0.0,0.0,0.0,0.0,0.02564102564102564,0.0,0.02564102564102564,0.02564102564102564,0.05128205128205128,0.02564102564102564,0.0,0.02564102564102564,0.02564102564102564,0.02564102564102564,0.0,0.02564102564102564,0.0,0.0,0.05128205128205128,0.0,0.02564102564102564,0.05128205128205128,0.0,0.02564102564102564,0.02564102564102564,0.0,0.02564102564102564,0.05128205128205128,0.05128205128205128,0.0,0.02564102564102564,0.0,0.02564102564102564,0.0,0.02564102564102564,0.02564102564102564,0.02564102564102564,0.0,0.0,0.0,0.0,0.0,0.05128205128205128,0.0,0.0,0.0,0.0,0.02564102564102564,0.02564102564102564,0.02564102564102564,0.0,0.02564102564102564,0.0,0.0,0.0,0.0,0.0,0.0,0.05128205128205128,0.02564102564102564,0.02564102564102564,0.02564102564102564,0.0,0.02564102564102564,0.0,0.0,0.0,0.0,0.02564102564102564,0.0,0.02564102564102564,0.02564102564102564,0.05128205128205128,0.02564102564102564,0.0,0.02564102564102564,0.02564102564102564,0.02564102564102564,0.0,0.02564102564102564,0.0,0.0,0.05128205128205128,0.0,0.02564102564102564,0.05128205128205128,0.0,0.02564102564102564,0.02564102564102564,0.0,0.02564102564102564,0.05128205128205128,0.05128205128205128,0.0,0.02564102564102564,0.0,0.02564102564102564,0.0,0.02564102564102564,0.02564102564102564,0.02564102564102564,0.0,2.8721735728363473,3.0,0.9573911909454491,0.07692307692307693,obj406,fld3,1
0.125,0.025,0.225,0.1,0.1,0.125,0.2,0.1,8,0.225,2,0.0,0.0,0.0,0.02564102564102564,0.05128205128205128,0.0,0.02564102564102564,0.02564102564102564,0.0,0.0,0.0,0.0,0.02564102564102564,0.0,0.0,0.0,0.05128205128205128,0.0,0.02564102564102564,0.0,0.0,0.02564102564102564,0.10256410256410256,0.0,0.0,0.0,0.05128205128205128,0.02564102564102564,0.02564102564102564,0.0,0.0,0.0,0.02564102564102564,0.0,0.05128205128205128,0.0,0.0,0.0,0.02564102564102564,0.0,0.0,0.0,0.07692307692307693,0.0,0.0,0.05128205128205128,0.0,0.0,0.02564102564102564,0.0,0.02564102564102564,0.05128205128205128,0.0,0.02564102564102564,0.02564102564102564,0.05128205128205128,0.02564102564102564,0.02564102564102564,0.0,0.0,0.0,0.02564102564102564,0.0,0.02564102564102564,0.0,0.0,0.0,0.02564102564102564,0.05128205128205128,0.0,0.02564102564102564,0.02564102564102564,0.0,0.0,0.0,0.0,0.02564102564102564,0.0,0.0,0.0,0.05128205128205128,0.0,0.02564102564102564,0.0,0.0,0.02564102564102564,0.10256410256410256,0.0,0.0,0.0,0.05128205128205128,0.02564102564102564,0.02564102564102564,0.0,0.0,0.0,0.02564102564102564,0.0,0.05128205128205128,0.0,0.0,0.0,0.02564102564102564,0.0,0.0,0.0,0.07692307692307693,0.0,0.0,0.05128205128205128,0.0,0.0,0.02564102564102564,0.0,0.02564102564102564,0.05128205128205128,0.0,0.02564102564102564,0.02564102564102564,0.05128205128205128,0.02564102564102564,0.02564102564102564,0.0,0.0,0.0,0.02564102564102564,0.0,0.02564102564102564,2.8282129458410017,3.0,0.9427376486136673,0.15384615384615385,obj407,fld1,1
0.15,0.15,0.175,0.125,0.1,0.2,0.075,0.025,8,0.2,5,0.0,0.0,0.05128205128205128,0.02564102564102564,0.02564102564102564,0.02564102564102564,0.02564102564102564,0.0,0.02564102564102564,0.05128205128205128,0.02564102564102564,0.02564102564102564,0.0,0.02564102564102564,0.0,0.0,0.02564102564102564,0.05128205128205128,0.02564102564102564,0.0,0.02564102564102564,0.02564102564102564,0.02564102564102564,0.0,0.02564102564102564,0.0,0.02564102564102564,0.02564102564102564,0.02564102564102564,0.0,0.02564102564102564,0.0,0.05128205128205128,0.0,0.02564102564102564,0.0,0.0,0.02564102564102564,0.0,0.0,0.02564102564102564,0.05128205128205128,0.02564102564102564,0.02564102564102564,0.02564102564102564,0.02564102564102564,0.0,0.02564102564102564,0.0,0.0,0.0,0.02564102564102564,0.0,0.05128205128205128,0.0,0.0,0.0,0.0,0.0,0.0,0.0,0.0,0.0,0.0,0.0,0.0,0.05128205128205128,0.02564102564102564,0.02564102564102564,0.02564102564102564,0.02564102564102564,0.0,0.02564102564102564,0.05128205128205128,0.02564102564102564,0.02564102564102564,0.0,0.02564102564102564,0.0,0.0,0.02564102564102564,0.05128205128205128,0.02564102564102564,0.0,0.02564102564102564,0.02564102564102564,0.02564102564102564,0.0,0.02564102564102564,0.0,0.02564102564102564,0.02564102564102564,0.02564102564102564,0.0,0.02564102564102564,0.0,0.05128205128205128,0.0,0.02564102564102564,0.0,0.0,0.02564102564102564,0.0,0.0,0.02564102564102564,0.05128205128205128,0.02564102564102564,0.02564102564102564,0.02564102564102564,0.02564102564102564,0.0,0.02564102564102564,0.0,0.0,0.0,0.02564102564102564,0.0,0.05128205128205128,0.0,0.0,0.0,0.0,0.0,0.0,0.0,0.0,0.0,0.0,2.846039033895927,3.0,0.948679677965309,0.1282051282051282,obj408,fld4,1
0.1,0.125,0.125,0.075,0.05,0.15,0.3,0.075,8,0.3,6,0.02564102564102564,0.02564102564102564,0.0,0.0,0.0,0.02564102564102564,0.02564102564102564,0.0,0.02564102564102564,0.02564102564102564,0.02564102564102564,0.0,0.02564102564102564,0.02564102564102564,0.0,0.0,0.0,0.0,0.02564102564102564,0.0,0.0,0.02564102564102564,0.07692307692307693,0.0,0.0,0.02564102564102564,0.0,0.0,0.0,0.0,0.05128205128205128,0.0,0.0,0.0,0.0,0.02564102564102564,0.0,0.0,0.0,0.02564102564102564,0.0,0.0,0.07692307692307693,0.0,0.0,0.0,0.07692307692307693,0.0,0.02564102564102564,0.05128205128205128,0.0,0.05128205128205128,0.02564102564102564,0.02564102564102564,0.07692307692307693,0.02564102564102564,0.02564102564102564,0.0,0.0,0.0,0.0,0.02564102564102564,0.0,0.02564102564102564,0.02564102564102564,0.02564102564102564,0.0,0.0,0.0,0.02564102564102564,0.02564102564102564,0.0,0.02564102564102564,0.02564102564102564,0.02564102564102564,0.0,0.02564102564102564,0.02564102564102564,0.0,0.0,0.0,0.0,0.02564102564102564,0.0,0.0,0.02564102564102564,0.07692307692307693,0.0,0.0,0.02564102564102564,0.0,0.0,0.0,0.0,0.05128205128205128,0.0,0.0,0.0,0.0,0.02564102564102564,0.0,0.0,0.0,0.02564102564102564,0.0,0.0,0.07692307692307693,0.0,0.0,0.0,0.07692307692307693,0.0,0.02564102564102564,0.05128205128205128,0.0,0.05128205128205128,0.02564102564102564,0.02564102564102564,0.07692307692307693,0.02564102564102564,0.02564102564102564,0.0,0.0,0.0,0.0,0.02564102564102564,0.0,0.02564102564102564,2.7904685707328283,3.0,0.9301561902442761,0.1794871794871795,obj409,fld5,1
0.1,0.125,0.175,0.075,0.15,0.15,0.075,0.15,8,0.175,2,0.0,0.0,0.0,0.0,0.02564102564102564,0.02564102564102564,0.02564102564102564,0.0,0.0,0.0,0.02564102564102564,0.02564102564102564,0.0,0.02564102564102564,0.0,0.05128205128205128,0.05128205128205128,0.05128205128205128,0.0,0.0,0.05128205128205128,0.02564102564102564,0.0,0.0,0.0,0.0,0.0,0.0,0.02564102564102564,0.02564102564102564,0.0,0.02564102564102564,0.02564102564102564,0.0,0.05128205128205128,0.02564102564102564,0.02564102564102564,0.0,0.0,0.02564102564102564,0.0,0.02564102564102564,0.05128205128205128,0.02564102564102564,0.02564102564102564,0.0,0.02564102564102564,0.0,0.0,0.0,0.02564102564102564,0.0,0.0,0.02564102564102564,0.0,0.02564102564102564,0.02564102564102564,0.05128205128205128,0.02564102564102564,0.0,0.0,0.02564102564102564,0.02564102564102564,0.0,0.0,0.0,0.0,0.0,0.02564102564102564,0.02564102564102564,0.02564102564102564,0.0,0.0,0.0,0.02564102564102564,0.02564102564102564,0.0,0.02564102564102564,0.0,0.05128205128205128,0.05128205128205128,0.05128205128205128,0.0,0.0,0.05128205128205128,0.02564102564102564,0.0,0.0,0.0,0.0,0.0,0.0,0.02564102564102564,0.02564102564102564,0.0,0.02564102564102564,0.02564102564102564,0.0,0.05128205128205128,0.02564102564102564,0.02564102564102564,0.0,0.0,0.02564102564102564,0.0,0.02564102564102564,0.05128205128205128,0.02564102564102564,0.02564102564102564,0.0,0.02564102564102564,0.0,0.0,0.0,0.02564102564102564,0.0,0.0,0.02564102564102564,0.0,0.02564102564102564,0.02564102564102564,0.05128205128205128,0.02564102564102564,0.0,0.0,0.02564102564102564,0.02564102564102564,0.0,2.939422471233667,3.0,0.9798074904112224,0.02564102564102564,obj410,fld2,0
0.05,0.1,0.025,0.275,0.1,0.125,0.2,0.125,8,0.275,3,0.0,0.02564102564102564,0.0,0.0,0.0,0.0,0.02564102564102564,0.0,0.02564102564102564,0.0,0.0,0.0,0.0,0.02564102564102564,0.02564102564102564,0.02564102564102564,0.0,0.0,0.0,0.0,0.02564102564102564,0.0,0.0,0.0,0.02564102564102564,0.0,0.0,0.05128205128205128,0.02564102564102564,0.05128205128205128,0.07692307692307693,0.05128205128205128,0.0,0.0,0.02564102564102564,0.07692307692307693,0.0,0.0,0.0,0.0,0.0,0.0,0.0,0.07692307692307693,0.0,0.02564102564102564,0.02564102564102564,0.0,0.0,0.05128205128205128,0.0,0.05128205128205128,0.05128205128205128,0.0,0.02564102564102564,0.02564102564102564,0.0,0.02564102564102564,0.0,0.02564102564102564,0.0,0.02564102564102564,0.02564102564102564,0.0,0.0,0.02564102564102564,0.0,0.0,0.0,0.0,0.02564102564102564,0.0,0.02564102564102564,0.0,0.0,0.0,0.0,0.02564102564102564,0.02564102564102564,0.02564102564102564,0.0,0.0,0.0,0.0,0.02564102564102564,0.0,0.0,0.0,0.02564102564102564,0.0,0.0,0.05128205128205128,0.02564102564102564,0.05128205128205128,0.07692307692307693,0.05128205128205128,0.0,0.0,0.02564102564102564,0.07692307692307693,0.0,0.0,0.0,0.0,0.0,0.0,0.0,0.07692307692307693,0.0,0.02564102564102564,0.02564102564102564,0.0,0.0,0.05128205128205128,0.0,0.05128205128205128,0.05128205128205128,0.0,0.02564102564102564,0.02564102564102564,0.0,0.02564102564102564,0.0,0.02564102564102564,0.0,0.02564102564102564,0.02564102564102564,0.0,2.7401023760402645,3.0,0.9133674586800882,0.10256410256410256,obj411,fld2,0
0.175,0.05,0.125,0.15,0.125,0.05,0.125,0.2,8,0.2,7,0.02564102564102564,0.02564102564102564,0.05128205128205128,0.05128205128205128,0.0,0.0,0.02564102564102564,0.0,0.02564102564102564,0.0,0.0,0.0,0.0,0.0,0.0,0.02564102564102564,0.0,0.0,0.0,0.0,0.02564102564102564,0.02564102564102564,0.02564102564102564,0.05128205128205128,0.05128205128205128,0.0,0.02564102564102564,0.02564102564102564,0.0,0.02564102564102564,0.0,0.0,0.02564102564102564,0.0,0.0,0.05128205128205128,0.0,0.0,0.02564102564102564,0.02564102564102564,0.0,0.0,0.0,0.0,0.02564102564102564,0.0,0.0,0.02564102564102564,0.0,0.0,0.05128205128205128,0.02564102564102564,0.02564102564102564,0.0,0.0,0.02564102564102564,0.05128205128205128,0.02564102564102564,0.0,0.0,0.05128205128205128,0.0,0.05128205128205128,0.02564102564102564,0.02564102564102564,0.02564102564102564,0.05128205128205128,0.05128205128205128,0.0,0.0,0.02564102564102564,0.0,0.02564102564102564,0.0,0.0,0.0,0.0,0.0,0.0,0.02564102564102564,0.0,0.0,0.0,0.0,0.02564102564102564,0.02564102564102564,0.02564102564102564,0.05128205128205128,0.05128205128205128,0.0,0.02564102564102564,0.02564102564102564,0.0,0.02564102564102564,0.0,0.0,0.02564102564102564,0.0,0.0,0.05128205128205128,0.0,0.0,0.02564102564102564,0.02564102564102564,0.0,0.0,0.0,0.0,0.02564102564102564,0.0,0.0,0.02564102564102564,0.0,0.0,0.05128205128205128,0.02564102564102564,0.02564102564102564,0.0,0.0,0.02564102564102564,0.05128205128205128,0.02564102564102564,0.0,0.0,0.05128205128205128,0.0,0.05128205128205128,0.02564102564102564,2.8721735728363473,3.0,0.9573911909454491,0.07692307692307693,obj412,fld4,1
0.1,0.125,0.2,0.1,0.125,0.1,0.125,0.125,8,0.2,2,0.0,0.0,0.02564102564102564,0.02564102564102564,0.02564102564102564,0.0,0.02564102564102564,0.0,0.02564102564102564,0.0,0.05128205128205128,0.0,0.0,0.02564102564102564,0.0,0.02564102564102564,0.0,0.0,0.0,0.07692307692307693,0.05128205128205128,0.02564102564102564,0.0,0.02564102564102564,0.0,0.02564102564102564,0.02564102564102564,0.0,0.02564102564102564,0.0,0.02564102564102564,0.0,0.02564102564102564,0.05128205128205128,0.02564102564102564,0.0,0.0,0.0,0.02564102564102564,0.0,0.02564102564102564,0.02564102564102564,0.0,0.0,0.0,0.0,0.02564102564102564,0.02564102564102564,0.02564102564102564,0.0,0.0,0.0,0.02564102564102564,0.02564102564102564,0.0,0.05128205128205128,0.0,0.02564102564102564,0.07692307692307693,0.0,0.0,0.02564102564102564,0.0,0.0,0.0,0.0,0.02564102564102564,0.02564102564102564,0.02564102564102564,0.0,0.02564102564102564,0.0,0.02564102564102564,0.0,0.05128205128205128,0.0,0.0,0.02564102564102564,0.0,0.02564102564102564,0.0,0.0,0.0,0.07692307692307693,0.05128205128205128,0.02564102564102564,0.0,0.02564102564102564,0.0,0.02564102564102564,0.02564102564102564,0.0,0.02564102564102564,0.0,0.02564102564102564,0.0,0.02564102564102564,0.05128205128205128,0.02564102564102564,0.0,0.0,0.0,0.02564102564102564,0.0,0.02564102564102564,0.02564102564102564,0.0,0.0,0.0,0.0,0.02564102564102564,0.02564102564102564,0.02564102564102564,0.0,0.0,0.0,0.02564102564102564,0.02564102564102564,0.0,0.05128205128205128,0.0,0.02564102564102564,0.07692307692307693,0.0,0.0,0.02564102564102564,0.0,0.0,2.9609640474436807,3.0,0.9869880158145602,0.0,obj413,fld5,0
0.075,0.1,0.1,0.15,0.125,0.2,0.1,0.15,8,0.2,5,0.0,0.02564102564102564,0.0,0.0,0.0,0.05128205128205128,0.0,0.0,0.0,0.0,0.0,0.02564102564102564,0.02564102564102564,0.0,0.02564102564102564,0.02564102564102564,0.02564102564102564,0.0,0.0,0.0,0.0,0.05128205128205128,0.0,0.02564102564102564,0.0,0.0,0.02564102564102564,0.02564102564102564,0.05128205128205128,0.02564102564102564,0.0,0.02564102564102564,0.0,0.02564102564102564,0.0,0.02564102564102564,0.02564102564102564,0.0,0.02564102564102564,0.02564102564102564,0.05128205128205128,0.02564102564102564,0.02564102564102564,0.02564102564102564,0.02564102564102564,0.0,0.02564102564102564,0.0,0.0,0.0,0.02564102564102564,0.02564102564102564,0.0,0.05128205128205128,0.0,0.0,0.0,0.02564102564102564,0.0,0.02564102564102564,0.0,0.02564102564102564,0.02564102564102564,0.05128205128205128,0.0,0.02564102564102564,0.0,0.0,0.0,0.05128205128205128,0.0,0.0,0.0,0.0,0.0,0.02564102564102564,0.02564102564102564,0.0,0.02564102564102564,0.02564102564102564,0.02564102564102564,0.0,0.0,0.0,0.0,0.05128205128205128,0.0,0.02564102564102564,0.0,0.0,0.02564102564102564,0.02564102564102564,0.05128205128205128,0.02564102564102564,0.0,0.02564102564102564,0.0,0.02564102564102564,0.0,0.02564102564102564,0.02564102564102564,0.0,0.02564102564102564,0.02564102564102564,0.05128205128205128,0.02564102564102564,0.02564102564102564,0.02564102564102564,0.02564102564102564,0.0,0.02564102564102564,0.0,0.0,0.0,0.02564102564102564,0.02564102564102564,0.0,0.05128205128205128,0.0,0.0,0.0,0.02564102564102564,0.0,0.02564102564102564,0.0,0.02564102564102564,0.02564102564102564,0.05128205128205128,2.937326145256008,3.0,0.979108715085336,0.10256410256410256,obj414,fld1,0
0.225,0.075,0.05,0.125,0.2,0.15,0.075,0.1,8,0.225,0,0.0,0.05128205128205128,0.0,0.05128205128205128,0.05128205128205128,0.05128205128205128,0.0,0.02564102564102564,0.05128205128205128,0.0,0.0,0.0,0.0,0.0,0.0,0.02564102564102564,0.02564102564102564,0.0,0.0,0.0,0.0,0.02564102564102564,0.0,0.0,0.02564102564102564,0.0,0.0,0.0,0.02564102564102564,0.05128205128205128,0.0,0.0,0.02564102564102564,0.02564102564102564,0.0,0.05128205128205128,0.02564102564102564,0.02564102564102564,0.02564102564102564,0.02564102564102564,0.05128205128205128,0.0,0.0,0.0,0.07692307692307693,0.0,0.02564102564102564,0.0,0.05128205128205128,0.0,0.02564102564102564,0.0,0.0,0.0,0.0,0.0,0.0,0.0,0.02564102564102564,0.02564102564102564,0.02564102564102564,0.0,0.02564102564102564,0.0,0.0,0.05128205128205128,0.0,0.05128205128205128,0.05128205128205128,0.05128205128205128,0.0,0.02564102564102564,0.05128205128205128,0.0,0.0,0.0,0.0,0.0,0.0,0.02564102564102564,0.02564102564102564,0.0,0.0,0.0,0.0,0.02564102564102564,0.0,0.0,0.02564102564102564,0.0,0.0,0.0,0.02564102564102564,0.05128205128205128,0.0,0.0,0.02564102564102564,0.02564102564102564,0.0,0.05128205128205128,0.02564102564102564,0.02564102564102564,0.02564102564102564,0.02564102564102564,0.05128205128205128,0.0,0.0,0.0,0.07692307692307693,0.0,0.02564102564102564,0.0,0.05128205128205128,0.0,0.02564102564102564,0.0,0.0,0.0,0.0,0.0,0.0,0.0,0.02564102564102564,0.02564102564102564,0.02564102564102564,0.0,0.02564102564102564,0.0,2.842965207485575,3.0,0.9476550691618583,0.02564102564102564,obj415,fld2,0
0.2,0.075,0.2,0.15,0.125,0.125,0.025,0.1,8,0.2,0,0.0,0.02564102564102564,0.02564102564102564,0.07692307692307693,0.02564102564102564,0.02564102564102564,0.0,0.02564102564102564,0.0,0.0,0.05128205128205128,0.0,0.0,0.02564102564102564,0.0,0.0,0.0,0.02564102564102564,0.02564102564102564,0.02564102564102564,0.02564102564102564,0.05128205128205128,0.02564102564102564,0.02564102564102564,0.05128205128205128,0.0,0.05128205128205128,0.02564102564102564,0.02564102564102564,0.0,0.0,0.0,0.02564102564102564,0.02564102564102564,0.02564102564102564,0.02564102564102564,0.02564102564102564,0.0,0.0,0.0,0.05128205128205128,0.0,0.02564102564102564,0.0,0.02564102564102564,0.0,0.0,0.02564102564102564,0.0,0.0,0.0,0.0,0.0,0.0,0.0,0.02564102564102564,0.05128205128205128,0.0,0.0,0.0,0.0,0.02564102564102564,0.0,0.0,0.0,0.02564102564102564,0.02564102564102564,0.07692307692307693,0.02564102564102564,0.02564102564102564,0.0,0.02564102564102564,0.0,0.0,0.05128205128205128,0.0,0.0,0.02564102564102564,0.0,0.0,0.0,0.02564102564102564,0.02564102564102564,0.02564102564102564,0.02564102564102564,0.05128205128205128,0.02564102564102564,0.02564102564102564,0.05128205128205128,0.0,0.05128205128205128,0.02564102564102564,0.02564102564102564,0.0,0.0,0.0,0.02564102564102564,0.02564102564102564,0.02564102564102564,0.02564102564102564,0.02564102564102564,0.0,0.0,0.0,0.05128205128205128,0.0,0.02564102564102564,0.0,0.02564102564102564,0.0,0.0,0.02564102564102564,0.0,0.0,0.0,0.0,0.0,0.0,0.0,0.02564102564102564,0.05128205128205128,0.0,0.0,0.0,0.0,0.02564102564102564,0.0,0.0,2.8348295085032613,3.0,0.9449431695010871,0.07692307692307693,obj416,fld1,0
0.125,0.075,0.15,0.1,0.125,0.225,0.175,0.025,8,0.225,5,0.05128205128205128,0.02564102564102564,0.0,0.0,0.0,0.0,0.05128205128205128,0.0,0.0,0.02564102564102564,0.05128205128205128,0.0,0.0,0.0,0.0,0.0,0.02564102564102564,0.02564102564102564,0.0,0.02564102564102564,0.02564102564102564,0.02564102564102564,0.02564102564102564,0.0,0.0,0.0,0.0,0.0,0.0,0.05128205128205128,0.05128205128205128,0.0,0.0,0.0,0.05128205128205128,0.02564102564102564,0.0,0.0,0.02564102564102564,0.02564102564102564,0.02564102564102564,0.0,0.02564102564102564,0.02564102564102564,0.02564102564102564,0.10256410256410256,0.02564102564102564,0.0,0.02564102564102564,0.0,0.02564102564102564,0.02564102564102564,0.05128205128205128,0.02564102564102564,0.0,0.0,0.0,0.0,0.0,0.0,0.0,0.02564102564102564,0.0,0.0,0.05128205128205128,0.02564102564102564,0.0,0.0,0.0,0.0,0.05128205128205128,0.0,0.0,0.02564102564102564,0.05128205128205128,0.0,0.0,0.0,0.0,0.0,0.02564102564102564,0.02564102564102564,0.0,0.02564102564102564,0.02564102564102564,0.02564102564102564,0.02564102564102564,0.0,0.0,0.0,0.0,0.0,0.0,0.05128205128205128,0.05128205128205128,0.0,0.0,0.0,0.05128205128205128,0.02564102564102564,0.0,0.0,0.02564102564102564,0.02564102564102564,0.02564102564102564,0.0,0.02564102564102564,0.02564102564102564,0.02564102564102564,0.10256410256410256,0.02564102564102564,0.0,0.02564102564102564,0.0,0.02564102564102564,0.02564102564102564,0.05128205128205128,0.02564102564102564,0.0,0.0,0.0,0.0,0.0,0.0,0.0,0.02564102564102564,0.0,0.0,2.8303092718186607,3.0,0.9434364239395535,0.1794871794871795,obj417,fld1,0
0.075,0.2,0.225,0.075,0.1,0.15,0.15,0.025,8,0.225,2,0.0,0.05128205128205128,0.0,0.0,0.0,0.0,0.02564102564102564,0.0,0.0,0.02564102564102564,0.05128205128205128,0.02564102564102564,0.02564102564102564,0.02564102564102564,0.05128205128205128,0.0,0.05128205128205128,0.05128205128205128,0.07692307692307693,0.0,0.0,0.02564102564102564,0.0,0.0,0.0,0.0,0.0,0.02564102564102564,0.0,0.05128205128205128,0.0,0.0,0.0,0.05128205128205128,0.0,0.02564102564102564,0.0,0.02564102564102564,0.0,0.0,0.02564102564102564,0.0,0.02564102564102564,0.0,0.05128205128205128,0.0,0.02564102564102564,0.02564102564102564,0.0,0.02564102564102564,0.02564102564102564,0.0,0.02564102564102564,0.02564102564102564,0.05128205128205128,0.0,0.0,0.0,0.02564102564102564,0.0,0.0,0.0,0.0,0.0,0.0,0.05128205128205128,0.0,0.0,0.0,0.0,0.02564102564102564,0.0,0.0,0.02564102564102564,0.05128205128205128,0.02564102564102564,0.02564102564102564,0.02564102564102564,0.05128205128205128,0.0,0.05128205128205128,0.05128205128205128,0.07692307692307693,0.0,0.0,0.02564102564102564,0.0,0.0,0.0,0.0,0.0,0.02564102564102564,0.0,0.05128205128205128,0.0,0.0,0.0,0.05128205128205128,0.0,0.02564102564102564,0.0,0.02564102564102564,0.0,0.0,0.02564102564102564,0.0,0.02564102564102564,0.0,0.05128205128205128,0.0,0.02564102564102564,0.02564102564102564,0.0,0.02564102564102564,0.02564102564102564,0.0,0.02564102564102564,0.02564102564102564,0.05128205128205128,0.0,0.0,0.0,0.02564102564102564,0.0,0.0,0.0,0.0,0.0,2.795461844238322,3.0,0.9318206147461073,0.1794871794871795,obj418,fld1,1
0.075,0.15,0.1,0.175,0.15,0.1,0.05,0.2,8,0.2,7,0.0,0.0,0.0,0.02564102564102564,0.02564102564102564,0.0,0.0,0.02564102564102564,0.02564102564102564,0.02564102564102564,0.02564102564102564,0.02564102564102564,0.02564102564102564,0.0,0.0,0.0,0.0,0.0,0.0,0.02564102564102564,0.05128205128205128,0.0,0.0,0.02564102564102564,0.0,0.05128205128205128,0.0,0.05128205128205128,0.02564102564102564,0.02564102564102564,0.0,0.02564102564102564,0.02564102564102564,0.05128205128205128,0.0,0.0,0.0,0.0,0.02564102564102564,0.05128205128205128,0.0,0.0,0.02564102564102564,0.02564102564102564,0.0,0.0,0.02564102564102564,0.02564102564102564,0.0,0.0,0.0,0.0,0.02564102564102564,0.0,0.0,0.02564102564102564,0.02564102564102564,0.0,0.05128205128205128,0.02564102564102564,0.0,0.07692307692307693,0.0,0.02564102564102564,0.0,0.0,0.0,0.02564102564102564,0.02564102564102564,0.0,0.0,0.02564102564102564,0.02564102564102564,0.02564102564102564,0.02564102564102564,0.02564102564102564,0.02564102564102564,0.0,0.0,0.0,0.0,0.0,0.0,0.02564102564102564,0.05128205128205128,0.0,0.0,0.02564102564102564,0.0,0.05128205128205128,0.0,0.05128205128205128,0.02564102564102564,0.02564102564102564,0.0,0.02564102564102564,0.02564102564102564,0.05128205128205128,0.0,0.0,0.0,0.0,0.02564102564102564,0.05128205128205128,0.0,0.0,0.02564102564102564,0.02564102564102564,0.0,0.0,0.02564102564102564,0.02564102564102564,0.0,0.0,0.0,0.0,0.02564102564102564,0.0,0.0,0.02564102564102564,0.02564102564102564,0.0,0.05128205128205128,0.02564102564102564,0.0,0.07692307692307693,0.0,0.02564102564102564,2.886280045756848,3.0,0.9620933485856159,0.10256410256410256,obj419,fld4,0
0.075,0.075,0.125,0.125,0.125,0.225,0.125,0.125,8,0.225,5,0.0,0.0,0.0,0.02564102564102564,0.0,0.02564102564102564,0.0,0.02564102564102564,0.0,0.0,0.0,0.0,0.02564102564102564,0.02564102564102564,0.02564102564102564,0.0,0.0,0.0,0.02564102564102564,0.02564102564102564,0.02564102564102564,0.02564102564102564,0.02564102564102564,0.0,0.0,0.02564102564102564,0.0,0.0,0.02564102564102564,0.02564102564102564,0.02564102564102564,0.02564102564102564,0.02564102564102564,0.02564102564102564,0.05128205128205128,0.0,0.0,0.0,0.0,0.02564102564102564,0.0,0.0,0.05128205128205128,0.02564102564102564,0.02564102564102564,0.07692307692307693,0.02564102564102564,0.02564102564102564,0.02564102564102564,0.0,0.0,0.0,0.0,0.05128205128205128,0.02564102564102564,0.02564102564102564,0.02564102564102564,0.02564102564102564,0.0,0.02564102564102564,0.02564102564102564,0.0,0.0,0.0,0.0,0.0,0.0,0.02564102564102564,0.0,0.02564102564102564,0.0,0.02564102564102564,0.0,0.0,0.0,0.0,0.02564102564102564,0.02564102564102564,0.02564102564102564,0.0,0.0,0.0,0.02564102564102564,0.02564102564102564,0.02564102564102564,0.02564102564102564,0.02564102564102564,0.0,0.0,0.02564102564102564,0.0,0.0,0.02564102564102564,0.02564102564102564,0.02564102564102564,0.02564102564102564,0.02564102564102564,0.02564102564102564,0.05128205128205128,0.0,0.0,0.0,0.0,0.02564102564102564,0.0,0.0,0.05128205128205128,0.02564102564102564,0.02564102564102564,0.07692307692307693,0.02564102564102564,0.02564102564102564,0.02564102564102564,0.0,0.0,0.0,0.0,0.05128205128205128,0.02564102564102564,0.02564102564102564,0.02564102564102564,0.02564102564102564,0.0,0.02564102564102564,0.02564102564102564,0.0,0.0,0.0,2.919745535150067,3.0,0.973248511716689,0.1282051282051282,obj420,fld5,1
0.125,0.15,0.15,0.225,0.075,0.05,0.075,0.15,8,0.225,3,0.0,0.0,0.0,0.05128205128205128,0.02564102564102564,0.0,0.0,0.02564102564102564,0.0,0.0,0.0,0.05128205128205128,0.02564102564102564,0.0,0.05128205128205128,0.02564102564102564,0.0,0.05128205128205128,0.0,0.0,0.0,0.05128205128205128,0.02564102564102564,0.02564102564102564,0.05128205128205128,0.02564102564102564,0.10256410256410256,0.02564102564102564,0.0,0.0,0.0,0.02564102564102564,0.05128205128205128,0.0,0.02564102564102564,0.0,0.0,0.0,0.0,0.0,0.0,0.0,0.0,0.05128205128205128,0.0,0.0,0.0,0.0,0.0,0.02564102564102564,0.0,0.02564102564102564,0.0,0.0,0.0,0.02564102564102564,0.0,0.05128205128205128,0.02564102564102564,0.02564102564102564,0.02564102564102564,0.0,0.0,0.02564102564102564,0.0,0.0,0.0,0.05128205128205128,0.02564102564102564,0.0,0.0,0.02564102564102564,0.0,0.0,0.0,0.05128205128205128,0.02564102564102564,0.0,0.05128205128205128,0.02564102564102564,0.0,0.05128205128205128,0.0,0.0,0.0,0.05128205128205128,0.02564102564102564,0.02564102564102564,0.05128205128205128,0.02564102564102564,0.10256410256410256,0.02564102564102564,0.0,0.0,0.0,0.02564102564102564,0.05128205128205128,0.0,0.02564102564102564,0.0,0.0,0.0,0.0,0.0,0.0,0.0,0.0,0.05128205128205128,0.0,0.0,0.0,0.0,0.0,0.02564102564102564,0.0,0.02564102564102564,0.0,0.0,0.0,0.02564102564102564,0.0,0.05128205128205128,0.02564102564102564,0.02564102564102564,0.02564102564102564,0.0,0.0,0.02564102564102564,2.867476457269228,3.0,0.9558254857564094,0.05128205128205128,obj421,fld1,1
0.05,0.125,0.1,0.175,0.15,0.175,0.15,0.075,8,0.175,3,0.0,0.02564102564102564,0.0,0.0,0.02564102564102564,0.0,0.0,0.0,0.02564102564102564,0.0,0.02564102564102564,0.02564102564102564,0.0,0.0,0.02564102564102564,0.02564102564102564,0.0,0.0,0.05128205128205128,0.02564102564102564,0.02564102564102564,0.0,0.0,0.0,0.02564102564102564,0.02564102564102564,0.0,0.0,0.02564102564102564,0.07692307692307693,0.02564102564102564,0.0,0.0,0.0,0.0,0.05128205128205128,0.02564102564102564,0.02564102564102564,0.05128205128205128,0.0,0.0,0.05128205128205128,0.02564102564102564,0.02564102564102564,0.0,0.02564102564102564,0.02564102564102564,0.02564102564102564,0.0,0.02564102564102564,0.0,0.05128205128205128,0.0,0.02564102564102564,0.0,0.02564102564102564,0.0,0.0,0.0,0.0,0.02564102564102564,0.02564102564102564,0.02564102564102564,0.0,0.0,0.02564102564102564,0.0,0.0,0.02564102564102564,0.0,0.0,0.0,0.02564102564102564,0.0,0.02564102564102564,0.02564102564102564,0.0,0.0,0.02564102564102564,0.02564102564102564,0.0,0.0,0.05128205128205128,0.02564102564102564,0.02564102564102564,0.0,0.0,0.0,0.02564102564102564,0.02564102564102564,0.0,0.0,0.02564102564102564,0.07692307692307693,0.02564102564102564,0.0,0.0,0.0,0.0,0.05128205128205128,0.02564102564102564,0.02564102564102564,0.05128205128205128,0.0,0.0,0.05128205128205128,0.02564102564102564,0.02564102564102564,0.0,0.02564102564102564,0.02564102564102564,0.02564102564102564,0.0,0.02564102564102564,0.0,0.05128205128205128,0.0,0.02564102564102564,0.0,0.02564102564102564,0.0,0.0,0.0,0.0,0.02564102564102564,0.02564102564102564,0.02564102564102564,0.0,2.904751922535847,3.0,0.9682506408452823,0.10256410256410256,obj422,fld3,0
0.125,0.15,0.15,0.15,0.1,0.1,0.125,0.1,8,0.15,3,0.0,0.0,0.02564102564102564,0.07692307692307693,0.0,0.0,0.02564102564102564,0.0,0.02564102564102564,0.0,0.02564102564102564,0.02564102564102564,0.0,0.0,0.0,0.05128205128205128,0.0,0.02564102564102564,0.02564102564102564,0.0,0.02564102564102564,0.02564102564102564,0.05128205128205128,0.0,0.0,0.02564102564102564,0.0,0.0,0.02564102564102564,0.07692307692307693,0.0,0.02564102564102564,0.05128205128205128,0.02564102564102564,0.02564102564102564,0.0,0.0,0.0,0.0,0.0,0.02564102564102564,0.02564102564102564,0.02564102564102564,0.0,0.0,0.0,0.02564102564102564,0.0,0.0,0.05128205128205128,0.02564102564102564,0.02564102564102564,0.02564102564102564,0.0,0.0,0.0,0.02564102564102564,0.0,0.0,0.0,0.02564102564102564,0.0,0.02564102564102564,0.02564102564102564,0.0,0.0,0.02564102564102564,0.07692307692307693,0.0,0.0,0.02564102564102564,0.0,0.02564102564102564,0.0,0.02564102564102564,0.02564102564102564,0.0,0.0,0.0,0.05128205128205128,0.0,0.02564102564102564,0.02564102564102564,0.0,0.02564102564102564,0.02564102564102564,0.05128205128205128,0.0,0.0,0.02564102564102564,0.0,0.0,0.02564102564102564,0.07692307692307693,0.0,0.02564102564102564,0.05128205128205128,0.02564102564102564,0.02564102564102564,0.0,0.0,0.0,0.0,0.0,0.02564102564102564,0.02564102564102564,0.02564102564102564,0.0,0.0,0.0,0.02564102564102564,0.0,0.0,0.05128205128205128,0.02564102564102564,0.02564102564102564,0.02564102564102564,0.0,0.0,0.0,0.02564102564102564,0.0,0.0,0.0,0.02564102564102564,0.0,0.02564102564102564,0.02564102564102564,2.978212945841001,3.0,0.9927376486136671,0.05128205128205128,obj423,fld4,0
0.075,0.1,0.2,0.15,0.075,0.175,0.075,0.15,8,0.2,2,0.02564102564102564,0.0,0.0,0.05128205128205128,0.0,0.0,0.0,0.0,0.0,0.0,0.02564102564102564,0.05128205128205128,0.0,0.02564102564102564,0.0,0.0,0.0,0.02564102564102564,0.02564102564102564,0.0,0.02564102564102564,0.02564102564102564,0.0,0.10256410256410256,0.0,0.0,0.02564102564102564,0.0,0.0,0.10256410256410256,0.0,0.02564102564102564,0.0,0.0,0.05128205128205128,0.0,0.0,0.0,0.0,0.0,0.02564102564102564,0.02564102564102564,0.02564102564102564,0.0,0.02564102564102564,0.0,0.05128205128205128,0.02564102564102564,0.02564102564102564,0.02564102564102564,0.0,0.02564102564102564,0.0,0.0,0.0,0.0,0.0,0.0,0.05128205128205128,0.02564102564102564,0.02564102564102564,0.02564102564102564,0.02564102564102564,0.0,0.02564102564102564,0.0,0.0,0.05128205128205128,0.0,0.0,0.0,0.0,0.0,0.0,0.02564102564102564,0.05128205128205128,0.0,0.02564102564102564,0.0,0.0,0.0,0.02564102564102564,0.02564102564102564,0.0,0.02564102564102564,0.02564102564102564,0.0,0.10256410256410256,0.0,0.0,0.02564102564102564,0.0,0.0,0.10256410256410256,0.0,0.02564102564102564,0.0,0.0,0.05128205128205128,0.0,0.0,0.0,0.0,0.0,0.02564102564102564,0.02564102564102564,0.02564102564102564,0.0,0.02564102564102564,0.0,0.05128205128205128,0.02564102564102564,0.02564102564102564,0.02564102564102564,0.0,0.02564102564102564,0.0,0.0,0.0,0.0,0.0,0.0,0.05128205128205128,0.02564102564102564,0.02564102564102564,0.02564102564102564,0.02564102564102564,0.0,2.8985356706486742,3.0,0.9661785568828914,0.05128205128205128,obj424,fld4,0
0.05,0.125,0.05,0.125,0.2,0.2,0.125,0.125,8,0.2,4,0.0,0.05128205128205128,0.0,0.0,0.0,0.0,0.0,0.0,0.0,0.02564102564102564,0.02564102564102564,0.0,0.0,0.0,0.05128205128205128,0.02564102564102564,0.0,0.0,0.0,0.0,0.02564102564102564,0.02564102564102564,0.0,0.0,0.0,0.02564102564102564,0.0,0.02564102564102564,0.0,0.02564102564102564,0.02564102564102564,0.02564102564102564,0.02564102564102564,0.0,0.0,0.05128205128205128,0.02564102564102564,0.02564102564102564,0.02564102564102564,0.02564102564102564,0.0,0.0,0.02564102564102564,0.02564102564102564,0.07692307692307693,0.07692307692307693,0.0,0.0,0.0,0.0,0.0,0.02564102564102564,0.02564102564102564,0.02564102564102564,0.0,0.05128205128205128,0.02564102564102564,0.02564102564102564,0.0,0.0,0.02564102564102564,0.02564102564102564,0.02564102564102564,0.0,0.0,0.05128205128205128,0.0,0.0,0.0,0.0,0.0,0.0,0.0,0.02564102564102564,0.02564102564102564,0.0,0.0,0.0,0.05128205128205128,0.02564102564102564,0.0,0.0,0.0,0.0,0.02564102564102564,0.02564102564102564,0.0,0.0,0.0,0.02564102564102564,0.0,0.02564102564102564,0.0,0.02564102564102564,0.02564102564102564,0.02564102564102564,0.02564102564102564,0.0,0.0,0.05128205128205128,0.02564102564102564,0.02564102564102564,0.02564102564102564,0.02564102564102564,0.0,0.0,0.02564102564102564,0.02564102564102564,0.07692307692307693,0.07692307692307693,0.0,0.0,0.0,0.0,0.0,0.02564102564102564,0.02564102564102564,0.02564102564102564,0.0,0.05128205128205128,0.02564102564102564,0.02564102564102564,0.0,0.0,0.02564102564102564,0.02564102564102564,0.02564102564102564,0.0,2.860964047443681,3.0,0.953654682481227,0.15384615384615385,obj425,fld4,1
0.075,0.175,0.125,0.15,0.1,0.125,0.025,0.225,8,0.225,7,0.0,0.0,0.0,0.02564102564102564,0.0,0.0,0.0,0.05128205128205128,0.02564102564102564,0.0,0.05128205128205128,0.02564102564102564,0.02564102564102564,0.02564102564102564,0.0,0.02564102564102564,0.0,0.05128205128205128,0.02564102564102564,0.0,0.02564102564102564,0.02564102564102564,0.0,0.0,0.02564102564102564,0.05128205128205128,0.0,0.02564102564102564,0.02564102564102564,0.02564102564102564,0.0,0.0,0.02564102564102564,0.0,0.0,0.02564102564102564,0.0,0.0,0.0,0.02564102564102564,0.0,0.02564102564102564,0.02564102564102564,0.0,0.0,0.0,0.02564102564102564,0.05128205128205128,0.0,0.0,0.0,0.0,0.0,0.0,0.0,0.02564102564102564,0.0,0.05128205128205128,0.02564102564102564,0.05128205128205128,0.02564102564102564,0.05128205128205128,0.0,0.02564102564102564,0.0,0.0,0.0,0.02564102564102564,0.0,0.0,0.0,0.05128205128205128,0.02564102564102564,0.0,0.05128205128205128,0.02564102564102564,0.02564102564102564,0.02564102564102564,0.0,0.02564102564102564,0.0,0.05128205128205128,0.02564102564102564,0.0,0.02564102564102564,0.02564102564102564,0.0,0.0,0.02564102564102564,0.05128205128205128,0.0,0.02564102564102564,0.02564102564102564,0.02564102564102564,0.0,0.0,0.02564102564102564,0.0,0.0,0.02564102564102564,0.0,0.0,0.0,0.02564102564102564,0.0,0.02564102564102564,0.02564102564102564,0.0,0.0,0.0,0.02564102564102564,0.05128205128205128,0.0,0.0,0.0,0.0,0.0,0.0,0.0,0.02564102564102564,0.0,0.05128205128205128,0.02564102564102564,0.05128205128205128,0.02564102564102564,0.05128205128205128,0.0,0.02564102564102564,2.83030927181866,3.0,0.9434364239395534,0.07692307692307693,obj426,fld4,1
0.175,0.075,0.175,0.125,0.1,0.125,0.125,0.1,8,0.175,2,0.05128205128205128,0.02564102564102564,0.0,0.02564102564102564,0.02564102564102564,0.0,0.0,0.05128205128205128,0.05128205128205128,0.0,0.0,0.0,0.0,0.0,0.02564102564102564,0.0,0.0,0.0,0.05128205128205128,0.02564102564102564,0.02564102564102564,0.05128205128205128,0.02564102564102564,0.0,0.02564102564102564,0.0,0.05128205128205128,0.02564102564102564,0.0,0.0,0.0,0.02564102564102564,0.0,0.0,0.0,0.02564102564102564,0.02564102564102564,0.02564102564102564,0.02564102564102564,0.0,0.02564102564102564,0.0,0.02564102564102564,0.02564102564102564,0.0,0.0,0.05128205128205128,0.0,0.02564102564102564,0.02564102564102564,0.02564102564102564,0.0,0.0,0.02564102564102564,0.0,0.02564102564102564,0.0,0.02564102564102564,0.0,0.0,0.02564102564102564,0.02564102564102564,0.0,0.0,0.05128205128205128,0.02564102564102564,0.0,0.02564102564102564,0.02564102564102564,0.0,0.0,0.05128205128205128,0.05128205128205128,0.0,0.0,0.0,0.0,0.0,0.02564102564102564,0.0,0.0,0.0,0.05128205128205128,0.02564102564102564,0.02564102564102564,0.05128205128205128,0.02564102564102564,0.0,0.02564102564102564,0.0,0.05128205128205128,0.02564102564102564,0.0,0.0,0.0,0.02564102564102564,0.0,0.0,0.0,0.02564102564102564,0.02564102564102564,0.02564102564102564,0.02564102564102564,0.0,0.02564102564102564,0.0,0.02564102564102564,0.02564102564102564,0.0,0.0,0.05128205128205128,0.0,0.02564102564102564,0.02564102564102564,0.02564102564102564,0.0,0.0,0.02564102564102564,0.0,0.02564102564102564,0.0,0.02564102564102564,0.0,0.0,0.02564102564102564,0.02564102564102564,0.0,0.0,2.949758649030353,3.0,0.9832528830101177,0.15384615384615385,obj427,fld2,1
0.075,0.15,0.15,0.175,0.075,0.075,0.15,0.15,8,0.175,3,0.0,0.0,0.0,0.02564102564102564,0.0,0.0,0.0,0.02564102564102564,0.05128205128205128,0.02564102564102564,0.02564102564102564,0.02564102564102564,0.0,0.0,0.0,0.02564102564102564,0.02564102564102564,0.02564102564102564,0.02564102564102564,0.02564102564102564,0.0,0.0,0.0,0.05128205128205128,0.0,0.05128205128205128,0.0,0.0,0.05128205128205128,0.0,0.07692307692307693,0.0,0.0,0.0,0.0,0.02564102564102564,0.0,0.0,0.02564102564102564,0.02564102564102564,0.0,0.02564102564102564,0.02564102564102564,0.0,0.0,0.0,0.02564102564102564,0.0,0.0,0.0,0.02564102564102564,0.05128205128205128,0.02564102564102564,0.0,0.02564102564102564,0.02564102564102564,0.0,0.02564102564102564,0.02564102564102564,0.02564102564102564,0.0,0.07692307692307693,0.0,0.0,0.0,0.0,0.0,0.02564102564102564,0.0,0.0,0.0,0.02564102564102564,0.05128205128205128,0.02564102564102564,0.02564102564102564,0.02564102564102564,0.0,0.0,0.0,0.02564102564102564,0.02564102564102564,0.02564102564102564,0.02564102564102564,0.02564102564102564,0.0,0.0,0.0,0.05128205128205128,0.0,0.05128205128205128,0.0,0.0,0.05128205128205128,0.0,0.07692307692307693,0.0,0.0,0.0,0.0,0.02564102564102564,0.0,0.0,0.02564102564102564,0.02564102564102564,0.0,0.02564102564102564,0.02564102564102564,0.0,0.0,0.0,0.02564102564102564,0.0,0.0,0.0,0.02564102564102564,0.05128205128205128,0.02564102564102564,0.0,0.02564102564102564,0.02564102564102564,0.0,0.02564102564102564,0.02564102564102564,0.02564102564102564,0.0,0.07692307692307693,0.0,0.0,2.9230469204323275,3.0,0.9743489734774425,0.07692307692307693,obj428,fld1,0
0.075,0.1,0.075,0.1,0.1,0.125,0.2,0.225,8,0.225,7,0.0,0.0,0.0,0.0,0.02564102564102564,0.02564102564102564,0.0,0.02564102564102564,0.02564102564102564,0.0,0.0,0.0,0.0,0.02564102564102564,0.02564102564102564,0.0,0.0,0.02564102564102564,0.02564102564102564,0.0,0.0,0.0,0.0,0.02564102564102564,0.0,0.05128205128205128,0.0,0.0,0.0,0.0,0.05128205128205128,0.0,0.0,0.0,0.0,0.0,0.02564102564102564,0.0,0.02564102564102564,0.05128205128205128,0.02564102564102564,0.0,0.0,0.0,0.0,0.02564102564102564,0.02564102564102564,0.05128205128205128,0.0,0.0,0.05128205128205128,0.02564102564102564,0.02564102564102564,0.05128205128205128,0.05128205128205128,0.0,0.02564102564102564,0.02564102564102564,0.0,0.07692307692307693,0.02564102564102564,0.0,0.02564102564102564,0.05128205128205128,0.0,0.0,0.0,0.0,0.02564102564102564,0.02564102564102564,0.0,0.02564102564102564,0.02564102564102564,0.0,0.0,0.0,0.0,0.02564102564102564,0.02564102564102564,0.0,0.0,0.02564102564102564,0.02564102564102564,0.0,0.0,0.0,0.0,0.02564102564102564,0.0,0.05128205128205128,0.0,0.0,0.0,0.0,0.05128205128205128,0.0,0.0,0.0,0.0,0.0,0.02564102564102564,0.0,0.02564102564102564,0.05128205128205128,0.02564102564102564,0.0,0.0,0.0,0.0,0.02564102564102564,0.02564102564102564,0.05128205128205128,0.0,0.0,0.05128205128205128,0.02564102564102564,0.02564102564102564,0.05128205128205128,0.05128205128205128,0.0,0.02564102564102564,0.02564102564102564,0.0,0.07692307692307693,0.02564102564102564,0.0,0.02564102564102564,0.05128205128205128,2.880709582593748,3.0,0.9602365275312493,0.1794871794871795,obj429,fld1,0
0.1,0.125,0.2,0.05,0.025,0.2,0.175,0.125,8,0.2,5,0.0,0.02564102564102564,0.05128205128205128,0.0,0.0,0.02564102564102564,0.0,0.0,0.02564102564102564,0.0,0.0,0.0,0.0,0.02564102564102564,0.05128205128205128,0.02564102564102564,0.02564102564102564,0.02564102564102564,0.05128205128205128,0.0,0.0,0.07692307692307693,0.0,0.02564102564102564,0.0,0.0,0.0,0.0,0.0,0.0,0.05128205128205128,0.0,0.0,0.02564102564102564,0.0,0.0,0.0,0.0,0.0,0.0,0.0,0.02564102564102564,0.02564102564102564,0.02564102564102564,0.02564102564102564,0.02564102564102564,0.02564102564102564,0.02564102564102564,0.02564102564102564,0.0,0.07692307692307693,0.0,0.0,0.02564102564102564,0.02564102564102564,0.02564102564102564,0.02564102564102564,0.02564102564102564,0.0,0.02564102564102564,0.0,0.0,0.02564102564102564,0.02564102564102564,0.0,0.02564102564102564,0.05128205128205128,0.0,0.0,0.02564102564102564,0.0,0.0,0.02564102564102564,0.0,0.0,0.0,0.0,0.02564102564102564,0.05128205128205128,0.02564102564102564,0.02564102564102564,0.02564102564102564,0.05128205128205128,0.0,0.0,0.07692307692307693,0.0,0.02564102564102564,0.0,0.0,0.0,0.0,0.0,0.0,0.05128205128205128,0.0,0.0,0.02564102564102564,0.0,0.0,0.0,0.0,0.0,0.0,0.0,0.02564102564102564,0.02564102564102564,0.02564102564102564,0.02564102564102564,0.02564102564102564,0.02564102564102564,0.02564102564102564,0.02564102564102564,0.0,0.07692307692307693,0.0,0.0,0.02564102564102564,0.02564102564102564,0.02564102564102564,0.02564102564102564,0.02564102564102564,0.0,0.02564102564102564,0.0,0.0,0.02564102564102564,0.02564102564102564,2.8001589598054406,3.0,0.9333863199351469,0.1282051282051282,obj430,fld2,1
0.125,0.1,0.075,0.175,0.1,0.1,0.1,0.225,8,0.225,7,0.0,0.02564102564102564,0.02564102564102564,0.05128205128205128,0.0,0.02564102564102564,0.0,0.0,0.0,0.0,0.02564102564102564,0.02564102564102564,0.0,0.0,0.02564102564102564,0.02564102564102564,0.0,0.0,0.0,0.0,0.02564102564102564,0.0,0.02564102564102564,0.0,0.02564102564102564,0.0,0.02564102564102564,0.0,0.0,0.02564102564102564,0.0,0.10256410256410256,0.02564102564102564,0.0,0.0,0.02564102564102564,0.0,0.02564102564102564,0.02564102564102564,0.0,0.0,0.0,0.0,0.05128205128205128,0.02564102564102564,0.0,0.0,0.02564102564102564,0.0,0.07692307692307693,0.0,0.0,0.0,0.02564102564102564,0.0,0.0,0.05128205128205128,0.0,0.0,0.02564102564102564,0.05128205128205128,0.0,0.02564102564102564,0.07692307692307693,0.0,0.02564102564102564,0.02564102564102564,0.05128205128205128,0.0,0.02564102564102564,0.0,0.0,0.0,0.0,0.02564102564102564,0.02564102564102564,0.0,0.0,0.02564102564102564,0.02564102564102564,0.0,0.0,0.0,0.0,0.02564102564102564,0.0,0.02564102564102564,0.0,0.02564102564102564,0.0,0.02564102564102564,0.0,0.0,0.02564102564102564,0.0,0.10256410256410256,0.02564102564102564,0.0,0.0,0.02564102564102564,0.0,0.02564102564102564,0.02564102564102564,0.0,0.0,0.0,0.0,0.05128205128205128,0.02564102564102564,0.0,0.0,0.02564102564102564,0.0,0.07692307692307693,0.0,0.0,0.0,0.02564102564102564,0.0,0.0,0.05128205128205128,0.0,0.0,0.02564102564102564,0.05128205128205128,0.0,0.02564102564102564,0.07692307692307693,2.9082946587877543,3.0,0.9694315529292514,0.07692307692307693,obj431,fld4,1
0.175,0.075,0.125,0.075,0.025,0.1,0.3,0.125,8,0.3,6,0.02564102564102564,0.0,0.02564102564102564,0.02564102564102564,0.0,0.05128205128205128,0.02564102564102564,0.02564102564102564,0.02564102564102564,0.0,0.0,0.0,0.0,0.0,0.02564102564102564,0.02564102564102564,0.0,0.02564102564102564,0.0,0.02564102564102564,0.0,0.02564102564102564,0.05128205128205128,0.0,0.02564102564102564,0.0,0.0,0.0,0.0,0.0,0.02564102564102564,0.02564102564102564,0.0,0.0,0.0,0.0,0.0,0.0,0.02564102564102564,0.0,0.0,0.02564102564102564,0.0,0.0,0.02564102564102564,0.02564102564102564,0.0,0.0,0.07692307692307693,0.02564102564102564,0.10256410256410256,0.02564102564102564,0.0,0.0,0.02564102564102564,0.05128205128205128,0.02564102564102564,0.0,0.0,0.0,0.0,0.0,0.10256410256410256,0.0,0.02564102564102564,0.0,0.02564102564102564,0.02564102564102564,0.0,0.05128205128205128,0.02564102564102564,0.02564102564102564,0.02564102564102564,0.0,0.0,0.0,0.0,0.0,0.02564102564102564,0.02564102564102564,0.0,0.02564102564102564,0.0,0.02564102564102564,0.0,0.02564102564102564,0.05128205128205128,0.0,0.02564102564102564,0.0,0.0,0.0,0.0,0.0,0.02564102564102564,0.02564102564102564,0.0,0.0,0.0,0.0,0.0,0.0,0.02564102564102564,0.0,0.0,0.02564102564102564,0.0,0.0,0.02564102564102564,0.02564102564102564,0.0,0.0,0.07692307692307693,0.02564102564102564,0.10256410256410256,0.02564102564102564,0.0,0.0,0.02564102564102564,0.05128205128205128,0.02564102564102564,0.0,0.0,0.0,0.0,0.0,0.10256410256410256,0.0,2.73692583448092,3.0,0.9123086114936401,0.07692307692307693,obj432,fld5,1
0.175,0.1,0.1,0.15,0.1,0.175,0.15,0.05,8,0.175,5,0.05128205128205128,0.02564102564102564,0.02564102564102564,0.02564102564102564,0.02564102564102564,0.0,0.02564102564102564,0.0,0.0,0.0,0.02564102564102564,0.02564102564102564,0.0,0.0,0.05128205128205128,0.0,0.02564102564102564,0.02564102564102564,0.0,0.0,0.02564102564102564,0.02564102564102564,0.0,0.0,0.02564102564102564,0.0,0.0,0.05128205128205128,0.0,0.05128205128205128,0.02564102564102564,0.0,0.02564102564102564,0.0,0.02564102564102564,0.02564102564102564,0.0,0.0,0.02564102564102564,0.0,0.02564102564102564,0.02564102564102564,0.02564102564102564,0.0,0.02564102564102564,0.02564102564102564,0.02564102564102564,0.0,0.0,0.02564102564102564,0.0,0.02564102564102564,0.02564102564102564,0.05128205128205128,0.0,0.02564102564102564,0.02564102564102564,0.0,0.0,0.0,0.0,0.0,0.0,0.02564102564102564,0.05128205128205128,0.02564102564102564,0.02564102564102564,0.02564102564102564,0.02564102564102564,0.0,0.02564102564102564,0.0,0.0,0.0,0.02564102564102564,0.02564102564102564,0.0,0.0,0.05128205128205128,0.0,0.02564102564102564,0.02564102564102564,0.0,0.0,0.02564102564102564,0.02564102564102564,0.0,0.0,0.02564102564102564,0.0,0.0,0.05128205128205128,0.0,0.05128205128205128,0.02564102564102564,0.0,0.02564102564102564,0.0,0.02564102564102564,0.02564102564102564,0.0,0.0,0.02564102564102564,0.0,0.02564102564102564,0.02564102564102564,0.02564102564102564,0.0,0.02564102564102564,0.02564102564102564,0.02564102564102564,0.0,0.0,0.02564102564102564,0.0,0.02564102564102564,0.02564102564102564,0.05128205128205128,0.0,0.02564102564102564,0.02564102564102564,0.0,0.0,0.0,0.0,0.0,0.0,0.02564102564102564,2.9138651219508542,3.0,0.9712883739836181,0.15384615384615385,obj433,fld4,0
0.1,0.025,0.15,0.125,0.125,0.125,0.175,0.175,8,0.175,7,0.02564102564102564,0.0,0.0,0.0,0.05128205128205128,0.0,0.02564102564102564,0.0,0.0,0.0,0.0,0.0,0.0,0.0,0.02564102564102564,0.0,0.0,0.0,0.02564102564102564,0.05128205128205128,0.0,0.0,0.02564102564102564,0.05128205128205128,0.0,0.0,0.02564102564102564,0.02564102564102564,0.02564102564102564,0.0,0.0,0.05128205128205128,0.02564102564102564,0.02564102564102564,0.02564102564102564,0.02564102564102564,0.0,0.0,0.0,0.02564102564102564,0.0,0.0,0.0,0.0,0.0,0.02564102564102564,0.02564102564102564,0.05128205128205128,0.02564102564102564,0.0,0.02564102564102564,0.0,0.02564102564102564,0.07692307692307693,0.02564102564102564,0.0,0.02564102564102564,0.0,0.02564102564102564,0.02564102564102564,0.02564102564102564,0.02564102564102564,0.05128205128205128,0.0,0.02564102564102564,0.0,0.0,0.0,0.05128205128205128,0.0,0.02564102564102564,0.0,0.0,0.0,0.0,0.0,0.0,0.0,0.02564102564102564,0.0,0.0,0.0,0.02564102564102564,0.05128205128205128,0.0,0.0,0.02564102564102564,0.05128205128205128,0.0,0.0,0.02564102564102564,0.02564102564102564,0.02564102564102564,0.0,0.0,0.05128205128205128,0.02564102564102564,0.02564102564102564,0.02564102564102564,0.02564102564102564,0.0,0.0,0.0,0.02564102564102564,0.0,0.0,0.0,0.0,0.0,0.02564102564102564,0.02564102564102564,0.05128205128205128,0.02564102564102564,0.0,0.02564102564102564,0.0,0.02564102564102564,0.07692307692307693,0.02564102564102564,0.0,0.02564102564102564,0.0,0.02564102564102564,0.02564102564102564,0.02564102564102564,0.02564102564102564,0.05128205128205128,0.0,2.8808864614762664,3.0,0.9602954871587555,0.1282051282051282,obj434,fld1,0
0.125,0.25,0.1,0.15,0.05,0.15,0.1,0.075,8,0.25,1,0.0,0.05128205128205128,0.05128205128205128,0.0,0.0,0.0,0.0,0.02564102564102564,0.02564102564102564,0.07692307692307693,0.0,0.02564102564102564,0.0,0.05128205128205128,0.05128205128205128,0.0,0.0,0.0,0.02564102564102564,0.02564102564102564,0.02564102564102564,0.02564102564102564,0.0,0.0,0.02564102564102564,0.02564102564102564,0.0,0.0,0.02564102564102564,0.0,0.05128205128205128,0.02564102564102564,0.0,0.05128205128205128,0.0,0.0,0.0,0.0,0.0,0.0,0.0,0.05128205128205128,0.02564102564102564,0.02564102564102564,0.0,0.05128205128205128,0.0,0.0,0.02564102564102564,0.0,0.0,0.02564102564102564,0.0,0.02564102564102564,0.0,0.02564102564102564,0.05128205128205128,0.0,0.0,0.02564102564102564,0.0,0.0,0.0,0.0,0.0,0.05128205128205128,0.05128205128205128,0.0,0.0,0.0,0.0,0.02564102564102564,0.02564102564102564,0.07692307692307693,0.0,0.02564102564102564,0.0,0.05128205128205128,0.05128205128205128,0.0,0.0,0.0,0.02564102564102564,0.02564102564102564,0.02564102564102564,0.02564102564102564,0.0,0.0,0.02564102564102564,0.02564102564102564,0.0,0.0,0.02564102564102564,0.0,0.05128205128205128,0.02564102564102564,0.0,0.05128205128205128,0.0,0.0,0.0,0.0,0.0,0.0,0.0,0.05128205128205128,0.02564102564102564,0.02564102564102564,0.0,0.05128205128205128,0.0,0.0,0.02564102564102564,0.0,0.0,0.02564102564102564,0.0,0.02564102564102564,0.0,0.02564102564102564,0.05128205128205128,0.0,0.0,0.02564102564102564,0.0,0.0,0.0,0.0,2.856844121534168,3.0,0.9522813738447226,0.15384615384615385,obj435,fld4,0
0.25,0.075,0.075,0.05,0.2,0.0,0.175,0.175,7,0.25,0,0.07692307692307693,0.0,0.0,0.02564102564102564,0.05128205128205128,0.0,0.02564102564102564,0.07692307692307693,0.02564102564102564,0.0,0.0,0.0,0.02564102564102564,0.0,0.02564102564102564,0.0,0.0,0.02564102564102564,0.0,0.02564102564102564,0.0,0.0,0.02564102564102564,0.0,0.02564102564102564,0.0,0.0,0.0,0.02564102564102564,0.0,0.0,0.0,0.05128205128205128,0.0,0.02564102564102564,0.0,0.02564102564102564,0.0,0.05128205128205128,0.05128205128205128,0.0,0.0,0.0,0.0,0.0,0.0,0.0,0.0,0.05128205128205128,0.0,0.02564102564102564,0.0,0.05128205128205128,0.0,0.0,0.05128205128205128,0.02564102564102564,0.02564102564102564,0.02564102564102564,0.0,0.02564102564102564,0.0,0.05128205128205128,0.0,0.07692307692307693,0.0,0.0,0.02564102564102564,0.05128205128205128,0.0,0.02564102564102564,0.07692307692307693,0.02564102564102564,0.0,0.0,0.0,0.02564102564102564,0.0,0.02564102564102564,0.0,0.0,0.02564102564102564,0.0,0.02564102564102564,0.0,0.0,0.02564102564102564,0.0,0.02564102564102564,0.0,0.0,0.0,0.02564102564102564,0.0,0.0,0.0,0.05128205128205128,0.0,0.02564102564102564,0.0,0.02564102564102564,0.0,0.05128205128205128,0.05128205128205128,0.0,0.0,0.0,0.0,0.0,0.0,0.0,0.0,0.05128205128205128,0.0,0.02564102564102564,0.0,0.05128205128205128,0.0,0.0,0.05128205128205128,0.02564102564102564,0.02564102564102564,0.02564102564102564,0.0,0.02564102564102564,0.0,0.05128205128205128,0.0,2.6211274733371868,2.807354922057604,0.8737091577790622,0.10256410256410256,obj436,fld3,0
0.175,0.125,0.05,0.125,0.15,0.1,0.175,0.1,8,0.175,0,0.0,0.0,0.02564102564102564,0.02564102564102564,0.05128205128205128,0.02564102564102564,0.05128205128205128,0.0,0.0,0.05128205128205128,0.0,0.0,0.02564102564102564,0.0,0.0,0.05128205128205128,0.02564102564102564,0.0,0.0,0.02564102564102564,0.0,0.0,0.0,0.0,0.02564102564102564,0.02564102564102564,0.0,0.0,0.0,0.02564102564102564,0.02564102564102564,0.0,0.02564102564102564,0.0,0.0,0.02564102564102564,0.05128205128205128,0.0,0.05128205128205128,0.0,0.05128205128205128,0.0,0.0,0.0,0.0,0.0,0.02564102564102564,0.02564102564102564,0.0,0.0,0.02564102564102564,0.02564102564102564,0.02564102564102564,0.05128205128205128,0.02564102564102564,0.02564102564102564,0.05128205128205128,0.02564102564102564,0.0,0.02564102564102564,0.0,0.0,0.0,0.0,0.0,0.0,0.02564102564102564,0.02564102564102564,0.05128205128205128,0.02564102564102564,0.05128205128205128,0.0,0.0,0.05128205128205128,0.0,0.0,0.02564102564102564,0.0,0.0,0.05128205128205128,0.02564102564102564,0.0,0.0,0.02564102564102564,0.0,0.0,0.0,0.0,0.02564102564102564,0.02564102564102564,0.0,0.0,0.0,0.02564102564102564,0.02564102564102564,0.0,0.02564102564102564,0.0,0.0,0.02564102564102564,0.05128205128205128,0.0,0.05128205128205128,0.0,0.05128205128205128,0.0,0.0,0.0,0.0,0.0,0.02564102564102564,0.02564102564102564,0.0,0.0,0.02564102564102564,0.02564102564102564,0.02564102564102564,0.05128205128205128,0.02564102564102564,0.02564102564102564,0.05128205128205128,0.02564102564102564,0.0,0.02564102564102564,0.0,0.0,0.0,0.0,2.9211274733371866,3.0,0.9737091577790622,0.1282051282051282,obj437,fld2,1
0.225,0.05,0.125,0.1,0.075,0.175,0.175,0.075,8,0.225,0,0.05128205128205128,0.0,0.07692307692307693,0.0,0.0,0.07692307692307693,0.02564102564102564,0.0,0.02564102564102564,0.0,0.02564102564102564,0.0,0.0,0.0,0.0,0.0,0.02564102564102564,0.0,0.0,0.02564102564102564,0.0,0.05128205128205128,0.0,0.0,0.0,0.02564102564102564,0.0,0.0,0.02564102564102564,0.02564102564102564,0.02564102564102564,0.0,0.02564102564102564,0.0,0.0,0.02564102564102564,0.0,0.0,0.02564102564102564,0.0,0.02564102564102564,0.0,0.0,0.05128205128205128,0.0,0.02564102564102564,0.05128205128205128,0.02564102564102564,0.05128205128205128,0.02564102564102564,0.0,0.0,0.02564102564102564,0.0,0.05128205128205128,0.02564102564102564,0.0,0.0,0.02564102564102564,0.0,0.02564102564102564,0.0,0.0,0.02564102564102564,0.05128205128205128,0.0,0.07692307692307693,0.0,0.0,0.07692307692307693,0.02564102564102564,0.0,0.02564102564102564,0.0,0.02564102564102564,0.0,0.0,0.0,0.0,0.0,0.02564102564102564,0.0,0.0,0.02564102564102564,0.0,0.05128205128205128,0.0,0.0,0.0,0.02564102564102564,0.0,0.0,0.02564102564102564,0.02564102564102564,0.02564102564102564,0.0,0.02564102564102564,0.0,0.0,0.02564102564102564,0.0,0.0,0.02564102564102564,0.0,0.02564102564102564,0.0,0.0,0.05128205128205128,0.0,0.02564102564102564,0.05128205128205128,0.02564102564102564,0.05128205128205128,0.02564102564102564,0.0,0.0,0.02564102564102564,0.0,0.05128205128205128,0.02564102564102564,0.0,0.0,0.02564102564102564,0.0,0.02564102564102564,0.0,0.0,0.02564102564102564,2.848135359873587,3.0,0.9493784532911956,0.15384615384615385,obj438,fld1,0
0.075,0.2,0.1,0.15,0.1,0.125,0.2,0.05,8,0.2,1,0.02564102564102564,0.02564102564102564,0.0,0.0,0.0,0.02564102564102564,0.0,0.0,0.0,0.05128205128205128,0.0,0.07692307692307693,0.05128205128205128,0.0,0.02564102564102564,0.0,0.02564102564102564,0.0,0.0,0.0,0.0,0.02564102564102564,0.02564102564102564,0.02564102564102564,0.0,0.02564102564102564,0.0,0.0,0.02564102564102564,0.02564102564102564,0.05128205128205128,0.02564102564102564,0.02564102564102564,0.0,0.02564102564102564,0.02564102564102564,0.0,0.0,0.02564102564102564,0.0,0.0,0.02564102564102564,0.02564102564102564,0.02564102564102564,0.02564102564102564,0.0,0.02564102564102564,0.0,0.0,0.02564102564102564,0.05128205128205128,0.02564102564102564,0.0,0.05128205128205128,0.05128205128205128,0.0,0.0,0.02564102564102564,0.0,0.0,0.0,0.0,0.0,0.0,0.02564102564102564,0.02564102564102564,0.0,0.0,0.0,0.02564102564102564,0.0,0.0,0.0,0.05128205128205128,0.0,0.07692307692307693,0.05128205128205128,0.0,0.02564102564102564,0.0,0.02564102564102564,0.0,0.0,0.0,0.0,0.02564102564102564,0.02564102564102564,0.02564102564102564,0.0,0.02564102564102564,0.0,0.0,0.02564102564102564,0.02564102564102564,0.05128205128205128,0.02564102564102564,0.02564102564102564,0.0,0.02564102564102564,0.02564102564102564,0.0,0.0,0.02564102564102564,0.0,0.0,0.02564102564102564,0.02564102564102564,0.02564102564102564,0.02564102564102564,0.0,0.02564102564102564,0.0,0.0,0.02564102564102564,0.05128205128205128,0.02564102564102564,0.0,0.05128205128205128,0.05128205128205128,0.0,0.0,0.02564102564102564,0.0,0.0,0.0,0.0,0.0,0.0,2.8750705203641815,3.0,0.9583568401213939,0.1282051282051282,obj439,fld4,1
0.125,0.075,0.025,0.225,0.1,0.225,0.15,0.075,8,0.225,3,0.0,0.0,0.0,0.02564102564102564,0.02564102564102564,0.05128205128205128,0.02564102564102564,0.0,0.02564102564102564,0.0,0.0,0.02564102564102564,0.0,0.0,0.02564102564102564,0.0,0.0,0.0,0.0,0.0,0.0,0.0,0.0,0.02564102564102564,0.02564102564102564,0.02564102564102564,0.0,0.05128205128205128,0.02564102564102564,0.10256410256410256,0.0,0.0,0.0,0.0,0.0,0.02564102564102564,0.0,0.02564102564102564,0.02564102564102564,0.02564102564102564,0.0,0.05128205128205128,0.02564102564102564,0.02564102564102564,0.02564102564102564,0.02564102564102564,0.02564102564102564,0.02564102564102564,0.07692307692307693,0.0,0.0,0.02564102564102564,0.0,0.0,0.05128205128205128,0.0,0.0,0.0,0.0,0.02564102564102564,0.02564102564102564,0.02564102564102564,0.0,0.0,0.0,0.0,0.0,0.02564102564102564,0.02564102564102564,0.05128205128205128,0.02564102564102564,0.0,0.02564102564102564,0.0,0.0,0.02564102564102564,0.0,0.0,0.02564102564102564,0.0,0.0,0.0,0.0,0.0,0.0,0.0,0.0,0.02564102564102564,0.02564102564102564,0.02564102564102564,0.0,0.05128205128205128,0.02564102564102564,0.10256410256410256,0.0,0.0,0.0,0.0,0.0,0.02564102564102564,0.0,0.02564102564102564,0.02564102564102564,0.02564102564102564,0.0,0.05128205128205128,0.02564102564102564,0.02564102564102564,0.02564102564102564,0.02564102564102564,0.02564102564102564,0.02564102564102564,0.07692307692307693,0.0,0.0,0.02564102564102564,0.0,0.0,0.05128205128205128,0.0,0.0,0.0,0.0,0.02564102564102564,0.02564102564102564,0.02564102564102564,0.0,0.0,2.779732082161054,3.0,0.9265773607203514,0.1282051282051282,obj440,fld1,1
0.075,0.325,0.025,0.15,0.15,0.15,0.025,0.1,8,0.325,1,0.0,0.02564102564102564,0.0,0.0,0.0,0.02564102564102564,0.0,0.02564102564102564,0.02564102564102564,0.07692307692307693,0.0,0.05128205128205128,0.05128205128205128,0.07692307692307693,0.0,0.05128205128205128,0.0,0.0,0.0,0.0,0.0,0.0,0.0,0.02564102564102564,0.0,0.10256410256410256,0.0,0.0,0.02564102564102564,0.02564102564102564,0.0,0.0,0.05128205128205128,0.0,0.0,0.05128205128205128,0.0,0.02564102564102564,0.02564102564102564,0.0,0.0,0.07692307692307693,0.0,0.02564102564102564,0.02564102564102564,0.0,0.0,0.0,0.0,0.0,0.0,0.0,0.02564102564102564,0.0,0.0,0.0,0.0,0.05128205128205128,0.02564102564102564,0.0,0.02564102564102564,0.0,0.0,0.0,0.0,0.02564102564102564,0.0,0.0,0.0,0.02564102564102564,0.0,0.02564102564102564,0.02564102564102564,0.07692307692307693,0.0,0.05128205128205128,0.05128205128205128,0.07692307692307693,0.0,0.05128205128205128,0.0,0.0,0.0,0.0,0.0,0.0,0.0,0.02564102564102564,0.0,0.10256410256410256,0.0,0.0,0.02564102564102564,0.02564102564102564,0.0,0.0,0.05128205128205128,0.0,0.0,0.05128205128205128,0.0,0.02564102564102564,0.02564102564102564,0.0,0.0,0.07692307692307693,0.0,0.02564102564102564,0.02564102564102564,0.0,0.0,0.0,0.0,0.0,0.0,0.0,0.02564102564102564,0.0,0.0,0.0,0.0,0.05128205128205128,0.02564102564102564,0.0,0.02564102564102564,0.0,0.0,0.0,2.6371798736129,3.0,0.8790599578709667,0.07692307692307693,obj441,fld3,0
0.275,0.075,0.075,0.1,0.05,0.1,0.15,0.175,8,0.275,0,0.07692307692307693,0.02564102564102564,0.02564102564102564,0.02564102564102564,0.0,0.0,0.05128205128205128,0.07692307692307693,0.02564102564102564,0.0,0.02564102564102564,0.0,0.02564102564102564,0.0,0.0,0.0,0.02564102564102564,0.0,0.0,0.0,0.0,0.02564102564102564,0.0,0.02564102564102564,0.02564102564102564,0.0,0.0,0.02564102564102564,0.0,0.02564102564102564,0.02564102564102564,0.0,0.02564102564102564,0.02564102564102564,0.0,0.0,0.0,0.0,0.0,0.0,0.02564102564102564,0.02564102564102564,0.0,0.02564102564102564,0.0,0.0,0.0,0.02564102564102564,0.02564102564102564,0.0,0.02564102564102564,0.0,0.0,0.02564102564102564,0.05128205128205128,0.02564102564102564,0.05128205128205128,0.0,0.0,0.02564102564102564,0.02564102564102564,0.02564102564102564,0.0,0.02564102564102564,0.07692307692307693,0.02564102564102564,0.02564102564102564,0.02564102564102564,0.0,0.0,0.05128205128205128,0.07692307692307693,0.02564102564102564,0.0,0.02564102564102564,0.0,0.02564102564102564,0.0,0.0,0.0,0.02564102564102564,0.0,0.0,0.0,0.0,0.02564102564102564,0.0,0.02564102564102564,0.02564102564102564,0.0,0.0,0.02564102564102564,0.0,0.02564102564102564,0.02564102564102564,0.0,0.02564102564102564,0.02564102564102564,0.0,0.0,0.0,0.0,0.0,0.0,0.02564102564102564,0.02564102564102564,0.0,0.02564102564102564,0.0,0.0,0.0,0.02564102564102564,0.02564102564102564,0.0,0.02564102564102564,0.0,0.0,0.02564102564102564,0.05128205128205128,0.02564102564102564,0.05128205128205128,0.0,0.0,0.02564102564102564,0.02564102564102564,0.02564102564102564,0.0,0.02564102564102564,2.803808538185678,3.0,0.9346028460618926,0.1794871794871795,obj442,fld1,1
0.1,0.075,0.1,0.15,0.1,0.175,0.125,0.175,8,0.175,5,0.0,0.0,0.02564102564102564,0.02564102564102564,0.0,0.0,0.05128205128205128,0.0,0.0,0.0,0.02564102564102564,0.02564102564102564,0.02564102564102564,0.0,0.0,0.0,0.02564102564102564,0.0,0.0,0.05128205128205128,0.0,0.02564102564102564,0.0,0.0,0.02564102564102564,0.02564102564102564,0.0,0.0,0.0,0.05128205128205128,0.0,0.05128205128205128,0.0,0.02564102564102564,0.0,0.02564102564102564,0.0,0.0,0.02564102564102564,0.0,0.0,0.02564102564102564,0.05128205128205128,0.02564102564102564,0.0,0.0,0.0,0.07692307692307693,0.02564102564102564,0.0,0.0,0.0,0.05128205128205128,0.05128205128205128,0.0,0.0,0.02564102564102564,0.0,0.0,0.0,0.02564102564102564,0.05128205128205128,0.02564102564102564,0.05128205128205128,0.0,0.0,0.02564102564102564,0.02564102564102564,0.0,0.0,0.05128205128205128,0.0,0.0,0.0,0.02564102564102564,0.02564102564102564,0.02564102564102564,0.0,0.0,0.0,0.02564102564102564,0.0,0.0,0.05128205128205128,0.0,0.02564102564102564,0.0,0.0,0.02564102564102564,0.02564102564102564,0.0,0.0,0.0,0.05128205128205128,0.0,0.05128205128205128,0.0,0.02564102564102564,0.0,0.02564102564102564,0.0,0.0,0.02564102564102564,0.0,0.0,0.02564102564102564,0.05128205128205128,0.02564102564102564,0.0,0.0,0.0,0.07692307692307693,0.02564102564102564,0.0,0.0,0.0,0.05128205128205128,0.05128205128205128,0.0,0.0,0.02564102564102564,0.0,0.0,0.0,0.02564102564102564,0.05128205128205128,0.02564102564102564,0.05128205128205128,2.94249629764402,3.0,0.9808320992146733,0.05128205128205128,obj443,fld1,1
0.05,0.075,0.15,0.125,0.125,0.3,0.1,0.075,8,0.3,5,0.0,0.0,0.0,0.0,0.02564102564102564,0.02564102564102564,0.0,0.0,0.0,0.0,0.0,0.0,0.02564102564102564,0.05128205128205128,0.0,0.0,0.0,0.0,0.02564102564102564,0.0,0.0,0.07692307692307693,0.02564102564102564,0.02564102564102564,0.0,0.02564102564102564,0.02564102564102564,0.0,0.02564102564102564,0.05128205128205128,0.0,0.0,0.0,0.02564102564102564,0.0,0.05128205128205128,0.0,0.0,0.0,0.02564102564102564,0.05128205128205128,0.02564102564102564,0.05128205128205128,0.07692307692307693,0.0,0.05128205128205128,0.02564102564102564,0.02564102564102564,0.0,0.0,0.02564102564102564,0.0,0.05128205128205128,0.02564102564102564,0.0,0.0,0.0,0.0,0.02564102564102564,0.0,0.0,0.02564102564102564,0.02564102564102564,0.0,0.0,0.0,0.0,0.0,0.02564102564102564,0.02564102564102564,0.0,0.0,0.0,0.0,0.0,0.0,0.02564102564102564,0.05128205128205128,0.0,0.0,0.0,0.0,0.02564102564102564,0.0,0.0,0.07692307692307693,0.02564102564102564,0.02564102564102564,0.0,0.02564102564102564,0.02564102564102564,0.0,0.02564102564102564,0.05128205128205128,0.0,0.0,0.0,0.02564102564102564,0.0,0.05128205128205128,0.0,0.0,0.0,0.02564102564102564,0.05128205128205128,0.02564102564102564,0.05128205128205128,0.07692307692307693,0.0,0.05128205128205128,0.02564102564102564,0.02564102564102564,0.0,0.0,0.02564102564102564,0.0,0.05128205128205128,0.02564102564102564,0.0,0.0,0.0,0.0,0.02564102564102564,0.0,0.0,0.02564102564102564,0.02564102564102564,0.0,2.790468570732828,3.0,0.930156190244276,0.07692307692307693,obj444,fld4,0
0.125,0.175,0.125,0.075,0.15,0.075,0.125,0.15,8,0.175,1,0.0,0.02564102564102564,0.02564102564102564,0.0,0.02564102564102564,0.0,0.02564102564102564,0.02564102564102564,0.0,0.02564102564102564,0.02564102564102564,0.0,0.05128205128205128,0.0,0.0,0.07692307692307693,0.02564102564102564,0.0,0.05128205128205128,0.0,0.02564102564102564,0.0,0.02564102564102564,0.0,0.0,0.0,0.0,0.0,0.0,0.0,0.05128205128205128,0.0,0.0,0.05128205128205128,0.0,0.02564102564102564,0.02564102564102564,0.02564102564102564,0.0,0.02564102564102564,0.0,0.02564102564102564,0.02564102564102564,0.0,0.0,0.0,0.02564102564102564,0.0,0.05128205128205128,0.05128205128205128,0.0,0.0,0.0,0.02564102564102564,0.0,0.0,0.05128205128205128,0.0,0.0,0.05128205128205128,0.02564102564102564,0.02564102564102564,0.0,0.0,0.0,0.02564102564102564,0.02564102564102564,0.0,0.02564102564102564,0.0,0.02564102564102564,0.02564102564102564,0.0,0.02564102564102564,0.02564102564102564,0.0,0.05128205128205128,0.0,0.0,0.07692307692307693,0.02564102564102564,0.0,0.05128205128205128,0.0,0.02564102564102564,0.0,0.02564102564102564,0.0,0.0,0.0,0.0,0.0,0.0,0.0,0.05128205128205128,0.0,0.0,0.05128205128205128,0.0,0.02564102564102564,0.02564102564102564,0.02564102564102564,0.0,0.02564102564102564,0.0,0.02564102564102564,0.02564102564102564,0.0,0.0,0.0,0.02564102564102564,0.0,0.05128205128205128,0.05128205128205128,0.0,0.0,0.0,0.02564102564102564,0.0,0.0,0.05128205128205128,0.0,0.0,0.05128205128205128,0.02564102564102564,0.02564102564102564,0.0,0.0,2.9466848226200004,3.0,0.9822282742066668,0.10256410256410256,obj445,fld5,0
0.15,0.175,0.15,0.075,0.075,0.125,0.125,0.125,8,0.175,1,0.0,0.0,0.05128205128205128,0.02564102564102564,0.02564102564102564,0.02564102564102564,0.0,0.02564102564102564,0.02564102564102564,0.0,0.05128205128205128,0.0,0.02564102564102564,0.02564102564102564,0.02564102564102564,0.02564102564102564,0.02564102564102564,0.05128205128205128,0.0,0.02564102564102564,0.0,0.02564102564102564,0.0,0.02564102564102564,0.0,0.02564102564102564,0.02564102564102564,0.0,0.0,0.0,0.0,0.02564102564102564,0.0,0.02564102564102564,0.0,0.0,0.02564102564102564,0.0,0.02564102564102564,0.0,0.02564102564102564,0.0,0.0,0.02564102564102564,0.0,0.02564102564102564,0.02564102564102564,0.0,0.0,0.02564102564102564,0.02564102564102564,0.0,0.0,0.02564102564102564,0.05128205128205128,0.0,0.05128205128205128,0.05128205128205128,0.0,0.0,0.0,0.0,0.0,0.02564102564102564,0.0,0.0,0.05128205128205128,0.02564102564102564,0.02564102564102564,0.02564102564102564,0.0,0.02564102564102564,0.02564102564102564,0.0,0.05128205128205128,0.0,0.02564102564102564,0.02564102564102564,0.02564102564102564,0.02564102564102564,0.02564102564102564,0.05128205128205128,0.0,0.02564102564102564,0.0,0.02564102564102564,0.0,0.02564102564102564,0.0,0.02564102564102564,0.02564102564102564,0.0,0.0,0.0,0.0,0.02564102564102564,0.0,0.02564102564102564,0.0,0.0,0.02564102564102564,0.0,0.02564102564102564,0.0,0.02564102564102564,0.0,0.0,0.02564102564102564,0.0,0.02564102564102564,0.02564102564102564,0.0,0.0,0.02564102564102564,0.02564102564102564,0.0,0.0,0.02564102564102564,0.05128205128205128,0.0,0.05128205128205128,0.05128205128205128,0.0,0.0,0.0,0.0,0.0,0.02564102564102564,2.946684822620001,3.0,0.9822282742066669,0.1282051282051282,obj446,fld4,1
0.1,0.075,0.2,0.125,0.15,0.1,0.1,0.15,8,0.2,2,0.02564102564102564,0.02564102564102564,0.0,0.0,0.0,0.02564102564102564,0.0,0.02564102564102564,0.0,0.0,0.02564102564102564,0.0,0.02564102564102564,0.02564102564102564,0.0,0.0,0.02564102564102564,0.02564102564102564,0.02564102564102564,0.02564102564102564,0.05128205128205128,0.02564102564102564,0.0,0.02564102564102564,0.0,0.0,0.02564102564102564,0.02564102564102564,0.0,0.0,0.0,0.05128205128205128,0.02564102564102564,0.0,0.02564102564102564,0.02564102564102564,0.02564102564102564,0.0,0.05128205128205128,0.0,0.0,0.0,0.0,0.05128205128205128,0.0,0.02564102564102564,0.02564102564102564,0.0,0.0,0.02564102564102564,0.02564102564102564,0.0,0.02564102564102564,0.0,0.0,0.02564102564102564,0.02564102564102564,0.0,0.07692307692307693,0.0,0.02564102564102564,0.0,0.0,0.02564102564102564,0.02564102564102564,0.02564102564102564,0.0,0.0,0.0,0.02564102564102564,0.0,0.02564102564102564,0.0,0.0,0.02564102564102564,0.0,0.02564102564102564,0.02564102564102564,0.0,0.0,0.02564102564102564,0.02564102564102564,0.02564102564102564,0.02564102564102564,0.05128205128205128,0.02564102564102564,0.0,0.02564102564102564,0.0,0.0,0.02564102564102564,0.02564102564102564,0.0,0.0,0.0,0.05128205128205128,0.02564102564102564,0.0,0.02564102564102564,0.02564102564102564,0.02564102564102564,0.0,0.05128205128205128,0.0,0.0,0.0,0.0,0.05128205128205128,0.0,0.02564102564102564,0.02564102564102564,0.0,0.0,0.02564102564102564,0.02564102564102564,0.0,0.02564102564102564,0.0,0.0,0.02564102564102564,0.02564102564102564,0.0,0.07692307692307693,0.0,0.02564102564102564,0.0,0.0,0.02564102564102564,2.937326145256008,3.0,0.979108715085336,0.15384615384615385,obj447,fld3,0
0.175,0.15,0.05,0.075,0.175,0.125,0.125,0.125,8,0.175,4,0.0,0.07692307692307693,0.0,0.0,0.02564102564102564,0.0,0.02564102564102564,0.05128205128205128,0.05128205128205128,0.0,0.02564102564102564,0.0,0.0,0.02564102564102564,0.02564102564102564,0.02564102564102564,0.0,0.0,0.0,0.0,0.02564102564102564,0.02564102564102564,0.0,0.0,0.0,0.0,0.0,0.02564102564102564,0.02564102564102564,0.02564102564102564,0.0,0.0,0.07692307692307693,0.0,0.0,0.0,0.02564102564102564,0.0,0.02564102564102564,0.05128205128205128,0.02564102564102564,0.02564102564102564,0.0,0.0,0.02564102564102564,0.02564102564102564,0.0,0.0,0.0,0.02564102564102564,0.02564102564102564,0.02564102564102564,0.05128205128205128,0.0,0.0,0.0,0.02564102564102564,0.02564102564102564,0.0,0.02564102564102564,0.0,0.02564102564102564,0.02564102564102564,0.0,0.0,0.07692307692307693,0.0,0.0,0.02564102564102564,0.0,0.02564102564102564,0.05128205128205128,0.05128205128205128,0.0,0.02564102564102564,0.0,0.0,0.02564102564102564,0.02564102564102564,0.02564102564102564,0.0,0.0,0.0,0.0,0.02564102564102564,0.02564102564102564,0.0,0.0,0.0,0.0,0.0,0.02564102564102564,0.02564102564102564,0.02564102564102564,0.0,0.0,0.07692307692307693,0.0,0.0,0.0,0.02564102564102564,0.0,0.02564102564102564,0.05128205128205128,0.02564102564102564,0.02564102564102564,0.0,0.0,0.02564102564102564,0.02564102564102564,0.0,0.0,0.0,0.02564102564102564,0.02564102564102564,0.02564102564102564,0.05128205128205128,0.0,0.0,0.0,0.02564102564102564,0.02564102564102564,0.0,0.02564102564102564,0.0,0.02564102564102564,0.02564102564102564,0.0,2.91201427392218,3.0,0.9706714246407268,0.07692307692307693,obj448,fld1,0
0.05,0.075,0.125,0.2,0.075,0.2,0.1,0.175,8,0.2,3,0.0,0.0,0.0,0.0,0.0,0.0,0.02564102564102564,0.02564102564102564,0.0,0.02564102564102564,0.0,0.02564102564102564,0.0,0.0,0.0,0.02564102564102564,0.0,0.0,0.0,0.02564102564102564,0.02564102564102564,0.02564102564102564,0.0,0.02564102564102564,0.05128205128205128,0.0,0.05128205128205128,0.05128205128205128,0.0,0.02564102564102564,0.0,0.02564102564102564,0.0,0.0,0.0,0.05128205128205128,0.0,0.02564102564102564,0.0,0.0,0.0,0.02564102564102564,0.02564102564102564,0.02564102564102564,0.0,0.07692307692307693,0.02564102564102564,0.02564102564102564,0.0,0.0,0.0,0.0,0.02564102564102564,0.02564102564102564,0.02564102564102564,0.02564102564102564,0.0,0.02564102564102564,0.02564102564102564,0.02564102564102564,0.02564102564102564,0.02564102564102564,0.02564102564102564,0.02564102564102564,0.0,0.0,0.0,0.0,0.0,0.0,0.02564102564102564,0.02564102564102564,0.0,0.02564102564102564,0.0,0.02564102564102564,0.0,0.0,0.0,0.02564102564102564,0.0,0.0,0.0,0.02564102564102564,0.02564102564102564,0.02564102564102564,0.0,0.02564102564102564,0.05128205128205128,0.0,0.05128205128205128,0.05128205128205128,0.0,0.02564102564102564,0.0,0.02564102564102564,0.0,0.0,0.0,0.05128205128205128,0.0,0.02564102564102564,0.0,0.0,0.0,0.02564102564102564,0.02564102564102564,0.02564102564102564,0.0,0.07692307692307693,0.02564102564102564,0.02564102564102564,0.0,0.0,0.0,0.0,0.02564102564102564,0.02564102564102564,0.02564102564102564,0.02564102564102564,0.0,0.02564102564102564,0.02564102564102564,0.02564102564102564,0.02564102564102564,0.02564102564102564,0.02564102564102564,0.02564102564102564,2.8526555965581872,3.0,0.950885198852729,0.20512820512820512,obj449,fld5,0
0.175,0.075,0.125,0.2,0.175,0.025,0.15,0.075,8,0.2,3,0.02564102564102564,0.0,0.07692307692307693,0.02564102564102564,0.02564102564102564,0.0,0.0,0.02564102564102564,0.02564102564102564,0.0,0.0,0.0,0.02564102564102564,0.0,0.02564102564102564,0.0,0.05128205128205128,0.0,0.0,0.0,0.05128205128205128,0.0,0.02564102564102564,0.0,0.05128205128205128,0.02564102564102564,0.0,0.05128205128205128,0.02564102564102564,0.0,0.02564102564102564,0.02564102564102564,0.02564102564102564,0.0,0.05128205128205128,0.0,0.02564102564102564,0.0,0.05128205128205128,0.02564102564102564,0.0,0.0,0.0,0.0,0.02564102564102564,0.0,0.0,0.0,0.0,0.05128205128205128,0.0,0.07692307692307693,0.0,0.0,0.0,0.0,0.0,0.0,0.0,0.05128205128205128,0.0,0.0,0.02564102564102564,0.0,0.02564102564102564,0.0,0.07692307692307693,0.02564102564102564,0.02564102564102564,0.0,0.0,0.02564102564102564,0.02564102564102564,0.0,0.0,0.0,0.02564102564102564,0.0,0.02564102564102564,0.0,0.05128205128205128,0.0,0.0,0.0,0.05128205128205128,0.0,0.02564102564102564,0.0,0.05128205128205128,0.02564102564102564,0.0,0.05128205128205128,0.02564102564102564,0.0,0.02564102564102564,0.02564102564102564,0.02564102564102564,0.0,0.05128205128205128,0.0,0.02564102564102564,0.0,0.05128205128205128,0.02564102564102564,0.0,0.0,0.0,0.0,0.02564102564102564,0.0,0.0,0.0,0.0,0.05128205128205128,0.0,0.07692307692307693,0.0,0.0,0.0,0.0,0.0,0.0,0.0,0.05128205128205128,0.0,0.0,0.02564102564102564,0.0,2.8236241100899337,3.0,0.9412080366966445,0.10256410256410256,obj450,fld2,0
0.125,0.15,0.1,0.1,0.075,0.2,0.125,0.125,8,0.2,5,0.0,0.0,0.02564102564102564,0.05128205128205128,0.0,0.02564102564102564,0.02564102564102564,0.0,0.0,0.02564102564102564,0.0,0.0,0.02564102564102564,0.02564102564102564,0.02564102564102564,0.05128205128205128,0.05128205128205128,0.02564102564102564,0.0,0.0,0.02564102564102564,0.0,0.0,0.0,0.0,0.02564102564102564,0.02564102564102564,0.0,0.0,0.02564102564102564,0.02564102564102564,0.0,0.02564102564102564,0.0,0.0,0.0,0.0,0.0,0.02564102564102564,0.02564102564102564,0.0,0.05128205128205128,0.02564102564102564,0.02564102564102564,0.0,0.02564102564102564,0.02564102564102564,0.02564102564102564,0.0,0.0,0.02564102564102564,0.02564102564102564,0.0,0.07692307692307693,0.0,0.0,0.05128205128205128,0.02564102564102564,0.0,0.0,0.02564102564102564,0.0,0.0,0.02564102564102564,0.0,0.0,0.02564102564102564,0.05128205128205128,0.0,0.02564102564102564,0.02564102564102564,0.0,0.0,0.02564102564102564,0.0,0.0,0.02564102564102564,0.02564102564102564,0.02564102564102564,0.05128205128205128,0.05128205128205128,0.02564102564102564,0.0,0.0,0.02564102564102564,0.0,0.0,0.0,0.0,0.02564102564102564,0.02564102564102564,0.0,0.0,0.02564102564102564,0.02564102564102564,0.0,0.02564102564102564,0.0,0.0,0.0,0.0,0.0,0.02564102564102564,0.02564102564102564,0.0,0.05128205128205128,0.02564102564102564,0.02564102564102564,0.0,0.02564102564102564,0.02564102564102564,0.02564102564102564,0.0,0.0,0.02564102564102564,0.02564102564102564,0.0,0.07692307692307693,0.0,0.0,0.05128205128205128,0.02564102564102564,0.0,0.0,0.02564102564102564,0.0,0.0,0.02564102564102564,2.944588496642341,3.0,0.9815294988807803,0.07692307692307693,obj451,fld1,0
0.05,0.15,0.1,0.25,0.1,0.15,0.125,0.075,8,0.25,3,0.0,0.0,0.0,0.0,0.0,0.02564102564102564,0.0,0.02564102564102564,0.0,0.05128205128205128,0.02564102564102564,0.02564102564102564,0.0,0.02564102564102564,0.02564102564102564,0.0,0.02564102564102564,0.0,0.0,0.05128205128205128,0.0,0.02564102564102564,0.0,0.0,0.02564102564102564,0.0,0.0,0.05128205128205128,0.05128205128205128,0.02564102564102564,0.07692307692307693,0.0,0.0,0.02564102564102564,0.0,0.05128205128205128,0.0,0.0,0.0,0.02564102564102564,0.0,0.0,0.02564102564102564,0.07692307692307693,0.02564102564102564,0.02564102564102564,0.0,0.0,0.0,0.05128205128205128,0.0,0.0,0.0,0.02564102564102564,0.02564102564102564,0.02564102564102564,0.0,0.02564102564102564,0.02564102564102564,0.0,0.02564102564102564,0.0,0.0,0.0,0.0,0.0,0.0,0.0,0.0,0.02564102564102564,0.0,0.02564102564102564,0.0,0.05128205128205128,0.02564102564102564,0.02564102564102564,0.0,0.02564102564102564,0.02564102564102564,0.0,0.02564102564102564,0.0,0.0,0.05128205128205128,0.0,0.02564102564102564,0.0,0.0,0.02564102564102564,0.0,0.0,0.05128205128205128,0.05128205128205128,0.02564102564102564,0.07692307692307693,0.0,0.0,0.02564102564102564,0.0,0.05128205128205128,0.0,0.0,0.0,0.02564102564102564,0.0,0.0,0.02564102564102564,0.07692307692307693,0.02564102564102564,0.02564102564102564,0.0,0.0,0.0,0.05128205128205128,0.0,0.0,0.0,0.02564102564102564,0.02564102564102564,0.02564102564102564,0.0,0.02564102564102564,0.02564102564102564,0.0,0.02564102564102564,0.0,0.0,0.0,2.856844121534168,3.0,0.9522813738447226,0.15384615384615385,obj452,fld1,1
0.15,0.125,0.1,0.2,0.075,0.225,0.05,0.075,8,0.225,5,0.02564102564102564,0.02564102564102564,0.05128205128205128,0.02564102564102564,0.0,0.02564102564102564,0.0,0.0,0.0,0.0,0.0,0.05128205128205128,0.02564102564102564,0.0,0.0,0.05128205128205128,0.02564102564102564,0.0,0.0,0.0,0.0,0.05128205128205128,0.0,0.0,0.02564102564102564,0.05128205128205128,0.0,0.0,0.02564102564102564,0.05128205128205128,0.02564102564102564,0.02564102564102564,0.02564102564102564,0.0,0.0,0.05128205128205128,0.0,0.0,0.0,0.0,0.05128205128205128,0.05128205128205128,0.05128205128205128,0.02564102564102564,0.0,0.05128205128205128,0.0,0.0,0.0,0.0,0.0,0.0,0.0,0.05128205128205128,0.0,0.0,0.0,0.0,0.0,0.02564102564102564,0.02564102564102564,0.0,0.02564102564102564,0.0,0.02564102564102564,0.02564102564102564,0.05128205128205128,0.02564102564102564,0.0,0.02564102564102564,0.0,0.0,0.0,0.0,0.0,0.05128205128205128,0.02564102564102564,0.0,0.0,0.05128205128205128,0.02564102564102564,0.0,0.0,0.0,0.0,0.05128205128205128,0.0,0.0,0.02564102564102564,0.05128205128205128,0.0,0.0,0.02564102564102564,0.05128205128205128,0.02564102564102564,0.02564102564102564,0.02564102564102564,0.0,0.0,0.05128205128205128,0.0,0.0,0.0,0.0,0.05128205128205128,0.05128205128205128,0.05128205128205128,0.02564102564102564,0.0,0.05128205128205128,0.0,0.0,0.0,0.0,0.0,0.0,0.0,0.05128205128205128,0.0,0.0,0.0,0.0,0.0,0.02564102564102564,0.02564102564102564,0.0,0.02564102564102564,0.0,2.8429652074855745,3.0,0.9476550691618582,0.07692307692307693,obj453,fld2,1
0.15,0.1,0.1,0.05,0.2,0.125,0.175,0.1,8,0.2,4,0.05128205128205128,0.0,0.0,0.02564102564102564,0.07692307692307693,0.0,0.0,0.0,0.0,0.0,0.0,0.0,0.0,0.0,0.05128205128205128,0.05128205128205128,0.0,0.0,0.0,0.0,0.02564102564102564,0.05128205128205128,0.0,0.02564102564102564,0.0,0.02564102564102564,0.0,0.0,0.0,0.0,0.02564102564102564,0.0,0.05128205128205128,0.02564102564102564,0.02564102564102564,0.02564102564102564,0.05128205128205128,0.0,0.02564102564102564,0.0,0.05128205128205128,0.02564102564102564,0.0,0.0,0.02564102564102564,0.0,0.02564102564102564,0.0,0.0,0.0,0.05128205128205128,0.0,0.0,0.05128205128205128,0.02564102564102564,0.02564102564102564,0.0,0.02564102564102564,0.02564102564102564,0.0,0.0,0.02564102564102564,0.02564102564102564,0.0,0.05128205128205128,0.0,0.0,0.02564102564102564,0.07692307692307693,0.0,0.0,0.0,0.0,0.0,0.0,0.0,0.0,0.0,0.05128205128205128,0.05128205128205128,0.0,0.0,0.0,0.0,0.02564102564102564,0.05128205128205128,0.0,0.02564102564102564,0.0,0.02564102564102564,0.0,0.0,0.0,0.0,0.02564102564102564,0.0,0.05128205128205128,0.02564102564102564,0.02564102564102564,0.02564102564102564,0.05128205128205128,0.0,0.02564102564102564,0.0,0.05128205128205128,0.02564102564102564,0.0,0.0,0.02564102564102564,0.0,0.02564102564102564,0.0,0.0,0.0,0.05128205128205128,0.0,0.0,0.05128205128205128,0.02564102564102564,0.02564102564102564,0.0,0.02564102564102564,0.02564102564102564,0.0,0.0,0.02564102564102564,0.02564102564102564,0.0,2.9026555965581875,3.0,0.9675518655193959,0.1282051282051282,obj454,fld3,1
0.1,0.075,0.125,0.075,0.175,0.175,0.25,0.025,8,0.25,6,0.02564102564102564,0.0,0.0,0.0,0.02564102564102564,0.05128205128205128,0.0,0.0,0.0,0.02564102564102564,0.02564102564102564,0.0,0.0,0.0,0.02564102564102564,0.0,0.0,0.0,0.0,0.02564102564102564,0.02564102564102564,0.0,0.05128205128205128,0.0,0.05128205128205128,0.0,0.0,0.02564102564102564,0.0,0.0,0.0,0.0,0.0,0.02564102564102564,0.0,0.0,0.05128205128205128,0.05128205128205128,0.05128205128205128,0.0,0.0,0.0,0.02564102564102564,0.0,0.02564102564102564,0.05128205128205128,0.05128205128205128,0.02564102564102564,0.02564102564102564,0.02564102564102564,0.07692307692307693,0.02564102564102564,0.05128205128205128,0.0,0.05128205128205128,0.0,0.0,0.0,0.0,0.0,0.0,0.0,0.02564102564102564,0.0,0.02564102564102564,0.0,0.0,0.0,0.02564102564102564,0.05128205128205128,0.0,0.0,0.0,0.02564102564102564,0.02564102564102564,0.0,0.0,0.0,0.02564102564102564,0.0,0.0,0.0,0.0,0.02564102564102564,0.02564102564102564,0.0,0.05128205128205128,0.0,0.05128205128205128,0.0,0.0,0.02564102564102564,0.0,0.0,0.0,0.0,0.0,0.02564102564102564,0.0,0.0,0.05128205128205128,0.05128205128205128,0.05128205128205128,0.0,0.0,0.0,0.02564102564102564,0.0,0.02564102564102564,0.05128205128205128,0.05128205128205128,0.02564102564102564,0.02564102564102564,0.02564102564102564,0.07692307692307693,0.02564102564102564,0.05128205128205128,0.0,0.05128205128205128,0.0,0.0,0.0,0.0,0.0,0.0,0.0,0.02564102564102564,0.0,2.7808864614762663,3.0,0.9269621538254221,0.23076923076923078,obj455,fld5,1
0.15,0.125,0.15,0.15,0.125,0.1,0.05,0.15,8,0.15,7,0.02564102564102564,0.0,0.02564102564102564,0.0,0.0,0.05128205128205128,0.02564102564102564,0.02564102564102564,0.02564102564102564,0.0,0.05128205128205128,0.0,0.02564102564102564,0.0,0.0,0.02564102564102564,0.02564102564102564,0.02564102564102564,0.02564102564102564,0.05128205128205128,0.0,0.02564102564102564,0.0,0.0,0.02564102564102564,0.02564102564102564,0.0,0.02564102564102564,0.02564102564102564,0.0,0.02564102564102564,0.0,0.0,0.02564102564102564,0.0,0.05128205128205128,0.02564102564102564,0.0,0.0,0.02564102564102564,0.02564102564102564,0.0,0.02564102564102564,0.0,0.0,0.0,0.0,0.05128205128205128,0.0,0.0,0.02564102564102564,0.0,0.0,0.02564102564102564,0.0,0.0,0.02564102564102564,0.05128205128205128,0.0,0.02564102564102564,0.02564102564102564,0.0,0.0,0.02564102564102564,0.02564102564102564,0.0,0.02564102564102564,0.0,0.0,0.05128205128205128,0.02564102564102564,0.02564102564102564,0.02564102564102564,0.0,0.05128205128205128,0.0,0.02564102564102564,0.0,0.0,0.02564102564102564,0.02564102564102564,0.02564102564102564,0.02564102564102564,0.05128205128205128,0.0,0.02564102564102564,0.0,0.0,0.02564102564102564,0.02564102564102564,0.0,0.02564102564102564,0.02564102564102564,0.0,0.02564102564102564,0.0,0.0,0.02564102564102564,0.0,0.05128205128205128,0.02564102564102564,0.0,0.0,0.02564102564102564,0.02564102564102564,0.0,0.02564102564102564,0.0,0.0,0.0,0.0,0.05128205128205128,0.0,0.0,0.02564102564102564,0.0,0.0,0.02564102564102564,0.0,0.0,0.02564102564102564,0.05128205128205128,0.0,0.02564102564102564,0.02564102564102564,0.0,0.0,0.02564102564102564,2.9404685707328277,3.0,0.9801561902442759,0.1282051282051282,obj456,fld1,0
0.1,0.125,0.125,0.025,0.075,0.2,0.2,0.15,8,0.2,5,0.0,0.02564102564102564,0.0,0.0,0.0,0.02564102564102564,0.05128205128205128,0.0,0.02564102564102564,0.0,0.02564102564102564,0.0,0.0,0.0,0.02564102564102564,0.05128205128205128,0.02564102564102564,0.02564102564102564,0.0,0.0,0.02564102564102564,0.0,0.02564102564102564,0.02564102564102564,0.0,0.02564102564102564,0.0,0.0,0.0,0.0,0.0,0.0,0.02564102564102564,0.0,0.02564102564102564,0.0,0.0,0.0,0.02564102564102564,0.0,0.02564102564102564,0.05128205128205128,0.0,0.0,0.0,0.05128205128205128,0.0,0.07692307692307693,0.0,0.0,0.05128205128205128,0.02564102564102564,0.02564102564102564,0.02564102564102564,0.05128205128205128,0.0,0.0,0.0,0.02564102564102564,0.0,0.02564102564102564,0.07692307692307693,0.02564102564102564,0.0,0.0,0.02564102564102564,0.0,0.0,0.0,0.02564102564102564,0.05128205128205128,0.0,0.02564102564102564,0.0,0.02564102564102564,0.0,0.0,0.0,0.02564102564102564,0.05128205128205128,0.02564102564102564,0.02564102564102564,0.0,0.0,0.02564102564102564,0.0,0.02564102564102564,0.02564102564102564,0.0,0.02564102564102564,0.0,0.0,0.0,0.0,0.0,0.0,0.02564102564102564,0.0,0.02564102564102564,0.0,0.0,0.0,0.02564102564102564,0.0,0.02564102564102564,0.05128205128205128,0.0,0.0,0.0,0.05128205128205128,0.0,0.07692307692307693,0.0,0.0,0.05128205128205128,0.02564102564102564,0.02564102564102564,0.02564102564102564,0.05128205128205128,0.0,0.0,0.0,0.02564102564102564,0.0,0.02564102564102564,0.07692307692307693,0.02564102564102564,0.0,2.8348295085032613,3.0,0.9449431695010871,0.10256410256410256,obj457,fld4,0
0.175,0.075,0.05,0.175,0.075,0.1,0.25,0.1,8,0.25,6,0.0,0.05128205128205128,0.02564102564102564,0.0,0.0,0.05128205128205128,0.05128205128205128,0.0,0.0,0.0,0.0,0.02564102564102564,0.0,0.02564102564102564,0.0,0.02564102564102564,0.0,0.0,0.0,0.0,0.0,0.0,0.02564102564102564,0.0,0.05128205128205128,0.02564102564102564,0.0,0.02564102564102564,0.0,0.0,0.05128205128205128,0.02564102564102564,0.0,0.0,0.02564102564102564,0.02564102564102564,0.0,0.0,0.02564102564102564,0.0,0.02564102564102564,0.0,0.0,0.02564102564102564,0.0,0.02564102564102564,0.0,0.02564102564102564,0.05128205128205128,0.0,0.0,0.05128205128205128,0.07692307692307693,0.0,0.05128205128205128,0.02564102564102564,0.02564102564102564,0.0,0.0,0.02564102564102564,0.0,0.0,0.05128205128205128,0.0,0.0,0.05128205128205128,0.02564102564102564,0.0,0.0,0.05128205128205128,0.05128205128205128,0.0,0.0,0.0,0.0,0.02564102564102564,0.0,0.02564102564102564,0.0,0.02564102564102564,0.0,0.0,0.0,0.0,0.0,0.0,0.02564102564102564,0.0,0.05128205128205128,0.02564102564102564,0.0,0.02564102564102564,0.0,0.0,0.05128205128205128,0.02564102564102564,0.0,0.0,0.02564102564102564,0.02564102564102564,0.0,0.0,0.02564102564102564,0.0,0.02564102564102564,0.0,0.0,0.02564102564102564,0.0,0.02564102564102564,0.0,0.02564102564102564,0.05128205128205128,0.0,0.0,0.05128205128205128,0.07692307692307693,0.0,0.05128205128205128,0.02564102564102564,0.02564102564102564,0.0,0.0,0.02564102564102564,0.0,0.0,0.05128205128205128,0.0,2.8211274733371865,3.0,0.9403758244457289,0.10256410256410256,obj458,fld2,1
0.15,0.1,0.125,0.125,0.225,0.125,0.125,0.025,8,0.225,4,0.02564102564102564,0.0,0.0,0.02564102564102564,0.05128205128205128,0.02564102564102564,0.02564102564102564,0.0,0.02564102564102564,0.02564102564102564,0.0,0.0,0.02564102564102564,0.02564102564102564,0.0,0.0,0.02564102564102564,0.02564102564102564,0.02564102564102564,0.0,0.0,0.0,0.02564102564102564,0.02564102564102564,0.05128205128205128,0.0,0.02564102564102564,0.0,0.02564102564102564,0.0,0.02564102564102564,0.0,0.02564102564102564,0.02564102564102564,0.05128205128205128,0.05128205128205128,0.0,0.02564102564102564,0.02564102564102564,0.0,0.0,0.02564102564102564,0.0,0.02564102564102564,0.05128205128205128,0.0,0.02564102564102564,0.0,0.0,0.0,0.02564102564102564,0.02564102564102564,0.07692307692307693,0.0,0.0,0.0,0.0,0.0,0.0,0.0,0.0,0.02564102564102564,0.0,0.0,0.02564102564102564,0.0,0.0,0.02564102564102564,0.05128205128205128,0.02564102564102564,0.02564102564102564,0.0,0.02564102564102564,0.02564102564102564,0.0,0.0,0.02564102564102564,0.02564102564102564,0.0,0.0,0.02564102564102564,0.02564102564102564,0.02564102564102564,0.0,0.0,0.0,0.02564102564102564,0.02564102564102564,0.05128205128205128,0.0,0.02564102564102564,0.0,0.02564102564102564,0.0,0.02564102564102564,0.0,0.02564102564102564,0.02564102564102564,0.05128205128205128,0.05128205128205128,0.0,0.02564102564102564,0.02564102564102564,0.0,0.0,0.02564102564102564,0.0,0.02564102564102564,0.05128205128205128,0.0,0.02564102564102564,0.0,0.0,0.0,0.02564102564102564,0.02564102564102564,0.07692307692307693,0.0,0.0,0.0,0.0,0.0,0.0,0.0,0.0,0.02564102564102564,0.0,0.0,2.8599865470109873,3.0,0.9533288490036624,0.07692307692307693,obj459,fld2,1
0.275,0.125,0.075,0.15,0.125,0.125,0.1,0.025,8,0.275,0,0.10256410256410256,0.0,0.02564102564102564,0.02564102564102564,0.05128205128205128,0.02564102564102564,0.02564102564102564,0.0,0.02564102564102564,0.02564102564102564,0.0,0.02564102564102564,0.0,0.0,0.05128205128205128,0.0,0.0,0.0,0.0,0.02564102564102564,0.0,0.05128205128205128,0.0,0.0,0.0,0.0,0.02564102564102564,0.02564102564102564,0.02564102564102564,0.05128205128205128,0.0,0.02564102564102564,0.05128205128205128,0.02564102564102564,0.0,0.02564102564102564,0.0,0.0,0.02564102564102564,0.0,0.05128205128205128,0.02564102564102564,0.02564102564102564,0.0,0.02564102564102564,0.0,0.0,0.0,0.05128205128205128,0.0,0.0,0.02564102564102564,0.02564102564102564,0.0,0.0,0.0,0.0,0.02564102564102564,0.0,0.0,0.0,0.0,0.0,0.0,0.10256410256410256,0.0,0.02564102564102564,0.02564102564102564,0.05128205128205128,0.02564102564102564,0.02564102564102564,0.0,0.02564102564102564,0.02564102564102564,0.0,0.02564102564102564,0.0,0.0,0.05128205128205128,0.0,0.0,0.0,0.0,0.02564102564102564,0.0,0.05128205128205128,0.0,0.0,0.0,0.0,0.02564102564102564,0.02564102564102564,0.02564102564102564,0.05128205128205128,0.0,0.02564102564102564,0.05128205128205128,0.02564102564102564,0.0,0.02564102564102564,0.0,0.0,0.02564102564102564,0.0,0.05128205128205128,0.02564102564102564,0.02564102564102564,0.0,0.02564102564102564,0.0,0.0,0.0,0.05128205128205128,0.0,0.0,0.02564102564102564,0.02564102564102564,0.0,0.0,0.0,0.0,0.02564102564102564,0.0,0.0,0.0,0.0,0.0,0.0,2.7932448015170843,3.0,0.9310816005056948,0.15384615384615385,obj460,fld2,0
0.225,0.05,0.1,0.125,0.2,0.1,0.1,0.1,8,0.225,0,0.05128205128205128,0.02564102564102564,0.05128205128205128,0.0,0.02564102564102564,0.0,0.02564102564102564,0.05128205128205128,0.02564102564102564,0.0,0.0,0.0,0.02564102564102564,0.0,0.0,0.0,0.02564102564102564,0.0,0.0,0.0,0.02564102564102564,0.02564102564102564,0.0,0.02564102564102564,0.02564102564102564,0.0,0.02564102564102564,0.0,0.07692307692307693,0.0,0.0,0.0,0.02564102564102564,0.02564102564102564,0.02564102564102564,0.02564102564102564,0.0,0.07692307692307693,0.02564102564102564,0.0,0.0,0.0,0.0,0.0,0.0,0.0,0.05128205128205128,0.02564102564102564,0.0,0.0,0.0,0.07692307692307693,0.02564102564102564,0.0,0.0,0.0,0.07692307692307693,0.0,0.0,0.02564102564102564,0.0,0.0,0.0,0.0,0.05128205128205128,0.02564102564102564,0.05128205128205128,0.0,0.02564102564102564,0.0,0.02564102564102564,0.05128205128205128,0.02564102564102564,0.0,0.0,0.0,0.02564102564102564,0.0,0.0,0.0,0.02564102564102564,0.0,0.0,0.0,0.02564102564102564,0.02564102564102564,0.0,0.02564102564102564,0.02564102564102564,0.0,0.02564102564102564,0.0,0.07692307692307693,0.0,0.0,0.0,0.02564102564102564,0.02564102564102564,0.02564102564102564,0.02564102564102564,0.0,0.07692307692307693,0.02564102564102564,0.0,0.0,0.0,0.0,0.0,0.0,0.0,0.05128205128205128,0.02564102564102564,0.0,0.0,0.0,0.07692307692307693,0.02564102564102564,0.0,0.0,0.0,0.07692307692307693,0.0,0.0,0.02564102564102564,0.0,0.0,0.0,0.0,2.868453957701922,3.0,0.956151319233974,0.05128205128205128,obj461,fld4,0
0.075,0.175,0.125,0.125,0.125,0.025,0.275,0.075,8,0.275,6,0.0,0.05128205128205128,0.0,0.0,0.0,0.0,0.02564102564102564,0.0,0.02564102564102564,0.02564102564102564,0.05128205128205128,0.02564102564102564,0.0,0.0,0.05128205128205128,0.0,0.0,0.0,0.02564102564102564,0.02564102564102564,0.02564102564102564,0.02564102564102564,0.02564102564102564,0.0,0.02564102564102564,0.0,0.02564102564102564,0.0,0.02564102564102564,0.0,0.05128205128205128,0.0,0.0,0.0,0.0,0.0,0.05128205128205128,0.0,0.02564102564102564,0.05128205128205128,0.0,0.0,0.0,0.02564102564102564,0.0,0.0,0.0,0.0,0.0,0.05128205128205128,0.02564102564102564,0.05128205128205128,0.0,0.0,0.10256410256410256,0.02564102564102564,0.02564102564102564,0.02564102564102564,0.0,0.0,0.02564102564102564,0.0,0.0,0.0,0.0,0.05128205128205128,0.0,0.0,0.0,0.0,0.02564102564102564,0.0,0.02564102564102564,0.02564102564102564,0.05128205128205128,0.02564102564102564,0.0,0.0,0.05128205128205128,0.0,0.0,0.0,0.02564102564102564,0.02564102564102564,0.02564102564102564,0.02564102564102564,0.02564102564102564,0.0,0.02564102564102564,0.0,0.02564102564102564,0.0,0.02564102564102564,0.0,0.05128205128205128,0.0,0.0,0.0,0.0,0.0,0.05128205128205128,0.0,0.02564102564102564,0.05128205128205128,0.0,0.0,0.0,0.02564102564102564,0.0,0.0,0.0,0.0,0.0,0.05128205128205128,0.02564102564102564,0.05128205128205128,0.0,0.0,0.10256410256410256,0.02564102564102564,0.02564102564102564,0.02564102564102564,0.0,0.0,0.02564102564102564,0.0,0.0,0.0,2.77082987771109,3.0,0.92360995923703,0.20512820512820512,obj462,fld3,0
0.175,0.05,0.1,0.225,0.05,0.125,0.15,0.125,8,0.225,3,0.0,0.0,0.0,0.07692307692307693,0.0,0.05128205128205128,0.05128205128205128,0.0,0.02564102564102564,0.0,0.0,0.0,0.0,0.0,0.0,0.02564102564102564,0.05128205128205128,0.0,0.0,0.02564102564102564,0.0,0.0,0.02564102564102564,0.0,0.05128205128205128,0.0,0.02564102564102564,0.02564102564102564,0.0,0.05128205128205128,0.02564102564102564,0.05128205128205128,0.0,0.0,0.0,0.02564102564102564,0.02564102564102564,0.0,0.0,0.0,0.02564102564102564,0.02564102564102564,0.05128205128205128,0.02564102564102564,0.0,0.0,0.0,0.0,0.0,0.02564102564102564,0.0,0.05128205128205128,0.0,0.0,0.02564102564102564,0.02564102564102564,0.02564102564102564,0.0,0.02564102564102564,0.0,0.02564102564102564,0.02564102564102564,0.0,0.02564102564102564,0.0,0.0,0.0,0.07692307692307693,0.0,0.05128205128205128,0.05128205128205128,0.0,0.02564102564102564,0.0,0.0,0.0,0.0,0.0,0.0,0.02564102564102564,0.05128205128205128,0.0,0.0,0.02564102564102564,0.0,0.0,0.02564102564102564,0.0,0.05128205128205128,0.0,0.02564102564102564,0.02564102564102564,0.0,0.05128205128205128,0.02564102564102564,0.05128205128205128,0.0,0.0,0.0,0.02564102564102564,0.02564102564102564,0.0,0.0,0.0,0.02564102564102564,0.02564102564102564,0.05128205128205128,0.02564102564102564,0.0,0.0,0.0,0.0,0.0,0.02564102564102564,0.0,0.05128205128205128,0.0,0.0,0.02564102564102564,0.02564102564102564,0.02564102564102564,0.0,0.02564102564102564,0.0,0.02564102564102564,0.02564102564102564,0.0,0.02564102564102564,2.849181459372747,3.0,0.949727153124249,0.10256410256410256,obj463,fld4,1
0.125,0.1,0.175,0.1,0.125,0.15,0.1,0.125,8,0.175,2,0.0,0.0,0.0,0.0,0.02564102564102564,0.07692307692307693,0.02564102564102564,0.0,0.05128205128205128,0.0,0.0,0.0,0.0,0.0,0.0,0.02564102564102564,0.0,0.02564102564102564,0.0,0.05128205128205128,0.02564102564102564,0.05128205128205128,0.0,0.02564102564102564,0.0,0.0,0.05128205128205128,0.0,0.0,0.0,0.05128205128205128,0.0,0.02564102564102564,0.0,0.07692307692307693,0.0,0.0,0.0,0.0,0.02564102564102564,0.02564102564102564,0.02564102564102564,0.0,0.02564102564102564,0.05128205128205128,0.0,0.02564102564102564,0.0,0.0,0.02564102564102564,0.0,0.0,0.0,0.02564102564102564,0.0,0.05128205128205128,0.0,0.02564102564102564,0.05128205128205128,0.02564102564102564,0.02564102564102564,0.0,0.0,0.0,0.0,0.0,0.0,0.0,0.02564102564102564,0.07692307692307693,0.02564102564102564,0.0,0.05128205128205128,0.0,0.0,0.0,0.0,0.0,0.0,0.02564102564102564,0.0,0.02564102564102564,0.0,0.05128205128205128,0.02564102564102564,0.05128205128205128,0.0,0.02564102564102564,0.0,0.0,0.05128205128205128,0.0,0.0,0.0,0.05128205128205128,0.0,0.02564102564102564,0.0,0.07692307692307693,0.0,0.0,0.0,0.0,0.02564102564102564,0.02564102564102564,0.02564102564102564,0.0,0.02564102564102564,0.05128205128205128,0.0,0.02564102564102564,0.0,0.0,0.02564102564102564,0.0,0.0,0.0,0.02564102564102564,0.0,0.05128205128205128,0.0,0.02564102564102564,0.05128205128205128,0.02564102564102564,0.02564102564102564,0.0,0.0,0.0,2.9721735728363474,3.0,0.9907245242787824,0.0,obj464,fld2,0
0.05,0.025,0.225,0.15,0.125,0.175,0.125,0.125,8,0.225,2,0.0,0.0,0.0,0.0,0.02564102564102564,0.02564102564102564,0.0,0.0,0.0,0.0,0.0,0.0,0.0,0.0,0.02564102564102564,0.0,0.0,0.02564102564102564,0.02564102564102564,0.0,0.02564102564102564,0.10256410256410256,0.02564102564102564,0.02564102564102564,0.02564102564102564,0.0,0.02564102564102564,0.0,0.0,0.02564102564102564,0.07692307692307693,0.0,0.0,0.0,0.02564102564102564,0.05128205128205128,0.0,0.02564102564102564,0.0,0.0,0.02564102564102564,0.0,0.0,0.02564102564102564,0.05128205128205128,0.0,0.0,0.07692307692307693,0.0,0.0,0.02564102564102564,0.07692307692307693,0.0,0.0,0.0,0.02564102564102564,0.0,0.0,0.10256410256410256,0.0,0.02564102564102564,0.0,0.0,0.0,0.0,0.0,0.0,0.0,0.02564102564102564,0.02564102564102564,0.0,0.0,0.0,0.0,0.0,0.0,0.0,0.0,0.02564102564102564,0.0,0.0,0.02564102564102564,0.02564102564102564,0.0,0.02564102564102564,0.10256410256410256,0.02564102564102564,0.02564102564102564,0.02564102564102564,0.0,0.02564102564102564,0.0,0.0,0.02564102564102564,0.07692307692307693,0.0,0.0,0.0,0.02564102564102564,0.05128205128205128,0.0,0.02564102564102564,0.0,0.0,0.02564102564102564,0.0,0.0,0.02564102564102564,0.05128205128205128,0.0,0.0,0.07692307692307693,0.0,0.0,0.02564102564102564,0.07692307692307693,0.0,0.0,0.0,0.02564102564102564,0.0,0.0,0.10256410256410256,0.0,0.02564102564102564,0.0,0.0,0.0,2.8089404475118265,3.0,0.9363134825039422,0.02564102564102564,obj465,fld5,1
0.15,0.175,0.075,0.1,0.075,0.1,0.15,0.175,8,0.175,7,0.0,0.05128205128205128,0.0,0.07692307692307693,0.0,0.0,0.0,0.0,0.02564102564102564,0.02564102564102564,0.0,0.0,0.0,0.02564102564102564,0.05128205128205128,0.05128205128205128,0.0,0.0,0.0,0.0,0.0,0.0,0.02564102564102564,0.05128205128205128,0.0,0.0,0.05128205128205128,0.0,0.0,0.02564102564102564,0.0,0.02564102564102564,0.0,0.0,0.0,0.0,0.05128205128205128,0.0,0.02564102564102564,0.0,0.02564102564102564,0.02564102564102564,0.02564102564102564,0.0,0.0,0.0,0.0,0.02564102564102564,0.02564102564102564,0.07692307692307693,0.0,0.02564102564102564,0.0,0.02564102564102564,0.0,0.0,0.05128205128205128,0.0,0.0,0.0,0.02564102564102564,0.02564102564102564,0.05128205128205128,0.02564102564102564,0.0,0.05128205128205128,0.0,0.07692307692307693,0.0,0.0,0.0,0.0,0.02564102564102564,0.02564102564102564,0.0,0.0,0.0,0.02564102564102564,0.05128205128205128,0.05128205128205128,0.0,0.0,0.0,0.0,0.0,0.0,0.02564102564102564,0.05128205128205128,0.0,0.0,0.05128205128205128,0.0,0.0,0.02564102564102564,0.0,0.02564102564102564,0.0,0.0,0.0,0.0,0.05128205128205128,0.0,0.02564102564102564,0.0,0.02564102564102564,0.02564102564102564,0.02564102564102564,0.0,0.0,0.0,0.0,0.02564102564102564,0.02564102564102564,0.07692307692307693,0.0,0.02564102564102564,0.0,0.02564102564102564,0.0,0.0,0.05128205128205128,0.0,0.0,0.0,0.02564102564102564,0.02564102564102564,0.05128205128205128,0.02564102564102564,2.9261207468426806,3.0,0.9753735822808935,0.10256410256410256,obj466,fld2,0
0.05,0.05,0.15,0.075,0.1,0.175,0.25,0.15,8,0.25,6,0.0,0.0,0.0,0.0,0.0,0.02564102564102564,0.0,0.0,0.0,0.02564102564102564,0.0,0.02564102564102564,0.0,0.0,0.0,0.0,0.02564102564102564,0.0,0.0,0.02564102564102564,0.0,0.07692307692307693,0.0,0.02564102564102564,0.0,0.0,0.02564102564102564,0.0,0.0,0.02564102564102564,0.02564102564102564,0.0,0.0,0.0,0.0,0.02564102564102564,0.0,0.0,0.05128205128205128,0.02564102564102564,0.02564102564102564,0.0,0.05128205128205128,0.0,0.0,0.0,0.05128205128205128,0.05128205128205128,0.0,0.0,0.02564102564102564,0.0,0.07692307692307693,0.05128205128205128,0.07692307692307693,0.02564102564102564,0.0,0.02564102564102564,0.05128205128205128,0.0,0.02564102564102564,0.0,0.05128205128205128,0.0,0.0,0.0,0.0,0.0,0.0,0.02564102564102564,0.0,0.0,0.0,0.02564102564102564,0.0,0.02564102564102564,0.0,0.0,0.0,0.0,0.02564102564102564,0.0,0.0,0.02564102564102564,0.0,0.07692307692307693,0.0,0.02564102564102564,0.0,0.0,0.02564102564102564,0.0,0.0,0.02564102564102564,0.02564102564102564,0.0,0.0,0.0,0.0,0.02564102564102564,0.0,0.0,0.05128205128205128,0.02564102564102564,0.02564102564102564,0.0,0.05128205128205128,0.0,0.0,0.0,0.05128205128205128,0.05128205128205128,0.0,0.0,0.02564102564102564,0.0,0.07692307692307693,0.05128205128205128,0.07692307692307693,0.02564102564102564,0.0,0.02564102564102564,0.05128205128205128,0.0,0.02564102564102564,0.0,0.05128205128205128,0.0,2.805798022035007,3.0,0.9352660073450023,0.10256410256410256,obj467,fld3,0
0.15,0.05,0.125,0.175,0.2,0.05,0.1,0.15,8,0.2,4,0.02564102564102564,0.0,0.02564102564102564,0.02564102564102564,0.02564102564102564,0.02564102564102564,0.0,0.02564102564102564,0.0,0.0,0.05128205128205128,0.0,0.0,0.0,0.0,0.0,0.02564102564102564,0.0,0.02564102564102564,0.02564102564102564,0.0,0.0,0.02564102564102564,0.02564102564102564,0.02564102564102564,0.0,0.0,0.05128205128205128,0.02564102564102564,0.0,0.05128205128205128,0.0,0.02564102564102564,0.05128205128205128,0.02564102564102564,0.02564102564102564,0.02564102564102564,0.0,0.02564102564102564,0.02564102564102564,0.0,0.0,0.0,0.0,0.02564102564102564,0.0,0.0,0.02564102564102564,0.0,0.0,0.0,0.0,0.07692307692307693,0.0,0.0,0.02564102564102564,0.05128205128205128,0.0,0.0,0.05128205128205128,0.0,0.02564102564102564,0.0,0.02564102564102564,0.02564102564102564,0.0,0.02564102564102564,0.02564102564102564,0.02564102564102564,0.02564102564102564,0.0,0.02564102564102564,0.0,0.0,0.05128205128205128,0.0,0.0,0.0,0.0,0.0,0.02564102564102564,0.0,0.02564102564102564,0.02564102564102564,0.0,0.0,0.02564102564102564,0.02564102564102564,0.02564102564102564,0.0,0.0,0.05128205128205128,0.02564102564102564,0.0,0.05128205128205128,0.0,0.02564102564102564,0.05128205128205128,0.02564102564102564,0.02564102564102564,0.02564102564102564,0.0,0.02564102564102564,0.02564102564102564,0.0,0.0,0.0,0.0,0.02564102564102564,0.0,0.0,0.02564102564102564,0.0,0.0,0.0,0.0,0.07692307692307693,0.0,0.0,0.02564102564102564,0.05128205128205128,0.0,0.0,0.05128205128205128,0.0,0.02564102564102564,0.0,0.02564102564102564,2.864911221450014,3.0,0.9549704071500047,0.15384615384615385,obj468,fld4,1
0.175,0.1,0.15,0.075,0.175,0.175,0.075,0.075,8,0.175,4,0.02564102564102564,0.05128205128205128,0.02564102564102564,0.0,0.05128205128205128,0.02564102564102564,0.0,0.0,0.02564102564102564,0.0,0.0,0.0,0.02564102564102564,0.02564102564102564,0.0,0.02564102564102564,0.02564102564102564,0.02564102564102564,0.07692307692307693,0.0,0.0,0.0,0.0,0.02564102564102564,0.02564102564102564,0.02564102564102564,0.02564102564102564,0.0,0.0,0.0,0.0,0.0,0.02564102564102564,0.0,0.0,0.02564102564102564,0.02564102564102564,0.02564102564102564,0.05128205128205128,0.02564102564102564,0.02564102564102564,0.0,0.0,0.02564102564102564,0.05128205128205128,0.05128205128205128,0.02564102564102564,0.0,0.0,0.0,0.02564102564102564,0.0,0.0,0.02564102564102564,0.0,0.0,0.02564102564102564,0.0,0.0,0.02564102564102564,0.0,0.02564102564102564,0.0,0.0,0.02564102564102564,0.05128205128205128,0.02564102564102564,0.0,0.05128205128205128,0.02564102564102564,0.0,0.0,0.02564102564102564,0.0,0.0,0.0,0.02564102564102564,0.02564102564102564,0.0,0.02564102564102564,0.02564102564102564,0.02564102564102564,0.07692307692307693,0.0,0.0,0.0,0.0,0.02564102564102564,0.02564102564102564,0.02564102564102564,0.02564102564102564,0.0,0.0,0.0,0.0,0.0,0.02564102564102564,0.0,0.0,0.02564102564102564,0.02564102564102564,0.02564102564102564,0.05128205128205128,0.02564102564102564,0.02564102564102564,0.0,0.0,0.02564102564102564,0.05128205128205128,0.05128205128205128,0.02564102564102564,0.0,0.0,0.0,0.02564102564102564,0.0,0.0,0.02564102564102564,0.0,0.0,0.02564102564102564,0.0,0.0,0.02564102564102564,0.0,0.02564102564102564,0.0,0.0,2.9037058230366863,3.0,0.9679019410122288,0.1794871794871795,obj469,fld5,0
0.125,0.15,0.125,0.125,0.15,0.1,0.175,0.05,8,0.175,6,0.0,0.02564102564102564,0.05128205128205128,0.0,0.02564102564102564,0.0,0.02564102564102564,0.0,0.0,0.07692307692307693,0.0,0.0,0.02564102564102564,0.0,0.02564102564102564,0.0,0.02564102564102564,0.0,0.0,0.0,0.02564102564102564,0.02564102564102564,0.05128205128205128,0.0,0.02564102564102564,0.05128205128205128,0.0,0.0,0.0,0.02564102564102564,0.0,0.02564102564102564,0.02564102564102564,0.0,0.02564102564102564,0.05128205128205128,0.02564102564102564,0.02564102564102564,0.0,0.0,0.0,0.0,0.0,0.02564102564102564,0.0,0.02564102564102564,0.02564102564102564,0.02564102564102564,0.05128205128205128,0.0,0.05128205128205128,0.0,0.05128205128205128,0.0,0.02564102564102564,0.0,0.0,0.0,0.0,0.02564102564102564,0.0,0.0,0.02564102564102564,0.0,0.0,0.02564102564102564,0.05128205128205128,0.0,0.02564102564102564,0.0,0.02564102564102564,0.0,0.0,0.07692307692307693,0.0,0.0,0.02564102564102564,0.0,0.02564102564102564,0.0,0.02564102564102564,0.0,0.0,0.0,0.02564102564102564,0.02564102564102564,0.05128205128205128,0.0,0.02564102564102564,0.05128205128205128,0.0,0.0,0.0,0.02564102564102564,0.0,0.02564102564102564,0.02564102564102564,0.0,0.02564102564102564,0.05128205128205128,0.02564102564102564,0.02564102564102564,0.0,0.0,0.0,0.0,0.0,0.02564102564102564,0.0,0.02564102564102564,0.02564102564102564,0.02564102564102564,0.05128205128205128,0.0,0.05128205128205128,0.0,0.05128205128205128,0.0,0.02564102564102564,0.0,0.0,0.0,0.0,0.02564102564102564,0.0,0.0,0.02564102564102564,0.0,2.9344291977281736,3.0,0.9781430659093912,0.15384615384615385,obj470,fld4,0
0.175,0.0,0.1,0.175,0.05,0.1,0.225,0.175,7,0.225,6,0.05128205128205128,0.0,0.0,0.02564102564102564,0.02564102564102564,0.05128205128205128,0.0,0.0,0.0,0.0,0.0,0.0,0.0,0.0,0.0,0.0,0.0,0.0,0.0,0.0,0.0,0.0,0.02564102564102564,0.07692307692307693,0.05128205128205128,0.0,0.0,0.02564102564102564,0.02564102564102564,0.0,0.05128205128205128,0.02564102564102564,0.0,0.0,0.0,0.02564102564102564,0.0,0.02564102564102564,0.0,0.0,0.0,0.0,0.0,0.05128205128205128,0.0,0.0,0.02564102564102564,0.02564102564102564,0.05128205128205128,0.0,0.02564102564102564,0.02564102564102564,0.0,0.02564102564102564,0.10256410256410256,0.0,0.02564102564102564,0.0,0.07692307692307693,0.02564102564102564,0.0,0.0,0.02564102564102564,0.02564102564102564,0.05128205128205128,0.0,0.0,0.02564102564102564,0.02564102564102564,0.05128205128205128,0.0,0.0,0.0,0.0,0.0,0.0,0.0,0.0,0.0,0.0,0.0,0.0,0.0,0.0,0.0,0.0,0.02564102564102564,0.07692307692307693,0.05128205128205128,0.0,0.0,0.02564102564102564,0.02564102564102564,0.0,0.05128205128205128,0.02564102564102564,0.0,0.0,0.0,0.02564102564102564,0.0,0.02564102564102564,0.0,0.0,0.0,0.0,0.0,0.05128205128205128,0.0,0.0,0.02564102564102564,0.02564102564102564,0.05128205128205128,0.0,0.02564102564102564,0.02564102564102564,0.0,0.02564102564102564,0.10256410256410256,0.0,0.02564102564102564,0.0,0.07692307692307693,0.02564102564102564,0.0,0.0,0.02564102564102564,0.02564102564102564,2.6848336354825997,2.807354922057604,0.8949445451608665,0.20512820512820512,obj471,fld5,0
0.075,0.075,0.0,0.125,0.2,0.225,0.125,0.175,7,0.225,5,0.0,0.0,0.0,0.0,0.0,0.02564102564102564,0.02564102564102564,0.0,0.0,0.0,0.0,0.0,0.07692307692307693,0.0,0.0,0.0,0.0,0.0,0.0,0.0,0.0,0.0,0.0,0.0,0.02564102564102564,0.0,0.0,0.02564102564102564,0.02564102564102564,0.0,0.0,0.05128205128205128,0.0,0.02564102564102564,0.0,0.02564102564102564,0.02564102564102564,0.05128205128205128,0.02564102564102564,0.05128205128205128,0.02564102564102564,0.02564102564102564,0.0,0.0,0.05128205128205128,0.02564102564102564,0.05128205128205128,0.05128205128205128,0.02564102564102564,0.0,0.0,0.05128205128205128,0.0,0.0,0.02564102564102564,0.02564102564102564,0.0,0.02564102564102564,0.0,0.02564102564102564,0.02564102564102564,0.10256410256410256,0.0,0.0,0.0,0.0,0.0,0.0,0.0,0.02564102564102564,0.02564102564102564,0.0,0.0,0.0,0.0,0.0,0.07692307692307693,0.0,0.0,0.0,0.0,0.0,0.0,0.0,0.0,0.0,0.0,0.0,0.02564102564102564,0.0,0.0,0.02564102564102564,0.02564102564102564,0.0,0.0,0.05128205128205128,0.0,0.02564102564102564,0.0,0.02564102564102564,0.02564102564102564,0.05128205128205128,0.02564102564102564,0.05128205128205128,0.02564102564102564,0.02564102564102564,0.0,0.0,0.05128205128205128,0.02564102564102564,0.05128205128205128,0.05128205128205128,0.02564102564102564,0.0,0.0,0.05128205128205128,0.0,0.0,0.02564102564102564,0.02564102564102564,0.0,0.02564102564102564,0.0,0.02564102564102564,0.02564102564102564,0.10256410256410256,0.0,0.0,2.6991814593727472,2.807354922057604,0.8997271531242491,0.10256410256410256,obj472,fld3,1
0.05,0.1,0.15,0.075,0.15,0.175,0.175,0.125,8,0.175,5,0.0,0.0,0.0,0.0,0.0,0.02564102564102564,0.0,0.02564102564102564,0.02564102564102564,0.0,0.0,0.02564102564102564,0.02564102564102564,0.0,0.02564102564102564,0.0,0.0,0.0,0.0,0.0,0.02564102564102564,0.05128205128205128,0.02564102564102564,0.05128205128205128,0.0,0.02564102564102564,0.02564102564102564,0.0,0.02564102564102564,0.0,0.0,0.0,0.0,0.0,0.02564102564102564,0.0,0.05128205128205128,0.02564102564102564,0.02564102564102564,0.0,0.0,0.02564102564102564,0.05128205128205128,0.0,0.0,0.02564102564102564,0.07692307692307693,0.0,0.02564102564102564,0.02564102564102564,0.02564102564102564,0.0,0.0,0.05128205128205128,0.02564102564102564,0.02564102564102564,0.0,0.02564102564102564,0.0,0.05128205128205128,0.02564102564102564,0.0,0.0,0.02564102564102564,0.0,0.0,0.0,0.0,0.0,0.02564102564102564,0.0,0.02564102564102564,0.02564102564102564,0.0,0.0,0.02564102564102564,0.02564102564102564,0.0,0.02564102564102564,0.0,0.0,0.0,0.0,0.0,0.02564102564102564,0.05128205128205128,0.02564102564102564,0.05128205128205128,0.0,0.02564102564102564,0.02564102564102564,0.0,0.02564102564102564,0.0,0.0,0.0,0.0,0.0,0.02564102564102564,0.0,0.05128205128205128,0.02564102564102564,0.02564102564102564,0.0,0.0,0.02564102564102564,0.05128205128205128,0.0,0.0,0.02564102564102564,0.07692307692307693,0.0,0.02564102564102564,0.02564102564102564,0.02564102564102564,0.0,0.0,0.05128205128205128,0.02564102564102564,0.02564102564102564,0.0,0.02564102564102564,0.0,0.05128205128205128,0.02564102564102564,0.0,0.0,0.02564102564102564,2.904751922535847,3.0,0.9682506408452823,0.1282051282051282,obj473,fld1,0
0.0,0.25,0.1,0.175,0.1,0.125,0.125,0.125,7,0.25,1,0.0,0.0,0.0,0.0,0.0,0.0,0.0,0.0,0.0,0.0,0.02564102564102564,0.02564102564102564,0.02564102564102564,0.05128205128205128,0.10256410256410256,0.02564102564102564,0.0,0.02564102564102564,0.0,0.05128205128205128,0.0,0.0,0.0,0.02564102564102564,0.0,0.05128205128205128,0.0,0.05128205128205128,0.02564102564102564,0.02564102564102564,0.02564102564102564,0.0,0.0,0.02564102564102564,0.0,0.02564102564102564,0.0,0.02564102564102564,0.0,0.02564102564102564,0.0,0.10256410256410256,0.02564102564102564,0.0,0.0,0.0,0.0,0.0,0.0,0.05128205128205128,0.0,0.0,0.0,0.02564102564102564,0.0,0.05128205128205128,0.0,0.0,0.05128205128205128,0.0,0.05128205128205128,0.0,0.0,0.0,0.0,0.0,0.0,0.0,0.0,0.0,0.0,0.0,0.0,0.0,0.02564102564102564,0.02564102564102564,0.02564102564102564,0.05128205128205128,0.10256410256410256,0.02564102564102564,0.0,0.02564102564102564,0.0,0.05128205128205128,0.0,0.0,0.0,0.02564102564102564,0.0,0.05128205128205128,0.0,0.05128205128205128,0.02564102564102564,0.02564102564102564,0.02564102564102564,0.0,0.0,0.02564102564102564,0.0,0.02564102564102564,0.0,0.02564102564102564,0.0,0.02564102564102564,0.0,0.10256410256410256,0.02564102564102564,0.0,0.0,0.0,0.0,0.0,0.0,0.05128205128205128,0.0,0.0,0.0,0.02564102564102564,0.0,0.05128205128205128,0.0,0.0,0.05128205128205128,0.0,0.05128205128205128,0.0,0.0,0.0,2.7294359242226798,2.807354922057604,0.9098119747408933,0.05128205128205128,obj474,fld2,1
0.125,0.15,0.075,0.125,0.1,0.125,0.175,0.125,8,0.175,6,0.0,0.05128205128205128,0.0,0.02564102564102564,0.0,0.0,0.02564102564102564,0.02564102564102564,0.0,0.0,0.02564102564102564,0.02564102564102564,0.0,0.02564102564102564,0.05128205128205128,0.02564102564102564,0.02564102564102564,0.0,0.0,0.02564102564102564,0.0,0.0,0.02564102564102564,0.0,0.02564102564102564,0.02564102564102564,0.02564102564102564,0.0,0.0,0.05128205128205128,0.0,0.0,0.02564102564102564,0.0,0.0,0.0,0.05128205128205128,0.0,0.0,0.02564102564102564,0.0,0.05128205128205128,0.0,0.0,0.02564102564102564,0.0,0.05128205128205128,0.0,0.05128205128205128,0.0,0.0,0.05128205128205128,0.02564102564102564,0.02564102564102564,0.02564102564102564,0.0,0.0,0.02564102564102564,0.02564102564102564,0.0,0.0,0.02564102564102564,0.0,0.02564102564102564,0.0,0.05128205128205128,0.0,0.02564102564102564,0.0,0.0,0.02564102564102564,0.02564102564102564,0.0,0.0,0.02564102564102564,0.02564102564102564,0.0,0.02564102564102564,0.05128205128205128,0.02564102564102564,0.02564102564102564,0.0,0.0,0.02564102564102564,0.0,0.0,0.02564102564102564,0.0,0.02564102564102564,0.02564102564102564,0.02564102564102564,0.0,0.0,0.05128205128205128,0.0,0.0,0.02564102564102564,0.0,0.0,0.0,0.05128205128205128,0.0,0.0,0.02564102564102564,0.0,0.05128205128205128,0.0,0.0,0.02564102564102564,0.0,0.05128205128205128,0.0,0.05128205128205128,0.0,0.0,0.05128205128205128,0.02564102564102564,0.02564102564102564,0.02564102564102564,0.0,0.0,0.02564102564102564,0.02564102564102564,0.0,0.0,0.02564102564102564,0.0,0.02564102564102564,2.96306037342134,3.0,0.9876867911404467,0.10256410256410256,obj475,fld3,0
0.2,0.075,0.125,0.05,0.1,0.125,0.175,0.15,8,0.2,0,0.07692307692307693,0.0,0.0,0.02564102564102564,0.02564102564102564,0.02564102564102564,0.02564102564102564,0.02564102564102564,0.02564102564102564,0.0,0.0,0.02564102564102564,0.0,0.0,0.0,0.02564102564102564,0.0,0.02564102564102564,0.0,0.0,0.02564102564102564,0.05128205128205128,0.02564102564102564,0.0,0.0,0.0,0.02564102564102564,0.0,0.0,0.02564102564102564,0.0,0.0,0.0,0.0,0.0,0.0,0.0,0.0,0.02564102564102564,0.07692307692307693,0.02564102564102564,0.02564102564102564,0.0,0.0,0.0,0.0,0.07692307692307693,0.0,0.05128205128205128,0.0,0.05128205128205128,0.0,0.02564102564102564,0.02564102564102564,0.0,0.02564102564102564,0.02564102564102564,0.02564102564102564,0.02564102564102564,0.0,0.02564102564102564,0.0,0.02564102564102564,0.0,0.07692307692307693,0.0,0.0,0.02564102564102564,0.02564102564102564,0.02564102564102564,0.02564102564102564,0.02564102564102564,0.02564102564102564,0.0,0.0,0.02564102564102564,0.0,0.0,0.0,0.02564102564102564,0.0,0.02564102564102564,0.0,0.0,0.02564102564102564,0.05128205128205128,0.02564102564102564,0.0,0.0,0.0,0.02564102564102564,0.0,0.0,0.02564102564102564,0.0,0.0,0.0,0.0,0.0,0.0,0.0,0.0,0.02564102564102564,0.07692307692307693,0.02564102564102564,0.02564102564102564,0.0,0.0,0.0,0.0,0.07692307692307693,0.0,0.05128205128205128,0.0,0.05128205128205128,0.0,0.02564102564102564,0.02564102564102564,0.0,0.02564102564102564,0.02564102564102564,0.02564102564102564,0.02564102564102564,0.0,0.02564102564102564,0.0,0.02564102564102564,0.0,2.893542397143181,3.0,0.9645141323810603,0.07692307692307693,obj476,fld3,0
0.1,0.075,0.2,0.075,0.075,0.225,0.05,0.2,8,0.225,5,0.0,0.02564102564102564,0.05128205128205128,0.0,0.0,0.0,0.0,0.02564102564102564,0.0,0.0,0.02564102564102564,0.02564102564102564,0.0,0.02564102564102564,0.0,0.0,0.05128205128205128,0.0,0.02564102564102564,0.0,0.02564102564102564,0.02564102564102564,0.02564102564102564,0.05128205128205128,0.0,0.0,0.0,0.0,0.02564102564102564,0.05128205128205128,0.0,0.0,0.02564102564102564,0.02564102564102564,0.0,0.0,0.0,0.02564102564102564,0.0,0.0,0.02564102564102564,0.02564102564102564,0.07692307692307693,0.02564102564102564,0.0,0.02564102564102564,0.02564102564102564,0.02564102564102564,0.0,0.0,0.02564102564102564,0.0,0.0,0.02564102564102564,0.0,0.0,0.0,0.0,0.0,0.02564102564102564,0.02564102564102564,0.05128205128205128,0.0,0.07692307692307693,0.0,0.02564102564102564,0.05128205128205128,0.0,0.0,0.0,0.0,0.02564102564102564,0.0,0.0,0.02564102564102564,0.02564102564102564,0.0,0.02564102564102564,0.0,0.0,0.05128205128205128,0.0,0.02564102564102564,0.0,0.02564102564102564,0.02564102564102564,0.02564102564102564,0.05128205128205128,0.0,0.0,0.0,0.0,0.02564102564102564,0.05128205128205128,0.0,0.0,0.02564102564102564,0.02564102564102564,0.0,0.0,0.0,0.02564102564102564,0.0,0.0,0.02564102564102564,0.02564102564102564,0.07692307692307693,0.02564102564102564,0.0,0.02564102564102564,0.02564102564102564,0.02564102564102564,0.0,0.0,0.02564102564102564,0.0,0.0,0.02564102564102564,0.0,0.0,0.0,0.0,0.0,0.02564102564102564,0.02564102564102564,0.05128205128205128,0.0,0.07692307692307693,2.8020784069005815,3.0,0.9340261356335272,0.1282051282051282,obj477,fld5,1
0.125,0.15,0.2,0.125,0.125,0.075,0.075,0.125,8,0.2,2,0.05128205128205128,0.0,0.02564102564102564,0.0,0.02564102564102564,0.02564102564102564,0.0,0.0,0.0,0.02564102564102564,0.0,0.02564102564102564,0.02564102564102564,0.0,0.02564102564102564,0.05128205128205128,0.02564102564102564,0.05128205128205128,0.02564102564102564,0.0,0.0,0.02564102564102564,0.02564102564102564,0.02564102564102564,0.0,0.02564102564102564,0.05128205128205128,0.02564102564102564,0.02564102564102564,0.0,0.0,0.0,0.02564102564102564,0.0,0.0,0.02564102564102564,0.0,0.02564102564102564,0.02564102564102564,0.02564102564102564,0.0,0.0,0.02564102564102564,0.02564102564102564,0.02564102564102564,0.0,0.0,0.0,0.0,0.0,0.05128205128205128,0.0,0.0,0.0,0.0,0.02564102564102564,0.02564102564102564,0.05128205128205128,0.02564102564102564,0.02564102564102564,0.0,0.0,0.0,0.0,0.05128205128205128,0.0,0.02564102564102564,0.0,0.02564102564102564,0.02564102564102564,0.0,0.0,0.0,0.02564102564102564,0.0,0.02564102564102564,0.02564102564102564,0.0,0.02564102564102564,0.05128205128205128,0.02564102564102564,0.05128205128205128,0.02564102564102564,0.0,0.0,0.02564102564102564,0.02564102564102564,0.02564102564102564,0.0,0.02564102564102564,0.05128205128205128,0.02564102564102564,0.02564102564102564,0.0,0.0,0.0,0.02564102564102564,0.0,0.0,0.02564102564102564,0.0,0.02564102564102564,0.02564102564102564,0.02564102564102564,0.0,0.0,0.02564102564102564,0.02564102564102564,0.02564102564102564,0.0,0.0,0.0,0.0,0.0,0.05128205128205128,0.0,0.0,0.0,0.0,0.02564102564102564,0.02564102564102564,0.05128205128205128,0.02564102564102564,0.02564102564102564,0.0,0.0,0.0,0.0,2.935475297227334,3.0,0.9784917657424447,0.1282051282051282,obj478,fld4,0
0.15,0.125,0.3,0.075,0.05,0.15,0.1,0.05,8,0.3,2,0.02564102564102564,0.05128205128205128,0.0,0.0,0.0,0.02564102564102564,0.02564102564102564,0.02564102564102564,0.0,0.02564102564102564,0.05128205128205128,0.02564102564102564,0.0,0.0,0.0,0.02564102564102564,0.07692307692307693,0.0,0.1282051282051282,0.02564102564102564,0.02564102564102564,0.0,0.02564102564102564,0.0,0.0,0.02564102564102564,0.05128205128205128,0.0,0.0,0.0,0.0,0.0,0.0,0.0,0.0,0.0,0.0,0.05128205128205128,0.0,0.0,0.0,0.0,0.07692307692307693,0.0,0.02564102564102564,0.02564102564102564,0.02564102564102564,0.0,0.02564102564102564,0.0,0.0,0.02564102564102564,0.0,0.05128205128205128,0.0,0.0,0.0,0.02564102564102564,0.0,0.0,0.0,0.0,0.02564102564102564,0.0,0.02564102564102564,0.05128205128205128,0.0,0.0,0.0,0.02564102564102564,0.02564102564102564,0.02564102564102564,0.0,0.02564102564102564,0.05128205128205128,0.02564102564102564,0.0,0.0,0.0,0.02564102564102564,0.07692307692307693,0.0,0.1282051282051282,0.02564102564102564,0.02564102564102564,0.0,0.02564102564102564,0.0,0.0,0.02564102564102564,0.05128205128205128,0.0,0.0,0.0,0.0,0.0,0.0,0.0,0.0,0.0,0.0,0.05128205128205128,0.0,0.0,0.0,0.0,0.07692307692307693,0.0,0.02564102564102564,0.02564102564102564,0.02564102564102564,0.0,0.02564102564102564,0.0,0.0,0.02564102564102564,0.0,0.05128205128205128,0.0,0.0,0.0,0.02564102564102564,0.0,0.0,0.0,0.0,0.02564102564102564,0.0,2.7618373950396613,3.0,0.9206124650132205,0.20512820512820512,obj479,fld5,0
0.15,0.05,0.125,0.225,0.075,0.15,0.025,0.2,8,0.225,3,0.0,0.0,0.02564102564102564,0.0,0.0,0.05128205128205128,0.0,0.05128205128205128,0.02564102564102564,0.0,0.0,0.02564102564102564,0.0,0.0,0.0,0.0,0.02564102564102564,0.0,0.02564102564102564,0.0,0.02564102564102564,0.0,0.02564102564102564,0.02564102564102564,0.02564102564102564,0.0,0.05128205128205128,0.07692307692307693,0.02564102564102564,0.05128205128205128,0.0,0.0,0.0,0.02564102564102564,0.0,0.02564102564102564,0.0,0.0,0.0,0.02564102564102564,0.0,0.02564102564102564,0.0,0.07692307692307693,0.02564102564102564,0.0,0.0,0.02564102564102564,0.0,0.0,0.0,0.0,0.0,0.02564102564102564,0.0,0.0,0.07692307692307693,0.0,0.02564102564102564,0.0,0.0,0.02564102564102564,0.0,0.07692307692307693,0.0,0.0,0.02564102564102564,0.0,0.0,0.05128205128205128,0.0,0.05128205128205128,0.02564102564102564,0.0,0.0,0.02564102564102564,0.0,0.0,0.0,0.0,0.02564102564102564,0.0,0.02564102564102564,0.0,0.02564102564102564,0.0,0.02564102564102564,0.02564102564102564,0.02564102564102564,0.0,0.05128205128205128,0.07692307692307693,0.02564102564102564,0.05128205128205128,0.0,0.0,0.0,0.02564102564102564,0.0,0.02564102564102564,0.0,0.0,0.0,0.02564102564102564,0.0,0.02564102564102564,0.0,0.07692307692307693,0.02564102564102564,0.0,0.0,0.02564102564102564,0.0,0.0,0.0,0.0,0.0,0.02564102564102564,0.0,0.0,0.07692307692307693,0.0,0.02564102564102564,0.0,0.0,0.02564102564102564,0.0,0.07692307692307693,2.7740930199314877,3.0,0.9246976733104959,0.1794871794871795,obj480,fld2,1
0.175,0.125,0.125,0.1,0.15,0.175,0.05,0.1,8,0.175,0,0.0,0.02564102564102564,0.05128205128205128,0.02564102564102564,0.02564102564102564,0.02564102564102564,0.02564102564102564,0.0,0.02564102564102564,0.0,0.02564102564102564,0.0,0.02564102564102564,0.0,0.02564102564102564,0.02564102564102564,0.0,0.0,0.02564102564102564,0.0,0.05128205128205128,0.02564102564102564,0.0,0.02564102564102564,0.0,0.02564102564102564,0.0,0.0,0.0,0.02564102564102564,0.0,0.05128205128205128,0.0,0.0,0.02564102564102564,0.05128205128205128,0.0,0.07692307692307693,0.0,0.0,0.10256410256410256,0.02564102564102564,0.0,0.0,0.02564102564102564,0.02564102564102564,0.0,0.0,0.02564102564102564,0.0,0.0,0.02564102564102564,0.0,0.0,0.0,0.0,0.02564102564102564,0.05128205128205128,0.0,0.0,0.0,0.0,0.0,0.0,0.0,0.02564102564102564,0.05128205128205128,0.02564102564102564,0.02564102564102564,0.02564102564102564,0.02564102564102564,0.0,0.02564102564102564,0.0,0.02564102564102564,0.0,0.02564102564102564,0.0,0.02564102564102564,0.02564102564102564,0.0,0.0,0.02564102564102564,0.0,0.05128205128205128,0.02564102564102564,0.0,0.02564102564102564,0.0,0.02564102564102564,0.0,0.0,0.0,0.02564102564102564,0.0,0.05128205128205128,0.0,0.0,0.02564102564102564,0.05128205128205128,0.0,0.07692307692307693,0.0,0.0,0.10256410256410256,0.02564102564102564,0.0,0.0,0.02564102564102564,0.02564102564102564,0.0,0.0,0.02564102564102564,0.0,0.0,0.02564102564102564,0.0,0.0,0.0,0.0,0.02564102564102564,0.05128205128205128,0.0,0.0,0.0,0.0,0.0,0.0,2.921127473337187,3.0,0.9737091577790623,0.05128205128205128,obj481,fld3,1
0.125,0.125,0.075,0.125,0.175,0.125,0.2,0.05,8,0.2,6,0.0,0.0,0.02564102564102564,0.0,0.07692307692307693,0.02564102564102564,0.0,0.0,0.0,0.02564102564102564,0.02564102564102564,0.02564102564102564,0.0,0.02564102564102564,0.02564102564102564,0.0,0.02564102564102564,0.0,0.02564102564102564,0.0,0.0,0.0,0.02564102564102564,0.0,0.0,0.0,0.0,0.05128205128205128,0.02564102564102564,0.02564102564102564,0.02564102564102564,0.0,0.0,0.05128205128205128,0.0,0.02564102564102564,0.0,0.02564102564102564,0.05128205128205128,0.02564102564102564,0.05128205128205128,0.0,0.0,0.0,0.02564102564102564,0.0,0.05128205128205128,0.0,0.0,0.05128205128205128,0.0,0.02564102564102564,0.05128205128205128,0.0,0.02564102564102564,0.02564102564102564,0.02564102564102564,0.0,0.0,0.0,0.0,0.02564102564102564,0.0,0.0,0.0,0.0,0.02564102564102564,0.0,0.07692307692307693,0.02564102564102564,0.0,0.0,0.0,0.02564102564102564,0.02564102564102564,0.02564102564102564,0.0,0.02564102564102564,0.02564102564102564,0.0,0.02564102564102564,0.0,0.02564102564102564,0.0,0.0,0.0,0.02564102564102564,0.0,0.0,0.0,0.0,0.05128205128205128,0.02564102564102564,0.02564102564102564,0.02564102564102564,0.0,0.0,0.05128205128205128,0.0,0.02564102564102564,0.0,0.02564102564102564,0.05128205128205128,0.02564102564102564,0.05128205128205128,0.0,0.0,0.0,0.02564102564102564,0.0,0.05128205128205128,0.0,0.0,0.05128205128205128,0.0,0.02564102564102564,0.05128205128205128,0.0,0.02564102564102564,0.02564102564102564,0.02564102564102564,0.0,0.0,0.0,0.0,0.02564102564102564,0.0,0.0,2.9008047485295134,3.0,0.9669349161765045,0.1282051282051282,obj482,fld3,1
0.05,0.05,0.125,0.2,0.175,0.15,0.125,0.125,8,0.2,3,0.0,0.0,0.0,0.0,0.0,0.0,0.05128205128205128,0.0,0.0,0.02564102564102564,0.0,0.0,0.02564102564102564,0.0,0.0,0.0,0.0,0.0,0.0,0.02564102564102564,0.0,0.02564102564102564,0.02564102564102564,0.05128205128205128,0.02564102564102564,0.02564102564102564,0.02564102564102564,0.05128205128205128,0.05128205128205128,0.02564102564102564,0.0,0.0,0.0,0.0,0.05128205128205128,0.05128205128205128,0.02564102564102564,0.02564102564102564,0.02564102564102564,0.0,0.0,0.0,0.0,0.05128205128205128,0.05128205128205128,0.05128205128205128,0.0,0.0,0.02564102564102564,0.0,0.02564102564102564,0.02564102564102564,0.02564102564102564,0.02564102564102564,0.0,0.0,0.0,0.0,0.02564102564102564,0.0,0.0,0.0,0.02564102564102564,0.05128205128205128,0.0,0.0,0.0,0.0,0.0,0.0,0.05128205128205128,0.0,0.0,0.02564102564102564,0.0,0.0,0.02564102564102564,0.0,0.0,0.0,0.0,0.0,0.0,0.02564102564102564,0.0,0.02564102564102564,0.02564102564102564,0.05128205128205128,0.02564102564102564,0.02564102564102564,0.02564102564102564,0.05128205128205128,0.05128205128205128,0.02564102564102564,0.0,0.0,0.0,0.0,0.05128205128205128,0.05128205128205128,0.02564102564102564,0.02564102564102564,0.02564102564102564,0.0,0.0,0.0,0.0,0.05128205128205128,0.05128205128205128,0.05128205128205128,0.0,0.0,0.02564102564102564,0.0,0.02564102564102564,0.02564102564102564,0.02564102564102564,0.02564102564102564,0.0,0.0,0.0,0.0,0.02564102564102564,0.0,0.0,0.0,0.02564102564102564,0.05128205128205128,2.8721735728363473,3.0,0.9573911909454491,0.20512820512820512,obj483,fld3,0
0.075,0.125,0.15,0.075,0.1,0.2,0.1,0.175,8,0.2,5,0.0,0.0,0.02564102564102564,0.0,0.0,0.02564102564102564,0.0,0.02564102564102564,0.02564102564102564,0.0,0.0,0.02564102564102564,0.0,0.05128205128205128,0.0,0.0,0.0,0.02564102564102564,0.02564102564102564,0.0,0.02564102564102564,0.02564102564102564,0.02564102564102564,0.02564102564102564,0.02564102564102564,0.0,0.0,0.0,0.0,0.0,0.02564102564102564,0.02564102564102564,0.0,0.02564102564102564,0.0,0.0,0.05128205128205128,0.0,0.0,0.02564102564102564,0.0,0.02564102564102564,0.07692307692307693,0.02564102564102564,0.0,0.02564102564102564,0.0,0.05128205128205128,0.02564102564102564,0.02564102564102564,0.0,0.0,0.0,0.02564102564102564,0.0,0.02564102564102564,0.0,0.0,0.02564102564102564,0.02564102564102564,0.02564102564102564,0.05128205128205128,0.05128205128205128,0.0,0.0,0.0,0.02564102564102564,0.0,0.0,0.02564102564102564,0.0,0.02564102564102564,0.02564102564102564,0.0,0.0,0.02564102564102564,0.0,0.05128205128205128,0.0,0.0,0.0,0.02564102564102564,0.02564102564102564,0.0,0.02564102564102564,0.02564102564102564,0.02564102564102564,0.02564102564102564,0.02564102564102564,0.0,0.0,0.0,0.0,0.0,0.02564102564102564,0.02564102564102564,0.0,0.02564102564102564,0.0,0.0,0.05128205128205128,0.0,0.0,0.02564102564102564,0.0,0.02564102564102564,0.07692307692307693,0.02564102564102564,0.0,0.02564102564102564,0.0,0.05128205128205128,0.02564102564102564,0.02564102564102564,0.0,0.0,0.0,0.02564102564102564,0.0,0.02564102564102564,0.0,0.0,0.02564102564102564,0.02564102564102564,0.02564102564102564,0.05128205128205128,0.05128205128205128,0.0,2.9149112214500144,3.0,0.9716370738166714,0.10256410256410256,obj484,fld4,1
0.2,0.15,0.1,0.1,0.125,0.05,0.175,0.1,8,0.2,0,0.02564102564102564,0.05128205128205128,0.02564102564102564,0.02564102564102564,0.05128205128205128,0.0,0.0,0.02564102564102564,0.0,0.05128205128205128,0.0,0.0,0.0,0.0,0.05128205128205128,0.02564102564102564,0.02564102564102564,0.02564102564102564,0.0,0.02564102564102564,0.02564102564102564,0.0,0.0,0.0,0.05128205128205128,0.0,0.0,0.0,0.0,0.02564102564102564,0.0,0.02564102564102564,0.02564102564102564,0.0,0.02564102564102564,0.0,0.0,0.0,0.07692307692307693,0.0,0.02564102564102564,0.0,0.02564102564102564,0.0,0.0,0.0,0.0,0.0,0.02564102564102564,0.02564102564102564,0.02564102564102564,0.02564102564102564,0.02564102564102564,0.02564102564102564,0.02564102564102564,0.0,0.02564102564102564,0.0,0.0,0.02564102564102564,0.02564102564102564,0.0,0.02564102564102564,0.0,0.02564102564102564,0.05128205128205128,0.02564102564102564,0.02564102564102564,0.05128205128205128,0.0,0.0,0.02564102564102564,0.0,0.05128205128205128,0.0,0.0,0.0,0.0,0.05128205128205128,0.02564102564102564,0.02564102564102564,0.02564102564102564,0.0,0.02564102564102564,0.02564102564102564,0.0,0.0,0.0,0.05128205128205128,0.0,0.0,0.0,0.0,0.02564102564102564,0.0,0.02564102564102564,0.02564102564102564,0.0,0.02564102564102564,0.0,0.0,0.0,0.07692307692307693,0.0,0.02564102564102564,0.0,0.02564102564102564,0.0,0.0,0.0,0.0,0.0,0.02564102564102564,0.02564102564102564,0.02564102564102564,0.02564102564102564,0.02564102564102564,0.02564102564102564,0.02564102564102564,0.0,0.02564102564102564,0.0,0.0,0.02564102564102564,0.02564102564102564,0.0,0.02564102564102564,0.0,2.902655596558188,3.0,0.967551865519396,0.10256410256410256,obj485,fld3,0
0.225,0.125,0.1,0.125,0.125,0.05,0.05,0.2,8,0.225,0,0.07692307692307693,0.07692307692307693,0.0,0.0,0.05128205128205128,0.0,0.0,0.02564102564102564,0.05128205128205128,0.0,0.0,0.0,0.0,0.0,0.0,0.07692307692307693,0.02564102564102564,0.0,0.0,0.02564102564102564,0.02564102564102564,0.02564102564102564,0.0,0.0,0.0,0.0,0.02564102564102564,0.0,0.02564102564102564,0.0,0.05128205128205128,0.02564102564102564,0.02564102564102564,0.0,0.0,0.0,0.02564102564102564,0.0,0.0,0.05128205128205128,0.0,0.0,0.02564102564102564,0.0,0.0,0.02564102564102564,0.0,0.0,0.02564102564102564,0.0,0.0,0.02564102564102564,0.0,0.0,0.0,0.0,0.0,0.05128205128205128,0.05128205128205128,0.07692307692307693,0.0,0.0,0.0,0.02564102564102564,0.07692307692307693,0.07692307692307693,0.0,0.0,0.05128205128205128,0.0,0.0,0.02564102564102564,0.05128205128205128,0.0,0.0,0.0,0.0,0.0,0.0,0.07692307692307693,0.02564102564102564,0.0,0.0,0.02564102564102564,0.02564102564102564,0.02564102564102564,0.0,0.0,0.0,0.0,0.02564102564102564,0.0,0.02564102564102564,0.0,0.05128205128205128,0.02564102564102564,0.02564102564102564,0.0,0.0,0.0,0.02564102564102564,0.0,0.0,0.05128205128205128,0.0,0.0,0.02564102564102564,0.0,0.0,0.02564102564102564,0.0,0.0,0.02564102564102564,0.0,0.0,0.02564102564102564,0.0,0.0,0.0,0.0,0.0,0.05128205128205128,0.05128205128205128,0.07692307692307693,0.0,0.0,0.0,0.02564102564102564,2.8379719339800813,3.0,0.9459906446600271,0.15384615384615385,obj486,fld4,0
0.125,0.15,0.175,0.075,0.125,0.15,0.1,0.1,8,0.175,2,0.05128205128205128,0.0,0.02564102564102564,0.0,0.02564102564102564,0.0,0.0,0.02564102564102564,0.0,0.0,0.0,0.02564102564102564,0.05128205128205128,0.05128205128205128,0.02564102564102564,0.0,0.02564102564102564,0.02564102564102564,0.07692307692307693,0.0,0.0,0.02564102564102564,0.02564102564102564,0.0,0.0,0.02564102564102564,0.02564102564102564,0.0,0.0,0.0,0.02564102564102564,0.0,0.0,0.0,0.05128205128205128,0.0,0.0,0.02564102564102564,0.02564102564102564,0.02564102564102564,0.0,0.05128205128205128,0.0,0.0,0.05128205128205128,0.0,0.0,0.02564102564102564,0.02564102564102564,0.0,0.0,0.05128205128205128,0.0,0.0,0.0,0.02564102564102564,0.0,0.05128205128205128,0.0,0.0,0.0,0.05128205128205128,0.0,0.0,0.05128205128205128,0.0,0.02564102564102564,0.0,0.02564102564102564,0.0,0.0,0.02564102564102564,0.0,0.0,0.0,0.02564102564102564,0.05128205128205128,0.05128205128205128,0.02564102564102564,0.0,0.02564102564102564,0.02564102564102564,0.07692307692307693,0.0,0.0,0.02564102564102564,0.02564102564102564,0.0,0.0,0.02564102564102564,0.02564102564102564,0.0,0.0,0.0,0.02564102564102564,0.0,0.0,0.0,0.05128205128205128,0.0,0.0,0.02564102564102564,0.02564102564102564,0.02564102564102564,0.0,0.05128205128205128,0.0,0.0,0.05128205128205128,0.0,0.0,0.02564102564102564,0.02564102564102564,0.0,0.0,0.05128205128205128,0.0,0.0,0.0,0.02564102564102564,0.0,0.05128205128205128,0.0,0.0,0.0,0.05128205128205128,0.0,0.0,2.9557980220350073,3.0,0.9852660073450025,0.1282051282051282,obj487,fld5,1
0.125,0.125,0.05,0.225,0.125,0.125,0.125,0.1,8,0.225,3,0.0,0.02564102564102564,0.02564102564102564,0.0,0.02564102564102564,0.02564102564102564,0.02564102564102564,0.0,0.02564102564102564,0.02564102564102564,0.0,0.05128205128205128,0.02564102564102564,0.0,0.0,0.0,0.0,0.0,0.0,0.02564102564102564,0.0,0.02564102564102564,0.0,0.0,0.0,0.05128205128205128,0.0,0.0,0.0,0.07692307692307693,0.05128205128205128,0.02564102564102564,0.02564102564102564,0.0,0.0,0.05128205128205128,0.0,0.0,0.02564102564102564,0.02564102564102564,0.02564102564102564,0.02564102564102564,0.0,0.02564102564102564,0.0,0.0,0.02564102564102564,0.02564102564102564,0.05128205128205128,0.0,0.0,0.05128205128205128,0.02564102564102564,0.0,0.0,0.0,0.0,0.0,0.0,0.02564102564102564,0.05128205128205128,0.0,0.0,0.02564102564102564,0.0,0.02564102564102564,0.02564102564102564,0.0,0.02564102564102564,0.02564102564102564,0.02564102564102564,0.0,0.02564102564102564,0.02564102564102564,0.0,0.05128205128205128,0.02564102564102564,0.0,0.0,0.0,0.0,0.0,0.0,0.02564102564102564,0.0,0.02564102564102564,0.0,0.0,0.0,0.05128205128205128,0.0,0.0,0.0,0.07692307692307693,0.05128205128205128,0.02564102564102564,0.02564102564102564,0.0,0.0,0.05128205128205128,0.0,0.0,0.02564102564102564,0.02564102564102564,0.02564102564102564,0.02564102564102564,0.0,0.02564102564102564,0.0,0.0,0.02564102564102564,0.02564102564102564,0.05128205128205128,0.0,0.0,0.05128205128205128,0.02564102564102564,0.0,0.0,0.0,0.0,0.0,0.0,0.02564102564102564,0.05128205128205128,0.0,0.0,0.02564102564102564,2.9074899102582408,3.0,0.9691633034194136,0.05128205128205128,obj488,fld2,1
0.125,0.075,0.175,0.125,0.1,0.15,0.15,0.1,8,0.175,2,0.0,0.02564102564102564,0.02564102564102564,0.05128205128205128,0.0,0.0,0.02564102564102564,0.0,0.02564102564102564,0.0,0.0,0.0,0.0,0.05128205128205128,0.0,0.0,0.02564102564102564,0.0,0.0,0.05128205128205128,0.0,0.02564102564102564,0.07692307692307693,0.0,0.02564102564102564,0.02564102564102564,0.0,0.0,0.05128205128205128,0.0,0.02564102564102564,0.0,0.02564102564102564,0.0,0.05128205128205128,0.0,0.0,0.02564102564102564,0.0,0.0,0.0,0.02564102564102564,0.02564102564102564,0.0,0.0,0.02564102564102564,0.0,0.05128205128205128,0.0,0.0,0.02564102564102564,0.02564102564102564,0.05128205128205128,0.02564102564102564,0.0,0.02564102564102564,0.0,0.0,0.05128205128205128,0.0,0.0,0.0,0.02564102564102564,0.02564102564102564,0.0,0.02564102564102564,0.02564102564102564,0.05128205128205128,0.0,0.0,0.02564102564102564,0.0,0.02564102564102564,0.0,0.0,0.0,0.0,0.05128205128205128,0.0,0.0,0.02564102564102564,0.0,0.0,0.05128205128205128,0.0,0.02564102564102564,0.07692307692307693,0.0,0.02564102564102564,0.02564102564102564,0.0,0.0,0.05128205128205128,0.0,0.02564102564102564,0.0,0.02564102564102564,0.0,0.05128205128205128,0.0,0.0,0.02564102564102564,0.0,0.0,0.0,0.02564102564102564,0.02564102564102564,0.0,0.0,0.02564102564102564,0.0,0.05128205128205128,0.0,0.0,0.02564102564102564,0.02564102564102564,0.05128205128205128,0.02564102564102564,0.0,0.02564102564102564,0.0,0.0,0.05128205128205128,0.0,0.0,0.0,0.02564102564102564,0.02564102564102564,2.9557980220350073,3.0,0.9852660073450025,0.05128205128205128,obj489,fld1,1
0.1,0.1,0.25,0.1,0.075,0.075,0.1,0.2,8,0.25,2,0.0,0.05128205128205128,0.02564102564102564,0.0,0.0,0.0,0.0,0.02564102564102564,0.0,0.0,0.02564102564102564,0.02564102564102564,0.0,0.02564102564102564,0.0,0.02564102564102564,0.05128205128205128,0.02564102564102564,0.07692307692307693,0.0,0.02564102564102564,0.0,0.05128205128205128,0.02564102564102564,0.05128205128205128,0.0,0.02564102564102564,0.0,0.0,0.0,0.02564102564102564,0.0,0.0,0.02564102564102564,0.0,0.0,0.02564102564102564,0.02564102564102564,0.0,0.0,0.0,0.0,0.05128205128205128,0.02564102564102564,0.0,0.0,0.0,0.0,0.0,0.0,0.02564102564102564,0.02564102564102564,0.0,0.02564102564102564,0.0,0.02564102564102564,0.0,0.0,0.02564102564102564,0.02564102564102564,0.02564102564102564,0.0,0.02564102564102564,0.07692307692307693,0.0,0.05128205128205128,0.02564102564102564,0.0,0.0,0.0,0.0,0.02564102564102564,0.0,0.0,0.02564102564102564,0.02564102564102564,0.0,0.02564102564102564,0.0,0.02564102564102564,0.05128205128205128,0.02564102564102564,0.07692307692307693,0.0,0.02564102564102564,0.0,0.05128205128205128,0.02564102564102564,0.05128205128205128,0.0,0.02564102564102564,0.0,0.0,0.0,0.02564102564102564,0.0,0.0,0.02564102564102564,0.0,0.0,0.02564102564102564,0.02564102564102564,0.0,0.0,0.0,0.0,0.05128205128205128,0.02564102564102564,0.0,0.0,0.0,0.0,0.0,0.0,0.02564102564102564,0.02564102564102564,0.0,0.02564102564102564,0.0,0.02564102564102564,0.0,0.0,0.02564102564102564,0.02564102564102564,0.02564102564102564,0.0,0.02564102564102564,0.07692307692307693,2.8537016960573482,3.0,0.9512338986857828,0.1794871794871795,obj490,fld4,1
0.15,0.2,0.1,0.025,0.15,0.2,0.125,0.05,8,0.2,5,0.0,0.02564102564102564,0.0,0.0,0.02564102564102564,0.05128205128205128,0.02564102564102564,0.0,0.02564102564102564,0.02564102564102564,0.02564102564102564,0.02564102564102564,0.02564102564102564,0.05128205128205128,0.0,0.02564102564102564,0.02564102564102564,0.02564102564102564,0.0,0.0,0.02564102564102564,0.02564102564102564,0.0,0.0,0.0,0.02564102564102564,0.0,0.0,0.0,0.0,0.0,0.0,0.0,0.02564102564102564,0.02564102564102564,0.0,0.02564102564102564,0.02564102564102564,0.02564102564102564,0.02564102564102564,0.05128205128205128,0.02564102564102564,0.02564102564102564,0.0,0.05128205128205128,0.0,0.05128205128205128,0.0,0.0,0.05128205128205128,0.0,0.0,0.0,0.05128205128205128,0.02564102564102564,0.0,0.05128205128205128,0.0,0.0,0.0,0.0,0.0,0.0,0.0,0.0,0.02564102564102564,0.0,0.0,0.02564102564102564,0.05128205128205128,0.02564102564102564,0.0,0.02564102564102564,0.02564102564102564,0.02564102564102564,0.02564102564102564,0.02564102564102564,0.05128205128205128,0.0,0.02564102564102564,0.02564102564102564,0.02564102564102564,0.0,0.0,0.02564102564102564,0.02564102564102564,0.0,0.0,0.0,0.02564102564102564,0.0,0.0,0.0,0.0,0.0,0.0,0.0,0.02564102564102564,0.02564102564102564,0.0,0.02564102564102564,0.02564102564102564,0.02564102564102564,0.02564102564102564,0.05128205128205128,0.02564102564102564,0.02564102564102564,0.0,0.05128205128205128,0.0,0.05128205128205128,0.0,0.0,0.05128205128205128,0.0,0.0,0.0,0.05128205128205128,0.02564102564102564,0.0,0.05128205128205128,0.0,0.0,0.0,0.0,0.0,0.0,0.0,2.8061983328100952,3.0,0.9353994442700317,0.07692307692307693,obj491,fld1,1
0.1,0.075,0.075,0.175,0.15,0.2,0.125,0.1,8,0.2,5,0.0,0.0,0.0,0.0,0.05128205128205128,0.05128205128205128,0.0,0.0,0.0,0.0,0.02564102564102564,0.0,0.0,0.02564102564102564,0.02564102564102564,0.0,0.02564102564102564,0.0,0.0,0.0,0.0,0.02564102564102564,0.0,0.02564102564102564,0.0,0.02564102564102564,0.0,0.05128205128205128,0.0,0.02564102564102564,0.05128205128205128,0.0,0.02564102564102564,0.02564102564102564,0.02564102564102564,0.0,0.02564102564102564,0.02564102564102564,0.0,0.02564102564102564,0.0,0.02564102564102564,0.0,0.02564102564102564,0.02564102564102564,0.05128205128205128,0.05128205128205128,0.02564102564102564,0.05128205128205128,0.0,0.02564102564102564,0.02564102564102564,0.0,0.0,0.0,0.02564102564102564,0.0,0.0,0.0,0.05128205128205128,0.05128205128205128,0.0,0.0,0.0,0.0,0.0,0.0,0.0,0.05128205128205128,0.05128205128205128,0.0,0.0,0.0,0.0,0.02564102564102564,0.0,0.0,0.02564102564102564,0.02564102564102564,0.0,0.02564102564102564,0.0,0.0,0.0,0.0,0.02564102564102564,0.0,0.02564102564102564,0.0,0.02564102564102564,0.0,0.05128205128205128,0.0,0.02564102564102564,0.05128205128205128,0.0,0.02564102564102564,0.02564102564102564,0.02564102564102564,0.0,0.02564102564102564,0.02564102564102564,0.0,0.02564102564102564,0.0,0.02564102564102564,0.0,0.02564102564102564,0.02564102564102564,0.05128205128205128,0.05128205128205128,0.02564102564102564,0.05128205128205128,0.0,0.02564102564102564,0.02564102564102564,0.0,0.0,0.0,0.02564102564102564,0.0,0.0,0.0,0.05128205128205128,0.05128205128205128,0.0,0.0,0.0,2.9149112214500144,3.0,0.9716370738166714,0.1282051282051282,obj492,fld4,1
0.1,0.125,0.175,0.125,0.075,0.125,0.15,0.125,8,0.175,2,0.02564102564102564,0.0,0.02564102564102564,0.0,0.0,0.0,0.0,0.02564102564102564,0.0,0.0,0.0,0.05128205128205128,0.02564102564102564,0.02564102564102564,0.0,0.02564102564102564,0.02564102564102564,0.0,0.05128205128205128,0.0,0.0,0.0,0.10256410256410256,0.0,0.0,0.05128205128205128,0.0,0.02564102564102564,0.02564102564102564,0.0,0.02564102564102564,0.0,0.0,0.0,0.02564102564102564,0.0,0.0,0.0,0.0,0.05128205128205128,0.0,0.0,0.05128205128205128,0.0,0.0,0.05128205128205128,0.0,0.02564102564102564,0.05128205128205128,0.05128205128205128,0.02564102564102564,0.02564102564102564,0.0,0.0,0.0,0.0,0.0,0.02564102564102564,0.0,0.02564102564102564,0.02564102564102564,0.05128205128205128,0.0,0.0,0.02564102564102564,0.0,0.02564102564102564,0.0,0.0,0.0,0.0,0.02564102564102564,0.0,0.0,0.0,0.05128205128205128,0.02564102564102564,0.02564102564102564,0.0,0.02564102564102564,0.02564102564102564,0.0,0.05128205128205128,0.0,0.0,0.0,0.10256410256410256,0.0,0.0,0.05128205128205128,0.0,0.02564102564102564,0.02564102564102564,0.0,0.02564102564102564,0.0,0.0,0.0,0.02564102564102564,0.0,0.0,0.0,0.0,0.05128205128205128,0.0,0.0,0.05128205128205128,0.0,0.0,0.05128205128205128,0.0,0.02564102564102564,0.05128205128205128,0.05128205128205128,0.02564102564102564,0.02564102564102564,0.0,0.0,0.0,0.0,0.0,0.02564102564102564,0.0,0.02564102564102564,0.02564102564102564,0.05128205128205128,0.0,0.0,2.96306037342134,3.0,0.9876867911404467,0.15384615384615385,obj493,fld4,1
0.175,0.15,0.15,0.15,0.025,0.15,0.1,0.1,8,0.175,0,0.07692307692307693,0.0,0.0,0.02564102564102564,0.0,0.0,0.02564102564102564,0.02564102564102564,0.02564102564102564,0.0,0.07692307692307693,0.02564102564102564,0.0,0.0,0.0,0.02564102564102564,0.0,0.02564102564102564,0.0,0.02564102564102564,0.0,0.05128205128205128,0.05128205128205128,0.0,0.02564102564102564,0.07692307692307693,0.0,0.0,0.02564102564102564,0.02564102564102564,0.0,0.0,0.0,0.0,0.02564102564102564,0.0,0.0,0.0,0.0,0.0,0.05128205128205128,0.02564102564102564,0.02564102564102564,0.02564102564102564,0.0,0.02564102564102564,0.0,0.0,0.0,0.0,0.0,0.02564102564102564,0.0,0.02564102564102564,0.02564102564102564,0.02564102564102564,0.0,0.0,0.02564102564102564,0.02564102564102564,0.0,0.02564102564102564,0.0,0.02564102564102564,0.07692307692307693,0.0,0.0,0.02564102564102564,0.0,0.0,0.02564102564102564,0.02564102564102564,0.02564102564102564,0.0,0.07692307692307693,0.02564102564102564,0.0,0.0,0.0,0.02564102564102564,0.0,0.02564102564102564,0.0,0.02564102564102564,0.0,0.05128205128205128,0.05128205128205128,0.0,0.02564102564102564,0.07692307692307693,0.0,0.0,0.02564102564102564,0.02564102564102564,0.0,0.0,0.0,0.0,0.02564102564102564,0.0,0.0,0.0,0.0,0.0,0.05128205128205128,0.02564102564102564,0.02564102564102564,0.02564102564102564,0.0,0.02564102564102564,0.0,0.0,0.0,0.0,0.0,0.02564102564102564,0.0,0.02564102564102564,0.02564102564102564,0.02564102564102564,0.0,0.0,0.02564102564102564,0.02564102564102564,0.0,0.02564102564102564,0.0,0.02564102564102564,2.8796634830945878,3.0,0.9598878276981959,0.15384615384615385,obj494,fld1,0
0.225,0.075,0.1,0.05,0.175,0.15,0.125,0.1,8,0.225,0,0.02564102564102564,0.02564102564102564,0.05128205128205128,0.0,0.02564102564102564,0.02564102564102564,0.05128205128205128,0.02564102564102564,0.02564102564102564,0.0,0.0,0.0,0.0,0.02564102564102564,0.02564102564102564,0.0,0.02564102564102564,0.02564102564102564,0.0,0.02564102564102564,0.0,0.0,0.0,0.02564102564102564,0.02564102564102564,0.0,0.0,0.0,0.02564102564102564,0.0,0.0,0.0,0.0,0.0,0.0,0.0,0.05128205128205128,0.05128205128205128,0.05128205128205128,0.0,0.07692307692307693,0.0,0.02564102564102564,0.0,0.02564102564102564,0.0,0.0,0.02564102564102564,0.0,0.02564102564102564,0.0,0.02564102564102564,0.02564102564102564,0.02564102564102564,0.0,0.02564102564102564,0.05128205128205128,0.0,0.0,0.0,0.02564102564102564,0.02564102564102564,0.0,0.0,0.02564102564102564,0.02564102564102564,0.05128205128205128,0.0,0.02564102564102564,0.02564102564102564,0.05128205128205128,0.02564102564102564,0.02564102564102564,0.0,0.0,0.0,0.0,0.02564102564102564,0.02564102564102564,0.0,0.02564102564102564,0.02564102564102564,0.0,0.02564102564102564,0.0,0.0,0.0,0.02564102564102564,0.02564102564102564,0.0,0.0,0.0,0.02564102564102564,0.0,0.0,0.0,0.0,0.0,0.0,0.0,0.05128205128205128,0.05128205128205128,0.05128205128205128,0.0,0.07692307692307693,0.0,0.02564102564102564,0.0,0.02564102564102564,0.0,0.0,0.02564102564102564,0.0,0.02564102564102564,0.0,0.02564102564102564,0.02564102564102564,0.02564102564102564,0.0,0.02564102564102564,0.05128205128205128,0.0,0.0,0.0,0.02564102564102564,0.02564102564102564,0.0,0.0,2.870550283679581,3.0,0.9568500945598603,0.07692307692307693,obj495,fld5,1
0.125,0.125,0.175,0.075,0.125,0.15,0.175,0.05,8,0.175,2,0.0,0.0,0.0,0.02564102564102564,0.0,0.05128205128205128,0.05128205128205128,0.0,0.0,0.02564102564102564,0.02564102564102564,0.02564102564102564,0.0,0.02564102564102564,0.02564102564102564,0.0,0.05128205128205128,0.02564102564102564,0.02564102564102564,0.0,0.0,0.02564102564102564,0.05128205128205128,0.0,0.0,0.05128205128205128,0.02564102564102564,0.0,0.0,0.0,0.0,0.0,0.02564102564102564,0.0,0.0,0.0,0.02564102564102564,0.0,0.02564102564102564,0.02564102564102564,0.0,0.02564102564102564,0.02564102564102564,0.0,0.05128205128205128,0.02564102564102564,0.0,0.02564102564102564,0.05128205128205128,0.0,0.02564102564102564,0.0,0.05128205128205128,0.02564102564102564,0.02564102564102564,0.0,0.0,0.0,0.02564102564102564,0.02564102564102564,0.0,0.0,0.0,0.0,0.0,0.0,0.0,0.02564102564102564,0.0,0.05128205128205128,0.05128205128205128,0.0,0.0,0.02564102564102564,0.02564102564102564,0.02564102564102564,0.0,0.02564102564102564,0.02564102564102564,0.0,0.05128205128205128,0.02564102564102564,0.02564102564102564,0.0,0.0,0.02564102564102564,0.05128205128205128,0.0,0.0,0.05128205128205128,0.02564102564102564,0.0,0.0,0.0,0.0,0.0,0.02564102564102564,0.0,0.0,0.0,0.02564102564102564,0.0,0.02564102564102564,0.02564102564102564,0.0,0.02564102564102564,0.02564102564102564,0.0,0.05128205128205128,0.02564102564102564,0.0,0.02564102564102564,0.05128205128205128,0.0,0.02564102564102564,0.0,0.05128205128205128,0.02564102564102564,0.02564102564102564,0.0,0.0,0.0,0.02564102564102564,0.02564102564102564,0.0,0.0,0.0,0.0,2.9120142739221797,3.0,0.9706714246407265,0.1282051282051282,obj496,fld1,1
0.2,0.15,0.05,0.025,0.075,0.3,0.125,0.075,8,0.3,5,0.02564102564102564,0.02564102564102564,0.02564102564102564,0.0,0.02564102564102564,0.05128205128205128,0.02564102564102564,0.0,0.07692307692307693,0.0,0.0,0.0,0.0,0.02564102564102564,0.02564102564102564,0.02564102564102564,0.0,0.02564102564102564,0.0,0.0,0.0,0.02564102564102564,0.0,0.0,0.02564102564102564,0.0,0.0,0.0,0.0,0.0,0.0,0.0,0.0,0.02564102564102564,0.0,0.0,0.02564102564102564,0.02564102564102564,0.0,0.0,0.05128205128205128,0.02564102564102564,0.0,0.02564102564102564,0.02564102564102564,0.10256410256410256,0.07692307692307693,0.0,0.0,0.05128205128205128,0.0,0.0,0.0,0.05128205128205128,0.0,0.02564102564102564,0.02564102564102564,0.0,0.02564102564102564,0.0,0.0,0.0,0.0,0.02564102564102564,0.02564102564102564,0.02564102564102564,0.02564102564102564,0.0,0.02564102564102564,0.05128205128205128,0.02564102564102564,0.0,0.07692307692307693,0.0,0.0,0.0,0.0,0.02564102564102564,0.02564102564102564,0.02564102564102564,0.0,0.02564102564102564,0.0,0.0,0.0,0.02564102564102564,0.0,0.0,0.02564102564102564,0.0,0.0,0.0,0.0,0.0,0.0,0.0,0.0,0.02564102564102564,0.0,0.0,0.02564102564102564,0.02564102564102564,0.0,0.0,0.05128205128205128,0.02564102564102564,0.0,0.02564102564102564,0.02564102564102564,0.10256410256410256,0.07692307692307693,0.0,0.0,0.05128205128205128,0.0,0.0,0.0,0.05128205128205128,0.0,0.02564102564102564,0.02564102564102564,0.0,0.02564102564102564,0.0,0.0,0.0,0.0,0.02564102564102564,2.680709582593748,3.0,0.8935698608645827,0.1794871794871795,obj497,fld3,0
0.05,0.225,0.1,0.15,0.05,0.075,0.175,0.175,8,0.225,1,0.0,0.0,0.0,0.02564102564102564,0.0,0.0,0.02564102564102564,0.0,0.0,0.05128205128205128,0.02564102564102564,0.0,0.02564102564102564,0.02564102564102564,0.0,0.10256410256410256,0.0,0.02564102564102564,0.0,0.05128205128205128,0.0,0.0,0.02564102564102564,0.0,0.05128205128205128,0.05128205128205128,0.0,0.02564102564102564,0.0,0.0,0.0,0.02564102564102564,0.0,0.02564102564102564,0.0,0.02564102564102564,0.0,0.0,0.0,0.0,0.0,0.0,0.02564102564102564,0.0,0.0,0.0,0.02564102564102564,0.02564102564102564,0.0,0.05128205128205128,0.0,0.02564102564102564,0.0,0.02564102564102564,0.05128205128205128,0.02564102564102564,0.0,0.0,0.05128205128205128,0.0,0.02564102564102564,0.02564102564102564,0.05128205128205128,0.0,0.0,0.0,0.0,0.02564102564102564,0.0,0.0,0.02564102564102564,0.0,0.0,0.05128205128205128,0.02564102564102564,0.0,0.02564102564102564,0.02564102564102564,0.0,0.10256410256410256,0.0,0.02564102564102564,0.0,0.05128205128205128,0.0,0.0,0.02564102564102564,0.0,0.05128205128205128,0.05128205128205128,0.0,0.02564102564102564,0.0,0.0,0.0,0.02564102564102564,0.0,0.02564102564102564,0.0,0.02564102564102564,0.0,0.0,0.0,0.0,0.0,0.0,0.02564102564102564,0.0,0.0,0.0,0.02564102564102564,0.02564102564102564,0.0,0.05128205128205128,0.0,0.02564102564102564,0.0,0.02564102564102564,0.05128205128205128,0.02564102564102564,0.0,0.0,0.05128205128205128,0.0,0.02564102564102564,0.02564102564102564,0.05128205128205128,0.0,2.8195041841804205,3.0,0.9398347280601401,0.1282051282051282,obj498,fld3,0
0.125,0.1,0.1,0.075,0.175,0.175,0.175,0.075,8,0.175,5,0.0,0.02564102564102564,0.0,0.0,0.02564102564102564,0.02564102564102564,0.05128205128205128,0.0,0.02564102564102564,0.0,0.0,0.0,0.05128205128205128,0.0,0.0,0.0,0.0,0.0,0.02564102564102564,0.02564102564102564,0.02564102564102564,0.0,0.0,0.02564102564102564,0.0,0.0,0.0,0.02564102564102564,0.02564102564102564,0.02564102564102564,0.0,0.0,0.05128205128205128,0.05128205128205128,0.0,0.0,0.0,0.02564102564102564,0.02564102564102564,0.02564102564102564,0.0,0.02564102564102564,0.02564102564102564,0.0,0.02564102564102564,0.05128205128205128,0.02564102564102564,0.02564102564102564,0.05128205128205128,0.0,0.0,0.02564102564102564,0.02564102564102564,0.02564102564102564,0.05128205128205128,0.0,0.0,0.0,0.05128205128205128,0.0,0.0,0.0,0.02564102564102564,0.0,0.0,0.02564102564102564,0.0,0.0,0.02564102564102564,0.02564102564102564,0.05128205128205128,0.0,0.02564102564102564,0.0,0.0,0.0,0.05128205128205128,0.0,0.0,0.0,0.0,0.0,0.02564102564102564,0.02564102564102564,0.02564102564102564,0.0,0.0,0.02564102564102564,0.0,0.0,0.0,0.02564102564102564,0.02564102564102564,0.02564102564102564,0.0,0.0,0.05128205128205128,0.05128205128205128,0.0,0.0,0.0,0.02564102564102564,0.02564102564102564,0.02564102564102564,0.0,0.02564102564102564,0.02564102564102564,0.0,0.02564102564102564,0.05128205128205128,0.02564102564102564,0.02564102564102564,0.05128205128205128,0.0,0.0,0.02564102564102564,0.02564102564102564,0.02564102564102564,0.05128205128205128,0.0,0.0,0.0,0.05128205128205128,0.0,0.0,0.0,0.02564102564102564,0.0,2.9200813738380265,3.0,0.9733604579460088,0.15384615384615385,obj499,fld1,1
