timestamp,predicted_load
2026-01-01 00:00:00,116.76425880197853
2026-01-01 01:00:00,113.0435121855538
2026-01-01 02:00:00,121.25753968149719
2026-01-01 03:00:00,118.34390716960287
2026-01-01 04:00:00,117.73669005282756
2026-01-01 05:00:00,116.32723496554836
2026-01-01 06:00:00,122.30964090400448
2026-01-01 07:00:00,118.54061439553884
2026-01-01 08:00:00,117.81721098196267
2026-01-01 09:00:00,122.28415099026293
2026-01-01 10:00:00,118.42050938740252
2026-01-01 11:00:00,119.7686652583879
2026-01-01 12:00:00,118.32908415459286
2026-01-01 13:00:00,118.67290378402768
2026-01-01 14:00:00,116.99835376478306
2026-01-01 15:00:00,118.15996489843396
2026-01-01 16:00:00,121.17344857746725
2026-01-01 17:00:00,120.84227674298826
2026-01-01 18:00:00,120.16109161561607
2026-01-01 19:00:00,122.21140285417249
2026-01-01 20:00:00,119.69277056385198
2026-01-01 21:00:00,118.63753253609006
2026-01-01 22:00:00,121.46025696752105
2026-01-01 23:00:00,117.78118194716602
2026-01-02 00:00:00,118.70822936656579
2026-01-02 01:00:00,117.15797154866951
2026-01-02 02:00:00,118.64714485870516
2026-01-02 03:00:00,118.16917302064903
2026-01-02 04:00:00,116.76796261366535
2026-01-02 05:00:00,119.21571436195217
2026-01-02 06:00:00,118.37110337812656
2026-01-02 07:00:00,118.46944526804293
2026-01-02 08:00:00,116.47881736734412
2026-01-02 09:00:00,117.84262043318034
2026-01-02 10:00:00,118.34908397061938
2026-01-02 11:00:00,118.28575547952136
2026-01-02 12:00:00,118.26543314102085
2026-01-02 13:00:00,117.08772427379836
2026-01-02 14:00:00,117.46667603036809
2026-01-02 15:00:00,114.46901555899294
2026-01-02 16:00:00,117.76273323261324
2026-01-02 17:00:00,119.48199923581436
2026-01-02 18:00:00,117.80120639373146
2026-01-02 19:00:00,116.74575137883303
2026-01-02 20:00:00,116.09397122289968
2026-01-02 21:00:00,115.92790306766211
2026-01-02 22:00:00,117.05894481699823
2026-01-02 23:00:00,117.5606852750404
2026-01-03 00:00:00,118.27028901370656
2026-01-03 01:00:00,115.84034540979525
2026-01-03 02:00:00,116.82196066880499
2026-01-03 03:00:00,121.54130348205835
2026-01-03 04:00:00,119.61079693077988
2026-01-03 05:00:00,117.54047342220083
2026-01-03 06:00:00,116.91683571389409
2026-01-03 07:00:00,123.90510762497641
2026-01-03 08:00:00,119.28674510873952
2026-01-03 09:00:00,122.0759461738928
2026-01-03 10:00:00,116.28118646339708
2026-01-03 11:00:00,114.26763167744252
2026-01-03 12:00:00,120.01399316069747
2026-01-03 13:00:00,116.99437504467296
2026-01-03 14:00:00,122.76879322973477
2026-01-03 15:00:00,123.80273477372913
2026-01-03 16:00:00,117.29519256684897
2026-01-03 17:00:00,122.73046763551142
2026-01-03 18:00:00,121.27226559234398
2026-01-03 19:00:00,121.02559417957616
2026-01-03 20:00:00,117.79528439409309
2026-01-03 21:00:00,116.29820876154422
2026-01-03 22:00:00,121.95849599897839
2026-01-03 23:00:00,116.49925068682808
2026-01-04 00:00:00,121.84607697549946
2026-01-04 01:00:00,122.58501224275984
2026-01-04 02:00:00,117.35572076099062
2026-01-04 03:00:00,125.82208320825526
2026-01-04 04:00:00,118.50674595223249
2026-01-04 05:00:00,120.70649415069907
2026-01-04 06:00:00,120.93266320916463
2026-01-04 07:00:00,120.03969080700801
2026-01-04 08:00:00,120.06765980553789
2026-01-04 09:00:00,120.39369737080699
2026-01-04 10:00:00,123.86909696390319
2026-01-04 11:00:00,118.88877999855461
2026-01-04 12:00:00,123.53627239535811
2026-01-04 13:00:00,119.86231831149833
2026-01-04 14:00:00,124.95483780999751
2026-01-04 15:00:00,119.19108854310429
2026-01-04 16:00:00,117.09789128306275
2026-01-04 17:00:00,118.22362227260216
2026-01-04 18:00:00,112.66233338953826
2026-01-04 19:00:00,121.54004684856825
2026-01-04 20:00:00,118.37261864682063
2026-01-04 21:00:00,121.99930398301876
2026-01-04 22:00:00,116.90488369584745
2026-01-04 23:00:00,115.63088124898405
2026-01-05 00:00:00,119.96466813158598
2026-01-05 01:00:00,117.62300933765519
2026-01-05 02:00:00,116.98157531846095
2026-01-05 03:00:00,118.38527079202136
2026-01-05 04:00:00,118.96139781638357
2026-01-05 05:00:00,116.2227302983078
2026-01-05 06:00:00,119.89479688069879
2026-01-05 07:00:00,119.60546902330317
2026-01-05 08:00:00,120.96598115434442
2026-01-05 09:00:00,122.80833839946987
2026-01-05 10:00:00,119.83592688398504
2026-01-05 11:00:00,117.20918055644994
2026-01-05 12:00:00,121.11726921543713
2026-01-05 13:00:00,122.38133134006067
2026-01-05 14:00:00,114.16072601889556
2026-01-05 15:00:00,119.91668688789872
2026-01-05 16:00:00,114.74576010006467
2026-01-05 17:00:00,119.98204128493863
2026-01-05 18:00:00,114.81669199633495
2026-01-05 19:00:00,124.61601355507314
2026-01-05 20:00:00,116.89325592376423
2026-01-05 21:00:00,120.13049960935032
2026-01-05 22:00:00,121.40086409954012
2026-01-05 23:00:00,125.41598345081199
2026-01-06 00:00:00,120.68586108483896
2026-01-06 01:00:00,122.69304308034606
2026-01-06 02:00:00,121.22114922246222
2026-01-06 03:00:00,119.31420964304593
2026-01-06 04:00:00,120.14478414938377
2026-01-06 05:00:00,120.06871817835139
2026-01-06 06:00:00,124.70088880836772
2026-01-06 07:00:00,121.48819231541661
2026-01-06 08:00:00,118.4926969335724
2026-01-06 09:00:00,122.21792670531921
2026-01-06 10:00:00,123.3704515412212
2026-01-06 11:00:00,121.8565157722606
2026-01-06 12:00:00,119.422139278835
2026-01-06 13:00:00,112.96324719666954
2026-01-06 14:00:00,120.60775520254651
2026-01-06 15:00:00,121.86055779318059
2026-01-06 16:00:00,120.38449676541765
2026-01-06 17:00:00,120.3319535692224
2026-01-06 18:00:00,119.44646345815669
2026-01-06 19:00:00,117.40365636373174
2026-01-06 20:00:00,122.15748828352648
2026-01-06 21:00:00,119.1154787311322
2026-01-06 22:00:00,118.6355622178108
2026-01-06 23:00:00,119.99826756253427
2026-01-07 00:00:00,118.23600425379651
2026-01-07 01:00:00,119.67045840867155
2026-01-07 02:00:00,116.84978401358273
2026-01-07 03:00:00,123.70930638515897
2026-01-07 04:00:00,122.76682191617252
2026-01-07 05:00:00,121.7390775613018
2026-01-07 06:00:00,122.99234759667988
2026-01-07 07:00:00,119.79399784049411
2026-01-07 08:00:00,118.94130294463
2026-01-07 09:00:00,122.65242894909238
2026-01-07 10:00:00,123.16317347082355
2026-01-07 11:00:00,121.74307824478839
2026-01-07 12:00:00,119.90962035007792
2026-01-07 13:00:00,119.4009301547743
2026-01-07 14:00:00,119.53870998587209
2026-01-07 15:00:00,121.08006596813742
2026-01-07 16:00:00,118.42982069321388
2026-01-07 17:00:00,119.77596435932446
2026-01-07 18:00:00,122.04620591139913
2026-01-07 19:00:00,121.55720622622968
2026-01-07 20:00:00,122.74033899050487
2026-01-07 21:00:00,120.15324061062657
2026-01-07 22:00:00,120.0448564817037
2026-01-07 23:00:00,116.263751395944
2026-01-08 00:00:00,115.80930186583466
2026-01-08 01:00:00,114.64125906819714
2026-01-08 02:00:00,121.724248696735
2026-01-08 03:00:00,118.0687103489156
2026-01-08 04:00:00,116.336984535147
2026-01-08 05:00:00,114.78907354363837
2026-01-08 06:00:00,122.65218549773704
2026-01-08 07:00:00,119.31268407129565
2026-01-08 08:00:00,118.77481066012528
2026-01-08 09:00:00,123.62254916423954
2026-01-08 10:00:00,118.34157415192615
2026-01-08 11:00:00,123.10789730634792
2026-01-08 12:00:00,119.95605868936417
2026-01-08 13:00:00,119.20889069770938
2026-01-08 14:00:00,116.58503928930232
2026-01-08 15:00:00,119.12361709511636
2026-01-08 16:00:00,117.13615087384251
2026-01-08 17:00:00,121.79455651906409
2026-01-08 18:00:00,119.85123603966586
2026-01-08 19:00:00,122.97111291359823
2026-01-08 20:00:00,118.67672813178699
2026-01-08 21:00:00,118.84066500245561
2026-01-08 22:00:00,117.89425188694798
2026-01-08 23:00:00,117.5742544433726
2026-01-09 00:00:00,116.43079047021708
2026-01-09 01:00:00,118.6135634076001
2026-01-09 02:00:00,118.650233011703
2026-01-09 03:00:00,119.39108388246197
2026-01-09 04:00:00,116.29857633004507
2026-01-09 05:00:00,119.18477141970695
2026-01-09 06:00:00,116.76744950461544
2026-01-09 07:00:00,116.17771890939844
2026-01-09 08:00:00,116.91178585496996
2026-01-09 09:00:00,117.38424839735657
2026-01-09 10:00:00,118.36311626506763
2026-01-09 11:00:00,116.15923972275745
2026-01-09 12:00:00,117.51042184828107
2026-01-09 13:00:00,115.96689800572977
2026-01-09 14:00:00,117.01166253604397
2026-01-09 15:00:00,120.23057977182307
2026-01-09 16:00:00,119.27895770564822
2026-01-09 17:00:00,117.09459572581935
2026-01-09 18:00:00,114.90395407859016
2026-01-09 19:00:00,118.37178265844008
2026-01-09 20:00:00,118.42646895235434
2026-01-09 21:00:00,117.19218492455364
2026-01-09 22:00:00,116.10207032414621
2026-01-09 23:00:00,117.21529812183812
2026-01-10 00:00:00,117.03032172339658
2026-01-10 01:00:00,117.40684730384048
2026-01-10 02:00:00,116.91394162806351
2026-01-10 03:00:00,120.8895376882439
2026-01-10 04:00:00,118.52594187818977
2026-01-10 05:00:00,118.36905301321696
2026-01-10 06:00:00,117.0473372782917
2026-01-10 07:00:00,122.6293001700304
2026-01-10 08:00:00,122.72831933832266
2026-01-10 09:00:00,122.16900672479055
2026-01-10 10:00:00,116.80297783116978
2026-01-10 11:00:00,115.74349424355803
2026-01-10 12:00:00,121.01175328898347
2026-01-10 13:00:00,115.26780996189204
2026-01-10 14:00:00,122.15691329665903
2026-01-10 15:00:00,122.00315177873217
2026-01-10 16:00:00,117.02578591600603
2026-01-10 17:00:00,121.96143991537984
2026-01-10 18:00:00,120.37260335417541
2026-01-10 19:00:00,120.81006973358816
2026-01-10 20:00:00,120.14146829671247
2026-01-10 21:00:00,117.31166518524148
2026-01-10 22:00:00,123.56234169192555
2026-01-10 23:00:00,117.90791266008557
2026-01-11 00:00:00,123.96668107123122
2026-01-11 01:00:00,121.49038665964358
2026-01-11 02:00:00,117.29391178518446
2026-01-11 03:00:00,126.89870229007383
2026-01-11 04:00:00,118.68908455889765
2026-01-11 05:00:00,118.70609258368609
2026-01-11 06:00:00,119.71872819875699
2026-01-11 07:00:00,120.7514261724221
2026-01-11 08:00:00,119.3789948660464
2026-01-11 09:00:00,120.80201953310382
2026-01-11 10:00:00,123.11143353048791
2026-01-11 11:00:00,118.56701183094569
2026-01-11 12:00:00,120.39208142750587
2026-01-11 13:00:00,120.2581404794365
2026-01-11 14:00:00,125.14834121071075
2026-01-11 15:00:00,120.27109037562782
2026-01-11 16:00:00,121.30351075246384
2026-01-11 17:00:00,117.31480713582621
2026-01-11 18:00:00,111.2044441583027
2026-01-11 19:00:00,121.96633434032779
2026-01-11 20:00:00,119.31519745008193
2026-01-11 21:00:00,122.43276772391046
2026-01-11 22:00:00,114.64597620470789
2026-01-11 23:00:00,116.61324743043076
2026-01-12 00:00:00,121.28937125770202
2026-01-12 01:00:00,115.7358922262709
2026-01-12 02:00:00,117.96407819076606
2026-01-12 03:00:00,117.05079066684668
2026-01-12 04:00:00,119.89321044959291
2026-01-12 05:00:00,113.71584971715568
2026-01-12 06:00:00,117.94027324649403
2026-01-12 07:00:00,120.33549541988262
2026-01-12 08:00:00,119.08703543279726
2026-01-12 09:00:00,122.6659116226443
2026-01-12 10:00:00,120.03245499301069
2026-01-12 11:00:00,120.52484093515744
2026-01-12 12:00:00,120.40870854538497
2026-01-12 13:00:00,124.7557633581169
2026-01-12 14:00:00,115.32116015157733
2026-01-12 15:00:00,118.09862445010026
2026-01-12 16:00:00,115.82087029015335
2026-01-12 17:00:00,121.56987894440333
2026-01-12 18:00:00,113.08065649378234
2026-01-12 19:00:00,124.99989222371366
2026-01-12 20:00:00,115.81623116778958
2026-01-12 21:00:00,119.46695025603864
2026-01-12 22:00:00,120.55011119180999
2026-01-12 23:00:00,123.47774000904928
2026-01-13 00:00:00,120.89901037568895
2026-01-13 01:00:00,122.05911554720822
2026-01-13 02:00:00,122.44497118662093
2026-01-13 03:00:00,121.2112662778672
2026-01-13 04:00:00,121.21847860645588
2026-01-13 05:00:00,119.79908732842692
2026-01-13 06:00:00,122.88021930865845
2026-01-13 07:00:00,116.46528207368655
2026-01-13 08:00:00,119.50526009028027
2026-01-13 09:00:00,122.85146192980754
2026-01-13 10:00:00,124.08410075892355
2026-01-13 11:00:00,123.73241389480623
2026-01-13 12:00:00,121.50866000347604
2026-01-13 13:00:00,115.77270456663301
2026-01-13 14:00:00,121.18400155050105
2026-01-13 15:00:00,120.57094919632215
2026-01-13 16:00:00,119.67611743061265
2026-01-13 17:00:00,121.53467351421821
2026-01-13 18:00:00,121.98034456102206
2026-01-13 19:00:00,118.44128563075418
2026-01-13 20:00:00,121.66372666188886
2026-01-13 21:00:00,119.82383924378124
2026-01-13 22:00:00,117.55990462431811
2026-01-13 23:00:00,116.42466477629131
2026-01-14 00:00:00,115.01956710453845
2026-01-14 01:00:00,120.54758562641805
2026-01-14 02:00:00,117.89563840673327
2026-01-14 03:00:00,123.36345008714156
2026-01-14 04:00:00,120.31365518918916
2026-01-14 05:00:00,119.70281320552685
2026-01-14 06:00:00,118.58477781730114
2026-01-14 07:00:00,120.86918680881469
2026-01-14 08:00:00,119.29341572276599
2026-01-14 09:00:00,121.58897564423687
2026-01-14 10:00:00,123.37453964000089
2026-01-14 11:00:00,120.77069321528927
2026-01-14 12:00:00,119.83058874539935
2026-01-14 13:00:00,121.50372957409232
2026-01-14 14:00:00,118.15783420913723
2026-01-14 15:00:00,121.71708988073583
2026-01-14 16:00:00,119.93028710781596
2026-01-14 17:00:00,121.34419486538141
2026-01-14 18:00:00,121.58173925771356
2026-01-14 19:00:00,119.69197131807525
2026-01-14 20:00:00,124.8721376724876
2026-01-14 21:00:00,119.98763268351134
2026-01-14 22:00:00,121.12884597677474
2026-01-14 23:00:00,117.83452112006582
2026-01-15 00:00:00,118.92450147212458
2026-01-15 01:00:00,114.58417186460746
2026-01-15 02:00:00,123.38831319191246
2026-01-15 03:00:00,117.43293128709983
2026-01-15 04:00:00,116.2243087050621
2026-01-15 05:00:00,115.16219893546655
2026-01-15 06:00:00,121.600806681076
2026-01-15 07:00:00,119.48329276064226
2026-01-15 08:00:00,118.67934748679407
2026-01-15 09:00:00,123.15792250324523
2026-01-15 10:00:00,117.70814036985146
2026-01-15 11:00:00,118.17736845724946
2026-01-15 12:00:00,118.50772484179984
2026-01-15 13:00:00,119.91385356480924
2026-01-15 14:00:00,114.14103353592404
2026-01-15 15:00:00,121.19649852066635
2026-01-15 16:00:00,120.76701354352191
2026-01-15 17:00:00,120.117264552075
2026-01-15 18:00:00,120.81603286108627
2026-01-15 19:00:00,121.62889001800085
2026-01-15 20:00:00,118.30794651509908
2026-01-15 21:00:00,118.45412913674153
2026-01-15 22:00:00,118.17950168862173
2026-01-15 23:00:00,120.65238708605047
2026-01-16 00:00:00,116.59825469434571
2026-01-16 01:00:00,118.04820959025724
2026-01-16 02:00:00,119.22931988078881
2026-01-16 03:00:00,119.26131084135231
2026-01-16 04:00:00,116.62489292497433
2026-01-16 05:00:00,116.5537517792435
2026-01-16 06:00:00,117.42970522983461
2026-01-16 07:00:00,119.58137879074297
2026-01-16 08:00:00,118.63567314671691
2026-01-16 09:00:00,116.1784810023772
2026-01-16 10:00:00,117.57638545902472
2026-01-16 11:00:00,117.48022417801636
2026-01-16 12:00:00,116.03440956721832
2026-01-16 13:00:00,116.71553453186817
2026-01-16 14:00:00,119.02734926605959
2026-01-16 15:00:00,117.19107972705245
2026-01-16 16:00:00,119.12298322191067
2026-01-16 17:00:00,118.81992706710534
2026-01-16 18:00:00,118.38913509792651
2026-01-16 19:00:00,115.91435654608387
2026-01-16 20:00:00,116.5725476766426
2026-01-16 21:00:00,119.03643488677578
2026-01-16 22:00:00,117.65951769429348
2026-01-16 23:00:00,117.14023389809915
2026-01-17 00:00:00,118.40319522769941
2026-01-17 01:00:00,116.35377928559792
2026-01-17 02:00:00,118.22010987127729
2026-01-17 03:00:00,120.8459225845167
2026-01-17 04:00:00,120.40208068829611
2026-01-17 05:00:00,116.5745431150144
2026-01-17 06:00:00,119.29776493559856
2026-01-17 07:00:00,123.41900011483654
2026-01-17 08:00:00,119.14339433006518
2026-01-17 09:00:00,121.73923593280063
2026-01-17 10:00:00,117.64010692329477
2026-01-17 11:00:00,116.18582862572168
2026-01-17 12:00:00,119.26750612076509
2026-01-17 13:00:00,115.96083797356542
2026-01-17 14:00:00,122.52061627932721
2026-01-17 15:00:00,121.5403773110633
2026-01-17 16:00:00,118.7796077707577
2026-01-17 17:00:00,124.68032471248682
2026-01-17 18:00:00,120.69308336167722
2026-01-17 19:00:00,117.5125239590147
2026-01-17 20:00:00,118.7847918267895
2026-01-17 21:00:00,117.70058936414743
2026-01-17 22:00:00,120.80680881328549
2026-01-17 23:00:00,117.72077015214762
2026-01-18 00:00:00,123.62830294641964
2026-01-18 01:00:00,121.59727390639395
2026-01-18 02:00:00,117.83010322010924
2026-01-18 03:00:00,125.49385486516067
2026-01-18 04:00:00,118.62719850099097
2026-01-18 05:00:00,120.3245787146688
2026-01-18 06:00:00,119.50286322520836
2026-01-18 07:00:00,116.89682233068318
2026-01-18 08:00:00,121.61707189708312
2026-01-18 09:00:00,120.46165785937306
2026-01-18 10:00:00,123.99037982419198
2026-01-18 11:00:00,117.81018911858308
2026-01-18 12:00:00,122.92045884722565
2026-01-18 13:00:00,120.4609269005688
2026-01-18 14:00:00,122.04755478545835
2026-01-18 15:00:00,115.72931414511726
2026-01-18 16:00:00,120.33597503655525
2026-01-18 17:00:00,117.96865614780754
2026-01-18 18:00:00,114.04284132325502
2026-01-18 19:00:00,118.34057857799114
2026-01-18 20:00:00,117.9201270565682
2026-01-18 21:00:00,123.31642106615251
2026-01-18 22:00:00,115.26995753297656
2026-01-18 23:00:00,117.54333474953444
2026-01-19 00:00:00,122.38559039181575
2026-01-19 01:00:00,118.2775867260919
2026-01-19 02:00:00,117.56597097926519
2026-01-19 03:00:00,119.82660396504163
2026-01-19 04:00:00,119.92690688481858
2026-01-19 05:00:00,119.03443902176828
2026-01-19 06:00:00,121.04890670982975
2026-01-19 07:00:00,119.57075303089708
2026-01-19 08:00:00,119.43219116706743
2026-01-19 09:00:00,122.42194838520149
2026-01-19 10:00:00,117.27493736291618
2026-01-19 11:00:00,117.19319176523051
2026-01-19 12:00:00,120.27047156930284
2026-01-19 13:00:00,123.01205825744407
2026-01-19 14:00:00,115.17836415096761
2026-01-19 15:00:00,121.98491539026695
2026-01-19 16:00:00,114.11540225692312
2026-01-19 17:00:00,118.11767897637901
2026-01-19 18:00:00,112.7184172756577
2026-01-19 19:00:00,125.91053875906152
2026-01-19 20:00:00,117.69597492607257
2026-01-19 21:00:00,119.16149342314019
2026-01-19 22:00:00,122.69509513671915
2026-01-19 23:00:00,124.00381929927698
2026-01-20 00:00:00,121.08044806619759
2026-01-20 01:00:00,123.73137836910169
2026-01-20 02:00:00,121.1189820145245
2026-01-20 03:00:00,120.28692077137079
2026-01-20 04:00:00,121.55428398969006
2026-01-20 05:00:00,120.67951155123328
2026-01-20 06:00:00,123.9860722107401
2026-01-20 07:00:00,121.81446637876243
2026-01-20 08:00:00,121.38329142520935
2026-01-20 09:00:00,122.311614644345
2026-01-20 10:00:00,123.15716809507956
2026-01-20 11:00:00,124.59064661325
2026-01-20 12:00:00,120.8444779332546
2026-01-20 13:00:00,113.69141676958506
2026-01-20 14:00:00,117.96494001675467
2026-01-20 15:00:00,119.60743892796059
2026-01-20 16:00:00,120.94247074704452
2026-01-20 17:00:00,119.73121295134519
2026-01-20 18:00:00,120.7109853617485
2026-01-20 19:00:00,115.47281937212863
2026-01-20 20:00:00,121.11019330260913
2026-01-20 21:00:00,120.23035543176366
2026-01-20 22:00:00,117.26065688876764
2026-01-20 23:00:00,120.26816222640804
2026-01-21 00:00:00,117.70531451137514
2026-01-21 01:00:00,120.77777933844379
2026-01-21 02:00:00,115.7260458639354
2026-01-21 03:00:00,120.98225950070882
2026-01-21 04:00:00,122.0236342725784
2026-01-21 05:00:00,119.69602083530802
2026-01-21 06:00:00,120.36740634057644
2026-01-21 07:00:00,122.07862894874135
2026-01-21 08:00:00,116.94722663634552
2026-01-21 09:00:00,125.90319606237517
2026-01-21 10:00:00,123.75147407945113
2026-01-21 11:00:00,122.17187441110505
2026-01-21 12:00:00,118.62057691169757
2026-01-21 13:00:00,120.62752971395643
2026-01-21 14:00:00,120.39535108516257
2026-01-21 15:00:00,121.95426471112236
2026-01-21 16:00:00,118.06239804591445
2026-01-21 17:00:00,119.36068085076914
2026-01-21 18:00:00,124.93686705006607
2026-01-21 19:00:00,121.95093499180031
2026-01-21 20:00:00,122.5989364360619
2026-01-21 21:00:00,118.9138448120004
2026-01-21 22:00:00,121.31543366427991
2026-01-21 23:00:00,116.07833571574282
2026-01-22 00:00:00,119.20114548327024
2026-01-22 01:00:00,114.82286974101807
2026-01-22 02:00:00,121.49554389542803
2026-01-22 03:00:00,117.86527315351563
2026-01-22 04:00:00,116.26989960240998
2026-01-22 05:00:00,113.76900732528888
2026-01-22 06:00:00,123.45927040447268
2026-01-22 07:00:00,120.78116450762572
2026-01-22 08:00:00,117.27278066288768
2026-01-22 09:00:00,124.30595290922275
2026-01-22 10:00:00,120.74086187084173
2026-01-22 11:00:00,121.51914955474771
2026-01-22 12:00:00,118.72447518679539
2026-01-22 13:00:00,117.65133101448087
2026-01-22 14:00:00,113.22129462880868
2026-01-22 15:00:00,120.71563319068457
2026-01-22 16:00:00,118.30813051960975
2026-01-22 17:00:00,119.91152380277825
2026-01-22 18:00:00,121.02606236490924
2026-01-22 19:00:00,121.19807601338105
2026-01-22 20:00:00,116.64866762905544
2026-01-22 21:00:00,117.02614570688964
2026-01-22 22:00:00,116.70429077062462
2026-01-22 23:00:00,116.10742344336907
2026-01-23 00:00:00,118.84543351241543
2026-01-23 01:00:00,117.13449613940524
2026-01-23 02:00:00,118.01117890075221
2026-01-23 03:00:00,119.55556110203287
2026-01-23 04:00:00,118.46031120042545
2026-01-23 05:00:00,118.8297238051627
2026-01-23 06:00:00,117.32270632513121
2026-01-23 07:00:00,115.81193293204312
2026-01-23 08:00:00,119.2041473399614
2026-01-23 09:00:00,118.30054351554674
2026-01-23 10:00:00,119.00026408704835
2026-01-23 11:00:00,117.6815034621356
2026-01-23 12:00:00,117.95720045121051
2026-01-23 13:00:00,116.1604541431019
2026-01-23 14:00:00,118.45056058174575
2026-01-23 15:00:00,117.5657885846136
2026-01-23 16:00:00,116.0884853061718
2026-01-23 17:00:00,118.30029084600284
2026-01-23 18:00:00,118.10739720157281
2026-01-23 19:00:00,117.2136965850646
2026-01-23 20:00:00,116.00273279973128
2026-01-23 21:00:00,117.00235168092962
2026-01-23 22:00:00,119.22875935901992
2026-01-23 23:00:00,118.50780870890092
2026-01-24 00:00:00,119.68331619561673
2026-01-24 01:00:00,117.39705266242946
2026-01-24 02:00:00,118.11986834996097
2026-01-24 03:00:00,121.54267109540788
2026-01-24 04:00:00,120.46730995433654
2026-01-24 05:00:00,118.38489291208889
2026-01-24 06:00:00,119.33750950381851
2026-01-24 07:00:00,123.21940099627523
2026-01-24 08:00:00,121.7684799608138
2026-01-24 09:00:00,123.78553026534183
2026-01-24 10:00:00,116.88523913429336
2026-01-24 11:00:00,115.80826068587038
2026-01-24 12:00:00,118.62998706665809
2026-01-24 13:00:00,118.75233512034585
2026-01-24 14:00:00,122.38732873498
2026-01-24 15:00:00,119.25164398686319
2026-01-24 16:00:00,117.72233596553615
2026-01-24 17:00:00,123.95266293012457
2026-01-24 18:00:00,120.26137868147953
2026-01-24 19:00:00,116.89286256002362
2026-01-24 20:00:00,120.05851811553138
2026-01-24 21:00:00,117.0443520212457
2026-01-24 22:00:00,123.71157889183874
2026-01-24 23:00:00,117.15227509528869
2026-01-25 00:00:00,123.81985331211872
2026-01-25 01:00:00,121.15085131424578
2026-01-25 02:00:00,120.69700005923825
2026-01-25 03:00:00,126.22667424300016
2026-01-25 04:00:00,117.10732832032856
2026-01-25 05:00:00,121.71226985862678
2026-01-25 06:00:00,119.28536617060585
2026-01-25 07:00:00,118.75145253415677
2026-01-25 08:00:00,119.08985710178217
2026-01-25 09:00:00,120.03405553507264
2026-01-25 10:00:00,122.49996772123173
2026-01-25 11:00:00,118.57248445966577
2026-01-25 12:00:00,123.0538459556301
2026-01-25 13:00:00,118.00945972974172
2026-01-25 14:00:00,123.68709476037702
2026-01-25 15:00:00,120.00909186926111
2026-01-25 16:00:00,117.08534285861376
2026-01-25 17:00:00,118.9793869408582
2026-01-25 18:00:00,113.43954975472711
2026-01-25 19:00:00,120.86469460396913
2026-01-25 20:00:00,118.0438575610129
2026-01-25 21:00:00,121.85394473475608
2026-01-25 22:00:00,114.1462357248908
2026-01-25 23:00:00,116.41503594407139
2026-01-26 00:00:00,120.08662448016554
2026-01-26 01:00:00,116.56869029467443
2026-01-26 02:00:00,116.55591212127713
2026-01-26 03:00:00,118.60504969510255
2026-01-26 04:00:00,119.35946627136605
2026-01-26 05:00:00,119.70494696440254
2026-01-26 06:00:00,121.02645619984895
2026-01-26 07:00:00,120.24765473661037
2026-01-26 08:00:00,119.3922751951326
2026-01-26 09:00:00,120.77951518808834
2026-01-26 10:00:00,120.41219974710319
2026-01-26 11:00:00,120.19558745275717
2026-01-26 12:00:00,122.31804641760617
2026-01-26 13:00:00,122.75238387155301
2026-01-26 14:00:00,115.61937690441003
2026-01-26 15:00:00,119.64419000648077
2026-01-26 16:00:00,115.85013161714866
2026-01-26 17:00:00,119.76033692007347
2026-01-26 18:00:00,112.44376465721194
2026-01-26 19:00:00,125.31644195010219
2026-01-26 20:00:00,117.14336262084103
2026-01-26 21:00:00,119.75028811032821
2026-01-26 22:00:00,123.04937881203928
2026-01-26 23:00:00,122.54382144103178
2026-01-27 00:00:00,120.21821562026018
2026-01-27 01:00:00,121.09769455484351
2026-01-27 02:00:00,120.73153540998237
2026-01-27 03:00:00,119.29938480850834
2026-01-27 04:00:00,119.87469715518111
2026-01-27 05:00:00,119.73188938081093
2026-01-27 06:00:00,123.71929020984786
2026-01-27 07:00:00,123.02422512641373
2026-01-27 08:00:00,120.68399129904229
2026-01-27 09:00:00,122.59740847981756
2026-01-27 10:00:00,123.41427611176013
2026-01-27 11:00:00,123.76515584767682
2026-01-27 12:00:00,119.92409654785662
2026-01-27 13:00:00,114.06235075369212
2026-01-27 14:00:00,118.19458795146396
2026-01-27 15:00:00,121.21196180308857
2026-01-27 16:00:00,120.24562634049948
2026-01-27 17:00:00,119.15773047517501
2026-01-27 18:00:00,118.5455456069427
2026-01-27 19:00:00,117.73951543344934
2026-01-27 20:00:00,123.20308796710557
2026-01-27 21:00:00,119.50696736255632
2026-01-27 22:00:00,117.83900543820425
2026-01-27 23:00:00,117.22902020587158
2026-01-28 00:00:00,115.58969914172337
2026-01-28 01:00:00,120.43904798533922
2026-01-28 02:00:00,114.59815536528741
2026-01-28 03:00:00,121.5391743951772
2026-01-28 04:00:00,120.23825269687543
2026-01-28 05:00:00,119.52617884876182
2026-01-28 06:00:00,120.28472024210265
2026-01-28 07:00:00,121.14372656081929
2026-01-28 08:00:00,117.62872344348003
2026-01-28 09:00:00,122.44655392546221
2026-01-28 10:00:00,123.48059492963567
2026-01-28 11:00:00,120.08254593480717
2026-01-28 12:00:00,120.73312898013711
2026-01-28 13:00:00,121.48413165887787
2026-01-28 14:00:00,120.97996332858979
2026-01-28 15:00:00,123.19241081045428
2026-01-28 16:00:00,120.12262391618265
2026-01-28 17:00:00,120.5338126284909
2026-01-28 18:00:00,121.98906558229123
2026-01-28 19:00:00,121.49127240449509
2026-01-28 20:00:00,124.61704624724497
2026-01-28 21:00:00,121.61676219593552
2026-01-28 22:00:00,117.8110994750025
2026-01-28 23:00:00,118.78930008323051
2026-01-29 00:00:00,117.00478170274269
2026-01-29 01:00:00,113.90809004360118
2026-01-29 02:00:00,122.15486622747258
2026-01-29 03:00:00,117.04154847230723
2026-01-29 04:00:00,115.42151505726636
2026-01-29 05:00:00,115.4463235484802
2026-01-29 06:00:00,122.6780851732309
2026-01-29 07:00:00,119.23370070518945
2026-01-29 08:00:00,118.87658404674069
2026-01-29 09:00:00,121.35312322768031
2026-01-29 10:00:00,119.60549845018856
2026-01-29 11:00:00,118.75522043182274
2026-01-29 12:00:00,118.68665714088567
2026-01-29 13:00:00,120.52925259160628
2026-01-29 14:00:00,115.92028987590442
2026-01-29 15:00:00,120.00487540820578
2026-01-29 16:00:00,116.16594748279414
2026-01-29 17:00:00,123.51713572489503
2026-01-29 18:00:00,119.69664767239658
2026-01-29 19:00:00,122.12140004168783
2026-01-29 20:00:00,119.45613905057606
2026-01-29 21:00:00,118.80633108813316
2026-01-29 22:00:00,117.75016737510549
2026-01-29 23:00:00,119.06456324325127
2026-01-30 00:00:00,118.05928040147442
2026-01-30 01:00:00,117.30083148761055
2026-01-30 02:00:00,121.75591582695576
2026-01-30 03:00:00,118.43918651364561
2026-01-30 04:00:00,118.26990745479625
2026-01-30 05:00:00,117.15968242587029
2026-01-30 06:00:00,117.61752798865132
2026-01-30 07:00:00,119.20450950219663
2026-01-30 08:00:00,117.85523950131386
2026-01-30 09:00:00,117.20825062813131
2026-01-30 10:00:00,115.43176965013592
2026-01-30 11:00:00,117.74850049343509
2026-01-30 12:00:00,117.85662230814276
2026-01-30 13:00:00,118.30725713927049
2026-01-30 14:00:00,117.39968106355391
2026-01-30 15:00:00,118.58947878679766
2026-01-30 16:00:00,116.99465617925055
2026-01-30 17:00:00,114.94105445434425
2026-01-30 18:00:00,118.60144053874131
2026-01-30 19:00:00,117.34475367209961
2026-01-30 20:00:00,117.65768792400738
2026-01-30 21:00:00,117.8428169417918
2026-01-30 22:00:00,117.16394920630914
2026-01-30 23:00:00,117.34780535472308
2026-01-31 00:00:00,117.42288883589616
2026-01-31 01:00:00,119.16490352254353
2026-01-31 02:00:00,119.1242748505842
2026-01-31 03:00:00,122.5239048728209
2026-01-31 04:00:00,119.96141610530954
2026-01-31 05:00:00,119.37530577934623
2026-01-31 06:00:00,118.67592246904468
2026-01-31 07:00:00,123.51341530873853
2026-01-31 08:00:00,123.93463464593825
2026-01-31 09:00:00,124.58032492968368
2026-01-31 10:00:00,118.0831561984488
2026-01-31 11:00:00,115.76649319997522
2026-01-31 12:00:00,120.00332340867396
2026-01-31 13:00:00,119.21646489592372
2026-01-31 14:00:00,121.71461544541373
2026-01-31 15:00:00,121.38375213779929
2026-01-31 16:00:00,117.71130013925108
2026-01-31 17:00:00,122.34857032101311
2026-01-31 18:00:00,121.53392167871387
2026-01-31 19:00:00,117.28995091821923
2026-01-31 20:00:00,119.46615637624835
2026-01-31 21:00:00,119.49777472959065
2026-01-31 22:00:00,123.3870050282459
2026-01-31 23:00:00,116.25440844081265
2026-02-01 00:00:00,118.98767438084363
2026-02-01 01:00:00,118.03949295923972
2026-02-01 02:00:00,114.6177985186271
2026-02-01 03:00:00,124.44984004585775
2026-02-01 04:00:00,115.39844034226292
2026-02-01 05:00:00,117.4876256094713
2026-02-01 06:00:00,116.50622547149062
2026-02-01 07:00:00,119.22300426018204
2026-02-01 08:00:00,118.02923397358421
2026-02-01 09:00:00,116.73477299197457
2026-02-01 10:00:00,121.35476685878412
2026-02-01 11:00:00,116.18546222549185
2026-02-01 12:00:00,120.06512299974904
2026-02-01 13:00:00,118.64321756139432
2026-02-01 14:00:00,121.13158058254027
2026-02-01 15:00:00,117.38977563909704
2026-02-01 16:00:00,116.7222934675347
2026-02-01 17:00:00,114.44848119052031
2026-02-01 18:00:00,110.9281083107754
2026-02-01 19:00:00,118.9462372917736
2026-02-01 20:00:00,116.58024879184865
2026-02-01 21:00:00,122.65559497843051
2026-02-01 22:00:00,111.82623314776342
2026-02-01 23:00:00,115.14363638928036
2026-02-02 00:00:00,118.25235910223424
2026-02-02 01:00:00,115.43696879228673
2026-02-02 02:00:00,116.00621459877763
2026-02-02 03:00:00,116.33816026267417
2026-02-02 04:00:00,118.01246528457136
2026-02-02 05:00:00,116.2779226825248
2026-02-02 06:00:00,116.88193226670467
2026-02-02 07:00:00,117.31812478104192
2026-02-02 08:00:00,116.7175098130208
2026-02-02 09:00:00,119.95025749201423
2026-02-02 10:00:00,119.33513422064786
2026-02-02 11:00:00,114.8269289885488
2026-02-02 12:00:00,119.89185067714959
2026-02-02 13:00:00,120.6308733113984
2026-02-02 14:00:00,111.32749216607105
2026-02-02 15:00:00,116.85353774290789
2026-02-02 16:00:00,112.44939464918828
2026-02-02 17:00:00,117.4731869173587
2026-02-02 18:00:00,109.95093222664246
2026-02-02 19:00:00,123.28340170930261
2026-02-02 20:00:00,114.63435137050331
2026-02-02 21:00:00,117.35119266097914
2026-02-02 22:00:00,121.69761865904998
2026-02-02 23:00:00,118.88949093052982
2026-02-03 00:00:00,118.54281295565565
2026-02-03 01:00:00,119.61864721864143
2026-02-03 02:00:00,118.396721240549
2026-02-03 03:00:00,119.40636107995998
2026-02-03 04:00:00,118.84076589470817
2026-02-03 05:00:00,116.50608226653293
2026-02-03 06:00:00,121.57715413436597
2026-02-03 07:00:00,119.02395053040628
2026-02-03 08:00:00,114.50480050887158
2026-02-03 09:00:00,119.5665026932178
2026-02-03 10:00:00,120.51040834450679
2026-02-03 11:00:00,118.9275010336824
2026-02-03 12:00:00,115.53973122441477
2026-02-03 13:00:00,112.8360203711058
2026-02-03 14:00:00,116.02851604399989
2026-02-03 15:00:00,118.32637481276457
2026-02-03 16:00:00,117.66878387147797
2026-02-03 17:00:00,114.69908697849519
2026-02-03 18:00:00,117.62517712562406
2026-02-03 19:00:00,115.22279270546969
2026-02-03 20:00:00,114.70585926312108
2026-02-03 21:00:00,117.31616210407326
2026-02-03 22:00:00,115.77439306415609
2026-02-03 23:00:00,115.07049291175159
2026-02-04 00:00:00,113.31848168132112
2026-02-04 01:00:00,117.21632573834404
2026-02-04 02:00:00,114.26066838316623
2026-02-04 03:00:00,120.65769065214559
2026-02-04 04:00:00,119.81468681660843
2026-02-04 05:00:00,116.97017111186848
2026-02-04 06:00:00,116.33064760660464
2026-02-04 07:00:00,118.72067046757246
2026-02-04 08:00:00,115.68067884657901
2026-02-04 09:00:00,121.29310286329176
2026-02-04 10:00:00,120.77162009549662
2026-02-04 11:00:00,117.91801004844959
2026-02-04 12:00:00,117.03017787367125
2026-02-04 13:00:00,117.88437470266791
2026-02-04 14:00:00,118.82496186066507
2026-02-04 15:00:00,121.93425055847793
2026-02-04 16:00:00,117.30393221129833
2026-02-04 17:00:00,119.62639981274953
2026-02-04 18:00:00,120.68797497868388
2026-02-04 19:00:00,116.8909120072426
2026-02-04 20:00:00,121.13267276105424
2026-02-04 21:00:00,119.10941124647773
2026-02-04 22:00:00,118.18961602189029
2026-02-04 23:00:00,114.92877291965276
2026-02-05 00:00:00,114.10959824400753
2026-02-05 01:00:00,112.18507433318408
2026-02-05 02:00:00,119.92993570514525
2026-02-05 03:00:00,115.35334971354969
2026-02-05 04:00:00,114.7370984987059
2026-02-05 05:00:00,114.04673909929076
2026-02-05 06:00:00,119.27260654379958
2026-02-05 07:00:00,116.92080804149245
2026-02-05 08:00:00,115.38022748899238
2026-02-05 09:00:00,122.42585887137226
2026-02-05 10:00:00,116.39059367464795
2026-02-05 11:00:00,115.53180783409974
2026-02-05 12:00:00,114.90341352736192
2026-02-05 13:00:00,117.72958903877273
2026-02-05 14:00:00,112.68675183541285
2026-02-05 15:00:00,115.67562350355584
2026-02-05 16:00:00,119.50619826087511
2026-02-05 17:00:00,116.78563843341138
2026-02-05 18:00:00,117.8693768179037
2026-02-05 19:00:00,119.77259106222043
2026-02-05 20:00:00,116.2704210692691
2026-02-05 21:00:00,113.74710252974513
2026-02-05 22:00:00,115.09910068159942
2026-02-05 23:00:00,117.97615746394709
2026-02-06 00:00:00,117.04719370557144
2026-02-06 01:00:00,115.97672764178344
2026-02-06 02:00:00,117.22186198512301
2026-02-06 03:00:00,116.2102485478491
2026-02-06 04:00:00,116.55213777987558
2026-02-06 05:00:00,116.56038759166863
2026-02-06 06:00:00,114.16799788562568
2026-02-06 07:00:00,115.16130276689833
2026-02-06 08:00:00,114.29353448402188
2026-02-06 09:00:00,117.2812908239458
2026-02-06 10:00:00,115.09850771158727
2026-02-06 11:00:00,113.22516558406095
2026-02-06 12:00:00,117.16708496777248
2026-02-06 13:00:00,115.5996332580122
2026-02-06 14:00:00,113.03174278399707
2026-02-06 15:00:00,113.94734632994553
2026-02-06 16:00:00,114.36852866657738
2026-02-06 17:00:00,115.8256155343598
2026-02-06 18:00:00,115.30837213143565
2026-02-06 19:00:00,116.18779889519857
2026-02-06 20:00:00,113.8796499848873
2026-02-06 21:00:00,115.07131399313977
2026-02-06 22:00:00,116.78736736220894
2026-02-06 23:00:00,116.63847504990937
2026-02-07 00:00:00,114.67102687301058
2026-02-07 01:00:00,115.04164198924093
2026-02-07 02:00:00,115.25420523290025
2026-02-07 03:00:00,118.12150920884756
2026-02-07 04:00:00,116.2164600066816
2026-02-07 05:00:00,118.13462549565651
2026-02-07 06:00:00,115.47963634688895
2026-02-07 07:00:00,122.50919582455242
2026-02-07 08:00:00,118.13390708630864
2026-02-07 09:00:00,122.3815129669472
2026-02-07 10:00:00,115.72192087121805
2026-02-07 11:00:00,112.19109879863974
2026-02-07 12:00:00,116.53221367581332
2026-02-07 13:00:00,113.57100427016466
2026-02-07 14:00:00,116.54352058371728
2026-02-07 15:00:00,119.26472979660353
2026-02-07 16:00:00,116.16323427465926
2026-02-07 17:00:00,121.68474184499298
2026-02-07 18:00:00,117.83608508204962
2026-02-07 19:00:00,117.0463150761707
2026-02-07 20:00:00,118.84968818753384
2026-02-07 21:00:00,113.38447457608244
2026-02-07 22:00:00,120.2532125504754
2026-02-07 23:00:00,111.55646717713608
2026-02-08 00:00:00,119.90412942204314
2026-02-08 01:00:00,117.27586480180561
2026-02-08 02:00:00,114.65317719823061
2026-02-08 03:00:00,123.71080234555275
2026-02-08 04:00:00,114.84791553791374
2026-02-08 05:00:00,118.8641088410012
2026-02-08 06:00:00,116.50668686260322
2026-02-08 07:00:00,115.92213467231188
2026-02-08 08:00:00,115.9786187579673
2026-02-08 09:00:00,118.71636769520589
2026-02-08 10:00:00,121.28857159133896
2026-02-08 11:00:00,117.2938132624091
2026-02-08 12:00:00,120.62099628287666
2026-02-08 13:00:00,117.79797758556595
2026-02-08 14:00:00,120.64203512646145
2026-02-08 15:00:00,115.85909745317285
2026-02-08 16:00:00,115.58821791692745
2026-02-08 17:00:00,113.8923018066375
2026-02-08 18:00:00,112.56783487018934
2026-02-08 19:00:00,119.85643554323768
2026-02-08 20:00:00,117.99756362389368
2026-02-08 21:00:00,119.89993007505852
2026-02-08 22:00:00,114.28917600423107
2026-02-08 23:00:00,112.71001932067979
2026-02-09 00:00:00,119.58921272381632
2026-02-09 01:00:00,115.85608184547151
2026-02-09 02:00:00,114.45740964267526
2026-02-09 03:00:00,116.59314634820389
2026-02-09 04:00:00,116.6845442613188
2026-02-09 05:00:00,114.33660307042263
2026-02-09 06:00:00,118.04454212557594
2026-02-09 07:00:00,116.56967303503379
2026-02-09 08:00:00,117.84392722838973
2026-02-09 09:00:00,120.55311232797848
2026-02-09 10:00:00,115.76981275749931
2026-02-09 11:00:00,118.2859421163083
2026-02-09 12:00:00,119.68571249019905
2026-02-09 13:00:00,120.580146907819
2026-02-09 14:00:00,114.19311015429945
2026-02-09 15:00:00,115.36946355826186
2026-02-09 16:00:00,111.75209844334876
2026-02-09 17:00:00,118.28498320535579
2026-02-09 18:00:00,111.00305920275177
2026-02-09 19:00:00,123.41452582148199
2026-02-09 20:00:00,116.00009665598728
2026-02-09 21:00:00,118.05482822154464
2026-02-09 22:00:00,119.97264648399162
2026-02-09 23:00:00,120.08385841756115
2026-02-10 00:00:00,118.74617317362414
2026-02-10 01:00:00,118.81998501206347
2026-02-10 02:00:00,119.18250961124279
2026-02-10 03:00:00,117.9468551254657
2026-02-10 04:00:00,120.16133037362613
2026-02-10 05:00:00,117.67942732205216
2026-02-10 06:00:00,121.64929287964355
2026-02-10 07:00:00,118.24864997072356
2026-02-10 08:00:00,117.43924575648809
2026-02-10 09:00:00,122.09840966255838
2026-02-10 10:00:00,121.04892001174181
2026-02-10 11:00:00,117.91165217076995
2026-02-10 12:00:00,117.88004937465035
2026-02-10 13:00:00,113.14754615122988
2026-02-10 14:00:00,117.24363017143965
2026-02-10 15:00:00,115.23005854267419
2026-02-10 16:00:00,116.55418003421045
2026-02-10 17:00:00,114.2615900497625
2026-02-10 18:00:00,117.56117552772317
2026-02-10 19:00:00,115.4842093270462
2026-02-10 20:00:00,118.82412576942305
2026-02-10 21:00:00,118.35180510473616
2026-02-10 22:00:00,115.69864834549387
2026-02-10 23:00:00,118.1748436776128
2026-02-11 00:00:00,115.1738938771139
2026-02-11 01:00:00,115.95767756539553
2026-02-11 02:00:00,114.3808535819418
2026-02-11 03:00:00,119.87619542887383
2026-02-11 04:00:00,119.10952907392229
2026-02-11 05:00:00,116.19801964034167
2026-02-11 06:00:00,119.1244413509717
2026-02-11 07:00:00,118.34755170883209
2026-02-11 08:00:00,117.25247923519379
2026-02-11 09:00:00,120.24453068806928
2026-02-11 10:00:00,120.95476126329226
2026-02-11 11:00:00,116.55574280455711
2026-02-11 12:00:00,116.51622401924215
2026-02-11 13:00:00,117.6335984212624
2026-02-11 14:00:00,118.2407800243922
2026-02-11 15:00:00,122.41241654948728
2026-02-11 16:00:00,115.76482115120795
2026-02-11 17:00:00,118.71887579637287
2026-02-11 18:00:00,118.41704457817019
2026-02-11 19:00:00,117.0345273575137
2026-02-11 20:00:00,121.2885491113226
2026-02-11 21:00:00,119.84414683244992
2026-02-11 22:00:00,118.23637356751684
2026-02-11 23:00:00,114.48927041973711
2026-02-12 00:00:00,114.98651677711354
2026-02-12 01:00:00,112.2831860075254
2026-02-12 02:00:00,119.19952500712658
2026-02-12 03:00:00,115.51905978490495
2026-02-12 04:00:00,115.53278998903546
2026-02-12 05:00:00,114.26800536548718
2026-02-12 06:00:00,119.97899722710395
2026-02-12 07:00:00,117.67506007041005
2026-02-12 08:00:00,117.4240792889515
2026-02-12 09:00:00,120.69907617347954
2026-02-12 10:00:00,117.59821932862306
2026-02-12 11:00:00,116.32179811835964
2026-02-12 12:00:00,116.12979720902683
2026-02-12 13:00:00,116.0094851650502
2026-02-12 14:00:00,114.04499530184269
2026-02-12 15:00:00,118.6990745263168
2026-02-12 16:00:00,116.63976739134802
2026-02-12 17:00:00,119.18391643440319
2026-02-12 18:00:00,118.51839998177044
2026-02-12 19:00:00,119.95313039961161
2026-02-12 20:00:00,115.62496137473626
2026-02-12 21:00:00,114.89080503262849
2026-02-12 22:00:00,115.51603101646917
2026-02-12 23:00:00,114.44801879726641
2026-02-13 00:00:00,115.65957775174287
2026-02-13 01:00:00,114.14728238262586
2026-02-13 02:00:00,115.47272467994566
2026-02-13 03:00:00,117.67416374065905
2026-02-13 04:00:00,116.25892387575652
2026-02-13 05:00:00,115.36380456209076
2026-02-13 06:00:00,116.34184123578487
2026-02-13 07:00:00,115.35576261037033
2026-02-13 08:00:00,115.55796807704992
2026-02-13 09:00:00,115.05083721915743
2026-02-13 10:00:00,115.77736384942263
2026-02-13 11:00:00,116.6519691559308
2026-02-13 12:00:00,113.65111379239855
2026-02-13 13:00:00,111.76004233901233
2026-02-13 14:00:00,115.75618439010458
2026-02-13 15:00:00,114.29393879314964
2026-02-13 16:00:00,116.16921386810637
2026-02-13 17:00:00,116.27716422354399
2026-02-13 18:00:00,115.86618970544178
2026-02-13 19:00:00,115.13809166849535
2026-02-13 20:00:00,112.15609215550676
2026-02-13 21:00:00,117.03252750673764
2026-02-13 22:00:00,115.72586652210964
2026-02-13 23:00:00,113.06767935665366
2026-02-14 00:00:00,115.22514526261276
2026-02-14 01:00:00,114.89642928354016
2026-02-14 02:00:00,114.98877624998603
2026-02-14 03:00:00,118.97538633360207
2026-02-14 04:00:00,118.85308873340088
2026-02-14 05:00:00,114.60077536381189
2026-02-14 06:00:00,116.24514873949825
2026-02-14 07:00:00,122.25651776038491
2026-02-14 08:00:00,118.68790214909681
2026-02-14 09:00:00,118.79907264191964
2026-02-14 10:00:00,115.4925682465913
2026-02-14 11:00:00,116.13016790475562
2026-02-14 12:00:00,117.07981234341614
2026-02-14 13:00:00,113.3748051032182
2026-02-14 14:00:00,117.58380788271745
2026-02-14 15:00:00,118.97745924124912
2026-02-14 16:00:00,114.0842809130073
2026-02-14 17:00:00,121.76232687474902
2026-02-14 18:00:00,116.97918840108193
2026-02-14 19:00:00,115.58547247506793
2026-02-14 20:00:00,118.30176421724698
2026-02-14 21:00:00,115.84630790687014
2026-02-14 22:00:00,119.45982926477723
2026-02-14 23:00:00,112.6539014441918
2026-02-15 00:00:00,116.22925290763942
2026-02-15 01:00:00,119.60898469143635
2026-02-15 02:00:00,116.62892232664898
2026-02-15 03:00:00,123.26819626714209
2026-02-15 04:00:00,114.54938470433144
2026-02-15 05:00:00,117.14115602359584
2026-02-15 06:00:00,119.0821355429221
2026-02-15 07:00:00,115.784233076546
2026-02-15 08:00:00,118.79149282056245
2026-02-15 09:00:00,118.4667287464967
2026-02-15 10:00:00,120.13808983109651
2026-02-15 11:00:00,115.91104903509978
2026-02-15 12:00:00,119.68807867084071
2026-02-15 13:00:00,116.93099784790365
2026-02-15 14:00:00,123.05503532510201
2026-02-15 15:00:00,116.38651213218225
2026-02-15 16:00:00,117.58363449067201
2026-02-15 17:00:00,114.65758095563908
2026-02-15 18:00:00,106.43588319727598
2026-02-15 19:00:00,118.61793327158477
2026-02-15 20:00:00,116.58172335336792
2026-02-15 21:00:00,119.96348590869559
2026-02-15 22:00:00,111.56217698175413
2026-02-15 23:00:00,114.43090096705404
2026-02-16 00:00:00,120.25051785038721
2026-02-16 01:00:00,116.18589482848822
2026-02-16 02:00:00,114.69230835925916
2026-02-16 03:00:00,115.2069176477212
2026-02-16 04:00:00,117.0036947243137
2026-02-16 05:00:00,113.92127548381517
2026-02-16 06:00:00,116.2649970357387
2026-02-16 07:00:00,119.53445818715167
2026-02-16 08:00:00,117.77895223817643
2026-02-16 09:00:00,120.57521775005219
2026-02-16 10:00:00,119.72954402506832
2026-02-16 11:00:00,115.08003933917192
2026-02-16 12:00:00,120.03375275636881
2026-02-16 13:00:00,121.7247141978311
2026-02-16 14:00:00,111.79332475531552
2026-02-16 15:00:00,114.6710132686735
2026-02-16 16:00:00,112.9646578042778
2026-02-16 17:00:00,116.3443234760791
2026-02-16 18:00:00,109.96295359658146
2026-02-16 19:00:00,121.84445967746652
2026-02-16 20:00:00,112.64368329947419
2026-02-16 21:00:00,118.55058434845608
2026-02-16 22:00:00,119.94820092961578
2026-02-16 23:00:00,121.07332319544263
2026-02-17 00:00:00,117.62584411930645
2026-02-17 01:00:00,118.66782568580994
2026-02-17 02:00:00,119.21259319982865
2026-02-17 03:00:00,117.01273036427921
2026-02-17 04:00:00,117.27569205706772
2026-02-17 05:00:00,116.37336962459908
2026-02-17 06:00:00,121.34562339800466
2026-02-17 07:00:00,119.27925262000579
2026-02-17 08:00:00,115.32901104209759
2026-02-17 09:00:00,120.51152268778891
2026-02-17 10:00:00,120.82935447723179
2026-02-17 11:00:00,120.5645481147152
2026-02-17 12:00:00,117.94880864297231
2026-02-17 13:00:00,112.58807523671362
2026-02-17 14:00:00,117.98522221881103
2026-02-17 15:00:00,117.57449169738884
2026-02-17 16:00:00,116.3802927317115
2026-02-17 17:00:00,118.17310473040128
2026-02-17 18:00:00,117.88925739514588
2026-02-17 19:00:00,116.15755998226462
2026-02-17 20:00:00,117.52354495148165
2026-02-17 21:00:00,117.37210960936369
2026-02-17 22:00:00,116.28877627367879
2026-02-17 23:00:00,118.81355112757961
2026-02-18 00:00:00,114.98052799119505
2026-02-18 01:00:00,116.05853452848615
2026-02-18 02:00:00,116.23549750507732
2026-02-18 03:00:00,118.95255922294854
2026-02-18 04:00:00,117.93999591340804
2026-02-18 05:00:00,118.33742169758386
2026-02-18 06:00:00,118.53712105567733
2026-02-18 07:00:00,119.40817213124204
2026-02-18 08:00:00,117.28536236473066
2026-02-18 09:00:00,122.3814768467697
2026-02-18 10:00:00,119.92387651869421
2026-02-18 11:00:00,118.9233457080516
2026-02-18 12:00:00,116.88750123398387
2026-02-18 13:00:00,118.49246599570844
2026-02-18 14:00:00,119.05366373599358
2026-02-18 15:00:00,120.38650418839498
2026-02-18 16:00:00,115.53973104990318
2026-02-18 17:00:00,117.86026095062888
2026-02-18 18:00:00,121.98829753381864
2026-02-18 19:00:00,118.71320307485284
2026-02-18 20:00:00,121.47246651367179
2026-02-18 21:00:00,118.3198421161343
2026-02-18 22:00:00,118.43068514434694
2026-02-18 23:00:00,116.03073654178249
2026-02-19 00:00:00,114.9804193534017
2026-02-19 01:00:00,112.32566314329739
2026-02-19 02:00:00,117.97144597952153
2026-02-19 03:00:00,117.52481097158092
2026-02-19 04:00:00,113.78135933521924
2026-02-19 05:00:00,111.53848725564194
2026-02-19 06:00:00,119.6497519816552
2026-02-19 07:00:00,119.82264392370355
2026-02-19 08:00:00,119.32545229790779
2026-02-19 09:00:00,120.5227476579848
2026-02-19 10:00:00,117.90655931447989
2026-02-19 11:00:00,118.73949511228648
2026-02-19 12:00:00,116.7087455639966
2026-02-19 13:00:00,117.03534457224622
2026-02-19 14:00:00,111.73493537993234
2026-02-19 15:00:00,117.07474520408996
2026-02-19 16:00:00,117.66050424001568
2026-02-19 17:00:00,119.52990131751355
2026-02-19 18:00:00,118.26842594755962
2026-02-19 19:00:00,117.84324118474399
2026-02-19 20:00:00,115.54675985310848
2026-02-19 21:00:00,117.7768018670097
2026-02-19 22:00:00,115.63402427101224
2026-02-19 23:00:00,114.37097115564328
2026-02-20 00:00:00,115.53531657742195
2026-02-20 01:00:00,118.07430722982339
2026-02-20 02:00:00,114.8263169963075
2026-02-20 03:00:00,115.1786537327296
2026-02-20 04:00:00,117.52621296976125
2026-02-20 05:00:00,113.97981251562824
2026-02-20 06:00:00,116.53140095966201
2026-02-20 07:00:00,115.0131234880051
2026-02-20 08:00:00,115.46940194729554
2026-02-20 09:00:00,116.68166294177968
2026-02-20 10:00:00,115.8531917096022
2026-02-20 11:00:00,117.50925076879011
2026-02-20 12:00:00,112.66402897495544
2026-02-20 13:00:00,114.40691856717329
2026-02-20 14:00:00,114.61966092520278
2026-02-20 15:00:00,115.99317732611951
2026-02-20 16:00:00,114.42754335158384
2026-02-20 17:00:00,114.71173180734489
2026-02-20 18:00:00,113.39886865770627
2026-02-20 19:00:00,116.75491733674787
2026-02-20 20:00:00,112.74660979954562
2026-02-20 21:00:00,115.4710785719127
2026-02-20 22:00:00,113.82121960170815
2026-02-20 23:00:00,114.24209027753145
2026-02-21 00:00:00,114.93322007773538
2026-02-21 01:00:00,112.40370514438956
2026-02-21 02:00:00,116.0761797714917
2026-02-21 03:00:00,117.52010729249645
2026-02-21 04:00:00,117.54006219854661
2026-02-21 05:00:00,117.71964051340362
2026-02-21 06:00:00,114.4976912100492
2026-02-21 07:00:00,121.233813817255
2026-02-21 08:00:00,117.71349375961158
2026-02-21 09:00:00,121.94759450480183
2026-02-21 10:00:00,112.36174998512946
2026-02-21 11:00:00,115.39622123925189
2026-02-21 12:00:00,119.4185233811885
2026-02-21 13:00:00,115.34565560721931
2026-02-21 14:00:00,117.21635584256387
2026-02-21 15:00:00,118.88892564962899
2026-02-21 16:00:00,115.76084765356376
2026-02-21 17:00:00,121.54359031625859
2026-02-21 18:00:00,116.63170126115307
2026-02-21 19:00:00,117.2260998635384
2026-02-21 20:00:00,117.75711001119151
2026-02-21 21:00:00,116.3255397610734
2026-02-21 22:00:00,119.20905781136898
2026-02-21 23:00:00,114.9595813193493
2026-02-22 00:00:00,120.25477359227017
2026-02-22 01:00:00,118.46911702636164
2026-02-22 02:00:00,115.64213676734711
2026-02-22 03:00:00,122.01404744828253
2026-02-22 04:00:00,116.22935744008149
2026-02-22 05:00:00,118.53253571389054
2026-02-22 06:00:00,118.17709768679026
2026-02-22 07:00:00,117.70976341777177
2026-02-22 08:00:00,116.71551472037198
2026-02-22 09:00:00,116.08403279138082
2026-02-22 10:00:00,123.07171390511036
2026-02-22 11:00:00,117.41674731925781
2026-02-22 12:00:00,121.0700990359798
2026-02-22 13:00:00,117.75285426540695
2026-02-22 14:00:00,120.32983096766208
2026-02-22 15:00:00,115.98836877472726
2026-02-22 16:00:00,116.1546686602078
2026-02-22 17:00:00,115.16288820901451
2026-02-22 18:00:00,107.81692814725528
2026-02-22 19:00:00,117.75373410980193
2026-02-22 20:00:00,116.90216036239032
2026-02-22 21:00:00,120.13900509969831
2026-02-22 22:00:00,111.23645710545536
2026-02-22 23:00:00,112.91771217844422
2026-02-23 00:00:00,118.05405754106081
2026-02-23 01:00:00,114.44268022392282
2026-02-23 02:00:00,115.00998983935465
2026-02-23 03:00:00,116.33420116076685
2026-02-23 04:00:00,114.84815969681816
2026-02-23 05:00:00,116.23382493242416
2026-02-23 06:00:00,116.73795734893167
2026-02-23 07:00:00,114.27332419370461
2026-02-23 08:00:00,117.54752635235994
2026-02-23 09:00:00,121.09512640671872
2026-02-23 10:00:00,115.65602505712256
2026-02-23 11:00:00,116.36222379003692
2026-02-23 12:00:00,118.27251889590171
2026-02-23 13:00:00,119.7112868865249
2026-02-23 14:00:00,114.45932975235779
2026-02-23 15:00:00,119.16655752830663
2026-02-23 16:00:00,111.1916419296282
2026-02-23 17:00:00,116.91958567419849
2026-02-23 18:00:00,111.06561730188835
2026-02-23 19:00:00,124.30073523599646
2026-02-23 20:00:00,115.24049218687273
2026-02-23 21:00:00,116.09209257803582
2026-02-23 22:00:00,119.94911752673349
2026-02-23 23:00:00,119.34288695813268
2026-02-24 00:00:00,116.95086018552698
2026-02-24 01:00:00,119.32073377683739
2026-02-24 02:00:00,118.69332178546071
2026-02-24 03:00:00,116.3641920678013
2026-02-24 04:00:00,118.93270123802064
2026-02-24 05:00:00,119.54165417191132
2026-02-24 06:00:00,118.49994439436925
2026-02-24 07:00:00,117.23693331007209
2026-02-24 08:00:00,120.23202496441348
2026-02-24 09:00:00,119.07284060406666
2026-02-24 10:00:00,122.43033879807375
2026-02-24 11:00:00,118.6041577438408
2026-02-24 12:00:00,115.70528734012649
2026-02-24 13:00:00,111.21540272258392
2026-02-24 14:00:00,117.48415803002936
2026-02-24 15:00:00,117.53511071420732
2026-02-24 16:00:00,118.59055801835144
2026-02-24 17:00:00,117.05691149938498
2026-02-24 18:00:00,117.804396503563
2026-02-24 19:00:00,114.28764874729845
2026-02-24 20:00:00,118.59992463606132
2026-02-24 21:00:00,118.83616862613232
2026-02-24 22:00:00,115.46375850495565
2026-02-24 23:00:00,116.09306143089643
2026-02-25 00:00:00,113.2518000726869
2026-02-25 01:00:00,116.54916691070042
2026-02-25 02:00:00,113.4134725346162
2026-02-25 03:00:00,119.4666159476489
2026-02-25 04:00:00,119.68424550289653
2026-02-25 05:00:00,117.32068017463467
2026-02-25 06:00:00,116.31349216038241
2026-02-25 07:00:00,117.30107740281306
2026-02-25 08:00:00,116.62670625971941
2026-02-25 09:00:00,119.64859664968886
2026-02-25 10:00:00,116.69279353608323
2026-02-25 11:00:00,118.17829498403964
2026-02-25 12:00:00,116.60916618840207
2026-02-25 13:00:00,117.70226166171189
2026-02-25 14:00:00,119.38183096614071
2026-02-25 15:00:00,118.60946298189887
2026-02-25 16:00:00,118.06558673482107
2026-02-25 17:00:00,115.31540613874091
2026-02-25 18:00:00,120.86362790196364
2026-02-25 19:00:00,118.23504387063454
2026-02-25 20:00:00,122.84053928932059
2026-02-25 21:00:00,117.27132349030077
2026-02-25 22:00:00,117.75555667781285
2026-02-25 23:00:00,115.88949432147905
2026-02-26 00:00:00,115.15839553660551
2026-02-26 01:00:00,110.42699239331516
2026-02-26 02:00:00,121.25332443029981
2026-02-26 03:00:00,116.39634488432571
2026-02-26 04:00:00,112.53046665212955
2026-02-26 05:00:00,111.44007732890486
2026-02-26 06:00:00,122.31772764171969
2026-02-26 07:00:00,117.88486039530764
2026-02-26 08:00:00,114.4110063593173
2026-02-26 09:00:00,118.6337613963212
2026-02-26 10:00:00,116.01083654612205
2026-02-26 11:00:00,117.38917727521894
2026-02-26 12:00:00,116.28697630232337
2026-02-26 13:00:00,119.07808905045073
2026-02-26 14:00:00,114.22068244467175
2026-02-26 15:00:00,118.75165963014267
2026-02-26 16:00:00,119.10271061057486
2026-02-26 17:00:00,119.17852286723515
2026-02-26 18:00:00,117.36521213019222
2026-02-26 19:00:00,120.26666447769627
2026-02-26 20:00:00,114.86765434591263
2026-02-26 21:00:00,115.29405138533224
2026-02-26 22:00:00,116.72514468022939
2026-02-26 23:00:00,116.80042994961516
2026-02-27 00:00:00,114.7939371488381
2026-02-27 01:00:00,114.42888034651624
2026-02-27 02:00:00,116.09108471925236
2026-02-27 03:00:00,116.61658948311393
2026-02-27 04:00:00,118.3647170791968
2026-02-27 05:00:00,114.04365018648838
2026-02-27 06:00:00,113.16044887940635
2026-02-27 07:00:00,113.74937190684673
2026-02-27 08:00:00,115.2596814414643
2026-02-27 09:00:00,116.2001400276682
2026-02-27 10:00:00,114.1422087256779
2026-02-27 11:00:00,115.00612780485201
2026-02-27 12:00:00,114.29846214843735
2026-02-27 13:00:00,115.81686092724712
2026-02-27 14:00:00,115.20554809007871
2026-02-27 15:00:00,115.2742286032776
2026-02-27 16:00:00,114.05334445595797
2026-02-27 17:00:00,116.16632327291579
2026-02-27 18:00:00,113.87678391653941
2026-02-27 19:00:00,114.86795632067553
2026-02-27 20:00:00,115.9849382573086
2026-02-27 21:00:00,113.66920212404298
2026-02-27 22:00:00,113.76058911148706
2026-02-27 23:00:00,114.95080736564441
2026-02-28 00:00:00,115.67507466468152
2026-02-28 01:00:00,115.74040012229727
2026-02-28 02:00:00,116.6295626968772
2026-02-28 03:00:00,120.50279638925193
2026-02-28 04:00:00,117.46101192837384
2026-02-28 05:00:00,117.92753963733942
2026-02-28 06:00:00,112.80850449260119
2026-02-28 07:00:00,121.11839909357437
2026-02-28 08:00:00,118.675587954599
2026-02-28 09:00:00,120.7349210361081
2026-02-28 10:00:00,116.00426797377105
2026-02-28 11:00:00,113.3214166499449
2026-02-28 12:00:00,118.4611669184069
2026-02-28 13:00:00,116.80658945779537
2026-02-28 14:00:00,119.09186048151612
2026-02-28 15:00:00,119.82245884142225
2026-02-28 16:00:00,112.99224644240155
2026-02-28 17:00:00,121.50670048039981
2026-02-28 18:00:00,118.15389315745533
2026-02-28 19:00:00,116.23940370521638
2026-02-28 20:00:00,116.25421225767454
2026-02-28 21:00:00,116.35449508535775
2026-02-28 22:00:00,119.40287201196159
2026-02-28 23:00:00,114.29111112866238
2026-03-01 00:00:00,110.83521034445522
2026-03-01 01:00:00,113.7324715418116
2026-03-01 02:00:00,105.86692549179662
2026-03-01 03:00:00,114.68172670365365
2026-03-01 04:00:00,107.87163479789407
2026-03-01 05:00:00,112.36731566097995
2026-03-01 06:00:00,112.69526781279986
2026-03-01 07:00:00,109.22885354047972
2026-03-01 08:00:00,110.94233187127998
2026-03-01 09:00:00,112.029492150622
2026-03-01 10:00:00,114.04103992358748
2026-03-01 11:00:00,109.71605355223844
2026-03-01 12:00:00,113.51227126616706
2026-03-01 13:00:00,111.06641706100194
2026-03-01 14:00:00,114.53500075189504
2026-03-01 15:00:00,109.05869388368136
2026-03-01 16:00:00,108.60702269933392
2026-03-01 17:00:00,108.96422896625629
2026-03-01 18:00:00,102.85383962176175
2026-03-01 19:00:00,113.15210084875673
2026-03-01 20:00:00,109.67877555911835
2026-03-01 21:00:00,112.36485201728647
2026-03-01 22:00:00,107.45940713658518
2026-03-01 23:00:00,107.30691659084648
2026-03-02 00:00:00,111.69179048847111
2026-03-02 01:00:00,109.1984993568943
2026-03-02 02:00:00,109.45813915326931
2026-03-02 03:00:00,108.95415254598868
2026-03-02 04:00:00,109.51754989307304
2026-03-02 05:00:00,107.46842329485494
2026-03-02 06:00:00,110.93143917312888
2026-03-02 07:00:00,108.55486794345858
2026-03-02 08:00:00,110.78818006579007
2026-03-02 09:00:00,111.31008920182678
2026-03-02 10:00:00,110.27958677914317
2026-03-02 11:00:00,110.57617228637753
2026-03-02 12:00:00,110.44850744156092
2026-03-02 13:00:00,115.2123969528462
2026-03-02 14:00:00,106.24570559721172
2026-03-02 15:00:00,111.94835082456734
2026-03-02 16:00:00,104.2360768193588
2026-03-02 17:00:00,110.04829285263504
2026-03-02 18:00:00,103.50693143414742
2026-03-02 19:00:00,114.44688615606638
2026-03-02 20:00:00,107.27388861473415
2026-03-02 21:00:00,110.89809964517833
2026-03-02 22:00:00,112.49185425245541
2026-03-02 23:00:00,113.12301270382082
2026-03-03 00:00:00,110.2877960434345
2026-03-03 01:00:00,110.34741070893867
2026-03-03 02:00:00,113.3005050838973
2026-03-03 03:00:00,111.45638641004956
2026-03-03 04:00:00,112.30954703412496
2026-03-03 05:00:00,111.92087437003826
2026-03-03 06:00:00,113.56580556004516
2026-03-03 07:00:00,112.09925049664918
2026-03-03 08:00:00,110.23278155159758
2026-03-03 09:00:00,112.20191461628322
2026-03-03 10:00:00,112.13420746250101
2026-03-03 11:00:00,111.33170105155467
2026-03-03 12:00:00,109.56555036460456
2026-03-03 13:00:00,106.01181189339641
2026-03-03 14:00:00,109.92051161635564
2026-03-03 15:00:00,109.18767528722809
2026-03-03 16:00:00,108.5139837080061
2026-03-03 17:00:00,111.0409198290128
2026-03-03 18:00:00,110.25079024451567
2026-03-03 19:00:00,108.71651514077455
2026-03-03 20:00:00,111.12032216174387
2026-03-03 21:00:00,112.03339015403269
2026-03-03 22:00:00,109.55343927973594
2026-03-03 23:00:00,107.9910715570636
2026-03-04 00:00:00,106.05523961972868
2026-03-04 01:00:00,110.65283657269852
2026-03-04 02:00:00,108.64975730017255
2026-03-04 03:00:00,112.18342918313328
2026-03-04 04:00:00,111.12051456750741
2026-03-04 05:00:00,108.48317872499297
2026-03-04 06:00:00,110.71062506831021
2026-03-04 07:00:00,112.25564480965268
2026-03-04 08:00:00,108.68326034526709
2026-03-04 09:00:00,113.95679897272329
2026-03-04 10:00:00,113.12142695227388
2026-03-04 11:00:00,114.30289727677489
2026-03-04 12:00:00,109.095898481337
2026-03-04 13:00:00,112.27871344909101
2026-03-04 14:00:00,110.79256222212304
2026-03-04 15:00:00,112.80164055025578
2026-03-04 16:00:00,110.03162286140343
2026-03-04 17:00:00,110.93309941588393
2026-03-04 18:00:00,112.51568287314365
2026-03-04 19:00:00,110.91224958406924
2026-03-04 20:00:00,112.98721459616183
2026-03-04 21:00:00,111.74709952015378
2026-03-04 22:00:00,112.02144377260483
2026-03-04 23:00:00,106.47174121841017
2026-03-05 00:00:00,107.3382109300104
2026-03-05 01:00:00,105.18699271648295
2026-03-05 02:00:00,112.85541152086593
2026-03-05 03:00:00,109.09368383294202
2026-03-05 04:00:00,108.13971131876198
2026-03-05 05:00:00,106.29537780545226
2026-03-05 06:00:00,112.59895033821864
2026-03-05 07:00:00,108.27699159368846
2026-03-05 08:00:00,109.95836496254498
2026-03-05 09:00:00,113.69732574649674
2026-03-05 10:00:00,107.71334318767873
2026-03-05 11:00:00,108.85917556464145
2026-03-05 12:00:00,109.05036732110563
2026-03-05 13:00:00,110.12050725533658
2026-03-05 14:00:00,105.75250094245891
2026-03-05 15:00:00,111.04991556050294
2026-03-05 16:00:00,109.98418121349202
2026-03-05 17:00:00,110.98533790406896
2026-03-05 18:00:00,112.02357643303709
2026-03-05 19:00:00,114.3765622316515
2026-03-05 20:00:00,108.1638282026239
2026-03-05 21:00:00,108.98086378389358
2026-03-05 22:00:00,108.86550925005031
2026-03-05 23:00:00,109.17272546530772
2026-03-06 00:00:00,109.72321046787825
2026-03-06 01:00:00,109.61741037012052
2026-03-06 02:00:00,107.06745470277698
2026-03-06 03:00:00,107.38037825913968
2026-03-06 04:00:00,108.07981350853815
2026-03-06 05:00:00,109.0783323032015
2026-03-06 06:00:00,106.0910003687609
2026-03-06 07:00:00,106.77402906614276
2026-03-06 08:00:00,109.03696154248894
2026-03-06 09:00:00,107.64289304205657
2026-03-06 10:00:00,108.23255802779386
2026-03-06 11:00:00,107.44331562016617
2026-03-06 12:00:00,108.70724632848086
2026-03-06 13:00:00,108.26867398367716
2026-03-06 14:00:00,107.73482969085487
2026-03-06 15:00:00,108.52544205445692
2026-03-06 16:00:00,108.36873403697774
2026-03-06 17:00:00,107.06657558774306
2026-03-06 18:00:00,107.91719585945107
2026-03-06 19:00:00,108.22813502397317
2026-03-06 20:00:00,106.6238470579861
2026-03-06 21:00:00,108.17770918132122
2026-03-06 22:00:00,107.18896096774697
2026-03-06 23:00:00,106.90588913706031
2026-03-07 00:00:00,107.41024997188481
2026-03-07 01:00:00,107.56221799133641
2026-03-07 02:00:00,108.51876830069882
2026-03-07 03:00:00,112.16950785557646
2026-03-07 04:00:00,110.73334674365334
2026-03-07 05:00:00,111.2967066951394
2026-03-07 06:00:00,109.88556662840693
2026-03-07 07:00:00,116.3851308714727
2026-03-07 08:00:00,111.65495283316228
2026-03-07 09:00:00,113.13360013706023
2026-03-07 10:00:00,106.62230825075517
2026-03-07 11:00:00,105.35055988988577
2026-03-07 12:00:00,111.91329046720509
2026-03-07 13:00:00,110.3377554935975
2026-03-07 14:00:00,111.19946464747106
2026-03-07 15:00:00,112.35549732272953
2026-03-07 16:00:00,108.00774923742365
2026-03-07 17:00:00,113.75342458055962
2026-03-07 18:00:00,108.49579718135533
2026-03-07 19:00:00,111.64865277631955
2026-03-07 20:00:00,109.0400742584148
2026-03-07 21:00:00,108.80376367995774
2026-03-07 22:00:00,112.44861322635788
2026-03-07 23:00:00,107.84802810276665
2026-03-08 00:00:00,112.95061042072817
2026-03-08 01:00:00,110.77671410032718
2026-03-08 02:00:00,108.90186356001675
2026-03-08 03:00:00,114.27610760881923
2026-03-08 04:00:00,107.1204439258277
2026-03-08 05:00:00,109.69699487849378
2026-03-08 06:00:00,110.94939233683431
2026-03-08 07:00:00,110.01564655204905
2026-03-08 08:00:00,111.22247025156929
2026-03-08 09:00:00,111.93927815103575
2026-03-08 10:00:00,114.38806410177142
2026-03-08 11:00:00,108.62348292443896
2026-03-08 12:00:00,113.64098339069011
2026-03-08 13:00:00,108.09807875766927
2026-03-08 14:00:00,114.63973376476633
2026-03-08 15:00:00,109.99480627033688
2026-03-08 16:00:00,108.1115159829442
2026-03-08 17:00:00,107.64736893131736
2026-03-08 18:00:00,101.32934370632513
2026-03-08 19:00:00,111.06324901269733
2026-03-08 20:00:00,109.81293681240575
2026-03-08 21:00:00,111.99572782306208
2026-03-08 22:00:00,106.36831897471443
2026-03-08 23:00:00,106.39052679443124
2026-03-09 00:00:00,110.89823461072638
2026-03-09 01:00:00,108.58800824988218
2026-03-09 02:00:00,109.85775605124691
2026-03-09 03:00:00,110.282603283258
2026-03-09 04:00:00,111.14606105303274
2026-03-09 05:00:00,106.54472423637716
2026-03-09 06:00:00,112.00912478290506
2026-03-09 07:00:00,109.99278912582434
2026-03-09 08:00:00,109.82317114492201
2026-03-09 09:00:00,112.33483449434894
2026-03-09 10:00:00,109.99836778644462
2026-03-09 11:00:00,110.71442626595334
2026-03-09 12:00:00,113.10968581001876
2026-03-09 13:00:00,114.83815736191404
2026-03-09 14:00:00,103.94692729431573
2026-03-09 15:00:00,110.3588089185368
2026-03-09 16:00:00,104.19556924819868
2026-03-09 17:00:00,110.79791169804366
2026-03-09 18:00:00,106.34130815724116
2026-03-09 19:00:00,115.4492565846171
2026-03-09 20:00:00,106.02928983805016
2026-03-09 21:00:00,108.61817418277012
2026-03-09 22:00:00,111.08250877439978
2026-03-09 23:00:00,113.67267866136964
2026-03-10 00:00:00,111.8437907380044
2026-03-10 01:00:00,112.45941009273568
2026-03-10 02:00:00,112.21518128362234
2026-03-10 03:00:00,111.55761903831312
2026-03-10 04:00:00,110.48964039345371
2026-03-10 05:00:00,111.25606823999703
2026-03-10 06:00:00,112.58592598257047
2026-03-10 07:00:00,110.00526202424922
2026-03-10 08:00:00,111.47190584503204
2026-03-10 09:00:00,113.91836185959599
2026-03-10 10:00:00,113.20576791126963
2026-03-10 11:00:00,113.24423265125242
2026-03-10 12:00:00,111.77215539649495
2026-03-10 13:00:00,106.41204227379427
2026-03-10 14:00:00,109.98821085082795
2026-03-10 15:00:00,112.17542020975871
2026-03-10 16:00:00,111.5678119509141
2026-03-10 17:00:00,111.18663621767676
2026-03-10 18:00:00,109.93954537588861
2026-03-10 19:00:00,109.50997524418042
2026-03-10 20:00:00,110.76051547697035
2026-03-10 21:00:00,108.33158556450722
2026-03-10 22:00:00,109.96289818590324
2026-03-10 23:00:00,110.76068506962653
2026-03-11 00:00:00,107.1252464385837
2026-03-11 01:00:00,110.7058451255183
2026-03-11 02:00:00,107.44205122559424
2026-03-11 03:00:00,111.67670559727962
2026-03-11 04:00:00,113.0625367666905
2026-03-11 05:00:00,109.61377546265742
2026-03-11 06:00:00,107.93504589352852
2026-03-11 07:00:00,113.44288754989037
2026-03-11 08:00:00,110.45838468509045
2026-03-11 09:00:00,113.98855648823627
2026-03-11 10:00:00,112.88448484021382
2026-03-11 11:00:00,108.29010388822996
2026-03-11 12:00:00,110.60374382917944
2026-03-11 13:00:00,109.58319415548084
2026-03-11 14:00:00,108.42552586381302
2026-03-11 15:00:00,114.86001057707327
2026-03-11 16:00:00,111.39309498298037
2026-03-11 17:00:00,110.55739852506163
2026-03-11 18:00:00,113.02896708365839
2026-03-11 19:00:00,110.38279724906148
2026-03-11 20:00:00,115.45867979895164
2026-03-11 21:00:00,111.19428218838839
2026-03-11 22:00:00,108.4183347942695
2026-03-11 23:00:00,108.13220977029621
2026-03-12 00:00:00,107.13175813480143
2026-03-12 01:00:00,103.3179130720888
2026-03-12 02:00:00,112.12364701574508
2026-03-12 03:00:00,106.41072993559906
2026-03-12 04:00:00,108.88072410076158
2026-03-12 05:00:00,104.64367942913582
2026-03-12 06:00:00,113.39984543284879
2026-03-12 07:00:00,110.82509368157012
2026-03-12 08:00:00,109.8327214558991
2026-03-12 09:00:00,113.91742423332363
2026-03-12 10:00:00,110.64945065173349
2026-03-12 11:00:00,110.46377836229851
2026-03-12 12:00:00,110.06599069547333
2026-03-12 13:00:00,109.71383326796509
2026-03-12 14:00:00,106.8289640377579
2026-03-12 15:00:00,109.99289194076127
2026-03-12 16:00:00,110.41886611001387
2026-03-12 17:00:00,110.86050805269728
2026-03-12 18:00:00,111.759125778877
2026-03-12 19:00:00,110.71672742769324
2026-03-12 20:00:00,108.09811188838792
2026-03-12 21:00:00,107.23346551017846
2026-03-12 22:00:00,108.54964780718333
2026-03-12 23:00:00,109.17178921768414
2026-03-13 00:00:00,108.65557409161119
2026-03-13 01:00:00,109.86056780830353
2026-03-13 02:00:00,108.20658520058628
2026-03-13 03:00:00,106.8594201678525
2026-03-13 04:00:00,109.33537310583947
2026-03-13 05:00:00,109.14169418657544
2026-03-13 06:00:00,108.28848118031183
2026-03-13 07:00:00,107.61650985340196
2026-03-13 08:00:00,106.84574385824524
2026-03-13 09:00:00,108.7170932903362
2026-03-13 10:00:00,108.56614691432003
2026-03-13 11:00:00,108.54339310998286
2026-03-13 12:00:00,107.69298801601136
2026-03-13 13:00:00,109.04150607146556
2026-03-13 14:00:00,108.72569534405763
2026-03-13 15:00:00,109.18652860779899
2026-03-13 16:00:00,107.41783054954116
2026-03-13 17:00:00,106.86844534440888
2026-03-13 18:00:00,109.79172346808261
2026-03-13 19:00:00,107.77416909243544
2026-03-13 20:00:00,109.60965098353444
2026-03-13 21:00:00,107.01041523040571
2026-03-13 22:00:00,105.47215513615346
2026-03-13 23:00:00,107.48561948816597
2026-03-14 00:00:00,108.70389823085657
2026-03-14 01:00:00,106.9368663200811
2026-03-14 02:00:00,109.14162521171318
2026-03-14 03:00:00,111.82908801340214
2026-03-14 04:00:00,107.79858857176356
2026-03-14 05:00:00,108.67740673612107
2026-03-14 06:00:00,106.85190873662923
2026-03-14 07:00:00,114.16998549083945
2026-03-14 08:00:00,110.85837499623918
2026-03-14 09:00:00,114.49024235570113
2026-03-14 10:00:00,105.54549632197833
2026-03-14 11:00:00,108.46929106959313
2026-03-14 12:00:00,109.07163957793912
2026-03-14 13:00:00,107.72312755031349
2026-03-14 14:00:00,111.51827968402978
2026-03-14 15:00:00,113.02528199043765
2026-03-14 16:00:00,109.11318798815148
2026-03-14 17:00:00,113.04657866865138
2026-03-14 18:00:00,109.15119252062527
2026-03-14 19:00:00,109.72716142470867
2026-03-14 20:00:00,108.94669844239925
2026-03-14 21:00:00,108.76685824600801
2026-03-14 22:00:00,111.64832357480816
2026-03-14 23:00:00,107.24275685654223
2026-03-15 00:00:00,109.29549572465676
2026-03-15 01:00:00,110.04079161074684
2026-03-15 02:00:00,107.89081570941214
2026-03-15 03:00:00,115.59337198110751
2026-03-15 04:00:00,107.24995789509508
2026-03-15 05:00:00,109.61797797447043
2026-03-15 06:00:00,111.96741566025472
2026-03-15 07:00:00,111.00842918107631
2026-03-15 08:00:00,110.00837724806378
2026-03-15 09:00:00,112.18232130610848
2026-03-15 10:00:00,113.73398301974373
2026-03-15 11:00:00,110.01664320323096
2026-03-15 12:00:00,111.64952677784244
2026-03-15 13:00:00,111.00247866467501
2026-03-15 14:00:00,113.30176881940845
2026-03-15 15:00:00,112.35745893211167
2026-03-15 16:00:00,110.61755817590306
2026-03-15 17:00:00,109.19072667087178
2026-03-15 18:00:00,102.58259299542298
2026-03-15 19:00:00,111.20942211324322
2026-03-15 20:00:00,109.61077621840815
2026-03-15 21:00:00,111.84430370661181
2026-03-15 22:00:00,107.09534874161888
2026-03-15 23:00:00,109.06289232300105
2026-03-16 00:00:00,112.37083050000746
2026-03-16 01:00:00,110.36074782804698
2026-03-16 02:00:00,108.19434554917743
2026-03-16 03:00:00,107.83631701561212
2026-03-16 04:00:00,111.23593705137625
2026-03-16 05:00:00,107.12168078113757
2026-03-16 06:00:00,113.38805227765639
2026-03-16 07:00:00,110.58997474602047
2026-03-16 08:00:00,109.27175103783499
2026-03-16 09:00:00,112.99263426292622
2026-03-16 10:00:00,110.97308771152365
2026-03-16 11:00:00,109.11304749082841
2026-03-16 12:00:00,110.38632639060204
2026-03-16 13:00:00,115.48766341637244
2026-03-16 14:00:00,104.83378587026324
2026-03-16 15:00:00,109.81800697732768
2026-03-16 16:00:00,105.70796604986609
2026-03-16 17:00:00,111.70044211220078
2026-03-16 18:00:00,104.51344513890675
2026-03-16 19:00:00,114.11868506015851
2026-03-16 20:00:00,107.92125100300467
2026-03-16 21:00:00,111.68828356621863
2026-03-16 22:00:00,111.22176975563153
2026-03-16 23:00:00,112.3309768773581
2026-03-17 00:00:00,110.47905142109721
2026-03-17 01:00:00,113.23708138679622
2026-03-17 02:00:00,111.05403144353824
2026-03-17 03:00:00,111.04103870367032
2026-03-17 04:00:00,113.28109935932252
2026-03-17 05:00:00,110.95378772356496
2026-03-17 06:00:00,112.06041905316624
2026-03-17 07:00:00,110.51216773090584
2026-03-17 08:00:00,109.26610326474618
2026-03-17 09:00:00,113.21326944126062
2026-03-17 10:00:00,113.91058670856668
2026-03-17 11:00:00,112.47053862054759
2026-03-17 12:00:00,110.22322124537689
2026-03-17 13:00:00,107.00769848857672
2026-03-17 14:00:00,107.96082388349409
2026-03-17 15:00:00,109.83220086293927
2026-03-17 16:00:00,110.69367767388701
2026-03-17 17:00:00,106.96774542102273
2026-03-17 18:00:00,110.4103451088974
2026-03-17 19:00:00,107.4521814672164
2026-03-17 20:00:00,110.40424061556455
2026-03-17 21:00:00,110.46606866002158
2026-03-17 22:00:00,108.52793338543049
2026-03-17 23:00:00,111.23829528225929
2026-03-18 00:00:00,107.65643403387433
2026-03-18 01:00:00,111.05759441910384
2026-03-18 02:00:00,107.67495143213793
2026-03-18 03:00:00,113.23386498059645
2026-03-18 04:00:00,112.51743996216653
2026-03-18 05:00:00,111.25510259241318
2026-03-18 06:00:00,110.79695110559666
2026-03-18 07:00:00,111.70247574466211
2026-03-18 08:00:00,110.4881905338313
2026-03-18 09:00:00,114.57757476947805
2026-03-18 10:00:00,114.67455013215846
2026-03-18 11:00:00,112.49500629135808
2026-03-18 12:00:00,109.2267671880059
2026-03-18 13:00:00,109.6646012982119
2026-03-18 14:00:00,108.87642718749446
2026-03-18 15:00:00,113.23521886278692
2026-03-18 16:00:00,110.64591243278326
2026-03-18 17:00:00,113.08724095943853
2026-03-18 18:00:00,115.75013514036503
2026-03-18 19:00:00,109.63666885832592
2026-03-18 20:00:00,113.27318853765107
2026-03-18 21:00:00,111.19187738573083
2026-03-18 22:00:00,108.60930926370781
2026-03-18 23:00:00,109.4782499288587
2026-03-19 00:00:00,106.93917712242828
2026-03-19 01:00:00,104.11340177131946
2026-03-19 02:00:00,113.03484913794863
2026-03-19 03:00:00,109.80053515842788
2026-03-19 04:00:00,108.63634952645177
2026-03-19 05:00:00,106.5436874060444
2026-03-19 06:00:00,112.57642599894159
2026-03-19 07:00:00,108.1530355071442
2026-03-19 08:00:00,109.60042358883584
2026-03-19 09:00:00,112.90131669331353
2026-03-19 10:00:00,109.6609959902583
2026-03-19 11:00:00,110.43524399481396
2026-03-19 12:00:00,108.5706792508849
2026-03-19 13:00:00,111.36450733119544
2026-03-19 14:00:00,105.7475921463373
2026-03-19 15:00:00,109.28108945424657
2026-03-19 16:00:00,111.71744013452174
2026-03-19 17:00:00,112.08446074360315
2026-03-19 18:00:00,111.41848653021111
2026-03-19 19:00:00,113.44759630764966
2026-03-19 20:00:00,107.40930761434868
2026-03-19 21:00:00,108.91841211004449
2026-03-19 22:00:00,110.24289578963004
2026-03-19 23:00:00,109.84863607182992
2026-03-20 00:00:00,109.32852313289807
2026-03-20 01:00:00,106.64807861911076
2026-03-20 02:00:00,109.13862633864699
2026-03-20 03:00:00,107.44340323655607
2026-03-20 04:00:00,108.70340000445081
2026-03-20 05:00:00,108.13414066293004
2026-03-20 06:00:00,107.57826183980814
2026-03-20 07:00:00,105.9322936040665
2026-03-20 08:00:00,109.60953913780905
2026-03-20 09:00:00,107.8933431299622
2026-03-20 10:00:00,108.54223103583497
2026-03-20 11:00:00,107.48664778383228
2026-03-20 12:00:00,109.07509103001982
2026-03-20 13:00:00,109.03154357595511
2026-03-20 14:00:00,107.62535379759017
2026-03-20 15:00:00,108.59134715387191
2026-03-20 16:00:00,107.16007080564128
2026-03-20 17:00:00,107.51327434549475
2026-03-20 18:00:00,107.02864538138851
2026-03-20 19:00:00,108.48838774899139
2026-03-20 20:00:00,107.13208719111495
2026-03-20 21:00:00,106.16586680695718
2026-03-20 22:00:00,106.69842891669963
2026-03-20 23:00:00,108.43275205627933
2026-03-21 00:00:00,106.15236621830954
2026-03-21 01:00:00,108.36429572043617
2026-03-21 02:00:00,107.7125590092856
2026-03-21 03:00:00,110.08226224960832
2026-03-21 04:00:00,109.32984478035308
2026-03-21 05:00:00,110.08895914859444
2026-03-21 06:00:00,109.82132732479917
2026-03-21 07:00:00,113.57909801936627
2026-03-21 08:00:00,110.57676150593302
2026-03-21 09:00:00,115.53919833843636
2026-03-21 10:00:00,108.4408759904376
2026-03-21 11:00:00,108.93437860008493
2026-03-21 12:00:00,110.87639052418453
2026-03-21 13:00:00,109.56746123493369
2026-03-21 14:00:00,110.40329292144189
2026-03-21 15:00:00,110.35519741651586
2026-03-21 16:00:00,106.67294604370737
2026-03-21 17:00:00,113.38054144637373
2026-03-21 18:00:00,110.10635564792629
2026-03-21 19:00:00,108.81539958661203
2026-03-21 20:00:00,109.80865626843463
2026-03-21 21:00:00,106.54457158047555
2026-03-21 22:00:00,113.7901628874878
2026-03-21 23:00:00,107.17631778885145
2026-03-22 00:00:00,114.33260643176378
2026-03-22 01:00:00,111.86585169488862
2026-03-22 02:00:00,110.5396426086836
2026-03-22 03:00:00,117.68297801305519
2026-03-22 04:00:00,105.67699243488325
2026-03-22 05:00:00,110.58126084287167
2026-03-22 06:00:00,110.21798998356333
2026-03-22 07:00:00,109.78804128135343
2026-03-22 08:00:00,111.85018632589085
2026-03-22 09:00:00,110.90217624203918
2026-03-22 10:00:00,112.49062734231748
2026-03-22 11:00:00,110.20809636523418
2026-03-22 12:00:00,113.3885148901411
2026-03-22 13:00:00,110.20269615085584
2026-03-22 14:00:00,113.29821822575417
2026-03-22 15:00:00,109.59405903722336
2026-03-22 16:00:00,107.93912209227379
2026-03-22 17:00:00,109.20129959748644
2026-03-22 18:00:00,103.04882304970312
2026-03-22 19:00:00,113.01731929269934
2026-03-22 20:00:00,109.81454122565114
2026-03-22 21:00:00,113.38553172758174
2026-03-22 22:00:00,106.43570763131193
2026-03-22 23:00:00,106.14587029497923
2026-03-23 00:00:00,111.77410956046721
2026-03-23 01:00:00,108.43256393888885
2026-03-23 02:00:00,109.32926211660262
2026-03-23 03:00:00,108.51790119797654
2026-03-23 04:00:00,108.69762239484531
2026-03-23 05:00:00,105.97434935825865
2026-03-23 06:00:00,109.63642768339746
2026-03-23 07:00:00,111.23091575673989
2026-03-23 08:00:00,111.09005011637755
2026-03-23 09:00:00,113.55410012383048
2026-03-23 10:00:00,110.90810439145322
2026-03-23 11:00:00,109.99045089990979
2026-03-23 12:00:00,110.08899802608707
2026-03-23 13:00:00,113.80819028675302
2026-03-23 14:00:00,105.51300575849264
2026-03-23 15:00:00,109.63782662831134
2026-03-23 16:00:00,105.63142708282189
2026-03-23 17:00:00,110.05358097539695
2026-03-23 18:00:00,103.6956699619646
2026-03-23 19:00:00,115.66322016967395
2026-03-23 20:00:00,107.39085705810894
2026-03-23 21:00:00,110.22822608469666
2026-03-23 22:00:00,112.52232784008382
2026-03-23 23:00:00,114.95443750290865
2026-03-24 00:00:00,112.17897820805132
2026-03-24 01:00:00,111.69357171151294
2026-03-24 02:00:00,112.5452741801804
2026-03-24 03:00:00,109.64122039233456
2026-03-24 04:00:00,112.11912911849001
2026-03-24 05:00:00,110.21445428675813
2026-03-24 06:00:00,114.94679889561728
2026-03-24 07:00:00,109.47311484634312
2026-03-24 08:00:00,109.58734332717859
2026-03-24 09:00:00,111.94421420511678
2026-03-24 10:00:00,112.29169774688086
2026-03-24 11:00:00,111.57564463131564
2026-03-24 12:00:00,110.30355874210446
2026-03-24 13:00:00,106.36774219019058
2026-03-24 14:00:00,110.82307055365214
2026-03-24 15:00:00,109.08824062995238
2026-03-24 16:00:00,110.97154369256921
2026-03-24 17:00:00,111.4636651174139
2026-03-24 18:00:00,110.010663430934
2026-03-24 19:00:00,107.7003945994269
2026-03-24 20:00:00,110.25741488986384
2026-03-24 21:00:00,114.31864371470473
2026-03-24 22:00:00,108.42514907595327
2026-03-24 23:00:00,111.50014802875359
2026-03-25 00:00:00,108.95542790550657
2026-03-25 01:00:00,109.61836544462612
2026-03-25 02:00:00,107.10075466087365
2026-03-25 03:00:00,111.53568052653044
2026-03-25 04:00:00,112.63005201526443
2026-03-25 05:00:00,109.7474379043893
2026-03-25 06:00:00,111.34284158188686
2026-03-25 07:00:00,110.9250673244376
2026-03-25 08:00:00,108.30392211767904
2026-03-25 09:00:00,115.43419618016564
2026-03-25 10:00:00,111.09394725456171
2026-03-25 11:00:00,110.6463990369093
2026-03-25 12:00:00,111.19185370173051
2026-03-25 13:00:00,110.56325786987381
2026-03-25 14:00:00,111.1555586814116
2026-03-25 15:00:00,112.91161376776813
2026-03-25 16:00:00,112.70921862083995
2026-03-25 17:00:00,110.43192834214375
2026-03-25 18:00:00,112.52115641612247
2026-03-25 19:00:00,110.65451412672483
2026-03-25 20:00:00,112.91111941877188
2026-03-25 21:00:00,111.7080039769338
2026-03-25 22:00:00,110.57203806136708
2026-03-25 23:00:00,107.02293578352918
2026-03-26 00:00:00,106.4100917651007
2026-03-26 01:00:00,105.17800550131923
2026-03-26 02:00:00,111.02444614425909
2026-03-26 03:00:00,109.28580228875433
2026-03-26 04:00:00,105.71746118297723
2026-03-26 05:00:00,104.6477679179019
2026-03-26 06:00:00,112.17136254137388
2026-03-26 07:00:00,111.15723175649944
2026-03-26 08:00:00,107.74893453188596
2026-03-26 09:00:00,113.86524438585198
2026-03-26 10:00:00,108.81123947933851
2026-03-26 11:00:00,109.39486196156597
2026-03-26 12:00:00,108.75260032458894
2026-03-26 13:00:00,109.74796167235834
2026-03-26 14:00:00,106.0770384563174
2026-03-26 15:00:00,110.45263062526091
2026-03-26 16:00:00,110.51374154766899
2026-03-26 17:00:00,112.71748682818279
2026-03-26 18:00:00,112.0801778200438
2026-03-26 19:00:00,113.08340966951832
2026-03-26 20:00:00,108.00885197112285
2026-03-26 21:00:00,108.40595489411534
2026-03-26 22:00:00,108.53299673348407
2026-03-26 23:00:00,109.54921007178578
2026-03-27 00:00:00,106.817404135651
2026-03-27 01:00:00,108.57484424887866
2026-03-27 02:00:00,107.4781063652003
2026-03-27 03:00:00,109.85049980905958
2026-03-27 04:00:00,109.31953677575503
2026-03-27 05:00:00,108.19230981178578
2026-03-27 06:00:00,106.59558810882787
2026-03-27 07:00:00,107.3278651485802
2026-03-27 08:00:00,108.89759617304854
2026-03-27 09:00:00,106.78005368379698
2026-03-27 10:00:00,108.1809063679046
2026-03-27 11:00:00,109.36419411681082
2026-03-27 12:00:00,108.5591707845612
2026-03-27 13:00:00,108.41303624241698
2026-03-27 14:00:00,109.41758996053929
2026-03-27 15:00:00,108.53827593079734
2026-03-27 16:00:00,107.92786042927662
2026-03-27 17:00:00,108.56806371769767
2026-03-27 18:00:00,107.21552154361444
2026-03-27 19:00:00,108.1275078176276
2026-03-27 20:00:00,109.55852280236064
2026-03-27 21:00:00,108.00728510584884
2026-03-27 22:00:00,107.26853004991766
2026-03-27 23:00:00,110.43952136654134
2026-03-28 00:00:00,107.39304013221812
2026-03-28 01:00:00,109.72777386456492
2026-03-28 02:00:00,107.73153313566243
2026-03-28 03:00:00,110.32615151760747
2026-03-28 04:00:00,111.42227936948893
2026-03-28 05:00:00,108.80633371496242
2026-03-28 06:00:00,108.49575918013186
2026-03-28 07:00:00,113.55146719648332
2026-03-28 08:00:00,111.91415320102026
2026-03-28 09:00:00,113.43507892177519
2026-03-28 10:00:00,109.04448017209046
2026-03-28 11:00:00,107.42637934788507
2026-03-28 12:00:00,110.94895526828027
2026-03-28 13:00:00,107.7250325459242
2026-03-28 14:00:00,109.25233582060767
2026-03-28 15:00:00,109.41075145234751
2026-03-28 16:00:00,110.23869650996878
2026-03-28 17:00:00,115.01057731502146
2026-03-28 18:00:00,111.33887683812205
2026-03-28 19:00:00,109.78653389837206
2026-03-28 20:00:00,106.57950998513743
2026-03-28 21:00:00,108.17364123526303
2026-03-28 22:00:00,112.10025178740808
2026-03-28 23:00:00,107.8947951355213
2026-03-29 00:00:00,112.4159812228419
2026-03-29 01:00:00,112.79423695545795
2026-03-29 02:00:00,109.58971747891621
2026-03-29 03:00:00,115.43571672015187
2026-03-29 04:00:00,106.07596195271131
2026-03-29 05:00:00,110.79877389867949
2026-03-29 06:00:00,111.3584329163601
2026-03-29 07:00:00,108.65613551080854
2026-03-29 08:00:00,111.95888595910381
2026-03-29 09:00:00,110.7949853791081
2026-03-29 10:00:00,114.825803827509
2026-03-29 11:00:00,108.44678346828655
2026-03-29 12:00:00,112.05173891294784
2026-03-29 13:00:00,109.36708456451224
2026-03-29 14:00:00,113.58501478849777
2026-03-29 15:00:00,110.66196792308693
2026-03-29 16:00:00,109.84076804948366
2026-03-29 17:00:00,108.00400160567101
2026-03-29 18:00:00,104.0963354215322
2026-03-29 19:00:00,110.23686243969544
2026-03-29 20:00:00,107.43716693079662
2026-03-29 21:00:00,112.35501849835032
2026-03-29 22:00:00,105.17591618056281
2026-03-29 23:00:00,104.38367234541973
2026-03-30 00:00:00,110.15720408777327
2026-03-30 01:00:00,107.79510314591113
2026-03-30 02:00:00,108.85369669746683
2026-03-30 03:00:00,108.8958863483736
2026-03-30 04:00:00,109.26335568994362
2026-03-30 05:00:00,107.76262240217797
2026-03-30 06:00:00,107.98932369469657
2026-03-30 07:00:00,111.44127722165426
2026-03-30 08:00:00,112.40378260069679
2026-03-30 09:00:00,114.96870714236945
2026-03-30 10:00:00,108.85523220312544
2026-03-30 11:00:00,108.06516316651103
2026-03-30 12:00:00,111.64756205148356
2026-03-30 13:00:00,114.40767517500738
2026-03-30 14:00:00,106.73682710902679
2026-03-30 15:00:00,110.39288486656257
2026-03-30 16:00:00,104.9029695468673
2026-03-30 17:00:00,110.86726051676354
2026-03-30 18:00:00,105.125690650415
2026-03-30 19:00:00,115.6951978698188
2026-03-30 20:00:00,106.24442287815783
2026-03-30 21:00:00,109.06160889264285
2026-03-30 22:00:00,112.22383236303679
2026-03-30 23:00:00,113.10904845594908
2026-03-31 00:00:00,112.33594092834514
2026-03-31 01:00:00,112.7965501770357
2026-03-31 02:00:00,110.0847356698175
2026-03-31 03:00:00,110.4492407655338
2026-03-31 04:00:00,111.67297327728417
2026-03-31 05:00:00,109.64175057331761
2026-03-31 06:00:00,111.61317546587482
2026-03-31 07:00:00,111.38091513882583
2026-03-31 08:00:00,110.17163493959792
2026-03-31 09:00:00,112.7528785445711
2026-03-31 10:00:00,114.3211985401048
2026-03-31 11:00:00,113.37847825048715
2026-03-31 12:00:00,108.75227895371177
2026-03-31 13:00:00,107.38511365990632
2026-03-31 14:00:00,109.9773630363925
2026-03-31 15:00:00,109.09938751646033
2026-03-31 16:00:00,111.96321840217225
2026-03-31 17:00:00,110.71981147683397
2026-03-31 18:00:00,112.66409724912354
2026-03-31 19:00:00,106.8279716779445
2026-03-31 20:00:00,111.65565314578123
2026-03-31 21:00:00,110.51758441813539
2026-03-31 22:00:00,108.65184485167359
2026-03-31 23:00:00,109.00708825106186
2026-04-01 00:00:00,102.70696482758005
2026-04-01 01:00:00,103.87334343769962
2026-04-01 02:00:00,102.42063564273343
2026-04-01 03:00:00,108.93366433278696
2026-04-01 04:00:00,106.51491965985717
2026-04-01 05:00:00,103.48094171974599
2026-04-01 06:00:00,105.5114104246552
2026-04-01 07:00:00,106.74102864102099
2026-04-01 08:00:00,102.4211661327667
2026-04-01 09:00:00,108.71391660415608
2026-04-01 10:00:00,107.05906628905214
2026-04-01 11:00:00,105.90562194402516
2026-04-01 12:00:00,102.89811350103992
2026-04-01 13:00:00,105.7650377658543
2026-04-01 14:00:00,106.04230319437438
2026-04-01 15:00:00,107.519908305715
2026-04-01 16:00:00,104.48538218798056
2026-04-01 17:00:00,104.57551732314336
2026-04-01 18:00:00,107.45452669491259
2026-04-01 19:00:00,106.41468947930642
2026-04-01 20:00:00,108.33249744226352
2026-04-01 21:00:00,106.67633377807239
2026-04-01 22:00:00,105.22274321362313
2026-04-01 23:00:00,103.55527673767071
2026-04-02 00:00:00,102.98849345802955
2026-04-02 01:00:00,100.57901028203683
2026-04-02 02:00:00,108.03561225491248
2026-04-02 03:00:00,104.5133614841078
2026-04-02 04:00:00,103.87354479470957
2026-04-02 05:00:00,102.2746158468037
2026-04-02 06:00:00,107.77524115677818
2026-04-02 07:00:00,107.9723277399394
2026-04-02 08:00:00,104.29594724957364
2026-04-02 09:00:00,109.36614397909841
2026-04-02 10:00:00,104.5670361993831
2026-04-02 11:00:00,104.73036413247748
2026-04-02 12:00:00,104.01325955078194
2026-04-02 13:00:00,106.01608312332036
2026-04-02 14:00:00,101.1157860121476
2026-04-02 15:00:00,105.67642987405587
2026-04-02 16:00:00,104.5144840369576
2026-04-02 17:00:00,106.63818306706085
2026-04-02 18:00:00,106.36662135310851
2026-04-02 19:00:00,107.17629467497291
2026-04-02 20:00:00,104.43787930828849
2026-04-02 21:00:00,103.85892454663811
2026-04-02 22:00:00,106.51535001340031
2026-04-02 23:00:00,104.02718006056274
2026-04-03 00:00:00,102.2974649931611
2026-04-03 01:00:00,104.17352607366344
2026-04-03 02:00:00,104.6251127609629
2026-04-03 03:00:00,103.73316466699134
2026-04-03 04:00:00,103.42018699895635
2026-04-03 05:00:00,103.47568934494618
2026-04-03 06:00:00,104.7971029976473
2026-04-03 07:00:00,103.47390133778708
2026-04-03 08:00:00,104.36297266005838
2026-04-03 09:00:00,102.45115175761342
2026-04-03 10:00:00,104.93973229243467
2026-04-03 11:00:00,103.23687494262256
2026-04-03 12:00:00,103.34554978689326
2026-04-03 13:00:00,104.03629355506732
2026-04-03 14:00:00,102.35548529422113
2026-04-03 15:00:00,104.96523968959107
2026-04-03 16:00:00,104.44656231782098
2026-04-03 17:00:00,102.90700862871746
2026-04-03 18:00:00,104.10502666536837
2026-04-03 19:00:00,104.00821175956472
2026-04-03 20:00:00,101.52416778889653
2026-04-03 21:00:00,105.43435449579437
2026-04-03 22:00:00,103.84664524123738
2026-04-03 23:00:00,103.7815369456071
2026-04-04 00:00:00,104.6429225204828
2026-04-04 01:00:00,102.20194557148463
2026-04-04 02:00:00,102.82409122492137
2026-04-04 03:00:00,107.0527403868147
2026-04-04 04:00:00,105.43775121886827
2026-04-04 05:00:00,105.3335193502895
2026-04-04 06:00:00,104.37838050929821
2026-04-04 07:00:00,108.9575003113498
2026-04-04 08:00:00,107.18228161521775
2026-04-04 09:00:00,108.04533162892047
2026-04-04 10:00:00,101.95108977040181
2026-04-04 11:00:00,102.90957522685409
2026-04-04 12:00:00,103.41297853280707
2026-04-04 13:00:00,103.77221526337838
2026-04-04 14:00:00,106.84391749084608
2026-04-04 15:00:00,104.71394988444982
2026-04-04 16:00:00,102.91264186278241
2026-04-04 17:00:00,110.68589634778903
2026-04-04 18:00:00,105.60430927758227
2026-04-04 19:00:00,105.74463660882301
2026-04-04 20:00:00,104.49808641424707
2026-04-04 21:00:00,103.49789065983796
2026-04-04 22:00:00,107.49738351907736
2026-04-04 23:00:00,105.10618812409021
2026-04-05 00:00:00,106.95940241288753
2026-04-05 01:00:00,106.03540851462222
2026-04-05 02:00:00,103.15950155090553
2026-04-05 03:00:00,112.27011365270278
2026-04-05 04:00:00,103.58599389775387
2026-04-05 05:00:00,106.79036607776989
2026-04-05 06:00:00,105.46377230934314
2026-04-05 07:00:00,104.83615587258774
2026-04-05 08:00:00,106.44400236101451
2026-04-05 09:00:00,106.24973820646912
2026-04-05 10:00:00,107.95847723974816
2026-04-05 11:00:00,105.426301476174
2026-04-05 12:00:00,107.98868892281375
2026-04-05 13:00:00,106.40866051912496
2026-04-05 14:00:00,109.49802948066892
2026-04-05 15:00:00,103.53203500805435
2026-04-05 16:00:00,104.31194170421271
2026-04-05 17:00:00,104.66179026516686
2026-04-05 18:00:00,99.82009396858348
2026-04-05 19:00:00,105.60452189901957
2026-04-05 20:00:00,105.88223717704362
2026-04-05 21:00:00,106.72474181730655
2026-04-05 22:00:00,101.88060607277048
2026-04-05 23:00:00,100.5303169780997
2026-04-06 00:00:00,106.07281961468463
2026-04-06 01:00:00,101.68698417142605
2026-04-06 02:00:00,104.38773535423215
2026-04-06 03:00:00,103.46473105048068
2026-04-06 04:00:00,105.12914604155226
2026-04-06 05:00:00,100.43272854933281
2026-04-06 06:00:00,106.88991892165558
2026-04-06 07:00:00,104.56812479261839
2026-04-06 08:00:00,105.09928923760636
2026-04-06 09:00:00,107.18390665273306
2026-04-06 10:00:00,107.10244377277904
2026-04-06 11:00:00,105.2302644935293
2026-04-06 12:00:00,106.99719226305623
2026-04-06 13:00:00,107.34750556059885
2026-04-06 14:00:00,101.2356130666985
2026-04-06 15:00:00,104.06672735878735
2026-04-06 16:00:00,101.26873956842077
2026-04-06 17:00:00,107.90194554795987
2026-04-06 18:00:00,100.44712235532141
2026-04-06 19:00:00,111.78256856975415
2026-04-06 20:00:00,103.85663807718683
2026-04-06 21:00:00,105.67443972882279
2026-04-06 22:00:00,108.04081153532417
2026-04-06 23:00:00,109.06462771065506
2026-04-07 00:00:00,106.54792601888145
2026-04-07 01:00:00,106.16791244058689
2026-04-07 02:00:00,106.94730774352868
2026-04-07 03:00:00,107.02795129912599
2026-04-07 04:00:00,107.0715507770191
2026-04-07 05:00:00,105.86771215203593
2026-04-07 06:00:00,106.83284738078397
2026-04-07 07:00:00,104.7282094990754
2026-04-07 08:00:00,106.37970066537719
2026-04-07 09:00:00,108.13083357154272
2026-04-07 10:00:00,108.41401218185283
2026-04-07 11:00:00,105.39737355702546
2026-04-07 12:00:00,108.31694082473557
2026-04-07 13:00:00,100.03409385406825
2026-04-07 14:00:00,106.16899859335078
2026-04-07 15:00:00,106.03550006231042
2026-04-07 16:00:00,104.61381971178854
2026-04-07 17:00:00,103.9926232485052
2026-04-07 18:00:00,105.63944065947022
2026-04-07 19:00:00,102.09751374972714
2026-04-07 20:00:00,107.36681796049598
2026-04-07 21:00:00,106.95221757111118
2026-04-07 22:00:00,105.45593960112734
2026-04-07 23:00:00,106.51326542086731
2026-04-08 00:00:00,101.45942973717644
2026-04-08 01:00:00,105.60244044116752
2026-04-08 02:00:00,103.60431188868333
2026-04-08 03:00:00,107.86368356968144
2026-04-08 04:00:00,106.86691705500073
2026-04-08 05:00:00,105.41346413317456
2026-04-08 06:00:00,105.16277324435269
2026-04-08 07:00:00,106.01392799095872
2026-04-08 08:00:00,105.91023773118096
2026-04-08 09:00:00,108.54101921258106
2026-04-08 10:00:00,108.16257154552945
2026-04-08 11:00:00,105.82253361820744
2026-04-08 12:00:00,105.17598021583919
2026-04-08 13:00:00,105.93226547915138
2026-04-08 14:00:00,103.62608062188069
2026-04-08 15:00:00,109.26833454356358
2026-04-08 16:00:00,105.06401723547727
2026-04-08 17:00:00,106.73397920869633
2026-04-08 18:00:00,108.71650704316596
2026-04-08 19:00:00,105.76175677799839
2026-04-08 20:00:00,111.19138250683872
2026-04-08 21:00:00,105.7817058413844
2026-04-08 22:00:00,106.3987381165704
2026-04-08 23:00:00,104.81012839631298
2026-04-09 00:00:00,103.68475937480714
2026-04-09 01:00:00,99.92458427185392
2026-04-09 02:00:00,106.38461977744583
2026-04-09 03:00:00,104.69690471961553
2026-04-09 04:00:00,102.44342063718872
2026-04-09 05:00:00,103.42592256875287
2026-04-09 06:00:00,107.8279928630775
2026-04-09 07:00:00,106.93946519508332
2026-04-09 08:00:00,103.08925798588785
2026-04-09 09:00:00,109.6127589414632
2026-04-09 10:00:00,104.2907625538096
2026-04-09 11:00:00,106.85694054134737
2026-04-09 12:00:00,105.1873020282706
2026-04-09 13:00:00,104.98361599803927
2026-04-09 14:00:00,100.72772131437877
2026-04-09 15:00:00,105.83871619246514
2026-04-09 16:00:00,104.99526834833367
2026-04-09 17:00:00,105.15607115734682
2026-04-09 18:00:00,106.21180166846165
2026-04-09 19:00:00,109.05577924883414
2026-04-09 20:00:00,103.8888932690315
2026-04-09 21:00:00,104.24892869831137
2026-04-09 22:00:00,104.07574224837808
2026-04-09 23:00:00,105.10646267339443
2026-04-10 00:00:00,103.74623218571595
2026-04-10 01:00:00,105.4406942881006
2026-04-10 02:00:00,104.32515229413833
2026-04-10 03:00:00,104.28602605785451
2026-04-10 04:00:00,102.2899760085889
2026-04-10 05:00:00,105.33742315769021
2026-04-10 06:00:00,102.85139535060621
2026-04-10 07:00:00,103.77344480972154
2026-04-10 08:00:00,103.34302840454717
2026-04-10 09:00:00,103.41109280371127
2026-04-10 10:00:00,102.57318736521617
2026-04-10 11:00:00,104.52623374345566
2026-04-10 12:00:00,103.27070530534473
2026-04-10 13:00:00,102.22144058125006
2026-04-10 14:00:00,102.4176800606742
2026-04-10 15:00:00,102.99247311644373
2026-04-10 16:00:00,102.70184517413124
2026-04-10 17:00:00,101.1082344135173
2026-04-10 18:00:00,103.38582410071115
2026-04-10 19:00:00,101.47483714995312
2026-04-10 20:00:00,102.16615409547143
2026-04-10 21:00:00,103.48850893127802
2026-04-10 22:00:00,103.44289230770624
2026-04-10 23:00:00,101.97383679006577
2026-04-11 00:00:00,102.30323944334508
2026-04-11 01:00:00,102.7974974376337
2026-04-11 02:00:00,104.0891843688774
2026-04-11 03:00:00,105.54080486588686
2026-04-11 04:00:00,105.76338703908897
2026-04-11 05:00:00,105.40637000292557
2026-04-11 06:00:00,103.39786681062736
2026-04-11 07:00:00,109.19671294752409
2026-04-11 08:00:00,105.32568022673847
2026-04-11 09:00:00,107.93504396291841
2026-04-11 10:00:00,101.22313940220496
2026-04-11 11:00:00,102.47203064056944
2026-04-11 12:00:00,105.62098373975444
2026-04-11 13:00:00,103.30437095654611
2026-04-11 14:00:00,106.06417323291416
2026-04-11 15:00:00,107.71283739397362
2026-04-11 16:00:00,104.76258810348065
2026-04-11 17:00:00,110.60032418370415
2026-04-11 18:00:00,105.60937879934303
2026-04-11 19:00:00,104.19347450363401
2026-04-11 20:00:00,104.7365351047385
2026-04-11 21:00:00,103.55785283645645
2026-04-11 22:00:00,106.99150426991562
2026-04-11 23:00:00,103.12233681344348
2026-04-12 00:00:00,106.86486571462444
2026-04-12 01:00:00,106.63889635548006
2026-04-12 02:00:00,105.06649416565223
2026-04-12 03:00:00,111.55614229742413
2026-04-12 04:00:00,103.16123556947431
2026-04-12 05:00:00,105.26797413699819
2026-04-12 06:00:00,105.38111549719295
2026-04-12 07:00:00,105.0093153596947
2026-04-12 08:00:00,105.57549702041007
2026-04-12 09:00:00,107.64031779031063
2026-04-12 10:00:00,110.45189346197907
2026-04-12 11:00:00,104.71576788706999
2026-04-12 12:00:00,107.79737829663739
2026-04-12 13:00:00,105.9807356512602
2026-04-12 14:00:00,107.32686613878528
2026-04-12 15:00:00,104.83517005680666
2026-04-12 16:00:00,103.54401541841271
2026-04-12 17:00:00,103.52707602245027
2026-04-12 18:00:00,100.66933518948741
2026-04-12 19:00:00,106.50966730571363
2026-04-12 20:00:00,106.59302110690825
2026-04-12 21:00:00,107.88894759543732
2026-04-12 22:00:00,102.74113642807137
2026-04-12 23:00:00,102.51817693917035
2026-04-13 00:00:00,107.33029947861102
2026-04-13 01:00:00,102.72806475519948
2026-04-13 02:00:00,102.93351779560753
2026-04-13 03:00:00,103.50282472396466
2026-04-13 04:00:00,103.53033926270612
2026-04-13 05:00:00,102.85444113758673
2026-04-13 06:00:00,107.86429233201625
2026-04-13 07:00:00,106.05410163497633
2026-04-13 08:00:00,104.55467441985202
2026-04-13 09:00:00,105.99614126122711
2026-04-13 10:00:00,106.55757836808672
2026-04-13 11:00:00,105.85051120782134
2026-04-13 12:00:00,106.22766073833037
2026-04-13 13:00:00,110.89320319674438
2026-04-13 14:00:00,102.54971908795135
2026-04-13 15:00:00,105.72148966578602
2026-04-13 16:00:00,101.531734138831
2026-04-13 17:00:00,103.92951762606822
2026-04-13 18:00:00,100.18321284317702
2026-04-13 19:00:00,109.35469484554648
2026-04-13 20:00:00,103.34524416351594
2026-04-13 21:00:00,104.41205998201521
2026-04-13 22:00:00,107.0523417550198
2026-04-13 23:00:00,107.79082822450142
2026-04-14 00:00:00,104.39129700722668
2026-04-14 01:00:00,107.86479077219482
2026-04-14 02:00:00,107.96592135180452
2026-04-14 03:00:00,106.17254745266428
2026-04-14 04:00:00,106.64860595032819
2026-04-14 05:00:00,107.25069618142265
2026-04-14 06:00:00,109.58561489181461
2026-04-14 07:00:00,107.67196088322738
2026-04-14 08:00:00,103.14888319720573
2026-04-14 09:00:00,107.15469649252333
2026-04-14 10:00:00,107.21399835180051
2026-04-14 11:00:00,107.7337033036172
2026-04-14 12:00:00,105.06784140870386
2026-04-14 13:00:00,100.08269833248485
2026-04-14 14:00:00,105.82146426195011
2026-04-14 15:00:00,108.80906883930898
2026-04-14 16:00:00,106.4693651712834
2026-04-14 17:00:00,105.95213320352889
2026-04-14 18:00:00,105.74530711223875
2026-04-14 19:00:00,102.8800976503769
2026-04-14 20:00:00,105.69358027185082
2026-04-14 21:00:00,105.96430655371113
2026-04-14 22:00:00,104.08181124214758
2026-04-14 23:00:00,104.41569740099472
2026-04-15 00:00:00,102.53808881774435
2026-04-15 01:00:00,105.66436837608336
2026-04-15 02:00:00,101.66419500960457
2026-04-15 03:00:00,107.69824555878233
2026-04-15 04:00:00,107.80843093320001
2026-04-15 05:00:00,104.97477413160607
2026-04-15 06:00:00,104.55068859038475
2026-04-15 07:00:00,109.12340330109764
2026-04-15 08:00:00,105.75662803780449
2026-04-15 09:00:00,109.1067175115738
2026-04-15 10:00:00,110.26559829735817
2026-04-15 11:00:00,103.67469466803024
2026-04-15 12:00:00,104.52766799163393
2026-04-15 13:00:00,105.20441324166508
2026-04-15 14:00:00,105.77932428576896
2026-04-15 15:00:00,108.07267646275109
2026-04-15 16:00:00,106.02159949076028
2026-04-15 17:00:00,107.91496491190372
2026-04-15 18:00:00,107.9501100126903
2026-04-15 19:00:00,106.37186233055081
2026-04-15 20:00:00,107.85880099910247
2026-04-15 21:00:00,106.39516841864423
2026-04-15 22:00:00,104.876808068197
2026-04-15 23:00:00,101.81454528255706
2026-04-16 00:00:00,103.51662632201224
2026-04-16 01:00:00,99.31465786781797
2026-04-16 02:00:00,107.06282292255088
2026-04-16 03:00:00,103.22347516404248
2026-04-16 04:00:00,102.2670151608622
2026-04-16 05:00:00,100.37403520016318
2026-04-16 06:00:00,109.04823896068527
2026-04-16 07:00:00,107.54453652385999
2026-04-16 08:00:00,104.68250944423278
2026-04-16 09:00:00,109.15109577286962
2026-04-16 10:00:00,102.43092629714246
2026-04-16 11:00:00,104.62051547466666
2026-04-16 12:00:00,104.99532759940286
2026-04-16 13:00:00,105.04414229906027
2026-04-16 14:00:00,102.12208315114196
2026-04-16 15:00:00,104.90788210787694
2026-04-16 16:00:00,106.27624618219525
2026-04-16 17:00:00,106.77641124438709
2026-04-16 18:00:00,105.15936975291095
2026-04-16 19:00:00,108.2270327862531
2026-04-16 20:00:00,103.85107150253351
2026-04-16 21:00:00,102.91734138292398
2026-04-16 22:00:00,103.04456146065324
2026-04-16 23:00:00,102.231274303283
2026-04-17 00:00:00,103.6758880712113
2026-04-17 01:00:00,103.6017760930838
2026-04-17 02:00:00,104.99398662524516
2026-04-17 03:00:00,104.40341249316748
2026-04-17 04:00:00,103.26602853822723
2026-04-17 05:00:00,102.80224991917422
2026-04-17 06:00:00,103.38000317924289
2026-04-17 07:00:00,103.45831742442803
2026-04-17 08:00:00,104.63772293295433
2026-04-17 09:00:00,104.35060787339683
2026-04-17 10:00:00,103.8757588932854
2026-04-17 11:00:00,104.50714720215421
2026-04-17 12:00:00,102.27637482887039
2026-04-17 13:00:00,102.57251674305948
2026-04-17 14:00:00,105.54827588710158
2026-04-17 15:00:00,102.5472104227838
2026-04-17 16:00:00,101.41835516767351
2026-04-17 17:00:00,104.60082927882257
2026-04-17 18:00:00,103.15834692534204
2026-04-17 19:00:00,103.13793515230718
2026-04-17 20:00:00,100.58357580814881
2026-04-17 21:00:00,102.21990830647641
2026-04-17 22:00:00,101.28306506678553
2026-04-17 23:00:00,104.83017686234707
2026-04-18 00:00:00,102.77403213794184
2026-04-18 01:00:00,102.50530267814747
2026-04-18 02:00:00,104.83019826745314
2026-04-18 03:00:00,105.54980528065165
2026-04-18 04:00:00,104.33564061677227
2026-04-18 05:00:00,103.04713060758836
2026-04-18 06:00:00,101.49192530378158
2026-04-18 07:00:00,109.15773610628545
2026-04-18 08:00:00,106.52621668313574
2026-04-18 09:00:00,108.79537133408225
2026-04-18 10:00:00,103.70765984579616
2026-04-18 11:00:00,103.26801110189068
2026-04-18 12:00:00,105.51039727750056
2026-04-18 13:00:00,103.04116436336241
2026-04-18 14:00:00,104.90628692437814
2026-04-18 15:00:00,106.31387867700583
2026-04-18 16:00:00,104.83812803724302
2026-04-18 17:00:00,107.51480751307452
2026-04-18 18:00:00,105.22349242786984
2026-04-18 19:00:00,105.4684433250259
2026-04-18 20:00:00,104.25100203285206
2026-04-18 21:00:00,105.06443913765628
2026-04-18 22:00:00,106.35727167835219
2026-04-18 23:00:00,103.22169569020168
2026-04-19 00:00:00,107.94598405366635
2026-04-19 01:00:00,106.63977024312126
2026-04-19 02:00:00,103.04009509565107
2026-04-19 03:00:00,109.75874499976308
2026-04-19 04:00:00,101.17321218027845
2026-04-19 05:00:00,105.15445261364734
2026-04-19 06:00:00,106.09353112703786
2026-04-19 07:00:00,105.36274825965367
2026-04-19 08:00:00,106.7958914778081
2026-04-19 09:00:00,105.75790347678428
2026-04-19 10:00:00,108.68595510825745
2026-04-19 11:00:00,105.94847930680045
2026-04-19 12:00:00,109.14673382086701
2026-04-19 13:00:00,104.8669607787459
2026-04-19 14:00:00,109.08494815604296
2026-04-19 15:00:00,102.88510648953071
2026-04-19 16:00:00,103.89762347359706
2026-04-19 17:00:00,103.37766908792143
2026-04-19 18:00:00,99.36972859364295
2026-04-19 19:00:00,106.70274914017622
2026-04-19 20:00:00,104.37639053576807
2026-04-19 21:00:00,107.52058477875616
2026-04-19 22:00:00,101.25174920737572
2026-04-19 23:00:00,103.40087568740498
2026-04-20 00:00:00,106.21455396431118
2026-04-20 01:00:00,103.6159415043503
2026-04-20 02:00:00,102.33765874125297
2026-04-20 03:00:00,103.21509518218598
2026-04-20 04:00:00,105.91928693646634
2026-04-20 05:00:00,103.84022720976668
2026-04-20 06:00:00,108.125640270296
2026-04-20 07:00:00,105.40508107181603
2026-04-20 08:00:00,104.72304945738168
2026-04-20 09:00:00,107.77489468257951
2026-04-20 10:00:00,105.69242089819488
2026-04-20 11:00:00,105.48005336300072
2026-04-20 12:00:00,107.41548721963238
2026-04-20 13:00:00,107.95722278031128
2026-04-20 14:00:00,99.1258463205059
2026-04-20 15:00:00,105.79494054129707
2026-04-20 16:00:00,101.91979502345455
2026-04-20 17:00:00,105.8675156639479
2026-04-20 18:00:00,101.22861306220368
2026-04-20 19:00:00,111.32159262372646
2026-04-20 20:00:00,100.39947141295696
2026-04-20 21:00:00,107.74752026149787
2026-04-20 22:00:00,108.62756730108154
2026-04-20 23:00:00,108.85510995022373
2026-04-21 00:00:00,107.18690728941827
2026-04-21 01:00:00,108.6546211473229
2026-04-21 02:00:00,106.639275565426
2026-04-21 03:00:00,104.49065493320936
2026-04-21 04:00:00,105.84311101271012
2026-04-21 05:00:00,105.77444345362682
2026-04-21 06:00:00,110.14036844411301
2026-04-21 07:00:00,105.82015731184144
2026-04-21 08:00:00,105.57209183363807
2026-04-21 09:00:00,108.04180257850018
2026-04-21 10:00:00,107.382942390926
2026-04-21 11:00:00,106.95404944835516
2026-04-21 12:00:00,106.58844902750317
2026-04-21 13:00:00,101.35548204746476
2026-04-21 14:00:00,105.96557077031363
2026-04-21 15:00:00,104.81638677057302
2026-04-21 16:00:00,102.55139466396963
2026-04-21 17:00:00,106.39950133314
2026-04-21 18:00:00,106.55750257950332
2026-04-21 19:00:00,105.27458043042857
2026-04-21 20:00:00,106.59538173238941
2026-04-21 21:00:00,105.59544442369346
2026-04-21 22:00:00,103.51576212430567
2026-04-21 23:00:00,103.03418405787795
2026-04-22 00:00:00,104.002461881728
2026-04-22 01:00:00,105.2067773270404
2026-04-22 02:00:00,102.87486331356922
2026-04-22 03:00:00,106.98953246231503
2026-04-22 04:00:00,109.63724302349287
2026-04-22 05:00:00,105.42781997731578
2026-04-22 06:00:00,106.31114112818226
2026-04-22 07:00:00,106.66166023489617
2026-04-22 08:00:00,104.96059242517751
2026-04-22 09:00:00,108.65203918761983
2026-04-22 10:00:00,107.58296721116274
2026-04-22 11:00:00,105.76396939839739
2026-04-22 12:00:00,103.16455209881481
2026-04-22 13:00:00,104.9385421519749
2026-04-22 14:00:00,104.44074048438911
2026-04-22 15:00:00,109.50488573685057
2026-04-22 16:00:00,104.80389477815228
2026-04-22 17:00:00,108.1469930782176
2026-04-22 18:00:00,110.89568492183236
2026-04-22 19:00:00,105.04283499743639
2026-04-22 20:00:00,108.82345073547292
2026-04-22 21:00:00,105.2814203413752
2026-04-22 22:00:00,105.78085793978741
2026-04-22 23:00:00,100.14896599136212
2026-04-23 00:00:00,101.4200528323993
2026-04-23 01:00:00,99.97851395971246
2026-04-23 02:00:00,107.74040134404135
2026-04-23 03:00:00,102.75587548207676
2026-04-23 04:00:00,103.33848202327518
2026-04-23 05:00:00,100.9554557990551
2026-04-23 06:00:00,107.72043773553669
2026-04-23 07:00:00,105.26827076278664
2026-04-23 08:00:00,102.55437329700223
2026-04-23 09:00:00,106.08882546994714
2026-04-23 10:00:00,105.25674022706261
2026-04-23 11:00:00,106.72332711462523
2026-04-23 12:00:00,105.74990979250606
2026-04-23 13:00:00,104.54199129364984
2026-04-23 14:00:00,101.26883721778916
2026-04-23 15:00:00,106.98433856573574
2026-04-23 16:00:00,106.16951185836771
2026-04-23 17:00:00,106.68023948791841
2026-04-23 18:00:00,105.55803037085299
2026-04-23 19:00:00,108.16806471773207
2026-04-23 20:00:00,103.07250075590238
2026-04-23 21:00:00,102.82010030398439
2026-04-23 22:00:00,103.50053172523545
2026-04-23 23:00:00,105.13458764992616
2026-04-24 00:00:00,104.75634311091503
2026-04-24 01:00:00,105.78152453719932
2026-04-24 02:00:00,104.538439164991
2026-04-24 03:00:00,103.84124380990673
2026-04-24 04:00:00,103.18600258933054
2026-04-24 05:00:00,105.16732314343125
2026-04-24 06:00:00,103.59748681796832
2026-04-24 07:00:00,103.42831013345543
2026-04-24 08:00:00,104.3533842589789
2026-04-24 09:00:00,104.0730308987586
2026-04-24 10:00:00,102.5315116331993
2026-04-24 11:00:00,104.9795763694523
2026-04-24 12:00:00,104.02115857793896
2026-04-24 13:00:00,102.20410226004034
2026-04-24 14:00:00,103.28157261755982
2026-04-24 15:00:00,103.71698315173394
2026-04-24 16:00:00,103.19680910290504
2026-04-24 17:00:00,104.93727510748309
2026-04-24 18:00:00,103.49539511786439
2026-04-24 19:00:00,101.77435099959672
2026-04-24 20:00:00,103.40557156588977
2026-04-24 21:00:00,102.85132464993032
2026-04-24 22:00:00,104.02644458502706
2026-04-24 23:00:00,102.23667709232984
2026-04-25 00:00:00,100.84854740348793
2026-04-25 01:00:00,102.20265751416599
2026-04-25 02:00:00,104.36848261784186
2026-04-25 03:00:00,104.97278850490281
2026-04-25 04:00:00,105.25487136858806
2026-04-25 05:00:00,104.30736041996425
2026-04-25 06:00:00,103.54927530108432
2026-04-25 07:00:00,108.78814802444796
2026-04-25 08:00:00,104.57719360723111
2026-04-25 09:00:00,109.49754367010047
2026-04-25 10:00:00,102.9879244664672
2026-04-25 11:00:00,103.42659924946817
2026-04-25 12:00:00,106.75544831640427
2026-04-25 13:00:00,103.45370223924677
2026-04-25 14:00:00,105.73519084149905
2026-04-25 15:00:00,107.46582329029079
2026-04-25 16:00:00,104.75738078802927
2026-04-25 17:00:00,109.3626459354797
2026-04-25 18:00:00,106.44655994686761
2026-04-25 19:00:00,104.94657555408762
2026-04-25 20:00:00,105.70427812325573
2026-04-25 21:00:00,104.4329322829154
2026-04-25 22:00:00,106.86229449009149
2026-04-25 23:00:00,102.7519443762377
2026-04-26 00:00:00,106.90742206729831
2026-04-26 01:00:00,106.15149012385294
2026-04-26 02:00:00,103.18425128917484
2026-04-26 03:00:00,109.88849521081866
2026-04-26 04:00:00,103.50987205231607
2026-04-26 05:00:00,105.19286080259587
2026-04-26 06:00:00,107.24359085077319
2026-04-26 07:00:00,104.54917203620295
2026-04-26 08:00:00,105.27945244948461
2026-04-26 09:00:00,106.52693978968067
2026-04-26 10:00:00,108.87386972302495
2026-04-26 11:00:00,104.83763442001694
2026-04-26 12:00:00,109.56118907117647
2026-04-26 13:00:00,104.97204538097668
2026-04-26 14:00:00,107.70973675678857
2026-04-26 15:00:00,103.97673311783564
2026-04-26 16:00:00,104.50954546731293
2026-04-26 17:00:00,104.07142916312915
2026-04-26 18:00:00,98.73515594731487
2026-04-26 19:00:00,105.64816306218775
2026-04-26 20:00:00,104.7043852626316
2026-04-26 21:00:00,108.57955015603571
2026-04-26 22:00:00,100.77020677619424
2026-04-26 23:00:00,102.91008485994517
2026-04-27 00:00:00,107.55562888511486
2026-04-27 01:00:00,102.22647294185028
2026-04-27 02:00:00,105.10331856006256
2026-04-27 03:00:00,105.5151853423189
2026-04-27 04:00:00,103.90857318250825
2026-04-27 05:00:00,103.99404482689594
2026-04-27 06:00:00,106.49925263410954
2026-04-27 07:00:00,106.54361760275876
2026-04-27 08:00:00,104.89735062048484
2026-04-27 09:00:00,107.85129435759696
2026-04-27 10:00:00,104.66302582730759
2026-04-27 11:00:00,102.77818283684157
2026-04-27 12:00:00,105.94767328710321
2026-04-27 13:00:00,106.73184065400372
2026-04-27 14:00:00,100.96294434154072
2026-04-27 15:00:00,105.67058490202865
2026-04-27 16:00:00,99.0270815478521
2026-04-27 17:00:00,106.00652446146736
2026-04-27 18:00:00,100.44944539693611
2026-04-27 19:00:00,110.30522451084403
2026-04-27 20:00:00,102.66203382578823
2026-04-27 21:00:00,105.37468155504072
2026-04-27 22:00:00,107.15927153768399
2026-04-27 23:00:00,107.75235911839398
2026-04-28 00:00:00,105.93114744900012
2026-04-28 01:00:00,106.8907823600626
2026-04-28 02:00:00,106.05411837915004
2026-04-28 03:00:00,104.66386512941709
2026-04-28 04:00:00,106.56375025822173
2026-04-28 05:00:00,106.57379902297691
2026-04-28 06:00:00,109.28105162329474
2026-04-28 07:00:00,105.37869004346867
2026-04-28 08:00:00,105.10931699731896
2026-04-28 09:00:00,106.53204052320218
2026-04-28 10:00:00,107.89014019546521
2026-04-28 11:00:00,110.11094075489845
2026-04-28 12:00:00,106.31623600434142
2026-04-28 13:00:00,101.54484437307778
2026-04-28 14:00:00,103.92766750168188
2026-04-28 15:00:00,103.69094105609689
2026-04-28 16:00:00,105.33695896989288
2026-04-28 17:00:00,105.9287844602051
2026-04-28 18:00:00,106.76576365900021
2026-04-28 19:00:00,103.72425019365738
2026-04-28 20:00:00,105.66967853851398
2026-04-28 21:00:00,107.38356778344433
2026-04-28 22:00:00,104.29740088504823
2026-04-28 23:00:00,104.7417100803275
2026-04-29 00:00:00,105.37176887671663
2026-04-29 01:00:00,104.79182494914247
2026-04-29 02:00:00,101.85923612052922
2026-04-29 03:00:00,106.79557732410885
2026-04-29 04:00:00,107.2251101803633
2026-04-29 05:00:00,106.01138590496109
2026-04-29 06:00:00,106.01900721015039
2026-04-29 07:00:00,106.41214380700411
2026-04-29 08:00:00,102.30639470014856
2026-04-29 09:00:00,107.68501748720163
2026-04-29 10:00:00,107.75493334113604
2026-04-29 11:00:00,104.4330652843321
2026-04-29 12:00:00,104.48146180350697
2026-04-29 13:00:00,104.62591447482492
2026-04-29 14:00:00,104.76664192526634
2026-04-29 15:00:00,109.46421919857085
2026-04-29 16:00:00,105.96804292411949
2026-04-29 17:00:00,106.54288140490482
2026-04-29 18:00:00,109.41274989292977
2026-04-29 19:00:00,104.9682727672126
2026-04-29 20:00:00,107.55170950737336
2026-04-29 21:00:00,104.39050919746015
2026-04-29 22:00:00,104.69326131543401
2026-04-29 23:00:00,102.2733379990033
2026-04-30 00:00:00,101.06059464184256
2026-04-30 01:00:00,100.41907145951666
2026-04-30 02:00:00,108.37863869097558
2026-04-30 03:00:00,104.3899136359404
2026-04-30 04:00:00,100.16112156049675
2026-04-30 05:00:00,100.84104468314315
2026-04-30 06:00:00,108.07382123549893
2026-04-30 07:00:00,104.8572909237277
2026-04-30 08:00:00,104.54555682885939
2026-04-30 09:00:00,108.87829582656624
2026-04-30 10:00:00,104.82958874553373
2026-04-30 11:00:00,104.07194036650654
2026-04-30 12:00:00,105.62446349893528
2026-04-30 13:00:00,105.35375040865881
2026-04-30 14:00:00,100.38956336438696
2026-04-30 15:00:00,104.48703631034093
2026-04-30 16:00:00,106.66952747058767
2026-04-30 17:00:00,105.08319615926098
2026-04-30 18:00:00,105.19430570461282
2026-04-30 19:00:00,108.31065142020142
2026-04-30 20:00:00,104.56481158528261
2026-04-30 21:00:00,103.70377628658962
2026-04-30 22:00:00,102.13624933909443
2026-04-30 23:00:00,102.78553454431773
2026-05-01 00:00:00,105.53662240912438
2026-05-01 01:00:00,104.01757948763053
2026-05-01 02:00:00,105.99825095573321
2026-05-01 03:00:00,103.71256594284084
2026-05-01 04:00:00,106.55699352782267
2026-05-01 05:00:00,105.9188243132061
2026-05-01 06:00:00,107.24641008576805
2026-05-01 07:00:00,105.48609640643755
2026-05-01 08:00:00,107.10131726383224
2026-05-01 09:00:00,105.89217688209538
2026-05-01 10:00:00,106.1572965543398
2026-05-01 11:00:00,106.69676145509433
2026-05-01 12:00:00,104.89439619167706
2026-05-01 13:00:00,104.42409111636638
2026-05-01 14:00:00,105.49450265884906
2026-05-01 15:00:00,106.3323651100533
2026-05-01 16:00:00,104.94374833242547
2026-05-01 17:00:00,104.90189093924278
2026-05-01 18:00:00,105.5292861813339
2026-05-01 19:00:00,106.0054565271306
2026-05-01 20:00:00,106.28406834582023
2026-05-01 21:00:00,104.67194594348379
2026-05-01 22:00:00,106.49332715247104
2026-05-01 23:00:00,105.26958613004558
2026-05-02 00:00:00,104.94046022529244
2026-05-02 01:00:00,105.06720954020186
2026-05-02 02:00:00,105.91976423682725
2026-05-02 03:00:00,108.54207888521012
2026-05-02 04:00:00,108.79856284495125
2026-05-02 05:00:00,107.29426788721369
2026-05-02 06:00:00,106.89580747772436
2026-05-02 07:00:00,112.88756970169239
2026-05-02 08:00:00,107.30418980740124
2026-05-02 09:00:00,110.42936312941936
2026-05-02 10:00:00,105.0528276185143
2026-05-02 11:00:00,106.01646495640406
2026-05-02 12:00:00,109.95191955886004
2026-05-02 13:00:00,105.3459080226256
2026-05-02 14:00:00,106.97108615619801
2026-05-02 15:00:00,109.62146944741747
2026-05-02 16:00:00,104.79573148905051
2026-05-02 17:00:00,112.52521671337797
2026-05-02 18:00:00,108.236037837051
2026-05-02 19:00:00,108.05849013570185
2026-05-02 20:00:00,108.77165237381014
2026-05-02 21:00:00,106.56617697481185
2026-05-02 22:00:00,110.79900648451903
2026-05-02 23:00:00,104.10292770112588
2026-05-03 00:00:00,111.2831195540659
2026-05-03 01:00:00,108.94940218117084
2026-05-03 02:00:00,106.44011692360843
2026-05-03 03:00:00,112.54060472721082
2026-05-03 04:00:00,104.58125686932915
2026-05-03 05:00:00,109.0073524267065
2026-05-03 06:00:00,108.12634344857376
2026-05-03 07:00:00,106.74804375509915
2026-05-03 08:00:00,105.75043026933972
2026-05-03 09:00:00,109.15300589390027
2026-05-03 10:00:00,110.744625214458
2026-05-03 11:00:00,105.58416545631218
2026-05-03 12:00:00,110.49824829182818
2026-05-03 13:00:00,107.48386005633648
2026-05-03 14:00:00,110.2891052061661
2026-05-03 15:00:00,107.79165833435786
2026-05-03 16:00:00,108.46382857115191
2026-05-03 17:00:00,105.21135212416567
2026-05-03 18:00:00,99.9381189536521
2026-05-03 19:00:00,111.8279161405735
2026-05-03 20:00:00,106.70555228787238
2026-05-03 21:00:00,109.14367963388898
2026-05-03 22:00:00,102.03453881792595
2026-05-03 23:00:00,104.40849411701106
2026-05-04 00:00:00,112.18615020156328
2026-05-04 01:00:00,105.74994666573838
2026-05-04 02:00:00,104.54167370895229
2026-05-04 03:00:00,107.57937828053005
2026-05-04 04:00:00,108.59965392594964
2026-05-04 05:00:00,105.11268070369769
2026-05-04 06:00:00,107.63232480264205
2026-05-04 07:00:00,107.78692887477217
2026-05-04 08:00:00,107.8797266149025
2026-05-04 09:00:00,111.24576175952204
2026-05-04 10:00:00,108.65954569590275
2026-05-04 11:00:00,104.66148189700196
2026-05-04 12:00:00,107.10528240796359
2026-05-04 13:00:00,111.63321683900743
2026-05-04 14:00:00,101.7864526403074
2026-05-04 15:00:00,106.95997739800728
2026-05-04 16:00:00,102.89509804669915
2026-05-04 17:00:00,108.48633180675192
2026-05-04 18:00:00,101.25526172071079
2026-05-04 19:00:00,112.88988666799278
2026-05-04 20:00:00,104.81829080809393
2026-05-04 21:00:00,108.40444887949117
2026-05-04 22:00:00,109.41353663720544
2026-05-04 23:00:00,109.58133790352842
2026-05-05 00:00:00,109.19644749887101
2026-05-05 01:00:00,109.33173434466642
2026-05-05 02:00:00,111.82111451246129
2026-05-05 03:00:00,107.93504183595586
2026-05-05 04:00:00,106.86251526329077
2026-05-05 05:00:00,106.7868729449162
2026-05-05 06:00:00,107.93337875448937
2026-05-05 07:00:00,106.36054105103298
2026-05-05 08:00:00,106.67948780664236
2026-05-05 09:00:00,110.93857994213067
2026-05-05 10:00:00,111.07397599130921
2026-05-05 11:00:00,111.77601190744788
2026-05-05 12:00:00,107.32559657788983
2026-05-05 13:00:00,103.33269128479296
2026-05-05 14:00:00,106.6987127741489
2026-05-05 15:00:00,109.03812651836009
2026-05-05 16:00:00,109.48011437403423
2026-05-05 17:00:00,108.48821336662385
2026-05-05 18:00:00,106.95056716479695
2026-05-05 19:00:00,104.99268405408883
2026-05-05 20:00:00,109.15582559447445
2026-05-05 21:00:00,109.67066105232453
2026-05-05 22:00:00,106.64907351937093
2026-05-05 23:00:00,109.05823279366774
2026-05-06 00:00:00,103.51084271274928
2026-05-06 01:00:00,108.16555720805009
2026-05-06 02:00:00,104.8180999953751
2026-05-06 03:00:00,108.48997327340135
2026-05-06 04:00:00,109.39021292588447
2026-05-06 05:00:00,108.09284306824176
2026-05-06 06:00:00,108.34030659356239
2026-05-06 07:00:00,109.53618336035576
2026-05-06 08:00:00,106.42184899332105
2026-05-06 09:00:00,112.33788162029222
2026-05-06 10:00:00,109.32545568890907
2026-05-06 11:00:00,108.59956107485077
2026-05-06 12:00:00,108.27806349371153
2026-05-06 13:00:00,106.98235289685178
2026-05-06 14:00:00,107.385047266046
2026-05-06 15:00:00,109.48244741335301
2026-05-06 16:00:00,108.05400581961752
2026-05-06 17:00:00,108.54406531048193
2026-05-06 18:00:00,109.51390618180172
2026-05-06 19:00:00,106.4967483126303
2026-05-06 20:00:00,110.68751118346358
2026-05-06 21:00:00,109.34034873580288
2026-05-06 22:00:00,105.94400492228331
2026-05-06 23:00:00,104.30063375987909
2026-05-07 00:00:00,104.31636583283472
2026-05-07 01:00:00,101.61034437641082
2026-05-07 02:00:00,111.43421046578703
2026-05-07 03:00:00,107.38000425802821
2026-05-07 04:00:00,105.42430519999714
2026-05-07 05:00:00,105.33821790991348
2026-05-07 06:00:00,112.49553024465945
2026-05-07 07:00:00,108.7202780899272
2026-05-07 08:00:00,106.3185097828404
2026-05-07 09:00:00,109.76136313176168
2026-05-07 10:00:00,107.54833364612591
2026-05-07 11:00:00,106.53937986355669
2026-05-07 12:00:00,105.50551249360483
2026-05-07 13:00:00,107.13345365925758
2026-05-07 14:00:00,101.19425343502033
2026-05-07 15:00:00,109.18670871471582
2026-05-07 16:00:00,107.11632324538382
2026-05-07 17:00:00,109.89749455907474
2026-05-07 18:00:00,110.7208805624766
2026-05-07 19:00:00,110.01894296570198
2026-05-07 20:00:00,104.56426449923582
2026-05-07 21:00:00,105.11467041459525
2026-05-07 22:00:00,106.29459093911896
2026-05-07 23:00:00,105.14778770705746
2026-05-08 00:00:00,106.77256378367946
2026-05-08 01:00:00,106.3388401173045
2026-05-08 02:00:00,104.88709961462001
2026-05-08 03:00:00,107.16368001815752
2026-05-08 04:00:00,103.93600450619235
2026-05-08 05:00:00,106.42682939767278
2026-05-08 06:00:00,107.54330709215267
2026-05-08 07:00:00,105.98352412905787
2026-05-08 08:00:00,105.72997177802701
2026-05-08 09:00:00,106.9246662527427
2026-05-08 10:00:00,104.70102690311184
2026-05-08 11:00:00,106.24730741298043
2026-05-08 12:00:00,105.13068507258657
2026-05-08 13:00:00,105.00698595969094
2026-05-08 14:00:00,104.90245741574944
2026-05-08 15:00:00,104.56959809526188
2026-05-08 16:00:00,104.78013899036583
2026-05-08 17:00:00,104.76112503307229
2026-05-08 18:00:00,106.22658548568569
2026-05-08 19:00:00,104.59801737533084
2026-05-08 20:00:00,105.93354614772136
2026-05-08 21:00:00,106.32794359944332
2026-05-08 22:00:00,105.91631410120254
2026-05-08 23:00:00,104.71047453302654
2026-05-09 00:00:00,105.01848680968787
2026-05-09 01:00:00,103.947019058723
2026-05-09 02:00:00,107.6603964981401
2026-05-09 03:00:00,109.11507891735452
2026-05-09 04:00:00,106.26367969526945
2026-05-09 05:00:00,106.35192381014853
2026-05-09 06:00:00,106.64691470026192
2026-05-09 07:00:00,112.21629517872651
2026-05-09 08:00:00,107.19577768514667
2026-05-09 09:00:00,111.12236996921065
2026-05-09 10:00:00,106.15068768059432
2026-05-09 11:00:00,106.03150166828956
2026-05-09 12:00:00,107.36828227324227
2026-05-09 13:00:00,106.74752062029228
2026-05-09 14:00:00,110.00365276614465
2026-05-09 15:00:00,108.57933268092887
2026-05-09 16:00:00,106.4610636809422
2026-05-09 17:00:00,111.25056203997723
2026-05-09 18:00:00,105.9156267985641
2026-05-09 19:00:00,105.79454987085097
2026-05-09 20:00:00,107.64121330375701
2026-05-09 21:00:00,106.49303565193094
2026-05-09 22:00:00,109.85530182960271
2026-05-09 23:00:00,104.52901374880473
2026-05-10 00:00:00,108.22251193717788
2026-05-10 01:00:00,108.43877264472626
2026-05-10 02:00:00,106.25003339994066
2026-05-10 03:00:00,112.27314456120023
2026-05-10 04:00:00,105.39390333948452
2026-05-10 05:00:00,105.08431448794641
2026-05-10 06:00:00,106.19190833725469
2026-05-10 07:00:00,107.10251079994542
2026-05-10 08:00:00,108.87224264855142
2026-05-10 09:00:00,108.45817934944566
2026-05-10 10:00:00,110.43659162941282
2026-05-10 11:00:00,108.14038124262983
2026-05-10 12:00:00,110.07472038960539
2026-05-10 13:00:00,107.54164624944715
2026-05-10 14:00:00,112.54676932453252
2026-05-10 15:00:00,105.78408693023562
2026-05-10 16:00:00,105.25273615395135
2026-05-10 17:00:00,105.00986498362262
2026-05-10 18:00:00,101.9446081103521
2026-05-10 19:00:00,110.81969154839742
2026-05-10 20:00:00,109.00463897933247
2026-05-10 21:00:00,111.08843779293085
2026-05-10 22:00:00,102.86698981224527
2026-05-10 23:00:00,103.72312894512908
2026-05-11 00:00:00,111.37321339045832
2026-05-11 01:00:00,105.35965337706261
2026-05-11 02:00:00,106.00339473952164
2026-05-11 03:00:00,106.30368279909473
2026-05-11 04:00:00,108.14955529631081
2026-05-11 05:00:00,106.14824624611222
2026-05-11 06:00:00,108.00605129938313
2026-05-11 07:00:00,107.16980687994658
2026-05-11 08:00:00,108.45325057562944
2026-05-11 09:00:00,111.17515170333633
2026-05-11 10:00:00,109.05719575253266
2026-05-11 11:00:00,106.62029450224978
2026-05-11 12:00:00,106.53819289308124
2026-05-11 13:00:00,112.55739586488774
2026-05-11 14:00:00,102.90707110927227
2026-05-11 15:00:00,108.45450833000625
2026-05-11 16:00:00,104.33783022768573
2026-05-11 17:00:00,108.05247084243443
2026-05-11 18:00:00,99.72135301071222
2026-05-11 19:00:00,114.27318041097125
2026-05-11 20:00:00,106.52150840968466
2026-05-11 21:00:00,109.51396549453833
2026-05-11 22:00:00,110.94599554307459
2026-05-11 23:00:00,108.23206394596538
2026-05-12 00:00:00,106.80495546684368
2026-05-12 01:00:00,109.0552841334633
2026-05-12 02:00:00,109.72110148043318
2026-05-12 03:00:00,108.09473074733837
2026-05-12 04:00:00,110.2374130922161
2026-05-12 05:00:00,108.5579078507742
2026-05-12 06:00:00,110.54887512652455
2026-05-12 07:00:00,106.65497743713968
2026-05-12 08:00:00,107.98503566445441
2026-05-12 09:00:00,110.70025027093327
2026-05-12 10:00:00,112.38903733351734
2026-05-12 11:00:00,111.06280033949307
2026-05-12 12:00:00,108.23760759584016
2026-05-12 13:00:00,102.44085331115612
2026-05-12 14:00:00,108.0875076248737
2026-05-12 15:00:00,108.54191431688952
2026-05-12 16:00:00,106.42740454878312
2026-05-12 17:00:00,107.73772113163777
2026-05-12 18:00:00,107.32042846181704
2026-05-12 19:00:00,105.81800666430345
2026-05-12 20:00:00,108.88854292806177
2026-05-12 21:00:00,109.63558876187287
2026-05-12 22:00:00,108.11863616077612
2026-05-12 23:00:00,108.69478890952689
2026-05-13 00:00:00,105.52532198531118
2026-05-13 01:00:00,108.83506215098885
2026-05-13 02:00:00,105.92707552287393
2026-05-13 03:00:00,110.17473498938026
2026-05-13 04:00:00,109.79657558690303
2026-05-13 05:00:00,108.2105362708643
2026-05-13 06:00:00,107.99861711610146
2026-05-13 07:00:00,109.37708415604656
2026-05-13 08:00:00,107.46293703423875
2026-05-13 09:00:00,111.38077347288134
2026-05-13 10:00:00,109.71082036107373
2026-05-13 11:00:00,107.68858418642044
2026-05-13 12:00:00,106.58703057969518
2026-05-13 13:00:00,109.82618606626698
2026-05-13 14:00:00,107.1604356317873
2026-05-13 15:00:00,111.4443046798111
2026-05-13 16:00:00,108.05133723568835
2026-05-13 17:00:00,112.29297690123737
2026-05-13 18:00:00,112.36043945925502
2026-05-13 19:00:00,106.96932829098232
2026-05-13 20:00:00,111.18688283738813
2026-05-13 21:00:00,108.1817445206241
2026-05-13 22:00:00,107.41770617868895
2026-05-13 23:00:00,104.09162117411228
2026-05-14 00:00:00,104.61574304430692
2026-05-14 01:00:00,103.0894021835659
2026-05-14 02:00:00,110.09243505793629
2026-05-14 03:00:00,108.07043686114173
2026-05-14 04:00:00,106.11391222091046
2026-05-14 05:00:00,104.27606580040029
2026-05-14 06:00:00,111.32447545112478
2026-05-14 07:00:00,108.05437895134843
2026-05-14 08:00:00,108.11918301555956
2026-05-14 09:00:00,110.18905079941702
2026-05-14 10:00:00,107.09026163389976
2026-05-14 11:00:00,105.98508739802783
2026-05-14 12:00:00,106.60144184301474
2026-05-14 13:00:00,108.13447303504302
2026-05-14 14:00:00,102.6121620706997
2026-05-14 15:00:00,108.96915400530413
2026-05-14 16:00:00,107.21607476982591
2026-05-14 17:00:00,108.32716038209949
2026-05-14 18:00:00,110.13225292020702
2026-05-14 19:00:00,111.4710054812567
2026-05-14 20:00:00,106.34390023550594
2026-05-14 21:00:00,107.76909842275994
2026-05-14 22:00:00,107.69236178661184
2026-05-14 23:00:00,106.77651950216327
2026-05-15 00:00:00,106.35060158471282
2026-05-15 01:00:00,105.53149541073812
2026-05-15 02:00:00,105.69595588235694
2026-05-15 03:00:00,106.26820929523831
2026-05-15 04:00:00,107.47367127562445
2026-05-15 05:00:00,105.17077427534461
2026-05-15 06:00:00,106.98069300394434
2026-05-15 07:00:00,105.87755178037236
2026-05-15 08:00:00,105.91424861394081
2026-05-15 09:00:00,107.6588308917437
2026-05-15 10:00:00,107.09531374732424
2026-05-15 11:00:00,107.61473684689372
2026-05-15 12:00:00,106.12240627534518
2026-05-15 13:00:00,105.67868424971206
2026-05-15 14:00:00,105.02664253274585
2026-05-15 15:00:00,105.98452404972547
2026-05-15 16:00:00,105.5268678195286
2026-05-15 17:00:00,104.71086868527456
2026-05-15 18:00:00,105.7490639266565
2026-05-15 19:00:00,105.83291442103462
2026-05-15 20:00:00,107.19220617306465
2026-05-15 21:00:00,107.15715071189686
2026-05-15 22:00:00,104.57180898018693
2026-05-15 23:00:00,106.45521929413728
2026-05-16 00:00:00,105.01977629410531
2026-05-16 01:00:00,107.51957206519103
2026-05-16 02:00:00,104.39641650999378
2026-05-16 03:00:00,109.94490345267069
2026-05-16 04:00:00,108.36045878331396
2026-05-16 05:00:00,107.18533741703408
2026-05-16 06:00:00,106.24625683183808
2026-05-16 07:00:00,112.46182161862126
2026-05-16 08:00:00,108.84370540305203
2026-05-16 09:00:00,110.19351432106839
2026-05-16 10:00:00,104.20779673653055
2026-05-16 11:00:00,105.64971949142056
2026-05-16 12:00:00,110.31207118233868
2026-05-16 13:00:00,105.08475339821705
2026-05-16 14:00:00,108.31339209348933
2026-05-16 15:00:00,111.13302598220983
2026-05-16 16:00:00,107.84398358455478
2026-05-16 17:00:00,109.64382981393575
2026-05-16 18:00:00,107.64358763761503
2026-05-16 19:00:00,106.26949559012937
2026-05-16 20:00:00,107.37247767679952
2026-05-16 21:00:00,105.65619641140027
2026-05-16 22:00:00,106.92528116164809
2026-05-16 23:00:00,104.74462799267052
2026-05-17 00:00:00,109.9331620350943
2026-05-17 01:00:00,107.89232935614424
2026-05-17 02:00:00,107.44819702701506
2026-05-17 03:00:00,113.84226277268297
2026-05-17 04:00:00,106.28312026295407
2026-05-17 05:00:00,108.27316312342494
2026-05-17 06:00:00,108.43753722947304
2026-05-17 07:00:00,108.30901013966388
2026-05-17 08:00:00,106.74748448119858
2026-05-17 09:00:00,109.11362414884945
2026-05-17 10:00:00,111.06192343207113
2026-05-17 11:00:00,107.76045274312797
2026-05-17 12:00:00,107.98607867066681
2026-05-17 13:00:00,107.9348571871839
2026-05-17 14:00:00,110.89825605076439
2026-05-17 15:00:00,108.31046984472323
2026-05-17 16:00:00,107.56651433996629
2026-05-17 17:00:00,106.4041039297804
2026-05-17 18:00:00,101.21758218267479
2026-05-17 19:00:00,107.33370952992418
2026-05-17 20:00:00,107.35263422792542
2026-05-17 21:00:00,110.50786045144685
2026-05-17 22:00:00,102.42385523902237
2026-05-17 23:00:00,104.26486873347633
2026-05-18 00:00:00,108.36601087595041
2026-05-18 01:00:00,102.44530275435663
2026-05-18 02:00:00,106.96941591817175
2026-05-18 03:00:00,106.71701093544623
2026-05-18 04:00:00,108.83464369185431
2026-05-18 05:00:00,105.2534445663906
2026-05-18 06:00:00,108.62009406263661
2026-05-18 07:00:00,108.06520649391963
2026-05-18 08:00:00,108.02592478155594
2026-05-18 09:00:00,110.23392285208566
2026-05-18 10:00:00,107.94043312041998
2026-05-18 11:00:00,105.61548352600704
2026-05-18 12:00:00,108.52015818365845
2026-05-18 13:00:00,112.46918990188755
2026-05-18 14:00:00,102.68151051470582
2026-05-18 15:00:00,106.74682395454035
2026-05-18 16:00:00,101.72554683007277
2026-05-18 17:00:00,106.83068971849595
2026-05-18 18:00:00,104.26137908420608
2026-05-18 19:00:00,112.60288237266629
2026-05-18 20:00:00,106.41599437880096
2026-05-18 21:00:00,109.08072082656399
2026-05-18 22:00:00,111.07384374390692
2026-05-18 23:00:00,111.41050548373217
2026-05-19 00:00:00,107.4953431030478
2026-05-19 01:00:00,108.80566027603405
2026-05-19 02:00:00,110.50817335317817
2026-05-19 03:00:00,106.6884991565869
2026-05-19 04:00:00,110.01708828424762
2026-05-19 05:00:00,108.80329647054829
2026-05-19 06:00:00,112.44036158664109
2026-05-19 07:00:00,108.24069404489404
2026-05-19 08:00:00,107.33407114647093
2026-05-19 09:00:00,111.47291519998795
2026-05-19 10:00:00,110.72257003577472
2026-05-19 11:00:00,109.99273070410496
2026-05-19 12:00:00,107.69648596253714
2026-05-19 13:00:00,102.2640079561074
2026-05-19 14:00:00,107.68211735724137
2026-05-19 15:00:00,108.22455763762258
2026-05-19 16:00:00,110.36947689945669
2026-05-19 17:00:00,109.75093584863984
2026-05-19 18:00:00,110.10148911263087
2026-05-19 19:00:00,106.63785655027462
2026-05-19 20:00:00,107.93764782314867
2026-05-19 21:00:00,109.01138011764886
2026-05-19 22:00:00,106.26043545731235
2026-05-19 23:00:00,107.94775817219237
2026-05-20 00:00:00,105.974254753249
2026-05-20 01:00:00,108.32506958150339
2026-05-20 02:00:00,105.95411052897725
2026-05-20 03:00:00,110.4707760964615
2026-05-20 04:00:00,111.65991190539849
2026-05-20 05:00:00,106.17030229427326
2026-05-20 06:00:00,108.80176669286907
2026-05-20 07:00:00,107.4513661409439
2026-05-20 08:00:00,107.12676406963445
2026-05-20 09:00:00,114.41016238310414
2026-05-20 10:00:00,109.44621661501645
2026-05-20 11:00:00,107.0920948170604
2026-05-20 12:00:00,106.44433268066514
2026-05-20 13:00:00,106.8250671236693
2026-05-20 14:00:00,106.98842872223416
2026-05-20 15:00:00,110.84060110057722
2026-05-20 16:00:00,109.39474519820871
2026-05-20 17:00:00,107.04193078947756
2026-05-20 18:00:00,111.07254471203811
2026-05-20 19:00:00,110.25016079044241
2026-05-20 20:00:00,111.30354082606185
2026-05-20 21:00:00,107.98194054080105
2026-05-20 22:00:00,107.77936101718335
2026-05-20 23:00:00,103.71119736231226
2026-05-21 00:00:00,104.70511261575976
2026-05-21 01:00:00,100.83935517629641
2026-05-21 02:00:00,110.11563436975993
2026-05-21 03:00:00,107.34660769725217
2026-05-21 04:00:00,104.82001135095592
2026-05-21 05:00:00,103.96739868330741
2026-05-21 06:00:00,109.83599055788176
2026-05-21 07:00:00,108.80776255025353
2026-05-21 08:00:00,106.05077670487444
2026-05-21 09:00:00,109.96535025735294
2026-05-21 10:00:00,107.64400121440455
2026-05-21 11:00:00,107.40310437223295
2026-05-21 12:00:00,106.26777269427723
2026-05-21 13:00:00,106.21108626140166
2026-05-21 14:00:00,106.42766739133134
2026-05-21 15:00:00,107.78240367069681
2026-05-21 16:00:00,107.86099665886188
2026-05-21 17:00:00,108.29970705585454
2026-05-21 18:00:00,109.23228374217899
2026-05-21 19:00:00,109.22984994734985
2026-05-21 20:00:00,104.58794198939924
2026-05-21 21:00:00,105.90482984509887
2026-05-21 22:00:00,106.37377405601295
2026-05-21 23:00:00,105.29362651004062
2026-05-22 00:00:00,105.97754774380692
2026-05-22 01:00:00,106.57261378255902
2026-05-22 02:00:00,104.8587886031016
2026-05-22 03:00:00,105.64422635917762
2026-05-22 04:00:00,105.01522040391268
2026-05-22 05:00:00,106.47109100302559
2026-05-22 06:00:00,107.31454037377085
2026-05-22 07:00:00,105.39306374198611
2026-05-22 08:00:00,104.71556110794454
2026-05-22 09:00:00,105.27282432148566
2026-05-22 10:00:00,104.49799263277845
2026-05-22 11:00:00,106.02449624473742
2026-05-22 12:00:00,104.90513650089127
2026-05-22 13:00:00,106.55908526004052
2026-05-22 14:00:00,106.90471977654958
2026-05-22 15:00:00,105.9800944942788
2026-05-22 16:00:00,104.45019885846337
2026-05-22 17:00:00,106.04948007085281
2026-05-22 18:00:00,103.60708613101193
2026-05-22 19:00:00,106.54569838607107
2026-05-22 20:00:00,104.3924699607085
2026-05-22 21:00:00,105.8674560459048
2026-05-22 22:00:00,105.24084501675289
2026-05-22 23:00:00,106.39548472541597
2026-05-23 00:00:00,105.77312800595146
2026-05-23 01:00:00,105.96750288928783
2026-05-23 02:00:00,105.81442853637176
2026-05-23 03:00:00,107.19789199938086
2026-05-23 04:00:00,108.76019699820459
2026-05-23 05:00:00,107.98415250129433
2026-05-23 06:00:00,106.33062267502403
2026-05-23 07:00:00,110.69644958494914
2026-05-23 08:00:00,106.33800173456818
2026-05-23 09:00:00,110.61223131182679
2026-05-23 10:00:00,106.35995654651096
2026-05-23 11:00:00,107.12887071652342
2026-05-23 12:00:00,109.27554846066815
2026-05-23 13:00:00,103.75823786254882
2026-05-23 14:00:00,107.22485077432574
2026-05-23 15:00:00,108.89791242566353
2026-05-23 16:00:00,106.78783213890614
2026-05-23 17:00:00,112.24861689189767
2026-05-23 18:00:00,107.92108206612458
2026-05-23 19:00:00,104.47340252176812
2026-05-23 20:00:00,107.41518581832345
2026-05-23 21:00:00,104.95514474482067
2026-05-23 22:00:00,110.46534334290845
2026-05-23 23:00:00,105.0433352408719
2026-05-24 00:00:00,110.0566259339526
2026-05-24 01:00:00,110.79450146676058
2026-05-24 02:00:00,104.261758494858
2026-05-24 03:00:00,112.51196499687171
2026-05-24 04:00:00,106.36032942339254
2026-05-24 05:00:00,108.96023429107704
2026-05-24 06:00:00,107.79495342285078
2026-05-24 07:00:00,110.4860388108939
2026-05-24 08:00:00,108.51523412523055
2026-05-24 09:00:00,108.5966558219917
2026-05-24 10:00:00,111.52943885930492
2026-05-24 11:00:00,107.15012040555885
2026-05-24 12:00:00,109.88744535297101
2026-05-24 13:00:00,109.72243548557788
2026-05-24 14:00:00,112.11568521725594
2026-05-24 15:00:00,109.32698474759748
2026-05-24 16:00:00,106.64248354831545
2026-05-24 17:00:00,108.69784585828394
2026-05-24 18:00:00,101.60986608700833
2026-05-24 19:00:00,110.65352092313528
2026-05-24 20:00:00,108.50634906997001
2026-05-24 21:00:00,109.53191806469161
2026-05-24 22:00:00,102.8930403422189
2026-05-24 23:00:00,105.73664384654892
2026-05-25 00:00:00,110.39584709531624
2026-05-25 01:00:00,106.39894795278957
2026-05-25 02:00:00,105.74653878263491
2026-05-25 03:00:00,107.58925809161776
2026-05-25 04:00:00,106.90894989719234
2026-05-25 05:00:00,104.59944417528081
2026-05-25 06:00:00,109.58638094390929
2026-05-25 07:00:00,110.15489417763754
2026-05-25 08:00:00,109.1617233000276
2026-05-25 09:00:00,110.64898463698809
2026-05-25 10:00:00,108.40710483600239
2026-05-25 11:00:00,105.95158191826614
2026-05-25 12:00:00,110.31178457390972
2026-05-25 13:00:00,111.98492572286013
2026-05-25 14:00:00,103.64113751658594
2026-05-25 15:00:00,107.41377378381702
2026-05-25 16:00:00,102.83181471831509
2026-05-25 17:00:00,108.22410911007404
2026-05-25 18:00:00,102.79851792952887
2026-05-25 19:00:00,114.13337478001908
2026-05-25 20:00:00,104.31904823427287
2026-05-25 21:00:00,106.58592625455998
2026-05-25 22:00:00,109.81660398138818
2026-05-25 23:00:00,110.02657081649137
2026-05-26 00:00:00,109.43696189590817
2026-05-26 01:00:00,108.83169629023499
2026-05-26 02:00:00,110.47740052681004
2026-05-26 03:00:00,107.28391182298452
2026-05-26 04:00:00,110.25243612929499
2026-05-26 05:00:00,108.61934420645034
2026-05-26 06:00:00,110.71753528822234
2026-05-26 07:00:00,109.6491301358538
2026-05-26 08:00:00,108.08656353751815
2026-05-26 09:00:00,111.02124765816149
2026-05-26 10:00:00,109.24888252881941
2026-05-26 11:00:00,111.95985952512133
2026-05-26 12:00:00,106.69650400081485
2026-05-26 13:00:00,102.840438442226
2026-05-26 14:00:00,107.4086973694987
2026-05-26 15:00:00,106.86002571617335
2026-05-26 16:00:00,108.24586576983229
2026-05-26 17:00:00,106.7859282299444
2026-05-26 18:00:00,106.93001099651737
2026-05-26 19:00:00,106.65360621518136
2026-05-26 20:00:00,109.55012387842248
2026-05-26 21:00:00,106.53063678580135
2026-05-26 22:00:00,106.17286878918495
2026-05-26 23:00:00,106.5174667349777
2026-05-27 00:00:00,105.14482952009413
2026-05-27 01:00:00,108.74165029481814
2026-05-27 02:00:00,104.86058190478596
2026-05-27 03:00:00,108.59155792338983
2026-05-27 04:00:00,109.52189408571994
2026-05-27 05:00:00,106.49560230136177
2026-05-27 06:00:00,106.41521652574235
2026-05-27 07:00:00,106.58841751310175
2026-05-27 08:00:00,106.66974068078395
2026-05-27 09:00:00,111.70919192549144
2026-05-27 10:00:00,107.78933986995446
2026-05-27 11:00:00,107.91166005138473
2026-05-27 12:00:00,108.05004513905872
2026-05-27 13:00:00,106.67295472657091
2026-05-27 14:00:00,109.76106309689358
2026-05-27 15:00:00,110.03163218348048
2026-05-27 16:00:00,106.97301025700372
2026-05-27 17:00:00,108.86074692761852
2026-05-27 18:00:00,111.7497802446468
2026-05-27 19:00:00,109.0682933013874
2026-05-27 20:00:00,111.19224883347883
2026-05-27 21:00:00,110.07132584728359
2026-05-27 22:00:00,107.58605258389332
2026-05-27 23:00:00,104.8205684976238
2026-05-28 00:00:00,105.2304541781188
2026-05-28 01:00:00,103.50551174498298
2026-05-28 02:00:00,108.38691012040721
2026-05-28 03:00:00,106.1735907574338
2026-05-28 04:00:00,104.90254261010418
2026-05-28 05:00:00,103.7220611568709
2026-05-28 06:00:00,111.11700150508136
2026-05-28 07:00:00,107.20529366598288
2026-05-28 08:00:00,106.61065731973206
2026-05-28 09:00:00,111.25246097429573
2026-05-28 10:00:00,106.68134785645016
2026-05-28 11:00:00,108.31405528012903
2026-05-28 12:00:00,104.568293199953
2026-05-28 13:00:00,106.4126128563861
2026-05-28 14:00:00,102.20967156191699
2026-05-28 15:00:00,106.22110423114644
2026-05-28 16:00:00,108.78255857440017
2026-05-28 17:00:00,108.28046270422558
2026-05-28 18:00:00,111.82696852482276
2026-05-28 19:00:00,110.21965002162267
2026-05-28 20:00:00,108.48847628496533
2026-05-28 21:00:00,105.77406142236438
2026-05-28 22:00:00,105.55932895850924
2026-05-28 23:00:00,105.7374338271442
2026-05-29 00:00:00,104.43292791554143
2026-05-29 01:00:00,105.69438974922701
2026-05-29 02:00:00,108.20444522774814
2026-05-29 03:00:00,107.10208446033451
2026-05-29 04:00:00,105.40925059165492
2026-05-29 05:00:00,107.77286605726525
2026-05-29 06:00:00,106.70241193385888
2026-05-29 07:00:00,106.18341279075622
2026-05-29 08:00:00,105.39916918532032
2026-05-29 09:00:00,106.97693081887189
2026-05-29 10:00:00,107.17513674742091
2026-05-29 11:00:00,107.74482587028878
2026-05-29 12:00:00,105.26336125924745
2026-05-29 13:00:00,105.95100876793364
2026-05-29 14:00:00,105.41816461743761
2026-05-29 15:00:00,105.26872092308545
2026-05-29 16:00:00,106.38228210694027
2026-05-29 17:00:00,103.57683562305866
2026-05-29 18:00:00,104.23428217244705
2026-05-29 19:00:00,106.5259294856038
2026-05-29 20:00:00,106.5191639903529
2026-05-29 21:00:00,104.0733059450497
2026-05-29 22:00:00,105.60898502643747
2026-05-29 23:00:00,106.41481714770211
2026-05-30 00:00:00,105.17795272304045
2026-05-30 01:00:00,105.63846820806067
2026-05-30 02:00:00,106.023911816893
2026-05-30 03:00:00,107.45754353508141
2026-05-30 04:00:00,108.8933125918538
2026-05-30 05:00:00,104.14428401725927
2026-05-30 06:00:00,106.35526373476935
2026-05-30 07:00:00,109.99361950384646
2026-05-30 08:00:00,110.05510390365833
2026-05-30 09:00:00,110.29586284190307
2026-05-30 10:00:00,104.62896971656164
2026-05-30 11:00:00,104.45797703170504
2026-05-30 12:00:00,109.44936389381303
2026-05-30 13:00:00,104.83719115864929
2026-05-30 14:00:00,108.48473626597928
2026-05-30 15:00:00,107.55901029517092
2026-05-30 16:00:00,102.95697175571232
2026-05-30 17:00:00,111.65407283324159
2026-05-30 18:00:00,108.79174620802331
2026-05-30 19:00:00,110.39526929483219
2026-05-30 20:00:00,106.09530700263947
2026-05-30 21:00:00,105.22067072192502
2026-05-30 22:00:00,109.3149841260548
2026-05-30 23:00:00,106.25291593001234
2026-05-31 00:00:00,109.11702221441948
2026-05-31 01:00:00,110.72500114337477
2026-05-31 02:00:00,105.35294946237994
2026-05-31 03:00:00,112.79708328666547
2026-05-31 04:00:00,106.24828557129017
2026-05-31 05:00:00,108.80168569838385
2026-05-31 06:00:00,107.45556597941473
2026-05-31 07:00:00,106.83808190163238
2026-05-31 08:00:00,106.42742858351845
2026-05-31 09:00:00,108.42735752962315
2026-05-31 10:00:00,110.14474192689067
2026-05-31 11:00:00,107.73654458850305
2026-05-31 12:00:00,110.04509205511079
2026-05-31 13:00:00,108.54637244707212
2026-05-31 14:00:00,112.43926892908328
2026-05-31 15:00:00,106.88936643309674
2026-05-31 16:00:00,106.11385637087696
2026-05-31 17:00:00,106.91299124389145
2026-05-31 18:00:00,101.1544349976161
2026-05-31 19:00:00,108.89909257462267
2026-05-31 20:00:00,108.37870058490098
2026-05-31 21:00:00,109.93689459016477
2026-05-31 22:00:00,104.09542610769873
2026-05-31 23:00:00,102.97069145088055
2026-06-01 00:00:00,116.67117909321657
2026-06-01 01:00:00,112.72173460362961
2026-06-01 02:00:00,113.79914753544163
2026-06-01 03:00:00,112.26641060106272
2026-06-01 04:00:00,114.02063945505812
2026-06-01 05:00:00,108.66846132813875
2026-06-01 06:00:00,115.0772741556273
2026-06-01 07:00:00,114.06935298221848
2026-06-01 08:00:00,114.75392792011634
2026-06-01 09:00:00,117.21510094323128
2026-06-01 10:00:00,114.87301916860369
2026-06-01 11:00:00,115.4360842743554
2026-06-01 12:00:00,116.49897430102273
2026-06-01 13:00:00,117.17075926814695
2026-06-01 14:00:00,110.64916207460863
2026-06-01 15:00:00,115.93040384915409
2026-06-01 16:00:00,109.30094404867364
2026-06-01 17:00:00,115.9117643599172
2026-06-01 18:00:00,108.5134382644255
2026-06-01 19:00:00,119.10188167720916
2026-06-01 20:00:00,110.49832437658208
2026-06-01 21:00:00,112.41238967556497
2026-06-01 22:00:00,114.20074101399817
2026-06-01 23:00:00,115.70927150220678
2026-06-02 00:00:00,114.77976596174994
2026-06-02 01:00:00,115.88502140894607
2026-06-02 02:00:00,116.77904493165953
2026-06-02 03:00:00,113.45121687882568
2026-06-02 04:00:00,115.63171242554175
2026-06-02 05:00:00,114.15948877269774
2026-06-02 06:00:00,116.74669036965813
2026-06-02 07:00:00,113.34380410607027
2026-06-02 08:00:00,114.87946909040546
2026-06-02 09:00:00,116.71689784648783
2026-06-02 10:00:00,114.76730711893887
2026-06-02 11:00:00,116.2153287415261
2026-06-02 12:00:00,113.76549763546105
2026-06-02 13:00:00,108.43072346780637
2026-06-02 14:00:00,111.37791870798881
2026-06-02 15:00:00,114.03796589174745
2026-06-02 16:00:00,114.05089108399545
2026-06-02 17:00:00,115.77651375393029
2026-06-02 18:00:00,113.15438440174478
2026-06-02 19:00:00,111.52648316046003
2026-06-02 20:00:00,114.97985596150255
2026-06-02 21:00:00,116.14892540872775
2026-06-02 22:00:00,112.74482647264944
2026-06-02 23:00:00,111.78919740836812
2026-06-03 00:00:00,110.59856688088541
2026-06-03 01:00:00,114.04431914265328
2026-06-03 02:00:00,111.11872487983078
2026-06-03 03:00:00,116.41978343809188
2026-06-03 04:00:00,116.30950888039284
2026-06-03 05:00:00,113.13805105267768
2026-06-03 06:00:00,112.57712307477759
2026-06-03 07:00:00,117.19583237386428
2026-06-03 08:00:00,114.44346572002384
2026-06-03 09:00:00,118.05684249753237
2026-06-03 10:00:00,117.72623617652064
2026-06-03 11:00:00,113.942170951536
2026-06-03 12:00:00,113.4210369068045
2026-06-03 13:00:00,116.2684734184866
2026-06-03 14:00:00,117.45522793374181
2026-06-03 15:00:00,116.26121046705602
2026-06-03 16:00:00,112.38967106357843
2026-06-03 17:00:00,114.09014604347963
2026-06-03 18:00:00,116.85081192028676
2026-06-03 19:00:00,115.89489502931364
2026-06-03 20:00:00,117.7922643015942
2026-06-03 21:00:00,113.86598496931968
2026-06-03 22:00:00,113.3176576005592
2026-06-03 23:00:00,111.50000521850393
2026-06-04 00:00:00,112.2111548842847
2026-06-04 01:00:00,106.96651024758737
2026-06-04 02:00:00,117.10195499741421
2026-06-04 03:00:00,110.72685573985072
2026-06-04 04:00:00,113.51217090392618
2026-06-04 05:00:00,106.25350536392128
2026-06-04 06:00:00,116.87255346819003
2026-06-04 07:00:00,116.28669942531627
2026-06-04 08:00:00,111.31624508212474
2026-06-04 09:00:00,119.32928277644572
2026-06-04 10:00:00,114.7813495349217
2026-06-04 11:00:00,111.37459373020766
2026-06-04 12:00:00,111.59359855534329
2026-06-04 13:00:00,111.40938504027008
2026-06-04 14:00:00,110.70813595552282
2026-06-04 15:00:00,113.98511412769292
2026-06-04 16:00:00,113.52147000099
2026-06-04 17:00:00,114.14096292265128
2026-06-04 18:00:00,115.83497028396135
2026-06-04 19:00:00,116.07766451879928
2026-06-04 20:00:00,112.14625377794295
2026-06-04 21:00:00,112.57214512755483
2026-06-04 22:00:00,110.71275607611734
2026-06-04 23:00:00,112.8126710739538
2026-06-05 00:00:00,111.80719331601743
2026-06-05 01:00:00,112.91281690899477
2026-06-05 02:00:00,111.25831439757272
2026-06-05 03:00:00,112.13198788870129
2026-06-05 04:00:00,113.5319315289232
2026-06-05 05:00:00,111.48285680010429
2026-06-05 06:00:00,111.44015963511343
2026-06-05 07:00:00,109.73435309858473
2026-06-05 08:00:00,110.72436584112877
2026-06-05 09:00:00,110.7056734906676
2026-06-05 10:00:00,112.10647731306015
2026-06-05 11:00:00,112.11113295773549
2026-06-05 12:00:00,113.05795047915402
2026-06-05 13:00:00,109.32294411738646
2026-06-05 14:00:00,112.28752252397813
2026-06-05 15:00:00,111.87890992442486
2026-06-05 16:00:00,109.93271443273098
2026-06-05 17:00:00,112.19447208384832
2026-06-05 18:00:00,112.35923258862299
2026-06-05 19:00:00,111.63637126319223
2026-06-05 20:00:00,110.73226480184505
2026-06-05 21:00:00,112.12395814171092
2026-06-05 22:00:00,111.64200841619677
2026-06-05 23:00:00,111.26261513185042
2026-06-06 00:00:00,111.91787295117089
2026-06-06 01:00:00,111.88529579904073
2026-06-06 02:00:00,112.39880570211187
2026-06-06 03:00:00,115.37611199554513
2026-06-06 04:00:00,114.46515754643433
2026-06-06 05:00:00,112.77768955701866
2026-06-06 06:00:00,112.791817730358
2026-06-06 07:00:00,118.65576685884616
2026-06-06 08:00:00,116.63180019812816
2026-06-06 09:00:00,119.40953894800111
2026-06-06 10:00:00,108.87628640319372
2026-06-06 11:00:00,111.20363990689458
2026-06-06 12:00:00,114.49712620932132
2026-06-06 13:00:00,113.62246508996923
2026-06-06 14:00:00,115.38071986159528
2026-06-06 15:00:00,113.24487726780131
2026-06-06 16:00:00,112.13419547958318
2026-06-06 17:00:00,116.64042245532121
2026-06-06 18:00:00,112.49972782199964
2026-06-06 19:00:00,115.04471099391338
2026-06-06 20:00:00,112.21773817097497
2026-06-06 21:00:00,111.62830626921566
2026-06-06 22:00:00,116.76327271506975
2026-06-06 23:00:00,110.958411959355
2026-06-07 00:00:00,115.6838558932191
2026-06-07 01:00:00,115.40802420724827
2026-06-07 02:00:00,113.00469988512353
2026-06-07 03:00:00,120.15970281649878
2026-06-07 04:00:00,111.65334030544383
2026-06-07 05:00:00,115.00826920281118
2026-06-07 06:00:00,115.34978889605122
2026-06-07 07:00:00,110.85350798125728
2026-06-07 08:00:00,114.3852177755832
2026-06-07 09:00:00,113.00857220571176
2026-06-07 10:00:00,118.16233555125586
2026-06-07 11:00:00,113.19960306940419
2026-06-07 12:00:00,117.62146850889735
2026-06-07 13:00:00,113.42072470004062
2026-06-07 14:00:00,117.46187180517907
2026-06-07 15:00:00,112.55003135923964
2026-06-07 16:00:00,113.73010546063674
2026-06-07 17:00:00,113.06717171898732
2026-06-07 18:00:00,106.19769885290653
2026-06-07 19:00:00,112.81425126473346
2026-06-07 20:00:00,113.9885190290146
2026-06-07 21:00:00,114.64679466850507
2026-06-07 22:00:00,109.55092525589546
2026-06-07 23:00:00,109.54544305471572
2026-06-08 00:00:00,113.36300105207853
2026-06-08 01:00:00,111.78843502863343
2026-06-08 02:00:00,111.11279775277079
2026-06-08 03:00:00,113.31626351457689
2026-06-08 04:00:00,114.49029476575689
2026-06-08 05:00:00,111.27426373060419
2026-06-08 06:00:00,112.76940018045556
2026-06-08 07:00:00,114.72294611776093
2026-06-08 08:00:00,112.9008345768643
2026-06-08 09:00:00,117.65255061228427
2026-06-08 10:00:00,114.95343536295978
2026-06-08 11:00:00,113.08602457372209
2026-06-08 12:00:00,116.0816383987071
2026-06-08 13:00:00,117.26030183319098
2026-06-08 14:00:00,110.51672193450972
2026-06-08 15:00:00,112.38778387066154
2026-06-08 16:00:00,108.93542113826712
2026-06-08 17:00:00,112.82538757558345
2026-06-08 18:00:00,106.5712173477267
2026-06-08 19:00:00,117.88577673490175
2026-06-08 20:00:00,111.26045457101482
2026-06-08 21:00:00,112.67819297925783
2026-06-08 22:00:00,114.43242102814466
2026-06-08 23:00:00,116.517292423915
2026-06-09 00:00:00,115.50594762265926
2026-06-09 01:00:00,114.26613162372395
2026-06-09 02:00:00,116.12808351145216
2026-06-09 03:00:00,113.99812810061692
2026-06-09 04:00:00,114.14799018264524
2026-06-09 05:00:00,113.50475647895945
2026-06-09 06:00:00,117.46872835380664
2026-06-09 07:00:00,113.80932965625598
2026-06-09 08:00:00,114.31558374325502
2026-06-09 09:00:00,115.41798779317863
2026-06-09 10:00:00,116.82339305234908
2026-06-09 11:00:00,115.13808019105406
2026-06-09 12:00:00,114.12916052315327
2026-06-09 13:00:00,109.83472288459004
2026-06-09 14:00:00,113.04082933874821
2026-06-09 15:00:00,115.91764697005067
2026-06-09 16:00:00,113.55027140225755
2026-06-09 17:00:00,115.59544657380279
2026-06-09 18:00:00,114.79356109956386
2026-06-09 19:00:00,110.27391228227053
2026-06-09 20:00:00,112.0828461198169
2026-06-09 21:00:00,112.99725836126409
2026-06-09 22:00:00,111.15818035417942
2026-06-09 23:00:00,112.33981693631011
2026-06-10 00:00:00,111.16504328971773
2026-06-10 01:00:00,113.48345784775977
2026-06-10 02:00:00,112.29728222698544
2026-06-10 03:00:00,117.52578472251905
2026-06-10 04:00:00,118.16945292692401
2026-06-10 05:00:00,113.85765050709742
2026-06-10 06:00:00,113.44536415300048
2026-06-10 07:00:00,116.38585185692784
2026-06-10 08:00:00,112.65045229667942
2026-06-10 09:00:00,118.61450337907057
2026-06-10 10:00:00,115.25530556317841
2026-06-10 11:00:00,113.94222516955014
2026-06-10 12:00:00,113.24432016697573
2026-06-10 13:00:00,111.50091253327562
2026-06-10 14:00:00,113.07814130606306
2026-06-10 15:00:00,116.75048396512835
2026-06-10 16:00:00,116.59231038689883
2026-06-10 17:00:00,114.27376236233691
2026-06-10 18:00:00,117.21417881506693
2026-06-10 19:00:00,115.76886813399813
2026-06-10 20:00:00,119.20343469096926
2026-06-10 21:00:00,115.75165562037819
2026-06-10 22:00:00,113.9218216445089
2026-06-10 23:00:00,110.121904718454
2026-06-11 00:00:00,111.64959249440142
2026-06-11 01:00:00,106.88426632830526
2026-06-11 02:00:00,115.79967003081448
2026-06-11 03:00:00,112.00957099647704
2026-06-11 04:00:00,109.56749027706249
2026-06-11 05:00:00,108.91739706760677
2026-06-11 06:00:00,118.3557087172039
2026-06-11 07:00:00,111.1652365195847
2026-06-11 08:00:00,112.75614974278739
2026-06-11 09:00:00,116.38649256510801
2026-06-11 10:00:00,111.99853194637663
2026-06-11 11:00:00,111.9492643937784
2026-06-11 12:00:00,112.22388587362197
2026-06-11 13:00:00,113.79957249935919
2026-06-11 14:00:00,107.71658460118645
2026-06-11 15:00:00,115.1941296695407
2026-06-11 16:00:00,114.20858001867293
2026-06-11 17:00:00,116.0401715870825
2026-06-11 18:00:00,114.35951367751221
2026-06-11 19:00:00,114.96084676791308
2026-06-11 20:00:00,112.29283857596828
2026-06-11 21:00:00,112.34222719212703
2026-06-11 22:00:00,111.21384119969676
2026-06-11 23:00:00,113.33225926031653
2026-06-12 00:00:00,109.79835182147079
2026-06-12 01:00:00,114.44120571297591
2026-06-12 02:00:00,114.79512602980391
2026-06-12 03:00:00,115.27768883051839
2026-06-12 04:00:00,112.7898855024415
2026-06-12 05:00:00,114.7762919350263
2026-06-12 06:00:00,111.80084031996083
2026-06-12 07:00:00,113.03309973715139
2026-06-12 08:00:00,112.26108873208408
2026-06-12 09:00:00,110.99752980698358
2026-06-12 10:00:00,115.11562533376167
2026-06-12 11:00:00,110.0604646029326
2026-06-12 12:00:00,111.48411313496744
2026-06-12 13:00:00,113.14754665405121
2026-06-12 14:00:00,109.21507570093766
2026-06-12 15:00:00,110.98520285221528
2026-06-12 16:00:00,111.89474733748536
2026-06-12 17:00:00,111.91916597283708
2026-06-12 18:00:00,111.51331444034342
2026-06-12 19:00:00,111.04221249056832
2026-06-12 20:00:00,111.85866868848937
2026-06-12 21:00:00,110.65446646474334
2026-06-12 22:00:00,110.90136770447369
2026-06-12 23:00:00,113.89846221636829
2026-06-13 00:00:00,111.32712166597601
2026-06-13 01:00:00,109.9544050561974
2026-06-13 02:00:00,111.0562388693774
2026-06-13 03:00:00,113.94725800787336
2026-06-13 04:00:00,117.0822303567161
2026-06-13 05:00:00,113.28083059247848
2026-06-13 06:00:00,111.2662606674721
2026-06-13 07:00:00,116.39782341906951
2026-06-13 08:00:00,114.166592912439
2026-06-13 09:00:00,115.22282782874292
2026-06-13 10:00:00,110.40658389852823
2026-06-13 11:00:00,108.45021017048944
2026-06-13 12:00:00,114.75562117156473
2026-06-13 13:00:00,112.05867827288222
2026-06-13 14:00:00,113.53559738809756
2026-06-13 15:00:00,115.22546749336504
2026-06-13 16:00:00,111.12843563812334
2026-06-13 17:00:00,118.3436055062455
2026-06-13 18:00:00,113.83977113321478
2026-06-13 19:00:00,113.31819554154411
2026-06-13 20:00:00,113.47458169075318
2026-06-13 21:00:00,110.16011455597207
2026-06-13 22:00:00,114.76158769160483
2026-06-13 23:00:00,110.82228487551173
2026-06-14 00:00:00,114.27104056728706
2026-06-14 01:00:00,114.70849489359298
2026-06-14 02:00:00,112.46158353338686
2026-06-14 03:00:00,122.83013101995311
2026-06-14 04:00:00,111.47256833482962
2026-06-14 05:00:00,117.50040592643529
2026-06-14 06:00:00,113.63211539899743
2026-06-14 07:00:00,112.67449570471837
2026-06-14 08:00:00,114.01673210306129
2026-06-14 09:00:00,114.77088727724706
2026-06-14 10:00:00,119.28673869730196
2026-06-14 11:00:00,114.31302696007155
2026-06-14 12:00:00,116.22033563255768
2026-06-14 13:00:00,113.10643447148774
2026-06-14 14:00:00,117.90973892291362
2026-06-14 15:00:00,112.59313838758038
2026-06-14 16:00:00,113.33098234885891
2026-06-14 17:00:00,111.01632466452003
2026-06-14 18:00:00,108.10994969902569
2026-06-14 19:00:00,115.50509965359603
2026-06-14 20:00:00,112.11040903796814
2026-06-14 21:00:00,113.90985250040441
2026-06-14 22:00:00,108.38917373359898
2026-06-14 23:00:00,111.19107104532266
2026-06-15 00:00:00,116.3914045518269
2026-06-15 01:00:00,110.49339846150178
2026-06-15 02:00:00,114.21343492944746
2026-06-15 03:00:00,112.48662031605426
2026-06-15 04:00:00,113.7520018364123
2026-06-15 05:00:00,108.89382370521206
2026-06-15 06:00:00,112.91750548011827
2026-06-15 07:00:00,112.89879301746586
2026-06-15 08:00:00,114.83064347087081
2026-06-15 09:00:00,117.65481968262722
2026-06-15 10:00:00,114.60388340584558
2026-06-15 11:00:00,112.98630556957808
2026-06-15 12:00:00,113.91923634676718
2026-06-15 13:00:00,119.08329535524541
2026-06-15 14:00:00,108.2132969138334
2026-06-15 15:00:00,112.26966865503756
2026-06-15 16:00:00,110.5596480602963
2026-06-15 17:00:00,113.20986825237637
2026-06-15 18:00:00,106.51131585459959
2026-06-15 19:00:00,118.66990564163684
2026-06-15 20:00:00,109.66284011003751
2026-06-15 21:00:00,113.66277192938122
2026-06-15 22:00:00,116.33648996689568
2026-06-15 23:00:00,116.41911505773874
2026-06-16 00:00:00,115.30445730758964
2026-06-16 01:00:00,116.19207411130844
2026-06-16 02:00:00,115.19732314883315
2026-06-16 03:00:00,114.03006575848698
2026-06-16 04:00:00,116.00111526282164
2026-06-16 05:00:00,115.11002424028207
2026-06-16 06:00:00,116.84439021406547
2026-06-16 07:00:00,112.51154294264738
2026-06-16 08:00:00,114.65645150237991
2026-06-16 09:00:00,116.05092115883235
2026-06-16 10:00:00,117.83300716310748
2026-06-16 11:00:00,115.90202490910875
2026-06-16 12:00:00,114.17840293978398
2026-06-16 13:00:00,107.30167177938986
2026-06-16 14:00:00,112.73046461036662
2026-06-16 15:00:00,114.56289878700585
2026-06-16 16:00:00,115.61361342588765
2026-06-16 17:00:00,115.19828751337644
2026-06-16 18:00:00,113.95524942500683
2026-06-16 19:00:00,111.2769118011188
2026-06-16 20:00:00,113.60740581459282
2026-06-16 21:00:00,112.53986338344593
2026-06-16 22:00:00,114.06933465642418
2026-06-16 23:00:00,113.85309904262868
2026-06-17 00:00:00,110.80936516391864
2026-06-17 01:00:00,113.93092675587732
2026-06-17 02:00:00,111.30971464389819
2026-06-17 03:00:00,115.87869991079683
2026-06-17 04:00:00,115.2103782746281
2026-06-17 05:00:00,112.93086378949367
2026-06-17 06:00:00,114.85535405982577
2026-06-17 07:00:00,114.50999546001165
2026-06-17 08:00:00,112.88402292522318
2026-06-17 09:00:00,117.25529985576105
2026-06-17 10:00:00,117.51812367853645
2026-06-17 11:00:00,111.83265443974182
2026-06-17 12:00:00,112.11475910469298
2026-06-17 13:00:00,115.906082464659
2026-06-17 14:00:00,114.17717090645164
2026-06-17 15:00:00,118.42763407672751
2026-06-17 16:00:00,113.64035688083864
2026-06-17 17:00:00,115.84109193628166
2026-06-17 18:00:00,117.19172389053605
2026-06-17 19:00:00,114.56260847438551
2026-06-17 20:00:00,117.24423399854872
2026-06-17 21:00:00,114.46772929171497
2026-06-17 22:00:00,111.64674576052165
2026-06-17 23:00:00,112.3415331974202
2026-06-18 00:00:00,110.7615798488211
2026-06-18 01:00:00,106.42812543945485
2026-06-18 02:00:00,115.81853576486542
2026-06-18 03:00:00,111.96714797389215
2026-06-18 04:00:00,111.03462851217088
2026-06-18 05:00:00,110.10898660678342
2026-06-18 06:00:00,116.03339480142364
2026-06-18 07:00:00,111.58822658332181
2026-06-18 08:00:00,113.22403010873877
2026-06-18 09:00:00,116.88067925404337
2026-06-18 10:00:00,113.70698807027144
2026-06-18 11:00:00,114.33278332860331
2026-06-18 12:00:00,112.66578480133892
2026-06-18 13:00:00,113.33760093224811
2026-06-18 14:00:00,109.6434563684742
2026-06-18 15:00:00,113.12040293115551
2026-06-18 16:00:00,114.00095006899413
2026-06-18 17:00:00,112.84584735611483
2026-06-18 18:00:00,115.9195989248945
2026-06-18 19:00:00,116.81144631387399
2026-06-18 20:00:00,112.71823047432055
2026-06-18 21:00:00,111.04914781383415
2026-06-18 22:00:00,112.29746618757501
2026-06-18 23:00:00,111.11873186721577
2026-06-19 00:00:00,110.71403550047008
2026-06-19 01:00:00,110.96967160988771
2026-06-19 02:00:00,113.13204636260465
2026-06-19 03:00:00,111.95799269193427
2026-06-19 04:00:00,113.14768014559797
2026-06-19 05:00:00,113.23576509612883
2026-06-19 06:00:00,112.10621095437402
2026-06-19 07:00:00,110.2070275799118
2026-06-19 08:00:00,110.18139325375407
2026-06-19 09:00:00,110.66033626826629
2026-06-19 10:00:00,110.70145527584688
2026-06-19 11:00:00,110.02192379224104
2026-06-19 12:00:00,112.11338346895604
2026-06-19 13:00:00,110.63902813252116
2026-06-19 14:00:00,111.812153444662
2026-06-19 15:00:00,111.10957141740106
2026-06-19 16:00:00,112.1704337283235
2026-06-19 17:00:00,112.74550956590494
2026-06-19 18:00:00,112.38476683510052
2026-06-19 19:00:00,111.4139433769881
2026-06-19 20:00:00,112.48868289694893
2026-06-19 21:00:00,111.7759321454106
2026-06-19 22:00:00,114.12571827867394
2026-06-19 23:00:00,111.15659239566695
2026-06-20 00:00:00,113.1238178336151
2026-06-20 01:00:00,110.02150847958575
2026-06-20 02:00:00,111.85563598500705
2026-06-20 03:00:00,114.54807701911209
2026-06-20 04:00:00,112.96476638460939
2026-06-20 05:00:00,112.9348263765282
2026-06-20 06:00:00,111.05688147595696
2026-06-20 07:00:00,116.38979492089183
2026-06-20 08:00:00,116.21216364072265
2026-06-20 09:00:00,117.4066431368353
2026-06-20 10:00:00,109.00292593437064
2026-06-20 11:00:00,111.56543650564672
2026-06-20 12:00:00,114.08589400376641
2026-06-20 13:00:00,110.41421816458404
2026-06-20 14:00:00,112.45350033172437
2026-06-20 15:00:00,116.23582085398303
2026-06-20 16:00:00,111.12569546610938
2026-06-20 17:00:00,117.72943380849465
2026-06-20 18:00:00,112.74457125746656
2026-06-20 19:00:00,112.94641341675177
2026-06-20 20:00:00,114.31787546477834
2026-06-20 21:00:00,110.43118664435735
2026-06-20 22:00:00,114.179527641623
2026-06-20 23:00:00,111.24866934577898
2026-06-21 00:00:00,116.87310774509396
2026-06-21 01:00:00,114.85183972391468
2026-06-21 02:00:00,113.7094807995571
2026-06-21 03:00:00,119.06945675161734
2026-06-21 04:00:00,112.48135896655064
2026-06-21 05:00:00,113.26220847135112
2026-06-21 06:00:00,114.5383429856871
2026-06-21 07:00:00,112.76720650970404
2026-06-21 08:00:00,114.12072559864987
2026-06-21 09:00:00,115.47504677848508
2026-06-21 10:00:00,116.48964940649564
2026-06-21 11:00:00,115.41716740544305
2026-06-21 12:00:00,115.6764609235918
2026-06-21 13:00:00,113.0967639653118
2026-06-21 14:00:00,119.71617075770786
2026-06-21 15:00:00,113.72975898524957
2026-06-21 16:00:00,112.24156344739153
2026-06-21 17:00:00,109.35634875233859
2026-06-21 18:00:00,105.88375448378297
2026-06-21 19:00:00,114.69360987446746
2026-06-21 20:00:00,113.73785913988746
2026-06-21 21:00:00,115.78092223086574
2026-06-21 22:00:00,109.3665067290901
2026-06-21 23:00:00,108.87441013686393
2026-06-22 00:00:00,116.75390750998092
2026-06-22 01:00:00,110.16440788348238
2026-06-22 02:00:00,112.39811389093461
2026-06-22 03:00:00,112.91270580167797
2026-06-22 04:00:00,114.20181548924731
2026-06-22 05:00:00,108.94222893832116
2026-06-22 06:00:00,115.25301164508961
2026-06-22 07:00:00,113.09600692945216
2026-06-22 08:00:00,115.22760237766052
2026-06-22 09:00:00,115.68525228107553
2026-06-22 10:00:00,114.8762128284643
2026-06-22 11:00:00,113.25030568587663
2026-06-22 12:00:00,116.01446102325414
2026-06-22 13:00:00,114.91267980011195
2026-06-22 14:00:00,110.77445781397608
2026-06-22 15:00:00,117.0750740885802
2026-06-22 16:00:00,109.08583398556144
2026-06-22 17:00:00,113.62938580670678
2026-06-22 18:00:00,108.42265858308926
2026-06-22 19:00:00,116.42287062837657
2026-06-22 20:00:00,112.44013687264163
2026-06-22 21:00:00,114.68895512163664
2026-06-22 22:00:00,117.25723735652912
2026-06-22 23:00:00,115.91372167643758
2026-06-23 00:00:00,115.18777477758894
2026-06-23 01:00:00,114.88043985568581
2026-06-23 02:00:00,113.36683558907112
2026-06-23 03:00:00,115.69645069665361
2026-06-23 04:00:00,116.22559176369869
2026-06-23 05:00:00,115.21191124694782
2026-06-23 06:00:00,117.55842574541785
2026-06-23 07:00:00,113.94262792814946
2026-06-23 08:00:00,116.54252080160455
2026-06-23 09:00:00,114.46553288333186
2026-06-23 10:00:00,118.94681603376205
2026-06-23 11:00:00,119.32319271752519
2026-06-23 12:00:00,111.97976852316424
2026-06-23 13:00:00,111.30093058836496
2026-06-23 14:00:00,113.17381124472055
2026-06-23 15:00:00,113.75839879261952
2026-06-23 16:00:00,113.41361607326378
2026-06-23 17:00:00,112.08008037339661
2026-06-23 18:00:00,114.04047295799937
2026-06-23 19:00:00,110.59713764939389
2026-06-23 20:00:00,114.3569025083396
2026-06-23 21:00:00,113.8676790690534
2026-06-23 22:00:00,113.32772191247578
2026-06-23 23:00:00,111.71845465320611
2026-06-24 00:00:00,111.623407028516
2026-06-24 01:00:00,114.78671436155751
2026-06-24 02:00:00,110.93688750961051
2026-06-24 03:00:00,115.42173103139663
2026-06-24 04:00:00,117.00456250710853
2026-06-24 05:00:00,111.61868748566984
2026-06-24 06:00:00,113.84189027150961
2026-06-24 07:00:00,115.16860466953096
2026-06-24 08:00:00,113.69236004944632
2026-06-24 09:00:00,118.00993358476609
2026-06-24 10:00:00,117.02784949702955
2026-06-24 11:00:00,113.50539966392775
2026-06-24 12:00:00,113.99715725145414
2026-06-24 13:00:00,114.84549828621996
2026-06-24 14:00:00,114.47710747945706
2026-06-24 15:00:00,115.60325240929079
2026-06-24 16:00:00,112.93245382845592
2026-06-24 17:00:00,115.08985871851823
2026-06-24 18:00:00,117.98828076905157
2026-06-24 19:00:00,114.86935334747278
2026-06-24 20:00:00,115.61459453128342
2026-06-24 21:00:00,116.43787024366699
2026-06-24 22:00:00,112.06506823947444
2026-06-24 23:00:00,111.09277771692776
2026-06-25 00:00:00,110.7026367083769
2026-06-25 01:00:00,105.65344817511405
2026-06-25 02:00:00,116.91223450964023
2026-06-25 03:00:00,113.02808038507561
2026-06-25 04:00:00,111.81517971117138
2026-06-25 05:00:00,110.22438118343474
2026-06-25 06:00:00,115.84227963635827
2026-06-25 07:00:00,115.75334207958713
2026-06-25 08:00:00,111.56287709077469
2026-06-25 09:00:00,115.54342913261968
2026-06-25 10:00:00,113.17414771908658
2026-06-25 11:00:00,114.92849385281781
2026-06-25 12:00:00,114.4128749389135
2026-06-25 13:00:00,114.16343903997048
2026-06-25 14:00:00,107.92184089413766
2026-06-25 15:00:00,115.40556828021072
2026-06-25 16:00:00,113.59623270456787
2026-06-25 17:00:00,114.55567465156561
2026-06-25 18:00:00,114.82385805165198
2026-06-25 19:00:00,116.3832401544567
2026-06-25 20:00:00,113.54739928173458
2026-06-25 21:00:00,109.26439322612852
2026-06-25 22:00:00,112.02842517777319
2026-06-25 23:00:00,113.5698585541049
2026-06-26 00:00:00,111.41057314399407
2026-06-26 01:00:00,111.4235944336213
2026-06-26 02:00:00,112.55875221345602
2026-06-26 03:00:00,112.04844886639285
2026-06-26 04:00:00,110.98926991391482
2026-06-26 05:00:00,110.68560959757431
2026-06-26 06:00:00,112.61987601591386
2026-06-26 07:00:00,112.8513091106015
2026-06-26 08:00:00,112.13028875097308
2026-06-26 09:00:00,111.24088449694307
2026-06-26 10:00:00,112.83253401768891
2026-06-26 11:00:00,110.63315618245922
2026-06-26 12:00:00,110.12560310319316
2026-06-26 13:00:00,112.45864219655502
2026-06-26 14:00:00,111.67899596958473
2026-06-26 15:00:00,110.82184326581955
2026-06-26 16:00:00,109.03676942395381
2026-06-26 17:00:00,109.23830063991167
2026-06-26 18:00:00,110.33127680427631
2026-06-26 19:00:00,110.52712853408411
2026-06-26 20:00:00,109.13754750104059
2026-06-26 21:00:00,110.25833281761071
2026-06-26 22:00:00,111.24882791094616
2026-06-26 23:00:00,111.62428410862803
2026-06-27 00:00:00,111.26003610734351
2026-06-27 01:00:00,111.59699197642678
2026-06-27 02:00:00,111.7448469678183
2026-06-27 03:00:00,114.28830056621517
2026-06-27 04:00:00,113.99535731122121
2026-06-27 05:00:00,113.25666034612001
2026-06-27 06:00:00,112.39523968587861
2026-06-27 07:00:00,117.24298232251134
2026-06-27 08:00:00,115.44419666611567
2026-06-27 09:00:00,115.02844847439997
2026-06-27 10:00:00,109.96119685344756
2026-06-27 11:00:00,112.46258295260081
2026-06-27 12:00:00,114.5367903475059
2026-06-27 13:00:00,111.28687766967481
2026-06-27 14:00:00,114.58004245252596
2026-06-27 15:00:00,115.58795309533204
2026-06-27 16:00:00,112.96362796326386
2026-06-27 17:00:00,118.84706772983535
2026-06-27 18:00:00,113.24503443676679
2026-06-27 19:00:00,113.972050289382
2026-06-27 20:00:00,112.5906371971371
2026-06-27 21:00:00,110.56578636376622
2026-06-27 22:00:00,115.94692669951156
2026-06-27 23:00:00,110.94813979826992
2026-06-28 00:00:00,115.88775544113544
2026-06-28 01:00:00,115.17403823335529
2026-06-28 02:00:00,113.61406503494294
2026-06-28 03:00:00,119.97083656137144
2026-06-28 04:00:00,112.59130634579195
2026-06-28 05:00:00,114.32147918811049
2026-06-28 06:00:00,113.17488147250458
2026-06-28 07:00:00,112.03119219651279
2026-06-28 08:00:00,113.71309222922528
2026-06-28 09:00:00,113.77433707089465
2026-06-28 10:00:00,118.27605251948088
2026-06-28 11:00:00,113.65327883227941
2026-06-28 12:00:00,115.30571863779494
2026-06-28 13:00:00,114.23291128713112
2026-06-28 14:00:00,116.99119506959683
2026-06-28 15:00:00,114.93627332437782
2026-06-28 16:00:00,112.16779977488946
2026-06-28 17:00:00,113.09689700052455
2026-06-28 18:00:00,106.64627827691032
2026-06-28 19:00:00,115.58546765588551
2026-06-28 20:00:00,112.66454879368598
2026-06-28 21:00:00,116.47116687441793
2026-06-28 22:00:00,107.2063616142203
2026-06-28 23:00:00,110.631881981161
2026-06-29 00:00:00,116.64652124508223
2026-06-29 01:00:00,112.59790612321213
2026-06-29 02:00:00,112.73794417738063
2026-06-29 03:00:00,112.99382132796366
2026-06-29 04:00:00,114.4161284366485
2026-06-29 05:00:00,109.01679607131571
2026-06-29 06:00:00,114.13898328168477
2026-06-29 07:00:00,114.06911245745208
2026-06-29 08:00:00,116.0496303620927
2026-06-29 09:00:00,115.29309397474839
2026-06-29 10:00:00,114.17952011352236
2026-06-29 11:00:00,114.57957774391012
2026-06-29 12:00:00,115.86671894306554
2026-06-29 13:00:00,116.04599449528462
2026-06-29 14:00:00,110.72632514280184
2026-06-29 15:00:00,114.91748051391309
2026-06-29 16:00:00,107.65916643286242
2026-06-29 17:00:00,112.80207766093788
2026-06-29 18:00:00,108.7730826607107
2026-06-29 19:00:00,119.88034537047812
2026-06-29 20:00:00,111.42365665153554
2026-06-29 21:00:00,114.03286033172022
2026-06-29 22:00:00,115.25066448476105
2026-06-29 23:00:00,118.25154070042282
2026-06-30 00:00:00,115.697388788047
2026-06-30 01:00:00,115.22545298964945
2026-06-30 02:00:00,115.3216349557836
2026-06-30 03:00:00,113.02167062487598
2026-06-30 04:00:00,116.12667729716594
2026-06-30 05:00:00,114.73745593013166
2026-06-30 06:00:00,117.39253648168489
2026-06-30 07:00:00,114.05069669021671
2026-06-30 08:00:00,112.3061131047095
2026-06-30 09:00:00,115.9993425150062
2026-06-30 10:00:00,115.88481008744407
2026-06-30 11:00:00,117.4876478735486
2026-06-30 12:00:00,112.8254112312665
2026-06-30 13:00:00,110.03182343068428
2026-06-30 14:00:00,113.98265584731928
2026-06-30 15:00:00,112.74648382356915
2026-06-30 16:00:00,112.53478439494863
2026-06-30 17:00:00,113.10169962116584
2026-06-30 18:00:00,115.00287363171815
2026-06-30 19:00:00,112.42284331439866
2026-06-30 20:00:00,114.01584628518094
2026-06-30 21:00:00,116.16699828099681
2026-06-30 22:00:00,112.083146531288
2026-06-30 23:00:00,113.83631377455131
2026-07-01 00:00:00,120.88747656488373
2026-07-01 01:00:00,121.96335386421188
2026-07-01 02:00:00,117.67042206292918
2026-07-01 03:00:00,125.42697171586929
2026-07-01 04:00:00,124.31003588718664
2026-07-01 05:00:00,119.5320208412668
2026-07-01 06:00:00,122.35473079802226
2026-07-01 07:00:00,125.20717332198903
2026-07-01 08:00:00,120.46002234820843
2026-07-01 09:00:00,126.46095871339193
2026-07-01 10:00:00,124.00833805821765
2026-07-01 11:00:00,121.87178651715865
2026-07-01 12:00:00,122.22787155662313
2026-07-01 13:00:00,122.87498949534725
2026-07-01 14:00:00,121.84434109932518
2026-07-01 15:00:00,125.40265895581321
2026-07-01 16:00:00,123.56362077309517
2026-07-01 17:00:00,122.38477841165016
2026-07-01 18:00:00,125.25947274326255
2026-07-01 19:00:00,121.57168977601924
2026-07-01 20:00:00,126.47753104364156
2026-07-01 21:00:00,122.69168468145571
2026-07-01 22:00:00,121.71827309837595
2026-07-01 23:00:00,119.9313706168595
2026-07-02 00:00:00,119.40362881176512
2026-07-02 01:00:00,115.33753468845286
2026-07-02 02:00:00,125.90988385956203
2026-07-02 03:00:00,121.50911853503261
2026-07-02 04:00:00,118.90255024377302
2026-07-02 05:00:00,117.79578996335371
2026-07-02 06:00:00,123.59962190857334
2026-07-02 07:00:00,119.8711606321406
2026-07-02 08:00:00,119.17837758917474
2026-07-02 09:00:00,125.78659847683079
2026-07-02 10:00:00,122.623285151572
2026-07-02 11:00:00,122.6880533578846
2026-07-02 12:00:00,120.91895919087736
2026-07-02 13:00:00,119.25062056598459
2026-07-02 14:00:00,117.04593650195137
2026-07-02 15:00:00,122.61387666367996
2026-07-02 16:00:00,122.76401296234611
2026-07-02 17:00:00,124.52622947790161
2026-07-02 18:00:00,121.75928134641518
2026-07-02 19:00:00,125.52944927646317
2026-07-02 20:00:00,117.51633972351273
2026-07-02 21:00:00,118.16160774562663
2026-07-02 22:00:00,120.00380233700423
2026-07-02 23:00:00,120.61426136872723
2026-07-03 00:00:00,118.67104346634265
2026-07-03 01:00:00,119.66995263888892
2026-07-03 02:00:00,120.02212425401319
2026-07-03 03:00:00,121.43895445899685
2026-07-03 04:00:00,120.93462936171868
2026-07-03 05:00:00,121.74459969045614
2026-07-03 06:00:00,117.53365134327177
2026-07-03 07:00:00,118.30331572662077
2026-07-03 08:00:00,120.19798703591592
2026-07-03 09:00:00,117.8923876430751
2026-07-03 10:00:00,121.43704757747113
2026-07-03 11:00:00,118.71163902329118
2026-07-03 12:00:00,122.79739141697902
2026-07-03 13:00:00,119.06196673665443
2026-07-03 14:00:00,120.50754847913885
2026-07-03 15:00:00,120.89380570272077
2026-07-03 16:00:00,119.52676805424042
2026-07-03 17:00:00,118.5829100835956
2026-07-03 18:00:00,120.19788262501794
2026-07-03 19:00:00,120.43714929092731
2026-07-03 20:00:00,117.95912878437113
2026-07-03 21:00:00,119.2865954689182
2026-07-03 22:00:00,119.58571874957572
2026-07-03 23:00:00,120.12346567322672
2026-07-04 00:00:00,121.40685025907399
2026-07-04 01:00:00,119.99407915832643
2026-07-04 02:00:00,119.89661783869354
2026-07-04 03:00:00,123.30474536435808
2026-07-04 04:00:00,124.66873590034558
2026-07-04 05:00:00,119.3382457594773
2026-07-04 06:00:00,119.75784548599822
2026-07-04 07:00:00,127.23100069805571
2026-07-04 08:00:00,122.45104120188745
2026-07-04 09:00:00,126.74644744411194
2026-07-04 10:00:00,117.4988875192414
2026-07-04 11:00:00,118.94672601418436
2026-07-04 12:00:00,123.30123330033658
2026-07-04 13:00:00,118.8249028484218
2026-07-04 14:00:00,124.52050779977618
2026-07-04 15:00:00,123.75063234872773
2026-07-04 16:00:00,121.39243412616071
2026-07-04 17:00:00,125.83603261616885
2026-07-04 18:00:00,121.53598369351934
2026-07-04 19:00:00,120.8708589848772
2026-07-04 20:00:00,122.89143128839811
2026-07-04 21:00:00,119.11991621314857
2026-07-04 22:00:00,125.3733218087487
2026-07-04 23:00:00,117.14968521414761
2026-07-05 00:00:00,124.51243698987648
2026-07-05 01:00:00,123.87755084153088
2026-07-05 02:00:00,120.28649104756039
2026-07-05 03:00:00,128.26609022086234
2026-07-05 04:00:00,119.85886644414695
2026-07-05 05:00:00,120.4894555222935
2026-07-05 06:00:00,122.79489890785776
2026-07-05 07:00:00,122.1847717885097
2026-07-05 08:00:00,120.45396612396134
2026-07-05 09:00:00,123.75147905300054
2026-07-05 10:00:00,126.36752655376253
2026-07-05 11:00:00,120.5847661815686
2026-07-05 12:00:00,125.19100282218508
2026-07-05 13:00:00,121.48193182924446
2026-07-05 14:00:00,126.32425352092281
2026-07-05 15:00:00,123.67959230465897
2026-07-05 16:00:00,120.43779720755933
2026-07-05 17:00:00,119.16398213661351
2026-07-05 18:00:00,114.45446272701793
2026-07-05 19:00:00,126.45565757904893
2026-07-05 20:00:00,123.3025180602676
2026-07-05 21:00:00,124.71176389197981
2026-07-05 22:00:00,118.03721593906843
2026-07-05 23:00:00,118.86385102293794
2026-07-06 00:00:00,122.95358535070643
2026-07-06 01:00:00,119.92344298122812
2026-07-06 02:00:00,118.99453987343833
2026-07-06 03:00:00,122.89164135056313
2026-07-06 04:00:00,123.1542902500175
2026-07-06 05:00:00,119.14655510121145
2026-07-06 06:00:00,123.07868644042132
2026-07-06 07:00:00,122.96560174082285
2026-07-06 08:00:00,119.91144401569795
2026-07-06 09:00:00,124.45894342887183
2026-07-06 10:00:00,123.60932490466364
2026-07-06 11:00:00,121.9639001930694
2026-07-06 12:00:00,124.33756397854502
2026-07-06 13:00:00,127.20277689776177
2026-07-06 14:00:00,115.78728813070774
2026-07-06 15:00:00,123.60652377045604
2026-07-06 16:00:00,116.96995781523805
2026-07-06 17:00:00,122.62167218765077
2026-07-06 18:00:00,115.74879829480216
2026-07-06 19:00:00,127.52265830823643
2026-07-06 20:00:00,119.26069252798705
2026-07-06 21:00:00,123.828447939326
2026-07-06 22:00:00,124.35075092943205
2026-07-06 23:00:00,125.04159143860764
2026-07-07 00:00:00,120.87408080335479
2026-07-07 01:00:00,126.05697027224949
2026-07-07 02:00:00,125.25551332305898
2026-07-07 03:00:00,123.24472466874408
2026-07-07 04:00:00,123.63222623950644
2026-07-07 05:00:00,123.33708095797166
2026-07-07 06:00:00,125.84562820288589
2026-07-07 07:00:00,122.49124586845801
2026-07-07 08:00:00,123.01054162946059
2026-07-07 09:00:00,124.81264910432105
2026-07-07 10:00:00,125.11953692237091
2026-07-07 11:00:00,126.67465013852625
2026-07-07 12:00:00,118.9446718103612
2026-07-07 13:00:00,117.32950559703819
2026-07-07 14:00:00,122.19972488979822
2026-07-07 15:00:00,122.2476198173567
2026-07-07 16:00:00,119.63068592808368
2026-07-07 17:00:00,122.98172156864455
2026-07-07 18:00:00,121.33157407885264
2026-07-07 19:00:00,120.01006931154842
2026-07-07 20:00:00,122.96226478837289
2026-07-07 21:00:00,122.36002065038751
2026-07-07 22:00:00,122.72624688996001
2026-07-07 23:00:00,121.104679408854
2026-07-08 00:00:00,119.9993029918601
2026-07-08 01:00:00,124.23864464688234
2026-07-08 02:00:00,119.07944300366769
2026-07-08 03:00:00,125.5433296977202
2026-07-08 04:00:00,124.5951262579477
2026-07-08 05:00:00,123.44021664632906
2026-07-08 06:00:00,121.26432649160967
2026-07-08 07:00:00,124.07928130021737
2026-07-08 08:00:00,121.45616184880525
2026-07-08 09:00:00,124.89855595663677
2026-07-08 10:00:00,125.03354302408479
2026-07-08 11:00:00,121.33114555049548
2026-07-08 12:00:00,121.58995426350012
2026-07-08 13:00:00,122.05437731049386
2026-07-08 14:00:00,119.70626212805743
2026-07-08 15:00:00,127.39197371512293
2026-07-08 16:00:00,121.74329486160993
2026-07-08 17:00:00,123.22702297210631
2026-07-08 18:00:00,126.6597333016577
2026-07-08 19:00:00,121.95205991715048
2026-07-08 20:00:00,122.36090833978814
2026-07-08 21:00:00,122.34894062626552
2026-07-08 22:00:00,123.35227228150251
2026-07-08 23:00:00,119.93154715773264
2026-07-09 00:00:00,119.33685519860104
2026-07-09 01:00:00,116.6341055960969
2026-07-09 02:00:00,126.41453568085696
2026-07-09 03:00:00,120.45316824257077
2026-07-09 04:00:00,122.65988856239915
2026-07-09 05:00:00,114.46262501399873
2026-07-09 06:00:00,123.67920356388696
2026-07-09 07:00:00,122.08080232579618
2026-07-09 08:00:00,121.30792503482536
2026-07-09 09:00:00,126.97836480969032
2026-07-09 10:00:00,121.85619301350955
2026-07-09 11:00:00,122.39495765281265
2026-07-09 12:00:00,122.31460080484835
2026-07-09 13:00:00,120.88287180822601
2026-07-09 14:00:00,114.23916076443159
2026-07-09 15:00:00,122.78163799500042
2026-07-09 16:00:00,121.35979268225168
2026-07-09 17:00:00,125.05872295651844
2026-07-09 18:00:00,122.57879325701397
2026-07-09 19:00:00,125.34633668044907
2026-07-09 20:00:00,119.26536822682797
2026-07-09 21:00:00,120.46621643249682
2026-07-09 22:00:00,119.18114539119514
2026-07-09 23:00:00,119.55698349351432
2026-07-10 00:00:00,120.07880954102265
2026-07-10 01:00:00,119.02153622360349
2026-07-10 02:00:00,119.79229319672183
2026-07-10 03:00:00,120.84783959890015
2026-07-10 04:00:00,120.49410499400545
2026-07-10 05:00:00,118.7930999926137
2026-07-10 06:00:00,119.51084388684575
2026-07-10 07:00:00,120.31690714699006
2026-07-10 08:00:00,118.75066419769226
2026-07-10 09:00:00,120.3256231119763
2026-07-10 10:00:00,120.24647795596496
2026-07-10 11:00:00,120.96930448705322
2026-07-10 12:00:00,119.76236107903469
2026-07-10 13:00:00,121.74911936246974
2026-07-10 14:00:00,120.27512139820395
2026-07-10 15:00:00,120.91852014397409
2026-07-10 16:00:00,118.77874040756132
2026-07-10 17:00:00,118.07674456584986
2026-07-10 18:00:00,119.31299508441597
2026-07-10 19:00:00,118.15100111665534
2026-07-10 20:00:00,119.01455353744099
2026-07-10 21:00:00,119.37407076331984
2026-07-10 22:00:00,116.93562288332296
2026-07-10 23:00:00,123.12893056302141
2026-07-11 00:00:00,119.09351047879838
2026-07-11 01:00:00,122.04857374053606
2026-07-11 02:00:00,119.31639946942697
2026-07-11 03:00:00,123.60289868823328
2026-07-11 04:00:00,122.6757464867729
2026-07-11 05:00:00,124.78846451506698
2026-07-11 06:00:00,120.32549019595521
2026-07-11 07:00:00,125.75525388864452
2026-07-11 08:00:00,123.72039754785652
2026-07-11 09:00:00,124.69709484760935
2026-07-11 10:00:00,118.03867830293433
2026-07-11 11:00:00,117.97097154500435
2026-07-11 12:00:00,121.98707248718158
2026-07-11 13:00:00,119.13079914164126
2026-07-11 14:00:00,123.66529094596062
2026-07-11 15:00:00,122.28880033676629
2026-07-11 16:00:00,118.56629247884858
2026-07-11 17:00:00,127.3299436810701
2026-07-11 18:00:00,120.45438059482204
2026-07-11 19:00:00,121.54875176807866
2026-07-11 20:00:00,121.65279835689756
2026-07-11 21:00:00,120.08144649034108
2026-07-11 22:00:00,124.39045063714909
2026-07-11 23:00:00,118.38404468128857
2026-07-12 00:00:00,123.51618932227879
2026-07-12 01:00:00,121.76206805039968
2026-07-12 02:00:00,120.32554694524504
2026-07-12 03:00:00,127.74726189763534
2026-07-12 04:00:00,118.97102724690495
2026-07-12 05:00:00,123.71945155515701
2026-07-12 06:00:00,122.97092314231291
2026-07-12 07:00:00,121.40775867334796
2026-07-12 08:00:00,122.72424966024829
2026-07-12 09:00:00,122.68653543187989
2026-07-12 10:00:00,126.70947941348273
2026-07-12 11:00:00,120.52942070621368
2026-07-12 12:00:00,125.48349368763215
2026-07-12 13:00:00,121.7411271451084
2026-07-12 14:00:00,125.07585374889462
2026-07-12 15:00:00,122.43030882054087
2026-07-12 16:00:00,119.7743354087403
2026-07-12 17:00:00,119.41285236958069
2026-07-12 18:00:00,113.34427262899956
2026-07-12 19:00:00,122.63551312682364
2026-07-12 20:00:00,121.56900221182782
2026-07-12 21:00:00,121.64322136037738
2026-07-12 22:00:00,116.76007587366223
2026-07-12 23:00:00,119.27223523837536
2026-07-13 00:00:00,123.34929908604322
2026-07-13 01:00:00,119.13193735789704
2026-07-13 02:00:00,121.33968027272104
2026-07-13 03:00:00,123.9581551811279
2026-07-13 04:00:00,123.08806466733509
2026-07-13 05:00:00,119.36622084256939
2026-07-13 06:00:00,122.02279541815061
2026-07-13 07:00:00,122.88770735428699
2026-07-13 08:00:00,121.46554267119188
2026-07-13 09:00:00,125.21104158315184
2026-07-13 10:00:00,121.67020885686543
2026-07-13 11:00:00,119.26089730389162
2026-07-13 12:00:00,122.34922663859714
2026-07-13 13:00:00,125.21057645986649
2026-07-13 14:00:00,117.38888229031608
2026-07-13 15:00:00,121.77073916458374
2026-07-13 16:00:00,117.5028414586522
2026-07-13 17:00:00,121.03357805830989
2026-07-13 18:00:00,116.37809809186032
2026-07-13 19:00:00,126.34526541460266
2026-07-13 20:00:00,118.3365811704644
2026-07-13 21:00:00,121.8625442921514
2026-07-13 22:00:00,125.93132598869354
2026-07-13 23:00:00,126.29282049675622
2026-07-14 00:00:00,123.10700324449033
2026-07-14 01:00:00,125.78564358109358
2026-07-14 02:00:00,124.19279811126256
2026-07-14 03:00:00,122.29308284138749
2026-07-14 04:00:00,121.82023649607203
2026-07-14 05:00:00,121.50163244557106
2026-07-14 06:00:00,126.40678194477847
2026-07-14 07:00:00,125.33092190462789
2026-07-14 08:00:00,120.54946687290857
2026-07-14 09:00:00,126.80462349928735
2026-07-14 10:00:00,124.94182247951446
2026-07-14 11:00:00,125.89095688404743
2026-07-14 12:00:00,120.04130127204783
2026-07-14 13:00:00,118.71347652857462
2026-07-14 14:00:00,121.09719525098797
2026-07-14 15:00:00,119.85049818303025
2026-07-14 16:00:00,120.26140497656785
2026-07-14 17:00:00,119.97241999760166
2026-07-14 18:00:00,124.83238135527637
2026-07-14 19:00:00,120.31115468236843
2026-07-14 20:00:00,123.7673118941125
2026-07-14 21:00:00,122.52512787898976
2026-07-14 22:00:00,122.5909211116445
2026-07-14 23:00:00,123.01445822705074
2026-07-15 00:00:00,120.21144858819892
2026-07-15 01:00:00,123.65938634297018
2026-07-15 02:00:00,119.61136435983639
2026-07-15 03:00:00,124.38239811207688
2026-07-15 04:00:00,124.74484938481305
2026-07-15 05:00:00,122.46337004266333
2026-07-15 06:00:00,123.69922961961271
2026-07-15 07:00:00,123.04676435784276
2026-07-15 08:00:00,122.37893142744392
2026-07-15 09:00:00,125.45605116694496
2026-07-15 10:00:00,125.19517075468583
2026-07-15 11:00:00,121.30940933237969
2026-07-15 12:00:00,121.12998136124483
2026-07-15 13:00:00,120.1439234088965
2026-07-15 14:00:00,122.79534985390691
2026-07-15 15:00:00,125.52915160988279
2026-07-15 16:00:00,120.82153929482061
2026-07-15 17:00:00,123.7562817569175
2026-07-15 18:00:00,126.99195022187905
2026-07-15 19:00:00,120.78041196162727
2026-07-15 20:00:00,125.90292358558486
2026-07-15 21:00:00,123.5632299668884
2026-07-15 22:00:00,122.22196232413543
2026-07-15 23:00:00,117.14531526956969
2026-07-16 00:00:00,118.22957704948826
2026-07-16 01:00:00,115.64706750563906
2026-07-16 02:00:00,125.46480575194266
2026-07-16 03:00:00,120.7673122589099
2026-07-16 04:00:00,118.71540257276145
2026-07-16 05:00:00,118.04512150984527
2026-07-16 06:00:00,125.97234092281488
2026-07-16 07:00:00,122.33204147443726
2026-07-16 08:00:00,120.67691291380771
2026-07-16 09:00:00,125.23758684963533
2026-07-16 10:00:00,120.15316255996042
2026-07-16 11:00:00,121.56510485242356
2026-07-16 12:00:00,123.01700034370764
2026-07-16 13:00:00,122.881898377167
2026-07-16 14:00:00,118.79820112228514
2026-07-16 15:00:00,124.59248898057729
2026-07-16 16:00:00,122.08806745783276
2026-07-16 17:00:00,122.939096616439
2026-07-16 18:00:00,122.07532900548419
2026-07-16 19:00:00,124.53729095715045
2026-07-16 20:00:00,120.86756891470974
2026-07-16 21:00:00,122.3125534532719
2026-07-16 22:00:00,120.46514238790813
2026-07-16 23:00:00,120.87139365465569
2026-07-17 00:00:00,119.90308910678188
2026-07-17 01:00:00,123.55667188224598
2026-07-17 02:00:00,119.66386392022511
2026-07-17 03:00:00,120.16462569224677
2026-07-17 04:00:00,120.54365074351529
2026-07-17 05:00:00,118.85778624476254
2026-07-17 06:00:00,118.51147435966313
2026-07-17 07:00:00,120.70148177658687
2026-07-17 08:00:00,118.93464056238845
2026-07-17 09:00:00,119.28106475888603
2026-07-17 10:00:00,119.35361651090432
2026-07-17 11:00:00,119.37987674620028
2026-07-17 12:00:00,119.1902777768897
2026-07-17 13:00:00,119.87930081250326
2026-07-17 14:00:00,119.89338456467469
2026-07-17 15:00:00,119.52244153861986
2026-07-17 16:00:00,120.3326508853393
2026-07-17 17:00:00,119.34285544452068
2026-07-17 18:00:00,120.343425868722
2026-07-17 19:00:00,119.0729093450023
2026-07-17 20:00:00,119.10667992928259
2026-07-17 21:00:00,120.27271256773885
2026-07-17 22:00:00,121.66761314930343
2026-07-17 23:00:00,118.10135012114557
2026-07-18 00:00:00,118.16989337974718
2026-07-18 01:00:00,119.01023427457
2026-07-18 02:00:00,118.89023636239207
2026-07-18 03:00:00,124.18030919028386
2026-07-18 04:00:00,120.39824019222849
2026-07-18 05:00:00,119.44961234493046
2026-07-18 06:00:00,121.09896753768567
2026-07-18 07:00:00,126.66600972404795
2026-07-18 08:00:00,122.5748786439953
2026-07-18 09:00:00,123.68506609749838
2026-07-18 10:00:00,119.78804661736037
2026-07-18 11:00:00,120.9207266747134
2026-07-18 12:00:00,123.46600077890366
2026-07-18 13:00:00,121.10303971667369
2026-07-18 14:00:00,122.24581756640929
2026-07-18 15:00:00,122.15734849549227
2026-07-18 16:00:00,120.43176048581643
2026-07-18 17:00:00,127.33840597988129
2026-07-18 18:00:00,122.86422430816557
2026-07-18 19:00:00,122.47638426233894
2026-07-18 20:00:00,123.28896193374182
2026-07-18 21:00:00,117.67436035083696
2026-07-18 22:00:00,125.98811354066889
2026-07-18 23:00:00,120.43469181680527
2026-07-19 00:00:00,126.80504208647766
2026-07-19 01:00:00,125.51457025740143
2026-07-19 02:00:00,121.3908264698706
2026-07-19 03:00:00,128.84062731488478
2026-07-19 04:00:00,119.81526466439904
2026-07-19 05:00:00,124.06508716838806
2026-07-19 06:00:00,122.44312335199818
2026-07-19 07:00:00,119.00466303181
2026-07-19 08:00:00,122.44105057736698
2026-07-19 09:00:00,121.19525026171132
2026-07-19 10:00:00,125.98545273362281
2026-07-19 11:00:00,121.39534460126035
2026-07-19 12:00:00,126.1513072543226
2026-07-19 13:00:00,120.3159072109111
2026-07-19 14:00:00,126.45470234538594
2026-07-19 15:00:00,119.47762568295553
2026-07-19 16:00:00,120.75274887013245
2026-07-19 17:00:00,118.57688477336586
2026-07-19 18:00:00,114.25887454937747
2026-07-19 19:00:00,123.14212376970272
2026-07-19 20:00:00,122.22088247985995
2026-07-19 21:00:00,122.58490124500223
2026-07-19 22:00:00,118.33356834542496
2026-07-19 23:00:00,118.81959589347684
2026-07-20 00:00:00,125.26259892425061
2026-07-20 01:00:00,119.57004458825571
2026-07-20 02:00:00,120.5240385388308
2026-07-20 03:00:00,122.48819273821856
2026-07-20 04:00:00,121.69597424570853
2026-07-20 05:00:00,121.67955230085441
2026-07-20 06:00:00,122.21849089645315
2026-07-20 07:00:00,122.58596916170613
2026-07-20 08:00:00,124.14680640456031
2026-07-20 09:00:00,122.72537102474755
2026-07-20 10:00:00,122.26098451158214
2026-07-20 11:00:00,121.99342938715384
2026-07-20 12:00:00,122.88488956420683
2026-07-20 13:00:00,127.42868025686477
2026-07-20 14:00:00,118.290636122755
2026-07-20 15:00:00,122.10735602645647
2026-07-20 16:00:00,118.6369435534805
2026-07-20 17:00:00,121.83308398539566
2026-07-20 18:00:00,117.38742576377737
2026-07-20 19:00:00,126.39688667510238
2026-07-20 20:00:00,119.2322417925224
2026-07-20 21:00:00,120.96746684946682
2026-07-20 22:00:00,124.73388381986452
2026-07-20 23:00:00,127.58490239346057
2026-07-21 00:00:00,123.34251655406241
2026-07-21 01:00:00,122.33017813374911
2026-07-21 02:00:00,125.22701570728503
2026-07-21 03:00:00,123.27811917754943
2026-07-21 04:00:00,123.56944360385889
2026-07-21 05:00:00,120.54235222636333
2026-07-21 06:00:00,126.99485534071464
2026-07-21 07:00:00,122.02635433856797
2026-07-21 08:00:00,122.04144567204786
2026-07-21 09:00:00,124.31961594304258
2026-07-21 10:00:00,125.66913360031121
2026-07-21 11:00:00,124.824422143613
2026-07-21 12:00:00,120.1750034407211
2026-07-21 13:00:00,118.8047500902027
2026-07-21 14:00:00,118.46498721860232
2026-07-21 15:00:00,122.81030898500121
2026-07-21 16:00:00,124.0448142662963
2026-07-21 17:00:00,121.3380452170077
2026-07-21 18:00:00,124.95486674185159
2026-07-21 19:00:00,120.37277823693667
2026-07-21 20:00:00,122.20345608216363
2026-07-21 21:00:00,123.90432706491988
2026-07-21 22:00:00,120.02722235769838
2026-07-21 23:00:00,121.11523884261183
2026-07-22 00:00:00,118.83095348301849
2026-07-22 01:00:00,120.65002070764697
2026-07-22 02:00:00,117.48926368211048
2026-07-22 03:00:00,125.55199473127442
2026-07-22 04:00:00,124.6756542127868
2026-07-22 05:00:00,121.19765046753172
2026-07-22 06:00:00,121.39597231524908
2026-07-22 07:00:00,126.10755412101929
2026-07-22 08:00:00,121.5380899791518
2026-07-22 09:00:00,126.36444780654992
2026-07-22 10:00:00,127.2790623061281
2026-07-22 11:00:00,122.30729391334846
2026-07-22 12:00:00,122.26991531704647
2026-07-22 13:00:00,122.54187629680705
2026-07-22 14:00:00,123.33839180640274
2026-07-22 15:00:00,126.77266435592944
2026-07-22 16:00:00,122.72482986605348
2026-07-22 17:00:00,124.75077608406778
2026-07-22 18:00:00,124.50887933935972
2026-07-22 19:00:00,123.87497422193546
2026-07-22 20:00:00,127.15378620836493
2026-07-22 21:00:00,122.70741840734694
2026-07-22 22:00:00,122.08186348761615
2026-07-22 23:00:00,119.43639359411787
2026-07-23 00:00:00,118.76716831527732
2026-07-23 01:00:00,117.11940613737723
2026-07-23 02:00:00,127.42789542255562
2026-07-23 03:00:00,119.31152463803318
2026-07-23 04:00:00,120.06260028834119
2026-07-23 05:00:00,120.08670162055776
2026-07-23 06:00:00,124.18823348396195
2026-07-23 07:00:00,121.92958682307952
2026-07-23 08:00:00,121.62513854854035
2026-07-23 09:00:00,125.68638447755839
2026-07-23 10:00:00,122.24326612475221
2026-07-23 11:00:00,120.89445208660305
2026-07-23 12:00:00,121.00589289433265
2026-07-23 13:00:00,123.51138408359505
2026-07-23 14:00:00,117.2390904251308
2026-07-23 15:00:00,122.49911958032862
2026-07-23 16:00:00,120.28637545527312
2026-07-23 17:00:00,124.25314778255895
2026-07-23 18:00:00,122.97614343457663
2026-07-23 19:00:00,123.7518827172625
2026-07-23 20:00:00,120.99301559028525
2026-07-23 21:00:00,120.30551152115771
2026-07-23 22:00:00,120.01192811422587
2026-07-23 23:00:00,119.24782848955802
2026-07-24 00:00:00,117.4447654890014
2026-07-24 01:00:00,119.07545320746516
2026-07-24 02:00:00,121.72503130647164
2026-07-24 03:00:00,119.95200359629996
2026-07-24 04:00:00,120.25504475326937
2026-07-24 05:00:00,121.71841158161507
2026-07-24 06:00:00,119.13784536887788
2026-07-24 07:00:00,119.56229417958644
2026-07-24 08:00:00,121.84504227510108
2026-07-24 09:00:00,120.02840464108608
2026-07-24 10:00:00,122.17778523624278
2026-07-24 11:00:00,121.0028888424259
2026-07-24 12:00:00,118.41967335474796
2026-07-24 13:00:00,121.7566791233375
2026-07-24 14:00:00,118.25833090041695
2026-07-24 15:00:00,120.3155698184919
2026-07-24 16:00:00,120.44537956553081
2026-07-24 17:00:00,119.71975821050691
2026-07-24 18:00:00,120.408228099233
2026-07-24 19:00:00,119.85900473807163
2026-07-24 20:00:00,117.25306725601317
2026-07-24 21:00:00,119.10686314219213
2026-07-24 22:00:00,121.26618216267528
2026-07-24 23:00:00,119.9123474099764
2026-07-25 00:00:00,120.3655287869997
2026-07-25 01:00:00,119.40047012962007
2026-07-25 02:00:00,120.30323859129052
2026-07-25 03:00:00,121.27654889455616
2026-07-25 04:00:00,124.906255428121
2026-07-25 05:00:00,121.3248825304907
2026-07-25 06:00:00,120.14987894110834
2026-07-25 07:00:00,123.44042051743284
2026-07-25 08:00:00,125.0236899817335
2026-07-25 09:00:00,125.51028424004933
2026-07-25 10:00:00,118.61673733866655
2026-07-25 11:00:00,119.28419497812126
2026-07-25 12:00:00,123.42272018769606
2026-07-25 13:00:00,120.17165270258378
2026-07-25 14:00:00,122.01314965218914
2026-07-25 15:00:00,122.69835758040881
2026-07-25 16:00:00,120.0435787174934
2026-07-25 17:00:00,126.9641025431261
2026-07-25 18:00:00,121.39355813715736
2026-07-25 19:00:00,122.01575175119805
2026-07-25 20:00:00,120.5244177219161
2026-07-25 21:00:00,121.32658023913106
2026-07-25 22:00:00,125.31712183480843
2026-07-25 23:00:00,119.6471634119209
2026-07-26 00:00:00,124.74569054485062
2026-07-26 01:00:00,122.91892849595784
2026-07-26 02:00:00,119.90521320125268
2026-07-26 03:00:00,125.9893122381757
2026-07-26 04:00:00,121.28394469729382
2026-07-26 05:00:00,123.7760134847999
2026-07-26 06:00:00,123.04772429521961
2026-07-26 07:00:00,121.31387475029268
2026-07-26 08:00:00,123.19848958877853
2026-07-26 09:00:00,122.05232884994143
2026-07-26 10:00:00,124.67704379045107
2026-07-26 11:00:00,118.70618200425005
2026-07-26 12:00:00,123.9766160781224
2026-07-26 13:00:00,120.40363520971133
2026-07-26 14:00:00,125.59242883433154
2026-07-26 15:00:00,119.56203316057235
2026-07-26 16:00:00,121.82207155823738
2026-07-26 17:00:00,120.37001325492332
2026-07-26 18:00:00,116.23815833574838
2026-07-26 19:00:00,124.73412968937632
2026-07-26 20:00:00,123.845506333792
2026-07-26 21:00:00,124.23476357642704
2026-07-26 22:00:00,118.06119882777558
2026-07-26 23:00:00,118.79062289481125
2026-07-27 00:00:00,125.32255363693682
2026-07-27 01:00:00,118.82518105855455
2026-07-27 02:00:00,120.33530051084577
2026-07-27 03:00:00,121.19311535645197
2026-07-27 04:00:00,122.13536841587633
2026-07-27 05:00:00,118.29928452403215
2026-07-27 06:00:00,124.25031533636837
2026-07-27 07:00:00,120.20480011270993
2026-07-27 08:00:00,122.3463012478511
2026-07-27 09:00:00,123.17937954833619
2026-07-27 10:00:00,121.1362692743507
2026-07-27 11:00:00,121.06714933851651
2026-07-27 12:00:00,122.45773040302421
2026-07-27 13:00:00,126.42660278545254
2026-07-27 14:00:00,116.37816604417719
2026-07-27 15:00:00,123.16630366957881
2026-07-27 16:00:00,117.25398438295974
2026-07-27 17:00:00,122.49501319150363
2026-07-27 18:00:00,115.92618480340235
2026-07-27 19:00:00,124.96699794554027
2026-07-27 20:00:00,120.71895930853991
2026-07-27 21:00:00,122.24652485060724
2026-07-27 22:00:00,122.71025710197841
2026-07-27 23:00:00,126.61201105509267
2026-07-28 00:00:00,122.30311113845418
2026-07-28 01:00:00,125.16219070809973
2026-07-28 02:00:00,125.13900694247025
2026-07-28 03:00:00,122.23656822126046
2026-07-28 04:00:00,123.69600469251122
2026-07-28 05:00:00,124.5648398299293
2026-07-28 06:00:00,125.71455107770218
2026-07-28 07:00:00,125.62386220771157
2026-07-28 08:00:00,121.70265722459689
2026-07-28 09:00:00,125.79547445165157
2026-07-28 10:00:00,123.78952846524264
2026-07-28 11:00:00,123.86331346767113
2026-07-28 12:00:00,121.05182348192606
2026-07-28 13:00:00,116.24033328547017
2026-07-28 14:00:00,123.50575734221123
2026-07-28 15:00:00,123.73136997263798
2026-07-28 16:00:00,121.58342108548437
2026-07-28 17:00:00,119.75353081620291
2026-07-28 18:00:00,123.4770511936517
2026-07-28 19:00:00,120.06968315668897
2026-07-28 20:00:00,122.87860702280602
2026-07-28 21:00:00,124.24042588086039
2026-07-28 22:00:00,121.09066155430877
2026-07-28 23:00:00,120.34025080453185
2026-07-29 00:00:00,117.72942605254367
2026-07-29 01:00:00,124.00637150762324
2026-07-29 02:00:00,119.81757515962796
2026-07-29 03:00:00,124.76486421117568
2026-07-29 04:00:00,124.85085395813621
2026-07-29 05:00:00,121.99470585184197
2026-07-29 06:00:00,121.46995989137389
2026-07-29 07:00:00,124.58794689308115
2026-07-29 08:00:00,121.11437167321179
2026-07-29 09:00:00,123.673487135184
2026-07-29 10:00:00,125.77053810950467
2026-07-29 11:00:00,120.28944582057724
2026-07-29 12:00:00,121.970338954713
2026-07-29 13:00:00,122.42976458889271
2026-07-29 14:00:00,122.57067213409721
2026-07-29 15:00:00,125.23922364074929
2026-07-29 16:00:00,123.17883639319058
2026-07-29 17:00:00,124.15305030438168
2026-07-29 18:00:00,126.11011632385213
2026-07-29 19:00:00,124.28651122217921
2026-07-29 20:00:00,127.27975957410627
2026-07-29 21:00:00,123.45308989365157
2026-07-29 22:00:00,122.44986316884282
2026-07-29 23:00:00,119.9589594205026
2026-07-30 00:00:00,118.80006320744039
2026-07-30 01:00:00,115.0004901843682
2026-07-30 02:00:00,126.20661779371612
2026-07-30 03:00:00,121.38170256331568
2026-07-30 04:00:00,119.86830429542854
2026-07-30 05:00:00,116.09337489179634
2026-07-30 06:00:00,124.4840645889089
2026-07-30 07:00:00,122.72059390701628
2026-07-30 08:00:00,123.22562115703388
2026-07-30 09:00:00,126.03059125207508
2026-07-30 10:00:00,121.3888074994849
2026-07-30 11:00:00,120.5965614081428
2026-07-30 12:00:00,122.40071585192558
2026-07-30 13:00:00,122.94162852513394
2026-07-30 14:00:00,116.95311909479152
2026-07-30 15:00:00,124.03814623186535
2026-07-30 16:00:00,122.55939994228356
2026-07-30 17:00:00,123.32836990454165
2026-07-30 18:00:00,123.73150439360776
2026-07-30 19:00:00,124.14492519190857
2026-07-30 20:00:00,120.09927554531869
2026-07-30 21:00:00,121.72989910476727
2026-07-30 22:00:00,120.47712529235504
2026-07-30 23:00:00,120.71400000016867
2026-07-31 00:00:00,118.50871677894847
2026-07-31 01:00:00,120.21699685718205
2026-07-31 02:00:00,121.07130184808646
2026-07-31 03:00:00,120.766438804865
2026-07-31 04:00:00,119.3585246998611
2026-07-31 05:00:00,120.4019631754679
2026-07-31 06:00:00,120.31828103294112
2026-07-31 07:00:00,122.20013985084493
2026-07-31 08:00:00,120.7469502608607
2026-07-31 09:00:00,118.61880847773914
2026-07-31 10:00:00,119.65292149259581
2026-07-31 11:00:00,120.41672261787724
2026-07-31 12:00:00,118.90739474564577
2026-07-31 13:00:00,118.30803086322106
2026-07-31 14:00:00,116.8207550183339
2026-07-31 15:00:00,120.35168511443162
2026-07-31 16:00:00,120.41427849985314
2026-07-31 17:00:00,119.78633598504987
2026-07-31 18:00:00,120.27698560257629
2026-07-31 19:00:00,121.19432431218414
2026-07-31 20:00:00,120.83175462214813
2026-07-31 21:00:00,119.67448745974208
2026-07-31 22:00:00,120.1217728420261
2026-07-31 23:00:00,118.9330457211181
2026-08-01 00:00:00,120.91091071791837
2026-08-01 01:00:00,123.42605622562584
2026-08-01 02:00:00,123.69833183747507
2026-08-01 03:00:00,125.82619902084815
2026-08-01 04:00:00,125.21663659821473
2026-08-01 05:00:00,124.4200104457889
2026-08-01 06:00:00,122.35003425348043
2026-08-01 07:00:00,129.37248133323166
2026-08-01 08:00:00,125.0224739908848
2026-08-01 09:00:00,129.6476199299512
2026-08-01 10:00:00,125.04649914479182
2026-08-01 11:00:00,123.90010384242248
2026-08-01 12:00:00,125.64701674775722
2026-08-01 13:00:00,123.37416135848095
2026-08-01 14:00:00,126.93415247551198
2026-08-01 15:00:00,128.03387629009183
2026-08-01 16:00:00,123.68660536070038
2026-08-01 17:00:00,131.07827737784274
2026-08-01 18:00:00,124.42388434794252
2026-08-01 19:00:00,125.75012598154254
2026-08-01 20:00:00,125.79553515971887
2026-08-01 21:00:00,123.09901475828187
2026-08-01 22:00:00,126.51167324019639
2026-08-01 23:00:00,122.26498763647352
2026-08-02 00:00:00,129.53150367265317
2026-08-02 01:00:00,127.11355701481627
2026-08-02 02:00:00,122.91042780730209
2026-08-02 03:00:00,132.45705611367094
2026-08-02 04:00:00,122.88336335484541
2026-08-02 05:00:00,126.28122876962686
2026-08-02 06:00:00,125.31433108023869
2026-08-02 07:00:00,124.40299770499365
2026-08-02 08:00:00,125.23828924878993
2026-08-02 09:00:00,126.35256636413214
2026-08-02 10:00:00,132.89627567183126
2026-08-02 11:00:00,125.83125873744504
2026-08-02 12:00:00,126.87317362214381
2026-08-02 13:00:00,127.94343154878212
2026-08-02 14:00:00,133.2539436465126
2026-08-02 15:00:00,127.5116143504165
2026-08-02 16:00:00,124.28526519657183
2026-08-02 17:00:00,121.77077207015051
2026-08-02 18:00:00,119.05147055336813
2026-08-02 19:00:00,126.84518161522236
2026-08-02 20:00:00,124.98240266991166
2026-08-02 21:00:00,130.10166604025872
2026-08-02 22:00:00,122.40562421643335
2026-08-02 23:00:00,121.06081137181816
2026-08-03 00:00:00,129.72831967495554
2026-08-03 01:00:00,122.79706239970486
2026-08-03 02:00:00,122.19132435006347
2026-08-03 03:00:00,125.59877746914893
2026-08-03 04:00:00,125.96709270142424
2026-08-03 05:00:00,122.62496971119795
2026-08-03 06:00:00,123.5335990846354
2026-08-03 07:00:00,124.69328771003892
2026-08-03 08:00:00,126.32428798005137
2026-08-03 09:00:00,128.32735073278337
2026-08-03 10:00:00,125.91439936378752
2026-08-03 11:00:00,125.07284882000936
2026-08-03 12:00:00,128.03520448276976
2026-08-03 13:00:00,128.98082592772863
2026-08-03 14:00:00,118.58456120276992
2026-08-03 15:00:00,128.01646690015173
2026-08-03 16:00:00,122.22793952242421
2026-08-03 17:00:00,127.36128058806214
2026-08-03 18:00:00,118.057984262627
2026-08-03 19:00:00,131.45074192808374
2026-08-03 20:00:00,123.06089232393495
2026-08-03 21:00:00,125.93723112514823
2026-08-03 22:00:00,126.26493519371968
2026-08-03 23:00:00,127.8682477885313
2026-08-04 00:00:00,125.61586523891984
2026-08-04 01:00:00,127.60307619309887
2026-08-04 02:00:00,129.20427600351422
2026-08-04 03:00:00,128.00110271275375
2026-08-04 04:00:00,128.43614870878264
2026-08-04 05:00:00,125.94187245576553
2026-08-04 06:00:00,130.3957816642752
2026-08-04 07:00:00,126.97121021597071
2026-08-04 08:00:00,126.245247277291
2026-08-04 09:00:00,126.41720860501894
2026-08-04 10:00:00,129.51031951188162
2026-08-04 11:00:00,130.43923084808296
2026-08-04 12:00:00,125.70084139399114
2026-08-04 13:00:00,122.04444575332815
2026-08-04 14:00:00,125.6553279464784
2026-08-04 15:00:00,126.24933355995438
2026-08-04 16:00:00,125.48004999621621
2026-08-04 17:00:00,127.11769263015029
2026-08-04 18:00:00,125.37709556621222
2026-08-04 19:00:00,122.78461699587609
2026-08-04 20:00:00,127.21653887479683
2026-08-04 21:00:00,127.16277661237557
2026-08-04 22:00:00,123.00932204289774
2026-08-04 23:00:00,123.08415378995741
2026-08-05 00:00:00,121.22834791915096
2026-08-05 01:00:00,125.61937618930708
2026-08-05 02:00:00,122.25477225012297
2026-08-05 03:00:00,128.0872825561243
2026-08-05 04:00:00,129.42037526419614
2026-08-05 05:00:00,126.13713345058336
2026-08-05 06:00:00,127.78901749044691
2026-08-05 07:00:00,127.98954686775886
2026-08-05 08:00:00,123.48848324232955
2026-08-05 09:00:00,132.51842462067145
2026-08-05 10:00:00,129.1909160941214
2026-08-05 11:00:00,125.22639660621819
2026-08-05 12:00:00,125.52014844534081
2026-08-05 13:00:00,126.17864688030559
2026-08-05 14:00:00,126.38848279436428
2026-08-05 15:00:00,127.77742424881254
2026-08-05 16:00:00,127.22872322302689
2026-08-05 17:00:00,127.71090301929934
2026-08-05 18:00:00,128.8094027499029
2026-08-05 19:00:00,124.82319377385691
2026-08-05 20:00:00,130.65408715671907
2026-08-05 21:00:00,126.1300669589281
2026-08-05 22:00:00,124.23597486926555
2026-08-05 23:00:00,120.6547431066508
2026-08-06 00:00:00,122.92150836616796
2026-08-06 01:00:00,120.93448429942906
2026-08-06 02:00:00,131.36389173878575
2026-08-06 03:00:00,123.42410488862818
2026-08-06 04:00:00,123.20782025035957
2026-08-06 05:00:00,120.67566398567585
2026-08-06 06:00:00,127.47814486808915
2026-08-06 07:00:00,127.5925135257185
2026-08-06 08:00:00,125.18961420136
2026-08-06 09:00:00,129.77144074357824
2026-08-06 10:00:00,127.04849401592689
2026-08-06 11:00:00,125.23612241193102
2026-08-06 12:00:00,123.97641241382163
2026-08-06 13:00:00,124.28935421299073
2026-08-06 14:00:00,122.60689874663667
2026-08-06 15:00:00,125.90294699087845
2026-08-06 16:00:00,125.67151913379527
2026-08-06 17:00:00,127.15745877575272
2026-08-06 18:00:00,129.23826989577873
2026-08-06 19:00:00,128.45482853087924
2026-08-06 20:00:00,124.14744955168135
2026-08-06 21:00:00,122.86989200988234
2026-08-06 22:00:00,123.55242053825673
2026-08-06 23:00:00,122.85668031129946
2026-08-07 00:00:00,124.29782187843418
2026-08-07 01:00:00,124.59987175448912
2026-08-07 02:00:00,123.10548886217478
2026-08-07 03:00:00,123.04259178716633
2026-08-07 04:00:00,124.22655832034434
2026-08-07 05:00:00,123.16603005891551
2026-08-07 06:00:00,120.20429718741595
2026-08-07 07:00:00,124.46669565325269
2026-08-07 08:00:00,123.88394867170155
2026-08-07 09:00:00,123.46059031634628
2026-08-07 10:00:00,123.16584044576572
2026-08-07 11:00:00,122.55110878102676
2026-08-07 12:00:00,123.31259415634432
2026-08-07 13:00:00,124.96312306935344
2026-08-07 14:00:00,123.16170056932609
2026-08-07 15:00:00,123.08453188985136
2026-08-07 16:00:00,122.16286905742592
2026-08-07 17:00:00,123.7447679494939
2026-08-07 18:00:00,122.24771178821909
2026-08-07 19:00:00,122.67987042845296
2026-08-07 20:00:00,121.36335019562829
2026-08-07 21:00:00,124.37171793350123
2026-08-07 22:00:00,121.99263068838036
2026-08-07 23:00:00,122.85373387064631
2026-08-08 00:00:00,120.74740792588929
2026-08-08 01:00:00,125.64558645275055
2026-08-08 02:00:00,123.65667257158023
2026-08-08 03:00:00,127.57610652090803
2026-08-08 04:00:00,125.8623396820264
2026-08-08 05:00:00,126.45299467015423
2026-08-08 06:00:00,125.36773079671354
2026-08-08 07:00:00,129.17930234745666
2026-08-08 08:00:00,125.75593857201851
2026-08-08 09:00:00,128.12719701509945
2026-08-08 10:00:00,121.50313679154095
2026-08-08 11:00:00,124.51562131516562
2026-08-08 12:00:00,127.91440331908123
2026-08-08 13:00:00,123.67460193825721
2026-08-08 14:00:00,125.48209537264088
2026-08-08 15:00:00,126.44593014297405
2026-08-08 16:00:00,126.18629889429779
2026-08-08 17:00:00,131.21595022245876
2026-08-08 18:00:00,126.96825746582492
2026-08-08 19:00:00,123.98906521321524
2026-08-08 20:00:00,126.44978625828554
2026-08-08 21:00:00,125.06761761787868
2026-08-08 22:00:00,127.07147501518618
2026-08-08 23:00:00,123.07620993899778
2026-08-09 00:00:00,127.63140835242108
2026-08-09 01:00:00,130.73943290120096
2026-08-09 02:00:00,122.70673641439713
2026-08-09 03:00:00,130.85939441043678
2026-08-09 04:00:00,120.52925172262326
2026-08-09 05:00:00,126.42925310948274
2026-08-09 06:00:00,125.20575713194668
2026-08-09 07:00:00,129.3875972911511
2026-08-09 08:00:00,124.5447134426531
2026-08-09 09:00:00,124.47650514991726
2026-08-09 10:00:00,130.1055020430033
2026-08-09 11:00:00,124.55914651689
2026-08-09 12:00:00,127.62214940173058
2026-08-09 13:00:00,125.71404215451835
2026-08-09 14:00:00,129.02294878343386
2026-08-09 15:00:00,128.348183120628
2026-08-09 16:00:00,125.02291575600174
2026-08-09 17:00:00,127.46472846756109
2026-08-09 18:00:00,119.58913405910614
2026-08-09 19:00:00,127.07000975329287
2026-08-09 20:00:00,123.22905721237689
2026-08-09 21:00:00,129.07902433342335
2026-08-09 22:00:00,120.26228686036934
2026-08-09 23:00:00,121.25888270824069
2026-08-10 00:00:00,125.00378963210122
2026-08-10 01:00:00,121.58117354345316
2026-08-10 02:00:00,123.38191450031061
2026-08-10 03:00:00,124.86104968087204
2026-08-10 04:00:00,124.91980036747489
2026-08-10 05:00:00,125.81494221719626
2026-08-10 06:00:00,124.29803205357425
2026-08-10 07:00:00,123.4749709793213
2026-08-10 08:00:00,126.66434820603757
2026-08-10 09:00:00,128.32033638291014
2026-08-10 10:00:00,127.09432982320246
2026-08-10 11:00:00,126.16820841136285
2026-08-10 12:00:00,125.21668483967677
2026-08-10 13:00:00,130.58549914174412
2026-08-10 14:00:00,119.88746268366563
2026-08-10 15:00:00,124.86677057585459
2026-08-10 16:00:00,120.1622084152641
2026-08-10 17:00:00,126.40745891470328
2026-08-10 18:00:00,119.02047206616325
2026-08-10 19:00:00,132.55642848671894
2026-08-10 20:00:00,122.26557168489668
2026-08-10 21:00:00,124.61042169754805
2026-08-10 22:00:00,130.15334951935034
2026-08-10 23:00:00,128.45922128791153
2026-08-11 00:00:00,128.1489665344515
2026-08-11 01:00:00,125.69804234941596
2026-08-11 02:00:00,127.78648180686496
2026-08-11 03:00:00,126.17077643985492
2026-08-11 04:00:00,129.43090594383227
2026-08-11 05:00:00,126.68696207558142
2026-08-11 06:00:00,128.89106790396065
2026-08-11 07:00:00,124.14902901096279
2026-08-11 08:00:00,124.41739015454291
2026-08-11 09:00:00,127.61450649686955
2026-08-11 10:00:00,131.18588739621913
2026-08-11 11:00:00,129.13215503506075
2026-08-11 12:00:00,124.51337939134311
2026-08-11 13:00:00,123.47957352147137
2026-08-11 14:00:00,127.1609079673416
2026-08-11 15:00:00,125.13717910340208
2026-08-11 16:00:00,124.77271266100223
2026-08-11 17:00:00,125.10152641941298
2026-08-11 18:00:00,125.49084897934122
2026-08-11 19:00:00,125.07470627553323
2026-08-11 20:00:00,127.62525741056905
2026-08-11 21:00:00,125.90165496558502
2026-08-11 22:00:00,124.17480392310095
2026-08-11 23:00:00,124.77641582331793
2026-08-12 00:00:00,123.34441425236469
2026-08-12 01:00:00,126.07526373819019
2026-08-12 02:00:00,122.93956587715076
2026-08-12 03:00:00,129.02477802327397
2026-08-12 04:00:00,127.77841535523802
2026-08-12 05:00:00,125.37424019347931
2026-08-12 06:00:00,126.53435355369564
2026-08-12 07:00:00,125.0061189538548
2026-08-12 08:00:00,125.94028508667682
2026-08-12 09:00:00,127.74177475151312
2026-08-12 10:00:00,129.24865996605195
2026-08-12 11:00:00,124.19421940323659
2026-08-12 12:00:00,124.47026750272228
2026-08-12 13:00:00,125.70492072559219
2026-08-12 14:00:00,125.55796153847409
2026-08-12 15:00:00,127.27836962553253
2026-08-12 16:00:00,124.86158411901397
2026-08-12 17:00:00,126.14894413223587
2026-08-12 18:00:00,128.93577146374963
2026-08-12 19:00:00,127.53014790041851
2026-08-12 20:00:00,131.2829834153739
2026-08-12 21:00:00,126.98195187812505
2026-08-12 22:00:00,125.26000630752404
2026-08-12 23:00:00,120.81497682685786
2026-08-13 00:00:00,123.09991348557365
2026-08-13 01:00:00,119.8023840875473
2026-08-13 02:00:00,128.36747526944572
2026-08-13 03:00:00,126.41353976136918
2026-08-13 04:00:00,122.00210313763752
2026-08-13 05:00:00,121.26242970748652
2026-08-13 06:00:00,128.28520624663838
2026-08-13 07:00:00,123.85080554799032
2026-08-13 08:00:00,122.92285424538588
2026-08-13 09:00:00,127.8965328109117
2026-08-13 10:00:00,124.85298522542288
2026-08-13 11:00:00,126.56392146814581
2026-08-13 12:00:00,127.12673374764535
2026-08-13 13:00:00,127.73953086654286
2026-08-13 14:00:00,122.19458389724065
2026-08-13 15:00:00,124.91149458880037
2026-08-13 16:00:00,123.39664633543259
2026-08-13 17:00:00,127.67295805280473
2026-08-13 18:00:00,126.67843321807823
2026-08-13 19:00:00,130.12967221954014
2026-08-13 20:00:00,125.47264555852013
2026-08-13 21:00:00,124.60212734375014
2026-08-13 22:00:00,127.7596428491259
2026-08-13 23:00:00,124.25979955826675
2026-08-14 00:00:00,120.74105440587242
2026-08-14 01:00:00,125.30626600306647
2026-08-14 02:00:00,123.66252126903827
2026-08-14 03:00:00,126.30664624175859
2026-08-14 04:00:00,122.08686764682164
2026-08-14 05:00:00,124.45320529768355
2026-08-14 06:00:00,123.90222687206634
2026-08-14 07:00:00,122.75876624621324
2026-08-14 08:00:00,122.88875259515933
2026-08-14 09:00:00,123.73127688372914
2026-08-14 10:00:00,123.2607218438661
2026-08-14 11:00:00,124.84600556589483
2026-08-14 12:00:00,123.28957078788625
2026-08-14 13:00:00,121.7159262626396
2026-08-14 14:00:00,121.06889022022084
2026-08-14 15:00:00,123.22236508470303
2026-08-14 16:00:00,123.11447169327985
2026-08-14 17:00:00,121.97358604218779
2026-08-14 18:00:00,123.3512652295642
2026-08-14 19:00:00,123.06942568136458
2026-08-14 20:00:00,121.48224533648926
2026-08-14 21:00:00,122.3843216420097
2026-08-14 22:00:00,122.06062409098885
2026-08-14 23:00:00,121.85590784607538
2026-08-15 00:00:00,124.07190326239963
2026-08-15 01:00:00,123.61810383396066
2026-08-15 02:00:00,121.84576440305577
2026-08-15 03:00:00,125.67505246643498
2026-08-15 04:00:00,129.41172441152918
2026-08-15 05:00:00,123.32868141793318
2026-08-15 06:00:00,124.84652116627862
2026-08-15 07:00:00,129.03172508256125
2026-08-15 08:00:00,128.22017734398773
2026-08-15 09:00:00,130.1951696040461
2026-08-15 10:00:00,124.65365531081876
2026-08-15 11:00:00,120.34710105260889
2026-08-15 12:00:00,125.91222615458457
2026-08-15 13:00:00,123.3477392663155
2026-08-15 14:00:00,126.25873310898908
2026-08-15 15:00:00,129.23382074529906
2026-08-15 16:00:00,121.58579236758268
2026-08-15 17:00:00,127.8241165857763
2026-08-15 18:00:00,126.05327212491571
2026-08-15 19:00:00,126.48330761730257
2026-08-15 20:00:00,125.75571434765632
2026-08-15 21:00:00,122.13172858940297
2026-08-15 22:00:00,126.12037839856512
2026-08-15 23:00:00,121.31269206325109
2026-08-16 00:00:00,129.72791954380224
2026-08-16 01:00:00,128.09266844186442
2026-08-16 02:00:00,125.09537725694308
2026-08-16 03:00:00,131.4008435591481
2026-08-16 04:00:00,122.91265026528067
2026-08-16 05:00:00,125.14213593800092
2026-08-16 06:00:00,125.84122109757658
2026-08-16 07:00:00,124.10412144031251
2026-08-16 08:00:00,124.5483340758804
2026-08-16 09:00:00,125.9028750203646
2026-08-16 10:00:00,129.68010654617245
2026-08-16 11:00:00,124.42935870070514
2026-08-16 12:00:00,128.08853920911707
2026-08-16 13:00:00,127.6179770630624
2026-08-16 14:00:00,128.36195721572122
2026-08-16 15:00:00,126.97873077525523
2026-08-16 16:00:00,122.32951688677808
2026-08-16 17:00:00,123.78136352398448
2026-08-16 18:00:00,117.79586137248073
2026-08-16 19:00:00,126.31013808951725
2026-08-16 20:00:00,127.07546357082484
2026-08-16 21:00:00,128.59829582471104
2026-08-16 22:00:00,122.70882172110524
2026-08-16 23:00:00,122.00233791780913
2026-08-17 00:00:00,126.43941718725475
2026-08-17 01:00:00,122.99641433189178
2026-08-17 02:00:00,123.06248609224055
2026-08-17 03:00:00,125.73441007162856
2026-08-17 04:00:00,125.76526350665469
2026-08-17 05:00:00,124.29243825946395
2026-08-17 06:00:00,127.26019735567307
2026-08-17 07:00:00,124.17008010210257
2026-08-17 08:00:00,125.50402541792108
2026-08-17 09:00:00,130.74616265458926
2026-08-17 10:00:00,126.44970858633346
2026-08-17 11:00:00,126.0431253425684
2026-08-17 12:00:00,124.96093509161179
2026-08-17 13:00:00,130.23288036265885
2026-08-17 14:00:00,120.04029723933142
2026-08-17 15:00:00,126.53215630680933
2026-08-17 16:00:00,120.7992085208552
2026-08-17 17:00:00,124.14986417512117
2026-08-17 18:00:00,118.32474634829317
2026-08-17 19:00:00,132.08259676006114
2026-08-17 20:00:00,124.88503078214751
2026-08-17 21:00:00,125.0176541887198
2026-08-17 22:00:00,127.42074390992997
2026-08-17 23:00:00,129.9888573535263
2026-08-18 00:00:00,128.66155226474027
2026-08-18 01:00:00,124.31017750608868
2026-08-18 02:00:00,126.40696271915427
2026-08-18 03:00:00,126.4530727106008
2026-08-18 04:00:00,128.06178625686454
2026-08-18 05:00:00,126.69663227086896
2026-08-18 06:00:00,129.34097933948175
2026-08-18 07:00:00,126.08082221907546
2026-08-18 08:00:00,126.52428526288314
2026-08-18 09:00:00,127.43543037493916
2026-08-18 10:00:00,129.0059438035064
2026-08-18 11:00:00,130.09745860574657
2026-08-18 12:00:00,123.95793398916511
2026-08-18 13:00:00,120.04284771541728
2026-08-18 14:00:00,125.26049098128604
2026-08-18 15:00:00,123.35108076431509
2026-08-18 16:00:00,127.18319291172728
2026-08-18 17:00:00,122.64731394115124
2026-08-18 18:00:00,126.25138889069413
2026-08-18 19:00:00,123.92302694770484
2026-08-18 20:00:00,126.44243730491559
2026-08-18 21:00:00,125.7838671915213
2026-08-18 22:00:00,122.48320740920856
2026-08-18 23:00:00,125.5051068910365
2026-08-19 00:00:00,122.33031816674517
2026-08-19 01:00:00,124.27157287825551
2026-08-19 02:00:00,122.64982440796565
2026-08-19 03:00:00,128.16789258507393
2026-08-19 04:00:00,127.09178247683406
2026-08-19 05:00:00,124.29051874358119
2026-08-19 06:00:00,124.86202930213499
2026-08-19 07:00:00,128.3085896497559
2026-08-19 08:00:00,126.6532337863515
2026-08-19 09:00:00,130.2142334617378
2026-08-19 10:00:00,130.38611798397207
2026-08-19 11:00:00,124.89365516971576
2026-08-19 12:00:00,123.55990406624133
2026-08-19 13:00:00,126.26949958401565
2026-08-19 14:00:00,126.15746165750171
2026-08-19 15:00:00,126.21847437299036
2026-08-19 16:00:00,126.49777276351887
2026-08-19 17:00:00,127.83166617580522
2026-08-19 18:00:00,129.9061741760601
2026-08-19 19:00:00,126.87896291642133
2026-08-19 20:00:00,129.48497247918868
2026-08-19 21:00:00,126.07356592073462
2026-08-19 22:00:00,125.92568560603664
2026-08-19 23:00:00,123.82803759095506
2026-08-20 00:00:00,124.31235638367009
2026-08-20 01:00:00,119.39996297774788
2026-08-20 02:00:00,129.94322034783536
2026-08-20 03:00:00,123.29916872060289
2026-08-20 04:00:00,121.70289346434397
2026-08-20 05:00:00,120.82708610077177
2026-08-20 06:00:00,129.21037721393157
2026-08-20 07:00:00,124.6720020868097
2026-08-20 08:00:00,124.35872806325594
2026-08-20 09:00:00,131.3543658767307
2026-08-20 10:00:00,125.86015434284613
2026-08-20 11:00:00,126.55169544473219
2026-08-20 12:00:00,125.75392195185186
2026-08-20 13:00:00,125.8529283409576
2026-08-20 14:00:00,121.32562009001788
2026-08-20 15:00:00,124.0281307173253
2026-08-20 16:00:00,126.26225718757718
2026-08-20 17:00:00,126.94543352573396
2026-08-20 18:00:00,125.70832278624681
2026-08-20 19:00:00,128.12831875332643
2026-08-20 20:00:00,123.4034799394035
2026-08-20 21:00:00,124.20008139474174
2026-08-20 22:00:00,124.6336800116699
2026-08-20 23:00:00,124.0064538865881
2026-08-21 00:00:00,121.3728869247023
2026-08-21 01:00:00,121.50348067784384
2026-08-21 02:00:00,124.28100217081305
2026-08-21 03:00:00,123.29801865768623
2026-08-21 04:00:00,122.86272890052216
2026-08-21 05:00:00,125.8977527181884
2026-08-21 06:00:00,124.97555690206977
2026-08-21 07:00:00,124.02167050788044
2026-08-21 08:00:00,122.0399856682354
2026-08-21 09:00:00,122.99786157154801
2026-08-21 10:00:00,123.94785075738726
2026-08-21 11:00:00,124.23928115703477
2026-08-21 12:00:00,122.51917047265104
2026-08-21 13:00:00,124.8482117608803
2026-08-21 14:00:00,122.81004152508146
2026-08-21 15:00:00,122.6922279631193
2026-08-21 16:00:00,124.77203418540813
2026-08-21 17:00:00,124.84985247692092
2026-08-21 18:00:00,122.332488710631
2026-08-21 19:00:00,122.70692697181508
2026-08-21 20:00:00,123.06597235839283
2026-08-21 21:00:00,121.79586949199765
2026-08-21 22:00:00,122.43627810118782
2026-08-21 23:00:00,124.81638168693863
2026-08-22 00:00:00,122.59473092631102
2026-08-22 01:00:00,124.8194191485969
2026-08-22 02:00:00,124.59280203354987
2026-08-22 03:00:00,123.42088467766996
2026-08-22 04:00:00,125.46231955038103
2026-08-22 05:00:00,125.63309675189674
2026-08-22 06:00:00,125.247540235674
2026-08-22 07:00:00,131.52950975093097
2026-08-22 08:00:00,129.01504975883998
2026-08-22 09:00:00,129.7250169610765
2026-08-22 10:00:00,122.36690869422253
2026-08-22 11:00:00,121.99401505518922
2026-08-22 12:00:00,128.821989450638
2026-08-22 13:00:00,120.91030161568953
2026-08-22 14:00:00,125.34196534244917
2026-08-22 15:00:00,127.69569870464987
2026-08-22 16:00:00,123.8995385970984
2026-08-22 17:00:00,127.96711404812255
2026-08-22 18:00:00,123.72675324467156
2026-08-22 19:00:00,126.32139840466584
2026-08-22 20:00:00,126.58205565636385
2026-08-22 21:00:00,124.15579428728128
2026-08-22 22:00:00,126.36329422172362
2026-08-22 23:00:00,122.37356817401556
2026-08-23 00:00:00,127.44137063631486
2026-08-23 01:00:00,127.35819098708436
2026-08-23 02:00:00,126.08471050426056
2026-08-23 03:00:00,132.6281819735315
2026-08-23 04:00:00,123.59101665135702
2026-08-23 05:00:00,124.53384745193273
2026-08-23 06:00:00,123.28136883991472
2026-08-23 07:00:00,123.99416162334063
2026-08-23 08:00:00,124.36577973033586
2026-08-23 09:00:00,129.4254773327845
2026-08-23 10:00:00,129.46201459035407
2026-08-23 11:00:00,126.5341956125664
2026-08-23 12:00:00,128.4477986745529
2026-08-23 13:00:00,127.97452053232608
2026-08-23 14:00:00,131.52018128713883
2026-08-23 15:00:00,125.28290748274902
2026-08-23 16:00:00,125.75052727684465
2026-08-23 17:00:00,122.05816584711906
2026-08-23 18:00:00,118.1273184592824
2026-08-23 19:00:00,131.25935103194882
2026-08-23 20:00:00,125.34827449925692
2026-08-23 21:00:00,129.8190184794345
2026-08-23 22:00:00,120.90473298893923
2026-08-23 23:00:00,121.63316702493977
2026-08-24 00:00:00,127.80861383187325
2026-08-24 01:00:00,122.20756923056476
2026-08-24 02:00:00,122.55228179711139
2026-08-24 03:00:00,123.88634687622185
2026-08-24 04:00:00,127.50742878635538
2026-08-24 05:00:00,122.33857225411981
2026-08-24 06:00:00,126.47771214802955
2026-08-24 07:00:00,125.90720974239181
2026-08-24 08:00:00,122.81902974230053
2026-08-24 09:00:00,130.60767840996746
2026-08-24 10:00:00,123.84982631300791
2026-08-24 11:00:00,124.55462645877039
2026-08-24 12:00:00,127.5298532075408
2026-08-24 13:00:00,128.5235820363819
2026-08-24 14:00:00,122.10277419999339
2026-08-24 15:00:00,125.08620858066749
2026-08-24 16:00:00,120.98401872154056
2026-08-24 17:00:00,127.11186985111969
2026-08-24 18:00:00,119.48349578952735
2026-08-24 19:00:00,132.45844202090382
2026-08-24 20:00:00,123.00749028482058
2026-08-24 21:00:00,128.8873874661278
2026-08-24 22:00:00,127.90361772871623
2026-08-24 23:00:00,131.7275690642827
2026-08-25 00:00:00,125.75622359101277
2026-08-25 01:00:00,126.86933217570066
2026-08-25 02:00:00,125.96886482458976
2026-08-25 03:00:00,124.96324110475479
2026-08-25 04:00:00,126.85127166764545
2026-08-25 05:00:00,126.52326328618169
2026-08-25 06:00:00,130.42363734082653
2026-08-25 07:00:00,125.20393781363089
2026-08-25 08:00:00,126.75390455742411
2026-08-25 09:00:00,130.69710217953042
2026-08-25 10:00:00,129.34112391010365
2026-08-25 11:00:00,128.9195928505789
2026-08-25 12:00:00,124.38025483381878
2026-08-25 13:00:00,121.10757151089382
2026-08-25 14:00:00,124.35476070300638
2026-08-25 15:00:00,125.99131868527172
2026-08-25 16:00:00,123.5107958098605
2026-08-25 17:00:00,127.54374436233014
2026-08-25 18:00:00,124.37748255404932
2026-08-25 19:00:00,124.01779998625985
2026-08-25 20:00:00,126.41882559729257
2026-08-25 21:00:00,125.53633854397717
2026-08-25 22:00:00,125.72003908648324
2026-08-25 23:00:00,124.39649158470434
2026-08-26 00:00:00,120.9563941375446
2026-08-26 01:00:00,125.66428437348445
2026-08-26 02:00:00,123.32387235637489
2026-08-26 03:00:00,125.11244786555376
2026-08-26 04:00:00,128.21635540489018
2026-08-26 05:00:00,122.9430125258152
2026-08-26 06:00:00,126.8640819454342
2026-08-26 07:00:00,128.93017635634916
2026-08-26 08:00:00,124.8520939321835
2026-08-26 09:00:00,131.78571556911695
2026-08-26 10:00:00,126.90691204211058
2026-08-26 11:00:00,123.69273609724132
2026-08-26 12:00:00,125.0351978075849
2026-08-26 13:00:00,127.86778149229265
2026-08-26 14:00:00,126.23081242059794
2026-08-26 15:00:00,130.38944655415509
2026-08-26 16:00:00,123.69637035210921
2026-08-26 17:00:00,126.34491990736575
2026-08-26 18:00:00,131.8199646964847
2026-08-26 19:00:00,126.58246933855715
2026-08-26 20:00:00,132.68764101418438
2026-08-26 21:00:00,125.96120315368813
2026-08-26 22:00:00,126.52342656637782
2026-08-26 23:00:00,124.31467870289504
2026-08-27 00:00:00,119.09534469000093
2026-08-27 01:00:00,117.34634306570742
2026-08-27 02:00:00,131.5352032848415
2026-08-27 03:00:00,122.91788671496687
2026-08-27 04:00:00,122.32050739126845
2026-08-27 05:00:00,120.09943724103398
2026-08-27 06:00:00,127.83359075674417
2026-08-27 07:00:00,126.49721740030587
2026-08-27 08:00:00,123.98547249895908
2026-08-27 09:00:00,129.96444107048592
2026-08-27 10:00:00,124.79652509546565
2026-08-27 11:00:00,123.90367002321915
2026-08-27 12:00:00,124.67747064193668
2026-08-27 13:00:00,125.60578550107857
2026-08-27 14:00:00,121.31679230597081
2026-08-27 15:00:00,125.73467974457424
2026-08-27 16:00:00,124.06137677902535
2026-08-27 17:00:00,124.26988922051399
2026-08-27 18:00:00,125.79699354839121
2026-08-27 19:00:00,128.56390659674625
2026-08-27 20:00:00,122.84364951617948
2026-08-27 21:00:00,123.66528677445693
2026-08-27 22:00:00,124.1675795746909
2026-08-27 23:00:00,124.56638750968682
2026-08-28 00:00:00,124.25596721943992
2026-08-28 01:00:00,125.43067593339028
2026-08-28 02:00:00,122.5168037888667
2026-08-28 03:00:00,124.50789062495016
2026-08-28 04:00:00,122.5898914925809
2026-08-28 05:00:00,123.33466371092223
2026-08-28 06:00:00,123.9683107633866
2026-08-28 07:00:00,122.57471357591007
2026-08-28 08:00:00,122.42081386765457
2026-08-28 09:00:00,122.64191221937351
2026-08-28 10:00:00,124.44381426864983
2026-08-28 11:00:00,124.18693058750404
2026-08-28 12:00:00,123.9672344188252
2026-08-28 13:00:00,123.12068966211032
2026-08-28 14:00:00,121.50078690305163
2026-08-28 15:00:00,121.98743045899958
2026-08-28 16:00:00,123.83573048462799
2026-08-28 17:00:00,123.80907504925949
2026-08-28 18:00:00,122.69972734876818
2026-08-28 19:00:00,124.85660588315781
2026-08-28 20:00:00,120.93715144660034
2026-08-28 21:00:00,123.32767303728787
2026-08-28 22:00:00,123.62022913835864
2026-08-28 23:00:00,122.28086037615557
2026-08-29 00:00:00,122.90848269664248
2026-08-29 01:00:00,123.0524539174493
2026-08-29 02:00:00,125.2370410753234
2026-08-29 03:00:00,125.5380383461219
2026-08-29 04:00:00,124.14669028784996
2026-08-29 05:00:00,124.59386439210348
2026-08-29 06:00:00,123.85681052680764
2026-08-29 07:00:00,131.82983314788697
2026-08-29 08:00:00,126.72101493277279
2026-08-29 09:00:00,128.31725692754472
2026-08-29 10:00:00,122.54403368781412
2026-08-29 11:00:00,121.05781666264821
2026-08-29 12:00:00,128.99896521789492
2026-08-29 13:00:00,123.04151290445063
2026-08-29 14:00:00,128.29766088453707
2026-08-29 15:00:00,129.81584878704433
2026-08-29 16:00:00,124.79039350021567
2026-08-29 17:00:00,130.6464477137497
2026-08-29 18:00:00,126.07633824582325
2026-08-29 19:00:00,127.1055089834606
2026-08-29 20:00:00,125.98443361090091
2026-08-29 21:00:00,122.98826382638833
2026-08-29 22:00:00,130.27129886148495
2026-08-29 23:00:00,121.79363848473325
2026-08-30 00:00:00,126.55231949339684
2026-08-30 01:00:00,127.74854628949231
2026-08-30 02:00:00,123.09091861233078
2026-08-30 03:00:00,130.6075454653856
2026-08-30 04:00:00,122.42640802122271
2026-08-30 05:00:00,125.80670716656994
2026-08-30 06:00:00,128.04647748895397
2026-08-30 07:00:00,125.48973124798759
2026-08-30 08:00:00,125.66093801288663
2026-08-30 09:00:00,126.16818357477456
2026-08-30 10:00:00,130.79823490248538
2026-08-30 11:00:00,121.46449001133519
2026-08-30 12:00:00,130.19975757570052
2026-08-30 13:00:00,126.58527161665451
2026-08-30 14:00:00,130.88769528162112
2026-08-30 15:00:00,125.83142890730747
2026-08-30 16:00:00,122.90851328080753
2026-08-30 17:00:00,125.11314178665137
2026-08-30 18:00:00,117.92167516884587
2026-08-30 19:00:00,128.15321317518072
2026-08-30 20:00:00,125.17745638865836
2026-08-30 21:00:00,128.01667693464623
2026-08-30 22:00:00,121.33574153188552
2026-08-30 23:00:00,120.94895816873475
2026-08-31 00:00:00,126.34639303257077
2026-08-31 01:00:00,124.3838213741946
2026-08-31 02:00:00,123.3619598763408
2026-08-31 03:00:00,124.74015028656112
2026-08-31 04:00:00,124.31317759129828
2026-08-31 05:00:00,123.41690768148085
2026-08-31 06:00:00,124.57277541089742
2026-08-31 07:00:00,124.83389936740645
2026-08-31 08:00:00,125.5557727683165
2026-08-31 09:00:00,129.48661451812757
2026-08-31 10:00:00,126.64627704555122
2026-08-31 11:00:00,125.71820446034997
2026-08-31 12:00:00,126.67331721802786
2026-08-31 13:00:00,130.87041673654295
2026-08-31 14:00:00,120.51793407151833
2026-08-31 15:00:00,125.66105940327589
2026-08-31 16:00:00,118.61045626890044
2026-08-31 17:00:00,127.10454226440731
2026-08-31 18:00:00,120.91985129573737
2026-08-31 19:00:00,131.89642690756008
2026-08-31 20:00:00,121.48543090145371
2026-08-31 21:00:00,126.39398941391687
2026-08-31 22:00:00,127.4498614933673
2026-08-31 23:00:00,126.85849716945751
2026-09-01 00:00:00,119.45003514425002
2026-09-01 01:00:00,118.56662928794724
2026-09-01 02:00:00,120.35353377782056
2026-09-01 03:00:00,117.10843074697101
2026-09-01 04:00:00,119.10339540010634
2026-09-01 05:00:00,119.91339863817313
2026-09-01 06:00:00,120.50497599411665
2026-09-01 07:00:00,118.7046377388692
2026-09-01 08:00:00,115.69470298773489
2026-09-01 09:00:00,119.5752822909128
2026-09-01 10:00:00,122.29784546222743
2026-09-01 11:00:00,120.98342151146558
2026-09-01 12:00:00,116.89392029119391
2026-09-01 13:00:00,112.76399289899913
2026-09-01 14:00:00,116.93152125250023
2026-09-01 15:00:00,117.0271763801515
2026-09-01 16:00:00,118.92113005246581
2026-09-01 17:00:00,118.33259219655095
2026-09-01 18:00:00,117.61889232905486
2026-09-01 19:00:00,114.74337587153096
2026-09-01 20:00:00,118.83838158897801
2026-09-01 21:00:00,118.61742876942533
2026-09-01 22:00:00,115.488846946343
2026-09-01 23:00:00,116.11894932348848
2026-09-02 00:00:00,114.86726671156278
2026-09-02 01:00:00,116.07325084277178
2026-09-02 02:00:00,115.58824755969093
2026-09-02 03:00:00,121.03343923640024
2026-09-02 04:00:00,120.33717819369461
2026-09-02 05:00:00,117.06141436098828
2026-09-02 06:00:00,118.68430216099657
2026-09-02 07:00:00,118.41710474640541
2026-09-02 08:00:00,114.48704511758234
2026-09-02 09:00:00,121.45959523966
2026-09-02 10:00:00,122.5259942842072
2026-09-02 11:00:00,117.23809316391583
2026-09-02 12:00:00,117.31511400667151
2026-09-02 13:00:00,116.61394453857174
2026-09-02 14:00:00,117.86200309670986
2026-09-02 15:00:00,122.96863220979401
2026-09-02 16:00:00,114.55902730408239
2026-09-02 17:00:00,119.71665370573957
2026-09-02 18:00:00,120.23309814557052
2026-09-02 19:00:00,118.42167626282665
2026-09-02 20:00:00,121.87458373845456
2026-09-02 21:00:00,119.68275195259314
2026-09-02 22:00:00,119.1628755752025
2026-09-02 23:00:00,115.29747104048255
2026-09-03 00:00:00,112.53394936139046
2026-09-03 01:00:00,109.94522176621473
2026-09-03 02:00:00,120.87715313409915
2026-09-03 03:00:00,116.68773236160432
2026-09-03 04:00:00,115.53493926756204
2026-09-03 05:00:00,114.66452610163373
2026-09-03 06:00:00,118.47936636007141
2026-09-03 07:00:00,115.14878137632422
2026-09-03 08:00:00,115.27296735162663
2026-09-03 09:00:00,121.94208420598585
2026-09-03 10:00:00,114.3869298133222
2026-09-03 11:00:00,118.56759425549689
2026-09-03 12:00:00,115.89621977429519
2026-09-03 13:00:00,117.66407168343423
2026-09-03 14:00:00,112.95235560580288
2026-09-03 15:00:00,117.06582525095662
2026-09-03 16:00:00,117.7570906508483
2026-09-03 17:00:00,119.08386611010015
2026-09-03 18:00:00,118.57952685842106
2026-09-03 19:00:00,119.37087539800363
2026-09-03 20:00:00,116.5172642134544
2026-09-03 21:00:00,116.0838363359232
2026-09-03 22:00:00,115.96710810390496
2026-09-03 23:00:00,116.41655236711479
2026-09-04 00:00:00,115.96972547015305
2026-09-04 01:00:00,114.12792263552028
2026-09-04 02:00:00,115.77393913408953
2026-09-04 03:00:00,115.11235071820553
2026-09-04 04:00:00,117.44896212028051
2026-09-04 05:00:00,114.21776674359528
2026-09-04 06:00:00,114.75917588278702
2026-09-04 07:00:00,117.97996363414202
2026-09-04 08:00:00,113.6698270673595
2026-09-04 09:00:00,114.2325248992591
2026-09-04 10:00:00,116.26855408156828
2026-09-04 11:00:00,115.17159022906466
2026-09-04 12:00:00,114.99703829590902
2026-09-04 13:00:00,114.03343850500909
2026-09-04 14:00:00,115.47032267423995
2026-09-04 15:00:00,115.96365262816505
2026-09-04 16:00:00,114.78194531568988
2026-09-04 17:00:00,114.39656221544504
2026-09-04 18:00:00,115.15098600441209
2026-09-04 19:00:00,113.71165256284614
2026-09-04 20:00:00,113.99160678208204
2026-09-04 21:00:00,114.49296949914873
2026-09-04 22:00:00,113.47317831555895
2026-09-04 23:00:00,115.69483552343675
2026-09-05 00:00:00,114.38275203814032
2026-09-05 01:00:00,114.7176634199428
2026-09-05 02:00:00,115.41715506993856
2026-09-05 03:00:00,118.849392572768
2026-09-05 04:00:00,115.95489444176368
2026-09-05 05:00:00,118.77579572868657
2026-09-05 06:00:00,115.29982610455342
2026-09-05 07:00:00,120.69633850245191
2026-09-05 08:00:00,118.92348414113475
2026-09-05 09:00:00,120.63820725828188
2026-09-05 10:00:00,114.10779655785721
2026-09-05 11:00:00,113.4172343446086
2026-09-05 12:00:00,119.30891176842326
2026-09-05 13:00:00,112.89156767152465
2026-09-05 14:00:00,119.28025193707941
2026-09-05 15:00:00,118.62344092548238
2026-09-05 16:00:00,114.38163280909845
2026-09-05 17:00:00,122.76277972191585
2026-09-05 18:00:00,116.01573085935863
2026-09-05 19:00:00,116.40907175747442
2026-09-05 20:00:00,116.93248399101049
2026-09-05 21:00:00,114.86762569409726
2026-09-05 22:00:00,120.5938359809289
2026-09-05 23:00:00,115.45864562344659
2026-09-06 00:00:00,119.09779819617589
2026-09-06 01:00:00,121.28694493775984
2026-09-06 02:00:00,116.9187859259158
2026-09-06 03:00:00,123.55223522945815
2026-09-06 04:00:00,116.23537259161648
2026-09-06 05:00:00,117.89091302743029
2026-09-06 06:00:00,116.55494609960283
2026-09-06 07:00:00,117.11492104619128
2026-09-06 08:00:00,119.4647679173263
2026-09-06 09:00:00,118.50729168802128
2026-09-06 10:00:00,121.43945908508074
2026-09-06 11:00:00,118.76148393610683
2026-09-06 12:00:00,120.00732190767073
2026-09-06 13:00:00,119.79010244975387
2026-09-06 14:00:00,120.59871946330757
2026-09-06 15:00:00,117.39200319320234
2026-09-06 16:00:00,116.10059388302734
2026-09-06 17:00:00,115.63560419860973
2026-09-06 18:00:00,110.03094859019103
2026-09-06 19:00:00,118.49151242970191
2026-09-06 20:00:00,118.35666769169707
2026-09-06 21:00:00,120.49930307718338
2026-09-06 22:00:00,111.10714020472294
2026-09-06 23:00:00,111.77812382944491
2026-09-07 00:00:00,118.913099519703
2026-09-07 01:00:00,112.79930693855277
2026-09-07 02:00:00,114.69428082785417
2026-09-07 03:00:00,118.3555256746217
2026-09-07 04:00:00,117.76825814053029
2026-09-07 05:00:00,115.7034665872884
2026-09-07 06:00:00,117.24379199490009
2026-09-07 07:00:00,115.5771083000564
2026-09-07 08:00:00,115.08500024736088
2026-09-07 09:00:00,121.47403479942238
2026-09-07 10:00:00,115.45340969885379
2026-09-07 11:00:00,117.12623634129282
2026-09-07 12:00:00,116.7681669794931
2026-09-07 13:00:00,121.10568826206004
2026-09-07 14:00:00,112.85927740019213
2026-09-07 15:00:00,117.31242620365651
2026-09-07 16:00:00,112.25314175810355
2026-09-07 17:00:00,117.84018958681253
2026-09-07 18:00:00,112.98280238967351
2026-09-07 19:00:00,124.70772600399665
2026-09-07 20:00:00,116.48337075151971
2026-09-07 21:00:00,117.36283056874741
2026-09-07 22:00:00,118.72585645718138
2026-09-07 23:00:00,119.51724545359312
2026-09-08 00:00:00,119.03325965509293
2026-09-08 01:00:00,121.98337822670445
2026-09-08 02:00:00,119.19906602571487
2026-09-08 03:00:00,115.95155558235888
2026-09-08 04:00:00,119.26147344180484
2026-09-08 05:00:00,119.07515310979598
2026-09-08 06:00:00,120.68670155012161
2026-09-08 07:00:00,116.88186724467003
2026-09-08 08:00:00,116.21974223893177
2026-09-08 09:00:00,118.56357290222157
2026-09-08 10:00:00,118.46789430371814
2026-09-08 11:00:00,120.60584231134783
2026-09-08 12:00:00,116.91656005470526
2026-09-08 13:00:00,113.43445262222436
2026-09-08 14:00:00,116.17032567572528
2026-09-08 15:00:00,115.87569799825458
2026-09-08 16:00:00,116.17170111764159
2026-09-08 17:00:00,117.68370118363754
2026-09-08 18:00:00,119.45040507846034
2026-09-08 19:00:00,113.28951457936378
2026-09-08 20:00:00,117.46184404468165
2026-09-08 21:00:00,119.19089544607334
2026-09-08 22:00:00,113.72427310353788
2026-09-08 23:00:00,115.63194480230572
2026-09-09 00:00:00,116.73249710613275
2026-09-09 01:00:00,117.79342362954299
2026-09-09 02:00:00,116.1688556298275
2026-09-09 03:00:00,118.39337992728784
2026-09-09 04:00:00,119.32004751011165
2026-09-09 05:00:00,116.92610732014782
2026-09-09 06:00:00,116.66880450487497
2026-09-09 07:00:00,119.03386361129849
2026-09-09 08:00:00,116.44713284299338
2026-09-09 09:00:00,122.00216606679908
2026-09-09 10:00:00,119.16737948040989
2026-09-09 11:00:00,118.06357010515117
2026-09-09 12:00:00,117.30745431884012
2026-09-09 13:00:00,117.74564356593453
2026-09-09 14:00:00,118.88587443367248
2026-09-09 15:00:00,118.82507636671856
2026-09-09 16:00:00,116.15856241875501
2026-09-09 17:00:00,117.73793120036055
2026-09-09 18:00:00,120.13126545300236
2026-09-09 19:00:00,117.33311930092256
2026-09-09 20:00:00,120.07153811636107
2026-09-09 21:00:00,118.64531282852717
2026-09-09 22:00:00,117.86583153342026
2026-09-09 23:00:00,112.19603225961258
2026-09-10 00:00:00,115.81297278395134
2026-09-10 01:00:00,113.48576407545214
2026-09-10 02:00:00,121.45977695162082
2026-09-10 03:00:00,115.22605613042877
2026-09-10 04:00:00,115.11778724293833
2026-09-10 05:00:00,113.86314345580276
2026-09-10 06:00:00,119.23663281231326
2026-09-10 07:00:00,117.49607119897223
2026-09-10 08:00:00,120.2102524381733
2026-09-10 09:00:00,122.11340527160878
2026-09-10 10:00:00,115.68195020113696
2026-09-10 11:00:00,118.64166322770471
2026-09-10 12:00:00,114.59171405267045
2026-09-10 13:00:00,115.2921609198888
2026-09-10 14:00:00,112.17101000991552
2026-09-10 15:00:00,118.29688458230049
2026-09-10 16:00:00,119.14424564323596
2026-09-10 17:00:00,117.99968373380702
2026-09-10 18:00:00,118.39085698379971
2026-09-10 19:00:00,119.80303422774334
2026-09-10 20:00:00,113.60887840967101
2026-09-10 21:00:00,115.29460598853699
2026-09-10 22:00:00,116.0027082059026
2026-09-10 23:00:00,115.4826255220515
2026-09-11 00:00:00,115.10671448995032
2026-09-11 01:00:00,115.8937633604914
2026-09-11 02:00:00,115.04056518444031
2026-09-11 03:00:00,115.92450391537622
2026-09-11 04:00:00,115.04921736909608
2026-09-11 05:00:00,115.37731507837071
2026-09-11 06:00:00,115.34420920981617
2026-09-11 07:00:00,114.16635794753077
2026-09-11 08:00:00,116.3030989065555
2026-09-11 09:00:00,115.00857552459475
2026-09-11 10:00:00,114.23815246223442
2026-09-11 11:00:00,117.00790528647813
2026-09-11 12:00:00,115.18576162014438
2026-09-11 13:00:00,115.48490121486024
2026-09-11 14:00:00,115.90395083130868
2026-09-11 15:00:00,114.57485911826183
2026-09-11 16:00:00,113.19119424090569
2026-09-11 17:00:00,114.47552709189195
2026-09-11 18:00:00,115.54400143605834
2026-09-11 19:00:00,115.22429526750163
2026-09-11 20:00:00,113.91849688882182
2026-09-11 21:00:00,113.07668105942997
2026-09-11 22:00:00,115.55086287130072
2026-09-11 23:00:00,115.38177988515355
2026-09-12 00:00:00,113.12780862621374
2026-09-12 01:00:00,115.24840654836642
2026-09-12 02:00:00,114.39772561341364
2026-09-12 03:00:00,119.18262155676413
2026-09-12 04:00:00,115.10121272777508
2026-09-12 05:00:00,117.95242114257367
2026-09-12 06:00:00,115.10975768738678
2026-09-12 07:00:00,122.77525489767564
2026-09-12 08:00:00,117.79733390672146
2026-09-12 09:00:00,120.95377956868404
2026-09-12 10:00:00,114.84251519400813
2026-09-12 11:00:00,114.81727443635371
2026-09-12 12:00:00,116.65704633824882
2026-09-12 13:00:00,114.7659440336786
2026-09-12 14:00:00,118.01349129181482
2026-09-12 15:00:00,118.82482419056622
2026-09-12 16:00:00,115.41180459643172
2026-09-12 17:00:00,123.02599773443896
2026-09-12 18:00:00,117.73822676216813
2026-09-12 19:00:00,115.74311831809318
2026-09-12 20:00:00,118.8563032858157
2026-09-12 21:00:00,114.6468502452922
2026-09-12 22:00:00,118.11095166657071
2026-09-12 23:00:00,116.34360193091945
2026-09-13 00:00:00,120.55425564709968
2026-09-13 01:00:00,119.27131059653037
2026-09-13 02:00:00,116.67635753314822
2026-09-13 03:00:00,123.88500288244907
2026-09-13 04:00:00,114.23675145542693
2026-09-13 05:00:00,117.9036893454035
2026-09-13 06:00:00,117.6406000409711
2026-09-13 07:00:00,116.77842029793536
2026-09-13 08:00:00,117.04901543245069
2026-09-13 09:00:00,118.64618399037734
2026-09-13 10:00:00,124.15280404529719
2026-09-13 11:00:00,118.20596766986131
2026-09-13 12:00:00,121.07330148940227
2026-09-13 13:00:00,118.52500444870155
2026-09-13 14:00:00,121.89274329095852
2026-09-13 15:00:00,116.9869161110415
2026-09-13 16:00:00,114.87863868902707
2026-09-13 17:00:00,115.00790337576245
2026-09-13 18:00:00,109.3281109664295
2026-09-13 19:00:00,120.64157332155158
2026-09-13 20:00:00,118.09363464992406
2026-09-13 21:00:00,120.25475522842618
2026-09-13 22:00:00,112.14540290469267
2026-09-13 23:00:00,114.04375410439663
2026-09-14 00:00:00,120.13882733796221
2026-09-14 01:00:00,115.92212638897006
2026-09-14 02:00:00,114.72275153980276
2026-09-14 03:00:00,116.82369919131804
2026-09-14 04:00:00,116.62163980510879
2026-09-14 05:00:00,114.39260154303632
2026-09-14 06:00:00,118.01554080627125
2026-09-14 07:00:00,119.56876973222906
2026-09-14 08:00:00,117.93938275480252
2026-09-14 09:00:00,120.31518186352783
2026-09-14 10:00:00,116.57895738824007
2026-09-14 11:00:00,115.08318506446626
2026-09-14 12:00:00,119.49241676870943
2026-09-14 13:00:00,119.81794402267525
2026-09-14 14:00:00,113.86254742392234
2026-09-14 15:00:00,117.20935936587026
2026-09-14 16:00:00,112.71648150533285
2026-09-14 17:00:00,117.59383888366638
2026-09-14 18:00:00,110.21274250434023
2026-09-14 19:00:00,122.82827080749732
2026-09-14 20:00:00,113.70412193835203
2026-09-14 21:00:00,116.79803702167155
2026-09-14 22:00:00,120.11441855418799
2026-09-14 23:00:00,121.32651475931102
2026-09-15 00:00:00,117.46835198331507
2026-09-15 01:00:00,119.34347646068082
2026-09-15 02:00:00,118.31239483749488
2026-09-15 03:00:00,117.03376086058175
2026-09-15 04:00:00,119.83626055867205
2026-09-15 05:00:00,117.16952218540916
2026-09-15 06:00:00,119.57965671669439
2026-09-15 07:00:00,115.20022503477519
2026-09-15 08:00:00,118.36425054085063
2026-09-15 09:00:00,121.44878850380223
2026-09-15 10:00:00,121.41903888255362
2026-09-15 11:00:00,119.16597143994068
2026-09-15 12:00:00,116.80921266136352
2026-09-15 13:00:00,112.25637320038756
2026-09-15 14:00:00,118.6603160485503
2026-09-15 15:00:00,115.80155889963457
2026-09-15 16:00:00,115.75943048306948
2026-09-15 17:00:00,116.21421151146845
2026-09-15 18:00:00,116.1560852726303
2026-09-15 19:00:00,114.66803576761195
2026-09-15 20:00:00,120.0310285342142
2026-09-15 21:00:00,117.80237647842823
2026-09-15 22:00:00,114.29184465974585
2026-09-15 23:00:00,115.87462532426719
2026-09-16 00:00:00,113.29614343779735
2026-09-16 01:00:00,119.49643130979365
2026-09-16 02:00:00,114.61544140356646
2026-09-16 03:00:00,117.35315931114273
2026-09-16 04:00:00,120.21680712694818
2026-09-16 05:00:00,116.73624513465904
2026-09-16 06:00:00,118.28894526164186
2026-09-16 07:00:00,119.84117337628948
2026-09-16 08:00:00,117.05279651204431
2026-09-16 09:00:00,120.32886162973588
2026-09-16 10:00:00,120.42358268314831
2026-09-16 11:00:00,116.3355666932323
2026-09-16 12:00:00,117.16162972539689
2026-09-16 13:00:00,115.82256472490694
2026-09-16 14:00:00,116.27263130357349
2026-09-16 15:00:00,120.47121490817851
2026-09-16 16:00:00,118.19337197402629
2026-09-16 17:00:00,118.07670995037326
2026-09-16 18:00:00,121.27825802326393
2026-09-16 19:00:00,116.81070681929256
2026-09-16 20:00:00,120.04725667305854
2026-09-16 21:00:00,118.41907027227094
2026-09-16 22:00:00,116.88469510672779
2026-09-16 23:00:00,113.08971573101194
2026-09-17 00:00:00,114.17177496739356
2026-09-17 01:00:00,110.53508568168513
2026-09-17 02:00:00,120.81979598479559
2026-09-17 03:00:00,116.55685667974129
2026-09-17 04:00:00,113.3640121386532
2026-09-17 05:00:00,113.29863788746252
2026-09-17 06:00:00,120.72787305033816
2026-09-17 07:00:00,115.79876628438758
2026-09-17 08:00:00,115.45688639956497
2026-09-17 09:00:00,120.47826933379525
2026-09-17 10:00:00,116.79514471896707
2026-09-17 11:00:00,115.99821217295235
2026-09-17 12:00:00,116.27275445612383
2026-09-17 13:00:00,116.97582713243885
2026-09-17 14:00:00,114.07109140158306
2026-09-17 15:00:00,117.82654486701239
2026-09-17 16:00:00,115.84166803275717
2026-09-17 17:00:00,118.12886151661907
2026-09-17 18:00:00,118.16411120793613
2026-09-17 19:00:00,121.94107783212648
2026-09-17 20:00:00,115.95468354693953
2026-09-17 21:00:00,114.53655673918308
2026-09-17 22:00:00,115.15668110647186
2026-09-17 23:00:00,115.2724961770849
2026-09-18 00:00:00,116.76575578927284
2026-09-18 01:00:00,115.43272636742209
2026-09-18 02:00:00,115.02652804352202
2026-09-18 03:00:00,115.30268549431099
2026-09-18 04:00:00,116.38995070214645
2026-09-18 05:00:00,115.2235775371014
2026-09-18 06:00:00,115.26520421610611
2026-09-18 07:00:00,115.1517517722119
2026-09-18 08:00:00,114.46624774449069
2026-09-18 09:00:00,116.64463410815715
2026-09-18 10:00:00,114.96475804398142
2026-09-18 11:00:00,112.9415192141148
2026-09-18 12:00:00,115.28779594476288
2026-09-18 13:00:00,116.40967709646148
2026-09-18 14:00:00,116.05169278589966
2026-09-18 15:00:00,112.93144391070922
2026-09-18 16:00:00,115.6397370275883
2026-09-18 17:00:00,114.1122641582283
2026-09-18 18:00:00,116.40441870601697
2026-09-18 19:00:00,115.4920897264447
2026-09-18 20:00:00,115.49135912922011
2026-09-18 21:00:00,115.35571009472335
2026-09-18 22:00:00,113.60323669254805
2026-09-18 23:00:00,116.40017947405744
2026-09-19 00:00:00,114.53440039406746
2026-09-19 01:00:00,115.64574667158739
2026-09-19 02:00:00,115.73162854204733
2026-09-19 03:00:00,118.55309667033859
2026-09-19 04:00:00,118.68020806985257
2026-09-19 05:00:00,116.93825715130976
2026-09-19 06:00:00,113.89000908798153
2026-09-19 07:00:00,118.69584858919947
2026-09-19 08:00:00,118.81320885879535
2026-09-19 09:00:00,120.26301483772875
2026-09-19 10:00:00,115.67947612329041
2026-09-19 11:00:00,114.47879666755843
2026-09-19 12:00:00,116.72943752095013
2026-09-19 13:00:00,113.94971307278641
2026-09-19 14:00:00,118.86998215900084
2026-09-19 15:00:00,117.56758561070698
2026-09-19 16:00:00,116.76661850888554
2026-09-19 17:00:00,118.7086706529078
2026-09-19 18:00:00,115.71348202389693
2026-09-19 19:00:00,113.67485697912413
2026-09-19 20:00:00,117.17578150679124
2026-09-19 21:00:00,115.72771065102256
2026-09-19 22:00:00,120.46786111410324
2026-09-19 23:00:00,113.78708643955035
2026-09-20 00:00:00,121.30133133885091
2026-09-20 01:00:00,119.05178004283067
2026-09-20 02:00:00,116.82460208686508
2026-09-20 03:00:00,122.46413221531992
2026-09-20 04:00:00,115.86201054124523
2026-09-20 05:00:00,117.49449284606433
2026-09-20 06:00:00,117.69925014275137
2026-09-20 07:00:00,115.9040147897086
2026-09-20 08:00:00,117.48236559983599
2026-09-20 09:00:00,117.07173355899144
2026-09-20 10:00:00,121.76159552849327
2026-09-20 11:00:00,116.05527785297159
2026-09-20 12:00:00,119.42066028372231
2026-09-20 13:00:00,118.15997940035032
2026-09-20 14:00:00,123.51792725939406
2026-09-20 15:00:00,117.77415474640586
2026-09-20 16:00:00,117.06579672781366
2026-09-20 17:00:00,116.9716388409986
2026-09-20 18:00:00,109.37079299665402
2026-09-20 19:00:00,118.92108914565138
2026-09-20 20:00:00,118.05199312878857
2026-09-20 21:00:00,120.2503133500318
2026-09-20 22:00:00,113.41200711824403
2026-09-20 23:00:00,112.89393582335582
2026-09-21 00:00:00,121.00603340992842
2026-09-21 01:00:00,115.1964849344982
2026-09-21 02:00:00,116.42297940982417
2026-09-21 03:00:00,116.01706402442596
2026-09-21 04:00:00,116.3274444694332
2026-09-21 05:00:00,114.63297626821156
2026-09-21 06:00:00,118.48861477352249
2026-09-21 07:00:00,119.75234215253788
2026-09-21 08:00:00,120.4954348594492
2026-09-21 09:00:00,122.59392281107009
2026-09-21 10:00:00,117.00058791999525
2026-09-21 11:00:00,115.53642399020919
2026-09-21 12:00:00,118.8002862726081
2026-09-21 13:00:00,122.52954410420375
2026-09-21 14:00:00,114.67391295549074
2026-09-21 15:00:00,115.65342705787434
2026-09-21 16:00:00,113.51049351896688
2026-09-21 17:00:00,116.58212535634758
2026-09-21 18:00:00,113.30979186517459
2026-09-21 19:00:00,123.20847622711531
2026-09-21 20:00:00,113.68004655654707
2026-09-21 21:00:00,116.9104033737589
2026-09-21 22:00:00,117.30566375917593
2026-09-21 23:00:00,120.92244800598337
2026-09-22 00:00:00,118.25194428366206
2026-09-22 01:00:00,120.68072229022785
2026-09-22 02:00:00,118.9399368263952
2026-09-22 03:00:00,118.41508779540985
2026-09-22 04:00:00,118.01170321768804
2026-09-22 05:00:00,116.68503149654327
2026-09-22 06:00:00,120.87717543790343
2026-09-22 07:00:00,116.13780691424827
2026-09-22 08:00:00,115.84159741576406
2026-09-22 09:00:00,118.80981366349812
2026-09-22 10:00:00,118.4934641921918
2026-09-22 11:00:00,119.85815115975343
2026-09-22 12:00:00,117.80520445597678
2026-09-22 13:00:00,112.1295555370115
2026-09-22 14:00:00,115.59481986740803
2026-09-22 15:00:00,117.50003813042589
2026-09-22 16:00:00,117.38185969015503
2026-09-22 17:00:00,116.95279231406519
2026-09-22 18:00:00,116.33260507571622
2026-09-22 19:00:00,115.67936704626715
2026-09-22 20:00:00,119.12714599539173
2026-09-22 21:00:00,120.21050547632397
2026-09-22 22:00:00,114.91326665708036
2026-09-22 23:00:00,117.88523799815509
2026-09-23 00:00:00,115.40567523701742
2026-09-23 01:00:00,116.97979800224294
2026-09-23 02:00:00,113.14422017551351
2026-09-23 03:00:00,121.31046603543238
2026-09-23 04:00:00,118.49052831255858
2026-09-23 05:00:00,118.50316923390197
2026-09-23 06:00:00,119.25602072928206
2026-09-23 07:00:00,115.82259264682958
2026-09-23 08:00:00,117.68327569156043
2026-09-23 09:00:00,121.35609611517911
2026-09-23 10:00:00,120.90944110337709
2026-09-23 11:00:00,115.01151198560476
2026-09-23 12:00:00,115.80196991764132
2026-09-23 13:00:00,116.41386065405901
2026-09-23 14:00:00,116.26812760604658
2026-09-23 15:00:00,120.17194395447694
2026-09-23 16:00:00,116.67277488318251
2026-09-23 17:00:00,118.00094721713319
2026-09-23 18:00:00,119.54735155097387
2026-09-23 19:00:00,120.50357712752341
2026-09-23 20:00:00,119.51930399104327
2026-09-23 21:00:00,117.1047665472327
2026-09-23 22:00:00,117.83062506360233
2026-09-23 23:00:00,113.33636114968526
2026-09-24 00:00:00,116.14086224728447
2026-09-24 01:00:00,111.05919897079809
2026-09-24 02:00:00,120.44443759628857
2026-09-24 03:00:00,116.3538518532568
2026-09-24 04:00:00,113.66458396106243
2026-09-24 05:00:00,112.66442825345563
2026-09-24 06:00:00,123.04974916189991
2026-09-24 07:00:00,117.29771293892537
2026-09-24 08:00:00,117.39892709563823
2026-09-24 09:00:00,120.72803375321769
2026-09-24 10:00:00,115.69060717920945
2026-09-24 11:00:00,117.67212280960356
2026-09-24 12:00:00,115.09648254948067
2026-09-24 13:00:00,116.86441719135391
2026-09-24 14:00:00,112.19383613119189
2026-09-24 15:00:00,118.979438622125
2026-09-24 16:00:00,115.84313377080669
2026-09-24 17:00:00,119.48320261475256
2026-09-24 18:00:00,119.07979203173741
2026-09-24 19:00:00,121.8430736335058
2026-09-24 20:00:00,116.12080975596561
2026-09-24 21:00:00,116.01518360181694
2026-09-24 22:00:00,116.9936761434848
2026-09-24 23:00:00,117.63255678611915
2026-09-25 00:00:00,115.03824681187244
2026-09-25 01:00:00,115.0728712484113
2026-09-25 02:00:00,115.7743389588485
2026-09-25 03:00:00,114.48769319025199
2026-09-25 04:00:00,115.52553062283735
2026-09-25 05:00:00,115.97400648207409
2026-09-25 06:00:00,113.54328938473866
2026-09-25 07:00:00,116.82635041759073
2026-09-25 08:00:00,114.72249836945338
2026-09-25 09:00:00,115.00974936658734
2026-09-25 10:00:00,117.16518002100104
2026-09-25 11:00:00,115.4502382792694
2026-09-25 12:00:00,113.23622307707627
2026-09-25 13:00:00,113.85076204607549
2026-09-25 14:00:00,115.57493855803926
2026-09-25 15:00:00,115.69114419811119
2026-09-25 16:00:00,113.08859467283565
2026-09-25 17:00:00,113.85448384840053
2026-09-25 18:00:00,113.52420791607626
2026-09-25 19:00:00,113.91786729394241
2026-09-25 20:00:00,114.16074216015235
2026-09-25 21:00:00,114.08598271778371
2026-09-25 22:00:00,116.79097091958083
2026-09-25 23:00:00,115.07952965960823
2026-09-26 00:00:00,116.56681797777767
2026-09-26 01:00:00,114.33998686773936
2026-09-26 02:00:00,116.26994007764178
2026-09-26 03:00:00,117.5688061412516
2026-09-26 04:00:00,117.85615060667328
2026-09-26 05:00:00,117.86028253693517
2026-09-26 06:00:00,116.10325427582211
2026-09-26 07:00:00,120.356182484457
2026-09-26 08:00:00,118.42880401961429
2026-09-26 09:00:00,119.96414524427807
2026-09-26 10:00:00,114.59062873443872
2026-09-26 11:00:00,114.67186309122955
2026-09-26 12:00:00,118.12746628931987
2026-09-26 13:00:00,116.05994189940736
2026-09-26 14:00:00,118.60719061538032
2026-09-26 15:00:00,120.24126567205555
2026-09-26 16:00:00,116.27117007668963
2026-09-26 17:00:00,121.57893027339983
2026-09-26 18:00:00,114.84119558941768
2026-09-26 19:00:00,116.58889859814022
2026-09-26 20:00:00,115.34716618167434
2026-09-26 21:00:00,113.617529729879
2026-09-26 22:00:00,118.64770339028529
2026-09-26 23:00:00,113.05761737782609
2026-09-27 00:00:00,119.36442167970557
2026-09-27 01:00:00,119.63789307213125
2026-09-27 02:00:00,115.57193949304276
2026-09-27 03:00:00,123.46839953783928
2026-09-27 04:00:00,115.67918118215937
2026-09-27 05:00:00,117.35158312459802
2026-09-27 06:00:00,116.78730044479997
2026-09-27 07:00:00,116.29243366639187
2026-09-27 08:00:00,117.21016898123557
2026-09-27 09:00:00,117.32842631890269
2026-09-27 10:00:00,123.01542351777701
2026-09-27 11:00:00,115.31996529308564
2026-09-27 12:00:00,120.76101493177525
2026-09-27 13:00:00,119.98704920427765
2026-09-27 14:00:00,120.66637637961206
2026-09-27 15:00:00,117.7579245394737
2026-09-27 16:00:00,117.76959759445721
2026-09-27 17:00:00,116.30169194194002
2026-09-27 18:00:00,110.06013621169619
2026-09-27 19:00:00,117.82694485274313
2026-09-27 20:00:00,117.29219524544439
2026-09-27 21:00:00,120.09552893474614
2026-09-27 22:00:00,112.85857981162417
2026-09-27 23:00:00,112.87192173464986
2026-09-28 00:00:00,119.81625556861862
2026-09-28 01:00:00,112.88728565724003
2026-09-28 02:00:00,115.35512852632051
2026-09-28 03:00:00,116.94084178952028
2026-09-28 04:00:00,117.67608848278093
2026-09-28 05:00:00,114.67667525862784
2026-09-28 06:00:00,118.50118950008745
2026-09-28 07:00:00,120.5447363095194
2026-09-28 08:00:00,118.26325632641728
2026-09-28 09:00:00,119.94716959790351
2026-09-28 10:00:00,115.84353982987477
2026-09-28 11:00:00,116.75468554833634
2026-09-28 12:00:00,118.79001078110716
2026-09-28 13:00:00,120.61251048358768
2026-09-28 14:00:00,114.1821668343505
2026-09-28 15:00:00,118.12038171025763
2026-09-28 16:00:00,112.01591809549964
2026-09-28 17:00:00,116.80158769795457
2026-09-28 18:00:00,109.87656949968299
2026-09-28 19:00:00,122.59673483054459
2026-09-28 20:00:00,113.23256507743363
2026-09-28 21:00:00,119.18419836366692
2026-09-28 22:00:00,118.62144107450607
2026-09-28 23:00:00,119.21872241108856
2026-09-29 00:00:00,118.42149894107133
2026-09-29 01:00:00,117.94350824970365
2026-09-29 02:00:00,119.03693292405771
2026-09-29 03:00:00,118.47754442497879
2026-09-29 04:00:00,118.3856891792835
2026-09-29 05:00:00,117.40865614906392
2026-09-29 06:00:00,121.88378722137755
2026-09-29 07:00:00,119.05037708766882
2026-09-29 08:00:00,118.02149547126977
2026-09-29 09:00:00,119.73108966013776
2026-09-29 10:00:00,120.4404640729218
2026-09-29 11:00:00,119.57041577116874
2026-09-29 12:00:00,115.93227995767468
2026-09-29 13:00:00,114.61543071064575
2026-09-29 14:00:00,117.05214707494412
2026-09-29 15:00:00,117.29614769165013
2026-09-29 16:00:00,117.92719959567316
2026-09-29 17:00:00,117.58661553874035
2026-09-29 18:00:00,116.26377065508072
2026-09-29 19:00:00,115.07825555988146
2026-09-29 20:00:00,115.32360383329006
2026-09-29 21:00:00,119.58067152146924
2026-09-29 22:00:00,116.21076783025336
2026-09-29 23:00:00,116.06685730794652
2026-09-30 00:00:00,112.57338534227587
2026-09-30 01:00:00,119.64067518031264
2026-09-30 02:00:00,113.29244045773603
2026-09-30 03:00:00,120.08456869168917
2026-09-30 04:00:00,119.58757627609559
2026-09-30 05:00:00,117.20201527137577
2026-09-30 06:00:00,118.15667094711588
2026-09-30 07:00:00,116.22675378559975
2026-09-30 08:00:00,115.58301216634926
2026-09-30 09:00:00,120.51417967391592
2026-09-30 10:00:00,118.92621126106918
2026-09-30 11:00:00,118.06121542446613
2026-09-30 12:00:00,116.48143103536177
2026-09-30 13:00:00,115.83385433346749
2026-09-30 14:00:00,117.18011151533568
2026-09-30 15:00:00,119.7575964809013
2026-09-30 16:00:00,117.11750429979728
2026-09-30 17:00:00,117.05936120052566
2026-09-30 18:00:00,120.81258805292828
2026-09-30 19:00:00,118.01430378390073
2026-09-30 20:00:00,121.67058058623712
2026-09-30 21:00:00,115.62397565178433
2026-09-30 22:00:00,118.50343543536896
2026-09-30 23:00:00,113.88941702414238
2026-10-01 00:00:00,106.4420261420614
2026-10-01 01:00:00,104.20834118928641
2026-10-01 02:00:00,113.07230485086862
2026-10-01 03:00:00,109.4909332070372
2026-10-01 04:00:00,109.20497203420445
2026-10-01 05:00:00,104.84863007446869
2026-10-01 06:00:00,113.18058540547987
2026-10-01 07:00:00,110.3844312956468
2026-10-01 08:00:00,107.48164051233243
2026-10-01 09:00:00,111.89239575810629
2026-10-01 10:00:00,107.28549007840279
2026-10-01 11:00:00,110.3346573011587
2026-10-01 12:00:00,108.75351313186152
2026-10-01 13:00:00,109.92530519122417
2026-10-01 14:00:00,106.58919766209254
2026-10-01 15:00:00,111.19113668990138
2026-10-01 16:00:00,110.71716565108217
2026-10-01 17:00:00,110.60674915174727
2026-10-01 18:00:00,109.46262662249916
2026-10-01 19:00:00,114.02486650816385
2026-10-01 20:00:00,110.04128165748628
2026-10-01 21:00:00,109.1637839854802
2026-10-01 22:00:00,107.9148850397788
2026-10-01 23:00:00,107.66912434076123
2026-10-02 00:00:00,110.19632580060775
2026-10-02 01:00:00,108.14593732013861
2026-10-02 02:00:00,109.82289491949899
2026-10-02 03:00:00,108.22943139693268
2026-10-02 04:00:00,106.26178620361955
2026-10-02 05:00:00,108.8233514782035
2026-10-02 06:00:00,109.0164507622978
2026-10-02 07:00:00,108.11008857982111
2026-10-02 08:00:00,108.24593415099235
2026-10-02 09:00:00,108.27453967526083
2026-10-02 10:00:00,108.8926389743898
2026-10-02 11:00:00,107.66726588427798
2026-10-02 12:00:00,107.01909803043861
2026-10-02 13:00:00,107.1820138123236
2026-10-02 14:00:00,107.3100746905564
2026-10-02 15:00:00,107.78133603687252
2026-10-02 16:00:00,106.85000708823267
2026-10-02 17:00:00,106.19180202252937
2026-10-02 18:00:00,109.40987931228864
2026-10-02 19:00:00,107.57351472008952
2026-10-02 20:00:00,107.68263281296807
2026-10-02 21:00:00,107.14475989987642
2026-10-02 22:00:00,107.42044160786298
2026-10-02 23:00:00,108.78012992572162
2026-10-03 00:00:00,107.3179430246633
2026-10-03 01:00:00,108.28116144946601
2026-10-03 02:00:00,109.36421097986641
2026-10-03 03:00:00,110.77653738793974
2026-10-03 04:00:00,110.15255171866373
2026-10-03 05:00:00,107.72696875600859
2026-10-03 06:00:00,107.62698941612074
2026-10-03 07:00:00,112.85143954022512
2026-10-03 08:00:00,110.9970580490336
2026-10-03 09:00:00,113.03463843098187
2026-10-03 10:00:00,108.05900771038583
2026-10-03 11:00:00,107.51440156770045
2026-10-03 12:00:00,112.41578406677749
2026-10-03 13:00:00,106.57416079565442
2026-10-03 14:00:00,110.4244063022224
2026-10-03 15:00:00,109.50268746480342
2026-10-03 16:00:00,107.2458959964028
2026-10-03 17:00:00,113.66420120243207
2026-10-03 18:00:00,110.76118589591377
2026-10-03 19:00:00,109.37370165389724
2026-10-03 20:00:00,110.94860913131356
2026-10-03 21:00:00,106.99875683849167
2026-10-03 22:00:00,111.01686788846257
2026-10-03 23:00:00,109.15946430946641
2026-10-04 00:00:00,113.13554733484673
2026-10-04 01:00:00,112.4715407199231
2026-10-04 02:00:00,109.80486472185986
2026-10-04 03:00:00,115.80523484358467
2026-10-04 04:00:00,108.11517547045634
2026-10-04 05:00:00,108.89013914527654
2026-10-04 06:00:00,111.98542946311315
2026-10-04 07:00:00,110.41947900803991
2026-10-04 08:00:00,109.56459167602115
2026-10-04 09:00:00,111.49242990638385
2026-10-04 10:00:00,112.55981191913213
2026-10-04 11:00:00,108.76643122857578
2026-10-04 12:00:00,113.76219340502514
2026-10-04 13:00:00,110.34441525984111
2026-10-04 14:00:00,111.49940201644596
2026-10-04 15:00:00,109.20800687616631
2026-10-04 16:00:00,105.58281785281898
2026-10-04 17:00:00,107.64009418462985
2026-10-04 18:00:00,104.56432633499459
2026-10-04 19:00:00,113.43812154043641
2026-10-04 20:00:00,112.95481237740661
2026-10-04 21:00:00,112.83967695673743
2026-10-04 22:00:00,106.5722066070043
2026-10-04 23:00:00,107.22213603950615
2026-10-05 00:00:00,111.43042564326728
2026-10-05 01:00:00,108.41988423415401
2026-10-05 02:00:00,109.18562172474626
2026-10-05 03:00:00,108.14708269554866
2026-10-05 04:00:00,111.24991773912309
2026-10-05 05:00:00,106.38371821404195
2026-10-05 06:00:00,109.33015098978478
2026-10-05 07:00:00,112.590857372615
2026-10-05 08:00:00,108.55748368239699
2026-10-05 09:00:00,113.40106840105675
2026-10-05 10:00:00,111.37329387243517
2026-10-05 11:00:00,110.43560417666731
2026-10-05 12:00:00,110.98571873662274
2026-10-05 13:00:00,112.6992481569627
2026-10-05 14:00:00,106.15868218290106
2026-10-05 15:00:00,110.57285767992656
2026-10-05 16:00:00,105.43152416529017
2026-10-05 17:00:00,110.86727025896383
2026-10-05 18:00:00,103.01818467402265
2026-10-05 19:00:00,114.51479878902921
2026-10-05 20:00:00,108.99417492722513
2026-10-05 21:00:00,114.18627772542287
2026-10-05 22:00:00,111.6947257344435
2026-10-05 23:00:00,113.21658208928307
2026-10-06 00:00:00,111.16877017554819
2026-10-06 01:00:00,110.07679264751664
2026-10-06 02:00:00,111.30171237677433
2026-10-06 03:00:00,111.18316273802091
2026-10-06 04:00:00,112.87715229144696
2026-10-06 05:00:00,111.94353888243312
2026-10-06 06:00:00,111.75923447889421
2026-10-06 07:00:00,110.76322986803427
2026-10-06 08:00:00,108.14994593674912
2026-10-06 09:00:00,112.72168103251317
2026-10-06 10:00:00,110.78933844350269
2026-10-06 11:00:00,114.12941889553149
2026-10-06 12:00:00,110.4468138777152
2026-10-06 13:00:00,106.49108843075652
2026-10-06 14:00:00,110.49896028980278
2026-10-06 15:00:00,112.97096390417579
2026-10-06 16:00:00,108.62902252274681
2026-10-06 17:00:00,110.4316000395487
2026-10-06 18:00:00,111.68231954164207
2026-10-06 19:00:00,107.6355977105138
2026-10-06 20:00:00,110.92435561174022
2026-10-06 21:00:00,108.9346992119167
2026-10-06 22:00:00,108.53325214732897
2026-10-06 23:00:00,110.56517694067323
2026-10-07 00:00:00,107.06487760906445
2026-10-07 01:00:00,110.15396904692874
2026-10-07 02:00:00,108.72858507894813
2026-10-07 03:00:00,112.8279998406176
2026-10-07 04:00:00,113.42991588581617
2026-10-07 05:00:00,109.92850073768413
2026-10-07 06:00:00,109.49607209685583
2026-10-07 07:00:00,112.96987817725959
2026-10-07 08:00:00,109.90723106741507
2026-10-07 09:00:00,112.87322001948277
2026-10-07 10:00:00,113.16376368933892
2026-10-07 11:00:00,111.00743101681715
2026-10-07 12:00:00,108.61072967703224
2026-10-07 13:00:00,109.1646896448239
2026-10-07 14:00:00,109.45178625968043
2026-10-07 15:00:00,113.72847456803272
2026-10-07 16:00:00,110.93171120293947
2026-10-07 17:00:00,109.9988531301282
2026-10-07 18:00:00,114.47677789918825
2026-10-07 19:00:00,112.37768990682443
2026-10-07 20:00:00,113.2751684061908
2026-10-07 21:00:00,110.81574748210146
2026-10-07 22:00:00,109.18007781206339
2026-10-07 23:00:00,107.95474116369361
2026-10-08 00:00:00,105.14238799966125
2026-10-08 01:00:00,105.05084078283164
2026-10-08 02:00:00,110.8789137627322
2026-10-08 03:00:00,109.37264592920269
2026-10-08 04:00:00,106.2392416417202
2026-10-08 05:00:00,104.27822828219158
2026-10-08 06:00:00,113.37637493462886
2026-10-08 07:00:00,108.63968402341672
2026-10-08 08:00:00,110.04280743321566
2026-10-08 09:00:00,111.4337649639894
2026-10-08 10:00:00,109.4175005254366
2026-10-08 11:00:00,108.48697084959556
2026-10-08 12:00:00,108.50710118191773
2026-10-08 13:00:00,110.56879123508057
2026-10-08 14:00:00,104.77032683625185
2026-10-08 15:00:00,109.61317129743537
2026-10-08 16:00:00,109.00695855289126
2026-10-08 17:00:00,111.56016800573109
2026-10-08 18:00:00,112.75634432381585
2026-10-08 19:00:00,114.23113473446168
2026-10-08 20:00:00,107.38726613496505
2026-10-08 21:00:00,105.92400326562317
2026-10-08 22:00:00,108.737203199193
2026-10-08 23:00:00,109.90943264418672
2026-10-09 00:00:00,109.26754648844314
2026-10-09 01:00:00,107.56474699822954
2026-10-09 02:00:00,108.18637534107269
2026-10-09 03:00:00,108.05732752926221
2026-10-09 04:00:00,108.61856200368024
2026-10-09 05:00:00,109.26019977964148
2026-10-09 06:00:00,108.17404578509584
2026-10-09 07:00:00,106.68565319701258
2026-10-09 08:00:00,108.74291575507851
2026-10-09 09:00:00,108.00786121824856
2026-10-09 10:00:00,109.1062090932364
2026-10-09 11:00:00,108.952589581479
2026-10-09 12:00:00,107.47941018217104
2026-10-09 13:00:00,107.41460873979682
2026-10-09 14:00:00,109.07992425665671
2026-10-09 15:00:00,107.66864008778768
2026-10-09 16:00:00,109.18469381135708
2026-10-09 17:00:00,107.4694743839026
2026-10-09 18:00:00,107.64115125966936
2026-10-09 19:00:00,108.24639380500331
2026-10-09 20:00:00,108.80175753225957
2026-10-09 21:00:00,106.99830018846217
2026-10-09 22:00:00,109.47985230555801
2026-10-09 23:00:00,105.20644141183797
2026-10-10 00:00:00,107.7636731184948
2026-10-10 01:00:00,107.38786309181144
2026-10-10 02:00:00,111.25312495337063
2026-10-10 03:00:00,111.43032981430939
2026-10-10 04:00:00,109.46582562699308
2026-10-10 05:00:00,109.62285347161793
2026-10-10 06:00:00,109.00436009518758
2026-10-10 07:00:00,112.8535452313506
2026-10-10 08:00:00,109.6845161009083
2026-10-10 09:00:00,113.99793831319663
2026-10-10 10:00:00,107.23373963163517
2026-10-10 11:00:00,108.23594731635598
2026-10-10 12:00:00,110.42472463171164
2026-10-10 13:00:00,110.83767957888735
2026-10-10 14:00:00,111.79105269484518
2026-10-10 15:00:00,112.37601716767351
2026-10-10 16:00:00,111.46597594751589
2026-10-10 17:00:00,115.76237657952734
2026-10-10 18:00:00,110.11039726467288
2026-10-10 19:00:00,109.26198807405385
2026-10-10 20:00:00,110.38315405889642
2026-10-10 21:00:00,107.41678513686661
2026-10-10 22:00:00,113.02713655564128
2026-10-10 23:00:00,108.58800124407777
2026-10-11 00:00:00,111.74010094981453
2026-10-11 01:00:00,112.11068590944929
2026-10-11 02:00:00,110.41422693732044
2026-10-11 03:00:00,114.94035153665605
2026-10-11 04:00:00,108.53000374715901
2026-10-11 05:00:00,110.37102390978163
2026-10-11 06:00:00,110.1753136308156
2026-10-11 07:00:00,110.51042344339707
2026-10-11 08:00:00,113.15097014191454
2026-10-11 09:00:00,111.76629172269827
2026-10-11 10:00:00,114.51047521400615
2026-10-11 11:00:00,110.42743992396848
2026-10-11 12:00:00,115.14830945349209
2026-10-11 13:00:00,108.9719936783476
2026-10-11 14:00:00,112.26738659467176
2026-10-11 15:00:00,109.28609565667028
2026-10-11 16:00:00,109.35318445818713
2026-10-11 17:00:00,108.36779069433678
2026-10-11 18:00:00,106.27423248951706
2026-10-11 19:00:00,108.82630821913146
2026-10-11 20:00:00,113.57347707225281
2026-10-11 21:00:00,111.8928313396371
2026-10-11 22:00:00,105.86545542178557
2026-10-11 23:00:00,106.13485395469601
2026-10-12 00:00:00,112.19590881994282
2026-10-12 01:00:00,107.35596427578004
2026-10-12 02:00:00,108.01854795358912
2026-10-12 03:00:00,108.2610719143637
2026-10-12 04:00:00,112.50472344945337
2026-10-12 05:00:00,107.06689934546547
2026-10-12 06:00:00,110.95350954676084
2026-10-12 07:00:00,109.40378800123963
2026-10-12 08:00:00,110.42516362148334
2026-10-12 09:00:00,111.48709097985812
2026-10-12 10:00:00,108.67389452116808
2026-10-12 11:00:00,110.62051681089986
2026-10-12 12:00:00,112.62522434820204
2026-10-12 13:00:00,114.38536315025854
2026-10-12 14:00:00,106.85607264391153
2026-10-12 15:00:00,111.19042225574829
2026-10-12 16:00:00,104.73967758697859
2026-10-12 17:00:00,109.96370363720824
2026-10-12 18:00:00,104.38893689169078
2026-10-12 19:00:00,115.19983807289107
2026-10-12 20:00:00,109.2854965003497
2026-10-12 21:00:00,111.27385161139986
2026-10-12 22:00:00,110.83493394287386
2026-10-12 23:00:00,112.6706003946615
2026-10-13 00:00:00,110.88344355643616
2026-10-13 01:00:00,110.95924713379591
2026-10-13 02:00:00,111.42220704419124
2026-10-13 03:00:00,110.87415818875918
2026-10-13 04:00:00,111.01744443261155
2026-10-13 05:00:00,111.48617112033648
2026-10-13 06:00:00,115.12431089261452
2026-10-13 07:00:00,110.97518348085407
2026-10-13 08:00:00,109.17552011052658
2026-10-13 09:00:00,112.17751946793031
2026-10-13 10:00:00,114.13308763790329
2026-10-13 11:00:00,113.00292279065104
2026-10-13 12:00:00,110.1923687532722
2026-10-13 13:00:00,105.66763788173466
2026-10-13 14:00:00,111.0198956094641
2026-10-13 15:00:00,108.82656709728221
2026-10-13 16:00:00,109.51709178431776
2026-10-13 17:00:00,111.24429671308465
2026-10-13 18:00:00,109.50880733050546
2026-10-13 19:00:00,107.07351946595485
2026-10-13 20:00:00,111.20227202803486
2026-10-13 21:00:00,111.31426739624855
2026-10-13 22:00:00,109.90288274248397
2026-10-13 23:00:00,110.54768213142037
2026-10-14 00:00:00,106.27123404736378
2026-10-14 01:00:00,109.68358521106298
2026-10-14 02:00:00,107.70991768525363
2026-10-14 03:00:00,113.97676786693619
2026-10-14 04:00:00,112.04712561854404
2026-10-14 05:00:00,109.85532976054947
2026-10-14 06:00:00,108.807347322014
2026-10-14 07:00:00,111.78627346429175
2026-10-14 08:00:00,109.49270128682542
2026-10-14 09:00:00,113.94659791518002
2026-10-14 10:00:00,111.23599575722045
2026-10-14 11:00:00,110.16219056428608
2026-10-14 12:00:00,110.21284622138666
2026-10-14 13:00:00,110.95203347490053
2026-10-14 14:00:00,107.78274005386179
2026-10-14 15:00:00,113.9169616104233
2026-10-14 16:00:00,110.30375953966971
2026-10-14 17:00:00,111.24124003250648
2026-10-14 18:00:00,114.19839611537158
2026-10-14 19:00:00,109.65109940893532
2026-10-14 20:00:00,115.57540412699598
2026-10-14 21:00:00,112.12900935907669
2026-10-14 22:00:00,109.6520566861282
2026-10-14 23:00:00,107.24776552515793
2026-10-15 00:00:00,108.86389840963874
2026-10-15 01:00:00,106.02205083536975
2026-10-15 02:00:00,111.07754273955027
2026-10-15 03:00:00,108.96247162054259
2026-10-15 04:00:00,107.45918187074025
2026-10-15 05:00:00,104.68873800202695
2026-10-15 06:00:00,110.68624343154994
2026-10-15 07:00:00,110.58518267777632
2026-10-15 08:00:00,109.25793337700071
2026-10-15 09:00:00,115.35072794104678
2026-10-15 10:00:00,108.85836756589752
2026-10-15 11:00:00,108.52301952911162
2026-10-15 12:00:00,110.5945146082733
2026-10-15 13:00:00,107.63215831127617
2026-10-15 14:00:00,105.97898264206972
2026-10-15 15:00:00,110.8769042441375
2026-10-15 16:00:00,112.57114041449056
2026-10-15 17:00:00,108.95683220618702
2026-10-15 18:00:00,109.95744973407753
2026-10-15 19:00:00,112.35627976588813
2026-10-15 20:00:00,108.95230041989161
2026-10-15 21:00:00,108.77061771563709
2026-10-15 22:00:00,108.17936403955218
2026-10-15 23:00:00,108.78378996665985
2026-10-16 00:00:00,106.84232744254878
2026-10-16 01:00:00,107.7322391002501
2026-10-16 02:00:00,109.63345325553595
2026-10-16 03:00:00,108.39225409129716
2026-10-16 04:00:00,109.1393202048343
2026-10-16 05:00:00,107.76034367056822
2026-10-16 06:00:00,107.44719996570831
2026-10-16 07:00:00,107.62498654023076
2026-10-16 08:00:00,108.97033190142949
2026-10-16 09:00:00,107.44846591506398
2026-10-16 10:00:00,108.08160421200022
2026-10-16 11:00:00,107.8888355183459
2026-10-16 12:00:00,107.1300720886237
2026-10-16 13:00:00,107.29929030169868
2026-10-16 14:00:00,106.14969809758976
2026-10-16 15:00:00,108.18484954745297
2026-10-16 16:00:00,108.11492996548903
2026-10-16 17:00:00,107.13227196486521
2026-10-16 18:00:00,108.2081651767056
2026-10-16 19:00:00,110.34426975584898
2026-10-16 20:00:00,107.33401268344997
2026-10-16 21:00:00,106.79909919019272
2026-10-16 22:00:00,109.55568965391288
2026-10-16 23:00:00,108.47189476846754
2026-10-17 00:00:00,106.78257692624607
2026-10-17 01:00:00,109.0993582021863
2026-10-17 02:00:00,106.4236526723664
2026-10-17 03:00:00,111.36451383819288
2026-10-17 04:00:00,109.55215413008834
2026-10-17 05:00:00,109.67125040885604
2026-10-17 06:00:00,109.65083276668406
2026-10-17 07:00:00,113.31006936843681
2026-10-17 08:00:00,111.65834195097358
2026-10-17 09:00:00,115.76164399457441
2026-10-17 10:00:00,107.4688505099364
2026-10-17 11:00:00,105.89230164015424
2026-10-17 12:00:00,110.19212012209103
2026-10-17 13:00:00,106.38135514230372
2026-10-17 14:00:00,111.71546735226875
2026-10-17 15:00:00,111.35482909919696
2026-10-17 16:00:00,106.72111703989484
2026-10-17 17:00:00,113.48901744730577
2026-10-17 18:00:00,111.29963484298867
2026-10-17 19:00:00,109.27492434881813
2026-10-17 20:00:00,107.77885142184336
2026-10-17 21:00:00,107.76686024755993
2026-10-17 22:00:00,111.4404019636755
2026-10-17 23:00:00,105.66784672229298
2026-10-18 00:00:00,113.03537780441671
2026-10-18 01:00:00,111.5674566586271
2026-10-18 02:00:00,108.3362179517152
2026-10-18 03:00:00,114.60587087128414
2026-10-18 04:00:00,106.58577904346308
2026-10-18 05:00:00,112.39439958037775
2026-10-18 06:00:00,110.20230333798617
2026-10-18 07:00:00,106.59824030502713
2026-10-18 08:00:00,109.59041094309801
2026-10-18 09:00:00,110.18188953031385
2026-10-18 10:00:00,114.55601520570947
2026-10-18 11:00:00,110.99677350926031
2026-10-18 12:00:00,114.14061354912232
2026-10-18 13:00:00,109.61263011281503
2026-10-18 14:00:00,114.65968146920062
2026-10-18 15:00:00,109.5161555400882
2026-10-18 16:00:00,112.3072715038901
2026-10-18 17:00:00,108.71679796051421
2026-10-18 18:00:00,102.31206750728668
2026-10-18 19:00:00,111.99020370703713
2026-10-18 20:00:00,110.23861038904275
2026-10-18 21:00:00,111.87429642125876
2026-10-18 22:00:00,107.00199711025954
2026-10-18 23:00:00,106.51353640242712
2026-10-19 00:00:00,109.84103966669174
2026-10-19 01:00:00,106.9082662685788
2026-10-19 02:00:00,108.78266929632359
2026-10-19 03:00:00,108.3137178362014
2026-10-19 04:00:00,110.80981600861072
2026-10-19 05:00:00,106.64629021207716
2026-10-19 06:00:00,110.43204922751318
2026-10-19 07:00:00,110.0704487174756
2026-10-19 08:00:00,110.33925378442544
2026-10-19 09:00:00,113.53709501283113
2026-10-19 10:00:00,111.9037892443436
2026-10-19 11:00:00,111.27963439543781
2026-10-19 12:00:00,110.3614963782557
2026-10-19 13:00:00,112.91705267915506
2026-10-19 14:00:00,104.78625488178028
2026-10-19 15:00:00,109.97165619688207
2026-10-19 16:00:00,107.42569484467182
2026-10-19 17:00:00,110.46748437097465
2026-10-19 18:00:00,105.5566637517853
2026-10-19 19:00:00,113.40609421596969
2026-10-19 20:00:00,108.25655440057936
2026-10-19 21:00:00,110.98318962736603
2026-10-19 22:00:00,112.10532923255316
2026-10-19 23:00:00,112.50866445174752
2026-10-20 00:00:00,112.59896841633183
2026-10-20 01:00:00,111.57044687238329
2026-10-20 02:00:00,111.79824347911028
2026-10-20 03:00:00,111.13505537291647
2026-10-20 04:00:00,111.83453905473307
2026-10-20 05:00:00,111.21132019139029
2026-10-20 06:00:00,114.05657011110506
2026-10-20 07:00:00,110.44348526104856
2026-10-20 08:00:00,108.64071467761742
2026-10-20 09:00:00,113.06410818381153
2026-10-20 10:00:00,114.7022558763826
2026-10-20 11:00:00,113.63255709496215
2026-10-20 12:00:00,110.2795809870737
2026-10-20 13:00:00,105.3641094181545
2026-10-20 14:00:00,109.7245149307394
2026-10-20 15:00:00,110.5715006574629
2026-10-20 16:00:00,110.4333919061191
2026-10-20 17:00:00,109.17906503161574
2026-10-20 18:00:00,111.1676550745766
2026-10-20 19:00:00,108.12808557314159
2026-10-20 20:00:00,110.80893336599911
2026-10-20 21:00:00,110.78803047185357
2026-10-20 22:00:00,109.15170818048587
2026-10-20 23:00:00,109.5959784314446
2026-10-21 00:00:00,107.60678425663617
2026-10-21 01:00:00,109.36158650100514
2026-10-21 02:00:00,107.69007149689426
2026-10-21 03:00:00,111.93917005290243
2026-10-21 04:00:00,112.34811953165962
2026-10-21 05:00:00,110.87676998985988
2026-10-21 06:00:00,109.17590079248079
2026-10-21 07:00:00,112.4328455951352
2026-10-21 08:00:00,108.39751716803994
2026-10-21 09:00:00,113.56898131682152
2026-10-21 10:00:00,112.62120265450591
2026-10-21 11:00:00,110.43006896629416
2026-10-21 12:00:00,110.41129971512444
2026-10-21 13:00:00,108.97018078630853
2026-10-21 14:00:00,108.9843002327762
2026-10-21 15:00:00,113.86366632391874
2026-10-21 16:00:00,107.02963533156296
2026-10-21 17:00:00,110.60085630219672
2026-10-21 18:00:00,113.13975302453929
2026-10-21 19:00:00,112.97379761678243
2026-10-21 20:00:00,114.00253106168253
2026-10-21 21:00:00,111.72868859091861
2026-10-21 22:00:00,112.26989006108914
2026-10-21 23:00:00,108.44175185948978
2026-10-22 00:00:00,106.93995474513888
2026-10-22 01:00:00,105.9086904344712
2026-10-22 02:00:00,113.50228259107661
2026-10-22 03:00:00,110.58487294634155
2026-10-22 04:00:00,108.01305887067507
2026-10-22 05:00:00,104.78427780451408
2026-10-22 06:00:00,111.77603382375831
2026-10-22 07:00:00,110.99581432913766
2026-10-22 08:00:00,110.2227114715827
2026-10-22 09:00:00,111.94885522440718
2026-10-22 10:00:00,109.2730861981522
2026-10-22 11:00:00,109.60768782762565
2026-10-22 12:00:00,108.86758651720177
2026-10-22 13:00:00,108.74171158716857
2026-10-22 14:00:00,108.12850070940206
2026-10-22 15:00:00,110.71178506758578
2026-10-22 16:00:00,110.56271643515635
2026-10-22 17:00:00,111.97852314346814
2026-10-22 18:00:00,112.93629672725667
2026-10-22 19:00:00,114.0016124617477
2026-10-22 20:00:00,108.36330054483332
2026-10-22 21:00:00,108.53672681183996
2026-10-22 22:00:00,107.5049572536208
2026-10-22 23:00:00,106.58810618659774
2026-10-23 00:00:00,108.64281565909366
2026-10-23 01:00:00,107.13542048709229
2026-10-23 02:00:00,108.96490008554188
2026-10-23 03:00:00,108.73972205077514
2026-10-23 04:00:00,108.769098182526
2026-10-23 05:00:00,110.00826178628444
2026-10-23 06:00:00,106.9008309695405
2026-10-23 07:00:00,107.27895248509967
2026-10-23 08:00:00,107.58441071936299
2026-10-23 09:00:00,109.07909277171905
2026-10-23 10:00:00,108.40883794365621
2026-10-23 11:00:00,107.89149162739267
2026-10-23 12:00:00,109.81143874141797
2026-10-23 13:00:00,107.33249126221371
2026-10-23 14:00:00,105.19286208487104
2026-10-23 15:00:00,106.77119975887024
2026-10-23 16:00:00,107.58836703792035
2026-10-23 17:00:00,108.59295655674883
2026-10-23 18:00:00,106.81557758791539
2026-10-23 19:00:00,107.93084282968482
2026-10-23 20:00:00,106.33010654419103
2026-10-23 21:00:00,108.67160101469031
2026-10-23 22:00:00,107.70437901899227
2026-10-23 23:00:00,106.33790514924743
2026-10-24 00:00:00,106.11597527660608
2026-10-24 01:00:00,108.8686248433554
2026-10-24 02:00:00,108.38497603080742
2026-10-24 03:00:00,112.01684135718531
2026-10-24 04:00:00,111.0201824869083
2026-10-24 05:00:00,107.22698415008172
2026-10-24 06:00:00,109.31271384006176
2026-10-24 07:00:00,113.21150180716329
2026-10-24 08:00:00,110.93138257747627
2026-10-24 09:00:00,114.78638153093547
2026-10-24 10:00:00,107.49361520659113
2026-10-24 11:00:00,107.0576550345386
2026-10-24 12:00:00,112.12271691844964
2026-10-24 13:00:00,108.56731152948876
2026-10-24 14:00:00,110.90652100728765
2026-10-24 15:00:00,112.12592795479341
2026-10-24 16:00:00,108.0713831426177
2026-10-24 17:00:00,115.17709327637039
2026-10-24 18:00:00,111.7550384814702
2026-10-24 19:00:00,110.32105398492752
2026-10-24 20:00:00,109.07269559472883
2026-10-24 21:00:00,107.57111042153429
2026-10-24 22:00:00,112.32181829191265
2026-10-24 23:00:00,108.47544686529876
2026-10-25 00:00:00,111.62840033259307
2026-10-25 01:00:00,112.62350614508303
2026-10-25 02:00:00,107.75757267274147
2026-10-25 03:00:00,115.24983190225271
2026-10-25 04:00:00,109.05124042132705
2026-10-25 05:00:00,110.95696215142414
2026-10-25 06:00:00,109.51995140706191
2026-10-25 07:00:00,107.61716243195536
2026-10-25 08:00:00,109.74260443054668
2026-10-25 09:00:00,111.23810146467764
2026-10-25 10:00:00,114.59898345386038
2026-10-25 11:00:00,109.79420279208364
2026-10-25 12:00:00,111.42768767319555
2026-10-25 13:00:00,111.0161700712748
2026-10-25 14:00:00,114.24138244102696
2026-10-25 15:00:00,108.47728907407131
2026-10-25 16:00:00,109.29119181624488
2026-10-25 17:00:00,109.08794065878709
2026-10-25 18:00:00,101.49981530756466
2026-10-25 19:00:00,110.05501932757551
2026-10-25 20:00:00,109.79557782443229
2026-10-25 21:00:00,111.25311894810984
2026-10-25 22:00:00,106.04073743890578
2026-10-25 23:00:00,107.61189459163711
2026-10-26 00:00:00,111.72858627911486
2026-10-26 01:00:00,109.74893956507181
2026-10-26 02:00:00,108.56116858218078
2026-10-26 03:00:00,107.4651201287607
2026-10-26 04:00:00,109.86523081187727
2026-10-26 05:00:00,107.54050166084585
2026-10-26 06:00:00,111.14351030152432
2026-10-26 07:00:00,110.78797550673133
2026-10-26 08:00:00,109.54944092273296
2026-10-26 09:00:00,112.1025480709827
2026-10-26 10:00:00,112.00556182909608
2026-10-26 11:00:00,109.76024843538586
2026-10-26 12:00:00,111.47357033469348
2026-10-26 13:00:00,114.97607498543668
2026-10-26 14:00:00,105.19824319339429
2026-10-26 15:00:00,112.19023977103551
2026-10-26 16:00:00,105.87180055549237
2026-10-26 17:00:00,111.34109929237029
2026-10-26 18:00:00,105.23715919055532
2026-10-26 19:00:00,114.1408741432008
2026-10-26 20:00:00,108.5382236885318
2026-10-26 21:00:00,109.2527004146744
2026-10-26 22:00:00,111.32969665194247
2026-10-26 23:00:00,114.66268956588004
2026-10-27 00:00:00,111.19545234038941
2026-10-27 01:00:00,110.51268718441645
2026-10-27 02:00:00,113.7615147672644
2026-10-27 03:00:00,109.8912058850547
2026-10-27 04:00:00,110.57807394200589
2026-10-27 05:00:00,110.86815829677256
2026-10-27 06:00:00,113.1289923506541
2026-10-27 07:00:00,109.61425257846149
2026-10-27 08:00:00,111.992621778306
2026-10-27 09:00:00,113.87378344989733
2026-10-27 10:00:00,112.16266335665844
2026-10-27 11:00:00,113.52435147136902
2026-10-27 12:00:00,109.7479011789917
2026-10-27 13:00:00,106.75754289243542
2026-10-27 14:00:00,111.45615521551207
2026-10-27 15:00:00,109.2754740275729
2026-10-27 16:00:00,107.780947350015
2026-10-27 17:00:00,109.70622515297728
2026-10-27 18:00:00,110.40869765118117
2026-10-27 19:00:00,106.75601809983841
2026-10-27 20:00:00,111.0836741778821
2026-10-27 21:00:00,109.56520433598354
2026-10-27 22:00:00,110.50747533136482
2026-10-27 23:00:00,109.46925944580099
2026-10-28 00:00:00,106.14811642047687
2026-10-28 01:00:00,109.07325226533614
2026-10-28 02:00:00,108.7085251910762
2026-10-28 03:00:00,111.83872732657085
2026-10-28 04:00:00,113.84673626494885
2026-10-28 05:00:00,110.81047436832705
2026-10-28 06:00:00,107.29556126145951
2026-10-28 07:00:00,113.15597921029234
2026-10-28 08:00:00,107.92625813793023
2026-10-28 09:00:00,116.22559345668152
2026-10-28 10:00:00,114.52304141398514
2026-10-28 11:00:00,111.64114424037464
2026-10-28 12:00:00,109.55595420797347
2026-10-28 13:00:00,111.07098328341263
2026-10-28 14:00:00,110.68353431033522
2026-10-28 15:00:00,112.81223888162265
2026-10-28 16:00:00,112.53261664397662
2026-10-28 17:00:00,111.02950363992649
2026-10-28 18:00:00,112.92085931728874
2026-10-28 19:00:00,111.13316815403897
2026-10-28 20:00:00,113.31256834673076
2026-10-28 21:00:00,112.37268663033697
2026-10-28 22:00:00,111.27294680229419
2026-10-28 23:00:00,108.61691609117445
2026-10-29 00:00:00,107.91608949090869
2026-10-29 01:00:00,103.71705967340407
2026-10-29 02:00:00,112.96524305852813
2026-10-29 03:00:00,109.52084003284037
2026-10-29 04:00:00,107.74630461009166
2026-10-29 05:00:00,106.02481680672838
2026-10-29 06:00:00,112.82307719848308
2026-10-29 07:00:00,110.1890868232029
2026-10-29 08:00:00,110.65279348514645
2026-10-29 09:00:00,115.48574767909001
2026-10-29 10:00:00,109.2948033356763
2026-10-29 11:00:00,111.94638538305571
2026-10-29 12:00:00,110.19427385100794
2026-10-29 13:00:00,108.29544489422489
2026-10-29 14:00:00,106.33692596545269
2026-10-29 15:00:00,111.60264993096553
2026-10-29 16:00:00,109.97501897409865
2026-10-29 17:00:00,109.61283121368199
2026-10-29 18:00:00,113.95240136260692
2026-10-29 19:00:00,112.71181211494968
2026-10-29 20:00:00,108.04588045735791
2026-10-29 21:00:00,108.5953000393243
2026-10-29 22:00:00,109.01978888969573
2026-10-29 23:00:00,108.77005819210541
2026-10-30 00:00:00,109.70212598134748
2026-10-30 01:00:00,108.31709921795456
2026-10-30 02:00:00,109.78583534624497
2026-10-30 03:00:00,108.24999159025704
2026-10-30 04:00:00,107.8719067914584
2026-10-30 05:00:00,108.43976090587962
2026-10-30 06:00:00,109.17072127568954
2026-10-30 07:00:00,109.02448223423124
2026-10-30 08:00:00,107.48382242303508
2026-10-30 09:00:00,107.29504658818462
2026-10-30 10:00:00,108.5132302828747
2026-10-30 11:00:00,109.52165176297879
2026-10-30 12:00:00,109.1821603080695
2026-10-30 13:00:00,107.44011113595278
2026-10-30 14:00:00,109.21179211294849
2026-10-30 15:00:00,108.5881838084223
2026-10-30 16:00:00,107.17415929543237
2026-10-30 17:00:00,108.95958325289799
2026-10-30 18:00:00,108.51925536163535
2026-10-30 19:00:00,107.31971264106741
2026-10-30 20:00:00,107.41269628626125
2026-10-30 21:00:00,106.70112080972066
2026-10-30 22:00:00,108.22192075415946
2026-10-30 23:00:00,107.63302068267137
2026-10-31 00:00:00,109.00750746889823
2026-10-31 01:00:00,109.61624065777605
2026-10-31 02:00:00,109.13281780843904
2026-10-31 03:00:00,111.55380281684671
2026-10-31 04:00:00,110.96427746889437
2026-10-31 05:00:00,108.2378376688355
2026-10-31 06:00:00,109.8634427208794
2026-10-31 07:00:00,112.0416408222819
2026-10-31 08:00:00,110.88134396312968
2026-10-31 09:00:00,114.41122302600766
2026-10-31 10:00:00,106.30316188696962
2026-10-31 11:00:00,107.1754580739323
2026-10-31 12:00:00,111.73443938347194
2026-10-31 13:00:00,107.35042220826418
2026-10-31 14:00:00,110.54902804024002
2026-10-31 15:00:00,111.08426511893313
2026-10-31 16:00:00,109.8696903166566
2026-10-31 17:00:00,114.13241549908999
2026-10-31 18:00:00,109.86231282655748
2026-10-31 19:00:00,108.31822256418172
2026-10-31 20:00:00,111.510780904088
2026-10-31 21:00:00,106.72086662944935
2026-10-31 22:00:00,111.6163251411569
2026-10-31 23:00:00,107.75366166162496
2026-11-01 00:00:00,117.94747638313758
2026-11-01 01:00:00,116.86744565333082
2026-11-01 02:00:00,112.25231702878922
2026-11-01 03:00:00,119.71331777376662
2026-11-01 04:00:00,109.6587877841752
2026-11-01 05:00:00,113.40149489968304
2026-11-01 06:00:00,113.54316318336244
2026-11-01 07:00:00,113.28698429985492
2026-11-01 08:00:00,115.95328919881247
2026-11-01 09:00:00,113.92704214155663
2026-11-01 10:00:00,117.30554857323945
2026-11-01 11:00:00,113.3614986443373
2026-11-01 12:00:00,118.14583454263371
2026-11-01 13:00:00,114.35842501695788
2026-11-01 14:00:00,117.11239892029711
2026-11-01 15:00:00,114.48850439380048
2026-11-01 16:00:00,113.12090086808935
2026-11-01 17:00:00,110.49095288127381
2026-11-01 18:00:00,107.70839450471362
2026-11-01 19:00:00,113.57753011577957
2026-11-01 20:00:00,115.02813752352132
2026-11-01 21:00:00,114.98214389521206
2026-11-01 22:00:00,108.05896562297615
2026-11-01 23:00:00,108.3388159184755
2026-11-02 00:00:00,116.0922696967693
2026-11-02 01:00:00,111.72812137649143
2026-11-02 02:00:00,110.71940189118155
2026-11-02 03:00:00,113.6954180823181
2026-11-02 04:00:00,114.40567282121006
2026-11-02 05:00:00,112.68342297864353
2026-11-02 06:00:00,115.99022507723745
2026-11-02 07:00:00,115.1157828047725
2026-11-02 08:00:00,114.40532135595512
2026-11-02 09:00:00,116.00353539622164
2026-11-02 10:00:00,116.41789946350639
2026-11-02 11:00:00,114.14528537335616
2026-11-02 12:00:00,117.15833067763319
2026-11-02 13:00:00,118.67744550581796
2026-11-02 14:00:00,109.00322743282037
2026-11-02 15:00:00,112.56558477243811
2026-11-02 16:00:00,108.69659720896638
2026-11-02 17:00:00,114.96949850079096
2026-11-02 18:00:00,107.8390729363037
2026-11-02 19:00:00,117.01808228858704
2026-11-02 20:00:00,112.96389337066238
2026-11-02 21:00:00,114.67811362949747
2026-11-02 22:00:00,115.98217264513816
2026-11-02 23:00:00,115.43015448466502
2026-11-03 00:00:00,111.8935310714193
2026-11-03 01:00:00,114.20923885187011
2026-11-03 02:00:00,115.34697265964456
2026-11-03 03:00:00,116.41428121674109
2026-11-03 04:00:00,114.96497065608008
2026-11-03 05:00:00,115.86309539138473
2026-11-03 06:00:00,118.44656675203993
2026-11-03 07:00:00,112.31876608960066
2026-11-03 08:00:00,112.40667090023659
2026-11-03 09:00:00,116.79956582098283
2026-11-03 10:00:00,117.63290274385024
2026-11-03 11:00:00,116.77255843955935
2026-11-03 12:00:00,113.0108116746541
2026-11-03 13:00:00,109.21507672517211
2026-11-03 14:00:00,111.04983284242196
2026-11-03 15:00:00,116.38104869198187
2026-11-03 16:00:00,113.29897370843182
2026-11-03 17:00:00,111.71365604784859
2026-11-03 18:00:00,115.20288089493027
2026-11-03 19:00:00,111.82849225089274
2026-11-03 20:00:00,114.81432960631126
2026-11-03 21:00:00,112.63974057988088
2026-11-03 22:00:00,113.41679026565996
2026-11-03 23:00:00,113.33226294879543
2026-11-04 00:00:00,110.66366569884337
2026-11-04 01:00:00,115.15395818321288
2026-11-04 02:00:00,111.73951035058344
2026-11-04 03:00:00,115.9823916225399
2026-11-04 04:00:00,115.05319615924643
2026-11-04 05:00:00,114.93904228501144
2026-11-04 06:00:00,113.25752113744397
2026-11-04 07:00:00,113.89840123494437
2026-11-04 08:00:00,115.81606772462712
2026-11-04 09:00:00,117.64456994971036
2026-11-04 10:00:00,116.21463612892944
2026-11-04 11:00:00,114.65264401239254
2026-11-04 12:00:00,112.91736726926443
2026-11-04 13:00:00,113.140726685842
2026-11-04 14:00:00,114.70181721464996
2026-11-04 15:00:00,117.30921057839718
2026-11-04 16:00:00,112.82479094758173
2026-11-04 17:00:00,113.9918819659404
2026-11-04 18:00:00,117.79581229073165
2026-11-04 19:00:00,114.16778493456307
2026-11-04 20:00:00,116.0695300256832
2026-11-04 21:00:00,116.11920066596386
2026-11-04 22:00:00,114.27766490576235
2026-11-04 23:00:00,109.64228093550553
2026-11-05 00:00:00,110.72878554242453
2026-11-05 01:00:00,108.35859465607231
2026-11-05 02:00:00,117.00093252250893
2026-11-05 03:00:00,112.55842975871514
2026-11-05 04:00:00,109.8848901097441
2026-11-05 05:00:00,106.1798292467793
2026-11-05 06:00:00,116.02366969295035
2026-11-05 07:00:00,114.7894809840559
2026-11-05 08:00:00,113.80045016819528
2026-11-05 09:00:00,117.420821498163
2026-11-05 10:00:00,113.00513156273132
2026-11-05 11:00:00,115.37803800442079
2026-11-05 12:00:00,111.35801488232069
2026-11-05 13:00:00,113.18719853991178
2026-11-05 14:00:00,111.07850197801682
2026-11-05 15:00:00,115.83887700249298
2026-11-05 16:00:00,113.94152391799348
2026-11-05 17:00:00,114.98943057740266
2026-11-05 18:00:00,114.81425289418898
2026-11-05 19:00:00,116.73790772476988
2026-11-05 20:00:00,113.59435593104513
2026-11-05 21:00:00,112.29469864790495
2026-11-05 22:00:00,110.39178012642401
2026-11-05 23:00:00,111.46351739022755
2026-11-06 00:00:00,112.87514084219349
2026-11-06 01:00:00,113.87950782924253
2026-11-06 02:00:00,111.99383739052297
2026-11-06 03:00:00,113.53546742687016
2026-11-06 04:00:00,114.1513041793313
2026-11-06 05:00:00,112.3209747341215
2026-11-06 06:00:00,110.67557242651783
2026-11-06 07:00:00,112.56889706808042
2026-11-06 08:00:00,110.21439266564587
2026-11-06 09:00:00,111.34959421705798
2026-11-06 10:00:00,110.08914379756638
2026-11-06 11:00:00,111.88029744940397
2026-11-06 12:00:00,112.29970520694347
2026-11-06 13:00:00,110.91207655205692
2026-11-06 14:00:00,110.90461270512486
2026-11-06 15:00:00,111.58247968154394
2026-11-06 16:00:00,111.92032688828368
2026-11-06 17:00:00,110.17378734058008
2026-11-06 18:00:00,112.38291955895428
2026-11-06 19:00:00,112.6052535886369
2026-11-06 20:00:00,109.29966506404031
2026-11-06 21:00:00,110.08482149620002
2026-11-06 22:00:00,113.47790368019199
2026-11-06 23:00:00,110.62595077000879
2026-11-07 00:00:00,110.7353004552449
2026-11-07 01:00:00,111.79253471842758
2026-11-07 02:00:00,112.66167411395985
2026-11-07 03:00:00,115.24065496090977
2026-11-07 04:00:00,113.80694549732982
2026-11-07 05:00:00,111.86180224716496
2026-11-07 06:00:00,109.53963144889542
2026-11-07 07:00:00,116.27697319763395
2026-11-07 08:00:00,115.11683487746447
2026-11-07 09:00:00,117.78705693979275
2026-11-07 10:00:00,112.28172431939691
2026-11-07 11:00:00,110.40478762365231
2026-11-07 12:00:00,114.2241926541269
2026-11-07 13:00:00,111.00543053766472
2026-11-07 14:00:00,115.0234120341147
2026-11-07 15:00:00,116.34648234788007
2026-11-07 16:00:00,113.76908105760225
2026-11-07 17:00:00,116.13573210411172
2026-11-07 18:00:00,113.38157088000298
2026-11-07 19:00:00,115.82620058849429
2026-11-07 20:00:00,113.47030861047132
2026-11-07 21:00:00,113.16983228758545
2026-11-07 22:00:00,117.35456958388372
2026-11-07 23:00:00,112.07176553815216
2026-11-08 00:00:00,116.25737575079498
2026-11-08 01:00:00,114.03928045804157
2026-11-08 02:00:00,112.55654388733998
2026-11-08 03:00:00,120.54567195206248
2026-11-08 04:00:00,112.15581803717734
2026-11-08 05:00:00,114.32748884750278
2026-11-08 06:00:00,112.76974833204619
2026-11-08 07:00:00,112.63231998639293
2026-11-08 08:00:00,114.71409169173171
2026-11-08 09:00:00,113.48250271348674
2026-11-08 10:00:00,119.0506812831317
2026-11-08 11:00:00,113.11328091682324
2026-11-08 12:00:00,114.60789052839017
2026-11-08 13:00:00,110.8233268633498
2026-11-08 14:00:00,117.72972400435006
2026-11-08 15:00:00,112.90376457858022
2026-11-08 16:00:00,112.08383309658947
2026-11-08 17:00:00,109.59128777565371
2026-11-08 18:00:00,107.52998544050342
2026-11-08 19:00:00,116.7578335553126
2026-11-08 20:00:00,113.00476696112656
2026-11-08 21:00:00,119.23963487507757
2026-11-08 22:00:00,106.80902670806258
2026-11-08 23:00:00,110.80182448474054
2026-11-09 00:00:00,116.54394264533288
2026-11-09 01:00:00,113.32246739586947
2026-11-09 02:00:00,111.38266641906844
2026-11-09 03:00:00,112.38722833493065
2026-11-09 04:00:00,115.78041867406768
2026-11-09 05:00:00,109.85813230016544
2026-11-09 06:00:00,115.31440037531144
2026-11-09 07:00:00,115.53647212442436
2026-11-09 08:00:00,113.91779455008977
2026-11-09 09:00:00,117.39375452711074
2026-11-09 10:00:00,112.48659947049275
2026-11-09 11:00:00,114.087311928631
2026-11-09 12:00:00,112.59287045318932
2026-11-09 13:00:00,118.75049156045834
2026-11-09 14:00:00,109.27539485005278
2026-11-09 15:00:00,111.9620362345947
2026-11-09 16:00:00,109.69248552500004
2026-11-09 17:00:00,113.9852643202594
2026-11-09 18:00:00,109.35127949247033
2026-11-09 19:00:00,117.28746251528374
2026-11-09 20:00:00,109.86281937956598
2026-11-09 21:00:00,114.60966339683746
2026-11-09 22:00:00,116.35991602573965
2026-11-09 23:00:00,114.775768144213
2026-11-10 00:00:00,114.32468070397974
2026-11-10 01:00:00,116.19223100078308
2026-11-10 02:00:00,116.38110232230551
2026-11-10 03:00:00,113.46838167492962
2026-11-10 04:00:00,114.54398273969579
2026-11-10 05:00:00,115.0145980361678
2026-11-10 06:00:00,115.05976661108326
2026-11-10 07:00:00,112.18318803923572
2026-11-10 08:00:00,114.13967428888253
2026-11-10 09:00:00,116.1347227586372
2026-11-10 10:00:00,116.65206327310479
2026-11-10 11:00:00,117.44109431208875
2026-11-10 12:00:00,114.25872881630588
2026-11-10 13:00:00,108.94675892132052
2026-11-10 14:00:00,113.8981552056878
2026-11-10 15:00:00,114.12733330264311
2026-11-10 16:00:00,110.96644956881605
2026-11-10 17:00:00,113.41142430272178
2026-11-10 18:00:00,114.8839983983119
2026-11-10 19:00:00,110.97902982017663
2026-11-10 20:00:00,114.59039704747036
2026-11-10 21:00:00,115.03785607675523
2026-11-10 22:00:00,112.12258796221694
2026-11-10 23:00:00,111.10015398302073
2026-11-11 00:00:00,109.79563482160945
2026-11-11 01:00:00,113.55703861750467
2026-11-11 02:00:00,113.1620964034321
2026-11-11 03:00:00,115.61375066156117
2026-11-11 04:00:00,115.46619347216121
2026-11-11 05:00:00,113.45460914870867
2026-11-11 06:00:00,114.55186423203055
2026-11-11 07:00:00,116.7226145401753
2026-11-11 08:00:00,112.17160561097486
2026-11-11 09:00:00,117.35465346846905
2026-11-11 10:00:00,116.65612744585843
2026-11-11 11:00:00,116.68994736701885
2026-11-11 12:00:00,115.06936469623528
2026-11-11 13:00:00,113.23119427312926
2026-11-11 14:00:00,114.42939248859642
2026-11-11 15:00:00,115.94083795767177
2026-11-11 16:00:00,113.33971413841763
2026-11-11 17:00:00,112.95423661623146
2026-11-11 18:00:00,117.77988146717621
2026-11-11 19:00:00,112.30736668652202
2026-11-11 20:00:00,117.77071336523468
2026-11-11 21:00:00,112.25912335197356
2026-11-11 22:00:00,115.35154424522054
2026-11-11 23:00:00,110.48136591826757
2026-11-12 00:00:00,111.62622048718636
2026-11-12 01:00:00,107.9051029731354
2026-11-12 02:00:00,114.44650590449254
2026-11-12 03:00:00,114.66881788972894
2026-11-12 04:00:00,111.07180168138012
2026-11-12 05:00:00,109.39610666463733
2026-11-12 06:00:00,117.27571226243738
2026-11-12 07:00:00,114.52034574357472
2026-11-12 08:00:00,112.43750543032013
2026-11-12 09:00:00,117.89892240786416
2026-11-12 10:00:00,113.07077149365841
2026-11-12 11:00:00,116.12232062473043
2026-11-12 12:00:00,113.48402686234725
2026-11-12 13:00:00,112.05888620155116
2026-11-12 14:00:00,110.97714531166635
2026-11-12 15:00:00,115.66722520056358
2026-11-12 16:00:00,114.11945128670897
2026-11-12 17:00:00,113.87319919276054
2026-11-12 18:00:00,116.02057039272285
2026-11-12 19:00:00,116.94377994553139
2026-11-12 20:00:00,112.34970560986528
2026-11-12 21:00:00,111.12538193547243
2026-11-12 22:00:00,112.62917358783228
2026-11-12 23:00:00,113.8235617776902
2026-11-13 00:00:00,113.1529483273858
2026-11-13 01:00:00,110.5367390524811
2026-11-13 02:00:00,114.4302033311034
2026-11-13 03:00:00,111.7161868357885
2026-11-13 04:00:00,111.7928753418346
2026-11-13 05:00:00,110.80498217013042
2026-11-13 06:00:00,111.9817820745954
2026-11-13 07:00:00,111.36971617915046
2026-11-13 08:00:00,110.81934006497757
2026-11-13 09:00:00,113.12137547409824
2026-11-13 10:00:00,111.1643722788657
2026-11-13 11:00:00,112.79345893396865
2026-11-13 12:00:00,111.04423438400583
2026-11-13 13:00:00,111.05841200848961
2026-11-13 14:00:00,111.44854074659477
2026-11-13 15:00:00,111.46887768043635
2026-11-13 16:00:00,110.6624197800445
2026-11-13 17:00:00,110.34603988505997
2026-11-13 18:00:00,109.36982618689483
2026-11-13 19:00:00,111.92101358703339
2026-11-13 20:00:00,112.31604270841531
2026-11-13 21:00:00,110.24119356271649
2026-11-13 22:00:00,109.23033756561813
2026-11-13 23:00:00,112.8763159560973
2026-11-14 00:00:00,110.98293709192063
2026-11-14 01:00:00,112.85759415487658
2026-11-14 02:00:00,109.78972534078376
2026-11-14 03:00:00,113.80469484337435
2026-11-14 04:00:00,115.39948171492054
2026-11-14 05:00:00,113.52288992253085
2026-11-14 06:00:00,111.22642285859192
2026-11-14 07:00:00,119.14976768656285
2026-11-14 08:00:00,113.33899227137748
2026-11-14 09:00:00,118.2709888143169
2026-11-14 10:00:00,112.19092144894633
2026-11-14 11:00:00,111.13227059993926
2026-11-14 12:00:00,115.8499340929715
2026-11-14 13:00:00,114.46579353873018
2026-11-14 14:00:00,114.34152243121011
2026-11-14 15:00:00,113.73283548846867
2026-11-14 16:00:00,110.71199304952489
2026-11-14 17:00:00,114.52430379631
2026-11-14 18:00:00,113.47100340246155
2026-11-14 19:00:00,111.6642539894767
2026-11-14 20:00:00,112.68787005508153
2026-11-14 21:00:00,109.95423364257881
2026-11-14 22:00:00,118.00374362171482
2026-11-14 23:00:00,112.44345292763387
2026-11-15 00:00:00,115.04759700390257
2026-11-15 01:00:00,113.55423723752745
2026-11-15 02:00:00,111.15736134859674
2026-11-15 03:00:00,119.74587888573788
2026-11-15 04:00:00,112.13425355193128
2026-11-15 05:00:00,114.16329987670022
2026-11-15 06:00:00,116.19125973568936
2026-11-15 07:00:00,114.13505089978015
2026-11-15 08:00:00,112.366625263965
2026-11-15 09:00:00,113.43948035688558
2026-11-15 10:00:00,118.09018120038584
2026-11-15 11:00:00,112.106833562705
2026-11-15 12:00:00,117.10625742263119
2026-11-15 13:00:00,112.63054758992077
2026-11-15 14:00:00,115.36784110071233
2026-11-15 15:00:00,113.76798017217409
2026-11-15 16:00:00,111.91998417545429
2026-11-15 17:00:00,112.219140337038
2026-11-15 18:00:00,106.75436728319185
2026-11-15 19:00:00,114.34832714666847
2026-11-15 20:00:00,114.93257945362804
2026-11-15 21:00:00,115.64940182220104
2026-11-15 22:00:00,107.7223959029721
2026-11-15 23:00:00,111.12103011639326
2026-11-16 00:00:00,116.60897488708923
2026-11-16 01:00:00,110.7727442820036
2026-11-16 02:00:00,111.18408534440289
2026-11-16 03:00:00,112.13338326117103
2026-11-16 04:00:00,115.04163766711508
2026-11-16 05:00:00,110.81402725293265
2026-11-16 06:00:00,113.37771580479217
2026-11-16 07:00:00,113.27949114904565
2026-11-16 08:00:00,115.55688101510532
2026-11-16 09:00:00,119.71092170637513
2026-11-16 10:00:00,113.2635777899064
2026-11-16 11:00:00,110.56450633386487
2026-11-16 12:00:00,114.56410263030668
2026-11-16 13:00:00,117.72494421880623
2026-11-16 14:00:00,108.16534363251219
2026-11-16 15:00:00,115.14216239847266
2026-11-16 16:00:00,109.76477149612475
2026-11-16 17:00:00,113.78783957488653
2026-11-16 18:00:00,107.06023497374802
2026-11-16 19:00:00,119.21898412763574
2026-11-16 20:00:00,112.77288556226534
2026-11-16 21:00:00,114.93796493341696
2026-11-16 22:00:00,113.31072678850641
2026-11-16 23:00:00,115.63696062581504
2026-11-17 00:00:00,116.35253124753326
2026-11-17 01:00:00,115.49684662426205
2026-11-17 02:00:00,114.62928255001881
2026-11-17 03:00:00,115.06603783863815
2026-11-17 04:00:00,117.11417143909519
2026-11-17 05:00:00,115.11548086393213
2026-11-17 06:00:00,115.40440800578824
2026-11-17 07:00:00,113.96896496423989
2026-11-17 08:00:00,114.14811574659032
2026-11-17 09:00:00,118.11531240301704
2026-11-17 10:00:00,116.71919596354876
2026-11-17 11:00:00,117.19373502715533
2026-11-17 12:00:00,113.12959973648603
2026-11-17 13:00:00,108.72639072565774
2026-11-17 14:00:00,115.78743193779633
2026-11-17 15:00:00,113.83387598655818
2026-11-17 16:00:00,114.0727691883599
2026-11-17 17:00:00,115.49585177729014
2026-11-17 18:00:00,115.58333073091083
2026-11-17 19:00:00,109.85145849465773
2026-11-17 20:00:00,114.64985249511813
2026-11-17 21:00:00,112.86508853049796
2026-11-17 22:00:00,112.70521119930991
2026-11-17 23:00:00,113.82742603786457
2026-11-18 00:00:00,110.50506125507471
2026-11-18 01:00:00,113.7103062482645
2026-11-18 02:00:00,110.35406790606369
2026-11-18 03:00:00,116.61150896987247
2026-11-18 04:00:00,115.70399050573675
2026-11-18 05:00:00,113.02664695002926
2026-11-18 06:00:00,115.6181014293907
2026-11-18 07:00:00,117.91858389015908
2026-11-18 08:00:00,113.58303285801246
2026-11-18 09:00:00,117.09438816572876
2026-11-18 10:00:00,116.92218083871445
2026-11-18 11:00:00,115.16228769425308
2026-11-18 12:00:00,115.00235157528483
2026-11-18 13:00:00,112.87921089882677
2026-11-18 14:00:00,111.71738691911253
2026-11-18 15:00:00,117.05634792374126
2026-11-18 16:00:00,114.68295639358259
2026-11-18 17:00:00,115.27915029366596
2026-11-18 18:00:00,116.9419480319966
2026-11-18 19:00:00,113.52938916116447
2026-11-18 20:00:00,115.8564489126914
2026-11-18 21:00:00,114.71383892489015
2026-11-18 22:00:00,112.97339731612456
2026-11-18 23:00:00,112.02256621862514
2026-11-19 00:00:00,110.35953363289867
2026-11-19 01:00:00,109.49292487823298
2026-11-19 02:00:00,115.86402067379478
2026-11-19 03:00:00,114.87846373942527
2026-11-19 04:00:00,112.03764650316546
2026-11-19 05:00:00,106.98348765895507
2026-11-19 06:00:00,117.19760902832775
2026-11-19 07:00:00,114.48530874341601
2026-11-19 08:00:00,114.18782417514576
2026-11-19 09:00:00,118.83684227054813
2026-11-19 10:00:00,113.33770357518209
2026-11-19 11:00:00,113.37484655378799
2026-11-19 12:00:00,111.924148582849
2026-11-19 13:00:00,114.37062290953541
2026-11-19 14:00:00,108.54555522686165
2026-11-19 15:00:00,114.39879957786621
2026-11-19 16:00:00,114.68156809874934
2026-11-19 17:00:00,116.40319034858388
2026-11-19 18:00:00,114.2375979386826
2026-11-19 19:00:00,117.28473669864151
2026-11-19 20:00:00,112.27585850231122
2026-11-19 21:00:00,111.52125958784532
2026-11-19 22:00:00,111.28551524272694
2026-11-19 23:00:00,110.37744734992836
2026-11-20 00:00:00,112.04326700484319
2026-11-20 01:00:00,112.44687052359244
2026-11-20 02:00:00,112.57838705454122
2026-11-20 03:00:00,111.30111575895212
2026-11-20 04:00:00,111.15242666696042
2026-11-20 05:00:00,112.01071220280687
2026-11-20 06:00:00,112.34981914652177
2026-11-20 07:00:00,112.70272748117743
2026-11-20 08:00:00,112.4592088177194
2026-11-20 09:00:00,112.12394270279606
2026-11-20 10:00:00,113.39332072852756
2026-11-20 11:00:00,113.81720915211054
2026-11-20 12:00:00,111.66228411426994
2026-11-20 13:00:00,114.04543747006642
2026-11-20 14:00:00,111.57256298128468
2026-11-20 15:00:00,113.12319711184917
2026-11-20 16:00:00,111.99848355360137
2026-11-20 17:00:00,111.49670083990927
2026-11-20 18:00:00,111.79920792903562
2026-11-20 19:00:00,112.3299423061784
2026-11-20 20:00:00,112.61482355080183
2026-11-20 21:00:00,109.47430222521751
2026-11-20 22:00:00,111.65639451811516
2026-11-20 23:00:00,110.88446258389126
2026-11-21 00:00:00,110.64088021579627
2026-11-21 01:00:00,108.22443879921661
2026-11-21 02:00:00,112.8699715388739
2026-11-21 03:00:00,115.03313370454454
2026-11-21 04:00:00,112.58041064835646
2026-11-21 05:00:00,113.4769789799677
2026-11-21 06:00:00,111.22384836963231
2026-11-21 07:00:00,116.49510296742682
2026-11-21 08:00:00,114.61619141031912
2026-11-21 09:00:00,115.87389544407222
2026-11-21 10:00:00,109.15113284229966
2026-11-21 11:00:00,112.49513105558995
2026-11-21 12:00:00,116.47803740206291
2026-11-21 13:00:00,111.58814921389424
2026-11-21 14:00:00,113.13810156727892
2026-11-21 15:00:00,113.96074724446471
2026-11-21 16:00:00,113.51840626645668
2026-11-21 17:00:00,119.07853622033653
2026-11-21 18:00:00,114.9564312995167
2026-11-21 19:00:00,111.58095368553109
2026-11-21 20:00:00,111.89673724074166
2026-11-21 21:00:00,111.18215154924533
2026-11-21 22:00:00,115.29890837332987
2026-11-21 23:00:00,111.7045203259447
2026-11-22 00:00:00,114.98849669449152
2026-11-22 01:00:00,113.49005908512542
2026-11-22 02:00:00,112.64939465040382
2026-11-22 03:00:00,120.73449123772195
2026-11-22 04:00:00,112.08441232412396
2026-11-22 05:00:00,114.7554697848914
2026-11-22 06:00:00,113.6018193517545
2026-11-22 07:00:00,111.50473342640369
2026-11-22 08:00:00,116.76719623654232
2026-11-22 09:00:00,114.95219593579672
2026-11-22 10:00:00,117.14650259384892
2026-11-22 11:00:00,113.8878727973401
2026-11-22 12:00:00,116.26158872477778
2026-11-22 13:00:00,113.83993175266605
2026-11-22 14:00:00,118.37810682623793
2026-11-22 15:00:00,111.94987520704873
2026-11-22 16:00:00,112.79422882893527
2026-11-22 17:00:00,111.54167026067694
2026-11-22 18:00:00,107.11790274669512
2026-11-22 19:00:00,116.4980218824511
2026-11-22 20:00:00,114.15391646358589
2026-11-22 21:00:00,115.48056226239581
2026-11-22 22:00:00,108.92646480113913
2026-11-22 23:00:00,111.40735614720266
2026-11-23 00:00:00,113.60822335749525
2026-11-23 01:00:00,111.86642687055088
2026-11-23 02:00:00,112.73238289318036
2026-11-23 03:00:00,114.50841237783612
2026-11-23 04:00:00,112.43966081303144
2026-11-23 05:00:00,109.50768484344646
2026-11-23 06:00:00,113.52849856710382
2026-11-23 07:00:00,114.32494825669846
2026-11-23 08:00:00,114.1676378865263
2026-11-23 09:00:00,117.32405648100496
2026-11-23 10:00:00,115.89073219942944
2026-11-23 11:00:00,113.86100404047973
2026-11-23 12:00:00,115.21051146281937
2026-11-23 13:00:00,119.04907838474557
2026-11-23 14:00:00,111.22120185055707
2026-11-23 15:00:00,113.16264289623906
2026-11-23 16:00:00,110.60621720766503
2026-11-23 17:00:00,113.90608069044141
2026-11-23 18:00:00,108.20545432584244
2026-11-23 19:00:00,119.02707319206746
2026-11-23 20:00:00,110.7643033432907
2026-11-23 21:00:00,113.75160541134265
2026-11-23 22:00:00,116.99786355490683
2026-11-23 23:00:00,115.69786277185415
2026-11-24 00:00:00,113.6301454158789
2026-11-24 01:00:00,112.11004934581794
2026-11-24 02:00:00,116.12559742541195
2026-11-24 03:00:00,115.09255202225648
2026-11-24 04:00:00,116.37301693712652
2026-11-24 05:00:00,113.47911855538547
2026-11-24 06:00:00,116.94328208850993
2026-11-24 07:00:00,112.84932362065388
2026-11-24 08:00:00,114.24333780979033
2026-11-24 09:00:00,116.63099690844581
2026-11-24 10:00:00,115.66655017713073
2026-11-24 11:00:00,116.68455981147366
2026-11-24 12:00:00,114.94759854572203
2026-11-24 13:00:00,109.25060075446196
2026-11-24 14:00:00,114.15377842991803
2026-11-24 15:00:00,112.95105184454312
2026-11-24 16:00:00,113.25145757909496
2026-11-24 17:00:00,115.46405722539478
2026-11-24 18:00:00,113.54899086532791
2026-11-24 19:00:00,112.03308538160161
2026-11-24 20:00:00,116.57384777083661
2026-11-24 21:00:00,112.8818434891601
2026-11-24 22:00:00,113.77520784131552
2026-11-24 23:00:00,112.72990650642303
2026-11-25 00:00:00,110.04995980189591
2026-11-25 01:00:00,111.9113176016832
2026-11-25 02:00:00,112.18624310464364
2026-11-25 03:00:00,115.88521651851966
2026-11-25 04:00:00,116.05225180201126
2026-11-25 05:00:00,111.85833900840498
2026-11-25 06:00:00,113.91491394623363
2026-11-25 07:00:00,113.7564163391887
2026-11-25 08:00:00,114.64874919666997
2026-11-25 09:00:00,119.29419275813963
2026-11-25 10:00:00,116.80864022932008
2026-11-25 11:00:00,113.73986080405305
2026-11-25 12:00:00,113.95912989881032
2026-11-25 13:00:00,115.03707866190484
2026-11-25 14:00:00,114.3542096895606
2026-11-25 15:00:00,117.7823000557103
2026-11-25 16:00:00,112.73198818072316
2026-11-25 17:00:00,115.3534397081632
2026-11-25 18:00:00,116.01744060613959
2026-11-25 19:00:00,115.72738941739132
2026-11-25 20:00:00,118.26161401807086
2026-11-25 21:00:00,115.26266730565236
2026-11-25 22:00:00,115.90612074519096
2026-11-25 23:00:00,111.6390992436982
2026-11-26 00:00:00,109.10987007097373
2026-11-26 01:00:00,107.31873411632938
2026-11-26 02:00:00,116.68634614177601
2026-11-26 03:00:00,111.97446494890406
2026-11-26 04:00:00,109.09517260161726
2026-11-26 05:00:00,110.3214594551589
2026-11-26 06:00:00,115.36564480179243
2026-11-26 07:00:00,112.12995266080998
2026-11-26 08:00:00,111.21256994156495
2026-11-26 09:00:00,116.23195278307082
2026-11-26 10:00:00,114.58285093058117
2026-11-26 11:00:00,113.3763944139476
2026-11-26 12:00:00,113.95603274599438
2026-11-26 13:00:00,114.9092545093306
2026-11-26 14:00:00,108.90208477365579
2026-11-26 15:00:00,116.24723231277889
2026-11-26 16:00:00,113.77168098194686
2026-11-26 17:00:00,112.43274561169474
2026-11-26 18:00:00,115.25575243873426
2026-11-26 19:00:00,118.81669727615976
2026-11-26 20:00:00,111.70716096883393
2026-11-26 21:00:00,111.5731638410444
2026-11-26 22:00:00,112.06294366808875
2026-11-26 23:00:00,113.59163517971055
2026-11-27 00:00:00,113.00498921898686
2026-11-27 01:00:00,112.19627477489578
2026-11-27 02:00:00,112.46574579559913
2026-11-27 03:00:00,112.30169415038677
2026-11-27 04:00:00,112.69106208741545
2026-11-27 05:00:00,112.59552079159579
2026-11-27 06:00:00,110.48540699844145
2026-11-27 07:00:00,111.27104717952773
2026-11-27 08:00:00,112.72984124815184
2026-11-27 09:00:00,111.51789328535085
2026-11-27 10:00:00,111.92532160371033
2026-11-27 11:00:00,110.93454798286345
2026-11-27 12:00:00,111.62290367035664
2026-11-27 13:00:00,111.26674427576938
2026-11-27 14:00:00,110.98198651635072
2026-11-27 15:00:00,110.69929907381916
2026-11-27 16:00:00,112.21096753666966
2026-11-27 17:00:00,111.96163634919046
2026-11-27 18:00:00,112.40244231245046
2026-11-27 19:00:00,109.23942265607023
2026-11-27 20:00:00,112.01401830023771
2026-11-27 21:00:00,110.40048375129852
2026-11-27 22:00:00,111.81926878443551
2026-11-27 23:00:00,111.40208332016425
2026-11-28 00:00:00,110.14765811247518
2026-11-28 01:00:00,111.13893812876151
2026-11-28 02:00:00,112.40990477761935
2026-11-28 03:00:00,114.39642670290127
2026-11-28 04:00:00,112.68117050354626
2026-11-28 05:00:00,113.03110875942215
2026-11-28 06:00:00,111.82080064664635
2026-11-28 07:00:00,116.76868699682932
2026-11-28 08:00:00,113.84642851953808
2026-11-28 09:00:00,115.91586271539441
2026-11-28 10:00:00,112.28000668995038
2026-11-28 11:00:00,110.02024536591337
2026-11-28 12:00:00,115.47598377332477
2026-11-28 13:00:00,110.78441754914047
2026-11-28 14:00:00,113.8200480857273
2026-11-28 15:00:00,116.565890912453
2026-11-28 16:00:00,110.44370987139823
2026-11-28 17:00:00,117.3411553915908
2026-11-28 18:00:00,111.70503012995977
2026-11-28 19:00:00,111.80255456234896
2026-11-28 20:00:00,115.09562337309913
2026-11-28 21:00:00,111.16464833650001
2026-11-28 22:00:00,115.35196952246167
2026-11-28 23:00:00,109.28491110984336
2026-11-29 00:00:00,118.23747106633733
2026-11-29 01:00:00,116.70610800959588
2026-11-29 02:00:00,112.72807432821693
2026-11-29 03:00:00,122.93350514161065
2026-11-29 04:00:00,109.09588669584309
2026-11-29 05:00:00,114.68394879176587
2026-11-29 06:00:00,114.94969994344471
2026-11-29 07:00:00,113.0957475940059
2026-11-29 08:00:00,115.36721646670033
2026-11-29 09:00:00,114.22028366199767
2026-11-29 10:00:00,120.01107309773349
2026-11-29 11:00:00,114.47999917770011
2026-11-29 12:00:00,116.8765792911292
2026-11-29 13:00:00,114.4257363338829
2026-11-29 14:00:00,119.04768883956876
2026-11-29 15:00:00,113.46740153200312
2026-11-29 16:00:00,110.60523632029691
2026-11-29 17:00:00,112.49634455607637
2026-11-29 18:00:00,107.25720894294761
2026-11-29 19:00:00,113.37763202239806
2026-11-29 20:00:00,113.799999321119
2026-11-29 21:00:00,116.36491923220872
2026-11-29 22:00:00,108.80351498280017
2026-11-29 23:00:00,109.87533365888635
2026-11-30 00:00:00,117.21953305240291
2026-11-30 01:00:00,110.99297724897195
2026-11-30 02:00:00,113.9897150298436
2026-11-30 03:00:00,112.76745092285348
2026-11-30 04:00:00,112.78212488967742
2026-11-30 05:00:00,112.07813030108699
2026-11-30 06:00:00,112.45530731179491
2026-11-30 07:00:00,112.07431252314201
2026-11-30 08:00:00,113.35977800492427
2026-11-30 09:00:00,118.37062683496713
2026-11-30 10:00:00,115.88097015956514
2026-11-30 11:00:00,115.73599222698306
2026-11-30 12:00:00,116.77459533789418
2026-11-30 13:00:00,117.904116017738
2026-11-30 14:00:00,109.97033116527638
2026-11-30 15:00:00,111.09870028018763
2026-11-30 16:00:00,110.46175134937087
2026-11-30 17:00:00,112.49227048355256
2026-11-30 18:00:00,107.09813410614414
2026-11-30 19:00:00,118.34685268477884
2026-11-30 20:00:00,113.14997518062721
2026-11-30 21:00:00,113.71259837272224
2026-11-30 22:00:00,113.85527774164262
2026-11-30 23:00:00,116.69693716150012
2026-12-01 00:00:00,118.95914484305585
2026-12-01 01:00:00,120.18246420023932
2026-12-01 02:00:00,118.86064185939694
2026-12-01 03:00:00,120.28159891813239
2026-12-01 04:00:00,120.79820849258441
2026-12-01 05:00:00,119.71961053083174
2026-12-01 06:00:00,124.94036585864833
2026-12-01 07:00:00,120.84547150189188
2026-12-01 08:00:00,119.87475506255205
2026-12-01 09:00:00,121.09658215347122
2026-12-01 10:00:00,123.61163904707448
2026-12-01 11:00:00,123.66369015036042
2026-12-01 12:00:00,118.77803926886631
2026-12-01 13:00:00,115.82336037487835
2026-12-01 14:00:00,120.04814305118161
2026-12-01 15:00:00,120.43713604123894
2026-12-01 16:00:00,119.3595614974867
2026-12-01 17:00:00,122.05837720506854
2026-12-01 18:00:00,120.57452263945342
2026-12-01 19:00:00,117.2046849725154
2026-12-01 20:00:00,121.81722584285741
2026-12-01 21:00:00,119.4949398753549
2026-12-01 22:00:00,119.56275719680454
2026-12-01 23:00:00,120.34667346639166
2026-12-02 00:00:00,116.84708829442874
2026-12-02 01:00:00,119.26598042057647
2026-12-02 02:00:00,119.46663742666799
2026-12-02 03:00:00,124.65885700924797
2026-12-02 04:00:00,122.33775729778031
2026-12-02 05:00:00,118.78321274196247
2026-12-02 06:00:00,121.20353183231998
2026-12-02 07:00:00,121.16744024370537
2026-12-02 08:00:00,120.90467766138849
2026-12-02 09:00:00,124.95817876117339
2026-12-02 10:00:00,121.60386049377344
2026-12-02 11:00:00,118.2423301281127
2026-12-02 12:00:00,117.70970598320646
2026-12-02 13:00:00,121.57113862043892
2026-12-02 14:00:00,119.08839036380378
2026-12-02 15:00:00,123.50900299803888
2026-12-02 16:00:00,118.96851677216574
2026-12-02 17:00:00,121.15986206515731
2026-12-02 18:00:00,122.2380787376058
2026-12-02 19:00:00,119.56686406175722
2026-12-02 20:00:00,125.20717282489622
2026-12-02 21:00:00,121.2772968177085
2026-12-02 22:00:00,118.94250943744899
2026-12-02 23:00:00,115.72887997719842
2026-12-03 00:00:00,115.77439253116647
2026-12-03 01:00:00,113.24206490553735
2026-12-03 02:00:00,122.70504464844957
2026-12-03 03:00:00,118.70593093653002
2026-12-03 04:00:00,117.38239920352558
2026-12-03 05:00:00,115.50946802142343
2026-12-03 06:00:00,122.16877967623282
2026-12-03 07:00:00,119.25979315310812
2026-12-03 08:00:00,117.35209522766307
2026-12-03 09:00:00,122.54519144725148
2026-12-03 10:00:00,118.21537783123132
2026-12-03 11:00:00,119.27891038776869
2026-12-03 12:00:00,118.85482641953992
2026-12-03 13:00:00,118.12542778052422
2026-12-03 14:00:00,113.33265557743994
2026-12-03 15:00:00,119.72530816465152
2026-12-03 16:00:00,120.06185987535804
2026-12-03 17:00:00,122.19662195878769
2026-12-03 18:00:00,121.57454529837958
2026-12-03 19:00:00,122.90567239993814
2026-12-03 20:00:00,116.2606724604722
2026-12-03 21:00:00,119.13919253322922
2026-12-03 22:00:00,117.90745113422403
2026-12-03 23:00:00,116.24969365550452
2026-12-04 00:00:00,117.05012920135005
2026-12-04 01:00:00,118.04605736646909
2026-12-04 02:00:00,117.78086078038537
2026-12-04 03:00:00,116.99128735343892
2026-12-04 04:00:00,117.4507261213387
2026-12-04 05:00:00,118.17399116980175
2026-12-04 06:00:00,117.8413799232644
2026-12-04 07:00:00,117.24757602764736
2026-12-04 08:00:00,117.44251294505186
2026-12-04 09:00:00,119.00372949714932
2026-12-04 10:00:00,117.31816795178527
2026-12-04 11:00:00,117.42304923907665
2026-12-04 12:00:00,119.33637732416156
2026-12-04 13:00:00,119.73104359622239
2026-12-04 14:00:00,115.68741607943008
2026-12-04 15:00:00,118.00400452976214
2026-12-04 16:00:00,118.1787218254023
2026-12-04 17:00:00,118.28991518489052
2026-12-04 18:00:00,119.48183572886425
2026-12-04 19:00:00,116.1923210178871
2026-12-04 20:00:00,118.41990680938056
2026-12-04 21:00:00,115.91070184728957
2026-12-04 22:00:00,118.13305718919969
2026-12-04 23:00:00,117.53308750526458
2026-12-05 00:00:00,116.44288650179256
2026-12-05 01:00:00,116.37749859780713
2026-12-05 02:00:00,116.19915297384789
2026-12-05 03:00:00,119.89614002948144
2026-12-05 04:00:00,119.24648995325938
2026-12-05 05:00:00,119.5611480266734
2026-12-05 06:00:00,117.41591177492377
2026-12-05 07:00:00,121.59176400308894
2026-12-05 08:00:00,119.99812375621752
2026-12-05 09:00:00,121.94016202603582
2026-12-05 10:00:00,117.55186793151843
2026-12-05 11:00:00,118.30125327914105
2026-12-05 12:00:00,122.30225209332464
2026-12-05 13:00:00,118.01661178993089
2026-12-05 14:00:00,118.30110322919629
2026-12-05 15:00:00,122.33643105913964
2026-12-05 16:00:00,118.2370901509068
2026-12-05 17:00:00,123.35603811073611
2026-12-05 18:00:00,120.45717596286877
2026-12-05 19:00:00,119.16688067992467
2026-12-05 20:00:00,118.66163559928111
2026-12-05 21:00:00,117.66164847041392
2026-12-05 22:00:00,123.71765040613997
2026-12-05 23:00:00,116.3332723384762
2026-12-06 00:00:00,121.30081602525848
2026-12-06 01:00:00,119.86312510756778
2026-12-06 02:00:00,117.40932660679961
2026-12-06 03:00:00,126.03213046573023
2026-12-06 04:00:00,117.7266502429311
2026-12-06 05:00:00,119.35326489917185
2026-12-06 06:00:00,121.05043521114706
2026-12-06 07:00:00,117.01848420774276
2026-12-06 08:00:00,119.80668568647278
2026-12-06 09:00:00,121.42680988818702
2026-12-06 10:00:00,124.40999899529595
2026-12-06 11:00:00,121.50286920265404
2026-12-06 12:00:00,122.08688522227662
2026-12-06 13:00:00,117.60786857150455
2026-12-06 14:00:00,123.76400316735862
2026-12-06 15:00:00,119.13584035375149
2026-12-06 16:00:00,120.39316338326756
2026-12-06 17:00:00,118.32292643789506
2026-12-06 18:00:00,112.06002418126117
2026-12-06 19:00:00,120.26735259077729
2026-12-06 20:00:00,121.18688893654829
2026-12-06 21:00:00,121.72444461608461
2026-12-06 22:00:00,114.72405655670798
2026-12-06 23:00:00,116.62650199740891
2026-12-07 00:00:00,121.68477288910903
2026-12-07 01:00:00,116.53865444585088
2026-12-07 02:00:00,115.74615501167071
2026-12-07 03:00:00,119.99175389218232
2026-12-07 04:00:00,121.01658295568427
2026-12-07 05:00:00,117.0778966076634
2026-12-07 06:00:00,120.62930895361941
2026-12-07 07:00:00,120.77843375340174
2026-12-07 08:00:00,120.16230961472893
2026-12-07 09:00:00,122.40422637692915
2026-12-07 10:00:00,119.78469216346708
2026-12-07 11:00:00,120.74038528620375
2026-12-07 12:00:00,120.44937673336466
2026-12-07 13:00:00,121.4418176818889
2026-12-07 14:00:00,113.91726351637979
2026-12-07 15:00:00,119.22953577125756
2026-12-07 16:00:00,116.14551859824265
2026-12-07 17:00:00,121.11915827291871
2026-12-07 18:00:00,114.4634173789502
2026-12-07 19:00:00,126.84574909324209
2026-12-07 20:00:00,116.5409253804236
2026-12-07 21:00:00,119.94309222992507
2026-12-07 22:00:00,120.44874068623452
2026-12-07 23:00:00,123.543724505249
2026-12-08 00:00:00,119.50240645091299
2026-12-08 01:00:00,120.28053158924516
2026-12-08 02:00:00,119.70506520712975
2026-12-08 03:00:00,121.90261566697372
2026-12-08 04:00:00,120.09943877233594
2026-12-08 05:00:00,118.87371938013949
2026-12-08 06:00:00,123.51586416564345
2026-12-08 07:00:00,119.27874468929998
2026-12-08 08:00:00,119.37582525403619
2026-12-08 09:00:00,122.97317819238438
2026-12-08 10:00:00,121.87956492924575
2026-12-08 11:00:00,123.16175267922803
2026-12-08 12:00:00,120.29915184886195
2026-12-08 13:00:00,117.45286202265453
2026-12-08 14:00:00,119.16394949311601
2026-12-08 15:00:00,121.18251311435213
2026-12-08 16:00:00,120.73816319906518
2026-12-08 17:00:00,121.64300335791421
2026-12-08 18:00:00,120.6237055389575
2026-12-08 19:00:00,117.27485596616941
2026-12-08 20:00:00,121.27554069992587
2026-12-08 21:00:00,119.84370692570059
2026-12-08 22:00:00,119.26691189857017
2026-12-08 23:00:00,119.99728192873593
2026-12-09 00:00:00,115.72875953301099
2026-12-09 01:00:00,121.63465252427655
2026-12-09 02:00:00,115.72865437327204
2026-12-09 03:00:00,120.85918459886231
2026-12-09 04:00:00,120.22968397527569
2026-12-09 05:00:00,119.84028865490711
2026-12-09 06:00:00,119.73677969184848
2026-12-09 07:00:00,122.28136279378523
2026-12-09 08:00:00,119.19291431686334
2026-12-09 09:00:00,121.08357532549712
2026-12-09 10:00:00,122.30421009266232
2026-12-09 11:00:00,123.76894672493205
2026-12-09 12:00:00,119.289359496606
2026-12-09 13:00:00,118.0144896038781
2026-12-09 14:00:00,118.01487644189338
2026-12-09 15:00:00,125.79097909150734
2026-12-09 16:00:00,120.05815375736445
2026-12-09 17:00:00,121.60895585610666
2026-12-09 18:00:00,123.01175992782709
2026-12-09 19:00:00,120.66925942787077
2026-12-09 20:00:00,124.2134190533829
2026-12-09 21:00:00,121.89794516441307
2026-12-09 22:00:00,119.18712124292422
2026-12-09 23:00:00,117.95680038497213
2026-12-10 00:00:00,116.26967706562907
2026-12-10 01:00:00,116.41590096361216
2026-12-10 02:00:00,122.96761898004189
2026-12-10 03:00:00,117.58577833924059
2026-12-10 04:00:00,117.24736680375773
2026-12-10 05:00:00,115.88084236929663
2026-12-10 06:00:00,122.49556118088861
2026-12-10 07:00:00,119.62674937803604
2026-12-10 08:00:00,117.66886430236356
2026-12-10 09:00:00,122.75731106304717
2026-12-10 10:00:00,117.23582954044676
2026-12-10 11:00:00,118.43368670080598
2026-12-10 12:00:00,119.4652431631587
2026-12-10 13:00:00,119.066782319697
2026-12-10 14:00:00,116.89419364864162
2026-12-10 15:00:00,120.32730474802
2026-12-10 16:00:00,119.43088382703722
2026-12-10 17:00:00,119.50533145595885
2026-12-10 18:00:00,120.3867009382266
2026-12-10 19:00:00,123.63132846432649
2026-12-10 20:00:00,116.9281712041794
2026-12-10 21:00:00,118.91422196702298
2026-12-10 22:00:00,119.77419311742204
2026-12-10 23:00:00,117.71137625335027
2026-12-11 00:00:00,117.70609440142083
2026-12-11 01:00:00,119.83347192342458
2026-12-11 02:00:00,117.85721392119603
2026-12-11 03:00:00,117.62410969165
2026-12-11 04:00:00,117.44647999777885
2026-12-11 05:00:00,117.07095423161411
2026-12-11 06:00:00,117.79587288957353
2026-12-11 07:00:00,116.69368840764413
2026-12-11 08:00:00,118.67260278269796
2026-12-11 09:00:00,120.67929826463373
2026-12-11 10:00:00,119.48012270511722
2026-12-11 11:00:00,118.00782883711068
2026-12-11 12:00:00,116.75334927272804
2026-12-11 13:00:00,116.46036788143202
2026-12-11 14:00:00,119.25253030460695
2026-12-11 15:00:00,118.11195033300521
2026-12-11 16:00:00,118.22823239266324
2026-12-11 17:00:00,116.24882618519696
2026-12-11 18:00:00,115.57685693031306
2026-12-11 19:00:00,116.32896697067407
2026-12-11 20:00:00,116.43762524198985
2026-12-11 21:00:00,117.81680983461999
2026-12-11 22:00:00,116.7076556280861
2026-12-11 23:00:00,116.60724098712322
2026-12-12 00:00:00,118.42513464304425
2026-12-12 01:00:00,116.53046250532773
2026-12-12 02:00:00,118.34987113202381
2026-12-12 03:00:00,120.86512632760112
2026-12-12 04:00:00,121.48941568943387
2026-12-12 05:00:00,117.2529076524356
2026-12-12 06:00:00,118.08075865190463
2026-12-12 07:00:00,122.4534726125815
2026-12-12 08:00:00,122.51040187623754
2026-12-12 09:00:00,121.50009468293138
2026-12-12 10:00:00,116.98104464595261
2026-12-12 11:00:00,116.94832509787662
2026-12-12 12:00:00,121.8972903073052
2026-12-12 13:00:00,117.5318226826533
2026-12-12 14:00:00,121.29942590636296
2026-12-12 15:00:00,122.09270111801976
2026-12-12 16:00:00,118.32168696070731
2026-12-12 17:00:00,125.28414164268575
2026-12-12 18:00:00,121.37088894842697
2026-12-12 19:00:00,117.76222361254497
2026-12-12 20:00:00,120.08329171541227
2026-12-12 21:00:00,116.18707181898645
2026-12-12 22:00:00,121.80460028861937
2026-12-12 23:00:00,115.7492496454169
2026-12-13 00:00:00,121.8946870276443
2026-12-13 01:00:00,120.50051110497542
2026-12-13 02:00:00,119.13293086257406
2026-12-13 03:00:00,126.69704321706593
2026-12-13 04:00:00,115.8024879809941
2026-12-13 05:00:00,119.2644897017319
2026-12-13 06:00:00,118.997289369364
2026-12-13 07:00:00,117.93959586711924
2026-12-13 08:00:00,118.97829359842792
2026-12-13 09:00:00,120.71233235611776
2026-12-13 10:00:00,124.3812431109317
2026-12-13 11:00:00,117.83227623441762
2026-12-13 12:00:00,125.10550092577435
2026-12-13 13:00:00,119.20985988963496
2026-12-13 14:00:00,125.89056076363693
2026-12-13 15:00:00,119.11658966182199
2026-12-13 16:00:00,119.91049576738735
2026-12-13 17:00:00,118.37993572671392
2026-12-13 18:00:00,113.27014155200894
2026-12-13 19:00:00,119.06283807104109
2026-12-13 20:00:00,120.34298067690061
2026-12-13 21:00:00,124.72634858031981
2026-12-13 22:00:00,116.17343659331301
2026-12-13 23:00:00,116.64144246047682
2026-12-14 00:00:00,121.39012019524748
2026-12-14 01:00:00,117.58411444977332
2026-12-14 02:00:00,118.93818633838899
2026-12-14 03:00:00,116.53884247961071
2026-12-14 04:00:00,120.99262529200584
2026-12-14 05:00:00,118.22876126918888
2026-12-14 06:00:00,120.02108002763384
2026-12-14 07:00:00,120.56703545956067
2026-12-14 08:00:00,121.78021353875255
2026-12-14 09:00:00,123.49709470783819
2026-12-14 10:00:00,118.52744407403843
2026-12-14 11:00:00,119.42324411982948
2026-12-14 12:00:00,120.69758919118617
2026-12-14 13:00:00,123.60065824064775
2026-12-14 14:00:00,115.29225888920728
2026-12-14 15:00:00,120.49796166396894
2026-12-14 16:00:00,114.57940890409806
2026-12-14 17:00:00,119.82831689303197
2026-12-14 18:00:00,112.90288907015668
2026-12-14 19:00:00,126.08261154766197
2026-12-14 20:00:00,115.0005899185499
2026-12-14 21:00:00,119.54380962857626
2026-12-14 22:00:00,120.95450200727744
2026-12-14 23:00:00,124.70366719569162
2026-12-15 00:00:00,122.72216511173802
2026-12-15 01:00:00,121.9947109188991
2026-12-15 02:00:00,119.81960531211625
2026-12-15 03:00:00,119.65486990131686
2026-12-15 04:00:00,121.12272467505261
2026-12-15 05:00:00,122.15850869719455
2026-12-15 06:00:00,123.72955059171734
2026-12-15 07:00:00,118.12900495864
2026-12-15 08:00:00,119.94842297838352
2026-12-15 09:00:00,121.07302498196812
2026-12-15 10:00:00,123.72249346480982
2026-12-15 11:00:00,119.78730894476783
2026-12-15 12:00:00,117.36438088356354
2026-12-15 13:00:00,115.89163344792469
2026-12-15 14:00:00,116.74846031993414
2026-12-15 15:00:00,119.9802325424601
2026-12-15 16:00:00,118.65826580725701
2026-12-15 17:00:00,119.98062786276986
2026-12-15 18:00:00,120.8828083820783
2026-12-15 19:00:00,118.95392316331527
2026-12-15 20:00:00,120.3461584212383
2026-12-15 21:00:00,121.50173051774716
2026-12-15 22:00:00,119.56786979022914
2026-12-15 23:00:00,119.12507495357998
2026-12-16 00:00:00,116.70531926705071
2026-12-16 01:00:00,120.17262920946037
2026-12-16 02:00:00,116.98896172292726
2026-12-16 03:00:00,120.90541141715525
2026-12-16 04:00:00,120.4574514888429
2026-12-16 05:00:00,120.92883892712145
2026-12-16 06:00:00,119.8548526814623
2026-12-16 07:00:00,121.00186599633886
2026-12-16 08:00:00,119.63617674953542
2026-12-16 09:00:00,122.95308375060918
2026-12-16 10:00:00,123.9005598555136
2026-12-16 11:00:00,119.39085831809874
2026-12-16 12:00:00,120.48385095172793
2026-12-16 13:00:00,120.49512989260032
2026-12-16 14:00:00,119.6339736075067
2026-12-16 15:00:00,123.55721228165827
2026-12-16 16:00:00,118.80015532427264
2026-12-16 17:00:00,118.50636240710206
2026-12-16 18:00:00,122.7328733918888
2026-12-16 19:00:00,119.85271715194561
2026-12-16 20:00:00,125.10632806299827
2026-12-16 21:00:00,119.79840387040916
2026-12-16 22:00:00,119.79209403088058
2026-12-16 23:00:00,116.0351351374677
2026-12-17 00:00:00,117.52049552764502
2026-12-17 01:00:00,112.5272990786404
2026-12-17 02:00:00,123.67974413645214
2026-12-17 03:00:00,120.37215515293457
2026-12-17 04:00:00,117.21195624609392
2026-12-17 05:00:00,113.60225706315634
2026-12-17 06:00:00,121.32772058853948
2026-12-17 07:00:00,120.47638701178182
2026-12-17 08:00:00,120.0229179591588
2026-12-17 09:00:00,123.83651558982156
2026-12-17 10:00:00,119.63585533288207
2026-12-17 11:00:00,121.05953952644614
2026-12-17 12:00:00,118.12315879039231
2026-12-17 13:00:00,121.13216676633186
2026-12-17 14:00:00,115.12064769537211
2026-12-17 15:00:00,117.83245816407567
2026-12-17 16:00:00,118.94403742609828
2026-12-17 17:00:00,121.70046443773175
2026-12-17 18:00:00,122.40450811755156
2026-12-17 19:00:00,119.9282054288146
2026-12-17 20:00:00,120.00220773280687
2026-12-17 21:00:00,117.3781658939919
2026-12-17 22:00:00,117.29342512825264
2026-12-17 23:00:00,118.48143418950394
2026-12-18 00:00:00,117.82931237229444
2026-12-18 01:00:00,118.2832395472463
2026-12-18 02:00:00,118.1865817918636
2026-12-18 03:00:00,117.87908377518522
2026-12-18 04:00:00,121.25618498570722
2026-12-18 05:00:00,119.04028238642739
2026-12-18 06:00:00,118.56138847906033
2026-12-18 07:00:00,118.03565882829582
2026-12-18 08:00:00,116.66743428830108
2026-12-18 09:00:00,117.12156799773291
2026-12-18 10:00:00,117.343226838401
2026-12-18 11:00:00,118.11328828682517
2026-12-18 12:00:00,118.58528813911045
2026-12-18 13:00:00,117.37318069336955
2026-12-18 14:00:00,117.08089098608643
2026-12-18 15:00:00,119.01581181953547
2026-12-18 16:00:00,117.60238402806635
2026-12-18 17:00:00,118.32715859559033
2026-12-18 18:00:00,115.343959481762
2026-12-18 19:00:00,115.9571852208561
2026-12-18 20:00:00,118.30448875458
2026-12-18 21:00:00,115.32546827120373
2026-12-18 22:00:00,116.78551708605127
2026-12-18 23:00:00,115.03202636374894
2026-12-19 00:00:00,114.60219160452579
2026-12-19 01:00:00,115.69707428264405
2026-12-19 02:00:00,118.68448871033468
2026-12-19 03:00:00,120.505096351035
2026-12-19 04:00:00,119.97385676834249
2026-12-19 05:00:00,117.49817833300507
2026-12-19 06:00:00,117.44774128018112
2026-12-19 07:00:00,124.1623725738881
2026-12-19 08:00:00,122.48157538264503
2026-12-19 09:00:00,123.07857897978764
2026-12-19 10:00:00,117.35232075520555
2026-12-19 11:00:00,116.51981101044862
2026-12-19 12:00:00,119.03139108088102
2026-12-19 13:00:00,117.8241291855336
2026-12-19 14:00:00,118.85245130511731
2026-12-19 15:00:00,119.99778736345738
2026-12-19 16:00:00,120.50574887016238
2026-12-19 17:00:00,125.48092503266241
2026-12-19 18:00:00,117.09010770622757
2026-12-19 19:00:00,117.8836428253425
2026-12-19 20:00:00,118.68634079657139
2026-12-19 21:00:00,116.57200322244256
2026-12-19 22:00:00,121.69688526284108
2026-12-19 23:00:00,116.72388011157446
2026-12-20 00:00:00,121.84564334748309
2026-12-20 01:00:00,121.60947271749026
2026-12-20 02:00:00,116.39278862959806
2026-12-20 03:00:00,126.44552788479217
2026-12-20 04:00:00,116.97743709165056
2026-12-20 05:00:00,121.24085963520511
2026-12-20 06:00:00,118.36012192961635
2026-12-20 07:00:00,117.71291886781313
2026-12-20 08:00:00,118.42245438486589
2026-12-20 09:00:00,121.13397076447899
2026-12-20 10:00:00,122.76662321051487
2026-12-20 11:00:00,119.0190511552155
2026-12-20 12:00:00,122.92982294079265
2026-12-20 13:00:00,120.67612601172202
2026-12-20 14:00:00,123.3757504567599
2026-12-20 15:00:00,118.78013286897863
2026-12-20 16:00:00,118.74295564907558
2026-12-20 17:00:00,117.06475239376167
2026-12-20 18:00:00,110.22520291289882
2026-12-20 19:00:00,120.06634807575544
2026-12-20 20:00:00,121.60195378628092
2026-12-20 21:00:00,123.41733643079922
2026-12-20 22:00:00,116.58726434575804
2026-12-20 23:00:00,116.27712072825089
2026-12-21 00:00:00,122.79265216936315
2026-12-21 01:00:00,117.84533940739571
2026-12-21 02:00:00,116.29405537133674
2026-12-21 03:00:00,118.77483311143817
2026-12-21 04:00:00,118.60418905550137
2026-12-21 05:00:00,119.69841559703859
2026-12-21 06:00:00,119.45548310563657
2026-12-21 07:00:00,118.71528508396162
2026-12-21 08:00:00,120.05095251196627
2026-12-21 09:00:00,121.62655956887812
2026-12-21 10:00:00,117.92164945474937
2026-12-21 11:00:00,118.26436770360937
2026-12-21 12:00:00,120.52365665751427
2026-12-21 13:00:00,121.05615423266036
2026-12-21 14:00:00,117.31520786685361
2026-12-21 15:00:00,119.93233373923725
2026-12-21 16:00:00,112.92955038590827
2026-12-21 17:00:00,118.76387868473645
2026-12-21 18:00:00,114.03110997200567
2026-12-21 19:00:00,126.71098291774858
2026-12-21 20:00:00,117.87874785450022
2026-12-21 21:00:00,117.09488342632238
2026-12-21 22:00:00,122.45914159728127
2026-12-21 23:00:00,122.38926648851267
2026-12-22 00:00:00,120.14297992009469
2026-12-22 01:00:00,122.74435049548512
2026-12-22 02:00:00,120.66940386921044
2026-12-22 03:00:00,120.92779728333261
2026-12-22 04:00:00,121.85491471923908
2026-12-22 05:00:00,119.55757357247894
2026-12-22 06:00:00,122.45249803164921
2026-12-22 07:00:00,120.07068465965237
2026-12-22 08:00:00,119.82837971031174
2026-12-22 09:00:00,121.15532998836144
2026-12-22 10:00:00,122.30324072290077
2026-12-22 11:00:00,123.91136034451391
2026-12-22 12:00:00,117.67589140468348
2026-12-22 13:00:00,113.68822563667811
2026-12-22 14:00:00,118.31651033847162
2026-12-22 15:00:00,121.60929911744242
2026-12-22 16:00:00,121.71813566521988
2026-12-22 17:00:00,119.1965280657224
2026-12-22 18:00:00,121.57692289556891
2026-12-22 19:00:00,119.38429044154026
2026-12-22 20:00:00,121.03934430398061
2026-12-22 21:00:00,121.79347179357448
2026-12-22 22:00:00,119.22411485075438
2026-12-22 23:00:00,115.58392630930211
2026-12-23 00:00:00,116.97408801986003
2026-12-23 01:00:00,117.866189758097
2026-12-23 02:00:00,116.72905327362304
2026-12-23 03:00:00,122.37706911462756
2026-12-23 04:00:00,121.20650500813605
2026-12-23 05:00:00,118.68773869861889
2026-12-23 06:00:00,120.85287235784608
2026-12-23 07:00:00,121.28999210246928
2026-12-23 08:00:00,118.73513271024711
2026-12-23 09:00:00,122.8616797313102
2026-12-23 10:00:00,124.1510447008566
2026-12-23 11:00:00,118.9649483308586
2026-12-23 12:00:00,122.02054353690531
2026-12-23 13:00:00,121.73959232828753
2026-12-23 14:00:00,119.12325402692323
2026-12-23 15:00:00,122.36412251452593
2026-12-23 16:00:00,120.52956044497324
2026-12-23 17:00:00,120.07245280071274
2026-12-23 18:00:00,124.30209627575839
2026-12-23 19:00:00,121.53320407875393
2026-12-23 20:00:00,124.1602175025555
2026-12-23 21:00:00,123.55091036898568
2026-12-23 22:00:00,120.34267725282844
2026-12-23 23:00:00,116.13401142730007
2026-12-24 00:00:00,116.18541006868533
2026-12-24 01:00:00,111.6517589770124
2026-12-24 02:00:00,122.31593108386579
2026-12-24 03:00:00,117.99721860700237
2026-12-24 04:00:00,116.84924742901858
2026-12-24 05:00:00,114.7376697023521
2026-12-24 06:00:00,124.21559522403793
2026-12-24 07:00:00,119.1184915617689
2026-12-24 08:00:00,117.82151520347257
2026-12-24 09:00:00,123.85730640037629
2026-12-24 10:00:00,118.76334837018999
2026-12-24 11:00:00,119.55023791531036
2026-12-24 12:00:00,117.12734407357092
2026-12-24 13:00:00,119.59550203503119
2026-12-24 14:00:00,115.16519556163206
2026-12-24 15:00:00,121.6630434309331
2026-12-24 16:00:00,120.97024688634427
2026-12-24 17:00:00,120.12451053088498
2026-12-24 18:00:00,121.9686073515754
2026-12-24 19:00:00,122.53350446587591
2026-12-24 20:00:00,117.08223852277939
2026-12-24 21:00:00,118.90396109337749
2026-12-24 22:00:00,118.56250829213326
2026-12-24 23:00:00,116.94815647862775
2026-12-25 00:00:00,118.30505934373119
2026-12-25 01:00:00,117.01225382059411
2026-12-25 02:00:00,119.8415420035319
2026-12-25 03:00:00,120.1517862982763
2026-12-25 04:00:00,119.23542691319277
2026-12-25 05:00:00,115.974073632986
2026-12-25 06:00:00,116.79124128988818
2026-12-25 07:00:00,117.85223707849121
2026-12-25 08:00:00,119.45285991178274
2026-12-25 09:00:00,118.33402220446669
2026-12-25 10:00:00,118.14336150006511
2026-12-25 11:00:00,117.15936770225
2026-12-25 12:00:00,116.9136776714047
2026-12-25 13:00:00,120.21567021885225
2026-12-25 14:00:00,118.85730186157004
2026-12-25 15:00:00,117.9105801886618
2026-12-25 16:00:00,119.1313947397206
2026-12-25 17:00:00,116.83069367834584
2026-12-25 18:00:00,116.36583083094048
2026-12-25 19:00:00,116.09292079618494
2026-12-25 20:00:00,117.10281418325263
2026-12-25 21:00:00,114.23893412523051
2026-12-25 22:00:00,116.03039027603721
2026-12-25 23:00:00,117.37665740873916
2026-12-26 00:00:00,116.05282015917005
2026-12-26 01:00:00,115.02677531016951
2026-12-26 02:00:00,118.64580819436173
2026-12-26 03:00:00,120.31306790775469
2026-12-26 04:00:00,121.95102957667217
2026-12-26 05:00:00,117.34143812972685
2026-12-26 06:00:00,117.67956343661086
2026-12-26 07:00:00,124.17624967326974
2026-12-26 08:00:00,120.0538546950645
2026-12-26 09:00:00,124.17564286429631
2026-12-26 10:00:00,117.32312321154934
2026-12-26 11:00:00,116.78808482619053
2026-12-26 12:00:00,120.01963972400571
2026-12-26 13:00:00,117.3160106859149
2026-12-26 14:00:00,119.39638663444155
2026-12-26 15:00:00,121.38420130242284
2026-12-26 16:00:00,117.26080635697078
2026-12-26 17:00:00,123.32843011740215
2026-12-26 18:00:00,119.79717544554144
2026-12-26 19:00:00,119.6418542653566
2026-12-26 20:00:00,119.86843255513419
2026-12-26 21:00:00,117.77876218893752
2026-12-26 22:00:00,120.65609125134708
2026-12-26 23:00:00,119.15192849763051
2026-12-27 00:00:00,121.8389406193408
2026-12-27 01:00:00,122.49149324450863
2026-12-27 02:00:00,119.9986079771567
2026-12-27 03:00:00,127.02239097210847
2026-12-27 04:00:00,119.70330643662933
2026-12-27 05:00:00,121.57654970391867
2026-12-27 06:00:00,118.72124547014243
2026-12-27 07:00:00,118.57547615106907
2026-12-27 08:00:00,119.08029529491127
2026-12-27 09:00:00,118.1676589727512
2026-12-27 10:00:00,123.05285828634709
2026-12-27 11:00:00,118.50895895073435
2026-12-27 12:00:00,122.46054126224749
2026-12-27 13:00:00,119.45238273036578
2026-12-27 14:00:00,124.081838578553
2026-12-27 15:00:00,119.23579253094363
2026-12-27 16:00:00,118.94557776817192
2026-12-27 17:00:00,119.27078056157724
2026-12-27 18:00:00,112.09118426302015
2026-12-27 19:00:00,119.31664866740999
2026-12-27 20:00:00,121.38827334062681
2026-12-27 21:00:00,121.95393861625263
2026-12-27 22:00:00,114.92165438115246
2026-12-27 23:00:00,114.87339717935743
2026-12-28 00:00:00,121.35980578567032
2026-12-28 01:00:00,116.47999897017061
2026-12-28 02:00:00,117.66560658078333
2026-12-28 03:00:00,117.35909225004734
2026-12-28 04:00:00,119.8617102311203
2026-12-28 05:00:00,117.80069052241348
2026-12-28 06:00:00,122.99632851213238
2026-12-28 07:00:00,117.81000073525381
2026-12-28 08:00:00,120.46056167394325
2026-12-28 09:00:00,121.01080027484078
2026-12-28 10:00:00,122.52037078703208
2026-12-28 11:00:00,118.24640752858444
2026-12-28 12:00:00,120.52531418397642
2026-12-28 13:00:00,123.27835887258328
2026-12-28 14:00:00,112.29350258321794
2026-12-28 15:00:00,120.43137825486346
2026-12-28 16:00:00,116.25642790283086
2026-12-28 17:00:00,121.63118333186844
2026-12-28 18:00:00,114.34802270317437
2026-12-28 19:00:00,124.04213454750543
2026-12-28 20:00:00,115.77486027418445
2026-12-28 21:00:00,117.49683852208541
2026-12-28 22:00:00,121.62690864426136
2026-12-28 23:00:00,124.29302483198543
2026-12-29 00:00:00,120.37107612727647
2026-12-29 01:00:00,121.50444814849526
2026-12-29 02:00:00,122.99652541577292
2026-12-29 03:00:00,121.12439031533474
2026-12-29 04:00:00,123.20616044790607
2026-12-29 05:00:00,121.11340511037001
2026-12-29 06:00:00,122.0825781613679
2026-12-29 07:00:00,120.40681562658035
2026-12-29 08:00:00,117.73600138684672
2026-12-29 09:00:00,122.78643584274079
2026-12-29 10:00:00,120.11278609769184
2026-12-29 11:00:00,123.06849587996325
2026-12-29 12:00:00,120.72586521038589
2026-12-29 13:00:00,117.02901414503806
2026-12-29 14:00:00,119.56138187663355
2026-12-29 15:00:00,119.50819310266836
2026-12-29 16:00:00,121.25745646598362
2026-12-29 17:00:00,120.74202047441707
2026-12-29 18:00:00,120.0076740355226
2026-12-29 19:00:00,116.79715550493431
2026-12-29 20:00:00,121.14994925606412
2026-12-29 21:00:00,122.16655550744228
2026-12-29 22:00:00,116.96882951101242
2026-12-29 23:00:00,119.62696217916792
2026-12-30 00:00:00,116.785300874987
2026-12-30 01:00:00,119.6053869477372
2026-12-30 02:00:00,117.40420519966769
2026-12-30 03:00:00,121.8169386604998
2026-12-30 04:00:00,121.7851413756456
2026-12-30 05:00:00,118.09280927938231
2026-12-30 06:00:00,118.73947905097035
2026-12-30 07:00:00,122.0002358996256
2026-12-30 08:00:00,119.59656512535048
2026-12-30 09:00:00,124.93861473856914
2026-12-30 10:00:00,121.48465227685392
2026-12-30 11:00:00,121.72531997473496
2026-12-30 12:00:00,119.27966979557138
2026-12-30 13:00:00,121.3406846243931
2026-12-30 14:00:00,118.90562637084952
2026-12-30 15:00:00,124.78943904232038
2026-12-30 16:00:00,120.99248442329838
2026-12-30 17:00:00,119.64214141268712
2026-12-30 18:00:00,123.1954971195109
2026-12-30 19:00:00,122.60858018519983
2026-12-30 20:00:00,124.37957540505384
2026-12-30 21:00:00,119.56547791738369
2026-12-30 22:00:00,120.35744653027132
2026-12-30 23:00:00,116.78958280826292
2026-12-31 00:00:00,115.37860657501535
2026-12-31 01:00:00,112.83387866855244
2026-12-31 02:00:00,124.11606897206809
2026-12-31 03:00:00,117.09399143022817
2026-12-31 04:00:00,119.3404321166246
2026-12-31 05:00:00,115.24411772851346
2026-12-31 06:00:00,121.61886036032574
2026-12-31 07:00:00,120.5374657278706
2026-12-31 08:00:00,118.23211476970448
2026-12-31 09:00:00,123.98151279193326
2026-12-31 10:00:00,119.2043744393264
2026-12-31 11:00:00,121.37508900968845
2026-12-31 12:00:00,119.14523255501294
2026-12-31 13:00:00,120.57150773273558
2026-12-31 14:00:00,116.31907981038435
2026-12-31 15:00:00,118.16919311461368
2026-12-31 16:00:00,121.02871605246376
2026-12-31 17:00:00,119.44106449022266
2026-12-31 18:00:00,119.80342658704012
2026-12-31 19:00:00,123.77515925432553
2026-12-31 20:00:00,117.3744181709901
2026-12-31 21:00:00,117.28615837830125
2026-12-31 22:00:00,116.7152407584135
2026-12-31 23:00:00,118.63876358928762
